timestamp,open,high,low,close,volume,quote_volume
2026-08-29 22:00:00,0.003648,0.0036506,0.0036448,0.0036453,36800422.0,134203.4945059
2026-08-29 22:01:00,0.0036452,0.0036452,0.0036433,0.0036443,6151772.0,22417.7779937
2026-08-29 22:02:00,0.0036443,0.0036533,0.0036443,0.0036503,41850379.0,152745.6122233
2026-08-29 22:03:00,0.0036504,0.0036512,0.0036457,0.0036469,20161986.0,73559.8321944
2026-08-29 22:04:00,0.0036469,0.0036506,0.0036457,0.0036467,15418396.0,56238.5913078
2026-08-29 22:05:00,0.0036467,0.0036467,0.0036446,0.0036455,4134355.0,15071.2941639
2026-08-29 22:06:00,0.0036455,0.0036504,0.0036453,0.0036496,18820006.0,68656.9237272
2026-08-29 22:07:00,0.0036495,0.0036503,0.0036468,0.00365,8818289.0,32172.6101745
2026-08-29 22:08:00,0.00365,0.0036512,0.0036499,0.0036503,6667392.0,24337.4532069
2026-08-29 22:09:00,0.0036503,0.003652,0.0036503,0.0036517,3153528.0,11513.4512419
2026-08-29 22:10:00,0.0036516,0.0036533,0.0036515,0.0036533,8474108.0,30949.1096432
2026-08-29 22:11:00,0.0036533,0.003654,0.0036504,0.0036521,10225248.0,37339.1258541
2026-08-29 22:12:00,0.0036521,0.0036537,0.003652,0.0036523,5351099.0,19546.8314229
2026-08-29 22:13:00,0.0036522,0.0036529,0.0036433,0.0036439,40523769.0,147826.1895097
2026-08-29 22:14:00,0.0036441,0.0036462,0.0036408,0.0036454,240712974.0,876816.7324145
2026-08-29 22:15:00,0.0036454,0.0036471,0.0036444,0.0036466,19252693.0,70193.5517711
2026-08-29 22:16:00,0.0036466,0.0036482,0.0036461,0.0036476,8644681.0,31531.5662237
2026-08-29 22:17:00,0.0036475,0.0036475,0.0036449,0.0036449,5630335.0,20529.3275094
2026-08-29 22:18:00,0.0036449,0.0036449,0.003642,0.0036425,20444029.0,74475.8392751
2026-08-29 22:19:00,0.0036429,0.0036439,0.0036422,0.0036422,5798762.0,21125.6307655
2026-08-29 22:20:00,0.0036422,0.0036424,0.0036411,0.0036419,2416527.0,8800.7554054
2026-08-29 22:21:00,0.0036419,0.0036433,0.0036411,0.0036411,3317365.0,12083.9771094
2026-08-29 22:22:00,0.0036411,0.0036431,0.0036401,0.0036431,15734361.0,57286.3587049
2026-08-29 22:23:00,0.0036431,0.0036442,0.0036426,0.0036429,5853013.0,21325.3838072
2026-08-29 22:24:00,0.0036429,0.0036439,0.0036424,0.003643,12448524.0,45349.0546633
2026-08-29 22:25:00,0.0036429,0.003643,0.003641,0.0036423,19481857.0,70940.3007693
2026-08-29 22:26:00,0.0036423,0.0036443,0.0036423,0.0036437,9618268.0,35043.7495285
2026-08-29 22:27:00,0.0036437,0.0036462,0.0036437,0.0036462,4142022.0,15095.3402272
2026-08-29 22:28:00,0.0036462,0.003647,0.0036439,0.0036467,10759383.0,39218.0324982
2026-08-29 22:29:00,0.0036466,0.0036469,0.0036448,0.0036458,10113936.0,36872.7174242
2026-08-29 22:30:00,0.0036458,0.00365,0.0036458,0.003648,19580473.0,71438.6017789
2026-08-29 22:31:00,0.003648,0.0036511,0.003648,0.0036511,4740103.0,17299.9564695
2026-08-29 22:32:00,0.003651,0.003651,0.00365,0.00365,2243087.0,8188.5853721
2026-08-29 22:33:00,0.0036501,0.0036512,0.0036492,0.0036492,7800962.0,28475.9354574
2026-08-29 22:34:00,0.0036492,0.0036492,0.0036491,0.0036491,978897.0,3572.0990426
2026-08-29 22:35:00,0.003649,0.0036496,0.003649,0.0036494,2503913.0,9137.4061324
2026-08-29 22:36:00,0.0036495,0.0036504,0.0036495,0.0036501,5241720.0,19132.3402135
2026-08-29 22:37:00,0.00365,0.00365,0.0036482,0.003649,7300113.0,26641.5711143
2026-08-29 22:38:00,0.0036491,0.0036502,0.0036491,0.00365,1322499.0,4826.5360726
2026-08-29 22:39:00,0.0036501,0.0036508,0.0036494,0.0036505,3784057.0,13812.154399
2026-08-29 22:40:00,0.0036505,0.0036509,0.0036503,0.0036508,1330877.0,4858.4095421
2026-08-29 22:41:00,0.0036508,0.0036523,0.0036508,0.0036519,28348244.0,103520.1107654
2026-08-29 22:42:00,0.003652,0.0036539,0.003652,0.003653,20526571.0,74985.5543831
2026-08-29 22:43:00,0.0036532,0.0036544,0.0036532,0.0036534,4017103.0,14677.6317122
2026-08-29 22:44:00,0.0036533,0.0036535,0.0036523,0.0036531,5198231.0,18988.6410281
2026-08-29 22:45:00,0.0036531,0.0036532,0.0036523,0.0036531,8797060.0,32134.6252594
2026-08-29 22:46:00,0.003653,0.003655,0.003653,0.003655,6591197.0,24082.7541401
2026-08-29 22:47:00,0.0036549,0.0036559,0.0036547,0.0036548,8956512.0,32737.5324883
2026-08-29 22:48:00,0.0036547,0.0036552,0.0036533,0.0036535,9035669.0,33022.9290123
2026-08-29 22:49:00,0.0036536,0.0036537,0.0036536,0.0036536,431611.0,1576.9345496
2026-08-29 22:50:00,0.0036536,0.0036552,0.0036536,0.003654,6303677.0,23035.899936
2026-08-29 22:51:00,0.0036539,0.0036539,0.0036534,0.0036535,519404.0,1897.7447868
2026-08-29 22:52:00,0.0036535,0.0036535,0.003653,0.003653,1558783.0,5694.7863826
2026-08-29 22:53:00,0.0036531,0.0036533,0.0036531,0.0036531,2069669.0,7560.8530789
2026-08-29 22:54:00,0.0036532,0.0036555,0.0036531,0.003655,5644765.0,20627.1420557
2026-08-29 22:55:00,0.0036549,0.0036555,0.003654,0.003655,3365448.0,12300.9540919
2026-08-29 22:56:00,0.003655,0.0036551,0.003654,0.0036541,1099816.0,4019.7684727
2026-08-29 22:57:00,0.0036541,0.0036555,0.003654,0.0036555,3242521.0,11850.1862065
2026-08-29 22:58:00,0.0036554,0.0036555,0.0036542,0.0036542,4347258.0,15888.8059829
2026-08-29 22:59:00,0.003654,0.0036541,0.0036526,0.0036526,2193054.0,8011.5759091
2026-08-29 23:00:00,0.0036527,0.0036535,0.0036526,0.0036534,3526014.0,12881.2260543
2026-08-29 23:01:00,0.0036534,0.003655,0.0036531,0.0036546,7603851.0,27785.5614708
2026-08-29 23:02:00,0.0036545,0.0036555,0.0036538,0.0036551,5309088.0,19404.9304682
2026-08-29 23:03:00,0.0036551,0.003657,0.003654,0.0036564,19943778.0,72905.2591924
2026-08-29 23:04:00,0.0036565,0.0036565,0.0036523,0.0036523,4536611.0,16580.2387883
2026-08-29 23:05:00,0.0036523,0.0036553,0.0036522,0.0036552,4006783.0,14639.0768636
2026-08-29 23:06:00,0.0036553,0.0036571,0.0036553,0.0036571,3540564.0,12945.5088506
2026-08-29 23:07:00,0.0036571,0.0036612,0.0036534,0.0036544,41270010.0,150944.4070278
2026-08-29 23:08:00,0.0036542,0.0036557,0.0036536,0.003655,5518615.0,20168.5216219
2026-08-29 23:09:00,0.003655,0.003656,0.0036549,0.0036556,3536270.0,12926.7286381
2026-08-29 23:10:00,0.0036557,0.0036601,0.003655,0.0036583,11450215.0,41886.2550666
2026-08-29 23:11:00,0.0036584,0.0036584,0.0036549,0.0036549,4890405.0,17883.9371148
2026-08-29 23:12:00,0.0036549,0.0036549,0.003652,0.003652,3585115.0,13097.8149336
2026-08-29 23:13:00,0.0036519,0.0036561,0.0036515,0.0036536,36583037.0,133675.8490858
2026-08-29 23:14:00,0.0036537,0.0036544,0.0036529,0.0036531,3049411.0,11141.3810351
2026-08-29 23:15:00,0.0036531,0.0036535,0.0036524,0.003653,3579933.0,13077.4852383
2026-08-29 23:16:00,0.003653,0.003656,0.0036529,0.0036559,6153648.0,22485.8138141
2026-08-29 23:17:00,0.0036559,0.0036599,0.0036558,0.0036592,57373174.0,209904.6586751
2026-08-29 23:18:00,0.0036591,0.0036599,0.0036569,0.0036575,83955281.0,307199.7504378
2026-08-29 23:19:00,0.0036576,0.0036591,0.0036576,0.0036591,5508688.0,20153.4571337
2026-08-29 23:20:00,0.0036591,0.0036597,0.0036561,0.0036568,10842448.0,39661.8629003
2026-08-29 23:21:00,0.0036569,0.0036569,0.0036557,0.0036568,3549191.0,12977.4433931
2026-08-29 23:22:00,0.0036568,0.0036577,0.0036561,0.0036561,15256322.0,55797.4562937
2026-08-29 23:23:00,0.003656,0.003656,0.0036542,0.0036542,4516789.0,16507.8730695
2026-08-29 23:24:00,0.0036543,0.003655,0.0036543,0.0036546,1747143.0,6385.0654885
2026-08-29 23:25:00,0.0036545,0.0036545,0.0036523,0.0036529,58723113.0,214572.5790246
2026-08-29 23:26:00,0.0036528,0.0036544,0.0036528,0.003653,4688451.0,17129.2193852
2026-08-29 23:27:00,0.003653,0.0036588,0.003653,0.0036566,36621628.0,133922.1118177
2026-08-29 23:28:00,0.0036566,0.0036566,0.0036552,0.0036561,1671329.0,6110.3030425
2026-08-29 23:29:00,0.0036562,0.0036592,0.0036562,0.0036575,10938082.0,40011.9378654
2026-08-29 23:30:00,0.0036576,0.0036596,0.0036575,0.003659,18435777.0,67450.6806368
2026-08-29 23:31:00,0.0036588,0.003659,0.0036572,0.0036572,3946287.0,14436.8844714
2026-08-29 23:32:00,0.0036572,0.0036579,0.0036567,0.0036571,3555960.0,13005.27944
2026-08-29 23:33:00,0.0036571,0.0036592,0.0036568,0.0036568,8862322.0,32420.0814759
2026-08-29 23:34:00,0.0036569,0.0036569,0.0036514,0.0036528,35841181.0,130958.8118067
2026-08-29 23:35:00,0.0036529,0.003654,0.0036524,0.0036531,6421179.0,23458.9674753
2026-08-29 23:36:00,0.0036534,0.0036567,0.0036534,0.0036558,6724458.0,24583.9932316
2026-08-29 23:37:00,0.003656,0.0036564,0.0036556,0.0036563,2509151.0,9173.2016421
2026-08-29 23:38:00,0.0036563,0.0036567,0.0036551,0.0036558,25599452.0,93590.315902
2026-08-29 23:39:00,0.0036558,0.0036565,0.0036548,0.0036557,3974738.0,14530.549039
2026-08-29 23:40:00,0.0036556,0.0036563,0.0036551,0.0036561,6570206.0,24020.2021765
2026-08-29 23:41:00,0.003656,0.003656,0.0036553,0.0036553,4332253.0,15837.2916094
2026-08-29 23:42:00,0.0036552,0.0036552,0.0036542,0.0036543,1430208.0,5227.2827494
2026-08-29 23:43:00,0.0036542,0.0036552,0.0036537,0.0036544,6058734.0,22140.0732994
2026-08-29 23:44:00,0.0036545,0.0036555,0.0036529,0.0036529,4186852.0,15300.4620945
2026-08-29 23:45:00,0.003653,0.0036545,0.003653,0.0036542,5464196.0,19964.819139
2026-08-29 23:46:00,0.0036543,0.0036563,0.0036543,0.0036563,6751240.0,24676.9850923
2026-08-29 23:47:00,0.0036563,0.0036567,0.0036547,0.0036566,4699000.0,17178.2663625
2026-08-29 23:48:00,0.0036565,0.0036599,0.0036565,0.0036591,11650371.0,42631.0526138
2026-08-29 23:49:00,0.0036591,0.0036606,0.0036591,0.0036602,5177882.0,18950.8592203
2026-08-29 23:50:00,0.0036603,0.0036603,0.0036578,0.0036582,4454141.0,16295.1666028
2026-08-29 23:51:00,0.0036583,0.0036637,0.0036583,0.0036607,39467337.0,144519.2161654
2026-08-29 23:52:00,0.0036607,0.0036611,0.0036568,0.0036576,4991865.0,18263.6668471
2026-08-29 23:53:00,0.0036577,0.0036587,0.0036573,0.0036574,5275913.0,19299.5602755
2026-08-29 23:54:00,0.0036575,0.0036577,0.003656,0.0036573,3022357.0,11052.7123517
2026-08-29 23:55:00,0.0036573,0.0036604,0.0036573,0.003659,32465842.0,118794.3699487
2026-08-29 23:56:00,0.0036589,0.0036589,0.0036577,0.0036577,3869854.0,14158.2266001
2026-08-29 23:57:00,0.0036578,0.003659,0.0036577,0.003659,3026147.0,11070.2627993
2026-08-29 23:58:00,0.003659,0.0036591,0.0036589,0.0036591,1010797.0,3698.5058095
2026-08-29 23:59:00,0.003659,0.0036592,0.0036572,0.0036579,10187331.0,37266.0590579
2026-08-30 00:00:00,0.003658,0.0036591,0.0036562,0.0036563,59418685.0,217325.9568783
2026-08-30 00:01:00,0.0036562,0.0036562,0.0036541,0.0036541,6054230.0,22129.8050683
2026-08-30 00:02:00,0.0036542,0.0036558,0.0036542,0.0036548,12026865.0,43960.7663814
2026-08-30 00:03:00,0.0036548,0.0036554,0.003654,0.003654,4223957.0,15438.004538
2026-08-30 00:04:00,0.003654,0.003654,0.0036513,0.0036517,8324613.0,30401.4264104
2026-08-30 00:05:00,0.0036521,0.0036529,0.0036509,0.0036516,11311336.0,41308.167969
2026-08-30 00:06:00,0.0036516,0.0036526,0.0036499,0.0036506,15019646.0,54835.0485578
2026-08-30 00:07:00,0.0036506,0.0036517,0.0036504,0.0036512,12155975.0,44381.8401297
2026-08-30 00:08:00,0.0036513,0.0036524,0.0036509,0.0036524,7327573.0,26756.7393035
2026-08-30 00:09:00,0.0036524,0.0036524,0.0036503,0.0036504,11596596.0,42341.2980329
2026-08-30 00:10:00,0.0036504,0.0036512,0.0036502,0.0036509,2551840.0,9315.5731823
2026-08-30 00:11:00,0.003651,0.0036541,0.0036495,0.0036538,20875425.0,76220.0931598
2026-08-30 00:12:00,0.0036537,0.0036537,0.003651,0.0036531,8545566.0,31209.2022388
2026-08-30 00:13:00,0.0036532,0.0036536,0.0036517,0.0036535,9524883.0,34789.1952616
2026-08-30 00:14:00,0.0036535,0.0036544,0.0036535,0.0036544,3978858.0,14537.5224296
2026-08-30 00:15:00,0.0036544,0.0036567,0.0036544,0.0036563,16663230.0,60912.8401658
2026-08-30 00:16:00,0.0036563,0.0036566,0.0036559,0.0036561,3621218.0,13239.5750771
2026-08-30 00:17:00,0.0036561,0.0036671,0.0036561,0.0036666,59093724.0,216464.9100852
2026-08-30 00:18:00,0.0036667,0.0036674,0.0036581,0.0036586,43707643.0,160102.5010961
2026-08-30 00:19:00,0.0036586,0.0036632,0.0036576,0.0036632,15512430.0,56770.3300551
2026-08-30 00:20:00,0.003663,0.003663,0.0036561,0.0036563,21345231.0,78085.414426
2026-08-30 00:21:00,0.003656,0.0036562,0.0036537,0.0036551,11773483.0,43026.8084724
2026-08-30 00:22:00,0.0036552,0.0036577,0.0036547,0.0036564,10165146.0,37161.4921655
2026-08-30 00:23:00,0.0036564,0.0036564,0.0036523,0.0036528,17857000.0,65250.216936
2026-08-30 00:24:00,0.0036529,0.0036532,0.0036524,0.0036532,10116797.0,36954.0777499
2026-08-30 00:25:00,0.003653,0.003653,0.0036522,0.0036522,3358039.0,12265.3992387
2026-08-30 00:26:00,0.0036522,0.0036525,0.0036519,0.003652,5733818.0,20941.8561691
2026-08-30 00:27:00,0.0036519,0.0036536,0.0036513,0.0036515,9865575.0,36033.2085661
2026-08-30 00:28:00,0.0036514,0.0036525,0.0036512,0.0036521,6027524.0,22011.0845148
2026-08-30 00:29:00,0.0036521,0.0036521,0.0036516,0.0036521,2838704.0,10366.6836937
2026-08-30 00:30:00,0.003652,0.0036537,0.0036502,0.0036504,19868691.0,72563.1269283
2026-08-30 00:31:00,0.0036505,0.0036544,0.0036501,0.0036544,13057803.0,47695.7882308
2026-08-30 00:32:00,0.0036544,0.0036544,0.0036519,0.0036532,5948307.0,21731.7005113
2026-08-30 00:33:00,0.0036532,0.0036532,0.0036513,0.0036516,8779661.0,32065.2997226
2026-08-30 00:34:00,0.0036515,0.0036522,0.0036504,0.0036515,3468482.0,12663.2047839
2026-08-30 00:35:00,0.0036515,0.0036538,0.0036497,0.0036538,8141622.0,29721.7958956
2026-08-30 00:36:00,0.0036537,0.003658,0.0036537,0.0036579,7629477.0,27891.2313455
2026-08-30 00:37:00,0.0036579,0.0036579,0.0036519,0.0036525,44001671.0,160823.4735249
2026-08-30 00:38:00,0.0036524,0.0036529,0.0036507,0.0036514,17985294.0,65673.5173833
2026-08-30 00:39:00,0.0036513,0.0036522,0.00365,0.003652,32599481.0,119017.7371752
2026-08-30 00:40:00,0.0036519,0.0036529,0.0036509,0.003652,22953845.0,83814.0932534
2026-08-30 00:41:00,0.003652,0.0036542,0.003652,0.0036525,4627193.0,16903.479117
2026-08-30 00:42:00,0.0036524,0.0036524,0.0036492,0.0036494,4696522.0,17147.7087216
2026-08-30 00:43:00,0.0036494,0.0036539,0.0036479,0.0036512,37213922.0,135858.2967651
2026-08-30 00:44:00,0.0036512,0.0036538,0.0036512,0.0036523,6191142.0,22611.9514627
2026-08-30 00:45:00,0.0036522,0.0036533,0.0036514,0.0036529,5016058.0,18320.7551402
2026-08-30 00:46:00,0.003653,0.0036551,0.003653,0.0036548,6561729.0,23976.8642405
2026-08-30 00:47:00,0.0036548,0.0036551,0.0036546,0.0036547,2847826.0,10408.2641588
2026-08-30 00:48:00,0.0036546,0.003656,0.0036535,0.0036553,6745703.0,24654.7108911
2026-08-30 00:49:00,0.0036552,0.0036579,0.0036552,0.0036578,4428353.0,16194.4348303
2026-08-30 00:50:00,0.0036579,0.0036595,0.0036554,0.0036557,71882391.0,262916.655332
2026-08-30 00:51:00,0.0036556,0.0036569,0.0036538,0.0036559,19031367.0,69564.2454813
2026-08-30 00:52:00,0.0036558,0.0036559,0.0036519,0.003654,7491783.0,27372.8749173
2026-08-30 00:53:00,0.003654,0.0036567,0.003654,0.003656,6704327.0,24511.0510234
2026-08-30 00:54:00,0.0036559,0.003656,0.0036539,0.0036559,11503776.0,42047.5308427
2026-08-30 00:55:00,0.0036559,0.003656,0.0036536,0.0036551,5672904.0,20731.2364061
2026-08-30 00:56:00,0.003655,0.0036552,0.0036528,0.003653,6849317.0,25026.5104583
2026-08-30 00:57:00,0.0036529,0.003654,0.0036529,0.0036535,2930121.0,10704.6483452
2026-08-30 00:58:00,0.0036535,0.003654,0.0036529,0.0036531,8300584.0,30325.1812701
2026-08-30 00:59:00,0.0036531,0.0036534,0.0036509,0.003651,7303210.0,26672.2471258
2026-08-30 01:00:00,0.0036509,0.0036526,0.0036506,0.0036514,15399251.0,56235.1009672
2026-08-30 01:01:00,0.0036514,0.0036515,0.0036493,0.0036497,4400091.0,16060.3472764
2026-08-30 01:02:00,0.0036498,0.0036506,0.0036481,0.0036506,9305038.0,33956.8360058
2026-08-30 01:03:00,0.0036505,0.0036518,0.0036505,0.0036515,5392185.0,19688.2907798
2026-08-30 01:04:00,0.0036515,0.0036526,0.0036514,0.0036521,2375406.0,8674.7951582
2026-08-30 01:05:00,0.003652,0.003652,0.0036511,0.0036511,3400442.0,12417.053242
2026-08-30 01:06:00,0.0036512,0.0036512,0.0036485,0.0036498,13166683.0,48054.3274985
2026-08-30 01:07:00,0.0036497,0.0036497,0.0036443,0.0036448,67031917.0,244501.2031331
2026-08-30 01:08:00,0.0036449,0.0036468,0.0036443,0.0036459,53563670.0,195248.1286723
2026-08-30 01:09:00,0.0036458,0.0036471,0.0036441,0.0036443,10722464.0,39090.5756368
2026-08-30 01:10:00,0.0036443,0.0036468,0.003644,0.0036463,14299894.0,52129.7156785
2026-08-30 01:11:00,0.0036464,0.0036479,0.0036445,0.0036445,11089612.0,40436.6751901
2026-08-30 01:12:00,0.0036445,0.0036445,0.0036429,0.0036431,25508329.0,92941.7807891
2026-08-30 01:13:00,0.0036432,0.0036432,0.0036361,0.0036404,126803917.0,461457.8378997
2026-08-30 01:14:00,0.0036405,0.0036412,0.0036389,0.0036401,42372357.0,154235.0635081
2026-08-30 01:15:00,0.0036401,0.0036416,0.00364,0.0036404,27807403.0,101234.2330216
2026-08-30 01:16:00,0.0036404,0.0036416,0.003636,0.0036397,50497681.0,183761.8604477
2026-08-30 01:17:00,0.0036397,0.0036398,0.0036319,0.0036355,92654352.0,336758.8740791
2026-08-30 01:18:00,0.0036356,0.0036365,0.0036332,0.0036352,46353189.0,168483.9961516
2026-08-30 01:19:00,0.0036353,0.0036405,0.0036353,0.00364,17162703.0,62435.6727791
2026-08-30 01:20:00,0.0036399,0.0036419,0.0036399,0.0036419,6919040.0,25193.3650757
2026-08-30 01:21:00,0.0036419,0.0036422,0.0036412,0.0036421,16534642.0,60217.2475373
2026-08-30 01:22:00,0.003642,0.003642,0.0036398,0.0036401,4482889.0,16319.8071104
2026-08-30 01:23:00,0.0036401,0.0036417,0.00364,0.0036416,10359616.0,37721.0192783
2026-08-30 01:24:00,0.0036416,0.0036421,0.003638,0.003638,23221701.0,84528.9652992
2026-08-30 01:25:00,0.003638,0.0036396,0.0036363,0.0036379,39927362.0,145219.9471983
2026-08-30 01:26:00,0.0036379,0.0036393,0.0036345,0.0036356,18276704.0,66460.8836524
2026-08-30 01:27:00,0.0036356,0.0036373,0.0036343,0.0036344,11414378.0,41501.4918921
2026-08-30 01:28:00,0.0036344,0.0036355,0.0036341,0.0036348,7376324.0,26811.0345893
2026-08-30 01:29:00,0.0036349,0.0036359,0.0036328,0.0036331,41472694.0,150693.7029419
2026-08-30 01:30:00,0.0036331,0.0036356,0.0036331,0.0036343,38704811.0,140675.2870298
2026-08-30 01:31:00,0.0036344,0.0036345,0.0036309,0.0036313,28180525.0,102347.1914971
2026-08-30 01:32:00,0.0036316,0.0036358,0.0036315,0.0036358,31115414.0,113082.7538461
2026-08-30 01:33:00,0.0036357,0.0036357,0.0036341,0.003635,2690807.0,9780.3375918
2026-08-30 01:34:00,0.0036349,0.003635,0.0036342,0.0036342,3285962.0,11943.1939528
2026-08-30 01:35:00,0.0036343,0.0036349,0.0036341,0.0036346,4895781.0,17793.314814
2026-08-30 01:36:00,0.0036346,0.0036349,0.0036342,0.0036349,3237435.0,11766.7632762
2026-08-30 01:37:00,0.003635,0.0036399,0.003635,0.0036399,30617342.0,111374.8352466
2026-08-30 01:38:00,0.0036399,0.0036409,0.0036365,0.0036374,34208158.0,124470.8731107
2026-08-30 01:39:00,0.0036374,0.0036405,0.0036374,0.00364,5052339.0,18388.8095583
2026-08-30 01:40:00,0.00364,0.0036404,0.0036398,0.0036398,3156351.0,11489.2455427
2026-08-30 01:41:00,0.0036398,0.0036403,0.0036397,0.00364,2393014.0,8710.4261083
2026-08-30 01:42:00,0.0036399,0.0036399,0.0036379,0.003638,7311664.0,26604.4586819
2026-08-30 01:43:00,0.0036379,0.0036392,0.0036377,0.0036385,5890492.0,21431.4441735
2026-08-30 01:44:00,0.0036385,0.0036393,0.0036373,0.0036374,6765243.0,24614.4358426
2026-08-30 01:45:00,0.0036374,0.003642,0.0036374,0.003642,27746190.0,101010.6821001
2026-08-30 01:46:00,0.0036419,0.0036421,0.0036396,0.00364,12964307.0,47195.6916392
2026-08-30 01:47:00,0.0036402,0.0036402,0.0036347,0.0036351,12130400.0,44114.3262187
2026-08-30 01:48:00,0.003635,0.0036357,0.0036348,0.0036357,3892047.0,14148.650199
2026-08-30 01:49:00,0.0036357,0.003637,0.0036355,0.0036369,4263605.0,15502.9831908
2026-08-30 01:50:00,0.0036369,0.003637,0.0036355,0.0036366,6566981.0,23879.2054417
2026-08-30 01:51:00,0.0036365,0.0036369,0.0036332,0.0036338,26484185.0,96253.3139271
2026-08-30 01:52:00,0.0036338,0.0036341,0.0036324,0.0036331,14862494.0,53994.1902114
2026-08-30 01:53:00,0.0036331,0.0036355,0.0036294,0.0036313,70497449.0,255979.1520052
2026-08-30 01:54:00,0.0036312,0.0036315,0.0036289,0.0036315,11625285.0,42201.1174552
2026-08-30 01:55:00,0.003631,0.0036314,0.0036291,0.0036294,10254825.0,37224.1253749
2026-08-30 01:56:00,0.0036295,0.0036295,0.0036279,0.0036289,8154593.0,29590.9554187
2026-08-30 01:57:00,0.0036288,0.0036296,0.003627,0.0036284,15691930.0,56930.3512249
2026-08-30 01:58:00,0.0036285,0.0036319,0.0036278,0.0036305,30457433.0,110564.0690554
2026-08-30 01:59:00,0.0036304,0.0036316,0.0036281,0.0036286,13385103.0,48582.5573433
2026-08-30 02:00:00,0.0036286,0.0036302,0.003627,0.003629,11932155.0,43296.0919655
2026-08-30 02:01:00,0.003629,0.003633,0.003629,0.003632,47392360.0,172106.6952228
2026-08-30 02:02:00,0.003632,0.0036357,0.003631,0.0036348,10396238.0,37771.1479086
2026-08-30 02:03:00,0.0036347,0.0036385,0.0036347,0.0036375,12862116.0,46783.8787624
2026-08-30 02:04:00,0.0036375,0.003639,0.0036375,0.0036376,11320087.0,41188.1469231
2026-08-30 02:05:00,0.0036376,0.0036386,0.0036362,0.0036383,17947547.0,65285.5720136
2026-08-30 02:06:00,0.0036383,0.0036386,0.0036324,0.0036324,34211195.0,124369.2990627
2026-08-30 02:07:00,0.0036325,0.0036338,0.0036325,0.0036334,2091899.0,7600.3248649
2026-08-30 02:08:00,0.0036334,0.0036349,0.0036333,0.0036347,2002405.0,7277.0793521
2026-08-30 02:09:00,0.0036346,0.0036359,0.0036332,0.0036358,6269464.0,22785.4033997
2026-08-30 02:10:00,0.0036359,0.0036365,0.0036339,0.0036339,4489124.0,16321.7699662
2026-08-30 02:11:00,0.003634,0.0036347,0.0036339,0.0036347,3786233.0,13760.0239429
2026-08-30 02:12:00,0.0036347,0.0036364,0.0036346,0.0036364,1956326.0,7112.1045704
2026-08-30 02:13:00,0.0036363,0.0036367,0.003635,0.0036357,3764782.0,13689.1782851
2026-08-30 02:14:00,0.0036357,0.0036377,0.0036356,0.0036375,5138016.0,18686.1893282
2026-08-30 02:15:00,0.0036375,0.0036382,0.0036348,0.0036358,11133326.0,40492.1366701
2026-08-30 02:16:00,0.0036358,0.0036397,0.0036358,0.0036394,12174625.0,44287.1196506
2026-08-30 02:17:00,0.0036394,0.0036399,0.0036368,0.0036371,4635565.0,16866.9609761
2026-08-30 02:18:00,0.003637,0.003637,0.0036351,0.0036354,2216862.0,8059.839482
2026-08-30 02:19:00,0.0036354,0.0036372,0.0036353,0.0036366,2426693.0,8824.799532
2026-08-30 02:20:00,0.0036366,0.0036386,0.0036366,0.0036386,4611792.0,16775.4206358
2026-08-30 02:21:00,0.0036386,0.0036401,0.0036382,0.0036399,5399532.0,19649.3756777
2026-08-30 02:22:00,0.0036399,0.0036413,0.0036388,0.0036388,18974355.0,69071.7137437
2026-08-30 02:23:00,0.0036388,0.003639,0.0036358,0.0036367,15764698.0,57340.6180116
2026-08-30 02:24:00,0.0036367,0.0036368,0.0036358,0.0036364,1287181.0,4680.5910552
2026-08-30 02:25:00,0.0036363,0.0036364,0.003634,0.0036347,6221368.0,22616.4605104
2026-08-30 02:26:00,0.0036347,0.0036353,0.0036341,0.0036342,1293703.0,4702.3865224
2026-08-30 02:27:00,0.0036342,0.0036358,0.0036341,0.0036355,21384807.0,77732.0741259
2026-08-30 02:28:00,0.0036357,0.0036397,0.0036357,0.0036391,18691748.0,68006.3832558
2026-08-30 02:29:00,0.0036392,0.0036416,0.0036375,0.0036379,42740114.0,155562.8234987
2026-08-30 02:30:00,0.003638,0.0036381,0.0036357,0.0036358,5000557.0,18187.2745407
2026-08-30 02:31:00,0.0036358,0.0036366,0.0036339,0.003634,6044577.0,21975.9164867
2026-08-30 02:32:00,0.0036339,0.0036343,0.0036334,0.0036335,5320039.0,19331.3153999
2026-08-30 02:33:00,0.0036334,0.0036337,0.0036331,0.0036336,2657355.0,9654.9628257
2026-08-30 02:34:00,0.0036336,0.0036357,0.0036323,0.0036353,19315522.0,70192.9151525
2026-08-30 02:35:00,0.0036353,0.0036354,0.0036341,0.0036353,6953204.0,25274.1154578
2026-08-30 02:36:00,0.0036353,0.003636,0.0036348,0.0036358,7655601.0,27834.0445635
2026-08-30 02:37:00,0.0036359,0.0036368,0.0036358,0.0036363,2899301.0,10542.8127669
2026-08-30 02:38:00,0.0036363,0.0036371,0.003636,0.0036365,3464168.0,12598.1796767
2026-08-30 02:39:00,0.0036365,0.0036379,0.0036365,0.0036379,2758018.0,10031.4679951
2026-08-30 02:40:00,0.0036379,0.0036415,0.0036378,0.0036409,14530741.0,52884.3185324
2026-08-30 02:41:00,0.0036409,0.0036428,0.003639,0.0036404,41638380.0,151622.2695375
2026-08-30 02:42:00,0.0036404,0.003641,0.0036393,0.0036404,4552776.0,16573.2758252
2026-08-30 02:43:00,0.0036404,0.003641,0.0036403,0.0036403,2860261.0,10413.5059106
2026-08-30 02:44:00,0.0036403,0.0036406,0.0036387,0.0036387,7319105.0,26642.7222861
2026-08-30 02:45:00,0.0036386,0.0036386,0.0036352,0.0036352,5109930.0,18585.9337874
2026-08-30 02:46:00,0.0036352,0.0036391,0.0036344,0.0036351,31564379.0,114797.5889034
2026-08-30 02:47:00,0.0036352,0.0036366,0.0036347,0.0036354,6949570.0,25265.2796304
2026-08-30 02:48:00,0.0036354,0.0036361,0.0036347,0.0036358,8362765.0,30402.3728871
2026-08-30 02:49:00,0.0036357,0.003638,0.0036357,0.0036379,1671242.0,6078.539152
2026-08-30 02:50:00,0.003638,0.0036408,0.0036366,0.0036404,21721213.0,79035.8032726
2026-08-30 02:51:00,0.0036404,0.0036415,0.0036401,0.0036415,3168566.0,11534.8797751
2026-08-30 02:52:00,0.0036415,0.003643,0.0036415,0.003643,6806994.0,24791.4447149
2026-08-30 02:53:00,0.0036431,0.0036451,0.0036411,0.0036421,26094494.0,95057.4259686
2026-08-30 02:54:00,0.0036421,0.0036425,0.0036412,0.0036423,9328286.0,33973.5962949
2026-08-30 02:55:00,0.0036423,0.0036427,0.003642,0.003642,6186886.0,22535.1399251
2026-08-30 02:56:00,0.003642,0.0036427,0.0036413,0.0036417,2444171.0,8902.1908747
2026-08-30 02:57:00,0.0036416,0.0036416,0.00364,0.0036403,4095024.0,14908.1444053
2026-08-30 02:58:00,0.0036403,0.0036403,0.0036401,0.0036401,352634.0,1283.6614811
2026-08-30 02:59:00,0.0036401,0.0036401,0.0036355,0.0036362,8365219.0,30425.4755081
2026-08-30 03:00:00,0.0036362,0.0036364,0.0036348,0.0036351,5922618.0,21534.5647397
2026-08-30 03:01:00,0.0036351,0.0036382,0.0036331,0.0036378,23500573.0,85430.6990443
2026-08-30 03:02:00,0.0036378,0.0036391,0.003636,0.0036361,3359359.0,12220.7969762
2026-08-30 03:03:00,0.0036361,0.0036361,0.003634,0.0036345,2579291.0,9375.344432
2026-08-30 03:04:00,0.0036346,0.0036346,0.0036324,0.0036331,4748800.0,17252.7205232
2026-08-30 03:05:00,0.003633,0.0036342,0.0036328,0.0036337,10293289.0,37401.7044295
2026-08-30 03:06:00,0.0036337,0.0036339,0.0036325,0.0036326,2005465.0,7285.806857
2026-08-30 03:07:00,0.0036325,0.0036335,0.0036321,0.0036321,9443344.0,34307.2935045
2026-08-30 03:08:00,0.0036322,0.0036339,0.0036322,0.0036337,3390712.0,12318.8266238
2026-08-30 03:09:00,0.0036337,0.0036337,0.0036336,0.0036337,351557.0,1277.4193053
2026-08-30 03:10:00,0.0036337,0.003635,0.0036336,0.0036341,3654393.0,13280.4751849
2026-08-30 03:11:00,0.0036342,0.003635,0.003633,0.0036331,4210603.0,15300.8354666
2026-08-30 03:12:00,0.0036331,0.003634,0.003633,0.0036333,7133158.0,25918.655805
2026-08-30 03:13:00,0.0036332,0.0036347,0.0036332,0.0036347,1850120.0,6722.5575252
2026-08-30 03:14:00,0.0036348,0.0036354,0.0036337,0.0036338,1739097.0,6320.6913293
2026-08-30 03:15:00,0.0036338,0.0036359,0.0036338,0.0036349,6120923.0,22251.2459917
2026-08-30 03:16:00,0.0036348,0.0036348,0.0036329,0.0036335,4247547.0,15433.068131
2026-08-30 03:17:00,0.0036336,0.0036355,0.0036336,0.0036351,4933226.0,17931.2893861
2026-08-30 03:18:00,0.0036351,0.0036392,0.0036351,0.0036386,8317642.0,30251.9653767
2026-08-30 03:19:00,0.0036387,0.0036405,0.0036387,0.0036395,4856117.0,17675.005501
2026-08-30 03:20:00,0.0036396,0.0036405,0.0036368,0.003637,14979500.0,54504.4572971
2026-08-30 03:21:00,0.003637,0.003637,0.0036362,0.0036364,1538412.0,5594.6596985
2026-08-30 03:22:00,0.0036365,0.0036365,0.003636,0.003636,227081.0,825.7360234
2026-08-30 03:23:00,0.003636,0.0036364,0.0036334,0.0036364,12146762.0,44149.6667684
2026-08-30 03:24:00,0.0036364,0.0036381,0.0036364,0.0036381,1062454.0,3864.5459232
2026-08-30 03:25:00,0.0036381,0.0036387,0.0036378,0.0036378,2650812.0,9644.5683858
2026-08-30 03:26:00,0.0036378,0.0036379,0.0036378,0.0036379,506388.0,1842.1574025
2026-08-30 03:27:00,0.0036378,0.00364,0.0036378,0.0036398,3725589.0,13557.9635862
2026-08-30 03:28:00,0.0036398,0.0036408,0.0036396,0.0036405,1966172.0,7157.1427296
2026-08-30 03:29:00,0.0036406,0.0036423,0.0036406,0.0036417,6185394.0,22525.7134714
2026-08-30 03:30:00,0.0036417,0.0036424,0.0036374,0.0036393,32734617.0,119126.0966854
2026-08-30 03:31:00,0.0036393,0.0036407,0.0036392,0.0036403,4508137.0,16409.8820223
2026-08-30 03:32:00,0.0036404,0.0036436,0.0036398,0.0036436,8507718.0,30980.3513055
2026-08-30 03:33:00,0.0036435,0.0036454,0.0036435,0.0036439,7732312.0,28178.7189547
2026-08-30 03:34:00,0.0036438,0.0036468,0.0036438,0.0036465,8994380.0,32789.0528026
2026-08-30 03:35:00,0.0036464,0.0036464,0.0036445,0.0036445,4812140.0,17541.8842841
2026-08-30 03:36:00,0.0036446,0.0036446,0.0036427,0.003643,6040379.0,22007.4151332
2026-08-30 03:37:00,0.003643,0.003643,0.0036414,0.0036417,4674180.0,17023.9928371
2026-08-30 03:38:00,0.0036417,0.003642,0.0036414,0.0036415,1555547.0,5664.7184446
2026-08-30 03:39:00,0.0036414,0.003642,0.0036414,0.0036418,1453094.0,5291.7256126
2026-08-30 03:40:00,0.0036417,0.0036422,0.0036408,0.0036408,3255492.0,11855.5155264
2026-08-30 03:41:00,0.0036408,0.0036456,0.0036408,0.0036454,19360893.0,70542.2848601
2026-08-30 03:42:00,0.0036453,0.0036455,0.0036431,0.0036431,4950952.0,18044.8898055
2026-08-30 03:43:00,0.0036431,0.0036441,0.0036429,0.003644,3156748.0,11500.8337336
2026-08-30 03:44:00,0.003644,0.003644,0.0036412,0.0036422,4310440.0,15699.8861516
2026-08-30 03:45:00,0.0036421,0.0036421,0.0036398,0.0036398,4985060.0,18148.6301665
2026-08-30 03:46:00,0.0036398,0.0036399,0.0036392,0.0036395,2253034.0,8200.1091632
2026-08-30 03:47:00,0.0036395,0.0036395,0.003638,0.0036386,4095922.0,14902.7412469
2026-08-30 03:48:00,0.0036385,0.0036385,0.0036346,0.0036347,10149870.0,36912.2321829
2026-08-30 03:49:00,0.0036347,0.0036347,0.0036336,0.0036346,4331116.0,15739.2223658
2026-08-30 03:50:00,0.0036345,0.0036345,0.003632,0.0036327,5272184.0,19153.2255539
2026-08-30 03:51:00,0.0036326,0.0036326,0.003631,0.0036312,7122560.0,25867.295256
2026-08-30 03:52:00,0.0036312,0.0036321,0.003631,0.003632,5229224.0,18988.5014461
2026-08-30 03:53:00,0.0036321,0.0036322,0.0036311,0.0036317,10207290.0,37069.2747284
2026-08-30 03:54:00,0.0036316,0.0036324,0.0036314,0.0036314,2824361.0,10257.7989426
2026-08-30 03:55:00,0.0036314,0.0036327,0.0036314,0.0036314,4242212.0,15407.1170208
2026-08-30 03:56:00,0.0036316,0.003633,0.0036304,0.0036309,5684428.0,20640.8240182
2026-08-30 03:57:00,0.0036309,0.0036309,0.0036306,0.0036309,1869485.0,6787.6126109
2026-08-30 03:58:00,0.0036309,0.0036314,0.0036293,0.0036311,5283523.0,19180.5135976
2026-08-30 03:59:00,0.0036311,0.0036324,0.0036311,0.0036324,1961335.0,7123.0382886
2026-08-30 04:00:00,0.0036324,0.0036324,0.003631,0.0036314,4404044.0,15993.3409504
2026-08-30 04:01:00,0.0036315,0.0036322,0.0036307,0.0036312,7587796.0,27552.9587346
2026-08-30 04:02:00,0.0036313,0.0036354,0.0036309,0.0036354,11506481.0,41799.2324268
2026-08-30 04:03:00,0.0036353,0.003639,0.0036353,0.0036379,7348216.0,26724.9094139
2026-08-30 04:04:00,0.0036378,0.0036396,0.0036378,0.0036393,3830320.0,13937.414777
2026-08-30 04:05:00,0.0036394,0.0036395,0.0036383,0.0036386,1026764.0,3736.4809537
2026-08-30 04:06:00,0.0036386,0.0036387,0.003634,0.0036341,12728526.0,46286.7379573
2026-08-30 04:07:00,0.0036342,0.0036342,0.0036329,0.0036332,1880593.0,6833.0408655
2026-08-30 04:08:00,0.0036331,0.0036331,0.003632,0.003632,7797792.0,28324.0279237
2026-08-30 04:09:00,0.0036322,0.003633,0.0036312,0.0036322,11780362.0,42782.9805564
2026-08-30 04:10:00,0.0036322,0.0036339,0.0036322,0.0036334,5056194.0,18369.7602451
2026-08-30 04:11:00,0.0036334,0.003635,0.0036334,0.0036343,3153387.0,11460.1557881
2026-08-30 04:12:00,0.0036343,0.0036347,0.0036335,0.0036343,1963417.0,7134.936334
2026-08-30 04:13:00,0.0036344,0.0036346,0.0036337,0.0036338,1297463.0,4715.4186978
2026-08-30 04:14:00,0.0036337,0.0036352,0.0036336,0.0036352,3239255.0,11770.8385306
2026-08-30 04:15:00,0.0036352,0.0036361,0.0036352,0.0036355,3631207.0,13202.357675
2026-08-30 04:16:00,0.0036357,0.0036395,0.0036356,0.0036361,14218739.0,51714.2432688
2026-08-30 04:17:00,0.0036362,0.0036369,0.0036356,0.0036357,1747384.0,6353.7952062
2026-08-30 04:18:00,0.0036356,0.003638,0.0036341,0.0036375,19452768.0,70726.1098497
2026-08-30 04:19:00,0.0036375,0.0036398,0.0036346,0.0036351,29735961.0,108137.8912764
2026-08-30 04:20:00,0.003635,0.0036369,0.0036347,0.0036369,3921334.0,14257.0036093
2026-08-30 04:21:00,0.0036368,0.0036368,0.0036331,0.0036331,11238963.0,40858.1260326
2026-08-30 04:22:00,0.0036331,0.0036359,0.0036331,0.0036349,12331234.0,44823.0236168
2026-08-30 04:23:00,0.003635,0.0036352,0.0036348,0.0036349,1076460.0,3912.9428846
2026-08-30 04:24:00,0.0036348,0.0036354,0.003633,0.0036354,9394239.0,34140.444789
2026-08-30 04:25:00,0.0036355,0.0036381,0.0036355,0.003637,4468272.0,16250.7140837
2026-08-30 04:26:00,0.0036369,0.0036383,0.0036368,0.0036382,4414209.0,16055.563806
2026-08-30 04:27:00,0.0036383,0.0036401,0.0036382,0.00364,9706855.0,35328.6560728
2026-08-30 04:28:00,0.0036397,0.0036401,0.0036394,0.0036401,753682.0,2743.1256263
2026-08-30 04:29:00,0.00364,0.0036406,0.0036381,0.0036382,7883966.0,28692.5918487
2026-08-30 04:30:00,0.0036381,0.0036381,0.0036363,0.0036363,4389389.0,15965.5472683
2026-08-30 04:31:00,0.0036363,0.0036363,0.0036349,0.0036349,1725580.0,6273.516608
2026-08-30 04:32:00,0.003635,0.0036353,0.0036349,0.0036353,1572612.0,5716.5171677
2026-08-30 04:33:00,0.0036353,0.0036354,0.0036352,0.0036353,532927.0,1937.3296358
2026-08-30 04:34:00,0.0036353,0.0036353,0.003633,0.0036331,6731372.0,24466.5181017
2026-08-30 04:35:00,0.0036331,0.0036331,0.0036327,0.0036329,1255762.0,4562.0775139
2026-08-30 04:36:00,0.0036329,0.0036348,0.0036309,0.0036326,22329397.0,81122.2478337
2026-08-30 04:37:00,0.0036326,0.003635,0.0036322,0.0036337,3996632.0,14522.3192079
2026-08-30 04:38:00,0.0036337,0.0036337,0.0036318,0.0036324,13895416.0,50475.413905
2026-08-30 04:39:00,0.0036323,0.0036323,0.0036295,0.0036297,6217075.0,22571.5293797
2026-08-30 04:40:00,0.0036298,0.0036322,0.0036296,0.0036321,3594685.0,13052.9467565
2026-08-30 04:41:00,0.0036318,0.0036322,0.0036313,0.0036321,4872865.0,17697.1673838
2026-08-30 04:42:00,0.0036321,0.0036326,0.0036304,0.0036315,5058784.0,18371.1070811
2026-08-30 04:43:00,0.0036315,0.003634,0.0036315,0.003634,2174489.0,7899.8439634
2026-08-30 04:44:00,0.003634,0.0036341,0.0036296,0.0036299,21882999.0,79467.9252198
2026-08-30 04:45:00,0.0036298,0.0036298,0.0036278,0.0036288,17891898.0,64928.0255568
2026-08-30 04:46:00,0.0036287,0.0036293,0.0036275,0.0036291,5573089.0,20221.9139512
2026-08-30 04:47:00,0.0036289,0.003629,0.0036217,0.0036239,48022007.0,174023.2966403
2026-08-30 04:48:00,0.003624,0.0036272,0.0036229,0.0036271,14398148.0,52180.3038159
2026-08-30 04:49:00,0.0036271,0.0036271,0.0036252,0.0036253,7119085.0,25814.2205542
2026-08-30 04:50:00,0.0036252,0.0036287,0.0036252,0.0036271,5176388.0,18776.6600068
2026-08-30 04:51:00,0.0036271,0.0036304,0.0036271,0.0036304,6392599.0,23198.1328474
2026-08-30 04:52:00,0.0036302,0.0036304,0.0036293,0.0036297,2261257.0,8208.0699613
2026-08-30 04:53:00,0.0036296,0.0036297,0.0036292,0.0036293,1249511.0,4535.2869264
2026-08-30 04:54:00,0.0036293,0.0036339,0.0036292,0.0036323,32560799.0,118264.7212362
2026-08-30 04:55:00,0.0036323,0.0036347,0.0036322,0.0036347,4116885.0,14958.981455
2026-08-30 04:56:00,0.0036347,0.0036354,0.0036343,0.0036347,5930474.0,21555.7247024
2026-08-30 04:57:00,0.0036347,0.003636,0.0036345,0.0036359,2174596.0,7905.0763247
2026-08-30 04:58:00,0.0036357,0.0036358,0.0036349,0.0036353,7219342.0,26246.4060645
2026-08-30 04:59:00,0.0036352,0.003639,0.0036351,0.0036386,10193364.0,37072.6871422
2026-08-30 05:00:00,0.0036386,0.0036387,0.0036367,0.0036377,7982063.0,29034.7421477
2026-08-30 05:01:00,0.0036377,0.0036403,0.0036377,0.0036403,12948182.0,47122.8984126
2026-08-30 05:02:00,0.0036404,0.0036438,0.0036396,0.0036437,25752611.0,93756.6973107
2026-08-30 05:03:00,0.0036434,0.0036454,0.0036431,0.0036454,33630429.0,122561.7253346
2026-08-30 05:04:00,0.0036454,0.0036496,0.0036454,0.0036496,13780530.0,50260.5934602
2026-08-30 05:05:00,0.0036497,0.0036539,0.0036457,0.0036481,75849129.0,276769.9815868
2026-08-30 05:06:00,0.003648,0.0036503,0.0036477,0.0036477,11088115.0,40461.6053546
2026-08-30 05:07:00,0.0036477,0.0036512,0.003647,0.0036511,17434868.0,63633.4866456
2026-08-30 05:08:00,0.0036512,0.0036521,0.00365,0.0036501,15029520.0,54877.9991314
2026-08-30 05:09:00,0.00365,0.0036508,0.00365,0.0036501,4299388.0,15695.3303673
2026-08-30 05:10:00,0.0036501,0.0036501,0.0036467,0.0036485,21953791.0,80102.4474459
2026-08-30 05:11:00,0.0036486,0.003649,0.0036475,0.0036478,17089560.0,62347.6495295
2026-08-30 05:12:00,0.0036478,0.0036482,0.0036475,0.0036475,6819781.0,24877.7089096
2026-08-30 05:13:00,0.0036475,0.0036479,0.0036463,0.0036479,13589369.0,49562.1773937
2026-08-30 05:14:00,0.003648,0.0036484,0.0036463,0.0036468,21285074.0,77639.5719392
2026-08-30 05:15:00,0.0036467,0.0036468,0.0036438,0.003644,10522376.0,38356.0225557
2026-08-30 05:16:00,0.003644,0.003644,0.0036424,0.003643,7606004.0,27710.8514425
2026-08-30 05:17:00,0.0036431,0.0036441,0.0036412,0.0036438,23314484.0,84924.696851
2026-08-30 05:18:00,0.0036437,0.0036446,0.0036437,0.0036443,3578516.0,13041.3155535
2026-08-30 05:19:00,0.0036442,0.0036442,0.003642,0.0036424,11075994.0,40355.1448922
2026-08-30 05:20:00,0.0036425,0.0036433,0.0036425,0.0036433,2314584.0,8431.7657664
2026-08-30 05:21:00,0.0036432,0.0036432,0.0036415,0.0036415,1421253.0,5176.9025854
2026-08-30 05:22:00,0.0036416,0.0036419,0.0036415,0.0036418,1443851.0,5258.0047786
2026-08-30 05:23:00,0.0036419,0.0036443,0.0036419,0.0036438,10355044.0,37728.2427672
2026-08-30 05:24:00,0.0036438,0.0036442,0.0036421,0.0036433,5727912.0,20868.8325812
2026-08-30 05:25:00,0.0036434,0.0036447,0.0036434,0.0036444,3287583.0,11980.9758307
2026-08-30 05:26:00,0.0036443,0.0036443,0.0036433,0.0036437,2422866.0,8828.7898595
2026-08-30 05:27:00,0.0036436,0.0036441,0.0036436,0.003644,369911.0,1347.9329673
2026-08-30 05:28:00,0.003644,0.003644,0.0036427,0.0036427,5353325.0,19503.3898385
2026-08-30 05:29:00,0.0036427,0.0036447,0.0036427,0.0036447,3739468.0,13625.2967424
2026-08-30 05:30:00,0.0036447,0.0036451,0.0036432,0.0036435,6874627.0,25052.2149158
2026-08-30 05:31:00,0.0036435,0.0036442,0.0036431,0.0036442,2564958.0,9345.3518734
2026-08-30 05:32:00,0.0036443,0.0036443,0.003642,0.0036421,3019762.0,11002.5429494
2026-08-30 05:33:00,0.003642,0.0036428,0.003641,0.0036427,2765688.0,10071.1839711
2026-08-30 05:34:00,0.0036427,0.0036428,0.0036418,0.0036424,2068249.0,7532.9486918
2026-08-30 05:35:00,0.0036424,0.0036434,0.0036405,0.0036414,35382538.0,128856.3671913
2026-08-30 05:36:00,0.0036414,0.0036425,0.0036396,0.0036396,20447595.0,74452.6260687
2026-08-30 05:37:00,0.0036395,0.0036401,0.0036375,0.0036401,7705337.0,28036.6328261
2026-08-30 05:38:00,0.0036401,0.0036424,0.0036401,0.0036424,2506507.0,9126.6423393
2026-08-30 05:39:00,0.0036424,0.0036442,0.0036424,0.0036426,9676118.0,35252.653169
2026-08-30 05:40:00,0.0036426,0.0036442,0.0036426,0.0036431,2313329.0,8428.7262962
2026-08-30 05:41:00,0.0036432,0.0036442,0.0036425,0.0036427,2391680.0,8713.4737738
2026-08-30 05:42:00,0.0036427,0.0036427,0.0036401,0.0036403,4933930.0,17968.787996
2026-08-30 05:43:00,0.0036403,0.0036418,0.0036392,0.0036405,15149355.0,55147.9091569
2026-08-30 05:44:00,0.0036406,0.0036414,0.0036393,0.0036398,6495384.0,23647.6980767
2026-08-30 05:45:00,0.0036398,0.0036399,0.0036379,0.0036397,9087532.0,33066.922611
2026-08-30 05:46:00,0.0036397,0.0036409,0.0036397,0.0036408,5228764.0,19033.5707685
2026-08-30 05:47:00,0.0036408,0.0036414,0.0036408,0.0036414,1487275.0,5415.0632067
2026-08-30 05:48:00,0.0036413,0.0036414,0.00364,0.0036403,2535784.0,9232.1136203
2026-08-30 05:49:00,0.0036403,0.0036419,0.0036403,0.0036415,5683033.0,20693.0804871
2026-08-30 05:50:00,0.0036415,0.0036429,0.0036409,0.0036428,3530914.0,12859.9839395
2026-08-30 05:51:00,0.0036427,0.0036431,0.0036412,0.0036426,4660341.0,16974.5381433
2026-08-30 05:52:00,0.0036426,0.0036431,0.0036419,0.0036427,2623690.0,9556.9201505
2026-08-30 05:53:00,0.0036427,0.0036443,0.0036427,0.0036443,10195954.0,37150.0523653
2026-08-30 05:54:00,0.0036443,0.0036445,0.0036428,0.0036429,2391451.0,8714.5970747
2026-08-30 05:55:00,0.0036428,0.0036439,0.0036423,0.0036438,16690018.0,60801.5876065
2026-08-30 05:56:00,0.0036439,0.0036441,0.0036435,0.0036439,2329930.0,8489.8044956
2026-08-30 05:57:00,0.0036438,0.0036438,0.0036428,0.0036429,1214921.0,4426.4545415
2026-08-30 05:58:00,0.0036429,0.0036443,0.0036429,0.0036443,1790336.0,6523.1795847
2026-08-30 05:59:00,0.0036443,0.0036448,0.0036443,0.0036448,3949155.0,14393.0890694
2026-08-30 06:00:00,0.0036447,0.0036448,0.0036409,0.003641,20124792.0,73316.205593
2026-08-30 06:01:00,0.003641,0.0036416,0.0036409,0.0036414,1802300.0,6562.3173842
2026-08-30 06:02:00,0.0036415,0.0036415,0.0036409,0.0036411,1534967.0,5588.9470965
2026-08-30 06:03:00,0.003641,0.0036432,0.0036403,0.0036432,4790469.0,17443.4915537
2026-08-30 06:04:00,0.0036433,0.0036433,0.0036425,0.0036426,2096993.0,7639.3921905
2026-08-30 06:05:00,0.0036425,0.0036426,0.003639,0.0036403,3338755.0,12155.0805104
2026-08-30 06:06:00,0.0036402,0.0036411,0.0036402,0.0036405,2627490.0,9565.4295145
2026-08-30 06:07:00,0.0036405,0.0036406,0.0036404,0.0036405,1029211.0,3746.8326881
2026-08-30 06:08:00,0.0036405,0.0036406,0.00364,0.00364,8720565.0,31744.7537538
2026-08-30 06:09:00,0.0036399,0.0036401,0.0036389,0.003639,3607134.0,13128.6697659
2026-08-30 06:10:00,0.0036389,0.003639,0.0036362,0.0036367,11248184.0,40912.6304219
2026-08-30 06:11:00,0.0036367,0.0036369,0.0036357,0.0036368,3430166.0,12473.1605797
2026-08-30 06:12:00,0.0036368,0.0036368,0.0036347,0.0036357,6216358.0,22603.226259
2026-08-30 06:13:00,0.0036357,0.0036357,0.0036349,0.0036351,2848936.0,10356.0347846
2026-08-30 06:14:00,0.0036352,0.003638,0.003635,0.003638,3652534.0,13280.3688511
2026-08-30 06:15:00,0.0036379,0.003639,0.0036364,0.0036372,8956855.0,32582.6955956
2026-08-30 06:16:00,0.0036372,0.0036377,0.0036371,0.0036377,1498760.0,5451.4172337
2026-08-30 06:17:00,0.0036378,0.0036378,0.0036367,0.0036376,2130826.0,7750.4240769
2026-08-30 06:18:00,0.0036375,0.0036386,0.0036372,0.0036385,6416864.0,23342.9841172
2026-08-30 06:19:00,0.0036385,0.0036392,0.0036365,0.003637,17577738.0,63936.5086261
2026-08-30 06:20:00,0.0036371,0.0036381,0.0036371,0.0036378,1183245.0,4304.0349111
2026-08-30 06:21:00,0.0036378,0.0036405,0.0036373,0.0036405,8702030.0,31663.4749718
2026-08-30 06:22:00,0.0036404,0.0036417,0.0036404,0.0036414,3144774.0,11450.3962388
2026-08-30 06:23:00,0.0036414,0.0036422,0.0036407,0.0036422,7527866.0,27412.2776628
2026-08-30 06:24:00,0.0036422,0.0036442,0.0036422,0.0036442,9761893.0,35564.4247478
2026-08-30 06:25:00,0.0036441,0.0036442,0.003642,0.0036426,5622445.0,20483.1666082
2026-08-30 06:26:00,0.0036427,0.0036454,0.0036423,0.0036447,9809651.0,35749.0860586
2026-08-30 06:27:00,0.0036447,0.0036459,0.0036443,0.0036451,8393426.0,30595.2091171
2026-08-30 06:28:00,0.0036451,0.0036459,0.0036444,0.0036451,14570017.0,53110.5825827
2026-08-30 06:29:00,0.0036451,0.0036451,0.0036443,0.0036443,1636612.0,5964.6829046
2026-08-30 06:30:00,0.0036443,0.0036446,0.0036428,0.0036433,2937420.0,10703.3120473
2026-08-30 06:31:00,0.0036432,0.0036451,0.0036432,0.0036451,7314460.0,26652.2688881
2026-08-30 06:32:00,0.003645,0.0036451,0.0036433,0.0036438,4424407.0,16121.3096385
2026-08-30 06:33:00,0.0036437,0.0036444,0.0036437,0.0036441,6196935.0,22582.3593123
2026-08-30 06:34:00,0.0036441,0.003645,0.0036441,0.0036445,2398146.0,8740.6181313
2026-08-30 06:35:00,0.0036446,0.0036457,0.0036445,0.0036455,9057263.0,33014.7155301
2026-08-30 06:36:00,0.0036454,0.0036483,0.0036452,0.0036476,7835270.0,28569.3407483
2026-08-30 06:37:00,0.0036477,0.0036497,0.0036473,0.0036495,6384922.0,23297.5323358
2026-08-30 06:38:00,0.0036494,0.0036519,0.0036467,0.0036506,27644983.0,100892.6643109
2026-08-30 06:39:00,0.0036506,0.0036513,0.0036492,0.0036507,4204890.0,15348.3346606
2026-08-30 06:40:00,0.0036508,0.0036533,0.0036508,0.0036529,14296452.0,52217.7695198
2026-08-30 06:41:00,0.0036529,0.0036571,0.0036529,0.0036569,14247278.0,52076.8511771
2026-08-30 06:42:00,0.0036569,0.0036569,0.0036522,0.0036525,6884975.0,25159.8905035
2026-08-30 06:43:00,0.0036524,0.003653,0.0036506,0.0036519,14736493.0,53819.6683021
2026-08-30 06:44:00,0.0036519,0.0036535,0.0036519,0.0036527,7071469.0,25831.6808199
2026-08-30 06:45:00,0.0036525,0.0036526,0.0036507,0.0036512,9083878.0,33175.0180353
2026-08-30 06:46:00,0.0036512,0.0036528,0.0036511,0.0036525,5311570.0,19397.1804492
2026-08-30 06:47:00,0.0036524,0.0036528,0.0036524,0.0036527,2209629.0,8071.004755
2026-08-30 06:48:00,0.0036526,0.0036577,0.0036526,0.0036567,24039114.0,87888.3128092
2026-08-30 06:49:00,0.0036567,0.003657,0.0036547,0.003656,9562281.0,34958.1432872
2026-08-30 06:50:00,0.003656,0.0036569,0.0036528,0.0036537,28464113.0,104040.2145898
2026-08-30 06:51:00,0.0036537,0.0036539,0.003653,0.0036535,3309982.0,12092.4410813
2026-08-30 06:52:00,0.0036536,0.0036543,0.0036535,0.0036542,9652342.0,35269.396836
2026-08-30 06:53:00,0.0036541,0.0036551,0.0036533,0.003654,9759806.0,35663.9682373
2026-08-30 06:54:00,0.0036541,0.0036564,0.0036541,0.0036564,2595560.0,9487.9308753
2026-08-30 06:55:00,0.0036564,0.0036566,0.0036546,0.0036555,3567282.0,13039.9206715
2026-08-30 06:56:00,0.0036556,0.0036556,0.0036535,0.0036551,6966128.0,25455.5063365
2026-08-30 06:57:00,0.0036551,0.0036556,0.0036547,0.0036556,2111161.0,7716.6238846
2026-08-30 06:58:00,0.0036556,0.0036578,0.0036553,0.0036578,16209968.0,59267.5874563
2026-08-30 06:59:00,0.0036578,0.0036594,0.0036577,0.003659,18976852.0,69427.0401542
2026-08-30 07:00:00,0.0036589,0.0036606,0.0036553,0.0036555,41671552.0,152482.676532
2026-08-30 07:01:00,0.0036553,0.0036559,0.0036529,0.0036535,8433724.0,30821.2529425
2026-08-30 07:02:00,0.0036535,0.0036536,0.0036508,0.003652,14022855.0,51208.4066341
2026-08-30 07:03:00,0.003652,0.0036534,0.0036506,0.0036525,18123620.0,66192.0081987
2026-08-30 07:04:00,0.0036525,0.0036525,0.0036514,0.0036521,7494490.0,27368.6838308
2026-08-30 07:05:00,0.0036522,0.0036544,0.0036522,0.0036532,5180374.0,18924.9019115
2026-08-30 07:06:00,0.0036532,0.0036541,0.003653,0.0036531,4067878.0,14862.1800522
2026-08-30 07:07:00,0.0036531,0.0036534,0.0036523,0.0036524,1026359.0,3749.0145369
2026-08-30 07:08:00,0.0036523,0.0036524,0.0036509,0.0036515,7087260.0,25880.8109105
2026-08-30 07:09:00,0.0036515,0.0036518,0.0036514,0.0036517,1504696.0,5494.4837645
2026-08-30 07:10:00,0.0036517,0.0036521,0.0036505,0.0036513,3506025.0,12801.6440212
2026-08-30 07:11:00,0.0036512,0.0036533,0.003651,0.0036528,7756061.0,28328.8324006
2026-08-30 07:12:00,0.0036528,0.003653,0.0036515,0.003652,3537391.0,12919.0720266
2026-08-30 07:13:00,0.0036521,0.0036535,0.003652,0.0036531,2554783.0,9332.0487405
2026-08-30 07:14:00,0.0036531,0.0036534,0.0036518,0.0036522,1697036.0,6198.3123081
2026-08-30 07:15:00,0.0036522,0.0036524,0.0036487,0.0036487,4062497.0,14829.4590901
2026-08-30 07:16:00,0.0036486,0.0036486,0.0036462,0.0036465,10716988.0,39084.5719593
2026-08-30 07:17:00,0.0036466,0.00365,0.0036465,0.0036482,14384658.0,52483.0241615
2026-08-30 07:18:00,0.0036482,0.0036482,0.003648,0.0036482,1234657.0,4504.1440212
2026-08-30 07:19:00,0.0036481,0.0036483,0.0036479,0.0036482,3881505.0,14160.414235
2026-08-30 07:20:00,0.0036482,0.0036511,0.0036481,0.003649,9584461.0,34980.9089954
2026-08-30 07:21:00,0.003649,0.003649,0.0036463,0.0036467,14178374.0,51717.6202296
2026-08-30 07:22:00,0.0036467,0.0036467,0.0036454,0.0036456,5374667.0,19595.1439253
2026-08-30 07:23:00,0.0036455,0.003646,0.0036443,0.0036452,7766889.0,28309.8703867
2026-08-30 07:24:00,0.0036451,0.0036452,0.0036436,0.0036447,4410541.0,16073.2675003
2026-08-30 07:25:00,0.0036446,0.0036451,0.0036439,0.0036439,7626631.0,27796.4402583
2026-08-30 07:26:00,0.003644,0.0036458,0.0036437,0.0036453,4480491.0,16330.2225745
2026-08-30 07:27:00,0.0036452,0.0036458,0.0036445,0.0036458,5722977.0,20862.2829845
2026-08-30 07:28:00,0.0036458,0.0036458,0.0036448,0.0036449,3631253.0,13236.4162507
2026-08-30 07:29:00,0.0036448,0.0036448,0.0036444,0.0036446,1108193.0,4038.9144106
2026-08-30 07:30:00,0.0036446,0.0036446,0.0036445,0.0036446,419404.0,1528.5518641
2026-08-30 07:31:00,0.0036446,0.0036453,0.0036443,0.0036453,4419713.0,16108.3176551
2026-08-30 07:32:00,0.0036452,0.0036455,0.0036428,0.0036428,16779753.0,61144.8198339
2026-08-30 07:33:00,0.0036428,0.003643,0.003641,0.0036427,14951670.0,54455.0866037
2026-08-30 07:34:00,0.0036427,0.0036427,0.0036403,0.0036411,12144920.0,44218.3172059
2026-08-30 07:35:00,0.0036411,0.0036411,0.003639,0.00364,22793166.0,82968.4298403
2026-08-30 07:36:00,0.0036399,0.0036408,0.0036395,0.0036402,2523497.0,9185.9073747
2026-08-30 07:37:00,0.0036401,0.0036433,0.0036388,0.003643,39791762.0,144898.7866014
2026-08-30 07:38:00,0.0036429,0.0036429,0.0036394,0.0036395,3298148.0,12008.7513178
2026-08-30 07:39:00,0.0036395,0.0036405,0.0036383,0.0036404,8064408.0,29348.8599292
2026-08-30 07:40:00,0.0036403,0.0036404,0.0036396,0.0036401,2951940.0,10744.8759718
2026-08-30 07:41:00,0.0036401,0.003641,0.0036391,0.0036398,5976525.0,21754.9525572
2026-08-30 07:42:00,0.0036398,0.0036403,0.0036394,0.0036396,3425087.0,12466.679328
2026-08-30 07:43:00,0.0036396,0.0036396,0.0036353,0.0036356,34362012.0,124984.0182899
2026-08-30 07:44:00,0.0036356,0.0036385,0.0036356,0.0036375,6234531.0,22678.6702105
2026-08-30 07:45:00,0.0036374,0.0036377,0.0036372,0.0036374,5187220.0,18868.2073977
2026-08-30 07:46:00,0.0036373,0.0036373,0.0036327,0.0036333,54146407.0,196771.2454346
2026-08-30 07:47:00,0.0036334,0.0036348,0.003632,0.0036325,20163287.0,73263.9204602
2026-08-30 07:48:00,0.0036324,0.0036347,0.00363,0.0036333,30476524.0,110684.9508343
2026-08-30 07:49:00,0.0036334,0.0036341,0.0036322,0.0036322,3835995.0,13936.4104579
2026-08-30 07:50:00,0.0036322,0.0036362,0.0036322,0.0036338,10487611.0,38118.1361162
2026-08-30 07:51:00,0.0036339,0.0036365,0.0036336,0.003635,9954391.0,36183.5322839
2026-08-30 07:52:00,0.003635,0.0036359,0.0036344,0.0036355,3042398.0,11058.690604
2026-08-30 07:53:00,0.0036354,0.0036372,0.0036353,0.0036371,4254482.0,15468.6310553
2026-08-30 07:54:00,0.0036371,0.0036392,0.0036368,0.003639,15623418.0,56837.4984959
2026-08-30 07:55:00,0.003639,0.0036391,0.003633,0.0036352,42656283.0,155086.937041
2026-08-30 07:56:00,0.0036351,0.0036356,0.0036343,0.0036343,7725565.0,28082.54724
2026-08-30 07:57:00,0.0036343,0.0036344,0.0036343,0.0036344,630444.0,2291.263707
2026-08-30 07:58:00,0.0036343,0.0036344,0.0036343,0.0036343,2182568.0,7932.2849889
2026-08-30 07:59:00,0.0036343,0.0036359,0.0036334,0.0036334,5252252.0,19090.8725655
2026-08-30 08:00:00,0.0036335,0.0036335,0.0036325,0.0036332,13128159.0,47694.1357416
2026-08-30 08:01:00,0.0036329,0.0036334,0.0036319,0.0036334,7317235.0,26581.9769719
2026-08-30 08:02:00,0.0036333,0.0036404,0.0036333,0.0036385,57861319.0,210492.0781941
2026-08-30 08:03:00,0.0036384,0.0036385,0.0036364,0.0036372,6916760.0,25158.2572502
2026-08-30 08:04:00,0.0036371,0.0036373,0.0036355,0.003636,6359001.0,23123.6733002
2026-08-30 08:05:00,0.0036359,0.0036371,0.0036354,0.0036362,7576565.0,27548.9763228
2026-08-30 08:06:00,0.0036362,0.0036378,0.0036348,0.0036375,30786828.0,111941.6768336
2026-08-30 08:07:00,0.0036376,0.00364,0.0036366,0.0036386,19737502.0,71805.9619711
2026-08-30 08:08:00,0.0036387,0.0036392,0.003637,0.0036391,11694870.0,42544.8903482
2026-08-30 08:09:00,0.0036391,0.0036392,0.0036371,0.0036388,14828109.0,53952.5410572
2026-08-30 08:10:00,0.0036388,0.003639,0.0036337,0.0036347,28865625.0,104947.6227553
2026-08-30 08:11:00,0.0036347,0.0036365,0.0036347,0.0036348,8275778.0,30089.6120694
2026-08-30 08:12:00,0.0036349,0.0036377,0.0036347,0.0036368,4682151.0,17025.9524551
2026-08-30 08:13:00,0.0036368,0.0036368,0.0036359,0.0036361,4499137.0,16360.2805731
2026-08-30 08:14:00,0.0036362,0.0036364,0.0036355,0.003636,2447878.0,8900.0190371
2026-08-30 08:15:00,0.003636,0.0036382,0.0036348,0.0036382,6170411.0,22434.4620459
2026-08-30 08:16:00,0.0036382,0.0036389,0.0036376,0.003638,6664316.0,24246.3337796
2026-08-30 08:17:00,0.0036381,0.0036387,0.0036366,0.0036379,3850431.0,14006.3188857
2026-08-30 08:18:00,0.003638,0.0036393,0.0036378,0.0036387,3749264.0,13642.111157
2026-08-30 08:19:00,0.0036387,0.0036404,0.0036387,0.0036404,3333794.0,12133.2712806
2026-08-30 08:20:00,0.0036405,0.0036422,0.0036395,0.0036401,4466258.0,16259.749316
2026-08-30 08:21:00,0.0036402,0.0036402,0.003639,0.0036396,3183769.0,11586.7585311
2026-08-30 08:22:00,0.0036395,0.0036396,0.0036376,0.0036377,5637206.0,20512.995557
2026-08-30 08:23:00,0.0036376,0.0036376,0.0036363,0.0036365,4468815.0,16251.6150593
2026-08-30 08:24:00,0.0036366,0.0036376,0.0036364,0.0036375,3611861.0,13134.9651486
2026-08-30 08:25:00,0.0036376,0.003639,0.0036372,0.0036383,3757753.0,13670.9417222
2026-08-30 08:26:00,0.0036383,0.0036396,0.0036376,0.0036383,8885595.0,32333.6946956
2026-08-30 08:27:00,0.0036383,0.0036383,0.0036359,0.0036371,6574519.0,23908.0607576
2026-08-30 08:28:00,0.0036371,0.0036397,0.0036371,0.0036394,3601118.0,13101.9977617
2026-08-30 08:29:00,0.0036394,0.00364,0.0036381,0.0036397,10566489.0,38454.8721023
2026-08-30 08:30:00,0.0036398,0.0036398,0.003638,0.0036397,3765465.0,13701.1323612
2026-08-30 08:31:00,0.0036397,0.0036397,0.0036394,0.0036394,1238722.0,4508.5127494
2026-08-30 08:32:00,0.0036394,0.0036423,0.0036394,0.003642,10468382.0,38119.9303128
2026-08-30 08:33:00,0.0036421,0.0036428,0.0036421,0.0036423,2024534.0,7374.0110608
2026-08-30 08:34:00,0.0036423,0.0036432,0.0036423,0.0036427,2119222.0,7719.6249688
2026-08-30 08:35:00,0.0036427,0.0036428,0.0036405,0.0036415,23923882.0,87131.26831
2026-08-30 08:36:00,0.0036415,0.0036415,0.0036366,0.0036367,10071741.0,36656.4022139
2026-08-30 08:37:00,0.0036366,0.0036367,0.0036352,0.0036364,8038673.0,29227.564476
2026-08-30 08:38:00,0.0036365,0.0036384,0.003636,0.0036367,6292421.0,22888.2192259
2026-08-30 08:39:00,0.0036367,0.0036368,0.0036332,0.003634,13896350.0,50519.3143456
2026-08-30 08:40:00,0.003634,0.003634,0.0036324,0.0036328,9627020.0,34975.9770692
2026-08-30 08:41:00,0.0036327,0.0036335,0.0036307,0.0036307,7978938.0,28980.3958051
2026-08-30 08:42:00,0.0036307,0.0036314,0.0036307,0.0036314,1695110.0,6154.8231435
2026-08-30 08:43:00,0.0036313,0.0036313,0.0036293,0.0036305,10838913.0,39346.7539134
2026-08-30 08:44:00,0.0036305,0.0036314,0.0036302,0.0036305,8174627.0,29680.8280965
2026-08-30 08:45:00,0.0036306,0.003631,0.0036271,0.0036271,23180782.0,84111.8709085
2026-08-30 08:46:00,0.0036275,0.0036289,0.0036264,0.0036281,15249892.0,55319.6619247
2026-08-30 08:47:00,0.0036281,0.0036304,0.0036272,0.0036298,11269567.0,40888.2251326
2026-08-30 08:48:00,0.0036299,0.0036303,0.003629,0.00363,3049360.0,11068.7823047
2026-08-30 08:49:00,0.0036301,0.0036304,0.003629,0.00363,13387313.0,48592.6699308
2026-08-30 08:50:00,0.00363,0.0036319,0.0036295,0.00363,9256197.0,33608.4420987
2026-08-30 08:51:00,0.0036301,0.0036326,0.0036301,0.003632,5496757.0,19961.6257136
2026-08-30 08:52:00,0.003632,0.0036333,0.0036303,0.003631,13325103.0,48393.270357
2026-08-30 08:53:00,0.0036311,0.0036326,0.0036311,0.0036325,6513006.0,23654.7016399
2026-08-30 08:54:00,0.0036326,0.0036331,0.0036315,0.0036327,8300894.0,30149.619992
2026-08-30 08:55:00,0.0036327,0.0036344,0.0036327,0.0036343,5210731.0,18933.8795871
2026-08-30 08:56:00,0.0036343,0.0036349,0.0036326,0.0036328,17964305.0,65285.2396198
2026-08-30 08:57:00,0.0036329,0.0036331,0.0036304,0.003633,11430985.0,41517.4212918
2026-08-30 08:58:00,0.003633,0.0036331,0.0036323,0.0036327,5164031.0,18760.0272066
2026-08-30 08:59:00,0.0036327,0.0036329,0.0036307,0.0036318,6780829.0,24625.0358423
2026-08-30 09:00:00,0.0036318,0.0036327,0.003631,0.0036327,3826857.0,13897.2027409
2026-08-30 09:01:00,0.0036327,0.0036356,0.0036327,0.0036347,9160399.0,33291.216593
2026-08-30 09:02:00,0.0036347,0.0036353,0.003634,0.0036347,10382315.0,37735.1248214
2026-08-30 09:03:00,0.0036348,0.0036351,0.0036341,0.0036342,3684114.0,13389.796206
2026-08-30 09:04:00,0.0036341,0.0036342,0.0036336,0.0036336,3051198.0,11087.512248
2026-08-30 09:05:00,0.0036336,0.0036339,0.0036334,0.0036338,2389337.0,8681.9140114
2026-08-30 09:06:00,0.0036338,0.0036338,0.0036323,0.0036324,6942493.0,25222.4946845
2026-08-30 09:07:00,0.0036323,0.0036335,0.0036323,0.0036335,3786314.0,13755.6669498
2026-08-30 09:08:00,0.0036334,0.0036335,0.0036316,0.0036319,5908056.0,21459.9320213
2026-08-30 09:09:00,0.0036319,0.0036321,0.0036316,0.003632,1772136.0,6436.2900465
2026-08-30 09:10:00,0.003632,0.0036326,0.0036319,0.0036326,1322624.0,4803.9251229
2026-08-30 09:11:00,0.0036325,0.0036328,0.0036325,0.0036327,3722777.0,13523.8214158
2026-08-30 09:12:00,0.0036327,0.0036341,0.0036326,0.003634,5112309.0,18572.6582581
2026-08-30 09:13:00,0.003634,0.003635,0.0036326,0.003635,4489751.0,16314.876309
2026-08-30 09:14:00,0.003635,0.003635,0.0036324,0.0036326,4762059.0,17303.8132678
2026-08-30 09:15:00,0.0036326,0.0036333,0.0036315,0.0036315,2993214.0,10872.8773473
2026-08-30 09:16:00,0.0036315,0.0036337,0.0036301,0.0036329,15399599.0,55928.796942
2026-08-30 09:17:00,0.0036329,0.0036329,0.0036302,0.0036302,19234851.0,69856.3778927
2026-08-30 09:18:00,0.0036303,0.0036303,0.0036289,0.0036299,15607607.0,56650.2251852
2026-08-30 09:19:00,0.00363,0.0036305,0.0036288,0.0036297,4470999.0,16227.810908
2026-08-30 09:20:00,0.0036297,0.0036312,0.0036291,0.0036309,2520927.0,9150.6672548
2026-08-30 09:21:00,0.0036309,0.0036326,0.0036305,0.0036325,3038869.0,11035.2480665
2026-08-30 09:22:00,0.0036326,0.0036326,0.0036271,0.0036276,20216704.0,73388.0729858
2026-08-30 09:23:00,0.0036275,0.0036275,0.0036224,0.0036248,36055649.0,130687.1172532
2026-08-30 09:24:00,0.0036248,0.0036257,0.0036223,0.0036231,35786255.0,129695.6692815
2026-08-30 09:25:00,0.0036231,0.0036241,0.0036229,0.0036233,7727010.0,27997.578599
2026-08-30 09:26:00,0.0036232,0.0036232,0.0036204,0.0036206,23008158.0,83332.7898385
2026-08-30 09:27:00,0.0036207,0.0036209,0.0036161,0.0036196,82683695.0,299198.6409017
2026-08-30 09:28:00,0.0036197,0.0036233,0.0036196,0.003621,22281893.0,80697.6850657
2026-08-30 09:29:00,0.003621,0.0036214,0.0036138,0.0036148,64544629.0,233476.4158499
2026-08-30 09:30:00,0.0036149,0.0036184,0.0036143,0.003617,17329706.0,62684.315195
2026-08-30 09:31:00,0.0036171,0.0036208,0.0036171,0.00362,11854995.0,42911.5505252
2026-08-30 09:32:00,0.00362,0.0036232,0.0036195,0.0036231,12407780.0,44937.9089475
2026-08-30 09:33:00,0.0036231,0.0036234,0.0036182,0.0036193,25383545.0,91911.9144271
2026-08-30 09:34:00,0.0036194,0.0036208,0.0036194,0.0036199,8708565.0,31527.2550632
2026-08-30 09:35:00,0.0036198,0.0036207,0.0036195,0.0036198,5440986.0,19696.7206768
2026-08-30 09:36:00,0.0036198,0.0036209,0.0036186,0.0036198,23989756.0,86833.0437963
2026-08-30 09:37:00,0.0036199,0.0036215,0.0036193,0.0036215,6460577.0,23387.4384662
2026-08-30 09:38:00,0.0036214,0.0036221,0.0036197,0.0036205,29417379.0,106516.0642888
2026-08-30 09:39:00,0.0036206,0.0036206,0.0036195,0.0036196,4899831.0,17738.5225847
2026-08-30 09:40:00,0.0036196,0.0036228,0.0036161,0.0036226,79788242.0,288829.7397052
2026-08-30 09:41:00,0.0036228,0.0036233,0.0036218,0.0036223,10205244.0,36970.6819932
2026-08-30 09:42:00,0.0036224,0.003623,0.0036214,0.0036214,7071017.0,25612.9416527
2026-08-30 09:43:00,0.0036214,0.0036217,0.0036209,0.0036216,4738641.0,17160.2683454
2026-08-30 09:44:00,0.0036216,0.003623,0.0036211,0.0036229,3867890.0,14009.6050467
2026-08-30 09:45:00,0.003623,0.0036234,0.0036225,0.0036234,22263266.0,80659.7008029
2026-08-30 09:46:00,0.0036234,0.003626,0.0036233,0.003625,7950629.0,28816.0040474
2026-08-30 09:47:00,0.003625,0.003626,0.0036231,0.0036235,7287742.0,26417.935583
2026-08-30 09:48:00,0.0036235,0.0036254,0.0036235,0.0036254,2051006.0,7434.5287805
2026-08-30 09:49:00,0.0036253,0.0036272,0.0036209,0.0036212,42755464.0,154947.4728997
2026-08-30 09:50:00,0.0036211,0.0036213,0.0036207,0.0036212,3967270.0,14365.1275568
2026-08-30 09:51:00,0.0036212,0.0036216,0.0036206,0.0036206,5086169.0,18418.6276989
2026-08-30 09:52:00,0.0036206,0.0036216,0.0036195,0.0036196,24487617.0,88659.9729436
2026-08-30 09:53:00,0.0036195,0.0036201,0.0036195,0.00362,5434270.0,19670.388243
2026-08-30 09:54:00,0.00362,0.0036214,0.0036195,0.0036207,28225150.0,102177.3801056
2026-08-30 09:55:00,0.0036207,0.0036227,0.0036207,0.0036224,3089657.0,11190.869893
2026-08-30 09:56:00,0.0036222,0.003624,0.0036222,0.0036239,7235067.0,26210.0872179
2026-08-30 09:57:00,0.0036239,0.0036246,0.0036228,0.0036245,4872924.0,17658.6267308
2026-08-30 09:58:00,0.0036245,0.0036249,0.0036245,0.0036245,1829394.0,6631.0233809
2026-08-30 09:59:00,0.0036245,0.0036246,0.0036226,0.0036226,12176887.0,44129.186534
2026-08-30 10:00:00,0.0036226,0.0036229,0.0036207,0.0036216,20474440.0,74150.2149182
2026-08-30 10:01:00,0.0036216,0.0036245,0.0036216,0.0036244,5475566.0,19837.1846847
2026-08-30 10:02:00,0.0036244,0.0036244,0.0036219,0.0036219,9410537.0,34096.7877321
2026-08-30 10:03:00,0.0036219,0.0036226,0.0036217,0.0036217,4212423.0,15258.1369087
2026-08-30 10:04:00,0.0036217,0.0036217,0.0036197,0.0036213,6898947.0,24979.8378776
2026-08-30 10:05:00,0.0036212,0.0036251,0.0036212,0.0036246,26865624.0,97349.5129573
2026-08-30 10:06:00,0.0036246,0.0036253,0.0036237,0.0036253,32563145.0,118036.0030227
2026-08-30 10:07:00,0.0036253,0.0036253,0.0036241,0.0036243,4202781.0,15234.4384176
2026-08-30 10:08:00,0.0036243,0.003626,0.0036242,0.0036259,6520523.0,23636.8448511
2026-08-30 10:09:00,0.0036259,0.0036266,0.0036251,0.0036266,10365702.0,37584.3786938
2026-08-30 10:10:00,0.0036267,0.0036289,0.0036266,0.0036271,20490475.0,74335.762979
2026-08-30 10:11:00,0.0036271,0.0036286,0.0036231,0.0036239,36338159.0,131747.2860964
2026-08-30 10:12:00,0.0036236,0.0036236,0.0036223,0.0036226,3949233.0,14308.2206662
2026-08-30 10:13:00,0.0036227,0.003623,0.003621,0.003621,4537309.0,16437.0687164
2026-08-30 10:14:00,0.003621,0.0036222,0.00362,0.0036206,10222422.0,37011.0984185
2026-08-30 10:15:00,0.0036207,0.0036221,0.0036201,0.0036216,11783370.0,42664.173081
2026-08-30 10:16:00,0.0036216,0.0036219,0.0036201,0.0036203,6212172.0,22492.8816607
2026-08-30 10:17:00,0.0036203,0.0036208,0.0036201,0.0036201,4949818.0,17920.8203986
2026-08-30 10:18:00,0.0036201,0.0036207,0.00362,0.0036206,3481861.0,12604.8198488
2026-08-30 10:19:00,0.0036207,0.0036245,0.0036183,0.0036244,46429379.0,168110.1138063
2026-08-30 10:20:00,0.0036243,0.0036264,0.0036241,0.0036248,11873524.0,43041.3374177
2026-08-30 10:21:00,0.0036248,0.0036248,0.0036219,0.0036235,4528611.0,16407.6659333
2026-08-30 10:22:00,0.0036236,0.0036258,0.0036236,0.0036258,2344246.0,8496.9874485
2026-08-30 10:23:00,0.003626,0.0036282,0.0036251,0.0036251,24931108.0,90419.9049706
2026-08-30 10:24:00,0.0036252,0.0036305,0.0036252,0.0036297,16901575.0,61328.1513589
2026-08-30 10:25:00,0.0036297,0.0036314,0.0036295,0.0036303,21051469.0,76422.6231329
2026-08-30 10:26:00,0.0036303,0.0036317,0.0036302,0.0036317,6425450.0,23329.5586284
2026-08-30 10:27:00,0.0036318,0.0036353,0.0036318,0.0036333,36337071.0,132052.3927633
2026-08-30 10:28:00,0.0036333,0.0036344,0.0036263,0.0036279,48239686.0,175198.1641637
2026-08-30 10:29:00,0.0036279,0.0036296,0.0036278,0.0036294,6790345.0,24639.7204416
2026-08-30 10:30:00,0.0036295,0.0036305,0.003629,0.0036302,6370838.0,23125.5110693
2026-08-30 10:31:00,0.0036302,0.0036333,0.0036301,0.0036333,8993716.0,32665.1770715
2026-08-30 10:32:00,0.0036332,0.0036355,0.0036332,0.0036344,11656418.0,42370.0432637
2026-08-30 10:33:00,0.0036344,0.0036346,0.0036333,0.0036346,7096937.0,25789.4434118
2026-08-30 10:34:00,0.0036346,0.003635,0.003634,0.003634,7349681.0,26711.6121086
2026-08-30 10:35:00,0.0036341,0.0036393,0.0036341,0.0036383,15984919.0,58136.9408582
2026-08-30 10:36:00,0.0036384,0.0036388,0.0036367,0.0036382,27055709.0,98423.9140184
2026-08-30 10:37:00,0.0036382,0.0036384,0.0036369,0.003638,22203965.0,80776.4012474
2026-08-30 10:38:00,0.003638,0.0036384,0.0036374,0.0036383,4025323.0,14643.2492991
2026-08-30 10:39:00,0.0036384,0.0036389,0.0036377,0.0036383,7582267.0,27587.014379
2026-08-30 10:40:00,0.0036384,0.0036386,0.0036383,0.0036385,964186.0,3508.0226311
2026-08-30 10:41:00,0.0036385,0.0036417,0.0036369,0.00364,38150998.0,138863.3665144
2026-08-30 10:42:00,0.0036401,0.0036412,0.0036401,0.0036409,6221959.0,22651.3935625
2026-08-30 10:43:00,0.0036409,0.0036417,0.0036402,0.0036402,6279849.0,22866.0251525
2026-08-30 10:44:00,0.0036403,0.0036408,0.00364,0.0036404,10465716.0,38099.4865997
2026-08-30 10:45:00,0.0036404,0.0036465,0.00364,0.0036426,147410705.0,537075.5864334
2026-08-30 10:46:00,0.0036426,0.0036435,0.003642,0.0036426,4258917.0,15514.1613902
2026-08-30 10:47:00,0.0036425,0.0036439,0.0036417,0.0036435,8944234.0,32584.5486041
2026-08-30 10:48:00,0.0036436,0.0036437,0.0036431,0.0036433,4838676.0,17629.6199208
2026-08-30 10:49:00,0.0036433,0.0036448,0.0036433,0.0036435,15621088.0,56921.9236634
2026-08-30 10:50:00,0.0036434,0.0036434,0.0036398,0.0036406,17501928.0,63722.9224121
2026-08-30 10:51:00,0.0036407,0.0036424,0.00364,0.0036424,8188373.0,29812.4214017
2026-08-30 10:52:00,0.0036424,0.0036435,0.0036423,0.0036425,3579995.0,13041.7977091
2026-08-30 10:53:00,0.0036424,0.0036428,0.003642,0.0036423,4971901.0,18109.8247839
2026-08-30 10:54:00,0.0036424,0.0036424,0.0036411,0.0036418,2892657.0,10534.8141067
2026-08-30 10:55:00,0.0036418,0.0036418,0.0036406,0.0036415,3671914.0,13370.4038528
2026-08-30 10:56:00,0.0036415,0.003642,0.0036415,0.0036419,2257929.0,8223.0501351
2026-08-30 10:57:00,0.003642,0.003643,0.0036412,0.0036424,18017577.0,65624.1873838
2026-08-30 10:58:00,0.0036423,0.0036423,0.0036412,0.0036413,6420219.0,23380.205257
2026-08-30 10:59:00,0.0036413,0.003642,0.0036401,0.0036409,10700374.0,38961.6654344
2026-08-30 11:00:00,0.003641,0.0036419,0.0036387,0.0036387,21704139.0,79026.1823496
2026-08-30 11:01:00,0.0036388,0.0036396,0.003637,0.0036388,14528715.0,52861.0145489
2026-08-30 11:02:00,0.0036388,0.0036393,0.0036376,0.0036392,16312847.0,59349.3055622
2026-08-30 11:03:00,0.0036393,0.0036398,0.0036386,0.0036387,8775992.0,31936.9238265
2026-08-30 11:04:00,0.0036387,0.0036392,0.0036382,0.0036384,7062500.0,25698.4838177
2026-08-30 11:05:00,0.0036384,0.0036384,0.0036369,0.0036379,17351659.0,63116.5782412
2026-08-30 11:06:00,0.003638,0.0036407,0.003638,0.0036399,6865558.0,24988.1075633
2026-08-30 11:07:00,0.0036399,0.0036446,0.0036393,0.0036437,47324091.0,172353.0429694
2026-08-30 11:08:00,0.0036438,0.0036465,0.0036438,0.0036456,9517565.0,34695.7458914
2026-08-30 11:09:00,0.0036456,0.0036469,0.0036445,0.0036464,23254791.0,84774.3818848
2026-08-30 11:10:00,0.0036464,0.0036469,0.0036438,0.003644,8391301.0,30591.5345542
2026-08-30 11:11:00,0.003644,0.003644,0.0036386,0.0036409,17585825.0,64018.7547985
2026-08-30 11:12:00,0.003641,0.003641,0.0036391,0.0036403,5942290.0,21628.4605836
2026-08-30 11:13:00,0.0036403,0.0036424,0.0036403,0.0036424,6782673.0,24698.3073235
2026-08-30 11:14:00,0.0036424,0.0036443,0.0036423,0.0036443,2307986.0,8408.9939887
2026-08-30 11:15:00,0.0036443,0.0036453,0.0036435,0.0036442,6588365.0,24012.0779158
2026-08-30 11:16:00,0.0036443,0.0036447,0.003641,0.0036411,5156787.0,18782.9295006
2026-08-30 11:17:00,0.0036411,0.0036431,0.0036411,0.0036429,3660750.0,13333.9008922
2026-08-30 11:18:00,0.003643,0.0036433,0.0036418,0.0036429,8125671.0,29597.6900845
2026-08-30 11:19:00,0.003643,0.0036447,0.003643,0.0036446,2712897.0,9885.3304789
2026-08-30 11:20:00,0.0036446,0.0036458,0.0036446,0.0036454,7545744.0,27506.8799436
2026-08-30 11:21:00,0.0036455,0.0036461,0.0036439,0.003644,8247955.0,30064.2516179
2026-08-30 11:22:00,0.003644,0.003644,0.003643,0.003643,3922928.0,14293.1459984
2026-08-30 11:23:00,0.0036431,0.0036431,0.0036417,0.0036417,2377349.0,8660.1091264
2026-08-30 11:24:00,0.0036417,0.0036429,0.0036416,0.0036428,15087973.0,54945.2636708
2026-08-30 11:25:00,0.0036428,0.0036431,0.003642,0.0036427,3132543.0,11410.109553
2026-08-30 11:26:00,0.0036428,0.0036438,0.0036427,0.0036433,3435541.0,12516.5667196
2026-08-30 11:27:00,0.0036433,0.0036442,0.0036429,0.0036442,4777394.0,17406.8619889
2026-08-30 11:28:00,0.0036442,0.0036447,0.0036441,0.0036445,3446449.0,12560.1087718
2026-08-30 11:29:00,0.0036446,0.0036449,0.0036441,0.0036448,4969784.0,18111.9386515
2026-08-30 11:30:00,0.0036448,0.0036449,0.0036399,0.0036408,21370916.0,77842.8503136
2026-08-30 11:31:00,0.0036409,0.0036416,0.0036386,0.0036391,24073405.0,87624.2334748
2026-08-30 11:32:00,0.0036391,0.0036394,0.0036357,0.0036357,13137806.0,47791.139776
2026-08-30 11:33:00,0.0036357,0.0036395,0.0036357,0.0036393,6975033.0,25376.5569918
2026-08-30 11:34:00,0.0036393,0.0036395,0.0036365,0.003637,9280309.0,33761.6055418
2026-08-30 11:35:00,0.003637,0.003637,0.0036352,0.0036352,6107665.0,22207.8879135
2026-08-30 11:36:00,0.0036353,0.0036383,0.0036348,0.0036356,24123521.0,87720.7073735
2026-08-30 11:37:00,0.0036355,0.0036355,0.0036338,0.0036343,9029401.0,32818.9214879
2026-08-30 11:38:00,0.0036343,0.0036345,0.0036321,0.0036329,36180875.0,131439.2743655
2026-08-30 11:39:00,0.003633,0.0036364,0.003633,0.0036361,7723545.0,28070.9562538
2026-08-30 11:40:00,0.0036361,0.003638,0.0036357,0.0036377,4531119.0,16478.377745
2026-08-30 11:41:00,0.0036377,0.0036397,0.0036376,0.0036396,5343631.0,19444.0221331
2026-08-30 11:42:00,0.0036396,0.0036409,0.0036386,0.0036409,3182920.0,11585.0544298
2026-08-30 11:43:00,0.0036408,0.0036438,0.0036382,0.003639,28831276.0,104954.7074877
2026-08-30 11:44:00,0.0036389,0.0036409,0.0036388,0.0036408,9266481.0,33727.4487939
2026-08-30 11:45:00,0.0036409,0.0036436,0.0036409,0.0036427,11823275.0,43066.8671357
2026-08-30 11:46:00,0.0036427,0.0036432,0.0036414,0.0036417,9402988.0,34247.8747238
2026-08-30 11:47:00,0.0036418,0.0036425,0.0036414,0.0036425,4318412.0,15727.4023668
2026-08-30 11:48:00,0.0036424,0.003643,0.0036414,0.0036415,5668008.0,20643.5444727
2026-08-30 11:49:00,0.0036415,0.0036423,0.0036415,0.0036423,1692922.0,6165.2380427
2026-08-30 11:50:00,0.0036424,0.0036429,0.0036381,0.0036389,15768353.0,57394.6621577
2026-08-30 11:51:00,0.003639,0.003639,0.0036358,0.0036359,7673857.0,27911.7237928
2026-08-30 11:52:00,0.003636,0.0036364,0.0036355,0.0036356,2976686.0,10823.4641239
2026-08-30 11:53:00,0.0036356,0.00364,0.0036356,0.0036369,36594458.0,133144.7854884
2026-08-30 11:54:00,0.003637,0.0036379,0.0036361,0.0036372,5736357.0,20864.0927046
2026-08-30 11:55:00,0.0036372,0.0036372,0.0036358,0.003636,2110902.0,7675.9821882
2026-08-30 11:56:00,0.003636,0.003638,0.0036357,0.0036372,4664673.0,16966.0262879
2026-08-30 11:57:00,0.0036372,0.0036386,0.0036372,0.0036386,2080509.0,7569.3267052
2026-08-30 11:58:00,0.0036386,0.0036407,0.0036386,0.0036402,5107562.0,18589.0746638
2026-08-30 11:59:00,0.0036401,0.0036418,0.0036392,0.0036417,16330489.0,59448.2790969
2026-08-30 12:00:00,0.0036418,0.0036419,0.0036404,0.0036417,30504474.0,111067.6339219
2026-08-30 12:01:00,0.0036418,0.0036445,0.0036418,0.0036431,11421408.0,41613.5363567
2026-08-30 12:02:00,0.0036432,0.0036435,0.0036387,0.0036387,32174542.0,117153.9327373
2026-08-30 12:03:00,0.0036388,0.0036488,0.0036388,0.0036483,20040368.0,73044.4815718
2026-08-30 12:04:00,0.0036483,0.0036501,0.0036474,0.00365,17031645.0,62150.9141609
2026-08-30 12:05:00,0.0036501,0.0036529,0.0036392,0.0036401,442362868.0,1613475.5983151
2026-08-30 12:06:00,0.0036399,0.0036477,0.0036393,0.0036458,41847692.0,152465.6323039
2026-08-30 12:07:00,0.0036456,0.0036511,0.003645,0.003647,38556390.0,140677.9559601
2026-08-30 12:08:00,0.0036472,0.003651,0.0036472,0.0036505,18355916.0,66999.1071554
2026-08-30 12:09:00,0.0036506,0.0036567,0.0036506,0.0036562,60077897.0,219501.4599866
2026-08-30 12:10:00,0.0036563,0.0036603,0.0036557,0.003659,58779186.0,215038.8884186
2026-08-30 12:11:00,0.003659,0.0036612,0.0036586,0.0036608,33655301.0,123167.4290467
2026-08-30 12:12:00,0.0036608,0.0036626,0.0036579,0.003661,122486555.0,448415.5425566
2026-08-30 12:13:00,0.0036611,0.0036636,0.0036611,0.0036635,63979197.0,234297.4589276
2026-08-30 12:14:00,0.0036635,0.0036635,0.0036584,0.0036616,42093279.0,154112.6863494
2026-08-30 12:15:00,0.0036617,0.0036618,0.0036562,0.003657,36075369.0,131949.9501575
2026-08-30 12:16:00,0.003657,0.0036583,0.0036552,0.0036561,19538944.0,71445.1621124
2026-08-30 12:17:00,0.0036559,0.0036574,0.0036553,0.0036559,27297129.0,99804.1134482
2026-08-30 12:18:00,0.003656,0.003656,0.0036523,0.0036542,31884033.0,116493.8286283
2026-08-30 12:19:00,0.0036541,0.0036541,0.0036513,0.0036522,14939136.0,54568.496553
2026-08-30 12:20:00,0.0036522,0.0036537,0.0036514,0.0036515,12537582.0,45796.5293339
2026-08-30 12:21:00,0.0036515,0.0036515,0.0036449,0.003647,34914673.0,127343.2502539
2026-08-30 12:22:00,0.0036471,0.0036495,0.0036445,0.0036445,16477513.0,60098.092591
2026-08-30 12:23:00,0.0036445,0.0036468,0.0036445,0.0036447,8126633.0,29627.2912281
2026-08-30 12:24:00,0.0036448,0.0036461,0.0036438,0.0036452,15790811.0,57562.6901531
2026-08-30 12:25:00,0.0036453,0.0036474,0.0036451,0.0036455,8159654.0,29751.2119028
2026-08-30 12:26:00,0.0036455,0.0036455,0.0036433,0.0036446,7440440.0,27115.260639
2026-08-30 12:27:00,0.0036446,0.0036471,0.0036442,0.0036466,5882440.0,21446.9045196
2026-08-30 12:28:00,0.0036466,0.0036503,0.003646,0.0036491,7077025.0,25822.6934818
2026-08-30 12:29:00,0.0036493,0.0036521,0.0036486,0.0036517,13452009.0,49094.7212003
2026-08-30 12:30:00,0.0036518,0.0036534,0.0036426,0.0036457,39510783.0,144096.9619014
2026-08-30 12:31:00,0.0036458,0.0036471,0.0036441,0.0036466,19250863.0,70188.4344534
2026-08-30 12:32:00,0.0036466,0.0036499,0.0036436,0.0036448,322621601.0,1176641.8005055
2026-08-30 12:33:00,0.0036448,0.0036476,0.0036408,0.0036418,204324062.0,744811.7018969
2026-08-30 12:34:00,0.0036419,0.0036422,0.0036316,0.0036339,76697701.0,278836.1632582
2026-08-30 12:35:00,0.0036339,0.0036356,0.0036321,0.0036356,17876239.0,64949.5872623
2026-08-30 12:36:00,0.0036356,0.0036382,0.003635,0.0036358,13995231.0,50895.4228323
2026-08-30 12:37:00,0.0036358,0.0036381,0.0036341,0.003638,48227249.0,175343.1798022
2026-08-30 12:38:00,0.0036379,0.0036379,0.0036333,0.0036356,15555358.0,56530.5258748
2026-08-30 12:39:00,0.0036357,0.0036386,0.0036357,0.0036379,22884446.0,83238.4204746
2026-08-30 12:40:00,0.0036384,0.0036396,0.0036356,0.003638,16823684.0,61200.0193188
2026-08-30 12:41:00,0.0036378,0.0036402,0.0036369,0.0036399,4462441.0,16237.3247418
2026-08-30 12:42:00,0.00364,0.0036429,0.00364,0.0036428,15140976.0,55135.767526
2026-08-30 12:43:00,0.0036429,0.0036436,0.003637,0.0036394,35410629.0,128896.9018414
2026-08-30 12:44:00,0.0036396,0.003641,0.0036389,0.0036392,7825947.0,28484.2553648
2026-08-30 12:45:00,0.0036392,0.0036402,0.0036388,0.0036399,4253323.0,15479.7341116
2026-08-30 12:46:00,0.0036399,0.0036401,0.0036393,0.0036393,2800574.0,10193.931256
2026-08-30 12:47:00,0.0036393,0.0036395,0.003634,0.003634,24169691.0,87904.0261189
2026-08-30 12:48:00,0.0036339,0.003635,0.0036328,0.0036337,9851804.0,35800.6393209
2026-08-30 12:49:00,0.0036337,0.0036362,0.0036336,0.0036362,14592929.0,53053.9398116
2026-08-30 12:50:00,0.0036363,0.0036368,0.0036343,0.0036352,21047367.0,76519.1108736
2026-08-30 12:51:00,0.0036351,0.0036376,0.0036335,0.0036364,25805424.0,93817.3395658
2026-08-30 12:52:00,0.0036364,0.0036387,0.0036363,0.0036381,13797773.0,50193.6758581
2026-08-30 12:53:00,0.0036381,0.0036397,0.0036364,0.0036396,13249695.0,48208.4470183
2026-08-30 12:54:00,0.0036396,0.0036416,0.0036396,0.0036401,7661360.0,27893.8081784
2026-08-30 12:55:00,0.0036402,0.003643,0.0036381,0.0036429,14954345.0,54439.050617
2026-08-30 12:56:00,0.0036429,0.0036454,0.0036428,0.0036451,10123865.0,36891.0414753
2026-08-30 12:57:00,0.0036452,0.0036462,0.0036416,0.003644,22693138.0,82695.3148989
2026-08-30 12:58:00,0.003644,0.003646,0.003644,0.003646,12804936.0,46672.5605917
2026-08-30 12:59:00,0.003646,0.0036502,0.0036425,0.0036475,118511309.0,432272.4103664
2026-08-30 13:00:00,0.0036475,0.0036501,0.003642,0.0036443,57255487.0,208760.1302889
2026-08-30 13:01:00,0.0036444,0.0036444,0.0036401,0.0036408,12307647.0,44827.6175126
2026-08-30 13:02:00,0.0036409,0.0036465,0.0036408,0.003643,124032701.0,451960.157964
2026-08-30 13:03:00,0.0036429,0.003643,0.0036412,0.0036427,11896587.0,43331.7477601
2026-08-30 13:04:00,0.0036427,0.0036448,0.0036426,0.003644,14770014.0,53823.2037929
2026-08-30 13:05:00,0.003644,0.0036451,0.0036413,0.0036429,62897895.0,229145.2959064
2026-08-30 13:06:00,0.003643,0.003645,0.0036427,0.0036447,12714479.0,46333.9137716
2026-08-30 13:07:00,0.0036447,0.0036458,0.003644,0.0036458,5774814.0,21047.0781679
2026-08-30 13:08:00,0.0036458,0.0036466,0.0036443,0.0036452,34312552.0,125103.9146884
2026-08-30 13:09:00,0.0036453,0.0036453,0.0036396,0.0036398,29854369.0,108727.1882694
2026-08-30 13:10:00,0.0036396,0.0036412,0.0036395,0.0036411,4731174.0,17223.4253393
2026-08-30 13:11:00,0.003641,0.003641,0.0036368,0.0036371,34342668.0,124971.9281821
2026-08-30 13:12:00,0.0036371,0.0036383,0.0036346,0.0036361,15120755.0,54986.5255275
2026-08-30 13:13:00,0.0036362,0.0036386,0.0036362,0.0036381,6539268.0,23787.3267642
2026-08-30 13:14:00,0.003638,0.003638,0.0036346,0.0036346,4155904.0,15111.9211825
2026-08-30 13:15:00,0.0036346,0.0036375,0.0036346,0.0036354,7821812.0,28440.6548706
2026-08-30 13:16:00,0.0036355,0.0036357,0.0036319,0.0036335,23075342.0,83852.3515949
2026-08-30 13:17:00,0.0036335,0.0036393,0.0036335,0.003638,12995449.0,47255.678795
2026-08-30 13:18:00,0.003638,0.0036406,0.0036379,0.00364,9145526.0,33283.7351976
2026-08-30 13:19:00,0.00364,0.003643,0.0036396,0.003643,3111759.0,11328.1942896
2026-08-30 13:20:00,0.0036431,0.0036432,0.0036426,0.0036426,5463390.0,19902.7855887
2026-08-30 13:21:00,0.0036427,0.0036427,0.0036407,0.003642,7125848.0,25953.8566925
2026-08-30 13:22:00,0.003642,0.0036454,0.003642,0.0036443,9586508.0,34938.6780499
2026-08-30 13:23:00,0.0036443,0.0036469,0.0036439,0.0036468,9358541.0,34113.1064688
2026-08-30 13:24:00,0.0036469,0.0036497,0.0036462,0.0036497,31978330.0,116657.7404428
2026-08-30 13:25:00,0.0036497,0.00365,0.0036474,0.0036482,48200722.0,175897.7882581
2026-08-30 13:26:00,0.0036481,0.0036502,0.0036481,0.0036502,10273858.0,37493.6061914
2026-08-30 13:27:00,0.0036503,0.0036518,0.0036498,0.0036516,13724099.0,50104.2441257
2026-08-30 13:28:00,0.0036516,0.0036518,0.00365,0.0036504,13748057.0,50196.2152762
2026-08-30 13:29:00,0.0036505,0.0036515,0.0036496,0.0036503,10598585.0,38690.4761592
2026-08-30 13:30:00,0.0036503,0.0036505,0.0036464,0.0036476,25539516.0,93192.0942285
2026-08-30 13:31:00,0.0036477,0.0036529,0.0036476,0.0036515,21879662.0,79875.4663094
2026-08-30 13:32:00,0.0036515,0.0036546,0.0036515,0.0036538,10300949.0,37634.5371135
2026-08-30 13:33:00,0.0036538,0.0036538,0.0036516,0.0036528,8896515.0,32495.3537539
2026-08-30 13:34:00,0.0036528,0.0036535,0.0036518,0.0036518,13109128.0,47883.0746145
2026-08-30 13:35:00,0.0036519,0.0036544,0.0036505,0.0036516,11186567.0,40858.2387829
2026-08-30 13:36:00,0.0036516,0.0036537,0.00365,0.003653,9327349.0,34066.2478849
2026-08-30 13:37:00,0.003653,0.0036546,0.0036528,0.0036544,6416819.0,23446.3753965
2026-08-30 13:38:00,0.0036544,0.0036551,0.0036533,0.0036545,13022324.0,47591.0248993
2026-08-30 13:39:00,0.0036545,0.0036554,0.0036522,0.0036545,25325065.0,92535.1764218
2026-08-30 13:40:00,0.0036546,0.0036557,0.003653,0.0036549,22814229.0,83377.6220646
2026-08-30 13:41:00,0.0036551,0.0036553,0.0036516,0.0036549,14462955.0,52841.6812738
2026-08-30 13:42:00,0.0036549,0.0036591,0.0036549,0.0036585,17475587.0,63903.6765292
2026-08-30 13:43:00,0.0036585,0.0036601,0.0036576,0.0036599,17792834.0,65109.686418
2026-08-30 13:44:00,0.00366,0.0036613,0.0036568,0.0036601,25531012.0,93428.5202475
2026-08-30 13:45:00,0.0036602,0.0036661,0.0036597,0.0036658,45309379.0,165983.9957177
2026-08-30 13:46:00,0.0036658,0.0036688,0.0036632,0.0036649,44677690.0,163805.7468749
2026-08-30 13:47:00,0.0036647,0.0036662,0.0036608,0.0036647,32565134.0,119297.3806271
2026-08-30 13:48:00,0.0036648,0.0036707,0.0036648,0.0036679,47809394.0,175366.8647205
2026-08-30 13:49:00,0.0036679,0.0036701,0.0036669,0.00367,19102222.0,70071.3406288
2026-08-30 13:50:00,0.0036701,0.0036724,0.003669,0.0036722,137365477.0,504325.3371504
2026-08-30 13:51:00,0.0036719,0.0036729,0.00367,0.0036719,66905829.0,245642.3205436
2026-08-30 13:52:00,0.0036719,0.003672,0.0036664,0.0036699,77448547.0,284177.4216864
2026-08-30 13:53:00,0.0036698,0.003671,0.0036675,0.0036707,17448325.0,64027.0761213
2026-08-30 13:54:00,0.0036707,0.0036725,0.0036684,0.0036719,29546549.0,108455.0714455
2026-08-30 13:55:00,0.0036719,0.0036719,0.003667,0.003669,41062098.0,150666.8087642
2026-08-30 13:56:00,0.0036692,0.00367,0.0036666,0.0036699,17875488.0,65573.227546
2026-08-30 13:57:00,0.0036699,0.0036731,0.0036685,0.0036721,36612491.0,134396.130154
2026-08-30 13:58:00,0.003672,0.0036841,0.0036719,0.0036813,172527194.0,634941.9569198
2026-08-30 13:59:00,0.003681,0.0036823,0.0036759,0.0036783,57032449.0,209865.8377412
2026-08-30 14:00:00,0.0036784,0.0036814,0.00367,0.00367,66000707.0,242688.2904632
2026-08-30 14:01:00,0.0036701,0.003676,0.0036693,0.003676,32526364.0,119429.3816672
2026-08-30 14:02:00,0.003676,0.0036783,0.003675,0.003678,16821175.0,61835.4346361
2026-08-30 14:03:00,0.003678,0.0036783,0.003675,0.0036754,15705438.0,57743.0291155
2026-08-30 14:04:00,0.0036753,0.0036753,0.0036684,0.0036697,33682368.0,123640.6793551
2026-08-30 14:05:00,0.0036697,0.0036704,0.003666,0.0036673,33098653.0,121403.223414
2026-08-30 14:06:00,0.0036673,0.0036678,0.0036576,0.0036671,157879157.0,578285.4499255
2026-08-30 14:07:00,0.003667,0.0036696,0.0036658,0.0036688,28911454.0,106045.1201537
2026-08-30 14:08:00,0.0036688,0.0036711,0.0036651,0.0036651,29574778.0,108539.4389438
2026-08-30 14:09:00,0.0036651,0.0036692,0.003663,0.0036689,15366926.0,56314.6645057
2026-08-30 14:10:00,0.0036689,0.0036704,0.0036689,0.0036697,9309039.0,34161.0214663
2026-08-30 14:11:00,0.0036698,0.0036736,0.0036698,0.0036711,34581488.0,126958.2713117
2026-08-30 14:12:00,0.0036712,0.0036717,0.0036692,0.0036708,16140256.0,59243.6095319
2026-08-30 14:13:00,0.003671,0.0036785,0.0036705,0.0036785,16082133.0,59101.3820719
2026-08-30 14:14:00,0.0036782,0.0036782,0.0036726,0.0036757,25693833.0,94437.716294
2026-08-30 14:15:00,0.0036757,0.003679,0.0036713,0.0036772,97856272.0,359758.5631628
2026-08-30 14:16:00,0.0036772,0.0036772,0.0036676,0.0036695,30094314.0,110509.6062702
2026-08-30 14:17:00,0.0036696,0.0036713,0.0036665,0.003671,14948637.0,54840.3404882
2026-08-30 14:18:00,0.003671,0.003671,0.0036675,0.0036675,23805994.0,87347.8749427
2026-08-30 14:19:00,0.0036676,0.0036676,0.0036631,0.0036631,11439601.0,41929.9912275
2026-08-30 14:20:00,0.003663,0.003666,0.0036615,0.0036649,30804188.0,112831.8193379
2026-08-30 14:21:00,0.0036645,0.0036649,0.0036608,0.0036641,41229337.0,151019.0510367
2026-08-30 14:22:00,0.0036641,0.0036641,0.0036602,0.0036615,8518640.0,31194.1410555
2026-08-30 14:23:00,0.0036614,0.0036646,0.0036613,0.0036638,34487574.0,126313.6775107
2026-08-30 14:24:00,0.0036638,0.0036647,0.0036618,0.0036647,8408886.0,30802.110752
2026-08-30 14:25:00,0.0036648,0.0036689,0.0036639,0.0036684,17008884.0,62372.8096611
2026-08-30 14:26:00,0.0036684,0.0036695,0.0036661,0.003667,6214489.0,22795.2645955
2026-08-30 14:27:00,0.0036671,0.003669,0.0036655,0.003669,8839588.0,32412.0530415
2026-08-30 14:28:00,0.0036691,0.0036739,0.003669,0.0036737,24984301.0,91737.3276297
2026-08-30 14:29:00,0.0036734,0.0036734,0.0036699,0.0036709,8381339.0,30772.1791106
2026-08-30 14:30:00,0.003671,0.0036726,0.0036676,0.0036699,8139597.0,29870.6474354
2026-08-30 14:31:00,0.0036698,0.0036751,0.0036687,0.0036745,11996368.0,44054.6612648
2026-08-30 14:32:00,0.0036746,0.0036771,0.0036746,0.0036765,18896550.0,69467.725037
2026-08-30 14:33:00,0.0036766,0.0036768,0.0036715,0.0036715,16996632.0,62441.017636
2026-08-30 14:34:00,0.0036715,0.0036715,0.0036673,0.0036673,23388608.0,85819.5567287
2026-08-30 14:35:00,0.0036672,0.0036676,0.0036623,0.0036634,31620885.0,115861.985772
2026-08-30 14:36:00,0.0036635,0.0036684,0.0036633,0.0036651,23402510.0,85809.1843561
2026-08-30 14:37:00,0.0036652,0.0036655,0.003664,0.003664,5456909.0,19997.3231261
2026-08-30 14:38:00,0.003664,0.003667,0.0036596,0.0036604,127885778.0,468558.4073829
2026-08-30 14:39:00,0.0036605,0.003664,0.0036604,0.0036639,11580226.0,42399.0188961
2026-08-30 14:40:00,0.003664,0.0036666,0.003664,0.0036657,4157184.0,15237.2498737
2026-08-30 14:41:00,0.0036658,0.0036692,0.0036658,0.0036691,9151065.0,33566.1197191
2026-08-30 14:42:00,0.0036691,0.0036715,0.0036691,0.0036713,4915980.0,18044.8567694
2026-08-30 14:43:00,0.0036714,0.0036726,0.0036707,0.0036707,11198464.0,41117.9947364
2026-08-30 14:44:00,0.0036708,0.003672,0.0036697,0.0036697,13968846.0,51275.7474069
2026-08-30 14:45:00,0.0036697,0.0036697,0.0036678,0.0036694,11464364.0,42061.0247076
2026-08-30 14:46:00,0.0036695,0.0036702,0.0036694,0.0036702,2127710.0,7807.9095715
2026-08-30 14:47:00,0.0036701,0.0036726,0.0036701,0.0036719,10527512.0,38653.5685719
2026-08-30 14:48:00,0.0036719,0.0036734,0.0036708,0.0036732,17403602.0,63915.0747308
2026-08-30 14:49:00,0.0036732,0.0036736,0.0036677,0.0036678,6708544.0,24626.274204
2026-08-30 14:50:00,0.0036677,0.0036686,0.0036671,0.0036686,5166954.0,18951.3412996
2026-08-30 14:51:00,0.0036686,0.0036729,0.0036686,0.003671,12534345.0,46024.0758176
2026-08-30 14:52:00,0.003671,0.0036728,0.0036686,0.003669,3934939.0,14445.2330369
2026-08-30 14:53:00,0.003669,0.0036711,0.003669,0.003671,1841130.0,6757.5760071
2026-08-30 14:54:00,0.003671,0.0036729,0.0036708,0.0036729,1893955.0,6953.4829708
2026-08-30 14:55:00,0.0036729,0.0036732,0.0036697,0.00367,8556266.0,31411.7343351
2026-08-30 14:56:00,0.0036699,0.0036717,0.0036665,0.0036714,9928627.0,36429.7458767
2026-08-30 14:57:00,0.0036714,0.0036723,0.003665,0.0036661,18652342.0,68440.3556605
2026-08-30 14:58:00,0.0036662,0.0036683,0.0036647,0.0036647,11598044.0,42528.8646021
2026-08-30 14:59:00,0.0036647,0.0036653,0.0036638,0.0036649,8080567.0,29612.3604646
2026-08-30 15:00:00,0.0036649,0.0036692,0.0036622,0.0036637,59891137.0,219525.9820864
2026-08-30 15:01:00,0.0036638,0.0036651,0.0036607,0.0036611,53286809.0,195207.0976996
2026-08-30 15:02:00,0.0036612,0.0036689,0.0036596,0.0036679,51504203.0,188729.876611
2026-08-30 15:03:00,0.0036679,0.0036747,0.0036675,0.003673,62670720.0,230105.1056229
2026-08-30 15:04:00,0.0036731,0.0036822,0.0036694,0.0036698,51344301.0,188834.4529829
2026-08-30 15:05:00,0.0036698,0.0036715,0.003669,0.0036706,11041422.0,40522.0989035
2026-08-30 15:06:00,0.0036706,0.0036799,0.0036706,0.0036794,26905129.0,98866.778465
2026-08-30 15:07:00,0.0036794,0.0036863,0.0036794,0.0036846,67144831.0,247368.5593524
2026-08-30 15:08:00,0.0036846,0.0036909,0.0036837,0.0036905,69400774.0,255978.0277931
2026-08-30 15:09:00,0.0036906,0.0036938,0.0036799,0.00368,83259583.0,307119.6078276
2026-08-30 15:10:00,0.00368,0.003681,0.003677,0.0036777,30144346.0,110897.3722891
2026-08-30 15:11:00,0.0036777,0.0036782,0.003673,0.003673,14871711.0,54681.4718919
2026-08-30 15:12:00,0.003673,0.003673,0.0036662,0.0036663,33087116.0,121411.3410687
2026-08-30 15:13:00,0.0036663,0.0036684,0.0036604,0.0036622,32936924.0,120682.2855295
2026-08-30 15:14:00,0.0036622,0.0036636,0.0036586,0.0036595,70074886.0,256506.6688513
2026-08-30 15:15:00,0.0036596,0.0036653,0.0036585,0.0036593,128492896.0,470542.3319622
2026-08-30 15:16:00,0.003659,0.0036685,0.0036558,0.0036668,63128342.0,231106.8041525
2026-08-30 15:17:00,0.0036667,0.0036723,0.0036628,0.0036706,16957895.0,62187.4165068
2026-08-30 15:18:00,0.0036706,0.0036724,0.0036692,0.0036692,25210970.0,92550.4012969
2026-08-30 15:19:00,0.0036692,0.0036692,0.0036644,0.0036676,34608727.0,126868.8066797
2026-08-30 15:20:00,0.0036675,0.0036716,0.0036675,0.0036701,10110874.0,37105.2067592
2026-08-30 15:21:00,0.0036702,0.0036758,0.0036702,0.0036758,10817809.0,39740.0013552
2026-08-30 15:22:00,0.0036755,0.003678,0.0036743,0.0036753,20450968.0,75175.7960347
2026-08-30 15:23:00,0.0036751,0.00368,0.0036719,0.00368,18364041.0,67481.0027306
2026-08-30 15:24:00,0.00368,0.0036845,0.003679,0.0036829,37087435.0,136514.0776063
2026-08-30 15:25:00,0.0036828,0.0036829,0.003676,0.0036791,19963964.0,73443.740861
2026-08-30 15:26:00,0.003679,0.0036814,0.0036779,0.0036798,27816070.0,102352.5828453
2026-08-30 15:27:00,0.0036798,0.0036812,0.003672,0.0036743,45410769.0,166934.8572756
2026-08-30 15:28:00,0.0036744,0.0036781,0.003672,0.0036781,11247327.0,41327.1641306
2026-08-30 15:29:00,0.0036781,0.0036781,0.0036726,0.0036737,16649132.0,61194.1743346
2026-08-30 15:30:00,0.0036736,0.003679,0.0036736,0.0036785,8185682.0,30101.1192995
2026-08-30 15:31:00,0.0036786,0.0036817,0.0036764,0.0036817,15326728.0,56368.7128204
2026-08-30 15:32:00,0.0036815,0.0036835,0.0036786,0.0036833,24788838.0,91259.8588791
2026-08-30 15:33:00,0.0036833,0.0036834,0.0036783,0.0036816,21454057.0,78992.7551652
2026-08-30 15:34:00,0.0036816,0.0036835,0.00368,0.0036824,9027937.0,33240.8110242
2026-08-30 15:35:00,0.0036823,0.0036858,0.0036823,0.0036853,11432096.0,42112.895394
2026-08-30 15:36:00,0.0036853,0.0036908,0.0036847,0.0036871,76320745.0,281423.3715824
2026-08-30 15:37:00,0.0036872,0.0036989,0.003686,0.0036891,100949925.0,372840.0509221
2026-08-30 15:38:00,0.0036891,0.0036897,0.0036819,0.0036861,32320014.0,119095.3479365
2026-08-30 15:39:00,0.003686,0.003686,0.0036828,0.0036845,18831431.0,69381.073501
2026-08-30 15:40:00,0.0036845,0.0036886,0.0036832,0.0036885,61944673.0,228328.4215129
2026-08-30 15:41:00,0.0036886,0.0036948,0.003688,0.0036947,130186197.0,480201.6496965
2026-08-30 15:42:00,0.0036947,0.003697,0.0036837,0.0036851,222611379.0,822235.5738073
2026-08-30 15:43:00,0.003685,0.0036858,0.0036798,0.0036804,31339734.0,115405.9836979
2026-08-30 15:44:00,0.0036804,0.0036858,0.0036801,0.0036849,23863267.0,87903.1067337
2026-08-30 15:45:00,0.0036848,0.003685,0.0036817,0.003683,27674685.0,101934.520208
2026-08-30 15:46:00,0.0036831,0.0036868,0.0036801,0.0036832,17794899.0,65543.9636811
2026-08-30 15:47:00,0.0036831,0.0036837,0.0036812,0.0036822,24655755.0,90791.4701037
2026-08-30 15:48:00,0.0036821,0.0036876,0.0036805,0.0036806,79062028.0,291299.6533492
2026-08-30 15:49:00,0.0036805,0.0036805,0.003675,0.0036764,35992961.0,132356.9357687
2026-08-30 15:50:00,0.0036763,0.0036795,0.0036742,0.0036779,27332908.0,100522.9655786
2026-08-30 15:51:00,0.0036779,0.0036804,0.0036775,0.0036783,20604554.0,75799.1503426
2026-08-30 15:52:00,0.0036783,0.0036827,0.0036716,0.0036735,123834491.0,455148.861902
2026-08-30 15:53:00,0.0036735,0.0036792,0.0036728,0.0036792,24479036.0,89947.5388834
2026-08-30 15:54:00,0.0036792,0.0036795,0.0036705,0.0036706,13722241.0,50445.3588486
2026-08-30 15:55:00,0.0036706,0.0036749,0.0036695,0.003673,17808557.0,65394.7789892
2026-08-30 15:56:00,0.0036729,0.0036736,0.0036716,0.0036724,6419438.0,23576.0259927
2026-08-30 15:57:00,0.0036724,0.003679,0.0036724,0.0036769,36078310.0,132677.9039617
2026-08-30 15:58:00,0.0036769,0.0036797,0.0036753,0.0036763,29809527.0,109647.7931532
2026-08-30 15:59:00,0.0036762,0.0036792,0.0036742,0.003679,23442495.0,86189.3347629
2026-08-30 16:00:00,0.0036791,0.0036796,0.0036713,0.0036732,42486371.0,156144.7209246
2026-08-30 16:01:00,0.0036732,0.0036732,0.0036704,0.0036716,57600695.0,211499.1416214
2026-08-30 16:02:00,0.0036717,0.0036844,0.0036711,0.003684,69339953.0,255220.9914873
2026-08-30 16:03:00,0.0036839,0.0036844,0.0036803,0.0036818,20134145.0,74150.4092824
2026-08-30 16:04:00,0.0036818,0.0036881,0.0036817,0.0036849,23711323.0,87374.4974377
2026-08-30 16:05:00,0.0036848,0.0037012,0.0036843,0.0036969,245111586.0,905690.478363
2026-08-30 16:06:00,0.0036964,0.0036964,0.0036804,0.0036809,52960472.0,195289.726835
2026-08-30 16:07:00,0.003681,0.0036846,0.0036804,0.003682,22631714.0,83332.3097645
2026-08-30 16:08:00,0.0036819,0.0036834,0.0036806,0.0036806,22318280.0,82179.8113125
2026-08-30 16:09:00,0.0036807,0.0036836,0.0036772,0.003679,23284978.0,85684.1577873
2026-08-30 16:10:00,0.0036789,0.0036799,0.0036786,0.0036793,11680109.0,42972.1637613
2026-08-30 16:11:00,0.0036794,0.0036797,0.0036722,0.0036789,72915904.0,268113.9986504
2026-08-30 16:12:00,0.0036792,0.0036852,0.0036792,0.0036832,169588855.0,624411.6619405
2026-08-30 16:13:00,0.0036833,0.0037117,0.0036833,0.003706,185680576.0,687215.398391
2026-08-30 16:14:00,0.0037059,0.0037089,0.003699,0.0037048,153807799.0,569589.4480269
2026-08-30 16:15:00,0.0037049,0.0037309,0.0037007,0.0037251,374351030.0,1392553.08892
2026-08-30 16:16:00,0.0037248,0.0037271,0.003712,0.0037192,214209065.0,797276.2945817
2026-08-30 16:17:00,0.0037189,0.00373,0.0037152,0.003726,132124887.0,491890.4383146
2026-08-30 16:18:00,0.0037259,0.0037259,0.0037149,0.00372,137412545.0,511059.2168242
2026-08-30 16:19:00,0.0037201,0.0037207,0.0037116,0.0037117,46095013.0,171261.6933947
2026-08-30 16:20:00,0.0037117,0.0037148,0.003706,0.0037084,72300457.0,268254.7164505
2026-08-30 16:21:00,0.0037083,0.0037095,0.0037016,0.0037038,108418651.0,401636.2552429
2026-08-30 16:22:00,0.0037037,0.0037037,0.0036969,0.0036999,179696787.0,664952.0600348
2026-08-30 16:23:00,0.0036999,0.0037077,0.0036986,0.0037071,27819471.0,103002.8751483
2026-08-30 16:24:00,0.0037071,0.0037101,0.0037009,0.003709,139729874.0,517799.1624662
2026-08-30 16:25:00,0.0037091,0.0037149,0.0037076,0.0037105,120879196.0,448734.3260525
2026-08-30 16:26:00,0.0037106,0.0037112,0.003702,0.0037025,39606675.0,146756.5210319
2026-08-30 16:27:00,0.0037024,0.0037093,0.0037015,0.0037055,59505542.0,220533.019274
2026-08-30 16:28:00,0.0037057,0.0037059,0.0036993,0.0036993,21469130.0,79495.9157099
2026-08-30 16:29:00,0.0036992,0.0037035,0.0036992,0.0037016,29222360.0,108149.0248567
2026-08-30 16:30:00,0.0037016,0.0037048,0.0036995,0.0037013,19169428.0,70966.5540256
2026-08-30 16:31:00,0.0037015,0.0037039,0.0036999,0.0037018,22648775.0,83841.4720398
2026-08-30 16:32:00,0.0037017,0.0037043,0.0037,0.0037024,16406037.0,60746.2312219
2026-08-30 16:33:00,0.0037024,0.0037075,0.0037012,0.0037075,28483504.0,105533.457485
2026-08-30 16:34:00,0.0037076,0.0037093,0.0037018,0.0037051,28805645.0,106736.0724956
2026-08-30 16:35:00,0.0037051,0.0037114,0.0037049,0.0037096,38188241.0,141644.8049463
2026-08-30 16:36:00,0.0037096,0.003719,0.0037092,0.0037133,51189750.0,190198.9388134
2026-08-30 16:37:00,0.0037133,0.0037157,0.0037096,0.0037127,44446524.0,165012.2578213
2026-08-30 16:38:00,0.0037126,0.0037127,0.0037041,0.0037041,21410445.0,79390.5003973
2026-08-30 16:39:00,0.003704,0.0037048,0.0037014,0.0037043,43578416.0,161381.3664942
2026-08-30 16:40:00,0.0037041,0.003715,0.003703,0.0037128,43260426.0,160446.8127486
2026-08-30 16:41:00,0.0037129,0.0037205,0.0037125,0.0037155,50034961.0,185948.2856788
2026-08-30 16:42:00,0.0037153,0.0037189,0.0037111,0.0037111,31287081.0,116214.294681
2026-08-30 16:43:00,0.0037112,0.0037139,0.0037093,0.0037096,20892357.0,77533.7746975
2026-08-30 16:44:00,0.0037095,0.0037134,0.0037058,0.0037133,23893907.0,88629.5732157
2026-08-30 16:45:00,0.0037132,0.0037184,0.0037127,0.0037177,24320757.0,90359.4428368
2026-08-30 16:46:00,0.0037177,0.0037264,0.0037162,0.0037239,77732283.0,289262.7992823
2026-08-30 16:47:00,0.0037239,0.0037266,0.0037224,0.0037257,25418717.0,94660.2796777
2026-08-30 16:48:00,0.0037257,0.0037331,0.0037237,0.0037309,68316003.0,254866.4647181
2026-08-30 16:49:00,0.0037309,0.0037315,0.0037239,0.0037248,35400482.0,131952.3150847
2026-08-30 16:50:00,0.0037245,0.0037309,0.0037226,0.0037265,33775020.0,125846.9740194
2026-08-30 16:51:00,0.0037262,0.0037295,0.0037212,0.0037226,60456004.0,225236.2742685
2026-08-30 16:52:00,0.0037224,0.003728,0.0037218,0.0037274,22886287.0,85259.888567
2026-08-30 16:53:00,0.0037275,0.0037296,0.0037239,0.0037268,157981076.0,588895.3611751
2026-08-30 16:54:00,0.0037269,0.0037284,0.0037227,0.0037269,59328952.0,221008.7479681
2026-08-30 16:55:00,0.0037269,0.00375,0.0037269,0.0037462,385386145.0,1442398.007523
2026-08-30 16:56:00,0.0037463,0.0037523,0.0037449,0.0037507,113037234.0,423709.2134804
2026-08-30 16:57:00,0.0037509,0.003756,0.0037475,0.0037517,98153706.0,368307.4997526
2026-08-30 16:58:00,0.0037516,0.0037552,0.0037488,0.0037524,71657826.0,268829.3350259
2026-08-30 16:59:00,0.0037524,0.0037679,0.003747,0.0037662,195116159.0,733296.0807966
2026-08-30 17:00:00,0.0037661,0.0037661,0.0037582,0.0037608,132147922.0,497294.9829421
2026-08-30 17:01:00,0.0037607,0.0037629,0.003751,0.0037534,124359570.0,467149.6715973
2026-08-30 17:02:00,0.0037535,0.003756,0.0037479,0.0037526,68444282.0,256835.6675223
2026-08-30 17:03:00,0.0037525,0.0037525,0.0037467,0.0037495,34714535.0,130158.316704
2026-08-30 17:04:00,0.0037495,0.0037555,0.0037485,0.0037537,42420256.0,159116.8395743
2026-08-30 17:05:00,0.0037537,0.0037631,0.003753,0.0037631,46474056.0,174691.7866607
2026-08-30 17:06:00,0.0037632,0.0037638,0.0037549,0.0037577,47814727.0,179779.2436879
2026-08-30 17:07:00,0.0037577,0.0037678,0.0037577,0.0037678,41236199.0,155147.9702197
2026-08-30 17:08:00,0.0037676,0.003796,0.0037655,0.0037903,457466241.0,1729656.3626755
2026-08-30 17:09:00,0.0037902,0.0038064,0.0037877,0.0038014,352425769.0,1338224.7510917
2026-08-30 17:10:00,0.003801,0.003801,0.0037778,0.0037859,153239744.0,580456.8265171
2026-08-30 17:11:00,0.0037858,0.0037914,0.0037827,0.0037872,97830231.0,370576.1404645
2026-08-30 17:12:00,0.003787,0.0037921,0.0037854,0.0037854,68248863.0,258559.4649606
2026-08-30 17:13:00,0.0037854,0.0037862,0.0037792,0.003781,92136752.0,348441.3342742
2026-08-30 17:14:00,0.0037809,0.0037835,0.0037737,0.0037805,119087749.0,449953.3876558
2026-08-30 17:15:00,0.0037804,0.0037893,0.0037698,0.0037741,126038305.0,476378.7468656
2026-08-30 17:16:00,0.0037742,0.0037773,0.0037523,0.0037581,478557219.0,1800185.2096618
2026-08-30 17:17:00,0.0037584,0.0037626,0.0037532,0.0037543,64961659.0,244170.0909057
2026-08-30 17:18:00,0.0037544,0.0037649,0.0037544,0.0037599,64386276.0,242110.8569683
2026-08-30 17:19:00,0.0037599,0.0037615,0.0037438,0.0037515,149647856.0,561165.2453909
2026-08-30 17:20:00,0.0037515,0.0037548,0.0037422,0.0037545,54617298.0,204642.0313134
2026-08-30 17:21:00,0.0037545,0.0037576,0.0037423,0.0037496,96363668.0,361293.46821
2026-08-30 17:22:00,0.0037496,0.0037496,0.0037356,0.0037395,79535407.0,297380.1371015
2026-08-30 17:23:00,0.0037396,0.0037447,0.0037347,0.003735,75824267.0,283474.0536336
2026-08-30 17:24:00,0.003735,0.003738,0.003709,0.003729,440246479.0,1638468.7780766
2026-08-30 17:25:00,0.0037289,0.0037335,0.0037177,0.0037296,119885292.0,446542.428998
2026-08-30 17:26:00,0.0037298,0.003743,0.003726,0.0037366,126115204.0,470727.005012
2026-08-30 17:27:00,0.0037365,0.003741,0.0037299,0.003741,109724586.0,409824.992641
2026-08-30 17:28:00,0.003741,0.0037522,0.0037393,0.0037522,80090319.0,299908.3475256
2026-08-30 17:29:00,0.0037521,0.0037521,0.0037456,0.0037479,38562102.0,144557.8426896
2026-08-30 17:30:00,0.0037479,0.0037479,0.0037317,0.0037361,78844209.0,294687.8506855
2026-08-30 17:31:00,0.0037357,0.0037496,0.003735,0.0037494,44631560.0,167154.1259575
2026-08-30 17:32:00,0.0037496,0.0037621,0.0037487,0.0037581,129926374.0,488158.5588937
2026-08-30 17:33:00,0.0037581,0.0037597,0.0037536,0.0037554,32120019.0,120662.3072793
2026-08-30 17:34:00,0.0037554,0.0037577,0.003752,0.0037535,22950284.0,86178.4152108
2026-08-30 17:35:00,0.0037536,0.0037635,0.0037512,0.0037581,75851263.0,285024.7598631
2026-08-30 17:36:00,0.0037581,0.0037683,0.0037563,0.0037673,36991939.0,139228.5006608
2026-08-30 17:37:00,0.0037673,0.0037678,0.0037582,0.0037637,32476323.0,122194.8080802
2026-08-30 17:38:00,0.0037637,0.0037734,0.0037629,0.0037684,54651307.0,206013.1191895
2026-08-30 17:39:00,0.0037685,0.0037753,0.0037685,0.0037745,34007772.0,128317.1901563
2026-08-30 17:40:00,0.0037745,0.0037754,0.003755,0.0037609,88051407.0,331417.8671399
2026-08-30 17:41:00,0.003761,0.0037645,0.0037579,0.0037634,26369799.0,99208.0347968
2026-08-30 17:42:00,0.0037634,0.0037678,0.0037616,0.003764,16917129.0,63683.2965217
2026-08-30 17:43:00,0.0037639,0.0037734,0.0037627,0.0037716,47887837.0,180434.9317702
2026-08-30 17:44:00,0.0037717,0.003777,0.0037708,0.0037765,35452301.0,133803.0379176
2026-08-30 17:45:00,0.0037765,0.0037786,0.0037711,0.0037735,43454426.0,164061.02577
2026-08-30 17:46:00,0.0037735,0.0037747,0.0037633,0.0037705,43690343.0,164670.0485723
2026-08-30 17:47:00,0.0037704,0.0037708,0.0037639,0.0037697,50789966.0,191327.2307277
2026-08-30 17:48:00,0.0037698,0.00377,0.0037627,0.0037648,23413510.0,88173.2567596
2026-08-30 17:49:00,0.0037647,0.0037673,0.0037628,0.0037644,10971360.0,41304.8519688
2026-08-30 17:50:00,0.0037645,0.0037707,0.0037602,0.0037624,85978942.0,323716.8476689
2026-08-30 17:51:00,0.0037625,0.0037662,0.0037528,0.0037558,58737454.0,220822.5417876
2026-08-30 17:52:00,0.0037558,0.0037633,0.0037557,0.0037606,47283015.0,177768.6506449
2026-08-30 17:53:00,0.0037606,0.003763,0.0037501,0.0037523,51623519.0,193946.7761915
2026-08-30 17:54:00,0.0037524,0.0037598,0.0037524,0.0037541,44742326.0,168125.4161188
2026-08-30 17:55:00,0.0037541,0.0037541,0.0037509,0.0037519,11577733.0,43442.4966467
2026-08-30 17:56:00,0.0037519,0.0037519,0.0037459,0.0037496,41040498.0,153835.7969059
2026-08-30 17:57:00,0.0037496,0.0037546,0.0037496,0.0037542,12509107.0,46929.5424425
2026-08-30 17:58:00,0.0037542,0.0037608,0.0037535,0.0037606,14915252.0,56036.6825289
2026-08-30 17:59:00,0.0037606,0.0037724,0.0037606,0.00377,20488137.0,77203.9578272
2026-08-30 18:00:00,0.00377,0.0037761,0.0037678,0.0037739,81561316.0,307699.5938767
2026-08-30 18:01:00,0.003774,0.0037864,0.003774,0.0037787,138153190.0,522288.9854501
2026-08-30 18:02:00,0.0037788,0.0037836,0.0037703,0.0037722,57375259.0,216610.9323355
2026-08-30 18:03:00,0.0037723,0.0037742,0.003767,0.0037731,49857864.0,187982.6392981
2026-08-30 18:04:00,0.0037732,0.0037737,0.0037684,0.0037715,24044229.0,90674.7219504
2026-08-30 18:05:00,0.0037714,0.0037714,0.0037612,0.0037625,37484573.0,141066.9507962
2026-08-30 18:06:00,0.0037626,0.0037631,0.0037552,0.0037571,38599786.0,145078.7964422
2026-08-30 18:07:00,0.003757,0.0037577,0.003753,0.0037565,30384807.0,114097.4612482
2026-08-30 18:08:00,0.0037565,0.0037567,0.0037524,0.0037535,9458794.0,35507.3418761
2026-08-30 18:09:00,0.0037535,0.0037535,0.0037492,0.0037492,16434862.0,61642.5938606
2026-08-30 18:10:00,0.0037493,0.0037498,0.0037401,0.003741,66687309.0,249648.5820858
2026-08-30 18:11:00,0.003741,0.0037423,0.0037364,0.0037388,85838037.0,320956.3503939
2026-08-30 18:12:00,0.0037388,0.0037424,0.003732,0.0037408,88499797.0,330866.2570789
2026-08-30 18:13:00,0.0037408,0.0037434,0.0037362,0.0037417,41435403.0,155007.9596338
2026-08-30 18:14:00,0.0037416,0.0037496,0.0037406,0.003749,16416194.0,61500.1506455
2026-08-30 18:15:00,0.003749,0.0037494,0.0037446,0.0037476,20440744.0,76599.5519876
2026-08-30 18:16:00,0.0037475,0.0037476,0.0037423,0.0037428,19246285.0,72069.197667
2026-08-30 18:17:00,0.0037436,0.0037479,0.0037393,0.0037423,41850901.0,156666.0079116
2026-08-30 18:18:00,0.0037426,0.0037446,0.003739,0.003739,83554692.0,312625.8834326
2026-08-30 18:19:00,0.003739,0.0037422,0.0037384,0.0037413,16352106.0,61171.3125354
2026-08-30 18:20:00,0.0037413,0.0037479,0.0037405,0.003742,31431280.0,117689.3053439
2026-08-30 18:21:00,0.003742,0.0037426,0.003736,0.0037373,37803448.0,141314.8357068
2026-08-30 18:22:00,0.0037374,0.0037414,0.0037374,0.003738,14128023.0,52826.0788761
2026-08-30 18:23:00,0.0037383,0.0037404,0.0037335,0.0037346,17250731.0,64454.1350143
2026-08-30 18:24:00,0.0037347,0.0037372,0.0037326,0.0037345,15069336.0,56277.9219977
2026-08-30 18:25:00,0.0037345,0.003738,0.0037329,0.0037346,16158408.0,60354.2966928
2026-08-30 18:26:00,0.0037346,0.0037354,0.0037201,0.0037229,160624609.0,598404.7052706
2026-08-30 18:27:00,0.003723,0.0037335,0.003723,0.0037324,59661531.0,222569.5505173
2026-08-30 18:28:00,0.0037323,0.003737,0.0037315,0.0037363,63079356.0,235505.2066607
2026-08-30 18:29:00,0.0037363,0.0037482,0.0037352,0.0037449,82116696.0,307307.3585935
2026-08-30 18:30:00,0.003745,0.0037534,0.0037428,0.0037482,37979758.0,142369.4642624
2026-08-30 18:31:00,0.003748,0.0037572,0.0037475,0.0037515,92227184.0,346236.389389
2026-08-30 18:32:00,0.0037516,0.003766,0.0037516,0.003765,99335092.0,373665.404377
2026-08-30 18:33:00,0.0037649,0.003769,0.0037616,0.0037685,33317297.0,125449.765019
2026-08-30 18:34:00,0.0037687,0.0037704,0.0037663,0.0037695,55446449.0,208973.6859646
2026-08-30 18:35:00,0.0037694,0.0037718,0.0037626,0.0037661,36553814.0,137688.9834402
2026-08-30 18:36:00,0.0037661,0.0037661,0.0037574,0.0037601,22095123.0,83076.5408459
2026-08-30 18:37:00,0.0037598,0.0037637,0.0037576,0.003761,23876666.0,89811.6178308
2026-08-30 18:38:00,0.003761,0.0037631,0.0037573,0.0037596,67768979.0,254736.8846561
2026-08-30 18:39:00,0.0037597,0.0037629,0.0037576,0.0037581,31277205.0,117597.5002675
2026-08-30 18:40:00,0.0037581,0.0037584,0.0037513,0.0037523,14517059.0,54514.8724048
2026-08-30 18:41:00,0.0037519,0.0037533,0.0037484,0.0037497,38757623.0,145349.8145702
2026-08-30 18:42:00,0.0037497,0.0037522,0.0037488,0.0037513,30307740.0,113664.1552842
2026-08-30 18:43:00,0.0037514,0.0037542,0.0037472,0.0037482,17119408.0,64221.7265789
2026-08-30 18:44:00,0.0037482,0.0037518,0.0037482,0.00375,7101780.0,26636.0158459
2026-08-30 18:45:00,0.0037501,0.0037503,0.0037464,0.0037485,12551502.0,47042.0481625
2026-08-30 18:46:00,0.0037485,0.0037502,0.0037468,0.0037479,10580197.0,39658.423619
2026-08-30 18:47:00,0.0037479,0.0037495,0.0037439,0.0037491,13385705.0,50147.2363342
2026-08-30 18:48:00,0.0037491,0.0037515,0.0037487,0.0037512,3693337.0,13850.2200659
2026-08-30 18:49:00,0.0037513,0.0037597,0.0037513,0.0037565,24255479.0,91114.7475743
2026-08-30 18:50:00,0.0037566,0.0037574,0.003751,0.0037528,15605859.0,58605.587926
2026-08-30 18:51:00,0.0037529,0.0037573,0.0037509,0.0037563,10921436.0,40993.1871814
2026-08-30 18:52:00,0.0037566,0.0037567,0.003751,0.0037511,5725565.0,21495.1110008
2026-08-30 18:53:00,0.0037511,0.0037524,0.0037458,0.0037458,10437675.0,39140.0256117
2026-08-30 18:54:00,0.0037456,0.0037504,0.0037432,0.0037464,44217435.0,165664.7090311
2026-08-30 18:55:00,0.0037463,0.0037476,0.003744,0.003747,8742828.0,32750.9339189
2026-08-30 18:56:00,0.0037471,0.0037483,0.0037443,0.0037475,19929404.0,74650.7054473
2026-08-30 18:57:00,0.0037475,0.003753,0.0037474,0.0037525,15523318.0,58215.4515274
2026-08-30 18:58:00,0.0037526,0.0037574,0.003751,0.0037559,20777115.0,77984.1692566
2026-08-30 18:59:00,0.0037559,0.0037571,0.00375,0.0037522,47738613.0,179173.4209608
2026-08-30 19:00:00,0.0037522,0.003753,0.0037488,0.0037521,11730248.0,44006.5670151
2026-08-30 19:01:00,0.0037521,0.0037538,0.0037457,0.0037465,32980938.0,123670.7002466
2026-08-30 19:02:00,0.0037464,0.0037465,0.0037393,0.0037397,18818497.0,70448.9871659
2026-08-30 19:03:00,0.0037398,0.003742,0.0037375,0.0037385,19696936.0,73662.3227466
2026-08-30 19:04:00,0.0037384,0.0037399,0.0037359,0.0037399,25079730.0,93735.4040203
2026-08-30 19:05:00,0.0037399,0.0037426,0.0037368,0.0037421,8295750.0,31016.6649585
2026-08-30 19:06:00,0.003742,0.003742,0.0037324,0.0037342,55725257.0,208187.4363932
2026-08-30 19:07:00,0.0037341,0.0037415,0.003733,0.0037409,49982886.0,186800.236111
2026-08-30 19:08:00,0.003741,0.0037428,0.0037378,0.0037387,27165761.0,101624.3742019
2026-08-30 19:09:00,0.0037387,0.0037393,0.0037361,0.0037376,7155134.0,26745.7110135
2026-08-30 19:10:00,0.0037377,0.0037391,0.0037374,0.0037383,11476006.0,42899.6247503
2026-08-30 19:11:00,0.0037382,0.0037449,0.003738,0.0037436,8869511.0,33172.515391
2026-08-30 19:12:00,0.0037435,0.0037466,0.0037424,0.0037465,18763102.0,70253.0725079
2026-08-30 19:13:00,0.0037466,0.0037488,0.0037463,0.0037487,5318863.0,19930.4439713
2026-08-30 19:14:00,0.0037484,0.0037504,0.0037441,0.0037494,23565886.0,88316.3823722
2026-08-30 19:15:00,0.0037492,0.0037515,0.0037355,0.0037375,58590591.0,219314.2187302
2026-08-30 19:16:00,0.0037376,0.0037387,0.0037322,0.0037353,19101705.0,71349.5314398
2026-08-30 19:17:00,0.0037352,0.0037393,0.0037332,0.0037386,10742454.0,40121.7726705
2026-08-30 19:18:00,0.0037386,0.0037409,0.0037371,0.0037406,8701373.0,32529.6791532
2026-08-30 19:19:00,0.0037409,0.0037419,0.0037385,0.0037393,7291874.0,27274.9507785
2026-08-30 19:20:00,0.0037393,0.0037393,0.0037313,0.0037316,10281082.0,38397.6214666
2026-08-30 19:21:00,0.0037316,0.0037335,0.0037269,0.003728,37841262.0,141121.8937095
2026-08-30 19:22:00,0.003728,0.003731,0.0037261,0.003727,18872180.0,70369.4196538
2026-08-30 19:23:00,0.0037271,0.0037319,0.0037257,0.0037306,87333268.0,325614.8691799
2026-08-30 19:24:00,0.0037306,0.0037452,0.0037306,0.0037401,150655883.0,563548.2623348
2026-08-30 19:25:00,0.00374,0.0037404,0.0037312,0.0037324,109217027.0,407822.6770205
2026-08-30 19:26:00,0.0037324,0.0037351,0.0037293,0.0037305,54427297.0,203107.5601881
2026-08-30 19:27:00,0.0037306,0.0037338,0.0037304,0.0037332,28459892.0,106208.7313882
2026-08-30 19:28:00,0.0037332,0.0037363,0.0037311,0.003736,10811627.0,40374.0892626
2026-08-30 19:29:00,0.0037359,0.0037359,0.0037321,0.0037332,15591366.0,58208.5912162
2026-08-30 19:30:00,0.0037333,0.0037382,0.003728,0.003738,146316383.0,546116.0645844
2026-08-30 19:31:00,0.003738,0.0037421,0.0037355,0.003736,28074837.0,104987.6315384
2026-08-30 19:32:00,0.0037361,0.0037378,0.0037291,0.0037291,7377267.0,27545.1981163
2026-08-30 19:33:00,0.0037292,0.0037308,0.0037254,0.0037269,20130299.0,75037.7741267
2026-08-30 19:34:00,0.0037269,0.0037286,0.003723,0.0037248,23433615.0,87282.0546413
2026-08-30 19:35:00,0.0037247,0.0037259,0.0037229,0.0037239,7942242.0,29575.9548542
2026-08-30 19:36:00,0.0037239,0.0037274,0.0037156,0.0037179,66634408.0,247906.3443667
2026-08-30 19:37:00,0.0037178,0.0037227,0.0037178,0.0037194,20960419.0,77977.2697583
2026-08-30 19:38:00,0.0037194,0.0037206,0.0037162,0.0037193,16149140.0,60053.4982777
2026-08-30 19:39:00,0.0037194,0.0037196,0.0037161,0.0037164,14850615.0,55218.3242329
2026-08-30 19:40:00,0.0037164,0.00372,0.0037106,0.0037197,33636685.0,124965.7109763
2026-08-30 19:41:00,0.0037197,0.0037217,0.0037178,0.0037178,12958391.0,48206.7759996
2026-08-30 19:42:00,0.0037179,0.0037181,0.0037113,0.0037125,14097411.0,52358.2888657
2026-08-30 19:43:00,0.0037125,0.0037126,0.0037033,0.0037048,140344238.0,520152.5078618
2026-08-30 19:44:00,0.0037044,0.0037055,0.0036949,0.0036973,134928338.0,499247.9097785
2026-08-30 19:45:00,0.0036972,0.0037,0.0036832,0.0036943,212128184.0,783085.4096353
2026-08-30 19:46:00,0.003694,0.0037045,0.0036938,0.0036994,114148976.0,422401.7618591
2026-08-30 19:47:00,0.0036994,0.0037029,0.003698,0.0037014,18101758.0,66991.2902228
2026-08-30 19:48:00,0.0037014,0.0037031,0.0036979,0.0036998,17531277.0,64865.9987751
2026-08-30 19:49:00,0.0036997,0.0036998,0.0036935,0.0036946,46370327.0,171352.343094
2026-08-30 19:50:00,0.0036946,0.0037026,0.003694,0.0037019,35767851.0,132306.2042698
2026-08-30 19:51:00,0.003702,0.0037023,0.0036988,0.0037022,13525851.0,50054.6378263
2026-08-30 19:52:00,0.0037022,0.0037039,0.0037019,0.0037031,10193130.0,37749.3806565
2026-08-30 19:53:00,0.003703,0.0037039,0.0036988,0.003701,31131355.0,115213.9681816
2026-08-30 19:54:00,0.0037009,0.003701,0.0036993,0.0037003,6674079.0,24696.6735222
2026-08-30 19:55:00,0.0037003,0.0037046,0.0036988,0.003702,22471817.0,83191.5752336
2026-08-30 19:56:00,0.0037019,0.0037059,0.0037017,0.0037051,17052621.0,63159.1239053
2026-08-30 19:57:00,0.0037051,0.0037058,0.003704,0.0037047,7562717.0,28018.458165
2026-08-30 19:58:00,0.0037046,0.0037083,0.0037031,0.0037054,28830910.0,106846.5645546
2026-08-30 19:59:00,0.0037054,0.0037078,0.0037031,0.003706,7684628.0,28471.404262
2026-08-30 20:00:00,0.003706,0.0037122,0.0037058,0.0037118,23751259.0,88113.1521985
2026-08-30 20:01:00,0.0037117,0.0037132,0.0037075,0.0037088,21407810.0,79432.9741709
2026-08-30 20:02:00,0.0037088,0.0037127,0.0037079,0.0037115,17321794.0,64269.1035612
2026-08-30 20:03:00,0.0037115,0.0037137,0.003708,0.0037094,15284545.0,56712.5587935
2026-08-30 20:04:00,0.0037094,0.0037104,0.0037064,0.0037077,41766188.0,154872.1551131
2026-08-30 20:05:00,0.0037078,0.0037096,0.0037067,0.0037095,20518037.0,76078.9388456
2026-08-30 20:06:00,0.0037097,0.0037117,0.003708,0.0037093,16391805.0,60805.4811041
2026-08-30 20:07:00,0.0037091,0.0037099,0.0037077,0.0037079,14035575.0,52054.7784677
2026-08-30 20:08:00,0.003708,0.0037128,0.003708,0.0037115,28789435.0,106803.7049765
2026-08-30 20:09:00,0.0037115,0.0037145,0.0037107,0.0037142,12907714.0,47922.4164374
2026-08-30 20:10:00,0.0037142,0.0037172,0.0037122,0.003714,24046927.0,89320.2000709
2026-08-30 20:11:00,0.003714,0.0037157,0.003711,0.0037125,14452821.0,53675.7621652
2026-08-30 20:12:00,0.0037126,0.0037192,0.0037126,0.0037192,8596953.0,31940.6551912
2026-08-30 20:13:00,0.0037192,0.0037206,0.0037131,0.0037148,53640570.0,199359.2305529
2026-08-30 20:14:00,0.0037149,0.003716,0.0037099,0.0037104,9647086.0,35814.9398005
2026-08-30 20:15:00,0.0037105,0.0037144,0.0037103,0.0037131,11301266.0,41955.7817449
2026-08-30 20:16:00,0.0037132,0.0037161,0.0037126,0.0037131,15202960.0,56465.7659203
2026-08-30 20:17:00,0.0037132,0.0037132,0.0037104,0.0037111,8473522.0,31449.49301
2026-08-30 20:18:00,0.0037111,0.0037112,0.0037033,0.0037062,29699834.0,110075.3264841
2026-08-30 20:19:00,0.0037062,0.0037093,0.0037023,0.0037066,45432511.0,168361.2532611
2026-08-30 20:20:00,0.0037066,0.0037113,0.0037056,0.003709,33384430.0,123838.7084365
2026-08-30 20:21:00,0.003709,0.003709,0.0037037,0.0037079,28822850.0,106826.6907924
2026-08-30 20:22:00,0.0037079,0.003708,0.0037047,0.0037072,18785139.0,69635.3290844
2026-08-30 20:23:00,0.0037072,0.0037097,0.0037056,0.0037096,12016008.0,44546.5788493
2026-08-30 20:24:00,0.0037097,0.0037117,0.0037097,0.0037117,8037175.0,29822.9141448
2026-08-30 20:25:00,0.0037116,0.0037138,0.0037057,0.0037084,46173915.0,171257.0853669
2026-08-30 20:26:00,0.0037084,0.0037098,0.0037073,0.0037078,8951053.0,33193.1467027
2026-08-30 20:27:00,0.0037079,0.0037088,0.0037026,0.0037047,84203346.0,311945.9531407
2026-08-30 20:28:00,0.0037048,0.003705,0.003701,0.0037025,12758949.0,47246.8975238
2026-08-30 20:29:00,0.0037024,0.0037024,0.0036945,0.0036954,36245089.0,134031.8788433
2026-08-30 20:30:00,0.0036953,0.0036974,0.0036806,0.003682,75429355.0,278186.6059886
2026-08-30 20:31:00,0.003682,0.0036879,0.0036756,0.0036797,110834766.0,407916.2958488
2026-08-30 20:32:00,0.0036797,0.0036833,0.0036769,0.0036782,89285508.0,328599.1439637
2026-08-30 20:33:00,0.0036783,0.0036866,0.0036783,0.0036823,21726488.0,80007.3979321
2026-08-30 20:34:00,0.0036824,0.0036853,0.0036814,0.0036835,11074411.0,40789.5714774
2026-08-30 20:35:00,0.0036837,0.0036889,0.0036837,0.0036876,12921520.0,47638.3152126
2026-08-30 20:36:00,0.0036876,0.0036965,0.0036876,0.0036958,23364143.0,86270.2214147
2026-08-30 20:37:00,0.0036957,0.0036989,0.0036943,0.0036978,25556389.0,94483.8519831
2026-08-30 20:38:00,0.0036978,0.0036982,0.0036848,0.0036848,52411446.0,193484.0923861
2026-08-30 20:39:00,0.0036849,0.0036876,0.0036648,0.003672,208080023.0,764580.9745216
2026-08-30 20:40:00,0.0036721,0.0036724,0.0036609,0.0036701,108108331.0,396390.534607
2026-08-30 20:41:00,0.00367,0.0036756,0.003669,0.0036716,42712726.0,156877.900718
2026-08-30 20:42:00,0.0036717,0.0036729,0.0036635,0.0036664,61989806.0,227357.0914419
2026-08-30 20:43:00,0.0036665,0.0036684,0.00366,0.0036645,91192857.0,334072.5598136
2026-08-30 20:44:00,0.0036646,0.0036692,0.0036403,0.003651,331324321.0,1209261.8629813
2026-08-30 20:45:00,0.003651,0.0036612,0.0036499,0.0036586,128202903.0,468670.548378
2026-08-30 20:46:00,0.0036585,0.0036622,0.0036566,0.0036608,88805923.0,324954.7331027
2026-08-30 20:47:00,0.0036606,0.0036674,0.0036606,0.0036663,46023819.0,168657.4832749
2026-08-30 20:48:00,0.0036663,0.0036688,0.0036656,0.0036687,19667886.0,72137.8000166
2026-08-30 20:49:00,0.0036687,0.0036709,0.0036673,0.0036694,19304827.0,70829.8370835
2026-08-30 20:50:00,0.0036694,0.0036744,0.0036694,0.0036714,19569875.0,71864.344383
2026-08-30 20:51:00,0.0036714,0.0036743,0.0036707,0.0036735,11732918.0,43090.3774137
2026-08-30 20:52:00,0.0036735,0.0036746,0.0036686,0.0036718,26809890.0,98445.2466782
2026-08-30 20:53:00,0.0036719,0.0036747,0.0036684,0.0036695,40178406.0,147507.9637397
2026-08-30 20:54:00,0.0036695,0.0036711,0.0036672,0.0036684,8184741.0,30028.9802833
2026-08-30 20:55:00,0.0036685,0.0036709,0.0036684,0.0036703,13162720.0,48304.0732138
2026-08-30 20:56:00,0.0036703,0.0036715,0.003666,0.0036702,20418534.0,74902.3131394
2026-08-30 20:57:00,0.0036703,0.0036703,0.0036667,0.0036669,34755052.0,127493.6802367
2026-08-30 20:58:00,0.0036669,0.0036696,0.0036669,0.0036676,18156032.0,66601.6667362
2026-08-30 20:59:00,0.0036675,0.0036688,0.0036664,0.0036678,35955983.0,131887.4350818
2026-08-30 21:00:00,0.0036679,0.00367,0.0036636,0.0036636,68985690.0,253020.2469154
2026-08-30 21:01:00,0.0036635,0.003671,0.0036153,0.0036294,644701707.0,2343793.1810872
2026-08-30 21:02:00,0.0036292,0.0036434,0.0036148,0.003633,311404147.0,1129648.5118927
2026-08-30 21:03:00,0.0036329,0.0036442,0.0036329,0.0036423,59484835.0,216460.2106316
2026-08-30 21:04:00,0.003642,0.0036495,0.0036417,0.0036435,70576004.0,257274.1756361
2026-08-30 21:05:00,0.0036434,0.0036477,0.0036418,0.0036443,47741283.0,173981.4835938
2026-08-30 21:06:00,0.0036445,0.0036471,0.0036413,0.0036424,23054292.0,84027.3552723
2026-08-30 21:07:00,0.0036426,0.0036462,0.0036411,0.0036449,34827042.0,126902.0797646
2026-08-30 21:08:00,0.0036448,0.0036526,0.0036442,0.0036494,38243787.0,139571.098193
2026-08-30 21:09:00,0.0036494,0.003653,0.0036482,0.003653,21620431.0,78947.1413305
2026-08-30 21:10:00,0.0036529,0.0036572,0.0036398,0.0036418,112361171.0,410372.0970279
2026-08-30 21:11:00,0.0036418,0.0036522,0.0036414,0.0036503,24335522.0,88763.3980942
2026-08-30 21:12:00,0.0036504,0.0036609,0.0036504,0.0036598,50333157.0,183999.5586259
2026-08-30 21:13:00,0.0036597,0.0036602,0.0036524,0.0036534,31578998.0,115440.8514453
2026-08-30 21:14:00,0.0036533,0.0036565,0.0036525,0.0036551,25610660.0,93606.2024646
2026-08-30 21:15:00,0.0036551,0.0036585,0.0036533,0.0036576,19992579.0,73089.9039592
2026-08-30 21:16:00,0.0036576,0.0036599,0.0036536,0.0036546,18799194.0,68719.6201154
2026-08-30 21:17:00,0.0036544,0.00366,0.0036527,0.0036583,21444621.0,78416.2533902
2026-08-30 21:18:00,0.0036583,0.0036583,0.0036521,0.0036533,16727061.0,61127.3465205
2026-08-30 21:19:00,0.0036533,0.0036556,0.0036478,0.0036519,19810395.0,72331.7236411
2026-08-30 21:20:00,0.003652,0.0036579,0.0036513,0.0036569,14152655.0,51719.891283
2026-08-30 21:21:00,0.0036569,0.0036573,0.0036515,0.0036523,6858057.0,25057.8510106
2026-08-30 21:22:00,0.0036523,0.0036538,0.0036467,0.0036468,7381624.0,26945.8021166
2026-08-30 21:23:00,0.0036471,0.0036471,0.0036401,0.0036404,34156984.0,124395.6729237
2026-08-30 21:24:00,0.0036404,0.0036503,0.003635,0.0036502,95820111.0,348850.1589452
2026-08-30 21:25:00,0.0036502,0.0036504,0.0036474,0.0036489,14787518.0,53953.8782754
2026-08-30 21:26:00,0.0036492,0.0036538,0.0036487,0.0036522,12849349.0,46911.9255794
2026-08-30 21:27:00,0.0036523,0.0036539,0.0036505,0.0036534,7807982.0,28516.8979059
2026-08-30 21:28:00,0.0036534,0.0036588,0.0036527,0.0036586,21889483.0,80049.0108718
2026-08-30 21:29:00,0.0036585,0.003661,0.0036556,0.0036565,24335536.0,89035.5024543
2026-08-30 21:30:00,0.0036565,0.0036628,0.0036549,0.003662,17589173.0,64363.6013185
2026-08-30 21:31:00,0.0036613,0.0036626,0.0036593,0.003662,17007524.0,62266.4608846
2026-08-30 21:32:00,0.0036618,0.0036654,0.0036578,0.003665,37657971.0,137943.4365815
2026-08-30 21:33:00,0.0036646,0.0036722,0.0036635,0.0036704,44388304.0,162832.7875826
2026-08-30 21:34:00,0.0036705,0.0036727,0.0036694,0.0036701,19626128.0,72040.817795
2026-08-30 21:35:00,0.0036702,0.0036745,0.0036683,0.0036683,20476106.0,75172.4682017
2026-08-30 21:36:00,0.0036683,0.0036704,0.0036654,0.0036696,232453502.0,852685.1674996
2026-08-30 21:37:00,0.0036695,0.0036696,0.0036596,0.0036604,82911475.0,303796.5614591
2026-08-30 21:38:00,0.00366,0.0036627,0.0036596,0.0036602,53440902.0,195643.7449604
2026-08-30 21:39:00,0.0036603,0.0036618,0.003658,0.0036607,8088096.0,29602.926529
2026-08-30 21:40:00,0.0036607,0.0036617,0.0036536,0.0036539,11680441.0,42724.1093256
2026-08-30 21:41:00,0.0036537,0.0036582,0.0036527,0.0036548,28991849.0,105977.8590323
2026-08-30 21:42:00,0.0036548,0.0036598,0.003654,0.0036553,14745740.0,53925.9498453
2026-08-30 21:43:00,0.0036556,0.0036561,0.003653,0.0036537,14188184.0,51850.6238257
2026-08-30 21:44:00,0.0036536,0.0036549,0.003652,0.0036549,5284490.0,19308.3873134
2026-08-30 21:45:00,0.0036548,0.0036556,0.0036508,0.0036508,7520039.0,27480.5529987
2026-08-30 21:46:00,0.0036507,0.003651,0.0036456,0.003646,12230323.0,44627.9081026
2026-08-30 21:47:00,0.003646,0.0036489,0.003642,0.003642,29712534.0,108371.157325
2026-08-30 21:48:00,0.003642,0.0036454,0.0036412,0.0036446,23603537.0,85983.6449728
2026-08-30 21:49:00,0.0036445,0.0036465,0.0036439,0.0036449,16162804.0,58925.3912197
2026-08-30 21:50:00,0.0036449,0.0036457,0.0036428,0.0036442,10926774.0,39817.9489188
2026-08-30 21:51:00,0.0036443,0.0036535,0.0036442,0.0036519,42848207.0,156403.8814441
2026-08-30 21:52:00,0.0036518,0.0036547,0.0036495,0.00365,11265419.0,41148.7001591
2026-08-30 21:53:00,0.00365,0.0036506,0.0036488,0.003649,9221333.0,33658.9327541
2026-08-30 21:54:00,0.003649,0.0036515,0.0036453,0.0036469,6536341.0,23850.2319425
2026-08-30 21:55:00,0.0036469,0.0036533,0.0036467,0.0036533,5796826.0,21158.8099893
2026-08-30 21:56:00,0.0036534,0.0036568,0.003653,0.0036536,11078675.0,40487.2599722
2026-08-30 21:57:00,0.0036536,0.0036587,0.0036536,0.0036565,26651358.0,97467.3567474
2026-08-30 21:58:00,0.0036565,0.0036565,0.003653,0.003653,3849822.0,14070.1985086
2026-08-30 21:59:00,0.0036531,0.0036561,0.0036531,0.0036553,5709023.0,20865.4529314
2026-08-30 22:00:00,0.0036553,0.0036594,0.0036421,0.0036489,59962520.0,218947.2091711
2026-08-30 22:01:00,0.003649,0.0036741,0.003649,0.0036721,48487737.0,177726.9677579
2026-08-30 22:02:00,0.003672,0.0036779,0.0036672,0.0036719,46055733.0,169130.4381154
2026-08-30 22:03:00,0.0036719,0.0036723,0.0036645,0.0036723,59244886.0,217308.5745703
2026-08-30 22:04:00,0.0036722,0.0036722,0.0036664,0.0036685,13612440.0,49932.8798511
2026-08-30 22:05:00,0.0036685,0.0036707,0.0036631,0.0036637,26136177.0,95855.8041703
2026-08-30 22:06:00,0.0036637,0.0036657,0.0036603,0.0036616,44471514.0,162942.3740196
2026-08-30 22:07:00,0.0036616,0.0036628,0.0036564,0.0036588,31300240.0,114517.4692635
2026-08-30 22:08:00,0.0036588,0.0036594,0.0036558,0.0036566,8867603.0,32434.8891198
2026-08-30 22:09:00,0.0036566,0.003658,0.0036534,0.0036536,12268873.0,44844.8433455
2026-08-30 22:10:00,0.0036536,0.0036539,0.0036459,0.003647,20528384.0,74908.5367031
2026-08-30 22:11:00,0.0036472,0.0036474,0.0036425,0.0036425,32036730.0,116756.561164
2026-08-30 22:12:00,0.0036425,0.0036482,0.0036422,0.0036432,29286696.0,106746.3488779
2026-08-30 22:13:00,0.0036433,0.0036451,0.0036378,0.0036399,50430973.0,183587.2134126
2026-08-30 22:14:00,0.0036399,0.0036431,0.0036399,0.0036414,17197253.0,62629.8757847
2026-08-30 22:15:00,0.0036413,0.0036415,0.003638,0.0036392,11099627.0,40393.9497846
2026-08-30 22:16:00,0.0036392,0.0036392,0.0036318,0.0036335,34947900.0,127047.2380955
2026-08-30 22:17:00,0.0036336,0.0036344,0.0036263,0.0036288,107978317.0,391928.2176015
2026-08-30 22:18:00,0.0036287,0.0036349,0.0036255,0.0036348,47112292.0,171027.6732215
2026-08-30 22:19:00,0.0036348,0.0036409,0.0036334,0.0036356,40092228.0,145760.8277762
2026-08-30 22:20:00,0.0036355,0.003637,0.00363,0.003633,49325967.0,179185.8465684
2026-08-30 22:21:00,0.003633,0.0036347,0.0036282,0.0036282,16846594.0,61191.2923638
2026-08-30 22:22:00,0.0036283,0.003631,0.0036036,0.0036189,409919730.0,1481106.6514187
2026-08-30 22:23:00,0.0036188,0.0036243,0.0036186,0.0036225,84105103.0,304588.2058973
2026-08-30 22:24:00,0.0036225,0.003624,0.0036165,0.0036168,71102791.0,257402.7166832
2026-08-30 22:25:00,0.0036168,0.0036168,0.0036111,0.0036116,94708076.0,342203.6355868
2026-08-30 22:26:00,0.0036118,0.0036163,0.0036103,0.0036149,55247021.0,199649.9779848
2026-08-30 22:27:00,0.0036148,0.0036149,0.0036085,0.0036116,44296950.0,159994.9552675
2026-08-30 22:28:00,0.0036115,0.0036147,0.0036103,0.003614,19762062.0,71404.4946699
2026-08-30 22:29:00,0.003614,0.0036187,0.0036138,0.0036173,47940071.0,173394.347743
2026-08-30 22:30:00,0.0036174,0.0036179,0.003572,0.0035982,811762906.0,2913204.6437119
2026-08-30 22:31:00,0.0035982,0.0036076,0.0035933,0.0036039,222996084.0,803279.5684253
2026-08-30 22:32:00,0.0036038,0.0036112,0.003603,0.0036071,65975536.0,238009.3749978
2026-08-30 22:33:00,0.0036069,0.0036072,0.0036006,0.0036034,41078627.0,148019.8867784
2026-08-30 22:34:00,0.0036036,0.0036057,0.0035992,0.0036002,26420359.0,95196.8107859
2026-08-30 22:35:00,0.0036,0.0036039,0.0035982,0.0036013,55923545.0,201362.7122295
2026-08-30 22:36:00,0.0036014,0.0036039,0.0035974,0.0035981,24548940.0,88384.7066825
2026-08-30 22:37:00,0.0035982,0.0036006,0.0035959,0.0035994,35595531.0,128087.5116631
2026-08-30 22:38:00,0.0035994,0.0036078,0.0035992,0.0036071,31942476.0,115049.4440898
2026-08-30 22:39:00,0.003607,0.003612,0.0036055,0.0036116,34804021.0,125568.1680013
2026-08-30 22:40:00,0.0036116,0.0036152,0.0036102,0.0036152,22548548.0,81465.2599856
2026-08-30 22:41:00,0.0036152,0.0036205,0.0036139,0.003617,63596200.0,230080.1521324
2026-08-30 22:42:00,0.003617,0.0036187,0.0036131,0.0036162,63303329.0,228874.7969602
2026-08-30 22:43:00,0.0036162,0.0036165,0.0036114,0.0036148,36154330.0,130626.4107088
2026-08-30 22:44:00,0.0036148,0.003615,0.003612,0.0036126,13801290.0,49869.008939
2026-08-30 22:45:00,0.0036126,0.0036148,0.0036051,0.0036105,51318636.0,185155.1939466
2026-08-30 22:46:00,0.0036106,0.0036131,0.003609,0.0036094,16257376.0,58706.3912349
2026-08-30 22:47:00,0.0036095,0.0036119,0.0036073,0.0036113,12637781.0,45618.7981729
2026-08-30 22:48:00,0.0036113,0.0036163,0.0036082,0.0036114,40538045.0,146453.3118657
2026-08-30 22:49:00,0.0036115,0.0036121,0.0036054,0.003608,27783055.0,100244.2962967
2026-08-30 22:50:00,0.003608,0.0036089,0.0036024,0.0036041,30028264.0,108261.0646043
2026-08-30 22:51:00,0.0036041,0.0036054,0.0036016,0.0036036,18122821.0,65308.3009378
2026-08-30 22:52:00,0.0036037,0.0036068,0.0036037,0.0036056,20883373.0,75296.1273222
2026-08-30 22:53:00,0.0036056,0.0036099,0.0036056,0.0036074,28237194.0,101858.9543101
2026-08-30 22:54:00,0.0036074,0.0036089,0.0036059,0.0036063,7086981.0,25563.1780024
2026-08-30 22:55:00,0.0036063,0.0036063,0.0036015,0.0036037,51130007.0,184258.3783546
2026-08-30 22:56:00,0.0036037,0.0036098,0.0036037,0.0036097,23983187.0,86487.4176905
2026-08-30 22:57:00,0.0036096,0.0036172,0.0036096,0.0036149,44331559.0,160202.6557409
2026-08-30 22:58:00,0.0036149,0.0036177,0.0036107,0.003612,32479649.0,117407.9202858
2026-08-30 22:59:00,0.0036121,0.0036123,0.0036078,0.0036116,28043773.0,101231.5756459
2026-08-30 23:00:00,0.003611,0.003611,0.003596,0.0035964,45127978.0,162518.0200016
2026-08-30 23:01:00,0.0035966,0.0036091,0.0035951,0.0036025,40472211.0,145721.6689429
2026-08-30 23:02:00,0.0036024,0.0036024,0.0035972,0.0035992,26992093.0,97151.6970306
2026-08-30 23:03:00,0.0035993,0.0035995,0.0035954,0.003596,26451477.0,95135.8696883
2026-08-30 23:04:00,0.003596,0.0035972,0.003592,0.0035939,20399230.0,73316.8913654
2026-08-30 23:05:00,0.0035939,0.0035959,0.0035666,0.0035829,627975884.0,2245314.8075909
2026-08-30 23:06:00,0.0035828,0.0035837,0.0035801,0.0035811,52883164.0,189429.1619522
2026-08-30 23:07:00,0.0035812,0.0035835,0.0035727,0.0035745,68149969.0,243811.0098861
2026-08-30 23:08:00,0.0035752,0.0035765,0.0035701,0.0035731,67906108.0,242649.3358135
2026-08-30 23:09:00,0.0035731,0.0035748,0.0035704,0.0035727,96426544.0,344501.5803788
2026-08-30 23:10:00,0.0035727,0.0035728,0.0035601,0.0035651,298715241.0,1065264.66777
2026-08-30 23:11:00,0.0035651,0.0035762,0.0035621,0.003575,87067819.0,310916.2807609
2026-08-30 23:12:00,0.0035749,0.0035754,0.0035711,0.0035719,33865673.0,121004.8743847
2026-08-30 23:13:00,0.0035719,0.0035723,0.003562,0.0035634,58810582.0,209787.6842928
2026-08-30 23:14:00,0.0035634,0.0035657,0.0035551,0.0035615,225690284.0,803316.78049
2026-08-30 23:15:00,0.0035613,0.0035643,0.0035579,0.0035616,61338391.0,218450.1975615
2026-08-30 23:16:00,0.0035617,0.0035652,0.0035566,0.0035569,75765377.0,269786.7613039
2026-08-30 23:17:00,0.0035569,0.003558,0.0034985,0.0035288,1918094381.0,6753391.127499
2026-08-30 23:18:00,0.0035285,0.0035386,0.0035273,0.0035379,204790491.0,723599.1739741
2026-08-30 23:19:00,0.0035379,0.0035411,0.0035356,0.0035388,93536812.0,330968.2063981
2026-08-30 23:20:00,0.0035387,0.0035412,0.0035362,0.0035377,85054737.0,301056.4444009
2026-08-30 23:21:00,0.0035376,0.003546,0.0035281,0.0035313,299549655.0,1059493.6756832
2026-08-30 23:22:00,0.0035314,0.0035334,0.0035125,0.0035186,443188027.0,1559910.6353447
2026-08-30 23:23:00,0.0035186,0.0035191,0.0034716,0.0034959,809781611.0,2827245.3713494
2026-08-30 23:24:00,0.0034959,0.0034991,0.003481,0.0034916,279776316.0,977032.6604753
2026-08-30 23:25:00,0.0034918,0.0034983,0.0034802,0.0034936,191112282.0,667425.7927389
2026-08-30 23:26:00,0.0034936,0.0034983,0.0034874,0.0034956,104093202.0,363696.6545291
2026-08-30 23:27:00,0.0034957,0.0034971,0.0034798,0.0034885,134394820.0,469021.2897235
2026-08-30 23:28:00,0.0034885,0.0034928,0.0034751,0.0034774,228888227.0,797165.1691925
2026-08-30 23:29:00,0.0034773,0.0034796,0.0034395,0.0034583,721678723.0,2494311.7534715
2026-08-30 23:30:00,0.0034585,0.0034742,0.003445,0.0034723,262418879.0,908175.755408
2026-08-30 23:31:00,0.0034717,0.0034746,0.0034632,0.003471,180496142.0,626057.309089
2026-08-30 23:32:00,0.0034711,0.0034717,0.0034592,0.0034658,172496156.0,597703.3629604
2026-08-30 23:33:00,0.0034658,0.0034697,0.0034572,0.0034608,103166609.0,357303.0159614
2026-08-30 23:34:00,0.0034609,0.0034627,0.003441,0.0034432,259753709.0,896018.0481444
2026-08-30 23:35:00,0.0034432,0.0034458,0.0034258,0.003433,687877335.0,2361389.116263
2026-08-30 23:36:00,0.003433,0.0034335,0.003401,0.0034328,1129555563.0,3861079.0954107
2026-08-30 23:37:00,0.0034329,0.0034347,0.0034242,0.003429,189842137.0,651122.0868433
2026-08-30 23:38:00,0.003429,0.0034317,0.0034134,0.0034177,177822404.0,608340.4342588
2026-08-30 23:39:00,0.0034177,0.003419,0.0034013,0.0034062,240924126.0,821182.2935527
2026-08-30 23:40:00,0.0034059,0.0034243,0.0034013,0.0034159,263195467.0,899079.6930956
2026-08-30 23:41:00,0.0034158,0.0034204,0.00338,0.0034006,459127410.0,1559993.7547519
2026-08-30 23:42:00,0.0034001,0.0034029,0.0033918,0.0033993,137304795.0,466631.5751747
2026-08-30 23:43:00,0.0033993,0.0034097,0.0033965,0.0033973,144534475.0,492037.0220452
2026-08-30 23:44:00,0.0033974,0.0034059,0.0033915,0.0033934,120316467.0,408989.3483828
2026-08-30 23:45:00,0.0033935,0.0034,0.0033805,0.0033808,216639800.0,734401.2781346
2026-08-30 23:46:00,0.0033808,0.003386,0.003362,0.0033765,395589919.0,1334641.4145774
2026-08-30 23:47:00,0.0033768,0.0033841,0.0033601,0.0033812,290640975.0,980353.803548
2026-08-30 23:48:00,0.0033812,0.0033829,0.0033679,0.003381,89368552.0,301838.4025021
2026-08-30 23:49:00,0.0033809,0.003391,0.0033797,0.0033905,157316676.0,532609.3986026
2026-08-30 23:50:00,0.0033903,0.0034078,0.0033893,0.003404,213008394.0,724083.4130783
2026-08-30 23:51:00,0.0034039,0.0034039,0.0033842,0.0033961,134072447.0,454733.2290152
2026-08-30 23:52:00,0.0033961,0.0034078,0.0033929,0.0034066,108543918.0,369358.4508746
2026-08-30 23:53:00,0.0034067,0.0034079,0.0034004,0.0034011,102095201.0,347647.5053861
2026-08-30 23:54:00,0.0034011,0.003404,0.0033952,0.0034018,102706264.0,349054.0994701
2026-08-30 23:55:00,0.0034022,0.0034058,0.0033977,0.0033998,157798326.0,536836.7785891
2026-08-30 23:56:00,0.0033999,0.0034044,0.0033971,0.0034025,104373294.0,354934.8857248
2026-08-30 23:57:00,0.0034026,0.003406,0.0033975,0.0034038,62180282.0,211561.871504
2026-08-30 23:58:00,0.0034039,0.0034115,0.0034033,0.0034051,160850207.0,548210.3790387
2026-08-30 23:59:00,0.0034051,0.0034128,0.0034011,0.0034011,80864864.0,275650.6481598
2026-08-31 00:00:00,0.0034012,0.0034017,0.0033876,0.0033936,208298462.0,707155.5186571
2026-08-31 00:01:00,0.0033942,0.0034011,0.0033893,0.0033983,116118022.0,394209.7590366
2026-08-31 00:02:00,0.0033985,0.0034073,0.003395,0.0034038,76818583.0,261297.0817614
2026-08-31 00:03:00,0.0034039,0.0034165,0.0034039,0.003416,100419673.0,342648.3674444
2026-08-31 00:04:00,0.0034161,0.0034205,0.0034113,0.0034189,111622745.0,381341.2222829
2026-08-31 00:05:00,0.0034188,0.0034203,0.003413,0.003414,69462325.0,237310.9007779
2026-08-31 00:06:00,0.003414,0.0034147,0.0034059,0.0034081,67358631.0,229703.7042363
2026-08-31 00:07:00,0.003408,0.0034091,0.0033939,0.0033969,98952727.0,336521.8110279
2026-08-31 00:08:00,0.0033969,0.0034004,0.0033912,0.0033995,81918600.0,278231.2223897
2026-08-31 00:09:00,0.0033995,0.0034002,0.0033894,0.0033917,56414614.0,191435.9787854
2026-08-31 00:10:00,0.0033917,0.0034028,0.0033909,0.0034018,43319949.0,147201.580155
2026-08-31 00:11:00,0.0034018,0.0034083,0.0033974,0.0034064,67563908.0,230010.5652754
2026-08-31 00:12:00,0.0034065,0.0034074,0.0033982,0.0034063,71081343.0,241986.7095298
2026-08-31 00:13:00,0.0034063,0.0034107,0.0034052,0.0034101,60948725.0,207675.3517903
2026-08-31 00:14:00,0.0034102,0.0034224,0.0034102,0.0034222,163715882.0,559445.5359385
2026-08-31 00:15:00,0.0034221,0.0034254,0.0034145,0.0034254,113238714.0,387402.6348153
2026-08-31 00:16:00,0.0034255,0.0034376,0.0034231,0.0034362,96800730.0,332129.669559
2026-08-31 00:17:00,0.0034361,0.0034361,0.0034305,0.0034324,68629340.0,235636.5560793
2026-08-31 00:18:00,0.0034323,0.0034384,0.0034322,0.0034366,54703995.0,187916.9954848
2026-08-31 00:19:00,0.0034365,0.0034365,0.0034322,0.0034335,48678683.0,167165.7752126
2026-08-31 00:20:00,0.0034336,0.0034363,0.0034325,0.0034333,47742543.0,163971.2747643
2026-08-31 00:21:00,0.0034334,0.0034397,0.0034331,0.0034355,84561537.0,290579.1461491
2026-08-31 00:22:00,0.0034356,0.0034382,0.0034344,0.0034366,31738009.0,109062.9648486
2026-08-31 00:23:00,0.0034367,0.0034398,0.0034323,0.0034376,95396697.0,327762.2538352
2026-08-31 00:24:00,0.0034376,0.0034376,0.0034322,0.0034356,29385524.0,100927.652524
2026-08-31 00:25:00,0.0034356,0.0034377,0.0034338,0.0034353,56734099.0,194893.456298
2026-08-31 00:26:00,0.0034354,0.0034363,0.0034317,0.0034342,26889458.0,92330.5795595
2026-08-31 00:27:00,0.0034342,0.0034386,0.0034335,0.0034383,33757529.0,115992.1089968
2026-08-31 00:28:00,0.0034383,0.0034383,0.0034308,0.003434,34932854.0,119948.7100821
2026-08-31 00:29:00,0.003434,0.0034346,0.0034294,0.0034297,28027625.0,96188.9216147
2026-08-31 00:30:00,0.0034297,0.0034312,0.0034246,0.0034295,31599674.0,108309.6283409
2026-08-31 00:31:00,0.0034295,0.0034324,0.0034264,0.003431,30795768.0,105633.7980583
2026-08-31 00:32:00,0.003431,0.0034348,0.0034297,0.0034337,23939292.0,82157.5990635
2026-08-31 00:33:00,0.0034337,0.0034346,0.0034275,0.003429,24992947.0,85744.1754426
2026-08-31 00:34:00,0.0034291,0.0034326,0.0034279,0.0034323,24938624.0,85558.7050047
2026-08-31 00:35:00,0.0034324,0.0034414,0.0034324,0.0034357,102262831.0,351486.2145672
2026-08-31 00:36:00,0.0034356,0.0034449,0.0034322,0.0034437,95391326.0,327938.2968548
2026-08-31 00:37:00,0.0034436,0.0034464,0.0034376,0.0034414,100963776.0,347494.7179205
2026-08-31 00:38:00,0.0034415,0.0034415,0.0034393,0.0034404,18723139.0,64411.9072697
2026-08-31 00:39:00,0.0034404,0.0034405,0.0034344,0.0034352,38089875.0,130919.8243252
2026-08-31 00:40:00,0.0034353,0.0034416,0.0034353,0.003441,26049453.0,89599.278578
2026-08-31 00:41:00,0.0034408,0.003443,0.0034399,0.0034427,27406420.0,94315.9103171
2026-08-31 00:42:00,0.0034427,0.0034428,0.0034374,0.0034407,32809424.0,112874.7812903
2026-08-31 00:43:00,0.0034407,0.0034426,0.0034402,0.0034402,18386842.0,63274.9525833
2026-08-31 00:44:00,0.0034403,0.0034427,0.0034395,0.003442,29761176.0,102417.6431826
2026-08-31 00:45:00,0.0034419,0.003442,0.0034377,0.0034408,22331959.0,76819.2711011
2026-08-31 00:46:00,0.0034405,0.0034426,0.0034393,0.0034425,48166520.0,165706.4900216
2026-08-31 00:47:00,0.0034424,0.0034424,0.0034387,0.0034406,25178636.0,86616.0450313
2026-08-31 00:48:00,0.0034406,0.0034407,0.0034375,0.003439,14919132.0,51303.2778216
2026-08-31 00:49:00,0.003439,0.0034404,0.0034384,0.0034386,15545512.0,53468.9930169
2026-08-31 00:50:00,0.0034386,0.0034433,0.0034355,0.0034431,39103975.0,134547.9071477
2026-08-31 00:51:00,0.003443,0.0034432,0.0034362,0.0034377,27429160.0,94341.4813449
2026-08-31 00:52:00,0.0034377,0.0034399,0.0034368,0.0034399,12468693.0,42873.3482003
2026-08-31 00:53:00,0.0034399,0.0034442,0.0034397,0.0034437,57132234.0,196639.2354337
2026-08-31 00:54:00,0.0034437,0.0034467,0.0034437,0.0034443,25817046.0,88937.3908758
2026-08-31 00:55:00,0.0034443,0.0034458,0.0034416,0.003443,13720617.0,47249.9167253
2026-08-31 00:56:00,0.0034428,0.0034428,0.0034402,0.0034403,10140648.0,34898.1467656
2026-08-31 00:57:00,0.0034402,0.0034403,0.0034356,0.0034365,17152990.0,58976.9265725
2026-08-31 00:58:00,0.0034366,0.0034395,0.0034364,0.0034376,11786184.0,40516.2418993
2026-08-31 00:59:00,0.0034377,0.0034377,0.0034335,0.0034346,19836542.0,68139.889602
2026-08-31 01:00:00,0.0034346,0.0034406,0.0034326,0.0034328,99909964.0,343387.4893744
2026-08-31 01:01:00,0.0034328,0.0034379,0.0034282,0.0034356,43753478.0,150184.1166522
2026-08-31 01:02:00,0.0034356,0.0034392,0.003429,0.0034321,24671028.0,84704.5440905
2026-08-31 01:03:00,0.0034321,0.0034325,0.0034223,0.0034251,69009105.0,236381.6121018
2026-08-31 01:04:00,0.0034251,0.0034251,0.0034157,0.0034189,80479078.0,275188.2546297
2026-08-31 01:05:00,0.003419,0.0034226,0.0034173,0.0034215,67424284.0,230584.8876819
2026-08-31 01:06:00,0.0034215,0.0034215,0.003411,0.0034167,85028267.0,290362.7845106
2026-08-31 01:07:00,0.0034166,0.0034166,0.0034077,0.0034101,89697620.0,305951.1534283
2026-08-31 01:08:00,0.0034101,0.0034113,0.0034057,0.003407,98569585.0,336026.3726966
2026-08-31 01:09:00,0.0034071,0.0034117,0.003404,0.0034071,61168902.0,208474.8259418
2026-08-31 01:10:00,0.0034072,0.003422,0.0034066,0.0034145,125102974.0,427577.9288549
2026-08-31 01:11:00,0.0034145,0.0034188,0.0034133,0.003414,41283669.0,141012.6827392
2026-08-31 01:12:00,0.003414,0.003414,0.0034038,0.0034047,169551335.0,577570.7021203
2026-08-31 01:13:00,0.0034046,0.0034098,0.0034027,0.0034078,48921523.0,166670.2702128
2026-08-31 01:14:00,0.0034078,0.003414,0.0034054,0.0034119,48939858.0,166873.8425372
2026-08-31 01:15:00,0.0034118,0.0034126,0.0034073,0.0034093,33190786.0,113193.5531334
2026-08-31 01:16:00,0.0034091,0.003414,0.0034084,0.0034115,24097488.0,82199.1382626
2026-08-31 01:17:00,0.0034115,0.0034163,0.0034061,0.0034075,65785357.0,224406.7873917
2026-08-31 01:18:00,0.0034075,0.0034111,0.0034054,0.0034101,23616505.0,80488.6413336
2026-08-31 01:19:00,0.0034102,0.0034282,0.0034086,0.0034282,47185495.0,161319.1142501
2026-08-31 01:20:00,0.0034284,0.0034329,0.0034227,0.0034227,61859791.0,212086.3510652
2026-08-31 01:21:00,0.0034228,0.0034278,0.00342,0.0034267,179293797.0,613755.8941384
2026-08-31 01:22:00,0.003427,0.0034294,0.0034239,0.0034286,29711912.0,101812.6599777
2026-08-31 01:23:00,0.0034285,0.0034359,0.0034279,0.0034297,35733817.0,122638.0473087
2026-08-31 01:24:00,0.0034297,0.0034342,0.003425,0.0034342,44639232.0,153075.6471225
2026-08-31 01:25:00,0.0034343,0.0034348,0.0034274,0.0034315,20936442.0,71828.8216467
2026-08-31 01:26:00,0.0034312,0.003435,0.0034303,0.0034318,21423620.0,73526.8165408
2026-08-31 01:27:00,0.0034317,0.0034317,0.0034275,0.0034297,12227883.0,41942.7349209
2026-08-31 01:28:00,0.0034298,0.0034333,0.003429,0.0034303,24524374.0,84142.889722
2026-08-31 01:29:00,0.0034304,0.0034311,0.0034257,0.0034275,17981544.0,61629.1773622
2026-08-31 01:30:00,0.0034275,0.0034284,0.0034226,0.003424,42023943.0,143958.6933689
2026-08-31 01:31:00,0.0034239,0.0034264,0.0034224,0.0034224,18614504.0,63741.4404908
2026-08-31 01:32:00,0.0034224,0.0034249,0.0034161,0.0034241,266120799.0,910709.2684556
2026-08-31 01:33:00,0.0034242,0.0034299,0.0034213,0.0034217,135902064.0,465606.6964209
2026-08-31 01:34:00,0.0034216,0.0034216,0.0034142,0.0034178,19837648.0,67791.0936577
2026-08-31 01:35:00,0.0034177,0.0034192,0.0034141,0.0034144,28605690.0,97724.8918656
2026-08-31 01:36:00,0.0034145,0.003425,0.0034145,0.0034225,26783169.0,91653.9290045
2026-08-31 01:37:00,0.0034227,0.0034264,0.0034218,0.0034247,23314439.0,79835.2598497
2026-08-31 01:38:00,0.0034247,0.0034256,0.0034169,0.0034193,36260162.0,124048.3586486
2026-08-31 01:39:00,0.0034192,0.0034424,0.0034182,0.003433,84060207.0,288606.1572409
2026-08-31 01:40:00,0.0034327,0.0034346,0.0034301,0.0034322,26986649.0,92618.4314314
2026-08-31 01:41:00,0.0034322,0.0034322,0.0034275,0.00343,50801368.0,174232.5291442
2026-08-31 01:42:00,0.00343,0.00343,0.0034259,0.0034264,9945461.0,34086.184939
2026-08-31 01:43:00,0.0034264,0.0034264,0.0034202,0.0034221,17583521.0,60175.5719314
2026-08-31 01:44:00,0.0034221,0.0034235,0.0034194,0.0034207,31553380.0,107959.5704989
2026-08-31 01:45:00,0.0034207,0.0034294,0.0034194,0.0034294,22084300.0,75604.8620844
2026-08-31 01:46:00,0.0034295,0.0034309,0.0034221,0.0034224,11237627.0,38506.183288
2026-08-31 01:47:00,0.0034225,0.0034239,0.0034205,0.0034207,10583106.0,36214.2730895
2026-08-31 01:48:00,0.0034208,0.0034243,0.0034205,0.0034207,8393667.0,28720.2951113
2026-08-31 01:49:00,0.0034207,0.0034248,0.0034207,0.0034246,13704026.0,46895.8342752
2026-08-31 01:50:00,0.0034249,0.0034251,0.0034157,0.0034166,112800406.0,385651.3370787
2026-08-31 01:51:00,0.0034166,0.0034171,0.0034129,0.0034145,22156101.0,75672.3166526
2026-08-31 01:52:00,0.0034144,0.0034188,0.0034125,0.0034126,51766816.0,176793.8061513
2026-08-31 01:53:00,0.0034126,0.0034142,0.0034101,0.0034108,23228729.0,79254.7010516
2026-08-31 01:54:00,0.0034108,0.0034137,0.0034096,0.0034103,15971956.0,54479.7868783
2026-08-31 01:55:00,0.0034103,0.003414,0.0034074,0.003412,20017725.0,68283.1846158
2026-08-31 01:56:00,0.003412,0.0034164,0.0034115,0.0034115,21873691.0,74686.244534
2026-08-31 01:57:00,0.0034115,0.0034124,0.0034093,0.0034105,13781139.0,47004.7895746
2026-08-31 01:58:00,0.0034104,0.0034115,0.0034085,0.0034112,17806352.0,60718.9834414
2026-08-31 01:59:00,0.0034113,0.003418,0.0034104,0.003418,44386373.0,151523.002608
2026-08-31 02:00:00,0.003418,0.0034185,0.0034138,0.0034178,45469625.0,155331.6976606
2026-08-31 02:01:00,0.0034178,0.003422,0.0034173,0.0034216,25077296.0,85766.1113719
2026-08-31 02:02:00,0.0034218,0.0034221,0.0034171,0.0034197,23287095.0,79643.6253484
2026-08-31 02:03:00,0.0034197,0.003423,0.0034151,0.0034203,70857227.0,242221.8594343
2026-08-31 02:04:00,0.0034202,0.003439,0.0034199,0.003437,87991576.0,301859.917681
2026-08-31 02:05:00,0.0034369,0.0034369,0.0034308,0.0034334,36532148.0,125460.7627947
2026-08-31 02:06:00,0.0034334,0.0034375,0.0034316,0.0034351,32393286.0,111266.0788549
2026-08-31 02:07:00,0.0034351,0.0034389,0.0034345,0.0034347,23644127.0,81251.5541621
2026-08-31 02:08:00,0.0034347,0.0034363,0.003429,0.0034348,44813631.0,153852.1885008
2026-08-31 02:09:00,0.0034349,0.0034471,0.003434,0.0034468,126158582.0,433932.4740373
2026-08-31 02:10:00,0.0034467,0.0034564,0.0034411,0.0034503,159701041.0,551178.5151838
2026-08-31 02:11:00,0.0034504,0.0034639,0.0034495,0.0034602,127895828.0,442482.6969391
2026-08-31 02:12:00,0.0034598,0.003464,0.0034531,0.003461,114417622.0,395541.7337007
2026-08-31 02:13:00,0.003461,0.0034674,0.0034572,0.0034658,99489931.0,344581.5968935
2026-08-31 02:14:00,0.0034655,0.0034656,0.0034576,0.0034605,50093406.0,173434.1867289
2026-08-31 02:15:00,0.0034604,0.0034608,0.0034532,0.0034567,45060582.0,155757.1293995
2026-08-31 02:16:00,0.0034567,0.0034683,0.0034562,0.0034681,45266349.0,156789.7746265
2026-08-31 02:17:00,0.0034676,0.0034677,0.0034609,0.0034624,80309452.0,278208.5813692
2026-08-31 02:18:00,0.0034624,0.0034644,0.003459,0.0034594,33455453.0,115813.9000466
2026-08-31 02:19:00,0.0034595,0.0034616,0.0034507,0.0034534,48699606.0,168322.710539
2026-08-31 02:20:00,0.0034535,0.0034547,0.0034501,0.0034536,19538833.0,67469.7100719
2026-08-31 02:21:00,0.0034536,0.0034537,0.0034463,0.0034495,29467621.0,101649.5498595
2026-08-31 02:22:00,0.0034495,0.0034521,0.0034461,0.0034461,37059633.0,127836.3437706
2026-08-31 02:23:00,0.0034461,0.0034502,0.0034449,0.0034477,40579496.0,139892.010936
2026-08-31 02:24:00,0.0034477,0.0034511,0.0034461,0.0034478,109829414.0,378812.7707632
2026-08-31 02:25:00,0.0034479,0.0034524,0.0034443,0.0034448,28144463.0,97083.3100612
2026-08-31 02:26:00,0.0034448,0.0034462,0.0034414,0.0034426,19800360.0,68185.2091925
2026-08-31 02:27:00,0.0034426,0.0034454,0.0034411,0.003443,14011266.0,48237.9362283
2026-08-31 02:28:00,0.0034432,0.0034452,0.0034422,0.0034446,9546701.0,32876.7815056
2026-08-31 02:29:00,0.0034446,0.0034453,0.003442,0.0034426,9949295.0,34264.105232
2026-08-31 02:30:00,0.0034426,0.003448,0.0034409,0.0034438,32944055.0,113442.9849017
2026-08-31 02:31:00,0.0034438,0.0034481,0.0034423,0.0034446,37983734.0,130875.4904264
2026-08-31 02:32:00,0.0034446,0.0034486,0.0034445,0.0034467,14175583.0,48852.4178853
2026-08-31 02:33:00,0.0034467,0.0034526,0.0034444,0.0034444,65009141.0,224201.5678475
2026-08-31 02:34:00,0.0034445,0.0034457,0.0034435,0.0034439,15088768.0,51976.2119878
2026-08-31 02:35:00,0.003444,0.0034442,0.0034411,0.0034414,11928581.0,41067.0062714
2026-08-31 02:36:00,0.0034413,0.0034427,0.0034394,0.0034427,38975589.0,134149.1627837
2026-08-31 02:37:00,0.0034428,0.0034453,0.0034392,0.0034419,38360267.0,132068.9611623
2026-08-31 02:38:00,0.003442,0.0034444,0.0034416,0.0034436,9593588.0,33027.1369625
2026-08-31 02:39:00,0.0034436,0.0034448,0.0034393,0.0034441,25131237.0,86506.6714717
2026-08-31 02:40:00,0.0034441,0.0034466,0.0034412,0.0034442,24020168.0,82734.6438235
2026-08-31 02:41:00,0.0034441,0.0034453,0.0034419,0.0034428,20085759.0,69165.3932454
2026-08-31 02:42:00,0.0034428,0.0034428,0.0034399,0.00344,14574322.0,50153.608153
2026-08-31 02:43:00,0.0034401,0.0034408,0.0034134,0.0034253,312376611.0,1070257.3119696
2026-08-31 02:44:00,0.0034254,0.0034313,0.0034228,0.0034257,56982620.0,195254.6821991
2026-08-31 02:45:00,0.0034257,0.003427,0.003421,0.0034213,33748920.0,115559.0143169
2026-08-31 02:46:00,0.0034214,0.0034246,0.0034185,0.00342,39671889.0,135719.1557985
2026-08-31 02:47:00,0.0034201,0.0034212,0.003414,0.0034171,45147668.0,154271.4466297
2026-08-31 02:48:00,0.0034172,0.0034178,0.0034125,0.0034155,34795904.0,118823.2285565
2026-08-31 02:49:00,0.0034156,0.0034159,0.0034132,0.0034149,18835126.0,64320.158376
2026-08-31 02:50:00,0.0034149,0.0034163,0.0034075,0.0034088,97718767.0,333282.0437084
2026-08-31 02:51:00,0.0034089,0.0034097,0.0034048,0.0034067,40116422.0,136685.176189
2026-08-31 02:52:00,0.0034066,0.0034075,0.0034049,0.0034067,37070914.0,126266.7101296
2026-08-31 02:53:00,0.0034067,0.0034102,0.0034036,0.0034102,25563829.0,87094.1245663
2026-08-31 02:54:00,0.0034102,0.0034109,0.0034049,0.0034051,28215523.0,96140.4963508
2026-08-31 02:55:00,0.0034053,0.0034071,0.0034034,0.0034057,25925601.0,88297.1033899
2026-08-31 02:56:00,0.0034057,0.0034069,0.0034015,0.0034044,89102300.0,303306.0495342
2026-08-31 02:57:00,0.0034043,0.0034159,0.0034038,0.0034144,68453780.0,233500.1826374
2026-08-31 02:58:00,0.0034143,0.0034189,0.0034135,0.003417,96168076.0,328451.1818439
2026-08-31 02:59:00,0.003417,0.0034246,0.0034168,0.0034242,45102480.0,154301.224673
2026-08-31 03:00:00,0.0034243,0.0034253,0.0034163,0.0034184,29634134.0,101324.3360012
2026-08-31 03:01:00,0.0034182,0.0034227,0.0034159,0.0034214,44295285.0,151474.9204769
2026-08-31 03:02:00,0.0034215,0.0034285,0.0034215,0.0034276,28208776.0,96603.7596565
2026-08-31 03:03:00,0.0034276,0.0034336,0.0034276,0.0034325,45691163.0,156806.8897256
2026-08-31 03:04:00,0.0034327,0.0034335,0.0034277,0.0034283,42591589.0,146083.7328664
2026-08-31 03:05:00,0.0034282,0.0034282,0.0034246,0.0034256,82406711.0,282352.0495962
2026-08-31 03:06:00,0.0034255,0.0034298,0.0034245,0.0034297,26404400.0,90475.5891963
2026-08-31 03:07:00,0.0034298,0.0034323,0.0034278,0.0034292,37366549.0,128170.9414388
2026-08-31 03:08:00,0.0034291,0.0034335,0.0034263,0.0034334,18533421.0,63562.9886021
2026-08-31 03:09:00,0.0034332,0.0034405,0.0034316,0.0034394,26425803.0,90811.077347
2026-08-31 03:10:00,0.0034395,0.0034404,0.0034364,0.0034389,34410562.0,118320.4952905
2026-08-31 03:11:00,0.0034389,0.003442,0.0034382,0.0034393,21974570.0,75600.9744579
2026-08-31 03:12:00,0.0034394,0.00344,0.0034371,0.0034375,22472405.0,77261.8748143
2026-08-31 03:13:00,0.0034376,0.0034403,0.0034374,0.0034397,13293182.0,45716.1777656
2026-08-31 03:14:00,0.0034397,0.0034417,0.0034377,0.0034377,20050321.0,68979.4684407
2026-08-31 03:15:00,0.0034377,0.0034429,0.0034357,0.0034429,25864510.0,88909.1708041
2026-08-31 03:16:00,0.0034429,0.0034433,0.0034393,0.0034403,53703491.0,184803.5057114
2026-08-31 03:17:00,0.0034403,0.0034406,0.0034353,0.0034371,91946216.0,316218.3417371
2026-08-31 03:18:00,0.0034372,0.0034392,0.0034367,0.003438,19111540.0,65710.9385711
2026-08-31 03:19:00,0.003438,0.0034388,0.0034376,0.0034378,10090724.0,34693.8860879
2026-08-31 03:20:00,0.0034378,0.0034384,0.003435,0.0034366,18027583.0,61947.6239828
2026-08-31 03:21:00,0.0034367,0.0034407,0.0034367,0.0034396,15494862.0,53285.3860517
2026-08-31 03:22:00,0.0034396,0.003443,0.0034389,0.0034429,47716544.0,164212.3318215
2026-08-31 03:23:00,0.0034428,0.0034436,0.0034397,0.0034425,39708975.0,136709.98793
2026-08-31 03:24:00,0.0034426,0.0034459,0.0034426,0.0034459,28326163.0,97570.191361
2026-08-31 03:25:00,0.0034459,0.0034497,0.0034443,0.0034468,90763857.0,312951.8491091
2026-08-31 03:26:00,0.0034468,0.0034471,0.0034445,0.0034445,14537132.0,50096.0255233
2026-08-31 03:27:00,0.0034445,0.0034488,0.0034439,0.0034447,84384231.0,290839.4153509
2026-08-31 03:28:00,0.0034455,0.0034478,0.0034455,0.0034463,11330766.0,39052.023371
2026-08-31 03:29:00,0.0034462,0.0034462,0.0034433,0.0034451,5861897.0,20192.5626428
2026-08-31 03:30:00,0.0034451,0.0034451,0.0034426,0.0034432,5481761.0,18878.3663564
2026-08-31 03:31:00,0.0034432,0.0034436,0.0034422,0.0034436,14774600.0,50867.2949248
2026-08-31 03:32:00,0.0034437,0.0034453,0.0034417,0.0034437,39226384.0,135076.3848881
2026-08-31 03:33:00,0.0034438,0.0034452,0.0034423,0.0034425,23216402.0,79962.7004274
2026-08-31 03:34:00,0.0034426,0.0034426,0.0034343,0.0034366,102194829.0,351331.5450517
2026-08-31 03:35:00,0.0034366,0.0034415,0.0034359,0.0034414,51587016.0,177427.7073457
2026-08-31 03:36:00,0.0034413,0.0034436,0.0034405,0.0034428,14054264.0,48380.9696417
2026-08-31 03:37:00,0.0034428,0.0034478,0.0034428,0.0034456,26309204.0,90656.2325517
2026-08-31 03:38:00,0.0034457,0.0034472,0.0034432,0.0034447,13595771.0,46844.4955605
2026-08-31 03:39:00,0.0034448,0.003448,0.0034448,0.0034453,14226353.0,49033.7291256
2026-08-31 03:40:00,0.0034452,0.0034472,0.0034443,0.0034467,10130931.0,34910.9839363
2026-08-31 03:41:00,0.0034467,0.0034476,0.003446,0.0034475,18402434.0,63423.5037974
2026-08-31 03:42:00,0.0034476,0.0034489,0.0034461,0.0034482,18760408.0,64685.0152939
2026-08-31 03:43:00,0.003448,0.0034506,0.0034465,0.0034475,54334479.0,187400.5332316
2026-08-31 03:44:00,0.0034476,0.0034528,0.0034476,0.0034498,29669603.0,102355.4887854
2026-08-31 03:45:00,0.0034498,0.0034546,0.0034486,0.0034532,23638368.0,81585.2815033
2026-08-31 03:46:00,0.0034533,0.0034552,0.0034512,0.0034533,31517962.0,108842.2388385
2026-08-31 03:47:00,0.0034532,0.003454,0.0034507,0.0034524,45299223.0,156385.919239
2026-08-31 03:48:00,0.0034524,0.0034555,0.003452,0.0034532,24866809.0,85876.131894
2026-08-31 03:49:00,0.0034533,0.0034542,0.0034527,0.003454,12655236.0,43705.2768901
2026-08-31 03:50:00,0.003454,0.0034545,0.0034504,0.0034522,50767546.0,175286.2274413
2026-08-31 03:51:00,0.0034523,0.003454,0.0034516,0.003454,8879317.0,30656.081757
2026-08-31 03:52:00,0.003454,0.0034566,0.0034525,0.0034543,23185463.0,80098.0146611
2026-08-31 03:53:00,0.0034544,0.0034544,0.0034523,0.0034536,29329608.0,101281.6469721
2026-08-31 03:54:00,0.0034536,0.0034557,0.0034534,0.0034547,13802305.0,47684.673409
2026-08-31 03:55:00,0.0034548,0.0034553,0.0034474,0.0034487,32642304.0,112634.470495
2026-08-31 03:56:00,0.0034488,0.00345,0.0034483,0.0034494,25334650.0,87378.2292799
2026-08-31 03:57:00,0.0034494,0.0034494,0.0034464,0.0034473,31516864.0,108649.0955284
2026-08-31 03:58:00,0.0034472,0.0034481,0.0034468,0.0034471,21636076.0,74587.1141446
2026-08-31 03:59:00,0.0034471,0.0034475,0.0034432,0.0034441,40848263.0,140725.4123513
2026-08-31 04:00:00,0.0034442,0.0034461,0.0034393,0.0034401,134430979.0,462922.0739948
2026-08-31 04:01:00,0.0034401,0.0034408,0.0034362,0.003437,28181968.0,96885.9807051
2026-08-31 04:02:00,0.003437,0.0034373,0.0034307,0.0034313,23111283.0,79354.4928448
2026-08-31 04:03:00,0.0034312,0.0034319,0.0034298,0.0034307,19920293.0,68338.0648269
2026-08-31 04:04:00,0.0034308,0.0034314,0.0034271,0.0034285,61964252.0,212502.4939677
2026-08-31 04:05:00,0.0034288,0.003431,0.003427,0.0034304,22389163.0,76765.0778867
2026-08-31 04:06:00,0.0034305,0.0034357,0.0034303,0.0034353,20828471.0,71482.0538323
2026-08-31 04:07:00,0.0034354,0.0034376,0.003433,0.0034353,12183758.0,41854.551437
2026-08-31 04:08:00,0.0034353,0.0034353,0.0034282,0.0034291,22217063.0,76247.6733353
2026-08-31 04:09:00,0.0034292,0.00343,0.0034275,0.003428,15200042.0,52115.0506509
2026-08-31 04:10:00,0.0034281,0.0034304,0.0034255,0.0034292,25905393.0,88783.9710891
2026-08-31 04:11:00,0.0034292,0.0034318,0.0034279,0.0034292,26753497.0,91740.7315959
2026-08-31 04:12:00,0.0034292,0.0034293,0.0034245,0.003425,11206417.0,38391.16183
2026-08-31 04:13:00,0.0034249,0.0034249,0.0034227,0.0034238,8223273.0,28152.7117731
2026-08-31 04:14:00,0.0034238,0.0034265,0.0034227,0.0034265,22825375.0,78178.5762476
2026-08-31 04:15:00,0.0034265,0.0034265,0.003424,0.0034257,21290644.0,72916.9601115
2026-08-31 04:16:00,0.0034257,0.0034289,0.0034248,0.0034277,16222029.0,55584.9756834
2026-08-31 04:17:00,0.0034277,0.0034285,0.0034259,0.0034259,29705611.0,101805.9124605
2026-08-31 04:18:00,0.0034259,0.0034268,0.0034245,0.0034259,10757660.0,36851.9204362
2026-08-31 04:19:00,0.0034259,0.0034259,0.0034242,0.0034248,8301916.0,28434.1380231
2026-08-31 04:20:00,0.0034247,0.0034256,0.0034232,0.0034249,21800064.0,74656.4019234
2026-08-31 04:21:00,0.0034248,0.0034248,0.0034213,0.0034222,15050686.0,51508.166224
2026-08-31 04:22:00,0.0034222,0.0034256,0.0034219,0.003424,23593382.0,80780.0923732
2026-08-31 04:23:00,0.003424,0.0034252,0.0034204,0.0034204,22693459.0,77680.9856243
2026-08-31 04:24:00,0.0034203,0.0034237,0.0034185,0.003423,47314789.0,161873.9440192
2026-08-31 04:25:00,0.003423,0.0034267,0.0034228,0.0034228,14937239.0,51147.6316387
2026-08-31 04:26:00,0.0034229,0.0034236,0.0034211,0.0034221,11026197.0,37737.450417
2026-08-31 04:27:00,0.0034222,0.0034241,0.0034214,0.003423,5457370.0,18681.2060078
2026-08-31 04:28:00,0.003423,0.0034261,0.003423,0.0034261,4936434.0,16905.2053626
2026-08-31 04:29:00,0.0034261,0.0034261,0.0034216,0.0034216,7642009.0,26170.2028069
2026-08-31 04:30:00,0.0034217,0.0034241,0.0034217,0.0034234,24967156.0,85445.0301231
2026-08-31 04:31:00,0.0034234,0.0034234,0.0034167,0.0034192,42027946.0,143734.9746262
2026-08-31 04:32:00,0.0034192,0.0034223,0.0034177,0.0034212,17418569.0,59567.9455136
2026-08-31 04:33:00,0.0034213,0.0034228,0.0034196,0.0034221,9035202.0,30912.0381579
2026-08-31 04:34:00,0.0034221,0.0034227,0.0034211,0.0034218,15914934.0,54460.8109351
2026-08-31 04:35:00,0.0034218,0.0034231,0.0034202,0.003423,22848705.0,78187.4959964
2026-08-31 04:36:00,0.0034231,0.0034262,0.0034231,0.0034255,21286725.0,72907.3587443
2026-08-31 04:37:00,0.0034255,0.0034304,0.0034255,0.0034275,24910006.0,85408.7409678
2026-08-31 04:38:00,0.0034274,0.0034274,0.0034248,0.003426,21259474.0,72847.6734178
2026-08-31 04:39:00,0.0034261,0.0034296,0.003424,0.0034296,24278475.0,83191.5804024
2026-08-31 04:40:00,0.0034296,0.0034308,0.0034259,0.0034259,10114606.0,34678.9302937
2026-08-31 04:41:00,0.0034258,0.003428,0.0034235,0.0034278,8748315.0,29965.9978237
2026-08-31 04:42:00,0.0034278,0.0034278,0.0034262,0.0034266,4431584.0,15186.6644372
2026-08-31 04:43:00,0.0034265,0.0034276,0.0034261,0.0034272,13465804.0,46148.0954248
2026-08-31 04:44:00,0.0034273,0.0034309,0.0034261,0.0034284,53175456.0,182281.8820838
2026-08-31 04:45:00,0.0034284,0.0034284,0.0034246,0.0034258,35125802.0,120368.8394126
2026-08-31 04:46:00,0.0034256,0.0034274,0.0034252,0.003426,12145839.0,41611.4529521
2026-08-31 04:47:00,0.0034259,0.0034308,0.0034258,0.0034267,18713167.0,64159.4383609
2026-08-31 04:48:00,0.0034267,0.0034268,0.0034226,0.0034236,12924420.0,44262.1797136
2026-08-31 04:49:00,0.0034236,0.0034236,0.0034201,0.0034202,10039825.0,34353.1590318
2026-08-31 04:50:00,0.0034202,0.0034265,0.0034192,0.0034254,24372299.0,83417.5189501
2026-08-31 04:51:00,0.0034254,0.0034254,0.0034244,0.0034248,4904526.0,16797.9170878
2026-08-31 04:52:00,0.0034248,0.0034266,0.0034243,0.0034246,12189476.0,41754.3043827
2026-08-31 04:53:00,0.0034245,0.003433,0.0034245,0.0034308,15092385.0,51750.6003983
2026-08-31 04:54:00,0.0034309,0.0034323,0.0034308,0.0034322,13409103.0,46018.8451397
2026-08-31 04:55:00,0.0034322,0.0034352,0.0034314,0.003435,22900270.0,78632.2903363
2026-08-31 04:56:00,0.0034347,0.0034347,0.0034274,0.0034289,46210263.0,158512.9044886
2026-08-31 04:57:00,0.0034289,0.0034307,0.0034266,0.00343,13130050.0,45016.6883934
2026-08-31 04:58:00,0.0034302,0.0034323,0.0034294,0.0034313,10466376.0,35908.4172834
2026-08-31 04:59:00,0.0034313,0.0034322,0.0034308,0.0034314,11354039.0,38961.182438
2026-08-31 05:00:00,0.0034315,0.0034323,0.0034264,0.0034277,17793826.0,61009.3635773
2026-08-31 05:01:00,0.0034276,0.0034283,0.0034258,0.003427,16671097.0,57131.6057085
2026-08-31 05:02:00,0.0034271,0.0034306,0.003424,0.0034299,46866034.0,160638.1297868
2026-08-31 05:03:00,0.00343,0.0034337,0.00343,0.0034313,18216027.0,62516.7036508
2026-08-31 05:04:00,0.0034313,0.0034351,0.0034313,0.0034345,7715888.0,26489.0945365
2026-08-31 05:05:00,0.0034345,0.0034383,0.0034336,0.0034336,20608111.0,70820.1661949
2026-08-31 05:06:00,0.0034336,0.0034365,0.0034331,0.0034355,13363452.0,45902.6995442
2026-08-31 05:07:00,0.0034352,0.0034366,0.003435,0.003435,8699120.0,29889.5898496
2026-08-31 05:08:00,0.0034349,0.0034391,0.0034336,0.0034383,41619195.0,143073.9322668
2026-08-31 05:09:00,0.0034383,0.0034414,0.0034367,0.0034376,46883276.0,161215.5491839
2026-08-31 05:10:00,0.0034376,0.0034376,0.0034332,0.0034341,9577525.0,32893.0623525
2026-08-31 05:11:00,0.003434,0.0034346,0.0034326,0.0034345,8896723.0,30548.3562582
2026-08-31 05:12:00,0.0034345,0.003436,0.003434,0.0034359,8759532.0,30090.1663186
2026-08-31 05:13:00,0.003436,0.0034421,0.003436,0.0034398,23817046.0,81930.4416711
2026-08-31 05:14:00,0.0034399,0.0034414,0.0034386,0.0034401,12497095.0,42993.7359914
2026-08-31 05:15:00,0.0034401,0.0034443,0.0034394,0.0034413,36535591.0,125751.9179848
2026-08-31 05:16:00,0.0034412,0.0034487,0.0034411,0.0034483,90893616.0,313149.1363153
2026-08-31 05:17:00,0.0034484,0.0034516,0.003446,0.0034479,46673439.0,160981.5745414
2026-08-31 05:18:00,0.003448,0.0034579,0.0034475,0.0034565,55168374.0,190395.3824391
2026-08-31 05:19:00,0.0034564,0.0034645,0.0034538,0.003463,78659081.0,272165.2774936
2026-08-31 05:20:00,0.0034631,0.0034678,0.0034617,0.0034666,100297866.0,347553.3991344
2026-08-31 05:21:00,0.0034665,0.0034672,0.003456,0.0034612,87731666.0,303735.0717891
2026-08-31 05:22:00,0.0034611,0.0034615,0.0034549,0.0034594,66772872.0,230855.0351789
2026-08-31 05:23:00,0.0034594,0.0034639,0.0034586,0.0034638,53803198.0,186288.2316124
2026-08-31 05:24:00,0.0034639,0.0034687,0.0034639,0.0034671,45369756.0,157285.2020321
2026-08-31 05:25:00,0.003467,0.0034782,0.0034669,0.0034743,106457907.0,369824.12301
2026-08-31 05:26:00,0.0034744,0.003477,0.0034706,0.0034711,55666477.0,193384.0428649
2026-08-31 05:27:00,0.0034711,0.0034716,0.0034594,0.0034615,71154041.0,246493.9741709
2026-08-31 05:28:00,0.0034616,0.0034664,0.0034616,0.0034658,27306066.0,94605.6181958
2026-08-31 05:29:00,0.0034658,0.0034683,0.0034647,0.0034661,12017725.0,41651.8897643
2026-08-31 05:30:00,0.0034662,0.0034692,0.0034641,0.0034681,23841244.0,82632.894814
2026-08-31 05:31:00,0.0034682,0.0034706,0.0034662,0.0034683,26984292.0,93586.2566456
2026-08-31 05:32:00,0.0034684,0.003469,0.0034628,0.0034652,36000379.0,124762.1902265
2026-08-31 05:33:00,0.0034653,0.0034669,0.0034642,0.0034655,16456490.0,57027.1276685
2026-08-31 05:34:00,0.0034656,0.0034676,0.003465,0.0034671,14710283.0,50987.8158742
2026-08-31 05:35:00,0.0034671,0.0034677,0.003464,0.0034649,9316118.0,32293.7521987
2026-08-31 05:36:00,0.003465,0.0034657,0.0034593,0.0034603,26704581.0,92454.4635569
2026-08-31 05:37:00,0.0034604,0.0034615,0.0034567,0.0034589,23050410.0,79731.0615966
2026-08-31 05:38:00,0.003459,0.0034599,0.0034553,0.0034562,23358730.0,80766.4455501
2026-08-31 05:39:00,0.0034563,0.0034567,0.0034542,0.0034552,17131671.0,59192.9371188
2026-08-31 05:40:00,0.0034553,0.0034623,0.0034552,0.0034617,17564378.0,60746.034395
2026-08-31 05:41:00,0.0034618,0.0034655,0.0034613,0.0034628,20585941.0,71297.513312
2026-08-31 05:42:00,0.0034628,0.0034658,0.0034624,0.0034654,9175719.0,31783.0631089
2026-08-31 05:43:00,0.0034652,0.0034676,0.0034642,0.0034643,13127708.0,45501.8204933
2026-08-31 05:44:00,0.0034643,0.0034691,0.0034639,0.0034659,16230603.0,56260.1762781
2026-08-31 05:45:00,0.003466,0.0034703,0.003466,0.0034677,13792376.0,47836.5631363
2026-08-31 05:46:00,0.0034676,0.0034708,0.0034662,0.003469,22181170.0,76927.1552813
2026-08-31 05:47:00,0.0034689,0.00347,0.0034672,0.0034672,21663301.0,75134.6325191
2026-08-31 05:48:00,0.0034673,0.0034716,0.0034668,0.0034716,25158100.0,87265.2075629
2026-08-31 05:49:00,0.0034715,0.0034723,0.0034684,0.0034711,20323179.0,70533.2003134
2026-08-31 05:50:00,0.0034711,0.0034714,0.0034655,0.0034659,80446238.0,278954.5700058
2026-08-31 05:51:00,0.003466,0.0034686,0.003466,0.003468,16809709.0,58284.55292
2026-08-31 05:52:00,0.0034681,0.0034683,0.0034654,0.0034666,54832839.0,190079.6638726
2026-08-31 05:53:00,0.0034667,0.003469,0.0034649,0.0034688,19342628.0,67071.6458783
2026-08-31 05:54:00,0.003469,0.0034702,0.0034652,0.0034653,52364310.0,181588.043232
2026-08-31 05:55:00,0.0034653,0.0034672,0.0034642,0.003465,38011864.0,131749.5980901
2026-08-31 05:56:00,0.003465,0.0034653,0.0034569,0.0034613,112464616.0,389161.8416884
2026-08-31 05:57:00,0.0034613,0.0034652,0.0034599,0.0034651,30253224.0,104756.5569636
2026-08-31 05:58:00,0.003465,0.0034675,0.0034636,0.003467,21755014.0,75379.1722809
2026-08-31 05:59:00,0.0034669,0.0034682,0.0034639,0.0034659,23443793.0,81260.4439531
2026-08-31 06:00:00,0.003466,0.0034667,0.003462,0.0034665,33908463.0,117467.069395
2026-08-31 06:01:00,0.0034665,0.0034704,0.0034665,0.0034703,17551590.0,60889.9106336
2026-08-31 06:02:00,0.0034703,0.0034752,0.0034697,0.0034745,20729043.0,71985.2657436
2026-08-31 06:03:00,0.0034747,0.0034761,0.0034718,0.0034744,41373586.0,143735.4505824
2026-08-31 06:04:00,0.0034743,0.0034812,0.0034732,0.0034772,135542518.0,471422.1417681
2026-08-31 06:05:00,0.0034773,0.0034776,0.0034692,0.0034708,71555027.0,248554.0373363
2026-08-31 06:06:00,0.0034708,0.0034731,0.0034621,0.0034663,164265271.0,569478.8722399
2026-08-31 06:07:00,0.0034663,0.0034668,0.0034645,0.0034659,69310047.0,240184.2336409
2026-08-31 06:08:00,0.0034659,0.0034661,0.003461,0.0034653,84531201.0,292797.7605603
2026-08-31 06:09:00,0.0034653,0.0034693,0.0034653,0.0034665,10803117.0,37457.8821093
2026-08-31 06:10:00,0.0034664,0.0034679,0.0034664,0.0034665,16885282.0,58541.8961074
2026-08-31 06:11:00,0.0034666,0.003467,0.0034606,0.0034652,122765635.0,425166.0742264
2026-08-31 06:12:00,0.0034653,0.0034708,0.0034652,0.0034675,50182247.0,174021.5572132
2026-08-31 06:13:00,0.0034675,0.0034713,0.0034675,0.003471,24402028.0,84665.7800223
2026-08-31 06:14:00,0.003471,0.0034714,0.0034656,0.0034672,88981332.0,308655.1346485
2026-08-31 06:15:00,0.0034673,0.003476,0.0034672,0.003476,22167775.0,76952.7602624
2026-08-31 06:16:00,0.0034759,0.0034874,0.003475,0.0034862,67291953.0,234272.7466476
2026-08-31 06:17:00,0.0034862,0.0034866,0.0034761,0.0034765,29576457.0,102921.3090659
2026-08-31 06:18:00,0.0034765,0.0034852,0.003476,0.0034851,45841500.0,159572.1610742
2026-08-31 06:19:00,0.0034851,0.0034851,0.0034802,0.0034809,16937196.0,58982.6738967
2026-08-31 06:20:00,0.0034808,0.0034808,0.0034729,0.0034729,23103805.0,80300.0380592
2026-08-31 06:21:00,0.0034729,0.0034773,0.0034728,0.0034743,35767864.0,124312.2466134
2026-08-31 06:22:00,0.0034743,0.0034744,0.0034723,0.0034725,16418540.0,57029.6974421
2026-08-31 06:23:00,0.0034725,0.0034735,0.0034678,0.0034703,39118734.0,135768.6041551
2026-08-31 06:24:00,0.0034703,0.0034722,0.0034702,0.0034719,6586611.0,22862.0790148
2026-08-31 06:25:00,0.0034719,0.0034756,0.0034719,0.0034737,18606101.0,64625.8865806
2026-08-31 06:26:00,0.0034737,0.0034855,0.0034733,0.0034839,35116030.0,122249.1503124
2026-08-31 06:27:00,0.0034839,0.0034857,0.0034829,0.0034842,20171524.0,70281.4979058
2026-08-31 06:28:00,0.0034842,0.0034873,0.0034799,0.0034841,89360289.0,311283.6932557
2026-08-31 06:29:00,0.0034841,0.0034909,0.0034827,0.0034874,78830933.0,274911.1661459
2026-08-31 06:30:00,0.0034874,0.0034874,0.0034815,0.0034819,74424817.0,259316.8545086
2026-08-31 06:31:00,0.0034819,0.003483,0.0034732,0.0034781,60444090.0,210197.6314493
2026-08-31 06:32:00,0.003478,0.0034811,0.0034766,0.0034793,24661275.0,85791.1067621
2026-08-31 06:33:00,0.003479,0.003479,0.0034734,0.0034756,13778516.0,47891.8387494
2026-08-31 06:34:00,0.0034757,0.0034766,0.0034736,0.0034742,9140756.0,31764.4553919
2026-08-31 06:35:00,0.0034741,0.0034743,0.0034715,0.0034722,11777400.0,40903.7632478
2026-08-31 06:36:00,0.0034722,0.0034736,0.0034719,0.0034724,15202091.0,52790.943085
2026-08-31 06:37:00,0.0034732,0.0034788,0.0034732,0.0034781,19060780.0,66245.7127151
2026-08-31 06:38:00,0.0034781,0.0034829,0.003477,0.0034773,36487128.0,126996.3457764
2026-08-31 06:39:00,0.0034772,0.0034811,0.0034761,0.0034811,22682525.0,78903.3761264
2026-08-31 06:40:00,0.0034812,0.0034823,0.0034786,0.0034804,21063129.0,73316.9598253
2026-08-31 06:41:00,0.0034804,0.003483,0.0034799,0.0034821,12587983.0,43824.6929537
2026-08-31 06:42:00,0.0034821,0.0034832,0.0034801,0.003481,17544844.0,61077.2764366
2026-08-31 06:43:00,0.0034811,0.0034811,0.0034778,0.0034789,15261281.0,53095.1804875
2026-08-31 06:44:00,0.0034788,0.0034792,0.003477,0.0034773,16490100.0,57354.2027222
2026-08-31 06:45:00,0.0034773,0.0034774,0.0034761,0.0034772,8791736.0,30564.6391424
2026-08-31 06:46:00,0.0034773,0.0034819,0.0034772,0.0034815,15315917.0,53293.5946344
2026-08-31 06:47:00,0.0034815,0.0034823,0.0034806,0.0034813,17110759.0,59571.4587379
2026-08-31 06:48:00,0.0034814,0.0034846,0.0034814,0.0034831,12922207.0,45014.8093911
2026-08-31 06:49:00,0.0034831,0.0034839,0.0034826,0.0034839,9657236.0,33636.1338966
2026-08-31 06:50:00,0.0034838,0.0034838,0.0034804,0.0034812,19747876.0,68758.8804733
2026-08-31 06:51:00,0.0034812,0.0034847,0.00348,0.0034844,14029887.0,48853.0430151
2026-08-31 06:52:00,0.0034843,0.0034861,0.0034838,0.0034855,7517295.0,26197.3237996
2026-08-31 06:53:00,0.0034855,0.003488,0.0034854,0.0034874,14291683.0,49829.4400943
2026-08-31 06:54:00,0.0034874,0.0034875,0.003484,0.0034847,23940003.0,83437.80109
2026-08-31 06:55:00,0.0034848,0.0034857,0.0034823,0.0034837,11265397.0,39255.5879681
2026-08-31 06:56:00,0.0034838,0.0034841,0.0034812,0.0034815,9872155.0,34380.9128359
2026-08-31 06:57:00,0.0034815,0.0034862,0.003481,0.0034843,22170965.0,77232.3014197
2026-08-31 06:58:00,0.0034842,0.0034861,0.0034834,0.0034835,20185764.0,70339.4201572
2026-08-31 06:59:00,0.0034834,0.0034848,0.0034818,0.0034825,17862028.0,62218.1797887
2026-08-31 07:00:00,0.0034825,0.0034861,0.0034807,0.0034852,20451096.0,71244.0597779
2026-08-31 07:01:00,0.0034852,0.0034905,0.0034852,0.0034893,51582141.0,179905.4096585
2026-08-31 07:02:00,0.0034894,0.0034915,0.0034833,0.0034853,67313746.0,234737.2964578
2026-08-31 07:03:00,0.0034852,0.0034855,0.0034829,0.0034839,21320457.0,74285.7363196
2026-08-31 07:04:00,0.003484,0.0034864,0.003482,0.0034835,57437100.0,200096.1651948
2026-08-31 07:05:00,0.0034836,0.003487,0.0034822,0.0034827,29359442.0,102282.6588071
2026-08-31 07:06:00,0.0034827,0.0034831,0.003479,0.0034808,75919568.0,264209.8532548
2026-08-31 07:07:00,0.0034807,0.0034828,0.0034773,0.0034828,24519217.0,85318.18013
2026-08-31 07:08:00,0.0034828,0.0034837,0.0034802,0.0034826,14618294.0,50902.069104
2026-08-31 07:09:00,0.0034826,0.0034834,0.0034815,0.0034823,6060047.0,21104.2048074
2026-08-31 07:10:00,0.0034825,0.0034869,0.0034825,0.0034867,9135610.0,31835.0729579
2026-08-31 07:11:00,0.0034866,0.0034915,0.0034865,0.0034908,12326745.0,43011.0594623
2026-08-31 07:12:00,0.0034909,0.0034941,0.0034874,0.0034924,33278050.0,116162.4950921
2026-08-31 07:13:00,0.0034924,0.0034924,0.0034853,0.003488,43813776.0,152857.4818268
2026-08-31 07:14:00,0.003488,0.0034888,0.0034868,0.0034879,11577109.0,40380.5949991
2026-08-31 07:15:00,0.0034879,0.0034934,0.0034879,0.0034928,10764044.0,37567.1351525
2026-08-31 07:16:00,0.0034927,0.003496,0.0034921,0.0034947,45397170.0,158627.5662888
2026-08-31 07:17:00,0.0034947,0.0035043,0.0034947,0.0034992,137623747.0,481772.9267806
2026-08-31 07:18:00,0.0034992,0.0035025,0.0034983,0.0035017,32510989.0,113824.5595714
2026-08-31 07:19:00,0.0035015,0.0035046,0.0034979,0.0034985,31979295.0,111967.0851744
2026-08-31 07:20:00,0.0034983,0.003502,0.0034964,0.003497,150530140.0,526656.0035133
2026-08-31 07:21:00,0.003497,0.0035028,0.003496,0.0034964,36422921.0,127456.7416911
2026-08-31 07:22:00,0.0034964,0.0034979,0.0034964,0.0034975,22082065.0,77222.5346219
2026-08-31 07:23:00,0.0034974,0.0035018,0.0034973,0.0035015,16089586.0,56310.5167832
2026-08-31 07:24:00,0.0035015,0.0035128,0.0035013,0.0035112,158094323.0,554600.3574029
2026-08-31 07:25:00,0.0035111,0.0035164,0.0035106,0.0035122,69245558.0,243306.7667131
2026-08-31 07:26:00,0.0035122,0.0035181,0.0035086,0.0035089,67186136.0,236011.1412234
2026-08-31 07:27:00,0.0035089,0.0035147,0.0035089,0.0035137,38514761.0,135238.106269
2026-08-31 07:28:00,0.0035137,0.0035137,0.0035076,0.00351,31705272.0,111279.3881808
2026-08-31 07:29:00,0.0035096,0.0035118,0.0035095,0.0035107,17058566.0,59881.1627098
2026-08-31 07:30:00,0.0035107,0.0035115,0.0035081,0.0035089,23646396.0,82986.6964876
2026-08-31 07:31:00,0.0035089,0.0035089,0.003503,0.003503,22248349.0,77996.5319088
2026-08-31 07:32:00,0.003503,0.0035036,0.0035002,0.0035023,43535100.0,152473.4548473
2026-08-31 07:33:00,0.0035023,0.0035033,0.0034984,0.0035021,65260851.0,228469.9361563
2026-08-31 07:34:00,0.0035021,0.0035054,0.0035016,0.0035042,24332488.0,85259.3672092
2026-08-31 07:35:00,0.0035041,0.0035083,0.0035041,0.0035077,24212072.0,84890.1685957
2026-08-31 07:36:00,0.0035077,0.0035114,0.0035077,0.003511,38625321.0,135559.3288202
2026-08-31 07:37:00,0.0035111,0.0035113,0.003504,0.0035085,38643581.0,135551.872334
2026-08-31 07:38:00,0.0035086,0.0035086,0.0035041,0.0035046,18220058.0,63879.4732048
2026-08-31 07:39:00,0.0035046,0.0035142,0.0035021,0.0035132,54213566.0,190190.6684861
2026-08-31 07:40:00,0.0035133,0.0035137,0.0035065,0.003507,56937916.0,199950.6054522
2026-08-31 07:41:00,0.0035072,0.0035099,0.0035029,0.0035029,39648558.0,139051.3321152
2026-08-31 07:42:00,0.0035029,0.0035096,0.0035029,0.0035095,20892890.0,73224.8677382
2026-08-31 07:43:00,0.0035096,0.0035111,0.0035088,0.0035096,14832352.0,52063.5236205
2026-08-31 07:44:00,0.0035096,0.0035175,0.0035096,0.0035154,38529374.0,135433.9883908
2026-08-31 07:45:00,0.0035155,0.0035155,0.0035109,0.0035131,28515566.0,100162.1476817
2026-08-31 07:46:00,0.003513,0.0035131,0.0035102,0.0035114,24538880.0,86171.6775963
2026-08-31 07:47:00,0.0035114,0.0035118,0.0035064,0.0035085,25143116.0,88230.6036452
2026-08-31 07:48:00,0.0035085,0.0035106,0.0035071,0.0035106,15279398.0,53604.9521905
2026-08-31 07:49:00,0.0035105,0.0035105,0.003506,0.0035066,29139614.0,102213.0604592
2026-08-31 07:50:00,0.0035066,0.003511,0.0035062,0.0035092,21262245.0,74606.1096948
2026-08-31 07:51:00,0.0035092,0.0035125,0.0035086,0.003512,15506245.0,54430.1828076
2026-08-31 07:52:00,0.003512,0.0035121,0.00351,0.0035113,18013275.0,63245.9514215
2026-08-31 07:53:00,0.0035112,0.0035116,0.0035105,0.0035115,15305763.0,53742.6594914
2026-08-31 07:54:00,0.0035116,0.0035166,0.0035115,0.003516,41180239.0,144743.139077
2026-08-31 07:55:00,0.0035159,0.003516,0.0035123,0.0035131,31971763.0,112342.5635376
2026-08-31 07:56:00,0.0035131,0.0035154,0.0035131,0.0035147,13343610.0,46897.6836483
2026-08-31 07:57:00,0.0035147,0.0035156,0.0035105,0.0035105,35894703.0,126110.4663884
2026-08-31 07:58:00,0.0035105,0.0035131,0.0035103,0.0035119,15395901.0,54068.2413729
2026-08-31 07:59:00,0.003512,0.0035134,0.0035119,0.0035129,20069984.0,70502.7564108
2026-08-31 08:00:00,0.0035129,0.0035167,0.0035101,0.0035141,56481859.0,198426.100695
2026-08-31 08:01:00,0.0035141,0.0035234,0.0035141,0.0035184,101076103.0,355714.1766945
2026-08-31 08:02:00,0.0035184,0.0035229,0.0035151,0.003516,80552568.0,283473.2425043
2026-08-31 08:03:00,0.003516,0.0035246,0.003515,0.003523,101927487.0,358910.1916082
2026-08-31 08:04:00,0.003523,0.0035246,0.0035209,0.003521,22841364.0,80472.5783861
2026-08-31 08:05:00,0.0035209,0.0035217,0.0035119,0.0035124,48737977.0,171396.9739163
2026-08-31 08:06:00,0.0035124,0.003514,0.00351,0.0035101,73640462.0,258635.3315652
2026-08-31 08:07:00,0.00351,0.0035132,0.0035077,0.0035131,55495908.0,194770.8632342
2026-08-31 08:08:00,0.0035132,0.003527,0.0035132,0.0035267,47803992.0,168388.4557598
2026-08-31 08:09:00,0.0035268,0.0035268,0.0035218,0.0035234,36763933.0,129567.4858482
2026-08-31 08:10:00,0.0035233,0.0035248,0.0035207,0.0035233,18099166.0,63752.2618995
2026-08-31 08:11:00,0.0035233,0.0035341,0.003522,0.0035311,106678869.0,376443.93377
2026-08-31 08:12:00,0.0035311,0.0035419,0.0035304,0.0035357,101442090.0,358816.3436504
2026-08-31 08:13:00,0.0035356,0.0035383,0.0035319,0.0035333,27506392.0,97219.7824148
2026-08-31 08:14:00,0.0035334,0.0035334,0.0035258,0.0035279,36848465.0,130011.5299233
2026-08-31 08:15:00,0.0035278,0.0035278,0.0035238,0.0035255,26070674.0,91899.0090837
2026-08-31 08:16:00,0.0035256,0.0035299,0.0035255,0.0035282,35601946.0,125591.8657094
2026-08-31 08:17:00,0.0035282,0.0035283,0.003521,0.003523,30850803.0,108742.1427035
2026-08-31 08:18:00,0.003523,0.003531,0.003523,0.0035306,79574346.0,280700.3302888
2026-08-31 08:19:00,0.0035306,0.0035322,0.0035203,0.0035203,53138187.0,187451.7151792
2026-08-31 08:20:00,0.0035203,0.0035205,0.0035164,0.0035179,37282602.0,131176.1863987
2026-08-31 08:21:00,0.0035178,0.0035271,0.0035178,0.0035261,44305251.0,156017.2452028
2026-08-31 08:22:00,0.003526,0.0035272,0.00352,0.0035209,65719128.0,231588.8209123
2026-08-31 08:23:00,0.003521,0.0035227,0.003516,0.0035174,23824135.0,83831.1723554
2026-08-31 08:24:00,0.0035174,0.0035183,0.0035125,0.0035145,30718580.0,107961.4656581
2026-08-31 08:25:00,0.0035145,0.0035232,0.0035141,0.0035214,56610270.0,199260.8838616
2026-08-31 08:26:00,0.0035214,0.0035221,0.0035154,0.0035154,49448323.0,174012.8941813
2026-08-31 08:27:00,0.0035155,0.0035186,0.0035129,0.0035186,68446193.0,240555.075634
2026-08-31 08:28:00,0.0035185,0.0035273,0.0035184,0.0035271,21280035.0,74938.7597078
2026-08-31 08:29:00,0.0035271,0.0035271,0.0035213,0.0035213,26099326.0,91948.5570423
2026-08-31 08:30:00,0.0035213,0.0035251,0.0035192,0.0035248,19666365.0,69246.4775094
2026-08-31 08:31:00,0.0035249,0.0035268,0.0035234,0.0035256,23247769.0,81953.3054665
2026-08-31 08:32:00,0.0035256,0.003531,0.0035255,0.0035303,17047862.0,60157.9668138
2026-08-31 08:33:00,0.0035303,0.0035307,0.0035206,0.0035276,94852117.0,334404.4687461
2026-08-31 08:34:00,0.0035277,0.003536,0.003527,0.0035322,198862811.0,702131.2221482
2026-08-31 08:35:00,0.0035322,0.0035339,0.0035262,0.0035299,143441185.0,506363.1424031
2026-08-31 08:36:00,0.0035299,0.0035339,0.0035257,0.0035262,27264200.0,96228.0522755
2026-08-31 08:37:00,0.0035262,0.0035262,0.0035226,0.0035251,25289552.0,89130.4973909
2026-08-31 08:38:00,0.0035251,0.0035253,0.0035225,0.0035238,23258737.0,81965.5752907
2026-08-31 08:39:00,0.0035238,0.0035292,0.003522,0.0035286,44348417.0,156332.8904672
2026-08-31 08:40:00,0.0035287,0.0035298,0.0035242,0.0035289,38942988.0,137359.2062683
2026-08-31 08:41:00,0.0035289,0.0035424,0.0035272,0.0035411,46062760.0,162920.4403151
2026-08-31 08:42:00,0.0035411,0.0035611,0.0035408,0.0035507,225518571.0,801329.462394
2026-08-31 08:43:00,0.0035504,0.0035536,0.0035358,0.0035364,67692623.0,240040.6376002
2026-08-31 08:44:00,0.0035365,0.0035371,0.0035327,0.0035343,32057259.0,113304.6815659
2026-08-31 08:45:00,0.0035343,0.0035373,0.0035297,0.0035354,50405798.0,178116.7725098
2026-08-31 08:46:00,0.0035353,0.0035379,0.0035267,0.0035269,61224355.0,216271.5658285
2026-08-31 08:47:00,0.0035268,0.0035289,0.0035245,0.0035282,16517354.0,58241.5561974
2026-08-31 08:48:00,0.0035283,0.0035366,0.0035273,0.003536,47670114.0,168430.9477565
2026-08-31 08:49:00,0.003536,0.0035407,0.003536,0.0035372,38861142.0,137503.6485771
2026-08-31 08:50:00,0.0035371,0.0035371,0.0035327,0.003533,19381499.0,68502.3793415
2026-08-31 08:51:00,0.003533,0.0035345,0.0035327,0.0035335,13993562.0,49447.1366373
2026-08-31 08:52:00,0.0035335,0.0035407,0.0035335,0.0035395,21638722.0,76548.6730696
2026-08-31 08:53:00,0.0035395,0.0035419,0.0035349,0.0035398,38814428.0,137343.6769046
2026-08-31 08:54:00,0.0035399,0.003541,0.0035336,0.0035338,29211356.0,103313.55682
2026-08-31 08:55:00,0.0035337,0.0035357,0.0035317,0.0035335,35556761.0,125644.5743514
2026-08-31 08:56:00,0.0035335,0.003534,0.0035311,0.0035317,8927581.0,31533.3176525
2026-08-31 08:57:00,0.0035316,0.003533,0.0035294,0.0035316,64538920.0,227869.8482556
2026-08-31 08:58:00,0.0035317,0.003536,0.0035316,0.0035346,40994814.0,144872.7233256
2026-08-31 08:59:00,0.0035345,0.0035458,0.0035295,0.0035429,141818088.0,501824.9099383
2026-08-31 09:00:00,0.0035429,0.0035429,0.0035338,0.0035415,71457761.0,252894.6937669
2026-08-31 09:01:00,0.0035414,0.003546,0.0035393,0.0035428,66214679.0,234610.1032256
2026-08-31 09:02:00,0.0035427,0.003545,0.0035372,0.0035372,42301906.0,149814.566795
2026-08-31 09:03:00,0.0035372,0.0035372,0.0035315,0.0035322,23584805.0,83344.6350061
2026-08-31 09:04:00,0.0035323,0.0035366,0.0035311,0.0035316,47081581.0,166350.7314709
2026-08-31 09:05:00,0.0035316,0.0035461,0.0035296,0.0035454,31489349.0,111392.6126022
2026-08-31 09:06:00,0.0035454,0.0035541,0.0035447,0.0035502,53085664.0,188411.3510865
2026-08-31 09:07:00,0.0035504,0.0035547,0.0035461,0.0035547,33818396.0,120091.4280496
2026-08-31 09:08:00,0.0035546,0.0035742,0.0035531,0.003573,162442629.0,578960.6213566
2026-08-31 09:09:00,0.0035729,0.0035762,0.0035662,0.0035698,169588628.0,605360.5312222
2026-08-31 09:10:00,0.0035699,0.0035719,0.0035591,0.0035591,60607194.0,216122.5437526
2026-08-31 09:11:00,0.0035591,0.0035594,0.0035547,0.0035562,44101402.0,156867.096227
2026-08-31 09:12:00,0.0035561,0.0035574,0.0035501,0.0035518,33851227.0,120306.7886502
2026-08-31 09:13:00,0.0035518,0.0035559,0.0035515,0.0035537,35432742.0,125908.5054053
2026-08-31 09:14:00,0.0035536,0.0035573,0.0035513,0.003553,19105587.0,67899.7365913
2026-08-31 09:15:00,0.0035531,0.0035541,0.0035484,0.0035523,20454757.0,72635.4228754
2026-08-31 09:16:00,0.0035524,0.00356,0.0035517,0.0035581,50176378.0,178434.8268302
2026-08-31 09:17:00,0.0035581,0.0035639,0.0035565,0.003563,32856853.0,116984.3434168
2026-08-31 09:18:00,0.003563,0.0035637,0.00356,0.0035603,31918826.0,113678.5237767
2026-08-31 09:19:00,0.0035602,0.0035625,0.0035597,0.0035605,14386945.0,51231.2715214
2026-08-31 09:20:00,0.0035606,0.0035625,0.0035586,0.0035613,25628265.0,91245.9570644
2026-08-31 09:21:00,0.0035612,0.0035783,0.0035592,0.0035759,148653754.0,530718.273564
2026-08-31 09:22:00,0.0035759,0.0035773,0.0035706,0.0035716,40549786.0,144932.3936544
2026-08-31 09:23:00,0.0035715,0.0035756,0.0035694,0.0035709,29534913.0,105504.8448771
2026-08-31 09:24:00,0.0035709,0.003577,0.0035695,0.0035719,54218603.0,193737.9228065
2026-08-31 09:25:00,0.003572,0.0035912,0.0035699,0.0035739,368797158.0,1321103.5922841
2026-08-31 09:26:00,0.0035738,0.003574,0.0035659,0.0035697,84229970.0,300649.4768872
2026-08-31 09:27:00,0.0035696,0.0035774,0.0035682,0.0035774,58104425.0,207541.0284798
2026-08-31 09:28:00,0.0035774,0.0035799,0.0035758,0.003576,39771070.0,142290.9932079
2026-08-31 09:29:00,0.0035759,0.0035781,0.0035707,0.0035717,22901161.0,81847.2714258
2026-08-31 09:30:00,0.0035712,0.0035731,0.0035663,0.0035685,56383765.0,201282.7854107
2026-08-31 09:31:00,0.0035685,0.0035707,0.0035661,0.0035673,35854558.0,127926.9879426
2026-08-31 09:32:00,0.0035673,0.0035712,0.0035673,0.0035697,76567277.0,273283.828349
2026-08-31 09:33:00,0.0035698,0.0035762,0.0035696,0.0035729,24214328.0,86495.0429821
2026-08-31 09:34:00,0.0035729,0.0035744,0.0035708,0.0035723,40150487.0,143434.4532182
2026-08-31 09:35:00,0.0035723,0.0035745,0.0035709,0.0035732,14541246.0,51950.8200826
2026-08-31 09:36:00,0.0035733,0.0035733,0.003569,0.0035714,21754597.0,77681.6063731
2026-08-31 09:37:00,0.0035714,0.0035736,0.0035654,0.003567,21245201.0,75809.295111
2026-08-31 09:38:00,0.0035672,0.0035718,0.003567,0.00357,39077756.0,139433.0045487
2026-08-31 09:39:00,0.00357,0.0035742,0.0035683,0.0035735,20411681.0,72906.6773533
2026-08-31 09:40:00,0.0035734,0.0035738,0.0035695,0.0035705,19634994.0,70118.4326015
2026-08-31 09:41:00,0.0035705,0.0035744,0.00357,0.0035742,18227312.0,65116.4872498
2026-08-31 09:42:00,0.0035742,0.0035827,0.0035742,0.0035827,39621614.0,141856.8360464
2026-08-31 09:43:00,0.0035824,0.0035824,0.0035767,0.0035798,28647612.0,102541.9631827
2026-08-31 09:44:00,0.0035797,0.0035802,0.0035734,0.0035746,18512192.0,66228.0081109
2026-08-31 09:45:00,0.0035746,0.0035815,0.0035745,0.0035789,40091786.0,143462.8225504
2026-08-31 09:46:00,0.0035788,0.0035842,0.0035777,0.0035782,45309633.0,162266.5668274
2026-08-31 09:47:00,0.0035781,0.0035785,0.0035722,0.0035727,23080611.0,82522.4348549
2026-08-31 09:48:00,0.0035727,0.0035765,0.0035709,0.0035761,29626870.0,105881.3235707
2026-08-31 09:49:00,0.003576,0.0035769,0.0035738,0.003575,24227241.0,86613.9526275
2026-08-31 09:50:00,0.0035749,0.0035749,0.003569,0.0035702,22807753.0,81442.1696663
2026-08-31 09:51:00,0.0035703,0.0035727,0.003568,0.0035715,22666193.0,80934.458144
2026-08-31 09:52:00,0.0035714,0.0035754,0.0035709,0.0035726,15645175.0,55897.751553
2026-08-31 09:53:00,0.0035726,0.0035727,0.0035695,0.0035702,18899661.0,67481.3440821
2026-08-31 09:54:00,0.0035703,0.0035734,0.0035701,0.0035725,24459140.0,87368.6327167
2026-08-31 09:55:00,0.0035725,0.0035725,0.0035676,0.0035705,21268697.0,75933.5140847
2026-08-31 09:56:00,0.0035712,0.0035712,0.0035667,0.0035705,20318738.0,72502.0985908
2026-08-31 09:57:00,0.0035706,0.0035736,0.003569,0.0035699,54210546.0,193596.3865666
2026-08-31 09:58:00,0.0035699,0.0035705,0.0035624,0.0035652,79392296.0,283015.7269007
2026-08-31 09:59:00,0.003565,0.0035663,0.0035635,0.0035657,32079349.0,114355.2613632
2026-08-31 10:00:00,0.0035657,0.0035717,0.0035656,0.0035685,51701782.0,184484.2154659
2026-08-31 10:01:00,0.0035684,0.0035688,0.0035621,0.0035669,49776200.0,177453.1182771
2026-08-31 10:02:00,0.0035669,0.0035669,0.0035607,0.003564,30362063.0,108189.7716851
2026-08-31 10:03:00,0.0035639,0.0035649,0.00356,0.0035641,52002158.0,185243.5975051
2026-08-31 10:04:00,0.0035641,0.0035656,0.0035606,0.0035656,31892709.0,113632.1032838
2026-08-31 10:05:00,0.0035657,0.0035725,0.0035654,0.0035659,43430069.0,155004.6413238
2026-08-31 10:06:00,0.0035658,0.0035676,0.0035604,0.0035612,21835244.0,77803.8798222
2026-08-31 10:07:00,0.0035613,0.0035663,0.0035583,0.0035632,43604941.0,155283.4006979
2026-08-31 10:08:00,0.0035632,0.0035638,0.0035595,0.0035615,26385655.0,93972.5150422
2026-08-31 10:09:00,0.0035615,0.003567,0.0035607,0.0035661,42786900.0,152497.8637192
2026-08-31 10:10:00,0.0035661,0.0035695,0.0035633,0.0035695,21950401.0,78265.3712897
2026-08-31 10:11:00,0.0035696,0.0035789,0.0035696,0.0035746,37176945.0,132903.3291954
2026-08-31 10:12:00,0.0035744,0.0035809,0.0035732,0.0035794,29666940.0,106094.1491248
2026-08-31 10:13:00,0.0035795,0.0035826,0.0035786,0.0035813,37562569.0,134496.4185653
2026-08-31 10:14:00,0.0035812,0.0035818,0.003572,0.0035727,141337664.0,505759.1234122
2026-08-31 10:15:00,0.0035727,0.0035741,0.0035687,0.0035698,37256034.0,133041.0967129
2026-08-31 10:16:00,0.00357,0.0035734,0.0035652,0.0035663,77104828.0,275235.4216155
2026-08-31 10:17:00,0.0035662,0.0035664,0.003562,0.0035657,27103784.0,96596.8414378
2026-08-31 10:18:00,0.0035657,0.0035659,0.0035614,0.0035643,41114366.0,146494.4443904
2026-08-31 10:19:00,0.0035643,0.0035719,0.0035628,0.0035674,30787188.0,109833.7916838
2026-08-31 10:20:00,0.0035675,0.003573,0.0035668,0.0035715,23976298.0,85603.7150744
2026-08-31 10:21:00,0.0035716,0.0035725,0.0035643,0.0035663,15028405.0,53623.9640844
2026-08-31 10:22:00,0.0035663,0.0035664,0.003561,0.0035623,18712642.0,66663.9042357
2026-08-31 10:23:00,0.0035623,0.0035688,0.0035623,0.0035662,22443610.0,80047.7004529
2026-08-31 10:24:00,0.0035662,0.0035664,0.0035648,0.003566,29627029.0,105620.72339
2026-08-31 10:25:00,0.003566,0.0035704,0.0035651,0.0035704,29304881.0,104508.6710649
2026-08-31 10:26:00,0.0035705,0.0035744,0.00357,0.0035723,29548423.0,105558.5292747
2026-08-31 10:27:00,0.0035722,0.0035735,0.0035692,0.0035692,10205467.0,36454.7656871
2026-08-31 10:28:00,0.0035692,0.0035712,0.0035677,0.0035693,14061570.0,50188.2632854
2026-08-31 10:29:00,0.0035694,0.0035695,0.0035664,0.003567,10712818.0,38216.6185251
2026-08-31 10:30:00,0.0035671,0.0035683,0.0035647,0.0035655,26651920.0,95053.1770676
2026-08-31 10:31:00,0.0035654,0.0035668,0.003563,0.0035668,10845898.0,38657.2190997
2026-08-31 10:32:00,0.0035668,0.00357,0.003564,0.0035652,18406581.0,65672.7916734
2026-08-31 10:33:00,0.0035651,0.003567,0.003564,0.0035664,46370208.0,165319.3793117
2026-08-31 10:34:00,0.0035665,0.0035689,0.0035652,0.0035676,19778623.0,70548.0486611
2026-08-31 10:35:00,0.0035677,0.0035684,0.0035659,0.0035659,11950075.0,42631.0131397
2026-08-31 10:36:00,0.0035659,0.0035705,0.0035659,0.0035699,17773028.0,63422.8803467
2026-08-31 10:37:00,0.00357,0.0035727,0.0035668,0.0035721,26337820.0,94030.547307
2026-08-31 10:38:00,0.0035722,0.0035747,0.0035722,0.0035727,13981934.0,49963.9735292
2026-08-31 10:39:00,0.0035728,0.003576,0.0035721,0.003574,20866268.0,74568.2108543
2026-08-31 10:40:00,0.003574,0.0035743,0.0035708,0.0035722,27020611.0,96526.0872093
2026-08-31 10:41:00,0.0035722,0.0035731,0.0035708,0.0035723,22281045.0,79594.0792068
2026-08-31 10:42:00,0.0035723,0.0035756,0.0035715,0.0035751,19245623.0,68780.8570405
2026-08-31 10:43:00,0.0035751,0.0035764,0.0035731,0.0035756,16613800.0,59389.8025542
2026-08-31 10:44:00,0.0035756,0.0035804,0.0035748,0.0035748,31242531.0,111779.1135228
2026-08-31 10:45:00,0.0035748,0.0035767,0.0035732,0.0035766,13275028.0,47453.4326947
2026-08-31 10:46:00,0.0035767,0.0035832,0.0035759,0.0035823,25689273.0,91971.7952659
2026-08-31 10:47:00,0.0035823,0.0035858,0.0035814,0.0035849,36621809.0,131250.2171721
2026-08-31 10:48:00,0.0035847,0.0035876,0.0035843,0.0035869,24720180.0,88646.0498553
2026-08-31 10:49:00,0.0035868,0.0035876,0.0035823,0.0035834,22008803.0,78889.8055605
2026-08-31 10:50:00,0.0035835,0.0035856,0.0035785,0.0035785,21699857.0,77733.1393112
2026-08-31 10:51:00,0.0035785,0.0035911,0.003577,0.0035897,66437308.0,238224.4879178
2026-08-31 10:52:00,0.0035897,0.0036049,0.0035897,0.0036019,200489865.0,721577.5402129
2026-08-31 10:53:00,0.0036021,0.00361,0.0036021,0.0036029,134951225.0,486602.7546098
2026-08-31 10:54:00,0.0036028,0.0036077,0.0036012,0.0036024,58751206.0,211724.7637473
2026-08-31 10:55:00,0.0036024,0.0036024,0.0035947,0.0035947,79083429.0,284706.9607891
2026-08-31 10:56:00,0.0035947,0.0035952,0.0035902,0.0035925,14600670.0,52458.5217488
2026-08-31 10:57:00,0.0035925,0.0035925,0.00359,0.0035906,28576834.0,102613.4369155
2026-08-31 10:58:00,0.0035906,0.0035937,0.0035901,0.0035936,14051956.0,50473.4826537
2026-08-31 10:59:00,0.0035936,0.003594,0.0035886,0.0035904,50373918.0,180909.0219988
2026-08-31 11:00:00,0.0035905,0.0035928,0.0035861,0.003591,32766727.0,117625.0487454
2026-08-31 11:01:00,0.003591,0.0035995,0.003591,0.0035982,62790528.0,225883.7636144
2026-08-31 11:02:00,0.0035982,0.0035992,0.0035932,0.0035942,42745762.0,153714.1176549
2026-08-31 11:03:00,0.0035942,0.0035944,0.0035844,0.0035849,58071356.0,208488.7508785
2026-08-31 11:04:00,0.0035849,0.003585,0.0035832,0.0035839,17111394.0,61329.3816966
2026-08-31 11:05:00,0.0035838,0.00359,0.0035838,0.0035863,72775726.0,261022.2849021
2026-08-31 11:06:00,0.0035863,0.0035922,0.0035824,0.003591,56423483.0,202421.1259191
2026-08-31 11:07:00,0.0035909,0.0035916,0.0035853,0.0035877,28431599.0,102035.1305696
2026-08-31 11:08:00,0.0035877,0.0035877,0.0035802,0.0035803,21838213.0,78258.8051039
2026-08-31 11:09:00,0.0035803,0.0035945,0.0035781,0.0035945,72547912.0,260000.751594
2026-08-31 11:10:00,0.0035945,0.0035979,0.0035927,0.0035932,36186862.0,130130.641457
2026-08-31 11:11:00,0.0035933,0.0035962,0.0035915,0.003592,20381787.0,73234.1585653
2026-08-31 11:12:00,0.0035921,0.0036004,0.0035921,0.0035975,20364897.0,73260.0160262
2026-08-31 11:13:00,0.0035975,0.0036016,0.0035965,0.0036005,27277213.0,98175.6652315
2026-08-31 11:14:00,0.0036006,0.0036006,0.0035928,0.0035928,15647971.0,56276.5158479
2026-08-31 11:15:00,0.0035929,0.0035972,0.0035924,0.0035966,19857330.0,71379.6631287
2026-08-31 11:16:00,0.0035966,0.0035997,0.0035892,0.0035918,47469222.0,170651.1652843
2026-08-31 11:17:00,0.0035918,0.0035949,0.0035911,0.0035947,17664221.0,63465.4257301
2026-08-31 11:18:00,0.0035947,0.0035983,0.0035938,0.0035977,17371004.0,62469.5574879
2026-08-31 11:19:00,0.0035977,0.003599,0.0035946,0.0035975,29558028.0,106319.429856
2026-08-31 11:20:00,0.0035976,0.0035985,0.0035935,0.0035935,11638779.0,41855.1324593
2026-08-31 11:21:00,0.0035935,0.0035944,0.0035913,0.0035926,13779074.0,49504.5279765
2026-08-31 11:22:00,0.0035926,0.0035932,0.0035904,0.0035912,21175238.0,76059.9016735
2026-08-31 11:23:00,0.0035915,0.0035922,0.0035862,0.0035888,28801993.0,103352.9501115
2026-08-31 11:24:00,0.0035887,0.0035895,0.0035857,0.0035882,58728383.0,210653.2122456
2026-08-31 11:25:00,0.0035881,0.0035888,0.0035843,0.0035859,18998358.0,68142.3569277
2026-08-31 11:26:00,0.0035858,0.003588,0.0035845,0.003587,25375349.0,91008.5394943
2026-08-31 11:27:00,0.003587,0.0035878,0.0035845,0.003587,14074555.0,50477.4405668
2026-08-31 11:28:00,0.0035871,0.0035874,0.003584,0.0035861,30447803.0,109175.8232932
2026-08-31 11:29:00,0.0035861,0.0035861,0.0035809,0.0035809,10847508.0,38869.7382321
2026-08-31 11:30:00,0.0035809,0.0035867,0.0035809,0.0035867,27027243.0,96837.8285515
2026-08-31 11:31:00,0.0035865,0.0035957,0.0035858,0.0035957,27449557.0,98524.0799741
2026-08-31 11:32:00,0.0035958,0.003596,0.0035736,0.0035753,353263461.0,1266229.9740468
2026-08-31 11:33:00,0.0035753,0.0035828,0.0035748,0.0035827,33272310.0,119105.2664576
2026-08-31 11:34:00,0.0035826,0.0035826,0.0035768,0.0035782,33446879.0,119725.1953599
2026-08-31 11:35:00,0.0035781,0.0035803,0.0035772,0.0035803,10180169.0,36428.2354289
2026-08-31 11:36:00,0.0035804,0.0035825,0.0035804,0.0035816,14251201.0,51041.0676515
2026-08-31 11:37:00,0.0035817,0.0035849,0.0035817,0.0035836,9035430.0,32379.2060709
2026-08-31 11:38:00,0.0035836,0.0035844,0.0035822,0.0035834,18045526.0,64661.0462102
2026-08-31 11:39:00,0.0035835,0.0035835,0.0035795,0.0035826,13324250.0,47717.2872518
2026-08-31 11:40:00,0.0035826,0.0035848,0.0035824,0.0035824,14877147.0,53321.5220054
2026-08-31 11:41:00,0.0035826,0.003584,0.0035812,0.0035812,12935224.0,46352.4206397
2026-08-31 11:42:00,0.0035813,0.0035827,0.0035808,0.003582,11304920.0,40491.51529
2026-08-31 11:43:00,0.0035819,0.0035834,0.0035789,0.0035827,29641138.0,106140.9789662
2026-08-31 11:44:00,0.0035828,0.0035842,0.0035819,0.0035826,7637308.0,27364.0283374
2026-08-31 11:45:00,0.0035827,0.0035879,0.0035826,0.0035847,17315391.0,62099.7651119
2026-08-31 11:46:00,0.0035847,0.0035872,0.0035826,0.0035848,16685441.0,59812.2095456
2026-08-31 11:47:00,0.0035848,0.0035849,0.0035826,0.0035835,8683135.0,31116.207262
2026-08-31 11:48:00,0.0035835,0.0035835,0.00358,0.00358,14975201.0,53635.1921308
2026-08-31 11:49:00,0.0035801,0.0035853,0.0035772,0.0035784,115969173.0,415386.2309955
2026-08-31 11:50:00,0.0035785,0.0035811,0.0035728,0.0035753,77083900.0,275656.289489
2026-08-31 11:51:00,0.0035753,0.003576,0.0035693,0.0035745,56833110.0,203015.2361757
2026-08-31 11:52:00,0.0035745,0.0035769,0.0035734,0.0035736,47867780.0,171111.1282432
2026-08-31 11:53:00,0.0035737,0.0035754,0.0035719,0.003572,16868748.0,60284.8543575
2026-08-31 11:54:00,0.003572,0.0035733,0.0035711,0.0035732,12972811.0,46343.3589111
2026-08-31 11:55:00,0.0035732,0.0035769,0.003573,0.0035736,30071994.0,107511.5103163
2026-08-31 11:56:00,0.0035738,0.0035741,0.0035634,0.0035701,116040228.0,413936.3048108
2026-08-31 11:57:00,0.0035701,0.0035733,0.0035698,0.0035719,108253057.0,386717.6776141
2026-08-31 11:58:00,0.003572,0.0035742,0.003572,0.0035738,11465336.0,40969.6221612
2026-08-31 11:59:00,0.0035739,0.003587,0.0035739,0.0035846,180906401.0,647825.1113436
2026-08-31 12:00:00,0.0035847,0.0035866,0.0035749,0.0035768,116190813.0,416056.7335015
2026-08-31 12:01:00,0.0035769,0.0035837,0.0035764,0.0035832,69112477.0,247333.2080964
2026-08-31 12:02:00,0.0035832,0.0035854,0.003582,0.0035854,31029298.0,111192.7970355
2026-08-31 12:03:00,0.0035854,0.0036,0.0035843,0.003598,98065356.0,352514.532757
2026-08-31 12:04:00,0.0035979,0.0036082,0.0035937,0.003605,143163564.0,515818.1095113
2026-08-31 12:05:00,0.0036051,0.0036145,0.003603,0.0036049,112664859.0,406848.1122953
2026-08-31 12:06:00,0.003605,0.0036228,0.0036037,0.0036207,185473474.0,670656.5344999
2026-08-31 12:07:00,0.0036206,0.0036206,0.0036029,0.0036064,135055254.0,487405.1629591
2026-08-31 12:08:00,0.0036065,0.0036116,0.0036065,0.0036103,29811969.0,107581.2113291
2026-08-31 12:09:00,0.0036102,0.0036108,0.0036,0.0036095,113754613.0,410010.2254683
2026-08-31 12:10:00,0.0036094,0.0036094,0.0036021,0.0036078,31666928.0,114168.4921411
2026-08-31 12:11:00,0.0036079,0.0036094,0.0036045,0.0036055,41233857.0,148724.9795393
2026-08-31 12:12:00,0.0036055,0.0036055,0.0035951,0.0035957,55779887.0,200775.0580138
2026-08-31 12:13:00,0.0035957,0.0035987,0.0035917,0.0035926,21724607.0,78120.6703015
2026-08-31 12:14:00,0.0035926,0.0035943,0.0035917,0.0035936,18438392.0,66252.5547304
2026-08-31 12:15:00,0.0035937,0.0035977,0.0035933,0.0035953,17202552.0,61855.5709188
2026-08-31 12:16:00,0.0035956,0.0035971,0.003594,0.0035969,12898296.0,46377.2252421
2026-08-31 12:17:00,0.0035968,0.0035995,0.0035911,0.0035948,63756525.0,229200.017843
2026-08-31 12:18:00,0.0035949,0.0036053,0.0035944,0.0036031,54279159.0,195462.170835
2026-08-31 12:19:00,0.0036031,0.0036166,0.0036027,0.0036136,68581034.0,247532.1427648
2026-08-31 12:20:00,0.0036135,0.0036135,0.0036063,0.0036113,35447876.0,127954.556681
2026-08-31 12:21:00,0.0036114,0.0036153,0.0036024,0.0036033,29160558.0,105234.4222959
2026-08-31 12:22:00,0.0036033,0.0036057,0.0035982,0.0036048,22466514.0,80916.0869248
2026-08-31 12:23:00,0.0036049,0.0036076,0.003602,0.0036027,16493589.0,59455.0592666
2026-08-31 12:24:00,0.0036028,0.0036057,0.0035981,0.0036005,68460592.0,246514.8001972
2026-08-31 12:25:00,0.0036006,0.0036006,0.0035837,0.0035837,81753468.0,293557.2877256
2026-08-31 12:26:00,0.0035836,0.0035937,0.0035832,0.0035912,42868640.0,153845.6890727
2026-08-31 12:27:00,0.0035911,0.0036034,0.0035892,0.0036009,34768948.0,125062.9122925
2026-08-31 12:28:00,0.0036009,0.0036039,0.0035994,0.0036039,18628583.0,67089.9057516
2026-08-31 12:29:00,0.003604,0.0036064,0.0036001,0.0036003,21622243.0,77922.7446348
2026-08-31 12:30:00,0.0036002,0.0036024,0.0035949,0.0035986,45761709.0,164701.7560195
2026-08-31 12:31:00,0.0035984,0.0036017,0.0035883,0.0035963,147659908.0,530892.0791237
2026-08-31 12:32:00,0.0035964,0.0035964,0.0035872,0.0035944,79524475.0,285588.5611959
2026-08-31 12:33:00,0.0035943,0.0036002,0.0035929,0.0035954,31399211.0,112925.0150931
2026-08-31 12:34:00,0.0035954,0.003597,0.0035933,0.0035962,29846557.0,107291.3182035
2026-08-31 12:35:00,0.0035961,0.0035973,0.0035907,0.0035969,25890504.0,93050.2114525
2026-08-31 12:36:00,0.0035968,0.003598,0.0035926,0.0035932,11766856.0,42304.5679366
2026-08-31 12:37:00,0.0035932,0.0035932,0.0035875,0.0035911,36600421.0,131407.8437853
2026-08-31 12:38:00,0.0035911,0.0035912,0.0035804,0.0035823,85591820.0,306973.2880939
2026-08-31 12:39:00,0.0035822,0.0035822,0.0035749,0.003578,77863947.0,278712.745477
2026-08-31 12:40:00,0.003578,0.0035794,0.0035636,0.0035691,251173660.0,896993.0196369
2026-08-31 12:41:00,0.0035691,0.0035723,0.0035523,0.0035721,347695305.0,1238688.6805503
2026-08-31 12:42:00,0.003572,0.0035776,0.0035692,0.0035752,142154263.0,508136.1807419
2026-08-31 12:43:00,0.0035751,0.0035757,0.0035656,0.0035677,80790298.0,288462.6887026
2026-08-31 12:44:00,0.0035677,0.003569,0.0035614,0.003565,89167160.0,317873.3517324
2026-08-31 12:45:00,0.0035649,0.0035654,0.0035566,0.0035587,123557620.0,440014.180199
2026-08-31 12:46:00,0.0035586,0.0035661,0.0035556,0.0035643,56554687.0,201336.1444021
2026-08-31 12:47:00,0.0035642,0.0035673,0.0035608,0.0035655,29734790.0,105984.5706503
2026-08-31 12:48:00,0.0035655,0.0035669,0.0035601,0.0035656,58373680.0,208077.0178285
2026-08-31 12:49:00,0.0035656,0.0035658,0.0035573,0.0035587,73466507.0,261513.4860346
2026-08-31 12:50:00,0.0035587,0.0035655,0.0035583,0.0035648,47572526.0,169515.0890798
2026-08-31 12:51:00,0.0035648,0.0035691,0.0035644,0.0035659,40697944.0,145164.6620969
2026-08-31 12:52:00,0.0035659,0.0035688,0.0035659,0.0035682,16802759.0,59943.2498735
2026-08-31 12:53:00,0.0035682,0.0035723,0.0035651,0.0035656,31017048.0,110703.9397974
2026-08-31 12:54:00,0.0035656,0.0035674,0.0035619,0.0035626,25547082.0,91051.4107106
2026-08-31 12:55:00,0.0035627,0.0035633,0.003558,0.0035619,57858076.0,205996.0288871
2026-08-31 12:56:00,0.0035621,0.0035655,0.0035621,0.0035641,31132887.0,110945.9519984
2026-08-31 12:57:00,0.003564,0.0035665,0.0035637,0.0035658,11491630.0,40969.7520925
2026-08-31 12:58:00,0.0035659,0.0035702,0.0035649,0.0035702,15652335.0,55838.1868858
2026-08-31 12:59:00,0.0035702,0.003572,0.003568,0.0035716,40251643.0,143704.9107837
2026-08-31 13:00:00,0.0035716,0.0035766,0.003568,0.0035756,43169171.0,154168.1600585
2026-08-31 13:01:00,0.0035755,0.0035925,0.0035732,0.0035915,77183757.0,276514.7120725
2026-08-31 13:02:00,0.0035914,0.0035981,0.0035904,0.0035909,73862668.0,265409.0666727
2026-08-31 13:03:00,0.0035908,0.0035929,0.0035836,0.0035858,55543667.0,199361.3552081
2026-08-31 13:04:00,0.0035856,0.0035884,0.0035803,0.0035814,27828418.0,99753.8045742
2026-08-31 13:05:00,0.0035814,0.0035853,0.0035803,0.0035825,17918346.0,64208.3559964
2026-08-31 13:06:00,0.0035825,0.0035843,0.0035804,0.0035817,16531087.0,59222.9536731
2026-08-31 13:07:00,0.0035819,0.0035886,0.0035803,0.0035858,24419080.0,87529.9698529
2026-08-31 13:08:00,0.0035859,0.0035867,0.0035829,0.0035852,14381461.0,51555.7306115
2026-08-31 13:09:00,0.0035852,0.0035852,0.0035783,0.0035783,20454626.0,73246.3299532
2026-08-31 13:10:00,0.0035787,0.0035851,0.0035773,0.0035845,21046891.0,75365.2999758
2026-08-31 13:11:00,0.0035845,0.0035862,0.0035826,0.0035855,71774394.0,257289.2939995
2026-08-31 13:12:00,0.0035855,0.0035922,0.0035855,0.0035922,37150414.0,133316.7357798
2026-08-31 13:13:00,0.0035923,0.003594,0.0035897,0.0035913,26830163.0,96352.3345166
2026-08-31 13:14:00,0.0035913,0.0035954,0.0035913,0.0035936,18502506.0,66495.9462495
2026-08-31 13:15:00,0.0035935,0.0035951,0.0035913,0.0035914,21291138.0,76516.6580427
2026-08-31 13:16:00,0.0035915,0.0036007,0.0035915,0.0035982,104284324.0,375232.9935715
2026-08-31 13:17:00,0.0035981,0.0035998,0.0035911,0.0035926,34132791.0,122722.8905476
2026-08-31 13:18:00,0.0035927,0.0035932,0.0035856,0.0035857,19958802.0,71626.5771982
2026-08-31 13:19:00,0.0035857,0.0035859,0.0035816,0.0035847,50797720.0,182010.8253654
2026-08-31 13:20:00,0.0035846,0.0035911,0.0035836,0.0035908,24889587.0,89281.5559399
2026-08-31 13:21:00,0.0035909,0.0035954,0.0035894,0.003593,40192903.0,144390.6323163
2026-08-31 13:22:00,0.003593,0.0035938,0.0035866,0.0035887,27887450.0,100091.6565816
2026-08-31 13:23:00,0.0035887,0.003592,0.0035874,0.0035901,24760432.0,88875.2930059
2026-08-31 13:24:00,0.0035901,0.0035948,0.0035891,0.0035933,30336668.0,108964.9661895
2026-08-31 13:25:00,0.0035931,0.0035931,0.003588,0.0035892,23750358.0,85275.073303
2026-08-31 13:26:00,0.0035891,0.0035907,0.0035848,0.0035849,42215235.0,151449.7795922
2026-08-31 13:27:00,0.003585,0.0035913,0.0035802,0.0035877,109745298.0,393438.433005
2026-08-31 13:28:00,0.0035877,0.0035925,0.0035871,0.0035923,33537997.0,120388.6772156
2026-08-31 13:29:00,0.0035924,0.0035927,0.0035828,0.0035885,17424320.0,62486.8531614
2026-08-31 13:30:00,0.0035884,0.0036049,0.003587,0.0035969,125526471.0,451801.7330193
2026-08-31 13:31:00,0.003597,0.0036031,0.0035938,0.0036021,68545186.0,246653.2751263
2026-08-31 13:32:00,0.0036021,0.0036054,0.0035797,0.0035807,67674657.0,243252.5828854
2026-08-31 13:33:00,0.0035808,0.0035875,0.0035781,0.0035851,49774099.0,178335.5573731
2026-08-31 13:34:00,0.0035852,0.0035921,0.0035824,0.0035904,86058080.0,308679.8845583
2026-08-31 13:35:00,0.0035903,0.0035903,0.003578,0.00358,51931827.0,185956.9990674
2026-08-31 13:36:00,0.00358,0.0035846,0.0035777,0.003581,35858182.0,128408.9317567
2026-08-31 13:37:00,0.0035811,0.0035898,0.0035811,0.003586,25004918.0,89645.3688266
2026-08-31 13:38:00,0.0035861,0.0035921,0.0035856,0.003587,27641243.0,99220.3211768
2026-08-31 13:39:00,0.0035869,0.0035978,0.0035869,0.0035938,30538809.0,109719.5611035
2026-08-31 13:40:00,0.0035939,0.0035978,0.003587,0.0035892,28038623.0,100727.8705972
2026-08-31 13:41:00,0.0035893,0.0035958,0.003589,0.0035949,21849460.0,78507.5897729
2026-08-31 13:42:00,0.0035949,0.0036039,0.0035945,0.0035963,68832305.0,247853.340784
2026-08-31 13:43:00,0.0035962,0.0035964,0.0035897,0.0035903,28452862.0,102246.5680507
2026-08-31 13:44:00,0.0035904,0.0035907,0.0035828,0.0035828,21017245.0,75369.7758268
2026-08-31 13:45:00,0.0035829,0.0035862,0.0035815,0.0035817,42477168.0,152203.591123
2026-08-31 13:46:00,0.0035817,0.0035817,0.0035732,0.0035783,143589321.0,513644.1903945
2026-08-31 13:47:00,0.0035783,0.0035806,0.0035669,0.0035786,128709550.0,459889.2588263
2026-08-31 13:48:00,0.0035786,0.0035851,0.0035769,0.0035776,64667140.0,231513.0001762
2026-08-31 13:49:00,0.0035775,0.0035809,0.0035717,0.0035745,68880904.0,246197.6197841
2026-08-31 13:50:00,0.0035742,0.0035779,0.0035669,0.003569,35702695.0,127575.3149326
2026-08-31 13:51:00,0.0035689,0.0035709,0.0035587,0.0035665,122886258.0,438098.4381688
2026-08-31 13:52:00,0.0035665,0.0035676,0.0035587,0.0035647,75927537.0,270427.1244512
2026-08-31 13:53:00,0.0035646,0.0035668,0.0035618,0.0035659,44833563.0,159814.0571287
2026-08-31 13:54:00,0.003566,0.0035711,0.0035655,0.0035705,34015269.0,121359.1337759
2026-08-31 13:55:00,0.0035707,0.0035773,0.0035707,0.0035754,57699839.0,206172.6775379
2026-08-31 13:56:00,0.0035753,0.0035775,0.0035581,0.0035584,106609123.0,380408.2768886
2026-08-31 13:57:00,0.0035584,0.0035642,0.0035475,0.0035556,221003890.0,785292.0444665
2026-08-31 13:58:00,0.0035557,0.003559,0.0035463,0.0035565,179389476.0,637422.295532
2026-08-31 13:59:00,0.0035564,0.0035565,0.0035317,0.0035412,484909217.0,1716999.5188986
2026-08-31 14:00:00,0.0035411,0.0035523,0.0035357,0.0035376,198884708.0,704460.844385
2026-08-31 14:01:00,0.0035376,0.0035466,0.0035331,0.0035371,114513039.0,405406.2669307
2026-08-31 14:02:00,0.0035371,0.0035448,0.0035312,0.0035426,215923852.0,763253.6568238
2026-08-31 14:03:00,0.0035426,0.0035478,0.0035351,0.003545,145488030.0,515108.8341712
2026-08-31 14:04:00,0.0035451,0.0035451,0.0035332,0.0035343,125891922.0,445633.8309262
2026-08-31 14:05:00,0.0035343,0.0035424,0.0035264,0.00354,324721938.0,1147332.7920348
2026-08-31 14:06:00,0.0035403,0.0035464,0.0035231,0.0035259,374558022.0,1324317.9907973
2026-08-31 14:07:00,0.0035259,0.0035308,0.0035108,0.0035119,370439436.0,1304294.8496294
2026-08-31 14:08:00,0.003512,0.0035338,0.003512,0.0035332,138465430.0,487948.2807813
2026-08-31 14:09:00,0.0035335,0.0035517,0.0035335,0.0035467,231313678.0,819574.5944105
2026-08-31 14:10:00,0.0035467,0.0035551,0.0035459,0.0035497,143880818.0,510866.861148
2026-08-31 14:11:00,0.0035497,0.0035572,0.0035422,0.003543,249042809.0,884509.222937
2026-08-31 14:12:00,0.0035429,0.0035443,0.0035345,0.0035399,187857202.0,664948.9124222
2026-08-31 14:13:00,0.00354,0.0035455,0.0035392,0.0035444,37544078.0,132993.4223224
2026-08-31 14:14:00,0.0035445,0.0035468,0.003541,0.0035411,22672765.0,80367.5998377
2026-08-31 14:15:00,0.0035411,0.0035421,0.003531,0.0035394,88612395.0,313454.2127695
2026-08-31 14:16:00,0.0035394,0.0035459,0.0035382,0.0035446,44090678.0,156210.9162474
2026-08-31 14:17:00,0.0035445,0.0035461,0.0035405,0.0035445,68175003.0,241585.0594895
2026-08-31 14:18:00,0.0035444,0.0035496,0.0035434,0.0035465,52679549.0,186823.6598287
2026-08-31 14:19:00,0.0035466,0.003553,0.0035465,0.0035508,45694474.0,162188.8310508
2026-08-31 14:20:00,0.0035507,0.0035507,0.0035445,0.0035458,55053005.0,195334.6244984
2026-08-31 14:21:00,0.0035457,0.00355,0.0035442,0.00355,28624613.0,101534.7841236
2026-08-31 14:22:00,0.00355,0.003558,0.003548,0.003551,146942592.0,522032.1146768
2026-08-31 14:23:00,0.0035501,0.0035501,0.0035395,0.0035461,43292341.0,153444.6736301
2026-08-31 14:24:00,0.0035462,0.003547,0.0035393,0.0035407,218187434.0,773179.4574316
2026-08-31 14:25:00,0.0035405,0.0035501,0.0035373,0.0035484,93535024.0,331184.8680959
2026-08-31 14:26:00,0.0035483,0.0035493,0.0035428,0.0035436,73015807.0,258865.2418668
2026-08-31 14:27:00,0.0035437,0.0035524,0.0035437,0.0035501,62204400.0,220791.2452867
2026-08-31 14:28:00,0.0035501,0.0035609,0.0035501,0.0035607,68886475.0,244920.4825064
2026-08-31 14:29:00,0.0035608,0.0035666,0.0035606,0.0035634,158931946.0,566449.6983652
2026-08-31 14:30:00,0.0035633,0.0035659,0.0035546,0.0035635,111922081.0,398418.0510494
2026-08-31 14:31:00,0.0035634,0.0035738,0.0035592,0.0035611,156947630.0,559989.6177063
2026-08-31 14:32:00,0.0035612,0.0035643,0.0035568,0.0035641,54462358.0,193909.7837023
2026-08-31 14:33:00,0.0035642,0.0035651,0.0035585,0.0035648,32036518.0,114111.3125425
2026-08-31 14:34:00,0.0035649,0.0035701,0.0035603,0.0035604,70313374.0,250666.744823
2026-08-31 14:35:00,0.0035605,0.0035753,0.0035605,0.0035753,20051946.0,71533.4810957
2026-08-31 14:36:00,0.0035753,0.0035789,0.0035729,0.0035788,52149642.0,186459.7723768
2026-08-31 14:37:00,0.0035789,0.003583,0.0035758,0.0035763,64679093.0,231535.8444649
2026-08-31 14:38:00,0.0035763,0.0035827,0.0035754,0.0035777,60293742.0,215797.0950013
2026-08-31 14:39:00,0.0035778,0.0035823,0.0035759,0.0035783,38690772.0,138442.2713667
2026-08-31 14:40:00,0.0035783,0.0035836,0.0035774,0.0035807,62156770.0,222590.7679647
2026-08-31 14:41:00,0.0035807,0.0036075,0.0035791,0.0035985,223053833.0,802111.8472485
2026-08-31 14:42:00,0.0035986,0.0036093,0.0035986,0.0036072,126211070.0,455004.4830385
2026-08-31 14:43:00,0.0036071,0.0036122,0.0035995,0.0036045,100980385.0,364183.423528
2026-08-31 14:44:00,0.0036044,0.0036076,0.0035988,0.0036,53343675.0,192215.6745603
2026-08-31 14:45:00,0.0036001,0.0036057,0.0036001,0.0036021,53765555.0,193689.5838052
2026-08-31 14:46:00,0.0036022,0.0036048,0.0035964,0.0036001,39027847.0,140523.6586136
2026-08-31 14:47:00,0.0036002,0.0036111,0.0035996,0.0036111,97337314.0,351074.5740716
2026-08-31 14:48:00,0.0036111,0.0036134,0.0035931,0.0035932,298224520.0,1075635.9021428
2026-08-31 14:49:00,0.0035932,0.0035945,0.0035877,0.00359,89452126.0,321217.8281698
2026-08-31 14:50:00,0.0035899,0.0035922,0.0035844,0.0035886,77620094.0,278482.5341297
2026-08-31 14:51:00,0.0035886,0.0035941,0.0035879,0.0035907,47715630.0,171341.7266163
2026-08-31 14:52:00,0.0035907,0.0035989,0.0035907,0.0035943,26840587.0,96514.4875279
2026-08-31 14:53:00,0.0035944,0.0035968,0.0035897,0.0035904,30279790.0,108806.9505966
2026-08-31 14:54:00,0.0035903,0.0035932,0.0035873,0.0035924,160543793.0,576348.2638772
2026-08-31 14:55:00,0.0035921,0.0035933,0.0035859,0.003592,71145815.0,255464.6037105
2026-08-31 14:56:00,0.0035922,0.0036008,0.0035906,0.0036008,92201946.0,331548.894869
2026-08-31 14:57:00,0.0036008,0.0036039,0.0035996,0.0036018,37930693.0,136619.4939459
2026-08-31 14:58:00,0.0036018,0.0036035,0.0035996,0.0036034,15430323.0,55577.6591392
2026-08-31 14:59:00,0.0036033,0.0036033,0.0035971,0.0035993,42287216.0,152225.3862938
2026-08-31 15:00:00,0.0035993,0.0036056,0.0035969,0.0035982,40852056.0,147100.8636942
2026-08-31 15:01:00,0.0035982,0.0036034,0.0035969,0.0035994,48500744.0,174621.1731888
2026-08-31 15:02:00,0.0035993,0.0036001,0.0035949,0.0035959,40245854.0,144750.6898826
2026-08-31 15:03:00,0.0035959,0.0036007,0.0035934,0.0036004,31049391.0,111662.3310584
2026-08-31 15:04:00,0.0036003,0.0036027,0.0035909,0.0035941,73839315.0,265400.5112469
2026-08-31 15:05:00,0.003594,0.003596,0.0035909,0.0035916,28134547.0,101104.1552217
2026-08-31 15:06:00,0.0035916,0.0035957,0.0035875,0.0035949,40844559.0,146641.0340511
2026-08-31 15:07:00,0.0035949,0.003599,0.0035926,0.0035926,21565944.0,77546.3514711
2026-08-31 15:08:00,0.0035925,0.0035925,0.0035852,0.0035894,66428701.0,238343.0222143
2026-08-31 15:09:00,0.0035896,0.0035935,0.0035848,0.0035848,19790559.0,71037.9352347
2026-08-31 15:10:00,0.0035848,0.0035848,0.0035782,0.0035814,42574348.0,152430.656319
2026-08-31 15:11:00,0.0035813,0.0035834,0.0035728,0.0035751,79478900.0,284428.8452004
2026-08-31 15:12:00,0.003575,0.0035763,0.0035721,0.0035756,42569556.0,152157.9745908
2026-08-31 15:13:00,0.0035755,0.0035759,0.0035733,0.0035734,26705855.0,95445.7996831
2026-08-31 15:14:00,0.0035734,0.0035747,0.0035708,0.0035719,18403993.0,65750.0899863
2026-08-31 15:15:00,0.003572,0.0035753,0.0035564,0.0035655,236522716.0,843459.7180764
2026-08-31 15:16:00,0.0035653,0.0035756,0.0035609,0.0035623,146750578.0,523954.9474021
2026-08-31 15:17:00,0.0035624,0.0035639,0.0035568,0.0035617,71692809.0,255267.0514647
2026-08-31 15:18:00,0.0035616,0.0035617,0.0035442,0.003547,260019329.0,923531.4362322
2026-08-31 15:19:00,0.0035471,0.0035506,0.0035407,0.0035487,213228516.0,755982.3358899
2026-08-31 15:20:00,0.0035488,0.0035515,0.0035413,0.0035506,99105604.0,351542.874112
2026-08-31 15:21:00,0.0035506,0.0035596,0.0035443,0.0035585,52654422.0,186942.9613312
2026-08-31 15:22:00,0.0035585,0.0035605,0.0035446,0.0035514,423962552.0,1505263.7353429
2026-08-31 15:23:00,0.0035513,0.0035544,0.0035422,0.0035485,142355926.0,504943.9191045
2026-08-31 15:24:00,0.0035485,0.0035539,0.0035428,0.0035481,339293673.0,1203317.6010749
2026-08-31 15:25:00,0.0035482,0.0035491,0.0035409,0.0035435,41344562.0,146587.3819329
2026-08-31 15:26:00,0.0035435,0.003546,0.0035412,0.0035459,34746718.0,123142.403268
2026-08-31 15:27:00,0.0035459,0.0035527,0.0035453,0.0035517,32381461.0,114913.0350471
2026-08-31 15:28:00,0.0035516,0.0035617,0.0035505,0.0035583,71260338.0,253400.0833244
2026-08-31 15:29:00,0.0035583,0.0035592,0.0035533,0.0035564,43835545.0,155926.0777361
2026-08-31 15:30:00,0.0035563,0.0035574,0.0035495,0.003556,82242221.0,292298.2828086
2026-08-31 15:31:00,0.0035555,0.0035585,0.0035488,0.0035542,57212399.0,203323.2667566
2026-08-31 15:32:00,0.0035543,0.0035629,0.0035537,0.0035601,34239420.0,121846.3004177
2026-08-31 15:33:00,0.0035601,0.0035637,0.003556,0.003556,26106588.0,92942.0758108
2026-08-31 15:34:00,0.003556,0.0035588,0.0035528,0.0035528,18491924.0,65757.1359791
2026-08-31 15:35:00,0.0035528,0.0035561,0.0035504,0.0035552,22752232.0,80853.9355238
2026-08-31 15:36:00,0.0035551,0.0035577,0.0035531,0.0035577,15288057.0,54353.5695466
2026-08-31 15:37:00,0.0035577,0.0035577,0.0035496,0.0035552,22442990.0,79739.8600405
2026-08-31 15:38:00,0.0035552,0.0035552,0.003545,0.0035461,26132409.0,92744.6797016
2026-08-31 15:39:00,0.0035461,0.0035476,0.0035427,0.0035473,23668726.0,83910.6630397
2026-08-31 15:40:00,0.0035473,0.0035497,0.0035453,0.0035462,35653758.0,126500.6175048
2026-08-31 15:41:00,0.0035462,0.0035502,0.0035453,0.0035498,18252095.0,64770.9761367
2026-08-31 15:42:00,0.0035499,0.0035585,0.0035499,0.0035568,30325125.0,107810.6311937
2026-08-31 15:43:00,0.0035568,0.0035646,0.0035568,0.003562,64706682.0,230515.750512
2026-08-31 15:44:00,0.003562,0.0035654,0.0035586,0.0035605,25213876.0,89814.620399
2026-08-31 15:45:00,0.0035604,0.0035635,0.0035554,0.0035573,26232738.0,93373.5611854
2026-08-31 15:46:00,0.0035574,0.0035596,0.0035531,0.0035533,16463067.0,58528.4381458
2026-08-31 15:47:00,0.0035533,0.0035551,0.0035512,0.0035541,100852860.0,358418.7464652
2026-08-31 15:48:00,0.003554,0.0035564,0.0035526,0.0035538,9137132.0,32476.607591
2026-08-31 15:49:00,0.0035538,0.0035598,0.0035538,0.0035564,24016687.0,85440.5900714
2026-08-31 15:50:00,0.0035563,0.0035573,0.0035531,0.0035554,16268325.0,57844.7872685
2026-08-31 15:51:00,0.0035554,0.0035574,0.0035529,0.0035567,11809299.0,41989.8985067
2026-08-31 15:52:00,0.0035566,0.0035566,0.0035533,0.0035534,9882455.0,35131.5232417
2026-08-31 15:53:00,0.0035533,0.0035538,0.0035492,0.0035493,58112579.0,206398.1640258
2026-08-31 15:54:00,0.0035492,0.0035541,0.0035486,0.0035535,101538897.0,360545.1800655
2026-08-31 15:55:00,0.0035535,0.0035553,0.0035522,0.0035536,10760740.0,38238.7828067
2026-08-31 15:56:00,0.0035535,0.0035542,0.0035502,0.0035521,17047201.0,60551.8470347
2026-08-31 15:57:00,0.0035522,0.0035528,0.0035495,0.0035514,35867223.0,127364.3931304
2026-08-31 15:58:00,0.0035512,0.0035512,0.0035467,0.0035487,17010771.0,60370.1405458
2026-08-31 15:59:00,0.0035486,0.0035486,0.0035436,0.0035467,46211419.0,163863.5663302
2026-08-31 16:00:00,0.0035466,0.0035483,0.0035431,0.0035438,28616972.0,101443.8474152
2026-08-31 16:01:00,0.0035438,0.003549,0.0035434,0.0035489,29079850.0,103107.0728311
2026-08-31 16:02:00,0.003549,0.0035549,0.0035484,0.0035531,33397305.0,118594.3993404
2026-08-31 16:03:00,0.0035531,0.0035535,0.0035446,0.0035471,24272989.0,86163.2269505
2026-08-31 16:04:00,0.003547,0.0035482,0.0035416,0.003545,24477403.0,86762.8389621
2026-08-31 16:05:00,0.0035449,0.0035475,0.0035445,0.0035463,14287427.0,50661.6234404
2026-08-31 16:06:00,0.0035464,0.0035527,0.0035464,0.0035516,18358807.0,65150.1488521
2026-08-31 16:07:00,0.0035518,0.0035521,0.0035447,0.0035472,14581957.0,51731.0423379
2026-08-31 16:08:00,0.003547,0.0035471,0.0035385,0.0035389,88493979.0,313448.4840703
2026-08-31 16:09:00,0.0035389,0.0035402,0.0035362,0.0035375,35743671.0,126462.7481207
2026-08-31 16:10:00,0.0035374,0.0035467,0.0035367,0.0035463,29184737.0,103364.2573728
2026-08-31 16:11:00,0.0035463,0.0035516,0.0035457,0.0035515,37098408.0,131650.2738701
2026-08-31 16:12:00,0.0035516,0.0035528,0.0035475,0.0035475,23072044.0,81897.8001658
2026-08-31 16:13:00,0.0035475,0.0035475,0.0035439,0.0035451,22778891.0,80758.4629184
2026-08-31 16:14:00,0.0035452,0.0035502,0.0035434,0.0035476,186024382.0,659419.2955532
2026-08-31 16:15:00,0.0035477,0.0035484,0.0035411,0.0035411,14106920.0,50003.384562
2026-08-31 16:16:00,0.0035413,0.0035435,0.003538,0.0035407,25071748.0,88766.4705863
2026-08-31 16:17:00,0.0035408,0.0035454,0.0035408,0.0035409,56637288.0,200659.2219997
2026-08-31 16:18:00,0.003541,0.003546,0.0035377,0.0035458,42104782.0,149102.5252823
2026-08-31 16:19:00,0.0035459,0.0035586,0.0035459,0.003553,91151076.0,323823.029025
2026-08-31 16:20:00,0.003553,0.003553,0.0035453,0.003549,22641929.0,80339.3796511
2026-08-31 16:21:00,0.0035491,0.0035517,0.0035436,0.0035455,23166915.0,82178.2759554
2026-08-31 16:22:00,0.0035456,0.0035459,0.003542,0.0035457,24522878.0,86906.742566
2026-08-31 16:23:00,0.0035458,0.0035465,0.0035417,0.0035417,12941243.0,45878.4599109
2026-08-31 16:24:00,0.0035417,0.0035423,0.0035375,0.0035384,23037185.0,81562.4784673
2026-08-31 16:25:00,0.0035385,0.003543,0.0035353,0.0035422,71593238.0,253380.874554
2026-08-31 16:26:00,0.0035422,0.0035422,0.0035322,0.00354,150879309.0,533823.9955633
2026-08-31 16:27:00,0.0035401,0.0035413,0.0035389,0.0035412,19364764.0,68549.4681243
2026-08-31 16:28:00,0.0035413,0.0035461,0.0035413,0.0035452,33097094.0,117302.774707
2026-08-31 16:29:00,0.0035453,0.0035469,0.0035443,0.0035458,17881970.0,63395.4699778
2026-08-31 16:30:00,0.0035458,0.0035511,0.003544,0.0035496,29573789.0,104911.8754497
2026-08-31 16:31:00,0.0035496,0.0035529,0.0035441,0.0035469,56446024.0,200253.3045669
2026-08-31 16:32:00,0.0035471,0.0035504,0.0035445,0.0035457,78790246.0,279448.9145354
2026-08-31 16:33:00,0.0035458,0.0035473,0.0035425,0.0035433,34778788.0,123297.6975707
2026-08-31 16:34:00,0.0035433,0.0035478,0.0035433,0.0035466,11052501.0,39187.6055336
2026-08-31 16:35:00,0.0035466,0.0035498,0.0035447,0.003547,14452068.0,51275.3862557
2026-08-31 16:36:00,0.003547,0.0035526,0.003547,0.0035512,19850819.0,70469.5731198
2026-08-31 16:37:00,0.0035511,0.0035513,0.0035467,0.0035502,20805270.0,73844.0876566
2026-08-31 16:38:00,0.0035502,0.0035529,0.0035502,0.0035512,15991621.0,56799.3569183
2026-08-31 16:39:00,0.0035511,0.0035523,0.0035476,0.0035498,13396746.0,47558.3644629
2026-08-31 16:40:00,0.0035501,0.0035525,0.0035501,0.0035522,5607130.0,19913.25874
2026-08-31 16:41:00,0.0035523,0.0035573,0.0035523,0.0035573,10117375.0,35963.1139703
2026-08-31 16:42:00,0.0035572,0.0035587,0.003555,0.0035575,34374415.0,122268.9793755
2026-08-31 16:43:00,0.0035575,0.0035652,0.0035558,0.0035646,36208981.0,128904.2927412
2026-08-31 16:44:00,0.0035646,0.0035695,0.0035629,0.003565,49893701.0,177903.6798936
2026-08-31 16:45:00,0.0035651,0.0035673,0.0035637,0.0035637,14853976.0,52966.5067302
2026-08-31 16:46:00,0.0035642,0.003565,0.0035507,0.0035581,33913208.0,120619.3413943
2026-08-31 16:47:00,0.003558,0.0035617,0.0035566,0.0035613,19885753.0,70790.6697647
2026-08-31 16:48:00,0.0035613,0.0035632,0.0035604,0.0035624,11705658.0,41691.2981109
2026-08-31 16:49:00,0.0035625,0.003563,0.0035591,0.0035605,9648563.0,34359.0529025
2026-08-31 16:50:00,0.0035605,0.0035614,0.0035577,0.0035587,11432678.0,40697.1416623
2026-08-31 16:51:00,0.0035586,0.0035593,0.0035561,0.0035569,25606758.0,91097.628562
2026-08-31 16:52:00,0.0035568,0.0035578,0.0035539,0.0035569,31698486.0,112729.4551407
2026-08-31 16:53:00,0.003557,0.003562,0.0035555,0.0035617,22160927.0,78852.680944
2026-08-31 16:54:00,0.0035617,0.0035647,0.0035606,0.0035613,67651054.0,241057.3881057
2026-08-31 16:55:00,0.0035614,0.0035713,0.0035614,0.0035697,65264566.0,232861.826456
2026-08-31 16:56:00,0.0035696,0.0035743,0.0035598,0.0035605,56548213.0,201737.3226387
2026-08-31 16:57:00,0.0035604,0.0035638,0.0035599,0.0035599,11601550.0,41329.0883494
2026-08-31 16:58:00,0.0035598,0.0035601,0.0035561,0.003557,25157141.0,89493.1343436
2026-08-31 16:59:00,0.003557,0.003557,0.0035528,0.0035528,13804953.0,49074.3127978
2026-08-31 17:00:00,0.0035528,0.0035574,0.0035514,0.0035549,17663634.0,62799.5898979
2026-08-31 17:01:00,0.0035549,0.0035556,0.0035502,0.0035511,16763886.0,59547.2046384
2026-08-31 17:02:00,0.0035512,0.0035563,0.0035502,0.0035548,25293352.0,89869.8436665
2026-08-31 17:03:00,0.0035548,0.003558,0.003554,0.0035545,44243113.0,157324.9497244
2026-08-31 17:04:00,0.0035546,0.0035548,0.0035515,0.0035538,9831678.0,34931.5025833
2026-08-31 17:05:00,0.0035538,0.0035567,0.0035538,0.0035563,7759642.0,27588.586546
2026-08-31 17:06:00,0.0035563,0.0035617,0.0035563,0.0035572,24121795.0,85870.3256876
2026-08-31 17:07:00,0.0035572,0.0035594,0.003555,0.003555,8642192.0,30739.0038255
2026-08-31 17:08:00,0.003555,0.0035577,0.003555,0.0035565,7505272.0,26693.4893977
2026-08-31 17:09:00,0.0035565,0.0035584,0.003555,0.0035584,7249184.0,25781.0469396
2026-08-31 17:10:00,0.0035585,0.0035606,0.0035536,0.0035547,48031768.0,170900.6963009
2026-08-31 17:11:00,0.0035545,0.0035615,0.003554,0.0035615,8913691.0,31717.3868826
2026-08-31 17:12:00,0.0035616,0.0035644,0.0035616,0.0035634,12607165.0,44922.5990261
2026-08-31 17:13:00,0.0035635,0.0035671,0.0035616,0.0035623,40305481.0,143637.1758065
2026-08-31 17:14:00,0.0035623,0.0035637,0.0035602,0.0035622,11114900.0,39593.2782486
2026-08-31 17:15:00,0.0035625,0.0035629,0.0035599,0.0035622,34845476.0,124077.6779849
2026-08-31 17:16:00,0.0035622,0.0035626,0.0035524,0.0035528,53960932.0,191995.3212527
2026-08-31 17:17:00,0.0035527,0.003553,0.0035467,0.0035471,41766601.0,148238.7862458
2026-08-31 17:18:00,0.003547,0.0035552,0.003547,0.0035518,53026296.0,188333.9620785
2026-08-31 17:19:00,0.0035519,0.0035548,0.0035485,0.0035548,16182862.0,57466.488383
2026-08-31 17:20:00,0.0035548,0.0035596,0.0035542,0.0035545,14320925.0,50934.5997582
2026-08-31 17:21:00,0.0035547,0.0035605,0.0035547,0.0035592,16897426.0,60129.5333582
2026-08-31 17:22:00,0.0035589,0.0035648,0.0035585,0.0035646,18310489.0,65210.6668071
2026-08-31 17:23:00,0.0035645,0.0035651,0.0035596,0.0035606,28859927.0,102797.6690241
2026-08-31 17:24:00,0.0035606,0.0035607,0.0035521,0.0035533,14953249.0,53155.5621745
2026-08-31 17:25:00,0.0035532,0.0035542,0.0035502,0.0035528,13870942.0,49275.5891263
2026-08-31 17:26:00,0.0035528,0.0035528,0.0035445,0.0035446,19206227.0,68148.0619336
2026-08-31 17:27:00,0.003545,0.00355,0.003545,0.0035476,41689617.0,147916.3921292
2026-08-31 17:28:00,0.0035477,0.0035497,0.0035425,0.0035427,22634213.0,80226.8925778
2026-08-31 17:29:00,0.003543,0.003546,0.0035404,0.003546,43503196.0,154151.3214671
2026-08-31 17:30:00,0.003546,0.003552,0.003546,0.0035512,17356905.0,61608.9077843
2026-08-31 17:31:00,0.0035518,0.0035529,0.0035495,0.0035522,8729784.0,31000.0973293
2026-08-31 17:32:00,0.0035522,0.003556,0.0035501,0.0035552,17686833.0,62831.3092802
2026-08-31 17:33:00,0.0035552,0.0035582,0.0035541,0.0035575,10803261.0,38414.9598568
2026-08-31 17:34:00,0.0035575,0.00356,0.003554,0.0035549,67238226.0,239153.7268788
2026-08-31 17:35:00,0.003555,0.0035594,0.003551,0.0035541,54167132.0,192603.383745
2026-08-31 17:36:00,0.003554,0.003555,0.0035522,0.0035544,11298197.0,40152.0253753
2026-08-31 17:37:00,0.0035545,0.0035597,0.0035533,0.003559,33318131.0,118462.0280672
2026-08-31 17:38:00,0.0035589,0.0035653,0.0035586,0.0035653,16775912.0,59775.4743784
2026-08-31 17:39:00,0.0035654,0.0035678,0.0035628,0.0035668,15107342.0,53864.8687947
2026-08-31 17:40:00,0.0035668,0.0035703,0.0035668,0.0035682,13175368.0,47017.3531076
2026-08-31 17:41:00,0.0035682,0.003582,0.0035679,0.0035746,97334354.0,348195.5657731
2026-08-31 17:42:00,0.0035745,0.0035819,0.0035739,0.0035752,30530066.0,109241.9550593
2026-08-31 17:43:00,0.0035752,0.0035764,0.0035737,0.0035751,18803648.0,67227.6794755
2026-08-31 17:44:00,0.003575,0.0035753,0.0035722,0.0035727,16915274.0,60449.185495
2026-08-31 17:45:00,0.0035727,0.0035742,0.0035675,0.0035684,50576818.0,180592.5966118
2026-08-31 17:46:00,0.0035685,0.0035712,0.0035655,0.0035712,29061713.0,103672.1903929
2026-08-31 17:47:00,0.0035713,0.003575,0.00357,0.003574,22340233.0,79820.1786984
2026-08-31 17:48:00,0.003574,0.0035797,0.0035723,0.0035745,32539680.0,116355.017227
2026-08-31 17:49:00,0.0035744,0.003575,0.0035693,0.0035705,20748333.0,74099.425365
2026-08-31 17:50:00,0.0035705,0.003575,0.0035705,0.0035741,18448024.0,65928.4523172
2026-08-31 17:51:00,0.0035743,0.0035781,0.0035743,0.0035759,15078834.0,53932.4477073
2026-08-31 17:52:00,0.0035762,0.0035804,0.0035748,0.0035792,15908439.0,56926.1483659
2026-08-31 17:53:00,0.0035793,0.0035797,0.0035736,0.003579,18329115.0,65542.7647539
2026-08-31 17:54:00,0.0035789,0.0035796,0.0035769,0.0035795,27034150.0,96734.6421256
2026-08-31 17:55:00,0.0035796,0.00358,0.0035781,0.0035792,10614867.0,37992.1663571
2026-08-31 17:56:00,0.0035792,0.0035792,0.0035765,0.0035782,18757509.0,67116.7910569
2026-08-31 17:57:00,0.0035781,0.0035787,0.0035762,0.0035764,12517293.0,44785.6188731
2026-08-31 17:58:00,0.0035764,0.0035775,0.0035752,0.0035767,7903861.0,28268.5834812
2026-08-31 17:59:00,0.0035766,0.0035774,0.0035749,0.0035755,9485902.0,33926.0195089
2026-08-31 18:00:00,0.0035755,0.0035759,0.0035727,0.003573,29958417.0,107064.5034685
2026-08-31 18:01:00,0.003573,0.003573,0.0035644,0.0035651,168939440.0,603090.8911833
2026-08-31 18:02:00,0.0035651,0.0035716,0.0035639,0.0035688,151469955.0,540482.4309152
2026-08-31 18:03:00,0.0035688,0.0035729,0.0035677,0.0035719,45621615.0,162888.1804425
2026-08-31 18:04:00,0.0035718,0.0035718,0.0035674,0.0035694,48019920.0,171391.9998438
2026-08-31 18:05:00,0.0035694,0.0035728,0.003569,0.0035698,16789526.0,59957.1206829
2026-08-31 18:06:00,0.0035697,0.003574,0.0035688,0.0035733,16826717.0,60090.8212084
2026-08-31 18:07:00,0.0035736,0.0035752,0.0035734,0.0035737,15364859.0,54918.4138961
2026-08-31 18:08:00,0.0035737,0.0035755,0.0035724,0.0035725,38775337.0,138588.0289361
2026-08-31 18:09:00,0.0035724,0.0035736,0.003571,0.0035734,12274537.0,43843.4548624
2026-08-31 18:10:00,0.0035734,0.003574,0.0035713,0.0035733,11888257.0,42479.9590807
2026-08-31 18:11:00,0.0035734,0.0035734,0.0035702,0.0035734,11913430.0,42555.5272669
2026-08-31 18:12:00,0.0035734,0.0035744,0.0035724,0.0035739,11291360.0,40351.45854
2026-08-31 18:13:00,0.0035738,0.0035741,0.0035713,0.0035713,6073208.0,21699.9047644
2026-08-31 18:14:00,0.0035713,0.0035778,0.0035702,0.0035775,23176196.0,82842.9947131
2026-08-31 18:15:00,0.0035775,0.0035809,0.0035759,0.003578,57260949.0,204892.6664817
2026-08-31 18:16:00,0.003578,0.0035876,0.0035776,0.0035864,40901189.0,146554.9374873
2026-08-31 18:17:00,0.0035871,0.0035943,0.0035869,0.0035901,72857967.0,261659.0618244
2026-08-31 18:18:00,0.0035901,0.0035961,0.00359,0.0035951,22723606.0,81650.2684729
2026-08-31 18:19:00,0.0035952,0.0035962,0.0035883,0.0035912,31900784.0,114604.844418
2026-08-31 18:20:00,0.0035912,0.0035912,0.0035878,0.00359,10450246.0,37507.9414333
2026-08-31 18:21:00,0.0035899,0.0035909,0.003589,0.003589,13148025.0,47203.5182746
2026-08-31 18:22:00,0.003589,0.003589,0.0035806,0.0035806,19959754.0,71574.0772313
2026-08-31 18:23:00,0.0035806,0.0035807,0.0035745,0.0035755,35780993.0,128006.0333635
2026-08-31 18:24:00,0.0035754,0.0035788,0.0035734,0.0035747,57114866.0,204228.7329432
2026-08-31 18:25:00,0.0035746,0.0035795,0.0035718,0.0035726,53362868.0,190838.728831
2026-08-31 18:26:00,0.0035727,0.0035752,0.0035652,0.0035683,119001326.0,424813.5057421
2026-08-31 18:27:00,0.0035684,0.0035753,0.003565,0.0035753,112666659.0,402328.2052753
2026-08-31 18:28:00,0.0035754,0.0035764,0.0035739,0.0035749,11384286.0,40698.412605
2026-08-31 18:29:00,0.0035748,0.0035748,0.0035724,0.0035734,49276997.0,176109.7007255
2026-08-31 18:30:00,0.0035734,0.0035754,0.0035703,0.0035724,155694751.0,556201.7867971
2026-08-31 18:31:00,0.0035725,0.0035736,0.0035675,0.0035696,71648716.0,255760.3808894
2026-08-31 18:32:00,0.0035698,0.0035728,0.0035672,0.0035714,32636238.0,116515.3538555
2026-08-31 18:33:00,0.0035713,0.0035725,0.0035686,0.0035697,18281688.0,65278.1826726
2026-08-31 18:34:00,0.0035696,0.0035715,0.0035689,0.0035708,9541602.0,34065.0982008
2026-08-31 18:35:00,0.0035709,0.0035761,0.0035707,0.0035758,28319790.0,101194.0546277
2026-08-31 18:36:00,0.0035757,0.003583,0.0035754,0.0035824,37886997.0,135573.356567
2026-08-31 18:37:00,0.0035825,0.0035885,0.0035825,0.0035877,30506073.0,109393.4207882
2026-08-31 18:38:00,0.0035876,0.0035876,0.0035795,0.00358,24978020.0,89522.427385
2026-08-31 18:39:00,0.0035799,0.0035818,0.0035776,0.0035783,20451683.0,73202.8200933
2026-08-31 18:40:00,0.0035784,0.0035834,0.0035754,0.0035833,18558170.0,66451.1008847
2026-08-31 18:41:00,0.0035834,0.0035896,0.003583,0.0035852,21538179.0,77255.4682591
2026-08-31 18:42:00,0.0035854,0.0035911,0.0035814,0.0035896,126088913.0,451960.2541014
2026-08-31 18:43:00,0.0035896,0.003594,0.0035854,0.0035927,72267780.0,259402.6220191
2026-08-31 18:44:00,0.0035926,0.0036084,0.0035911,0.0036054,224149318.0,807075.0875451
2026-08-31 18:45:00,0.0036053,0.0036053,0.003592,0.0035947,149039724.0,536226.1335266
2026-08-31 18:46:00,0.0035947,0.0035947,0.0035881,0.0035901,50882033.0,182678.9731128
2026-08-31 18:47:00,0.0035901,0.0035938,0.0035887,0.0035929,57747478.0,207361.3584407
2026-08-31 18:48:00,0.0035929,0.0035954,0.0035918,0.0035931,29030304.0,104325.8554188
2026-08-31 18:49:00,0.003593,0.0035934,0.0035903,0.0035904,12188690.0,43775.2179404
2026-08-31 18:50:00,0.0035909,0.0035919,0.0035882,0.0035914,32246057.0,115774.4468983
2026-08-31 18:51:00,0.0035915,0.003592,0.003588,0.0035904,19059569.0,68408.4541431
2026-08-31 18:52:00,0.0035904,0.003591,0.0035868,0.0035872,18769805.0,67378.332369
2026-08-31 18:53:00,0.0035875,0.0035878,0.0035825,0.0035826,16800316.0,60231.4280706
2026-08-31 18:54:00,0.0035825,0.0035835,0.0035807,0.0035807,49154041.0,176049.1859174
2026-08-31 18:55:00,0.0035812,0.0035832,0.0035795,0.0035811,64660382.0,231611.5192126
2026-08-31 18:56:00,0.0035808,0.0035867,0.0035793,0.0035851,100066810.0,358523.656565
2026-08-31 18:57:00,0.003585,0.0035897,0.0035845,0.0035871,41981990.0,150615.9843681
2026-08-31 18:58:00,0.0035871,0.0035913,0.0035866,0.0035899,20646600.0,74101.3957762
2026-08-31 18:59:00,0.00359,0.0035906,0.0035825,0.0035831,38499247.0,138117.9351364
2026-08-31 19:00:00,0.0035831,0.0035881,0.0035827,0.0035851,20154614.0,72266.5636491
2026-08-31 19:01:00,0.0035853,0.003588,0.003585,0.0035873,17616308.0,63184.3065049
2026-08-31 19:02:00,0.0035873,0.0035878,0.0035853,0.0035874,13234629.0,47468.03134
2026-08-31 19:03:00,0.0035874,0.0035907,0.0035874,0.0035892,16187227.0,58100.7244173
2026-08-31 19:04:00,0.0035893,0.0035893,0.0035824,0.0035845,15895664.0,56980.8699101
2026-08-31 19:05:00,0.0035845,0.0035867,0.0035835,0.0035855,28507421.0,102190.8347291
2026-08-31 19:06:00,0.0035855,0.0035864,0.0035819,0.0035859,15760955.0,56483.8816468
2026-08-31 19:07:00,0.0035859,0.0035933,0.0035859,0.0035888,40743218.0,146290.7303956
2026-08-31 19:08:00,0.0035887,0.0035894,0.0035865,0.003588,11123945.0,39911.0064384
2026-08-31 19:09:00,0.003588,0.0035915,0.0035877,0.0035896,15108001.0,54226.4197509
2026-08-31 19:10:00,0.0035898,0.0035968,0.0035896,0.0035901,30249516.0,108704.1507265
2026-08-31 19:11:00,0.0035902,0.0035911,0.0035848,0.0035854,7991294.0,28676.9630354
2026-08-31 19:12:00,0.0035854,0.0035894,0.0035854,0.003588,6411639.0,23005.4048055
2026-08-31 19:13:00,0.0035881,0.0035925,0.0035848,0.0035921,15893834.0,57025.2885631
2026-08-31 19:14:00,0.003592,0.0035943,0.0035878,0.0035881,12618283.0,45319.4878712
2026-08-31 19:15:00,0.0035881,0.0035881,0.0035814,0.0035832,32592431.0,116820.8629975
2026-08-31 19:16:00,0.0035832,0.0035832,0.0035803,0.0035819,31482923.0,112776.2647961
2026-08-31 19:17:00,0.0035819,0.0035838,0.0035806,0.0035806,31922964.0,114357.1098109
2026-08-31 19:18:00,0.0035805,0.0035805,0.0035722,0.0035747,122481392.0,438036.6605278
2026-08-31 19:19:00,0.0035748,0.0035767,0.0035731,0.0035747,13180143.0,47119.7994364
2026-08-31 19:20:00,0.0035747,0.0035754,0.0035673,0.0035682,98540887.0,351873.4361602
2026-08-31 19:21:00,0.0035679,0.0035717,0.0035596,0.0035645,195726139.0,698066.3867669
2026-08-31 19:22:00,0.0035646,0.003569,0.0035625,0.0035683,62794050.0,223905.2945092
2026-08-31 19:23:00,0.0035684,0.0035765,0.0035684,0.0035742,89092980.0,318327.5611045
2026-08-31 19:24:00,0.0035742,0.0035751,0.0035722,0.0035742,10457348.0,37366.7604186
2026-08-31 19:25:00,0.0035739,0.0035739,0.0035685,0.003573,45874372.0,163839.4611263
2026-08-31 19:26:00,0.0035722,0.0035725,0.0035687,0.0035718,22024769.0,78644.3718714
2026-08-31 19:27:00,0.0035717,0.0035726,0.0035696,0.0035724,11789076.0,42096.7422994
2026-08-31 19:28:00,0.0035725,0.003577,0.0035725,0.003576,7784022.0,27831.7263869
2026-08-31 19:29:00,0.0035759,0.0035759,0.0035725,0.0035733,5409892.0,19333.8810329
2026-08-31 19:30:00,0.0035732,0.0035752,0.0035692,0.0035743,18905770.0,67531.0807539
2026-08-31 19:31:00,0.0035744,0.0035744,0.0035647,0.0035647,42217441.0,150638.4605643
2026-08-31 19:32:00,0.0035647,0.0035661,0.0035615,0.0035647,88673148.0,316027.474583
2026-08-31 19:33:00,0.0035646,0.0035646,0.0035621,0.0035639,17502233.0,62368.8945193
2026-08-31 19:34:00,0.003564,0.0035663,0.0035639,0.0035663,5475451.0,19520.1239026
2026-08-31 19:35:00,0.0035662,0.0035694,0.0035655,0.0035656,13383582.0,47740.2828223
2026-08-31 19:36:00,0.0035655,0.0035679,0.0035654,0.0035673,8526200.0,30408.5368854
2026-08-31 19:37:00,0.0035673,0.0035685,0.0035628,0.003563,33867801.0,120744.341715
2026-08-31 19:38:00,0.0035629,0.0035648,0.0035621,0.0035638,6985307.0,24891.658953
2026-08-31 19:39:00,0.0035639,0.0035642,0.0035622,0.0035627,4073397.0,14515.4144627
2026-08-31 19:40:00,0.0035627,0.0035631,0.0035578,0.0035597,133316906.0,474628.4122954
2026-08-31 19:41:00,0.0035598,0.0035606,0.0035541,0.0035556,31921928.0,113547.3899803
2026-08-31 19:42:00,0.0035556,0.0035593,0.0035542,0.0035573,20083322.0,71426.9710844
2026-08-31 19:43:00,0.0035573,0.003562,0.0035572,0.0035615,65375474.0,232737.6241643
2026-08-31 19:44:00,0.0035615,0.0035629,0.0035606,0.0035614,11229776.0,39995.6135283
2026-08-31 19:45:00,0.0035614,0.0035647,0.0035602,0.0035638,12664578.0,45116.2941092
2026-08-31 19:46:00,0.0035639,0.0035672,0.0035639,0.0035658,9117129.0,32508.9546184
2026-08-31 19:47:00,0.0035657,0.0035657,0.0035621,0.003563,10213726.0,36394.1787395
2026-08-31 19:48:00,0.0035629,0.0035674,0.0035625,0.0035667,7175948.0,25584.070128
2026-08-31 19:49:00,0.0035667,0.0035726,0.003566,0.0035723,27295689.0,97435.7278617
2026-08-31 19:50:00,0.0035723,0.0035766,0.003566,0.0035677,57266323.0,204511.4116575
2026-08-31 19:51:00,0.0035676,0.0035682,0.0035656,0.0035656,10896088.0,38865.0380777
2026-08-31 19:52:00,0.0035656,0.0035673,0.0035651,0.0035652,4006321.0,14286.6472365
2026-08-31 19:53:00,0.0035652,0.0035659,0.0035631,0.0035638,7223818.0,25748.3411895
2026-08-31 19:54:00,0.0035637,0.0035638,0.0035608,0.0035636,15551307.0,55398.1190733
2026-08-31 19:55:00,0.0035636,0.0035636,0.00356,0.0035605,13123016.0,46736.0708723
2026-08-31 19:56:00,0.0035606,0.0035606,0.0035559,0.0035605,21289900.0,75759.166271
2026-08-31 19:57:00,0.0035605,0.0035627,0.003559,0.0035623,14630107.0,52103.6713076
2026-08-31 19:58:00,0.0035624,0.0035644,0.0035624,0.0035638,7945602.0,28316.1502895
2026-08-31 19:59:00,0.0035637,0.0035654,0.0035613,0.003562,11040969.0,39346.8886999
2026-08-31 20:00:00,0.003562,0.0035644,0.0035606,0.0035626,14726676.0,52460.219256
2026-08-31 20:01:00,0.0035627,0.0035674,0.0035623,0.0035674,12360016.0,44055.0021782
2026-08-31 20:02:00,0.0035674,0.0035702,0.0035669,0.0035685,13685201.0,48838.4066465
2026-08-31 20:03:00,0.0035685,0.0035695,0.0035656,0.0035656,35194487.0,125552.6614979
2026-08-31 20:04:00,0.0035656,0.00357,0.0035638,0.0035688,51186683.0,182530.3407848
2026-08-31 20:05:00,0.0035687,0.0035687,0.0035648,0.0035661,9577058.0,34155.8700722
2026-08-31 20:06:00,0.0035662,0.0035673,0.0035646,0.0035671,5739608.0,20469.0338033
2026-08-31 20:07:00,0.0035672,0.0035703,0.0035671,0.0035701,7451091.0,26594.6401241
2026-08-31 20:08:00,0.0035701,0.0035723,0.0035701,0.0035713,4203851.0,15013.7600264
2026-08-31 20:09:00,0.0035713,0.0035731,0.0035689,0.0035731,7170959.0,25606.4793715
2026-08-31 20:10:00,0.0035731,0.0035762,0.0035731,0.003575,15464479.0,55288.1079401
2026-08-31 20:11:00,0.003575,0.003575,0.0035708,0.0035708,7974149.0,28487.9085017
2026-08-31 20:12:00,0.0035709,0.0035737,0.0035708,0.0035733,4954263.0,17699.4266475
2026-08-31 20:13:00,0.0035733,0.0035806,0.0035733,0.0035795,15188799.0,54349.8586214
2026-08-31 20:14:00,0.0035796,0.0035811,0.0035769,0.0035793,13775210.0,49302.4583565
2026-08-31 20:15:00,0.0035793,0.0035818,0.003577,0.0035812,17675885.0,63267.4607679
2026-08-31 20:16:00,0.0035812,0.003583,0.0035801,0.0035813,40961435.0,146724.7623777
2026-08-31 20:17:00,0.0035814,0.0035855,0.0035814,0.0035846,27198672.0,97484.0645494
2026-08-31 20:18:00,0.0035846,0.0035876,0.0035846,0.0035864,46396801.0,166368.4089694
2026-08-31 20:19:00,0.0035863,0.0035936,0.0035852,0.0035934,35033536.0,125772.1806418
2026-08-31 20:20:00,0.0035937,0.0035979,0.0035912,0.0035956,35132303.0,126305.5950702
2026-08-31 20:21:00,0.0035956,0.0035972,0.0035919,0.0035941,36640708.0,131729.1159434
2026-08-31 20:22:00,0.0035941,0.0035945,0.0035903,0.0035923,22599922.0,81175.2911438
2026-08-31 20:23:00,0.0035922,0.0035924,0.0035875,0.0035888,10337371.0,37108.8894428
2026-08-31 20:24:00,0.0035887,0.0035887,0.0035828,0.003584,115322659.0,413353.3620629
2026-08-31 20:25:00,0.003584,0.003584,0.0035771,0.0035782,44929249.0,160845.2026244
2026-08-31 20:26:00,0.0035782,0.0035797,0.0035768,0.0035792,17129340.0,61297.5880899
2026-08-31 20:27:00,0.0035792,0.0035809,0.0035767,0.0035803,34138420.0,122175.4970876
2026-08-31 20:28:00,0.0035803,0.0035809,0.0035776,0.0035787,63620621.0,227741.6149128
2026-08-31 20:29:00,0.0035787,0.0035788,0.0035758,0.0035763,112682448.0,403137.2886603
2026-08-31 20:30:00,0.0035763,0.0035811,0.0035755,0.0035797,10519387.0,37640.3002094
2026-08-31 20:31:00,0.0035798,0.0035835,0.0035774,0.0035778,18044340.0,64620.0573974
2026-08-31 20:32:00,0.0035778,0.0035785,0.0035707,0.0035712,32059021.0,114581.0389415
2026-08-31 20:33:00,0.0035712,0.0035728,0.003567,0.0035673,18543667.0,66195.6781224
2026-08-31 20:34:00,0.0035674,0.0035695,0.0035669,0.0035673,22080854.0,78780.6010883
2026-08-31 20:35:00,0.0035673,0.0035702,0.0035673,0.0035688,7162618.0,25562.5632886
2026-08-31 20:36:00,0.0035688,0.0035698,0.0035666,0.0035672,23063971.0,82271.9360334
2026-08-31 20:37:00,0.0035671,0.0035699,0.0035652,0.0035661,18843945.0,67224.040952
2026-08-31 20:38:00,0.003566,0.00357,0.003566,0.0035693,17721266.0,63217.3101804
2026-08-31 20:39:00,0.0035693,0.0035715,0.0035663,0.0035715,56377310.0,201243.3048004
2026-08-31 20:40:00,0.0035715,0.0035759,0.0035715,0.0035758,14698605.0,52539.7236262
2026-08-31 20:41:00,0.0035758,0.0035758,0.0035691,0.0035695,104052994.0,371779.4994377
2026-08-31 20:42:00,0.0035694,0.0035703,0.0035669,0.0035701,20220470.0,72154.7912103
2026-08-31 20:43:00,0.0035701,0.0035744,0.00357,0.0035738,25239290.0,90173.6269108
2026-08-31 20:44:00,0.0035736,0.0035753,0.003571,0.0035734,49205240.0,175802.6981384
2026-08-31 20:45:00,0.0035734,0.0035767,0.0035734,0.003575,45426917.0,162407.3097048
2026-08-31 20:46:00,0.003575,0.00358,0.003575,0.0035787,31794933.0,113735.9921208
2026-08-31 20:47:00,0.0035787,0.0035802,0.0035741,0.0035743,9869350.0,35309.9651232
2026-08-31 20:48:00,0.0035743,0.003575,0.0035711,0.0035733,14393587.0,51426.7121362
2026-08-31 20:49:00,0.0035734,0.0035749,0.0035734,0.0035736,3336865.0,11926.9019422
2026-08-31 20:50:00,0.0035737,0.0035805,0.0035729,0.0035765,59131409.0,211556.3074442
2026-08-31 20:51:00,0.0035765,0.0035777,0.0035737,0.0035772,29598215.0,105835.0230384
2026-08-31 20:52:00,0.0035773,0.0035778,0.0035748,0.003575,4211533.0,15060.3354426
2026-08-31 20:53:00,0.0035751,0.0035768,0.0035751,0.0035763,4363124.0,15602.1708067
2026-08-31 20:54:00,0.0035762,0.0035762,0.0035743,0.0035752,3939925.0,14085.0777936
2026-08-31 20:55:00,0.003575,0.0035771,0.0035739,0.0035754,12198346.0,43613.2479073
2026-08-31 20:56:00,0.0035755,0.0035759,0.0035696,0.0035701,47953891.0,171286.9994325
2026-08-31 20:57:00,0.0035698,0.0035711,0.003567,0.0035693,22285016.0,79526.803893
2026-08-31 20:58:00,0.0035695,0.0035725,0.0035695,0.0035714,8242287.0,29437.3952528
2026-08-31 20:59:00,0.0035714,0.0035724,0.0035706,0.0035724,12493355.0,44618.1045616
2026-08-31 21:00:00,0.0035724,0.003574,0.0035724,0.0035731,10265045.0,36683.821799
2026-08-31 21:01:00,0.003573,0.0035732,0.0035702,0.0035702,11061642.0,39506.6915566
2026-08-31 21:02:00,0.0035703,0.0035703,0.0035634,0.0035646,58911723.0,210065.8654662
2026-08-31 21:03:00,0.0035645,0.0035669,0.0035598,0.0035663,72634664.0,258879.2550584
2026-08-31 21:04:00,0.0035663,0.0035679,0.0035649,0.0035654,15019508.0,53564.5340339
2026-08-31 21:05:00,0.0035655,0.0035661,0.003557,0.0035599,32308043.0,115011.5542095
2026-08-31 21:06:00,0.0035599,0.0035666,0.003557,0.0035666,27831028.0,99076.5429141
2026-08-31 21:07:00,0.0035663,0.0035672,0.0035618,0.0035672,20812516.0,74172.2854587
2026-08-31 21:08:00,0.0035672,0.0035748,0.0035667,0.0035742,15701316.0,56047.8629734
2026-08-31 21:09:00,0.0035741,0.0035742,0.0035708,0.0035729,18485786.0,66045.2197275
2026-08-31 21:10:00,0.003573,0.003573,0.0035633,0.0035669,66195698.0,236099.2139417
2026-08-31 21:11:00,0.0035669,0.0035669,0.0035628,0.0035654,17073901.0,60850.8033647
2026-08-31 21:12:00,0.0035652,0.003566,0.0035624,0.0035636,28853129.0,102828.346012
2026-08-31 21:13:00,0.0035634,0.0035648,0.0035627,0.0035632,21469089.0,76515.6106569
2026-08-31 21:14:00,0.0035632,0.003564,0.0035628,0.0035629,5151785.0,18357.2418084
2026-08-31 21:15:00,0.0035628,0.0035649,0.0035617,0.0035617,5758670.0,20522.4314184
2026-08-31 21:16:00,0.0035617,0.0035637,0.0035574,0.0035602,47752969.0,170019.6659244
2026-08-31 21:17:00,0.0035602,0.0035602,0.0035578,0.0035578,34614884.0,123196.8887947
2026-08-31 21:18:00,0.0035579,0.0035595,0.0035571,0.0035579,16131507.0,57404.3828334
2026-08-31 21:19:00,0.0035579,0.0035584,0.0035554,0.0035558,12247058.0,43569.221889
2026-08-31 21:20:00,0.0035559,0.0035648,0.0035554,0.0035635,73147849.0,260478.6890375
2026-08-31 21:21:00,0.0035634,0.0035642,0.003561,0.0035618,8496048.0,30272.9207857
2026-08-31 21:22:00,0.0035619,0.0035633,0.0035616,0.0035621,6367392.0,22682.709888
2026-08-31 21:23:00,0.003562,0.0035645,0.003562,0.0035643,5054817.0,18011.6745237
2026-08-31 21:24:00,0.0035642,0.0035672,0.0035639,0.0035658,5475336.0,19521.0328016
2026-08-31 21:25:00,0.0035658,0.0035663,0.0035625,0.0035659,6333410.0,22576.3492918
2026-08-31 21:26:00,0.0035659,0.0035704,0.0035643,0.0035704,27633796.0,98605.3592668
2026-08-31 21:27:00,0.0035704,0.0035759,0.0035704,0.0035731,15902359.0,56833.1062798
2026-08-31 21:28:00,0.0035732,0.0035743,0.0035717,0.0035729,4735965.0,16921.9926765
2026-08-31 21:29:00,0.0035729,0.0035752,0.0035729,0.0035752,2905462.0,10384.8136357
2026-08-31 21:30:00,0.0035752,0.0035785,0.0035752,0.0035785,56835251.0,203279.9883898
2026-08-31 21:31:00,0.0035785,0.003584,0.0035771,0.0035806,70432122.0,252169.8664895
2026-08-31 21:32:00,0.0035806,0.0035806,0.0035771,0.003578,18880157.0,67559.6299462
2026-08-31 21:33:00,0.0035779,0.0035779,0.0035743,0.0035778,40811857.0,145951.9002445
2026-08-31 21:34:00,0.0035777,0.0035814,0.0035772,0.0035795,37643232.0,134753.4121475
2026-08-31 21:35:00,0.0035795,0.0035841,0.003579,0.0035821,6852285.0,24546.4310824
2026-08-31 21:36:00,0.0035821,0.003583,0.0035807,0.0035814,7953153.0,28486.6040508
2026-08-31 21:37:00,0.0035815,0.0035815,0.0035764,0.0035764,11943102.0,42743.8046304
2026-08-31 21:38:00,0.0035764,0.0035785,0.003576,0.003577,13250034.0,47397.5111398
2026-08-31 21:39:00,0.003577,0.0035798,0.0035764,0.0035768,9647361.0,34518.5173255
2026-08-31 21:40:00,0.003577,0.0035814,0.0035748,0.0035763,13072711.0,46768.216611
2026-08-31 21:41:00,0.0035764,0.0035782,0.0035753,0.0035767,6971312.0,24935.7451663
2026-08-31 21:42:00,0.0035766,0.0035766,0.0035729,0.0035743,16112318.0,57588.2780246
2026-08-31 21:43:00,0.0035743,0.0035764,0.0035727,0.0035764,14748721.0,52718.7608724
2026-08-31 21:44:00,0.0035764,0.0035794,0.0035764,0.003579,3792139.0,13569.01321
2026-08-31 21:45:00,0.0035792,0.0035842,0.0035792,0.0035834,12307614.0,44088.6962003
2026-08-31 21:46:00,0.0035834,0.0035867,0.0035833,0.0035867,6390905.0,22908.4803125
2026-08-31 21:47:00,0.0035867,0.0035867,0.0035848,0.0035848,6706346.0,24050.2590652
2026-08-31 21:48:00,0.0035848,0.0035859,0.0035844,0.0035858,5371109.0,19254.0471435
2026-08-31 21:49:00,0.0035857,0.0035858,0.0035847,0.0035855,6846307.0,24545.4540377
2026-08-31 21:50:00,0.0035854,0.0035871,0.0035847,0.0035849,21120964.0,75746.9867487
2026-08-31 21:51:00,0.0035849,0.0035849,0.0035838,0.0035839,7380085.0,26453.4934236
2026-08-31 21:52:00,0.0035839,0.0035871,0.0035838,0.0035853,19711372.0,70689.7009016
2026-08-31 21:53:00,0.0035853,0.0035853,0.0035812,0.0035827,18950878.0,67911.4438972
2026-08-31 21:54:00,0.0035827,0.0035827,0.0035766,0.003578,7187846.0,25721.6445623
2026-08-31 21:55:00,0.003578,0.0035782,0.0035758,0.0035758,2081799.0,7446.3703024
2026-08-31 21:56:00,0.0035758,0.0035784,0.0035744,0.0035748,8964206.0,32059.537335
2026-08-31 21:57:00,0.003575,0.0035762,0.0035743,0.0035758,8911163.0,31857.0575185
2026-08-31 21:58:00,0.0035757,0.0035776,0.0035726,0.0035752,16788469.0,60013.5364233
2026-08-31 21:59:00,0.003575,0.0035752,0.0035728,0.0035743,6638072.0,23724.5718622
2026-08-31 22:00:00,0.0035742,0.00358,0.003574,0.0035772,19960589.0,71397.8112725
2026-08-31 22:01:00,0.0035772,0.0035773,0.0035733,0.0035741,8273827.0,29574.1913637
2026-08-31 22:02:00,0.0035741,0.0035741,0.0035667,0.003572,66256887.0,236576.91754
2026-08-31 22:03:00,0.003572,0.003577,0.0035708,0.003574,13809997.0,49351.7929876
2026-08-31 22:04:00,0.003574,0.003574,0.0035699,0.0035703,8858224.0,31637.3887323
2026-08-31 22:05:00,0.0035702,0.0035734,0.003569,0.0035734,5381127.0,19217.4773822
2026-08-31 22:06:00,0.0035734,0.0035755,0.0035727,0.003574,8142845.0,29106.5545373
2026-08-31 22:07:00,0.0035739,0.0035754,0.0035735,0.0035735,11048379.0,39492.6605631
2026-08-31 22:08:00,0.0035734,0.0035734,0.003567,0.0035694,99688119.0,355948.4764193
2026-08-31 22:09:00,0.0035695,0.0035759,0.0035695,0.0035755,9871228.0,35281.3197223
2026-08-31 22:10:00,0.0035755,0.0035755,0.0035703,0.0035711,48859986.0,174604.9952114
2026-08-31 22:11:00,0.0035712,0.0035754,0.0035712,0.0035739,6095393.0,21778.3220095
2026-08-31 22:12:00,0.0035738,0.0035738,0.003572,0.0035723,8785819.0,31390.8298107
2026-08-31 22:13:00,0.0035722,0.0035722,0.0035675,0.0035688,17046663.0,60837.6617336
2026-08-31 22:14:00,0.0035688,0.0035693,0.0035658,0.0035669,14299967.0,51007.4047988
2026-08-31 22:15:00,0.0035668,0.0035668,0.0035649,0.0035659,7183075.0,25614.0209542
2026-08-31 22:16:00,0.0035659,0.0035666,0.0035609,0.0035609,18762510.0,66857.8905198
2026-08-31 22:17:00,0.0035609,0.0035629,0.0035593,0.0035603,23848914.0,84920.3209619
2026-08-31 22:18:00,0.0035603,0.0035645,0.0035603,0.0035632,13239914.0,47179.7314084
2026-08-31 22:19:00,0.0035632,0.0035642,0.0035608,0.0035608,6039483.0,21513.6859894
2026-08-31 22:20:00,0.0035609,0.0035627,0.0035601,0.0035622,7009579.0,24963.4542117
2026-08-31 22:21:00,0.0035622,0.0035647,0.0035622,0.0035642,8757224.0,31207.0225015
2026-08-31 22:22:00,0.0035642,0.0035657,0.0035635,0.0035644,8023111.0,28600.0085694
2026-08-31 22:23:00,0.0035644,0.0035668,0.0035643,0.0035655,8566089.0,30543.0599312
2026-08-31 22:24:00,0.0035655,0.0035668,0.0035638,0.0035638,6883343.0,24544.185692
2026-08-31 22:25:00,0.0035645,0.0035667,0.0035643,0.0035667,10408530.0,37108.5478744
2026-08-31 22:26:00,0.0035667,0.0035685,0.0035667,0.003567,7735118.0,27595.2921608
2026-08-31 22:27:00,0.003567,0.0035673,0.0035655,0.003566,9567416.0,34121.6269377
2026-08-31 22:28:00,0.003566,0.003566,0.003564,0.0035644,4959887.0,17680.6276774
2026-08-31 22:29:00,0.0035645,0.0035656,0.0035622,0.0035625,86693107.0,308909.680374
2026-08-31 22:30:00,0.0035625,0.0035645,0.0035619,0.0035637,31530273.0,112325.4852931
2026-08-31 22:31:00,0.0035638,0.0035686,0.003563,0.0035656,81600054.0,291019.5802271
2026-08-31 22:32:00,0.0035657,0.0035663,0.0035597,0.0035639,106938426.0,381053.0929024
2026-08-31 22:33:00,0.0035638,0.0035657,0.0035622,0.0035632,9710531.0,34606.0407734
2026-08-31 22:34:00,0.0035634,0.0035639,0.0035604,0.0035629,25020749.0,89115.7861124
2026-08-31 22:35:00,0.003563,0.0035635,0.0035607,0.0035635,10984501.0,39128.3736349
2026-08-31 22:36:00,0.0035634,0.0035655,0.0035623,0.0035624,10217931.0,36415.3905919
2026-08-31 22:37:00,0.0035624,0.0035638,0.0035621,0.0035621,6277315.0,22365.894178
2026-08-31 22:38:00,0.0035621,0.0035639,0.0035613,0.0035639,4161717.0,14823.631014
2026-08-31 22:39:00,0.0035639,0.003564,0.0035629,0.003564,4771305.0,17002.2797877
2026-08-31 22:40:00,0.003564,0.0035647,0.00356,0.0035611,13989047.0,49829.8500711
2026-08-31 22:41:00,0.0035612,0.0035618,0.0035604,0.0035616,9441575.0,33622.8174767
2026-08-31 22:42:00,0.0035616,0.0035626,0.0035594,0.0035615,13322964.0,47442.9707228
2026-08-31 22:43:00,0.0035615,0.0035669,0.0035604,0.0035642,109120997.0,388950.1077284
2026-08-31 22:44:00,0.0035642,0.0035658,0.0035596,0.0035601,58720970.0,209177.4753535
2026-08-31 22:45:00,0.0035601,0.0035627,0.0035585,0.0035612,40246457.0,143291.2421465
2026-08-31 22:46:00,0.0035611,0.0035617,0.0035584,0.0035595,36753558.0,130823.5572743
2026-08-31 22:47:00,0.0035596,0.0035608,0.003559,0.00356,17093104.0,60851.9297921
2026-08-31 22:48:00,0.00356,0.0035605,0.0035592,0.0035604,10986068.0,39109.3366935
2026-08-31 22:49:00,0.0035604,0.0035612,0.0035596,0.0035602,13259026.0,47205.7923735
2026-08-31 22:50:00,0.0035601,0.0035656,0.0035601,0.0035646,37676671.0,134273.0657669
2026-08-31 22:51:00,0.0035646,0.0035646,0.0035622,0.0035631,11939724.0,42540.2513349
2026-08-31 22:52:00,0.0035631,0.003564,0.0035626,0.0035628,9130244.0,32536.0401594
2026-08-31 22:53:00,0.0035629,0.0035692,0.0035629,0.0035659,19395678.0,69189.8869109
2026-08-31 22:54:00,0.0035659,0.0035685,0.0035659,0.0035675,7824890.0,27913.0269032
2026-08-31 22:55:00,0.0035676,0.0035678,0.0035649,0.0035661,24199261.0,86305.8490335
2026-08-31 22:56:00,0.0035662,0.0035672,0.0035651,0.0035658,10858701.0,38722.8670106
2026-08-31 22:57:00,0.0035658,0.0035669,0.0035656,0.0035665,3640030.0,12981.4633038
2026-08-31 22:58:00,0.0035664,0.0035664,0.0035641,0.0035644,4167037.0,14855.3280025
2026-08-31 22:59:00,0.0035645,0.0035647,0.003564,0.0035641,3469088.0,12365.3360627
2026-08-31 23:00:00,0.003564,0.0035641,0.0035572,0.0035587,32084565.0,114205.1447887
2026-08-31 23:01:00,0.0035587,0.0035612,0.0035568,0.0035569,19055367.0,67816.1672341
2026-08-31 23:02:00,0.003557,0.003557,0.0035467,0.0035495,125772470.0,446560.0379504
2026-08-31 23:03:00,0.0035496,0.0035531,0.0035492,0.0035523,36252747.0,128743.6961812
2026-08-31 23:04:00,0.0035523,0.0035552,0.0035502,0.0035548,59238631.0,210446.9713693
2026-08-31 23:05:00,0.0035547,0.0035583,0.0035547,0.0035561,17520725.0,62313.1730567
2026-08-31 23:06:00,0.0035562,0.0035587,0.0035556,0.0035581,8501446.0,30244.9284134
2026-08-31 23:07:00,0.0035581,0.0035605,0.0035575,0.0035596,5506348.0,19598.7806445
2026-08-31 23:08:00,0.0035597,0.0035621,0.0035597,0.0035613,15766031.0,56145.9009857
2026-08-31 23:09:00,0.0035614,0.0035622,0.0035614,0.0035618,4008141.0,14276.2033631
2026-08-31 23:10:00,0.0035619,0.0035622,0.0035566,0.003557,14471843.0,51508.1862191
2026-08-31 23:11:00,0.003557,0.00356,0.0035567,0.0035592,7445331.0,26495.8265525
2026-08-31 23:12:00,0.0035592,0.0035592,0.0035565,0.0035572,12302860.0,43770.9454363
2026-08-31 23:13:00,0.0035572,0.0035579,0.003556,0.0035565,5905857.0,21004.9815661
2026-08-31 23:14:00,0.0035565,0.0035568,0.0035555,0.0035555,3856425.0,13714.2106262
2026-08-31 23:15:00,0.0035555,0.003557,0.0035554,0.0035556,5763253.0,20494.5182579
2026-08-31 23:16:00,0.0035556,0.0035566,0.0035555,0.0035566,4467081.0,15885.8909973
2026-08-31 23:17:00,0.0035567,0.0035582,0.0035538,0.0035548,13042568.0,46385.5768509
2026-08-31 23:18:00,0.0035548,0.0035574,0.0035538,0.003556,5827831.0,20720.9387431
2026-08-31 23:19:00,0.003556,0.00356,0.003556,0.0035598,6053762.0,21542.8830047
2026-08-31 23:20:00,0.0035598,0.0035606,0.0035572,0.0035578,7308917.0,26007.4394763
2026-08-31 23:21:00,0.0035578,0.0035594,0.0035564,0.0035569,8884988.0,31611.9966034
2026-08-31 23:22:00,0.0035569,0.0035578,0.0035544,0.003555,7063289.0,25119.7673541
2026-08-31 23:23:00,0.0035549,0.0035565,0.0035524,0.0035534,22343824.0,79411.9567585
2026-08-31 23:24:00,0.0035535,0.0035538,0.0035484,0.0035506,47575869.0,168956.2495202
2026-08-31 23:25:00,0.0035507,0.0035518,0.0035482,0.0035492,49142023.0,174449.7768456
2026-08-31 23:26:00,0.0035493,0.0035541,0.0035493,0.0035533,17800964.0,63228.388158
2026-08-31 23:27:00,0.0035534,0.0035536,0.003552,0.0035536,11621815.0,41289.0208169
2026-08-31 23:28:00,0.0035536,0.0035537,0.0035526,0.0035535,2721026.0,9668.4158861
2026-08-31 23:29:00,0.0035536,0.0035554,0.0035536,0.003555,4243168.0,15083.515186
2026-08-31 23:30:00,0.003555,0.003555,0.0035527,0.0035537,9995304.0,35522.4123508
2026-08-31 23:31:00,0.0035538,0.0035538,0.0035504,0.0035511,17199298.0,61093.4052214
2026-08-31 23:32:00,0.0035511,0.0035511,0.0035494,0.0035502,9959541.0,35357.8660908
2026-08-31 23:33:00,0.0035502,0.0035507,0.0035479,0.0035503,11682207.0,41464.8548136
2026-08-31 23:34:00,0.0035502,0.0035527,0.0035487,0.0035515,12083289.0,42910.6733089
2026-08-31 23:35:00,0.0035515,0.0035519,0.0035494,0.0035517,22098916.0,78459.4412803
2026-08-31 23:36:00,0.0035517,0.0035525,0.0035485,0.0035493,8739574.0,31026.1062233
2026-08-31 23:37:00,0.0035494,0.0035502,0.0035458,0.0035494,47962344.0,170176.3232282
2026-08-31 23:38:00,0.0035494,0.00355,0.0035457,0.0035462,24053475.0,85362.6265474
2026-08-31 23:39:00,0.0035462,0.003552,0.0035462,0.0035489,49183899.0,174552.649836
2026-08-31 23:40:00,0.0035489,0.0035503,0.0035478,0.0035478,55957586.0,198590.2400515
2026-08-31 23:41:00,0.0035478,0.0035478,0.0035408,0.0035455,77154907.0,273403.6919263
2026-08-31 23:42:00,0.0035454,0.0035468,0.0035448,0.003546,18581698.0,65891.3663568
2026-08-31 23:43:00,0.0035461,0.0035507,0.003546,0.0035463,65095373.0,231044.4484525
2026-08-31 23:44:00,0.0035462,0.0035463,0.003544,0.0035442,13763005.0,48787.3363766
2026-08-31 23:45:00,0.0035441,0.0035444,0.0035417,0.0035426,16579375.0,58736.1410498
2026-08-31 23:46:00,0.0035428,0.0035442,0.0035427,0.0035433,10627857.0,37659.4943045
2026-08-31 23:47:00,0.0035433,0.0035457,0.0035433,0.003545,7380810.0,26162.0902046
2026-08-31 23:48:00,0.003545,0.0035492,0.003545,0.003547,40457201.0,143522.6287898
2026-08-31 23:49:00,0.0035471,0.0035477,0.003546,0.0035461,5818862.0,20636.9154924
2026-08-31 23:50:00,0.0035462,0.003548,0.0035453,0.003548,28164567.0,99872.4421286
2026-08-31 23:51:00,0.0035479,0.0035531,0.0035452,0.0035517,133351255.0,473370.968962
2026-08-31 23:52:00,0.0035518,0.0035548,0.0035515,0.0035537,17810608.0,63288.5665463
2026-08-31 23:53:00,0.0035537,0.0035537,0.0035513,0.0035522,17035919.0,60512.6894322
2026-08-31 23:54:00,0.0035522,0.0035522,0.0035494,0.0035506,7580536.0,26911.5472764
2026-08-31 23:55:00,0.0035505,0.0035505,0.0035471,0.0035497,26387384.0,93634.8212886
2026-08-31 23:56:00,0.0035498,0.0035525,0.0035495,0.0035524,6154733.0,21855.1806419
2026-08-31 23:57:00,0.0035524,0.0035561,0.0035524,0.0035537,20866225.0,74183.5241029
2026-08-31 23:58:00,0.0035537,0.0035582,0.0035537,0.0035548,21081304.0,74974.8358255
2026-08-31 23:59:00,0.0035545,0.0035574,0.0035545,0.0035558,13701676.0,48727.8828223
