timestamp,open,high,low,close,volume,quote_volume
2026-09-14 12:06:00,0.2101,0.2101,0.2099,0.2099,11409.4,2395.98726
2026-09-14 12:07:00,0.2099,0.2102,0.2099,0.2102,15713.8,3300.92452
2026-09-14 12:08:00,0.2101,0.2103,0.21,0.21,50111.0,10530.55833
2026-09-14 12:09:00,0.2101,0.2102,0.2101,0.2101,13626.4,2863.0633
2026-09-14 12:10:00,0.2102,0.2102,0.2101,0.2101,7023.6,1475.67764
2026-09-14 12:11:00,0.2101,0.2102,0.21,0.21,12478.1,2621.39765
2026-09-14 12:12:00,0.21,0.2102,0.21,0.2102,19073.5,4006.28701
2026-09-14 12:13:00,0.2102,0.2102,0.2101,0.2101,90363.8,18985.62467
2026-09-14 12:14:00,0.21,0.2102,0.21,0.2102,17760.9,3730.64122
2026-09-14 12:15:00,0.2101,0.2102,0.21,0.2102,19278.5,4051.78936
2026-09-14 12:16:00,0.2103,0.2103,0.2099,0.21,97451.6,20477.25406
2026-09-14 12:17:00,0.21,0.2102,0.21,0.2102,19698.3,4137.17994
2026-09-14 12:18:00,0.2101,0.2102,0.21,0.21,8432.5,1771.55415
2026-09-14 12:19:00,0.2101,0.2103,0.2099,0.21,23698.6,4980.94684
2026-09-14 12:20:00,0.21,0.21,0.2097,0.2097,219696.8,46110.68557
2026-09-14 12:21:00,0.2097,0.2097,0.2096,0.2097,53044.7,11121.03915
2026-09-14 12:22:00,0.2097,0.2099,0.2097,0.2099,27331.1,5733.86958
2026-09-14 12:23:00,0.2098,0.2099,0.2097,0.2097,58959.0,12368.6796
2026-09-14 12:24:00,0.2098,0.2099,0.2097,0.2098,32791.3,6879.58578
2026-09-14 12:25:00,0.2098,0.2099,0.2098,0.2099,4694.4,984.90408
2026-09-14 12:26:00,0.2098,0.2098,0.2097,0.2097,8812.2,1848.32642
2026-09-14 12:27:00,0.2096,0.21,0.2096,0.2098,213505.4,44786.86969
2026-09-14 12:28:00,0.2097,0.2099,0.2097,0.2099,7579.1,1590.36687
2026-09-14 12:29:00,0.2099,0.21,0.2099,0.21,22248.1,4671.03655
2026-09-14 12:30:00,0.2099,0.21,0.2098,0.21,92627.3,19448.53561
2026-09-14 12:31:00,0.21,0.2102,0.21,0.2102,17115.9,3594.89692
2026-09-14 12:32:00,0.2102,0.2106,0.2102,0.2105,123736.7,26032.66464
2026-09-14 12:33:00,0.2106,0.2107,0.2105,0.2105,29361.6,6184.20667
2026-09-14 12:34:00,0.2106,0.2108,0.2103,0.2104,357068.6,75182.25429
2026-09-14 12:35:00,0.2104,0.2104,0.2094,0.2096,376053.9,78946.54517
2026-09-14 12:36:00,0.2096,0.2099,0.2095,0.2096,133846.3,28075.2563
2026-09-14 12:37:00,0.2096,0.2096,0.2093,0.2095,58944.4,12349.56843
2026-09-14 12:38:00,0.2095,0.2099,0.2094,0.2097,250656.7,52574.61039
2026-09-14 12:39:00,0.2097,0.2102,0.2097,0.2101,93809.6,19707.74104
2026-09-14 12:40:00,0.21,0.21,0.2098,0.2099,56217.0,11800.71216
2026-09-14 12:41:00,0.21,0.2101,0.2094,0.2099,476314.4,99935.65841
2026-09-14 12:42:00,0.2098,0.2099,0.2097,0.2098,20589.7,4321.23862
2026-09-14 12:43:00,0.2098,0.2103,0.2098,0.2102,76220.4,16015.72766
2026-09-14 12:44:00,0.2101,0.2102,0.21,0.21,39408.7,8280.75217
2026-09-14 12:45:00,0.2099,0.2101,0.2099,0.21,44871.8,9423.16496
2026-09-14 12:46:00,0.21,0.21,0.2095,0.2096,20554.8,4311.01648
2026-09-14 12:47:00,0.2095,0.2097,0.2094,0.2096,23057.4,4830.44736
2026-09-14 12:48:00,0.2096,0.2096,0.2095,0.2095,24932.5,5223.61419
2026-09-14 12:49:00,0.2094,0.2094,0.2094,0.2094,13520.7,2831.23458
2026-09-14 12:50:00,0.2094,0.2096,0.2091,0.2092,225747.7,47252.04977
2026-09-14 12:51:00,0.2091,0.2091,0.209,0.209,78989.7,16511.50042
2026-09-14 12:52:00,0.2089,0.209,0.2088,0.2089,102095.0,21327.64004
2026-09-14 12:53:00,0.209,0.2091,0.2089,0.2089,84620.6,17686.21053
2026-09-14 12:54:00,0.2089,0.2089,0.2086,0.2086,34975.0,7301.53267
2026-09-14 12:55:00,0.2087,0.2089,0.2084,0.2085,285084.2,59463.2878
2026-09-14 12:56:00,0.2085,0.2088,0.2085,0.2086,116219.4,24241.2685
2026-09-14 12:57:00,0.2087,0.2089,0.2087,0.2088,19474.7,4066.66172
2026-09-14 12:58:00,0.2089,0.209,0.2088,0.2089,33096.5,6915.41284
2026-09-14 12:59:00,0.2089,0.2089,0.2087,0.2087,38970.5,8137.19232
2026-09-14 13:00:00,0.2087,0.2087,0.2085,0.2087,49281.8,10281.12417
2026-09-14 13:01:00,0.2087,0.2087,0.2083,0.2084,72240.3,15060.92907
2026-09-14 13:02:00,0.2084,0.2084,0.2081,0.2081,82428.0,17159.09659
2026-09-14 13:03:00,0.2081,0.2084,0.2081,0.2081,306367.9,63817.13467
2026-09-14 13:04:00,0.2081,0.2084,0.208,0.208,130726.8,27217.51896
2026-09-14 13:05:00,0.208,0.2082,0.2079,0.2081,43561.0,9064.87608
2026-09-14 13:06:00,0.208,0.208,0.2071,0.2071,368031.4,76366.82606
2026-09-14 13:07:00,0.2071,0.2074,0.2071,0.2072,129736.3,26883.9527
2026-09-14 13:08:00,0.2072,0.2073,0.2069,0.207,467908.6,96916.12867
2026-09-14 13:09:00,0.2071,0.2075,0.207,0.2075,411395.7,85260.58505
2026-09-14 13:10:00,0.2076,0.208,0.2076,0.208,87396.9,18165.24762
2026-09-14 13:11:00,0.2081,0.2084,0.208,0.2081,186209.9,38772.53985
2026-09-14 13:12:00,0.2081,0.2084,0.208,0.2083,171158.8,35637.2077
2026-09-14 13:13:00,0.2084,0.2087,0.2079,0.208,362304.0,75472.48094
2026-09-14 13:14:00,0.208,0.2084,0.208,0.208,97597.3,20319.21719
2026-09-14 13:15:00,0.2081,0.2084,0.208,0.2084,87489.4,18215.20936
2026-09-14 13:16:00,0.2085,0.2086,0.2084,0.2086,148276.9,30921.97049
2026-09-14 13:17:00,0.2086,0.209,0.2084,0.2088,95678.5,19964.53061
2026-09-14 13:18:00,0.2088,0.2091,0.2088,0.209,256283.3,53547.29684
2026-09-14 13:19:00,0.2089,0.2089,0.2082,0.2083,80466.3,16771.56101
2026-09-14 13:20:00,0.2083,0.2085,0.2083,0.2084,93991.5,19583.64267
2026-09-14 13:21:00,0.2083,0.2087,0.2083,0.2085,36645.9,7638.19436
2026-09-14 13:22:00,0.2085,0.2085,0.2083,0.2083,32134.7,6698.39631
2026-09-14 13:23:00,0.2083,0.2083,0.2083,0.2083,6524.5,1359.05335
2026-09-14 13:24:00,0.2083,0.2083,0.2081,0.2082,38161.0,7945.31283
2026-09-14 13:25:00,0.2081,0.2083,0.2081,0.2082,59797.5,12452.74342
2026-09-14 13:26:00,0.2082,0.2082,0.208,0.2082,121084.1,25199.60654
2026-09-14 13:27:00,0.2083,0.2084,0.2083,0.2083,16714.1,3481.80365
2026-09-14 13:28:00,0.2083,0.2085,0.2083,0.2084,42173.3,8788.53433
2026-09-14 13:29:00,0.2084,0.2084,0.2083,0.2084,61519.7,12820.67765
2026-09-14 13:30:00,0.2085,0.2093,0.2084,0.2091,168381.3,35153.52673
2026-09-14 13:31:00,0.209,0.2094,0.2089,0.2093,168007.0,35144.68793
2026-09-14 13:32:00,0.2092,0.2095,0.2091,0.2095,288931.7,60480.05108
2026-09-14 13:33:00,0.2095,0.2096,0.2094,0.2095,20084.3,4207.93991
2026-09-14 13:34:00,0.2096,0.21,0.2096,0.2099,85730.7,17996.52036
2026-09-14 13:35:00,0.21,0.21,0.2093,0.2093,138033.0,28958.56277
2026-09-14 13:36:00,0.2093,0.2093,0.208,0.2085,556817.5,116083.57988
2026-09-14 13:37:00,0.2084,0.2088,0.2079,0.2088,71198.0,14846.31857
2026-09-14 13:38:00,0.2089,0.2096,0.2088,0.2092,204733.4,42845.23193
2026-09-14 13:39:00,0.2091,0.2092,0.2089,0.2089,40315.4,8424.72217
2026-09-14 13:40:00,0.2088,0.2092,0.2088,0.209,64419.2,13461.16648
2026-09-14 13:41:00,0.209,0.209,0.2085,0.2087,98679.0,20587.80938
2026-09-14 13:42:00,0.2087,0.2091,0.2087,0.2089,111958.1,23395.34236
2026-09-14 13:43:00,0.2089,0.2091,0.2087,0.209,182377.0,38120.63474
2026-09-14 13:44:00,0.2091,0.2092,0.2088,0.2091,92159.3,19268.79182
2026-09-14 13:45:00,0.209,0.2095,0.209,0.2094,85570.7,17906.3675
2026-09-14 13:46:00,0.2094,0.2098,0.2094,0.2097,112526.3,23595.08283
2026-09-14 13:47:00,0.2098,0.21,0.2098,0.2099,131143.8,27533.5397
2026-09-14 13:48:00,0.21,0.21,0.2097,0.2098,37267.9,7822.03406
2026-09-14 13:49:00,0.2098,0.2103,0.2098,0.2103,245451.9,51548.1222
2026-09-14 13:50:00,0.2102,0.2104,0.21,0.2101,42011.3,8828.27194
2026-09-14 13:51:00,0.2101,0.2102,0.2093,0.2093,120249.1,25209.05658
2026-09-14 13:52:00,0.2094,0.2098,0.2091,0.2094,245637.6,51414.81243
2026-09-14 13:53:00,0.2093,0.2094,0.209,0.2093,59526.8,12451.18053
2026-09-14 13:54:00,0.2093,0.2093,0.2089,0.2089,31783.6,6643.30836
2026-09-14 13:55:00,0.2088,0.2091,0.2086,0.2088,329417.7,68744.34258
2026-09-14 13:56:00,0.2088,0.2088,0.2083,0.2085,144045.3,30029.82677
2026-09-14 13:57:00,0.2085,0.2085,0.2082,0.2082,100122.6,20855.55791
2026-09-14 13:58:00,0.2082,0.2085,0.2081,0.2084,94806.2,19746.67509
2026-09-14 13:59:00,0.2084,0.2086,0.2083,0.2083,14659.7,3056.68172
2026-09-14 14:00:00,0.2083,0.2089,0.2083,0.2087,253547.9,52917.08347
2026-09-14 14:01:00,0.2088,0.2091,0.2088,0.2091,55008.6,11488.85274
2026-09-14 14:02:00,0.2091,0.2092,0.2089,0.209,96063.0,20084.99409
2026-09-14 14:03:00,0.209,0.2094,0.209,0.2093,22519.8,4710.06478
2026-09-14 14:04:00,0.2093,0.2096,0.2093,0.2095,123066.3,25776.8272
2026-09-14 14:05:00,0.2094,0.2094,0.2089,0.209,437388.9,91470.23678
2026-09-14 14:06:00,0.2091,0.2092,0.209,0.2091,74577.7,15593.37261
2026-09-14 14:07:00,0.2091,0.2092,0.209,0.2091,50689.4,10598.14379
2026-09-14 14:08:00,0.209,0.2093,0.209,0.2091,57175.0,11958.65853
2026-09-14 14:09:00,0.2091,0.2093,0.2091,0.2091,49537.9,10361.14899
2026-09-14 14:10:00,0.2091,0.21,0.2091,0.21,165024.2,34582.75551
2026-09-14 14:11:00,0.21,0.2106,0.21,0.2103,359000.9,75528.80309
2026-09-14 14:12:00,0.2103,0.2104,0.2099,0.21,40892.3,8597.3252
2026-09-14 14:13:00,0.21,0.2104,0.21,0.2104,70659.6,14850.3965
2026-09-14 14:14:00,0.2105,0.2105,0.2103,0.2104,78311.7,16476.32451
2026-09-14 14:15:00,0.2104,0.2105,0.2104,0.2105,40569.8,8539.86005
2026-09-14 14:16:00,0.2104,0.2107,0.2104,0.2106,31642.8,6663.81417
2026-09-14 14:17:00,0.2106,0.211,0.2106,0.2109,110199.4,23238.44044
2026-09-14 14:18:00,0.2108,0.2109,0.2105,0.2107,294271.9,62014.99577
2026-09-14 14:19:00,0.2108,0.211,0.2108,0.211,40527.5,8547.36296
2026-09-14 14:20:00,0.2109,0.2109,0.2105,0.2105,49172.4,10359.9633
2026-09-14 14:21:00,0.2105,0.2105,0.2096,0.2097,147282.8,30913.33685
2026-09-14 14:22:00,0.2097,0.21,0.2096,0.2099,32513.8,6821.28876
2026-09-14 14:23:00,0.2098,0.2098,0.2094,0.2096,70166.1,14703.04445
2026-09-14 14:24:00,0.2095,0.2095,0.2089,0.2089,385635.4,80630.4383
2026-09-14 14:25:00,0.2089,0.2092,0.2088,0.2092,43488.1,9089.57949
2026-09-14 14:26:00,0.2092,0.2092,0.2083,0.2085,37176.7,7758.1253
2026-09-14 14:27:00,0.2085,0.2092,0.2085,0.2092,109839.5,22952.24279
2026-09-14 14:28:00,0.2093,0.2098,0.2093,0.2098,24155.9,5063.1726
2026-09-14 14:29:00,0.2098,0.2098,0.2092,0.2095,151866.3,31792.02501
2026-09-14 14:30:00,0.2095,0.2098,0.2094,0.2098,66350.6,13909.61645
2026-09-14 14:31:00,0.2098,0.2105,0.2098,0.2104,89976.2,18906.82154
2026-09-14 14:32:00,0.2103,0.2103,0.2098,0.21,54322.4,11412.20496
2026-09-14 14:33:00,0.2101,0.2101,0.2098,0.2098,75356.1,15822.4985
2026-09-14 14:34:00,0.2098,0.2099,0.2097,0.2097,17938.9,3764.46618
2026-09-14 14:35:00,0.2096,0.2096,0.209,0.2091,54424.2,11384.30852
2026-09-14 14:36:00,0.2091,0.2091,0.2088,0.2088,59990.4,12533.56891
2026-09-14 14:37:00,0.2089,0.209,0.2087,0.2089,9691.7,2023.93271
2026-09-14 14:38:00,0.2088,0.2088,0.2085,0.2088,54338.7,11335.69984
2026-09-14 14:39:00,0.2088,0.2088,0.2085,0.2087,78154.3,16309.67662
2026-09-14 14:40:00,0.2087,0.2089,0.2085,0.2088,33378.3,6968.3561
2026-09-14 14:41:00,0.2088,0.2089,0.2085,0.2086,70951.1,14812.56082
2026-09-14 14:42:00,0.2086,0.2087,0.2086,0.2086,18108.0,3777.43729
2026-09-14 14:43:00,0.2087,0.2088,0.2081,0.2083,152575.0,31787.38091
2026-09-14 14:44:00,0.2082,0.2086,0.2082,0.2086,75345.4,15696.14931
2026-09-14 14:45:00,0.2087,0.2093,0.2087,0.209,374072.8,78201.05393
2026-09-14 14:46:00,0.209,0.2091,0.2088,0.209,220000.7,45980.33383
2026-09-14 14:47:00,0.209,0.209,0.2087,0.2087,75889.7,15840.85071
2026-09-14 14:48:00,0.2088,0.2089,0.2085,0.2085,63908.9,13342.72132
2026-09-14 14:49:00,0.2086,0.2091,0.2086,0.209,38120.9,7964.06851
2026-09-14 14:50:00,0.209,0.2092,0.2089,0.2089,139277.1,29106.92386
2026-09-14 14:51:00,0.2088,0.209,0.2087,0.209,30658.3,6404.58082
2026-09-14 14:52:00,0.2089,0.2089,0.2083,0.2083,184051.4,38377.46647
2026-09-14 14:53:00,0.2084,0.2086,0.2083,0.2084,8073.2,1682.65145
2026-09-14 14:54:00,0.2084,0.2089,0.2084,0.2089,306074.3,63896.65567
2026-09-14 14:55:00,0.2089,0.2089,0.2082,0.2083,130046.9,27102.88512
2026-09-14 14:56:00,0.2083,0.2084,0.2082,0.2082,130480.6,27170.73116
2026-09-14 14:57:00,0.2083,0.2084,0.2083,0.2084,18427.7,3838.89261
2026-09-14 14:58:00,0.2084,0.2085,0.2083,0.2085,42386.7,8831.64799
2026-09-14 14:59:00,0.2085,0.2085,0.2084,0.2084,43202.1,9003.79676
2026-09-14 15:00:00,0.2084,0.2084,0.2081,0.2081,147481.5,30706.12154
2026-09-14 15:01:00,0.2081,0.2081,0.2077,0.208,260346.7,54142.8396
2026-09-14 15:02:00,0.2081,0.2084,0.208,0.2081,94639.4,19694.2957
2026-09-14 15:03:00,0.208,0.208,0.2079,0.208,27290.6,5673.89415
2026-09-14 15:04:00,0.208,0.208,0.2076,0.2076,28098.7,5838.17884
2026-09-14 15:05:00,0.2076,0.2083,0.2074,0.2079,654279.7,135958.20135
2026-09-14 15:06:00,0.2079,0.2085,0.2079,0.2083,87004.1,18113.1177
2026-09-14 15:07:00,0.2082,0.2083,0.208,0.2081,43349.2,9018.55161
2026-09-14 15:08:00,0.2081,0.2083,0.2081,0.2082,27168.2,5656.73413
2026-09-14 15:09:00,0.2083,0.2085,0.2081,0.2083,26527.0,5523.72832
2026-09-14 15:10:00,0.2083,0.2083,0.2081,0.2083,64378.4,13403.96848
2026-09-14 15:11:00,0.2083,0.2083,0.2077,0.2077,32582.3,6770.40086
2026-09-14 15:12:00,0.2078,0.2079,0.2076,0.2079,77695.5,16140.76181
2026-09-14 15:13:00,0.2078,0.2081,0.2078,0.208,64669.7,13450.39699
2026-09-14 15:14:00,0.2081,0.2082,0.2081,0.2081,8053.1,1675.855
2026-09-14 15:15:00,0.2081,0.2081,0.2079,0.2081,35989.9,7486.71573
2026-09-14 15:16:00,0.208,0.2082,0.2078,0.2082,40792.2,8484.96582
2026-09-14 15:17:00,0.2082,0.2087,0.2082,0.2083,96307.5,20076.42406
2026-09-14 15:18:00,0.2082,0.2083,0.2079,0.208,60231.7,12538.759
2026-09-14 15:19:00,0.2081,0.2084,0.2081,0.2083,71562.6,14907.10653
2026-09-14 15:20:00,0.2084,0.2084,0.2082,0.2084,112689.4,23466.46167
2026-09-14 15:21:00,0.2083,0.2085,0.2082,0.2083,38024.2,7920.46533
2026-09-14 15:22:00,0.2083,0.2085,0.2083,0.2083,32672.7,6807.4669
2026-09-14 15:23:00,0.2082,0.2082,0.2081,0.2082,26654.4,5548.41568
2026-09-14 15:24:00,0.2083,0.2084,0.2081,0.2083,316754.5,65966.07865
2026-09-14 15:25:00,0.2082,0.2083,0.208,0.208,74849.6,15585.91789
2026-09-14 15:26:00,0.2081,0.2082,0.208,0.2081,29547.3,6149.01412
2026-09-14 15:27:00,0.208,0.208,0.2078,0.2078,68799.5,14308.8666
2026-09-14 15:28:00,0.2078,0.2079,0.2078,0.2079,36799.5,7648.59499
2026-09-14 15:29:00,0.2078,0.2078,0.2077,0.2078,20465.4,4252.30592
2026-09-14 15:30:00,0.2077,0.2083,0.2077,0.208,385570.8,80168.08046
2026-09-14 15:31:00,0.2081,0.2081,0.2077,0.2077,61137.1,12706.20113
2026-09-14 15:32:00,0.2077,0.2083,0.2076,0.2083,370650.1,77041.9361
2026-09-14 15:33:00,0.2083,0.2086,0.2081,0.2086,57928.5,12072.22364
2026-09-14 15:34:00,0.2086,0.2088,0.2084,0.2085,476255.3,99332.25415
2026-09-14 15:35:00,0.2084,0.2084,0.2082,0.2082,49287.6,10265.60234
2026-09-14 15:36:00,0.2081,0.2081,0.2079,0.2079,27084.2,5631.77553
2026-09-14 15:37:00,0.208,0.2084,0.208,0.2084,8886.7,1849.48353
2026-09-14 15:38:00,0.2085,0.2086,0.2084,0.2084,34570.3,7209.46121
2026-09-14 15:39:00,0.2084,0.2086,0.2084,0.2084,94824.4,19766.70362
2026-09-14 15:40:00,0.2084,0.2089,0.2083,0.2085,589126.9,122925.09028
2026-09-14 15:41:00,0.2086,0.2092,0.2085,0.2092,47953.7,10021.60106
2026-09-14 15:42:00,0.2091,0.2094,0.209,0.209,134626.9,28153.6785
2026-09-14 15:43:00,0.2089,0.2092,0.2089,0.2092,15507.3,3243.29672
2026-09-14 15:44:00,0.2093,0.2093,0.209,0.209,148448.0,31028.20847
2026-09-14 15:45:00,0.2091,0.2091,0.2087,0.2087,373208.5,77960.80572
2026-09-14 15:46:00,0.2086,0.2086,0.2085,0.2085,35312.5,7362.72446
2026-09-14 15:47:00,0.2086,0.2086,0.2083,0.2083,12259.0,2555.14312
2026-09-14 15:48:00,0.2083,0.2087,0.2083,0.2085,95439.0,19900.37311
2026-09-14 15:49:00,0.2086,0.2089,0.2086,0.2088,12994.1,2712.63427
2026-09-14 15:50:00,0.2087,0.2091,0.2087,0.209,382622.4,79936.25643
2026-09-14 15:51:00,0.209,0.2092,0.2089,0.2089,199566.1,41710.683
2026-09-14 15:52:00,0.2089,0.2093,0.2089,0.2092,53134.0,11112.09286
2026-09-14 15:53:00,0.2093,0.2095,0.2091,0.2095,70369.5,14726.68498
2026-09-14 15:54:00,0.2094,0.2094,0.2092,0.2092,11619.8,2431.11234
2026-09-14 15:55:00,0.2091,0.2092,0.2089,0.209,355505.2,74337.97764
2026-09-14 15:56:00,0.2089,0.2091,0.2089,0.2091,97736.2,20429.26917
2026-09-14 15:57:00,0.2092,0.2093,0.2091,0.2091,59309.2,12407.78779
2026-09-14 15:58:00,0.2091,0.2091,0.2088,0.2088,21314.0,4451.8986
2026-09-14 15:59:00,0.2089,0.2091,0.2089,0.209,45428.8,9493.97145
2026-09-14 16:00:00,0.209,0.2092,0.209,0.2091,77103.5,16123.08006
2026-09-14 16:01:00,0.209,0.2091,0.209,0.209,45135.1,9433.89399
2026-09-14 16:02:00,0.2091,0.2091,0.209,0.209,171637.6,35878.99568
2026-09-14 16:03:00,0.2089,0.2091,0.2089,0.2091,62382.9,13033.74045
2026-09-14 16:04:00,0.209,0.209,0.2088,0.2089,112772.9,23562.64946
2026-09-14 16:05:00,0.2089,0.2092,0.2089,0.2091,54399.8,11372.97283
2026-09-14 16:06:00,0.2091,0.2094,0.2091,0.2092,44942.4,9402.4294
2026-09-14 16:07:00,0.2093,0.2094,0.2091,0.2093,145472.9,30436.38109
2026-09-14 16:08:00,0.2093,0.2093,0.2091,0.2091,7350.3,1537.24174
2026-09-14 16:09:00,0.2091,0.2095,0.209,0.2095,240494.6,50310.58278
2026-09-14 16:10:00,0.2095,0.2098,0.2095,0.2098,53301.7,11181.17763
2026-09-14 16:11:00,0.2098,0.2098,0.2096,0.2098,25962.7,5444.26675
2026-09-14 16:12:00,0.2097,0.2098,0.2097,0.2098,26098.3,5475.41759
2026-09-14 16:13:00,0.2098,0.2098,0.2096,0.2097,121055.0,25386.03147
2026-09-14 16:14:00,0.2097,0.2097,0.2095,0.2096,114392.8,23977.76237
2026-09-14 16:15:00,0.2097,0.2103,0.2097,0.2103,262585.5,55165.11476
2026-09-14 16:16:00,0.2104,0.2106,0.2103,0.2104,344539.0,72503.53034
2026-09-14 16:17:00,0.2104,0.2107,0.2102,0.2106,102033.2,21490.30843
2026-09-14 16:18:00,0.2106,0.2116,0.2106,0.2115,338582.9,71476.85065
2026-09-14 16:19:00,0.2115,0.2118,0.2111,0.2113,309823.6,65521.40187
2026-09-14 16:20:00,0.2113,0.2114,0.2107,0.2108,362633.0,76573.68593
2026-09-14 16:21:00,0.2107,0.2113,0.2107,0.2113,54570.2,11510.20844
2026-09-14 16:22:00,0.2113,0.2116,0.2113,0.2115,130036.5,27492.85893
2026-09-14 16:23:00,0.2114,0.2114,0.2112,0.2112,34670.8,7328.20072
2026-09-14 16:24:00,0.2112,0.2115,0.2112,0.2112,112641.9,23806.8517
2026-09-14 16:25:00,0.2113,0.2116,0.2111,0.2111,93465.0,19762.14598
2026-09-14 16:26:00,0.211,0.2111,0.2108,0.2108,116678.0,24611.73363
2026-09-14 16:27:00,0.2107,0.2109,0.2105,0.2108,116365.7,24517.8283
2026-09-14 16:28:00,0.2108,0.2109,0.2107,0.2108,38354.1,8088.18794
2026-09-14 16:29:00,0.2108,0.2108,0.2106,0.2106,180529.8,38043.56488
2026-09-14 16:30:00,0.2106,0.2108,0.2106,0.2108,127445.1,26862.11594
2026-09-14 16:31:00,0.2108,0.2109,0.2105,0.2107,272716.7,57449.82
2026-09-14 16:32:00,0.2107,0.2108,0.2106,0.2106,14074.3,2966.27331
2026-09-14 16:33:00,0.2106,0.2107,0.2105,0.2106,3714.5,782.26303
2026-09-14 16:34:00,0.2106,0.2106,0.2104,0.2104,47237.5,9941.19045
2026-09-14 16:35:00,0.2105,0.2106,0.2103,0.2103,175527.6,36923.05898
2026-09-14 16:36:00,0.2104,0.2104,0.2102,0.2103,30286.4,6369.33796
2026-09-14 16:37:00,0.2104,0.2107,0.2104,0.2106,270166.2,56889.6633
2026-09-14 16:38:00,0.2105,0.2107,0.2104,0.2107,61237.7,12891.2531
2026-09-14 16:39:00,0.2106,0.211,0.2106,0.2108,77639.9,16371.18976
2026-09-14 16:40:00,0.2108,0.2108,0.2107,0.2107,27039.1,5699.68371
2026-09-14 16:41:00,0.2107,0.2108,0.2106,0.2106,60743.3,12794.30494
2026-09-14 16:42:00,0.2106,0.2106,0.2105,0.2105,6959.8,1465.08275
2026-09-14 16:43:00,0.2105,0.2106,0.2105,0.2105,22949.5,4830.88683
2026-09-14 16:44:00,0.2104,0.2105,0.2104,0.2104,1703.6,358.48241
2026-09-14 16:45:00,0.2104,0.2106,0.2104,0.2106,100220.0,21099.91896
2026-09-14 16:46:00,0.2106,0.2107,0.2104,0.2104,3483.4,733.24368
2026-09-14 16:47:00,0.2105,0.2109,0.2105,0.2109,88441.6,18640.0457
2026-09-14 16:48:00,0.2109,0.2114,0.2108,0.2112,202900.9,42838.93841
2026-09-14 16:49:00,0.2111,0.2112,0.2109,0.2112,119257.3,25173.53445
2026-09-14 16:50:00,0.2111,0.2113,0.2111,0.2113,16543.5,3492.93024
2026-09-14 16:51:00,0.2113,0.2116,0.2113,0.2116,58653.2,12408.60222
2026-09-14 16:52:00,0.2116,0.2118,0.2115,0.2116,40020.0,8469.16935
2026-09-14 16:53:00,0.2116,0.2116,0.2111,0.2111,31730.4,6705.66476
2026-09-14 16:54:00,0.2112,0.2116,0.2112,0.2116,178102.9,37645.76389
2026-09-14 16:55:00,0.2116,0.2116,0.2113,0.2113,101481.5,21468.6189
2026-09-14 16:56:00,0.2113,0.2113,0.211,0.2111,14870.2,3138.31423
2026-09-14 16:57:00,0.2111,0.2112,0.2108,0.2108,100585.4,21214.23317
2026-09-14 16:58:00,0.2108,0.2108,0.2107,0.2108,9463.6,1994.88199
2026-09-14 16:59:00,0.2107,0.2109,0.2107,0.2109,51201.0,10790.20989
2026-09-14 17:00:00,0.2109,0.211,0.2107,0.2109,97815.3,20625.84205
2026-09-14 17:01:00,0.2109,0.2109,0.2107,0.2108,82014.0,17288.9406
2026-09-14 17:02:00,0.2108,0.2112,0.2108,0.2112,24584.8,5183.33403
2026-09-14 17:03:00,0.2111,0.2111,0.2108,0.2109,117740.7,24834.90753
2026-09-14 17:04:00,0.211,0.211,0.211,0.211,3180.5,671.0855
2026-09-14 17:05:00,0.211,0.211,0.2108,0.2108,16904.1,3564.65265
2026-09-14 17:06:00,0.2109,0.2113,0.2109,0.2111,37596.4,7936.98495
2026-09-14 17:07:00,0.2111,0.2111,0.2107,0.2107,16022.4,3379.87102
2026-09-14 17:08:00,0.2108,0.211,0.2108,0.211,51846.8,10936.91179
2026-09-14 17:09:00,0.2111,0.2111,0.2109,0.2109,1924.2,406.12525
2026-09-14 17:10:00,0.211,0.2114,0.211,0.2113,159882.8,33761.6518
2026-09-14 17:11:00,0.2113,0.2114,0.2113,0.2114,59023.3,12477.52302
2026-09-14 17:12:00,0.2114,0.2115,0.2114,0.2114,24022.7,5078.41747
2026-09-14 17:13:00,0.2115,0.2116,0.2114,0.2114,16387.7,3465.57519
2026-09-14 17:14:00,0.2113,0.2115,0.2112,0.2113,103367.5,21841.97593
2026-09-14 17:15:00,0.2112,0.2113,0.2111,0.2113,108283.7,22867.45722
2026-09-14 17:16:00,0.2112,0.2112,0.2111,0.2112,13608.4,2873.11564
2026-09-14 17:17:00,0.2112,0.2113,0.2111,0.2112,41110.7,8679.52941
2026-09-14 17:18:00,0.2111,0.2111,0.2105,0.2108,424441.0,89412.38509
2026-09-14 17:19:00,0.2109,0.2109,0.2107,0.2108,34075.5,7184.71113
2026-09-14 17:20:00,0.2108,0.2113,0.2108,0.2112,105856.3,22355.77292
2026-09-14 17:21:00,0.2113,0.2114,0.211,0.211,71458.1,15091.5639
2026-09-14 17:22:00,0.211,0.211,0.2109,0.2109,25222.7,5320.52238
2026-09-14 17:23:00,0.2109,0.2113,0.2109,0.2112,23135.3,4883.94688
2026-09-14 17:24:00,0.2112,0.2115,0.2112,0.2113,70767.3,14959.56167
2026-09-14 17:25:00,0.2114,0.2114,0.2109,0.2111,77282.6,16313.0661
2026-09-14 17:26:00,0.2111,0.2114,0.2111,0.2113,105981.2,22390.11797
2026-09-14 17:27:00,0.2112,0.2113,0.2112,0.2112,25688.5,5427.36185
2026-09-14 17:28:00,0.2112,0.2112,0.211,0.2111,17152.8,3621.16921
2026-09-14 17:29:00,0.2112,0.2115,0.2109,0.2113,351436.7,74239.1578
2026-09-14 17:30:00,0.2114,0.2114,0.2112,0.2114,64296.8,13591.00522
2026-09-14 17:31:00,0.2114,0.2115,0.2113,0.2113,87600.4,18517.51192
2026-09-14 17:32:00,0.2114,0.2115,0.2111,0.2111,77585.4,16395.28027
2026-09-14 17:33:00,0.2111,0.2111,0.2104,0.2106,94407.3,19891.61617
2026-09-14 17:34:00,0.2106,0.2107,0.2106,0.2107,115398.5,24303.44311
2026-09-14 17:35:00,0.2107,0.2114,0.2107,0.2112,102307.3,21589.16219
2026-09-14 17:36:00,0.2111,0.2112,0.211,0.211,41892.4,8843.47537
2026-09-14 17:37:00,0.2111,0.2112,0.2108,0.2109,104755.9,22099.69297
2026-09-14 17:38:00,0.211,0.2111,0.2109,0.2111,99046.6,20905.40097
2026-09-14 17:39:00,0.2112,0.2112,0.2109,0.2109,55491.0,11708.42058
2026-09-14 17:40:00,0.2109,0.2111,0.2109,0.2111,26936.7,5682.02925
2026-09-14 17:41:00,0.2111,0.2111,0.2109,0.211,21027.8,4437.05326
2026-09-14 17:42:00,0.2111,0.2117,0.2111,0.2116,297413.4,62896.03811
2026-09-14 17:43:00,0.2116,0.2117,0.2115,0.2117,189183.8,40027.25865
2026-09-14 17:44:00,0.2116,0.2116,0.2115,0.2116,27224.1,5759.13163
2026-09-14 17:45:00,0.2116,0.2118,0.2116,0.2117,85781.1,18162.4328
2026-09-14 17:46:00,0.2117,0.2121,0.2117,0.2121,53163.0,11267.27389
2026-09-14 17:47:00,0.212,0.212,0.2116,0.2119,213574.6,45248.02383
2026-09-14 17:48:00,0.2119,0.2119,0.2118,0.2119,40681.6,8620.3854
2026-09-14 17:49:00,0.212,0.2121,0.2118,0.2118,34732.0,7360.8193
2026-09-14 17:50:00,0.2119,0.212,0.2117,0.2117,93361.6,19779.38552
2026-09-14 17:51:00,0.2117,0.212,0.2117,0.2119,29264.8,6200.35384
2026-09-14 17:52:00,0.2119,0.212,0.2119,0.2119,73562.4,15587.88723
2026-09-14 17:53:00,0.2119,0.2122,0.2117,0.2122,437671.7,92806.33683
2026-09-14 17:54:00,0.2122,0.2124,0.2122,0.2123,50128.3,10642.40774
2026-09-14 17:55:00,0.2123,0.2126,0.2123,0.2124,495760.7,105357.58872
2026-09-14 17:56:00,0.2123,0.2124,0.212,0.212,34050.2,7226.63726
2026-09-14 17:57:00,0.212,0.2121,0.2119,0.212,49240.6,10440.04833
2026-09-14 17:58:00,0.2119,0.2121,0.2117,0.2118,404132.1,85612.05058
2026-09-14 17:59:00,0.2118,0.2119,0.2118,0.2119,8422.5,1784.17136
2026-09-14 18:00:00,0.2119,0.2121,0.2118,0.2118,111004.8,23526.42654
2026-09-14 18:01:00,0.2118,0.2119,0.2117,0.2117,134332.9,28451.1878
2026-09-14 18:02:00,0.2118,0.2118,0.2117,0.2117,22930.3,4855.2039
2026-09-14 18:03:00,0.2116,0.2121,0.2116,0.212,381779.2,80886.8847
2026-09-14 18:04:00,0.212,0.2122,0.2119,0.2122,101599.9,21540.7484
2026-09-14 18:05:00,0.2122,0.2122,0.2119,0.2119,174662.1,37032.98824
2026-09-14 18:06:00,0.212,0.2122,0.212,0.2122,47448.6,10066.68212
2026-09-14 18:07:00,0.2122,0.2124,0.212,0.2123,54872.4,11645.18975
2026-09-14 18:08:00,0.2124,0.2125,0.2123,0.2124,79186.2,16823.35638
2026-09-14 18:09:00,0.2124,0.2124,0.212,0.2121,330673.9,70140.43516
2026-09-14 18:10:00,0.212,0.2121,0.2117,0.2117,93881.4,19884.96743
2026-09-14 18:11:00,0.2116,0.2117,0.2114,0.2114,207623.1,43910.97979
2026-09-14 18:12:00,0.2114,0.2116,0.2114,0.2115,14714.9,3111.33394
2026-09-14 18:13:00,0.2115,0.2115,0.2113,0.2113,8973.1,1897.11596
2026-09-14 18:14:00,0.2114,0.2115,0.2112,0.2112,18237.0,3854.86912
2026-09-14 18:15:00,0.2113,0.2117,0.2111,0.2116,344601.8,72863.74219
2026-09-14 18:16:00,0.2117,0.2117,0.2115,0.2116,9677.6,2047.68877
2026-09-14 18:17:00,0.2116,0.2117,0.2115,0.2115,47786.0,10109.11857
2026-09-14 18:18:00,0.2116,0.2116,0.2113,0.2116,43088.8,9109.43206
2026-09-14 18:19:00,0.2117,0.2122,0.2117,0.2122,158411.5,33587.15719
2026-09-14 18:20:00,0.2121,0.2124,0.2119,0.2123,81078.7,17202.53074
2026-09-14 18:21:00,0.2123,0.2124,0.2123,0.2123,68087.2,14461.47156
2026-09-14 18:22:00,0.2123,0.2126,0.2123,0.2125,113134.6,24029.33276
2026-09-14 18:23:00,0.2124,0.2132,0.2124,0.2128,652175.6,138902.9459
2026-09-14 18:24:00,0.2129,0.2132,0.2128,0.213,121459.9,25869.31317
2026-09-14 18:25:00,0.2129,0.213,0.2125,0.2126,174185.3,37060.9943
2026-09-14 18:26:00,0.2127,0.213,0.2127,0.213,24712.7,5262.27036
2026-09-14 18:27:00,0.2131,0.2141,0.213,0.2137,1216418.6,260042.75187
2026-09-14 18:28:00,0.2137,0.2139,0.2137,0.2137,52248.2,11170.85722
2026-09-14 18:29:00,0.2137,0.2139,0.2136,0.2139,113821.2,24314.81364
2026-09-14 18:30:00,0.2138,0.2142,0.2138,0.2141,254635.6,54495.46844
2026-09-14 18:31:00,0.2142,0.2142,0.2137,0.2141,164270.0,35148.52961
2026-09-14 18:32:00,0.2141,0.2145,0.2141,0.2144,187710.7,40222.05677
2026-09-14 18:33:00,0.2144,0.215,0.2144,0.2146,608902.8,130721.91865
2026-09-14 18:34:00,0.2147,0.2148,0.2145,0.2145,184067.5,39508.53892
2026-09-14 18:35:00,0.2144,0.2145,0.2139,0.2141,217301.5,46566.76491
2026-09-14 18:36:00,0.2141,0.2147,0.2141,0.2143,265672.5,56951.52938
2026-09-14 18:37:00,0.2144,0.2146,0.2143,0.2145,60527.7,12982.52972
2026-09-14 18:38:00,0.2145,0.2148,0.2142,0.2144,106463.7,22852.19275
2026-09-14 18:39:00,0.2143,0.2143,0.2138,0.2138,114435.1,24482.55769
2026-09-14 18:40:00,0.2138,0.2139,0.2134,0.2136,341695.7,72985.50795
2026-09-14 18:41:00,0.2135,0.2136,0.2134,0.2135,58528.4,12495.80454
2026-09-14 18:42:00,0.2136,0.2138,0.2133,0.2138,112356.4,23985.26423
2026-09-14 18:43:00,0.2139,0.2143,0.2139,0.2142,143509.5,30736.00745
2026-09-14 18:44:00,0.2141,0.2141,0.2138,0.2138,49424.4,10575.77157
2026-09-14 18:45:00,0.2139,0.2146,0.2139,0.2144,204045.0,43751.62372
2026-09-14 18:46:00,0.2145,0.2146,0.214,0.2144,270870.3,58063.21486
2026-09-14 18:47:00,0.2144,0.2145,0.2143,0.2144,54595.9,11705.031
2026-09-14 18:48:00,0.2144,0.2146,0.2142,0.2146,229932.6,49286.65963
2026-09-14 18:49:00,0.2145,0.2146,0.2143,0.2143,161030.6,34519.4993
2026-09-14 18:50:00,0.2144,0.2144,0.2141,0.2142,27258.0,5840.08197
2026-09-14 18:51:00,0.2142,0.2142,0.2139,0.2141,23813.4,5097.07707
2026-09-14 18:52:00,0.2141,0.2141,0.2139,0.2141,62476.8,13370.60381
2026-09-14 18:53:00,0.2141,0.2141,0.2139,0.214,6618.9,1416.49202
2026-09-14 18:54:00,0.214,0.214,0.2138,0.2138,136366.1,29169.17068
2026-09-14 18:55:00,0.2138,0.2142,0.2137,0.2141,379212.1,81120.41427
2026-09-14 18:56:00,0.2141,0.2141,0.2138,0.2138,60829.8,13015.57641
2026-09-14 18:57:00,0.2137,0.2141,0.2137,0.2139,126503.0,27073.15859
2026-09-14 18:58:00,0.2139,0.214,0.2138,0.2139,16518.0,3533.57991
2026-09-14 18:59:00,0.2139,0.2139,0.2139,0.2139,4614.2,986.97738
2026-09-14 19:00:00,0.2139,0.214,0.2133,0.2134,392081.3,83746.79834
2026-09-14 19:01:00,0.2134,0.2135,0.2131,0.2133,250996.7,53539.38554
2026-09-14 19:02:00,0.2132,0.2134,0.2131,0.2132,58547.5,12487.52097
2026-09-14 19:03:00,0.2132,0.2132,0.2129,0.2129,42137.1,8977.55544
2026-09-14 19:04:00,0.213,0.213,0.2128,0.2128,20691.1,4406.18963
2026-09-14 19:05:00,0.2129,0.2129,0.2127,0.2128,68786.4,14633.91996
2026-09-14 19:06:00,0.2128,0.2128,0.2126,0.2127,8750.6,1861.52826
2026-09-14 19:07:00,0.2127,0.2131,0.2127,0.213,340903.2,72588.44498
2026-09-14 19:08:00,0.2129,0.213,0.2127,0.2129,25992.3,5531.44301
2026-09-14 19:09:00,0.2128,0.2128,0.2126,0.2127,35760.5,7605.94891
2026-09-14 19:10:00,0.2126,0.2129,0.2126,0.2127,188493.8,40099.77302
2026-09-14 19:11:00,0.2127,0.213,0.2127,0.213,37005.3,7880.16442
2026-09-14 19:12:00,0.213,0.2132,0.2129,0.2131,35712.0,7606.85288
2026-09-14 19:13:00,0.2132,0.2132,0.2131,0.2132,20141.4,4294.13906
2026-09-14 19:14:00,0.2132,0.2132,0.213,0.2131,48463.1,10329.55793
2026-09-14 19:15:00,0.2131,0.2133,0.2131,0.2132,63127.1,13453.26089
2026-09-14 19:16:00,0.2131,0.2133,0.2131,0.2133,25515.8,5440.48724
2026-09-14 19:17:00,0.2133,0.2133,0.2131,0.2131,205312.1,43769.1391
2026-09-14 19:18:00,0.213,0.2132,0.213,0.2131,8049.6,1715.66543
2026-09-14 19:19:00,0.213,0.2134,0.213,0.2134,162988.1,34769.88547
2026-09-14 19:20:00,0.2134,0.2136,0.2133,0.2134,85754.3,18300.80578
2026-09-14 19:21:00,0.2135,0.2135,0.2133,0.2133,30083.4,6420.64232
2026-09-14 19:22:00,0.2133,0.2133,0.2131,0.2132,354881.5,75645.08587
2026-09-14 19:23:00,0.2132,0.2132,0.2131,0.2131,6775.0,1444.03495
2026-09-14 19:24:00,0.2131,0.2132,0.2131,0.2131,17589.8,3749.56773
2026-09-14 19:25:00,0.213,0.2131,0.2129,0.213,21870.3,4659.58789
2026-09-14 19:26:00,0.213,0.213,0.2129,0.213,144.3,30.73333
2026-09-14 19:27:00,0.213,0.2134,0.213,0.2132,241175.6,51420.46652
2026-09-14 19:28:00,0.2131,0.2131,0.2129,0.2131,3058.5,651.48709
2026-09-14 19:29:00,0.2131,0.2131,0.213,0.213,7758.9,1652.76582
2026-09-14 19:30:00,0.2129,0.2129,0.2126,0.2127,67141.9,14286.54566
2026-09-14 19:31:00,0.2126,0.2131,0.2126,0.2128,153648.3,32698.42161
2026-09-14 19:32:00,0.2128,0.2128,0.2126,0.2128,4334.8,922.15501
2026-09-14 19:33:00,0.2128,0.2128,0.2127,0.2127,3263.5,694.45962
2026-09-14 19:34:00,0.2128,0.2128,0.2122,0.2125,291672.0,61938.57958
2026-09-14 19:35:00,0.2125,0.2125,0.2124,0.2124,2718.4,577.47503
2026-09-14 19:36:00,0.2123,0.2124,0.2122,0.2123,83192.1,17656.31455
2026-09-14 19:37:00,0.2122,0.2122,0.2121,0.2122,90376.3,19175.96037
2026-09-14 19:38:00,0.2122,0.2122,0.2118,0.2119,123198.2,26116.16373
2026-09-14 19:39:00,0.2119,0.2121,0.2119,0.2121,50391.9,10678.84895
2026-09-14 19:40:00,0.2121,0.2124,0.212,0.2123,100298.7,21272.5652
2026-09-14 19:41:00,0.2124,0.2126,0.2124,0.2126,38616.6,8204.39076
2026-09-14 19:42:00,0.2126,0.2126,0.2124,0.2124,13583.5,2886.57032
2026-09-14 19:43:00,0.2125,0.2127,0.2125,0.2126,57359.8,12194.53532
2026-09-14 19:44:00,0.2126,0.213,0.2124,0.2128,369251.5,78575.22463
2026-09-14 19:45:00,0.2129,0.213,0.2128,0.2128,103812.3,22101.66136
2026-09-14 19:46:00,0.2128,0.2129,0.2127,0.2127,51083.6,10870.59038
2026-09-14 19:47:00,0.2128,0.2129,0.2127,0.2128,56906.3,12109.63815
2026-09-14 19:48:00,0.2128,0.2128,0.2125,0.2126,122086.2,25958.76655
2026-09-14 19:49:00,0.2126,0.2126,0.2124,0.2125,14375.6,3053.9398
2026-09-14 19:50:00,0.2125,0.2125,0.2124,0.2125,65535.8,13926.32223
2026-09-14 19:51:00,0.2125,0.2125,0.2124,0.2125,9736.8,2068.61775
2026-09-14 19:52:00,0.2124,0.2125,0.2122,0.2123,57373.6,12181.98192
2026-09-14 19:53:00,0.2124,0.2124,0.2122,0.2123,12199.8,2590.35514
2026-09-14 19:54:00,0.2122,0.2123,0.2122,0.2122,16654.0,3535.56919
2026-09-14 19:55:00,0.2122,0.2123,0.2122,0.2122,59910.9,12713.10552
2026-09-14 19:56:00,0.2121,0.2121,0.212,0.2121,53851.8,11420.90291
2026-09-14 19:57:00,0.212,0.2121,0.212,0.2121,33674.1,7139.12367
2026-09-14 19:58:00,0.2121,0.2122,0.2121,0.2122,98886.7,20979.50033
2026-09-14 19:59:00,0.2123,0.2124,0.2122,0.2124,43738.0,9285.69485
2026-09-14 20:00:00,0.2124,0.2126,0.2124,0.2125,58399.2,12408.9225
2026-09-14 20:01:00,0.2125,0.2127,0.2125,0.2126,116741.8,24819.2872
2026-09-14 20:02:00,0.2126,0.2127,0.2126,0.2126,19348.6,4113.52643
2026-09-14 20:03:00,0.2126,0.2127,0.2125,0.2126,20932.4,4450.23106
2026-09-14 20:04:00,0.2126,0.2126,0.2124,0.2124,6275.5,1333.75819
2026-09-14 20:05:00,0.2124,0.2127,0.2124,0.2126,68863.1,14640.47119
2026-09-14 20:06:00,0.2126,0.2127,0.2126,0.2126,54138.0,11514.95291
2026-09-14 20:07:00,0.2126,0.2127,0.2125,0.2127,58967.7,12536.54185
2026-09-14 20:08:00,0.2127,0.2129,0.2127,0.2128,60695.6,12912.01745
2026-09-14 20:09:00,0.2127,0.2127,0.2126,0.2126,140887.7,29955.1805
2026-09-14 20:10:00,0.2126,0.2126,0.2125,0.2125,5094.4,1082.57407
2026-09-14 20:11:00,0.2125,0.2127,0.2124,0.2127,26700.3,5674.13598
2026-09-14 20:12:00,0.2127,0.2141,0.2127,0.214,395492.1,84369.13842
2026-09-14 20:13:00,0.2139,0.2145,0.2131,0.2135,324640.9,69405.42093
2026-09-14 20:14:00,0.2135,0.2137,0.2133,0.2137,271805.4,57998.17454
2026-09-14 20:15:00,0.2137,0.2145,0.2136,0.2142,182974.3,39183.64365
2026-09-14 20:16:00,0.2142,0.2147,0.2142,0.2147,217195.6,46595.68931
2026-09-14 20:17:00,0.2146,0.2149,0.2144,0.2149,105078.1,22558.53426
2026-09-14 20:18:00,0.2149,0.2155,0.2149,0.2151,385195.1,82862.47281
2026-09-14 20:19:00,0.2151,0.2152,0.2147,0.2151,180164.9,38722.0637
2026-09-14 20:20:00,0.215,0.2151,0.2148,0.2151,51381.8,11047.12908
2026-09-14 20:21:00,0.2151,0.2153,0.2149,0.215,224051.6,48181.43166
2026-09-14 20:22:00,0.215,0.2154,0.215,0.2153,298619.8,64293.57716
2026-09-14 20:23:00,0.2152,0.2159,0.2152,0.2153,379893.4,81919.74355
2026-09-14 20:24:00,0.2153,0.2157,0.2153,0.2153,176245.0,37975.77138
2026-09-14 20:25:00,0.2153,0.2154,0.2151,0.2153,281899.3,60678.44745
2026-09-14 20:26:00,0.2153,0.2153,0.2149,0.215,82732.3,17790.04783
2026-09-14 20:27:00,0.2149,0.215,0.2146,0.2148,259364.3,55724.1175
2026-09-14 20:28:00,0.2149,0.2151,0.2148,0.2151,53512.5,11499.97453
2026-09-14 20:29:00,0.2152,0.2155,0.2152,0.2153,438636.7,94454.87577
2026-09-14 20:30:00,0.2153,0.2154,0.2152,0.2152,76741.3,16523.58572
2026-09-14 20:31:00,0.2153,0.2154,0.2152,0.2152,61385.9,13214.09397
2026-09-14 20:32:00,0.2151,0.2151,0.2147,0.2148,84464.6,18158.57026
2026-09-14 20:33:00,0.2147,0.2148,0.2144,0.2146,284786.2,61107.46569
2026-09-14 20:34:00,0.2147,0.2154,0.2147,0.2153,289895.8,62347.02542
2026-09-14 20:35:00,0.2152,0.2153,0.2148,0.2151,360925.9,77634.79461
2026-09-14 20:36:00,0.2152,0.2152,0.2148,0.2151,115749.4,24887.39418
2026-09-14 20:37:00,0.2152,0.2153,0.2149,0.2149,46453.3,9995.49692
2026-09-14 20:38:00,0.2149,0.2149,0.2147,0.2148,13738.4,2950.94536
2026-09-14 20:39:00,0.2148,0.2148,0.2145,0.2145,11243.7,2413.10626
2026-09-14 20:40:00,0.2145,0.2147,0.2145,0.2147,36363.0,7803.40018
2026-09-14 20:41:00,0.2147,0.2148,0.2147,0.2148,16454.2,3532.89722
2026-09-14 20:42:00,0.2149,0.2149,0.2146,0.2146,36087.7,7752.80333
2026-09-14 20:43:00,0.2146,0.2147,0.2146,0.2146,114657.4,24605.51458
2026-09-14 20:44:00,0.2147,0.2147,0.2143,0.2144,401003.9,86043.22457
2026-09-14 20:45:00,0.2144,0.2145,0.2142,0.2145,95120.4,20386.88656
2026-09-14 20:46:00,0.2145,0.2148,0.2142,0.2143,89698.6,19225.12038
2026-09-14 20:47:00,0.2143,0.2143,0.214,0.2141,13380.7,2866.72494
2026-09-14 20:48:00,0.214,0.2141,0.2139,0.214,74245.9,15889.10631
2026-09-14 20:49:00,0.214,0.214,0.2135,0.2138,382385.7,81720.1853
2026-09-14 20:50:00,0.2138,0.2139,0.2135,0.2135,94836.3,20268.98277
2026-09-14 20:51:00,0.2136,0.2136,0.2134,0.2134,125989.8,26903.54965
2026-09-14 20:52:00,0.2135,0.2138,0.2135,0.2137,16763.0,3580.71083
2026-09-14 20:53:00,0.2136,0.2138,0.2136,0.2138,6386.2,1365.00967
2026-09-14 20:54:00,0.2137,0.2137,0.2136,0.2136,24196.6,5169.65753
2026-09-14 20:55:00,0.2136,0.2137,0.2135,0.2135,113546.3,24253.56824
2026-09-14 20:56:00,0.2134,0.2134,0.2132,0.2133,231029.7,49291.79819
2026-09-14 20:57:00,0.2133,0.2133,0.2131,0.2132,225116.0,47999.39302
2026-09-14 20:58:00,0.2131,0.2131,0.213,0.213,70285.2,14971.71621
2026-09-14 20:59:00,0.2129,0.2131,0.2129,0.213,14467.4,3081.37278
2026-09-14 21:00:00,0.2131,0.2132,0.2128,0.2128,46021.1,9804.92298
2026-09-14 21:01:00,0.2127,0.2127,0.2121,0.2122,286957.5,60933.53068
2026-09-14 21:02:00,0.2121,0.2121,0.211,0.2119,1241465.8,262515.81449
2026-09-14 21:03:00,0.2118,0.2121,0.2117,0.212,83341.3,17656.75063
2026-09-14 21:04:00,0.2119,0.2123,0.2117,0.2122,81347.9,17230.86268
2026-09-14 21:05:00,0.2122,0.2125,0.212,0.2123,332623.4,70607.31138
2026-09-14 21:06:00,0.2122,0.2124,0.2122,0.2124,138009.6,29301.78275
2026-09-14 21:07:00,0.2124,0.2127,0.2123,0.2127,99914.8,21223.66091
2026-09-14 21:08:00,0.2127,0.2127,0.2125,0.2125,119713.0,25451.00096
2026-09-14 21:09:00,0.2125,0.2125,0.2121,0.2123,109174.3,23175.78652
2026-09-14 21:10:00,0.2122,0.2123,0.2119,0.2122,153948.4,32655.25961
2026-09-14 21:11:00,0.2121,0.2123,0.2118,0.2118,388934.0,82458.7181
2026-09-14 21:12:00,0.2118,0.212,0.2118,0.2118,30173.3,6391.29283
2026-09-14 21:13:00,0.2118,0.2118,0.2117,0.2118,16491.8,3492.95143
2026-09-14 21:14:00,0.2118,0.2118,0.2114,0.2115,109130.2,23083.55797
2026-09-14 21:15:00,0.2115,0.2116,0.2114,0.2116,83945.9,17753.68231
2026-09-14 21:16:00,0.2116,0.2119,0.2115,0.2118,235707.2,49914.01776
2026-09-14 21:17:00,0.2118,0.2118,0.2114,0.2116,297091.2,62863.24412
2026-09-14 21:18:00,0.2117,0.2122,0.2117,0.2122,342593.5,72619.85871
2026-09-14 21:19:00,0.2123,0.2124,0.212,0.212,144696.1,30707.63683
2026-09-14 21:20:00,0.212,0.2121,0.2118,0.2121,9312.9,1974.28664
2026-09-14 21:21:00,0.212,0.212,0.212,0.212,37876.5,8029.818
2026-09-14 21:22:00,0.212,0.212,0.2119,0.2119,4403.7,933.33174
2026-09-14 21:23:00,0.2119,0.2121,0.2119,0.212,13622.6,2887.1675
2026-09-14 21:24:00,0.2121,0.2121,0.212,0.212,16047.3,3402.38681
2026-09-14 21:25:00,0.212,0.212,0.2118,0.2119,12173.2,2579.26246
2026-09-14 21:26:00,0.2119,0.212,0.2118,0.2118,50827.7,10770.0305
2026-09-14 21:27:00,0.2118,0.2118,0.2118,0.2118,50038.6,10598.17548
2026-09-14 21:28:00,0.2119,0.212,0.2119,0.212,3181.9,674.50652
2026-09-14 21:29:00,0.2119,0.212,0.2116,0.2118,454500.0,96252.27585
2026-09-14 21:30:00,0.2118,0.212,0.2118,0.212,62498.9,13244.47239
2026-09-14 21:31:00,0.2121,0.2122,0.2121,0.2122,20388.3,4324.4336
2026-09-14 21:32:00,0.2121,0.2122,0.2116,0.2117,54323.4,11506.47263
2026-09-14 21:33:00,0.2116,0.2117,0.2114,0.2114,73234.3,15487.30127
2026-09-14 21:34:00,0.2114,0.2115,0.2114,0.2115,21618.7,4571.7329
2026-09-14 21:35:00,0.2115,0.2115,0.2113,0.2113,38295.2,8097.58082
2026-09-14 21:36:00,0.2112,0.2113,0.211,0.2112,392745.1,82937.11049
2026-09-14 21:37:00,0.2111,0.2111,0.2106,0.2108,152987.5,32258.68592
2026-09-14 21:38:00,0.2109,0.2109,0.2107,0.2109,6681.4,1408.22425
2026-09-14 21:39:00,0.2109,0.2111,0.2108,0.211,212975.7,44927.79317
2026-09-14 21:40:00,0.211,0.2111,0.211,0.2111,30601.2,6458.88901
2026-09-14 21:41:00,0.2111,0.2114,0.2111,0.2113,20034.7,4232.8837
2026-09-14 21:42:00,0.2112,0.2112,0.2109,0.211,37922.4,8003.64593
2026-09-14 21:43:00,0.211,0.211,0.2108,0.211,123950.9,26140.67269
2026-09-14 21:44:00,0.2109,0.2109,0.2108,0.2109,33454.4,7052.81095
2026-09-14 21:45:00,0.2108,0.2109,0.2107,0.2109,83994.6,17709.70006
2026-09-14 21:46:00,0.2109,0.2109,0.2107,0.2107,1639.3,345.49051
2026-09-14 21:47:00,0.2107,0.2109,0.2106,0.2109,2715.8,572.37181
2026-09-14 21:48:00,0.2109,0.211,0.2108,0.2108,45279.9,9547.98128
2026-09-14 21:49:00,0.2108,0.2109,0.2106,0.2107,29789.9,6277.71916
2026-09-14 21:50:00,0.2108,0.2109,0.2108,0.2109,21464.2,4526.08972
2026-09-14 21:51:00,0.211,0.211,0.2108,0.2108,18852.8,3977.16278
2026-09-14 21:52:00,0.2107,0.2107,0.2104,0.2106,35415.5,7457.31641
2026-09-14 21:53:00,0.2107,0.2109,0.2107,0.2108,10715.2,2259.10356
2026-09-14 21:54:00,0.2107,0.2111,0.2107,0.2111,86940.8,18339.60866
2026-09-14 21:55:00,0.2111,0.2111,0.2109,0.211,153751.2,32433.58371
2026-09-14 21:56:00,0.211,0.211,0.2109,0.2109,29088.9,6136.84539
2026-09-14 21:57:00,0.2109,0.2109,0.2108,0.2108,882.4,186.07835
2026-09-14 21:58:00,0.2108,0.2109,0.2107,0.2108,15273.3,3219.27863
2026-09-14 21:59:00,0.2107,0.2107,0.2105,0.2107,40837.8,8600.88793
2026-09-14 22:00:00,0.2107,0.2108,0.2102,0.2102,98902.7,20810.95512
2026-09-14 22:01:00,0.2102,0.2105,0.2101,0.2105,100729.8,21176.6485
2026-09-14 22:02:00,0.2106,0.2107,0.2106,0.2106,22310.0,4698.58409
2026-09-14 22:03:00,0.2106,0.2106,0.2103,0.2104,24382.2,5131.98444
2026-09-14 22:04:00,0.2104,0.2106,0.2103,0.2106,49060.7,10323.58632
2026-09-14 22:05:00,0.2106,0.211,0.2106,0.2109,146512.4,30894.80265
2026-09-14 22:06:00,0.2109,0.211,0.2109,0.211,31061.7,6552.40239
2026-09-14 22:07:00,0.211,0.211,0.2106,0.2107,131773.9,27789.59202
2026-09-14 22:08:00,0.2107,0.2111,0.2107,0.211,306274.5,64626.15604
2026-09-14 22:09:00,0.211,0.2111,0.211,0.2111,71424.4,15076.44417
2026-09-14 22:10:00,0.2111,0.2112,0.2108,0.2109,384459.0,81113.41801
2026-09-14 22:11:00,0.2109,0.2111,0.2108,0.211,42479.7,8959.08146
2026-09-14 22:12:00,0.2111,0.2111,0.211,0.2111,9426.5,1989.6674
2026-09-14 22:13:00,0.2111,0.2115,0.2111,0.2113,184338.4,38945.63828
2026-09-14 22:14:00,0.2113,0.2113,0.2113,0.2113,1507.9,318.61927
2026-09-14 22:15:00,0.2112,0.2112,0.2112,0.2112,13243.4,2797.00608
2026-09-14 22:16:00,0.2112,0.2112,0.211,0.211,16720.5,3528.86222
2026-09-14 22:17:00,0.2109,0.2109,0.2108,0.2108,29366.6,6191.48611
2026-09-14 22:18:00,0.2107,0.2107,0.2107,0.2107,5861.0,1234.9127
2026-09-14 22:19:00,0.2107,0.2107,0.2102,0.2102,122446.2,25772.62483
2026-09-14 22:20:00,0.2102,0.2103,0.2102,0.2102,10487.1,2204.39223
2026-09-14 22:21:00,0.2102,0.2102,0.2101,0.2102,46735.7,9822.00659
2026-09-14 22:22:00,0.2101,0.2103,0.21,0.2103,46446.4,9758.77712
2026-09-14 22:23:00,0.2104,0.2104,0.2102,0.2102,10573.5,2223.05887
2026-09-14 22:24:00,0.2101,0.2101,0.2099,0.21,243821.5,51192.36745
2026-09-14 22:25:00,0.21,0.2104,0.2098,0.2102,479494.6,100760.54366
2026-09-14 22:26:00,0.2102,0.2102,0.2099,0.2099,29196.8,6135.32382
2026-09-14 22:27:00,0.2099,0.21,0.2099,0.2099,15774.9,3311.15484
2026-09-14 22:28:00,0.2098,0.2098,0.2095,0.2097,222819.0,46724.96947
2026-09-14 22:29:00,0.2097,0.2098,0.2096,0.2097,100253.4,21030.45009
2026-09-14 22:30:00,0.2098,0.2099,0.2098,0.2099,461598.0,96852.66543
2026-09-14 22:31:00,0.2098,0.2098,0.2096,0.2097,155779.8,32665.39148
2026-09-14 22:32:00,0.2097,0.2098,0.2096,0.2098,34830.6,7306.95327
2026-09-14 22:33:00,0.2099,0.2099,0.2096,0.2096,27278.9,5718.77663
2026-09-14 22:34:00,0.2096,0.2098,0.2094,0.2098,174037.2,36464.11133
2026-09-14 22:35:00,0.2097,0.2097,0.2095,0.2096,36196.9,7589.24531
2026-09-14 22:36:00,0.2097,0.21,0.2097,0.21,93384.1,19588.33561
2026-09-14 22:37:00,0.21,0.21,0.2098,0.2098,76807.2,16123.81596
2026-09-14 22:38:00,0.2098,0.2099,0.2096,0.2098,78530.0,16472.02555
2026-09-14 22:39:00,0.2099,0.2099,0.2097,0.2097,82344.7,17280.18877
2026-09-14 22:40:00,0.2097,0.2099,0.2097,0.2098,138359.4,29019.76184
2026-09-14 22:41:00,0.2098,0.2098,0.2097,0.2098,4551.6,954.5147
2026-09-14 22:42:00,0.2097,0.2098,0.2097,0.2098,104892.5,22003.21507
2026-09-14 22:43:00,0.2098,0.2098,0.2098,0.2098,6268.8,1315.19424
2026-09-14 22:44:00,0.2097,0.2098,0.2097,0.2097,21176.7,4440.75688
2026-09-14 22:45:00,0.2097,0.2098,0.2096,0.2098,88347.6,18526.5508
2026-09-14 22:46:00,0.2098,0.2098,0.2097,0.2097,19989.4,4192.04328
2026-09-14 22:47:00,0.2097,0.2097,0.2095,0.2096,157638.0,33029.99636
2026-09-14 22:48:00,0.2097,0.2099,0.2095,0.2098,223328.8,46821.83252
2026-09-14 22:49:00,0.2098,0.2099,0.2097,0.2097,143131.5,30021.91301
2026-09-14 22:50:00,0.2098,0.2098,0.2098,0.2098,31327.8,6572.57244
2026-09-14 22:51:00,0.2098,0.2098,0.2098,0.2098,13145.7,2757.96786
2026-09-14 22:52:00,0.2098,0.2098,0.2096,0.2096,126627.8,26555.56692
2026-09-14 22:53:00,0.2097,0.2097,0.2097,0.2097,1605.9,336.75723
2026-09-14 22:54:00,0.2097,0.2098,0.2097,0.2098,7547.6,1583.3869
2026-09-14 22:55:00,0.2098,0.2098,0.2097,0.2098,34956.7,7333.44079
2026-09-14 22:56:00,0.2098,0.2098,0.2098,0.2098,64418.2,13514.93836
2026-09-14 22:57:00,0.2098,0.2098,0.2097,0.2098,13116.5,2751.7542
2026-09-14 22:58:00,0.2098,0.2098,0.2097,0.2098,5544.1,1163.00667
2026-09-14 22:59:00,0.2097,0.2097,0.2097,0.2097,148.4,31.11948
2026-09-14 23:00:00,0.2098,0.21,0.2097,0.2099,142449.8,29877.4751
2026-09-14 23:01:00,0.2098,0.2099,0.2098,0.2098,57016.7,11962.33901
2026-09-14 23:02:00,0.2098,0.2098,0.2096,0.2096,52809.1,11071.50417
2026-09-14 23:03:00,0.2095,0.2095,0.2092,0.2094,211421.5,44251.93367
2026-09-14 23:04:00,0.2094,0.2094,0.2092,0.2094,80718.2,16900.62269
2026-09-14 23:05:00,0.2094,0.2095,0.2094,0.2094,82034.5,17178.71453
2026-09-14 23:06:00,0.2094,0.2094,0.209,0.2092,105974.8,22166.32026
2026-09-14 23:07:00,0.2092,0.2094,0.2091,0.2094,98613.0,20645.25545
2026-09-14 23:08:00,0.2094,0.2094,0.2092,0.2093,30710.5,6427.7552
2026-09-14 23:09:00,0.2093,0.2095,0.2093,0.2094,109279.3,22881.41602
2026-09-14 23:10:00,0.2095,0.2095,0.2095,0.2095,13591.2,2847.3564
2026-09-14 23:11:00,0.2095,0.2096,0.2095,0.2095,7322.3,1534.23341
2026-09-14 23:12:00,0.2094,0.2097,0.2094,0.2096,26945.9,5646.03581
2026-09-14 23:13:00,0.2097,0.2097,0.2095,0.2095,19669.0,4122.72682
2026-09-14 23:14:00,0.2095,0.2096,0.2095,0.2096,7954.0,1667.13805
2026-09-14 23:15:00,0.2096,0.2099,0.2096,0.2098,147679.2,30975.84129
2026-09-14 23:16:00,0.2098,0.2098,0.2096,0.2097,32998.0,6920.90278
2026-09-14 23:17:00,0.2096,0.2096,0.2096,0.2096,32647.1,6842.83216
2026-09-14 23:18:00,0.2096,0.2096,0.2095,0.2095,977.8,204.85495
2026-09-14 23:19:00,0.2095,0.2095,0.2094,0.2094,441.9,92.54817
2026-09-14 23:20:00,0.2093,0.2095,0.2093,0.2095,20181.2,4225.99301
2026-09-14 23:21:00,0.2095,0.2095,0.2095,0.2095,215.6,45.1682
2026-09-14 23:22:00,0.2094,0.2094,0.2093,0.2093,8771.4,1836.72116
2026-09-14 23:23:00,0.2094,0.2095,0.2094,0.2095,1114.6,233.42587
2026-09-14 23:24:00,0.2095,0.2096,0.2095,0.2096,7734.3,1620.37577
2026-09-14 23:25:00,0.2097,0.2098,0.2097,0.2098,55654.3,11676.17278
2026-09-14 23:26:00,0.2098,0.2099,0.2098,0.2099,10148.2,2129.13516
2026-09-14 23:27:00,0.2098,0.2098,0.2095,0.2095,70262.8,14729.31901
2026-09-14 23:28:00,0.2095,0.2095,0.2092,0.2094,85553.3,17909.658
2026-09-14 23:29:00,0.2095,0.2095,0.2091,0.2092,41217.2,8625.98337
2026-09-14 23:30:00,0.2091,0.2091,0.2091,0.2091,35495.9,7422.19269
2026-09-14 23:31:00,0.2091,0.2092,0.209,0.209,131892.1,27586.11239
2026-09-14 23:32:00,0.2091,0.2092,0.2091,0.2092,31020.2,6487.50802
2026-09-14 23:33:00,0.2092,0.2093,0.2092,0.2092,9896.7,2070.41892
2026-09-14 23:34:00,0.2093,0.2094,0.2092,0.2092,2345.8,490.82636
2026-09-14 23:35:00,0.2091,0.2091,0.2088,0.209,190045.0,39706.60607
2026-09-14 23:36:00,0.209,0.209,0.2089,0.2089,9843.9,2056.60392
2026-09-14 23:37:00,0.2089,0.2089,0.2088,0.2088,54393.1,11362.7096
2026-09-14 23:38:00,0.2088,0.209,0.2088,0.209,11590.7,2421.21165
2026-09-14 23:39:00,0.2089,0.209,0.2089,0.209,8562.9,1789.63413
2026-09-14 23:40:00,0.209,0.2092,0.209,0.2092,33403.7,6984.43286
2026-09-14 23:41:00,0.2092,0.2092,0.2092,0.2092,13042.9,2728.57468
2026-09-14 23:42:00,0.2091,0.2092,0.2091,0.2091,4292.8,898.01478
2026-09-14 23:43:00,0.2091,0.2091,0.209,0.2091,11742.1,2455.26381
2026-09-14 23:44:00,0.2091,0.2091,0.2091,0.2091,646.5,135.18315
2026-09-14 23:45:00,0.209,0.209,0.2089,0.209,33836.3,7068.52331
2026-09-14 23:46:00,0.2089,0.209,0.2089,0.209,77383.0,16169.01589
2026-09-14 23:47:00,0.209,0.209,0.2087,0.2088,60282.8,12584.06906
2026-09-14 23:48:00,0.2088,0.2088,0.2088,0.2088,2869.8,599.21424
2026-09-14 23:49:00,0.2088,0.2089,0.2087,0.2088,12412.6,2591.77306
2026-09-14 23:50:00,0.2088,0.2088,0.2087,0.2087,15320.2,3197.33052
2026-09-14 23:51:00,0.2087,0.2087,0.2084,0.2085,30530.8,6366.09346
2026-09-14 23:52:00,0.2085,0.2085,0.2083,0.2084,16028.9,3340.46072
2026-09-14 23:53:00,0.2084,0.2087,0.2084,0.2087,32243.0,6720.32945
2026-09-14 23:54:00,0.2087,0.2087,0.2086,0.2087,1005.5,209.8283
2026-09-14 23:55:00,0.2087,0.2087,0.2086,0.2086,4272.8,891.72034
2026-09-14 23:56:00,0.2087,0.2088,0.2086,0.2086,34277.1,7152.95327
2026-09-14 23:57:00,0.2086,0.2087,0.2085,0.2087,90371.3,18851.17582
2026-09-14 23:58:00,0.2086,0.2086,0.2085,0.2085,4920.5,1026.01918
2026-09-14 23:59:00,0.2086,0.2087,0.2086,0.2086,18630.5,3886.41667
2026-09-15 00:00:00,0.2085,0.2086,0.2084,0.2086,58087.5,12111.39649
2026-09-15 00:01:00,0.2086,0.2086,0.2083,0.2084,66812.2,13926.67021
2026-09-15 00:02:00,0.2084,0.2085,0.2084,0.2085,47339.4,9869.49659
2026-09-15 00:03:00,0.2084,0.2085,0.2083,0.2085,6309.1,1314.64072
2026-09-15 00:04:00,0.2084,0.2084,0.2083,0.2083,10671.0,2223.61284
2026-09-15 00:05:00,0.2083,0.2083,0.2082,0.2082,26823.8,5587.00462
2026-09-15 00:06:00,0.2082,0.2082,0.208,0.2081,46592.7,9695.53726
2026-09-15 00:07:00,0.2081,0.2084,0.2081,0.2083,64453.0,13418.21503
2026-09-15 00:08:00,0.2084,0.2085,0.2083,0.2085,68379.3,14246.77683
2026-09-15 00:09:00,0.2085,0.2088,0.2085,0.2088,64747.8,13506.04756
2026-09-15 00:10:00,0.2087,0.2087,0.2085,0.2086,12233.7,2552.72682
2026-09-15 00:11:00,0.2086,0.2086,0.2083,0.2084,47286.5,9853.07204
2026-09-15 00:12:00,0.2084,0.2085,0.2084,0.2084,11855.0,2470.61915
2026-09-15 00:13:00,0.2084,0.2084,0.2084,0.2084,2778.3,578.99772
2026-09-15 00:14:00,0.2083,0.2084,0.2083,0.2084,1925.7,401.21635
2026-09-15 00:15:00,0.2083,0.2084,0.2083,0.2084,70191.8,14623.07931
2026-09-15 00:16:00,0.2085,0.2085,0.2083,0.2083,4111.2,856.68537
2026-09-15 00:17:00,0.2083,0.2083,0.2081,0.2081,153641.6,31988.82416
2026-09-15 00:18:00,0.2081,0.2081,0.208,0.208,10524.0,2189.6483
2026-09-15 00:19:00,0.2081,0.2082,0.208,0.2081,77232.1,16065.64101
2026-09-15 00:20:00,0.208,0.208,0.2078,0.208,149613.9,31115.34336
2026-09-15 00:21:00,0.2079,0.208,0.2079,0.208,48322.5,10047.21587
2026-09-15 00:22:00,0.208,0.2081,0.2079,0.208,3469.4,721.68321
2026-09-15 00:23:00,0.2081,0.2084,0.2081,0.2083,130709.0,27215.63401
2026-09-15 00:24:00,0.2082,0.2082,0.2081,0.2082,80866.8,16829.38651
2026-09-15 00:25:00,0.2081,0.2083,0.208,0.2083,22705.8,4726.42542
2026-09-15 00:26:00,0.2083,0.2083,0.2083,0.2083,57715.9,12022.22197
2026-09-15 00:27:00,0.2082,0.2082,0.2081,0.2081,2694.5,560.86727
2026-09-15 00:28:00,0.2081,0.2081,0.2078,0.2079,105538.5,21946.75515
2026-09-15 00:29:00,0.2079,0.208,0.2078,0.208,104805.7,21786.23721
2026-09-15 00:30:00,0.208,0.2083,0.208,0.2082,40510.4,8431.82433
2026-09-15 00:31:00,0.2083,0.2086,0.2082,0.2085,20735.9,4319.91575
2026-09-15 00:32:00,0.2085,0.2085,0.2084,0.2085,5157.7,1075.37072
2026-09-15 00:33:00,0.2084,0.2085,0.2082,0.2085,109349.6,22786.07706
2026-09-15 00:34:00,0.2084,0.2086,0.2084,0.2086,10055.6,2097.2672
2026-09-15 00:35:00,0.2086,0.2087,0.2086,0.2087,14804.0,3089.53098
2026-09-15 00:36:00,0.2086,0.2087,0.2082,0.2085,234598.3,48891.14178
2026-09-15 00:37:00,0.2085,0.2087,0.2085,0.2086,28299.8,5901.798
2026-09-15 00:38:00,0.2085,0.2086,0.2085,0.2085,70160.0,14628.36796
2026-09-15 00:39:00,0.2086,0.2087,0.2086,0.2086,57972.1,12093.88621
2026-09-15 00:40:00,0.2087,0.2087,0.2084,0.2084,2558.6,533.64182
2026-09-15 00:41:00,0.2085,0.2086,0.2085,0.2085,19387.8,4043.85169
2026-09-15 00:42:00,0.2085,0.2085,0.2081,0.2082,34048.9,7093.26651
2026-09-15 00:43:00,0.2081,0.2082,0.208,0.2082,40659.5,8460.9802
2026-09-15 00:44:00,0.2082,0.2084,0.2081,0.2082,38497.3,8016.44619
2026-09-15 00:45:00,0.2082,0.2084,0.2082,0.2083,44129.4,9194.72961
2026-09-15 00:46:00,0.2082,0.2082,0.208,0.208,64277.4,13370.87888
2026-09-15 00:47:00,0.208,0.208,0.2077,0.2079,84062.0,17477.61211
2026-09-15 00:48:00,0.2079,0.208,0.2078,0.208,32988.6,6857.84905
2026-09-15 00:49:00,0.208,0.2081,0.208,0.2081,10554.0,2196.23672
2026-09-15 00:50:00,0.2081,0.2082,0.2081,0.2081,9951.6,2071.50432
2026-09-15 00:51:00,0.2082,0.2082,0.2082,0.2082,12464.7,2595.15054
2026-09-15 00:52:00,0.2082,0.2083,0.2082,0.2083,46797.6,9746.73283
2026-09-15 00:53:00,0.2084,0.2084,0.2083,0.2084,22007.5,4586.32554
2026-09-15 00:54:00,0.2083,0.2084,0.2083,0.2084,178082.1,37095.07345
2026-09-15 00:55:00,0.2084,0.2084,0.2083,0.2084,2130.4,443.96028
2026-09-15 00:56:00,0.2084,0.2085,0.2084,0.2084,8495.8,1770.52775
2026-09-15 00:57:00,0.2084,0.2084,0.2082,0.2082,12419.8,2586.52762
2026-09-15 00:58:00,0.2082,0.2085,0.2082,0.2084,45957.7,9577.95759
2026-09-15 00:59:00,0.2085,0.2085,0.2085,0.2085,3695.4,770.4909
2026-09-15 01:00:00,0.2084,0.2086,0.2081,0.2081,32562.4,6788.31032
2026-09-15 01:01:00,0.2081,0.2083,0.2081,0.2082,27486.6,5722.59936
2026-09-15 01:02:00,0.2081,0.2082,0.208,0.2082,15820.2,3292.27671
2026-09-15 01:03:00,0.2081,0.2082,0.2081,0.2081,3428.1,713.40197
2026-09-15 01:04:00,0.2082,0.2082,0.2082,0.2082,61137.4,12728.80668
2026-09-15 01:05:00,0.2082,0.2082,0.2082,0.2082,0.0,0.0
2026-09-15 01:06:00,0.2082,0.2084,0.2082,0.2082,23461.2,4886.82164
2026-09-15 01:07:00,0.2081,0.2081,0.208,0.2081,3922.0,816.03927
2026-09-15 01:08:00,0.208,0.2081,0.2079,0.208,22553.6,4689.1644
2026-09-15 01:09:00,0.2079,0.2079,0.2077,0.2077,32943.6,6846.60235
2026-09-15 01:10:00,0.2077,0.2078,0.2075,0.2076,118156.6,24535.21588
2026-09-15 01:11:00,0.2077,0.2079,0.2076,0.2078,12870.0,2672.46919
2026-09-15 01:12:00,0.2078,0.2079,0.2078,0.2078,3751.6,779.5945
2026-09-15 01:13:00,0.2078,0.2078,0.2074,0.2075,73161.8,15183.61883
2026-09-15 01:14:00,0.2076,0.2076,0.2074,0.2075,17781.1,3688.55506
2026-09-15 01:15:00,0.2074,0.2076,0.2074,0.2076,55897.0,11596.27151
2026-09-15 01:16:00,0.2076,0.2077,0.2075,0.2077,11385.6,2363.49757
2026-09-15 01:17:00,0.2078,0.2078,0.2077,0.2078,34118.9,7089.9024
2026-09-15 01:18:00,0.2079,0.2079,0.2076,0.2076,19284.7,4005.60717
2026-09-15 01:19:00,0.2076,0.2079,0.2076,0.2079,9585.1,1991.62407
2026-09-15 01:20:00,0.2078,0.2082,0.2078,0.2082,86399.1,17981.35357
2026-09-15 01:21:00,0.2082,0.2082,0.208,0.2081,4256.5,885.86473
2026-09-15 01:22:00,0.2082,0.2087,0.2082,0.2086,27819.9,5800.24167
2026-09-15 01:23:00,0.2086,0.2087,0.2086,0.2087,50487.1,10533.08467
2026-09-15 01:24:00,0.2086,0.2087,0.2083,0.2085,115707.6,24135.52519
2026-09-15 01:25:00,0.2086,0.2088,0.2085,0.2087,98890.1,20632.39763
2026-09-15 01:26:00,0.2087,0.2087,0.2083,0.2084,6853.2,1429.33419
2026-09-15 01:27:00,0.2084,0.2084,0.208,0.208,94196.6,19599.42393
2026-09-15 01:28:00,0.2081,0.2081,0.2077,0.2077,19231.2,3997.65925
2026-09-15 01:29:00,0.2077,0.208,0.2076,0.2078,111763.9,23228.44499
2026-09-15 01:30:00,0.2078,0.2079,0.2078,0.2079,46872.3,9743.13223
2026-09-15 01:31:00,0.2079,0.2084,0.2079,0.2082,239001.8,49754.15028
2026-09-15 01:32:00,0.2083,0.2085,0.2082,0.2083,47313.5,9856.09412
2026-09-15 01:33:00,0.2082,0.2083,0.208,0.2081,37067.5,7715.5169
2026-09-15 01:34:00,0.2081,0.2082,0.2081,0.2081,14448.3,3006.82327
2026-09-15 01:35:00,0.2081,0.2081,0.2079,0.2081,9112.0,1895.28675
2026-09-15 01:36:00,0.2081,0.2081,0.208,0.2081,16521.8,3438.18133
2026-09-15 01:37:00,0.2081,0.2081,0.2079,0.208,65454.3,13614.52935
2026-09-15 01:38:00,0.2081,0.2082,0.2081,0.2082,11597.6,2414.06673
2026-09-15 01:39:00,0.2082,0.2083,0.2082,0.2083,155002.6,32286.89175
2026-09-15 01:40:00,0.2083,0.2083,0.208,0.2081,63655.6,13249.64199
2026-09-15 01:41:00,0.2082,0.2082,0.2082,0.2082,91.7,19.09194
2026-09-15 01:42:00,0.2082,0.2082,0.2081,0.2081,10365.7,2157.1502
2026-09-15 01:43:00,0.2081,0.2083,0.2081,0.2082,167092.8,34801.17598
2026-09-15 01:44:00,0.2083,0.2084,0.2083,0.2084,122035.3,25424.99922
2026-09-15 01:45:00,0.2083,0.2083,0.2078,0.208,130812.8,27220.70551
2026-09-15 01:46:00,0.208,0.2081,0.208,0.2081,5338.3,1110.82634
2026-09-15 01:47:00,0.2081,0.2082,0.208,0.208,13339.7,2776.32512
2026-09-15 01:48:00,0.208,0.2081,0.208,0.2081,6146.7,1279.11587
2026-09-15 01:49:00,0.2082,0.2085,0.2082,0.2084,87436.1,18216.11574
2026-09-15 01:50:00,0.2084,0.2084,0.2083,0.2083,6815.3,1419.76593
2026-09-15 01:51:00,0.2083,0.2084,0.2081,0.2081,7918.2,1649.7593
2026-09-15 01:52:00,0.2081,0.2082,0.208,0.2081,11105.3,2311.33264
2026-09-15 01:53:00,0.2081,0.2083,0.2081,0.2083,103943.6,21644.08408
2026-09-15 01:54:00,0.2082,0.2083,0.2081,0.2081,16736.4,3484.28409
2026-09-15 01:55:00,0.2082,0.2082,0.2081,0.2082,11273.3,2346.72158
2026-09-15 01:56:00,0.2083,0.2083,0.208,0.2081,123551.6,25703.90626
2026-09-15 01:57:00,0.208,0.2081,0.2078,0.2078,11357.3,2361.58581
2026-09-15 01:58:00,0.2077,0.2077,0.2077,0.2077,4945.8,1027.24266
2026-09-15 01:59:00,0.2078,0.2078,0.2077,0.2077,6807.6,1413.95476
2026-09-15 02:00:00,0.2078,0.2078,0.2077,0.2077,20403.8,4239.68563
2026-09-15 02:01:00,0.2078,0.2078,0.2076,0.2077,64336.7,13356.86035
2026-09-15 02:02:00,0.2078,0.2079,0.2077,0.2078,4611.6,958.17553
2026-09-15 02:03:00,0.2078,0.2078,0.2077,0.2077,2216.5,460.39835
2026-09-15 02:04:00,0.2077,0.2077,0.2075,0.2075,36279.0,7529.92233
2026-09-15 02:05:00,0.2076,0.2076,0.2075,0.2075,96310.6,19988.85314
2026-09-15 02:06:00,0.2076,0.2076,0.2074,0.2074,39643.8,8224.16759
2026-09-15 02:07:00,0.2074,0.2074,0.2072,0.2074,51787.6,10735.25404
2026-09-15 02:08:00,0.2073,0.2075,0.2072,0.2074,59190.8,12273.16547
2026-09-15 02:09:00,0.2075,0.2077,0.2075,0.2076,10356.9,2149.96189
2026-09-15 02:10:00,0.2077,0.2078,0.2076,0.2077,36192.3,7516.91122
2026-09-15 02:11:00,0.2077,0.2078,0.2077,0.2078,30578.1,6353.75578
2026-09-15 02:12:00,0.2079,0.2081,0.2079,0.208,24272.1,5048.97639
2026-09-15 02:13:00,0.2079,0.2079,0.2079,0.2079,520.5,108.21195
2026-09-15 02:14:00,0.2079,0.2079,0.2078,0.2079,1592.3,330.98685
2026-09-15 02:15:00,0.2079,0.2079,0.2078,0.2078,28433.6,5909.99356
2026-09-15 02:16:00,0.2078,0.2079,0.2078,0.2079,29136.0,6056.4145
2026-09-15 02:17:00,0.208,0.2081,0.2079,0.208,14029.4,2918.24492
2026-09-15 02:18:00,0.208,0.208,0.2079,0.2079,4874.3,1013.7739
2026-09-15 02:19:00,0.2079,0.2079,0.2079,0.2079,743.8,154.63602
2026-09-15 02:20:00,0.208,0.208,0.2078,0.2078,5744.8,1194.53722
2026-09-15 02:21:00,0.2078,0.2079,0.2078,0.2078,15079.3,3134.81763
2026-09-15 02:22:00,0.2078,0.2078,0.2077,0.2078,11822.5,2456.38179
2026-09-15 02:23:00,0.2079,0.2079,0.2079,0.2079,5217.1,1084.63509
2026-09-15 02:24:00,0.2079,0.2079,0.2078,0.2078,873.3,181.47657
2026-09-15 02:25:00,0.2079,0.208,0.2078,0.208,11868.6,2467.47931
2026-09-15 02:26:00,0.208,0.2081,0.2079,0.208,2850.9,592.98799
2026-09-15 02:27:00,0.208,0.2081,0.208,0.208,14079.6,2928.56932
2026-09-15 02:28:00,0.208,0.208,0.2077,0.2077,16974.0,3529.64416
2026-09-15 02:29:00,0.2078,0.2078,0.2078,0.2078,17763.8,3691.31764
2026-09-15 02:30:00,0.2078,0.2078,0.2077,0.2078,12941.0,2689.103
2026-09-15 02:31:00,0.2079,0.2079,0.2078,0.2078,12921.0,2685.2759
2026-09-15 02:32:00,0.2079,0.2079,0.2077,0.2077,2301.6,478.20957
2026-09-15 02:33:00,0.2078,0.2079,0.2078,0.2079,113631.5,23621.45447
2026-09-15 02:34:00,0.2079,0.208,0.2079,0.2079,62746.4,13045.08554
2026-09-15 02:35:00,0.208,0.208,0.2077,0.2079,31633.9,6575.42861
2026-09-15 02:36:00,0.2078,0.2078,0.2075,0.2076,51833.0,10766.69879
2026-09-15 02:37:00,0.2077,0.2077,0.2075,0.2075,2173.2,451.1356
2026-09-15 02:38:00,0.2076,0.2077,0.2073,0.2076,188079.1,39011.34141
2026-09-15 02:39:00,0.2075,0.2077,0.2075,0.2077,84578.9,17559.64717
2026-09-15 02:40:00,0.2078,0.2078,0.2078,0.2078,4917.9,1021.93962
2026-09-15 02:41:00,0.2077,0.2077,0.2077,0.2077,542.0,112.5734
2026-09-15 02:42:00,0.2077,0.2077,0.2076,0.2077,8267.5,1716.53748
2026-09-15 02:43:00,0.2076,0.2078,0.2076,0.2078,4092.6,850.16892
2026-09-15 02:44:00,0.2079,0.2079,0.2077,0.2077,11325.8,2353.41005
2026-09-15 02:45:00,0.2077,0.2078,0.2077,0.2077,5305.2,1102.02626
2026-09-15 02:46:00,0.2078,0.2079,0.2078,0.2079,11246.9,2337.10999
2026-09-15 02:47:00,0.2078,0.2078,0.2077,0.2078,67826.9,14088.75392
2026-09-15 02:48:00,0.2078,0.2078,0.2078,0.2078,1851.2,384.67936
2026-09-15 02:49:00,0.2077,0.2077,0.2076,0.2076,6700.7,1391.58283
2026-09-15 02:50:00,0.2076,0.2078,0.2076,0.2076,251301.6,52206.12591
2026-09-15 02:51:00,0.2076,0.2077,0.2073,0.2077,197474.7,40967.60495
2026-09-15 02:52:00,0.2077,0.2077,0.2076,0.2077,3210.1,666.57036
2026-09-15 02:53:00,0.2077,0.2078,0.2077,0.2078,26931.5,5596.35265
2026-09-15 02:54:00,0.2078,0.2078,0.2076,0.2076,10179.2,2114.79219
2026-09-15 02:55:00,0.2077,0.2079,0.2077,0.2079,4716.8,980.18319
2026-09-15 02:56:00,0.2079,0.2079,0.2076,0.2079,295808.4,61457.38
2026-09-15 02:57:00,0.2078,0.2078,0.2077,0.2078,43627.6,9065.79167
2026-09-15 02:58:00,0.2078,0.2078,0.2077,0.2077,4081.4,847.83962
2026-09-15 02:59:00,0.2077,0.2078,0.2076,0.2076,24679.1,5125.86895
2026-09-15 03:00:00,0.2077,0.2077,0.2074,0.2075,68686.3,14252.86414
2026-09-15 03:01:00,0.2074,0.2075,0.207,0.2071,202463.2,41938.30828
2026-09-15 03:02:00,0.2071,0.2071,0.2065,0.2067,395512.1,81770.51613
2026-09-15 03:03:00,0.2067,0.2071,0.2066,0.2069,315790.0,65330.40446
2026-09-15 03:04:00,0.207,0.207,0.2068,0.2068,177824.8,36782.94203
2026-09-15 03:05:00,0.2069,0.207,0.2068,0.2068,6081.9,1258.69708
2026-09-15 03:06:00,0.2068,0.2068,0.2065,0.2066,62767.1,12965.32384
2026-09-15 03:07:00,0.2066,0.2069,0.2064,0.2065,361530.2,74706.0421
2026-09-15 03:08:00,0.2066,0.2067,0.2065,0.2065,177959.2,36764.59196
2026-09-15 03:09:00,0.2065,0.2066,0.2059,0.2061,656205.1,135214.75716
2026-09-15 03:10:00,0.2061,0.2063,0.2059,0.206,407381.0,83948.71773
2026-09-15 03:11:00,0.206,0.2061,0.2055,0.2058,319727.7,65811.20601
2026-09-15 03:12:00,0.2058,0.2059,0.2058,0.2059,10339.8,2128.67188
2026-09-15 03:13:00,0.206,0.2062,0.2057,0.2058,72642.4,14951.03574
2026-09-15 03:14:00,0.2059,0.206,0.2058,0.206,91549.7,18850.00032
2026-09-15 03:15:00,0.206,0.206,0.2057,0.2057,406579.1,83714.45901
2026-09-15 03:16:00,0.2058,0.2059,0.2055,0.2056,187159.8,38488.22025
2026-09-15 03:17:00,0.2056,0.2058,0.2056,0.2057,95144.8,19568.0179
2026-09-15 03:18:00,0.2056,0.2057,0.2056,0.2057,11608.1,2386.99823
2026-09-15 03:19:00,0.2058,0.2059,0.2057,0.2059,132175.4,27205.07013
2026-09-15 03:20:00,0.2059,0.206,0.2059,0.2059,75562.1,15561.28001
2026-09-15 03:21:00,0.206,0.206,0.2059,0.206,59585.3,12274.56905
2026-09-15 03:22:00,0.2059,0.2059,0.2058,0.2059,34970.3,7200.17019
2026-09-15 03:23:00,0.2059,0.206,0.2058,0.2058,50330.9,10363.12656
2026-09-15 03:24:00,0.2059,0.2059,0.2057,0.2057,198583.7,40880.93828
2026-09-15 03:25:00,0.2058,0.2058,0.2053,0.2056,334952.0,68841.97883
2026-09-15 03:26:00,0.2056,0.2057,0.2054,0.2056,101153.9,20796.83727
2026-09-15 03:27:00,0.2056,0.2057,0.2056,0.2057,5145.6,1058.3997
2026-09-15 03:28:00,0.2057,0.2057,0.2055,0.2056,102377.2,21048.04017
2026-09-15 03:29:00,0.2057,0.2057,0.2056,0.2057,9850.0,2025.90691
2026-09-15 03:30:00,0.2057,0.2057,0.2055,0.2056,192712.0,39607.75137
2026-09-15 03:31:00,0.2055,0.2057,0.2055,0.2057,10959.3,2253.42288
2026-09-15 03:32:00,0.2057,0.2059,0.2057,0.2059,38781.0,7980.81513
2026-09-15 03:33:00,0.2059,0.206,0.2058,0.2058,56441.9,11620.24738
2026-09-15 03:34:00,0.2059,0.2059,0.2058,0.2059,1730.9,356.37172
2026-09-15 03:35:00,0.2059,0.2059,0.2058,0.2058,616.1,126.84194
2026-09-15 03:36:00,0.2058,0.2061,0.2058,0.2061,233532.4,48085.11788
2026-09-15 03:37:00,0.2061,0.2061,0.2059,0.206,24774.8,5101.93762
2026-09-15 03:38:00,0.206,0.2061,0.206,0.2061,21447.5,4418.42554
2026-09-15 03:39:00,0.206,0.2061,0.2059,0.206,61142.6,12595.25026
2026-09-15 03:40:00,0.206,0.206,0.2059,0.2059,23849.1,4912.89404
2026-09-15 03:41:00,0.206,0.206,0.2059,0.206,1892.9,389.91524
2026-09-15 03:42:00,0.206,0.206,0.2057,0.2057,154114.3,31714.63546
2026-09-15 03:43:00,0.2058,0.2058,0.2056,0.2057,47337.3,9736.35481
2026-09-15 03:44:00,0.2057,0.2058,0.2057,0.2057,10624.5,2186.33163
2026-09-15 03:45:00,0.2057,0.2057,0.2055,0.2056,85509.8,17579.98935
2026-09-15 03:46:00,0.2057,0.2058,0.2056,0.2058,8018.9,1649.38366
2026-09-15 03:47:00,0.2058,0.2058,0.2056,0.2057,21917.2,4508.46155
2026-09-15 03:48:00,0.2057,0.2057,0.2055,0.2056,25684.0,5280.90632
2026-09-15 03:49:00,0.2056,0.2056,0.2054,0.2054,30380.3,6244.13094
2026-09-15 03:50:00,0.2054,0.2055,0.2053,0.2054,21113.8,4336.31616
2026-09-15 03:51:00,0.2054,0.2058,0.2054,0.2055,239249.7,49193.59305
2026-09-15 03:52:00,0.2055,0.2056,0.2055,0.2055,40082.2,8240.55664
2026-09-15 03:53:00,0.2055,0.2056,0.2054,0.2056,7152.4,1469.84555
2026-09-15 03:54:00,0.2055,0.2057,0.2052,0.2054,151800.7,31190.32733
2026-09-15 03:55:00,0.2053,0.2054,0.2052,0.2053,106085.8,21781.36842
2026-09-15 03:56:00,0.2054,0.2054,0.2052,0.2052,114089.4,23427.99326
2026-09-15 03:57:00,0.2052,0.2053,0.2052,0.2053,19113.2,3923.07505
2026-09-15 03:58:00,0.2053,0.2054,0.2051,0.2052,388030.3,79621.95904
2026-09-15 03:59:00,0.2052,0.2052,0.2051,0.2052,131637.6,27012.02102
2026-09-15 04:00:00,0.2053,0.2053,0.205,0.2052,279645.8,57368.56014
2026-09-15 04:01:00,0.2051,0.2052,0.2051,0.2051,49549.4,10164.52369
2026-09-15 04:02:00,0.2052,0.2053,0.2051,0.2051,53315.7,10937.77136
2026-09-15 04:03:00,0.2051,0.2053,0.2051,0.2053,28658.8,5878.44312
2026-09-15 04:04:00,0.2053,0.2055,0.2053,0.2055,4833.6,992.62014
2026-09-15 04:05:00,0.2055,0.2055,0.2054,0.2054,16567.0,3404.34291
2026-09-15 04:06:00,0.2054,0.2054,0.2053,0.2053,4397.4,903.21431
2026-09-15 04:07:00,0.2054,0.2054,0.205,0.2051,415758.3,85334.52166
2026-09-15 04:08:00,0.2051,0.2052,0.205,0.2051,106190.0,21773.07595
2026-09-15 04:09:00,0.2051,0.2051,0.205,0.2051,36500.4,7485.51324
2026-09-15 04:10:00,0.2052,0.2052,0.2051,0.2052,3841.2,788.09589
2026-09-15 04:11:00,0.2052,0.2053,0.2052,0.2052,2492.6,511.69292
2026-09-15 04:12:00,0.2053,0.2053,0.205,0.2051,102610.5,21051.09013
2026-09-15 04:13:00,0.2051,0.2053,0.2051,0.2053,11459.4,2351.38552
2026-09-15 04:14:00,0.2053,0.2053,0.2052,0.2052,55190.7,11325.42389
2026-09-15 04:15:00,0.2052,0.2055,0.2052,0.2055,11735.9,2410.25294
2026-09-15 04:16:00,0.2055,0.2055,0.2053,0.2055,110543.2,22705.93929
2026-09-15 04:17:00,0.2054,0.2055,0.2053,0.2053,8455.1,1736.66067
2026-09-15 04:18:00,0.2053,0.2055,0.2053,0.2053,27653.7,5681.20868
2026-09-15 04:19:00,0.2054,0.2056,0.2054,0.2056,3300.4,677.98118
2026-09-15 04:20:00,0.2056,0.2058,0.2056,0.2058,26307.9,5411.35689
2026-09-15 04:21:00,0.2057,0.2058,0.2057,0.2057,57594.6,11847.83337
2026-09-15 04:22:00,0.2057,0.2057,0.2055,0.2055,89363.7,18366.74229
2026-09-15 04:23:00,0.2055,0.2055,0.2052,0.2053,75395.6,15479.21379
2026-09-15 04:24:00,0.2053,0.2053,0.2052,0.2052,119777.1,24578.27877
2026-09-15 04:25:00,0.2051,0.2051,0.2049,0.205,87083.2,17856.41987
2026-09-15 04:26:00,0.205,0.2051,0.2048,0.205,116702.5,23912.03815
2026-09-15 04:27:00,0.2049,0.205,0.2048,0.2048,47951.2,9824.63246
2026-09-15 04:28:00,0.2048,0.2051,0.2048,0.2051,20063.0,4111.6091
2026-09-15 04:29:00,0.2051,0.2051,0.2046,0.2049,316622.3,64839.58818
2026-09-15 04:30:00,0.2049,0.2051,0.2048,0.2051,69567.9,14259.65654
2026-09-15 04:31:00,0.205,0.2051,0.2049,0.2051,62462.7,12804.86673
2026-09-15 04:32:00,0.205,0.205,0.2048,0.2048,94995.5,19464.93331
2026-09-15 04:33:00,0.2048,0.2049,0.2044,0.2045,309292.2,63288.56904
2026-09-15 04:34:00,0.2045,0.2049,0.2043,0.2048,413311.5,84568.98812
2026-09-15 04:35:00,0.2048,0.2048,0.2046,0.2046,87553.1,17921.88578
2026-09-15 04:36:00,0.2046,0.2048,0.2046,0.2046,76808.2,15721.9034
2026-09-15 04:37:00,0.2047,0.2047,0.2044,0.2045,237247.4,48536.21564
2026-09-15 04:38:00,0.2045,0.2047,0.2045,0.2047,3689.2,754.88567
2026-09-15 04:39:00,0.2048,0.205,0.2045,0.2048,218413.1,44719.58552
2026-09-15 04:40:00,0.2049,0.205,0.2048,0.205,2423.4,496.55222
2026-09-15 04:41:00,0.205,0.2051,0.205,0.2051,46728.9,9582.34361
2026-09-15 04:42:00,0.2051,0.2052,0.2051,0.2051,1345.9,276.05738
2026-09-15 04:43:00,0.2052,0.2052,0.205,0.205,22792.6,4676.02134
2026-09-15 04:44:00,0.2051,0.2051,0.2048,0.2049,60525.5,12404.51217
2026-09-15 04:45:00,0.2049,0.205,0.2048,0.205,58471.0,11980.89098
2026-09-15 04:46:00,0.205,0.2053,0.205,0.2052,167779.9,34424.24518
2026-09-15 04:47:00,0.2053,0.2053,0.205,0.2051,77096.4,15813.95584
2026-09-15 04:48:00,0.2052,0.2052,0.2051,0.2051,549.2,112.64755
2026-09-15 04:49:00,0.2052,0.2052,0.205,0.205,25553.8,5240.81306
2026-09-15 04:50:00,0.205,0.2051,0.2049,0.2049,282395.7,57889.29427
2026-09-15 04:51:00,0.205,0.2051,0.205,0.205,39414.8,8080.03661
2026-09-15 04:52:00,0.2051,0.2051,0.205,0.2051,33536.8,6878.11928
2026-09-15 04:53:00,0.205,0.205,0.205,0.205,878.9,180.1745
2026-09-15 04:54:00,0.2051,0.2052,0.2051,0.2052,20729.7,4253.6201
2026-09-15 04:55:00,0.2051,0.2052,0.2051,0.2052,21366.6,4384.39251
2026-09-15 04:56:00,0.2052,0.2052,0.205,0.2051,75884.6,15563.85651
2026-09-15 04:57:00,0.2051,0.2051,0.205,0.205,10071.4,2065.61505
2026-09-15 04:58:00,0.2051,0.2052,0.205,0.2051,10142.6,2080.31415
2026-09-15 04:59:00,0.2052,0.2052,0.205,0.2051,31107.7,6380.2917
2026-09-15 05:00:00,0.205,0.2051,0.2049,0.2051,245181.7,50254.97004
2026-09-15 05:01:00,0.2051,0.2051,0.2051,0.2051,6850.6,1405.05806
2026-09-15 05:02:00,0.2051,0.2051,0.205,0.205,4961.3,1017.07366
2026-09-15 05:03:00,0.2051,0.2051,0.2049,0.205,5941.6,1218.05063
2026-09-15 05:04:00,0.205,0.205,0.2048,0.2048,38731.8,7933.30489
2026-09-15 05:05:00,0.2048,0.2051,0.2048,0.205,59842.1,12267.40878
2026-09-15 05:06:00,0.205,0.2051,0.2048,0.2048,65502.8,13424.8527
2026-09-15 05:07:00,0.2048,0.2049,0.2047,0.2048,31905.5,6535.36693
2026-09-15 05:08:00,0.2048,0.205,0.2047,0.2049,124503.7,25511.34784
2026-09-15 05:09:00,0.2048,0.2048,0.2047,0.2047,10491.1,2148.19155
2026-09-15 05:10:00,0.2046,0.2046,0.204,0.2041,840565.1,171634.60404
2026-09-15 05:11:00,0.2042,0.2043,0.2041,0.2043,101765.4,20778.57363
2026-09-15 05:12:00,0.2043,0.2043,0.2038,0.2039,209838.0,42797.99969
2026-09-15 05:13:00,0.2039,0.2039,0.2035,0.2037,508164.9,103528.98298
2026-09-15 05:14:00,0.2037,0.2038,0.2034,0.2038,131751.9,26818.8808
2026-09-15 05:15:00,0.2039,0.2039,0.2036,0.2039,126881.3,25846.29914
2026-09-15 05:16:00,0.2038,0.2038,0.2035,0.2037,171355.4,34888.44498
2026-09-15 05:17:00,0.2037,0.2037,0.2032,0.2032,144811.4,29455.81462
2026-09-15 05:18:00,0.2033,0.2036,0.2032,0.2034,276804.7,56308.03141
2026-09-15 05:19:00,0.2035,0.2035,0.2033,0.2034,173591.6,35316.18734
2026-09-15 05:20:00,0.2034,0.2036,0.2034,0.2036,73209.2,14898.80665
2026-09-15 05:21:00,0.2037,0.2039,0.2037,0.2038,94930.1,19345.63866
2026-09-15 05:22:00,0.2037,0.2038,0.2035,0.2036,48128.9,9802.42209
2026-09-15 05:23:00,0.2037,0.2037,0.2035,0.2035,25504.7,5192.80673
2026-09-15 05:24:00,0.2035,0.2037,0.2035,0.2036,12218.8,2487.52062
2026-09-15 05:25:00,0.2036,0.2037,0.2036,0.2036,9096.8,1852.5056
2026-09-15 05:26:00,0.2037,0.2038,0.2036,0.2038,26864.0,5474.69108
2026-09-15 05:27:00,0.2038,0.204,0.2038,0.204,3584.2,730.97564
2026-09-15 05:28:00,0.204,0.204,0.2039,0.204,1678.5,342.39839
2026-09-15 05:29:00,0.204,0.204,0.2039,0.2039,6365.6,1298.5711
2026-09-15 05:30:00,0.2039,0.204,0.2038,0.204,10575.7,2156.15584
2026-09-15 05:31:00,0.204,0.204,0.2039,0.204,85051.1,17344.58802
2026-09-15 05:32:00,0.204,0.204,0.2038,0.2039,49035.9,9998.3267
2026-09-15 05:33:00,0.2039,0.2042,0.2039,0.2042,91896.5,18758.22932
2026-09-15 05:34:00,0.2041,0.2041,0.204,0.2041,7887.0,1609.01314
2026-09-15 05:35:00,0.2041,0.2042,0.204,0.2042,156469.3,31938.18047
2026-09-15 05:36:00,0.2042,0.2042,0.2041,0.2042,10090.9,2060.10875
2026-09-15 05:37:00,0.2042,0.2043,0.2041,0.2041,56103.6,11453.04069
2026-09-15 05:38:00,0.2041,0.2042,0.2039,0.2039,114194.1,23293.21513
2026-09-15 05:39:00,0.204,0.2041,0.2038,0.2041,93728.7,19119.40218
2026-09-15 05:40:00,0.2042,0.2043,0.2042,0.2043,15078.4,3080.47152
2026-09-15 05:41:00,0.2042,0.2044,0.2042,0.2044,102613.8,20974.16384
2026-09-15 05:42:00,0.2044,0.2046,0.2044,0.2045,17348.6,3547.5945
2026-09-15 05:43:00,0.2045,0.2045,0.2043,0.2044,38318.3,7830.1076
2026-09-15 05:44:00,0.2044,0.2045,0.2044,0.2045,13673.9,2795.93643
2026-09-15 05:45:00,0.2046,0.2047,0.2045,0.2047,37400.9,7655.13201
2026-09-15 05:46:00,0.2046,0.2046,0.2045,0.2046,76443.4,15638.06042
2026-09-15 05:47:00,0.2046,0.2047,0.2046,0.2046,63946.0,13084.45234
2026-09-15 05:48:00,0.2047,0.2048,0.2046,0.2048,37261.2,7627.16306
2026-09-15 05:49:00,0.2048,0.2049,0.2047,0.2047,16754.8,3431.37382
2026-09-15 05:50:00,0.2048,0.2051,0.2048,0.205,255435.7,52344.65777
2026-09-15 05:51:00,0.2049,0.205,0.2049,0.205,16626.6,3408.21582
2026-09-15 05:52:00,0.2051,0.2051,0.2049,0.205,44491.3,9122.8332
2026-09-15 05:53:00,0.2051,0.2053,0.2051,0.2053,20954.1,4299.5789
2026-09-15 05:54:00,0.2052,0.2054,0.2052,0.2054,3335.6,685.08609
2026-09-15 05:55:00,0.2054,0.2054,0.2051,0.2052,232435.8,47713.85087
2026-09-15 05:56:00,0.2053,0.2053,0.2051,0.2053,36364.6,7464.28604
2026-09-15 05:57:00,0.2054,0.2054,0.2053,0.2054,105602.1,21690.27134
2026-09-15 05:58:00,0.2054,0.2054,0.2052,0.2052,10618.0,2179.88946
2026-09-15 05:59:00,0.2052,0.2052,0.2051,0.2052,84244.5,17286.77436
2026-09-15 06:00:00,0.2052,0.2054,0.2052,0.2052,47655.0,9783.50841
2026-09-15 06:01:00,0.2053,0.2054,0.2052,0.2053,134196.6,27549.77607
2026-09-15 06:02:00,0.2054,0.2056,0.2054,0.2056,10541.5,2166.2954
2026-09-15 06:03:00,0.2056,0.2056,0.2054,0.2056,9971.9,2049.52489
2026-09-15 06:04:00,0.2057,0.2058,0.2057,0.2057,44373.1,9127.67914
2026-09-15 06:05:00,0.2058,0.2058,0.2056,0.2057,31673.0,6516.45163
2026-09-15 06:06:00,0.2057,0.2057,0.2056,0.2056,1248.2,256.72361
2026-09-15 06:07:00,0.2057,0.2057,0.2055,0.2056,43511.9,8944.55864
2026-09-15 06:08:00,0.2056,0.2057,0.2056,0.2057,17628.6,3624.4596
2026-09-15 06:09:00,0.2057,0.2057,0.2055,0.2056,30832.4,6338.51915
2026-09-15 06:10:00,0.2056,0.2056,0.2055,0.2055,9077.3,1865.49978
2026-09-15 06:11:00,0.2055,0.2056,0.2053,0.2054,89960.9,18479.9956
2026-09-15 06:12:00,0.2055,0.2055,0.2054,0.2054,11334.8,2328.58731
2026-09-15 06:13:00,0.2055,0.2055,0.2053,0.2055,20330.2,4174.81641
2026-09-15 06:14:00,0.2055,0.2055,0.2054,0.2055,2650.3,544.59589
2026-09-15 06:15:00,0.2054,0.2057,0.2054,0.2056,6087.1,1251.446
2026-09-15 06:16:00,0.2056,0.2057,0.2055,0.2057,71644.7,14728.37708
2026-09-15 06:17:00,0.2057,0.2057,0.2056,0.2056,1344.8,276.61564
2026-09-15 06:18:00,0.2057,0.2057,0.2055,0.2056,73400.2,15085.40154
2026-09-15 06:19:00,0.2056,0.2056,0.2056,0.2056,1888.9,388.35784
2026-09-15 06:20:00,0.2055,0.2055,0.2053,0.2054,106098.4,21792.19926
2026-09-15 06:21:00,0.2054,0.2054,0.2052,0.2052,103241.5,21196.53736
2026-09-15 06:22:00,0.2052,0.2053,0.2052,0.2052,2805.6,575.71423
2026-09-15 06:23:00,0.2053,0.2053,0.2052,0.2052,8569.7,1758.53485
2026-09-15 06:24:00,0.2052,0.2053,0.2052,0.2052,32659.2,6703.82444
2026-09-15 06:25:00,0.2052,0.2053,0.2052,0.2052,3634.1,745.80986
2026-09-15 06:26:00,0.2052,0.2053,0.2052,0.2052,6882.2,1412.253
2026-09-15 06:27:00,0.2052,0.2053,0.2051,0.2052,51633.5,10592.38659
2026-09-15 06:28:00,0.2052,0.2053,0.2052,0.2052,23637.8,4851.14651
2026-09-15 06:29:00,0.2053,0.2053,0.2051,0.2051,14895.9,3056.46194
2026-09-15 06:30:00,0.2051,0.2053,0.2051,0.2053,58018.0,11910.78018
2026-09-15 06:31:00,0.2053,0.2053,0.2052,0.2053,15667.0,3216.43083
2026-09-15 06:32:00,0.2053,0.2055,0.2053,0.2054,76718.9,15757.18312
2026-09-15 06:33:00,0.2054,0.2054,0.2053,0.2054,31945.9,6561.58849
2026-09-15 06:34:00,0.2054,0.2054,0.2053,0.2054,23562.5,4839.70301
2026-09-15 06:35:00,0.2054,0.2055,0.2054,0.2055,1804.1,370.56502
2026-09-15 06:36:00,0.2054,0.2054,0.2053,0.2054,16425.8,3373.79931
2026-09-15 06:37:00,0.2054,0.2055,0.2053,0.2055,12432.6,2553.67517
2026-09-15 06:38:00,0.2055,0.2055,0.2054,0.2054,895.1,183.91985
2026-09-15 06:39:00,0.2054,0.2054,0.2051,0.2051,246337.3,50540.04497
2026-09-15 06:40:00,0.2052,0.2052,0.2051,0.2051,26964.3,5530.39097
2026-09-15 06:41:00,0.2051,0.2052,0.205,0.2051,29706.4,6092.6875
2026-09-15 06:42:00,0.2051,0.2051,0.2051,0.2051,40318.0,8269.2218
2026-09-15 06:43:00,0.2052,0.2052,0.205,0.2051,47464.8,9735.09223
2026-09-15 06:44:00,0.205,0.205,0.2046,0.2049,624637.7,127920.37523
2026-09-15 06:45:00,0.2049,0.205,0.2048,0.2049,37554.3,7695.1445
2026-09-15 06:46:00,0.2048,0.2048,0.2048,0.2048,28096.7,5754.20416
2026-09-15 06:47:00,0.2048,0.2048,0.2046,0.2046,11952.9,2446.62682
2026-09-15 06:48:00,0.2046,0.2046,0.2044,0.2044,123952.6,25349.15871
2026-09-15 06:49:00,0.2044,0.2044,0.2044,0.2044,14173.0,2896.9612
2026-09-15 06:50:00,0.2045,0.2046,0.2042,0.2043,292767.4,59840.933
2026-09-15 06:51:00,0.2043,0.2043,0.2043,0.2043,21239.0,4339.1277
2026-09-15 06:52:00,0.2044,0.2044,0.2041,0.2041,97247.9,19852.10182
2026-09-15 06:53:00,0.2041,0.2042,0.204,0.204,34996.3,7143.51414
2026-09-15 06:54:00,0.204,0.2041,0.2039,0.2041,167849.5,34250.1332
2026-09-15 06:55:00,0.2041,0.2041,0.2039,0.204,11623.4,2371.87169
2026-09-15 06:56:00,0.2039,0.2042,0.2038,0.2042,103798.2,21176.1228
2026-09-15 06:57:00,0.2042,0.2042,0.2042,0.2042,36760.0,7506.392
2026-09-15 06:58:00,0.2042,0.2042,0.2042,0.2042,2163.4,441.76628
2026-09-15 06:59:00,0.2043,0.2044,0.2043,0.2043,12435.1,2540.51866
2026-09-15 07:00:00,0.2044,0.2046,0.2044,0.2045,187858.7,38411.3595
2026-09-15 07:01:00,0.2045,0.2048,0.2045,0.2048,32496.1,6649.59857
2026-09-15 07:02:00,0.2047,0.2047,0.2043,0.2043,359044.3,73406.72774
2026-09-15 07:03:00,0.2043,0.2045,0.2042,0.2045,28819.9,5889.72542
2026-09-15 07:04:00,0.2045,0.2046,0.2044,0.2044,11655.8,2383.54234
2026-09-15 07:05:00,0.2044,0.2046,0.2044,0.2044,72437.5,14813.43927
2026-09-15 07:06:00,0.2045,0.2045,0.2044,0.2045,2636.1,538.86165
2026-09-15 07:07:00,0.2044,0.2044,0.2041,0.2042,51047.8,10423.29867
2026-09-15 07:08:00,0.2043,0.2044,0.2043,0.2043,13620.0,2782.57173
2026-09-15 07:09:00,0.2043,0.2045,0.2043,0.2045,41297.8,8437.60923
2026-09-15 07:10:00,0.2046,0.2047,0.2045,0.2045,38016.9,7775.88711
2026-09-15 07:11:00,0.2046,0.2046,0.2042,0.2042,35635.3,7285.97764
2026-09-15 07:12:00,0.2043,0.2043,0.2042,0.2043,3967.9,810.25837
2026-09-15 07:13:00,0.2042,0.2046,0.2042,0.2044,343206.7,70173.5652
2026-09-15 07:14:00,0.2044,0.2045,0.2044,0.2044,12434.0,2541.5245
2026-09-15 07:15:00,0.2045,0.2047,0.2045,0.2047,8938.4,1828.48504
2026-09-15 07:16:00,0.2047,0.2047,0.2044,0.2045,177849.8,36380.01563
2026-09-15 07:17:00,0.2045,0.2046,0.2044,0.2046,51900.9,10615.11744
2026-09-15 07:18:00,0.2046,0.2047,0.2046,0.2047,10710.1,2191.31722
2026-09-15 07:19:00,0.2048,0.2048,0.2046,0.2046,4645.4,950.93501
2026-09-15 07:20:00,0.2047,0.2048,0.2047,0.2048,36115.0,7394.91807
2026-09-15 07:21:00,0.2048,0.2049,0.2045,0.2046,242029.2,49529.53528
2026-09-15 07:22:00,0.2047,0.2048,0.2047,0.2047,4668.4,955.7081
2026-09-15 07:23:00,0.2046,0.2049,0.2046,0.2049,83959.7,17194.58122
2026-09-15 07:24:00,0.2049,0.2049,0.2049,0.2049,5180.2,1061.42298
2026-09-15 07:25:00,0.2049,0.2049,0.2048,0.2049,28537.8,5847.38994
2026-09-15 07:26:00,0.2049,0.2049,0.2049,0.2049,615.7,126.15693
2026-09-15 07:27:00,0.2049,0.2049,0.2048,0.2049,2404.2,492.60163
2026-09-15 07:28:00,0.2049,0.2049,0.2048,0.2048,37995.0,7785.06148
2026-09-15 07:29:00,0.2049,0.2049,0.2049,0.2049,21780.4,4462.80396
2026-09-15 07:30:00,0.2049,0.2049,0.2047,0.2047,20274.3,4152.29087
2026-09-15 07:31:00,0.2047,0.2048,0.2046,0.2047,25681.6,5256.99774
2026-09-15 07:32:00,0.2047,0.2047,0.2044,0.2044,2979.4,609.36559
2026-09-15 07:33:00,0.2045,0.2045,0.2043,0.2044,21548.8,4404.44849
2026-09-15 07:34:00,0.2043,0.2043,0.2041,0.2041,37625.2,7680.43966
2026-09-15 07:35:00,0.2041,0.2045,0.2038,0.2044,603932.1,123339.77556
2026-09-15 07:36:00,0.2044,0.2044,0.2042,0.2043,19536.8,3990.78569
2026-09-15 07:37:00,0.2043,0.2043,0.2042,0.2043,1456.6,297.52968
2026-09-15 07:38:00,0.2042,0.2042,0.2039,0.2041,104816.8,21392.74027
2026-09-15 07:39:00,0.2041,0.2042,0.204,0.2041,49170.7,10035.82419
2026-09-15 07:40:00,0.2041,0.2042,0.2041,0.2042,4411.4,900.78996
2026-09-15 07:41:00,0.2043,0.2043,0.2039,0.2039,39033.4,7967.96079
2026-09-15 07:42:00,0.2039,0.2039,0.2038,0.2038,33555.5,6840.36919
2026-09-15 07:43:00,0.2039,0.2039,0.2038,0.2039,14938.6,3045.94216
2026-09-15 07:44:00,0.2039,0.2039,0.2038,0.2039,157502.9,32108.81368
2026-09-15 07:45:00,0.2038,0.2041,0.2038,0.2041,146757.5,29917.74164
2026-09-15 07:46:00,0.204,0.204,0.2039,0.204,1296.9,264.54796
2026-09-15 07:47:00,0.204,0.2041,0.2039,0.204,6840.6,1395.48239
2026-09-15 07:48:00,0.204,0.204,0.2038,0.204,18344.5,3740.65639
2026-09-15 07:49:00,0.2039,0.2039,0.2039,0.2039,2373.5,483.95665
2026-09-15 07:50:00,0.2039,0.2039,0.2037,0.2038,138199.9,28161.65783
2026-09-15 07:51:00,0.2038,0.2038,0.2035,0.2036,91932.3,18715.88151
2026-09-15 07:52:00,0.2035,0.2036,0.2033,0.2035,190534.5,38766.06875
2026-09-15 07:53:00,0.2035,0.2035,0.2033,0.2033,137319.7,27924.00562
2026-09-15 07:54:00,0.2034,0.2035,0.2034,0.2034,35997.3,7322.10464
2026-09-15 07:55:00,0.2034,0.2035,0.2033,0.2035,72723.6,14792.1258
2026-09-15 07:56:00,0.2034,0.2036,0.2032,0.2036,331023.0,67307.91075
2026-09-15 07:57:00,0.2035,0.2036,0.2034,0.2036,146367.6,29791.84294
2026-09-15 07:58:00,0.2035,0.2038,0.2035,0.2038,190767.8,38862.89189
2026-09-15 07:59:00,0.2037,0.2037,0.2035,0.2036,7274.4,1481.2894
2026-09-15 08:00:00,0.2037,0.2037,0.2036,0.2036,46766.0,9521.97204
2026-09-15 08:01:00,0.2035,0.2035,0.2034,0.2034,61636.9,12540.55139
2026-09-15 08:02:00,0.2034,0.2034,0.2033,0.2033,39541.6,8040.31688
2026-09-15 08:03:00,0.2033,0.2038,0.2033,0.2036,315880.7,64315.70296
2026-09-15 08:04:00,0.2035,0.2036,0.2034,0.2035,11815.9,2405.02799
2026-09-15 08:05:00,0.2035,0.2037,0.2035,0.2036,21669.5,4411.71141
2026-09-15 08:06:00,0.2037,0.2037,0.2035,0.2036,77600.9,15807.00301
2026-09-15 08:07:00,0.2035,0.2036,0.2035,0.2036,993.7,202.2651
2026-09-15 08:08:00,0.2035,0.2035,0.2033,0.2033,141979.4,28882.18409
2026-09-15 08:09:00,0.2033,0.2034,0.2033,0.2034,11305.9,2299.1047
2026-09-15 08:10:00,0.2035,0.2035,0.2032,0.2033,60694.9,12340.08082
2026-09-15 08:11:00,0.2033,0.2034,0.2033,0.2033,235752.9,47951.6186
2026-09-15 08:12:00,0.2033,0.2035,0.2033,0.2035,2269.0,461.33807
2026-09-15 08:13:00,0.2034,0.2037,0.2034,0.2036,55781.8,11357.1933
2026-09-15 08:14:00,0.2037,0.2038,0.2036,0.2037,120227.5,24484.414
2026-09-15 08:15:00,0.2038,0.2042,0.2038,0.2042,172768.9,35258.35169
2026-09-15 08:16:00,0.2041,0.2042,0.2037,0.2038,37830.4,7715.85967
2026-09-15 08:17:00,0.2037,0.204,0.2036,0.2038,65423.7,13330.47261
2026-09-15 08:18:00,0.2038,0.204,0.2038,0.204,56620.5,11544.77693
2026-09-15 08:19:00,0.204,0.204,0.2039,0.204,5539.6,1130.06837
2026-09-15 08:20:00,0.204,0.2043,0.2039,0.2043,6420.2,1311.08237
2026-09-15 08:21:00,0.2042,0.2043,0.2041,0.2042,131751.5,26902.10984
2026-09-15 08:22:00,0.2042,0.2044,0.2042,0.2044,65593.8,13406.16701
2026-09-15 08:23:00,0.2043,0.2044,0.2043,0.2043,42513.2,8688.94748
2026-09-15 08:24:00,0.2043,0.2044,0.2043,0.2043,5956.3,1217.39672
2026-09-15 08:25:00,0.2043,0.2043,0.2041,0.2041,148329.2,30299.00137
2026-09-15 08:26:00,0.2042,0.2043,0.2041,0.2042,51843.5,10586.54896
2026-09-15 08:27:00,0.2043,0.2043,0.2042,0.2042,4742.4,968.71437
2026-09-15 08:28:00,0.2042,0.2042,0.204,0.2041,24180.2,4937.4055
2026-09-15 08:29:00,0.2042,0.2042,0.2042,0.2042,6030.6,1231.44852
2026-09-15 08:30:00,0.2042,0.2044,0.2041,0.2042,150675.3,30781.79203
2026-09-15 08:31:00,0.2042,0.2043,0.2042,0.2042,41279.3,8429.60565
2026-09-15 08:32:00,0.2043,0.2044,0.2041,0.2042,15316.2,3128.9562
2026-09-15 08:33:00,0.2042,0.2042,0.2041,0.2042,25472.3,5201.42404
2026-09-15 08:34:00,0.2042,0.2042,0.2041,0.2041,11259.6,2299.03351
2026-09-15 08:35:00,0.2041,0.2043,0.2041,0.2043,2410.4,492.22147
2026-09-15 08:36:00,0.2042,0.2043,0.2041,0.2041,6413.2,1309.41508
2026-09-15 08:37:00,0.2041,0.2042,0.204,0.204,2985.7,609.31726
2026-09-15 08:38:00,0.2041,0.2042,0.204,0.2041,18256.5,3726.12592
2026-09-15 08:39:00,0.204,0.2041,0.204,0.2041,617.4,126.00012
2026-09-15 08:40:00,0.2042,0.2042,0.2041,0.2042,34634.8,7069.12055
2026-09-15 08:41:00,0.2042,0.2042,0.2041,0.2041,9970.3,2035.06226
2026-09-15 08:42:00,0.2041,0.2042,0.204,0.2042,59367.4,12117.19159
2026-09-15 08:43:00,0.2043,0.2043,0.2041,0.2041,9264.1,1891.79686
2026-09-15 08:44:00,0.2042,0.2042,0.204,0.204,62931.1,12845.17316
2026-09-15 08:45:00,0.2041,0.2042,0.2041,0.2042,1467.3,299.58728
2026-09-15 08:46:00,0.2043,0.2043,0.2041,0.2042,6367.8,1300.59314
2026-09-15 08:47:00,0.2042,0.2044,0.2042,0.2044,89105.7,18206.67463
2026-09-15 08:48:00,0.2044,0.2044,0.2044,0.2044,35999.3,7358.25692
2026-09-15 08:49:00,0.2044,0.2045,0.2041,0.2042,288912.0,59023.69541
2026-09-15 08:50:00,0.2042,0.2044,0.2041,0.2043,131200.4,26799.87886
2026-09-15 08:51:00,0.2043,0.2043,0.2043,0.2043,743.7,151.93791
2026-09-15 08:52:00,0.2043,0.2044,0.2043,0.2044,255.4,52.188
2026-09-15 08:53:00,0.2044,0.2046,0.2044,0.2046,56613.2,11573.94808
2026-09-15 08:54:00,0.2045,0.2047,0.2045,0.2047,143093.3,29270.92135
2026-09-15 08:55:00,0.2046,0.2047,0.2046,0.2046,145831.6,29841.95039
2026-09-15 08:56:00,0.2047,0.2048,0.2046,0.2048,80611.5,16509.10574
2026-09-15 08:57:00,0.2048,0.2048,0.2048,0.2048,131603.0,26952.2944
2026-09-15 08:58:00,0.2048,0.2048,0.2047,0.2047,5019.5,1027.91609
2026-09-15 08:59:00,0.2047,0.2049,0.2047,0.2049,13412.4,2747.02952
2026-09-15 09:00:00,0.2049,0.2049,0.2047,0.2047,7895.3,1617.18465
2026-09-15 09:01:00,0.2047,0.2048,0.2046,0.2047,19224.0,3933.8412
2026-09-15 09:02:00,0.2046,0.2046,0.2044,0.2045,99619.8,20372.70149
2026-09-15 09:03:00,0.2046,0.2047,0.2045,0.2045,65306.9,13359.34504
2026-09-15 09:04:00,0.2045,0.2046,0.2045,0.2045,19896.5,4069.40377
2026-09-15 09:05:00,0.2045,0.2046,0.2044,0.2046,80669.8,16496.75669
2026-09-15 09:06:00,0.2046,0.2046,0.2045,0.2045,10514.6,2151.00981
2026-09-15 09:07:00,0.2045,0.2046,0.2044,0.2044,15798.0,3230.73015
2026-09-15 09:08:00,0.2044,0.2045,0.2044,0.2045,3968.2,811.48712
2026-09-15 09:09:00,0.2046,0.2047,0.2046,0.2047,14060.4,2876.87766
2026-09-15 09:10:00,0.2046,0.2046,0.2044,0.2045,3738.6,764.65986
2026-09-15 09:11:00,0.2045,0.2045,0.2045,0.2045,1163.0,237.8335
2026-09-15 09:12:00,0.2045,0.2045,0.2045,0.2045,2668.3,545.66735
2026-09-15 09:13:00,0.2046,0.2046,0.2046,0.2046,1414.0,289.3044
2026-09-15 09:14:00,0.2046,0.2047,0.2045,0.2047,10307.0,2108.72997
2026-09-15 09:15:00,0.2046,0.2048,0.2045,0.2047,3783.9,774.30431
2026-09-15 09:16:00,0.2048,0.2048,0.2046,0.2046,25550.9,5230.26488
2026-09-15 09:17:00,0.2046,0.2047,0.2045,0.2046,7249.9,1483.31656
2026-09-15 09:18:00,0.2045,0.2045,0.2045,0.2045,17520.8,3583.0036
2026-09-15 09:19:00,0.2044,0.2045,0.2043,0.2043,27825.6,5686.05609
2026-09-15 09:20:00,0.2043,0.2043,0.2042,0.2042,2342.1,478.46807
2026-09-15 09:21:00,0.2043,0.2044,0.2042,0.2044,11887.9,2428.72899
2026-09-15 09:22:00,0.2043,0.2043,0.2042,0.2043,12948.2,2645.07971
2026-09-15 09:23:00,0.2044,0.2044,0.2042,0.2044,75138.9,15357.69383
2026-09-15 09:24:00,0.2043,0.2044,0.2043,0.2044,8207.3,1677.56706
2026-09-15 09:25:00,0.2044,0.2045,0.2044,0.2044,4986.2,1019.36109
2026-09-15 09:26:00,0.2045,0.2045,0.2045,0.2045,774.8,158.4466
2026-09-15 09:27:00,0.2045,0.2045,0.2045,0.2045,88.0,17.996
2026-09-15 09:28:00,0.2045,0.2047,0.2045,0.2047,48448.6,9908.27482
2026-09-15 09:29:00,0.2047,0.2049,0.2047,0.2048,322202.4,65975.65561
2026-09-15 09:30:00,0.2047,0.2048,0.2046,0.2047,45024.4,9216.93153
2026-09-15 09:31:00,0.2047,0.2047,0.2045,0.2047,46853.9,9584.95561
2026-09-15 09:32:00,0.2046,0.2047,0.2046,0.2046,23384.4,4786.52456
2026-09-15 09:33:00,0.2047,0.2047,0.2045,0.2045,4349.6,889.69074
2026-09-15 09:34:00,0.2046,0.2049,0.2045,0.2049,7240.6,1482.02492
2026-09-15 09:35:00,0.2049,0.205,0.2049,0.205,47147.3,9661.64505
2026-09-15 09:36:00,0.2049,0.2049,0.2046,0.2047,192547.0,39425.97515
2026-09-15 09:37:00,0.2047,0.2048,0.2047,0.2048,21744.8,4451.77997
2026-09-15 09:38:00,0.2048,0.2048,0.2046,0.2048,5985.2,1225.05917
2026-09-15 09:39:00,0.2048,0.2048,0.2048,0.2048,112.8,23.10144
2026-09-15 09:40:00,0.2047,0.2048,0.2047,0.2048,5031.7,1030.48837
2026-09-15 09:41:00,0.2047,0.2048,0.2047,0.2048,3114.1,637.47827
2026-09-15 09:42:00,0.2048,0.2048,0.2047,0.2048,1786.7,365.90616
2026-09-15 09:43:00,0.2048,0.2049,0.2047,0.2049,40369.7,8268.66481
2026-09-15 09:44:00,0.2049,0.205,0.2048,0.205,139145.2,28515.39635
2026-09-15 09:45:00,0.205,0.205,0.2049,0.2049,32713.7,6706.2985
2026-09-15 09:46:00,0.205,0.205,0.2047,0.2048,114998.1,23553.38045
2026-09-15 09:47:00,0.2048,0.2049,0.2048,0.2049,114658.1,23487.79075
2026-09-15 09:48:00,0.2049,0.2051,0.2049,0.205,50210.2,10289.05906
2026-09-15 09:49:00,0.2051,0.2051,0.205,0.2051,2564.7,525.98849
2026-09-15 09:50:00,0.205,0.205,0.2049,0.205,39531.5,8103.0961
2026-09-15 09:51:00,0.2049,0.205,0.2049,0.205,33716.6,6911.74862
2026-09-15 09:52:00,0.205,0.2051,0.205,0.2051,85942.7,17620.21755
2026-09-15 09:53:00,0.2051,0.2052,0.2051,0.2052,72178.9,14804.8431
2026-09-15 09:54:00,0.2051,0.2052,0.2051,0.2052,5803.5,1190.84013
2026-09-15 09:55:00,0.2051,0.2051,0.2048,0.205,328443.8,67323.7947
2026-09-15 09:56:00,0.205,0.2051,0.205,0.205,2056.1,421.58843
2026-09-15 09:57:00,0.205,0.2051,0.2049,0.2049,20607.2,4225.50823
2026-09-15 09:58:00,0.205,0.205,0.2048,0.2049,74495.5,15263.79176
2026-09-15 09:59:00,0.2049,0.2049,0.2048,0.2049,32627.3,6682.15216
2026-09-15 10:00:00,0.2049,0.2053,0.2049,0.2052,883333.8,181232.33921
2026-09-15 10:01:00,0.2052,0.2053,0.2051,0.2052,33761.7,6926.4781
2026-09-15 10:02:00,0.2052,0.2052,0.205,0.205,15363.8,3149.88004
2026-09-15 10:03:00,0.2051,0.2056,0.205,0.2056,396428.5,81379.22644
2026-09-15 10:04:00,0.2055,0.2055,0.2053,0.2054,136448.2,28032.08887
2026-09-15 10:05:00,0.2054,0.2054,0.2052,0.2053,40610.5,8336.49453
2026-09-15 10:06:00,0.2053,0.2053,0.2053,0.2053,2977.2,611.21916
2026-09-15 10:07:00,0.2053,0.2055,0.2051,0.2052,222107.4,45618.34884
2026-09-15 10:08:00,0.2052,0.2053,0.2051,0.2053,44685.5,9169.47277
2026-09-15 10:09:00,0.2053,0.2053,0.2052,0.2053,23675.4,4860.47456
2026-09-15 10:10:00,0.2053,0.2053,0.2051,0.2052,34841.9,7151.05203
2026-09-15 10:11:00,0.2052,0.2054,0.2052,0.2054,107879.4,22152.37915
2026-09-15 10:12:00,0.2053,0.2053,0.2051,0.2052,87935.1,18045.08288
2026-09-15 10:13:00,0.2052,0.2053,0.2052,0.2052,6139.1,1260.06296
2026-09-15 10:14:00,0.2052,0.2052,0.2051,0.2051,292.3,59.95408
2026-09-15 10:15:00,0.2051,0.2053,0.2051,0.2053,1665.0,341.64942
2026-09-15 10:16:00,0.2052,0.2053,0.2051,0.2051,17078.1,3504.69694
2026-09-15 10:17:00,0.2051,0.2052,0.2051,0.2052,6668.9,1368.31923
2026-09-15 10:18:00,0.2052,0.2053,0.2051,0.2052,8314.0,1706.0827
2026-09-15 10:19:00,0.2053,0.2053,0.205,0.2051,25358.2,5202.08051
2026-09-15 10:20:00,0.2051,0.2051,0.205,0.205,1797.7,368.67822
2026-09-15 10:21:00,0.205,0.2051,0.205,0.2051,69463.0,14240.40256
2026-09-15 10:22:00,0.2051,0.2051,0.2049,0.205,105500.6,21627.56141
2026-09-15 10:23:00,0.2051,0.2052,0.2051,0.2052,13394.5,2747.72903
2026-09-15 10:24:00,0.2053,0.2053,0.2052,0.2052,2035.3,417.79537
2026-09-15 10:25:00,0.2053,0.2054,0.2053,0.2054,125826.5,25832.2023
2026-09-15 10:26:00,0.2053,0.2054,0.2052,0.2052,129562.1,26599.52379
2026-09-15 10:27:00,0.2052,0.2054,0.2051,0.2051,67589.2,13874.48518
2026-09-15 10:28:00,0.2051,0.2052,0.205,0.2051,49237.7,10099.0723
2026-09-15 10:29:00,0.2051,0.2051,0.205,0.205,27357.2,5610.95106
2026-09-15 10:30:00,0.205,0.2051,0.2048,0.2048,59394.3,12175.44235
2026-09-15 10:31:00,0.2049,0.205,0.2049,0.205,14031.6,2875.09786
2026-09-15 10:32:00,0.205,0.2051,0.2049,0.2051,11862.6,2431.83436
2026-09-15 10:33:00,0.2051,0.2052,0.205,0.205,206166.8,42293.11766
2026-09-15 10:34:00,0.2051,0.2052,0.2051,0.2052,3066.7,629.04282
2026-09-15 10:35:00,0.2052,0.2052,0.2051,0.2051,1871.1,383.84075
2026-09-15 10:36:00,0.2052,0.2052,0.2052,0.2052,11935.9,2449.24668
2026-09-15 10:37:00,0.2051,0.2051,0.205,0.205,22753.8,4666.29369
2026-09-15 10:38:00,0.2051,0.2051,0.2048,0.2049,126658.0,25954.13961
2026-09-15 10:39:00,0.2049,0.205,0.2049,0.2049,2561.8,524.98073
2026-09-15 10:40:00,0.2049,0.205,0.2049,0.205,763.6,156.49724
2026-09-15 10:41:00,0.205,0.205,0.2049,0.205,29881.1,6125.09577
2026-09-15 10:42:00,0.205,0.2052,0.205,0.2052,220512.8,45222.29571
2026-09-15 10:43:00,0.2052,0.2052,0.2052,0.2052,1701.8,349.20936
2026-09-15 10:44:00,0.2051,0.2053,0.2051,0.2053,1751.1,359.34659
2026-09-15 10:45:00,0.2053,0.2053,0.2051,0.2051,32593.8,6688.12518
2026-09-15 10:46:00,0.2052,0.2053,0.2051,0.2053,3117.2,639.60786
2026-09-15 10:47:00,0.2053,0.2054,0.2052,0.2053,128998.5,26490.10985
2026-09-15 10:48:00,0.2054,0.2054,0.2052,0.2053,95228.6,19549.02078
2026-09-15 10:49:00,0.2052,0.2054,0.2052,0.2054,27930.1,5735.85995
2026-09-15 10:50:00,0.2054,0.2055,0.2054,0.2055,43255.4,8888.97652
2026-09-15 10:51:00,0.2055,0.2057,0.2055,0.2057,73582.6,15128.32725
2026-09-15 10:52:00,0.2056,0.2057,0.2055,0.2055,198534.7,40818.5879
2026-09-15 10:53:00,0.2054,0.2055,0.2052,0.2054,42969.6,8822.90243
2026-09-15 10:54:00,0.2054,0.2054,0.2052,0.2052,29023.5,5959.67185
2026-09-15 10:55:00,0.2053,0.2056,0.2052,0.2056,61881.6,12710.85629
2026-09-15 10:56:00,0.2055,0.2055,0.2054,0.2054,14270.8,2932.5991
2026-09-15 10:57:00,0.2055,0.2057,0.2054,0.2054,97701.3,20085.84582
2026-09-15 10:58:00,0.2055,0.2055,0.2053,0.2053,43538.6,8944.54474
2026-09-15 10:59:00,0.2054,0.2054,0.2054,0.2054,95.7,19.65678
2026-09-15 11:00:00,0.2054,0.2054,0.2053,0.2053,272.1,55.88335
2026-09-15 11:01:00,0.2053,0.2055,0.2053,0.2054,25782.7,5294.0958
2026-09-15 11:02:00,0.2054,0.2056,0.2054,0.2056,3179.3,653.31406
2026-09-15 11:03:00,0.2055,0.2055,0.2054,0.2054,13244.9,2721.82403
2026-09-15 11:04:00,0.2054,0.2055,0.2053,0.2055,36369.2,7470.26349
2026-09-15 11:05:00,0.2055,0.2055,0.2053,0.2055,92276.0,18960.8661
2026-09-15 11:06:00,0.2055,0.2055,0.2054,0.2055,1641.8,337.35717
2026-09-15 11:07:00,0.2056,0.2057,0.2054,0.2057,41462.4,8524.01786
2026-09-15 11:08:00,0.2056,0.2058,0.2056,0.2058,120357.0,24751.85812
2026-09-15 11:09:00,0.2057,0.2059,0.2057,0.2059,100110.5,20609.74191
2026-09-15 11:10:00,0.2059,0.2059,0.2057,0.2057,114652.4,23595.43104
2026-09-15 11:11:00,0.2057,0.2057,0.2056,0.2056,1955.1,402.12221
2026-09-15 11:12:00,0.2057,0.2057,0.2055,0.2055,106027.4,21809.04293
2026-09-15 11:13:00,0.2054,0.2055,0.2054,0.2054,1326.9,272.55014
2026-09-15 11:14:00,0.2055,0.2057,0.2055,0.2057,131429.5,27018.13659
2026-09-15 11:15:00,0.2057,0.2059,0.2057,0.2058,165416.1,34031.69809
2026-09-15 11:16:00,0.2058,0.2058,0.2057,0.2057,117728.0,24219.6358
2026-09-15 11:17:00,0.2057,0.2058,0.2057,0.2057,11608.3,2388.26462
2026-09-15 11:18:00,0.2058,0.2058,0.2055,0.2055,243691.0,50098.56746
2026-09-15 11:19:00,0.2056,0.2056,0.2054,0.2054,18117.4,3724.24975
2026-09-15 11:20:00,0.2054,0.2054,0.2053,0.2054,79575.0,16337.04568
2026-09-15 11:21:00,0.2054,0.2054,0.2051,0.2051,15873.7,3258.5751
2026-09-15 11:22:00,0.2051,0.2051,0.2049,0.2049,161559.5,33126.91914
2026-09-15 11:23:00,0.2049,0.2049,0.2048,0.2048,16768.6,3435.14558
2026-09-15 11:24:00,0.2048,0.205,0.2047,0.2049,170601.8,34956.14955
2026-09-15 11:25:00,0.205,0.205,0.2048,0.2049,77906.1,15962.96167
2026-09-15 11:26:00,0.2049,0.2049,0.2049,0.2049,15991.5,3276.65835
2026-09-15 11:27:00,0.2048,0.2049,0.2048,0.2049,2357.0,482.90518
2026-09-15 11:28:00,0.2049,0.2049,0.2046,0.2046,144990.2,29673.13644
2026-09-15 11:29:00,0.2046,0.2047,0.2046,0.2046,42815.3,8760.01525
2026-09-15 11:30:00,0.2046,0.2047,0.2044,0.2045,278273.4,56929.67673
2026-09-15 11:31:00,0.2045,0.2045,0.2041,0.2041,86373.9,17641.50383
2026-09-15 11:32:00,0.2041,0.2041,0.204,0.204,124969.4,25496.44232
2026-09-15 11:33:00,0.2039,0.204,0.2038,0.2039,96626.5,19710.13496
2026-09-15 11:34:00,0.2039,0.2039,0.2037,0.2038,82454.5,16801.13266
2026-09-15 11:35:00,0.2039,0.204,0.2039,0.2039,18994.9,3873.06504
2026-09-15 11:36:00,0.204,0.204,0.2038,0.2038,27196.4,5543.66768
2026-09-15 11:37:00,0.2038,0.2039,0.2038,0.2039,686.3,139.91057
2026-09-15 11:38:00,0.2038,0.2038,0.2037,0.2037,8163.3,1663.13338
2026-09-15 11:39:00,0.2038,0.2041,0.2038,0.2041,415648.8,84757.48243
2026-09-15 11:40:00,0.204,0.2041,0.2036,0.2037,189846.5,38684.52384
2026-09-15 11:41:00,0.2036,0.2039,0.2036,0.2038,206928.2,42157.89286
2026-09-15 11:42:00,0.2038,0.2038,0.2037,0.2038,25790.8,5253.65562
2026-09-15 11:43:00,0.2038,0.2039,0.2038,0.2039,3636.3,741.1996
2026-09-15 11:44:00,0.2039,0.2039,0.2038,0.2039,118415.8,24134.60128
2026-09-15 11:45:00,0.2039,0.2039,0.2037,0.2038,95892.1,19537.10522
2026-09-15 11:46:00,0.2038,0.2038,0.2036,0.2037,25632.1,5221.23528
2026-09-15 11:47:00,0.2037,0.2038,0.2036,0.2037,93719.5,19090.78202
2026-09-15 11:48:00,0.2037,0.2038,0.2036,0.2038,12125.2,2469.88755
2026-09-15 11:49:00,0.2038,0.2038,0.2036,0.2037,20862.7,4249.73126
2026-09-15 11:50:00,0.2036,0.2038,0.2036,0.2038,33779.6,6882.22854
2026-09-15 11:51:00,0.2037,0.204,0.2037,0.204,60378.5,12310.86318
2026-09-15 11:52:00,0.204,0.2041,0.2039,0.2041,52303.6,10670.38316
2026-09-15 11:53:00,0.2041,0.2043,0.2041,0.2041,95320.1,19465.02593
2026-09-15 11:54:00,0.2042,0.2042,0.2041,0.2041,43038.8,8785.56546
2026-09-15 11:55:00,0.204,0.2043,0.204,0.2043,11061.4,2258.57614
2026-09-15 11:56:00,0.2044,0.2044,0.2043,0.2043,5739.1,1172.7969
2026-09-15 11:57:00,0.2044,0.2046,0.2044,0.2045,16213.8,3315.59534
2026-09-15 11:58:00,0.2045,0.2047,0.2045,0.2047,1577.7,322.74214
2026-09-15 11:59:00,0.2047,0.2047,0.2047,0.2047,99.3,20.32671
2026-09-15 12:00:00,0.2046,0.2047,0.2044,0.2046,76572.7,15660.26296
2026-09-15 12:01:00,0.2046,0.2047,0.2045,0.2046,33826.8,6920.5544
2026-09-15 12:02:00,0.2045,0.2045,0.2045,0.2045,8559.7,1750.45865
2026-09-15 12:03:00,0.2045,0.2046,0.2045,0.2045,50464.1,10322.52142
2026-09-15 12:04:00,0.2046,0.2048,0.2046,0.2048,60633.9,12414.95823
2026-09-15 12:05:00,0.2049,0.2049,0.2046,0.2047,262512.5,53742.49839
2026-09-15 12:06:00,0.2047,0.2047,0.2046,0.2046,13475.7,2758.35891
2026-09-15 12:07:00,0.2047,0.2047,0.2047,0.2047,160.5,32.85435
2026-09-15 12:08:00,0.2047,0.2048,0.2047,0.2047,29604.2,6060.01043
2026-09-15 12:09:00,0.2047,0.2047,0.2045,0.2045,27802.7,5689.15384
2026-09-15 12:10:00,0.2046,0.2049,0.2045,0.2048,248709.2,50921.87348
2026-09-15 12:11:00,0.2049,0.2051,0.2049,0.2051,78826.4,16161.4936
2026-09-15 12:12:00,0.2051,0.2052,0.2051,0.2052,9357.2,1919.86612
2026-09-15 12:13:00,0.2052,0.2052,0.205,0.205,44245.3,9078.02949
2026-09-15 12:14:00,0.2051,0.2051,0.205,0.2051,37869.8,7764.85732
2026-09-15 12:15:00,0.2051,0.2051,0.2047,0.2049,315689.7,64674.62184
2026-09-15 12:16:00,0.2049,0.2053,0.2048,0.2053,136799.8,28052.85021
2026-09-15 12:17:00,0.2053,0.2054,0.2052,0.2053,30667.8,6295.97063
2026-09-15 12:18:00,0.2054,0.2054,0.2052,0.2052,15563.9,3194.98296
2026-09-15 12:19:00,0.2053,0.2053,0.2051,0.2053,34691.4,7118.63473
2026-09-15 12:20:00,0.2052,0.2052,0.2049,0.205,43380.0,8897.09307
2026-09-15 12:21:00,0.205,0.2054,0.205,0.2053,306149.6,62821.25511
2026-09-15 12:22:00,0.2053,0.2054,0.2053,0.2054,10281.9,2110.92338
2026-09-15 12:23:00,0.2053,0.2055,0.2053,0.2054,84259.3,17311.70069
2026-09-15 12:24:00,0.2054,0.2054,0.2052,0.2052,14495.3,2976.54662
2026-09-15 12:25:00,0.2053,0.2055,0.2052,0.2055,2926.9,600.97451
2026-09-15 12:26:00,0.2054,0.2056,0.2054,0.2056,17346.6,3564.57095
2026-09-15 12:27:00,0.2055,0.2057,0.2053,0.2054,276769.8,56869.16794
2026-09-15 12:28:00,0.2053,0.2054,0.2052,0.2052,28242.0,5796.03576
2026-09-15 12:29:00,0.2053,0.2055,0.2052,0.2053,186614.1,38315.25893
2026-09-15 12:30:00,0.2054,0.2054,0.2053,0.2054,5642.9,1158.65445
2026-09-15 12:31:00,0.2054,0.2054,0.2051,0.2051,15240.9,3127.69018
2026-09-15 12:32:00,0.2051,0.2051,0.2049,0.2049,11450.6,2346.82606
2026-09-15 12:33:00,0.2049,0.2052,0.2048,0.2052,104965.1,21518.40517
2026-09-15 12:34:00,0.2052,0.2053,0.2052,0.2053,1756.0,360.41209
2026-09-15 12:35:00,0.2054,0.2054,0.2051,0.2052,137784.3,28268.1655
2026-09-15 12:36:00,0.2052,0.2055,0.2052,0.2052,280550.1,57612.17134
2026-09-15 12:37:00,0.2052,0.2053,0.2052,0.2053,6578.2,1350.06592
2026-09-15 12:38:00,0.2053,0.2054,0.2052,0.2053,49094.6,10078.99819
2026-09-15 12:39:00,0.2052,0.2054,0.2052,0.2054,5185.4,1064.62509
2026-09-15 12:40:00,0.2053,0.2053,0.2052,0.2052,12678.4,2602.80962
2026-09-15 12:41:00,0.2052,0.2052,0.2049,0.2049,204521.8,41932.22334
2026-09-15 12:42:00,0.2049,0.2051,0.2048,0.2049,151374.5,31021.11505
2026-09-15 12:43:00,0.2049,0.2049,0.2049,0.2049,0.0,0.0
2026-09-15 12:44:00,0.205,0.2051,0.2049,0.2051,5674.7,1163.50738
2026-09-15 12:45:00,0.2051,0.2051,0.2048,0.2049,43515.8,8918.73551
2026-09-15 12:46:00,0.205,0.205,0.2049,0.205,168865.9,34613.58025
2026-09-15 12:47:00,0.2049,0.2049,0.2048,0.2048,12760.5,2613.58248
2026-09-15 12:48:00,0.2048,0.2051,0.2048,0.2051,88748.4,18186.4383
2026-09-15 12:49:00,0.2051,0.2054,0.2051,0.2052,54047.6,11092.07534
2026-09-15 12:50:00,0.2052,0.2055,0.2052,0.2055,42812.6,8790.01756
2026-09-15 12:51:00,0.2055,0.2057,0.2055,0.2057,30536.3,6279.14911
2026-09-15 12:52:00,0.2058,0.2059,0.2056,0.2059,206808.7,42558.07676
2026-09-15 12:53:00,0.206,0.206,0.2058,0.2059,143203.0,29486.58057
2026-09-15 12:54:00,0.2059,0.2063,0.2059,0.2062,117489.3,24223.76838
2026-09-15 12:55:00,0.2062,0.2062,0.2058,0.206,280612.4,57813.56732
2026-09-15 12:56:00,0.2059,0.206,0.2058,0.2059,11651.0,2399.80083
2026-09-15 12:57:00,0.2058,0.2058,0.2054,0.2054,122858.5,25249.95007
2026-09-15 12:58:00,0.2053,0.2054,0.2052,0.2053,13605.8,2793.95848
2026-09-15 12:59:00,0.2053,0.2056,0.2053,0.2054,19543.2,4013.98901
2026-09-15 13:00:00,0.2054,0.2058,0.2054,0.2058,28403.0,5840.64756
2026-09-15 13:01:00,0.2058,0.2059,0.2058,0.2058,23004.1,4734.35946
2026-09-15 13:02:00,0.2059,0.2061,0.2059,0.206,9015.8,1857.2909
2026-09-15 13:03:00,0.206,0.2061,0.206,0.2061,71031.1,14637.90634
2026-09-15 13:04:00,0.2062,0.2066,0.2062,0.2064,86531.6,17860.86686
2026-09-15 13:05:00,0.2065,0.2072,0.2065,0.2072,237931.7,49223.96553
2026-09-15 13:06:00,0.2073,0.2076,0.2072,0.2073,431133.3,89429.05238
2026-09-15 13:07:00,0.2074,0.2076,0.2066,0.2067,191220.4,39604.1289
2026-09-15 13:08:00,0.2067,0.207,0.2065,0.2068,367747.4,76048.08262
2026-09-15 13:09:00,0.2068,0.2069,0.2067,0.2069,54126.2,11197.85104
2026-09-15 13:10:00,0.207,0.207,0.2067,0.2067,111488.1,23062.49611
2026-09-15 13:11:00,0.2067,0.2068,0.2066,0.2068,75773.2,15663.4134
2026-09-15 13:12:00,0.2068,0.2069,0.2067,0.2068,8461.0,1749.7681
2026-09-15 13:13:00,0.2067,0.2068,0.2064,0.2066,208761.6,43129.33557
2026-09-15 13:14:00,0.2065,0.2066,0.2061,0.2066,260322.6,53712.19523
2026-09-15 13:15:00,0.2067,0.2067,0.2065,0.2065,117251.1,24229.36902
2026-09-15 13:16:00,0.2065,0.2066,0.2065,0.2066,14320.7,2957.28895
2026-09-15 13:17:00,0.2066,0.2066,0.2065,0.2066,7971.2,1646.69478
2026-09-15 13:18:00,0.2066,0.2066,0.2062,0.2062,36585.1,7555.42748
2026-09-15 13:19:00,0.2062,0.2064,0.2062,0.2063,6088.9,1256.02018
2026-09-15 13:20:00,0.2064,0.2064,0.2063,0.2064,23903.9,4933.71709
2026-09-15 13:21:00,0.2064,0.2064,0.2063,0.2063,4263.4,879.80037
2026-09-15 13:22:00,0.2063,0.2063,0.2061,0.2063,48963.5,10100.62831
2026-09-15 13:23:00,0.2062,0.2063,0.2062,0.2063,21756.8,4488.35618
2026-09-15 13:24:00,0.2063,0.2064,0.2063,0.2064,5895.8,1216.50395
2026-09-15 13:25:00,0.2063,0.2065,0.2062,0.2065,6012.5,1240.01223
2026-09-15 13:26:00,0.2065,0.2065,0.2064,0.2064,8806.5,1818.07063
2026-09-15 13:27:00,0.2063,0.2064,0.2062,0.2062,15275.1,3151.15216
2026-09-15 13:28:00,0.2063,0.2065,0.2063,0.2065,24066.0,4966.07881
2026-09-15 13:29:00,0.2065,0.2065,0.2062,0.2062,105727.8,21816.51453
2026-09-15 13:30:00,0.2062,0.2062,0.2056,0.2056,255703.8,52656.35706
2026-09-15 13:31:00,0.2056,0.2059,0.2052,0.2053,214128.8,43990.40147
2026-09-15 13:32:00,0.2053,0.2056,0.205,0.2053,291217.7,59780.9296
2026-09-15 13:33:00,0.2054,0.2057,0.205,0.2056,256182.5,52596.25707
2026-09-15 13:34:00,0.2056,0.2057,0.2055,0.2055,84897.3,17454.22054
2026-09-15 13:35:00,0.2056,0.2056,0.2048,0.2053,239958.4,49219.5898
2026-09-15 13:36:00,0.2053,0.2054,0.2047,0.2048,47206.8,9683.36952
2026-09-15 13:37:00,0.2048,0.2048,0.2044,0.2046,155496.5,31816.10985
2026-09-15 13:38:00,0.2046,0.2046,0.2039,0.204,267325.6,54620.39359
2026-09-15 13:39:00,0.204,0.204,0.2027,0.2036,1297240.9,263556.47543
2026-09-15 13:40:00,0.2037,0.2048,0.2034,0.2046,268073.6,54752.96824
2026-09-15 13:41:00,0.2045,0.2045,0.2041,0.2043,105125.8,21480.64145
2026-09-15 13:42:00,0.2043,0.2044,0.2041,0.2041,67368.1,13757.36404
2026-09-15 13:43:00,0.204,0.2043,0.2039,0.2042,80661.4,16453.96292
2026-09-15 13:44:00,0.2042,0.2047,0.2042,0.2046,103398.1,21143.88598
2026-09-15 13:45:00,0.2046,0.2048,0.2042,0.2042,101653.9,20800.40512
2026-09-15 13:46:00,0.2042,0.2044,0.2041,0.2043,70221.3,14338.07645
2026-09-15 13:47:00,0.2043,0.2045,0.204,0.2043,174848.1,35700.21712
2026-09-15 13:48:00,0.2042,0.2043,0.2041,0.2043,21774.1,4446.46417
2026-09-15 13:49:00,0.2043,0.2045,0.2042,0.2043,90824.5,18560.78081
2026-09-15 13:50:00,0.2042,0.2042,0.2038,0.2038,55717.7,11363.28361
2026-09-15 13:51:00,0.2037,0.204,0.2035,0.2036,182465.7,37193.90669
2026-09-15 13:52:00,0.2036,0.204,0.2035,0.2039,239896.2,48881.20675
2026-09-15 13:53:00,0.2038,0.2042,0.2038,0.2042,107171.7,21862.47548
2026-09-15 13:54:00,0.2042,0.2043,0.204,0.2043,168037.5,34317.22246
2026-09-15 13:55:00,0.2044,0.2047,0.2044,0.2045,101968.8,20854.74589
2026-09-15 13:56:00,0.2046,0.2048,0.2044,0.2048,113448.2,23222.42977
2026-09-15 13:57:00,0.2048,0.2051,0.2048,0.205,34298.3,7030.46861
2026-09-15 13:58:00,0.205,0.2052,0.205,0.205,26267.2,5386.64645
2026-09-15 13:59:00,0.205,0.2054,0.205,0.2053,110351.1,22636.21107
2026-09-15 14:00:00,0.2053,0.2058,0.2053,0.2054,168507.7,34638.64125
2026-09-15 14:01:00,0.2055,0.2055,0.2052,0.2052,57971.8,11897.56562
2026-09-15 14:02:00,0.2051,0.2054,0.205,0.205,38859.3,7973.97993
2026-09-15 14:03:00,0.205,0.2055,0.205,0.2052,148176.9,30421.12507
2026-09-15 14:04:00,0.2053,0.2055,0.2048,0.2048,264609.9,54348.68722
2026-09-15 14:05:00,0.2048,0.2048,0.2044,0.2046,100010.2,20466.16226
2026-09-15 14:06:00,0.2046,0.205,0.2046,0.2047,141270.3,28924.57114
2026-09-15 14:07:00,0.2047,0.2047,0.2045,0.2047,14656.1,2998.61807
2026-09-15 14:08:00,0.2046,0.2049,0.2045,0.2048,50324.2,10299.44961
2026-09-15 14:09:00,0.2049,0.2052,0.2048,0.2052,47771.9,9793.98302
2026-09-15 14:10:00,0.2051,0.2054,0.205,0.2051,42303.0,8679.19588
2026-09-15 14:11:00,0.2051,0.2052,0.2048,0.2049,49888.6,10229.25009
2026-09-15 14:12:00,0.2049,0.2049,0.2048,0.2048,28896.5,5920.85485
2026-09-15 14:13:00,0.2048,0.2048,0.2047,0.2048,26888.2,5506.10933
2026-09-15 14:14:00,0.2048,0.2048,0.2045,0.2046,21587.6,4418.45112
2026-09-15 14:15:00,0.2045,0.2049,0.2045,0.2049,48513.2,9928.38846
2026-09-15 14:16:00,0.2049,0.2049,0.2042,0.2044,23915.0,4891.35874
2026-09-15 14:17:00,0.2043,0.2046,0.2042,0.2046,36761.1,7514.59879
2026-09-15 14:18:00,0.2045,0.2045,0.2044,0.2045,102276.1,20911.51666
2026-09-15 14:19:00,0.2045,0.2049,0.2045,0.2048,100278.9,20531.45374
2026-09-15 14:20:00,0.2048,0.2049,0.2046,0.2048,37590.9,7696.05984
2026-09-15 14:21:00,0.2048,0.205,0.2048,0.205,29601.5,6066.17351
2026-09-15 14:22:00,0.205,0.205,0.2046,0.2047,49921.4,10223.66031
2026-09-15 14:23:00,0.2046,0.2046,0.2042,0.2044,94766.8,19358.9386
2026-09-15 14:24:00,0.2044,0.2048,0.2044,0.2046,22815.4,4668.20057
2026-09-15 14:25:00,0.2046,0.2046,0.2045,0.2045,15732.3,3217.81875
2026-09-15 14:26:00,0.2045,0.2046,0.2045,0.2045,14779.3,3022.47898
2026-09-15 14:27:00,0.2044,0.2046,0.2044,0.2046,28040.0,5733.87854
2026-09-15 14:28:00,0.2045,0.2046,0.2044,0.2045,16310.9,3335.5111
2026-09-15 14:29:00,0.2044,0.2044,0.2038,0.2039,265775.6,54216.89007
2026-09-15 14:30:00,0.2039,0.204,0.2036,0.2037,242963.0,49494.434
2026-09-15 14:31:00,0.2037,0.204,0.2036,0.2038,393147.1,80092.42164
2026-09-15 14:32:00,0.2037,0.2038,0.2034,0.2036,48724.5,9917.14448
2026-09-15 14:33:00,0.2035,0.2036,0.2033,0.2034,148448.2,30191.82933
2026-09-15 14:34:00,0.2034,0.2035,0.2032,0.2033,68131.0,13856.11668
2026-09-15 14:35:00,0.2033,0.2035,0.2028,0.2033,313577.6,63669.8233
2026-09-15 14:36:00,0.2033,0.2033,0.2028,0.2031,95044.4,19295.71584
2026-09-15 14:37:00,0.203,0.2033,0.2029,0.2032,176192.5,35792.17055
2026-09-15 14:38:00,0.2032,0.2032,0.2023,0.2025,512134.1,103721.50473
2026-09-15 14:39:00,0.2024,0.2024,0.2017,0.2022,816718.4,164986.50575
2026-09-15 14:40:00,0.2021,0.2022,0.2012,0.2014,434401.3,87527.43345
2026-09-15 14:41:00,0.2014,0.2014,0.2007,0.201,776516.0,156115.02215
2026-09-15 14:42:00,0.2011,0.2013,0.2004,0.2006,744067.6,149510.15021
2026-09-15 14:43:00,0.2005,0.2008,0.2005,0.2008,446774.2,89640.796
2026-09-15 14:44:00,0.2009,0.201,0.2008,0.2009,373619.6,75063.43156
2026-09-15 14:45:00,0.2009,0.2011,0.2006,0.2007,674624.5,135525.21021
2026-09-15 14:46:00,0.2006,0.2007,0.2,0.2002,814646.2,163064.50574
2026-09-15 14:47:00,0.2001,0.2005,0.2001,0.2004,538145.8,107806.68366
2026-09-15 14:48:00,0.2004,0.2004,0.2,0.2003,471034.2,94269.22369
2026-09-15 14:49:00,0.2002,0.2003,0.2,0.2002,464059.8,92913.31837
2026-09-15 14:50:00,0.2002,0.2002,0.1996,0.1996,1561489.6,312129.67191
2026-09-15 14:51:00,0.1997,0.2,0.1986,0.199,1673216.0,333250.57076
2026-09-15 14:52:00,0.199,0.1992,0.1981,0.1991,2116023.2,420364.89988
2026-09-15 14:53:00,0.1991,0.1996,0.1988,0.1993,981243.0,195297.52224
2026-09-15 14:54:00,0.1993,0.2,0.1993,0.1998,527434.5,105337.60706
2026-09-15 14:55:00,0.1998,0.2001,0.1996,0.1997,205202.5,41014.70885
2026-09-15 14:56:00,0.1997,0.1997,0.1994,0.1996,38828.7,7747.42364
2026-09-15 14:57:00,0.1997,0.2003,0.1997,0.2002,157674.9,31532.49085
2026-09-15 14:58:00,0.2002,0.2003,0.1999,0.2003,313653.0,62755.39489
2026-09-15 14:59:00,0.2002,0.2003,0.2,0.2003,204034.2,40823.00991
2026-09-15 15:00:00,0.2002,0.2009,0.2,0.2,373830.0,74906.99368
2026-09-15 15:01:00,0.2,0.2006,0.1999,0.2006,177674.7,35554.65019
2026-09-15 15:02:00,0.2006,0.2006,0.2002,0.2004,54504.5,10921.02212
2026-09-15 15:03:00,0.2004,0.201,0.2004,0.2009,86026.7,17269.39975
2026-09-15 15:04:00,0.2009,0.2013,0.2009,0.2012,77894.7,15663.8951
2026-09-15 15:05:00,0.2013,0.2015,0.2011,0.2013,148111.1,29832.72314
2026-09-15 15:06:00,0.2013,0.2017,0.2012,0.2016,140940.1,28397.44845
2026-09-15 15:07:00,0.2016,0.2017,0.2015,0.2016,158394.8,31921.37883
2026-09-15 15:08:00,0.2016,0.2017,0.2014,0.2016,71252.2,14357.99684
2026-09-15 15:09:00,0.2016,0.2017,0.2015,0.2015,126650.1,25530.01224
2026-09-15 15:10:00,0.2015,0.2016,0.2013,0.2013,33799.6,6808.692
2026-09-15 15:11:00,0.2013,0.2016,0.2013,0.2015,45776.4,9222.01249
2026-09-15 15:12:00,0.2014,0.2016,0.2012,0.2015,37540.4,7558.03617
2026-09-15 15:13:00,0.2015,0.2015,0.2013,0.2015,31301.7,6305.42273
2026-09-15 15:14:00,0.2016,0.2017,0.2013,0.2016,37077.7,7470.56056
2026-09-15 15:15:00,0.2017,0.2018,0.2015,0.2015,47880.4,9658.91989
2026-09-15 15:16:00,0.2014,0.2018,0.2013,0.2015,70667.1,14241.75052
2026-09-15 15:17:00,0.2016,0.202,0.2016,0.2019,17209.3,3474.47672
2026-09-15 15:18:00,0.2019,0.202,0.2017,0.202,111635.8,22539.79467
2026-09-15 15:19:00,0.202,0.2023,0.2018,0.2019,148523.3,30027.95404
2026-09-15 15:20:00,0.2019,0.202,0.2019,0.202,84200.4,17008.45284
2026-09-15 15:21:00,0.2021,0.2021,0.2019,0.202,21046.0,4252.63159
2026-09-15 15:22:00,0.2019,0.2022,0.2019,0.2019,226439.7,45765.24108
2026-09-15 15:23:00,0.202,0.2023,0.202,0.2021,32474.7,6563.23989
2026-09-15 15:24:00,0.2022,0.2028,0.2022,0.2028,65753.5,13323.16667
2026-09-15 15:25:00,0.2029,0.2034,0.2029,0.2032,46986.7,9542.76994
2026-09-15 15:26:00,0.2032,0.2033,0.2029,0.2029,229911.7,46692.05584
2026-09-15 15:27:00,0.2029,0.2031,0.2028,0.2029,178338.6,36202.23691
2026-09-15 15:28:00,0.203,0.2032,0.2029,0.203,35626.7,7232.64806
2026-09-15 15:29:00,0.2031,0.2031,0.2027,0.2027,56316.5,11426.58662
2026-09-15 15:30:00,0.2028,0.2028,0.2026,0.2026,30279.5,6137.3389
2026-09-15 15:31:00,0.2026,0.2027,0.2022,0.2025,335628.2,67953.7204
2026-09-15 15:32:00,0.2025,0.2025,0.2021,0.2023,64006.1,12942.32381
2026-09-15 15:33:00,0.2022,0.2025,0.2021,0.2025,46823.2,9475.91246
2026-09-15 15:34:00,0.2025,0.2025,0.2022,0.2025,88693.9,17941.38881
2026-09-15 15:35:00,0.2025,0.2025,0.2023,0.2024,544202.5,110185.06034
2026-09-15 15:36:00,0.2023,0.2027,0.2023,0.2026,9015.1,1826.19447
2026-09-15 15:37:00,0.2027,0.2027,0.2018,0.2019,265730.6,53735.53459
2026-09-15 15:38:00,0.2019,0.2023,0.2019,0.202,180785.8,36531.08236
2026-09-15 15:39:00,0.2021,0.2023,0.2021,0.2022,28175.1,5697.23372
2026-09-15 15:40:00,0.2022,0.2022,0.202,0.2021,120042.0,24260.00786
2026-09-15 15:41:00,0.2022,0.2022,0.202,0.202,19937.4,4029.41332
2026-09-15 15:42:00,0.2021,0.2023,0.2019,0.2022,292136.0,59049.69193
2026-09-15 15:43:00,0.2022,0.2026,0.2022,0.2025,151875.7,30724.04957
2026-09-15 15:44:00,0.2024,0.2025,0.2022,0.2022,512933.4,103770.70988
2026-09-15 15:45:00,0.2021,0.2022,0.202,0.2022,39724.6,8030.73565
2026-09-15 15:46:00,0.2022,0.2023,0.2021,0.2023,19789.1,4000.50369
2026-09-15 15:47:00,0.2022,0.2024,0.2021,0.2022,62018.6,12544.96509
2026-09-15 15:48:00,0.2022,0.2025,0.2022,0.2024,39263.4,7944.08746
2026-09-15 15:49:00,0.2023,0.2025,0.2019,0.2021,208638.1,42180.96679
2026-09-15 15:50:00,0.2021,0.2026,0.202,0.2025,357603.5,72328.87254
2026-09-15 15:51:00,0.2025,0.2026,0.2021,0.2021,43449.6,8786.49043
2026-09-15 15:52:00,0.2021,0.2025,0.2021,0.2021,18467.1,3735.28404
2026-09-15 15:53:00,0.2021,0.2023,0.2021,0.2021,14528.9,2938.45796
2026-09-15 15:54:00,0.2021,0.2021,0.2016,0.2017,66481.8,13416.23747
2026-09-15 15:55:00,0.2017,0.2022,0.2016,0.2022,314679.4,63516.44243
2026-09-15 15:56:00,0.2022,0.2022,0.2019,0.2019,38007.3,7680.9462
2026-09-15 15:57:00,0.202,0.2023,0.202,0.2021,21355.4,4318.22768
2026-09-15 15:58:00,0.2022,0.2022,0.2018,0.2019,18134.2,3662.33974
2026-09-15 15:59:00,0.202,0.2021,0.2019,0.202,122951.7,24841.07396
2026-09-15 16:00:00,0.202,0.202,0.2018,0.2019,48081.2,9711.07921
2026-09-15 16:01:00,0.2019,0.2022,0.2019,0.2021,40085.2,8095.53144
2026-09-15 16:02:00,0.2021,0.2021,0.2019,0.202,10827.2,2186.87269
2026-09-15 16:03:00,0.2021,0.2021,0.2018,0.2018,18517.3,3741.4494
2026-09-15 16:04:00,0.2019,0.2019,0.2017,0.2018,22608.6,4562.59655
2026-09-15 16:05:00,0.2019,0.2019,0.2017,0.2017,18664.9,3765.86955
2026-09-15 16:06:00,0.2017,0.2019,0.2017,0.2018,22168.3,4472.41019
2026-09-15 16:07:00,0.2018,0.2018,0.2014,0.2015,79564.9,16034.33402
2026-09-15 16:08:00,0.2015,0.2015,0.2013,0.2014,111726.5,22500.37983
2026-09-15 16:09:00,0.2014,0.2014,0.2011,0.2011,104856.5,21110.97922
2026-09-15 16:10:00,0.2011,0.2015,0.2011,0.2013,32083.0,6456.2531
2026-09-15 16:11:00,0.2013,0.2014,0.2013,0.2014,21570.6,4343.98453
2026-09-15 16:12:00,0.2013,0.2013,0.201,0.201,16284.2,3275.57049
2026-09-15 16:13:00,0.201,0.2012,0.201,0.2012,15508.0,3117.33653
2026-09-15 16:14:00,0.2012,0.2012,0.201,0.2011,34677.4,6970.49205
2026-09-15 16:15:00,0.2011,0.2013,0.2011,0.2013,17985.1,3618.2215
2026-09-15 16:16:00,0.2013,0.2014,0.2013,0.2013,14436.9,2906.88845
2026-09-15 16:17:00,0.2013,0.2016,0.2012,0.2016,43716.4,8802.10725
2026-09-15 16:18:00,0.2015,0.2021,0.2015,0.2021,50821.1,10257.91767
2026-09-15 16:19:00,0.2021,0.2021,0.2017,0.2018,98390.9,19872.96538
2026-09-15 16:20:00,0.2019,0.202,0.2018,0.202,16582.0,3349.44158
2026-09-15 16:21:00,0.202,0.2023,0.202,0.2022,6607.4,1335.76886
2026-09-15 16:22:00,0.2022,0.2025,0.2022,0.2024,133079.4,26915.67736
2026-09-15 16:23:00,0.2024,0.2027,0.2024,0.2025,205709.0,41654.1032
2026-09-15 16:24:00,0.2025,0.2026,0.2022,0.2022,203755.9,41242.54378
2026-09-15 16:25:00,0.2022,0.2023,0.2019,0.2019,13720.3,2772.89622
2026-09-15 16:26:00,0.2019,0.2023,0.2019,0.2023,144140.9,29130.22141
2026-09-15 16:27:00,0.2023,0.2024,0.2022,0.2022,206252.8,41725.56028
2026-09-15 16:28:00,0.2022,0.2023,0.2022,0.2023,50937.6,10299.77613
2026-09-15 16:29:00,0.2024,0.2024,0.2023,0.2023,4816.4,974.5753
2026-09-15 16:30:00,0.2023,0.2024,0.202,0.202,227180.0,45937.89546
2026-09-15 16:31:00,0.2021,0.2022,0.2018,0.202,190429.1,38457.23454
2026-09-15 16:32:00,0.202,0.2021,0.2019,0.2021,47487.2,9592.37358
2026-09-15 16:33:00,0.202,0.2021,0.2019,0.2021,8198.0,1655.94203
2026-09-15 16:34:00,0.202,0.202,0.2017,0.2018,33060.5,6671.60757
2026-09-15 16:35:00,0.2017,0.2019,0.2017,0.2019,47491.7,9584.22376
2026-09-15 16:36:00,0.2018,0.2021,0.2018,0.2019,47935.9,9682.63902
2026-09-15 16:37:00,0.2019,0.2021,0.2018,0.202,7578.7,1530.32073
2026-09-15 16:38:00,0.202,0.2021,0.2018,0.2018,29099.9,5876.73534
2026-09-15 16:39:00,0.2018,0.2018,0.2017,0.2018,11694.9,2359.73888
2026-09-15 16:40:00,0.2018,0.2018,0.2017,0.2018,11176.2,2254.86107
2026-09-15 16:41:00,0.2017,0.2019,0.2016,0.2018,69825.6,14084.30282
2026-09-15 16:42:00,0.2018,0.202,0.2017,0.2019,21073.4,4253.71743
2026-09-15 16:43:00,0.2019,0.2019,0.2019,0.2019,111.5,22.51185
2026-09-15 16:44:00,0.2019,0.202,0.2019,0.2019,9254.2,1868.43214
2026-09-15 16:45:00,0.2019,0.2021,0.2019,0.202,20233.7,4087.24843
2026-09-15 16:46:00,0.2021,0.2023,0.2021,0.2022,29206.8,5905.37206
2026-09-15 16:47:00,0.2022,0.2023,0.2021,0.2021,47699.1,9648.14006
2026-09-15 16:48:00,0.2021,0.2021,0.2017,0.2018,86658.8,17488.80462
2026-09-15 16:49:00,0.2018,0.202,0.2017,0.2019,8881.0,1792.44568
2026-09-15 16:50:00,0.2019,0.2022,0.2019,0.2022,2505.9,506.39653
2026-09-15 16:51:00,0.2022,0.2022,0.2021,0.2022,18171.6,3674.05138
2026-09-15 16:52:00,0.2022,0.2025,0.2022,0.2025,33121.1,6704.43721
2026-09-15 16:53:00,0.2025,0.2027,0.2023,0.2023,12858.7,2604.08924
2026-09-15 16:54:00,0.2024,0.2026,0.2022,0.2026,294079.5,59538.90706
2026-09-15 16:55:00,0.2026,0.2026,0.2024,0.2025,22261.5,4510.02054
2026-09-15 16:56:00,0.2025,0.2026,0.2024,0.2024,26538.2,5373.63582
2026-09-15 16:57:00,0.2023,0.2024,0.2022,0.2023,16509.3,3339.277
2026-09-15 16:58:00,0.2023,0.2023,0.2022,0.2023,13414.9,2712.52666
2026-09-15 16:59:00,0.2022,0.2023,0.2019,0.202,228146.9,46092.51158
2026-09-15 17:00:00,0.202,0.202,0.2018,0.2018,26051.6,5258.62417
2026-09-15 17:01:00,0.2018,0.2021,0.2018,0.2019,61948.6,12510.66802
2026-09-15 17:02:00,0.2019,0.2019,0.2016,0.2016,10908.9,2200.80932
2026-09-15 17:03:00,0.2016,0.2017,0.2014,0.2017,44944.5,9058.28471
2026-09-15 17:04:00,0.2016,0.2016,0.2013,0.2013,24896.0,5015.76737
2026-09-15 17:05:00,0.2013,0.2016,0.2012,0.2014,189759.3,38221.09515
2026-09-15 17:06:00,0.2014,0.2015,0.2014,0.2015,11408.5,2297.68926
2026-09-15 17:07:00,0.2014,0.2015,0.2013,0.2013,18949.7,3816.0082
2026-09-15 17:08:00,0.2013,0.2013,0.2009,0.2011,151739.8,30510.88694
2026-09-15 17:09:00,0.2011,0.2012,0.201,0.2011,18287.2,3677.54406
2026-09-15 17:10:00,0.2011,0.2013,0.2011,0.2013,96712.5,19460.57092
2026-09-15 17:11:00,0.2013,0.2014,0.2011,0.2011,86604.6,17432.564
2026-09-15 17:12:00,0.2012,0.2012,0.201,0.2011,54373.6,10939.37664
2026-09-15 17:13:00,0.2011,0.2012,0.2011,0.2011,35786.4,7196.80919
2026-09-15 17:14:00,0.2012,0.2012,0.201,0.2011,21067.5,4236.70798
2026-09-15 17:15:00,0.2011,0.2011,0.2009,0.2009,22725.9,4568.51332
2026-09-15 17:16:00,0.2009,0.2012,0.2009,0.2011,29236.6,5876.81602
2026-09-15 17:17:00,0.2012,0.2012,0.2011,0.2012,97353.7,19581.28667
2026-09-15 17:18:00,0.2011,0.2012,0.2011,0.2012,44087.6,8869.94097
2026-09-15 17:19:00,0.2011,0.2013,0.2011,0.2012,42152.1,8482.60055
2026-09-15 17:20:00,0.2012,0.2014,0.2012,0.2014,30116.3,6061.85223
2026-09-15 17:21:00,0.2014,0.2014,0.2013,0.2013,7864.5,1583.58904
2026-09-15 17:22:00,0.2013,0.2013,0.2012,0.2012,48656.0,9789.60903
2026-09-15 17:23:00,0.2012,0.2014,0.2012,0.2014,9983.3,2009.94973
2026-09-15 17:24:00,0.2015,0.2015,0.2013,0.2014,5030.1,1013.14706
2026-09-15 17:25:00,0.2013,0.2013,0.2013,0.2013,10104.5,2034.03585
2026-09-15 17:26:00,0.2013,0.2016,0.2013,0.2016,57009.9,11483.76309
2026-09-15 17:27:00,0.2016,0.2018,0.2016,0.2018,28090.3,5666.02128
2026-09-15 17:28:00,0.2017,0.2018,0.2016,0.2016,28517.8,5752.0534
2026-09-15 17:29:00,0.2017,0.2018,0.2016,0.2016,53909.6,10873.59615
2026-09-15 17:30:00,0.2016,0.2018,0.2016,0.2017,10366.6,2090.97117
2026-09-15 17:31:00,0.2017,0.2024,0.2017,0.2024,190162.7,38385.2504
2026-09-15 17:32:00,0.2024,0.2029,0.2024,0.2025,112091.0,22715.0056
2026-09-15 17:33:00,0.2026,0.2033,0.2026,0.2033,48587.2,9861.91394
2026-09-15 17:34:00,0.2033,0.2036,0.2033,0.2034,101040.6,20563.96316
2026-09-15 17:35:00,0.2034,0.2046,0.2034,0.2045,515086.4,105191.02978
2026-09-15 17:36:00,0.2046,0.2046,0.2036,0.2037,222513.1,45439.77978
2026-09-15 17:37:00,0.2037,0.2044,0.2035,0.204,330521.5,67343.98486
2026-09-15 17:38:00,0.204,0.204,0.2033,0.2034,153987.6,31351.46798
2026-09-15 17:39:00,0.2034,0.2034,0.2031,0.2031,24088.9,4896.17666
2026-09-15 17:40:00,0.2031,0.2033,0.2028,0.2033,80891.1,16421.30618
2026-09-15 17:41:00,0.2033,0.2033,0.2031,0.2033,38634.5,7850.73403
2026-09-15 17:42:00,0.2032,0.2032,0.2027,0.2027,20324.5,4122.42484
2026-09-15 17:43:00,0.2026,0.2027,0.2024,0.2025,69659.3,14104.6256
2026-09-15 17:44:00,0.2024,0.2026,0.2024,0.2026,59664.5,12086.09559
2026-09-15 17:45:00,0.2026,0.2029,0.2026,0.2029,74485.7,15092.07247
2026-09-15 17:46:00,0.2029,0.203,0.2028,0.203,13013.8,2640.55915
2026-09-15 17:47:00,0.203,0.2037,0.203,0.2037,269807.3,54910.9262
2026-09-15 17:48:00,0.2038,0.2039,0.2036,0.2039,33321.2,6788.99254
2026-09-15 17:49:00,0.2038,0.204,0.2037,0.2037,89412.8,18218.97184
2026-09-15 17:50:00,0.2037,0.2041,0.2037,0.2041,65414.4,13334.72526
2026-09-15 17:51:00,0.2041,0.2042,0.2038,0.2041,166897.3,34040.95904
2026-09-15 17:52:00,0.2041,0.2042,0.2039,0.2041,82884.9,16908.34067
2026-09-15 17:53:00,0.2041,0.2041,0.204,0.204,10496.3,2142.09507
2026-09-15 17:54:00,0.2041,0.2041,0.2038,0.204,140454.6,28649.9952
2026-09-15 17:55:00,0.2039,0.2039,0.2033,0.2033,53275.5,10844.21064
2026-09-15 17:56:00,0.2034,0.2035,0.2033,0.2035,50119.0,10194.20324
2026-09-15 17:57:00,0.2035,0.2036,0.2033,0.2033,29312.7,5964.39497
2026-09-15 17:58:00,0.2034,0.2034,0.2033,0.2034,8467.0,1721.39534
2026-09-15 17:59:00,0.2034,0.2034,0.2032,0.2033,22917.3,4660.59738
2026-09-15 18:00:00,0.2032,0.2033,0.2027,0.2029,46781.1,9495.79673
2026-09-15 18:01:00,0.2028,0.2032,0.2028,0.2032,337938.2,68651.37883
2026-09-15 18:02:00,0.2033,0.2033,0.2032,0.2033,89754.7,18246.1082
2026-09-15 18:03:00,0.2033,0.2034,0.2031,0.2031,162734.9,33079.88133
2026-09-15 18:04:00,0.2031,0.2031,0.2027,0.2027,83945.1,17024.30751
2026-09-15 18:05:00,0.2027,0.2028,0.2025,0.2028,24247.8,4913.20382
2026-09-15 18:06:00,0.2028,0.2033,0.2028,0.2032,20448.8,4155.36429
2026-09-15 18:07:00,0.2032,0.2033,0.2026,0.2027,224821.8,45622.52995
2026-09-15 18:08:00,0.2027,0.2028,0.2025,0.2027,120624.0,24446.26245
2026-09-15 18:09:00,0.2026,0.2028,0.2026,0.2027,14401.0,2918.82408
2026-09-15 18:10:00,0.2028,0.2029,0.2027,0.2027,11335.7,2298.87432
2026-09-15 18:11:00,0.2027,0.2028,0.2025,0.2026,94734.9,19201.98106
2026-09-15 18:12:00,0.2026,0.2027,0.2025,0.2027,6239.0,1264.15145
2026-09-15 18:13:00,0.2027,0.2029,0.2026,0.2029,255264.0,51743.44411
2026-09-15 18:14:00,0.2029,0.203,0.2026,0.2027,109861.6,22275.18135
2026-09-15 18:15:00,0.2027,0.2029,0.2026,0.2026,62938.3,12760.06979
2026-09-15 18:16:00,0.2027,0.2027,0.2019,0.2019,97017.1,19606.9263
2026-09-15 18:17:00,0.2018,0.202,0.2013,0.2016,188121.4,37927.45433
2026-09-15 18:18:00,0.2016,0.2017,0.2013,0.2016,137902.1,27801.89588
2026-09-15 18:19:00,0.2016,0.2021,0.2015,0.2016,262636.8,52999.5568
2026-09-15 18:20:00,0.2017,0.2019,0.2015,0.2015,35570.2,7172.88922
2026-09-15 18:21:00,0.2016,0.2019,0.2016,0.2018,10621.7,2143.84672
2026-09-15 18:22:00,0.2018,0.2019,0.2016,0.2018,35491.5,7159.35173
2026-09-15 18:23:00,0.2018,0.2018,0.2015,0.2016,17852.6,3599.60438
2026-09-15 18:24:00,0.2015,0.2017,0.2015,0.2015,28933.7,5832.98177
2026-09-15 18:25:00,0.2016,0.2016,0.2012,0.2013,16447.4,3312.68831
2026-09-15 18:26:00,0.2013,0.2016,0.2013,0.2014,57784.5,11640.31724
2026-09-15 18:27:00,0.2014,0.2015,0.2012,0.2014,78843.2,15882.82567
2026-09-15 18:28:00,0.2014,0.2019,0.2013,0.2019,186403.8,37570.77978
2026-09-15 18:29:00,0.2019,0.2037,0.2019,0.2028,826538.4,167811.67091
2026-09-15 18:30:00,0.2027,0.2029,0.2017,0.2021,142637.6,28856.52195
2026-09-15 18:31:00,0.202,0.202,0.2016,0.2019,737692.5,148878.40812
2026-09-15 18:32:00,0.2019,0.202,0.2016,0.2018,589023.4,118874.64215
2026-09-15 18:33:00,0.2017,0.2017,0.2003,0.2006,559192.2,112333.72461
2026-09-15 18:34:00,0.2006,0.202,0.2006,0.2018,552381.9,111409.77708
2026-09-15 18:35:00,0.2018,0.2019,0.2015,0.2016,64366.1,12976.13115
2026-09-15 18:36:00,0.2015,0.2015,0.2006,0.2006,530102.6,106436.29252
2026-09-15 18:37:00,0.2005,0.2005,0.1983,0.1998,4273740.1,852947.1785
2026-09-15 18:38:00,0.1998,0.2005,0.1991,0.1996,901009.1,179852.0133
2026-09-15 18:39:00,0.1998,0.1999,0.1995,0.1997,221463.2,44227.45683
2026-09-15 18:40:00,0.1997,0.1997,0.1984,0.1987,1134300.2,225701.05445
2026-09-15 18:41:00,0.1987,0.1989,0.1974,0.1984,4788709.7,948153.45867
2026-09-15 18:42:00,0.1985,0.1986,0.1966,0.1974,2284983.9,451477.99799
2026-09-15 18:43:00,0.1973,0.1981,0.197,0.1981,1040952.3,205680.29152
2026-09-15 18:44:00,0.198,0.198,0.197,0.1971,854463.4,168668.88418
2026-09-15 18:45:00,0.1971,0.1973,0.195,0.1955,3644050.6,713681.80541
2026-09-15 18:46:00,0.1956,0.1961,0.1948,0.1953,1531597.9,299145.69806
2026-09-15 18:47:00,0.1953,0.1961,0.1948,0.1953,1546257.0,301912.55649
2026-09-15 18:48:00,0.1952,0.1952,0.194,0.1942,907696.7,176609.63904
2026-09-15 18:49:00,0.1942,0.1942,0.193,0.1933,1127621.2,218270.19875
2026-09-15 18:50:00,0.1932,0.1946,0.193,0.1941,1104917.3,213848.80851
2026-09-15 18:51:00,0.1942,0.1953,0.1938,0.195,677847.9,131927.84958
2026-09-15 18:52:00,0.1951,0.1964,0.1951,0.1962,841907.0,164865.16851
2026-09-15 18:53:00,0.1963,0.1973,0.1963,0.1972,563701.2,110887.60685
2026-09-15 18:54:00,0.1973,0.1983,0.197,0.1982,385032.2,76041.53487
2026-09-15 18:55:00,0.1982,0.1991,0.1979,0.1989,604811.5,120111.97619
2026-09-15 18:56:00,0.199,0.1993,0.1983,0.1984,459170.2,91248.91013
2026-09-15 18:57:00,0.1984,0.1989,0.1982,0.1985,359666.9,71371.08887
2026-09-15 18:58:00,0.1984,0.1988,0.1984,0.1986,252815.5,50180.65522
2026-09-15 18:59:00,0.1986,0.1987,0.1982,0.1986,215744.7,42815.93207
2026-09-15 19:00:00,0.1986,0.1987,0.1977,0.1984,490152.9,97088.0858
2026-09-15 19:01:00,0.1985,0.1989,0.1976,0.1976,360303.5,71313.24194
2026-09-15 19:02:00,0.1976,0.1984,0.1973,0.1984,158589.9,31404.06327
2026-09-15 19:03:00,0.1985,0.1995,0.1985,0.1988,387885.0,77192.59779
2026-09-15 19:04:00,0.1988,0.1996,0.1988,0.1989,299539.4,59645.84955
2026-09-15 19:05:00,0.1989,0.1992,0.1983,0.1984,226096.1,44889.6904
2026-09-15 19:06:00,0.1984,0.199,0.1983,0.1988,115342.8,22919.94795
2026-09-15 19:07:00,0.1988,0.1989,0.1981,0.1982,163387.5,32457.36618
2026-09-15 19:08:00,0.1983,0.1988,0.198,0.1985,148453.3,29444.86731
2026-09-15 19:09:00,0.1985,0.1991,0.1984,0.1988,136354.0,27115.93378
2026-09-15 19:10:00,0.1988,0.1993,0.1987,0.1991,343904.2,68440.64092
2026-09-15 19:11:00,0.1991,0.1991,0.1986,0.1989,58142.2,11559.32706
2026-09-15 19:12:00,0.1989,0.1989,0.1983,0.1986,472607.4,93853.81142
2026-09-15 19:13:00,0.1985,0.1985,0.1981,0.1981,182451.6,36169.08007
2026-09-15 19:14:00,0.198,0.198,0.1975,0.1978,508052.2,100494.92852
2026-09-15 19:15:00,0.1978,0.1984,0.1978,0.1979,252763.3,50067.71564
2026-09-15 19:16:00,0.1979,0.1988,0.1976,0.1985,390926.5,77489.25388
2026-09-15 19:17:00,0.1985,0.1993,0.1985,0.1991,83395.9,16593.15775
2026-09-15 19:18:00,0.1992,0.1993,0.1986,0.1988,360609.2,71762.00171
2026-09-15 19:19:00,0.1988,0.1994,0.1985,0.1985,279626.2,55647.02785
2026-09-15 19:20:00,0.1986,0.1987,0.1981,0.1981,91495.0,18151.83877
2026-09-15 19:21:00,0.1982,0.1986,0.1981,0.1982,251477.7,49883.86095
2026-09-15 19:22:00,0.1982,0.1985,0.1981,0.1985,312701.0,61983.94786
2026-09-15 19:23:00,0.1985,0.199,0.1983,0.1984,288175.9,57243.63452
2026-09-15 19:24:00,0.1985,0.1985,0.1981,0.1982,75532.3,14977.23117
2026-09-15 19:25:00,0.1982,0.1984,0.1979,0.1982,331264.8,65643.57584
2026-09-15 19:26:00,0.1981,0.1983,0.1978,0.1979,318361.9,63036.34168
2026-09-15 19:27:00,0.1979,0.1982,0.1978,0.198,393626.6,77945.63526
2026-09-15 19:28:00,0.198,0.1982,0.1977,0.1977,25433.3,5037.55419
2026-09-15 19:29:00,0.1977,0.1978,0.1974,0.1975,167637.5,33110.04038
2026-09-15 19:30:00,0.1975,0.198,0.1973,0.1975,114761.7,22679.92821
2026-09-15 19:31:00,0.1975,0.1981,0.1975,0.1976,474963.4,93947.89707
2026-09-15 19:32:00,0.1977,0.1977,0.1973,0.1973,135601.4,26795.55317
2026-09-15 19:33:00,0.1973,0.198,0.197,0.1977,705017.6,139191.07461
2026-09-15 19:34:00,0.1977,0.1978,0.1972,0.1972,240109.3,47398.29833
2026-09-15 19:35:00,0.1973,0.1973,0.1971,0.1972,101515.0,20013.84972
2026-09-15 19:36:00,0.1973,0.1975,0.1971,0.1975,157522.1,31056.53418
2026-09-15 19:37:00,0.1974,0.1974,0.197,0.197,15430.3,3044.2366
2026-09-15 19:38:00,0.197,0.1976,0.1969,0.1976,119513.2,23559.70946
2026-09-15 19:39:00,0.1977,0.1977,0.1974,0.1976,60741.7,12001.555
2026-09-15 19:40:00,0.1976,0.1979,0.1976,0.1979,31865.1,6304.17059
2026-09-15 19:41:00,0.1978,0.1979,0.1971,0.1971,745119.6,147191.8134
2026-09-15 19:42:00,0.1971,0.1972,0.1969,0.1969,166271.6,32754.55842
2026-09-15 19:43:00,0.1969,0.197,0.1968,0.1968,165912.5,32667.17732
2026-09-15 19:44:00,0.1968,0.197,0.1967,0.1968,178737.4,35180.24649
2026-09-15 19:45:00,0.1968,0.1974,0.1967,0.1972,139463.2,27474.57854
2026-09-15 19:46:00,0.1972,0.1973,0.1972,0.1972,55489.7,10946.06859
2026-09-15 19:47:00,0.1973,0.1975,0.1973,0.1973,38254.1,7550.88841
2026-09-15 19:48:00,0.1973,0.1975,0.1973,0.1973,86359.1,17047.31801
2026-09-15 19:49:00,0.1974,0.1975,0.1972,0.1973,36338.2,7170.97988
2026-09-15 19:50:00,0.1974,0.1976,0.1973,0.1973,256143.1,50574.72273
2026-09-15 19:51:00,0.1974,0.1975,0.1973,0.1974,9768.6,1928.34255
2026-09-15 19:52:00,0.1974,0.1975,0.1972,0.1972,23674.3,4672.66258
2026-09-15 19:53:00,0.1972,0.1981,0.1971,0.1979,1566757.6,309642.55739
2026-09-15 19:54:00,0.1979,0.1981,0.1979,0.198,146413.1,28987.20514
2026-09-15 19:55:00,0.198,0.1981,0.1975,0.1975,208431.4,41253.6289
2026-09-15 19:56:00,0.1975,0.198,0.1974,0.198,77474.6,15321.64835
2026-09-15 19:57:00,0.198,0.1982,0.198,0.1981,97670.3,19351.81578
2026-09-15 19:58:00,0.1981,0.1983,0.198,0.198,161297.0,31954.30264
2026-09-15 19:59:00,0.198,0.1982,0.1978,0.1982,348354.2,69002.53686
2026-09-15 20:00:00,0.1981,0.1987,0.1981,0.1987,252300.1,50081.00768
2026-09-15 20:01:00,0.1987,0.1987,0.1984,0.1985,102796.9,20404.67031
2026-09-15 20:02:00,0.1984,0.1984,0.1981,0.1982,28199.7,5594.12451
2026-09-15 20:03:00,0.1981,0.1981,0.1976,0.1977,46253.4,9148.39245
2026-09-15 20:04:00,0.1977,0.1977,0.1973,0.1974,43201.2,8530.04308
2026-09-15 20:05:00,0.1974,0.1974,0.1971,0.1972,97335.4,19201.72874
2026-09-15 20:06:00,0.1971,0.1971,0.1968,0.1969,40466.0,7969.28292
2026-09-15 20:07:00,0.1969,0.197,0.1966,0.1968,203148.3,39974.64017
2026-09-15 20:08:00,0.1968,0.197,0.1965,0.1965,65908.6,12975.96385
2026-09-15 20:09:00,0.1966,0.1966,0.1965,0.1965,3570.2,701.57298
2026-09-15 20:10:00,0.1965,0.1973,0.1964,0.1971,423639.2,83257.75726
2026-09-15 20:11:00,0.1971,0.1973,0.1968,0.1969,30852.6,6074.60483
2026-09-15 20:12:00,0.1969,0.1972,0.1969,0.1969,405997.2,80019.36165
2026-09-15 20:13:00,0.1969,0.197,0.1969,0.1969,17982.0,3541.72293
2026-09-15 20:14:00,0.197,0.1973,0.197,0.1973,348295.2,68670.31133
2026-09-15 20:15:00,0.1973,0.1973,0.197,0.1972,113527.9,22367.23454
2026-09-15 20:16:00,0.1971,0.1974,0.1971,0.1972,177282.7,34966.32619
2026-09-15 20:17:00,0.1972,0.1973,0.197,0.1971,5342.9,1053.06527
2026-09-15 20:18:00,0.1971,0.1971,0.1967,0.1967,31842.6,6264.80529
2026-09-15 20:19:00,0.1967,0.197,0.1965,0.1966,306017.5,60225.56617
2026-09-15 20:20:00,0.1967,0.1969,0.1965,0.1966,89598.7,17628.5908
2026-09-15 20:21:00,0.1966,0.1966,0.1958,0.1958,315367.0,61803.28954
2026-09-15 20:22:00,0.1958,0.1963,0.1958,0.1963,133452.1,26164.55448
2026-09-15 20:23:00,0.1963,0.1963,0.1961,0.1963,96748.5,18984.18107
2026-09-15 20:24:00,0.1964,0.1966,0.1964,0.1966,66730.3,13116.60667
2026-09-15 20:25:00,0.1967,0.1968,0.1963,0.1964,499319.7,98151.18961
2026-09-15 20:26:00,0.1964,0.1964,0.196,0.196,103052.0,20221.36574
2026-09-15 20:27:00,0.196,0.196,0.1957,0.1957,264717.7,51819.19231
2026-09-15 20:28:00,0.1957,0.1958,0.1956,0.1958,69991.7,13695.4919
2026-09-15 20:29:00,0.1957,0.1958,0.1952,0.1953,143604.1,28058.69554
2026-09-15 20:30:00,0.1953,0.1958,0.1952,0.1956,477974.4,93414.51468
2026-09-15 20:31:00,0.1956,0.1962,0.1955,0.1955,1028524.6,201387.96722
2026-09-15 20:32:00,0.1957,0.1957,0.1951,0.1951,213624.6,41710.71261
2026-09-15 20:33:00,0.1951,0.1952,0.1949,0.195,403486.3,78678.26341
2026-09-15 20:34:00,0.195,0.1952,0.195,0.1952,114831.8,22401.56507
2026-09-15 20:35:00,0.1953,0.1956,0.1952,0.1956,29205.9,5704.87249
2026-09-15 20:36:00,0.1956,0.1959,0.1955,0.1959,19892.9,3894.00774
2026-09-15 20:37:00,0.1959,0.1963,0.1959,0.196,262220.4,51397.05388
2026-09-15 20:38:00,0.1961,0.1965,0.196,0.196,503882.7,98878.91934
2026-09-15 20:39:00,0.196,0.196,0.1956,0.1956,129384.8,25325.6173
2026-09-15 20:40:00,0.1956,0.1961,0.1956,0.196,70337.8,13781.876
2026-09-15 20:41:00,0.196,0.1961,0.1958,0.1958,10294.6,2016.42109
2026-09-15 20:42:00,0.1958,0.1959,0.1956,0.1956,15983.8,3128.94442
2026-09-15 20:43:00,0.1957,0.1959,0.1957,0.1957,31002.8,6069.91127
2026-09-15 20:44:00,0.1957,0.1961,0.1957,0.1961,38092.3,7460.94525
2026-09-15 20:45:00,0.1961,0.1964,0.1961,0.1963,333208.8,65383.32948
2026-09-15 20:46:00,0.1963,0.1965,0.1961,0.1963,152727.9,29973.59266
2026-09-15 20:47:00,0.1964,0.1968,0.1964,0.1964,185870.2,36544.89511
2026-09-15 20:48:00,0.1964,0.1966,0.1964,0.1964,86356.0,16974.36821
2026-09-15 20:49:00,0.1965,0.1973,0.1965,0.1973,313464.9,61699.83032
2026-09-15 20:50:00,0.1973,0.1973,0.1969,0.1971,103832.4,20457.26693
2026-09-15 20:51:00,0.197,0.197,0.1966,0.1968,11423.1,2247.07086
2026-09-15 20:52:00,0.1967,0.1968,0.1965,0.1965,21057.2,4140.17738
2026-09-15 20:53:00,0.1966,0.1967,0.1966,0.1967,31837.6,6259.27652
2026-09-15 20:54:00,0.1967,0.1971,0.1967,0.197,107322.5,21135.8774
2026-09-15 20:55:00,0.1971,0.1973,0.197,0.1972,13988.2,2757.02241
2026-09-15 20:56:00,0.1972,0.1972,0.1968,0.1968,101832.2,20061.03697
2026-09-15 20:57:00,0.1969,0.1969,0.1969,0.1969,3626.5,714.05785
2026-09-15 20:58:00,0.1968,0.1969,0.1967,0.1968,28371.4,5582.97148
2026-09-15 20:59:00,0.1969,0.197,0.1968,0.1968,81479.2,16043.42234
2026-09-15 21:00:00,0.1968,0.1969,0.1965,0.1965,114148.6,22459.73823
2026-09-15 21:01:00,0.1964,0.1966,0.1959,0.196,137601.5,27001.51217
2026-09-15 21:02:00,0.196,0.1962,0.1958,0.1962,157365.5,30846.49542
2026-09-15 21:03:00,0.1962,0.1964,0.1962,0.1964,58836.1,11550.64233
2026-09-15 21:04:00,0.1963,0.1963,0.196,0.1961,68422.3,13417.19327
2026-09-15 21:05:00,0.1961,0.1965,0.1961,0.1962,271511.5,53302.17094
2026-09-15 21:06:00,0.1962,0.1962,0.196,0.196,27597.6,5411.96704
2026-09-15 21:07:00,0.196,0.1961,0.1957,0.1958,88514.2,17332.03351
2026-09-15 21:08:00,0.1959,0.196,0.1958,0.196,40769.7,7986.79633
2026-09-15 21:09:00,0.1961,0.1961,0.196,0.1961,19664.4,3854.83651
2026-09-15 21:10:00,0.196,0.1961,0.1959,0.1961,17785.4,3485.56121
2026-09-15 21:11:00,0.1962,0.1966,0.1962,0.1965,40818.3,8014.57042
2026-09-15 21:12:00,0.1966,0.1966,0.1965,0.1966,33675.9,6618.62404
2026-09-15 21:13:00,0.1966,0.1972,0.1966,0.1972,30989.6,6103.64449
2026-09-15 21:14:00,0.1972,0.1972,0.1964,0.1965,177693.2,34922.02776
2026-09-15 21:15:00,0.1965,0.1965,0.1963,0.1963,11061.1,2171.869
2026-09-15 21:16:00,0.1963,0.1966,0.1961,0.1964,504641.4,99060.86932
2026-09-15 21:17:00,0.1964,0.1967,0.1964,0.1967,39319.2,7732.43812
2026-09-15 21:18:00,0.1967,0.1967,0.1965,0.1965,72324.8,14219.73608
2026-09-15 21:19:00,0.1965,0.1968,0.1965,0.1968,7033.7,1383.48211
2026-09-15 21:20:00,0.1968,0.1968,0.1967,0.1967,10214.6,2009.39147
2026-09-15 21:21:00,0.1967,0.1967,0.1961,0.1962,358510.4,70387.36673
2026-09-15 21:22:00,0.1962,0.1962,0.1958,0.1959,34849.4,6830.14811
2026-09-15 21:23:00,0.1958,0.196,0.1957,0.196,240623.7,47095.67514
2026-09-15 21:24:00,0.196,0.1961,0.196,0.196,948.4,185.94511
2026-09-15 21:25:00,0.1959,0.196,0.1957,0.1959,177149.4,34687.95874
2026-09-15 21:26:00,0.1959,0.1962,0.1958,0.1958,536566.9,105150.63665
2026-09-15 21:27:00,0.1958,0.1958,0.1955,0.1955,55275.2,10816.64585
2026-09-15 21:28:00,0.1955,0.1955,0.1951,0.1951,485939.5,94958.71795
2026-09-15 21:29:00,0.1951,0.1955,0.195,0.1955,255159.0,49805.10976
2026-09-15 21:30:00,0.1954,0.1955,0.1953,0.1954,40119.0,7839.60866
2026-09-15 21:31:00,0.1953,0.1955,0.1953,0.1955,12392.7,2421.55397
2026-09-15 21:32:00,0.1955,0.1958,0.1954,0.1957,17810.8,3482.82
2026-09-15 21:33:00,0.1958,0.1958,0.1957,0.1958,12783.4,2502.90074
2026-09-15 21:34:00,0.1959,0.1959,0.1952,0.1954,768203.5,150156.88646
2026-09-15 21:35:00,0.1953,0.1955,0.1952,0.1954,110605.8,21602.36906
2026-09-15 21:36:00,0.1954,0.1954,0.195,0.1952,97298.3,18992.64806
2026-09-15 21:37:00,0.1953,0.1959,0.1953,0.1958,323824.3,63369.77406
2026-09-15 21:38:00,0.1957,0.1959,0.1955,0.1957,86109.6,16849.71035
2026-09-15 21:39:00,0.1956,0.1959,0.1956,0.1958,108887.1,21315.86897
2026-09-15 21:40:00,0.1958,0.196,0.1958,0.1959,202839.6,39743.61095
2026-09-15 21:41:00,0.196,0.1961,0.1958,0.1961,99319.1,19462.81932
2026-09-15 21:42:00,0.196,0.1961,0.1958,0.1958,52864.2,10355.34737
2026-09-15 21:43:00,0.1959,0.196,0.1957,0.1958,137970.2,27021.89998
2026-09-15 21:44:00,0.1959,0.1959,0.1958,0.1959,16779.1,3287.02018
2026-09-15 21:45:00,0.1959,0.1959,0.1959,0.1959,89225.5,17479.27545
2026-09-15 21:46:00,0.1959,0.1959,0.1954,0.1955,129392.3,25342.41052
2026-09-15 21:47:00,0.1954,0.1956,0.1953,0.1956,115380.6,22538.68166
2026-09-15 21:48:00,0.1955,0.1957,0.1954,0.1955,10224.8,1999.86194
2026-09-15 21:49:00,0.1954,0.1954,0.1951,0.1952,58366.6,11398.78692
2026-09-15 21:50:00,0.1951,0.1953,0.1951,0.1952,13122.9,2561.7932
2026-09-15 21:51:00,0.1952,0.1952,0.1947,0.195,234203.7,45644.6061
2026-09-15 21:52:00,0.1949,0.1949,0.1946,0.1948,383805.2,74715.65804
2026-09-15 21:53:00,0.1948,0.195,0.1948,0.1949,52393.6,10212.45267
2026-09-15 21:54:00,0.1949,0.1949,0.1948,0.1948,18716.2,3647.4977
2026-09-15 21:55:00,0.1948,0.1948,0.1943,0.1945,176974.1,34421.08932
2026-09-15 21:56:00,0.1946,0.1946,0.1945,0.1945,9160.2,1781.67728
2026-09-15 21:57:00,0.1945,0.1946,0.1943,0.1945,64810.2,12603.731
2026-09-15 21:58:00,0.1945,0.1947,0.1941,0.1941,696828.9,135660.1169
2026-09-15 21:59:00,0.1941,0.1945,0.1939,0.1943,192548.7,37400.63928
2026-09-15 22:00:00,0.1942,0.1947,0.1939,0.1943,289782.3,56316.62259
2026-09-15 22:01:00,0.1943,0.1943,0.1941,0.1942,78255.4,15191.55229
2026-09-15 22:02:00,0.1943,0.1953,0.1943,0.1952,333933.7,65117.7316
2026-09-15 22:03:00,0.1952,0.1954,0.1949,0.1949,38659.8,7549.89387
2026-09-15 22:04:00,0.1949,0.1949,0.1947,0.1947,145210.3,28295.08484
2026-09-15 22:05:00,0.1947,0.1947,0.1944,0.1944,36170.1,7035.62436
2026-09-15 22:06:00,0.1945,0.1946,0.1942,0.1944,89010.5,17297.38263
2026-09-15 22:07:00,0.1944,0.1945,0.1943,0.1944,60268.3,11719.98348
2026-09-15 22:08:00,0.1945,0.1946,0.1943,0.1943,29168.8,5673.04216
2026-09-15 22:09:00,0.1942,0.1943,0.1941,0.1943,103674.7,20137.53042
2026-09-15 22:10:00,0.1942,0.1946,0.1941,0.1945,133038.7,25852.33623
2026-09-15 22:11:00,0.1946,0.1947,0.1942,0.1945,109771.2,21352.10321
2026-09-15 22:12:00,0.1945,0.1945,0.1941,0.1943,10897.8,2116.94718
2026-09-15 22:13:00,0.1943,0.1944,0.1942,0.1943,39637.7,7702.65109
2026-09-15 22:14:00,0.1943,0.1946,0.1942,0.1944,159684.7,31043.13353
2026-09-15 22:15:00,0.1945,0.1945,0.1941,0.1941,29877.4,5810.32816
2026-09-15 22:16:00,0.1941,0.1942,0.1939,0.194,142255.8,27609.25228
2026-09-15 22:17:00,0.194,0.1941,0.1938,0.1941,152883.6,29641.64019
2026-09-15 22:18:00,0.194,0.194,0.1936,0.1936,191667.4,37133.12471
2026-09-15 22:19:00,0.1936,0.1939,0.1936,0.1937,221892.3,42981.64262
2026-09-15 22:20:00,0.1938,0.194,0.1937,0.1937,257614.2,49946.70858
2026-09-15 22:21:00,0.1937,0.1939,0.1936,0.1938,301033.7,58307.60096
2026-09-15 22:22:00,0.1938,0.194,0.1938,0.1939,285322.2,55331.07437
2026-09-15 22:23:00,0.1939,0.194,0.1935,0.1937,206848.2,40076.34168
2026-09-15 22:24:00,0.1938,0.194,0.1938,0.1938,193609.2,37544.21631
2026-09-15 22:25:00,0.1938,0.1945,0.1938,0.1944,408426.3,79302.80529
2026-09-15 22:26:00,0.1944,0.1949,0.1944,0.1949,307623.7,59887.59394
2026-09-15 22:27:00,0.1949,0.1951,0.1948,0.195,123222.3,24016.86278
2026-09-15 22:28:00,0.1949,0.195,0.1946,0.1948,174959.5,34076.5688
2026-09-15 22:29:00,0.1948,0.1951,0.1946,0.1946,326147.6,63568.44704
2026-09-15 22:30:00,0.1946,0.195,0.1946,0.195,156184.6,30424.47113
2026-09-15 22:31:00,0.195,0.1953,0.1948,0.1951,309353.9,60336.68854
2026-09-15 22:32:00,0.1951,0.1951,0.1949,0.195,30940.8,6032.22662
2026-09-15 22:33:00,0.195,0.1953,0.1946,0.1951,452204.1,88176.53785
2026-09-15 22:34:00,0.1951,0.1953,0.195,0.1953,170494.1,33271.94822
2026-09-15 22:35:00,0.1952,0.1952,0.1949,0.1949,63514.7,12390.62593
2026-09-15 22:36:00,0.1949,0.195,0.1947,0.1949,187201.7,36479.75416
2026-09-15 22:37:00,0.1949,0.1952,0.1948,0.1952,109943.3,21444.27508
2026-09-15 22:38:00,0.1951,0.1953,0.195,0.1952,210722.1,41130.14496
2026-09-15 22:39:00,0.1952,0.1953,0.1948,0.195,321252.0,62666.11945
2026-09-15 22:40:00,0.195,0.195,0.1947,0.1947,122298.3,23830.35409
2026-09-15 22:41:00,0.1947,0.195,0.1947,0.1948,48429.8,9437.2511
2026-09-15 22:42:00,0.1949,0.195,0.1947,0.1947,77209.7,15045.19064
2026-09-15 22:43:00,0.1948,0.1949,0.1947,0.1948,52626.2,10252.3292
2026-09-15 22:44:00,0.1948,0.195,0.1948,0.1948,157540.5,30689.17389
2026-09-15 22:45:00,0.1947,0.195,0.1946,0.195,168580.1,32833.39261
2026-09-15 22:46:00,0.195,0.1952,0.195,0.1952,80607.4,15731.27681
2026-09-15 22:47:00,0.1953,0.1954,0.195,0.1953,58716.5,11463.85728
2026-09-15 22:48:00,0.1952,0.1955,0.1951,0.1954,87885.2,17172.50927
2026-09-15 22:49:00,0.1954,0.1954,0.1953,0.1953,110950.6,21676.21541
2026-09-15 22:50:00,0.1953,0.1955,0.1953,0.1955,43878.0,8573.72233
2026-09-15 22:51:00,0.1954,0.1957,0.1954,0.1956,56494.2,11050.92967
2026-09-15 22:52:00,0.1956,0.1958,0.1955,0.1955,80187.7,15685.72204
2026-09-15 22:53:00,0.1956,0.1957,0.1955,0.1955,35069.1,6858.98297
2026-09-15 22:54:00,0.1956,0.1957,0.1955,0.1956,6544.2,1280.0915
2026-09-15 22:55:00,0.1956,0.1956,0.1955,0.1956,21156.8,4137.78022
2026-09-15 22:56:00,0.1955,0.1955,0.1953,0.1954,105802.4,20674.25206
2026-09-15 22:57:00,0.1955,0.1957,0.1954,0.1956,131008.0,25617.96134
2026-09-15 22:58:00,0.1956,0.1957,0.1954,0.1954,61748.3,12069.4687
2026-09-15 22:59:00,0.1954,0.1954,0.1952,0.1953,79265.3,15476.69452
2026-09-15 23:00:00,0.1953,0.1956,0.1952,0.1955,17174.1,3354.96158
2026-09-15 23:01:00,0.1956,0.1956,0.1954,0.1956,46065.7,9008.36915
2026-09-15 23:02:00,0.1956,0.1956,0.1954,0.1956,74011.6,14463.50622
2026-09-15 23:03:00,0.1956,0.1957,0.1956,0.1957,16732.5,3273.06354
2026-09-15 23:04:00,0.1957,0.1958,0.1957,0.1957,16330.6,3195.90169
2026-09-15 23:05:00,0.1957,0.1959,0.1956,0.1958,27340.0,5351.33306
2026-09-15 23:06:00,0.1958,0.1959,0.1958,0.1959,19374.5,3794.96686
2026-09-15 23:07:00,0.1958,0.1959,0.1957,0.1958,13958.7,2733.30073
2026-09-15 23:08:00,0.1958,0.196,0.1958,0.196,4994.0,978.32158
2026-09-15 23:09:00,0.1959,0.1962,0.1958,0.1961,173808.8,34080.61814
2026-09-15 23:10:00,0.196,0.1962,0.196,0.1962,31730.9,6224.12361
2026-09-15 23:11:00,0.1962,0.1966,0.1962,0.1966,63768.8,12525.83273
2026-09-15 23:12:00,0.1965,0.1967,0.1965,0.1965,64589.7,12694.6392
2026-09-15 23:13:00,0.1966,0.1968,0.1966,0.1967,56166.5,11045.79448
2026-09-15 23:14:00,0.1967,0.1969,0.1967,0.1969,20938.1,4120.69172
2026-09-15 23:15:00,0.1969,0.197,0.1968,0.1969,55572.3,10943.3609
2026-09-15 23:16:00,0.1969,0.1969,0.1967,0.1968,93934.9,18481.03489
2026-09-15 23:17:00,0.1969,0.1969,0.1966,0.1968,64989.5,12787.12293
2026-09-15 23:18:00,0.1968,0.1969,0.1967,0.1968,57279.9,11272.88388
2026-09-15 23:19:00,0.1969,0.197,0.1969,0.197,11800.9,2324.75105
2026-09-15 23:20:00,0.1969,0.1969,0.1968,0.1969,7419.0,1460.59556
2026-09-15 23:21:00,0.1969,0.1969,0.1967,0.1967,2166.1,426.1337
2026-09-15 23:22:00,0.1968,0.197,0.1967,0.1967,266901.8,52556.70235
2026-09-15 23:23:00,0.1967,0.1968,0.1967,0.1968,27565.4,5422.24565
2026-09-15 23:24:00,0.1968,0.1968,0.1966,0.1967,9541.8,1876.78834
2026-09-15 23:25:00,0.1967,0.1968,0.1965,0.1966,83032.0,16325.66934
2026-09-15 23:26:00,0.1966,0.1966,0.1965,0.1965,56823.8,11167.5665
2026-09-15 23:27:00,0.1966,0.1966,0.1962,0.1964,63959.3,12557.64306
2026-09-15 23:28:00,0.1963,0.1967,0.1963,0.1966,235937.2,46371.24682
2026-09-15 23:29:00,0.1965,0.1965,0.1963,0.1964,65763.0,12916.5838
2026-09-15 23:30:00,0.1964,0.1964,0.1957,0.1958,126051.8,24725.6451
2026-09-15 23:31:00,0.1959,0.1959,0.1958,0.1958,29531.9,5784.50422
2026-09-15 23:32:00,0.1958,0.1958,0.1955,0.1957,179223.5,35050.98577
2026-09-15 23:33:00,0.1958,0.1961,0.1958,0.196,75164.1,14730.42664
2026-09-15 23:34:00,0.1961,0.1965,0.196,0.196,690246.4,135531.3576
2026-09-15 23:35:00,0.196,0.1961,0.1959,0.1961,146406.3,28695.77879
2026-09-15 23:36:00,0.196,0.196,0.1957,0.1958,64138.6,12564.12386
2026-09-15 23:37:00,0.1957,0.1957,0.1955,0.1956,5911.3,1156.43004
2026-09-15 23:38:00,0.1956,0.1956,0.1954,0.1955,29953.1,5855.828
2026-09-15 23:39:00,0.1954,0.1955,0.1954,0.1954,98750.8,19302.7418
2026-09-15 23:40:00,0.1954,0.1958,0.1953,0.1958,256611.5,50172.8319
2026-09-15 23:41:00,0.1957,0.1958,0.1956,0.1958,103429.9,20241.0616
2026-09-15 23:42:00,0.1957,0.1958,0.1956,0.1958,62993.1,12326.64864
2026-09-15 23:43:00,0.1957,0.1959,0.1957,0.1959,16617.6,3253.61849
2026-09-15 23:44:00,0.1959,0.196,0.1958,0.196,27213.2,5331.30908
2026-09-15 23:45:00,0.196,0.196,0.1959,0.1959,26227.5,5138.37663
2026-09-15 23:46:00,0.196,0.196,0.1959,0.196,21874.8,4287.4052
2026-09-15 23:47:00,0.196,0.196,0.1957,0.1957,307174.1,60150.77196
2026-09-15 23:48:00,0.1957,0.1957,0.1956,0.1956,65409.8,12794.29371
2026-09-15 23:49:00,0.1957,0.1957,0.1955,0.1955,11977.7,2343.11223
2026-09-15 23:50:00,0.1954,0.1957,0.1954,0.1957,144979.3,28345.46836
2026-09-15 23:51:00,0.1958,0.1958,0.1956,0.1957,13333.4,2609.3622
2026-09-15 23:52:00,0.1957,0.1957,0.1956,0.1957,22208.0,4346.08436
2026-09-15 23:53:00,0.1957,0.1958,0.1957,0.1958,4990.4,976.77434
2026-09-15 23:54:00,0.1957,0.1957,0.1955,0.1956,8700.3,1701.98486
2026-09-15 23:55:00,0.1956,0.1957,0.1955,0.1957,38877.7,7604.48739
2026-09-15 23:56:00,0.1956,0.1956,0.1953,0.1954,10979.7,2146.50912
2026-09-15 23:57:00,0.1953,0.1955,0.1953,0.1954,26936.0,5263.1867
2026-09-15 23:58:00,0.1955,0.1955,0.1954,0.1955,19322.9,3777.10649
2026-09-15 23:59:00,0.1956,0.1956,0.1954,0.1954,58919.8,11513.70733
2026-09-16 00:00:00,0.1954,0.1955,0.1952,0.1952,38805.9,7578.92294
2026-09-16 00:01:00,0.1953,0.1953,0.195,0.195,24549.2,4791.08484
2026-09-16 00:02:00,0.195,0.1952,0.195,0.1952,50779.7,9903.54749
2026-09-16 00:03:00,0.1953,0.1955,0.1953,0.1954,11917.5,2328.41285
2026-09-16 00:04:00,0.1954,0.1954,0.1952,0.1953,180962.3,35339.22614
2026-09-16 00:05:00,0.1953,0.1956,0.1953,0.1955,33741.5,6595.51898
2026-09-16 00:06:00,0.1954,0.1955,0.1953,0.1954,70183.1,13710.1398
2026-09-16 00:07:00,0.1954,0.1955,0.1952,0.1952,101212.9,19778.83916
2026-09-16 00:08:00,0.1953,0.1954,0.1953,0.1953,35597.4,6952.19311
2026-09-16 00:09:00,0.1953,0.1953,0.1951,0.1951,13205.8,2576.93797
2026-09-16 00:10:00,0.1951,0.1951,0.1948,0.1948,62120.6,12111.48104
2026-09-16 00:11:00,0.1948,0.1951,0.1946,0.1951,94866.7,18488.01717
2026-09-16 00:12:00,0.1951,0.1951,0.1949,0.1949,63879.3,12451.88657
2026-09-16 00:13:00,0.1949,0.1949,0.1947,0.1947,4841.4,942.94624
2026-09-16 00:14:00,0.1947,0.1947,0.1946,0.1946,72905.9,14188.90635
2026-09-16 00:15:00,0.1947,0.1949,0.1946,0.1949,64517.3,12561.57172
2026-09-16 00:16:00,0.1949,0.1949,0.1947,0.1949,15296.6,2979.9821
2026-09-16 00:17:00,0.1949,0.1949,0.1948,0.1948,2296.4,447.51093
2026-09-16 00:18:00,0.1948,0.1949,0.1948,0.1948,54660.7,10648.0727
2026-09-16 00:19:00,0.1949,0.1951,0.1949,0.1951,113395.6,22118.87774
2026-09-16 00:20:00,0.1951,0.1953,0.195,0.1952,82538.8,16105.44359
2026-09-16 00:21:00,0.1952,0.1953,0.1951,0.1952,40550.9,7914.55902
2026-09-16 00:22:00,0.1952,0.1952,0.1949,0.1951,234638.8,45774.67365
2026-09-16 00:23:00,0.195,0.1955,0.195,0.1955,20081.0,3919.95575
2026-09-16 00:24:00,0.1954,0.1955,0.1953,0.1954,43278.9,8454.73379
2026-09-16 00:25:00,0.1953,0.1954,0.1953,0.1953,23506.7,4590.90763
2026-09-16 00:26:00,0.1954,0.1954,0.1953,0.1953,30912.0,6037.43087
2026-09-16 00:27:00,0.1954,0.1954,0.1953,0.1953,16145.9,3153.51734
2026-09-16 00:28:00,0.1952,0.1953,0.195,0.1952,402714.7,78589.54336
2026-09-16 00:29:00,0.1952,0.1954,0.1952,0.1954,12830.7,2506.39065
2026-09-16 00:30:00,0.1955,0.1956,0.1954,0.1954,57296.2,11201.11949
2026-09-16 00:31:00,0.1955,0.1955,0.1953,0.1954,33689.8,6582.30095
2026-09-16 00:32:00,0.1954,0.1956,0.1954,0.1955,54916.3,10735.22172
2026-09-16 00:33:00,0.1955,0.1956,0.1954,0.1954,31019.2,6063.48515
2026-09-16 00:34:00,0.1954,0.1954,0.1952,0.1952,33616.7,6565.99627
2026-09-16 00:35:00,0.1951,0.1951,0.195,0.195,35795.7,6983.24644
2026-09-16 00:36:00,0.1951,0.1951,0.1949,0.195,14303.7,2789.21253
2026-09-16 00:37:00,0.1949,0.1951,0.1949,0.195,19942.0,3888.83959
2026-09-16 00:38:00,0.1951,0.1952,0.1951,0.1952,29846.6,5825.21617
2026-09-16 00:39:00,0.1951,0.1954,0.1951,0.1953,7389.7,1442.69714
2026-09-16 00:40:00,0.1954,0.1954,0.1952,0.1952,21512.9,4200.14226
2026-09-16 00:41:00,0.1952,0.1952,0.195,0.195,50305.1,9812.50475
2026-09-16 00:42:00,0.195,0.195,0.1948,0.1948,12120.9,2361.47291
2026-09-16 00:43:00,0.1947,0.1947,0.1945,0.1946,55968.6,10891.25956
2026-09-16 00:44:00,0.1946,0.1947,0.1946,0.1947,27672.8,5387.02943
2026-09-16 00:45:00,0.1948,0.1949,0.1947,0.1947,29160.9,5681.09375
2026-09-16 00:46:00,0.1947,0.1947,0.1945,0.1945,15246.7,2967.27052
2026-09-16 00:47:00,0.1946,0.1949,0.1945,0.1948,275534.3,53634.26502
2026-09-16 00:48:00,0.1948,0.195,0.1948,0.195,64395.1,12545.0593
2026-09-16 00:49:00,0.195,0.195,0.1946,0.1947,17766.6,3462.01509
2026-09-16 00:50:00,0.1947,0.1947,0.1946,0.1946,3740.7,728.19
2026-09-16 00:51:00,0.1946,0.1947,0.1945,0.1945,130821.2,25446.42823
2026-09-16 00:52:00,0.1945,0.1945,0.194,0.1942,631744.8,122763.7913
2026-09-16 00:53:00,0.1942,0.1943,0.194,0.1941,266679.9,51770.44293
2026-09-16 00:54:00,0.1941,0.1941,0.194,0.194,41867.0,8122.53905
2026-09-16 00:55:00,0.194,0.1942,0.194,0.1942,97721.8,18962.91387
2026-09-16 00:56:00,0.1941,0.1942,0.194,0.1941,40631.4,7886.53691
2026-09-16 00:57:00,0.194,0.1941,0.1939,0.1939,30105.0,5840.51836
2026-09-16 00:58:00,0.1939,0.1944,0.1939,0.1944,266007.8,51646.19183
2026-09-16 00:59:00,0.1944,0.1945,0.1942,0.1942,87485.3,17007.75851
2026-09-16 01:00:00,0.1942,0.1945,0.1942,0.1944,61636.0,11981.85544
2026-09-16 01:01:00,0.1944,0.1947,0.1944,0.1945,69176.1,13459.51811
2026-09-16 01:02:00,0.1945,0.1946,0.1943,0.1944,135266.3,26298.94945
2026-09-16 01:03:00,0.1944,0.1945,0.1943,0.1943,124094.2,24122.73926
2026-09-16 01:04:00,0.1943,0.1943,0.1937,0.1941,258144.3,50071.27841
2026-09-16 01:05:00,0.194,0.194,0.1939,0.194,34114.8,6618.1291
2026-09-16 01:06:00,0.194,0.1942,0.194,0.1942,20338.0,3947.65017
2026-09-16 01:07:00,0.1943,0.1943,0.194,0.1941,20371.6,3957.20664
2026-09-16 01:08:00,0.1941,0.1943,0.1941,0.1943,27947.2,5426.17774
2026-09-16 01:09:00,0.1943,0.1943,0.1942,0.1943,13253.8,2575.19214
2026-09-16 01:10:00,0.1943,0.1946,0.1943,0.1946,23235.5,4516.57547
2026-09-16 01:11:00,0.1947,0.1948,0.1947,0.1948,2771.5,539.61361
2026-09-16 01:12:00,0.1947,0.1947,0.1943,0.1944,28617.1,5569.64288
2026-09-16 01:13:00,0.1944,0.1946,0.1944,0.1946,51916.7,10098.36182
2026-09-16 01:14:00,0.1947,0.1948,0.1947,0.1948,82617.8,16093.76501
2026-09-16 01:15:00,0.1947,0.1947,0.1945,0.1946,55121.8,10726.38026
2026-09-16 01:16:00,0.1946,0.1947,0.1946,0.1947,14242.5,2771.83675
2026-09-16 01:17:00,0.1946,0.1947,0.1946,0.1947,53186.5,10350.51217
2026-09-16 01:18:00,0.1947,0.1948,0.1946,0.1948,7908.7,1539.45177
2026-09-16 01:19:00,0.1948,0.1948,0.1947,0.1948,19510.3,3799.77732
2026-09-16 01:20:00,0.1948,0.1949,0.1948,0.1948,6144.0,1196.85913
2026-09-16 01:21:00,0.1949,0.1951,0.1949,0.195,19690.1,3840.66926
2026-09-16 01:22:00,0.195,0.1951,0.195,0.195,29347.1,5723.93718
2026-09-16 01:23:00,0.195,0.1953,0.1949,0.1952,199967.5,39020.11159
2026-09-16 01:24:00,0.1952,0.1953,0.1952,0.1952,12828.8,2504.2819
2026-09-16 01:25:00,0.1953,0.1954,0.1952,0.1954,24263.1,4740.60696
2026-09-16 01:26:00,0.1953,0.1954,0.1951,0.1951,5302.6,1034.98932
2026-09-16 01:27:00,0.195,0.1951,0.195,0.1951,41179.9,8033.29359
2026-09-16 01:28:00,0.195,0.1951,0.1949,0.1951,4840.1,943.92519
2026-09-16 01:29:00,0.1952,0.1952,0.1946,0.1948,429653.4,83703.43783
2026-09-16 01:30:00,0.1947,0.1948,0.1947,0.1947,39559.4,7702.30612
2026-09-16 01:31:00,0.1947,0.1948,0.1946,0.1946,154371.2,30042.4202
2026-09-16 01:32:00,0.1946,0.1947,0.1946,0.1947,91432.0,17795.14058
2026-09-16 01:33:00,0.1946,0.1946,0.1931,0.1935,1491514.0,289027.85478
2026-09-16 01:34:00,0.1935,0.1938,0.1935,0.1935,752075.9,145588.42898
2026-09-16 01:35:00,0.1936,0.1939,0.1935,0.1938,287994.6,55792.7711
2026-09-16 01:36:00,0.1938,0.1938,0.1934,0.1934,214195.0,41477.49812
2026-09-16 01:37:00,0.1934,0.1936,0.1931,0.1932,287417.8,55590.16049
2026-09-16 01:38:00,0.1933,0.1934,0.1931,0.1933,21841.5,4220.26103
2026-09-16 01:39:00,0.1934,0.1934,0.193,0.1931,20547.6,3967.2503
2026-09-16 01:40:00,0.1931,0.1933,0.1931,0.1933,27253.6,5263.13071
2026-09-16 01:41:00,0.1932,0.1936,0.1932,0.1936,63694.8,12320.51798
2026-09-16 01:42:00,0.1935,0.1937,0.1935,0.1935,53107.3,10279.22699
2026-09-16 01:43:00,0.1935,0.1936,0.1933,0.1935,41966.2,8119.63061
2026-09-16 01:44:00,0.1934,0.1934,0.1934,0.1934,16600.3,3210.49802
2026-09-16 01:45:00,0.1934,0.1937,0.1934,0.1936,2041.6,395.2327
2026-09-16 01:46:00,0.1936,0.1937,0.1933,0.1933,15338.4,2967.14892
2026-09-16 01:47:00,0.1933,0.1933,0.1928,0.1931,252396.8,48714.94787
2026-09-16 01:48:00,0.1931,0.1931,0.1928,0.1929,54229.4,10465.3101
2026-09-16 01:49:00,0.1929,0.193,0.1929,0.193,24532.7,4733.20611
2026-09-16 01:50:00,0.1929,0.1929,0.1926,0.1927,104654.4,20167.76087
2026-09-16 01:51:00,0.1927,0.1929,0.1927,0.1928,25564.2,4928.06483
2026-09-16 01:52:00,0.1928,0.1929,0.1927,0.1929,31275.5,6029.83245
2026-09-16 01:53:00,0.1929,0.193,0.1927,0.1927,16727.9,3227.13276
2026-09-16 01:54:00,0.1928,0.1929,0.1927,0.1928,15658.2,3018.91055
2026-09-16 01:55:00,0.1928,0.1928,0.1923,0.1924,250943.7,48309.58485
2026-09-16 01:56:00,0.1924,0.1925,0.1922,0.1923,121525.6,23376.53894
2026-09-16 01:57:00,0.1923,0.1924,0.1923,0.1923,25522.3,4908.5381
2026-09-16 01:58:00,0.1924,0.1926,0.1924,0.1925,69907.8,13451.39327
2026-09-16 01:59:00,0.1925,0.1925,0.1924,0.1924,6316.8,1215.35653
2026-09-16 02:00:00,0.1925,0.1928,0.1924,0.1927,252891.6,48717.62531
2026-09-16 02:01:00,0.1927,0.1928,0.1926,0.1927,43909.2,8464.64676
2026-09-16 02:02:00,0.1928,0.193,0.1928,0.193,24048.9,4637.68242
2026-09-16 02:03:00,0.193,0.1931,0.1927,0.1927,24272.0,4681.91658
2026-09-16 02:04:00,0.1927,0.1928,0.1925,0.1926,46322.5,8925.84179
2026-09-16 02:05:00,0.1927,0.1928,0.1926,0.1928,31473.1,6065.0366
2026-09-16 02:06:00,0.1927,0.1929,0.1925,0.1927,313199.1,60347.15632
2026-09-16 02:07:00,0.1927,0.1928,0.1925,0.1926,55010.5,10601.10291
2026-09-16 02:08:00,0.1927,0.1927,0.1926,0.1927,22477.8,4331.291
2026-09-16 02:09:00,0.1928,0.1928,0.1926,0.1928,29559.6,5694.42959
2026-09-16 02:10:00,0.1928,0.193,0.1927,0.1929,61155.4,11794.82328
2026-09-16 02:11:00,0.1928,0.1929,0.1926,0.1926,42933.0,8272.24853
2026-09-16 02:12:00,0.1925,0.1928,0.1923,0.1927,431671.1,83155.61481
2026-09-16 02:13:00,0.1927,0.1932,0.1927,0.1931,40520.5,7814.70702
2026-09-16 02:14:00,0.1932,0.1932,0.1929,0.193,142842.2,27570.30607
2026-09-16 02:15:00,0.193,0.1934,0.193,0.1933,12440.4,2403.68041
2026-09-16 02:16:00,0.1933,0.1936,0.1932,0.1936,11193.0,2165.30454
2026-09-16 02:17:00,0.1936,0.1938,0.1935,0.1937,373461.0,72316.66573
2026-09-16 02:18:00,0.1938,0.1938,0.1935,0.1936,32734.5,6337.78324
2026-09-16 02:19:00,0.1937,0.1939,0.1937,0.1939,62996.3,12208.64923
2026-09-16 02:20:00,0.1939,0.194,0.1939,0.194,5806.1,1126.17507
2026-09-16 02:21:00,0.194,0.194,0.1938,0.1939,10448.8,2026.41104
2026-09-16 02:22:00,0.1938,0.1939,0.1937,0.1937,9322.6,1807.02587
2026-09-16 02:23:00,0.1937,0.1937,0.1936,0.1937,27727.6,5370.74405
2026-09-16 02:24:00,0.1937,0.1939,0.1937,0.1938,4435.1,859.27302
2026-09-16 02:25:00,0.1939,0.194,0.1939,0.1939,11112.4,2154.75133
2026-09-16 02:26:00,0.1939,0.1939,0.1938,0.1939,63452.5,12297.12971
2026-09-16 02:27:00,0.1939,0.194,0.1939,0.1939,11685.4,2265.9579
2026-09-16 02:28:00,0.1939,0.1941,0.1939,0.1939,13214.5,2563.59177
2026-09-16 02:29:00,0.194,0.1941,0.194,0.1941,9143.4,1774.5316
2026-09-16 02:30:00,0.1942,0.1946,0.1941,0.1945,93174.7,18124.69731
2026-09-16 02:31:00,0.1946,0.1947,0.1945,0.1946,51343.1,9992.84723
2026-09-16 02:32:00,0.1947,0.195,0.1945,0.1945,41404.3,8065.4734
2026-09-16 02:33:00,0.1945,0.1945,0.1944,0.1945,1517.3,295.00346
2026-09-16 02:34:00,0.1945,0.1948,0.1944,0.1948,30153.4,5866.40167
2026-09-16 02:35:00,0.1947,0.1949,0.1947,0.1949,59359.5,11564.14999
2026-09-16 02:36:00,0.195,0.1954,0.195,0.1952,151469.6,29574.93086
2026-09-16 02:37:00,0.1952,0.1952,0.1951,0.1952,41451.1,8087.62767
2026-09-16 02:38:00,0.1952,0.1952,0.1951,0.1951,12658.4,2470.89455
2026-09-16 02:39:00,0.1952,0.1953,0.1951,0.1951,14610.2,2851.8946
2026-09-16 02:40:00,0.1951,0.1952,0.195,0.195,4026.7,785.57324
2026-09-16 02:41:00,0.195,0.1951,0.195,0.195,45041.6,8786.20543
2026-09-16 02:42:00,0.1951,0.1951,0.1949,0.1949,35705.1,6961.17517
2026-09-16 02:43:00,0.1949,0.1949,0.1948,0.1948,7434.7,1448.67904
2026-09-16 02:44:00,0.1948,0.1948,0.1946,0.1947,24850.7,4838.53629
2026-09-16 02:45:00,0.1947,0.1947,0.1946,0.1946,2784.5,541.90496
2026-09-16 02:46:00,0.1945,0.1947,0.1945,0.1947,12225.6,2379.09454
2026-09-16 02:47:00,0.1946,0.1947,0.1945,0.1946,64503.6,12554.24216
2026-09-16 02:48:00,0.1946,0.1947,0.1945,0.1946,8422.1,1638.9042
2026-09-16 02:49:00,0.1946,0.1948,0.1946,0.1948,10856.1,2113.12544
2026-09-16 02:50:00,0.1948,0.1948,0.1946,0.1946,2847.7,554.30696
2026-09-16 02:51:00,0.1946,0.1947,0.1946,0.1946,4294.6,835.81243
2026-09-16 02:52:00,0.1946,0.1946,0.1945,0.1945,2539.6,493.96569
2026-09-16 02:53:00,0.1944,0.1945,0.1943,0.1945,77308.3,15028.68171
2026-09-16 02:54:00,0.1945,0.1945,0.1942,0.1942,43720.4,8491.09875
2026-09-16 02:55:00,0.1941,0.1942,0.1941,0.1942,11847.8,2300.82899
2026-09-16 02:56:00,0.1941,0.1943,0.1939,0.194,76517.9,14846.13794
2026-09-16 02:57:00,0.1941,0.1942,0.1938,0.1941,279128.7,54166.40815
2026-09-16 02:58:00,0.1942,0.1945,0.1942,0.1945,6649.0,1292.46582
2026-09-16 02:59:00,0.1945,0.1945,0.1944,0.1945,6418.7,1248.4334
2026-09-16 03:00:00,0.1945,0.1946,0.1944,0.1946,48340.6,9402.13629
2026-09-16 03:01:00,0.1946,0.1949,0.1946,0.1948,73500.2,14317.29106
2026-09-16 03:02:00,0.1947,0.1949,0.1946,0.1949,8780.9,1709.92162
2026-09-16 03:03:00,0.1948,0.1948,0.1943,0.1945,341658.3,66456.87161
2026-09-16 03:04:00,0.1946,0.1948,0.1944,0.1945,11459.8,2230.91539
2026-09-16 03:05:00,0.1945,0.1946,0.1945,0.1945,781.1,151.93964
2026-09-16 03:06:00,0.1945,0.1946,0.1945,0.1945,8719.3,1696.32949
2026-09-16 03:07:00,0.1945,0.1946,0.1944,0.1944,40774.1,7933.65167
2026-09-16 03:08:00,0.1944,0.1945,0.1943,0.1944,6172.8,1199.9552
2026-09-16 03:09:00,0.1944,0.1948,0.1943,0.1946,406206.1,79035.52529
2026-09-16 03:10:00,0.1946,0.1947,0.1946,0.1946,2085.2,405.87019
2026-09-16 03:11:00,0.1947,0.1951,0.1947,0.195,54272.0,10581.60063
2026-09-16 03:12:00,0.195,0.1952,0.195,0.1951,34818.2,6793.24526
2026-09-16 03:13:00,0.1951,0.1953,0.1951,0.1953,8417.3,1643.77293
2026-09-16 03:14:00,0.1953,0.1955,0.1953,0.1954,72380.2,14143.30922
2026-09-16 03:15:00,0.1954,0.1957,0.1953,0.1956,68735.8,13440.18624
2026-09-16 03:16:00,0.1955,0.1958,0.1955,0.1957,40802.0,7985.03542
2026-09-16 03:17:00,0.1957,0.1959,0.1956,0.1959,16602.1,3249.66797
2026-09-16 03:18:00,0.1958,0.1959,0.1957,0.1959,25869.3,5065.2422
2026-09-16 03:19:00,0.1959,0.1959,0.1954,0.1956,516272.9,101030.11744
2026-09-16 03:20:00,0.1956,0.1957,0.1956,0.1956,64219.2,12563.35363
2026-09-16 03:21:00,0.1957,0.1958,0.1956,0.1958,198494.6,38858.82476
2026-09-16 03:22:00,0.1958,0.1959,0.1957,0.1958,96527.1,18894.19725
2026-09-16 03:23:00,0.1958,0.1959,0.1957,0.1957,181053.7,35455.72942
2026-09-16 03:24:00,0.1957,0.1957,0.1955,0.1955,64976.9,12705.87529
2026-09-16 03:25:00,0.1955,0.1955,0.1954,0.1954,7979.4,1559.58879
2026-09-16 03:26:00,0.1954,0.1956,0.1954,0.1954,49717.5,9715.09107
2026-09-16 03:27:00,0.1954,0.1955,0.1952,0.1953,20367.2,3979.5037
2026-09-16 03:28:00,0.1952,0.1955,0.1952,0.1953,206654.7,40378.74884
2026-09-16 03:29:00,0.1953,0.1953,0.195,0.195,12466.0,2431.45793
2026-09-16 03:30:00,0.1951,0.1952,0.195,0.195,60327.5,11770.23092
2026-09-16 03:31:00,0.195,0.1953,0.1949,0.1953,267588.8,52202.55292
2026-09-16 03:32:00,0.1953,0.1954,0.1953,0.1954,59852.0,11694.96289
2026-09-16 03:33:00,0.1954,0.1954,0.1951,0.1951,11272.0,2201.29879
2026-09-16 03:34:00,0.1951,0.1952,0.1951,0.1951,1535.9,299.65784
2026-09-16 03:35:00,0.195,0.195,0.1948,0.1949,4910.0,956.90767
2026-09-16 03:36:00,0.1949,0.195,0.1946,0.1946,19924.0,3882.61219
2026-09-16 03:37:00,0.1946,0.1947,0.1945,0.1945,13479.7,2623.13217
2026-09-16 03:38:00,0.1945,0.1945,0.1943,0.1943,12857.0,2500.35197
2026-09-16 03:39:00,0.1944,0.1947,0.1943,0.1946,15604.0,3035.2451
2026-09-16 03:40:00,0.1946,0.1948,0.1946,0.1947,22287.1,4339.1371
2026-09-16 03:41:00,0.1947,0.1947,0.1947,0.1947,14484.2,2820.07374
2026-09-16 03:42:00,0.1947,0.1947,0.1945,0.1945,215767.2,41993.24438
2026-09-16 03:43:00,0.1946,0.1948,0.1946,0.1947,13606.0,2648.11593
2026-09-16 03:44:00,0.1948,0.1948,0.1946,0.1947,35286.7,6870.46228
2026-09-16 03:45:00,0.1947,0.1949,0.1947,0.1949,51970.7,10127.49959
2026-09-16 03:46:00,0.1949,0.1949,0.1946,0.1947,3558.8,692.78748
2026-09-16 03:47:00,0.1948,0.1948,0.1946,0.1947,17683.5,3443.03743
2026-09-16 03:48:00,0.1947,0.1948,0.1946,0.1948,545.3,106.17791
2026-09-16 03:49:00,0.1948,0.1948,0.1947,0.1948,1201.6,234.06867
2026-09-16 03:50:00,0.1947,0.1948,0.1946,0.1947,14490.5,2820.26502
2026-09-16 03:51:00,0.1948,0.1948,0.1946,0.1947,5924.4,1153.46796
2026-09-16 03:52:00,0.1946,0.1946,0.1946,0.1946,756.3,147.17598
2026-09-16 03:53:00,0.1946,0.1947,0.1946,0.1947,11861.2,2309.28001
2026-09-16 03:54:00,0.1947,0.1947,0.1947,0.1947,0.0,0.0
2026-09-16 03:55:00,0.1947,0.1947,0.1947,0.1947,2214.0,431.0658
2026-09-16 03:56:00,0.1948,0.1949,0.1948,0.1948,6613.0,1288.35864
2026-09-16 03:57:00,0.1948,0.1949,0.1946,0.1947,87168.4,16974.60665
2026-09-16 03:58:00,0.1948,0.1949,0.1948,0.1948,8175.6,1592.61187
2026-09-16 03:59:00,0.1949,0.1949,0.1947,0.1948,5957.2,1160.54241
2026-09-16 04:00:00,0.1948,0.195,0.1948,0.195,66239.3,12915.80119
2026-09-16 04:01:00,0.195,0.195,0.1949,0.1949,11698.8,2280.21821
2026-09-16 04:02:00,0.1949,0.1949,0.1949,0.1949,42467.3,8276.87677
2026-09-16 04:03:00,0.195,0.1952,0.195,0.1952,14883.0,2903.56516
2026-09-16 04:04:00,0.1953,0.1955,0.1953,0.1955,30234.6,5908.91836
2026-09-16 04:05:00,0.1955,0.1955,0.1952,0.1953,58434.9,11412.51226
2026-09-16 04:06:00,0.1952,0.1955,0.1952,0.1954,155809.1,30442.77659
2026-09-16 04:07:00,0.1954,0.1955,0.1954,0.1954,5138.4,1004.21548
2026-09-16 04:08:00,0.1954,0.1955,0.1954,0.1954,2567.0,501.61515
2026-09-16 04:09:00,0.1954,0.1955,0.1954,0.1954,24474.6,4782.34882
2026-09-16 04:10:00,0.1954,0.1955,0.1954,0.1954,2471.9,483.05722
2026-09-16 04:11:00,0.1955,0.1957,0.1954,0.1957,54239.2,10605.28149
2026-09-16 04:12:00,0.1957,0.1957,0.1954,0.1954,98802.6,19315.27087
2026-09-16 04:13:00,0.1954,0.1955,0.1954,0.1955,5915.4,1156.16561
2026-09-16 04:14:00,0.1955,0.1956,0.1954,0.1954,676.4,132.23057
2026-09-16 04:15:00,0.1954,0.1955,0.1953,0.1953,13256.1,2589.75116
2026-09-16 04:16:00,0.1954,0.1954,0.1953,0.1954,6002.5,1172.87837
2026-09-16 04:17:00,0.1954,0.1954,0.1954,0.1954,41382.9,8086.21866
2026-09-16 04:18:00,0.1953,0.1954,0.1953,0.1954,3327.5,650.11254
2026-09-16 04:19:00,0.1953,0.1953,0.1951,0.1951,57877.4,11294.70783
2026-09-16 04:20:00,0.1951,0.1958,0.1951,0.1957,255020.2,49821.23332
2026-09-16 04:21:00,0.1957,0.1963,0.1956,0.196,248016.4,48634.8661
2026-09-16 04:22:00,0.196,0.1964,0.1956,0.1964,532680.5,104496.34352
2026-09-16 04:23:00,0.1964,0.197,0.1964,0.1966,430448.4,84646.17548
2026-09-16 04:24:00,0.1966,0.1966,0.1962,0.1963,127714.2,25073.82665
2026-09-16 04:25:00,0.1963,0.1963,0.196,0.196,75492.5,14801.57461
2026-09-16 04:26:00,0.1959,0.1961,0.1959,0.1961,33258.5,6518.97147
2026-09-16 04:27:00,0.1961,0.1961,0.1955,0.1957,412735.6,80774.09181
2026-09-16 04:28:00,0.1958,0.1958,0.1956,0.1958,36802.5,7202.15632
2026-09-16 04:29:00,0.1958,0.1959,0.1958,0.1958,13456.7,2634.92887
2026-09-16 04:30:00,0.1958,0.1958,0.1956,0.1957,12006.5,2350.60686
2026-09-16 04:31:00,0.1957,0.1958,0.1957,0.1957,62120.0,12156.94871
2026-09-16 04:32:00,0.1958,0.1959,0.1958,0.1958,26167.3,5125.92728
2026-09-16 04:33:00,0.1958,0.1959,0.1958,0.1958,35716.1,6993.40531
2026-09-16 04:34:00,0.1958,0.1962,0.1957,0.1962,467463.0,91624.25423
2026-09-16 04:35:00,0.1962,0.1962,0.1959,0.1961,207278.0,40636.02103
2026-09-16 04:36:00,0.1961,0.1962,0.1961,0.1962,34757.1,6817.92816
2026-09-16 04:37:00,0.1962,0.1964,0.1961,0.1963,208428.3,40904.99002
2026-09-16 04:38:00,0.1964,0.1965,0.1963,0.1963,51563.8,10122.50377
2026-09-16 04:39:00,0.1964,0.1967,0.1964,0.1966,58105.8,11423.35318
2026-09-16 04:40:00,0.1966,0.1966,0.1965,0.1965,69489.2,13654.63636
2026-09-16 04:41:00,0.1965,0.1967,0.1964,0.1966,143940.2,28304.39614
2026-09-16 04:42:00,0.1966,0.1967,0.1966,0.1967,29955.4,5889.55582
2026-09-16 04:43:00,0.1967,0.1967,0.196,0.1961,393044.1,77126.84499
2026-09-16 04:44:00,0.1961,0.1961,0.1961,0.1961,782.4,153.42864
2026-09-16 04:45:00,0.1961,0.1962,0.1961,0.1962,23235.5,4556.99899
2026-09-16 04:46:00,0.1962,0.1962,0.196,0.1961,7077.4,1387.78365
2026-09-16 04:47:00,0.1961,0.1962,0.1959,0.1959,2425.4,475.49604
2026-09-16 04:48:00,0.1959,0.196,0.1958,0.1958,1172.5,229.67874
2026-09-16 04:49:00,0.1958,0.1959,0.1958,0.1959,8464.9,1657.97056
2026-09-16 04:50:00,0.1959,0.1959,0.1956,0.1958,153705.0,30078.50515
2026-09-16 04:51:00,0.1957,0.1957,0.1956,0.1956,7091.9,1387.25588
2026-09-16 04:52:00,0.1956,0.1956,0.1955,0.1956,5092.5,996.08414
2026-09-16 04:53:00,0.1956,0.1957,0.1956,0.1957,5054.6,988.68231
2026-09-16 04:54:00,0.1957,0.1957,0.1956,0.1956,1185.3,231.86346
2026-09-16 04:55:00,0.1956,0.1956,0.1956,0.1956,1319.2,258.03552
2026-09-16 04:56:00,0.1957,0.1957,0.1955,0.1955,21153.0,4136.9523
2026-09-16 04:57:00,0.1955,0.1959,0.1955,0.1956,278320.8,54452.52085
2026-09-16 04:58:00,0.1957,0.1958,0.1957,0.1958,1133.1,221.81994
2026-09-16 04:59:00,0.1959,0.1959,0.1957,0.1957,12236.1,2396.37336
2026-09-16 05:00:00,0.1957,0.1959,0.1957,0.1957,11719.6,2294.17265
2026-09-16 05:01:00,0.1957,0.1957,0.1955,0.1955,21056.9,4119.48945
2026-09-16 05:02:00,0.1954,0.1954,0.1946,0.1947,132186.1,25780.06744
2026-09-16 05:03:00,0.1947,0.1949,0.1946,0.1948,43296.2,8430.11992
2026-09-16 05:04:00,0.1948,0.1948,0.1945,0.1948,93601.7,18216.73532
2026-09-16 05:05:00,0.1949,0.1951,0.1947,0.1947,6995.8,1363.07244
2026-09-16 05:06:00,0.1947,0.1948,0.1946,0.1946,326552.3,63552.21999
2026-09-16 05:07:00,0.1947,0.1948,0.1947,0.1948,55527.3,10813.73067
2026-09-16 05:08:00,0.1947,0.1949,0.1947,0.1949,4956.7,965.90813
2026-09-16 05:09:00,0.1949,0.1952,0.1949,0.1952,3127.7,610.06613
2026-09-16 05:10:00,0.1952,0.1954,0.1952,0.1953,39936.2,7796.84495
2026-09-16 05:11:00,0.1953,0.1953,0.1952,0.1953,39549.8,7723.37351
2026-09-16 05:12:00,0.1953,0.1953,0.1951,0.1951,18004.2,3515.20958
2026-09-16 05:13:00,0.1951,0.1952,0.195,0.1952,4984.4,972.36949
2026-09-16 05:14:00,0.1953,0.1953,0.1952,0.1952,427.7,83.50155
2026-09-16 05:15:00,0.1951,0.1952,0.1951,0.1952,4172.5,814.41828
2026-09-16 05:16:00,0.1952,0.1953,0.1951,0.1952,12168.5,2375.20458
2026-09-16 05:17:00,0.1952,0.1955,0.1952,0.1954,51352.7,10030.34829
2026-09-16 05:18:00,0.1954,0.1955,0.1954,0.1954,115978.3,22665.00484
2026-09-16 05:19:00,0.1954,0.1956,0.1954,0.1956,47457.7,9277.98337
2026-09-16 05:20:00,0.1956,0.1956,0.1955,0.1955,5379.5,1051.73185
2026-09-16 05:21:00,0.1955,0.196,0.1955,0.1959,201981.6,39526.55463
2026-09-16 05:22:00,0.1959,0.1959,0.1955,0.1955,27886.1,5457.28234
2026-09-16 05:23:00,0.1956,0.1957,0.1955,0.1957,137783.7,26954.87511
2026-09-16 05:24:00,0.1958,0.1959,0.1958,0.1958,7159.0,1402.34771
2026-09-16 05:25:00,0.1958,0.1959,0.1957,0.1959,13784.1,2697.90047
2026-09-16 05:26:00,0.1959,0.1959,0.1958,0.1958,9516.2,1863.27556
2026-09-16 05:27:00,0.1958,0.1958,0.1957,0.1957,3710.3,726.19625
2026-09-16 05:28:00,0.1957,0.1957,0.1955,0.1955,7686.3,1503.33709
2026-09-16 05:29:00,0.1956,0.1958,0.1956,0.1958,11918.4,2331.44847
2026-09-16 05:30:00,0.1957,0.1957,0.1955,0.1956,1905.3,372.79127
2026-09-16 05:31:00,0.1956,0.1956,0.1955,0.1956,6297.3,1231.43015
2026-09-16 05:32:00,0.1956,0.1956,0.1955,0.1956,4972.3,972.51295
2026-09-16 05:33:00,0.1956,0.1957,0.1956,0.1956,8822.0,1725.65488
2026-09-16 05:34:00,0.1957,0.1957,0.1956,0.1956,7120.9,1393.04546
2026-09-16 05:35:00,0.1956,0.1957,0.1956,0.1957,1058.0,207.04007
2026-09-16 05:36:00,0.1957,0.196,0.1957,0.1957,30256.6,5924.64879
2026-09-16 05:37:00,0.1957,0.1958,0.1956,0.1957,40917.4,8008.65657
2026-09-16 05:38:00,0.1957,0.1958,0.1957,0.1957,25380.2,4967.12964
2026-09-16 05:39:00,0.1958,0.1958,0.1958,0.1958,356.7,69.84186
2026-09-16 05:40:00,0.1958,0.1958,0.1957,0.1958,1152.6,225.62657
2026-09-16 05:41:00,0.1958,0.1959,0.1957,0.1958,15254.1,2986.84955
2026-09-16 05:42:00,0.1958,0.1959,0.1958,0.1959,24169.7,4732.98994
2026-09-16 05:43:00,0.1958,0.1962,0.1958,0.196,398237.5,78063.95856
2026-09-16 05:44:00,0.196,0.1961,0.196,0.1961,116826.4,22902.57566
2026-09-16 05:45:00,0.1961,0.1962,0.196,0.1961,306127.6,60031.68607
2026-09-16 05:46:00,0.1961,0.1961,0.196,0.1961,14272.0,2798.6194
2026-09-16 05:47:00,0.196,0.196,0.1957,0.1957,31641.9,6200.73801
2026-09-16 05:48:00,0.1957,0.1958,0.1956,0.1958,171003.9,33458.32675
2026-09-16 05:49:00,0.1957,0.1957,0.1954,0.1955,135608.2,26512.52594
2026-09-16 05:50:00,0.1955,0.1956,0.1954,0.1956,66065.6,12915.60039
2026-09-16 05:51:00,0.1955,0.1957,0.1954,0.1957,218673.5,42763.71577
2026-09-16 05:52:00,0.1957,0.1957,0.1955,0.1956,200908.8,39297.76001
2026-09-16 05:53:00,0.1955,0.1956,0.1955,0.1956,2323.9,454.33267
2026-09-16 05:54:00,0.1956,0.1957,0.1955,0.1955,29407.2,5751.99237
2026-09-16 05:55:00,0.1956,0.1958,0.1956,0.1956,92825.9,18165.2932
2026-09-16 05:56:00,0.1956,0.196,0.1956,0.1959,130642.2,25581.8717
2026-09-16 05:57:00,0.1959,0.1959,0.1957,0.1957,39704.0,7774.60312
2026-09-16 05:58:00,0.1958,0.1958,0.1957,0.1957,13304.3,2603.65407
2026-09-16 05:59:00,0.1957,0.1958,0.1957,0.1957,7170.6,1403.40226
2026-09-16 06:00:00,0.1957,0.1959,0.1957,0.1959,33473.4,6554.08942
2026-09-16 06:01:00,0.196,0.1961,0.1959,0.1959,7925.4,1553.33944
2026-09-16 06:02:00,0.196,0.196,0.1958,0.1958,11732.9,2298.96094
2026-09-16 06:03:00,0.1959,0.1959,0.1956,0.1957,4110.4,804.75752
2026-09-16 06:04:00,0.1957,0.1957,0.1953,0.1954,328448.2,64217.68589
2026-09-16 06:05:00,0.1954,0.1954,0.1952,0.1954,20050.0,3915.9458
2026-09-16 06:06:00,0.1954,0.1954,0.1953,0.1953,5931.2,1158.61101
2026-09-16 06:07:00,0.1953,0.1954,0.1952,0.1953,18033.1,3521.87576
2026-09-16 06:08:00,0.1952,0.1954,0.1952,0.1952,18811.8,3673.40139
2026-09-16 06:09:00,0.1951,0.1952,0.1951,0.1952,2192.1,427.69792
2026-09-16 06:10:00,0.1952,0.1952,0.1951,0.1952,36627.7,7149.71088
2026-09-16 06:11:00,0.1951,0.1952,0.195,0.1951,17027.9,3321.04132
2026-09-16 06:12:00,0.1952,0.1953,0.1952,0.1952,3269.1,638.13088
2026-09-16 06:13:00,0.1952,0.1954,0.1952,0.1953,27293.3,5329.33277
2026-09-16 06:14:00,0.1954,0.1954,0.1952,0.1952,3003.2,586.54296
2026-09-16 06:15:00,0.1952,0.1952,0.195,0.195,17254.7,3365.73173
2026-09-16 06:16:00,0.195,0.1951,0.195,0.1951,15049.3,2934.62394
2026-09-16 06:17:00,0.1951,0.1952,0.1951,0.1952,3674.0,716.93961
2026-09-16 06:18:00,0.1952,0.1952,0.1952,0.1952,30193.0,5893.6736
2026-09-16 06:19:00,0.1953,0.1953,0.1953,0.1953,7079.1,1382.54823
2026-09-16 06:20:00,0.1954,0.1955,0.1954,0.1954,37146.1,7261.71163
2026-09-16 06:21:00,0.1954,0.1955,0.1954,0.1954,1800.4,351.87427
2026-09-16 06:22:00,0.1954,0.1954,0.1952,0.1953,2245.3,438.47703
2026-09-16 06:23:00,0.1952,0.1953,0.1952,0.1953,30886.8,6030.16272
2026-09-16 06:24:00,0.1953,0.1953,0.1952,0.1953,6692.9,1306.99266
2026-09-16 06:25:00,0.1952,0.1952,0.1951,0.1952,230616.4,45015.75675
2026-09-16 06:26:00,0.1952,0.1953,0.1952,0.1953,14675.0,2864.56434
2026-09-16 06:27:00,0.1952,0.1952,0.1951,0.1951,20649.0,4028.72133
2026-09-16 06:28:00,0.1951,0.1952,0.195,0.1951,19456.4,3796.73619
2026-09-16 06:29:00,0.1951,0.1951,0.195,0.1951,30590.4,5966.68812
2026-09-16 06:30:00,0.195,0.1951,0.1948,0.1949,76118.1,14831.14102
2026-09-16 06:31:00,0.1949,0.1949,0.1949,0.1949,42272.8,8238.96872
2026-09-16 06:32:00,0.1949,0.1949,0.1947,0.1948,85115.0,16580.32292
2026-09-16 06:33:00,0.1948,0.1949,0.1948,0.1949,3121.7,608.41254
2026-09-16 06:34:00,0.1949,0.195,0.1949,0.1949,27709.5,5400.64936
2026-09-16 06:35:00,0.1948,0.1948,0.1948,0.1948,10312.8,2008.93344
2026-09-16 06:36:00,0.1947,0.1948,0.1946,0.1948,52702.2,10264.32505
2026-09-16 06:37:00,0.1947,0.1948,0.1945,0.1945,42945.2,8354.34728
2026-09-16 06:38:00,0.1946,0.1946,0.1945,0.1945,32027.7,6230.24176
2026-09-16 06:39:00,0.1945,0.1945,0.1943,0.1943,38369.9,7461.10969
2026-09-16 06:40:00,0.1944,0.1947,0.1943,0.1947,86065.4,16738.65993
2026-09-16 06:41:00,0.1948,0.1949,0.1947,0.1947,48649.4,9476.64924
2026-09-16 06:42:00,0.1947,0.1947,0.1946,0.1947,6227.7,1212.21771
2026-09-16 06:43:00,0.1947,0.1948,0.1947,0.1948,6399.0,1246.09736
2026-09-16 06:44:00,0.1948,0.1951,0.1948,0.195,15614.5,3043.96524
2026-09-16 06:45:00,0.1951,0.1952,0.1951,0.1952,1135.9,221.65363
2026-09-16 06:46:00,0.1951,0.1952,0.1951,0.1952,16430.2,3207.09395
2026-09-16 06:47:00,0.1952,0.1956,0.1952,0.1956,5431.9,1061.59711
2026-09-16 06:48:00,0.1956,0.1956,0.1952,0.1953,3804.4,743.17838
2026-09-16 06:49:00,0.1954,0.1955,0.1953,0.1953,1435.5,280.48902
2026-09-16 06:50:00,0.1954,0.1954,0.1953,0.1953,4840.1,945.63784
2026-09-16 06:51:00,0.1953,0.1954,0.1952,0.1952,10256.7,2003.27622
2026-09-16 06:52:00,0.1953,0.1954,0.1952,0.1952,2873.7,561.30767
2026-09-16 06:53:00,0.1953,0.1953,0.1952,0.1952,7404.4,1445.60339
2026-09-16 06:54:00,0.1952,0.1953,0.1952,0.1953,34678.4,6769.68578
2026-09-16 06:55:00,0.1953,0.1953,0.1953,0.1953,11894.3,2322.95679
2026-09-16 06:56:00,0.1954,0.1954,0.1953,0.1954,8295.4,1620.90501
2026-09-16 06:57:00,0.1954,0.1955,0.1954,0.1954,1116.3,218.15812
2026-09-16 06:58:00,0.1953,0.1956,0.1953,0.1956,114117.8,22313.32824
2026-09-16 06:59:00,0.1957,0.196,0.1957,0.196,131903.6,25839.3751
2026-09-16 07:00:00,0.196,0.1962,0.1958,0.196,214343.2,42020.49815
2026-09-16 07:01:00,0.196,0.1961,0.196,0.196,44381.6,8700.49842
2026-09-16 07:02:00,0.1959,0.1962,0.1959,0.1962,38194.4,7492.06792
2026-09-16 07:03:00,0.1962,0.1963,0.1961,0.1961,169888.8,33329.2215
2026-09-16 07:04:00,0.1961,0.1963,0.196,0.196,378287.8,74182.14724
2026-09-16 07:05:00,0.196,0.1961,0.1958,0.196,54361.9,10651.19349
2026-09-16 07:06:00,0.196,0.196,0.1956,0.1958,25494.6,4991.06324
2026-09-16 07:07:00,0.1958,0.1959,0.1958,0.1959,157505.7,30848.58873
2026-09-16 07:08:00,0.1959,0.1959,0.1956,0.1956,31275.3,6121.14132
2026-09-16 07:09:00,0.1956,0.1956,0.1952,0.1953,30461.3,5951.92534
2026-09-16 07:10:00,0.1952,0.1952,0.1949,0.1951,414294.5,80794.20957
2026-09-16 07:11:00,0.195,0.195,0.1948,0.1949,307504.4,59938.22044
2026-09-16 07:12:00,0.1949,0.195,0.1948,0.1948,11164.5,2175.95088
2026-09-16 07:13:00,0.1949,0.1949,0.1948,0.1948,14956.0,2914.39901
2026-09-16 07:14:00,0.1948,0.195,0.1948,0.195,35362.7,6889.12306
2026-09-16 07:15:00,0.1951,0.1953,0.1951,0.1953,11519.0,2248.55192
2026-09-16 07:16:00,0.1952,0.1953,0.195,0.195,243451.7,47513.80977
2026-09-16 07:17:00,0.1951,0.1951,0.195,0.195,10783.7,2103.85134
2026-09-16 07:18:00,0.1949,0.195,0.1949,0.1949,88900.9,17326.78996
2026-09-16 07:19:00,0.195,0.195,0.1947,0.1947,131462.6,25621.94632
2026-09-16 07:20:00,0.1947,0.1949,0.1947,0.1948,31951.0,6224.14952
2026-09-16 07:21:00,0.1949,0.195,0.1947,0.1948,8049.0,1568.39091
2026-09-16 07:22:00,0.1948,0.1949,0.1948,0.1949,27245.9,5307.56774
2026-09-16 07:23:00,0.1949,0.1949,0.1948,0.1949,1402.2,273.28372
2026-09-16 07:24:00,0.1949,0.1952,0.1949,0.1949,370615.6,72283.14792
2026-09-16 07:25:00,0.1949,0.1952,0.1949,0.195,150117.7,29278.35421
2026-09-16 07:26:00,0.195,0.1951,0.195,0.195,12355.6,2409.47005
2026-09-16 07:27:00,0.195,0.195,0.1947,0.1948,79925.5,15569.74902
2026-09-16 07:28:00,0.1948,0.1948,0.1946,0.1946,83434.0,16243.43464
2026-09-16 07:29:00,0.1946,0.1947,0.1945,0.1947,10184.1,1981.91968
2026-09-16 07:30:00,0.1946,0.1946,0.1945,0.1945,14134.0,2750.01483
2026-09-16 07:31:00,0.1945,0.1946,0.1944,0.1945,95414.3,18563.79481
2026-09-16 07:32:00,0.1946,0.1948,0.1946,0.1947,32253.2,6280.82258
2026-09-16 07:33:00,0.1946,0.1946,0.1945,0.1945,12017.0,2338.35885
2026-09-16 07:34:00,0.1945,0.1946,0.1945,0.1945,9768.8,1900.03866
2026-09-16 07:35:00,0.1946,0.1946,0.1945,0.1946,5263.0,1024.14437
2026-09-16 07:36:00,0.1946,0.1947,0.1945,0.1947,1847.5,359.51829
2026-09-16 07:37:00,0.1946,0.1947,0.1945,0.1946,23288.7,4533.92184
2026-09-16 07:38:00,0.1946,0.1947,0.1945,0.1945,15321.1,2981.48815
2026-09-16 07:39:00,0.1946,0.1947,0.1945,0.1946,15806.6,3075.86384
2026-09-16 07:40:00,0.1947,0.1948,0.1947,0.1948,12279.6,2391.60633
2026-09-16 07:41:00,0.1948,0.1948,0.1947,0.1947,6638.9,1292.74564
2026-09-16 07:42:00,0.1947,0.1947,0.1945,0.1945,1107.6,215.51519
2026-09-16 07:43:00,0.1945,0.1945,0.1943,0.1944,50778.2,9872.13649
2026-09-16 07:44:00,0.1944,0.1945,0.1944,0.1945,3996.3,776.9486
2026-09-16 07:45:00,0.1945,0.1945,0.1943,0.1944,18326.9,3562.50701
2026-09-16 07:46:00,0.1944,0.1945,0.1944,0.1945,5141.1,999.46016
2026-09-16 07:47:00,0.1944,0.1945,0.1944,0.1945,9722.9,1891.09333
2026-09-16 07:48:00,0.1945,0.1946,0.1943,0.1944,42130.6,8186.59539
2026-09-16 07:49:00,0.1943,0.1944,0.1941,0.1944,38198.9,7421.57007
2026-09-16 07:50:00,0.1945,0.1945,0.1943,0.1943,18210.5,3539.8429
2026-09-16 07:51:00,0.1943,0.1943,0.1943,0.1943,17949.0,3487.4907
2026-09-16 07:52:00,0.1943,0.1944,0.1943,0.1943,41295.3,8026.1479
2026-09-16 07:53:00,0.1943,0.1944,0.1942,0.1942,2187.8,425.12231
2026-09-16 07:54:00,0.1943,0.1944,0.1942,0.1944,2667.5,518.29991
2026-09-16 07:55:00,0.1944,0.1944,0.1943,0.1944,4647.2,903.37459
2026-09-16 07:56:00,0.1943,0.1944,0.1942,0.1942,66919.3,12998.37645
2026-09-16 07:57:00,0.1942,0.1942,0.1941,0.1942,15475.2,3005.18329
2026-09-16 07:58:00,0.1942,0.1942,0.1941,0.1942,4579.4,888.99071
2026-09-16 07:59:00,0.1941,0.1942,0.194,0.1942,29810.1,5783.57587
2026-09-16 08:00:00,0.1941,0.1941,0.1939,0.1941,30320.9,5884.55743
2026-09-16 08:01:00,0.194,0.194,0.1939,0.1939,17657.8,3424.33205
2026-09-16 08:02:00,0.194,0.194,0.1938,0.1939,1928.6,373.85728
2026-09-16 08:03:00,0.1938,0.1938,0.1935,0.1937,259262.0,50191.24737
2026-09-16 08:04:00,0.1937,0.1937,0.1935,0.1936,15415.6,2984.51386
2026-09-16 08:05:00,0.1936,0.1936,0.1934,0.1935,18977.4,3672.18669
2026-09-16 08:06:00,0.1935,0.1936,0.1932,0.1935,71021.7,13737.14959
2026-09-16 08:07:00,0.1935,0.1935,0.1932,0.1933,37626.5,7273.48692
2026-09-16 08:08:00,0.1933,0.1933,0.193,0.193,111763.2,21577.92142
2026-09-16 08:09:00,0.193,0.1936,0.1929,0.1933,421372.5,81469.27568
2026-09-16 08:10:00,0.1932,0.1934,0.1932,0.1933,36534.9,7061.06271
2026-09-16 08:11:00,0.1933,0.1933,0.1932,0.1932,28822.5,5570.86225
2026-09-16 08:12:00,0.1933,0.1936,0.1933,0.1936,16103.7,3115.83422
2026-09-16 08:13:00,0.1935,0.1936,0.1932,0.1933,122812.6,23742.29332
2026-09-16 08:14:00,0.1933,0.1934,0.1931,0.1933,23793.2,4597.0107
2026-09-16 08:15:00,0.1933,0.1937,0.1932,0.1936,64121.3,12405.83268
2026-09-16 08:16:00,0.1936,0.1937,0.1935,0.1936,44736.9,8660.62124
2026-09-16 08:17:00,0.1937,0.1938,0.1934,0.1936,471463.3,91254.31151
2026-09-16 08:18:00,0.1936,0.1936,0.1932,0.1932,29935.7,5791.69249
2026-09-16 08:19:00,0.1931,0.1934,0.193,0.1933,303760.2,58714.14204
2026-09-16 08:20:00,0.1932,0.1933,0.1931,0.1931,35450.3,6847.29978
2026-09-16 08:21:00,0.1931,0.1935,0.1931,0.1935,152327.3,29456.13472
2026-09-16 08:22:00,0.1934,0.1935,0.1934,0.1934,33157.3,6414.79399
2026-09-16 08:23:00,0.1934,0.1934,0.1931,0.1931,50198.6,9701.59266
2026-09-16 08:24:00,0.1931,0.1931,0.193,0.1931,43840.4,8461.25599
2026-09-16 08:25:00,0.193,0.1933,0.1929,0.1932,539089.8,104113.52341
2026-09-16 08:26:00,0.1931,0.1931,0.1928,0.1929,119227.0,23001.07132
2026-09-16 08:27:00,0.1929,0.193,0.1929,0.1929,22354.0,4313.20332
2026-09-16 08:28:00,0.193,0.1932,0.1928,0.1931,60553.5,11692.81807
2026-09-16 08:29:00,0.1932,0.1932,0.1928,0.1928,159199.0,30719.26897
2026-09-16 08:30:00,0.1929,0.193,0.1928,0.193,47784.4,9220.02315
2026-09-16 08:31:00,0.1931,0.1931,0.1929,0.193,72469.4,13985.40753
2026-09-16 08:32:00,0.193,0.193,0.1928,0.1929,18098.8,3491.32075
2026-09-16 08:33:00,0.1928,0.1929,0.1926,0.1926,92805.9,17888.894
2026-09-16 08:34:00,0.1927,0.1928,0.1927,0.1928,8834.8,1702.49398
2026-09-16 08:35:00,0.1928,0.1928,0.1927,0.1928,15960.0,3076.77855
2026-09-16 08:36:00,0.1927,0.1929,0.1927,0.1929,15946.7,3073.05824
2026-09-16 08:37:00,0.1929,0.193,0.1928,0.1928,80061.7,15438.16744
2026-09-16 08:38:00,0.1928,0.1929,0.1928,0.1928,6143.3,1184.6222
2026-09-16 08:39:00,0.1928,0.1929,0.1928,0.1928,5192.6,1001.23346
2026-09-16 08:40:00,0.1928,0.1928,0.1927,0.1927,16839.8,3245.36999
2026-09-16 08:41:00,0.1928,0.1929,0.1926,0.1927,141279.2,27219.65735
2026-09-16 08:42:00,0.1927,0.1928,0.1927,0.1927,1042.2,200.83712
2026-09-16 08:43:00,0.1926,0.1928,0.1926,0.1928,11502.3,2216.83288
2026-09-16 08:44:00,0.1928,0.1928,0.1927,0.1927,16236.9,3130.02743
2026-09-16 08:45:00,0.1928,0.1928,0.1927,0.1928,7630.0,1470.72412
2026-09-16 08:46:00,0.1928,0.1929,0.1928,0.1929,8387.3,1617.29096
2026-09-16 08:47:00,0.1929,0.1929,0.1927,0.1927,4789.0,923.40222
2026-09-16 08:48:00,0.1928,0.1928,0.1927,0.1928,7390.5,1424.86581
2026-09-16 08:49:00,0.1927,0.1929,0.1927,0.1928,19442.5,3748.51399
2026-09-16 08:50:00,0.1928,0.1928,0.1927,0.1928,9336.1,1799.97612
2026-09-16 08:51:00,0.1928,0.1928,0.1927,0.1928,22233.3,4286.51409
2026-09-16 08:52:00,0.1927,0.1928,0.1927,0.1928,4157.4,801.52255
2026-09-16 08:53:00,0.1928,0.1928,0.1927,0.1928,1074.7,207.15046
2026-09-16 08:54:00,0.1927,0.1929,0.1927,0.1929,37801.1,7288.58868
2026-09-16 08:55:00,0.193,0.193,0.1929,0.1929,697.3,134.54218
2026-09-16 08:56:00,0.193,0.1933,0.193,0.1932,39462.8,7623.78701
2026-09-16 08:57:00,0.1932,0.1933,0.1929,0.193,141463.3,27311.24318
2026-09-16 08:58:00,0.193,0.1932,0.1928,0.1931,148077.7,28579.37865
2026-09-16 08:59:00,0.1932,0.1932,0.1931,0.1932,17298.1,3340.83975
2026-09-16 09:00:00,0.1933,0.1937,0.1932,0.1936,120106.7,23239.82049
2026-09-16 09:01:00,0.1935,0.1938,0.1935,0.1938,2370.7,459.11947
2026-09-16 09:02:00,0.1938,0.1939,0.1937,0.1938,14146.6,2741.52623
2026-09-16 09:03:00,0.1938,0.1941,0.1937,0.1938,318369.5,61756.74064
2026-09-16 09:04:00,0.1938,0.1939,0.1937,0.1939,38022.6,7369.14582
2026-09-16 09:05:00,0.1939,0.1941,0.1939,0.194,20279.3,3933.60712
2026-09-16 09:06:00,0.1941,0.1941,0.1936,0.1938,447322.7,86722.69025
2026-09-16 09:07:00,0.1938,0.1939,0.1936,0.1936,22462.8,4352.96911
2026-09-16 09:08:00,0.1937,0.1938,0.1937,0.1937,11159.3,2161.79102
2026-09-16 09:09:00,0.1938,0.194,0.1937,0.194,11418.2,2213.21158
2026-09-16 09:10:00,0.194,0.194,0.1937,0.1938,244791.0,47439.9474
2026-09-16 09:11:00,0.1938,0.1939,0.1937,0.1939,102684.4,19890.62341
2026-09-16 09:12:00,0.1938,0.1939,0.1935,0.1937,340229.5,65887.94943
2026-09-16 09:13:00,0.1936,0.1937,0.1935,0.1935,24611.6,4763.17966
2026-09-16 09:14:00,0.1935,0.1935,0.1934,0.1934,9748.4,1885.39354
2026-09-16 09:15:00,0.1934,0.1936,0.1933,0.1935,30556.8,5911.71648
2026-09-16 09:16:00,0.1936,0.1937,0.1934,0.1934,57806.5,11185.47833
2026-09-16 09:17:00,0.1933,0.1935,0.1932,0.1935,337184.0,65229.63178
2026-09-16 09:18:00,0.1936,0.1937,0.1936,0.1936,193972.1,37560.50003
2026-09-16 09:19:00,0.1937,0.1937,0.1935,0.1937,136389.8,26393.32537
2026-09-16 09:20:00,0.1937,0.1938,0.1937,0.1937,9698.9,1878.82094
2026-09-16 09:21:00,0.1937,0.1938,0.1936,0.1938,16469.2,3190.09668
2026-09-16 09:22:00,0.1937,0.1938,0.1936,0.1936,9831.3,1904.38381
2026-09-16 09:23:00,0.1937,0.1937,0.1936,0.1937,63501.0,12299.58767
2026-09-16 09:24:00,0.1938,0.194,0.1938,0.1938,38277.7,7423.51492
2026-09-16 09:25:00,0.1939,0.1939,0.1935,0.1938,622928.2,120682.65818
2026-09-16 09:26:00,0.1938,0.1939,0.1938,0.1938,7213.3,1398.15137
2026-09-16 09:27:00,0.1937,0.1939,0.1936,0.1939,88814.7,17210.68758
2026-09-16 09:28:00,0.1939,0.1939,0.1937,0.1938,7479.2,1449.09219
2026-09-16 09:29:00,0.1938,0.1938,0.1938,0.1938,5145.9,997.27542
2026-09-16 09:30:00,0.1938,0.1938,0.1937,0.1937,4061.9,786.83611
2026-09-16 09:31:00,0.1937,0.1938,0.1937,0.1937,1898.8,367.80219
2026-09-16 09:32:00,0.1938,0.1939,0.1938,0.1939,2250.4,436.26183
2026-09-16 09:33:00,0.194,0.194,0.1939,0.194,7380.7,1431.38393
2026-09-16 09:34:00,0.194,0.194,0.1939,0.1939,77550.4,15037.02756
2026-09-16 09:35:00,0.1939,0.1939,0.1939,0.1939,856.7,166.11413
2026-09-16 09:36:00,0.1939,0.1942,0.1939,0.1942,37940.3,7364.05971
2026-09-16 09:37:00,0.1942,0.1945,0.1942,0.1944,85651.1,16649.00796
2026-09-16 09:38:00,0.1943,0.1944,0.1943,0.1943,4596.4,893.44549
2026-09-16 09:39:00,0.1943,0.1944,0.1942,0.1944,30119.5,5852.33229
2026-09-16 09:40:00,0.1943,0.1944,0.1943,0.1943,5513.6,1071.69068
2026-09-16 09:41:00,0.1943,0.1944,0.1942,0.1942,55072.0,10700.47727
2026-09-16 09:42:00,0.1943,0.1943,0.1942,0.1942,4386.4,852.18025
2026-09-16 09:43:00,0.1943,0.1943,0.1942,0.1942,594.6,115.48747
2026-09-16 09:44:00,0.1942,0.1943,0.1942,0.1942,2655.0,515.76503
2026-09-16 09:45:00,0.1942,0.1942,0.1941,0.1941,19295.1,3747.04654
2026-09-16 09:46:00,0.1942,0.1942,0.1941,0.1941,108824.6,21122.85799
2026-09-16 09:47:00,0.1941,0.1942,0.1941,0.1942,5531.0,1073.93266
2026-09-16 09:48:00,0.1942,0.1945,0.1942,0.1944,50769.4,9869.29802
2026-09-16 09:49:00,0.1945,0.1945,0.1944,0.1944,9261.0,1800.86252
2026-09-16 09:50:00,0.1945,0.1945,0.1944,0.1945,47239.9,9188.1033
2026-09-16 09:51:00,0.1945,0.1947,0.1944,0.1947,11179.2,2174.77962
2026-09-16 09:52:00,0.1947,0.1947,0.1946,0.1947,13822.5,2691.16416
2026-09-16 09:53:00,0.1946,0.1947,0.1946,0.1946,38736.6,7539.18398
2026-09-16 09:54:00,0.1946,0.1948,0.1945,0.1947,84749.9,16503.05174
2026-09-16 09:55:00,0.1947,0.1947,0.1946,0.1947,9501.8,1849.98906
2026-09-16 09:56:00,0.1946,0.1947,0.1945,0.1947,35508.8,6910.19295
2026-09-16 09:57:00,0.1946,0.1947,0.1946,0.1946,13036.4,2536.89243
2026-09-16 09:58:00,0.1946,0.1947,0.1946,0.1947,738.1,143.64555
2026-09-16 09:59:00,0.1947,0.1947,0.1946,0.1946,8345.7,1624.09992
2026-09-16 10:00:00,0.1946,0.1947,0.1945,0.1945,97712.2,19014.65985
2026-09-16 10:01:00,0.1946,0.1947,0.1945,0.1946,46673.1,9082.67055
2026-09-16 10:02:00,0.1945,0.1946,0.1944,0.1945,61647.3,11990.40639
2026-09-16 10:03:00,0.1945,0.1946,0.1945,0.1945,7579.4,1474.29138
2026-09-16 10:04:00,0.1945,0.1945,0.1944,0.1944,34817.1,6770.25548
2026-09-16 10:05:00,0.1944,0.1944,0.1943,0.1943,4452.7,865.23037
2026-09-16 10:06:00,0.1943,0.1946,0.1942,0.1943,401574.0,78072.5094
2026-09-16 10:07:00,0.1943,0.1944,0.1943,0.1944,15252.5,2965.00774
2026-09-16 10:08:00,0.1944,0.1945,0.1943,0.1944,34727.1,6751.41736
2026-09-16 10:09:00,0.1944,0.1945,0.1943,0.1943,14836.6,2884.23505
2026-09-16 10:10:00,0.1944,0.1945,0.1944,0.1944,2774.8,539.43221
2026-09-16 10:11:00,0.1943,0.1943,0.194,0.1942,386350.1,75013.06287
2026-09-16 10:12:00,0.1943,0.1943,0.194,0.1941,53307.1,10350.20737
2026-09-16 10:13:00,0.194,0.1942,0.1938,0.1939,206036.3,39962.40608
2026-09-16 10:14:00,0.194,0.1941,0.1938,0.194,102852.0,19947.26431
2026-09-16 10:15:00,0.194,0.1942,0.194,0.1941,16221.1,3147.20812
2026-09-16 10:16:00,0.1942,0.1942,0.1941,0.1941,12477.2,2421.9042
2026-09-16 10:17:00,0.1941,0.1945,0.1941,0.1943,436259.1,84779.026
2026-09-16 10:18:00,0.1943,0.1944,0.1943,0.1943,1285.5,249.82585
2026-09-16 10:19:00,0.1943,0.1945,0.1943,0.1945,7328.1,1424.61286
2026-09-16 10:20:00,0.1946,0.1947,0.1946,0.1946,62831.2,12233.07485
2026-09-16 10:21:00,0.1947,0.1948,0.1946,0.1948,10218.8,1989.60465
2026-09-16 10:22:00,0.1948,0.1948,0.1943,0.1944,212513.5,41341.00239
2026-09-16 10:23:00,0.1944,0.1944,0.1943,0.1944,8427.6,1638.31515
2026-09-16 10:24:00,0.1944,0.1944,0.1943,0.1943,1325.9,257.68067
2026-09-16 10:25:00,0.1943,0.1944,0.1943,0.1944,6655.3,1293.71918
2026-09-16 10:26:00,0.1944,0.1946,0.1944,0.1945,47460.6,9231.0163
2026-09-16 10:27:00,0.1945,0.1946,0.1944,0.1944,42125.3,8194.06057
2026-09-16 10:28:00,0.1945,0.1946,0.1944,0.1944,12095.3,2351.49001
2026-09-16 10:29:00,0.1945,0.1946,0.1944,0.1945,834.1,162.22626
2026-09-16 10:30:00,0.1946,0.1947,0.1946,0.1947,14259.7,2776.28111
2026-09-16 10:31:00,0.1946,0.1947,0.1945,0.1946,33372.2,6494.31769
2026-09-16 10:32:00,0.1946,0.1946,0.1944,0.1945,9437.1,1835.37635
2026-09-16 10:33:00,0.1944,0.1945,0.1944,0.1945,4169.9,810.78512
2026-09-16 10:34:00,0.1944,0.1946,0.1944,0.1946,130289.0,25346.37626
2026-09-16 10:35:00,0.1945,0.1946,0.1944,0.1944,20500.7,3987.40399
2026-09-16 10:36:00,0.1945,0.1946,0.1944,0.1945,6039.1,1174.70902
2026-09-16 10:37:00,0.1946,0.1946,0.1945,0.1945,1787.3,347.78141
2026-09-16 10:38:00,0.1945,0.1945,0.1944,0.1945,44248.0,8604.35528
2026-09-16 10:39:00,0.1945,0.1945,0.1942,0.1944,94132.8,18291.84481
2026-09-16 10:40:00,0.1945,0.1945,0.1944,0.1944,321.1,62.43815
2026-09-16 10:41:00,0.1944,0.1945,0.1944,0.1945,746.1,145.05645
2026-09-16 10:42:00,0.1944,0.1946,0.1944,0.1946,15153.9,2947.59226
2026-09-16 10:43:00,0.1945,0.1947,0.1945,0.1947,1167.1,227.17986
2026-09-16 10:44:00,0.1947,0.1947,0.1946,0.1946,216108.0,42076.06387
2026-09-16 10:45:00,0.1947,0.1947,0.1946,0.1946,852.7,165.99804
2026-09-16 10:46:00,0.1947,0.1947,0.1945,0.1946,35056.6,6820.02106
2026-09-16 10:47:00,0.1945,0.1946,0.1944,0.1945,64323.2,12506.95219
2026-09-16 10:48:00,0.1944,0.1946,0.1944,0.1945,422.4,82.14837
2026-09-16 10:49:00,0.1945,0.1946,0.1945,0.1946,79.4,15.44644
2026-09-16 10:50:00,0.1946,0.1946,0.1946,0.1946,457.2,88.97112
2026-09-16 10:51:00,0.1946,0.1946,0.1944,0.1944,10917.4,2122.65616
2026-09-16 10:52:00,0.1944,0.1944,0.1943,0.1943,4019.5,781.26102
2026-09-16 10:53:00,0.1944,0.1944,0.1943,0.1943,26521.1,5153.36468
2026-09-16 10:54:00,0.1943,0.1944,0.1942,0.1943,39781.9,7728.84869
2026-09-16 10:55:00,0.1943,0.1943,0.1942,0.1942,16322.7,3170.54301
2026-09-16 10:56:00,0.1941,0.1942,0.1941,0.1941,58942.6,11440.86865
2026-09-16 10:57:00,0.1942,0.1942,0.194,0.1942,51264.3,9949.14341
2026-09-16 10:58:00,0.1942,0.1943,0.1941,0.1942,52636.4,10223.64326
2026-09-16 10:59:00,0.1942,0.1946,0.1942,0.1946,100956.1,19635.05336
2026-09-16 11:00:00,0.1945,0.195,0.1944,0.1948,182512.9,35545.25844
2026-09-16 11:01:00,0.1949,0.1949,0.1944,0.1944,126118.5,24552.89632
2026-09-16 11:02:00,0.1944,0.1947,0.1944,0.1946,13375.8,2602.78209
2026-09-16 11:03:00,0.1945,0.1948,0.1945,0.1948,15873.2,3090.48219
2026-09-16 11:04:00,0.1948,0.1948,0.1947,0.1948,5573.2,1085.64406
2026-09-16 11:05:00,0.1948,0.1949,0.1948,0.1948,151515.9,29518.46185
2026-09-16 11:06:00,0.1948,0.1949,0.1947,0.1948,41073.8,8001.43594
2026-09-16 11:07:00,0.1947,0.1947,0.1944,0.1944,25486.4,4960.70846
2026-09-16 11:08:00,0.1944,0.1945,0.1943,0.1943,3881.2,754.48644
2026-09-16 11:09:00,0.1943,0.1944,0.1943,0.1944,3126.2,607.72042
2026-09-16 11:10:00,0.1944,0.1947,0.1943,0.1947,155168.6,30196.24631
2026-09-16 11:11:00,0.1947,0.1947,0.1945,0.1946,126944.8,24712.89198
2026-09-16 11:12:00,0.1945,0.1945,0.1944,0.1945,2197.1,427.24474
2026-09-16 11:13:00,0.1945,0.1945,0.1944,0.1944,338.3,65.78895
2026-09-16 11:14:00,0.1944,0.1945,0.1943,0.1943,2961.9,575.78555
2026-09-16 11:15:00,0.1944,0.1944,0.1942,0.1943,4582.3,890.10811
2026-09-16 11:16:00,0.1943,0.1947,0.1943,0.1944,362496.0,70507.39686
2026-09-16 11:17:00,0.1945,0.1945,0.1943,0.1943,22629.7,4399.94404
2026-09-16 11:18:00,0.1944,0.1946,0.1944,0.1945,5386.9,1047.88578
2026-09-16 11:19:00,0.1946,0.1947,0.1946,0.1947,7852.6,1528.59935
2026-09-16 11:20:00,0.1946,0.1947,0.1946,0.1947,10998.7,2141.23886
2026-09-16 11:21:00,0.1947,0.1948,0.1945,0.1945,299350.1,58254.61426
2026-09-16 11:22:00,0.1946,0.1946,0.1943,0.1946,133674.3,25995.03871
2026-09-16 11:23:00,0.1946,0.1946,0.1943,0.1944,32200.3,6262.08069
2026-09-16 11:24:00,0.1944,0.1944,0.1943,0.1944,3932.6,764.47077
2026-09-16 11:25:00,0.1944,0.1944,0.1944,0.1944,6095.6,1184.98464
2026-09-16 11:26:00,0.1945,0.1947,0.1944,0.1947,194875.7,37916.2244
2026-09-16 11:27:00,0.1947,0.1947,0.1946,0.1947,385.6,75.0729
2026-09-16 11:28:00,0.1947,0.1947,0.1945,0.1946,11061.6,2152.53489
2026-09-16 11:29:00,0.1946,0.1947,0.1946,0.1946,2679.9,521.62929
2026-09-16 11:30:00,0.1947,0.1947,0.1945,0.1947,14122.1,2747.14877
2026-09-16 11:31:00,0.1947,0.1948,0.1945,0.1947,6028.6,1173.59786
2026-09-16 11:32:00,0.1948,0.195,0.1945,0.1947,14488.7,2821.09038
2026-09-16 11:33:00,0.1947,0.1949,0.1947,0.1948,105283.7,20511.71318
2026-09-16 11:34:00,0.1948,0.1949,0.1947,0.1948,67812.0,13208.98062
2026-09-16 11:35:00,0.1948,0.1949,0.1947,0.1948,76912.1,14981.89927
2026-09-16 11:36:00,0.1948,0.1949,0.1947,0.1948,12621.4,2458.20106
2026-09-16 11:37:00,0.1949,0.1951,0.1947,0.1947,262909.2,51245.30348
2026-09-16 11:38:00,0.1946,0.1948,0.1945,0.1946,39089.8,7606.47706
2026-09-16 11:39:00,0.1946,0.1948,0.1946,0.1948,5497.6,1070.14595
2026-09-16 11:40:00,0.1947,0.1948,0.1945,0.1947,242375.8,47199.05789
2026-09-16 11:41:00,0.1948,0.195,0.1947,0.1949,28510.0,5555.98782
2026-09-16 11:42:00,0.1949,0.1952,0.1948,0.1951,79271.4,15463.81281
2026-09-16 11:43:00,0.1952,0.1956,0.1951,0.1956,98530.7,19241.81248
2026-09-16 11:44:00,0.1956,0.1956,0.1953,0.1954,54370.1,10623.67932
2026-09-16 11:45:00,0.1954,0.1954,0.1952,0.1952,19362.3,3781.00673
2026-09-16 11:46:00,0.1951,0.1951,0.1949,0.1951,31485.5,6139.54958
2026-09-16 11:47:00,0.1951,0.1953,0.1951,0.1953,65224.4,12730.38465
2026-09-16 11:48:00,0.1953,0.1953,0.1951,0.1951,70341.2,13726.85413
2026-09-16 11:49:00,0.1951,0.1952,0.195,0.1951,29682.7,5793.79285
2026-09-16 11:50:00,0.1952,0.1954,0.1952,0.1954,69805.3,13633.96605
2026-09-16 11:51:00,0.1953,0.1955,0.1952,0.1953,62244.2,12159.89542
2026-09-16 11:52:00,0.1953,0.1953,0.1951,0.1952,46518.2,9080.2893
2026-09-16 11:53:00,0.1952,0.1953,0.1951,0.1952,4528.5,883.96593
2026-09-16 11:54:00,0.1951,0.1951,0.1949,0.195,133156.0,25969.65359
2026-09-16 11:55:00,0.195,0.1951,0.1949,0.195,20792.0,4054.26342
2026-09-16 11:56:00,0.1949,0.195,0.1948,0.1948,11531.5,2247.4953
2026-09-16 11:57:00,0.1948,0.1949,0.1947,0.1947,17081.1,3326.86479
2026-09-16 11:58:00,0.1947,0.1949,0.1946,0.1947,17760.4,3458.5617
2026-09-16 11:59:00,0.1947,0.1949,0.1947,0.1949,3470.5,675.83051
2026-09-16 12:00:00,0.1949,0.1949,0.1947,0.1948,93900.0,18297.6859
2026-09-16 12:01:00,0.1948,0.1951,0.1948,0.1949,160837.3,31367.91043
2026-09-16 12:02:00,0.1949,0.1949,0.1946,0.1946,6151.3,1198.16531
2026-09-16 12:03:00,0.1947,0.1949,0.1947,0.1948,76508.0,14905.5409
2026-09-16 12:04:00,0.1948,0.1951,0.1948,0.195,76708.4,14960.07568
2026-09-16 12:05:00,0.195,0.195,0.1947,0.1947,40841.4,7955.50027
2026-09-16 12:06:00,0.1947,0.1948,0.1947,0.1947,27600.5,5373.9803
2026-09-16 12:07:00,0.1947,0.1948,0.1947,0.1947,99376.2,19354.42226
2026-09-16 12:08:00,0.1946,0.1946,0.194,0.1943,298855.3,58053.75457
2026-09-16 12:09:00,0.1942,0.1943,0.1941,0.1943,56477.2,10967.42551
2026-09-16 12:10:00,0.1943,0.1943,0.194,0.194,36547.0,7096.9078
2026-09-16 12:11:00,0.1941,0.1942,0.1939,0.194,76242.9,14794.21642
2026-09-16 12:12:00,0.194,0.194,0.1938,0.1939,60805.9,11790.49872
2026-09-16 12:13:00,0.1939,0.194,0.1936,0.1937,224067.0,43406.00517
2026-09-16 12:14:00,0.1938,0.1938,0.1936,0.1937,9915.3,1920.54628
2026-09-16 12:15:00,0.1937,0.1937,0.1937,0.1937,91729.0,17767.9073
2026-09-16 12:16:00,0.1937,0.1939,0.1937,0.1938,60749.8,11773.20334
2026-09-16 12:17:00,0.1939,0.1941,0.1939,0.1939,152255.2,29529.82672
2026-09-16 12:18:00,0.1939,0.1939,0.1935,0.1936,79490.1,15401.29043
2026-09-16 12:19:00,0.1936,0.1939,0.1935,0.1936,464360.6,89952.66379
2026-09-16 12:20:00,0.1936,0.1936,0.1934,0.1936,199441.4,38593.12602
2026-09-16 12:21:00,0.1937,0.1938,0.1935,0.1937,12466.4,2414.37904
2026-09-16 12:22:00,0.1937,0.1938,0.1936,0.1937,19498.7,3777.4402
2026-09-16 12:23:00,0.1937,0.1938,0.1936,0.1937,18842.5,3649.17908
2026-09-16 12:24:00,0.1936,0.1936,0.1933,0.1934,187517.5,36274.62245
2026-09-16 12:25:00,0.1934,0.1936,0.1934,0.1934,8767.0,1695.95731
2026-09-16 12:26:00,0.1934,0.1936,0.1934,0.1934,27422.9,5306.39813
2026-09-16 12:27:00,0.1935,0.1936,0.1934,0.1935,8389.1,1623.306
2026-09-16 12:28:00,0.1934,0.1935,0.1932,0.1933,10361.6,2003.62349
2026-09-16 12:29:00,0.1932,0.1934,0.1932,0.1934,4511.4,871.69201
2026-09-16 12:30:00,0.1933,0.1933,0.193,0.193,231100.6,44632.33937
2026-09-16 12:31:00,0.1931,0.1932,0.1929,0.1929,71903.4,13883.98502
2026-09-16 12:32:00,0.1929,0.1929,0.1926,0.1927,844037.7,162795.41383
2026-09-16 12:33:00,0.1928,0.1935,0.1928,0.1935,43484.8,8397.82239
2026-09-16 12:34:00,0.1935,0.1938,0.1932,0.1935,796064.4,154026.32981
2026-09-16 12:35:00,0.1935,0.1936,0.1934,0.1935,319531.2,61815.75152
2026-09-16 12:36:00,0.1935,0.1936,0.1932,0.1933,63280.5,12237.04213
2026-09-16 12:37:00,0.1933,0.1933,0.1932,0.1933,36804.5,7114.2931
2026-09-16 12:38:00,0.1933,0.1933,0.193,0.1931,35068.1,6772.77285
2026-09-16 12:39:00,0.1931,0.1932,0.1928,0.193,155435.5,29998.90985
2026-09-16 12:40:00,0.193,0.1931,0.193,0.193,52874.0,10209.28302
2026-09-16 12:41:00,0.1931,0.1933,0.1931,0.1932,160791.2,31066.91471
2026-09-16 12:42:00,0.1932,0.1932,0.193,0.1931,72618.1,14021.85356
2026-09-16 12:43:00,0.1931,0.1932,0.1931,0.1932,13979.4,2699.45768
2026-09-16 12:44:00,0.1932,0.1933,0.1932,0.1932,111080.4,21460.75914
2026-09-16 12:45:00,0.1931,0.1931,0.193,0.1931,102689.2,19828.65114
2026-09-16 12:46:00,0.1932,0.1932,0.193,0.193,114668.1,22151.06515
2026-09-16 12:47:00,0.1931,0.1931,0.193,0.1931,1789.9,345.56919
2026-09-16 12:48:00,0.193,0.1931,0.193,0.1931,4510.9,871.01226
2026-09-16 12:49:00,0.1931,0.1933,0.1931,0.1933,4595.7,887.74266
2026-09-16 12:50:00,0.1933,0.1933,0.1931,0.1932,120768.5,23344.39337
2026-09-16 12:51:00,0.1933,0.1934,0.1932,0.1932,31375.4,6062.11629
2026-09-16 12:52:00,0.1932,0.1932,0.1931,0.1931,45835.8,8853.32589
2026-09-16 12:53:00,0.1931,0.1933,0.193,0.1931,125625.0,24264.64004
2026-09-16 12:54:00,0.1931,0.1931,0.1929,0.193,48274.3,9320.09981
2026-09-16 12:55:00,0.1929,0.193,0.1928,0.193,18603.3,3587.33042
2026-09-16 12:56:00,0.193,0.1933,0.193,0.1933,9193.0,1775.19834
2026-09-16 12:57:00,0.1932,0.1932,0.1931,0.1931,19130.2,3695.38211
2026-09-16 12:58:00,0.1931,0.1932,0.1931,0.1931,7767.2,1499.84675
2026-09-16 12:59:00,0.193,0.193,0.1927,0.193,274901.8,53021.69412
2026-09-16 13:00:00,0.193,0.193,0.1928,0.1929,77616.3,14968.74981
2026-09-16 13:01:00,0.1928,0.1928,0.1925,0.1926,39028.3,7516.84081
2026-09-16 13:02:00,0.1926,0.1926,0.1919,0.1921,688663.1,132335.86006
2026-09-16 13:03:00,0.1922,0.1922,0.1916,0.1919,279449.4,53633.06691
2026-09-16 13:04:00,0.1919,0.192,0.1916,0.1919,133507.6,25595.92322
2026-09-16 13:05:00,0.1919,0.1925,0.1919,0.1923,185662.9,35714.93516
2026-09-16 13:06:00,0.1922,0.1923,0.1921,0.1921,134929.6,25943.0516
2026-09-16 13:07:00,0.1921,0.1922,0.192,0.1921,8269.1,1588.07606
2026-09-16 13:08:00,0.1921,0.1922,0.192,0.1921,120103.9,23076.08779
2026-09-16 13:09:00,0.1921,0.1921,0.1919,0.192,49779.1,9554.00836
2026-09-16 13:10:00,0.192,0.192,0.1915,0.1915,750642.2,143892.18891
2026-09-16 13:11:00,0.1916,0.1917,0.1915,0.1917,307190.7,58873.08518
2026-09-16 13:12:00,0.1916,0.1916,0.1915,0.1916,140094.2,26833.57126
2026-09-16 13:13:00,0.1915,0.1922,0.1915,0.1922,214739.8,41221.46154
2026-09-16 13:14:00,0.1922,0.1924,0.1922,0.1923,64318.5,12367.70088
2026-09-16 13:15:00,0.1923,0.1927,0.1923,0.1927,220531.7,42412.35752
2026-09-16 13:16:00,0.1927,0.193,0.1927,0.1927,365192.3,70416.75678
2026-09-16 13:17:00,0.1927,0.1928,0.1926,0.1928,135276.1,26059.68212
2026-09-16 13:18:00,0.1927,0.193,0.1927,0.1929,119364.2,23014.46342
2026-09-16 13:19:00,0.1929,0.1929,0.1925,0.1927,386013.3,74381.37938
2026-09-16 13:20:00,0.1927,0.1927,0.1923,0.1925,27439.0,5281.23333
2026-09-16 13:21:00,0.1925,0.1926,0.1924,0.1925,16283.5,3134.78906
2026-09-16 13:22:00,0.1925,0.1928,0.1925,0.1926,7961.2,1533.23454
2026-09-16 13:23:00,0.1925,0.1925,0.1923,0.1923,94371.5,18156.27182
2026-09-16 13:24:00,0.1924,0.1926,0.1924,0.1925,14793.1,2846.77488
2026-09-16 13:25:00,0.1924,0.1929,0.1924,0.1927,226173.2,43576.7339
2026-09-16 13:26:00,0.1927,0.1929,0.1927,0.1927,32612.8,6288.42443
2026-09-16 13:27:00,0.1928,0.193,0.1928,0.193,41948.3,8095.32322
2026-09-16 13:28:00,0.193,0.193,0.1928,0.1928,7162.6,1381.55772
2026-09-16 13:29:00,0.1928,0.1928,0.1926,0.1927,3475.7,669.71616
2026-09-16 13:30:00,0.1926,0.1929,0.1926,0.1927,103351.1,19917.53441
2026-09-16 13:31:00,0.1926,0.1929,0.1925,0.1927,165877.8,31963.10479
2026-09-16 13:32:00,0.1927,0.1928,0.1924,0.1927,313241.0,60337.38078
2026-09-16 13:33:00,0.1927,0.1929,0.1926,0.1927,64402.6,12416.17325
2026-09-16 13:34:00,0.1928,0.1928,0.1926,0.1927,47905.9,9232.00773
2026-09-16 13:35:00,0.1928,0.193,0.1926,0.1926,402558.2,77573.41231
2026-09-16 13:36:00,0.1926,0.1926,0.1924,0.1924,94953.7,18278.11584
2026-09-16 13:37:00,0.1924,0.1924,0.1921,0.1922,195655.7,37630.24849
2026-09-16 13:38:00,0.1923,0.1923,0.1919,0.1921,25455.6,4889.76446
2026-09-16 13:39:00,0.1921,0.1924,0.1919,0.1919,64776.1,12447.90846
2026-09-16 13:40:00,0.1919,0.1921,0.1919,0.1921,5361.9,1029.25791
2026-09-16 13:41:00,0.1921,0.1926,0.1921,0.1926,77983.7,15005.64959
2026-09-16 13:42:00,0.1925,0.1926,0.1922,0.1923,66476.7,12784.6602
2026-09-16 13:43:00,0.1923,0.1924,0.1923,0.1924,354395.9,68183.70581
2026-09-16 13:44:00,0.1925,0.1928,0.1925,0.1926,199461.7,38439.83837
2026-09-16 13:45:00,0.1927,0.1927,0.1925,0.1926,436352.3,84057.07173
2026-09-16 13:46:00,0.1927,0.1927,0.1925,0.1927,59649.7,11488.33062
2026-09-16 13:47:00,0.1927,0.1934,0.1927,0.1934,71181.2,13756.70462
2026-09-16 13:48:00,0.1934,0.1934,0.1931,0.1931,111287.1,21514.60893
2026-09-16 13:49:00,0.193,0.1931,0.1927,0.1931,63597.7,12265.21418
2026-09-16 13:50:00,0.1931,0.1934,0.193,0.193,109813.1,21222.33253
2026-09-16 13:51:00,0.193,0.193,0.1926,0.1927,83820.1,16165.34797
2026-09-16 13:52:00,0.1927,0.1927,0.1924,0.1924,30627.3,5899.24018
2026-09-16 13:53:00,0.1924,0.1926,0.1922,0.1926,22507.1,4330.97571
2026-09-16 13:54:00,0.1926,0.1928,0.1924,0.1925,16434.5,3165.25159
2026-09-16 13:55:00,0.1926,0.1928,0.1925,0.1927,9524.8,1834.75967
2026-09-16 13:56:00,0.1927,0.1928,0.1925,0.1928,237490.4,45771.89806
2026-09-16 13:57:00,0.1927,0.1929,0.1927,0.1927,16285.6,3139.32113
2026-09-16 13:58:00,0.1928,0.1929,0.1924,0.1924,63777.1,12282.45371
2026-09-16 13:59:00,0.1924,0.1924,0.1922,0.1924,35822.5,6889.341
2026-09-16 14:00:00,0.1924,0.1925,0.1922,0.1922,111169.5,21379.63801
2026-09-16 14:01:00,0.1922,0.1924,0.192,0.1922,215636.8,41446.95189
2026-09-16 14:02:00,0.1922,0.1923,0.1917,0.1918,318686.1,61191.41877
2026-09-16 14:03:00,0.1917,0.1919,0.1916,0.1917,22238.5,4263.46643
2026-09-16 14:04:00,0.1916,0.1918,0.1913,0.1918,103838.8,19881.12114
2026-09-16 14:05:00,0.1917,0.1919,0.1917,0.1917,35931.8,6891.43063
