timestamp,open,high,low,close,volume,quote_volume
2025-05-04 16:00:00,0.6904,0.694,0.6801,0.6857,18051046.3,12384531.00648
2025-05-04 20:00:00,0.6858,0.6898,0.6718,0.6762,23153981.7,15744226.96874
2025-05-05 00:00:00,0.6762,0.6803,0.6664,0.673,22334159.3,15049822.53518
2025-05-05 04:00:00,0.673,0.692,0.6725,0.6859,12305837.6,8411513.50257
2025-05-05 08:00:00,0.6858,0.6894,0.6625,0.6636,21602281.1,14554965.90682
2025-05-05 12:00:00,0.6636,0.6688,0.6546,0.6581,36680741.4,24280301.61369
2025-05-05 16:00:00,0.658,0.6728,0.6567,0.6636,12889676.5,8564554.94867
2025-05-05 20:00:00,0.6636,0.6697,0.6541,0.6622,9814453.1,6500421.24818
2025-05-06 00:00:00,0.6621,0.6663,0.6529,0.6616,13841977.8,9134362.95619
2025-05-06 04:00:00,0.6616,0.6674,0.6577,0.6616,8201137.9,5434310.76412
2025-05-06 08:00:00,0.6617,0.6622,0.644,0.648,15038645.4,9838788.36347
2025-05-06 12:00:00,0.648,0.6578,0.6426,0.6522,14944031.3,9725007.88782
2025-05-06 16:00:00,0.6522,0.6656,0.6458,0.6641,11603713.7,7610035.17746
2025-05-06 20:00:00,0.6642,0.6807,0.6532,0.6789,17790117.2,11926481.25215
2025-05-07 00:00:00,0.6789,0.6892,0.6716,0.6781,19228195.3,13109352.63665
2025-05-07 04:00:00,0.678,0.6833,0.6731,0.6824,10952944.3,7426612.9872
2025-05-07 08:00:00,0.6823,0.6873,0.6795,0.6829,9936347.6,6792087.79946
2025-05-07 12:00:00,0.683,0.6837,0.6643,0.6653,19122822.5,12885799.18947
2025-05-07 16:00:00,0.6653,0.6702,0.655,0.6593,21289439.1,14097849.7822
2025-05-07 20:00:00,0.6593,0.6754,0.6555,0.6715,8968177.8,5973097.95043
2025-05-08 00:00:00,0.6716,0.7042,0.67,0.7028,36702707.1,25365622.77112
2025-05-08 04:00:00,0.7029,0.7118,0.6986,0.7079,33032111.6,23294068.87225
2025-05-08 08:00:00,0.7078,0.7243,0.7077,0.7192,33422860.3,24003801.48093
2025-05-08 12:00:00,0.7193,0.7438,0.7152,0.7315,46110894.8,33536365.89257
2025-05-08 16:00:00,0.7315,0.7413,0.7281,0.7404,38446218.8,28230058.35676
2025-05-08 20:00:00,0.7405,0.771,0.7366,0.7693,51275240.3,38787680.70063
2025-05-09 00:00:00,0.7694,0.7755,0.7532,0.7556,38218686.0,29295705.29827
2025-05-09 04:00:00,0.7555,0.7969,0.7544,0.7941,32345056.0,25062415.83616
2025-05-09 08:00:00,0.7941,0.818,0.7743,0.7942,88689323.5,70391924.49797
2025-05-09 12:00:00,0.794,0.7998,0.772,0.7816,35074512.4,27551048.85208
2025-05-09 16:00:00,0.7816,0.79,0.7723,0.7813,18222825.9,14247806.9882
2025-05-09 20:00:00,0.7814,0.7839,0.7724,0.7774,11182823.2,8705023.13839
2025-05-10 00:00:00,0.7773,0.7913,0.7704,0.7807,17980713.0,14050958.75012
2025-05-10 04:00:00,0.7807,0.8021,0.7749,0.8005,27872075.8,22026684.48088
2025-05-10 08:00:00,0.8006,0.813,0.7875,0.7889,30495145.7,24384890.00255
2025-05-10 12:00:00,0.7888,0.814,0.7888,0.8014,26975243.9,21711439.07824
2025-05-10 16:00:00,0.8015,0.8399,0.8013,0.8126,44621596.4,36684202.21301
2025-05-10 20:00:00,0.8126,0.8435,0.805,0.8406,29706264.1,24557126.34401
2025-05-11 00:00:00,0.8406,0.8466,0.8065,0.8163,32571382.6,26793774.47837
2025-05-11 04:00:00,0.8163,0.8221,0.7837,0.7917,26461972.3,21239829.88119
2025-05-11 08:00:00,0.7917,0.8042,0.7871,0.8039,17444624.4,13904769.04288
2025-05-11 12:00:00,0.8039,0.806,0.7845,0.7902,21816629.8,17350255.17204
2025-05-11 16:00:00,0.7901,0.8164,0.7813,0.8091,20078799.7,16075728.83693
2025-05-11 20:00:00,0.8091,0.814,0.8003,0.8053,13034544.7,10514468.86601
2025-05-12 00:00:00,0.8054,0.822,0.7963,0.8197,25140495.0,20420470.74517
2025-05-12 04:00:00,0.8197,0.8449,0.807,0.8248,37656071.4,31096174.62671
2025-05-12 08:00:00,0.8249,0.8377,0.8138,0.8245,33654965.3,27827717.48236
2025-05-12 12:00:00,0.8244,0.8643,0.809,0.822,92444958.1,77340660.88317
2025-05-12 16:00:00,0.8219,0.8341,0.7802,0.8075,45950286.3,37049580.66449
2025-05-12 20:00:00,0.8074,0.8246,0.8003,0.817,15340211.7,12510426.75014
2025-05-13 00:00:00,0.8169,0.8174,0.7741,0.7741,30587414.4,24194054.66431
2025-05-13 04:00:00,0.7741,0.7976,0.7716,0.7916,16035855.2,12613273.58813
2025-05-13 08:00:00,0.7917,0.8045,0.7867,0.7988,17726251.2,14136350.85947
2025-05-13 12:00:00,0.7988,0.8089,0.7905,0.8058,34475708.6,27624192.92388
2025-05-13 16:00:00,0.8059,0.8419,0.8048,0.8348,49146667.0,40483932.96146
2025-05-13 20:00:00,0.8347,0.8362,0.8246,0.8299,22804823.9,18935791.82437
2025-05-14 00:00:00,0.83,0.8337,0.8124,0.8168,22620198.3,18603735.05251
2025-05-14 04:00:00,0.8168,0.8319,0.8126,0.8243,14677512.9,12101254.57405
2025-05-14 08:00:00,0.8244,0.8296,0.7989,0.8209,39661758.3,32222858.88299
2025-05-14 12:00:00,0.8209,0.829,0.798,0.8074,34038968.6,27631030.28197
2025-05-14 16:00:00,0.8073,0.8103,0.7887,0.8014,16668014.0,13324118.61676
2025-05-14 20:00:00,0.8015,0.8035,0.7916,0.7986,9562389.4,7638592.59704
2025-05-15 00:00:00,0.7987,0.8102,0.7852,0.7922,20160746.4,16048354.47129
2025-05-15 04:00:00,0.7922,0.7966,0.7659,0.7676,23897074.1,18679355.23366
2025-05-15 08:00:00,0.7676,0.7839,0.7592,0.772,27873914.9,21468305.78228
2025-05-15 12:00:00,0.7719,0.7789,0.7445,0.7757,47098078.3,35853243.51025
2025-05-15 16:00:00,0.7757,0.7924,0.7587,0.7698,38323668.0,29704314.69599
2025-05-15 20:00:00,0.7698,0.7774,0.7487,0.7624,24120597.2,18403205.18905
2025-05-16 00:00:00,0.7624,0.7835,0.7596,0.7814,19982748.9,15448813.32133
2025-05-16 04:00:00,0.7815,0.7859,0.773,0.7783,12925247.9,10087664.72021
2025-05-16 08:00:00,0.7783,0.7854,0.7633,0.7791,16522582.9,12819732.3055
2025-05-16 12:00:00,0.7791,0.7851,0.7686,0.7788,17387749.2,13521410.76538
2025-05-16 16:00:00,0.7788,0.7828,0.7667,0.773,9134267.5,7062750.17719
2025-05-16 20:00:00,0.7729,0.7729,0.7505,0.7588,13476304.7,10246837.91147
2025-05-17 00:00:00,0.7588,0.7614,0.7352,0.7556,25479182.3,19013024.38977
2025-05-17 04:00:00,0.7557,0.7814,0.754,0.7761,20664616.0,15874635.87493
2025-05-17 08:00:00,0.776,0.777,0.7566,0.76,15946446.9,12234778.44599
2025-05-17 12:00:00,0.76,0.7619,0.7456,0.7504,16471025.7,12430273.24044
2025-05-17 16:00:00,0.7505,0.7511,0.7267,0.735,33464258.7,24715804.18029
2025-05-17 20:00:00,0.7349,0.7537,0.7327,0.7427,15343625.3,11369616.14384
2025-05-18 00:00:00,0.7428,0.746,0.7355,0.738,8876478.1,6579176.84349
2025-05-18 04:00:00,0.738,0.7606,0.7378,0.7594,12216517.0,9196288.43944
2025-05-18 08:00:00,0.7594,0.7664,0.7551,0.7557,13251244.3,10076506.98251
2025-05-18 12:00:00,0.7556,0.7767,0.751,0.774,23103221.8,17696994.44624
2025-05-18 16:00:00,0.7741,0.7762,0.7302,0.7304,40203764.8,30282770.71713
2025-05-18 20:00:00,0.7305,0.7626,0.7171,0.7596,39392131.8,28915823.53459
2025-05-19 00:00:00,0.7597,0.765,0.7266,0.7282,22913102.8,17002066.73063
2025-05-19 04:00:00,0.7283,0.7313,0.71,0.7237,30418489.0,21911791.93201
2025-05-19 08:00:00,0.7236,0.73,0.7163,0.7282,16002952.2,11570800.44351
2025-05-19 12:00:00,0.7282,0.7396,0.7173,0.7362,22985727.2,16757362.63525
2025-05-19 16:00:00,0.7363,0.7479,0.7305,0.7421,20400209.7,15058321.50203
2025-05-19 20:00:00,0.742,0.7449,0.7373,0.7425,9016264.7,6683454.73048
2025-05-20 00:00:00,0.7426,0.7538,0.7402,0.7431,20591607.1,15375043.69111
2025-05-20 04:00:00,0.7431,0.7468,0.7312,0.733,13130806.3,9710606.29495
2025-05-20 08:00:00,0.733,0.7367,0.724,0.7289,15659900.7,11447619.16907
2025-05-20 12:00:00,0.7289,0.7337,0.7224,0.7321,13374276.7,9735611.70994
2025-05-20 16:00:00,0.7321,0.7415,0.7248,0.7393,14376445.1,10543667.26573
2025-05-20 20:00:00,0.7393,0.75,0.736,0.746,17327395.5,12888273.70604
2025-05-21 00:00:00,0.7461,0.7549,0.7366,0.7519,16986482.4,12673554.56985
2025-05-21 04:00:00,0.752,0.7665,0.7506,0.7528,25067279.6,19001249.58007
2025-05-21 08:00:00,0.7529,0.767,0.7448,0.7553,16025554.8,12083204.9216
2025-05-21 12:00:00,0.7553,0.7684,0.748,0.7655,25559183.4,19414086.98692
2025-05-21 16:00:00,0.7655,0.7839,0.7423,0.7612,50383179.6,38216506.17727
2025-05-21 20:00:00,0.7611,0.7786,0.7571,0.7693,18140226.8,13919815.28928
2025-05-22 00:00:00,0.7693,0.7923,0.7688,0.7887,28752696.8,22426114.04947
2025-05-22 04:00:00,0.7887,0.7948,0.7834,0.7941,26214081.7,20680233.22184
2025-05-22 08:00:00,0.794,0.8108,0.7926,0.8024,29075286.6,23298035.13033
2025-05-22 12:00:00,0.8024,0.809,0.7955,0.8032,26477313.1,21248638.19296
2025-05-22 16:00:00,0.8033,0.8087,0.7992,0.8021,13651067.3,10972082.81282
2025-05-22 20:00:00,0.8022,0.8095,0.7973,0.8093,11900993.4,9557012.33883
2025-05-23 00:00:00,0.8093,0.8395,0.8067,0.8381,32600627.5,26818063.92692
2025-05-23 04:00:00,0.8381,0.8414,0.804,0.8086,41171509.9,33749534.1005
2025-05-23 08:00:00,0.8086,0.8249,0.7778,0.7818,38988889.0,31221160.77201
2025-05-23 12:00:00,0.7819,0.7907,0.7601,0.7776,63573201.9,49379689.68213
2025-05-23 16:00:00,0.7776,0.7851,0.7704,0.7734,21636176.2,16813851.72669
2025-05-23 20:00:00,0.7734,0.7735,0.743,0.7471,30353005.5,22981301.11839
2025-05-24 00:00:00,0.7472,0.763,0.7429,0.7617,21286425.0,16010404.61205
2025-05-24 04:00:00,0.7617,0.7668,0.7549,0.7573,12683417.3,9647945.96081
2025-05-24 08:00:00,0.7574,0.7658,0.7534,0.761,10518602.4,7994102.19415
2025-05-24 12:00:00,0.761,0.7621,0.7551,0.7584,9034983.8,6854855.8721
2025-05-24 16:00:00,0.7584,0.7623,0.752,0.7548,9268151.3,7007730.65162
2025-05-24 20:00:00,0.7548,0.7548,0.7409,0.7467,10566123.9,7894944.97072
2025-05-25 00:00:00,0.7467,0.7492,0.7313,0.7442,19331681.7,14285064.00755
2025-05-25 04:00:00,0.7441,0.7443,0.7344,0.7386,6471396.8,4786981.54996
2025-05-25 08:00:00,0.7387,0.7398,0.7277,0.739,12015015.0,8807649.57047
2025-05-25 12:00:00,0.739,0.7522,0.7308,0.74,17826582.5,13240982.62271
2025-05-25 16:00:00,0.74,0.7512,0.7347,0.7483,9409861.5,7004304.64495
2025-05-25 20:00:00,0.7483,0.7604,0.7412,0.7598,15616252.0,11754526.61144
2025-05-26 00:00:00,0.7598,0.7655,0.7548,0.763,13021304.0,9903190.81033
2025-05-26 04:00:00,0.763,0.7754,0.7604,0.7753,14179933.1,10881153.3215
2025-05-26 08:00:00,0.7753,0.7771,0.7616,0.767,13449272.5,10334530.62774
2025-05-26 12:00:00,0.767,0.7726,0.7572,0.7686,20295943.2,15535509.96038
2025-05-26 16:00:00,0.7687,0.7698,0.7516,0.7543,12072582.8,9154187.40803
2025-05-26 20:00:00,0.7542,0.763,0.751,0.7604,6604427.4,4997110.31972
2025-05-27 00:00:00,0.7604,0.7636,0.7434,0.7539,13928794.7,10479363.45167
2025-05-27 04:00:00,0.754,0.7666,0.7505,0.7649,11806861.2,8965280.07565
2025-05-27 08:00:00,0.7648,0.7732,0.7648,0.7694,16690516.9,12834769.62308
2025-05-27 12:00:00,0.7694,0.7756,0.7559,0.7676,24663536.4,18919510.83827
2025-05-27 16:00:00,0.7678,0.7749,0.7626,0.7638,13484199.7,10361438.66816
2025-05-27 20:00:00,0.7639,0.7665,0.7553,0.7583,10563288.2,8033829.54418
2025-05-28 00:00:00,0.7584,0.7605,0.7501,0.7546,12604924.2,9518784.7129
2025-05-28 04:00:00,0.7546,0.7588,0.7456,0.7508,12260951.0,9211558.57781
2025-05-28 08:00:00,0.7508,0.76,0.7475,0.7589,10380734.0,7831171.29283
2025-05-28 12:00:00,0.7589,0.7614,0.7404,0.7415,18573110.6,13944501.09844
2025-05-28 16:00:00,0.7415,0.7511,0.7327,0.7329,12117821.3,9001533.43818
2025-05-28 20:00:00,0.7329,0.7481,0.7324,0.7476,9418749.4,6979120.4169
2025-05-29 00:00:00,0.7476,0.7652,0.7438,0.758,24264873.1,18360176.59855
2025-05-29 04:00:00,0.758,0.7602,0.7446,0.7506,14537993.2,10922661.2223
2025-05-29 08:00:00,0.7506,0.7566,0.7466,0.7561,10100503.6,7594141.21469
2025-05-29 12:00:00,0.7561,0.7564,0.7336,0.7376,19628692.6,14581693.16407
2025-05-29 16:00:00,0.7377,0.7403,0.723,0.7274,21233784.1,15522961.6354
2025-05-29 20:00:00,0.7273,0.7363,0.7194,0.7221,14705327.4,10697894.69773
2025-05-30 00:00:00,0.7221,0.7281,0.6845,0.7092,69995078.9,49373778.9343
2025-05-30 04:00:00,0.7091,0.713,0.6965,0.6998,18308637.9,12899359.73778
2025-05-30 08:00:00,0.6999,0.7104,0.6941,0.709,17726525.7,12445600.44544
2025-05-30 12:00:00,0.7091,0.7116,0.6963,0.7019,18759189.5,13193325.70387
2025-05-30 16:00:00,0.702,0.7153,0.6821,0.7114,33429205.2,23283189.06074
2025-05-30 20:00:00,0.7115,0.7125,0.6829,0.6889,16298546.4,11389374.49647
2025-05-31 00:00:00,0.689,0.6912,0.6592,0.6617,36422822.2,24452185.03356
2025-05-31 04:00:00,0.6618,0.6714,0.6561,0.6657,18355692.5,12217022.07541
2025-05-31 08:00:00,0.6657,0.6723,0.6628,0.664,17027683.9,11361777.26862
2025-05-31 12:00:00,0.664,0.6866,0.6632,0.6799,15758067.6,10675124.15573
2025-05-31 16:00:00,0.6798,0.6937,0.6793,0.6891,11352690.3,7790234.59417
2025-05-31 20:00:00,0.6891,0.6952,0.6841,0.6858,12361654.4,8524679.59184
2025-06-01 00:00:00,0.6858,0.6861,0.6719,0.6781,9856573.2,6689319.12501
2025-06-01 04:00:00,0.6781,0.6847,0.6707,0.6733,9172385.2,6209200.28955
2025-06-01 08:00:00,0.6732,0.6733,0.6541,0.6637,26561016.6,17561660.38193
2025-06-01 12:00:00,0.6638,0.6758,0.6571,0.6751,18209015.5,12124842.24836
2025-06-01 16:00:00,0.675,0.6854,0.6699,0.6787,18441019.2,12528008.30889
2025-06-01 20:00:00,0.6788,0.688,0.6762,0.6855,9916933.3,6767443.86088
2025-06-02 00:00:00,0.6854,0.6898,0.6741,0.6772,15616753.8,10649475.32447
2025-06-02 04:00:00,0.6771,0.6844,0.6758,0.6791,7500913.5,5100773.70366
2025-06-02 08:00:00,0.6791,0.6803,0.6636,0.6664,15420404.2,10324585.55893
2025-06-02 12:00:00,0.6663,0.6768,0.6645,0.6743,11807639.6,7924186.33492
2025-06-02 16:00:00,0.6744,0.6796,0.6694,0.6733,9020222.3,6079039.75752
2025-06-02 20:00:00,0.6734,0.6921,0.6734,0.6896,13576474.5,9317346.88321
2025-06-03 00:00:00,0.6897,0.7072,0.6876,0.6938,17954388.4,12537258.70141
2025-06-03 04:00:00,0.6939,0.6985,0.6895,0.6931,8443780.1,5863632.10391
2025-06-03 08:00:00,0.6932,0.696,0.6883,0.6918,6480615.7,4488218.52903
2025-06-03 12:00:00,0.6918,0.6971,0.683,0.6934,17442290.8,12051109.51131
2025-06-03 16:00:00,0.6933,0.6937,0.6848,0.691,12951484.4,8924019.44063
2025-06-03 20:00:00,0.691,0.6911,0.6738,0.6837,12239759.2,8353783.20075
2025-06-04 00:00:00,0.6837,0.7027,0.6829,0.6957,10843603.5,7526519.0831
2025-06-04 04:00:00,0.6957,0.6989,0.6908,0.6961,8159965.0,5668678.2217
2025-06-04 08:00:00,0.6962,0.7018,0.6929,0.6929,9192379.8,6410781.48383
2025-06-04 12:00:00,0.693,0.6938,0.6787,0.6884,13521878.2,9292954.95315
2025-06-04 16:00:00,0.6884,0.6888,0.6711,0.6736,11416277.2,7749937.40177
2025-06-04 20:00:00,0.6736,0.6741,0.662,0.6654,18357722.9,12256528.77548
2025-06-05 00:00:00,0.6654,0.6759,0.6653,0.6757,8952566.5,6008231.41849
2025-06-05 04:00:00,0.6758,0.6811,0.6721,0.6765,10129933.1,6858644.83165
2025-06-05 08:00:00,0.6765,0.6843,0.6758,0.6811,11628172.5,7902864.68434
2025-06-05 12:00:00,0.6811,0.6899,0.6685,0.6741,17870297.9,12138029.42297
2025-06-05 16:00:00,0.6741,0.6742,0.6339,0.6421,39470312.7,25691036.02148
2025-06-05 20:00:00,0.6421,0.643,0.6186,0.6256,57588689.9,36105144.00268
2025-06-06 00:00:00,0.6256,0.6379,0.621,0.6374,14642726.9,9203868.52587
2025-06-06 04:00:00,0.6375,0.643,0.6348,0.6395,14062109.6,8990662.31166
2025-06-06 08:00:00,0.6395,0.6528,0.6385,0.6508,17593279.8,11360646.3642
2025-06-06 12:00:00,0.6509,0.6723,0.6506,0.6667,26927235.6,17809423.47169
2025-06-06 16:00:00,0.6666,0.6723,0.6606,0.6628,14697892.0,9769918.14875
2025-06-06 20:00:00,0.6629,0.6664,0.6529,0.6554,11581414.5,7629516.05059
2025-06-07 00:00:00,0.6554,0.6624,0.6494,0.662,10474900.3,6870462.16769
2025-06-07 04:00:00,0.6619,0.6702,0.657,0.6689,9471017.7,6281689.3241
2025-06-07 08:00:00,0.6689,0.6705,0.663,0.6681,8085230.1,5388871.01028
2025-06-07 12:00:00,0.6681,0.6708,0.666,0.6662,8426518.9,5634954.26958
2025-06-07 16:00:00,0.6662,0.6675,0.6619,0.6641,9429751.6,6263294.73246
2025-06-07 20:00:00,0.6641,0.6698,0.664,0.6645,6766324.4,4511807.31821
2025-06-08 00:00:00,0.6645,0.6649,0.6557,0.6581,8596364.6,5664118.36621
2025-06-08 04:00:00,0.6582,0.6661,0.656,0.6623,7805674.9,5162333.08155
2025-06-08 08:00:00,0.6623,0.6654,0.6517,0.6644,12899214.1,8487149.31132
2025-06-08 12:00:00,0.6643,0.6796,0.6632,0.67,21341469.3,14303090.51541
2025-06-08 16:00:00,0.67,0.6778,0.6699,0.6744,11193196.5,7533321.58128
2025-06-08 20:00:00,0.6744,0.6791,0.6677,0.6703,11316662.3,7619733.05565
2025-06-09 00:00:00,0.6703,0.672,0.6606,0.6635,10651904.1,7091713.32187
2025-06-09 04:00:00,0.6635,0.6639,0.6565,0.6626,12849815.5,8496378.5411
2025-06-09 08:00:00,0.6626,0.6777,0.6603,0.6758,16280135.4,10927944.92393
2025-06-09 12:00:00,0.6757,0.6761,0.6655,0.6737,14043146.4,9428576.9477
2025-06-09 16:00:00,0.6737,0.6865,0.6737,0.6814,17035403.7,11621230.09615
2025-06-09 20:00:00,0.6814,0.708,0.6814,0.7049,28331840.1,19785277.18106
2025-06-10 00:00:00,0.705,0.7158,0.7048,0.7059,24111994.2,17124631.39743
2025-06-10 04:00:00,0.706,0.707,0.6934,0.6964,17273790.0,12104374.06985
2025-06-10 08:00:00,0.6965,0.7074,0.6859,0.7048,28189586.8,19603527.31496
2025-06-10 12:00:00,0.7049,0.7126,0.6877,0.6959,33821000.3,23732801.95904
2025-06-10 16:00:00,0.6958,0.7154,0.6953,0.7087,19579834.2,13817126.43948
2025-06-10 20:00:00,0.7087,0.7206,0.7036,0.7167,23856344.8,17023549.0268
2025-06-11 00:00:00,0.7167,0.7218,0.7093,0.7201,16550192.6,11833024.90032
2025-06-11 04:00:00,0.72,0.7276,0.7171,0.7236,16639434.9,12007288.4409
2025-06-11 08:00:00,0.7235,0.729,0.7113,0.7148,18774493.5,13505672.83098
2025-06-11 12:00:00,0.7148,0.7315,0.7111,0.7257,24416852.5,17658521.51988
2025-06-11 16:00:00,0.7256,0.7263,0.7021,0.7042,21063112.8,15014470.40856
2025-06-11 20:00:00,0.7041,0.7101,0.6909,0.698,16177128.7,11301698.63348
2025-06-12 00:00:00,0.6979,0.7003,0.6887,0.6907,10371912.9,7209314.88275
2025-06-12 04:00:00,0.6907,0.6947,0.6857,0.687,9747815.2,6729136.65385
2025-06-12 08:00:00,0.6869,0.6888,0.6756,0.6774,15813530.2,10785905.16044
2025-06-12 12:00:00,0.6774,0.6901,0.6763,0.6772,16571723.7,11322155.57467
2025-06-12 16:00:00,0.6772,0.6884,0.6664,0.6685,20071096.9,13622737.19542
2025-06-12 20:00:00,0.6685,0.6712,0.6569,0.6613,26518543.2,17576045.14149
2025-06-13 00:00:00,0.6613,0.6614,0.6174,0.6346,85430885.3,53936818.48344
2025-06-13 04:00:00,0.6346,0.637,0.625,0.6356,21847319.6,13799873.47374
2025-06-13 08:00:00,0.6357,0.6424,0.6302,0.6417,21112583.7,13426911.89039
2025-06-13 12:00:00,0.6416,0.6436,0.6277,0.6383,24608920.1,15667922.46908
2025-06-13 16:00:00,0.6384,0.645,0.6279,0.632,17225496.1,10959119.06665
2025-06-13 20:00:00,0.6321,0.6427,0.6308,0.642,10083476.9,6436916.03903
2025-06-14 00:00:00,0.6421,0.6428,0.6334,0.6363,12464374.1,7946566.72628
2025-06-14 04:00:00,0.6363,0.639,0.6324,0.6365,9280398.3,5906994.89738
2025-06-14 08:00:00,0.6365,0.6379,0.6315,0.6361,7467458.4,4742360.55801
2025-06-14 12:00:00,0.636,0.6374,0.6263,0.6285,6390220.2,4038164.73459
2025-06-14 16:00:00,0.6285,0.6302,0.6145,0.6189,14177884.4,8803590.71946
2025-06-14 20:00:00,0.619,0.6274,0.6131,0.6247,7969856.4,4947339.03368
2025-06-15 00:00:00,0.6247,0.63,0.6236,0.6275,5890574.9,3689759.36448
2025-06-15 04:00:00,0.6276,0.6348,0.6274,0.6278,6132111.4,3867302.36836
2025-06-15 08:00:00,0.6279,0.6287,0.6211,0.6261,6188047.3,3867151.53991
2025-06-15 12:00:00,0.6261,0.6359,0.6256,0.6305,12018134.7,7588837.1794
2025-06-15 16:00:00,0.6305,0.6327,0.6274,0.6297,5917580.0,3728940.59436
2025-06-15 20:00:00,0.6297,0.6349,0.6208,0.6334,8519831.2,5351035.29025
2025-06-16 00:00:00,0.6333,0.641,0.6247,0.6369,11635574.1,7392647.9308
2025-06-16 04:00:00,0.6369,0.6506,0.6363,0.6491,17061407.4,10985053.46775
2025-06-16 08:00:00,0.6492,0.6497,0.639,0.6461,11447211.1,7380996.31047
2025-06-16 12:00:00,0.6461,0.6541,0.643,0.6492,19282854.9,12509861.95893
2025-06-16 16:00:00,0.6493,0.6575,0.6484,0.6551,13930565.1,9113945.94932
2025-06-16 20:00:00,0.6551,0.6566,0.6283,0.6303,26244539.6,16872535.53737
2025-06-17 00:00:00,0.6302,0.6426,0.6189,0.6367,29724755.4,18736238.12599
2025-06-17 04:00:00,0.6367,0.6377,0.6301,0.6325,8890662.4,5634206.73053
2025-06-17 08:00:00,0.6325,0.6329,0.6205,0.6217,11384598.8,7110033.29137
2025-06-17 12:00:00,0.6218,0.628,0.6067,0.6118,24996786.1,15423322.90184
2025-06-17 16:00:00,0.6117,0.6221,0.5998,0.6176,24497243.8,14911262.39242
2025-06-17 20:00:00,0.6175,0.6196,0.6053,0.609,10876258.3,6658413.94405
2025-06-18 00:00:00,0.609,0.6178,0.6082,0.6138,8010429.4,4904833.78343
2025-06-18 04:00:00,0.6137,0.6217,0.6121,0.6155,10328812.0,6376501.01518
2025-06-18 08:00:00,0.6156,0.6177,0.5995,0.607,14796806.1,8983192.11298
2025-06-18 12:00:00,0.607,0.6079,0.5897,0.5947,36869312.1,22064775.98698
2025-06-18 16:00:00,0.5947,0.601,0.588,0.5909,27304893.3,16210261.12989
2025-06-18 20:00:00,0.5909,0.6099,0.5895,0.6039,23636529.9,14281532.52892
2025-06-19 00:00:00,0.604,0.6117,0.5986,0.6032,19093534.0,11549809.61011
2025-06-19 04:00:00,0.6033,0.6077,0.5968,0.5984,11309441.3,6807705.70264
2025-06-19 08:00:00,0.5984,0.6038,0.5972,0.5986,9294886.0,5577585.44784
2025-06-19 12:00:00,0.5987,0.6011,0.5907,0.591,9384844.9,5590248.94945
2025-06-19 16:00:00,0.5911,0.602,0.5898,0.5996,11830388.5,7063081.63674
2025-06-19 20:00:00,0.5997,0.6038,0.5975,0.602,8396321.0,5044289.91615
2025-06-20 00:00:00,0.6021,0.6041,0.5978,0.598,7147447.5,4296365.6668
2025-06-20 04:00:00,0.598,0.6034,0.5869,0.6027,17698978.6,10509159.41206
2025-06-20 08:00:00,0.6028,0.6071,0.5992,0.6023,14522904.2,8750404.4908
2025-06-20 12:00:00,0.6024,0.6055,0.5812,0.5832,27695889.9,16371104.51367
2025-06-20 16:00:00,0.5833,0.5846,0.5613,0.5779,62158052.8,35617625.82536
2025-06-20 20:00:00,0.5778,0.5842,0.5711,0.5774,11734850.2,6779806.11321
2025-06-21 00:00:00,0.5775,0.587,0.577,0.5846,13740252.6,8011139.22301
2025-06-21 04:00:00,0.5846,0.5882,0.5812,0.5823,18014533.5,10531120.93554
2025-06-21 08:00:00,0.5824,0.5865,0.5813,0.584,14689488.2,8586596.4383
2025-06-21 12:00:00,0.5839,0.5855,0.572,0.5757,12464292.4,7200143.01569
2025-06-21 16:00:00,0.5756,0.5785,0.5637,0.5644,19436111.5,11080375.24472
2025-06-21 20:00:00,0.5644,0.5698,0.5443,0.5561,62601993.0,34722305.6349
2025-06-22 00:00:00,0.5562,0.5642,0.545,0.5477,39558157.1,21930890.45294
2025-06-22 04:00:00,0.5476,0.558,0.5461,0.5488,19491737.4,10780106.67572
2025-06-22 08:00:00,0.5488,0.5505,0.5386,0.5463,27987022.6,15255423.01889
2025-06-22 12:00:00,0.5464,0.5514,0.5203,0.5232,100086876.1,53228158.75449
2025-06-22 16:00:00,0.5232,0.5358,0.5205,0.5244,24395789.4,12874564.51695
2025-06-22 20:00:00,0.5245,0.5421,0.51,0.5419,42912772.3,22534313.74824
2025-06-23 00:00:00,0.5419,0.548,0.5393,0.5456,13128845.2,7139621.99328
2025-06-23 04:00:00,0.5456,0.5522,0.5439,0.5485,13517295.3,7408409.08003
2025-06-23 08:00:00,0.5485,0.5504,0.54,0.5431,17267911.4,9394945.19496
2025-06-23 12:00:00,0.5431,0.5571,0.5377,0.5424,46377092.8,25469899.9214
2025-06-23 16:00:00,0.5424,0.5562,0.5289,0.5549,58162275.0,31692520.27127
2025-06-23 20:00:00,0.5549,0.5862,0.5533,0.5823,66487206.4,38003572.04601
2025-06-24 00:00:00,0.5823,0.5845,0.5762,0.5797,22664570.6,13135325.11205
2025-06-24 04:00:00,0.5797,0.5936,0.5788,0.5819,36866618.5,21684689.66236
2025-06-24 08:00:00,0.5819,0.5876,0.5772,0.5849,28534015.6,16592190.77904
2025-06-24 12:00:00,0.5848,0.5895,0.5795,0.5836,32436019.8,18967511.61642
2025-06-24 16:00:00,0.5837,0.5925,0.579,0.5827,18915094.9,11081534.06448
2025-06-24 20:00:00,0.5827,0.5879,0.5811,0.5875,8677661.8,5077465.03984
2025-06-25 00:00:00,0.5875,0.5907,0.5838,0.584,10209812.7,5998803.17847
2025-06-25 04:00:00,0.584,0.5863,0.5792,0.585,10196488.8,5938302.45313
2025-06-25 08:00:00,0.5849,0.5853,0.5744,0.5806,20278524.8,11734553.33859
2025-06-25 12:00:00,0.5805,0.5856,0.5661,0.5673,37165505.2,21396773.24872
2025-06-25 16:00:00,0.5674,0.5726,0.5636,0.5715,19039382.0,10813816.55061
2025-06-25 20:00:00,0.5715,0.5746,0.5631,0.5671,9624897.6,5467854.3745
2025-06-26 00:00:00,0.5671,0.5819,0.566,0.5736,18560698.9,10638177.23842
2025-06-26 04:00:00,0.5737,0.5751,0.5676,0.5723,13287051.8,7586464.8694
2025-06-26 08:00:00,0.5722,0.5748,0.5627,0.5634,19102059.4,10808756.91204
2025-06-26 12:00:00,0.5635,0.564,0.5498,0.5545,29471611.2,16382872.00195
2025-06-26 16:00:00,0.5546,0.5584,0.5503,0.5558,10341693.6,5731325.26123
2025-06-26 20:00:00,0.5557,0.564,0.5511,0.5543,11071396.1,6161608.11099
2025-06-27 00:00:00,0.5544,0.5611,0.5488,0.5599,12506902.8,6955203.62551
2025-06-27 04:00:00,0.5598,0.5605,0.553,0.5539,8483704.1,4724431.89471
2025-06-27 08:00:00,0.5539,0.5593,0.5523,0.5543,10153516.3,5637381.45319
2025-06-27 12:00:00,0.5543,0.5564,0.5471,0.5554,22857455.9,12605259.59031
2025-06-27 16:00:00,0.5555,0.5633,0.545,0.5509,17991869.0,9957431.61485
2025-06-27 20:00:00,0.5508,0.5613,0.5503,0.5587,8568694.3,4776988.3006
2025-06-28 00:00:00,0.5586,0.5632,0.5563,0.5597,10337166.8,5789187.71878
2025-06-28 04:00:00,0.5597,0.5645,0.5583,0.5625,12862515.0,7215700.37732
2025-06-28 08:00:00,0.5626,0.5627,0.5585,0.5591,8180785.7,4582618.2037
2025-06-28 12:00:00,0.5592,0.5647,0.5554,0.5642,7371386.5,4123651.66574
2025-06-28 16:00:00,0.5643,0.5688,0.5621,0.5638,15995435.3,9041267.14676
2025-06-28 20:00:00,0.5638,0.5675,0.5623,0.5654,5525400.3,3121141.56146
2025-06-29 00:00:00,0.5654,0.5687,0.5625,0.5635,6298800.7,3564312.75456
2025-06-29 04:00:00,0.5634,0.564,0.559,0.5612,8147110.5,4574299.71243
2025-06-29 08:00:00,0.5612,0.5665,0.5605,0.5652,13814838.1,7788236.4254
2025-06-29 12:00:00,0.5653,0.5666,0.5553,0.5559,21470152.4,12031102.24649
2025-06-29 16:00:00,0.5559,0.5613,0.555,0.5588,14097994.7,7864600.48049
2025-06-29 20:00:00,0.5588,0.5857,0.5553,0.5773,39422281.9,22673756.47892
2025-06-30 00:00:00,0.5773,0.5798,0.566,0.5684,22891080.3,13130513.36963
2025-06-30 04:00:00,0.5683,0.57,0.5587,0.5664,12865991.1,7271855.87253
2025-06-30 08:00:00,0.5664,0.5685,0.5621,0.5641,13769671.2,7790180.35497
2025-06-30 12:00:00,0.5641,0.5715,0.5561,0.5672,21047827.6,11840970.18652
2025-06-30 16:00:00,0.5673,0.5904,0.5653,0.5896,26195056.4,15124418.78533
2025-06-30 20:00:00,0.5896,0.5905,0.5712,0.5722,16475970.7,9569282.96865
2025-07-01 00:00:00,0.5722,0.5765,0.5648,0.569,12664199.6,7234296.8827
2025-07-01 04:00:00,0.569,0.569,0.5586,0.5672,18363711.3,10344581.57775
2025-07-01 08:00:00,0.5671,0.5671,0.5581,0.5603,13412691.3,7542841.7728
2025-07-01 12:00:00,0.5602,0.5608,0.5433,0.5469,32430895.8,17863173.60439
2025-07-01 16:00:00,0.547,0.5547,0.5384,0.5392,34025703.6,18555005.33054
2025-07-01 20:00:00,0.5392,0.5451,0.5366,0.542,11685381.5,6319873.59007
2025-07-02 00:00:00,0.542,0.5492,0.5387,0.5484,13219032.7,7195646.2734
2025-07-02 04:00:00,0.5485,0.5584,0.5484,0.5567,18752298.4,10383858.33388
2025-07-02 08:00:00,0.5566,0.5649,0.5564,0.561,13171515.3,7370528.11921
2025-07-02 12:00:00,0.5611,0.5788,0.5568,0.5778,31730271.1,18018944.00775
2025-07-02 16:00:00,0.5778,0.5998,0.5778,0.5956,82547573.6,48946781.54179
2025-07-02 20:00:00,0.5957,0.5993,0.5831,0.584,25960517.2,15391837.40469
2025-07-03 00:00:00,0.584,0.5895,0.5827,0.5867,11924658.2,6990230.66157
2025-07-03 04:00:00,0.5867,0.6093,0.5864,0.6084,24544422.1,14765966.69435
2025-07-03 08:00:00,0.6085,0.6108,0.6007,0.6037,18199967.8,11029405.10728
2025-07-03 12:00:00,0.6037,0.6119,0.5866,0.5877,41136569.2,24664950.50211
2025-07-03 16:00:00,0.5877,0.5977,0.5874,0.5957,9715207.7,5760055.624
2025-07-03 20:00:00,0.5957,0.603,0.5956,0.5992,7605681.8,4563441.38115
2025-07-04 00:00:00,0.5992,0.6034,0.5909,0.5937,12377042.0,7382793.54495
2025-07-04 04:00:00,0.5937,0.5942,0.5794,0.5797,14107293.6,8273356.72247
2025-07-04 08:00:00,0.5798,0.5843,0.5742,0.5816,12745420.4,7401558.82933
2025-07-04 12:00:00,0.5816,0.5832,0.5701,0.5711,20770592.5,11955100.47179
2025-07-04 16:00:00,0.5711,0.5729,0.5629,0.5667,17753696.2,10083917.73803
2025-07-04 20:00:00,0.5666,0.5763,0.5657,0.5724,7044832.4,4027140.35189
2025-07-05 00:00:00,0.5725,0.5791,0.5687,0.5782,7517758.1,4322026.97419
2025-07-05 04:00:00,0.5782,0.5835,0.5754,0.5791,9042653.1,5245350.88675
2025-07-05 08:00:00,0.5791,0.5791,0.5708,0.5748,6664931.2,3829939.25645
2025-07-05 12:00:00,0.5748,0.5764,0.5714,0.5757,4533026.5,2601787.6383
2025-07-05 16:00:00,0.5757,0.5774,0.5698,0.5738,4727883.8,2710764.42224
2025-07-05 20:00:00,0.5737,0.5768,0.5716,0.5755,3210553.7,1845106.08546
2025-07-06 00:00:00,0.5756,0.5757,0.5707,0.5751,4127044.8,2365698.48242
2025-07-06 04:00:00,0.5752,0.577,0.5725,0.5738,3850787.5,2212527.3069
2025-07-06 08:00:00,0.5738,0.5796,0.5719,0.578,7396848.5,4262351.4367
2025-07-06 12:00:00,0.5781,0.5906,0.5768,0.5856,17604146.0,10279381.97682
2025-07-06 16:00:00,0.5856,0.5876,0.5785,0.5834,7803825.3,4555540.96071
2025-07-06 20:00:00,0.5834,0.5931,0.5829,0.5858,13652464.3,8042384.70431
2025-07-07 00:00:00,0.5858,0.5947,0.582,0.5875,12777465.9,7519339.78602
2025-07-07 04:00:00,0.5875,0.5903,0.5816,0.5902,8355156.9,4896461.38985
2025-07-07 08:00:00,0.5901,0.5909,0.5841,0.5874,9483216.4,5571495.15413
2025-07-07 12:00:00,0.5875,0.591,0.5798,0.5836,21360708.3,12480210.67869
2025-07-07 16:00:00,0.5836,0.5884,0.575,0.5802,18847241.1,10964820.35958
2025-07-07 20:00:00,0.5801,0.5808,0.5734,0.5805,8660748.3,5000750.00464
2025-07-08 00:00:00,0.5806,0.584,0.5727,0.576,11780411.3,6808590.77809
2025-07-08 04:00:00,0.576,0.5811,0.5722,0.5784,18414359.0,10618371.508
2025-07-08 08:00:00,0.5783,0.5876,0.5767,0.5845,8211452.6,4778320.35804
2025-07-08 12:00:00,0.5846,0.5882,0.5791,0.5813,12500827.9,7297776.94937
2025-07-08 16:00:00,0.5814,0.5921,0.5797,0.5891,16161982.4,9507505.25674
2025-07-08 20:00:00,0.5892,0.5898,0.5853,0.5884,5552203.3,3263118.10148
2025-07-09 00:00:00,0.5883,0.589,0.584,0.5852,7395477.1,4337909.70125
2025-07-09 04:00:00,0.5852,0.5999,0.5843,0.5961,16204894.7,9625817.98783
2025-07-09 08:00:00,0.5962,0.611,0.5924,0.6094,24162629.7,14533518.29527
2025-07-09 12:00:00,0.6095,0.621,0.601,0.6109,40408724.6,24727620.4494
2025-07-09 16:00:00,0.611,0.6249,0.6058,0.6221,28722597.9,17648216.88306
2025-07-09 20:00:00,0.6221,0.6281,0.6148,0.6227,31175882.3,19377797.25399
2025-07-10 00:00:00,0.6227,0.6267,0.6173,0.6216,12254986.1,7625596.33858
2025-07-10 04:00:00,0.6215,0.6408,0.6184,0.628,24970962.2,15680035.10136
2025-07-10 08:00:00,0.628,0.6342,0.6252,0.6317,16475840.9,10373206.35995
2025-07-10 12:00:00,0.6318,0.6318,0.6211,0.6292,15468409.7,9682418.98935
2025-07-10 16:00:00,0.6292,0.6598,0.6277,0.6521,45242922.8,29306370.75107
2025-07-10 20:00:00,0.652,0.6803,0.6515,0.6775,42689047.5,28533296.80122
2025-07-11 00:00:00,0.6776,0.6916,0.6681,0.6876,36124276.9,24621766.39062
2025-07-11 04:00:00,0.6876,0.7025,0.6827,0.6992,55724040.3,38674719.74722
2025-07-11 08:00:00,0.6992,0.7374,0.698,0.7277,68810435.8,49530986.72982
2025-07-11 12:00:00,0.7277,0.7774,0.7274,0.7375,140996073.3,105828500.49486
2025-07-11 16:00:00,0.7375,0.7461,0.723,0.7431,72504245.8,53168557.81571
2025-07-11 20:00:00,0.7432,0.7432,0.6933,0.7094,48248324.9,34448082.69562
2025-07-12 00:00:00,0.7094,0.7371,0.699,0.7289,39147524.4,28341346.05467
2025-07-12 04:00:00,0.729,0.733,0.7115,0.7151,25486320.4,18354272.88838
2025-07-12 08:00:00,0.7151,0.735,0.711,0.723,23022129.8,16688707.01561
2025-07-12 12:00:00,0.7231,0.7249,0.6884,0.6935,50761160.1,35834503.22243
2025-07-12 16:00:00,0.6934,0.7093,0.6899,0.7074,18614915.1,13088121.23113
2025-07-12 20:00:00,0.7073,0.7105,0.6955,0.7089,11266322.3,7932701.02144
2025-07-13 00:00:00,0.7089,0.7227,0.7052,0.7187,18385974.8,13140356.27505
2025-07-13 04:00:00,0.7188,0.7486,0.7157,0.7402,48262429.8,35546642.47868
2025-07-13 08:00:00,0.7402,0.7439,0.7233,0.7292,50270331.3,36918064.48872
2025-07-13 12:00:00,0.7292,0.7562,0.7275,0.7419,57808493.8,42929604.81231
2025-07-13 16:00:00,0.7419,0.7529,0.732,0.7449,22283517.5,16566272.02032
2025-07-13 20:00:00,0.7448,0.75,0.7267,0.7367,18042437.0,13289598.6814
2025-07-14 00:00:00,0.7368,0.7683,0.7343,0.7601,47289375.6,35644562.89119
2025-07-14 04:00:00,0.7601,0.7674,0.7452,0.7623,45217159.5,34305396.10648
2025-07-14 08:00:00,0.7624,0.7649,0.7427,0.7471,44472081.2,33506693.80141
2025-07-14 12:00:00,0.747,0.761,0.7276,0.7343,52591392.4,39187506.4743
2025-07-14 16:00:00,0.7343,0.7457,0.7281,0.7318,30368121.8,22353341.38951
2025-07-14 20:00:00,0.7318,0.7376,0.7212,0.7352,16857898.5,12331324.04615
2025-07-15 00:00:00,0.7352,0.7394,0.7105,0.7186,38092003.2,27516810.31425
2025-07-15 04:00:00,0.7186,0.7314,0.7116,0.7199,23447364.8,16980195.01574
2025-07-15 08:00:00,0.7198,0.7372,0.7135,0.7273,24669676.1,17969070.79331
2025-07-15 12:00:00,0.7274,0.7401,0.7114,0.7244,54251333.5,39374840.46358
2025-07-15 16:00:00,0.7244,0.7466,0.7206,0.7216,33754344.7,24789661.57552
2025-07-15 20:00:00,0.7216,0.7495,0.7191,0.7466,19583421.7,14420650.86346
2025-07-16 00:00:00,0.7467,0.7509,0.7327,0.7379,18426509.0,13706571.6369
2025-07-16 04:00:00,0.738,0.7497,0.7328,0.7468,14282355.6,10621411.71887
2025-07-16 08:00:00,0.7468,0.755,0.7422,0.7445,18904073.9,14150404.5246
2025-07-16 12:00:00,0.7445,0.761,0.7426,0.7508,45058693.5,33846672.80203
2025-07-16 16:00:00,0.7507,0.7711,0.7478,0.7638,47854856.5,36490477.98596
2025-07-16 20:00:00,0.7639,0.7849,0.7588,0.7644,49436694.2,38239923.96706
2025-07-17 00:00:00,0.7645,0.7726,0.7401,0.7449,30251306.4,22816433.43876
2025-07-17 04:00:00,0.7448,0.7793,0.742,0.7733,34735500.4,26628578.90616
2025-07-17 08:00:00,0.7733,0.8254,0.7678,0.8154,105554744.6,85251417.03433
2025-07-17 12:00:00,0.8153,0.8189,0.7872,0.8028,56165406.5,45045270.52091
2025-07-17 16:00:00,0.8027,0.8169,0.7854,0.7991,49910907.2,39943152.13102
2025-07-17 20:00:00,0.7991,0.8386,0.7878,0.8216,82236907.4,67337952.8788
2025-07-18 00:00:00,0.8216,0.8644,0.8188,0.8599,81692732.7,69421650.67244
2025-07-18 04:00:00,0.8599,0.8955,0.8518,0.8533,105972176.1,92254103.53529
2025-07-18 08:00:00,0.8533,0.8668,0.8406,0.8511,58150337.7,49572045.24232
2025-07-18 12:00:00,0.8511,0.8627,0.8121,0.8221,79186012.5,66447076.80274
2025-07-18 16:00:00,0.8222,0.8353,0.8104,0.8174,30531838.3,25172900.81716
2025-07-18 20:00:00,0.8174,0.8225,0.7959,0.8158,37412847.0,30305288.3248
2025-07-19 00:00:00,0.8159,0.8315,0.8017,0.8272,20766896.7,17008202.7486
2025-07-19 04:00:00,0.8273,0.8372,0.8199,0.8252,19542374.1,16198159.44727
2025-07-19 08:00:00,0.8252,0.8357,0.8175,0.819,17623554.5,14553245.90352
2025-07-19 12:00:00,0.819,0.8297,0.8104,0.8217,18964391.0,15573110.99006
2025-07-19 16:00:00,0.8218,0.8349,0.8169,0.8293,15106343.4,12478200.47753
2025-07-19 20:00:00,0.8292,0.8351,0.8166,0.8298,19102672.2,15789128.73242
2025-07-20 00:00:00,0.8298,0.8457,0.823,0.8404,28522026.9,23790532.9161
2025-07-20 04:00:00,0.8404,0.8497,0.8309,0.8451,25936066.3,21795964.89418
2025-07-20 08:00:00,0.8451,0.8622,0.8444,0.8507,36647245.2,31230160.86063
2025-07-20 12:00:00,0.8507,0.8734,0.8465,0.8709,44677961.8,38440389.46722
2025-07-20 16:00:00,0.8709,0.8786,0.8563,0.871,39520252.4,34312192.04849
2025-07-20 20:00:00,0.8709,0.8784,0.837,0.858,50565168.7,43429146.21738
2025-07-21 00:00:00,0.858,0.8706,0.8415,0.8659,40093538.1,34335003.74339
2025-07-21 04:00:00,0.8659,0.8978,0.8617,0.8939,45753455.7,40327103.25868
2025-07-21 08:00:00,0.8939,0.9115,0.8798,0.9085,64252686.1,57602330.48882
2025-07-21 12:00:00,0.9086,0.9373,0.8995,0.9119,106653985.3,98128012.85783
2025-07-21 16:00:00,0.9119,0.9133,0.8753,0.8766,55560024.9,49664994.39556
2025-07-21 20:00:00,0.8765,0.8917,0.8729,0.8891,26791080.5,23691650.56957
2025-07-22 00:00:00,0.889,0.9096,0.8647,0.8863,66526800.8,59137434.73877
2025-07-22 04:00:00,0.8863,0.8863,0.855,0.871,55140617.3,48006996.92475
2025-07-22 08:00:00,0.871,0.8832,0.8526,0.878,46449945.4,40250258.29772
2025-07-22 12:00:00,0.878,0.891,0.8561,0.8804,54304617.4,47463329.40905
2025-07-22 16:00:00,0.8803,0.8947,0.8732,0.8775,37683633.1,33347064.36528
2025-07-22 20:00:00,0.8775,0.9042,0.876,0.9034,20626018.2,18414367.99533
2025-07-23 00:00:00,0.9035,0.9037,0.8791,0.881,21551005.1,19143205.22723
2025-07-23 04:00:00,0.8811,0.8886,0.8659,0.8678,20202865.0,17739445.60959
2025-07-23 08:00:00,0.8678,0.8739,0.855,0.8623,23729082.5,20482235.59748
2025-07-23 12:00:00,0.8623,0.8627,0.8085,0.8343,99919073.1,82794166.52674
2025-07-23 16:00:00,0.8342,0.8342,0.7997,0.8138,44817576.0,36455364.9755
2025-07-23 20:00:00,0.8136,0.8208,0.7857,0.816,70303664.6,56482572.83066
2025-07-24 00:00:00,0.816,0.8251,0.8101,0.8162,23899142.8,19606860.34795
2025-07-24 04:00:00,0.8162,0.8181,0.7613,0.7891,84985147.7,66711516.08392
2025-07-24 08:00:00,0.789,0.817,0.7853,0.8154,48495565.5,38864312.79523
2025-07-24 12:00:00,0.8154,0.8381,0.7967,0.8234,85178020.8,69652629.68477
2025-07-24 16:00:00,0.8235,0.828,0.8046,0.8168,39039163.0,31990370.32463
2025-07-24 20:00:00,0.8167,0.826,0.8007,0.806,19319467.4,15717224.77241
2025-07-25 00:00:00,0.8059,0.8121,0.7828,0.7952,33743961.8,26940432.37648
2025-07-25 04:00:00,0.7952,0.81,0.7855,0.7949,30288467.8,24169445.05659
2025-07-25 08:00:00,0.7949,0.8174,0.7872,0.8103,31422820.0,25229284.56644
2025-07-25 12:00:00,0.8104,0.8187,0.7747,0.7841,41806312.1,33148353.11838
2025-07-25 16:00:00,0.7841,0.7999,0.7795,0.7934,27921943.3,22079789.11637
2025-07-25 20:00:00,0.7935,0.8182,0.793,0.8158,19655561.1,15929746.12772
2025-07-26 00:00:00,0.8158,0.8278,0.8119,0.8248,15520150.2,12732531.02728
2025-07-26 04:00:00,0.8248,0.8272,0.8172,0.8186,10670824.1,8776894.27188
2025-07-26 08:00:00,0.8186,0.8294,0.8185,0.8237,12947374.9,10679300.83095
2025-07-26 12:00:00,0.8236,0.8348,0.8211,0.8326,28112997.6,23300763.226
2025-07-26 16:00:00,0.8327,0.8387,0.8214,0.829,24278755.3,20126073.59725
2025-07-26 20:00:00,0.8291,0.8324,0.8188,0.8198,12909274.6,10661600.17616
2025-07-27 00:00:00,0.8198,0.8321,0.8174,0.8286,11764165.2,9718994.36837
2025-07-27 04:00:00,0.8286,0.8394,0.8221,0.8236,15423063.3,12827401.95698
2025-07-27 08:00:00,0.8237,0.8318,0.8141,0.8233,17925906.3,14748316.73841
2025-07-27 12:00:00,0.8233,0.8303,0.8146,0.8218,28086313.7,23061487.45569
2025-07-27 16:00:00,0.8219,0.8337,0.8194,0.8247,25515569.3,21101762.23643
2025-07-27 20:00:00,0.8247,0.839,0.8245,0.832,16675966.2,13854394.32198
2025-07-28 00:00:00,0.832,0.8448,0.8241,0.842,25264060.8,21126668.98184
2025-07-28 04:00:00,0.842,0.8559,0.8345,0.8384,28416409.2,24008992.46837
2025-07-28 08:00:00,0.8383,0.8407,0.8239,0.83,22409377.4,18636578.34526
2025-07-28 12:00:00,0.83,0.8345,0.8017,0.8059,48344226.8,39385467.34291
2025-07-28 16:00:00,0.8058,0.8097,0.7913,0.7978,28667975.0,22933780.21625
2025-07-28 20:00:00,0.7979,0.7991,0.786,0.7932,23118287.2,18319362.9309
2025-07-29 00:00:00,0.7932,0.8009,0.7799,0.7936,23737370.2,18736788.71093
2025-07-29 04:00:00,0.7936,0.8097,0.7881,0.8083,17127456.5,13678421.89751
2025-07-29 08:00:00,0.8082,0.8099,0.7896,0.7962,17689884.7,14128079.90813
2025-07-29 12:00:00,0.7962,0.8052,0.775,0.7811,30142066.6,23735293.79431
2025-07-29 16:00:00,0.7812,0.7871,0.7694,0.7771,24847103.5,19366064.22877
2025-07-29 20:00:00,0.7771,0.7853,0.77,0.7828,12647867.3,9838190.08734
2025-07-30 00:00:00,0.7829,0.7898,0.7736,0.7853,12975304.0,10151847.79019
2025-07-30 04:00:00,0.7853,0.788,0.7747,0.7791,9070085.5,7095183.0397
2025-07-30 08:00:00,0.7792,0.7845,0.7521,0.7565,37456294.2,28792354.13935
2025-07-30 12:00:00,0.7565,0.7776,0.7522,0.7735,45051720.1,34453328.82317
2025-07-30 16:00:00,0.7735,0.7792,0.7301,0.7602,60657239.7,45816605.50439
2025-07-30 20:00:00,0.7601,0.7675,0.7517,0.7634,15234133.5,11573936.10126
2025-07-31 00:00:00,0.7633,0.7818,0.7622,0.7795,18184951.3,14052569.85553
2025-07-31 04:00:00,0.7796,0.7841,0.7777,0.782,16154846.1,12617802.98476
2025-07-31 08:00:00,0.7821,0.7893,0.7756,0.7786,18245005.6,14305816.40896
2025-07-31 12:00:00,0.7786,0.7795,0.7526,0.7619,32161844.5,24577526.88211
2025-07-31 16:00:00,0.7619,0.7757,0.7495,0.7517,25636704.5,19488848.05733
2025-07-31 20:00:00,0.7518,0.755,0.7356,0.7392,25433198.6,18964218.93154
2025-08-01 00:00:00,0.7392,0.7413,0.7172,0.7346,43132299.0,31500757.56179
2025-08-01 04:00:00,0.7346,0.7346,0.7181,0.7248,29008069.6,21037932.96861
2025-08-01 08:00:00,0.7247,0.7279,0.7099,0.7272,31610288.1,22728785.40582
2025-08-01 12:00:00,0.7271,0.7383,0.7085,0.7331,41693966.1,30286636.71902
2025-08-01 16:00:00,0.7331,0.7381,0.7163,0.7313,24492072.3,17807140.55899
2025-08-01 20:00:00,0.7313,0.7336,0.6962,0.7141,38910982.0,27660456.20446
2025-08-02 00:00:00,0.7141,0.7244,0.711,0.7215,16472279.9,11825476.31075
2025-08-02 04:00:00,0.7216,0.7278,0.7057,0.7229,14784878.3,10617597.24268
2025-08-02 08:00:00,0.7229,0.7241,0.7065,0.7148,12995716.3,9280930.89772
2025-08-02 12:00:00,0.7148,0.7173,0.6966,0.6993,28349691.1,20010587.95908
2025-08-02 16:00:00,0.6993,0.7062,0.6842,0.694,39634731.0,27525588.31615
2025-08-02 20:00:00,0.6941,0.7053,0.6921,0.6975,16654992.9,11641719.93552
2025-08-03 00:00:00,0.6975,0.718,0.6869,0.7161,28803048.4,20310962.03548
2025-08-03 04:00:00,0.7161,0.7255,0.7118,0.722,15996119.9,11488887.81053
2025-08-03 08:00:00,0.722,0.7293,0.721,0.7242,17702689.1,12825144.73079
2025-08-03 12:00:00,0.7242,0.7274,0.7174,0.726,15546348.1,11241513.09359
2025-08-03 16:00:00,0.726,0.7293,0.7222,0.7246,13284979.9,9635077.75668
2025-08-03 20:00:00,0.7247,0.731,0.7221,0.727,9239577.9,6705144.9494
2025-08-04 00:00:00,0.7271,0.7434,0.7251,0.7369,22743349.2,16736236.52411
2025-08-04 04:00:00,0.7369,0.7425,0.7296,0.7413,16369293.3,12045518.66085
2025-08-04 08:00:00,0.7413,0.743,0.7348,0.7382,13339406.2,9856926.27446
2025-08-04 12:00:00,0.7383,0.7549,0.7363,0.7447,28055979.9,20947144.73097
2025-08-04 16:00:00,0.7447,0.7591,0.7414,0.7438,17718521.5,13297438.54864
2025-08-04 20:00:00,0.7437,0.7579,0.743,0.7549,11241895.7,8461835.25826
2025-08-05 00:00:00,0.755,0.7601,0.7457,0.7472,17460552.8,13153000.40657
2025-08-05 04:00:00,0.7471,0.7517,0.734,0.7353,20018917.8,14874505.11218
2025-08-05 08:00:00,0.7353,0.7586,0.7331,0.7514,18861917.5,14058927.83049
2025-08-05 12:00:00,0.7515,0.7523,0.7193,0.7232,36898910.7,27030831.68982
2025-08-05 16:00:00,0.7231,0.7301,0.7184,0.7204,13926844.2,10090314.90634
2025-08-05 20:00:00,0.7205,0.7285,0.7134,0.7258,8941692.0,6460861.39067
2025-08-06 00:00:00,0.7258,0.726,0.7127,0.7133,12217289.9,8771368.09345
2025-08-06 04:00:00,0.7133,0.7304,0.7107,0.727,17989572.2,13010841.98911
2025-08-06 08:00:00,0.727,0.7298,0.7204,0.7262,9278429.9,6731214.336
2025-08-06 12:00:00,0.7262,0.7429,0.7197,0.7419,20737365.8,15147985.58762
2025-08-06 16:00:00,0.7419,0.748,0.7348,0.7427,13422589.9,9954831.20188
2025-08-06 20:00:00,0.7428,0.7437,0.7377,0.7413,6975302.9,5169862.80746
2025-08-07 00:00:00,0.7413,0.7462,0.7342,0.7343,9925327.9,7337097.96371
2025-08-07 04:00:00,0.7343,0.744,0.734,0.7413,15843491.3,11730465.83489
2025-08-07 08:00:00,0.7414,0.77,0.7399,0.7674,35313822.6,26812703.0349
2025-08-07 12:00:00,0.7675,0.774,0.7576,0.7629,26191420.3,20068269.88789
2025-08-07 16:00:00,0.7629,0.7663,0.7417,0.766,27258823.3,20589947.72359
2025-08-07 20:00:00,0.766,0.7884,0.764,0.7874,30794851.8,23936234.40664
2025-08-08 00:00:00,0.7874,0.8012,0.778,0.7957,52903978.2,41764274.00511
2025-08-08 04:00:00,0.7958,0.8003,0.7868,0.7993,19683463.9,15630234.85539
2025-08-08 08:00:00,0.7992,0.8054,0.793,0.7997,19022626.0,15217431.938
2025-08-08 12:00:00,0.7996,0.8069,0.7759,0.7819,38954290.6,30843565.40652
2025-08-08 16:00:00,0.7818,0.8011,0.7798,0.7994,19390598.2,15376172.49113
2025-08-08 20:00:00,0.7995,0.8007,0.7903,0.7911,9563591.5,7604214.02341
2025-08-09 00:00:00,0.7912,0.8005,0.7898,0.7957,9869543.0,7851230.53553
2025-08-09 04:00:00,0.7957,0.8174,0.794,0.807,28472745.4,22986481.52469
2025-08-09 08:00:00,0.807,0.8178,0.805,0.8069,24168229.8,19621427.36155
2025-08-09 12:00:00,0.8069,0.8205,0.7964,0.8052,26307606.5,21280170.45729
2025-08-09 16:00:00,0.8051,0.8212,0.8051,0.8158,20690709.2,16879724.95446
2025-08-09 20:00:00,0.8159,0.82,0.8015,0.8029,17472359.9,14152227.8515
2025-08-10 00:00:00,0.8029,0.8248,0.8009,0.8238,25506431.9,20759645.37672
2025-08-10 04:00:00,0.8238,0.8344,0.79,0.7946,46906582.6,38187925.09612
2025-08-10 08:00:00,0.7946,0.8025,0.7844,0.7905,21099408.5,16739001.2265
2025-08-10 12:00:00,0.7904,0.8058,0.7872,0.801,17782016.2,14186646.13645
2025-08-10 16:00:00,0.8009,0.8086,0.7993,0.8058,11105030.8,8931279.49096
2025-08-10 20:00:00,0.8057,0.8064,0.7911,0.8014,13182915.7,10539586.26406
2025-08-11 00:00:00,0.8015,0.8303,0.7969,0.8258,34010757.9,27882805.27662
2025-08-11 04:00:00,0.8259,0.8338,0.808,0.8096,40145726.5,33047794.53926
2025-08-11 08:00:00,0.8096,0.8208,0.7863,0.7908,37852711.0,30493410.12709
2025-08-11 12:00:00,0.7909,0.7999,0.7829,0.7963,37051878.7,29291034.65111
2025-08-11 16:00:00,0.7962,0.8047,0.7797,0.785,24199014.8,19171884.60141
2025-08-11 20:00:00,0.7851,0.7859,0.7662,0.7728,24705279.2,19169682.3321
2025-08-12 00:00:00,0.7727,0.7883,0.7714,0.7817,16807523.2,13125527.589
2025-08-12 04:00:00,0.7817,0.7889,0.7712,0.7822,17271412.7,13480312.46862
2025-08-12 08:00:00,0.7823,0.7845,0.7658,0.775,19909277.9,15398295.35484
2025-08-12 12:00:00,0.775,0.8154,0.7733,0.8143,71582121.1,56910273.99672
2025-08-12 16:00:00,0.8143,0.8492,0.8127,0.8484,86098943.7,71439959.30371
2025-08-12 20:00:00,0.8484,0.8579,0.8384,0.8411,56873468.2,48183710.74908
2025-08-13 00:00:00,0.8411,0.8594,0.8334,0.8558,38540957.6,32575449.07222
2025-08-13 04:00:00,0.8557,0.8637,0.838,0.8592,36173968.2,30799360.79337
2025-08-13 08:00:00,0.8591,0.8876,0.8584,0.8797,65351797.6,57115407.92731
2025-08-13 12:00:00,0.8796,0.8894,0.8616,0.8727,69518749.3,60878176.08518
2025-08-13 16:00:00,0.8726,0.8854,0.8665,0.8839,23130772.1,20223700.18607
2025-08-13 20:00:00,0.8839,0.922,0.8777,0.9042,58424312.2,52658594.3601
2025-08-14 00:00:00,0.9042,0.9885,0.9039,0.9817,134985344.5,128327792.62317
2025-08-14 04:00:00,0.9818,1.0193,0.9742,0.9978,185708536.2,184635377.71386
2025-08-14 08:00:00,0.9978,1.0027,0.96,0.9627,128593707.5,126172485.61358
2025-08-14 12:00:00,0.9627,0.9758,0.8853,0.925,266616083.9,247129611.12147
2025-08-14 16:00:00,0.9251,0.9252,0.8881,0.9001,75466492.9,68295052.06673
2025-08-14 20:00:00,0.9001,0.9388,0.8781,0.9258,110504045.3,101022942.92677
2025-08-15 00:00:00,0.9257,0.9451,0.9108,0.9298,71986697.7,66829454.18756
2025-08-15 04:00:00,0.9298,0.9633,0.9183,0.951,62254920.2,58786829.31741
2025-08-15 08:00:00,0.951,0.9643,0.9376,0.9424,39709173.6,37697440.6553
2025-08-15 12:00:00,0.9424,0.9594,0.9164,0.9242,127258253.9,119479556.67454
2025-08-15 16:00:00,0.9241,0.9501,0.9107,0.9297,72351314.5,67350528.93196
2025-08-15 20:00:00,0.9297,0.9626,0.926,0.9453,44128666.5,41568330.75971
2025-08-16 00:00:00,0.9452,0.9777,0.9434,0.9577,55154003.5,53148756.79088
2025-08-16 04:00:00,0.9578,0.9699,0.9421,0.9632,38979795.8,37234610.73749
2025-08-16 08:00:00,0.9631,0.9642,0.9011,0.9031,95252899.7,88128830.16703
2025-08-16 12:00:00,0.9031,0.9191,0.9028,0.91,44739923.0,40733983.27373
2025-08-16 16:00:00,0.91,0.9246,0.9082,0.9169,35805048.8,32810174.21442
2025-08-16 20:00:00,0.9169,0.9234,0.9141,0.9211,13612038.2,12517859.25432
2025-08-17 00:00:00,0.9211,0.9443,0.9045,0.9377,30057409.0,27663291.93713
2025-08-17 04:00:00,0.9378,0.9612,0.9371,0.9595,55739991.8,52966066.52144
2025-08-17 08:00:00,0.9595,0.9878,0.9495,0.9721,54520283.5,52789654.95291
2025-08-17 12:00:00,0.972,0.9795,0.9613,0.9754,37873271.3,36707575.40189
2025-08-17 16:00:00,0.9754,0.9764,0.9434,0.9512,40347250.6,38774833.43464
2025-08-17 20:00:00,0.9511,0.9684,0.9497,0.9609,17384001.2,16659607.79035
2025-08-18 00:00:00,0.961,0.9683,0.9134,0.9216,67513537.9,63156141.16048
2025-08-18 04:00:00,0.9215,0.9282,0.9066,0.9166,36320875.2,33296260.47198
2025-08-18 08:00:00,0.9166,0.9242,0.8893,0.8973,46569394.5,42237021.24663
2025-08-18 12:00:00,0.8972,0.9179,0.8877,0.9176,67172920.7,60698140.54475
2025-08-18 16:00:00,0.9176,0.935,0.9035,0.9194,36671478.7,33759442.33094
2025-08-18 20:00:00,0.9194,0.9331,0.9092,0.9236,20469564.5,18921825.72738
2025-08-19 00:00:00,0.9235,0.9416,0.8992,0.9025,44489731.8,40945764.33343
2025-08-19 04:00:00,0.9024,0.9323,0.8951,0.9288,45958731.6,42190401.10104
2025-08-19 08:00:00,0.9288,0.9597,0.9164,0.9314,71854630.8,67421785.57867
2025-08-19 12:00:00,0.9314,0.9355,0.86,0.8709,103561464.6,92835643.3628
2025-08-19 16:00:00,0.8709,0.8745,0.8506,0.8545,63575908.9,54926284.5367
2025-08-19 20:00:00,0.8544,0.864,0.8437,0.8464,31728820.5,27100156.56975
2025-08-20 00:00:00,0.8464,0.8568,0.8429,0.8485,33503954.8,28490768.26181
2025-08-20 04:00:00,0.8486,0.8561,0.8463,0.8479,38957008.3,33145029.82055
2025-08-20 08:00:00,0.848,0.8647,0.8371,0.8492,64933552.2,55448444.76146
2025-08-20 12:00:00,0.8492,0.8849,0.8389,0.8712,76279538.7,65782448.76708
2025-08-20 16:00:00,0.8713,0.8925,0.8683,0.8911,38059769.0,33478422.86659
2025-08-20 20:00:00,0.8911,0.8914,0.8777,0.8808,21059455.7,18626038.89081
2025-08-21 00:00:00,0.8809,0.8926,0.8697,0.8852,33114594.3,29250060.40128
2025-08-21 04:00:00,0.8851,0.8863,0.8682,0.8758,20170331.2,17663737.65556
2025-08-21 08:00:00,0.8758,0.8794,0.8648,0.8673,23630036.5,20602413.23149
2025-08-21 12:00:00,0.8673,0.8796,0.8575,0.8588,32973811.4,28631281.19161
2025-08-21 16:00:00,0.8589,0.8688,0.8504,0.8528,20400956.7,17506402.67362
2025-08-21 20:00:00,0.8528,0.8645,0.8466,0.8519,17017226.4,14541413.28221
2025-08-22 00:00:00,0.8519,0.8672,0.8438,0.8509,19215252.5,16448098.20659
2025-08-22 04:00:00,0.8509,0.8629,0.8478,0.8569,16401238.0,14043750.74792
2025-08-22 08:00:00,0.8568,0.8638,0.8338,0.8343,29795138.5,25257947.93468
2025-08-22 12:00:00,0.8343,0.9171,0.8218,0.9046,191530323.6,169097726.38271
2025-08-22 16:00:00,0.9047,0.94,0.9047,0.9316,78595828.3,72827715.39903
2025-08-22 20:00:00,0.9317,0.9426,0.927,0.9314,37969570.2,35464344.33293
2025-08-23 00:00:00,0.9315,0.933,0.8912,0.9007,44469284.2,40416487.49098
2025-08-23 04:00:00,0.9007,0.939,0.9004,0.926,47613527.1,44005340.29708
2025-08-23 08:00:00,0.926,0.9297,0.9103,0.9156,21552162.7,19791361.81996
2025-08-23 12:00:00,0.9156,0.9218,0.9081,0.915,22591405.5,20648764.36874
2025-08-23 16:00:00,0.915,0.9159,0.908,0.9132,12926505.4,11780760.71266
2025-08-23 20:00:00,0.9131,0.9177,0.9065,0.9143,14061544.1,12819629.5883
2025-08-24 00:00:00,0.9142,0.9219,0.9096,0.9151,17227266.3,15785627.05196
2025-08-24 04:00:00,0.9152,0.9196,0.9021,0.904,18619664.4,16946466.48554
2025-08-24 08:00:00,0.9041,0.9096,0.8881,0.8925,24551954.4,22036641.26096
2025-08-24 12:00:00,0.8924,0.908,0.8916,0.8992,22943336.3,20638693.02956
2025-08-24 16:00:00,0.8992,0.9643,0.8961,0.9227,114488650.5,106598805.36779
2025-08-24 20:00:00,0.9228,0.9297,0.8968,0.909,57699512.6,52684818.62149
2025-08-25 00:00:00,0.909,0.9284,0.8874,0.9188,50169510.2,45522905.4436
2025-08-25 04:00:00,0.9189,0.9223,0.87,0.8721,73799429.1,65976110.72102
2025-08-25 08:00:00,0.8721,0.8758,0.8551,0.8663,44202558.9,38287222.15545
2025-08-25 12:00:00,0.8662,0.8772,0.855,0.8653,44905614.8,38923717.52632
2025-08-25 16:00:00,0.8653,0.8798,0.8491,0.85,33258756.8,28767861.10653
2025-08-25 20:00:00,0.85,0.8551,0.8297,0.8371,51135424.2,42925891.41531
2025-08-26 00:00:00,0.8372,0.8461,0.8267,0.8361,25305238.5,21179577.7398
2025-08-26 04:00:00,0.8362,0.8498,0.8344,0.8403,25320371.9,21306679.98987
2025-08-26 08:00:00,0.8403,0.8474,0.8351,0.8385,19729357.9,16580789.04499
2025-08-26 12:00:00,0.8386,0.8593,0.8319,0.8491,49937269.1,42339537.82214
2025-08-26 16:00:00,0.8491,0.8748,0.848,0.8734,21220202.4,18263081.45162
2025-08-26 20:00:00,0.8733,0.8735,0.8627,0.8663,19143361.0,16620430.93456
2025-08-27 00:00:00,0.8663,0.874,0.8569,0.8693,18691689.7,16133373.37785
2025-08-27 04:00:00,0.8692,0.8764,0.853,0.8563,18103717.6,15677139.19122
2025-08-27 08:00:00,0.8563,0.8671,0.8535,0.8642,17246794.1,14856445.77789
2025-08-27 12:00:00,0.8642,0.8784,0.8553,0.8723,30991742.7,26873200.32427
2025-08-27 16:00:00,0.8724,0.8756,0.8576,0.8629,22356799.2,19395880.73861
2025-08-27 20:00:00,0.8629,0.8725,0.8469,0.8509,50132465.0,43074938.97558
2025-08-28 00:00:00,0.8509,0.8612,0.8441,0.8588,16221217.1,13860260.92632
2025-08-28 04:00:00,0.8588,0.8737,0.8567,0.8729,22550200.7,19590178.80816
2025-08-28 08:00:00,0.8729,0.8799,0.863,0.8679,19116597.7,16645906.11976
2025-08-28 12:00:00,0.8678,0.874,0.8546,0.8592,31132009.7,27008665.66009
2025-08-28 16:00:00,0.8592,0.8653,0.8431,0.8434,23348249.2,19907594.33783
2025-08-28 20:00:00,0.8433,0.8631,0.8417,0.8576,19643109.1,16733579.43212
2025-08-29 00:00:00,0.8576,0.8664,0.8397,0.8526,27627552.2,23462996.2255
2025-08-29 04:00:00,0.8527,0.8547,0.826,0.8276,42857935.7,35923108.35456
2025-08-29 08:00:00,0.8277,0.8302,0.8148,0.8238,31118330.2,25593654.18074
2025-08-29 12:00:00,0.8238,0.8486,0.8156,0.8255,53469947.2,44438696.89418
2025-08-29 16:00:00,0.8254,0.8264,0.8119,0.8209,27974176.6,22910868.46752
2025-08-29 20:00:00,0.8209,0.8296,0.81,0.8266,18295032.1,14997878.26011
2025-08-30 00:00:00,0.8266,0.8358,0.813,0.8339,19987103.5,16502724.94042
2025-08-30 04:00:00,0.8338,0.8444,0.8313,0.8371,13644112.7,11410514.04551
2025-08-30 08:00:00,0.8371,0.8384,0.8248,0.8271,11662809.5,9697604.52331
2025-08-30 12:00:00,0.8271,0.8275,0.8054,0.8235,24897982.7,20264103.29656
2025-08-30 16:00:00,0.8235,0.824,0.8151,0.82,6433905.9,5270265.18375
2025-08-30 20:00:00,0.8202,0.824,0.8163,0.8224,4896309.2,4015822.43097
2025-08-31 00:00:00,0.8225,0.838,0.8221,0.8367,13370757.1,11126439.17044
2025-08-31 04:00:00,0.8368,0.8377,0.8252,0.8264,9673204.1,8030827.49
2025-08-31 08:00:00,0.8265,0.8322,0.8174,0.8243,14124190.0,11651999.13203
2025-08-31 12:00:00,0.8243,0.8277,0.8168,0.827,13111753.6,10790411.50952
2025-08-31 16:00:00,0.8269,0.8284,0.8207,0.8216,7003032.4,5767442.28974
2025-08-31 20:00:00,0.8217,0.8289,0.8094,0.8113,12801231.7,10479471.07803
2025-09-01 00:00:00,0.8112,0.8144,0.8006,0.8091,27438699.1,22118044.29757
2025-09-01 04:00:00,0.8092,0.8401,0.7944,0.8382,50636508.0,41406756.57957
2025-09-01 08:00:00,0.8383,0.8452,0.818,0.8201,43942475.1,36654912.66565
2025-09-01 12:00:00,0.8202,0.8261,0.8076,0.8102,24880092.3,20275988.75022
2025-09-01 16:00:00,0.8101,0.8121,0.8013,0.8115,16561143.5,13360955.51349
2025-09-01 20:00:00,0.8116,0.8116,0.7818,0.8014,37843213.6,30026773.04101
2025-09-02 00:00:00,0.8015,0.8212,0.798,0.8172,18555200.9,15035555.06616
2025-09-02 04:00:00,0.8173,0.8225,0.8143,0.8174,18945255.4,15516371.94629
2025-09-02 08:00:00,0.8173,0.8259,0.8139,0.8162,15158387.6,12434224.4522
2025-09-02 12:00:00,0.8163,0.8281,0.8003,0.81,49090519.0,40044786.87079
2025-09-02 16:00:00,0.81,0.824,0.8076,0.8206,18321143.0,14949836.56866
2025-09-02 20:00:00,0.8206,0.8356,0.8187,0.8349,21416441.8,17772890.60916
2025-09-03 00:00:00,0.8348,0.8403,0.8265,0.8342,19990292.4,16684607.85121
2025-09-03 04:00:00,0.8342,0.836,0.826,0.8305,14265576.4,11851830.73064
2025-09-03 08:00:00,0.8305,0.837,0.8268,0.8324,12748631.1,10620982.42154
2025-09-03 12:00:00,0.8324,0.8425,0.8286,0.8406,19066921.3,15952567.43827
2025-09-03 16:00:00,0.8407,0.8423,0.8345,0.8416,11356965.2,9527277.7498
2025-09-03 20:00:00,0.8417,0.8437,0.8352,0.8366,7911482.1,6645339.37972
2025-09-04 00:00:00,0.8367,0.8418,0.8238,0.824,13022952.5,10842736.97563
2025-09-04 04:00:00,0.8241,0.8273,0.8139,0.8177,15515445.0,12722379.55843
2025-09-04 08:00:00,0.8178,0.8242,0.8158,0.8177,13477433.3,11053212.12766
2025-09-04 12:00:00,0.8177,0.8218,0.8046,0.8081,21359896.2,17348867.22331
2025-09-04 16:00:00,0.808,0.8122,0.8026,0.804,10485253.2,8470457.62699
2025-09-04 20:00:00,0.804,0.8188,0.8032,0.8093,11229142.3,9117070.46275
2025-09-05 00:00:00,0.8093,0.8184,0.8046,0.8179,11793619.6,9587394.08909
2025-09-05 04:00:00,0.8179,0.8308,0.8146,0.8302,13484024.3,11090747.74629
2025-09-05 08:00:00,0.8301,0.832,0.8215,0.8318,16868104.9,13968910.96779
2025-09-05 12:00:00,0.8319,0.85,0.8183,0.8248,64909162.3,54298106.59754
2025-09-05 16:00:00,0.8248,0.8362,0.8204,0.8361,12241045.7,10137984.62917
2025-09-05 20:00:00,0.8361,0.8389,0.8275,0.8307,10538451.4,8777706.47173
2025-09-06 00:00:00,0.8306,0.836,0.8281,0.8338,7062031.3,5879543.3943
2025-09-06 04:00:00,0.8337,0.8338,0.8234,0.8256,6171420.0,5100247.96458
2025-09-06 08:00:00,0.8255,0.8264,0.8188,0.8233,7687837.8,6318786.86396
2025-09-06 12:00:00,0.8233,0.8281,0.821,0.8223,11397443.0,9394855.91066
2025-09-06 16:00:00,0.8222,0.8253,0.8143,0.8158,9892501.2,8116471.8446
2025-09-06 20:00:00,0.8157,0.821,0.8153,0.8184,4360906.2,3569779.8067
2025-09-07 00:00:00,0.8185,0.8293,0.818,0.8281,6746808.8,5563628.42673
2025-09-07 04:00:00,0.8281,0.829,0.8238,0.8264,7358047.4,6084100.37521
2025-09-07 08:00:00,0.8264,0.8332,0.8257,0.8327,10090354.4,8366878.25819
2025-09-07 12:00:00,0.8327,0.8385,0.8267,0.8342,22079227.4,18393348.97012
2025-09-07 16:00:00,0.8342,0.8348,0.823,0.8287,9061217.6,7508766.95732
2025-09-07 20:00:00,0.8286,0.8418,0.8273,0.8351,9442801.4,7880231.74707
2025-09-08 00:00:00,0.8351,0.8484,0.83,0.8416,17788686.7,14929310.92424
2025-09-08 04:00:00,0.8416,0.846,0.8337,0.8422,15921049.7,13373830.96057
2025-09-08 08:00:00,0.8422,0.8566,0.8415,0.8525,27495562.6,23377973.13843
2025-09-08 12:00:00,0.8526,0.8685,0.8505,0.8654,35651486.6,30680386.55705
2025-09-08 16:00:00,0.8654,0.8692,0.8585,0.8621,20294725.5,17536031.51278
2025-09-08 20:00:00,0.8622,0.8688,0.8579,0.8651,16249617.4,14038273.88305
2025-09-09 00:00:00,0.8651,0.8752,0.8556,0.8675,26482220.1,22914936.18736
2025-09-09 04:00:00,0.8675,0.8924,0.8629,0.8886,42233101.9,37164009.86694
2025-09-09 08:00:00,0.8886,0.8947,0.882,0.8842,29735757.4,26398094.23716
2025-09-09 12:00:00,0.8843,0.8926,0.8525,0.8575,60768485.7,53101141.21009
2025-09-09 16:00:00,0.8576,0.8662,0.8566,0.8623,17377982.2,14964404.96783
2025-09-09 20:00:00,0.8624,0.8679,0.8593,0.8652,10584385.6,9147207.47345
2025-09-10 00:00:00,0.8653,0.8799,0.8596,0.8776,15600277.1,13586360.53289
2025-09-10 04:00:00,0.8776,0.8828,0.8696,0.8801,13297348.1,11649717.4924
2025-09-10 08:00:00,0.8801,0.8826,0.8716,0.8749,10194568.7,8937595.3672
2025-09-10 12:00:00,0.875,0.8967,0.875,0.8881,41851999.6,37175045.46931
2025-09-10 16:00:00,0.8882,0.8938,0.8724,0.877,19553112.0,17272641.91555
2025-09-10 20:00:00,0.877,0.8877,0.8765,0.8854,8456107.8,7468593.31179
2025-09-11 00:00:00,0.8854,0.8947,0.8829,0.8947,11659347.2,10365384.72012
2025-09-11 04:00:00,0.8947,0.8948,0.8834,0.8873,18881043.7,16766093.23669
2025-09-11 08:00:00,0.8874,0.8918,0.8824,0.8837,15853086.0,14044154.44158
2025-09-11 12:00:00,0.8837,0.8981,0.8658,0.8766,52294630.5,45948382.56362
2025-09-11 16:00:00,0.8765,0.8832,0.8762,0.8822,6594342.1,5805468.45489
2025-09-11 20:00:00,0.8823,0.8968,0.8798,0.8939,12767689.2,11354952.83148
2025-09-12 00:00:00,0.894,0.9097,0.8912,0.9009,33535436.2,30245086.21171
2025-09-12 04:00:00,0.9008,0.9062,0.8973,0.8996,19044690.1,17186639.62858
2025-09-12 08:00:00,0.8995,0.9006,0.8876,0.8881,15439671.3,13791392.97614
2025-09-12 12:00:00,0.8881,0.8961,0.8825,0.8934,23573145.4,20973120.83332
2025-09-12 16:00:00,0.8935,0.9077,0.8917,0.9074,23489551.0,21182954.55308
2025-09-12 20:00:00,0.9074,0.9181,0.9006,0.9169,31376123.0,28539075.88853
2025-09-13 00:00:00,0.917,0.9372,0.9162,0.9291,45394714.8,42073385.89048
2025-09-13 04:00:00,0.9292,0.93,0.9235,0.926,17684038.2,16385155.36534
2025-09-13 08:00:00,0.9259,0.954,0.9254,0.95,54445431.1,51338434.50458
2025-09-13 12:00:00,0.9499,0.9519,0.9276,0.9377,46362451.8,43658511.99135
2025-09-13 16:00:00,0.9378,0.9427,0.9143,0.9264,32391894.0,30020956.90383
2025-09-13 20:00:00,0.9264,0.9356,0.9259,0.9294,11350216.1,10555831.26537
2025-09-14 00:00:00,0.9294,0.9313,0.913,0.917,16830220.2,15514662.19849
2025-09-14 04:00:00,0.917,0.9235,0.9101,0.9157,11017952.5,10102470.02059
2025-09-14 08:00:00,0.9156,0.9196,0.9013,0.9025,16406188.1,14956184.13125
2025-09-14 12:00:00,0.9026,0.9055,0.8792,0.8865,33928905.5,30217749.49739
2025-09-14 16:00:00,0.8865,0.8969,0.885,0.8892,14203552.9,12653875.20147
2025-09-14 20:00:00,0.8891,0.8978,0.8856,0.8879,14317003.5,12755318.27009
2025-09-15 00:00:00,0.8878,0.8957,0.879,0.8942,14884755.4,13246086.2716
2025-09-15 04:00:00,0.8943,0.9025,0.8741,0.8779,26090737.6,23219657.03662
2025-09-15 08:00:00,0.8778,0.878,0.8524,0.8643,56332509.4,48549324.83781
2025-09-15 12:00:00,0.8642,0.87,0.8539,0.8594,30343937.2,26145234.00576
2025-09-15 16:00:00,0.8594,0.8645,0.853,0.8597,16718345.4,14345662.87924
2025-09-15 20:00:00,0.8596,0.8661,0.8586,0.8632,10923141.6,9417455.91168
2025-09-16 00:00:00,0.8631,0.8659,0.8582,0.8596,8048943.3,6934439.24892
2025-09-16 04:00:00,0.8596,0.8667,0.853,0.8659,15240979.8,13109157.76412
2025-09-16 08:00:00,0.866,0.8754,0.8659,0.8701,19510170.6,16983165.83292
2025-09-16 12:00:00,0.8701,0.8755,0.8566,0.8705,22147580.5,19174178.00285
2025-09-16 16:00:00,0.8705,0.8805,0.8667,0.8772,16888972.2,14768502.78262
2025-09-16 20:00:00,0.8772,0.8841,0.8759,0.8803,10230839.9,9003547.89068
2025-09-17 00:00:00,0.8803,0.8837,0.8732,0.8739,11248326.8,9882053.56887
2025-09-17 04:00:00,0.8739,0.8872,0.8668,0.8823,19486023.2,17095430.65004
2025-09-17 08:00:00,0.8824,0.8825,0.8691,0.8718,12075248.1,10556097.73441
2025-09-17 12:00:00,0.8719,0.8742,0.8633,0.8683,13297838.4,11553330.50836
2025-09-17 16:00:00,0.8682,0.8845,0.8608,0.8827,58150046.4,50781725.61498
2025-09-17 20:00:00,0.8826,0.9197,0.8754,0.9138,40475930.0,36440390.49674
2025-09-18 00:00:00,0.9138,0.9256,0.9071,0.9178,28418778.5,26027063.02571
2025-09-18 04:00:00,0.9178,0.9189,0.8996,0.9082,24839889.8,22568884.25725
2025-09-18 08:00:00,0.9081,0.9208,0.9074,0.9136,21890321.7,20030463.94422
2025-09-18 12:00:00,0.9137,0.9285,0.908,0.9271,36135375.4,33219961.14836
2025-09-18 16:00:00,0.927,0.9386,0.9223,0.93,28150718.5,26170948.1227
2025-09-18 20:00:00,0.9299,0.9338,0.916,0.9244,24202121.3,22407036.35608
2025-09-19 00:00:00,0.9244,0.9378,0.9186,0.9194,27086520.0,25160832.75958
2025-09-19 04:00:00,0.9193,0.9231,0.9024,0.9043,27921535.6,25473781.5987
2025-09-19 08:00:00,0.9043,0.9118,0.8934,0.8962,21886727.2,19739876.81324
2025-09-19 12:00:00,0.8963,0.9089,0.8913,0.897,29579119.7,26620589.16657
2025-09-19 16:00:00,0.897,0.9051,0.8911,0.8947,13343647.2,11983252.01547
2025-09-19 20:00:00,0.8947,0.8988,0.8855,0.8904,11015249.2,9834959.99713
2025-09-20 00:00:00,0.8904,0.8978,0.8885,0.8938,9466214.4,8455466.86636
2025-09-20 04:00:00,0.8938,0.9063,0.8914,0.9062,10660333.5,9590393.62687
2025-09-20 08:00:00,0.9062,0.9065,0.8871,0.8953,10973844.3,9809657.12442
2025-09-20 12:00:00,0.8953,0.9048,0.8913,0.9003,7604949.6,6824258.44321
2025-09-20 16:00:00,0.9003,0.9034,0.8898,0.8914,9367508.7,8379801.96768
2025-09-20 20:00:00,0.8913,0.8979,0.8907,0.8931,4605299.0,4119718.7869
2025-09-21 00:00:00,0.8931,0.8986,0.8898,0.8986,6297340.0,5632827.42494
2025-09-21 04:00:00,0.8987,0.9026,0.8958,0.8996,7962737.8,7160464.74599
2025-09-21 08:00:00,0.8996,0.9003,0.8771,0.8822,20273416.4,17943936.58119
2025-09-21 12:00:00,0.8822,0.8898,0.8816,0.8857,11376305.9,10085318.65856
2025-09-21 16:00:00,0.8857,0.8896,0.875,0.8886,12375809.8,10920301.40983
2025-09-21 20:00:00,0.8886,0.8891,0.8795,0.884,6332182.1,5604905.11016
2025-09-22 00:00:00,0.8841,0.8877,0.8465,0.856,50134134.3,43194426.07075
2025-09-22 04:00:00,0.8559,0.8564,0.7873,0.817,111598389.4,91364844.45844
2025-09-22 08:00:00,0.817,0.8281,0.8125,0.8222,39917963.6,32707067.12035
2025-09-22 12:00:00,0.8223,0.8329,0.8189,0.8203,35462511.1,29307374.23793
2025-09-22 16:00:00,0.8204,0.827,0.8138,0.8152,15993319.0,13115797.82527
2025-09-22 20:00:00,0.8151,0.8276,0.8134,0.8256,9052088.1,7444844.47369
2025-09-23 00:00:00,0.8257,0.8293,0.803,0.8223,21221746.7,17308152.30263
2025-09-23 04:00:00,0.8224,0.8288,0.8146,0.8239,17253983.1,14193626.76607
2025-09-23 08:00:00,0.824,0.8283,0.8189,0.822,15024545.9,12372913.74168
2025-09-23 12:00:00,0.822,0.8265,0.8156,0.8223,15307051.2,12571923.79616
2025-09-23 16:00:00,0.8224,0.8295,0.8065,0.8084,16290888.8,13301014.72764
2025-09-23 20:00:00,0.8083,0.8162,0.805,0.806,8056431.5,6527850.84962
2025-09-24 00:00:00,0.806,0.8161,0.798,0.8005,20718285.9,16713762.262
2025-09-24 04:00:00,0.8004,0.8172,0.7901,0.8148,26535946.5,21309604.26275
2025-09-24 08:00:00,0.8149,0.8233,0.8131,0.8193,12527752.5,10249785.83291
2025-09-24 12:00:00,0.8193,0.8304,0.8167,0.8208,16860921.0,13878432.19877
2025-09-24 16:00:00,0.8208,0.8269,0.8188,0.8221,9550228.1,7855544.22168
2025-09-24 20:00:00,0.8222,0.8234,0.8115,0.8127,9662570.9,7894829.44345
2025-09-25 00:00:00,0.8128,0.8144,0.7928,0.8007,29425818.7,23631361.63985
2025-09-25 04:00:00,0.8006,0.8032,0.7862,0.7906,30781762.3,24403108.0081
2025-09-25 08:00:00,0.7907,0.7943,0.78,0.7812,29197817.5,22971919.5939
2025-09-25 12:00:00,0.7812,0.8,0.7679,0.791,47004457.0,36878070.26827
2025-09-25 16:00:00,0.791,0.7924,0.7542,0.7716,54666295.3,42028219.44155
2025-09-25 20:00:00,0.7717,0.7744,0.7575,0.7637,21063043.1,16138753.28323
2025-09-26 00:00:00,0.7637,0.7814,0.7637,0.7768,15968478.9,12372900.16073
2025-09-26 04:00:00,0.7767,0.7795,0.7683,0.7744,12715092.3,9844981.80397
2025-09-26 08:00:00,0.7743,0.778,0.7576,0.7638,15675843.5,12020433.07949
2025-09-26 12:00:00,0.7637,0.7795,0.7576,0.7749,30548475.0,23540056.24124
2025-09-26 16:00:00,0.7749,0.7964,0.7743,0.7891,19993342.4,15754600.5037
2025-09-26 20:00:00,0.7891,0.7937,0.7867,0.7919,7523618.0,5946311.75309
2025-09-27 00:00:00,0.7918,0.7941,0.7882,0.7923,5760646.2,4557333.83414
2025-09-27 04:00:00,0.7923,0.7934,0.7817,0.7838,6766129.8,5332628.32069
2025-09-27 08:00:00,0.7837,0.7862,0.7766,0.7832,8750689.4,6836150.97098
2025-09-27 12:00:00,0.7832,0.7873,0.7804,0.7855,5929686.7,4651814.75853
2025-09-27 16:00:00,0.7855,0.7858,0.7772,0.7815,5276099.3,4119093.05283
2025-09-27 20:00:00,0.7815,0.7884,0.7786,0.7809,5821041.1,4556846.11696
2025-09-28 00:00:00,0.781,0.7824,0.7721,0.775,8104781.7,6294632.28652
2025-09-28 04:00:00,0.7749,0.7766,0.769,0.7731,4692452.4,3627086.83687
2025-09-28 08:00:00,0.773,0.7736,0.7654,0.7687,9808621.1,7544901.18354
2025-09-28 12:00:00,0.7687,0.7817,0.7645,0.7816,11012242.3,8518503.43063
2025-09-28 16:00:00,0.7815,0.792,0.7815,0.7901,8385183.0,6606923.95461
2025-09-28 20:00:00,0.7901,0.8119,0.7896,0.8086,18979053.2,15235701.90118
2025-09-29 00:00:00,0.8086,0.8089,0.7982,0.8049,13088366.9,10512299.99208
2025-09-29 04:00:00,0.8049,0.8059,0.7928,0.7982,9434782.0,7532896.03247
2025-09-29 08:00:00,0.7982,0.8043,0.7896,0.7947,8461282.2,6747642.78839
2025-09-29 12:00:00,0.7946,0.8161,0.788,0.8021,28672294.2,23092220.69622
2025-09-29 16:00:00,0.8021,0.8057,0.795,0.8046,10330463.4,8263623.09499
2025-09-29 20:00:00,0.8047,0.8148,0.8034,0.8061,14020670.0,11355156.08238
2025-09-30 00:00:00,0.806,0.8086,0.7964,0.7978,15205738.8,12198002.09322
2025-09-30 04:00:00,0.7978,0.8053,0.7927,0.7941,11981573.3,9581839.7353
2025-09-30 08:00:00,0.7941,0.7954,0.7842,0.7911,11123378.3,8776674.02205
2025-09-30 12:00:00,0.7911,0.7961,0.7781,0.7834,13972756.0,10998218.61641
2025-09-30 16:00:00,0.7833,0.8017,0.7799,0.801,16006909.6,12621441.39402
2025-09-30 20:00:00,0.8011,0.8132,0.7986,0.8072,20468164.5,16490484.43103
2025-10-01 00:00:00,0.8073,0.8114,0.7968,0.7981,16239913.0,13076996.30535
2025-10-01 04:00:00,0.798,0.8071,0.7971,0.8047,10270980.8,8248318.28741
2025-10-01 08:00:00,0.8046,0.8376,0.803,0.8364,47256298.3,39138390.16141
2025-10-01 12:00:00,0.8364,0.8429,0.8323,0.8409,24830197.2,20814937.48503
2025-10-01 16:00:00,0.841,0.8479,0.8329,0.8454,18364703.0,15432527.5282
2025-10-01 20:00:00,0.8455,0.8512,0.8386,0.8508,15680146.9,13250506.53151
2025-10-02 00:00:00,0.8508,0.8603,0.848,0.8549,18067692.9,15443843.76278
2025-10-02 04:00:00,0.8549,0.8642,0.8502,0.8542,19458682.5,16692976.10597
2025-10-02 08:00:00,0.8541,0.8576,0.8489,0.8502,16483540.4,14065432.85075
2025-10-02 12:00:00,0.8501,0.8567,0.8361,0.8538,30481485.1,25836073.60068
2025-10-02 16:00:00,0.8537,0.8778,0.8526,0.8743,35855346.5,30998188.91233
2025-10-02 20:00:00,0.8744,0.8751,0.8646,0.8706,13790784.1,11988825.91709
2025-10-03 00:00:00,0.8706,0.8712,0.8545,0.8618,17217427.5,14841309.0557
2025-10-03 04:00:00,0.8617,0.8674,0.8538,0.857,12770802.6,10975356.98688
2025-10-03 08:00:00,0.8569,0.8603,0.8513,0.8542,11096196.4,9504711.70077
2025-10-03 12:00:00,0.8543,0.8742,0.8482,0.8734,22927752.2,19706190.09678
2025-10-03 16:00:00,0.8734,0.8924,0.8575,0.8702,59435574.8,51971174.81875
2025-10-03 20:00:00,0.8702,0.874,0.8647,0.8655,10183851.4,8851380.35371
2025-10-04 00:00:00,0.8655,0.8688,0.8497,0.8545,13873837.3,11895010.02023
2025-10-04 04:00:00,0.8545,0.8588,0.8519,0.8525,7569742.7,6476904.91396
2025-10-04 08:00:00,0.8526,0.8536,0.8408,0.8432,13873505.3,11741855.59941
2025-10-04 12:00:00,0.8432,0.8497,0.8331,0.8355,16092901.6,13537915.90201
2025-10-04 16:00:00,0.8354,0.8423,0.8345,0.838,11448738.4,9584631.75477
2025-10-04 20:00:00,0.8381,0.8439,0.8378,0.8395,8813717.7,7407959.83925
2025-10-05 00:00:00,0.8395,0.8634,0.8351,0.8549,20735974.3,17628096.94341
2025-10-05 04:00:00,0.8549,0.8781,0.8547,0.878,38576901.4,33531290.3358
2025-10-05 08:00:00,0.8781,0.8826,0.8577,0.8631,35948512.7,31250657.04311
2025-10-05 12:00:00,0.8631,0.8631,0.851,0.8538,14240661.0,12186402.73889
2025-10-05 16:00:00,0.8537,0.8568,0.8269,0.8303,24465474.0,20553748.21286
2025-10-05 20:00:00,0.8304,0.8406,0.8279,0.8371,15459530.5,12926913.75494
2025-10-06 00:00:00,0.8372,0.8455,0.8317,0.8399,27666179.7,23232061.72043
2025-10-06 04:00:00,0.8398,0.85,0.836,0.8428,17516431.1,14774567.53297
2025-10-06 08:00:00,0.8429,0.8549,0.8429,0.8509,16820246.8,14300883.6025
2025-10-06 12:00:00,0.8509,0.881,0.8509,0.8731,47973527.6,41562272.1692
2025-10-06 16:00:00,0.8732,0.8806,0.8695,0.8775,33979393.4,29769512.75014
2025-10-06 20:00:00,0.8775,0.8808,0.8667,0.8715,27623831.8,24151726.44095
2025-10-07 00:00:00,0.8716,0.878,0.8669,0.8682,13050302.6,11377173.31351
2025-10-07 04:00:00,0.8681,0.8747,0.8541,0.857,18441314.3,15938449.74082
2025-10-07 08:00:00,0.857,0.8612,0.848,0.8596,16623048.8,14215027.70439
2025-10-07 12:00:00,0.8595,0.8722,0.8281,0.8331,59468512.9,50319645.2985
2025-10-07 16:00:00,0.8332,0.8407,0.8232,0.8254,36240816.8,30084666.83501
2025-10-07 20:00:00,0.8255,0.835,0.817,0.8198,26961504.8,22259015.09365
2025-10-08 00:00:00,0.8199,0.8297,0.8095,0.8128,22907594.0,18793450.73552
2025-10-08 04:00:00,0.8129,0.8183,0.8079,0.8174,14978524.5,12192277.75869
2025-10-08 08:00:00,0.8173,0.8273,0.8162,0.8215,15015775.2,12326364.42096
2025-10-08 12:00:00,0.8215,0.83,0.8127,0.8183,21331587.1,17521789.72451
2025-10-08 16:00:00,0.8183,0.8515,0.817,0.8396,26562253.1,22272261.15149
2025-10-08 20:00:00,0.8396,0.8428,0.8344,0.8387,8820763.9,7400576.14843
2025-10-09 00:00:00,0.8387,0.8396,0.8129,0.8213,18674936.8,15394959.22042
2025-10-09 04:00:00,0.8213,0.8259,0.8137,0.8148,12249898.0,10048617.17194
2025-10-09 08:00:00,0.8147,0.8153,0.8022,0.8127,31030714.8,25068018.04899
2025-10-09 12:00:00,0.8126,0.8213,0.7979,0.8041,34142996.2,27585524.87551
2025-10-09 16:00:00,0.804,0.8103,0.7939,0.8092,20952920.6,16838145.04317
2025-10-09 20:00:00,0.8092,0.819,0.8068,0.8152,8572585.1,6965288.9967
2025-10-10 00:00:00,0.8152,0.8219,0.8089,0.8158,12457153.0,10158712.59239
2025-10-10 04:00:00,0.8157,0.8223,0.8101,0.8105,10766963.7,8787351.30873
2025-10-10 08:00:00,0.8106,0.8194,0.8084,0.8175,8517339.8,6938760.89712
2025-10-10 12:00:00,0.8175,0.8242,0.7768,0.7832,68308925.9,54581137.48073
2025-10-10 16:00:00,0.7832,0.7897,0.7592,0.7674,55864854.6,43322190.89949
2025-10-10 20:00:00,0.7674,0.7751,0.2737,0.6353,631285911.9,378449950.82894
2025-10-11 00:00:00,0.6353,0.6736,0.6195,0.6474,153972054.9,99398278.55139
2025-10-11 04:00:00,0.6475,0.6596,0.6412,0.6523,76968128.7,50046189.8018
2025-10-11 08:00:00,0.6523,0.6832,0.6485,0.6662,61012480.8,40685951.53552
2025-10-11 12:00:00,0.6662,0.6665,0.6401,0.6548,39287552.7,25627314.10035
2025-10-11 16:00:00,0.6547,0.6586,0.624,0.6315,38468303.5,24866573.56565
2025-10-11 20:00:00,0.6314,0.6349,0.6092,0.6316,50025692.1,31188119.01693
2025-10-12 00:00:00,0.6316,0.6378,0.6176,0.6333,25664225.3,16090091.41578
2025-10-12 04:00:00,0.6334,0.6512,0.6324,0.6469,17838501.4,11513794.34228
2025-10-12 08:00:00,0.6468,0.6512,0.6382,0.6438,13831764.8,8919567.62337
2025-10-12 12:00:00,0.6438,0.6842,0.637,0.6803,73743253.2,48982867.24029
2025-10-12 16:00:00,0.6804,0.6995,0.6785,0.6988,46387049.2,31965677.08188
2025-10-12 20:00:00,0.6988,0.7095,0.6863,0.7,33341955.1,23298996.796
2025-10-13 00:00:00,0.7001,0.7163,0.6949,0.7038,36280540.0,25548495.40901
2025-10-13 04:00:00,0.7038,0.7255,0.6969,0.7171,38171316.3,27089350.74658
2025-10-13 08:00:00,0.7172,0.7299,0.6917,0.7065,52067776.8,37104358.26146
2025-10-13 12:00:00,0.7064,0.7273,0.7015,0.7158,62953496.8,44987838.86359
2025-10-13 16:00:00,0.7158,0.7284,0.7082,0.7245,34458732.3,24813410.43165
2025-10-13 20:00:00,0.7244,0.736,0.723,0.7284,19528876.6,14271951.83437
2025-10-14 00:00:00,0.7284,0.7334,0.7105,0.7158,26684010.9,19203056.2147
2025-10-14 04:00:00,0.7158,0.7184,0.6692,0.6778,74316381.6,51136357.27206
2025-10-14 08:00:00,0.6777,0.6867,0.6626,0.677,44200469.1,29888601.37868
2025-10-14 12:00:00,0.6771,0.6971,0.6619,0.696,67282733.8,45625743.08409
2025-10-14 16:00:00,0.6961,0.709,0.6861,0.6943,52197301.0,36460172.05665
2025-10-14 20:00:00,0.6943,0.7019,0.69,0.6989,26350731.2,18362000.38164
2025-10-15 00:00:00,0.6988,0.7042,0.6873,0.6909,20812439.0,14476183.45394
2025-10-15 04:00:00,0.691,0.7038,0.6881,0.7024,17094704.2,11926135.8221
2025-10-15 08:00:00,0.7023,0.716,0.6866,0.6906,34926560.5,24519765.5017
2025-10-15 12:00:00,0.6906,0.694,0.6688,0.6726,39135594.7,26706236.8469
2025-10-15 16:00:00,0.6727,0.6768,0.6638,0.6695,24642477.1,16534891.6657
2025-10-15 20:00:00,0.6696,0.673,0.6575,0.6684,23464006.0,15600231.32633
2025-10-16 00:00:00,0.6685,0.6758,0.6659,0.6702,14858033.2,9959154.80114
2025-10-16 04:00:00,0.6703,0.6765,0.6646,0.6707,16464309.5,11045665.42901
2025-10-16 08:00:00,0.6707,0.6816,0.652,0.6802,35161230.5,23528204.90454
2025-10-16 12:00:00,0.6802,0.6847,0.6486,0.6521,43942458.3,29293414.75175
2025-10-16 16:00:00,0.6521,0.6646,0.6387,0.6434,66490843.7,43378692.12338
2025-10-16 20:00:00,0.6434,0.6462,0.6332,0.6453,23135680.8,14819460.39825
2025-10-17 00:00:00,0.6452,0.656,0.6436,0.652,16872345.6,10950997.36881
2025-10-17 04:00:00,0.652,0.6523,0.6071,0.6092,61591305.0,38491867.10135
2025-10-17 08:00:00,0.6091,0.622,0.5923,0.6171,87078933.0,52694130.85758
2025-10-17 12:00:00,0.617,0.6257,0.6063,0.6255,57385431.5,35437841.56686
2025-10-17 16:00:00,0.6256,0.6341,0.6201,0.624,31890275.9,19998681.79156
2025-10-17 20:00:00,0.6241,0.6351,0.6225,0.6245,13961342.7,8792070.99447
2025-10-18 00:00:00,0.6246,0.6368,0.623,0.6322,11736558.2,7401052.85921
2025-10-18 04:00:00,0.6321,0.6391,0.6247,0.6319,14990254.2,9465035.43625
2025-10-18 08:00:00,0.6319,0.6383,0.6301,0.6382,11075884.4,7029396.96459
2025-10-18 12:00:00,0.6382,0.6409,0.6269,0.6321,8954119.8,5668158.68687
2025-10-18 16:00:00,0.632,0.6377,0.626,0.6367,7556721.3,4773759.63905
2025-10-18 20:00:00,0.6367,0.6392,0.6317,0.6343,5070964.0,3218626.8044
2025-10-19 00:00:00,0.6342,0.6365,0.6278,0.6351,8135146.7,5135084.07273
2025-10-19 04:00:00,0.6351,0.6358,0.6267,0.6303,5622974.3,3551416.71622
2025-10-19 08:00:00,0.6302,0.65,0.6225,0.6427,39243611.7,24978547.24579
2025-10-19 12:00:00,0.6427,0.6615,0.6382,0.6603,24665037.9,16077632.24376
2025-10-19 16:00:00,0.6603,0.6652,0.6551,0.6593,19500985.5,12870781.10724
2025-10-19 20:00:00,0.6594,0.6621,0.6508,0.6528,12452680.9,8186251.92097
2025-10-20 00:00:00,0.6527,0.6651,0.6391,0.6627,26521735.4,17190028.77255
2025-10-20 04:00:00,0.6628,0.676,0.6606,0.6699,25362119.4,16958464.58847
2025-10-20 08:00:00,0.6698,0.6744,0.6621,0.6665,37898773.4,25328979.15991
2025-10-20 12:00:00,0.6664,0.6714,0.6629,0.6643,21081773.9,14063885.98565
2025-10-20 16:00:00,0.6642,0.6706,0.6537,0.6674,25994866.7,17172450.34041
2025-10-20 20:00:00,0.6674,0.6707,0.662,0.6625,7875853.9,5244975.97435
2025-10-21 00:00:00,0.6626,0.6635,0.6491,0.6508,13161190.7,8645360.31159
2025-10-21 04:00:00,0.6508,0.651,0.6382,0.6438,22521708.3,14479714.17872
2025-10-21 08:00:00,0.6437,0.6488,0.6369,0.6457,13654762.7,8770418.52272
2025-10-21 12:00:00,0.6457,0.6855,0.6438,0.6804,44071731.1,29317811.45081
2025-10-21 16:00:00,0.6804,0.684,0.6644,0.6688,33543656.8,22589446.93354
2025-10-21 20:00:00,0.6689,0.67,0.6403,0.6428,27192889.7,17808061.25699
2025-10-22 00:00:00,0.6428,0.6468,0.6376,0.6417,15973917.7,10250127.26105
2025-10-22 04:00:00,0.6417,0.6448,0.6324,0.6375,16353670.8,10418567.5212
2025-10-22 08:00:00,0.6374,0.6388,0.6231,0.6359,21344690.4,13482248.83421
2025-10-22 12:00:00,0.6359,0.6435,0.6279,0.6355,38860323.1,24698286.83386
2025-10-22 16:00:00,0.6356,0.6379,0.6221,0.6275,25979656.0,16382076.81092
2025-10-22 20:00:00,0.6276,0.6292,0.6061,0.6238,37101374.5,22895934.26675
2025-10-23 00:00:00,0.6238,0.63,0.6227,0.6272,12313854.9,7721718.79221
2025-10-23 04:00:00,0.6272,0.6429,0.6263,0.6394,13831765.1,8794338.94152
2025-10-23 08:00:00,0.6395,0.6433,0.6349,0.636,11518041.5,7367019.64118
2025-10-23 12:00:00,0.636,0.6461,0.631,0.6426,22461534.9,14361819.06934
2025-10-23 16:00:00,0.6427,0.654,0.6413,0.6453,20264647.8,13122914.17829
2025-10-23 20:00:00,0.6452,0.6454,0.6366,0.6428,13159019.0,8432344.6272
2025-10-24 00:00:00,0.6429,0.6473,0.6391,0.6406,9088992.5,5840276.60808
2025-10-24 04:00:00,0.6405,0.655,0.6387,0.6495,21775175.9,14147135.04538
2025-10-24 08:00:00,0.6496,0.6535,0.6432,0.6506,11829269.6,7673808.73139
2025-10-24 12:00:00,0.6506,0.6643,0.6433,0.645,35535770.1,23204242.65755
2025-10-24 16:00:00,0.6451,0.6558,0.6425,0.6548,11464367.9,7446183.89056
2025-10-24 20:00:00,0.6548,0.6589,0.6542,0.656,9674166.5,6352637.02462
2025-10-25 00:00:00,0.6559,0.6595,0.6529,0.6535,10351111.1,6791978.61172
2025-10-25 04:00:00,0.6534,0.6582,0.6511,0.6517,6846061.6,4480206.56153
2025-10-25 08:00:00,0.6517,0.6549,0.648,0.6539,4634460.6,3021246.51524
2025-10-25 12:00:00,0.6539,0.6571,0.651,0.6528,8081800.6,5279889.32387
2025-10-25 16:00:00,0.6529,0.6592,0.6517,0.6576,5074420.7,3326455.74245
2025-10-25 20:00:00,0.6577,0.6589,0.6536,0.6542,5628743.4,3691407.06662
2025-10-26 00:00:00,0.6542,0.6564,0.6466,0.6479,8470698.1,5517958.42929
2025-10-26 04:00:00,0.6479,0.6563,0.6476,0.6556,4298224.6,2806764.68776
2025-10-26 08:00:00,0.6555,0.6734,0.6555,0.6734,20936889.2,13891346.74766
2025-10-26 12:00:00,0.6734,0.6804,0.6727,0.6778,22534609.9,15240147.81531
2025-10-26 16:00:00,0.6777,0.6787,0.6721,0.6729,9646676.3,6510763.26101
2025-10-26 20:00:00,0.6729,0.6884,0.6681,0.6812,26431019.4,17993638.90025
2025-10-27 00:00:00,0.6812,0.6938,0.6796,0.6846,14803715.2,10175567.47627
2025-10-27 04:00:00,0.6847,0.6912,0.6775,0.68,15762746.3,10785340.13896
2025-10-27 08:00:00,0.68,0.6837,0.6717,0.6777,19391151.5,13163217.7246
2025-10-27 12:00:00,0.6778,0.678,0.6657,0.6743,19530259.6,13125337.74371
2025-10-27 16:00:00,0.6743,0.685,0.6739,0.6748,12187493.4,8284746.16727
2025-10-27 20:00:00,0.6748,0.6748,0.6634,0.667,13447252.6,9004512.90838
2025-10-28 00:00:00,0.6669,0.6722,0.6612,0.6651,12290459.3,8188437.9777
2025-10-28 04:00:00,0.6651,0.6713,0.6564,0.6632,24785050.7,16390834.35513
2025-10-28 08:00:00,0.6633,0.6675,0.6618,0.6625,11146828.5,7408388.04141
2025-10-28 12:00:00,0.6624,0.6755,0.6519,0.6642,23680304.6,15739370.43167
2025-10-28 16:00:00,0.6641,0.6716,0.6523,0.6546,13621093.3,9030817.34643
2025-10-28 20:00:00,0.6546,0.6548,0.6359,0.6459,31127343.5,20064236.89222
2025-10-29 00:00:00,0.6459,0.6476,0.641,0.6421,9785806.4,6298455.07857
2025-10-29 04:00:00,0.642,0.647,0.6414,0.646,10879148.2,7012244.61227
2025-10-29 08:00:00,0.6461,0.651,0.6398,0.6499,13650804.5,8807440.9061
2025-10-29 12:00:00,0.6498,0.6551,0.6363,0.6389,20602434.9,13309829.33335
2025-10-29 16:00:00,0.639,0.6604,0.6252,0.6502,65874055.8,42399705.90847
2025-10-29 20:00:00,0.6503,0.6571,0.6367,0.6401,18475223.3,12008813.24559
2025-10-30 00:00:00,0.6401,0.6486,0.6357,0.6448,8552266.6,5501086.46943
2025-10-30 04:00:00,0.6447,0.6481,0.6205,0.6453,31354878.0,19832391.61796
2025-10-30 08:00:00,0.6453,0.6454,0.6289,0.6291,12048083.9,7651270.66753
2025-10-30 12:00:00,0.6291,0.63,0.6012,0.6031,51062863.8,31311505.67352
2025-10-30 16:00:00,0.603,0.6079,0.5864,0.588,39051454.9,23339457.22673
2025-10-30 20:00:00,0.588,0.6019,0.5867,0.6016,22592157.8,13459794.28761
2025-10-31 00:00:00,0.6016,0.6118,0.6003,0.6101,16506921.9,10032047.41133
2025-10-31 04:00:00,0.6101,0.6157,0.6097,0.6112,15907657.2,9746770.70265
2025-10-31 08:00:00,0.6112,0.6172,0.6083,0.6168,13845178.0,8474162.99739
2025-10-31 12:00:00,0.6167,0.62,0.6091,0.6127,21022943.3,12931685.83101
2025-10-31 16:00:00,0.6126,0.6137,0.5978,0.6112,24930361.7,15090844.39983
2025-10-31 20:00:00,0.6111,0.6115,0.6059,0.6091,7261367.9,4421951.08724
2025-11-01 00:00:00,0.6091,0.6128,0.6033,0.6125,8948719.2,5436524.05098
2025-11-01 04:00:00,0.6125,0.6146,0.6071,0.6139,6757003.0,4130580.83072
2025-11-01 08:00:00,0.6139,0.6178,0.6113,0.6127,6969987.8,4282514.85366
2025-11-01 12:00:00,0.6128,0.615,0.6052,0.6124,9948249.5,6070752.2662
2025-11-01 16:00:00,0.6124,0.6147,0.6097,0.6136,6885182.9,4212876.15477
2025-11-01 20:00:00,0.6137,0.6158,0.608,0.6128,5174582.9,3166428.34298
2025-11-02 00:00:00,0.6129,0.613,0.608,0.6088,4230125.2,2579960.95786
2025-11-02 04:00:00,0.6088,0.6189,0.6081,0.6177,7711775.4,4740173.24309
2025-11-02 08:00:00,0.6177,0.6186,0.6054,0.6143,10171701.9,6216573.46891
2025-11-02 12:00:00,0.6143,0.6144,0.597,0.5994,13223163.9,7982956.86195
2025-11-02 16:00:00,0.5995,0.6015,0.5922,0.597,10470713.5,6256076.6501
2025-11-02 20:00:00,0.597,0.6119,0.5954,0.6106,8007865.5,4834318.67535
2025-11-03 00:00:00,0.6105,0.6122,0.5743,0.5754,28580173.1,16820177.39517
2025-11-03 04:00:00,0.5753,0.5809,0.5666,0.5772,31903106.6,18306881.37193
2025-11-03 08:00:00,0.5772,0.5854,0.5707,0.5758,26101196.3,15062423.51804
2025-11-03 12:00:00,0.5757,0.5805,0.5259,0.5505,88040862.7,48743345.13768
2025-11-03 16:00:00,0.5505,0.5693,0.5467,0.5552,33265721.7,18608537.10889
2025-11-03 20:00:00,0.5553,0.5564,0.5421,0.5528,29673673.4,16306083.25525
2025-11-04 00:00:00,0.5529,0.5628,0.5464,0.5615,18333126.7,10207403.13697
2025-11-04 04:00:00,0.5615,0.5633,0.5304,0.5341,65618714.7,35593268.7848
2025-11-04 08:00:00,0.5341,0.5485,0.5323,0.5462,34935265.0,18896278.56943
2025-11-04 12:00:00,0.5461,0.5537,0.5323,0.5426,34554185.6,18772388.03616
2025-11-04 16:00:00,0.5426,0.5466,0.508,0.5146,77621527.6,40570936.4167
2025-11-04 20:00:00,0.5145,0.5264,0.4898,0.5208,105918127.3,53729341.55018
2025-11-05 00:00:00,0.5208,0.5342,0.4947,0.5326,52512739.1,27084238.26521
2025-11-05 04:00:00,0.5326,0.5377,0.5285,0.5344,16891108.7,9006133.90132
2025-11-05 08:00:00,0.5344,0.5361,0.5231,0.535,22188773.8,11750826.64347
2025-11-05 12:00:00,0.535,0.5489,0.534,0.5489,32369813.3,17515867.62118
2025-11-05 16:00:00,0.5489,0.5503,0.5421,0.5436,25014950.7,13671125.18713
2025-11-05 20:00:00,0.5436,0.5488,0.539,0.5453,16382276.2,8914159.28082
2025-11-06 00:00:00,0.5453,0.5456,0.5347,0.543,15658966.8,8470233.67859
2025-11-06 04:00:00,0.5431,0.5449,0.5327,0.5343,16618682.1,8927472.61459
2025-11-06 08:00:00,0.5342,0.5388,0.5315,0.5353,13983692.0,7489935.03392
2025-11-06 12:00:00,0.5353,0.5396,0.5214,0.5237,36592978.4,19355640.41758
2025-11-06 16:00:00,0.5237,0.5322,0.5168,0.5284,23661700.7,12396719.15415
2025-11-06 20:00:00,0.5284,0.5347,0.5228,0.5318,15455427.1,8175299.30753
2025-11-07 00:00:00,0.5319,0.5413,0.5288,0.5407,22985302.9,12331514.49278
2025-11-07 04:00:00,0.5407,0.5481,0.5357,0.5479,17522954.2,9503942.87339
2025-11-07 08:00:00,0.5479,0.5499,0.5258,0.5311,25045621.9,13445682.0002
2025-11-07 12:00:00,0.5311,0.5473,0.5196,0.5442,40459643.9,21486897.5826
2025-11-07 16:00:00,0.5441,0.5856,0.542,0.5802,69129263.8,39440522.63321
2025-11-07 20:00:00,0.5802,0.5863,0.5756,0.5763,19798538.7,11516212.52912
2025-11-08 00:00:00,0.5763,0.5932,0.574,0.5823,27204388.9,15897828.49583
2025-11-08 04:00:00,0.5824,0.5908,0.574,0.5825,20148891.5,11708901.1282
2025-11-08 08:00:00,0.5825,0.5861,0.5719,0.5747,13680311.3,7911516.02844
2025-11-08 12:00:00,0.5748,0.5782,0.5556,0.5574,18531141.2,10489654.82575
2025-11-08 16:00:00,0.5574,0.5642,0.5539,0.5609,13433310.0,7515868.35683
2025-11-08 20:00:00,0.5609,0.5694,0.5587,0.5688,6120909.1,3458081.66931
2025-11-09 00:00:00,0.5688,0.5688,0.5478,0.5504,13100710.1,7290815.7525
2025-11-09 04:00:00,0.5503,0.5636,0.5503,0.5629,10394842.0,5787280.83844
2025-11-09 08:00:00,0.5629,0.5636,0.55,0.5627,10667667.2,5943417.91018
2025-11-09 12:00:00,0.5627,0.5788,0.5607,0.5754,23626560.6,13472143.41333
2025-11-09 16:00:00,0.5754,0.5834,0.5694,0.583,17205034.6,9904661.8325
2025-11-09 20:00:00,0.583,0.5844,0.5734,0.579,16377537.2,9481303.20052
2025-11-10 00:00:00,0.5789,0.5912,0.5737,0.5884,17693239.7,10352716.48237
2025-11-10 04:00:00,0.5885,0.5919,0.585,0.5894,12559451.5,7389446.80982
2025-11-10 08:00:00,0.5895,0.6031,0.5837,0.5959,20409153.1,12148258.97469
2025-11-10 12:00:00,0.5959,0.601,0.5808,0.5849,22750434.0,13431124.56566
2025-11-10 16:00:00,0.5848,0.5926,0.578,0.5883,15736460.9,9217763.88075
2025-11-10 20:00:00,0.5883,0.5983,0.584,0.5928,13679093.6,8088744.89656
2025-11-11 00:00:00,0.5929,0.6069,0.5866,0.5988,24033035.1,14370681.50151
2025-11-11 04:00:00,0.5987,0.6004,0.5756,0.5759,19507868.5,11404123.33793
2025-11-11 08:00:00,0.5759,0.5839,0.5747,0.5803,11183668.0,6469116.13977
2025-11-11 12:00:00,0.5804,0.5842,0.5706,0.5722,18933592.1,10922340.56864
2025-11-11 16:00:00,0.5722,0.5755,0.5591,0.5623,26329683.0,14913238.44275
2025-11-11 20:00:00,0.5622,0.5644,0.5535,0.5564,15717398.0,8784136.89266
2025-11-12 00:00:00,0.5565,0.562,0.5528,0.5606,10378864.9,5791378.96858
2025-11-12 04:00:00,0.5607,0.5653,0.5559,0.5568,10703867.0,5997821.00271
2025-11-12 08:00:00,0.5568,0.5746,0.5568,0.5738,12375138.2,7035128.98405
2025-11-12 12:00:00,0.5737,0.5809,0.5562,0.558,23534198.4,13406605.20487
2025-11-12 16:00:00,0.558,0.5598,0.5394,0.5436,32783999.5,17984442.95418
2025-11-12 20:00:00,0.5436,0.551,0.5421,0.5458,9614401.3,5260527.33652
2025-11-13 00:00:00,0.5457,0.564,0.5436,0.5588,13084957.0,7224013.49408
2025-11-13 04:00:00,0.5588,0.571,0.5553,0.5647,18294462.3,10329580.52561
2025-11-13 08:00:00,0.5647,0.5716,0.5622,0.5648,11345668.8,6424275.48685
2025-11-13 12:00:00,0.5648,0.5688,0.5517,0.5541,28546532.0,15980623.88499
2025-11-13 16:00:00,0.554,0.5547,0.519,0.5216,47301471.1,25120031.44374
2025-11-13 20:00:00,0.5216,0.5348,0.5144,0.5298,31091206.9,16258326.35178
2025-11-14 00:00:00,0.5298,0.5336,0.5236,0.5258,18146588.2,9571863.2307
2025-11-14 04:00:00,0.5258,0.528,0.5066,0.5241,48272598.7,24981490.73624
2025-11-14 08:00:00,0.5242,0.5242,0.5102,0.5132,20130286.5,10400859.00666
2025-11-14 12:00:00,0.5132,0.5193,0.4998,0.5143,55332284.3,28150252.90757
2025-11-14 16:00:00,0.5144,0.5208,0.5072,0.5159,20333698.5,10439967.78165
2025-11-14 20:00:00,0.516,0.5161,0.4901,0.4984,28588210.0,14362869.936
2025-11-15 00:00:00,0.4984,0.5147,0.4979,0.5115,18231020.9,9269610.88859
2025-11-15 04:00:00,0.5116,0.5154,0.5062,0.5101,30893384.5,15765517.93236
2025-11-15 08:00:00,0.5101,0.5106,0.5,0.5019,26478606.8,13379763.62859
2025-11-15 12:00:00,0.5018,0.5102,0.5007,0.5069,13141307.3,6662436.99239
2025-11-15 16:00:00,0.5069,0.5115,0.5027,0.5078,11315520.8,5744145.12764
2025-11-15 20:00:00,0.5078,0.508,0.4989,0.5036,9042288.3,4549909.36728
2025-11-16 00:00:00,0.5035,0.5063,0.4925,0.5043,16930345.6,8463020.60995
2025-11-16 04:00:00,0.5044,0.5062,0.4998,0.5053,9369538.4,4712505.10883
2025-11-16 08:00:00,0.5052,0.5093,0.4957,0.4974,16629399.8,8365779.82223
2025-11-16 12:00:00,0.4973,0.5,0.4823,0.4839,37509381.0,18456578.36133
2025-11-16 16:00:00,0.4839,0.4905,0.4754,0.4813,50478413.2,24332285.78128
2025-11-16 20:00:00,0.4813,0.488,0.4735,0.4845,43113062.6,20687997.093
2025-11-17 00:00:00,0.4845,0.4959,0.4791,0.4935,35727591.9,17492945.05544
2025-11-17 04:00:00,0.4936,0.498,0.4902,0.496,18201580.4,8986309.50797
2025-11-17 08:00:00,0.4961,0.4989,0.4912,0.4953,17061344.8,8441352.34831
2025-11-17 12:00:00,0.4954,0.4997,0.4728,0.4757,63465679.6,30793838.74562
2025-11-17 16:00:00,0.4756,0.4842,0.4597,0.4607,55717177.2,26205885.27459
2025-11-17 20:00:00,0.4607,0.4667,0.4576,0.4663,33877909.7,15642974.50655
2025-11-18 00:00:00,0.4664,0.4704,0.4562,0.4685,45386425.0,21033153.76478
2025-11-18 04:00:00,0.4685,0.4718,0.4579,0.465,37671427.9,17506251.03784
2025-11-18 08:00:00,0.465,0.4712,0.464,0.4689,29218642.2,13667229.39586
2025-11-18 12:00:00,0.469,0.4776,0.4598,0.4741,39972895.9,18722674.60037
2025-11-18 16:00:00,0.474,0.4823,0.4723,0.4783,29955851.7,14329839.08112
2025-11-18 20:00:00,0.4783,0.4812,0.4715,0.4752,13411899.8,6392927.53195
2025-11-19 00:00:00,0.4752,0.4775,0.4678,0.4687,22726105.8,10741097.41855
2025-11-19 04:00:00,0.4687,0.4701,0.4531,0.4683,27591973.1,12732832.99368
2025-11-19 08:00:00,0.4683,0.4708,0.4633,0.4657,16925883.6,7908135.9908
2025-11-19 12:00:00,0.4657,0.4735,0.4561,0.4565,32328368.1,15021252.51722
2025-11-19 16:00:00,0.4565,0.4598,0.4381,0.4415,52191217.1,23303334.10067
2025-11-19 20:00:00,0.4416,0.4644,0.4403,0.464,37247489.4,16945570.27732
2025-11-20 00:00:00,0.464,0.4699,0.4612,0.4668,18378664.5,8565216.64812
2025-11-20 04:00:00,0.4667,0.471,0.4635,0.4703,17738177.4,8285499.91927
2025-11-20 08:00:00,0.4703,0.471,0.4641,0.4662,12848036.9,6000856.80466
2025-11-20 12:00:00,0.4663,0.4722,0.4551,0.4557,32308243.3,15004654.2254
2025-11-20 16:00:00,0.4557,0.4565,0.4288,0.4359,76789256.4,33651667.65422
2025-11-20 20:00:00,0.4359,0.4453,0.4311,0.4324,23577653.5,10318957.70928
2025-11-21 00:00:00,0.4323,0.4397,0.4246,0.4302,41420956.6,17886125.16512
2025-11-21 04:00:00,0.4301,0.4314,0.3912,0.4088,137009836.9,56850242.34687
2025-11-21 08:00:00,0.4087,0.418,0.3983,0.3988,95156988.7,38901900.13517
2025-11-21 12:00:00,0.3988,0.414,0.3876,0.401,88258711.0,35535343.95884
2025-11-21 16:00:00,0.401,0.4177,0.396,0.4099,61612104.0,25207435.75533
2025-11-21 20:00:00,0.4098,0.4143,0.3977,0.4091,28344712.6,11531219.07474
2025-11-22 00:00:00,0.4091,0.4132,0.405,0.4073,16850355.1,6885961.93674
2025-11-22 04:00:00,0.4072,0.4076,0.398,0.4058,16333105.6,6567800.40077
2025-11-22 08:00:00,0.4058,0.4058,0.3961,0.4019,17379011.2,6952993.65524
2025-11-22 12:00:00,0.4019,0.4019,0.3907,0.3983,26293212.2,10429765.50097
2025-11-22 16:00:00,0.3983,0.4048,0.3979,0.4014,11048652.7,4435240.47045
2025-11-22 20:00:00,0.4015,0.4109,0.3993,0.4046,10969369.8,4440399.95571
2025-11-23 00:00:00,0.4045,0.4115,0.4016,0.4107,17219038.6,7014776.34032
2025-11-23 04:00:00,0.4108,0.4157,0.406,0.4088,20132601.4,8272209.89669
2025-11-23 08:00:00,0.4087,0.4132,0.4061,0.4096,16094630.4,6601478.57341
2025-11-23 12:00:00,0.4096,0.4185,0.4088,0.4169,19796386.8,8191611.7818
2025-11-23 16:00:00,0.4169,0.4183,0.4083,0.4132,24452164.2,10083165.31671
2025-11-23 20:00:00,0.4133,0.4168,0.4077,0.4085,15266621.0,6302016.0644
2025-11-24 00:00:00,0.4085,0.4202,0.404,0.4165,23923717.9,9883824.42392
2025-11-24 04:00:00,0.4165,0.4218,0.4085,0.4132,24899425.2,10330543.82823
2025-11-24 08:00:00,0.4132,0.414,0.4052,0.4083,17529795.8,7163938.53237
2025-11-24 12:00:00,0.4083,0.4153,0.402,0.4129,31693844.9,12953024.72595
2025-11-24 16:00:00,0.4129,0.4302,0.4127,0.4273,42564424.5,18005644.66098
2025-11-24 20:00:00,0.4273,0.4342,0.4272,0.4276,16255751.1,6999436.76372
2025-11-25 00:00:00,0.4276,0.4291,0.4219,0.4243,16847944.1,7170086.22557
2025-11-25 04:00:00,0.4242,0.4276,0.4182,0.4184,11793997.2,4985573.25198
2025-11-25 08:00:00,0.4183,0.4197,0.4131,0.4149,16584587.8,6904152.82081
2025-11-25 12:00:00,0.4149,0.4174,0.4046,0.4109,29125669.1,11984702.77931
2025-11-25 16:00:00,0.4109,0.4214,0.4105,0.417,23515252.9,9784495.88621
2025-11-25 20:00:00,0.417,0.4263,0.4136,0.4218,18668363.4,7841448.53479
2025-11-26 00:00:00,0.4219,0.4286,0.4207,0.4208,12736654.8,5405320.14708
2025-11-26 04:00:00,0.4208,0.4251,0.4187,0.425,10038416.4,4234280.51552
2025-11-26 08:00:00,0.4249,0.4251,0.4137,0.4152,11593280.6,4849965.88706
2025-11-26 12:00:00,0.4151,0.4181,0.4104,0.4128,19972587.8,8263552.64711
2025-11-26 16:00:00,0.4128,0.4358,0.4127,0.434,28579675.5,12253234.68065
2025-11-26 20:00:00,0.434,0.4373,0.4312,0.4356,11768810.8,5115138.62065
2025-11-27 00:00:00,0.4357,0.439,0.4325,0.4328,19755335.5,8603333.65435
2025-11-27 04:00:00,0.4328,0.4356,0.4302,0.4339,10330082.0,4478928.4545
2025-11-27 08:00:00,0.4338,0.4372,0.4287,0.4303,11168136.0,4831345.02533
2025-11-27 12:00:00,0.4303,0.4337,0.4265,0.4332,10585375.6,4538282.09934
2025-11-27 16:00:00,0.4332,0.4376,0.4304,0.436,10935779.4,4746775.27906
2025-11-27 20:00:00,0.436,0.439,0.4315,0.4331,6895467.0,3002196.8838
2025-11-28 00:00:00,0.433,0.4334,0.4217,0.4261,16303821.2,6953140.13957
2025-11-28 04:00:00,0.4262,0.428,0.4225,0.4242,9248879.1,3937874.12349
2025-11-28 08:00:00,0.4241,0.4371,0.4241,0.4259,17240228.3,7439078.1066
2025-11-28 12:00:00,0.4258,0.4347,0.423,0.4326,28409029.6,12190900.04112
2025-11-28 16:00:00,0.4326,0.4328,0.4148,0.4214,22313069.0,9424179.64247
2025-11-28 20:00:00,0.4215,0.4229,0.4174,0.4199,9247404.2,3883286.82645
2025-11-29 00:00:00,0.42,0.422,0.4162,0.4163,5878568.2,2461521.7664
2025-11-29 04:00:00,0.4162,0.4187,0.4134,0.4154,10853641.2,4517281.27496
2025-11-29 08:00:00,0.4153,0.4192,0.4137,0.4185,6744520.3,2806455.1044
2025-11-29 12:00:00,0.4185,0.421,0.4155,0.4202,11725671.0,4901927.53007
2025-11-29 16:00:00,0.4202,0.4216,0.4114,0.4149,10137531.2,4214980.94049
2025-11-29 20:00:00,0.4149,0.4183,0.4133,0.4147,6023525.4,2503933.37549
2025-11-30 00:00:00,0.4147,0.4204,0.4135,0.42,14843761.5,6178721.40593
2025-11-30 04:00:00,0.4201,0.4205,0.415,0.4185,6248417.8,2609587.59285
2025-11-30 08:00:00,0.4185,0.4219,0.4168,0.4176,10069612.4,4222770.13937
2025-11-30 12:00:00,0.4175,0.4263,0.4171,0.4229,11312815.7,4785366.76762
2025-11-30 16:00:00,0.4229,0.4274,0.4227,0.4251,8311704.2,3532297.05686
2025-11-30 20:00:00,0.4251,0.4269,0.4142,0.4143,11219337.4,4728261.25744
2025-12-01 00:00:00,0.4142,0.4158,0.384,0.3862,87748453.9,34675310.69785
2025-12-01 04:00:00,0.3861,0.3891,0.3811,0.3886,27144065.0,10435582.87424
2025-12-01 08:00:00,0.3886,0.3889,0.3823,0.3827,14599042.8,5637091.9647
2025-12-01 12:00:00,0.3827,0.3844,0.3707,0.3762,46986217.2,17766479.33485
2025-12-01 16:00:00,0.3763,0.3792,0.3715,0.3764,17650911.1,6624284.33946
2025-12-01 20:00:00,0.3763,0.3877,0.3762,0.3856,15242486.8,5817759.93313
2025-12-02 00:00:00,0.3856,0.392,0.3848,0.3913,14162561.1,5494870.57161
2025-12-02 04:00:00,0.3913,0.3937,0.3888,0.3894,10927943.0,4271892.54964
2025-12-02 08:00:00,0.3894,0.3949,0.3854,0.3939,15639341.7,6093599.01595
2025-12-02 12:00:00,0.3938,0.4312,0.3929,0.4283,52090385.6,21470715.21734
2025-12-02 16:00:00,0.4284,0.438,0.4259,0.4345,40761812.4,17556745.28502
2025-12-02 20:00:00,0.4346,0.439,0.4323,0.4335,26736599.4,11656400.44598
2025-12-03 00:00:00,0.4335,0.4389,0.4298,0.4381,19349044.5,8420879.12936
2025-12-03 04:00:00,0.4381,0.4472,0.4354,0.4429,25091458.8,11092118.76029
2025-12-03 08:00:00,0.4428,0.447,0.4356,0.437,13357937.6,5878378.92219
2025-12-03 12:00:00,0.437,0.4414,0.4265,0.4342,33363638.1,14464339.02382
2025-12-03 16:00:00,0.4343,0.4454,0.4317,0.445,16131424.6,7100787.96336
2025-12-03 20:00:00,0.445,0.4541,0.4438,0.4499,23113699.8,10387635.76673
2025-12-04 00:00:00,0.45,0.4558,0.4469,0.4494,19092793.3,8599760.77753
2025-12-04 04:00:00,0.4494,0.454,0.4451,0.4518,20309415.7,9125917.47252
2025-12-04 08:00:00,0.4518,0.4527,0.4443,0.4464,12644020.1,5667628.01723
2025-12-04 12:00:00,0.4463,0.4529,0.4396,0.4506,22998115.5,10257157.23983
2025-12-04 16:00:00,0.4507,0.452,0.4346,0.4414,18301644.8,8110964.8104
2025-12-04 20:00:00,0.4415,0.4438,0.4376,0.4394,10203497.9,4494408.08037
2025-12-05 00:00:00,0.4394,0.4429,0.4381,0.4397,8917019.7,3928971.1768
2025-12-05 04:00:00,0.4396,0.4424,0.436,0.4416,11836135.2,5199299.91799
2025-12-05 08:00:00,0.4416,0.4416,0.428,0.4304,14337394.2,6208269.03437
2025-12-05 12:00:00,0.4304,0.4325,0.4232,0.4262,23219209.3,9938496.74683
2025-12-05 16:00:00,0.4262,0.4264,0.4091,0.4161,31386170.0,13029887.10399
2025-12-05 20:00:00,0.4161,0.4171,0.4128,0.4157,7923889.8,3289727.28243
2025-12-06 00:00:00,0.4156,0.4178,0.4121,0.4167,6070459.7,2519758.24749
2025-12-06 04:00:00,0.4166,0.417,0.4102,0.4117,5599056.7,2315950.64012
2025-12-06 08:00:00,0.4117,0.4153,0.4099,0.4149,4755836.7,1960921.56806
2025-12-06 12:00:00,0.4148,0.4167,0.4117,0.4148,12219158.1,5061692.33722
2025-12-06 16:00:00,0.4147,0.4213,0.4121,0.413,12991197.7,5414507.57395
2025-12-06 20:00:00,0.413,0.4169,0.4111,0.4138,5843295.3,2418432.81181
2025-12-07 00:00:00,0.4138,0.4197,0.4135,0.4193,6029526.5,2510342.97955
2025-12-07 04:00:00,0.4193,0.4207,0.4139,0.4173,10497721.3,4387222.57292
2025-12-07 08:00:00,0.4174,0.4196,0.4143,0.415,5632851.8,2346456.06701
2025-12-07 12:00:00,0.4149,0.4202,0.4057,0.4199,34570806.1,14242551.40125
2025-12-07 16:00:00,0.4199,0.435,0.4181,0.4319,27573999.3,11788289.21139
2025-12-07 20:00:00,0.4319,0.4332,0.411,0.4173,20152455.3,8480771.29221
2025-12-08 00:00:00,0.4174,0.4271,0.4144,0.4228,12303123.6,5163644.68691
2025-12-08 04:00:00,0.4229,0.4303,0.4226,0.4291,7729841.6,3299858.71592
2025-12-08 08:00:00,0.4291,0.4391,0.4283,0.4317,27273650.7,11837531.09656
2025-12-08 12:00:00,0.4317,0.44,0.43,0.4353,28146980.7,12232288.95118
2025-12-08 16:00:00,0.4353,0.4414,0.4301,0.4343,20310375.6,8853276.91219
2025-12-08 20:00:00,0.4344,0.4374,0.4296,0.4328,9667229.1,4199323.86613
2025-12-09 00:00:00,0.4328,0.4347,0.4269,0.432,10179127.9,4379804.49385
2025-12-09 04:00:00,0.4321,0.4326,0.424,0.4277,12282459.1,5245285.3775
2025-12-09 08:00:00,0.4276,0.444,0.4239,0.4379,31383785.7,13508264.58109
2025-12-09 12:00:00,0.4379,0.4697,0.4368,0.4672,95003073.1,43027290.55164
2025-12-09 16:00:00,0.4671,0.4842,0.4671,0.4767,70501698.7,33647813.22016
2025-12-09 20:00:00,0.4767,0.4817,0.4642,0.4697,36960590.7,17475060.58215
2025-12-10 00:00:00,0.4697,0.4719,0.4618,0.4626,18280979.4,8504502.64406
2025-12-10 04:00:00,0.4626,0.4658,0.4583,0.4614,22330377.0,10339407.75901
2025-12-10 08:00:00,0.4613,0.4761,0.4595,0.4657,59834622.1,27855106.90266
2025-12-10 12:00:00,0.4657,0.4664,0.461,0.4619,16923637.9,7842906.2722
2025-12-10 16:00:00,0.4619,0.4711,0.4572,0.4649,35715098.4,16569798.44404
2025-12-10 20:00:00,0.465,0.4747,0.4522,0.4536,35488808.6,16439807.49424
2025-12-11 00:00:00,0.4536,0.455,0.4291,0.4297,35717713.1,15703909.7888
2025-12-11 04:00:00,0.4297,0.4346,0.4247,0.4267,29462647.3,12649285.70383
2025-12-11 08:00:00,0.4268,0.4268,0.4196,0.4205,34907477.9,14760974.42228
2025-12-11 12:00:00,0.4204,0.4216,0.4117,0.4175,79659705.1,33161013.76084
2025-12-11 16:00:00,0.4175,0.4223,0.4093,0.4176,40183985.5,16648807.18427
2025-12-11 20:00:00,0.4176,0.428,0.4171,0.4255,35092832.2,14851536.18223
2025-12-12 00:00:00,0.4255,0.4272,0.4176,0.4226,18282688.6,7720800.58872
2025-12-12 04:00:00,0.4225,0.4293,0.4194,0.4263,15658185.2,6643791.70052
2025-12-12 08:00:00,0.4263,0.4275,0.4213,0.4245,12070543.4,5131848.55507
2025-12-12 12:00:00,0.4244,0.4272,0.4065,0.4084,32057672.8,13401778.98859
2025-12-12 16:00:00,0.4083,0.4158,0.4035,0.4096,57787769.7,23572398.36518
2025-12-12 20:00:00,0.4095,0.4115,0.4079,0.4091,9741106.6,3993682.64647
2025-12-13 00:00:00,0.409,0.4119,0.409,0.4091,5513351.4,2262892.33768
2025-12-13 04:00:00,0.4092,0.4122,0.4081,0.4105,9353215.8,3834552.83465
2025-12-13 08:00:00,0.4105,0.4157,0.41,0.4123,6612582.3,2728984.81203
2025-12-13 12:00:00,0.4122,0.4147,0.4105,0.4132,6875137.7,2837131.01048
2025-12-13 16:00:00,0.4131,0.4144,0.4089,0.4102,7108568.0,2920817.85416
2025-12-13 20:00:00,0.4103,0.4115,0.4061,0.4105,8001647.9,3273244.2738
2025-12-14 00:00:00,0.4106,0.4116,0.4087,0.4098,5938208.1,2434734.23972
2025-12-14 04:00:00,0.4097,0.4102,0.4062,0.4078,8778264.5,3580021.96339
2025-12-14 08:00:00,0.4078,0.4097,0.3976,0.4034,19068591.3,7689395.55568
2025-12-14 12:00:00,0.4034,0.4051,0.397,0.3993,23580736.5,9446145.33877
2025-12-14 16:00:00,0.3993,0.4026,0.3956,0.3986,18543680.4,7392233.16805
2025-12-14 20:00:00,0.3986,0.4003,0.3915,0.3963,17668643.0,6998566.92689
2025-12-15 00:00:00,0.3963,0.4077,0.3956,0.4015,12809469.4,5136000.47574
2025-12-15 04:00:00,0.4015,0.4065,0.4013,0.4022,7398168.6,2985940.89209
2025-12-15 08:00:00,0.4022,0.4059,0.4004,0.403,9044500.6,3643151.44898
2025-12-15 12:00:00,0.403,0.4053,0.3822,0.3855,42293085.0,16581285.82801
2025-12-15 16:00:00,0.3855,0.3905,0.3773,0.3847,32069947.6,12298732.89194
2025-12-15 20:00:00,0.3847,0.3884,0.3797,0.3882,13072788.4,5009930.54045
2025-12-16 00:00:00,0.3882,0.39,0.38,0.3828,15264006.6,5861850.09341
2025-12-16 04:00:00,0.3827,0.3853,0.3775,0.3804,13853321.5,5289961.65712
2025-12-16 08:00:00,0.3803,0.3907,0.3799,0.3881,15501271.1,5960146.97177
2025-12-16 12:00:00,0.3881,0.3916,0.3783,0.3901,33445233.8,12895062.23971
2025-12-16 16:00:00,0.3901,0.3908,0.3839,0.3872,10240855.0,3965319.02528
2025-12-16 20:00:00,0.3871,0.3885,0.3845,0.3859,5867043.2,2266840.1949
2025-12-17 00:00:00,0.3859,0.3879,0.3823,0.3834,6457488.6,2482062.03853
2025-12-17 04:00:00,0.3835,0.3838,0.3762,0.3809,14632735.8,5564845.47972
2025-12-17 08:00:00,0.3809,0.3811,0.3768,0.3806,6560407.4,2484983.26107
2025-12-17 12:00:00,0.3806,0.4001,0.3784,0.382,48446393.7,18853301.69022
2025-12-17 16:00:00,0.3819,0.3849,0.3639,0.3688,47412941.7,17638450.4197
2025-12-17 20:00:00,0.3688,0.372,0.3647,0.3673,11390655.0,4190161.85887
2025-12-18 00:00:00,0.3673,0.3688,0.3628,0.365,12703211.4,4643650.57757
2025-12-18 04:00:00,0.365,0.3668,0.3607,0.3623,13686371.5,4961742.18404
2025-12-18 08:00:00,0.3623,0.3659,0.3616,0.3648,20268567.4,7371151.91983
2025-12-18 12:00:00,0.3648,0.3794,0.3636,0.3731,36390711.4,13539144.71906
2025-12-18 16:00:00,0.3732,0.3736,0.3468,0.3478,54537462.0,19464134.19123
2025-12-18 20:00:00,0.3477,0.3555,0.3472,0.3514,16875476.8,5931514.67267
2025-12-19 00:00:00,0.3513,0.363,0.3466,0.3597,26315403.3,9304050.96476
2025-12-19 04:00:00,0.3597,0.3696,0.3595,0.3665,15581137.6,5656217.31408
2025-12-19 08:00:00,0.3665,0.3675,0.3647,0.3662,10048802.9,3680466.88678
2025-12-19 12:00:00,0.3663,0.379,0.365,0.3711,23915526.5,8853539.16871
2025-12-19 16:00:00,0.3711,0.3809,0.3692,0.3781,25369485.9,9507410.82884
2025-12-19 20:00:00,0.3781,0.3807,0.3751,0.3767,10018877.7,3788057.63739
2025-12-20 00:00:00,0.3767,0.3772,0.3734,0.3743,6294552.5,2361864.70604
2025-12-20 04:00:00,0.3743,0.3752,0.3723,0.3744,5974995.8,2231421.24325
2025-12-20 08:00:00,0.3744,0.3806,0.3744,0.3786,10387243.3,3926652.07898
2025-12-20 12:00:00,0.3786,0.3795,0.3744,0.3775,8649507.6,3260338.17376
2025-12-20 16:00:00,0.3776,0.3781,0.3751,0.3755,6957673.2,2619204.39331
2025-12-20 20:00:00,0.3755,0.3765,0.3727,0.373,6795275.2,2546747.63345
2025-12-21 00:00:00,0.3731,0.3739,0.3675,0.3696,8734249.0,3234277.01027
2025-12-21 04:00:00,0.3696,0.3696,0.367,0.3674,7041989.1,2593629.36509
2025-12-21 08:00:00,0.3675,0.3747,0.3666,0.37,16185145.4,6007133.72521
2025-12-21 12:00:00,0.3701,0.3724,0.3576,0.361,27047968.3,9798476.05869
2025-12-21 16:00:00,0.361,0.3658,0.36,0.3651,10819787.2,3932931.76158
2025-12-21 20:00:00,0.3652,0.3684,0.3592,0.3662,10212627.8,3713880.30565
2025-12-22 00:00:00,0.3662,0.3754,0.3619,0.3673,26961454.0,9933963.80547
2025-12-22 04:00:00,0.3673,0.3699,0.365,0.3684,10617474.4,3898505.12497
2025-12-22 08:00:00,0.3684,0.3721,0.3669,0.3709,12276191.0,4537173.78392
2025-12-22 12:00:00,0.3709,0.3822,0.3709,0.3793,30851899.9,11605776.36377
2025-12-22 16:00:00,0.3794,0.3815,0.3678,0.3685,20678484.9,7783740.96177
2025-12-22 20:00:00,0.3684,0.3736,0.3658,0.3711,13631668.2,5038658.66854
2025-12-23 00:00:00,0.3712,0.3744,0.3658,0.3686,9935418.3,3671976.29626
2025-12-23 04:00:00,0.3685,0.3695,0.3633,0.3641,10824685.4,3955958.55067
2025-12-23 08:00:00,0.3641,0.3691,0.3623,0.3673,11214793.0,4098255.57835
2025-12-23 12:00:00,0.3674,0.3674,0.3552,0.361,31085543.8,11222087.72036
2025-12-23 16:00:00,0.3609,0.3652,0.3593,0.3614,15054593.9,5462169.35482
2025-12-23 20:00:00,0.3615,0.3662,0.3604,0.3628,9274577.5,3367915.47341
2025-12-24 00:00:00,0.3629,0.3652,0.3569,0.3602,15354038.5,5529245.55441
2025-12-24 04:00:00,0.3602,0.3621,0.354,0.3558,18740392.0,6692915.9977
2025-12-24 08:00:00,0.3559,0.3595,0.3544,0.3587,8341155.2,2975399.63011
2025-12-24 12:00:00,0.3588,0.3596,0.3523,0.3556,13888529.5,4938009.60292
2025-12-24 16:00:00,0.3556,0.3583,0.3538,0.3561,14229074.7,5064062.46287
2025-12-24 20:00:00,0.3562,0.3588,0.3548,0.3566,10129582.2,3612981.9585
2025-12-25 00:00:00,0.3566,0.3609,0.3547,0.3605,6959053.0,2491688.72549
2025-12-25 04:00:00,0.3605,0.3614,0.3586,0.359,7852547.9,2827256.19572
2025-12-25 08:00:00,0.359,0.3609,0.3498,0.3511,19766797.8,6991013.40352
2025-12-25 12:00:00,0.351,0.3593,0.3495,0.3572,24931420.9,8795253.99288
2025-12-25 16:00:00,0.3573,0.36,0.3531,0.3596,21611477.1,7700967.59729
2025-12-25 20:00:00,0.3595,0.3599,0.3393,0.3434,36260460.6,12612555.09704
2025-12-26 00:00:00,0.3434,0.3584,0.3418,0.3533,34954916.5,12217334.41286
2025-12-26 04:00:00,0.3533,0.3576,0.351,0.3521,26453469.5,9387758.04917
2025-12-26 08:00:00,0.3522,0.3563,0.3518,0.3551,8601189.8,3047516.98353
2025-12-26 12:00:00,0.3552,0.358,0.3455,0.3469,26470240.7,9328402.09697
2025-12-26 16:00:00,0.3469,0.3511,0.3443,0.3501,15866905.9,5518367.56394
2025-12-26 20:00:00,0.3501,0.3512,0.3488,0.3496,5787469.0,2025250.36052
2025-12-27 00:00:00,0.3496,0.3558,0.3488,0.3547,8548357.4,3013083.06345
2025-12-27 04:00:00,0.3547,0.355,0.3521,0.3523,8804038.3,3110862.2241
2025-12-27 08:00:00,0.3523,0.3555,0.3521,0.3552,10092139.1,3572569.47116
2025-12-27 12:00:00,0.3553,0.359,0.3553,0.357,12053644.1,4304045.22719
2025-12-27 16:00:00,0.3571,0.3582,0.3557,0.3577,6581809.2,2349938.35376
2025-12-27 20:00:00,0.3577,0.3711,0.3577,0.37,28434754.0,10383981.2376
2025-12-28 00:00:00,0.3699,0.3711,0.3677,0.3699,12363358.3,4566690.82784
2025-12-28 04:00:00,0.3699,0.3771,0.369,0.374,19190645.2,7160725.19731
2025-12-28 08:00:00,0.3741,0.3753,0.3698,0.3715,12256661.6,4556146.35977
2025-12-28 12:00:00,0.3715,0.3724,0.3686,0.3695,10466118.6,3874136.02832
2025-12-28 16:00:00,0.3696,0.3715,0.3614,0.3627,17589384.3,6435332.21516
2025-12-28 20:00:00,0.3627,0.3692,0.3616,0.3688,18107284.1,6622492.90046
2025-12-29 00:00:00,0.3689,0.383,0.3668,0.3811,41990298.7,15727878.88924
2025-12-29 04:00:00,0.3811,0.3847,0.3737,0.3759,23998334.8,9098175.86887
2025-12-29 08:00:00,0.3759,0.3777,0.3674,0.3693,18168378.6,6757903.68676
2025-12-29 12:00:00,0.3693,0.3697,0.3621,0.3656,26996056.4,9872781.57124
2025-12-29 16:00:00,0.3656,0.3657,0.3528,0.353,27622041.5,9905056.17198
2025-12-29 20:00:00,0.353,0.3555,0.3506,0.3532,14763308.7,5210844.4038
2025-12-30 00:00:00,0.3531,0.3555,0.3481,0.3526,25321234.9,8917490.45573
2025-12-30 04:00:00,0.3526,0.354,0.3508,0.3521,12759888.9,4494729.86818
2025-12-30 08:00:00,0.3522,0.3568,0.352,0.3523,13812061.7,4899314.29536
2025-12-30 12:00:00,0.3523,0.3568,0.3503,0.3543,19616862.9,6925130.24362
2025-12-30 16:00:00,0.3543,0.3557,0.3496,0.3513,13661637.1,4819447.70727
2025-12-30 20:00:00,0.3512,0.352,0.3488,0.3514,10610195.5,3717513.3967
2025-12-31 00:00:00,0.3513,0.3536,0.3494,0.3518,13239069.5,4661838.9526
2025-12-31 04:00:00,0.3518,0.3538,0.3501,0.3511,19783392.8,6963423.83127
2025-12-31 08:00:00,0.3512,0.3524,0.3489,0.352,9238617.9,3237538.24078
2025-12-31 12:00:00,0.352,0.3521,0.3405,0.3424,26555390.1,9193241.09699
2025-12-31 16:00:00,0.3425,0.3427,0.3294,0.3321,43979358.3,14733963.12706
2025-12-31 20:00:00,0.3322,0.3349,0.3304,0.3335,19250886.9,6408434.47425
2026-01-01 00:00:00,0.3336,0.3355,0.3322,0.3327,16338534.5,5453429.56915
2026-01-01 04:00:00,0.3328,0.3386,0.332,0.3365,16514617.9,5541147.75059
2026-01-01 08:00:00,0.3365,0.3411,0.3363,0.3407,9997024.9,3390953.35688
2026-01-01 12:00:00,0.3407,0.3493,0.3393,0.3471,15945197.0,5477751.59366
2026-01-01 16:00:00,0.3472,0.3584,0.3456,0.3581,27043251.2,9498635.87882
2026-01-01 20:00:00,0.3581,0.361,0.3553,0.3565,19492882.7,6966147.55303
2026-01-02 00:00:00,0.3565,0.3635,0.3544,0.3622,16392468.4,5865241.77617
2026-01-02 04:00:00,0.3623,0.3639,0.3553,0.3556,12149559.4,4364158.30624
2026-01-02 08:00:00,0.3557,0.3678,0.3556,0.3606,28639415.9,10407093.86185
2026-01-02 12:00:00,0.3607,0.3747,0.3584,0.3716,47895340.7,17586173.94947
2026-01-02 16:00:00,0.3717,0.3936,0.3717,0.3884,81157304.1,31291685.89072
2026-01-02 20:00:00,0.3885,0.3963,0.3847,0.3949,26879046.1,10512574.11112
2026-01-03 00:00:00,0.3949,0.3992,0.3913,0.3984,23155615.7,9156881.0912
2026-01-03 04:00:00,0.3983,0.399,0.383,0.3842,30746251.0,11995896.51206
2026-01-03 08:00:00,0.3843,0.389,0.3826,0.3845,15253069.3,5887821.98757
2026-01-03 12:00:00,0.3845,0.3911,0.3836,0.3862,15473893.0,5991305.20915
2026-01-03 16:00:00,0.3863,0.3898,0.3856,0.3886,7040302.5,2732074.98051
2026-01-03 20:00:00,0.3886,0.3909,0.3858,0.3893,6915796.8,2688069.82956
2026-01-04 00:00:00,0.3893,0.4004,0.3887,0.3995,22734840.2,8984846.57318
2026-01-04 04:00:00,0.3995,0.402,0.3939,0.3962,17626043.5,7002905.51897
2026-01-04 08:00:00,0.3963,0.4055,0.3929,0.4014,26060882.7,10438967.9937
2026-01-04 12:00:00,0.4014,0.4045,0.3958,0.3988,19518833.1,7795061.73258
2026-01-04 16:00:00,0.3989,0.4043,0.3955,0.3988,20822279.5,8334136.85292
2026-01-04 20:00:00,0.3988,0.4026,0.3969,0.4007,13980546.5,5591247.95585
2026-01-05 00:00:00,0.4006,0.408,0.398,0.4033,30408484.1,12280651.51482
2026-01-05 04:00:00,0.4032,0.4035,0.3939,0.401,21385171.7,8526623.59304
2026-01-05 08:00:00,0.4011,0.4041,0.3959,0.4,20408627.3,8141426.06639
2026-01-05 12:00:00,0.4,0.4143,0.397,0.4127,36196887.4,14649920.59448
2026-01-05 16:00:00,0.4127,0.4197,0.4068,0.4175,45439350.5,18792554.03748
2026-01-05 20:00:00,0.4176,0.425,0.417,0.4211,27941729.1,11770954.71216
2026-01-06 00:00:00,0.4211,0.4309,0.4178,0.4259,27168776.0,11547468.27962
2026-01-06 04:00:00,0.4259,0.4271,0.4141,0.4147,26265682.9,11072271.03536
2026-01-06 08:00:00,0.4148,0.4226,0.4148,0.4223,13678320.5,5719346.96917
2026-01-06 12:00:00,0.4223,0.4374,0.4177,0.4202,58594571.7,25030399.06514
2026-01-06 16:00:00,0.4201,0.4211,0.4011,0.4075,44277405.3,18124618.74916
2026-01-06 20:00:00,0.4074,0.4221,0.4074,0.4194,18844050.5,7844802.3879
2026-01-07 00:00:00,0.4194,0.4195,0.409,0.4121,10958657.8,4531865.23736
2026-01-07 04:00:00,0.4121,0.4189,0.4096,0.4188,9777569.9,4041493.61014
2026-01-07 08:00:00,0.4189,0.4228,0.4093,0.415,19354074.1,8034324.38299
2026-01-07 12:00:00,0.415,0.4157,0.4004,0.4029,30963289.5,12579727.52046
2026-01-07 16:00:00,0.4029,0.4078,0.4004,0.403,13069761.1,5275626.58946
2026-01-07 20:00:00,0.403,0.4046,0.3976,0.4022,12343925.6,4953783.91504
2026-01-08 00:00:00,0.4023,0.4049,0.3955,0.3978,14540556.4,5827117.30257
2026-01-08 04:00:00,0.3978,0.4021,0.3891,0.3953,24957310.4,9859095.74137
2026-01-08 08:00:00,0.3954,0.3972,0.3868,0.3905,21130017.3,8270303.65628
2026-01-08 12:00:00,0.3906,0.3955,0.3849,0.3954,24998105.1,9727410.00166
2026-01-08 16:00:00,0.3953,0.3979,0.3903,0.3932,16640314.1,6564874.58388
2026-01-08 20:00:00,0.3932,0.399,0.3896,0.3956,11111368.1,4386467.18687
2026-01-09 00:00:00,0.3957,0.4007,0.3946,0.3985,11968129.4,4752574.43277
2026-01-09 04:00:00,0.3985,0.3998,0.394,0.3971,6151796.3,2444555.43751
2026-01-09 08:00:00,0.3972,0.3977,0.3896,0.3918,12610890.5,4957747.70564
2026-01-09 12:00:00,0.3918,0.4052,0.3874,0.3971,30189522.2,11928186.06532
2026-01-09 16:00:00,0.3972,0.4045,0.3889,0.3902,15468262.4,6134444.70768
2026-01-09 20:00:00,0.3902,0.3939,0.3895,0.3914,8192263.9,3210850.75724
2026-01-10 00:00:00,0.3914,0.3915,0.3867,0.3892,8332915.8,3245326.58252
2026-01-10 04:00:00,0.3891,0.3894,0.3846,0.3881,6576502.2,2547820.36039
2026-01-10 08:00:00,0.3881,0.3915,0.387,0.3912,7148736.6,2785006.88564
2026-01-10 12:00:00,0.3911,0.3925,0.3888,0.3897,5147164.5,2010200.55422
2026-01-10 16:00:00,0.3896,0.3919,0.3885,0.3913,3766252.5,1469684.66891
2026-01-10 20:00:00,0.3913,0.3915,0.3856,0.3886,6419064.1,2493870.11434
2026-01-11 00:00:00,0.3886,0.3921,0.3877,0.3905,3994627.6,1557340.77964
2026-01-11 04:00:00,0.3906,0.392,0.3889,0.3914,4350831.7,1699949.16361
2026-01-11 08:00:00,0.3913,0.3933,0.3897,0.3919,6784618.3,2655650.58129
2026-01-11 12:00:00,0.392,0.3972,0.3888,0.3906,19475087.4,7660872.03446
2026-01-11 16:00:00,0.3906,0.3961,0.3903,0.3925,12883713.3,5071836.1506
2026-01-11 20:00:00,0.3924,0.3929,0.3839,0.391,23814792.4,9265598.4845
2026-01-12 00:00:00,0.391,0.4036,0.3857,0.3974,25806717.2,10214518.581
2026-01-12 04:00:00,0.3975,0.4013,0.3899,0.3904,12811957.7,5079235.98377
2026-01-12 08:00:00,0.3904,0.3928,0.3848,0.3874,15845861.6,6142210.43708
2026-01-12 12:00:00,0.3875,0.395,0.3815,0.3945,30655372.0,11868533.59529
2026-01-12 16:00:00,0.3944,0.3995,0.3907,0.3934,23930784.4,9460151.97167
2026-01-12 20:00:00,0.3933,0.3953,0.3838,0.3862,21102069.7,8178349.12899
2026-01-13 00:00:00,0.3862,0.389,0.385,0.3868,7436059.5,2875841.66946
2026-01-13 04:00:00,0.3869,0.3958,0.3864,0.39,11781244.6,4612300.04744
2026-01-13 08:00:00,0.3899,0.3955,0.3897,0.3923,11262846.5,4421293.68324
2026-01-13 12:00:00,0.3923,0.4064,0.3908,0.4062,33665771.6,13421548.71394
2026-01-13 16:00:00,0.4061,0.411,0.405,0.4103,38376797.3,15650276.95091
2026-01-13 20:00:00,0.4104,0.4267,0.4066,0.4218,59108134.1,24792275.19477
2026-01-14 00:00:00,0.4219,0.426,0.4198,0.4259,28088551.6,11864873.15193
2026-01-14 04:00:00,0.4259,0.4273,0.4182,0.4238,29666104.6,12557242.96144
2026-01-14 08:00:00,0.4238,0.4254,0.4133,0.4139,12564062.9,5263046.52819
2026-01-14 12:00:00,0.414,0.4232,0.4113,0.4201,30676674.5,12823834.31734
2026-01-14 16:00:00,0.4202,0.4241,0.4097,0.4149,32390509.2,13545733.96542
2026-01-14 20:00:00,0.415,0.4177,0.4104,0.4143,14951760.1,6186319.8586
2026-01-15 00:00:00,0.4144,0.4144,0.3992,0.4002,24085842.1,9796149.88623
2026-01-15 04:00:00,0.4003,0.4055,0.3997,0.4045,13772863.2,5541476.18081
2026-01-15 08:00:00,0.4044,0.4067,0.4011,0.4048,18504906.3,7478946.97107
2026-01-15 12:00:00,0.4048,0.4107,0.3934,0.3997,42198937.8,17012782.50003
2026-01-15 16:00:00,0.3996,0.401,0.3894,0.3925,27128447.6,10719458.57865
2026-01-15 20:00:00,0.3925,0.3946,0.3891,0.3936,12139359.8,4763112.937
2026-01-16 00:00:00,0.3937,0.3944,0.3897,0.3915,9633510.2,3777817.93798
2026-01-16 04:00:00,0.3914,0.3945,0.3885,0.3926,9712138.2,3804358.97125
2026-01-16 08:00:00,0.3926,0.3938,0.3904,0.3927,8027445.3,3148633.0678
2026-01-16 12:00:00,0.3928,0.3929,0.3788,0.3816,32585618.1,12576009.46148
2026-01-16 16:00:00,0.3816,0.388,0.3803,0.3868,18866894.2,7249570.12819
2026-01-16 20:00:00,0.3868,0.3987,0.3849,0.3955,25770432.2,10173103.88173
2026-01-17 00:00:00,0.3956,0.3974,0.3935,0.3946,9761324.3,3861249.90527
2026-01-17 04:00:00,0.3945,0.3969,0.3937,0.3956,4540790.6,1795487.61727
2026-01-17 08:00:00,0.3956,0.3971,0.3946,0.3948,6121053.4,2423589.1807
2026-01-17 12:00:00,0.3947,0.4027,0.3945,0.4026,12294376.1,4910744.10942
2026-01-17 16:00:00,0.4026,0.4042,0.3987,0.4002,10391796.0,4165653.92507
2026-01-17 20:00:00,0.4002,0.4022,0.395,0.3973,7444033.6,2962120.33892
2026-01-18 00:00:00,0.3973,0.3988,0.3928,0.3956,10690040.4,4231222.06892
2026-01-18 04:00:00,0.3956,0.396,0.3932,0.3942,4703396.2,1856550.05798
2026-01-18 08:00:00,0.3942,0.3948,0.392,0.3929,10348989.8,4069364.20991
2026-01-18 12:00:00,0.3929,0.3953,0.3894,0.3924,12690215.9,4976745.53294
2026-01-18 16:00:00,0.3925,0.3962,0.39,0.3927,9040321.0,3553293.91649
2026-01-18 20:00:00,0.3926,0.3971,0.3747,0.3758,31784561.9,12200987.33468
2026-01-19 00:00:00,0.3757,0.3757,0.3421,0.3656,126522019.3,45620001.32173
2026-01-19 04:00:00,0.3655,0.3669,0.3606,0.3641,39713108.6,14446948.55499
2026-01-19 08:00:00,0.3641,0.373,0.3634,0.3693,58218012.2,21493962.57247
2026-01-19 12:00:00,0.3692,0.3706,0.3652,0.3668,14746516.5,5418430.3703
2026-01-19 16:00:00,0.3668,0.373,0.3664,0.371,9648324.8,3567476.88521
2026-01-19 20:00:00,0.371,0.3726,0.367,0.3703,10269968.9,3799875.62623
2026-01-20 00:00:00,0.3703,0.3706,0.3655,0.3666,9908833.2,3644902.18098
2026-01-20 04:00:00,0.3665,0.3689,0.3638,0.366,37193520.1,13626446.38207
2026-01-20 08:00:00,0.3661,0.3667,0.3574,0.3578,39853156.6,14370390.81576
2026-01-20 12:00:00,0.3578,0.3641,0.3558,0.3594,43652405.5,15673580.88011
2026-01-20 16:00:00,0.3593,0.3604,0.3499,0.3524,25694899.2,9071624.24559
2026-01-20 20:00:00,0.3524,0.3543,0.3467,0.3507,19606748.9,6884505.25681
2026-01-21 00:00:00,0.3506,0.361,0.3504,0.3582,14415549.6,5152059.26248
2026-01-21 04:00:00,0.3583,0.363,0.3577,0.3597,11533903.4,4152986.57407
2026-01-21 08:00:00,0.3597,0.3597,0.3544,0.3548,9452932.0,3380515.65575
2026-01-21 12:00:00,0.3548,0.3639,0.3501,0.3624,47622584.8,17046100.12152
2026-01-21 16:00:00,0.3625,0.3676,0.3466,0.3674,36135055.6,12868009.44999
2026-01-21 20:00:00,0.3674,0.3739,0.3624,0.3659,27978431.1,10297844.76757
2026-01-22 00:00:00,0.366,0.369,0.3633,0.364,13843100.0,5070487.50465
2026-01-22 04:00:00,0.3639,0.3675,0.3634,0.3635,15868306.5,5797881.76898
2026-01-22 08:00:00,0.3635,0.3664,0.3627,0.3637,8997956.2,3280416.74566
2026-01-22 12:00:00,0.3638,0.3663,0.3554,0.3585,16380229.1,5901185.77072
2026-01-22 16:00:00,0.3585,0.3633,0.3583,0.3615,10232837.9,3696068.79963
2026-01-22 20:00:00,0.3615,0.3619,0.3577,0.3594,6222181.2,2238085.59746
2026-01-23 00:00:00,0.3594,0.3634,0.3585,0.362,7413208.2,2672119.37931
2026-01-23 04:00:00,0.362,0.3652,0.359,0.3613,9616072.7,3479429.93779
2026-01-23 08:00:00,0.3612,0.3616,0.3576,0.36,11144005.1,4004682.28112
2026-01-23 12:00:00,0.36,0.3615,0.3525,0.3604,15738702.4,5618925.00763
2026-01-23 16:00:00,0.3604,0.3707,0.3597,0.3615,22952931.3,8364360.27734
2026-01-23 20:00:00,0.3616,0.3628,0.3573,0.3602,8502690.5,3065825.16848
2026-01-24 00:00:00,0.3603,0.3624,0.3584,0.3618,5361270.1,1930143.56654
2026-01-24 04:00:00,0.3618,0.3625,0.3595,0.3596,4290913.3,1547608.31822
2026-01-24 08:00:00,0.3596,0.3608,0.3586,0.36,2740441.5,985495.92126
2026-01-24 12:00:00,0.3599,0.3605,0.3574,0.358,5928733.7,2128941.9825
2026-01-24 16:00:00,0.358,0.3598,0.3564,0.3583,5066166.3,1815690.45095
2026-01-24 20:00:00,0.3583,0.3602,0.3579,0.3583,2952338.8,1060191.86336
2026-01-25 00:00:00,0.3583,0.3595,0.3543,0.3557,5422759.7,1936434.77702
2026-01-25 04:00:00,0.3557,0.3578,0.3541,0.3558,4178009.5,1487681.98355
2026-01-25 08:00:00,0.3558,0.3603,0.3538,0.3565,5960363.7,2126849.35087
2026-01-25 12:00:00,0.3564,0.3572,0.3506,0.3524,8261478.2,2922836.98566
2026-01-25 16:00:00,0.3523,0.3523,0.3327,0.3345,65681133.1,22455344.68705
2026-01-25 20:00:00,0.3346,0.3398,0.333,0.3391,23548975.7,7924316.07001
2026-01-26 00:00:00,0.339,0.3495,0.3388,0.3451,18734417.8,6465306.84431
2026-01-26 04:00:00,0.3451,0.3499,0.3451,0.3482,10488116.0,3647805.41728
2026-01-26 08:00:00,0.3483,0.3517,0.3449,0.3471,11891338.4,4138515.49836
2026-01-26 12:00:00,0.3471,0.3584,0.3468,0.3524,25843842.8,9098892.51745
2026-01-26 16:00:00,0.3524,0.356,0.3494,0.3522,15830720.3,5591630.18042
2026-01-26 20:00:00,0.3521,0.3545,0.349,0.3521,9986432.0,3516459.47342
2026-01-27 00:00:00,0.3521,0.3553,0.3511,0.3527,12668753.9,4481109.33671
2026-01-27 04:00:00,0.3526,0.3548,0.3509,0.3519,5461648.6,1924694.55077
2026-01-27 08:00:00,0.3519,0.3529,0.3489,0.3506,11938279.5,4183019.23135
2026-01-27 12:00:00,0.3506,0.3527,0.3476,0.3516,11916212.6,4172561.99891
2026-01-27 16:00:00,0.3517,0.3578,0.3492,0.3556,35295719.4,12487624.82129
2026-01-27 20:00:00,0.3555,0.3636,0.3555,0.3608,20373862.3,7353108.32643
2026-01-28 00:00:00,0.3607,0.3615,0.3562,0.3568,10381579.8,3717280.13942
2026-01-28 04:00:00,0.3568,0.3592,0.355,0.3576,8438609.1,3011097.79833
2026-01-28 08:00:00,0.3576,0.3647,0.3564,0.3645,13340596.1,4810392.74986
2026-01-28 12:00:00,0.3644,0.365,0.3546,0.3572,30265541.2,10895991.97885
2026-01-28 16:00:00,0.3572,0.3615,0.3551,0.3584,17243013.6,6164962.40018
2026-01-28 20:00:00,0.3583,0.362,0.3551,0.3583,10622433.5,3810567.44172
2026-01-29 00:00:00,0.3583,0.3592,0.3495,0.3512,16923824.6,5977542.90726
2026-01-29 04:00:00,0.3511,0.3525,0.3473,0.3514,11209981.5,3923664.87218
2026-01-29 08:00:00,0.3514,0.3518,0.3459,0.3466,10248901.1,3573018.76188
2026-01-29 12:00:00,0.3466,0.3474,0.3297,0.3333,48890039.7,16448812.8345
2026-01-29 16:00:00,0.3332,0.341,0.3272,0.3309,43061130.2,14322676.29372
2026-01-29 20:00:00,0.3309,0.3365,0.3301,0.3347,14565538.2,4860914.31569
2026-01-30 00:00:00,0.3346,0.3359,0.318,0.3251,48848382.3,15882535.11437
2026-01-30 04:00:00,0.3251,0.3298,0.3197,0.3254,20504372.5,6671245.65495
2026-01-30 08:00:00,0.3255,0.3292,0.3204,0.3279,14922923.0,4826462.94615
2026-01-30 12:00:00,0.3279,0.3284,0.3208,0.3257,24760439.3,8048578.29062
2026-01-30 16:00:00,0.3257,0.3319,0.3161,0.3291,38363655.8,12490308.12022
2026-01-30 20:00:00,0.3291,0.3292,0.32,0.3208,27042398.5,8765670.4786
2026-01-31 00:00:00,0.3208,0.3224,0.318,0.3184,15135467.3,4845166.23975
2026-01-31 04:00:00,0.3184,0.3192,0.3104,0.3124,72606216.9,22804532.27924
2026-01-31 08:00:00,0.3124,0.3132,0.307,0.3104,32122384.9,9963023.34171
2026-01-31 12:00:00,0.3104,0.3109,0.2939,0.2963,74514568.0,22356485.05705
2026-01-31 16:00:00,0.2962,0.3003,0.2685,0.2853,196899494.4,55921819.02386
2026-01-31 20:00:00,0.2853,0.2958,0.2819,0.2936,44597545.2,12866651.05467
2026-02-01 00:00:00,0.2937,0.2978,0.2915,0.2959,22658387.8,6687410.80061
2026-02-01 04:00:00,0.2959,0.2992,0.2928,0.2963,22619871.8,6698483.76313
2026-02-01 08:00:00,0.2962,0.298,0.2915,0.2955,16589635.8,4899470.3073
2026-02-01 12:00:00,0.2954,0.2968,0.2848,0.2894,51678706.4,15070011.47777
2026-02-01 16:00:00,0.2894,0.2929,0.2846,0.2869,30659478.9,8846015.59554
2026-02-01 20:00:00,0.2869,0.2911,0.279,0.2858,39397841.7,11254400.89581
2026-02-02 00:00:00,0.2859,0.2936,0.2764,0.2864,49965195.0,14253634.91
2026-02-02 04:00:00,0.2865,0.29,0.2757,0.2841,54111869.6,15297712.51451
2026-02-02 08:00:00,0.2841,0.2948,0.2841,0.2924,32385534.9,9399830.24611
2026-02-02 12:00:00,0.2924,0.3033,0.2924,0.3014,45580717.7,13605378.11159
2026-02-02 16:00:00,0.3014,0.3034,0.2991,0.3002,21106937.5,6354482.16544
2026-02-02 20:00:00,0.3002,0.3016,0.2978,0.2991,14956360.2,4486380.00924
2026-02-03 00:00:00,0.2991,0.3004,0.2934,0.2993,14594103.1,4342273.88967
2026-02-03 04:00:00,0.2993,0.3019,0.2956,0.2993,12993042.7,3880333.20764
2026-02-03 08:00:00,0.2994,0.3007,0.2938,0.2973,14595693.9,4333723.09756
2026-02-03 12:00:00,0.2973,0.305,0.2933,0.3039,34746319.0,10372649.15281
2026-02-03 16:00:00,0.304,0.304,0.2817,0.2949,62940634.9,18278371.25995
2026-02-03 20:00:00,0.2948,0.3046,0.2897,0.2917,38983383.3,11600775.73149
2026-02-04 00:00:00,0.2917,0.3018,0.2906,0.3011,18591843.9,5519473.96472
2026-02-04 04:00:00,0.3012,0.3027,0.2964,0.2998,13328579.4,3992430.67163
2026-02-04 08:00:00,0.2999,0.3027,0.2942,0.2972,24658110.1,7347504.42214
2026-02-04 12:00:00,0.2972,0.2977,0.2834,0.2866,33007689.6,9579093.92151
2026-02-04 16:00:00,0.2867,0.2934,0.2812,0.2924,58107227.9,16628868.36638
2026-02-04 20:00:00,0.2925,0.2933,0.2803,0.2864,24063973.2,6907134.7442
2026-02-05 00:00:00,0.2864,0.2899,0.2823,0.2828,26204618.9,7491760.20716
2026-02-05 04:00:00,0.2828,0.2867,0.2785,0.2794,48369620.6,13638001.74261
2026-02-05 08:00:00,0.2795,0.284,0.2671,0.2721,49890455.9,13696510.16082
2026-02-05 12:00:00,0.2721,0.2779,0.2575,0.2623,108851122.4,29000852.79038
2026-02-05 16:00:00,0.2623,0.2676,0.2531,0.2538,94668778.2,24569755.34361
2026-02-05 20:00:00,0.2538,0.2565,0.2436,0.2455,140439483.2,34977221.19121
2026-02-06 00:00:00,0.2455,0.2539,0.2205,0.249,219365444.4,51819291.41508
2026-02-06 04:00:00,0.2491,0.2594,0.2479,0.2515,91951947.5,23366373.28499
2026-02-06 08:00:00,0.2515,0.2639,0.2488,0.2616,91882909.5,23549426.22872
2026-02-06 12:00:00,0.2615,0.2747,0.2599,0.2735,115894707.8,30944183.92825
2026-02-06 16:00:00,0.2735,0.2843,0.2726,0.2782,102301950.8,28488919.17785
2026-02-06 20:00:00,0.2782,0.2809,0.274,0.2762,62538814.3,17324039.91207
2026-02-07 00:00:00,0.2761,0.2766,0.2708,0.2759,46194531.7,12661926.63561
2026-02-07 04:00:00,0.276,0.278,0.2656,0.2683,83935783.5,22886582.37558
2026-02-07 08:00:00,0.2682,0.2706,0.266,0.2672,60235625.3,16147382.5109
2026-02-07 12:00:00,0.2671,0.2744,0.2668,0.2727,59893502.0,16250380.12895
2026-02-07 16:00:00,0.2728,0.2798,0.2712,0.2746,178192291.8,49075086.43901
2026-02-07 20:00:00,0.2746,0.2761,0.2703,0.2721,43822583.9,11985992.69401
2026-02-08 00:00:00,0.2722,0.2737,0.2694,0.2698,41172003.4,11174770.99986
2026-02-08 04:00:00,0.2697,0.2715,0.2686,0.2711,40097520.2,10838355.89874
2026-02-08 08:00:00,0.2711,0.2763,0.2696,0.2746,50270236.6,13728399.69642
2026-02-08 12:00:00,0.2747,0.2756,0.2708,0.2727,46798965.8,12818458.1901
2026-02-08 16:00:00,0.2727,0.2748,0.267,0.2746,42467745.3,11536749.21018
2026-02-08 20:00:00,0.2746,0.2766,0.2682,0.2701,45785948.9,12421642.13478
2026-02-09 00:00:00,0.2701,0.274,0.2681,0.2735,42767887.8,11585503.30558
2026-02-09 04:00:00,0.2735,0.2736,0.2689,0.2693,30105906.5,8170756.04341
2026-02-09 08:00:00,0.2692,0.27,0.2596,0.2617,33557283.7,8867776.3773
2026-02-09 12:00:00,0.2618,0.2683,0.2616,0.2679,28082287.2,7436418.552
2026-02-09 16:00:00,0.2679,0.2736,0.2655,0.2711,20375046.8,5512255.65713
2026-02-09 20:00:00,0.2711,0.2722,0.2679,0.2699,12428837.6,3359614.16478
2026-02-10 00:00:00,0.27,0.2705,0.2645,0.2662,13952828.9,3736712.21805
2026-02-10 04:00:00,0.2661,0.2682,0.2615,0.2629,20554574.4,5425553.07527
2026-02-10 08:00:00,0.2629,0.2659,0.2627,0.2631,12934966.4,3417314.15061
2026-02-10 12:00:00,0.2631,0.2662,0.2612,0.2634,22305848.5,5876381.73107
2026-02-10 16:00:00,0.2635,0.2652,0.2597,0.2626,17254009.5,4525905.91735
2026-02-10 20:00:00,0.2625,0.2631,0.2606,0.262,6923697.4,1813014.45842
2026-02-11 00:00:00,0.2619,0.2648,0.2603,0.2625,7809794.8,2051284.86178
2026-02-11 04:00:00,0.2625,0.2629,0.2546,0.2555,19950116.5,5139825.13923
2026-02-11 08:00:00,0.2555,0.256,0.252,0.2554,10730831.9,2729091.5125
2026-02-11 12:00:00,0.2553,0.2634,0.2504,0.2531,35727701.5,9148735.35851
2026-02-11 16:00:00,0.2531,0.2598,0.2512,0.2572,17709367.9,4523314.6165
2026-02-11 20:00:00,0.2572,0.2601,0.2542,0.2559,12948221.4,3330431.67822
2026-02-12 00:00:00,0.2559,0.2596,0.2559,0.2592,7580167.8,1955134.14494
2026-02-12 04:00:00,0.2592,0.263,0.2571,0.2627,8073414.9,2099092.86841
2026-02-12 08:00:00,0.2627,0.2696,0.2614,0.2676,24982122.9,6647602.33985
2026-02-12 12:00:00,0.2675,0.268,0.2623,0.2626,27456543.9,7293189.29851
2026-02-12 16:00:00,0.2626,0.2647,0.2575,0.2617,29814033.2,7761620.08788
2026-02-12 20:00:00,0.2616,0.2648,0.2582,0.2643,13239722.0,3463226.02918
2026-02-13 00:00:00,0.2643,0.2655,0.2615,0.2629,14162028.4,3723470.86935
2026-02-13 04:00:00,0.263,0.2635,0.2582,0.262,9673567.3,2525261.93904
2026-02-13 08:00:00,0.2621,0.2643,0.2618,0.2639,10004559.2,2634174.8504
2026-02-13 12:00:00,0.264,0.2737,0.2622,0.2691,37819917.3,10091239.05104
2026-02-13 16:00:00,0.2692,0.2747,0.2684,0.2725,19126211.8,5209401.76838
2026-02-13 20:00:00,0.2726,0.2744,0.2714,0.2728,10864519.2,2965596.55137
2026-02-14 00:00:00,0.2729,0.278,0.2727,0.2773,8911601.8,2455469.75995
2026-02-14 04:00:00,0.2774,0.2775,0.2738,0.2757,8397114.3,2314637.62061
2026-02-14 08:00:00,0.2758,0.2844,0.2758,0.2831,16061723.2,4501752.99732
2026-02-14 12:00:00,0.2832,0.2869,0.2805,0.2863,22186280.4,6283847.94095
2026-02-14 16:00:00,0.2862,0.2997,0.2848,0.2985,31825075.2,9299067.49908
2026-02-14 20:00:00,0.2985,0.3007,0.2943,0.295,24501903.4,7285914.80602
2026-02-15 00:00:00,0.2949,0.2984,0.2926,0.2974,28749028.6,8492552.59668
2026-02-15 04:00:00,0.2974,0.301,0.2963,0.3008,22486739.5,6717263.06916
2026-02-15 08:00:00,0.3008,0.302,0.2898,0.2905,24293629.7,7180722.70744
2026-02-15 12:00:00,0.2906,0.2911,0.2809,0.2842,33878054.7,9660234.03002
2026-02-15 16:00:00,0.2843,0.2845,0.2775,0.2791,26555509.4,7451389.08694
2026-02-15 20:00:00,0.2791,0.2829,0.278,0.2818,9087205.5,2548076.66663
2026-02-16 00:00:00,0.2818,0.2835,0.2794,0.2802,5698828.6,1602636.00404
2026-02-16 04:00:00,0.2802,0.2828,0.2773,0.2801,8973947.6,2510834.40188
2026-02-16 08:00:00,0.2802,0.2859,0.2789,0.2829,13456259.8,3810843.29366
2026-02-16 12:00:00,0.2829,0.2892,0.2769,0.279,27757575.7,7853610.89218
2026-02-16 16:00:00,0.2791,0.284,0.2786,0.2823,9504546.7,2674757.25427
2026-02-16 20:00:00,0.2822,0.2877,0.2814,0.2858,11664520.3,3327196.52871
2026-02-17 00:00:00,0.2859,0.2892,0.283,0.2865,8507905.2,2435514.14454
2026-02-17 04:00:00,0.2865,0.2899,0.2837,0.2865,15685436.8,4507350.22358
2026-02-17 08:00:00,0.2866,0.2872,0.2794,0.2804,12438452.7,3507619.24131
2026-02-17 12:00:00,0.2804,0.2845,0.2773,0.2813,17941044.5,5036875.17591
2026-02-17 16:00:00,0.2814,0.2868,0.2785,0.2832,14130369.6,4007925.2624
2026-02-17 20:00:00,0.2831,0.2837,0.2803,0.2811,6357830.4,1791523.33914
2026-02-18 00:00:00,0.2811,0.284,0.279,0.2832,7072103.1,1989845.97979
2026-02-18 04:00:00,0.2832,0.285,0.2817,0.2845,6346300.9,1796546.67954
2026-02-18 08:00:00,0.2846,0.2866,0.2804,0.2807,16165138.8,4577208.15037
2026-02-18 12:00:00,0.2808,0.2874,0.2786,0.284,17769056.0,5020173.84006
2026-02-18 16:00:00,0.2841,0.2841,0.2714,0.2736,21304394.0,5900845.17525
2026-02-18 20:00:00,0.2736,0.2759,0.2724,0.2735,12009071.6,3287325.46773
2026-02-19 00:00:00,0.2735,0.2759,0.2722,0.2752,10669211.3,2922290.68212
2026-02-19 04:00:00,0.2752,0.2774,0.2734,0.2764,7059961.3,1944312.16959
2026-02-19 08:00:00,0.2764,0.2765,0.2721,0.2722,17269476.8,4732482.49385
2026-02-19 12:00:00,0.2722,0.2739,0.2685,0.2702,20090052.1,5440932.78886
2026-02-19 16:00:00,0.2703,0.274,0.267,0.2729,16075885.0,4344973.01583
2026-02-19 20:00:00,0.2729,0.2734,0.2706,0.2729,5983759.3,1630373.12052
2026-02-20 00:00:00,0.273,0.2753,0.2723,0.2738,4807729.0,1318458.30152
2026-02-20 04:00:00,0.2739,0.2761,0.271,0.2737,8380502.7,2297922.95224
2026-02-20 08:00:00,0.2737,0.28,0.2734,0.2768,12370692.2,3429708.15111
2026-02-20 12:00:00,0.2769,0.2889,0.2699,0.2888,38027394.1,10629276.4091
2026-02-20 16:00:00,0.2889,0.2938,0.2802,0.283,49069416.9,14053040.99862
2026-02-20 20:00:00,0.283,0.2861,0.2823,0.2849,10123497.9,2878724.03773
2026-02-21 00:00:00,0.2849,0.2855,0.2822,0.2831,6643344.5,1882858.90851
2026-02-21 04:00:00,0.2832,0.2844,0.2808,0.2814,5576495.8,1573897.3273
2026-02-21 08:00:00,0.2814,0.2865,0.2812,0.2835,7353844.3,2091169.9458
2026-02-21 12:00:00,0.2835,0.2852,0.2817,0.2825,10021272.6,2838649.47772
2026-02-21 16:00:00,0.2825,0.2828,0.2795,0.2803,13073169.9,3672558.06139
2026-02-21 20:00:00,0.2802,0.2815,0.279,0.28,7868488.2,2205465.16796
2026-02-22 00:00:00,0.2799,0.2802,0.2756,0.2772,8010233.7,2227012.50327
2026-02-22 04:00:00,0.2772,0.2777,0.275,0.2758,7965594.7,2200667.47496
2026-02-22 08:00:00,0.2758,0.2775,0.275,0.2759,6699902.5,1851477.99409
2026-02-22 12:00:00,0.2759,0.2761,0.2703,0.2718,11181402.7,3048614.09621
2026-02-22 16:00:00,0.2719,0.2719,0.2689,0.2699,9531032.0,2576945.91368
2026-02-22 20:00:00,0.2699,0.272,0.2688,0.2717,6881445.0,1861977.01072
2026-02-23 00:00:00,0.2717,0.2719,0.2571,0.2611,46839561.9,12260896.34886
2026-02-23 04:00:00,0.2611,0.2676,0.2596,0.2667,12070313.4,3184434.71689
2026-02-23 08:00:00,0.2666,0.2721,0.2648,0.2714,12432619.3,3350911.77854
2026-02-23 12:00:00,0.2714,0.2755,0.2665,0.267,22383489.1,6074071.92786
2026-02-23 16:00:00,0.2669,0.2685,0.2603,0.262,19325642.9,5096218.83775
2026-02-23 20:00:00,0.2619,0.265,0.2607,0.2623,11553169.1,3040327.87873
2026-02-24 00:00:00,0.2623,0.2646,0.2576,0.2587,20833370.5,5429061.76563
2026-02-24 04:00:00,0.2587,0.2593,0.2558,0.2576,14314452.8,3683543.20753
2026-02-24 08:00:00,0.2577,0.2587,0.2562,0.2574,14632959.9,3765200.07677
2026-02-24 12:00:00,0.2574,0.2612,0.2536,0.2597,21437374.1,5508575.07056
2026-02-24 16:00:00,0.2597,0.2628,0.2593,0.2605,13350739.6,3485449.45303
2026-02-24 20:00:00,0.2605,0.2611,0.2576,0.2587,8160078.3,2118383.10451
2026-02-25 00:00:00,0.2587,0.2716,0.2579,0.266,33112335.2,8835871.16696
2026-02-25 04:00:00,0.2661,0.2669,0.2622,0.2661,13754573.3,3646453.50985
2026-02-25 08:00:00,0.2662,0.2714,0.2655,0.271,13862063.2,3731932.48364
2026-02-25 12:00:00,0.271,0.2926,0.271,0.2905,68842076.9,19511240.81795
2026-02-25 16:00:00,0.2905,0.3036,0.2905,0.3028,77649537.0,23032804.55591
2026-02-25 20:00:00,0.3029,0.3136,0.2943,0.2971,119923766.8,36836732.78285
2026-02-26 00:00:00,0.2971,0.301,0.2939,0.2953,29968313.5,8900629.8486
2026-02-26 04:00:00,0.2952,0.3002,0.2928,0.2933,17213094.5,5090443.52242
2026-02-26 08:00:00,0.2933,0.2958,0.2887,0.2894,32191636.3,9430507.99413
2026-02-26 12:00:00,0.2893,0.2949,0.289,0.2916,29948573.2,8729910.28008
2026-02-26 16:00:00,0.2916,0.2916,0.2822,0.2883,41287906.8,11819724.09685
2026-02-26 20:00:00,0.2883,0.2897,0.2842,0.287,13361821.0,3826515.50985
2026-02-27 00:00:00,0.287,0.2907,0.2849,0.2901,10279457.1,2953647.00362
2026-02-27 04:00:00,0.2901,0.2963,0.2893,0.2903,25978354.7,7608691.30727
2026-02-27 08:00:00,0.2903,0.2938,0.2814,0.2818,19511918.2,5618787.03225
2026-02-27 12:00:00,0.2818,0.2848,0.2796,0.2807,21846755.8,6163409.608
2026-02-27 16:00:00,0.2806,0.2806,0.2744,0.2756,18466145.5,5120195.98226
2026-02-27 20:00:00,0.2756,0.2785,0.2726,0.2776,10243747.5,2828757.12048
2026-02-28 00:00:00,0.2776,0.2796,0.2765,0.2768,8575618.9,2384478.25716
2026-02-28 04:00:00,0.2769,0.2776,0.261,0.265,65199162.0,17441688.58126
2026-02-28 08:00:00,0.265,0.2656,0.2594,0.2627,33091012.8,8687197.59798
2026-02-28 12:00:00,0.2627,0.2718,0.2625,0.2679,33934671.1,9064913.98563
2026-02-28 16:00:00,0.2679,0.2781,0.2662,0.2754,27519715.2,7489934.50894
2026-02-28 20:00:00,0.2755,0.2843,0.2746,0.281,25912161.4,7245996.35174
2026-03-01 00:00:00,0.281,0.2922,0.2775,0.2868,36752116.3,10536123.96151
2026-03-01 04:00:00,0.2869,0.2881,0.2816,0.2827,15160872.0,4312759.31835
2026-03-01 08:00:00,0.2828,0.2835,0.2774,0.2781,22871829.8,6400787.39686
2026-03-01 12:00:00,0.278,0.2836,0.2748,0.2802,24244691.2,6783031.07002
2026-03-01 16:00:00,0.2803,0.2822,0.2729,0.2736,24585223.8,6797370.38896
2026-03-01 20:00:00,0.2736,0.277,0.2691,0.2735,27319064.7,7446898.30913
2026-03-02 00:00:00,0.2735,0.2805,0.2721,0.2771,21683817.5,5983049.5759
2026-03-02 04:00:00,0.2771,0.278,0.2691,0.2707,13645459.2,3729390.75965
2026-03-02 08:00:00,0.2708,0.2745,0.2685,0.272,14701381.3,3991612.94866
2026-03-02 12:00:00,0.2721,0.2867,0.2697,0.2842,43191747.6,12070372.32909
2026-03-02 16:00:00,0.2843,0.2887,0.2782,0.2804,38303663.3,10849562.1205
2026-03-02 20:00:00,0.2804,0.2824,0.2759,0.2771,16921832.6,4724255.51129
2026-03-03 00:00:00,0.2771,0.2771,0.2717,0.2734,21338426.6,5862039.39629
2026-03-03 04:00:00,0.2735,0.274,0.2678,0.2688,23582338.3,6378407.90392
2026-03-03 08:00:00,0.2687,0.2701,0.2627,0.2647,29910818.8,7945298.33863
2026-03-03 12:00:00,0.2647,0.2674,0.2615,0.2651,52524512.7,13865447.46048
2026-03-03 16:00:00,0.2651,0.2721,0.2627,0.2636,41798481.3,11160668.46478
2026-03-03 20:00:00,0.2636,0.2647,0.2604,0.2625,33275883.5,8739570.46684
2026-03-04 00:00:00,0.2626,0.2663,0.2608,0.2627,22845244.2,6012803.25322
2026-03-04 04:00:00,0.2627,0.2654,0.2584,0.265,32404733.6,8454757.47056
2026-03-04 08:00:00,0.265,0.2743,0.2637,0.2687,62825422.9,17008096.74146
2026-03-04 12:00:00,0.2687,0.2813,0.2658,0.2808,75752499.5,20777938.37956
2026-03-04 16:00:00,0.2809,0.285,0.2771,0.2821,71731073.7,20169340.24057
2026-03-04 20:00:00,0.2822,0.2828,0.2737,0.2763,30452841.2,8492400.15955
2026-03-05 00:00:00,0.2763,0.2769,0.2726,0.2741,23266678.2,6384937.06501
2026-03-05 04:00:00,0.2742,0.2765,0.2709,0.2722,17491549.7,4786815.10208
2026-03-05 08:00:00,0.2722,0.2779,0.2702,0.2742,31291803.9,8564529.11984
2026-03-05 12:00:00,0.2742,0.278,0.2697,0.2712,34963412.8,9571015.3332
2026-03-05 16:00:00,0.2712,0.2719,0.2651,0.2694,27140495.0,7272156.21332
2026-03-05 20:00:00,0.2694,0.272,0.2676,0.2692,12941563.2,3492589.51595
2026-03-06 00:00:00,0.2691,0.2716,0.2671,0.2707,11197643.6,3022443.4668
2026-03-06 04:00:00,0.2707,0.272,0.2672,0.2715,8709670.1,2344874.32125
2026-03-06 08:00:00,0.2716,0.2716,0.2657,0.2663,12458479.4,3333968.95883
2026-03-06 12:00:00,0.2662,0.2691,0.2558,0.2568,64933302.6,17008127.54381
2026-03-06 16:00:00,0.2568,0.2606,0.2555,0.2586,25675701.0,6622087.59407
2026-03-06 20:00:00,0.2585,0.2602,0.2573,0.259,8653011.9,2239020.03079
2026-03-07 00:00:00,0.259,0.261,0.2586,0.2587,8346002.1,2165574.29631
2026-03-07 04:00:00,0.2586,0.2592,0.2568,0.2584,8929922.0,2305851.88495
2026-03-07 08:00:00,0.2583,0.2595,0.2575,0.2589,7480024.2,1931858.71659
2026-03-07 12:00:00,0.2588,0.259,0.2517,0.2549,48248851.4,12268942.2909
2026-03-07 16:00:00,0.2549,0.2573,0.2533,0.2543,17765623.8,4536980.50914
2026-03-07 20:00:00,0.2543,0.2557,0.2529,0.2544,7613504.1,1938559.48805
2026-03-08 00:00:00,0.2545,0.2548,0.2508,0.2521,9646053.1,2439018.73345
2026-03-08 04:00:00,0.2521,0.2535,0.2496,0.2524,16161722.9,4062425.15023
2026-03-08 08:00:00,0.2524,0.2574,0.2509,0.2548,18065888.0,4597716.06319
2026-03-08 12:00:00,0.2548,0.2553,0.2481,0.2496,22658968.0,5689549.05521
2026-03-08 16:00:00,0.2497,0.2543,0.2485,0.2533,14214119.9,3568950.10089
2026-03-08 20:00:00,0.2532,0.2546,0.2458,0.2493,32166987.5,8033860.78461
2026-03-09 00:00:00,0.2493,0.2567,0.2489,0.2536,19035848.3,4815402.70998
2026-03-09 04:00:00,0.2537,0.2594,0.2524,0.255,23232019.6,5941479.36673
2026-03-09 08:00:00,0.2551,0.2587,0.2535,0.2549,15054100.9,3855029.95619
2026-03-09 12:00:00,0.255,0.2601,0.2543,0.2559,40148089.1,10336791.26573
2026-03-09 16:00:00,0.2559,0.2629,0.2551,0.2595,27307622.0,7055823.31181
2026-03-09 20:00:00,0.2595,0.2601,0.2547,0.2552,13721995.6,3527357.0442
2026-03-10 00:00:00,0.2551,0.2636,0.255,0.2588,20230356.9,5262917.30673
2026-03-10 04:00:00,0.2588,0.2618,0.2582,0.2604,12646282.1,3287814.3324
2026-03-10 08:00:00,0.2605,0.2684,0.2602,0.2642,33430735.5,8875026.44481
2026-03-10 12:00:00,0.2643,0.2738,0.261,0.2714,58420396.3,15616240.57109
2026-03-10 16:00:00,0.2714,0.2739,0.262,0.2624,41432543.6,11137885.8579
2026-03-10 20:00:00,0.2624,0.2645,0.2605,0.2621,23794332.9,6235011.81749
2026-03-11 00:00:00,0.262,0.2626,0.2587,0.2597,21590131.6,5625408.84275
2026-03-11 04:00:00,0.2597,0.2624,0.2566,0.2575,17134640.3,4439256.1913
2026-03-11 08:00:00,0.2574,0.2601,0.2571,0.2588,14014169.7,3621577.83868
2026-03-11 12:00:00,0.2587,0.2679,0.2579,0.2625,65685417.1,17321830.40961
2026-03-11 16:00:00,0.2625,0.2668,0.2618,0.2652,17811844.7,4715066.25365
2026-03-11 20:00:00,0.2651,0.2662,0.2617,0.2626,12149099.9,3206894.84342
2026-03-12 00:00:00,0.2626,0.2631,0.2585,0.259,11346192.8,2957560.10166
2026-03-12 04:00:00,0.259,0.261,0.258,0.2606,8360429.3,2168560.14078
2026-03-12 08:00:00,0.2606,0.2638,0.26,0.2621,17136090.1,4490341.12118
2026-03-12 12:00:00,0.262,0.2642,0.2583,0.262,24734841.6,6470395.15266
2026-03-12 16:00:00,0.262,0.2636,0.2602,0.263,12046395.1,3158707.80369
2026-03-12 20:00:00,0.263,0.2659,0.2616,0.2636,12449010.6,3282631.6478
2026-03-13 00:00:00,0.2635,0.273,0.2629,0.2717,40604381.6,10964687.9871
2026-03-13 04:00:00,0.2717,0.2758,0.2702,0.2716,30188613.8,8246704.088
2026-03-13 08:00:00,0.2716,0.2759,0.2709,0.2743,20606108.2,5640623.2577
2026-03-13 12:00:00,0.2744,0.2816,0.2706,0.2715,61484745.9,17026940.86444
2026-03-13 16:00:00,0.2716,0.2731,0.2661,0.2673,26412942.8,7119263.74028
2026-03-13 20:00:00,0.2673,0.2689,0.2636,0.2656,13317433.8,3545651.20986
2026-03-14 00:00:00,0.2656,0.2661,0.263,0.2654,17615773.4,4661116.96777
2026-03-14 04:00:00,0.2654,0.2666,0.2611,0.2617,18470382.7,4865866.28278
2026-03-14 08:00:00,0.2617,0.262,0.2594,0.2611,20528951.5,5347125.53977
2026-03-14 12:00:00,0.261,0.2619,0.2599,0.2607,13748453.6,3585892.27076
2026-03-14 16:00:00,0.2606,0.2617,0.2585,0.2592,13238111.9,3438679.64712
2026-03-14 20:00:00,0.2592,0.2638,0.2588,0.2634,14055779.9,3667597.22929
2026-03-15 00:00:00,0.2634,0.2662,0.2612,0.2649,13265474.0,3495853.59089
2026-03-15 04:00:00,0.2649,0.2673,0.2631,0.2647,13279819.0,3522887.37122
2026-03-15 08:00:00,0.2648,0.2665,0.2645,0.2656,10681876.4,2836993.88728
2026-03-15 12:00:00,0.2657,0.2665,0.2623,0.2638,10860294.5,2868300.47349
2026-03-15 16:00:00,0.2637,0.2655,0.2621,0.2637,7305043.2,1925989.20009
2026-03-15 20:00:00,0.2638,0.272,0.2626,0.2702,31475365.3,8461913.00771
2026-03-16 00:00:00,0.2702,0.2805,0.2687,0.2774,54692447.3,15005631.70923
2026-03-16 04:00:00,0.2774,0.2926,0.2774,0.2899,106125564.2,30349897.09919
2026-03-16 08:00:00,0.29,0.2936,0.2842,0.2854,57222294.0,16443629.52832
2026-03-16 12:00:00,0.2854,0.2894,0.2823,0.2835,41509398.0,11860208.51796
2026-03-16 16:00:00,0.2836,0.2897,0.2835,0.2883,36572275.1,10492806.70034
2026-03-16 20:00:00,0.2882,0.2919,0.2868,0.2904,39219628.3,11334166.44186
2026-03-17 00:00:00,0.2904,0.2932,0.284,0.2857,36188854.2,10477475.02576
2026-03-17 04:00:00,0.2858,0.2885,0.2819,0.2866,43099742.4,12263594.88985
2026-03-17 08:00:00,0.2865,0.2885,0.2851,0.287,16579351.4,4752687.42573
2026-03-17 12:00:00,0.287,0.2897,0.2836,0.2866,26584620.0,7609312.22375
2026-03-17 16:00:00,0.2865,0.2916,0.2858,0.2885,18849293.4,5444753.39845
2026-03-17 20:00:00,0.2886,0.2923,0.2878,0.2891,15925491.5,4623921.93047
2026-03-18 00:00:00,0.2891,0.294,0.2864,0.2918,16748587.9,4854740.94778
2026-03-18 04:00:00,0.2918,0.2955,0.2873,0.2885,20273516.7,5898144.77197
2026-03-18 08:00:00,0.2886,0.2915,0.2786,0.2796,34556584.4,9819081.53373
2026-03-18 12:00:00,0.2795,0.2799,0.2696,0.2716,45755977.3,12558575.29312
2026-03-18 16:00:00,0.2715,0.2752,0.2699,0.2724,21079921.4,5737202.22274
2026-03-18 20:00:00,0.2724,0.2748,0.27,0.2742,10540200.8,2877733.47876
2026-03-19 00:00:00,0.2743,0.2767,0.2713,0.2746,12336170.1,3377724.6406
2026-03-19 04:00:00,0.2747,0.2749,0.2664,0.2685,19703926.6,5325152.65535
2026-03-19 08:00:00,0.2685,0.2718,0.2674,0.2688,17259671.9,4651925.10746
2026-03-19 12:00:00,0.2687,0.2688,0.2631,0.2656,30312100.1,8042236.90345
2026-03-19 16:00:00,0.2656,0.2691,0.2625,0.2674,15418641.9,4091949.57691
2026-03-19 20:00:00,0.2674,0.2689,0.2656,0.2675,11733287.8,3138893.94752
2026-03-20 00:00:00,0.2676,0.2709,0.2675,0.2698,13751279.4,3704906.03662
2026-03-20 04:00:00,0.2699,0.273,0.2677,0.27,11886857.2,3217340.01266
2026-03-20 08:00:00,0.27,0.2726,0.2673,0.268,12840938.1,3464943.42965
2026-03-20 12:00:00,0.268,0.2691,0.2645,0.2668,16341914.4,4356988.3157
2026-03-20 16:00:00,0.2668,0.2668,0.2616,0.264,18647005.8,4932335.61721
2026-03-20 20:00:00,0.2641,0.2678,0.2622,0.2661,11646946.0,3088553.31183
2026-03-21 00:00:00,0.2661,0.2674,0.2656,0.266,5641589.2,1502169.12508
2026-03-21 04:00:00,0.266,0.267,0.2647,0.2649,9212057.4,2450678.47766
2026-03-21 08:00:00,0.2648,0.2659,0.2639,0.2646,6827816.6,1806738.91506
2026-03-21 12:00:00,0.2647,0.2654,0.263,0.2649,11554893.3,3053600.6456
2026-03-21 16:00:00,0.2649,0.265,0.2636,0.2649,5508345.2,1455954.45908
2026-03-21 20:00:00,0.2649,0.2664,0.2554,0.2574,29248650.5,7614321.85188
2026-03-22 00:00:00,0.2573,0.2601,0.2523,0.2583,36343362.6,9308612.15647
2026-03-22 04:00:00,0.2583,0.2592,0.2567,0.2568,9094506.4,2346172.88184
2026-03-22 08:00:00,0.2567,0.2574,0.2549,0.2551,10087598.4,2581567.09004
2026-03-22 12:00:00,0.2552,0.2572,0.2551,0.2557,13204558.7,3380364.71737
2026-03-22 16:00:00,0.2557,0.2559,0.2506,0.2517,18745009.6,4754894.87072
2026-03-22 20:00:00,0.2517,0.2529,0.248,0.2506,25722405.4,6438778.74829
2026-03-23 00:00:00,0.2507,0.2543,0.2495,0.2513,13281639.9,3345464.07483
2026-03-23 04:00:00,0.2513,0.253,0.2476,0.25,23369970.6,5859228.20976
2026-03-23 08:00:00,0.2501,0.2644,0.2478,0.2588,91067125.9,23589533.10402
2026-03-23 12:00:00,0.2589,0.267,0.2569,0.2611,42652837.3,11180257.7343
2026-03-23 16:00:00,0.2612,0.2638,0.2586,0.261,15649818.4,4088891.93013
2026-03-23 20:00:00,0.2609,0.2646,0.2602,0.2616,14261447.6,3740018.57073
2026-03-24 00:00:00,0.2617,0.2625,0.2581,0.2616,13917713.2,3618099.07087
2026-03-24 04:00:00,0.2617,0.266,0.2597,0.2657,16129604.7,4233089.74189
2026-03-24 08:00:00,0.2658,0.2684,0.262,0.2638,24719915.5,6566189.0627
2026-03-24 12:00:00,0.2637,0.2639,0.2591,0.261,20185329.7,5283865.83829
2026-03-24 16:00:00,0.2611,0.262,0.2581,0.2602,14447682.7,3754553.92834
2026-03-24 20:00:00,0.2601,0.2671,0.2599,0.2664,17179707.7,4552485.54426
2026-03-25 00:00:00,0.2665,0.2692,0.2657,0.2677,17529957.3,4690552.75163
2026-03-25 04:00:00,0.2677,0.2717,0.2669,0.2694,20534350.2,5529944.26319
2026-03-25 08:00:00,0.2695,0.2748,0.2695,0.273,26619337.5,7248988.02235
2026-03-25 12:00:00,0.2731,0.2769,0.2687,0.2703,33138253.9,9043722.49422
2026-03-25 16:00:00,0.2703,0.2727,0.2696,0.2705,15062658.7,4082333.62158
2026-03-25 20:00:00,0.2706,0.2714,0.2683,0.2705,7789813.7,2101502.21485
2026-03-26 00:00:00,0.2704,0.2708,0.2657,0.2663,14720136.7,3946495.27784
2026-03-26 04:00:00,0.2664,0.2666,0.2609,0.2621,19231802.0,5063948.513
2026-03-26 08:00:00,0.2621,0.2621,0.2568,0.2573,27881104.7,7220709.98394
2026-03-26 12:00:00,0.2573,0.2598,0.2544,0.256,28353954.7,7291288.38363
2026-03-26 16:00:00,0.2561,0.2567,0.2531,0.2536,18758008.9,4778681.51348
2026-03-26 20:00:00,0.2536,0.2575,0.2526,0.2547,38493662.4,9833194.99253
2026-03-27 00:00:00,0.2547,0.2562,0.2534,0.2544,14653100.1,3734280.44581
2026-03-27 04:00:00,0.2545,0.2557,0.2526,0.2547,14016423.7,3560615.24374
2026-03-27 08:00:00,0.2548,0.2554,0.2442,0.2474,56152824.7,13968688.1356
2026-03-27 12:00:00,0.2473,0.2498,0.2459,0.2477,35357829.3,8745819.17193
2026-03-27 16:00:00,0.2477,0.2487,0.2452,0.2466,16434514.1,4054308.8132
2026-03-27 20:00:00,0.2466,0.2472,0.245,0.2461,9014372.3,2217565.38796
2026-03-28 00:00:00,0.2461,0.2473,0.2446,0.2448,15782380.3,3876316.9425
2026-03-28 04:00:00,0.2448,0.2485,0.244,0.2484,10306826.0,2537093.14808
2026-03-28 08:00:00,0.2485,0.2493,0.2472,0.2485,7906424.1,1963447.7864
2026-03-28 12:00:00,0.2485,0.253,0.2467,0.2513,21423698.4,5359169.59894
2026-03-28 16:00:00,0.2514,0.2518,0.2493,0.2498,8185807.9,2052920.0041
2026-03-28 20:00:00,0.2499,0.2507,0.245,0.246,9663824.6,2392791.83336
2026-03-29 00:00:00,0.2459,0.2474,0.245,0.2467,22798318.5,5614019.55369
2026-03-29 04:00:00,0.2467,0.2467,0.2428,0.2451,19001114.3,4652192.61736
2026-03-29 08:00:00,0.2452,0.2454,0.2414,0.2437,15803828.3,3845509.28659
2026-03-29 12:00:00,0.2437,0.2437,0.2402,0.2415,16779125.6,4053386.92633
2026-03-29 16:00:00,0.2415,0.2422,0.2395,0.24,15430498.2,3713096.60369
2026-03-29 20:00:00,0.2399,0.242,0.2328,0.2398,34830999.0,8290370.59656
2026-03-30 00:00:00,0.2398,0.2477,0.2394,0.2462,22549575.6,5507488.26579
2026-03-30 04:00:00,0.2462,0.2494,0.2457,0.2487,18778150.0,4640542.28789
2026-03-30 08:00:00,0.2487,0.2529,0.2476,0.2506,26023073.4,6510790.03051
2026-03-30 12:00:00,0.2507,0.2517,0.2473,0.2484,16904101.1,4220264.24545
2026-03-30 16:00:00,0.2485,0.2489,0.2425,0.2437,18117840.4,4444518.63976
2026-03-30 20:00:00,0.2436,0.2462,0.2426,0.2434,10040887.8,2452801.04954
2026-03-31 00:00:00,0.2435,0.2494,0.2433,0.2461,14624328.8,3607353.71809
2026-03-31 04:00:00,0.2462,0.2465,0.2431,0.2436,20930332.4,5121204.33086
2026-03-31 08:00:00,0.2437,0.2442,0.2396,0.2411,24181020.3,5840086.94526
2026-03-31 12:00:00,0.2411,0.2455,0.2375,0.238,23437917.4,5661035.82856
2026-03-31 16:00:00,0.2379,0.2423,0.2342,0.241,38891569.4,9299671.88792
2026-03-31 20:00:00,0.2409,0.2427,0.2383,0.2418,20152474.8,4857273.50632
2026-04-01 00:00:00,0.2418,0.2464,0.2413,0.2456,18149445.7,4415200.9708
2026-04-01 04:00:00,0.2456,0.2548,0.2439,0.2498,44415960.8,11117793.69736
2026-04-01 08:00:00,0.2499,0.2501,0.2458,0.2482,28367791.0,7027121.00293
2026-04-01 12:00:00,0.2483,0.2512,0.2454,0.2491,28459670.4,7072190.92792
2026-04-01 16:00:00,0.2493,0.2523,0.2481,0.2495,15560535.3,3886153.94203
2026-04-01 20:00:00,0.2495,0.2506,0.2472,0.2484,11616751.8,2887973.07616
2026-04-02 00:00:00,0.2484,0.2507,0.2378,0.2391,67856023.3,16560545.91602
2026-04-02 04:00:00,0.2391,0.2393,0.2357,0.239,37118006.6,8823622.32912
2026-04-02 08:00:00,0.2389,0.2394,0.2361,0.2369,24158881.6,5749765.15255
2026-04-02 12:00:00,0.2369,0.2434,0.2348,0.2397,31378846.2,7497842.05342
2026-04-02 16:00:00,0.2397,0.2427,0.238,0.2397,23921465.6,5744405.12347
2026-04-02 20:00:00,0.2397,0.2409,0.2387,0.2394,11100036.9,2661165.04542
2026-04-03 00:00:00,0.2394,0.2415,0.2388,0.2413,8713458.8,2091253.14362
2026-04-03 04:00:00,0.2413,0.2452,0.2411,0.2435,14718944.7,3583800.86059
2026-04-03 08:00:00,0.2436,0.2466,0.2427,0.2456,18435355.8,4508606.3576
2026-04-03 12:00:00,0.2456,0.2514,0.2447,0.2461,35952986.3,8904947.50469
2026-04-03 16:00:00,0.2461,0.2506,0.2458,0.2476,20410616.6,5062068.44776
2026-04-03 20:00:00,0.2475,0.2487,0.2451,0.2463,8755354.9,2163766.23149
2026-04-04 00:00:00,0.2463,0.247,0.2445,0.2468,7413841.8,1820903.91608
2026-04-04 04:00:00,0.2468,0.2474,0.244,0.2453,11038160.3,2711705.54565
2026-04-04 08:00:00,0.2454,0.2459,0.2432,0.245,6520376.8,1592363.25388
2026-04-04 12:00:00,0.245,0.2468,0.2435,0.2452,6390270.9,1566330.99759
2026-04-04 16:00:00,0.2452,0.25,0.245,0.2479,10497908.2,2600348.16074
2026-04-04 20:00:00,0.2479,0.2485,0.2464,0.2479,8433617.6,2087924.41501
2026-04-05 00:00:00,0.2479,0.2487,0.2466,0.2467,7991463.0,1976494.88392
2026-04-05 04:00:00,0.2466,0.2469,0.2415,0.2421,9239463.9,2252406.06269
2026-04-05 08:00:00,0.242,0.2432,0.24,0.2426,9474722.6,2290650.51266
2026-04-05 12:00:00,0.2425,0.2458,0.2403,0.2436,12405070.7,3008924.88669
2026-04-05 16:00:00,0.2435,0.2443,0.2426,0.2437,5874054.7,1430163.90724
2026-04-05 20:00:00,0.2437,0.251,0.2421,0.2508,23524002.5,5812583.39224
2026-04-06 00:00:00,0.2509,0.2594,0.2509,0.2569,51092568.6,13061973.26404
2026-04-06 04:00:00,0.257,0.2587,0.2543,0.2552,28686588.5,7367785.65532
2026-04-06 08:00:00,0.2553,0.2601,0.2549,0.2556,24777666.1,6380546.66003
2026-04-06 12:00:00,0.2557,0.257,0.2537,0.2543,15430854.1,3935535.28039
2026-04-06 16:00:00,0.2544,0.2545,0.2512,0.2521,13456635.8,3403530.51127
2026-04-06 20:00:00,0.2522,0.2529,0.2448,0.2461,14384762.2,3568981.28806
2026-04-07 00:00:00,0.246,0.2465,0.2435,0.2452,16182025.4,3967503.42327
2026-04-07 04:00:00,0.2451,0.246,0.2424,0.2434,12406315.9,3027225.32815
2026-04-07 08:00:00,0.2434,0.2457,0.2413,0.2423,23456034.0,5708660.00965
2026-04-07 12:00:00,0.2423,0.2436,0.24,0.2423,24462680.7,5917531.3496
2026-04-07 16:00:00,0.2423,0.247,0.2417,0.2466,12864284.8,3137234.31
2026-04-07 20:00:00,0.2468,0.2664,0.2458,0.2627,79967954.1,20600094.94718
2026-04-08 00:00:00,0.2627,0.2644,0.2595,0.2607,37257834.8,9763854.01342
2026-04-08 04:00:00,0.2606,0.2637,0.2602,0.2612,16938822.6,4440159.68732
2026-04-08 08:00:00,0.2611,0.2615,0.2559,0.2577,18498512.0,4795825.69343
2026-04-08 12:00:00,0.2577,0.2597,0.2519,0.2542,30566958.6,7820107.10308
2026-04-08 16:00:00,0.2541,0.2563,0.252,0.253,16175913.2,4109811.71566
2026-04-08 20:00:00,0.253,0.2546,0.2498,0.2508,15613345.0,3933282.79499
2026-04-09 00:00:00,0.2507,0.2508,0.2477,0.2491,11928364.2,2973423.2066
2026-04-09 04:00:00,0.2491,0.2517,0.2485,0.2506,11077010.9,2770345.14928
2026-04-09 08:00:00,0.2506,0.2523,0.2493,0.2507,13381844.8,3356054.99798
2026-04-09 12:00:00,0.2506,0.2557,0.2488,0.2546,19846269.3,5006981.30843
2026-04-09 16:00:00,0.2547,0.2569,0.2529,0.2557,16004602.9,4084636.45232
2026-04-09 20:00:00,0.2557,0.2611,0.2534,0.2541,17143824.3,4403731.63187
2026-04-10 00:00:00,0.2541,0.255,0.2513,0.2517,14228339.8,3600959.00052
2026-04-10 04:00:00,0.2517,0.254,0.2498,0.2507,13315870.0,3352734.42684
2026-04-10 08:00:00,0.2507,0.252,0.2498,0.2513,15392319.7,3859740.29458
2026-04-10 12:00:00,0.2513,0.2566,0.2507,0.254,25547545.2,6477772.53215
2026-04-10 16:00:00,0.254,0.2584,0.2536,0.2581,19564726.8,5007501.68796
2026-04-10 20:00:00,0.258,0.2589,0.2538,0.2542,14983504.9,3839874.19782
2026-04-11 00:00:00,0.2542,0.2553,0.2524,0.2532,14758882.8,3746938.13984
2026-04-11 04:00:00,0.2531,0.2543,0.2496,0.2506,15845009.2,3981715.07679
2026-04-11 08:00:00,0.2506,0.2508,0.2492,0.2497,19375056.9,4844184.11275
2026-04-11 12:00:00,0.2498,0.2504,0.2464,0.2482,27210691.7,6761123.48476
2026-04-11 16:00:00,0.2483,0.2554,0.248,0.2544,31468828.0,7908526.54114
2026-04-11 20:00:00,0.2545,0.2551,0.2486,0.2495,25402565.3,6400528.66266
2026-04-12 00:00:00,0.2495,0.2506,0.2423,0.2438,36251308.5,8899785.95108
2026-04-12 04:00:00,0.2438,0.244,0.2413,0.2415,27957693.1,6782927.99614
2026-04-12 08:00:00,0.2415,0.2415,0.2385,0.2406,39604311.0,9512247.33708
2026-04-12 12:00:00,0.2406,0.2411,0.2373,0.2384,34135449.1,8156016.00691
2026-04-12 16:00:00,0.2383,0.24,0.2377,0.2381,18469414.0,4410672.20213
2026-04-12 20:00:00,0.2381,0.2399,0.2354,0.2361,25359134.1,6026041.92056
2026-04-13 00:00:00,0.2362,0.2387,0.2358,0.2382,18215994.2,4327494.70322
2026-04-13 04:00:00,0.2382,0.2398,0.2372,0.2381,15118000.8,3605127.29658
2026-04-13 08:00:00,0.2381,0.2395,0.2374,0.2382,11066057.1,2637521.09609
2026-04-13 12:00:00,0.2382,0.2433,0.2378,0.2394,36875493.7,8886355.49569
2026-04-13 16:00:00,0.2393,0.2419,0.2374,0.2414,28339619.8,6787027.33418
2026-04-13 20:00:00,0.2414,0.249,0.2389,0.2486,42647563.1,10446145.55772
2026-04-14 00:00:00,0.2487,0.249,0.2436,0.2447,24618244.4,6050119.33903
2026-04-14 04:00:00,0.2447,0.2457,0.2412,0.2434,20254267.6,4932927.89388
2026-04-14 08:00:00,0.2435,0.2451,0.2423,0.2433,20131584.4,4906778.25067
2026-04-14 12:00:00,0.2434,0.2496,0.2428,0.2444,39028242.7,9601571.01762
2026-04-14 16:00:00,0.2444,0.2462,0.2388,0.2404,24437363.4,5923717.41062
2026-04-14 20:00:00,0.2404,0.2417,0.2386,0.2396,17864783.8,4287472.54192
2026-04-15 00:00:00,0.2396,0.2413,0.2389,0.2396,13984699.4,3357078.22692
2026-04-15 04:00:00,0.2397,0.2419,0.2381,0.2383,20208632.4,4840320.60133
2026-04-15 08:00:00,0.2383,0.2426,0.2382,0.2416,13459917.0,3233795.78944
2026-04-15 12:00:00,0.2416,0.2439,0.2399,0.2427,18914271.0,4575700.08079
2026-04-15 16:00:00,0.2426,0.2505,0.2423,0.249,36453007.3,8994348.46983
2026-04-15 20:00:00,0.2489,0.2499,0.2449,0.246,25378685.1,6279259.27517
2026-04-16 00:00:00,0.2461,0.25,0.2438,0.2492,23657349.3,5850204.73045
2026-04-16 04:00:00,0.2492,0.2518,0.2485,0.2501,33110767.6,8283382.40843
2026-04-16 08:00:00,0.2501,0.2506,0.2469,0.2484,24949990.1,6206641.94424
2026-04-16 12:00:00,0.2484,0.2545,0.2454,0.2533,52000991.4,13016510.21717
2026-04-16 16:00:00,0.2533,0.2608,0.2506,0.2604,58942515.4,15104628.55034
2026-04-16 20:00:00,0.2603,0.2615,0.2567,0.2591,29804499.4,7711922.60379
2026-04-17 00:00:00,0.2591,0.2599,0.254,0.255,24396505.9,6262815.22649
2026-04-17 04:00:00,0.255,0.2565,0.252,0.2561,19568633.4,4976163.42193
2026-04-17 08:00:00,0.2562,0.2599,0.2543,0.2575,35619852.6,9151468.70064
2026-04-17 12:00:00,0.2576,0.268,0.2568,0.2635,75221055.2,19823884.16232
2026-04-17 16:00:00,0.2636,0.2663,0.2604,0.2611,30651751.7,8078272.47505
2026-04-17 20:00:00,0.2612,0.262,0.2573,0.2586,26166630.3,6806896.46932
2026-04-18 00:00:00,0.2586,0.2596,0.2563,0.257,13660539.1,3523886.75523
2026-04-18 04:00:00,0.2571,0.2589,0.256,0.2586,12663592.6,3265107.44588
2026-04-18 08:00:00,0.2587,0.2587,0.2496,0.251,29039079.0,7364446.27814
2026-04-18 12:00:00,0.251,0.2522,0.2497,0.2511,16213460.5,4072676.8383
2026-04-18 16:00:00,0.251,0.251,0.2473,0.2488,22921305.1,5707331.88799
2026-04-18 20:00:00,0.2488,0.2508,0.248,0.2491,9951923.2,2483405.93041
2026-04-19 00:00:00,0.2492,0.2498,0.2469,0.2482,11330880.4,2814137.12474
2026-04-19 04:00:00,0.2482,0.249,0.2444,0.246,20667424.2,5090919.02152
2026-04-19 08:00:00,0.2459,0.2482,0.2445,0.2473,16489517.5,4057925.3456
2026-04-19 12:00:00,0.2473,0.2509,0.2462,0.2488,29342291.1,7306390.57297
2026-04-19 16:00:00,0.2489,0.2496,0.2443,0.2467,23012955.0,5670339.73401
2026-04-19 20:00:00,0.2466,0.2466,0.2408,0.2424,34474681.4,8380896.67797
2026-04-20 00:00:00,0.2424,0.2464,0.2419,0.2459,14665325.9,3582041.03569
2026-04-20 04:00:00,0.2459,0.2492,0.2436,0.2467,15535279.6,3821299.70325
2026-04-20 08:00:00,0.2467,0.2486,0.2443,0.2465,13984713.2,3448049.23949
2026-04-20 12:00:00,0.2465,0.2494,0.2448,0.2478,21760753.9,5378872.12413
2026-04-20 16:00:00,0.2478,0.2502,0.2456,0.2489,18077260.2,4487182.05788
2026-04-20 20:00:00,0.2488,0.2514,0.2476,0.2479,18708465.9,4666142.92665
2026-04-21 00:00:00,0.2479,0.2498,0.2465,0.247,11108879.4,2756323.49592
2026-04-21 04:00:00,0.247,0.2503,0.2469,0.2495,10728642.8,2671447.20567
2026-04-21 08:00:00,0.2494,0.2525,0.2493,0.2502,17822654.9,4464867.90716
2026-04-21 12:00:00,0.2502,0.2507,0.2475,0.2488,19901527.7,4952227.85312
2026-04-21 16:00:00,0.2488,0.2494,0.2441,0.2447,26940624.3,6638713.80234
2026-04-21 20:00:00,0.2448,0.2501,0.2446,0.2499,18683507.8,4633574.59213
2026-04-22 00:00:00,0.2499,0.2554,0.2488,0.2542,34826683.0,8788767.61258
2026-04-22 04:00:00,0.2543,0.2576,0.2533,0.2548,27884297.7,7122987.74997
2026-04-22 08:00:00,0.2549,0.2564,0.2542,0.2556,11508590.4,2939066.13254
2026-04-22 12:00:00,0.2557,0.2562,0.254,0.255,22096565.0,5640119.70303
2026-04-22 16:00:00,0.2551,0.2556,0.2513,0.2524,14749189.2,3736507.46312
2026-04-22 20:00:00,0.2524,0.2526,0.2481,0.2484,15799798.2,3958557.03278
2026-04-23 00:00:00,0.2483,0.2496,0.2453,0.2464,27083327.7,6699262.0029
2026-04-23 04:00:00,0.2464,0.2484,0.2461,0.2469,13414307.9,3317119.42983
2026-04-23 08:00:00,0.2469,0.2481,0.2449,0.2476,20788573.5,5116288.57779
2026-04-23 12:00:00,0.2475,0.2508,0.2467,0.2503,20185818.1,5018021.00889
2026-04-23 16:00:00,0.2504,0.2508,0.2446,0.2467,32117542.1,7931973.34509
2026-04-23 20:00:00,0.2468,0.2504,0.2465,0.2499,12819098.2,3189566.17305
2026-04-24 00:00:00,0.2499,0.2519,0.2481,0.2485,16331683.2,4087283.68178
2026-04-24 04:00:00,0.2485,0.2496,0.2472,0.249,8366048.7,2077870.5241
2026-04-24 08:00:00,0.2489,0.2519,0.248,0.2511,12629359.9,3155828.05159
2026-04-24 12:00:00,0.2511,0.2523,0.2489,0.2522,10421567.5,2612612.13037
2026-04-24 16:00:00,0.2522,0.2525,0.2506,0.2517,11258791.4,2832277.15989
2026-04-24 20:00:00,0.2517,0.253,0.2499,0.2503,10152288.8,2552073.65792
2026-04-25 00:00:00,0.2503,0.2522,0.2496,0.2517,15207909.0,3816395.36975
2026-04-25 04:00:00,0.2517,0.2529,0.2503,0.2514,20322620.9,5117267.61495
2026-04-25 08:00:00,0.2514,0.2539,0.2512,0.2517,11373361.0,2876379.9298
2026-04-25 12:00:00,0.2517,0.2537,0.2497,0.2502,15469142.7,3894141.07017
2026-04-25 16:00:00,0.2501,0.2507,0.2482,0.2491,10698201.9,2666515.49357
2026-04-25 20:00:00,0.2491,0.2506,0.2489,0.2503,4279286.0,1068856.34879
2026-04-26 00:00:00,0.2503,0.2503,0.2485,0.2494,5185877.3,1292741.39076
2026-04-26 04:00:00,0.2495,0.2521,0.2489,0.2515,8340477.6,2093129.48948
2026-04-26 08:00:00,0.2515,0.2544,0.25,0.2535,19219048.6,4850261.33961
2026-04-26 12:00:00,0.2536,0.2539,0.2514,0.2529,8544958.5,2157498.0093
2026-04-26 16:00:00,0.2529,0.2537,0.2508,0.2524,8987494.6,2267930.61179
2026-04-26 20:00:00,0.2525,0.2535,0.2507,0.2522,10486273.3,2644512.68115
2026-04-27 00:00:00,0.2522,0.2561,0.2516,0.254,15815680.9,4029321.6807
2026-04-27 04:00:00,0.2541,0.2545,0.2463,0.247,28131107.2,7026426.16939
2026-04-27 08:00:00,0.2471,0.2482,0.2465,0.2478,14167288.7,3504913.13679
2026-04-27 12:00:00,0.2478,0.2487,0.243,0.2446,31678963.7,7788462.19365
2026-04-27 16:00:00,0.2446,0.2461,0.2441,0.2453,9329419.3,2286381.35475
2026-04-27 20:00:00,0.2454,0.2485,0.245,0.2482,6959531.5,1714024.97498
2026-04-28 00:00:00,0.2481,0.2485,0.2465,0.2473,8468563.5,2096718.49559
2026-04-28 04:00:00,0.2474,0.2488,0.245,0.2471,14452275.5,3570372.49073
2026-04-28 08:00:00,0.247,0.2472,0.245,0.2456,11152533.1,2746127.52245
2026-04-28 12:00:00,0.2457,0.2474,0.2443,0.2465,14512685.1,3568208.62601
2026-04-28 16:00:00,0.2466,0.2477,0.2452,0.2474,6902320.0,1701429.1084
2026-04-28 20:00:00,0.2474,0.2482,0.2463,0.2468,5064187.4,1252621.07471
2026-04-29 00:00:00,0.2468,0.2495,0.2461,0.2491,10130415.1,2511110.93126
2026-04-29 04:00:00,0.2491,0.2506,0.2484,0.2495,18184980.3,4537782.80335
2026-04-29 08:00:00,0.2495,0.254,0.2492,0.2513,26852432.9,6761079.07234
2026-04-29 12:00:00,0.2513,0.2514,0.2434,0.2441,35230532.3,8693391.82495
2026-04-29 16:00:00,0.2441,0.2453,0.2383,0.2417,52160109.2,12604154.61385
2026-04-29 20:00:00,0.2417,0.245,0.2413,0.2446,15162302.7,3691453.89916
2026-04-30 00:00:00,0.2446,0.2478,0.2445,0.2468,20756191.0,5110706.42473
2026-04-30 04:00:00,0.2467,0.247,0.2445,0.2468,8944593.8,2197972.32188
2026-04-30 08:00:00,0.2467,0.2484,0.2454,0.2462,12309852.4,3036245.9656
2026-04-30 12:00:00,0.2462,0.2483,0.245,0.2475,11386499.8,2805008.59638
2026-04-30 16:00:00,0.2475,0.2476,0.2453,0.2463,6861681.2,1690277.52664
2026-04-30 20:00:00,0.2463,0.2474,0.2454,0.2463,7124291.3,1756643.38306
2026-05-01 00:00:00,0.2463,0.2504,0.246,0.2488,13588847.1,3375234.86262
2026-05-01 04:00:00,0.2488,0.2499,0.2479,0.2486,9435873.9,2347859.57583
2026-05-01 08:00:00,0.2487,0.2497,0.247,0.2478,8904993.7,2211631.00692
2026-05-01 12:00:00,0.2479,0.2515,0.2477,0.2502,25106357.3,6270983.24062
2026-05-01 16:00:00,0.2503,0.2509,0.2489,0.2498,9541322.1,2383117.21329
2026-05-01 20:00:00,0.2498,0.2501,0.2475,0.2482,7247766.2,1802060.8419
2026-05-02 00:00:00,0.2483,0.2488,0.2476,0.2481,6176095.7,1532579.66287
2026-05-02 04:00:00,0.2481,0.2483,0.247,0.2476,6962826.7,1724030.90162
2026-05-02 08:00:00,0.2476,0.2492,0.2474,0.2482,5931537.5,1473571.9552
2026-05-02 12:00:00,0.2482,0.2502,0.2476,0.25,5730800.6,1427618.14624
2026-05-02 16:00:00,0.25,0.2514,0.2491,0.2513,9443830.7,2365002.9562
2026-05-02 20:00:00,0.2513,0.2528,0.25,0.2501,11426813.2,2869377.60936
2026-05-03 00:00:00,0.2502,0.2505,0.2475,0.2481,10485933.7,2606965.41847
2026-05-03 04:00:00,0.2481,0.2496,0.2475,0.2488,7691542.2,1911474.76864
2026-05-03 08:00:00,0.2488,0.2505,0.2482,0.2496,8285046.3,2064037.87635
2026-05-03 12:00:00,0.2497,0.2512,0.2495,0.2507,7507468.8,1879124.54424
2026-05-03 16:00:00,0.2507,0.2514,0.2504,0.2509,6603707.7,1656587.83746
2026-05-03 20:00:00,0.2509,0.2518,0.2485,0.2495,18022428.5,4512938.07366
2026-05-04 00:00:00,0.2495,0.2545,0.2473,0.2537,27351280.6,6877234.33743
2026-05-04 04:00:00,0.2537,0.255,0.2509,0.2517,20548760.5,5198732.84856
2026-05-04 08:00:00,0.2517,0.2535,0.247,0.2485,30957778.7,7720600.41656
2026-05-04 12:00:00,0.2485,0.2533,0.2482,0.2508,28467543.0,7139096.92515
2026-05-04 16:00:00,0.2508,0.2528,0.2495,0.2511,15394976.6,3870094.97834
2026-05-04 20:00:00,0.251,0.2516,0.2494,0.2499,8582549.9,2149491.74809
2026-05-05 00:00:00,0.25,0.253,0.2497,0.2526,14731786.0,3701188.58326
2026-05-05 04:00:00,0.2526,0.2583,0.252,0.2566,30314666.3,7732149.3463
2026-05-05 08:00:00,0.2567,0.2599,0.2564,0.2585,31755862.4,8194599.17197
2026-05-05 12:00:00,0.2585,0.2597,0.2558,0.2568,25098791.0,6470718.81441
2026-05-05 16:00:00,0.2569,0.2589,0.2561,0.2587,11748718.3,3025027.43663
2026-05-05 20:00:00,0.2587,0.2657,0.2584,0.262,42514750.9,11165378.70105
2026-05-06 00:00:00,0.2619,0.2644,0.26,0.264,18723934.3,4905360.29058
2026-05-06 04:00:00,0.264,0.2653,0.262,0.265,20920339.3,5515100.40313
2026-05-06 08:00:00,0.265,0.2738,0.2647,0.2718,65133934.0,17612989.82533
2026-05-06 12:00:00,0.2718,0.2723,0.2628,0.2676,44294150.2,11843698.32275
2026-05-06 16:00:00,0.2676,0.2683,0.2649,0.2664,12487199.2,3327992.36781
2026-05-06 20:00:00,0.2664,0.2689,0.2643,0.267,11451362.0,3056859.70148
2026-05-07 00:00:00,0.2669,0.2674,0.2632,0.2638,19492277.6,5163482.69458
2026-05-07 04:00:00,0.2637,0.2687,0.2635,0.2684,16374031.2,4364870.22217
2026-05-07 08:00:00,0.2684,0.2689,0.2657,0.268,13653139.4,3652608.72575
2026-05-07 12:00:00,0.2679,0.2704,0.2611,0.2618,31010792.5,8225368.89479
2026-05-07 16:00:00,0.2619,0.2643,0.2596,0.263,18495960.1,4849724.56166
2026-05-07 20:00:00,0.2631,0.2647,0.2608,0.2627,9875646.1,2589300.75213
2026-05-08 00:00:00,0.2627,0.2634,0.2601,0.2619,9948625.5,2603553.9049
2026-05-08 04:00:00,0.2619,0.2627,0.2605,0.262,9482493.0,2481127.40263
2026-05-08 08:00:00,0.2621,0.2648,0.2617,0.2644,9668354.3,2548850.33654
2026-05-08 12:00:00,0.2644,0.2697,0.2628,0.2696,16606095.4,4411861.73442
2026-05-08 16:00:00,0.2697,0.2734,0.2677,0.2718,23079116.8,6253745.92083
2026-05-08 20:00:00,0.2718,0.2788,0.271,0.2734,28627782.0,7873975.37956
2026-05-09 00:00:00,0.2735,0.2785,0.2731,0.2763,16263874.4,4494204.31453
2026-05-09 04:00:00,0.2763,0.2781,0.2741,0.2752,12362245.3,3410227.27367
2026-05-09 08:00:00,0.2752,0.2767,0.2722,0.2736,7895149.4,2164183.05573
2026-05-09 12:00:00,0.2736,0.2742,0.27,0.2704,10134369.7,2755647.25
2026-05-09 16:00:00,0.2705,0.2731,0.2695,0.2727,8684982.2,2360083.28212
2026-05-09 20:00:00,0.2727,0.2728,0.2704,0.2708,4657783.1,1266069.27334
2026-05-10 00:00:00,0.2708,0.2719,0.2688,0.27,9217347.6,2490354.06718
2026-05-10 04:00:00,0.27,0.2713,0.2682,0.2707,8420410.3,2272154.02903
2026-05-10 08:00:00,0.2706,0.2736,0.2705,0.2728,12709622.7,3461775.99782
2026-05-10 12:00:00,0.2727,0.2825,0.272,0.2815,25349657.8,7039882.83362
2026-05-10 16:00:00,0.2816,0.2887,0.2802,0.287,44754612.6,12761420.58224
2026-05-10 20:00:00,0.2871,0.2882,0.2751,0.2824,39910833.8,11196001.52619
2026-05-11 00:00:00,0.2824,0.2829,0.274,0.2765,22449517.1,6257025.9497
2026-05-11 04:00:00,0.2765,0.2799,0.2753,0.2778,12538977.1,3482402.08448
2026-05-11 08:00:00,0.2777,0.2812,0.2758,0.2794,15981794.3,4451173.04668
2026-05-11 12:00:00,0.2794,0.2836,0.2777,0.2824,25669844.2,7197034.80858
2026-05-11 16:00:00,0.2824,0.283,0.2794,0.2812,9322613.7,2621507.03717
2026-05-11 20:00:00,0.2813,0.282,0.2792,0.2804,10958384.8,3076642.838
2026-05-12 00:00:00,0.2803,0.2819,0.2764,0.2772,14778912.2,4116239.30153
2026-05-12 04:00:00,0.2771,0.2784,0.275,0.2769,12976793.7,3595384.53512
2026-05-12 08:00:00,0.2768,0.2777,0.2734,0.2745,16290222.9,4481635.02751
2026-05-12 12:00:00,0.2744,0.2754,0.2679,0.2691,25405532.5,6896340.77524
2026-05-12 16:00:00,0.2691,0.2726,0.2672,0.272,18828968.9,5083574.57248
2026-05-12 20:00:00,0.2721,0.273,0.2707,0.2711,8633096.7,2346977.65952
2026-05-13 00:00:00,0.2712,0.2744,0.2709,0.2741,14689307.4,4007014.89255
2026-05-13 04:00:00,0.2742,0.2749,0.2725,0.2733,8609277.4,2356038.84723
2026-05-13 08:00:00,0.2733,0.2777,0.2703,0.2706,16136491.0,4413728.36199
2026-05-13 12:00:00,0.2706,0.2716,0.2612,0.262,41825126.2,11134930.08765
2026-05-13 16:00:00,0.262,0.266,0.2619,0.2639,15367167.4,4058106.79671
2026-05-13 20:00:00,0.2638,0.2664,0.263,0.2648,14089810.6,3726481.8363
2026-05-14 00:00:00,0.2648,0.2662,0.2623,0.263,10391997.5,2752346.23747
2026-05-14 04:00:00,0.2629,0.2667,0.2625,0.2645,8976724.7,2381315.46012
2026-05-14 08:00:00,0.2645,0.2658,0.2637,0.264,6201242.8,1640493.25311
2026-05-14 12:00:00,0.264,0.2709,0.2638,0.2703,21073859.3,5640985.81882
2026-05-14 16:00:00,0.2703,0.2804,0.2694,0.274,47279869.4,13007013.52739
2026-05-14 20:00:00,0.274,0.2744,0.2698,0.2706,25746172.4,7007271.8932
2026-05-15 00:00:00,0.2705,0.2729,0.2684,0.2698,10464857.5,2834859.4618
2026-05-15 04:00:00,0.2698,0.2701,0.2649,0.2683,13276855.0,3546474.27438
2026-05-15 08:00:00,0.2684,0.2687,0.2661,0.2672,8297950.7,2219675.19731
2026-05-15 12:00:00,0.2671,0.2672,0.2568,0.2583,44416867.1,11556388.45241
2026-05-15 16:00:00,0.2582,0.2628,0.2577,0.261,17996452.3,4694360.72045
2026-05-15 20:00:00,0.2611,0.262,0.2601,0.2616,8313500.3,2171371.89825
2026-05-16 00:00:00,0.2615,0.2625,0.2607,0.2612,6275614.2,1642373.3913
2026-05-16 04:00:00,0.2612,0.2613,0.2532,0.2554,23276081.1,5972803.83981
2026-05-16 08:00:00,0.2554,0.2562,0.2521,0.2541,18556780.8,4716530.6329
2026-05-16 12:00:00,0.254,0.2561,0.2537,0.2556,9227447.4,2351806.00085
2026-05-16 16:00:00,0.2556,0.2565,0.255,0.2551,8976948.0,2295247.01809
2026-05-16 20:00:00,0.2552,0.2558,0.254,0.2551,8858354.3,2257980.4579
2026-05-17 00:00:00,0.255,0.2555,0.2527,0.2544,10319912.9,2620360.44316
2026-05-17 04:00:00,0.2543,0.2569,0.2542,0.2562,6095047.9,1558376.27587
2026-05-17 08:00:00,0.2563,0.2582,0.2555,0.2566,6750113.4,1733526.51661
2026-05-17 12:00:00,0.2566,0.2572,0.2535,0.2552,10134729.3,2587659.6896
2026-05-17 16:00:00,0.2552,0.2556,0.253,0.2553,6482735.9,1648418.46636
2026-05-17 20:00:00,0.2553,0.256,0.2452,0.2521,43340546.1,10838629.8202
2026-05-18 00:00:00,0.2521,0.2531,0.2488,0.2502,19828733.1,4976788.12264
2026-05-18 04:00:00,0.2502,0.252,0.247,0.2494,23596572.7,5885085.56594
2026-05-18 08:00:00,0.2494,0.2521,0.2479,0.2506,11916961.1,2976968.33568
2026-05-18 12:00:00,0.2506,0.2525,0.2462,0.2482,29182018.8,7265163.70894
2026-05-18 16:00:00,0.2483,0.2514,0.2464,0.2508,19488390.2,4848010.45431
2026-05-18 20:00:00,0.2509,0.253,0.2497,0.2516,9745421.7,2452315.44045
2026-05-19 00:00:00,0.2517,0.2536,0.2505,0.2515,14327174.5,3605820.64427
2026-05-19 04:00:00,0.2516,0.2532,0.2506,0.2526,11020631.4,2777067.63423
2026-05-19 08:00:00,0.2525,0.2525,0.2481,0.2486,18594517.5,4648183.98322
2026-05-19 12:00:00,0.2486,0.2512,0.2471,0.2485,20666144.5,5150260.47362
2026-05-19 16:00:00,0.2485,0.2501,0.248,0.2484,8008469.9,1993438.92667
2026-05-19 20:00:00,0.2484,0.2498,0.2475,0.2482,5248239.6,1305407.73052
2026-05-20 00:00:00,0.2482,0.2488,0.2469,0.2482,13352757.5,3309347.56396
2026-05-20 04:00:00,0.2483,0.251,0.2478,0.2491,12976665.2,3242256.21322
2026-05-20 08:00:00,0.2492,0.2506,0.2483,0.2488,7489160.6,1869802.08114
2026-05-20 12:00:00,0.2489,0.2515,0.2473,0.2502,20863604.3,5207957.1174
2026-05-20 16:00:00,0.2503,0.2514,0.2481,0.2502,19716255.2,4927278.84762
2026-05-20 20:00:00,0.2503,0.2509,0.2483,0.2492,8825850.7,2201989.36431
2026-05-21 00:00:00,0.2492,0.2523,0.2489,0.2521,13439765.8,3375381.49721
2026-05-21 04:00:00,0.2522,0.2527,0.2476,0.2492,20547692.4,5131772.04725
2026-05-21 08:00:00,0.2491,0.2505,0.2458,0.2467,17024003.3,4217066.10753
2026-05-21 12:00:00,0.2467,0.2497,0.2463,0.2485,16762981.0,4147156.78048
2026-05-21 16:00:00,0.2486,0.2537,0.2478,0.2524,28409401.4,7149920.38788
2026-05-21 20:00:00,0.2524,0.2532,0.2499,0.2507,10969201.7,2757711.86806
2026-05-22 00:00:00,0.2507,0.252,0.2491,0.2517,8499028.2,2130206.57148
2026-05-22 04:00:00,0.2518,0.253,0.2494,0.2516,13514691.7,3400366.01336
2026-05-22 08:00:00,0.2516,0.2528,0.2507,0.2526,10546528.3,2655421.7533
2026-05-22 12:00:00,0.2526,0.2546,0.248,0.2497,33647871.3,8458469.46108
2026-05-22 16:00:00,0.2497,0.2503,0.2424,0.2443,50061467.3,12299796.05444
2026-05-22 20:00:00,0.2444,0.2468,0.241,0.2424,18434551.2,4498911.61504
2026-05-23 00:00:00,0.2424,0.2442,0.2416,0.2438,15495574.5,3768353.4965
2026-05-23 04:00:00,0.2438,0.2438,0.2358,0.2378,36205830.2,8679338.20897
2026-05-23 08:00:00,0.2378,0.2394,0.2369,0.2382,19436169.1,4631775.78306
2026-05-23 12:00:00,0.2381,0.2438,0.2378,0.2423,24324074.1,5856882.12527
2026-05-23 16:00:00,0.2424,0.2454,0.2418,0.2443,13752901.1,3347048.33766
2026-05-23 20:00:00,0.2443,0.2508,0.2438,0.246,29684423.8,7348545.1769
2026-05-24 00:00:00,0.2461,0.247,0.2448,0.2454,11547032.9,2837456.15698
2026-05-24 04:00:00,0.2454,0.2465,0.2451,0.2454,6945010.4,1706480.22361
2026-05-24 08:00:00,0.2455,0.2467,0.2451,0.2457,10079856.4,2477420.90862
2026-05-24 12:00:00,0.2457,0.2457,0.241,0.243,10790823.0,2627252.78853
2026-05-24 16:00:00,0.2429,0.2436,0.242,0.2425,5527541.7,1342799.63717
2026-05-24 20:00:00,0.2426,0.2428,0.2385,0.2423,17357788.2,4180477.91537
2026-05-25 00:00:00,0.2424,0.2433,0.2404,0.241,9308668.6,2252362.6704
2026-05-25 04:00:00,0.241,0.2451,0.2407,0.2451,17097129.2,4167750.30182
2026-05-25 08:00:00,0.2451,0.2462,0.244,0.2449,17055641.2,4186168.32217
2026-05-25 12:00:00,0.245,0.2473,0.2444,0.2461,11533525.6,2833693.42591
2026-05-25 16:00:00,0.2461,0.248,0.245,0.2455,9187350.4,2265497.35133
2026-05-25 20:00:00,0.2454,0.2461,0.2423,0.2437,8350831.2,2037957.41011
2026-05-26 00:00:00,0.2436,0.2438,0.2394,0.2408,17272674.5,4165991.67676
2026-05-26 04:00:00,0.2409,0.243,0.2405,0.2412,14038368.1,3393321.48372
2026-05-26 08:00:00,0.2413,0.2457,0.2412,0.2443,14396903.7,3511539.47268
2026-05-26 12:00:00,0.2443,0.2473,0.2412,0.2427,26978831.4,6578243.56477
2026-05-26 16:00:00,0.2427,0.2428,0.2381,0.2402,30099562.2,7238825.41544
2026-05-26 20:00:00,0.2403,0.241,0.2392,0.2401,6956708.9,1670681.88083
2026-05-27 00:00:00,0.2401,0.2419,0.2392,0.2401,10426322.5,2508413.93939
2026-05-27 04:00:00,0.2401,0.2409,0.237,0.2404,16562694.4,3961651.93603
2026-05-27 08:00:00,0.2404,0.2413,0.2389,0.2396,9403218.0,2255973.12043
2026-05-27 12:00:00,0.2397,0.2435,0.2374,0.2415,28774904.5,6898512.20173
2026-05-27 16:00:00,0.2415,0.242,0.2378,0.241,13671526.7,3278281.82009
2026-05-27 20:00:00,0.241,0.2413,0.236,0.2372,26271094.9,6257092.91181
2026-05-28 00:00:00,0.2372,0.2384,0.2316,0.2322,27615019.8,6494432.09185
2026-05-28 04:00:00,0.2322,0.2323,0.228,0.2315,37203796.2,8557360.44167
2026-05-28 08:00:00,0.2315,0.2321,0.2294,0.2302,16795368.0,3872929.54159
2026-05-28 12:00:00,0.2302,0.2341,0.2291,0.233,26271339.1,6085004.7219
2026-05-28 16:00:00,0.233,0.2377,0.2316,0.2345,20649664.4,4853900.53476
2026-05-28 20:00:00,0.2345,0.2363,0.2336,0.2349,9508026.5,2235494.47715
2026-05-29 00:00:00,0.2349,0.236,0.2328,0.2334,8001377.9,1877630.92719
2026-05-29 04:00:00,0.2334,0.237,0.2325,0.2349,7405081.6,1740361.30488
2026-05-29 08:00:00,0.2349,0.236,0.2328,0.2335,5645814.6,1326317.24085
2026-05-29 12:00:00,0.2335,0.2381,0.2298,0.2358,25127745.4,5873863.99669
2026-05-29 16:00:00,0.2358,0.2363,0.2306,0.2329,27405179.8,6422656.8425
2026-05-29 20:00:00,0.2329,0.234,0.2317,0.2329,10430440.5,2428132.41046
2026-05-30 00:00:00,0.233,0.2394,0.2327,0.2364,30068452.1,7119362.7999
2026-05-30 04:00:00,0.2365,0.2371,0.2339,0.2353,15681958.2,3687239.17241
2026-05-30 08:00:00,0.2353,0.2356,0.234,0.2353,6402099.0,1504626.08885
2026-05-30 12:00:00,0.2353,0.237,0.2349,0.2365,10560689.3,2492458.20655
2026-05-30 16:00:00,0.2365,0.2379,0.2358,0.2372,7912858.2,1874421.52673
2026-05-30 20:00:00,0.2373,0.2384,0.2353,0.236,11069097.7,2622426.74211
2026-05-31 00:00:00,0.236,0.2385,0.2356,0.2381,9318629.4,2208843.30833
2026-05-31 04:00:00,0.2381,0.2388,0.2363,0.2366,6169457.1,1466367.99008
2026-05-31 08:00:00,0.2366,0.2381,0.2356,0.2371,6296446.0,1492362.04212
2026-05-31 12:00:00,0.2371,0.2381,0.2335,0.2338,19977289.6,4694986.96336
2026-05-31 16:00:00,0.2339,0.2343,0.2319,0.2328,12196442.4,2841197.58434
2026-05-31 20:00:00,0.2329,0.2371,0.2328,0.2357,9221133.6,2165302.66765
2026-06-01 00:00:00,0.2357,0.2376,0.2328,0.2369,14554160.0,3433731.21613
2026-06-01 04:00:00,0.2369,0.2376,0.2307,0.231,19474292.0,4539571.31149
2026-06-01 08:00:00,0.231,0.2324,0.2294,0.2302,22928125.0,5299329.36829
2026-06-01 12:00:00,0.2303,0.2316,0.2254,0.227,40777198.1,9311025.23374
2026-06-01 16:00:00,0.227,0.2319,0.2262,0.2314,16832022.9,3871582.49219
2026-06-01 20:00:00,0.2314,0.2317,0.2284,0.2311,9736193.9,2241971.68939
2026-06-02 00:00:00,0.2311,0.2313,0.2247,0.228,18601272.9,4232615.16501
2026-06-02 04:00:00,0.228,0.2286,0.2227,0.224,25561419.4,5742541.83446
2026-06-02 08:00:00,0.224,0.2247,0.2224,0.2232,13214752.8,2954804.77154
2026-06-02 12:00:00,0.2231,0.2239,0.2138,0.2154,79647725.3,17443901.30872
2026-06-02 16:00:00,0.2153,0.2193,0.2119,0.2157,61602646.1,13367923.60071
2026-06-02 20:00:00,0.2157,0.2184,0.2094,0.213,39286817.2,8398278.20843
2026-06-03 00:00:00,0.213,0.2146,0.2074,0.2088,27766019.9,5880196.66191
2026-06-03 04:00:00,0.2088,0.2182,0.2088,0.2171,29747773.1,6380487.48285
2026-06-03 08:00:00,0.2172,0.2184,0.2154,0.2162,30101087.2,6531339.1936
2026-06-03 12:00:00,0.2161,0.2165,0.2116,0.212,43937466.6,9430767.9599
2026-06-03 16:00:00,0.212,0.2122,0.2043,0.2048,53163796.1,11079207.32183
2026-06-03 20:00:00,0.2048,0.2066,0.2001,0.2004,60138820.9,12203298.63663
2026-06-04 00:00:00,0.2004,0.2019,0.1877,0.1998,114872694.3,22411273.94716
2026-06-04 04:00:00,0.1999,0.2012,0.1947,0.1948,36622578.1,7250811.41852
2026-06-04 08:00:00,0.1949,0.1957,0.1871,0.1903,65914067.8,12507823.9873
2026-06-04 12:00:00,0.1902,0.1927,0.1871,0.1889,60049929.1,11396160.36321
2026-06-04 16:00:00,0.1889,0.1906,0.1857,0.1866,44915067.3,8437417.84227
2026-06-04 20:00:00,0.1866,0.1868,0.1788,0.1798,57571504.1,10481124.79189
2026-06-05 00:00:00,0.1798,0.1798,0.1581,0.1584,148798442.5,25088806.09615
2026-06-05 04:00:00,0.1585,0.1692,0.1583,0.1635,109824516.2,17987041.8829
2026-06-05 08:00:00,0.1634,0.1664,0.1587,0.1624,71585515.2,11635831.94759
2026-06-05 12:00:00,0.1623,0.1652,0.1564,0.1573,87300452.7,14045485.35714
2026-06-05 16:00:00,0.1572,0.1638,0.1544,0.1606,85629410.1,13647595.13327
2026-06-05 20:00:00,0.1606,0.1639,0.1551,0.1567,59446172.8,9527975.28416
2026-06-06 00:00:00,0.1567,0.1624,0.1538,0.1552,48978757.5,7712314.76732
2026-06-06 04:00:00,0.1551,0.1584,0.1486,0.1574,120842732.6,18454834.32956
2026-06-06 08:00:00,0.1574,0.1603,0.1536,0.1563,50133782.8,7866340.47075
2026-06-06 12:00:00,0.1564,0.1617,0.155,0.1585,54504477.9,8659592.6371
2026-06-06 16:00:00,0.1584,0.1602,0.1567,0.1569,33698248.9,5328105.22399
2026-06-06 20:00:00,0.1569,0.1587,0.1556,0.1573,22968153.6,3604186.43403
2026-06-07 00:00:00,0.1574,0.1622,0.1568,0.1614,34695522.0,5567149.84354
2026-06-07 04:00:00,0.1614,0.1631,0.1597,0.1624,37594959.7,6075573.60245
2026-06-07 08:00:00,0.1624,0.167,0.1617,0.1647,52848524.6,8713331.94562
2026-06-07 12:00:00,0.1647,0.165,0.1605,0.1622,38058467.2,6171993.03541
2026-06-07 16:00:00,0.1623,0.164,0.158,0.1586,35769456.9,5760157.31089
2026-06-07 20:00:00,0.1585,0.1688,0.1581,0.1653,51771525.5,8504288.06631
2026-06-08 00:00:00,0.1653,0.1666,0.1615,0.1641,27156176.8,4453888.85469
2026-06-08 04:00:00,0.1641,0.1644,0.16,0.1639,22705186.7,3671420.05463
2026-06-08 08:00:00,0.1639,0.1683,0.1623,0.1676,41308768.8,6808961.74253
2026-06-08 12:00:00,0.1677,0.1714,0.1649,0.1693,48813230.2,8200667.65542
2026-06-08 16:00:00,0.1694,0.1727,0.1672,0.1719,35438117.0,6034154.66469
2026-06-08 20:00:00,0.1719,0.1745,0.1688,0.1704,24500613.0,4203500.30767
2026-06-09 00:00:00,0.1704,0.1708,0.1657,0.1664,28207678.1,4717185.07052
2026-06-09 04:00:00,0.1663,0.1711,0.1651,0.1703,22171826.4,3743705.26167
2026-06-09 08:00:00,0.1703,0.1705,0.1667,0.1674,19816377.3,3330725.04161
2026-06-09 12:00:00,0.1674,0.1698,0.1627,0.1631,37288851.4,6198226.34771
2026-06-09 16:00:00,0.163,0.169,0.1608,0.1685,39810748.0,6555600.39599
2026-06-09 20:00:00,0.1686,0.1699,0.1649,0.1653,16022407.6,2671259.64191
2026-06-10 00:00:00,0.1653,0.1669,0.1613,0.1624,22302001.6,3652359.61577
2026-06-10 04:00:00,0.1624,0.163,0.1597,0.1614,27481394.4,4425835.74608
2026-06-10 08:00:00,0.1613,0.1616,0.1586,0.1596,27282386.4,4358511.1861
2026-06-10 12:00:00,0.1595,0.1668,0.1591,0.165,51433567.9,8418207.42081
2026-06-10 16:00:00,0.165,0.1652,0.1603,0.1608,34162140.0,5551133.38234
2026-06-10 20:00:00,0.1608,0.1617,0.1582,0.1607,23479139.8,3758404.79871
2026-06-11 00:00:00,0.1607,0.1673,0.1607,0.1665,29291874.3,4785728.07216
2026-06-11 04:00:00,0.1666,0.1678,0.1641,0.1668,28334343.6,4704589.20028
2026-06-11 08:00:00,0.1668,0.1681,0.1654,0.1669,25658608.8,4273820.57886
2026-06-11 12:00:00,0.1669,0.1674,0.1642,0.1662,30648469.8,5079967.83876
2026-06-11 16:00:00,0.1662,0.1719,0.1641,0.1694,49180318.2,8278082.31056
2026-06-11 20:00:00,0.1694,0.172,0.1675,0.1707,22412934.9,3813526.40597
2026-06-12 00:00:00,0.1707,0.1719,0.1688,0.1718,18589603.9,3170643.44078
2026-06-12 04:00:00,0.1719,0.1736,0.1681,0.1692,22564263.5,3846227.00277
2026-06-12 08:00:00,0.1692,0.1723,0.1692,0.1714,21982301.4,3759645.85709
2026-06-12 12:00:00,0.1713,0.1743,0.1677,0.1705,58083874.7,9940388.66056
2026-06-12 16:00:00,0.1705,0.1744,0.1696,0.1708,31668670.7,5446978.40283
2026-06-12 20:00:00,0.1709,0.1713,0.1687,0.1697,16377758.4,2781405.27851
2026-06-13 00:00:00,0.1697,0.1734,0.1695,0.1704,24132301.5,4138721.8879
2026-06-13 04:00:00,0.1705,0.1742,0.169,0.1732,21489265.0,3682084.00863
2026-06-13 08:00:00,0.1731,0.1739,0.1721,0.1734,13697713.4,2370469.73513
2026-06-13 12:00:00,0.1735,0.1758,0.1731,0.175,14772014.8,2573387.82495
2026-06-13 16:00:00,0.175,0.1751,0.1715,0.1722,15532604.8,2686725.8029
2026-06-13 20:00:00,0.1721,0.1735,0.1712,0.1718,16177702.3,2784107.78158
2026-06-14 00:00:00,0.1718,0.1737,0.1714,0.1731,15566485.8,2685003.7638
2026-06-14 04:00:00,0.1731,0.1733,0.1709,0.1711,11135853.8,1912830.03983
2026-06-14 08:00:00,0.1711,0.1719,0.1695,0.1698,16709002.7,2849730.26923
2026-06-14 12:00:00,0.1698,0.17,0.1654,0.167,28790169.9,4823775.08078
2026-06-14 16:00:00,0.167,0.1677,0.1658,0.1661,15935296.1,2655940.55896
2026-06-14 20:00:00,0.1661,0.1839,0.1658,0.183,64645589.0,11355581.72773
2026-06-15 00:00:00,0.183,0.187,0.1794,0.1813,60833263.0,11106757.81927
2026-06-15 04:00:00,0.1812,0.182,0.1795,0.1802,20481521.5,3702876.04506
2026-06-15 08:00:00,0.1803,0.1856,0.18,0.1852,34324932.2,6267655.55603
2026-06-15 12:00:00,0.1852,0.19,0.1844,0.1889,63385788.2,11894442.41325
2026-06-15 16:00:00,0.1889,0.1897,0.185,0.1862,34303493.4,6425313.68731
2026-06-15 20:00:00,0.1862,0.1866,0.1768,0.1786,41529174.5,7505357.21198
2026-06-16 00:00:00,0.1785,0.1793,0.1755,0.1772,21101291.2,3742397.26214
2026-06-16 04:00:00,0.1773,0.1793,0.1757,0.1788,16948307.8,3010396.94536
2026-06-16 08:00:00,0.1787,0.1814,0.1783,0.1788,24157979.4,4340186.86081
2026-06-16 12:00:00,0.1789,0.1814,0.1728,0.1741,32861887.0,5790100.96279
2026-06-16 16:00:00,0.1741,0.1766,0.1719,0.1732,29868668.0,5199294.95318
2026-06-16 20:00:00,0.1733,0.1756,0.172,0.1724,26205414.7,4548492.7967
2026-06-17 00:00:00,0.1723,0.175,0.171,0.173,27963775.4,4839698.54339
2026-06-17 04:00:00,0.1731,0.1738,0.1703,0.1713,23131890.0,3975089.39714
2026-06-17 08:00:00,0.1713,0.1714,0.1678,0.1688,31353842.6,5312155.43847
2026-06-17 12:00:00,0.1689,0.1715,0.167,0.1714,49810848.2,8404227.73168
2026-06-17 16:00:00,0.1714,0.1729,0.1648,0.1656,60485850.9,10234509.1139
2026-06-17 20:00:00,0.1655,0.1675,0.1637,0.1669,24551225.7,4080282.31285
2026-06-18 00:00:00,0.1669,0.1689,0.1665,0.1669,10902775.8,1829099.92394
2026-06-18 04:00:00,0.1669,0.1673,0.1639,0.1669,20320287.2,3363435.50478
2026-06-18 08:00:00,0.1669,0.1675,0.1646,0.165,17481470.0,2908431.04388
2026-06-18 12:00:00,0.1651,0.1665,0.1598,0.1604,41718112.4,6821276.6502
2026-06-18 16:00:00,0.1603,0.1634,0.1601,0.163,23244489.8,3752900.01051
2026-06-18 20:00:00,0.1631,0.1642,0.1624,0.1637,10358956.4,1690867.86212
2026-06-19 00:00:00,0.1637,0.1651,0.1611,0.1621,17700255.6,2893455.02504
2026-06-19 04:00:00,0.1622,0.1624,0.1586,0.1596,19936627.5,3195554.57254
2026-06-19 08:00:00,0.1597,0.1611,0.1591,0.1599,13256973.6,2120790.95994
2026-06-19 12:00:00,0.1599,0.1629,0.1587,0.1618,16997083.9,2742774.1198
2026-06-19 16:00:00,0.1619,0.1624,0.1603,0.1608,11089934.8,1788838.82332
2026-06-19 20:00:00,0.1609,0.1624,0.1604,0.1621,7938894.7,1281965.21871
2026-06-20 00:00:00,0.1621,0.164,0.1616,0.1625,9650600.9,1567635.337
2026-06-20 04:00:00,0.1625,0.1651,0.1623,0.1629,11163019.1,1825674.18943
2026-06-20 08:00:00,0.1629,0.164,0.1622,0.1629,7734232.8,1260997.47361
2026-06-20 12:00:00,0.1629,0.1633,0.16,0.1623,20391691.5,3300860.82708
2026-06-20 16:00:00,0.1623,0.1625,0.1601,0.1613,13812271.7,2227125.12609
2026-06-20 20:00:00,0.1614,0.1639,0.1612,0.1633,9527261.3,1547001.92315
2026-06-21 00:00:00,0.1633,0.1636,0.162,0.1626,8986845.9,1463716.70782
2026-06-21 04:00:00,0.1627,0.1628,0.1601,0.1616,15689935.3,2529180.53237
2026-06-21 08:00:00,0.1616,0.1626,0.16,0.161,13076458.7,2110837.94969
2026-06-21 12:00:00,0.1609,0.1629,0.1603,0.1623,8832848.3,1427168.99137
2026-06-21 16:00:00,0.1624,0.1625,0.1609,0.162,6639379.7,1073916.5334
2026-06-21 20:00:00,0.162,0.1623,0.1563,0.1566,31559457.7,5013380.66159
2026-06-22 00:00:00,0.1566,0.163,0.1566,0.1582,23624278.7,3771415.12948
2026-06-22 04:00:00,0.1582,0.1621,0.1579,0.1618,12636019.9,2026429.63532
2026-06-22 08:00:00,0.1618,0.1624,0.1598,0.1617,14595440.7,2350462.95962
2026-06-22 12:00:00,0.1617,0.1633,0.1589,0.1595,22610644.5,3647926.31472
2026-06-22 16:00:00,0.1596,0.1601,0.1577,0.159,15168447.2,2410893.69413
2026-06-22 20:00:00,0.159,0.1601,0.1572,0.1585,12226835.0,1938713.82904
2026-06-23 00:00:00,0.1586,0.16,0.1576,0.1599,13556890.6,2153934.3308
2026-06-23 04:00:00,0.16,0.1601,0.1536,0.1546,32808562.9,5107809.13878
2026-06-23 08:00:00,0.1547,0.1548,0.1508,0.1537,38398814.8,5868439.0272
2026-06-23 12:00:00,0.1536,0.1537,0.1498,0.151,54155190.4,8197734.2978
2026-06-23 16:00:00,0.151,0.152,0.1493,0.1501,36546866.4,5502978.16622
2026-06-23 20:00:00,0.1502,0.1524,0.1499,0.1515,15944945.9,2407735.29092
2026-06-24 00:00:00,0.1514,0.1544,0.1512,0.1522,20220627.6,3089018.04713
2026-06-24 04:00:00,0.1522,0.1531,0.1502,0.1506,15461314.1,2343653.61372
2026-06-24 08:00:00,0.1506,0.1513,0.1458,0.1483,59331749.5,8770946.43767
2026-06-24 12:00:00,0.1483,0.1489,0.1435,0.1439,63334909.7,9239801.99607
2026-06-24 16:00:00,0.1439,0.1445,0.1396,0.1412,78126445.6,11053024.79436
2026-06-24 20:00:00,0.1412,0.1494,0.1408,0.1477,48978305.2,7126644.84842
2026-06-25 00:00:00,0.1477,0.1492,0.147,0.1475,24033452.4,3558141.05623
2026-06-25 04:00:00,0.1475,0.1508,0.1471,0.1499,20125840.2,3007355.73309
2026-06-25 08:00:00,0.1499,0.1501,0.1473,0.1476,14681630.2,2181329.26721
2026-06-25 12:00:00,0.1477,0.1489,0.1382,0.1432,74436590.9,10696122.17152
2026-06-25 16:00:00,0.1432,0.1452,0.1406,0.1411,25672468.3,3666171.834
2026-06-25 20:00:00,0.1412,0.1444,0.1412,0.1438,15072350.4,2154580.83479
2026-06-26 00:00:00,0.1438,0.1444,0.1385,0.1427,30979153.6,4372193.34869
2026-06-26 04:00:00,0.1428,0.1473,0.1415,0.1466,29569913.5,4267338.9028
2026-06-26 08:00:00,0.1467,0.1469,0.1427,0.1433,18926642.0,2734843.77434
2026-06-26 12:00:00,0.1434,0.1483,0.1412,0.1481,46249678.7,6693839.11462
2026-06-26 16:00:00,0.1481,0.15,0.1465,0.1477,29304637.8,4345959.09863
2026-06-26 20:00:00,0.1477,0.1494,0.1464,0.1484,24722783.7,3660552.76427
2026-06-27 00:00:00,0.1485,0.1497,0.1473,0.1483,21350075.5,3172538.06048
2026-06-27 04:00:00,0.1483,0.1491,0.1471,0.1476,12704818.7,1880618.86566
2026-06-27 08:00:00,0.1476,0.1478,0.1464,0.1472,11760587.2,1730720.51614
2026-06-27 12:00:00,0.1473,0.1494,0.1467,0.1489,14434064.5,2142100.5781
2026-06-27 16:00:00,0.1489,0.1491,0.1448,0.1453,18946885.9,2785813.42312
2026-06-27 20:00:00,0.1453,0.1461,0.1438,0.1453,10408848.2,1510204.73433
2026-06-28 00:00:00,0.1453,0.146,0.1446,0.1454,6016467.7,874520.20718
2026-06-28 04:00:00,0.1454,0.1456,0.1434,0.1452,8371781.3,1209674.33817
2026-06-28 08:00:00,0.1453,0.1465,0.1443,0.1454,8060036.5,1171518.21819
2026-06-28 12:00:00,0.1453,0.1457,0.1441,0.1445,10981979.9,1588254.71298
2026-06-28 16:00:00,0.1446,0.1447,0.1422,0.1429,14228553.4,2039951.1937
2026-06-28 20:00:00,0.1428,0.1445,0.1412,0.1438,13792010.1,1972163.0399
2026-06-29 00:00:00,0.1438,0.146,0.1419,0.1452,15473950.9,2226067.21338
2026-06-29 04:00:00,0.1451,0.1464,0.1427,0.1451,13332891.1,1924991.28475
2026-06-29 08:00:00,0.145,0.146,0.1437,0.1449,16481945.3,2388291.19568
2026-06-29 12:00:00,0.1449,0.1469,0.1432,0.1455,35491283.7,5146226.73405
2026-06-29 16:00:00,0.1455,0.1488,0.1447,0.1477,15142361.9,2230995.5431
2026-06-29 20:00:00,0.1476,0.1478,0.1455,0.1458,8952899.9,1313546.61064
2026-06-30 00:00:00,0.1458,0.146,0.1437,0.1443,11276607.5,1630123.4556
2026-06-30 04:00:00,0.1443,0.1457,0.144,0.145,11154119.7,1615149.30682
2026-06-30 08:00:00,0.1451,0.1452,0.1438,0.144,14205741.8,2054122.6114
2026-06-30 12:00:00,0.144,0.1456,0.1421,0.1444,36326897.9,5220332.47107
2026-06-30 16:00:00,0.1444,0.1465,0.1436,0.1449,23010214.3,3336383.63305
2026-06-30 20:00:00,0.1448,0.145,0.1435,0.1444,9871498.3,1423655.80605
2026-07-01 00:00:00,0.1444,0.1509,0.142,0.1495,46721018.3,6867477.18499
2026-07-01 04:00:00,0.1495,0.153,0.1488,0.1501,60439950.5,9120032.48948
2026-07-01 08:00:00,0.1501,0.1524,0.149,0.1508,29590374.5,4454377.63107
2026-07-01 12:00:00,0.1508,0.1581,0.1503,0.1553,68221832.2,10536436.70564
2026-07-01 16:00:00,0.1553,0.1559,0.1527,0.1534,25463157.7,3934571.81857
2026-07-01 20:00:00,0.1535,0.158,0.1529,0.1539,26509523.6,4128890.6927
2026-07-02 00:00:00,0.1539,0.1566,0.1526,0.1563,28690690.7,4434665.22033
2026-07-02 04:00:00,0.1563,0.1563,0.1542,0.1551,14347714.6,2225930.53348
2026-07-02 08:00:00,0.1552,0.1603,0.1549,0.1597,36493707.9,5763864.99747
2026-07-02 12:00:00,0.1596,0.1628,0.1587,0.1608,34017322.2,5471116.75095
2026-07-02 16:00:00,0.1608,0.1627,0.1589,0.1597,24319758.5,3895466.30537
2026-07-02 20:00:00,0.1598,0.163,0.1596,0.1615,27166079.2,4386756.10408
2026-07-03 00:00:00,0.1615,0.1685,0.1606,0.1668,53689444.1,8901846.29703
2026-07-03 04:00:00,0.1668,0.167,0.1632,0.1651,30231209.3,4984707.28349
2026-07-03 08:00:00,0.1651,0.17,0.1648,0.1696,41853090.4,7001069.67666
2026-07-03 12:00:00,0.1696,0.1737,0.1679,0.1735,35922266.1,6131132.59069
2026-07-03 16:00:00,0.1736,0.1832,0.1718,0.1811,96023814.8,17024435.24135
2026-07-03 20:00:00,0.181,0.183,0.1782,0.1798,45008262.8,8122098.57021
2026-07-04 00:00:00,0.1798,0.1803,0.1763,0.177,33330755.8,5938669.84796
2026-07-04 04:00:00,0.1771,0.1801,0.1751,0.1759,28946515.2,5134067.87262
2026-07-04 08:00:00,0.1759,0.1776,0.175,0.1765,19742357.3,3476388.40803
2026-07-04 12:00:00,0.1766,0.192,0.1765,0.1909,81944389.4,15146542.79373
2026-07-04 16:00:00,0.1909,0.2,0.1909,0.1931,135125257.6,26396543.38174
2026-07-04 20:00:00,0.1932,0.1943,0.1905,0.1922,24281017.6,4666811.43479
2026-07-05 00:00:00,0.1921,0.1952,0.1893,0.1904,48867677.7,9369132.08168
2026-07-05 04:00:00,0.1903,0.1943,0.1882,0.1931,26967747.0,5155611.91009
2026-07-05 08:00:00,0.1931,0.1937,0.1851,0.1868,35643249.1,6718092.6643
2026-07-05 12:00:00,0.1867,0.1908,0.1853,0.1892,26557824.5,4997907.18014
2026-07-05 16:00:00,0.1892,0.1914,0.1884,0.1891,22268505.1,4227978.95957
2026-07-05 20:00:00,0.1891,0.1927,0.1875,0.1895,29875053.1,5683437.19397
2026-07-06 00:00:00,0.1895,0.1907,0.1874,0.1881,21220729.9,4014762.07373
2026-07-06 04:00:00,0.1881,0.1885,0.1829,0.1842,23389242.0,4323958.29872
2026-07-06 08:00:00,0.1842,0.1864,0.1816,0.1825,19550760.0,3586565.56096
2026-07-06 12:00:00,0.1824,0.1865,0.178,0.186,45730443.8,8292204.19995
2026-07-06 16:00:00,0.1861,0.1865,0.1828,0.1841,31551645.0,5820217.67827
2026-07-06 20:00:00,0.1841,0.1871,0.1827,0.1842,16862742.9,3117848.04387
2026-07-07 00:00:00,0.1842,0.1852,0.1807,0.1813,14331807.0,2620418.68917
2026-07-07 04:00:00,0.1813,0.1815,0.1788,0.1795,19541530.9,3520691.48632
2026-07-07 08:00:00,0.1796,0.1799,0.1765,0.1774,23178443.4,4134575.44245
2026-07-07 12:00:00,0.1775,0.1799,0.1755,0.1772,30175570.0,5355520.7657
2026-07-07 16:00:00,0.1773,0.1785,0.1749,0.1767,20323118.6,3598386.88252
2026-07-07 20:00:00,0.1766,0.177,0.1733,0.1746,11582176.8,2027805.75507
2026-07-08 00:00:00,0.1747,0.1763,0.1705,0.1706,25801766.7,4460828.61609
2026-07-08 04:00:00,0.1706,0.1715,0.1684,0.1696,19523157.2,3313850.05987
2026-07-08 08:00:00,0.1696,0.1697,0.1651,0.1671,31572132.2,5260474.88233
2026-07-08 12:00:00,0.1671,0.1696,0.1647,0.1656,24090228.8,4022667.45443
2026-07-08 16:00:00,0.1656,0.1674,0.1655,0.1668,13967286.0,2327181.35786
2026-07-08 20:00:00,0.1667,0.1672,0.1653,0.1671,9414607.8,1567853.41504
2026-07-09 00:00:00,0.1671,0.1689,0.1658,0.1664,12171705.5,2032251.99136
2026-07-09 04:00:00,0.1665,0.17,0.1661,0.1683,23530045.0,3960395.79999
2026-07-09 08:00:00,0.1682,0.1699,0.1669,0.1696,27168739.2,4564452.20459
2026-07-09 12:00:00,0.1696,0.17,0.1661,0.1667,28069962.3,4725621.6948
2026-07-09 16:00:00,0.1667,0.1676,0.165,0.1658,20683109.2,3436010.06097
2026-07-09 20:00:00,0.1658,0.1676,0.1655,0.1666,7701085.6,1284988.68836
2026-07-10 00:00:00,0.1665,0.1698,0.1657,0.1675,23623337.6,3969594.03208
2026-07-10 04:00:00,0.1675,0.1683,0.166,0.1665,45969901.9,7674826.33927
2026-07-10 08:00:00,0.1666,0.1698,0.1666,0.168,21070452.1,3546663.51115
2026-07-10 12:00:00,0.1681,0.1689,0.1652,0.1665,26795934.5,4477216.29876
2026-07-10 16:00:00,0.1665,0.1676,0.1659,0.1667,8611076.3,1436645.21815
2026-07-10 20:00:00,0.1666,0.1674,0.1664,0.1667,6246075.4,1042706.13673
2026-07-11 00:00:00,0.1667,0.1672,0.1662,0.1662,6814430.0,1135740.54189
2026-07-11 04:00:00,0.1663,0.1679,0.1658,0.1678,11797091.1,1968024.6984
2026-07-11 08:00:00,0.1678,0.1685,0.167,0.1679,7414874.2,1243690.04829
2026-07-11 12:00:00,0.1678,0.1745,0.1673,0.1719,30538855.5,5219181.58975
2026-07-11 16:00:00,0.1719,0.1733,0.1702,0.1717,17579609.5,3015519.6784
2026-07-11 20:00:00,0.1717,0.172,0.1656,0.1658,18534502.9,3124648.33938
2026-07-12 00:00:00,0.1657,0.1665,0.163,0.1664,18429346.6,3032882.60566
2026-07-12 04:00:00,0.1664,0.1665,0.1623,0.1637,18092092.3,2970800.26108
2026-07-12 08:00:00,0.1638,0.1653,0.1633,0.1644,8543304.7,1403661.36928
2026-07-12 12:00:00,0.1644,0.1655,0.1639,0.1645,9606827.1,1583484.55655
2026-07-12 16:00:00,0.1646,0.1649,0.1635,0.1644,7426406.7,1220399.87156
2026-07-12 20:00:00,0.1644,0.1647,0.161,0.1621,12064766.6,1960632.56176
2026-07-13 00:00:00,0.1621,0.1644,0.1573,0.1589,27800827.8,4464983.3053
2026-07-13 04:00:00,0.1589,0.1606,0.1585,0.1605,12589739.5,2012000.72593
2026-07-13 08:00:00,0.1604,0.1607,0.1594,0.1595,7701918.6,1232400.0519
2026-07-13 12:00:00,0.1595,0.1601,0.1574,0.1589,18815910.7,2987081.43807
2026-07-13 16:00:00,0.1589,0.1592,0.1565,0.1583,13915790.7,2193820.62111
2026-07-13 20:00:00,0.1583,0.1584,0.1554,0.1576,9569404.7,1499312.0321
2026-07-14 00:00:00,0.1575,0.1585,0.156,0.1576,10908420.5,1715124.75544
2026-07-14 04:00:00,0.1577,0.1604,0.1573,0.1588,13257803.7,2109231.96743
2026-07-14 08:00:00,0.1587,0.1594,0.1582,0.1592,7162553.3,1137234.53719
2026-07-14 12:00:00,0.1593,0.1682,0.1583,0.1656,57034695.2,9333734.09104
2026-07-14 16:00:00,0.1657,0.1666,0.1626,0.1635,19708107.4,3237436.94342
2026-07-14 20:00:00,0.1635,0.1656,0.1629,0.1656,12880786.1,2116959.24176
2026-07-15 00:00:00,0.1656,0.1659,0.162,0.1641,15349794.8,2515582.69867
2026-07-15 04:00:00,0.1642,0.1656,0.1626,0.1632,16796110.9,2753650.59411
2026-07-15 08:00:00,0.1632,0.1655,0.1627,0.1646,14705181.6,2419406.70984
2026-07-15 12:00:00,0.1646,0.1694,0.1642,0.1657,33190141.5,5529611.22437
2026-07-15 16:00:00,0.1658,0.1659,0.1625,0.1637,18182492.3,2984584.17619
2026-07-15 20:00:00,0.1637,0.1663,0.1635,0.1651,12721208.9,2098529.6556
2026-07-16 00:00:00,0.1651,0.1664,0.1639,0.165,10608106.3,1750625.54923
2026-07-16 04:00:00,0.1649,0.1652,0.1624,0.163,17888047.7,2938474.74373
2026-07-16 08:00:00,0.163,0.163,0.1611,0.1629,15579237.1,2525653.22852
2026-07-16 12:00:00,0.163,0.1653,0.1616,0.1637,16559406.6,2705160.24183
2026-07-16 16:00:00,0.1636,0.1638,0.1618,0.1629,8156495.6,1327370.24445
2026-07-16 20:00:00,0.1629,0.1636,0.1599,0.1609,12625817.6,2038404.4128
2026-07-17 00:00:00,0.1609,0.162,0.1592,0.1604,11010353.7,1767453.30354
2026-07-17 04:00:00,0.1604,0.1607,0.1578,0.159,13306110.3,2116056.63766
2026-07-17 08:00:00,0.1589,0.1625,0.1583,0.161,16139121.7,2591904.446
2026-07-17 12:00:00,0.1609,0.1642,0.1578,0.164,36893294.4,5954867.45893
2026-07-17 16:00:00,0.1641,0.1671,0.1636,0.166,49893709.4,8252972.98527
2026-07-17 20:00:00,0.1661,0.1676,0.1649,0.1667,21113978.8,3511290.51652
2026-07-18 00:00:00,0.1667,0.1693,0.1665,0.1679,27706295.2,4652792.94965
2026-07-18 04:00:00,0.1679,0.1681,0.1658,0.1662,15078646.8,2513517.74718
2026-07-18 08:00:00,0.1661,0.1669,0.165,0.1659,9949760.0,1651351.08379
2026-07-18 12:00:00,0.1659,0.1666,0.1641,0.1645,12410482.8,2048627.73982
2026-07-18 16:00:00,0.1646,0.1662,0.1635,0.166,11643661.8,1918822.75045
2026-07-18 20:00:00,0.1659,0.1673,0.1657,0.1667,6988320.3,1163942.31917
2026-07-19 00:00:00,0.1667,0.1688,0.1663,0.1668,8453796.3,1415065.35923
2026-07-19 04:00:00,0.1668,0.1669,0.1655,0.1657,7003608.1,1163307.76986
2026-07-19 08:00:00,0.1658,0.1662,0.1646,0.165,8027483.1,1327316.67702
2026-07-19 12:00:00,0.1651,0.1671,0.1645,0.1663,5484333.8,908133.86063
2026-07-19 16:00:00,0.1663,0.1665,0.1639,0.1661,7205595.1,1189580.7181
2026-07-19 20:00:00,0.1661,0.167,0.1647,0.1663,6236104.7,1035390.44978
2026-07-20 00:00:00,0.1662,0.1684,0.1643,0.1655,12152036.9,2021004.51813
2026-07-20 04:00:00,0.1656,0.1656,0.1607,0.1625,20693189.0,3365502.01683
2026-07-20 08:00:00,0.1626,0.1662,0.1615,0.1655,17407940.9,2843138.2506
2026-07-20 12:00:00,0.1656,0.1671,0.1617,0.1669,17197863.4,2823336.92112
2026-07-20 16:00:00,0.167,0.1707,0.1653,0.1678,46465680.5,7796752.67966
2026-07-20 20:00:00,0.1678,0.172,0.1672,0.1698,24746859.0,4201407.95474
2026-07-21 00:00:00,0.1697,0.1731,0.1694,0.1725,20082909.3,3436207.11226
2026-07-21 04:00:00,0.1725,0.1777,0.1712,0.1764,48017582.4,8403093.10206
2026-07-21 08:00:00,0.1765,0.1765,0.1741,0.1747,18437947.2,3226909.61762
2026-07-21 12:00:00,0.1748,0.1769,0.1744,0.1751,25466551.5,4471532.09376
2026-07-21 16:00:00,0.1751,0.1753,0.172,0.1738,17479758.1,3033464.52799
2026-07-21 20:00:00,0.1738,0.1743,0.1724,0.1737,5933801.4,1028511.29097
2026-07-22 00:00:00,0.1737,0.1754,0.1731,0.1734,9156207.5,1593397.08266
2026-07-22 04:00:00,0.1734,0.1744,0.1704,0.1711,12798816.5,2200768.17143
2026-07-22 08:00:00,0.1711,0.1739,0.171,0.173,9048154.5,1563407.19619
2026-07-22 12:00:00,0.173,0.1797,0.1716,0.1779,27030920.5,4756724.17497
2026-07-22 16:00:00,0.1779,0.1808,0.1738,0.1746,22040272.1,3905244.94084
2026-07-22 20:00:00,0.1745,0.1759,0.1732,0.1745,9398471.6,1639741.05393
2026-07-23 00:00:00,0.1745,0.1767,0.1736,0.1741,7274003.6,1272799.3705
2026-07-23 04:00:00,0.174,0.1755,0.1723,0.173,8003483.9,1392124.19636
2026-07-23 08:00:00,0.1731,0.1759,0.1726,0.1744,7156900.0,1247481.43244
2026-07-23 12:00:00,0.1744,0.1752,0.1681,0.1705,25373782.5,4335244.85155
2026-07-23 16:00:00,0.1705,0.1708,0.1682,0.1697,11085388.9,1878461.32188
2026-07-23 20:00:00,0.1696,0.1705,0.1681,0.1685,5586376.6,945052.20337
2026-07-24 00:00:00,0.1685,0.1685,0.1664,0.1674,12997528.6,2174004.08817
2026-07-24 04:00:00,0.1675,0.1686,0.1665,0.1683,8373623.9,1401486.15719
2026-07-24 08:00:00,0.1682,0.1683,0.1655,0.1664,8751941.5,1460268.63145
2026-07-24 12:00:00,0.1664,0.1667,0.1634,0.1648,15461759.3,2548427.77521
2026-07-24 16:00:00,0.1648,0.1648,0.1627,0.1637,10987859.3,1796947.14941
2026-07-24 20:00:00,0.1638,0.1643,0.1632,0.164,3197033.1,523305.09859
2026-07-25 00:00:00,0.164,0.1648,0.1636,0.164,3918503.0,643131.63099
2026-07-25 04:00:00,0.164,0.1642,0.1615,0.1616,6994128.9,1137631.4854
2026-07-25 08:00:00,0.1617,0.1628,0.1615,0.1627,5871228.8,952047.61645
2026-07-25 12:00:00,0.1627,0.165,0.1626,0.1648,6413570.6,1051492.80299
2026-07-25 16:00:00,0.1648,0.167,0.1641,0.1656,9197573.8,1522728.74943
2026-07-25 20:00:00,0.1656,0.1657,0.1638,0.1648,4027998.3,663307.85923
2026-07-26 00:00:00,0.1649,0.1659,0.1646,0.1654,3609196.3,596538.51563
2026-07-26 04:00:00,0.1655,0.1667,0.165,0.1651,5539250.1,917916.4462
2026-07-26 08:00:00,0.1651,0.1655,0.1646,0.1651,4968968.9,820324.72474
2026-07-26 12:00:00,0.1651,0.1656,0.1641,0.1655,6617536.6,1091412.0014
2026-07-26 16:00:00,0.1655,0.1663,0.1643,0.1645,5356756.1,883466.87485
2026-07-26 20:00:00,0.1645,0.1666,0.1642,0.166,8333317.5,1379035.26414
2026-07-27 00:00:00,0.1661,0.1661,0.1646,0.1654,5746395.5,949242.43617
2026-07-27 04:00:00,0.1655,0.1673,0.1649,0.165,8484209.4,1408338.5212
2026-07-27 08:00:00,0.165,0.1659,0.1645,0.1646,7118362.8,1175158.97297
2026-07-27 12:00:00,0.1646,0.1657,0.1579,0.158,37346299.0,6021365.89261
2026-07-27 16:00:00,0.1579,0.1596,0.1571,0.159,18988914.9,3014066.4692
2026-07-27 20:00:00,0.159,0.1592,0.1537,0.1556,23073425.4,3606868.65666
2026-07-28 00:00:00,0.1556,0.1564,0.1533,0.1549,18773534.8,2906822.95516
2026-07-28 04:00:00,0.1548,0.1579,0.1547,0.1572,27742434.1,4336780.90335
2026-07-28 08:00:00,0.1571,0.1582,0.1564,0.1571,14623987.8,2298291.05455
2026-07-28 12:00:00,0.1572,0.1594,0.1553,0.1591,26940965.1,4239759.53123
2026-07-28 16:00:00,0.1591,0.16,0.1582,0.159,11838816.5,1881133.74031
2026-07-28 20:00:00,0.1591,0.1635,0.1588,0.162,21171785.3,3408785.14615
2026-07-29 00:00:00,0.162,0.1669,0.1616,0.1635,36322424.6,5963643.80527
2026-07-29 04:00:00,0.1636,0.1651,0.1619,0.1646,15249442.2,2493670.80219
2026-07-29 08:00:00,0.1646,0.165,0.1631,0.1639,12025052.4,1974349.51765
2026-07-29 12:00:00,0.164,0.1654,0.1623,0.1631,17565759.2,2874526.79545
2026-07-29 16:00:00,0.163,0.1691,0.1623,0.1632,30340652.0,5028988.21277
2026-07-29 20:00:00,0.1632,0.164,0.1604,0.1621,19380908.4,3144447.42267
2026-07-30 00:00:00,0.1621,0.1648,0.1616,0.1624,9953830.8,1623658.96043
2026-07-30 04:00:00,0.1625,0.1636,0.1615,0.1633,10400813.0,1692337.79968
2026-07-30 08:00:00,0.1632,0.1655,0.1631,0.1643,12889959.4,2119761.84709
2026-07-30 12:00:00,0.1643,0.1763,0.1643,0.172,75730855.4,12946551.31379
2026-07-30 16:00:00,0.1719,0.1732,0.1699,0.1728,26855561.0,4611449.02396
2026-07-30 20:00:00,0.1728,0.1733,0.1695,0.1697,11878852.1,2030478.86845
2026-07-31 00:00:00,0.1697,0.1711,0.1693,0.1701,12833074.2,2184040.14638
2026-07-31 04:00:00,0.17,0.1704,0.1676,0.1699,14884895.2,2512925.66936
2026-07-31 08:00:00,0.1699,0.1719,0.1684,0.1699,16894105.9,2877553.70372
2026-07-31 12:00:00,0.17,0.1714,0.1665,0.1688,24919385.2,4205318.8082
2026-07-31 16:00:00,0.1688,0.1727,0.1685,0.1705,20759050.8,3545666.40301
2026-07-31 20:00:00,0.1705,0.1707,0.1678,0.1682,9153092.4,1544218.99337
2026-08-01 00:00:00,0.1683,0.1711,0.1682,0.1711,7570087.3,1284872.09388
2026-08-01 04:00:00,0.1711,0.1723,0.1695,0.1712,8673878.7,1482176.26597
2026-08-01 08:00:00,0.1712,0.1741,0.1712,0.1733,21053836.5,3634512.34471
2026-08-01 12:00:00,0.1733,0.1769,0.1724,0.1727,22290055.0,3886229.02182
2026-08-01 16:00:00,0.1727,0.175,0.1697,0.1726,26125344.8,4509608.07167
2026-08-01 20:00:00,0.1726,0.1753,0.1722,0.1744,13257141.1,2305939.72768
2026-08-02 00:00:00,0.1744,0.1808,0.1728,0.1802,44382475.7,7889584.63091
2026-08-02 04:00:00,0.1802,0.1877,0.1799,0.1861,56174298.5,10384679.36093
2026-08-02 08:00:00,0.1861,0.1896,0.1851,0.1889,34651637.2,6494389.86549
2026-08-02 12:00:00,0.1889,0.1922,0.1865,0.1901,70015803.6,13261984.92451
2026-08-02 16:00:00,0.1902,0.1913,0.1885,0.1886,17545497.3,3328943.35237
2026-08-02 20:00:00,0.1885,0.191,0.1867,0.1895,21633930.1,4089340.04036
2026-08-03 00:00:00,0.1895,0.1898,0.1848,0.1855,24742863.9,4612332.47532
2026-08-03 04:00:00,0.1855,0.187,0.1826,0.1827,19268028.3,3553833.75201
2026-08-03 08:00:00,0.1827,0.1884,0.1815,0.1865,30049933.1,5580826.81785
2026-08-03 12:00:00,0.1865,0.1963,0.1859,0.1961,74903065.7,14357642.81873
2026-08-03 16:00:00,0.196,0.1962,0.1908,0.1937,36933627.0,7144209.18432
2026-08-03 20:00:00,0.1938,0.1961,0.1926,0.1937,33715704.2,6548577.14456
2026-08-04 00:00:00,0.1936,0.1973,0.1911,0.1969,43937697.4,8527398.32115
2026-08-04 04:00:00,0.1969,0.1994,0.1936,0.1947,29542009.1,5792941.84362
2026-08-04 08:00:00,0.1947,0.1973,0.1936,0.1945,29559261.8,5768221.48459
2026-08-04 12:00:00,0.1944,0.1953,0.1913,0.1931,25552197.7,4935425.10452
2026-08-04 16:00:00,0.1932,0.1937,0.1911,0.1924,12382263.7,2382125.52471
2026-08-04 20:00:00,0.1924,0.1949,0.1918,0.193,14672204.3,2835526.42723
2026-08-05 00:00:00,0.1929,0.1933,0.1899,0.1907,17679966.4,3389978.18361
2026-08-05 04:00:00,0.1906,0.194,0.19,0.1939,15572435.3,2982495.4403
2026-08-05 08:00:00,0.1938,0.199,0.1932,0.1951,34733519.4,6792047.00382
2026-08-05 12:00:00,0.1952,0.196,0.1886,0.1891,30803045.1,5909449.03452
2026-08-05 16:00:00,0.1892,0.1917,0.1891,0.1895,15121506.0,2880584.33421
2026-08-05 20:00:00,0.1896,0.1928,0.1888,0.1911,15136474.4,2889211.77035
2026-08-06 00:00:00,0.1912,0.1925,0.1867,0.1869,15578049.5,2947196.58084
2026-08-06 04:00:00,0.1869,0.1892,0.1859,0.1888,13721298.5,2580028.85499
2026-08-06 08:00:00,0.1889,0.1927,0.1878,0.1923,21096612.4,4003410.28269
2026-08-06 12:00:00,0.1923,0.2113,0.1903,0.2088,100163164.3,20192744.28722
2026-08-06 16:00:00,0.2089,0.2117,0.2008,0.2024,81073914.1,16692218.74525
2026-08-06 20:00:00,0.2024,0.2056,0.1995,0.2012,36156550.4,7317120.02999
2026-08-07 00:00:00,0.2012,0.2029,0.1988,0.1994,22279495.2,4473586.22106
2026-08-07 04:00:00,0.1994,0.204,0.1987,0.2017,24335332.3,4905413.8715
2026-08-07 08:00:00,0.2017,0.2034,0.1999,0.2015,22024255.1,4445205.75366
2026-08-07 12:00:00,0.2015,0.2031,0.1966,0.2009,26842587.1,5359622.22579
2026-08-07 16:00:00,0.201,0.2025,0.1976,0.201,21815059.9,4365118.29959
2026-08-07 20:00:00,0.201,0.2033,0.2003,0.2008,9187879.7,1852694.98099
2026-08-08 00:00:00,0.2009,0.2024,0.1995,0.201,8835402.5,1773901.80549
2026-08-08 04:00:00,0.2011,0.2016,0.1991,0.2003,6714451.3,1344488.47641
2026-08-08 08:00:00,0.2003,0.2005,0.1985,0.1994,8393141.3,1674595.73311
2026-08-08 12:00:00,0.1994,0.2009,0.1988,0.1995,8788612.0,1756623.07032
2026-08-08 16:00:00,0.1996,0.2011,0.1996,0.2005,8761389.5,1754211.36207
2026-08-08 20:00:00,0.2006,0.201,0.1976,0.1995,7886247.0,1571453.36507
2026-08-09 00:00:00,0.1996,0.1998,0.198,0.1983,10732833.1,2133858.46087
2026-08-09 04:00:00,0.1983,0.2,0.1968,0.1987,12174550.3,2415293.87988
2026-08-09 08:00:00,0.1986,0.1991,0.1956,0.1965,10926255.9,2150275.5112
2026-08-09 12:00:00,0.1965,0.1982,0.1958,0.1976,8618948.4,1698838.24853
2026-08-09 16:00:00,0.1977,0.1988,0.1973,0.1977,6419834.0,1271606.87743
2026-08-09 20:00:00,0.1978,0.1994,0.1934,0.1945,11505856.4,2254053.64704
2026-08-10 00:00:00,0.1944,0.1981,0.1936,0.1959,10275466.4,2016312.78971
2026-08-10 04:00:00,0.1959,0.1993,0.1957,0.1982,9632660.0,1906717.42941
2026-08-10 08:00:00,0.1981,0.1984,0.1946,0.1965,11088528.1,2173871.71277
2026-08-10 12:00:00,0.1966,0.1972,0.1939,0.195,14524588.6,2840617.6217
2026-08-10 16:00:00,0.195,0.1965,0.1925,0.1938,14242542.2,2772577.44968
2026-08-10 20:00:00,0.1939,0.1945,0.1908,0.191,8986518.0,1730042.06607
2026-08-11 00:00:00,0.1909,0.1916,0.189,0.1905,12220791.7,2324326.46796
2026-08-11 04:00:00,0.1906,0.1908,0.1871,0.1887,15048570.6,2834949.28432
2026-08-11 08:00:00,0.1887,0.1891,0.1877,0.1887,8255319.3,1556370.83557
2026-08-11 12:00:00,0.1886,0.1886,0.1837,0.185,27228975.9,5067097.18946
2026-08-11 16:00:00,0.1849,0.1866,0.1843,0.1858,10415468.7,1931463.12142
2026-08-11 20:00:00,0.1859,0.1876,0.1846,0.1871,12756350.3,2378371.15304
2026-08-12 00:00:00,0.1871,0.1885,0.1858,0.1877,9928587.9,1859627.00747
2026-08-12 04:00:00,0.1876,0.188,0.1849,0.1853,7407298.4,1380448.29657
2026-08-12 08:00:00,0.1852,0.1876,0.1851,0.1858,8581357.2,1598918.37929
2026-08-12 12:00:00,0.1858,0.1864,0.1818,0.182,23040340.2,4239025.83325
2026-08-12 16:00:00,0.1819,0.1839,0.1816,0.1832,9570842.7,1747572.83774
2026-08-12 20:00:00,0.1832,0.1836,0.1806,0.1826,8036826.1,1460596.43134
2026-08-13 00:00:00,0.1826,0.1843,0.1813,0.184,5590574.5,1021367.19891
2026-08-13 04:00:00,0.1839,0.1858,0.1829,0.1856,10358693.3,1912271.6331
2026-08-13 08:00:00,0.1857,0.1867,0.1831,0.1832,14662600.0,2717791.01448
2026-08-13 12:00:00,0.1832,0.1854,0.1827,0.1827,9579033.5,1762883.83509
2026-08-13 16:00:00,0.1826,0.1829,0.1804,0.1815,14358201.3,2606848.38482
2026-08-13 20:00:00,0.1815,0.1832,0.1812,0.1825,5566672.6,1013858.02297
2026-08-14 00:00:00,0.1824,0.1835,0.1813,0.1823,6263404.6,1143850.87823
2026-08-14 04:00:00,0.1824,0.1832,0.1814,0.1818,6811632.0,1241991.92654
2026-08-14 08:00:00,0.1818,0.1836,0.1791,0.1801,14696379.4,2659628.39617
2026-08-14 12:00:00,0.1801,0.1805,0.1781,0.18,15170058.0,2717369.40427
2026-08-14 16:00:00,0.18,0.181,0.1785,0.1797,8609029.6,1545103.75493
2026-08-14 20:00:00,0.1798,0.1802,0.1783,0.1802,6968576.4,1248378.27352
2026-08-15 00:00:00,0.1802,0.1818,0.1796,0.1804,5725358.8,1034467.24131
2026-08-15 04:00:00,0.1805,0.1816,0.179,0.179,4575293.3,824370.9055
2026-08-15 08:00:00,0.1791,0.1796,0.1784,0.1787,4294690.2,768491.14448
2026-08-15 12:00:00,0.1786,0.1793,0.1783,0.1789,5687046.9,1016479.17972
2026-08-15 16:00:00,0.1789,0.1791,0.1769,0.178,5939179.4,1055543.16882
2026-08-15 20:00:00,0.1781,0.1783,0.1758,0.1765,7057240.3,1249457.24057
2026-08-16 00:00:00,0.1764,0.1774,0.1761,0.1771,4099933.1,724889.46284
2026-08-16 04:00:00,0.1771,0.1778,0.1765,0.1777,3485239.9,616812.05853
2026-08-16 08:00:00,0.1778,0.1784,0.1755,0.1771,7114269.4,1259873.00222
2026-08-16 12:00:00,0.1771,0.1773,0.1759,0.1768,4570008.9,806365.47212
2026-08-16 16:00:00,0.1768,0.1793,0.175,0.1783,23250564.4,4109709.08581
2026-08-16 20:00:00,0.1784,0.1792,0.1746,0.1749,12053536.3,2126274.17669
2026-08-17 00:00:00,0.1749,0.1773,0.1738,0.1771,11088600.4,1948054.12039
2026-08-17 04:00:00,0.1771,0.1779,0.1758,0.1762,8417704.8,1490030.40477
2026-08-17 08:00:00,0.1762,0.1763,0.1725,0.1748,13673122.8,2382721.7387
2026-08-17 12:00:00,0.1749,0.1755,0.173,0.1753,13807332.9,2406969.06992
2026-08-17 16:00:00,0.1752,0.1758,0.1736,0.1738,10328450.1,1801448.20023
2026-08-17 20:00:00,0.1738,0.1749,0.1733,0.1743,6878603.3,1195776.16804
2026-08-18 00:00:00,0.1743,0.1749,0.1712,0.1725,11000834.1,1902576.15427
2026-08-18 04:00:00,0.1725,0.1747,0.1723,0.1735,7676531.9,1331877.98676
2026-08-18 08:00:00,0.1736,0.1742,0.1725,0.1737,6533974.0,1132099.88853
2026-08-18 12:00:00,0.1738,0.177,0.1732,0.1757,15910702.8,2786631.69182
2026-08-18 16:00:00,0.1757,0.1758,0.1733,0.1734,7916128.4,1381876.6936
2026-08-18 20:00:00,0.1735,0.1748,0.1727,0.1746,7397029.4,1282950.95809
2026-08-19 00:00:00,0.1746,0.1754,0.1733,0.1753,7090148.7,1235318.45429
2026-08-19 04:00:00,0.1753,0.1763,0.1742,0.1754,11519280.4,2019814.47583
2026-08-19 08:00:00,0.1754,0.1758,0.1737,0.1749,9439463.4,1648668.02929
2026-08-19 12:00:00,0.175,0.1834,0.1738,0.1795,57300629.5,10246635.57275
2026-08-19 16:00:00,0.1796,0.1814,0.1779,0.1813,30565297.7,5501576.87316
2026-08-19 20:00:00,0.1813,0.1923,0.1811,0.1871,60400303.5,11321318.8866
2026-08-20 00:00:00,0.1871,0.1888,0.182,0.1823,25127708.0,4660954.58263
2026-08-20 04:00:00,0.1823,0.1848,0.1818,0.1842,14392706.0,2639385.22285
2026-08-20 08:00:00,0.1843,0.1955,0.1839,0.1931,63196278.0,12018361.84498
2026-08-20 12:00:00,0.1931,0.198,0.19,0.1969,50050715.9,9715054.79364
2026-08-20 16:00:00,0.197,0.2035,0.1933,0.1948,63090957.0,12528769.78696
2026-08-20 20:00:00,0.1948,0.1999,0.1945,0.199,18826987.2,3715580.23224
2026-08-21 00:00:00,0.199,0.2102,0.1985,0.2082,50948585.8,10472092.56161
2026-08-21 04:00:00,0.2082,0.2115,0.2062,0.2098,41637163.0,8699114.92788
2026-08-21 08:00:00,0.2097,0.218,0.2076,0.2115,85859946.7,18313756.19489
2026-08-21 12:00:00,0.2115,0.2202,0.2109,0.2195,59755032.6,12926481.46324
2026-08-21 16:00:00,0.2196,0.2218,0.214,0.2167,52719911.7,11511467.55257
2026-08-21 20:00:00,0.2167,0.2333,0.2159,0.2291,61570800.4,13966979.62428
2026-08-22 00:00:00,0.2291,0.2488,0.2258,0.2439,65274577.4,15456267.04472
2026-08-22 04:00:00,0.2439,0.2584,0.2088,0.2314,193702624.9,45463780.88063
2026-08-22 08:00:00,0.2314,0.2337,0.2173,0.2239,69664647.3,15632917.54655
2026-08-22 12:00:00,0.2239,0.228,0.2211,0.2223,36966583.7,8320324.31595
2026-08-22 16:00:00,0.2224,0.2319,0.2223,0.2312,21775832.0,4960531.51178
2026-08-22 20:00:00,0.2313,0.2342,0.2226,0.226,24570067.2,5595684.21126
2026-08-23 00:00:00,0.226,0.2296,0.2178,0.2195,31251420.2,6989268.79364
2026-08-23 04:00:00,0.2195,0.2209,0.2133,0.2177,35938649.9,7782219.40955
2026-08-23 08:00:00,0.2177,0.2253,0.2174,0.225,25837530.9,5726689.07654
2026-08-23 12:00:00,0.2249,0.2306,0.2208,0.2246,49371702.9,11150685.23468
2026-08-23 16:00:00,0.2246,0.2268,0.2229,0.2236,19076734.7,4286446.07551
2026-08-23 20:00:00,0.2236,0.2295,0.222,0.227,24245653.6,5486727.93926
2026-08-24 00:00:00,0.227,0.2272,0.217,0.2181,25221563.4,5570043.32177
2026-08-24 04:00:00,0.2181,0.2223,0.218,0.2191,21792293.5,4792440.80114
2026-08-24 08:00:00,0.2192,0.2242,0.2167,0.2233,30784297.9,6770718.09117
2026-08-24 12:00:00,0.2234,0.2275,0.2193,0.2213,59862826.9,13384031.41814
2026-08-24 16:00:00,0.2215,0.225,0.2171,0.2189,26868160.2,5916343.8295
2026-08-24 20:00:00,0.2189,0.2219,0.2176,0.2215,9796569.1,2156751.32534
2026-08-25 00:00:00,0.2214,0.2289,0.2208,0.2258,30813169.8,6945089.57782
2026-08-25 04:00:00,0.2258,0.2284,0.2188,0.2209,30292449.6,6799396.00741
2026-08-25 08:00:00,0.2209,0.2228,0.2174,0.2186,22257053.6,4894957.82131
2026-08-25 12:00:00,0.2186,0.2187,0.2114,0.2158,35652624.4,7688182.04466
2026-08-25 16:00:00,0.2159,0.2164,0.2129,0.2143,13139927.5,2820107.94807
2026-08-25 20:00:00,0.2144,0.2145,0.2063,0.2091,23176470.3,4870143.06037
2026-08-26 00:00:00,0.2091,0.2131,0.2078,0.2114,13204162.1,2780114.4553
2026-08-26 04:00:00,0.2114,0.2118,0.2087,0.2103,11949982.5,2515131.9379
2026-08-26 08:00:00,0.2102,0.2124,0.2075,0.2104,16002377.3,3361913.87907
2026-08-26 12:00:00,0.2105,0.2122,0.2026,0.2047,32635219.3,6752766.35687
2026-08-26 16:00:00,0.2048,0.207,0.2025,0.206,13865592.7,2841469.33394
2026-08-26 20:00:00,0.206,0.213,0.204,0.2124,19407630.2,4060357.5232
2026-08-27 00:00:00,0.2124,0.2124,0.2081,0.2092,12414932.2,2609402.55975
2026-08-27 04:00:00,0.2092,0.2117,0.2076,0.2112,13654284.6,2862735.14924
2026-08-27 08:00:00,0.2112,0.2168,0.2106,0.2116,37091355.1,7938067.11977
2026-08-27 12:00:00,0.2115,0.2171,0.2098,0.2146,27484655.9,5871431.48291
2026-08-27 16:00:00,0.2146,0.2175,0.2124,0.2137,20658830.6,4445970.16457
2026-08-27 20:00:00,0.2138,0.2154,0.2129,0.2138,10504731.0,2248242.85441
2026-08-28 00:00:00,0.2138,0.218,0.2083,0.2102,22959719.4,4886792.69425
2026-08-28 04:00:00,0.2102,0.2114,0.2086,0.2094,10590130.1,2222553.28169
2026-08-28 08:00:00,0.2095,0.2103,0.2061,0.2093,15222382.4,3173629.64778
2026-08-28 12:00:00,0.2092,0.2116,0.2037,0.2045,36464159.2,7571812.94577
2026-08-28 16:00:00,0.2045,0.2051,0.1994,0.2019,34290681.4,6933318.56154
2026-08-28 20:00:00,0.2019,0.2032,0.1999,0.2031,10247731.3,2066512.12799
2026-08-29 00:00:00,0.2031,0.2035,0.2007,0.2008,6774270.9,1370230.2118
2026-08-29 04:00:00,0.2008,0.2019,0.1997,0.2004,8156740.8,1637400.61938
2026-08-29 08:00:00,0.2003,0.2006,0.1989,0.1998,9307401.9,1859191.79714
2026-08-29 12:00:00,0.1999,0.2029,0.1997,0.2007,8501569.3,1710855.7304
2026-08-29 16:00:00,0.2007,0.2022,0.1997,0.2017,8418814.8,1692724.61032
2026-08-29 20:00:00,0.2017,0.202,0.201,0.2018,5464457.5,1100742.02927
2026-08-30 00:00:00,0.2018,0.2023,0.2002,0.2009,8272665.3,1663620.91528
2026-08-30 04:00:00,0.2008,0.2026,0.1999,0.2007,8272667.7,1663866.0211
2026-08-30 08:00:00,0.2006,0.2018,0.2,0.2011,5577944.1,1120570.65475
2026-08-30 12:00:00,0.2011,0.2059,0.2011,0.2033,17267652.3,3517977.45917
2026-08-30 16:00:00,0.2034,0.2061,0.2027,0.2033,19677716.1,4027482.44341
2026-08-30 20:00:00,0.2033,0.2039,0.1894,0.1927,52104938.8,10217077.11874
2026-08-31 00:00:00,0.1926,0.1951,0.1915,0.1941,18953997.1,3663053.07389
2026-08-31 04:00:00,0.1942,0.1965,0.1926,0.1961,15304445.4,2987184.76367
2026-08-31 08:00:00,0.1962,0.1984,0.1954,0.1965,14670747.2,2886069.27905
2026-08-31 12:00:00,0.1965,0.1979,0.1937,0.1959,19843307.4,3884517.95695
2026-08-31 16:00:00,0.1959,0.2008,0.1948,0.1991,18287064.2,3621011.69833
2026-08-31 20:00:00,0.1991,0.2006,0.1976,0.1978,10359846.6,2058103.1789
2026-09-01 00:00:00,0.1978,0.2019,0.1976,0.201,14446494.6,2886516.60347
2026-09-01 04:00:00,0.201,0.203,0.1997,0.2006,14743413.4,2969417.71863
2026-09-01 08:00:00,0.2006,0.2006,0.1961,0.1997,17515918.5,3472902.18896
2026-09-01 12:00:00,0.1997,0.2005,0.1965,0.1995,19295769.3,3837226.96073
2026-09-01 16:00:00,0.1994,0.1994,0.1936,0.1964,21885374.0,4301770.35879
2026-09-01 20:00:00,0.1965,0.197,0.1941,0.1967,13232719.4,2590971.19171
2026-09-02 00:00:00,0.1967,0.1991,0.1931,0.1977,14948965.9,2934218.44541
2026-09-02 04:00:00,0.1976,0.1993,0.1959,0.1969,12976499.6,2564510.3738
2026-09-02 08:00:00,0.1969,0.1972,0.192,0.195,19721265.1,3828183.64106
2026-09-02 12:00:00,0.195,0.1973,0.1937,0.1964,18368784.7,3592824.05616
2026-09-02 16:00:00,0.1963,0.1977,0.1945,0.1973,13758251.8,2702547.47564
2026-09-02 20:00:00,0.1973,0.2012,0.1973,0.2012,17691552.8,3519368.53343
2026-09-03 00:00:00,0.2012,0.2078,0.1991,0.2048,36683980.6,7495343.27426
2026-09-03 04:00:00,0.2049,0.2076,0.2035,0.2051,19989383.9,4109895.83046
2026-09-03 08:00:00,0.2052,0.2096,0.2052,0.2069,29650890.5,6145252.01707
2026-09-03 12:00:00,0.2068,0.2209,0.2066,0.2206,63445453.1,13570058.30285
2026-09-03 16:00:00,0.2207,0.225,0.2196,0.2226,49656285.0,11031737.97576
2026-09-03 20:00:00,0.2225,0.2253,0.2186,0.2211,29599882.2,6566842.88529
2026-09-04 00:00:00,0.2211,0.226,0.2182,0.224,40731607.2,9058975.88742
2026-09-04 04:00:00,0.2241,0.2272,0.2198,0.2201,29934152.8,6666570.26832
2026-09-04 08:00:00,0.2202,0.2249,0.2188,0.2214,29345960.7,6502950.99576
2026-09-04 12:00:00,0.2215,0.2222,0.2092,0.2129,79170195.9,16988288.93367
2026-09-04 16:00:00,0.2129,0.2152,0.2109,0.2135,22534365.0,4800646.92836
2026-09-04 20:00:00,0.2135,0.2139,0.2095,0.2113,18329025.1,3880739.78024
2026-09-05 00:00:00,0.2112,0.2116,0.2091,0.2105,21248606.4,4476097.697
2026-09-05 04:00:00,0.2106,0.2142,0.21,0.2138,24777779.1,5251643.30277
2026-09-05 08:00:00,0.2138,0.2147,0.2124,0.2135,18259140.3,3894782.25146
2026-09-05 12:00:00,0.2135,0.2194,0.2132,0.2174,32709691.5,7086743.82803
2026-09-05 16:00:00,0.2173,0.222,0.2171,0.2195,30106614.9,6615610.18297
2026-09-05 20:00:00,0.2195,0.2215,0.218,0.2183,26208254.7,5754782.7669
2026-09-06 00:00:00,0.2183,0.2238,0.2183,0.2228,24905348.2,5510689.01644
2026-09-06 04:00:00,0.2229,0.2231,0.2173,0.2191,20620167.8,4543953.78391
2026-09-06 08:00:00,0.219,0.2218,0.2173,0.2209,25195188.2,5532436.02204
2026-09-06 12:00:00,0.2209,0.2217,0.2154,0.2175,28014563.9,6123711.95398
2026-09-06 16:00:00,0.2174,0.2202,0.2171,0.2191,13976300.6,3060458.84506
2026-09-06 20:00:00,0.2192,0.2236,0.2189,0.2234,17000411.5,3765095.17792
2026-09-07 00:00:00,0.2235,0.2264,0.219,0.2195,41165856.2,9161420.98151
2026-09-07 04:00:00,0.2194,0.2218,0.2143,0.2168,29647451.9,6484002.44989
2026-09-07 08:00:00,0.2168,0.2206,0.2165,0.2195,21044350.0,4602273.63081
2026-09-07 12:00:00,0.2195,0.225,0.2165,0.2173,46205819.1,10218486.15446
2026-09-07 16:00:00,0.2173,0.222,0.2173,0.221,15815485.9,3480398.78752
2026-09-07 20:00:00,0.221,0.2218,0.2169,0.2205,20049065.1,4402547.93576
2026-09-08 00:00:00,0.2205,0.223,0.2174,0.2186,22072657.1,4861762.46641
2026-09-08 04:00:00,0.2185,0.2193,0.2158,0.2171,20761751.0,4514507.09853
2026-09-08 08:00:00,0.2171,0.2217,0.2158,0.2178,30200392.4,6615237.12687
2026-09-08 12:00:00,0.2178,0.2305,0.215,0.2293,66811022.3,14959298.83063
2026-09-08 16:00:00,0.2293,0.2321,0.2199,0.2208,55311011.3,12506533.91817
2026-09-08 20:00:00,0.2208,0.2227,0.2181,0.2195,19205183.6,4231671.09769
2026-09-09 00:00:00,0.2194,0.2211,0.216,0.2166,25336405.5,5533001.30202
2026-09-09 04:00:00,0.2165,0.222,0.2162,0.2216,25485277.0,5602310.49556
2026-09-09 08:00:00,0.2216,0.2231,0.217,0.2203,30686113.7,6743856.12499
2026-09-09 12:00:00,0.2203,0.2218,0.2135,0.2157,47670570.9,10388822.85461
2026-09-09 16:00:00,0.2156,0.2184,0.214,0.2147,22710306.4,4921454.55346
2026-09-09 20:00:00,0.2147,0.2151,0.2082,0.2119,31871229.8,6762914.48035
2026-09-10 00:00:00,0.2119,0.214,0.2095,0.2138,17714732.5,3753411.96604
2026-09-10 04:00:00,0.2138,0.215,0.2119,0.2135,12621644.1,2693659.20859
2026-09-10 08:00:00,0.2135,0.2152,0.2108,0.2125,22311794.4,4757329.06209
2026-09-10 12:00:00,0.2124,0.2136,0.2065,0.2097,39380374.7,8266417.73668
2026-09-10 16:00:00,0.2096,0.2115,0.2056,0.2092,28691360.6,5985127.38721
2026-09-10 20:00:00,0.2092,0.2109,0.2042,0.2047,14082109.8,2913663.44713
2026-09-11 00:00:00,0.2046,0.208,0.2041,0.2078,12198316.1,2517047.26969
2026-09-11 04:00:00,0.2078,0.2105,0.2076,0.2078,17796113.2,3723481.28169
2026-09-11 08:00:00,0.2079,0.2089,0.2008,0.2024,34278848.1,6986616.83135
2026-09-11 12:00:00,0.2023,0.2163,0.2004,0.2083,116188056.2,24308598.91717
2026-09-11 16:00:00,0.2083,0.2104,0.203,0.2062,33195580.0,6852532.47441
2026-09-11 20:00:00,0.2061,0.2075,0.2039,0.2064,17702299.7,3642283.87086
2026-09-12 00:00:00,0.2063,0.2095,0.2059,0.209,12780277.1,2658891.45987
2026-09-12 04:00:00,0.209,0.2094,0.2071,0.209,10849725.0,2259727.93209
2026-09-12 08:00:00,0.2089,0.2097,0.2082,0.2093,11532698.1,2408660.20881
2026-09-12 12:00:00,0.2093,0.2097,0.208,0.2086,9879697.3,2061589.18146
2026-09-12 16:00:00,0.2085,0.2087,0.2069,0.2072,10572685.1,2196295.10321
2026-09-12 20:00:00,0.2073,0.2083,0.2064,0.2074,8246060.6,1709689.62664
2026-09-13 00:00:00,0.2074,0.2083,0.2066,0.2066,10714643.2,2224538.14567
2026-09-13 04:00:00,0.2067,0.2086,0.2062,0.2062,8974164.1,1861198.1918
2026-09-13 08:00:00,0.2062,0.2067,0.2032,0.2048,15110455.3,3089904.07719
2026-09-13 12:00:00,0.2047,0.2081,0.2037,0.2058,9460378.7,1950346.94485
2026-09-13 16:00:00,0.2058,0.2097,0.2057,0.208,9698799.0,2019065.98443
2026-09-13 20:00:00,0.2081,0.2094,0.2023,0.2035,19798936.2,4050684.49426
2026-09-14 00:00:00,0.2035,0.2087,0.2023,0.2072,22348243.0,4595805.91548
2026-09-14 04:00:00,0.2072,0.2113,0.2063,0.2106,20442774.5,4268884.1695
2026-09-14 08:00:00,0.2107,0.2127,0.2089,0.2099,25286447.4,5324542.75954
2026-09-14 12:00:00,0.21,0.211,0.2069,0.209,26141385.4,5460861.84371
2026-09-14 16:00:00,0.209,0.215,0.2088,0.2124,26726729.7,5671522.54295
2026-09-14 20:00:00,0.2124,0.2159,0.2083,0.2086,23294445.2,4939414.05606
2026-09-15 00:00:00,0.2085,0.2088,0.2051,0.2052,15217491.6,3150707.96748
2026-09-15 04:00:00,0.2053,0.2058,0.2032,0.2036,18205339.1,3723339.54074
2026-09-15 08:00:00,0.2037,0.2059,0.2032,0.2047,14751933.5,3019737.77641
2026-09-15 12:00:00,0.2046,0.2076,0.1981,0.202,38250536.8,7746399.51552
2026-09-15 16:00:00,0.202,0.2046,0.193,0.1982,58769586.7,11674213.07037
2026-09-15 20:00:00,0.1981,0.1987,0.1935,0.1954,30881832.8,6041511.49767
2026-09-16 00:00:00,0.1954,0.1959,0.1922,0.1948,18079864.9,3512534.26215
2026-09-16 04:00:00,0.1948,0.197,0.194,0.1942,14534532.6,2842379.00321
2026-09-16 08:00:00,0.1941,0.1956,0.1926,0.1949,15560419.6,3018725.06953
2026-09-16 12:00:00,0.1949,0.1951,0.1913,0.1915,16741442.6,3227572.38975
