timestamp,open,high,low,close,volume,quote_volume
2026-09-14 12:06:00,7.481,7.481,7.466,7.466,3004.86,22459.16435
2026-09-14 12:07:00,7.466,7.479,7.466,7.477,1112.88,8315.65741
2026-09-14 12:08:00,7.478,7.479,7.476,7.478,4116.65,30785.16591
2026-09-14 12:09:00,7.479,7.48,7.474,7.475,858.0,6415.52158
2026-09-14 12:10:00,7.475,7.476,7.474,7.476,284.66,2127.94982
2026-09-14 12:11:00,7.475,7.479,7.475,7.476,1432.41,10710.86676
2026-09-14 12:12:00,7.476,7.476,7.474,7.475,158.82,1187.22262
2026-09-14 12:13:00,7.476,7.476,7.47,7.474,2655.47,19841.78845
2026-09-14 12:14:00,7.474,7.477,7.471,7.477,146.74,1096.61564
2026-09-14 12:15:00,7.476,7.476,7.474,7.476,1554.1,11618.28899
2026-09-14 12:16:00,7.477,7.479,7.474,7.478,1332.26,9961.52588
2026-09-14 12:17:00,7.478,7.479,7.476,7.479,1093.09,8173.6087
2026-09-14 12:18:00,7.479,7.479,7.474,7.476,836.23,6251.5298
2026-09-14 12:19:00,7.477,7.491,7.477,7.488,12199.5,91324.97331
2026-09-14 12:20:00,7.487,7.49,7.482,7.488,4789.47,35858.29481
2026-09-14 12:21:00,7.488,7.492,7.485,7.491,2544.23,19053.21087
2026-09-14 12:22:00,7.492,7.536,7.492,7.535,18344.32,137944.5801
2026-09-14 12:23:00,7.536,7.543,7.536,7.541,9928.63,74853.69261
2026-09-14 12:24:00,7.541,7.542,7.53,7.532,6333.78,47735.48526
2026-09-14 12:25:00,7.531,7.531,7.514,7.517,1453.07,10929.59775
2026-09-14 12:26:00,7.518,7.519,7.505,7.508,3946.13,29653.34589
2026-09-14 12:27:00,7.507,7.514,7.505,7.506,6234.83,46804.47293
2026-09-14 12:28:00,7.506,7.518,7.506,7.518,725.37,5449.84708
2026-09-14 12:29:00,7.519,7.528,7.519,7.527,2571.49,19349.2102
2026-09-14 12:30:00,7.527,7.527,7.523,7.523,1330.43,10012.10947
2026-09-14 12:31:00,7.522,7.528,7.519,7.527,1233.9,9282.79066
2026-09-14 12:32:00,7.527,7.534,7.526,7.53,2649.32,19949.5912
2026-09-14 12:33:00,7.53,7.531,7.523,7.529,2129.02,16026.53387
2026-09-14 12:34:00,7.53,7.53,7.52,7.52,3811.14,28682.98608
2026-09-14 12:35:00,7.519,7.519,7.49,7.498,11574.56,86830.33528
2026-09-14 12:36:00,7.497,7.507,7.495,7.501,6350.57,47631.03922
2026-09-14 12:37:00,7.502,7.502,7.487,7.494,4445.47,33307.11004
2026-09-14 12:38:00,7.495,7.5,7.488,7.492,2909.62,21808.3077
2026-09-14 12:39:00,7.493,7.519,7.493,7.511,11521.55,86517.31127
2026-09-14 12:40:00,7.51,7.51,7.502,7.503,4008.05,30089.2089
2026-09-14 12:41:00,7.503,7.51,7.492,7.505,4744.82,35611.50009
2026-09-14 12:42:00,7.504,7.515,7.503,7.514,3272.89,24577.21248
2026-09-14 12:43:00,7.515,7.525,7.513,7.521,4671.29,35129.85695
2026-09-14 12:44:00,7.521,7.524,7.509,7.509,1576.04,11851.42195
2026-09-14 12:45:00,7.508,7.517,7.505,7.513,1969.83,14790.84279
2026-09-14 12:46:00,7.514,7.514,7.501,7.508,2336.52,17545.87248
2026-09-14 12:47:00,7.508,7.508,7.497,7.506,3098.92,23255.88391
2026-09-14 12:48:00,7.506,7.506,7.498,7.503,713.4,5352.85017
2026-09-14 12:49:00,7.503,7.503,7.495,7.497,2469.47,18515.869
2026-09-14 12:50:00,7.496,7.501,7.478,7.482,1680.27,12577.99468
2026-09-14 12:51:00,7.482,7.482,7.472,7.473,1780.0,13309.67101
2026-09-14 12:52:00,7.473,7.475,7.467,7.475,589.97,4407.41112
2026-09-14 12:53:00,7.476,7.491,7.473,7.48,6832.97,51123.27515
2026-09-14 12:54:00,7.479,7.479,7.466,7.466,144.29,1078.13148
2026-09-14 12:55:00,7.467,7.475,7.448,7.454,7055.03,52623.85246
2026-09-14 12:56:00,7.454,7.458,7.448,7.455,2569.84,19146.40856
2026-09-14 12:57:00,7.454,7.462,7.454,7.462,259.81,1937.17749
2026-09-14 12:58:00,7.463,7.465,7.461,7.462,616.35,4599.83496
2026-09-14 12:59:00,7.461,7.461,7.456,7.456,470.08,3506.01874
2026-09-14 13:00:00,7.455,7.461,7.448,7.453,790.83,5895.71432
2026-09-14 13:01:00,7.454,7.454,7.44,7.441,1214.01,9037.08134
2026-09-14 13:02:00,7.443,7.448,7.432,7.432,2395.86,17820.7928
2026-09-14 13:03:00,7.433,7.45,7.432,7.437,2376.94,17685.86142
2026-09-14 13:04:00,7.437,7.445,7.437,7.44,312.3,2323.65191
2026-09-14 13:05:00,7.44,7.447,7.439,7.442,867.88,6459.72015
2026-09-14 13:06:00,7.441,7.441,7.425,7.43,686.96,5102.46752
2026-09-14 13:07:00,7.43,7.43,7.407,7.421,8141.27,60361.6101
2026-09-14 13:08:00,7.422,7.423,7.414,7.417,2113.63,15683.58196
2026-09-14 13:09:00,7.418,7.43,7.418,7.43,1905.37,14143.58897
2026-09-14 13:10:00,7.431,7.445,7.431,7.445,1851.91,13777.7967
2026-09-14 13:11:00,7.445,7.453,7.445,7.45,4070.22,30326.80336
2026-09-14 13:12:00,7.451,7.456,7.451,7.455,281.47,2098.33295
2026-09-14 13:13:00,7.457,7.47,7.451,7.458,4228.92,31545.98272
2026-09-14 13:14:00,7.458,7.458,7.451,7.451,912.03,6798.2814
2026-09-14 13:15:00,7.45,7.456,7.45,7.455,261.27,1947.69296
2026-09-14 13:16:00,7.456,7.469,7.456,7.467,5418.42,40428.49728
2026-09-14 13:17:00,7.468,7.474,7.465,7.472,2827.37,21121.97228
2026-09-14 13:18:00,7.471,7.478,7.469,7.477,2425.16,18123.01229
2026-09-14 13:19:00,7.476,7.476,7.457,7.46,2687.94,20066.63224
2026-09-14 13:20:00,7.461,7.466,7.457,7.457,173.27,1292.84522
2026-09-14 13:21:00,7.457,7.469,7.454,7.465,6020.43,44941.98572
2026-09-14 13:22:00,7.464,7.464,7.46,7.46,396.79,2960.8168
2026-09-14 13:23:00,7.46,7.465,7.46,7.465,248.64,1855.22218
2026-09-14 13:24:00,7.465,7.465,7.458,7.458,820.51,6121.47533
2026-09-14 13:25:00,7.457,7.463,7.457,7.463,93.29,695.93181
2026-09-14 13:26:00,7.464,7.465,7.46,7.463,655.01,4888.38146
2026-09-14 13:27:00,7.463,7.463,7.46,7.46,322.1,2403.51462
2026-09-14 13:28:00,7.464,7.467,7.461,7.462,438.4,3271.85741
2026-09-14 13:29:00,7.462,7.473,7.462,7.473,382.83,2859.74635
2026-09-14 13:30:00,7.474,7.486,7.468,7.482,2958.45,22125.10143
2026-09-14 13:31:00,7.483,7.496,7.479,7.492,1444.34,10815.02185
2026-09-14 13:32:00,7.494,7.499,7.485,7.498,1353.25,10140.26067
2026-09-14 13:33:00,7.498,7.5,7.495,7.498,1113.82,8350.5536
2026-09-14 13:34:00,7.5,7.507,7.5,7.505,778.46,5841.89586
2026-09-14 13:35:00,7.505,7.507,7.494,7.494,1216.62,9127.59299
2026-09-14 13:36:00,7.492,7.492,7.45,7.465,4205.84,31448.05991
2026-09-14 13:37:00,7.464,7.477,7.453,7.476,1583.73,11826.5674
2026-09-14 13:38:00,7.477,7.492,7.477,7.485,2616.83,19581.07768
2026-09-14 13:39:00,7.485,7.485,7.476,7.476,358.64,2683.69194
2026-09-14 13:40:00,7.475,7.479,7.471,7.471,70.65,528.11557
2026-09-14 13:41:00,7.471,7.472,7.463,7.465,1091.61,8150.3079
2026-09-14 13:42:00,7.467,7.48,7.466,7.476,924.1,6907.26778
2026-09-14 13:43:00,7.475,7.486,7.474,7.482,2303.18,17229.17373
2026-09-14 13:44:00,7.483,7.487,7.481,7.486,273.09,2043.74406
2026-09-14 13:45:00,7.484,7.493,7.483,7.486,742.61,5562.49904
2026-09-14 13:46:00,7.486,7.49,7.482,7.49,1053.02,7883.80809
2026-09-14 13:47:00,7.49,7.5,7.49,7.499,836.23,6269.84637
2026-09-14 13:48:00,7.499,7.505,7.498,7.503,898.58,6743.00642
2026-09-14 13:49:00,7.503,7.508,7.498,7.508,431.91,3240.26508
2026-09-14 13:50:00,7.508,7.512,7.495,7.495,3782.14,28395.80239
2026-09-14 13:51:00,7.495,7.497,7.483,7.483,1062.75,7962.88972
2026-09-14 13:52:00,7.484,7.492,7.475,7.481,530.29,3969.75192
2026-09-14 13:53:00,7.481,7.483,7.475,7.483,255.85,1914.06328
2026-09-14 13:54:00,7.483,7.483,7.476,7.476,456.58,3414.19086
2026-09-14 13:55:00,7.474,7.477,7.469,7.472,865.97,6469.72973
2026-09-14 13:56:00,7.472,7.472,7.455,7.463,4722.51,35232.42452
2026-09-14 13:57:00,7.462,7.462,7.452,7.453,721.18,5377.32527
2026-09-14 13:58:00,7.453,7.464,7.452,7.461,450.34,3357.10813
2026-09-14 13:59:00,7.463,7.47,7.461,7.461,585.87,4374.88055
2026-09-14 14:00:00,7.461,7.471,7.46,7.467,1792.51,13386.18001
2026-09-14 14:01:00,7.47,7.48,7.469,7.48,3383.33,25273.10144
2026-09-14 14:02:00,7.478,7.48,7.473,7.477,721.77,5395.74569
2026-09-14 14:03:00,7.477,7.489,7.477,7.484,1714.29,12829.25299
2026-09-14 14:04:00,7.484,7.491,7.483,7.485,1812.21,13564.49277
2026-09-14 14:05:00,7.487,7.487,7.472,7.473,1686.89,12613.68574
2026-09-14 14:06:00,7.473,7.481,7.473,7.48,1671.88,12500.77017
2026-09-14 14:07:00,7.479,7.48,7.475,7.477,1833.18,13706.327
2026-09-14 14:08:00,7.477,7.48,7.474,7.474,607.26,4540.62616
2026-09-14 14:09:00,7.473,7.478,7.473,7.474,503.16,3761.28998
2026-09-14 14:10:00,7.474,7.493,7.474,7.493,1982.43,14843.61371
2026-09-14 14:11:00,7.494,7.503,7.494,7.498,3827.08,28701.02193
2026-09-14 14:12:00,7.498,7.501,7.488,7.489,2212.62,16585.9169
2026-09-14 14:13:00,7.488,7.499,7.488,7.499,200.41,1501.6703
2026-09-14 14:14:00,7.5,7.502,7.497,7.497,1380.45,10353.61141
2026-09-14 14:15:00,7.497,7.501,7.497,7.5,587.15,4403.60166
2026-09-14 14:16:00,7.5,7.502,7.497,7.497,3454.92,25909.41188
2026-09-14 14:17:00,7.498,7.508,7.498,7.504,1916.2,14380.90857
2026-09-14 14:18:00,7.505,7.505,7.489,7.492,2277.49,17074.72966
2026-09-14 14:19:00,7.492,7.501,7.492,7.501,396.65,2974.69923
2026-09-14 14:20:00,7.502,7.502,7.495,7.496,453.57,3401.02969
2026-09-14 14:21:00,7.495,7.495,7.474,7.477,2016.38,15091.18169
2026-09-14 14:22:00,7.478,7.483,7.476,7.476,261.86,1958.21644
2026-09-14 14:23:00,7.475,7.475,7.468,7.473,641.46,4792.96724
2026-09-14 14:24:00,7.473,7.473,7.458,7.458,1559.7,11638.31944
2026-09-14 14:25:00,7.458,7.463,7.458,7.463,404.56,3018.00938
2026-09-14 14:26:00,7.462,7.462,7.437,7.442,2209.73,16454.6163
2026-09-14 14:27:00,7.443,7.456,7.443,7.456,534.0,3977.85468
2026-09-14 14:28:00,7.456,7.475,7.456,7.475,1808.22,13495.48953
2026-09-14 14:29:00,7.475,7.475,7.466,7.473,1295.09,9672.04774
2026-09-14 14:30:00,7.473,7.486,7.471,7.484,2157.8,16142.5303
2026-09-14 14:31:00,7.485,7.499,7.485,7.495,2486.3,18623.93207
2026-09-14 14:32:00,7.496,7.496,7.486,7.492,955.23,7155.49563
2026-09-14 14:33:00,7.491,7.491,7.483,7.483,522.29,3910.27901
2026-09-14 14:34:00,7.483,7.49,7.483,7.484,2146.36,16073.60206
2026-09-14 14:35:00,7.484,7.484,7.467,7.468,1355.4,10125.50932
2026-09-14 14:36:00,7.468,7.468,7.46,7.461,805.71,6015.15268
2026-09-14 14:37:00,7.462,7.462,7.458,7.459,718.71,5361.98313
2026-09-14 14:38:00,7.458,7.458,7.449,7.456,2660.76,19834.50372
2026-09-14 14:39:00,7.455,7.457,7.447,7.449,2747.4,20470.92861
2026-09-14 14:40:00,7.449,7.449,7.445,7.448,691.68,5151.73124
2026-09-14 14:41:00,7.449,7.452,7.442,7.443,231.27,1722.10553
2026-09-14 14:42:00,7.444,7.447,7.443,7.447,287.47,2140.04013
2026-09-14 14:43:00,7.446,7.449,7.44,7.441,282.8,2104.81257
2026-09-14 14:44:00,7.44,7.448,7.44,7.448,2391.78,17807.52622
2026-09-14 14:45:00,7.448,7.471,7.448,7.467,1814.76,13552.00488
2026-09-14 14:46:00,7.468,7.471,7.458,7.46,548.41,4093.5198
2026-09-14 14:47:00,7.461,7.463,7.45,7.454,1712.75,12768.46669
2026-09-14 14:48:00,7.454,7.458,7.454,7.454,1583.37,11803.77754
2026-09-14 14:49:00,7.455,7.468,7.454,7.467,1586.4,11832.27537
2026-09-14 14:50:00,7.467,7.469,7.458,7.458,1147.3,8565.80447
2026-09-14 14:51:00,7.457,7.46,7.455,7.46,250.33,1866.38995
2026-09-14 14:52:00,7.46,7.46,7.445,7.445,382.58,2850.44946
2026-09-14 14:53:00,7.447,7.451,7.444,7.444,251.49,1873.10153
2026-09-14 14:54:00,7.445,7.46,7.445,7.46,2181.2,16250.57001
2026-09-14 14:55:00,7.459,7.459,7.437,7.443,1554.22,11569.29303
2026-09-14 14:56:00,7.443,7.443,7.439,7.44,225.27,1676.16073
2026-09-14 14:57:00,7.44,7.443,7.44,7.443,180.32,1341.98107
2026-09-14 14:58:00,7.444,7.452,7.444,7.449,283.01,2107.61272
2026-09-14 14:59:00,7.449,7.45,7.447,7.448,299.14,2228.01527
2026-09-14 15:00:00,7.449,7.449,7.441,7.442,991.21,7379.41985
2026-09-14 15:01:00,7.441,7.442,7.431,7.44,824.56,6131.6118
2026-09-14 15:02:00,7.44,7.451,7.439,7.444,1094.52,8144.71488
2026-09-14 15:03:00,7.443,7.443,7.439,7.44,250.66,1865.23135
2026-09-14 15:04:00,7.443,7.444,7.434,7.434,426.6,3174.24048
2026-09-14 15:05:00,7.433,7.448,7.422,7.439,11896.54,88454.27479
2026-09-14 15:06:00,7.441,7.455,7.441,7.452,1267.83,9445.55455
2026-09-14 15:07:00,7.451,7.453,7.446,7.453,1510.54,11253.2651
2026-09-14 15:08:00,7.453,7.459,7.451,7.455,1671.82,12464.1042
2026-09-14 15:09:00,7.455,7.458,7.453,7.455,550.05,4100.93846
2026-09-14 15:10:00,7.455,7.461,7.454,7.461,167.74,1250.72704
2026-09-14 15:11:00,7.46,7.46,7.447,7.451,453.97,3382.66169
2026-09-14 15:12:00,7.451,7.455,7.448,7.455,245.53,1829.5929
2026-09-14 15:13:00,7.455,7.464,7.455,7.46,5585.09,41668.76741
2026-09-14 15:14:00,7.46,7.463,7.46,7.463,275.61,2056.53558
2026-09-14 15:15:00,7.463,7.464,7.459,7.459,847.62,6325.11432
2026-09-14 15:16:00,7.458,7.463,7.457,7.463,2132.7,15907.50227
2026-09-14 15:17:00,7.464,7.471,7.463,7.463,1224.1,9141.35319
2026-09-14 15:18:00,7.463,7.466,7.456,7.456,950.54,7093.81448
2026-09-14 15:19:00,7.457,7.465,7.457,7.464,288.78,2155.41875
2026-09-14 15:20:00,7.466,7.467,7.458,7.458,369.82,2759.00904
2026-09-14 15:21:00,7.457,7.458,7.454,7.454,239.43,1785.12128
2026-09-14 15:22:00,7.458,7.46,7.458,7.458,280.11,2089.44285
2026-09-14 15:23:00,7.458,7.458,7.453,7.457,182.51,1360.94445
2026-09-14 15:24:00,7.456,7.456,7.45,7.453,1399.61,10431.76507
2026-09-14 15:25:00,7.451,7.454,7.448,7.451,1032.05,7689.01813
2026-09-14 15:26:00,7.452,7.453,7.45,7.45,394.21,2937.36878
2026-09-14 15:27:00,7.449,7.449,7.447,7.447,350.64,2611.59367
2026-09-14 15:28:00,7.446,7.45,7.446,7.45,418.69,3118.20703
2026-09-14 15:29:00,7.45,7.452,7.445,7.445,532.81,3968.17513
2026-09-14 15:30:00,7.445,7.449,7.444,7.448,2315.74,17244.5802
2026-09-14 15:31:00,7.448,7.448,7.439,7.441,1242.16,9247.76996
2026-09-14 15:32:00,7.439,7.452,7.436,7.45,3357.82,24981.98029
2026-09-14 15:33:00,7.45,7.46,7.448,7.46,273.65,2039.11363
2026-09-14 15:34:00,7.461,7.471,7.46,7.465,889.09,6638.56771
2026-09-14 15:35:00,7.464,7.464,7.452,7.452,440.65,3286.8008
2026-09-14 15:36:00,7.452,7.455,7.446,7.446,777.92,5797.91808
2026-09-14 15:37:00,7.445,7.456,7.445,7.456,1042.98,7769.62572
2026-09-14 15:38:00,7.457,7.463,7.457,7.459,652.41,4867.16882
2026-09-14 15:39:00,7.459,7.467,7.459,7.461,1259.03,9395.28363
2026-09-14 15:40:00,7.461,7.474,7.459,7.464,4046.96,30220.56578
2026-09-14 15:41:00,7.464,7.478,7.464,7.478,539.46,4030.05278
2026-09-14 15:42:00,7.478,7.482,7.473,7.476,1794.49,13419.32323
2026-09-14 15:43:00,7.476,7.484,7.474,7.484,226.95,1697.63774
2026-09-14 15:44:00,7.484,7.49,7.483,7.484,5923.39,44341.19669
2026-09-14 15:45:00,7.485,7.485,7.472,7.472,1844.79,13793.07587
2026-09-14 15:46:00,7.472,7.472,7.458,7.46,1044.02,7788.93582
2026-09-14 15:47:00,7.459,7.459,7.453,7.453,1791.6,13355.06953
2026-09-14 15:48:00,7.454,7.459,7.45,7.456,1415.71,10552.69992
2026-09-14 15:49:00,7.457,7.469,7.457,7.463,748.35,5587.04388
2026-09-14 15:50:00,7.462,7.471,7.461,7.464,3614.68,26982.36081
2026-09-14 15:51:00,7.464,7.473,7.461,7.461,774.48,5785.31466
2026-09-14 15:52:00,7.465,7.474,7.465,7.474,45.83,342.36335
2026-09-14 15:53:00,7.473,7.475,7.469,7.473,1130.81,8449.9205
2026-09-14 15:54:00,7.471,7.471,7.464,7.464,49.38,368.69383
2026-09-14 15:55:00,7.463,7.466,7.458,7.461,3728.16,27817.82023
2026-09-14 15:56:00,7.461,7.461,7.458,7.46,227.03,1693.37411
2026-09-14 15:57:00,7.46,7.466,7.46,7.46,1070.6,7989.034
2026-09-14 15:58:00,7.46,7.46,7.456,7.458,68.27,509.11575
2026-09-14 15:59:00,7.458,7.464,7.458,7.462,211.82,1580.92291
2026-09-14 16:00:00,7.462,7.466,7.46,7.46,225.48,1683.1069
2026-09-14 16:01:00,7.46,7.463,7.456,7.459,1507.39,11247.29777
2026-09-14 16:02:00,7.458,7.461,7.458,7.458,533.92,3982.58461
2026-09-14 16:03:00,7.457,7.457,7.455,7.455,433.72,3233.64756
2026-09-14 16:04:00,7.455,7.455,7.453,7.455,446.81,3330.87805
2026-09-14 16:05:00,7.456,7.462,7.456,7.461,613.59,4577.05568
2026-09-14 16:06:00,7.462,7.464,7.46,7.46,49.52,369.53271
2026-09-14 16:07:00,7.462,7.463,7.458,7.463,1137.8,8488.14154
2026-09-14 16:08:00,7.462,7.462,7.46,7.46,33.61,250.77173
2026-09-14 16:09:00,7.459,7.467,7.459,7.467,166.59,1243.52801
2026-09-14 16:10:00,7.467,7.471,7.467,7.471,67.29,502.64988
2026-09-14 16:11:00,7.471,7.472,7.471,7.472,1018.2,7607.51274
2026-09-14 16:12:00,7.472,7.472,7.468,7.471,1118.24,8352.36381
2026-09-14 16:13:00,7.471,7.473,7.469,7.47,861.96,6440.16287
2026-09-14 16:14:00,7.47,7.473,7.469,7.473,766.67,5726.33187
2026-09-14 16:15:00,7.474,7.489,7.474,7.486,1323.25,9904.03665
2026-09-14 16:16:00,7.486,7.496,7.486,7.496,1593.93,11942.53159
2026-09-14 16:17:00,7.497,7.513,7.496,7.513,4959.22,37213.03327
2026-09-14 16:18:00,7.512,7.524,7.511,7.516,8280.61,62237.44956
2026-09-14 16:19:00,7.516,7.524,7.511,7.511,3337.87,25099.84239
2026-09-14 16:20:00,7.511,7.514,7.503,7.504,2336.87,17543.27983
2026-09-14 16:21:00,7.504,7.514,7.503,7.514,1233.58,9262.56803
2026-09-14 16:22:00,7.515,7.525,7.515,7.523,2494.57,18763.72637
2026-09-14 16:23:00,7.523,7.529,7.522,7.528,1206.03,9076.64249
2026-09-14 16:24:00,7.527,7.532,7.523,7.523,1268.56,9548.68434
2026-09-14 16:25:00,7.522,7.522,7.507,7.507,203.98,1533.36417
2026-09-14 16:26:00,7.508,7.509,7.504,7.504,1374.77,10318.96076
2026-09-14 16:27:00,7.503,7.506,7.496,7.506,408.28,3062.26153
2026-09-14 16:28:00,7.507,7.51,7.503,7.508,236.27,1773.78161
2026-09-14 16:29:00,7.507,7.509,7.506,7.508,677.71,5088.29571
2026-09-14 16:30:00,7.509,7.515,7.509,7.513,353.86,2658.68156
2026-09-14 16:31:00,7.513,7.517,7.509,7.513,1485.55,11158.64943
2026-09-14 16:32:00,7.512,7.514,7.509,7.509,226.74,1702.90603
2026-09-14 16:33:00,7.51,7.515,7.51,7.512,244.26,1834.91151
2026-09-14 16:34:00,7.511,7.511,7.508,7.508,1362.13,10227.09434
2026-09-14 16:35:00,7.508,7.508,7.504,7.506,56.6,424.80784
2026-09-14 16:36:00,7.506,7.506,7.501,7.501,1425.57,10696.92713
2026-09-14 16:37:00,7.501,7.508,7.5,7.5,3799.03,28508.03948
2026-09-14 16:38:00,7.499,7.5,7.495,7.497,1255.73,9413.93881
2026-09-14 16:39:00,7.497,7.505,7.496,7.502,1229.38,9221.55414
2026-09-14 16:40:00,7.503,7.505,7.503,7.503,496.37,3724.2828
2026-09-14 16:41:00,7.502,7.502,7.5,7.501,193.73,1453.25112
2026-09-14 16:42:00,7.502,7.506,7.501,7.506,883.39,6627.36022
2026-09-14 16:43:00,7.508,7.508,7.505,7.507,317.0,2379.46249
2026-09-14 16:44:00,7.506,7.506,7.505,7.505,33.43,250.90818
2026-09-14 16:45:00,7.507,7.511,7.506,7.511,106.57,800.09959
2026-09-14 16:46:00,7.512,7.515,7.512,7.514,534.97,4019.09489
2026-09-14 16:47:00,7.514,7.527,7.514,7.526,3382.67,25440.532
2026-09-14 16:48:00,7.527,7.535,7.524,7.533,3292.54,24786.70746
2026-09-14 16:49:00,7.533,7.541,7.53,7.539,829.15,6248.4941
2026-09-14 16:50:00,7.54,7.558,7.537,7.555,19054.65,143813.43842
2026-09-14 16:51:00,7.555,7.569,7.551,7.567,8288.82,62650.47174
2026-09-14 16:52:00,7.566,7.578,7.565,7.575,4589.16,34746.17824
2026-09-14 16:53:00,7.575,7.575,7.569,7.569,3527.29,26705.332
2026-09-14 16:54:00,7.569,7.576,7.569,7.573,3495.9,26476.71529
2026-09-14 16:55:00,7.574,7.574,7.567,7.567,2106.93,15947.73413
2026-09-14 16:56:00,7.566,7.566,7.561,7.564,1879.12,14214.05847
2026-09-14 16:57:00,7.566,7.568,7.562,7.563,704.17,5326.27622
2026-09-14 16:58:00,7.563,7.564,7.551,7.553,4649.76,35142.41044
2026-09-14 16:59:00,7.552,7.553,7.55,7.55,244.57,1846.8101
2026-09-14 17:00:00,7.551,7.559,7.546,7.556,2459.06,18576.25393
2026-09-14 17:01:00,7.555,7.563,7.553,7.563,1271.99,9612.41579
2026-09-14 17:02:00,7.562,7.574,7.562,7.567,4812.29,36422.54638
2026-09-14 17:03:00,7.568,7.57,7.566,7.566,1386.73,10494.97241
2026-09-14 17:04:00,7.565,7.57,7.565,7.568,658.86,4986.91041
2026-09-14 17:05:00,7.568,7.57,7.567,7.57,4047.64,30633.68474
2026-09-14 17:06:00,7.571,7.583,7.571,7.577,5497.74,41650.64875
2026-09-14 17:07:00,7.576,7.578,7.574,7.575,4653.6,35252.3945
2026-09-14 17:08:00,7.575,7.576,7.575,7.575,547.3,4145.93855
2026-09-14 17:09:00,7.575,7.58,7.575,7.58,5199.56,39392.83068
2026-09-14 17:10:00,7.581,7.588,7.581,7.588,5963.35,45221.06718
2026-09-14 17:11:00,7.587,7.593,7.585,7.593,2437.68,18500.01556
2026-09-14 17:12:00,7.593,7.597,7.591,7.592,3366.55,25566.95115
2026-09-14 17:13:00,7.592,7.592,7.59,7.591,910.71,6913.72653
2026-09-14 17:14:00,7.591,7.592,7.585,7.588,6745.51,51187.38686
2026-09-14 17:15:00,7.588,7.589,7.585,7.585,1535.32,11647.33467
2026-09-14 17:16:00,7.585,7.585,7.583,7.585,2784.36,21116.82651
2026-09-14 17:17:00,7.585,7.599,7.584,7.596,3496.89,26557.90384
2026-09-14 17:18:00,7.596,7.596,7.58,7.585,2881.1,21849.45631
2026-09-14 17:19:00,7.586,7.588,7.585,7.587,775.92,5886.05513
2026-09-14 17:20:00,7.588,7.599,7.588,7.598,3245.85,24652.0048
2026-09-14 17:21:00,7.599,7.6,7.592,7.592,898.29,6823.84436
2026-09-14 17:22:00,7.593,7.597,7.591,7.595,3921.29,29777.32499
2026-09-14 17:23:00,7.596,7.603,7.596,7.601,2428.01,18448.64864
2026-09-14 17:24:00,7.603,7.607,7.601,7.601,1450.07,11027.90435
2026-09-14 17:25:00,7.602,7.602,7.596,7.596,802.95,6100.99813
2026-09-14 17:26:00,7.597,7.603,7.596,7.6,1454.17,11052.46579
2026-09-14 17:27:00,7.6,7.603,7.599,7.599,1151.03,8749.11886
2026-09-14 17:28:00,7.598,7.598,7.592,7.597,1412.49,10728.33924
2026-09-14 17:29:00,7.596,7.6,7.593,7.598,4500.14,34184.98077
2026-09-14 17:30:00,7.597,7.603,7.594,7.601,6850.2,52058.79416
2026-09-14 17:31:00,7.601,7.602,7.593,7.593,1608.28,12216.6742
2026-09-14 17:32:00,7.594,7.597,7.58,7.58,4035.32,30612.11876
2026-09-14 17:33:00,7.58,7.58,7.573,7.573,2058.07,15594.66988
2026-09-14 17:34:00,7.573,7.582,7.573,7.579,788.43,5973.31293
2026-09-14 17:35:00,7.58,7.596,7.58,7.589,3739.63,28388.28915
2026-09-14 17:36:00,7.589,7.59,7.587,7.589,781.23,5928.38657
2026-09-14 17:37:00,7.589,7.59,7.583,7.585,1362.74,10338.84407
2026-09-14 17:38:00,7.586,7.589,7.586,7.588,533.85,4050.52243
2026-09-14 17:39:00,7.588,7.589,7.586,7.586,140.71,1067.47259
2026-09-14 17:40:00,7.585,7.589,7.584,7.587,417.63,3168.5016
2026-09-14 17:41:00,7.588,7.589,7.583,7.589,2957.03,22433.90913
2026-09-14 17:42:00,7.59,7.597,7.59,7.597,4013.26,30468.80455
2026-09-14 17:43:00,7.596,7.597,7.595,7.596,1680.94,12767.79339
2026-09-14 17:44:00,7.597,7.597,7.596,7.596,409.8,3113.22104
2026-09-14 17:45:00,7.596,7.604,7.596,7.6,3613.03,27459.55766
2026-09-14 17:46:00,7.601,7.614,7.601,7.611,1751.7,13326.73821
2026-09-14 17:47:00,7.612,7.614,7.603,7.607,2058.99,15669.56835
2026-09-14 17:48:00,7.608,7.618,7.608,7.618,643.05,4896.65822
2026-09-14 17:49:00,7.619,7.619,7.606,7.606,3898.43,29694.28427
2026-09-14 17:50:00,7.606,7.606,7.601,7.601,178.86,1359.88709
2026-09-14 17:51:00,7.6,7.608,7.596,7.599,3741.41,28434.011
2026-09-14 17:52:00,7.599,7.605,7.599,7.601,593.76,4514.78844
2026-09-14 17:53:00,7.601,7.608,7.595,7.608,4628.45,35174.14362
2026-09-14 17:54:00,7.608,7.612,7.607,7.607,2472.99,18819.69549
2026-09-14 17:55:00,7.607,7.608,7.602,7.602,807.21,6138.96781
2026-09-14 17:56:00,7.602,7.607,7.6,7.6,1259.93,9580.51973
2026-09-14 17:57:00,7.599,7.608,7.596,7.607,1575.01,11969.65338
2026-09-14 17:58:00,7.608,7.611,7.604,7.609,3705.93,28190.942
2026-09-14 17:59:00,7.608,7.612,7.608,7.611,2912.46,22165.42772
2026-09-14 18:00:00,7.611,7.622,7.609,7.615,7158.62,54512.7528
2026-09-14 18:01:00,7.615,7.617,7.614,7.614,827.98,6305.5629
2026-09-14 18:02:00,7.614,7.614,7.605,7.606,2170.32,16513.48282
2026-09-14 18:03:00,7.606,7.617,7.605,7.616,7620.7,57986.10775
2026-09-14 18:04:00,7.617,7.618,7.612,7.612,1766.58,13453.13585
2026-09-14 18:05:00,7.612,7.613,7.603,7.605,1131.56,8610.01662
2026-09-14 18:06:00,7.604,7.612,7.604,7.61,425.7,3239.27113
2026-09-14 18:07:00,7.61,7.61,7.605,7.605,2583.38,19652.43148
2026-09-14 18:08:00,7.604,7.606,7.594,7.594,4450.14,33814.62296
2026-09-14 18:09:00,7.595,7.6,7.588,7.591,3879.76,29456.28692
2026-09-14 18:10:00,7.592,7.595,7.579,7.579,1909.1,14490.98299
2026-09-14 18:11:00,7.579,7.585,7.576,7.576,1703.45,12914.13018
2026-09-14 18:12:00,7.577,7.583,7.576,7.582,420.64,3187.9585
2026-09-14 18:13:00,7.582,7.582,7.579,7.579,1208.9,9163.93897
2026-09-14 18:14:00,7.578,7.579,7.574,7.575,247.85,1878.05148
2026-09-14 18:15:00,7.574,7.579,7.57,7.579,3538.51,26800.01117
2026-09-14 18:16:00,7.579,7.579,7.574,7.577,1231.64,9330.98568
2026-09-14 18:17:00,7.576,7.576,7.574,7.576,203.29,1540.01113
2026-09-14 18:18:00,7.575,7.583,7.573,7.583,1548.94,11736.94616
2026-09-14 18:19:00,7.584,7.601,7.584,7.598,1998.46,15174.96673
2026-09-14 18:20:00,7.598,7.605,7.594,7.6,1665.1,12649.5969
2026-09-14 18:21:00,7.599,7.601,7.598,7.598,355.06,2698.29445
2026-09-14 18:22:00,7.597,7.601,7.595,7.597,944.67,7178.29493
2026-09-14 18:23:00,7.596,7.6,7.593,7.594,1317.46,10007.77544
2026-09-14 18:24:00,7.595,7.601,7.595,7.598,718.53,5458.17324
2026-09-14 18:25:00,7.597,7.597,7.588,7.589,1278.43,9704.27266
2026-09-14 18:26:00,7.59,7.598,7.59,7.595,882.03,6698.05709
2026-09-14 18:27:00,7.594,7.603,7.593,7.598,612.71,4656.97851
2026-09-14 18:28:00,7.597,7.598,7.595,7.598,152.42,1157.7781
2026-09-14 18:29:00,7.598,7.598,7.596,7.598,254.29,1931.72685
2026-09-14 18:30:00,7.599,7.599,7.594,7.599,1177.35,8944.34073
2026-09-14 18:31:00,7.6,7.602,7.598,7.601,1881.35,14298.47143
2026-09-14 18:32:00,7.601,7.601,7.6,7.6,13.36,101.54515
2026-09-14 18:33:00,7.6,7.613,7.599,7.612,3617.56,27520.47782
2026-09-14 18:34:00,7.613,7.618,7.611,7.614,4136.56,31497.91384
2026-09-14 18:35:00,7.615,7.615,7.606,7.609,3156.29,24027.24671
2026-09-14 18:36:00,7.609,7.623,7.609,7.615,5589.39,42579.68187
2026-09-14 18:37:00,7.615,7.62,7.614,7.618,1138.53,8673.42234
2026-09-14 18:38:00,7.618,7.618,7.615,7.615,442.69,3371.90619
2026-09-14 18:39:00,7.615,7.615,7.608,7.608,600.29,4567.99801
2026-09-14 18:40:00,7.608,7.608,7.602,7.605,1113.58,8468.4455
2026-09-14 18:41:00,7.604,7.61,7.604,7.608,293.1,2229.50689
2026-09-14 18:42:00,7.609,7.612,7.602,7.612,1882.52,14316.60742
2026-09-14 18:43:00,7.613,7.618,7.613,7.617,465.19,3542.48882
2026-09-14 18:44:00,7.617,7.617,7.611,7.612,188.62,1436.10159
2026-09-14 18:45:00,7.613,7.624,7.613,7.615,5037.71,38385.59569
2026-09-14 18:46:00,7.616,7.619,7.609,7.619,1157.55,8814.75554
2026-09-14 18:47:00,7.618,7.621,7.618,7.619,651.66,4964.5954
2026-09-14 18:48:00,7.618,7.626,7.615,7.625,4471.63,34081.6303
2026-09-14 18:49:00,7.625,7.625,7.62,7.62,2164.77,16500.35241
2026-09-14 18:50:00,7.62,7.621,7.619,7.62,968.92,7383.1089
2026-09-14 18:51:00,7.62,7.62,7.608,7.612,4992.11,37996.63151
2026-09-14 18:52:00,7.613,7.613,7.606,7.611,2797.11,21282.95196
2026-09-14 18:53:00,7.612,7.612,7.61,7.611,334.87,2548.66208
2026-09-14 18:54:00,7.611,7.611,7.607,7.607,1319.99,10043.36813
2026-09-14 18:55:00,7.607,7.61,7.605,7.61,2724.41,20725.59717
2026-09-14 18:56:00,7.61,7.611,7.608,7.61,2361.36,17969.67001
2026-09-14 18:57:00,7.611,7.614,7.608,7.608,181.99,1384.90229
2026-09-14 18:58:00,7.608,7.611,7.608,7.611,854.19,6499.85293
2026-09-14 18:59:00,7.611,7.611,7.609,7.609,573.97,4367.37272
2026-09-14 19:00:00,7.609,7.615,7.6,7.6,4835.95,36781.00828
2026-09-14 19:01:00,7.601,7.606,7.599,7.604,1938.13,14732.89859
2026-09-14 19:02:00,7.603,7.605,7.598,7.598,1538.69,11698.55639
2026-09-14 19:03:00,7.597,7.597,7.591,7.592,893.86,6787.04031
2026-09-14 19:04:00,7.592,7.598,7.592,7.594,1349.95,10252.04834
2026-09-14 19:05:00,7.594,7.594,7.59,7.592,926.14,7030.77692
2026-09-14 19:06:00,7.592,7.594,7.591,7.591,556.2,4223.36362
2026-09-14 19:07:00,7.592,7.6,7.592,7.6,3941.88,29945.84056
2026-09-14 19:08:00,7.599,7.599,7.591,7.591,974.37,7399.01263
2026-09-14 19:09:00,7.59,7.591,7.589,7.589,436.6,3313.7939
2026-09-14 19:10:00,7.589,7.592,7.584,7.589,2781.95,21114.51281
2026-09-14 19:11:00,7.591,7.595,7.591,7.595,82.38,625.44508
2026-09-14 19:12:00,7.596,7.6,7.596,7.6,610.16,4635.55751
2026-09-14 19:13:00,7.602,7.603,7.601,7.603,1828.7,13902.56047
2026-09-14 19:14:00,7.604,7.605,7.602,7.604,1453.97,11054.04281
2026-09-14 19:15:00,7.604,7.607,7.601,7.601,2014.91,15322.06665
2026-09-14 19:16:00,7.6,7.607,7.6,7.606,9101.78,69200.00166
2026-09-14 19:17:00,7.606,7.606,7.603,7.604,1307.66,9944.73219
2026-09-14 19:18:00,7.603,7.609,7.602,7.607,449.92,3421.80392
2026-09-14 19:19:00,7.606,7.617,7.606,7.617,451.82,3440.11216
2026-09-14 19:20:00,7.618,7.622,7.617,7.622,2367.66,18041.32737
2026-09-14 19:21:00,7.622,7.625,7.617,7.617,928.92,7080.29748
2026-09-14 19:22:00,7.617,7.618,7.613,7.618,1095.48,8344.28977
2026-09-14 19:23:00,7.618,7.625,7.618,7.624,2396.86,18272.89455
2026-09-14 19:24:00,7.624,7.628,7.623,7.627,1155.68,8812.89095
2026-09-14 19:25:00,7.628,7.629,7.623,7.623,4927.84,37582.48913
2026-09-14 19:26:00,7.622,7.623,7.622,7.622,524.04,3994.41695
2026-09-14 19:27:00,7.622,7.633,7.622,7.629,4062.65,30990.45144
2026-09-14 19:28:00,7.628,7.628,7.626,7.627,637.92,4865.19202
2026-09-14 19:29:00,7.628,7.632,7.628,7.632,184.71,1409.05182
2026-09-14 19:30:00,7.631,7.631,7.617,7.617,3471.34,26467.00867
2026-09-14 19:31:00,7.617,7.624,7.617,7.618,930.87,7095.9967
2026-09-14 19:32:00,7.618,7.619,7.617,7.618,872.3,6644.47132
2026-09-14 19:33:00,7.618,7.624,7.618,7.621,610.48,4652.47674
2026-09-14 19:34:00,7.621,7.621,7.605,7.609,3022.09,23006.75734
2026-09-14 19:35:00,7.608,7.608,7.601,7.602,709.73,5395.64118
2026-09-14 19:36:00,7.602,7.605,7.598,7.602,1013.96,7705.84491
2026-09-14 19:37:00,7.602,7.609,7.599,7.609,575.39,4373.50182
2026-09-14 19:38:00,7.608,7.608,7.599,7.599,698.67,5310.73896
2026-09-14 19:39:00,7.599,7.605,7.599,7.605,376.62,2863.07907
2026-09-14 19:40:00,7.605,7.614,7.605,7.614,292.71,2227.37881
2026-09-14 19:41:00,7.614,7.615,7.613,7.615,26.09,198.64825
2026-09-14 19:42:00,7.616,7.616,7.616,7.616,517.83,3943.79328
2026-09-14 19:43:00,7.617,7.619,7.617,7.618,1285.98,9797.26096
2026-09-14 19:44:00,7.618,7.626,7.617,7.623,4447.93,33902.34719
2026-09-14 19:45:00,7.623,7.623,7.618,7.62,1367.62,10423.6416
2026-09-14 19:46:00,7.62,7.621,7.62,7.62,715.94,5455.9578
2026-09-14 19:47:00,7.62,7.622,7.618,7.618,851.13,6485.7279
2026-09-14 19:48:00,7.619,7.619,7.613,7.617,2424.2,18462.8084
2026-09-14 19:49:00,7.617,7.619,7.616,7.618,93.0,708.43473
2026-09-14 19:50:00,7.618,7.619,7.617,7.618,1655.07,12608.25924
2026-09-14 19:51:00,7.618,7.619,7.615,7.615,1410.77,10746.95401
2026-09-14 19:52:00,7.617,7.618,7.612,7.613,567.36,4320.45294
2026-09-14 19:53:00,7.612,7.613,7.61,7.613,698.13,5313.79168
2026-09-14 19:54:00,7.613,7.614,7.612,7.614,493.55,3757.03815
2026-09-14 19:55:00,7.613,7.614,7.609,7.609,809.89,6165.04445
2026-09-14 19:56:00,7.609,7.609,7.605,7.605,643.56,4895.98128
2026-09-14 19:57:00,7.606,7.613,7.606,7.61,1402.02,10670.62253
2026-09-14 19:58:00,7.611,7.618,7.611,7.618,1532.06,11665.26217
2026-09-14 19:59:00,7.618,7.635,7.601,7.602,20394.33,155436.9115
2026-09-14 20:00:00,7.603,7.617,7.6,7.611,5469.21,41603.76867
2026-09-14 20:01:00,7.612,7.617,7.606,7.614,2838.76,21610.12207
2026-09-14 20:02:00,7.614,7.616,7.614,7.615,520.49,3963.25603
2026-09-14 20:03:00,7.616,7.619,7.616,7.619,285.11,2171.50232
2026-09-14 20:04:00,7.619,7.628,7.619,7.622,2756.79,21021.72611
2026-09-14 20:05:00,7.623,7.632,7.623,7.631,1222.99,9329.01158
2026-09-14 20:06:00,7.632,7.633,7.628,7.63,2067.07,15772.82265
2026-09-14 20:07:00,7.63,7.644,7.63,7.643,6019.88,45979.96248
2026-09-14 20:08:00,7.644,7.648,7.643,7.643,1450.55,11090.25706
2026-09-14 20:09:00,7.642,7.642,7.635,7.635,671.82,5131.05517
2026-09-14 20:10:00,7.635,7.638,7.634,7.638,1169.15,8926.83846
2026-09-14 20:11:00,7.638,7.638,7.634,7.634,1821.54,13906.89548
2026-09-14 20:12:00,7.636,7.686,7.632,7.683,21559.85,165154.46379
2026-09-14 20:13:00,7.682,7.687,7.65,7.664,11546.83,88605.53421
2026-09-14 20:14:00,7.664,7.675,7.658,7.674,5740.84,44009.16022
2026-09-14 20:15:00,7.675,7.699,7.675,7.688,9390.06,72204.40189
2026-09-14 20:16:00,7.687,7.707,7.687,7.703,13079.36,100711.74566
2026-09-14 20:17:00,7.702,7.712,7.696,7.711,7758.17,59773.30148
2026-09-14 20:18:00,7.711,7.723,7.709,7.722,2399.87,18522.13355
2026-09-14 20:19:00,7.722,7.737,7.72,7.734,15969.42,123397.75818
2026-09-14 20:20:00,7.733,7.747,7.732,7.739,12509.02,96821.43542
2026-09-14 20:21:00,7.74,7.742,7.714,7.723,6015.9,46465.24053
2026-09-14 20:22:00,7.722,7.743,7.718,7.741,2618.44,20239.27379
2026-09-14 20:23:00,7.74,7.763,7.737,7.749,15175.49,117676.50515
2026-09-14 20:24:00,7.749,7.761,7.749,7.756,7923.48,61445.33348
2026-09-14 20:25:00,7.757,7.766,7.757,7.761,8666.31,67273.75207
2026-09-14 20:26:00,7.761,7.762,7.749,7.752,3446.06,26717.29212
2026-09-14 20:27:00,7.752,7.756,7.737,7.75,3235.36,25076.43558
2026-09-14 20:28:00,7.751,7.758,7.733,7.749,12289.78,95204.79933
2026-09-14 20:29:00,7.748,7.751,7.74,7.745,3100.82,24011.42531
2026-09-14 20:30:00,7.745,7.748,7.742,7.745,237.23,1837.07531
2026-09-14 20:31:00,7.746,7.748,7.744,7.744,1220.51,9453.92948
2026-09-14 20:32:00,7.744,7.755,7.739,7.755,7337.2,56851.8694
2026-09-14 20:33:00,7.755,7.755,7.743,7.749,3497.29,27105.20068
2026-09-14 20:34:00,7.748,7.77,7.748,7.762,12652.6,98179.23412
2026-09-14 20:35:00,7.762,7.764,7.754,7.764,2500.16,19400.60104
2026-09-14 20:36:00,7.764,7.77,7.761,7.769,6084.93,47256.061
2026-09-14 20:37:00,7.769,7.775,7.76,7.76,4437.59,34486.32723
2026-09-14 20:38:00,7.759,7.766,7.754,7.766,2014.66,15630.03109
2026-09-14 20:39:00,7.766,7.768,7.762,7.762,1240.69,9636.44069
2026-09-14 20:40:00,7.762,7.767,7.762,7.767,1522.01,11817.74116
2026-09-14 20:41:00,7.768,7.784,7.768,7.779,12022.66,93473.01994
2026-09-14 20:42:00,7.78,7.803,7.78,7.795,18121.03,141233.19694
2026-09-14 20:43:00,7.795,7.798,7.777,7.782,8727.65,67953.51084
2026-09-14 20:44:00,7.782,7.786,7.779,7.779,3666.14,28538.4059
2026-09-14 20:45:00,7.78,7.789,7.777,7.787,6364.13,49539.51496
2026-09-14 20:46:00,7.787,7.8,7.782,7.785,5574.11,43436.8171
2026-09-14 20:47:00,7.785,7.785,7.78,7.78,1539.04,11976.1827
2026-09-14 20:48:00,7.78,7.78,7.758,7.77,10723.21,83281.25478
2026-09-14 20:49:00,7.769,7.775,7.766,7.77,8339.06,64801.99268
2026-09-14 20:50:00,7.77,7.773,7.761,7.761,1435.64,11155.27593
2026-09-14 20:51:00,7.761,7.766,7.749,7.758,3574.94,27745.68064
2026-09-14 20:52:00,7.759,7.768,7.758,7.76,3015.03,23406.56119
2026-09-14 20:53:00,7.76,7.762,7.757,7.76,854.68,6630.82104
2026-09-14 20:54:00,7.759,7.759,7.749,7.752,533.61,4136.88742
2026-09-14 20:55:00,7.752,7.752,7.745,7.745,3592.92,27839.80688
2026-09-14 20:56:00,7.744,7.745,7.722,7.729,8254.54,63820.0724
2026-09-14 20:57:00,7.729,7.734,7.728,7.728,2271.06,17559.2422
2026-09-14 20:58:00,7.728,7.728,7.72,7.722,4451.61,34390.35804
2026-09-14 20:59:00,7.721,7.725,7.72,7.725,943.68,7288.65101
2026-09-14 21:00:00,7.725,7.728,7.707,7.711,9726.21,75019.14967
2026-09-14 21:01:00,7.71,7.71,7.684,7.688,7022.07,54002.85128
2026-09-14 21:02:00,7.687,7.687,7.647,7.674,17071.88,130883.10972
2026-09-14 21:03:00,7.673,7.689,7.668,7.682,5084.49,39032.39793
2026-09-14 21:04:00,7.681,7.694,7.672,7.693,3490.63,26814.98659
2026-09-14 21:05:00,7.693,7.7,7.686,7.695,2630.7,20238.80474
2026-09-14 21:06:00,7.695,7.699,7.694,7.698,3120.99,24018.84298
2026-09-14 21:07:00,7.697,7.709,7.696,7.709,2140.82,16486.8924
2026-09-14 21:08:00,7.709,7.709,7.702,7.705,898.55,6926.30649
2026-09-14 21:09:00,7.704,7.704,7.692,7.693,2503.51,19271.12607
2026-09-14 21:10:00,7.692,7.692,7.677,7.68,2855.36,21937.14705
2026-09-14 21:11:00,7.679,7.684,7.669,7.67,3475.34,26673.39547
2026-09-14 21:12:00,7.67,7.672,7.666,7.667,1722.84,13213.69602
2026-09-14 21:13:00,7.667,7.672,7.667,7.67,258.36,1981.95464
2026-09-14 21:14:00,7.669,7.669,7.654,7.662,1502.73,11513.15033
2026-09-14 21:15:00,7.662,7.662,7.653,7.66,4134.78,31664.79902
2026-09-14 21:16:00,7.659,7.674,7.659,7.673,7665.36,58751.82837
2026-09-14 21:17:00,7.672,7.672,7.657,7.661,862.63,6612.22084
2026-09-14 21:18:00,7.662,7.674,7.661,7.674,3270.8,25078.54928
2026-09-14 21:19:00,7.675,7.677,7.666,7.666,1679.05,12880.44715
2026-09-14 21:20:00,7.666,7.666,7.66,7.666,473.15,3625.41759
2026-09-14 21:21:00,7.666,7.671,7.665,7.668,632.25,4848.30984
2026-09-14 21:22:00,7.667,7.669,7.662,7.663,1044.6,8007.89042
2026-09-14 21:23:00,7.663,7.677,7.663,7.675,670.92,5147.9972
2026-09-14 21:24:00,7.674,7.674,7.664,7.664,964.28,7395.1083
2026-09-14 21:25:00,7.663,7.663,7.656,7.656,715.74,5481.89855
2026-09-14 21:26:00,7.657,7.663,7.656,7.657,682.02,5224.98804
2026-09-14 21:27:00,7.656,7.656,7.656,7.656,51.13,391.45128
2026-09-14 21:28:00,7.656,7.662,7.655,7.655,4293.4,32881.40342
2026-09-14 21:29:00,7.654,7.657,7.644,7.646,2882.75,22054.85005
2026-09-14 21:30:00,7.646,7.662,7.645,7.661,3320.69,25424.9627
2026-09-14 21:31:00,7.662,7.671,7.66,7.67,10914.98,83670.08529
2026-09-14 21:32:00,7.67,7.67,7.657,7.663,971.73,7441.89546
2026-09-14 21:33:00,7.662,7.662,7.639,7.646,1765.61,13501.49876
2026-09-14 21:34:00,7.646,7.651,7.646,7.649,297.65,2276.42028
2026-09-14 21:35:00,7.648,7.65,7.642,7.642,135.15,1033.56021
2026-09-14 21:36:00,7.642,7.642,7.629,7.63,8791.68,67135.42568
2026-09-14 21:37:00,7.63,7.63,7.621,7.63,1237.47,9434.39778
2026-09-14 21:38:00,7.629,7.634,7.627,7.629,548.4,4185.06963
2026-09-14 21:39:00,7.629,7.633,7.624,7.624,1361.3,10384.28091
2026-09-14 21:40:00,7.627,7.636,7.627,7.634,651.59,4971.9341
2026-09-14 21:41:00,7.635,7.642,7.635,7.642,254.55,1943.70867
2026-09-14 21:42:00,7.642,7.643,7.638,7.638,33.31,254.46501
2026-09-14 21:43:00,7.639,7.64,7.639,7.64,11.64,88.91932
2026-09-14 21:44:00,7.638,7.638,7.638,7.638,153.96,1175.94648
2026-09-14 21:45:00,7.638,7.638,7.634,7.637,1474.54,11258.74435
2026-09-14 21:46:00,7.638,7.639,7.638,7.639,86.5,660.72751
2026-09-14 21:47:00,7.638,7.638,7.63,7.636,1124.7,8587.49542
2026-09-14 21:48:00,7.637,7.639,7.633,7.633,134.86,1029.7597
2026-09-14 21:49:00,7.633,7.644,7.633,7.644,203.56,1554.59731
2026-09-14 21:50:00,7.644,7.645,7.643,7.644,1289.31,9856.36738
2026-09-14 21:51:00,7.644,7.644,7.632,7.632,1021.3,7801.35101
2026-09-14 21:52:00,7.632,7.632,7.629,7.63,862.86,6583.29336
2026-09-14 21:53:00,7.631,7.636,7.631,7.635,45.24,345.30419
2026-09-14 21:54:00,7.635,7.636,7.634,7.634,844.04,6444.10285
2026-09-14 21:55:00,7.633,7.633,7.633,7.633,16.09,122.81497
2026-09-14 21:56:00,7.634,7.641,7.632,7.632,697.18,5323.70126
2026-09-14 21:57:00,7.632,7.634,7.631,7.634,23.37,178.37099
2026-09-14 21:58:00,7.634,7.634,7.632,7.633,413.97,3159.74652
2026-09-14 21:59:00,7.633,7.633,7.627,7.631,490.7,3743.28566
2026-09-14 22:00:00,7.631,7.634,7.62,7.62,1223.0,9332.05391
2026-09-14 22:01:00,7.62,7.631,7.608,7.63,1916.08,14598.41358
2026-09-14 22:02:00,7.63,7.634,7.626,7.626,510.7,3897.18043
2026-09-14 22:03:00,7.625,7.627,7.619,7.626,1867.37,14234.51707
2026-09-14 22:04:00,7.626,7.629,7.623,7.629,785.01,5987.28065
2026-09-14 22:05:00,7.63,7.637,7.63,7.636,2469.77,18856.55106
2026-09-14 22:06:00,7.636,7.639,7.636,7.639,238.61,1822.60222
2026-09-14 22:07:00,7.639,7.639,7.628,7.632,672.4,5135.14778
2026-09-14 22:08:00,7.633,7.644,7.633,7.643,1467.79,11208.75476
2026-09-14 22:09:00,7.643,7.651,7.641,7.651,1449.13,11076.80262
2026-09-14 22:10:00,7.651,7.658,7.645,7.651,2672.04,20453.75563
2026-09-14 22:11:00,7.651,7.653,7.646,7.653,215.88,1651.33564
2026-09-14 22:12:00,7.654,7.662,7.654,7.662,346.45,2653.22282
2026-09-14 22:13:00,7.661,7.677,7.66,7.674,6676.63,51207.38018
2026-09-14 22:14:00,7.673,7.673,7.665,7.665,710.81,5452.68012
2026-09-14 22:15:00,7.666,7.672,7.666,7.668,632.97,4855.42578
2026-09-14 22:16:00,7.669,7.672,7.669,7.669,973.69,7468.78222
2026-09-14 22:17:00,7.668,7.668,7.652,7.655,1414.16,10833.87707
2026-09-14 22:18:00,7.656,7.659,7.653,7.659,878.95,6727.62219
2026-09-14 22:19:00,7.658,7.658,7.643,7.643,635.49,4859.95339
2026-09-14 22:20:00,7.642,7.646,7.642,7.645,411.71,3147.20738
2026-09-14 22:21:00,7.644,7.646,7.638,7.644,942.9,7207.80218
2026-09-14 22:22:00,7.643,7.645,7.638,7.645,432.2,3302.353
2026-09-14 22:23:00,7.646,7.646,7.641,7.641,970.79,7421.71543
2026-09-14 22:24:00,7.64,7.64,7.636,7.636,597.41,4562.80763
2026-09-14 22:25:00,7.637,7.652,7.634,7.652,5389.06,41167.91797
2026-09-14 22:26:00,7.649,7.649,7.636,7.637,1155.54,8832.99967
2026-09-14 22:27:00,7.637,7.638,7.636,7.636,484.03,3696.25912
2026-09-14 22:28:00,7.635,7.635,7.628,7.633,435.44,3322.67633
2026-09-14 22:29:00,7.634,7.641,7.634,7.641,875.64,6686.80156
2026-09-14 22:30:00,7.642,7.644,7.641,7.641,501.78,3835.41269
2026-09-14 22:31:00,7.64,7.644,7.628,7.634,2487.83,19001.69977
2026-09-14 22:32:00,7.633,7.639,7.633,7.639,244.72,1868.81648
2026-09-14 22:33:00,7.64,7.64,7.631,7.633,896.45,6847.80119
2026-09-14 22:34:00,7.633,7.634,7.627,7.628,3009.37,22963.56642
2026-09-14 22:35:00,7.627,7.635,7.624,7.634,1402.77,10699.46562
2026-09-14 22:36:00,7.635,7.641,7.635,7.64,906.86,6926.59732
2026-09-14 22:37:00,7.64,7.642,7.637,7.639,532.68,4070.60943
2026-09-14 22:38:00,7.639,7.639,7.63,7.636,2161.3,16505.06186
2026-09-14 22:39:00,7.636,7.639,7.629,7.629,1856.66,14177.58855
2026-09-14 22:40:00,7.63,7.63,7.627,7.627,501.43,3825.74176
2026-09-14 22:41:00,7.628,7.628,7.625,7.626,157.87,1203.83473
2026-09-14 22:42:00,7.626,7.632,7.626,7.629,1025.39,7823.91412
2026-09-14 22:43:00,7.631,7.633,7.63,7.631,17.03,129.9701
2026-09-14 22:44:00,7.631,7.631,7.627,7.628,380.76,2905.34493
2026-09-14 22:45:00,7.628,7.628,7.625,7.626,89.14,679.75039
2026-09-14 22:46:00,7.626,7.627,7.624,7.625,1220.92,9309.93116
2026-09-14 22:47:00,7.624,7.624,7.617,7.62,1329.29,10129.32898
2026-09-14 22:48:00,7.62,7.623,7.614,7.62,3664.87,27929.19125
2026-09-14 22:49:00,7.62,7.622,7.613,7.616,7021.32,53495.36806
2026-09-14 22:50:00,7.616,7.62,7.616,7.62,139.07,1059.56419
2026-09-14 22:51:00,7.621,7.623,7.621,7.622,360.11,2744.73035
2026-09-14 22:52:00,7.621,7.622,7.617,7.62,1373.06,10463.18903
2026-09-14 22:53:00,7.622,7.622,7.622,7.622,286.97,2187.28534
2026-09-14 22:54:00,7.623,7.624,7.623,7.623,73.86,563.06667
2026-09-14 22:55:00,7.624,7.625,7.623,7.625,454.99,3469.07358
2026-09-14 22:56:00,7.625,7.625,7.624,7.624,376.99,2874.17359
2026-09-14 22:57:00,7.623,7.625,7.623,7.625,3442.19,26246.24907
2026-09-14 22:58:00,7.625,7.626,7.622,7.622,1848.67,14095.56106
2026-09-14 22:59:00,7.621,7.621,7.617,7.618,74.48,567.39821
2026-09-14 23:00:00,7.618,7.627,7.614,7.618,5896.38,44924.95055
2026-09-14 23:01:00,7.617,7.62,7.616,7.617,902.77,6877.70901
2026-09-14 23:02:00,7.618,7.618,7.615,7.617,91.39,696.14838
2026-09-14 23:03:00,7.618,7.618,7.613,7.613,700.8,5335.20485
2026-09-14 23:04:00,7.613,7.613,7.608,7.608,917.34,6980.43056
2026-09-14 23:05:00,7.608,7.609,7.608,7.609,104.58,795.73774
2026-09-14 23:06:00,7.608,7.608,7.601,7.607,5202.66,39566.54826
2026-09-14 23:07:00,7.608,7.616,7.605,7.616,1893.51,14404.8855
2026-09-14 23:08:00,7.617,7.619,7.616,7.618,972.58,7407.88046
2026-09-14 23:09:00,7.617,7.617,7.614,7.617,1550.53,11808.99138
2026-09-14 23:10:00,7.618,7.621,7.618,7.618,1571.78,11975.86443
2026-09-14 23:11:00,7.619,7.621,7.619,7.621,508.38,3873.72639
2026-09-14 23:12:00,7.621,7.621,7.618,7.618,1750.61,13337.65814
2026-09-14 23:13:00,7.62,7.62,7.613,7.615,1273.72,9701.07298
2026-09-14 23:14:00,7.615,7.618,7.615,7.617,419.56,3196.01393
2026-09-14 23:15:00,7.617,7.623,7.616,7.618,6805.38,51848.4809
2026-09-14 23:16:00,7.617,7.617,7.614,7.615,1145.69,8724.59381
2026-09-14 23:17:00,7.615,7.615,7.612,7.613,365.4,2782.30497
2026-09-14 23:18:00,7.612,7.613,7.612,7.612,295.03,2245.98273
2026-09-14 23:19:00,7.612,7.613,7.608,7.608,1342.34,10215.73949
2026-09-14 23:20:00,7.609,7.611,7.609,7.611,351.34,2673.99536
2026-09-14 23:21:00,7.611,7.612,7.608,7.608,353.56,2691.1101
2026-09-14 23:22:00,7.607,7.608,7.607,7.608,354.86,2699.76986
2026-09-14 23:23:00,7.61,7.614,7.61,7.614,200.35,1525.04865
2026-09-14 23:24:00,7.614,7.617,7.613,7.613,1628.72,12403.00646
2026-09-14 23:25:00,7.613,7.614,7.609,7.609,4144.5,31546.31148
2026-09-14 23:26:00,7.609,7.61,7.608,7.61,2030.05,15446.75665
2026-09-14 23:27:00,7.609,7.609,7.601,7.606,3467.38,26368.86432
2026-09-14 23:28:00,7.606,7.607,7.593,7.596,6925.64,52624.0338
2026-09-14 23:29:00,7.597,7.598,7.587,7.588,9697.14,73633.95038
2026-09-14 23:30:00,7.588,7.59,7.586,7.589,479.07,3635.1534
2026-09-14 23:31:00,7.588,7.588,7.586,7.586,2281.3,17308.01963
2026-09-14 23:32:00,7.585,7.585,7.58,7.584,7308.19,55416.85486
2026-09-14 23:33:00,7.584,7.585,7.584,7.585,380.58,2886.31964
2026-09-14 23:34:00,7.585,7.588,7.576,7.576,3410.12,25850.4596
2026-09-14 23:35:00,7.577,7.577,7.574,7.574,49.77,376.99387
2026-09-14 23:36:00,7.573,7.574,7.573,7.574,60.11,455.23755
2026-09-14 23:37:00,7.573,7.573,7.571,7.571,2318.27,17552.72559
2026-09-14 23:38:00,7.571,7.575,7.569,7.575,1909.49,14458.90222
2026-09-14 23:39:00,7.575,7.586,7.575,7.581,1250.9,9482.14911
2026-09-14 23:40:00,7.58,7.582,7.58,7.582,288.06,2183.57703
2026-09-14 23:41:00,7.583,7.585,7.583,7.584,24.84,188.38986
2026-09-14 23:42:00,7.585,7.587,7.583,7.583,724.39,5495.40404
2026-09-14 23:43:00,7.582,7.582,7.581,7.581,501.02,3798.62969
2026-09-14 23:44:00,7.581,7.582,7.579,7.581,1158.05,8778.26559
2026-09-14 23:45:00,7.581,7.581,7.574,7.575,1853.92,14048.77454
2026-09-14 23:46:00,7.575,7.575,7.575,7.575,912.1,6909.1575
2026-09-14 23:47:00,7.574,7.574,7.571,7.574,475.2,3598.69838
2026-09-14 23:48:00,7.574,7.575,7.574,7.575,50.99,386.24448
2026-09-14 23:49:00,7.575,7.575,7.574,7.574,548.78,4156.66868
2026-09-14 23:50:00,7.573,7.573,7.571,7.571,1130.54,8560.32089
2026-09-14 23:51:00,7.57,7.57,7.565,7.565,76.42,578.2671
2026-09-14 23:52:00,7.565,7.565,7.562,7.562,875.68,6622.84991
2026-09-14 23:53:00,7.562,7.565,7.562,7.564,1170.43,8852.93629
2026-09-14 23:54:00,7.564,7.565,7.564,7.565,88.85,672.07215
2026-09-14 23:55:00,7.565,7.565,7.565,7.565,11.36,85.9384
2026-09-14 23:56:00,7.565,7.567,7.561,7.561,170.01,1286.13583
2026-09-14 23:57:00,7.56,7.56,7.558,7.56,1529.08,11559.30794
2026-09-14 23:58:00,7.559,7.559,7.559,7.559,326.07,2464.76313
2026-09-14 23:59:00,7.56,7.563,7.559,7.563,5594.13,42292.93383
2026-09-15 00:00:00,7.563,7.616,7.563,7.606,28892.4,219330.07932
2026-09-15 00:01:00,7.607,7.612,7.596,7.597,17644.06,134098.66417
2026-09-15 00:02:00,7.597,7.597,7.577,7.58,2682.32,20335.3167
2026-09-15 00:03:00,7.58,7.586,7.573,7.582,2353.08,17837.58183
2026-09-15 00:04:00,7.582,7.583,7.569,7.571,4736.88,35896.60282
2026-09-15 00:05:00,7.57,7.572,7.569,7.572,1808.49,13691.56727
2026-09-15 00:06:00,7.571,7.576,7.57,7.571,1741.32,13187.50569
2026-09-15 00:07:00,7.571,7.571,7.567,7.569,800.51,6059.14151
2026-09-15 00:08:00,7.569,7.571,7.568,7.571,296.39,2243.46466
2026-09-15 00:09:00,7.572,7.582,7.572,7.579,1404.15,10640.73587
2026-09-15 00:10:00,7.579,7.579,7.574,7.576,668.08,5061.79901
2026-09-15 00:11:00,7.576,7.576,7.569,7.569,1273.69,9644.7104
2026-09-15 00:12:00,7.57,7.575,7.57,7.573,361.85,2740.21753
2026-09-15 00:13:00,7.574,7.576,7.571,7.571,370.6,2807.11776
2026-09-15 00:14:00,7.571,7.571,7.571,7.571,284.24,2151.98104
2026-09-15 00:15:00,7.571,7.573,7.569,7.573,331.98,2513.16927
2026-09-15 00:16:00,7.574,7.574,7.57,7.57,338.34,2562.22733
2026-09-15 00:17:00,7.57,7.57,7.568,7.569,139.8,1058.14996
2026-09-15 00:18:00,7.568,7.569,7.567,7.567,683.29,5171.1464
2026-09-15 00:19:00,7.567,7.57,7.567,7.569,893.46,6762.45752
2026-09-15 00:20:00,7.568,7.568,7.563,7.566,1104.34,8353.94384
2026-09-15 00:21:00,7.566,7.569,7.564,7.569,662.53,5013.17801
2026-09-15 00:22:00,7.568,7.568,7.568,7.568,15.74,119.12032
2026-09-15 00:23:00,7.568,7.58,7.568,7.576,2818.37,21342.57102
2026-09-15 00:24:00,7.576,7.576,7.57,7.57,857.67,6494.16755
2026-09-15 00:25:00,7.569,7.574,7.568,7.574,1212.55,9176.9336
2026-09-15 00:26:00,7.574,7.577,7.573,7.577,57.27,433.76743
2026-09-15 00:27:00,7.576,7.576,7.57,7.57,473.84,3588.36553
2026-09-15 00:28:00,7.57,7.57,7.564,7.564,265.64,2010.06496
2026-09-15 00:29:00,7.563,7.566,7.563,7.566,31.46,237.96467
2026-09-15 00:30:00,7.566,7.566,7.565,7.565,347.92,2632.32468
2026-09-15 00:31:00,7.565,7.574,7.565,7.573,501.85,3799.0647
2026-09-15 00:32:00,7.573,7.576,7.573,7.574,580.88,4399.73891
2026-09-15 00:33:00,7.574,7.579,7.574,7.577,256.24,1941.57755
2026-09-15 00:34:00,7.578,7.585,7.578,7.585,532.1,4035.55039
2026-09-15 00:35:00,7.584,7.591,7.584,7.591,136.0,1031.93637
2026-09-15 00:36:00,7.591,7.597,7.578,7.588,2440.07,18514.30739
2026-09-15 00:37:00,7.588,7.594,7.586,7.591,224.11,1701.50141
2026-09-15 00:38:00,7.591,7.591,7.59,7.59,66.02,501.12527
2026-09-15 00:39:00,7.589,7.589,7.588,7.588,15.07,114.36492
2026-09-15 00:40:00,7.589,7.589,7.583,7.583,49.39,374.64643
2026-09-15 00:41:00,7.583,7.585,7.581,7.581,451.1,3421.07248
2026-09-15 00:42:00,7.582,7.582,7.57,7.571,397.02,3007.76566
2026-09-15 00:43:00,7.571,7.571,7.568,7.57,324.45,2455.66357
2026-09-15 00:44:00,7.571,7.573,7.571,7.572,122.44,927.2104
2026-09-15 00:45:00,7.572,7.579,7.572,7.576,659.6,4997.27231
2026-09-15 00:46:00,7.576,7.576,7.573,7.574,432.5,3275.66576
2026-09-15 00:47:00,7.574,7.574,7.567,7.57,686.12,5192.95481
2026-09-15 00:48:00,7.571,7.573,7.569,7.573,196.82,1490.20258
2026-09-15 00:49:00,7.573,7.581,7.573,7.58,1046.38,7929.76344
2026-09-15 00:50:00,7.581,7.582,7.579,7.582,244.69,1854.54774
2026-09-15 00:51:00,7.583,7.584,7.58,7.58,49.96,378.78094
2026-09-15 00:52:00,7.58,7.582,7.579,7.579,86.06,652.44688
2026-09-15 00:53:00,7.579,7.584,7.579,7.583,309.9,2349.58566
2026-09-15 00:54:00,7.582,7.582,7.581,7.581,39.56,299.90772
2026-09-15 00:55:00,7.58,7.583,7.575,7.578,4146.13,31429.28624
2026-09-15 00:56:00,7.579,7.58,7.578,7.578,973.94,7381.35083
2026-09-15 00:57:00,7.577,7.577,7.572,7.573,632.76,4793.18951
2026-09-15 00:58:00,7.574,7.577,7.574,7.577,181.65,1375.96576
2026-09-15 00:59:00,7.576,7.578,7.576,7.576,743.93,5637.18861
2026-09-15 01:00:00,7.577,7.577,7.569,7.569,288.75,2186.81116
2026-09-15 01:01:00,7.568,7.57,7.566,7.567,1203.62,9109.12234
2026-09-15 01:02:00,7.567,7.568,7.56,7.564,2062.81,15602.99795
2026-09-15 01:03:00,7.564,7.568,7.564,7.565,2131.99,16130.19784
2026-09-15 01:04:00,7.565,7.574,7.562,7.562,3782.85,28630.5765
2026-09-15 01:05:00,7.562,7.564,7.561,7.561,119.23,901.65
2026-09-15 01:06:00,7.561,7.565,7.559,7.562,1888.16,14274.63151
2026-09-15 01:07:00,7.561,7.561,7.554,7.554,198.06,1497.2672
2026-09-15 01:08:00,7.555,7.563,7.555,7.555,967.44,7311.41946
2026-09-15 01:09:00,7.555,7.555,7.548,7.548,3897.73,29429.76417
2026-09-15 01:10:00,7.548,7.55,7.544,7.547,561.53,4238.70232
2026-09-15 01:11:00,7.547,7.554,7.547,7.553,640.66,4837.52692
2026-09-15 01:12:00,7.554,7.556,7.552,7.552,397.31,3001.49679
2026-09-15 01:13:00,7.552,7.553,7.547,7.553,2383.74,18000.86637
2026-09-15 01:14:00,7.553,7.554,7.543,7.544,2058.94,15536.85027
2026-09-15 01:15:00,7.543,7.547,7.541,7.547,3195.73,24111.19491
2026-09-15 01:16:00,7.547,7.552,7.543,7.55,4222.94,31866.32558
2026-09-15 01:17:00,7.551,7.553,7.551,7.553,474.8,3585.69141
2026-09-15 01:18:00,7.554,7.557,7.546,7.547,1248.18,9423.72477
2026-09-15 01:19:00,7.547,7.553,7.547,7.552,383.92,2899.47126
2026-09-15 01:20:00,7.552,7.557,7.552,7.556,115.81,875.09006
2026-09-15 01:21:00,7.556,7.557,7.553,7.555,179.54,1356.1601
2026-09-15 01:22:00,7.556,7.572,7.556,7.569,649.14,4911.81748
2026-09-15 01:23:00,7.569,7.57,7.567,7.569,266.83,2019.54898
2026-09-15 01:24:00,7.568,7.571,7.562,7.565,2687.56,20335.31368
2026-09-15 01:25:00,7.566,7.567,7.564,7.566,788.83,5967.55349
2026-09-15 01:26:00,7.565,7.565,7.558,7.559,453.16,3426.08263
2026-09-15 01:27:00,7.558,7.558,7.54,7.542,3001.18,22637.86129
2026-09-15 01:28:00,7.542,7.542,7.534,7.534,1168.85,8809.47286
2026-09-15 01:29:00,7.533,7.54,7.532,7.536,3764.68,28374.88582
2026-09-15 01:30:00,7.536,7.539,7.534,7.539,253.0,1906.98781
2026-09-15 01:31:00,7.54,7.556,7.538,7.552,6100.19,46072.88379
2026-09-15 01:32:00,7.553,7.558,7.553,7.557,1036.58,7832.51626
2026-09-15 01:33:00,7.557,7.557,7.551,7.553,240.48,1816.13301
2026-09-15 01:34:00,7.552,7.553,7.55,7.55,651.73,4921.64071
2026-09-15 01:35:00,7.55,7.553,7.55,7.553,3110.45,23483.99579
2026-09-15 01:36:00,7.552,7.552,7.55,7.55,122.24,922.93856
2026-09-15 01:37:00,7.551,7.552,7.55,7.55,737.71,5570.98138
2026-09-15 01:38:00,7.551,7.551,7.55,7.551,583.88,4408.43714
2026-09-15 01:39:00,7.551,7.555,7.551,7.555,40.33,304.65364
2026-09-15 01:40:00,7.554,7.555,7.551,7.552,854.98,6457.26742
2026-09-15 01:41:00,7.552,7.553,7.552,7.553,158.34,1195.81105
2026-09-15 01:42:00,7.554,7.557,7.554,7.557,102.2,772.10528
2026-09-15 01:43:00,7.557,7.559,7.555,7.559,872.11,6590.08618
2026-09-15 01:44:00,7.558,7.558,7.556,7.557,141.46,1068.99113
2026-09-15 01:45:00,7.556,7.557,7.545,7.556,5030.14,37979.73742
2026-09-15 01:46:00,7.556,7.556,7.554,7.556,35.74,270.0209
2026-09-15 01:47:00,7.557,7.56,7.557,7.559,176.02,1330.3871
2026-09-15 01:48:00,7.558,7.559,7.558,7.559,107.62,813.42001
2026-09-15 01:49:00,7.56,7.567,7.56,7.566,915.59,6924.45488
2026-09-15 01:50:00,7.566,7.566,7.56,7.56,178.57,1350.6181
2026-09-15 01:51:00,7.56,7.56,7.552,7.554,138.41,1045.71822
2026-09-15 01:52:00,7.553,7.554,7.551,7.551,132.8,1002.98125
2026-09-15 01:53:00,7.551,7.553,7.551,7.553,89.41,675.20283
2026-09-15 01:54:00,7.553,7.556,7.552,7.555,499.83,3775.60517
2026-09-15 01:55:00,7.555,7.559,7.555,7.559,160.39,1211.93467
2026-09-15 01:56:00,7.559,7.56,7.559,7.56,239.32,1809.0699
2026-09-15 01:57:00,7.56,7.56,7.555,7.555,286.84,2167.39147
2026-09-15 01:58:00,7.555,7.555,7.553,7.554,327.5,2473.85066
2026-09-15 01:59:00,7.554,7.554,7.546,7.55,1921.58,14507.06365
2026-09-15 02:00:00,7.551,7.554,7.551,7.554,891.5,6734.03847
2026-09-15 02:01:00,7.554,7.555,7.549,7.553,884.16,6677.10442
2026-09-15 02:02:00,7.554,7.558,7.554,7.558,180.73,1365.76959
2026-09-15 02:03:00,7.559,7.559,7.554,7.558,195.91,1480.50236
2026-09-15 02:04:00,7.557,7.558,7.556,7.558,451.49,3412.25239
2026-09-15 02:05:00,7.557,7.558,7.555,7.555,61.98,468.38717
2026-09-15 02:06:00,7.554,7.554,7.549,7.549,278.7,2104.71555
2026-09-15 02:07:00,7.548,7.548,7.544,7.544,37.87,285.78721
2026-09-15 02:08:00,7.543,7.549,7.542,7.549,277.33,2092.71931
2026-09-15 02:09:00,7.549,7.556,7.549,7.556,761.63,5753.1887
2026-09-15 02:10:00,7.556,7.557,7.554,7.555,481.7,3639.96284
2026-09-15 02:11:00,7.555,7.564,7.555,7.564,309.1,2336.97873
2026-09-15 02:12:00,7.565,7.568,7.564,7.564,314.33,2378.32646
2026-09-15 02:13:00,7.563,7.564,7.563,7.564,24.37,184.33131
2026-09-15 02:14:00,7.563,7.563,7.56,7.56,74.11,560.3892
2026-09-15 02:15:00,7.56,7.561,7.558,7.558,88.08,665.91027
2026-09-15 02:16:00,7.558,7.562,7.557,7.562,657.49,4969.57596
2026-09-15 02:17:00,7.563,7.565,7.562,7.564,435.56,3294.67604
2026-09-15 02:18:00,7.563,7.563,7.558,7.558,64.19,485.37273
2026-09-15 02:19:00,7.558,7.558,7.557,7.557,307.0,2320.15197
2026-09-15 02:20:00,7.558,7.558,7.557,7.557,37.23,281.35393
2026-09-15 02:21:00,7.557,7.56,7.555,7.556,155.42,1174.47208
2026-09-15 02:22:00,7.555,7.555,7.553,7.554,31.44,237.48284
2026-09-15 02:23:00,7.555,7.556,7.553,7.553,107.34,810.99226
2026-09-15 02:24:00,7.556,7.556,7.555,7.555,12.29,92.85724
2026-09-15 02:25:00,7.555,7.561,7.555,7.561,412.25,3115.62568
2026-09-15 02:26:00,7.561,7.561,7.559,7.559,202.89,1533.9142
2026-09-15 02:27:00,7.56,7.566,7.56,7.565,2229.94,16867.34331
2026-09-15 02:28:00,7.565,7.565,7.556,7.556,552.26,4175.51117
2026-09-15 02:29:00,7.556,7.56,7.556,7.556,345.69,2612.57816
2026-09-15 02:30:00,7.556,7.556,7.554,7.556,171.45,1295.39433
2026-09-15 02:31:00,7.557,7.561,7.557,7.559,591.38,4470.85756
2026-09-15 02:32:00,7.559,7.559,7.55,7.55,5376.8,40603.27588
2026-09-15 02:33:00,7.55,7.563,7.55,7.56,2248.71,16996.40152
2026-09-15 02:34:00,7.562,7.564,7.561,7.561,271.59,2054.09096
2026-09-15 02:35:00,7.561,7.561,7.556,7.556,762.99,5766.85606
2026-09-15 02:36:00,7.555,7.555,7.552,7.554,935.5,7065.51635
2026-09-15 02:37:00,7.553,7.553,7.55,7.552,581.18,4388.47023
2026-09-15 02:38:00,7.552,7.552,7.547,7.551,3174.47,23969.34747
2026-09-15 02:39:00,7.55,7.553,7.549,7.553,484.06,3654.86753
2026-09-15 02:40:00,7.553,7.557,7.549,7.549,430.62,3252.5894
2026-09-15 02:41:00,7.55,7.552,7.55,7.552,133.15,1005.39318
2026-09-15 02:42:00,7.553,7.553,7.549,7.552,312.69,2360.84849
2026-09-15 02:43:00,7.553,7.56,7.553,7.56,152.6,1153.18071
2026-09-15 02:44:00,7.561,7.561,7.559,7.561,777.97,5881.37713
2026-09-15 02:45:00,7.562,7.566,7.562,7.565,50.75,383.93906
2026-09-15 02:46:00,7.566,7.567,7.566,7.567,52.25,395.33544
2026-09-15 02:47:00,7.567,7.567,7.564,7.564,545.06,4123.31947
2026-09-15 02:48:00,7.564,7.564,7.56,7.564,287.7,2175.77609
2026-09-15 02:49:00,7.564,7.564,7.561,7.563,449.06,3396.02726
2026-09-15 02:50:00,7.563,7.569,7.563,7.566,3864.21,29236.09121
2026-09-15 02:51:00,7.566,7.572,7.563,7.567,7960.34,60247.47236
2026-09-15 02:52:00,7.569,7.573,7.569,7.573,320.66,2427.85612
2026-09-15 02:53:00,7.573,7.575,7.571,7.572,747.6,5661.51416
2026-09-15 02:54:00,7.572,7.572,7.56,7.566,1458.18,11031.46839
2026-09-15 02:55:00,7.567,7.574,7.567,7.574,834.99,6322.48449
2026-09-15 02:56:00,7.576,7.577,7.569,7.575,8157.63,61783.33331
2026-09-15 02:57:00,7.575,7.58,7.575,7.576,1451.52,10998.65334
2026-09-15 02:58:00,7.577,7.577,7.573,7.573,219.02,1659.27521
2026-09-15 02:59:00,7.574,7.574,7.574,7.574,53.72,406.87528
2026-09-15 03:00:00,7.574,7.574,7.565,7.566,1099.55,8321.75567
2026-09-15 03:01:00,7.566,7.566,7.556,7.556,795.04,6012.85539
2026-09-15 03:02:00,7.556,7.556,7.542,7.544,3581.39,27036.5658
2026-09-15 03:03:00,7.545,7.551,7.537,7.548,6421.02,48450.97335
2026-09-15 03:04:00,7.548,7.549,7.542,7.546,1975.02,14905.98576
2026-09-15 03:05:00,7.547,7.551,7.544,7.547,791.35,5972.91535
2026-09-15 03:06:00,7.547,7.547,7.543,7.545,437.2,3298.70661
2026-09-15 03:07:00,7.544,7.549,7.539,7.549,715.69,5399.33744
2026-09-15 03:08:00,7.548,7.548,7.541,7.541,511.11,3856.2882
2026-09-15 03:09:00,7.541,7.541,7.539,7.54,442.86,3339.21068
2026-09-15 03:10:00,7.54,7.54,7.533,7.533,4224.69,31847.01661
2026-09-15 03:11:00,7.534,7.535,7.512,7.515,5056.26,38032.87026
2026-09-15 03:12:00,7.515,7.525,7.51,7.523,1842.66,13850.71455
2026-09-15 03:13:00,7.523,7.524,7.511,7.518,1184.87,8904.84629
2026-09-15 03:14:00,7.518,7.519,7.516,7.517,167.1,1256.34728
2026-09-15 03:15:00,7.516,7.517,7.51,7.51,366.62,2754.67279
2026-09-15 03:16:00,7.511,7.512,7.504,7.512,2177.82,16354.47804
2026-09-15 03:17:00,7.513,7.518,7.512,7.515,1659.96,12475.33645
2026-09-15 03:18:00,7.514,7.517,7.513,7.517,1277.07,9595.37865
2026-09-15 03:19:00,7.518,7.525,7.518,7.525,378.86,2849.87234
2026-09-15 03:20:00,7.524,7.528,7.522,7.526,994.54,7484.06458
2026-09-15 03:21:00,7.526,7.53,7.526,7.527,372.17,2801.51328
2026-09-15 03:22:00,7.527,7.527,7.518,7.52,1566.75,11787.3153
2026-09-15 03:23:00,7.52,7.521,7.518,7.519,432.53,3252.62463
2026-09-15 03:24:00,7.519,7.519,7.516,7.517,361.1,2714.57579
2026-09-15 03:25:00,7.517,7.521,7.517,7.521,145.75,1095.83476
2026-09-15 03:26:00,7.52,7.521,7.518,7.518,541.27,4070.46715
2026-09-15 03:27:00,7.519,7.521,7.519,7.521,94.58,711.23575
2026-09-15 03:28:00,7.522,7.522,7.521,7.522,233.88,1759.02524
2026-09-15 03:29:00,7.523,7.524,7.521,7.521,53.71,404.03633
2026-09-15 03:30:00,7.522,7.526,7.521,7.526,1053.49,7924.84949
2026-09-15 03:31:00,7.526,7.54,7.526,7.534,6154.42,46372.38176
2026-09-15 03:32:00,7.534,7.547,7.534,7.547,8694.73,65570.82202
2026-09-15 03:33:00,7.548,7.557,7.548,7.556,1848.5,13966.40456
2026-09-15 03:34:00,7.556,7.556,7.552,7.552,824.64,6229.64008
2026-09-15 03:35:00,7.553,7.554,7.552,7.552,156.18,1179.71114
2026-09-15 03:36:00,7.552,7.559,7.552,7.557,310.56,2346.53347
2026-09-15 03:37:00,7.556,7.557,7.555,7.557,490.93,3709.50283
2026-09-15 03:38:00,7.557,7.568,7.557,7.564,1514.41,11456.88096
2026-09-15 03:39:00,7.565,7.565,7.55,7.55,49.01,370.4208
2026-09-15 03:40:00,7.551,7.552,7.549,7.549,1496.47,11297.72322
2026-09-15 03:41:00,7.55,7.553,7.547,7.553,4108.25,31013.39255
2026-09-15 03:42:00,7.554,7.557,7.549,7.549,3926.67,29656.85647
2026-09-15 03:43:00,7.549,7.55,7.548,7.548,342.2,2583.49145
2026-09-15 03:44:00,7.55,7.553,7.549,7.553,159.62,1205.34067
2026-09-15 03:45:00,7.554,7.555,7.552,7.554,868.99,6564.26529
2026-09-15 03:46:00,7.553,7.561,7.551,7.558,4472.38,33791.166
2026-09-15 03:47:00,7.557,7.557,7.552,7.552,23.17,175.04273
2026-09-15 03:48:00,7.552,7.553,7.551,7.551,311.07,2349.2153
2026-09-15 03:49:00,7.554,7.555,7.55,7.55,761.63,5751.38892
2026-09-15 03:50:00,7.55,7.55,7.545,7.545,196.87,1485.65465
2026-09-15 03:51:00,7.547,7.554,7.547,7.55,3427.67,25881.1313
2026-09-15 03:52:00,7.55,7.55,7.547,7.549,923.36,6969.95721
2026-09-15 03:53:00,7.55,7.55,7.55,7.55,2.28,17.214
2026-09-15 03:54:00,7.549,7.549,7.541,7.541,156.12,1178.29318
2026-09-15 03:55:00,7.541,7.541,7.54,7.54,86.55,652.67267
2026-09-15 03:56:00,7.541,7.541,7.538,7.539,385.69,2907.79514
2026-09-15 03:57:00,7.538,7.541,7.538,7.54,707.42,5333.60604
2026-09-15 03:58:00,7.541,7.543,7.541,7.543,25.09,189.20605
2026-09-15 03:59:00,7.541,7.543,7.541,7.543,177.61,1339.53498
2026-09-15 04:00:00,7.544,7.55,7.54,7.545,1617.17,12202.35714
2026-09-15 04:01:00,7.545,7.548,7.544,7.546,2695.25,20336.8797
2026-09-15 04:02:00,7.547,7.549,7.547,7.547,66.98,505.54441
2026-09-15 04:03:00,7.547,7.547,7.539,7.542,237.75,1793.09354
2026-09-15 04:04:00,7.543,7.556,7.543,7.556,663.32,5008.236
2026-09-15 04:05:00,7.554,7.555,7.549,7.549,1012.84,7650.30419
2026-09-15 04:06:00,7.548,7.548,7.546,7.546,6.45,48.67725
2026-09-15 04:07:00,7.546,7.546,7.528,7.528,1610.15,12131.06356
2026-09-15 04:08:00,7.528,7.537,7.524,7.534,4297.28,32374.44814
2026-09-15 04:09:00,7.534,7.535,7.534,7.535,40.05,301.76565
2026-09-15 04:10:00,7.535,7.535,7.533,7.534,239.48,1804.17536
2026-09-15 04:11:00,7.534,7.535,7.533,7.533,90.41,681.12842
2026-09-15 04:12:00,7.532,7.532,7.522,7.522,565.27,4254.29555
2026-09-15 04:13:00,7.523,7.531,7.523,7.53,882.08,6638.18449
2026-09-15 04:14:00,7.53,7.53,7.523,7.523,648.72,4884.03335
2026-09-15 04:15:00,7.522,7.524,7.521,7.524,339.93,2556.9475
2026-09-15 04:16:00,7.524,7.529,7.524,7.529,167.94,1263.86571
2026-09-15 04:17:00,7.528,7.528,7.527,7.528,17.26,129.92806
2026-09-15 04:18:00,7.529,7.533,7.529,7.532,133.76,1007.33487
2026-09-15 04:19:00,7.533,7.538,7.533,7.538,287.37,2165.37379
2026-09-15 04:20:00,7.539,7.544,7.539,7.544,237.04,1787.72852
2026-09-15 04:21:00,7.544,7.544,7.541,7.542,95.06,716.991
2026-09-15 04:22:00,7.541,7.541,7.536,7.536,423.19,3189.26853
2026-09-15 04:23:00,7.537,7.537,7.534,7.534,180.53,1360.1225
2026-09-15 04:24:00,7.534,7.534,7.533,7.533,160.47,1208.82425
2026-09-15 04:25:00,7.533,7.533,7.53,7.53,8.01,60.32538
2026-09-15 04:26:00,7.529,7.529,7.527,7.528,134.41,1011.88552
2026-09-15 04:27:00,7.528,7.53,7.525,7.525,1189.35,8952.46011
2026-09-15 04:28:00,7.524,7.527,7.522,7.527,504.83,3799.68684
2026-09-15 04:29:00,7.526,7.526,7.519,7.522,1409.8,10606.58588
2026-09-15 04:30:00,7.521,7.525,7.521,7.525,393.19,2958.03552
2026-09-15 04:31:00,7.526,7.526,7.525,7.526,333.0,2506.01206
2026-09-15 04:32:00,7.526,7.526,7.523,7.523,171.01,1286.76398
2026-09-15 04:33:00,7.522,7.522,7.509,7.509,917.84,6894.45174
2026-09-15 04:34:00,7.509,7.517,7.508,7.515,3574.61,26855.93283
2026-09-15 04:35:00,7.516,7.519,7.511,7.511,1090.8,8199.28021
2026-09-15 04:36:00,7.511,7.512,7.508,7.508,298.11,2238.78052
2026-09-15 04:37:00,7.507,7.507,7.498,7.501,2860.54,21455.38528
2026-09-15 04:38:00,7.501,7.513,7.501,7.513,915.79,6878.7978
2026-09-15 04:39:00,7.514,7.518,7.511,7.514,3418.55,25691.95055
2026-09-15 04:40:00,7.515,7.519,7.515,7.519,105.47,792.82337
2026-09-15 04:41:00,7.52,7.525,7.52,7.524,114.73,863.18163
2026-09-15 04:42:00,7.525,7.528,7.525,7.528,165.41,1244.77574
2026-09-15 04:43:00,7.527,7.527,7.526,7.526,20.36,153.24602
2026-09-15 04:44:00,7.525,7.526,7.524,7.526,477.94,3596.47697
2026-09-15 04:45:00,7.527,7.528,7.525,7.525,13.85,104.23956
2026-09-15 04:46:00,7.525,7.533,7.525,7.531,5277.39,39737.90331
2026-09-15 04:47:00,7.532,7.532,7.526,7.527,638.92,4810.81189
2026-09-15 04:48:00,7.528,7.535,7.528,7.535,961.48,7241.83844
2026-09-15 04:49:00,7.535,7.535,7.528,7.528,245.75,1851.55524
2026-09-15 04:50:00,7.528,7.529,7.526,7.526,45.58,343.12055
2026-09-15 04:51:00,7.526,7.528,7.526,7.528,1498.46,11280.04643
2026-09-15 04:52:00,7.528,7.532,7.528,7.531,17.47,131.53822
2026-09-15 04:53:00,7.53,7.534,7.53,7.533,696.2,5244.25791
2026-09-15 04:54:00,7.534,7.534,7.531,7.531,22.04,166.03086
2026-09-15 04:55:00,7.53,7.532,7.53,7.532,2153.45,16215.48639
2026-09-15 04:56:00,7.531,7.531,7.527,7.528,432.59,3257.35967
2026-09-15 04:57:00,7.528,7.528,7.524,7.524,306.73,2308.72905
2026-09-15 04:58:00,7.524,7.528,7.524,7.528,194.07,1460.67609
2026-09-15 04:59:00,7.529,7.529,7.525,7.525,195.41,1470.71117
2026-09-15 05:00:00,7.525,7.525,7.52,7.525,581.36,4372.31701
2026-09-15 05:01:00,7.526,7.528,7.526,7.528,3.55,26.72016
2026-09-15 05:02:00,7.529,7.533,7.527,7.53,709.67,5344.22371
2026-09-15 05:03:00,7.53,7.53,7.528,7.528,161.88,1218.81713
2026-09-15 05:04:00,7.528,7.528,7.528,7.528,23.44,176.45632
2026-09-15 05:05:00,7.527,7.531,7.527,7.531,448.72,3378.21402
2026-09-15 05:06:00,7.531,7.531,7.523,7.525,372.86,2806.3789
2026-09-15 05:07:00,7.525,7.525,7.522,7.522,90.06,677.60627
2026-09-15 05:08:00,7.521,7.523,7.519,7.523,1382.7,10400.65828
2026-09-15 05:09:00,7.523,7.523,7.514,7.514,324.2,2438.13392
2026-09-15 05:10:00,7.514,7.514,7.489,7.5,10705.3,80303.95056
2026-09-15 05:11:00,7.5,7.506,7.5,7.502,2567.34,19262.22222
2026-09-15 05:12:00,7.502,7.502,7.491,7.495,371.45,2784.45996
2026-09-15 05:13:00,7.495,7.495,7.486,7.486,2336.84,17504.10332
2026-09-15 05:14:00,7.485,7.489,7.478,7.489,1582.73,11842.32085
2026-09-15 05:15:00,7.488,7.491,7.486,7.491,839.8,6288.45654
2026-09-15 05:16:00,7.491,7.491,7.482,7.485,274.07,2051.41549
2026-09-15 05:17:00,7.485,7.485,7.475,7.476,335.04,2506.18536
2026-09-15 05:18:00,7.476,7.484,7.476,7.484,2062.47,15427.8991
2026-09-15 05:19:00,7.483,7.483,7.473,7.474,472.22,3532.15933
2026-09-15 05:20:00,7.475,7.484,7.473,7.484,2160.8,16165.14867
2026-09-15 05:21:00,7.485,7.489,7.485,7.487,138.25,1034.95414
2026-09-15 05:22:00,7.486,7.486,7.475,7.478,675.38,5050.77588
2026-09-15 05:23:00,7.479,7.479,7.47,7.474,3631.29,27142.94717
2026-09-15 05:24:00,7.473,7.478,7.472,7.473,943.96,7055.84571
2026-09-15 05:25:00,7.476,7.476,7.473,7.474,224.12,1675.1423
2026-09-15 05:26:00,7.474,7.487,7.474,7.487,1569.89,11742.27062
2026-09-15 05:27:00,7.488,7.489,7.486,7.487,94.83,709.98842
2026-09-15 05:28:00,7.487,7.49,7.486,7.486,864.4,6472.49026
2026-09-15 05:29:00,7.488,7.489,7.485,7.485,118.21,885.18625
2026-09-15 05:30:00,7.484,7.489,7.483,7.489,15.42,115.43153
2026-09-15 05:31:00,7.488,7.488,7.482,7.484,41.75,312.47408
2026-09-15 05:32:00,7.484,7.486,7.482,7.486,153.67,1150.16881
2026-09-15 05:33:00,7.487,7.492,7.487,7.492,145.76,1091.91681
2026-09-15 05:34:00,7.491,7.491,7.484,7.486,114.88,859.85899
2026-09-15 05:35:00,7.487,7.489,7.484,7.486,170.86,1279.29039
2026-09-15 05:36:00,7.487,7.488,7.485,7.485,57.28,428.84949
2026-09-15 05:37:00,7.485,7.487,7.483,7.486,27.79,207.99104
2026-09-15 05:38:00,7.485,7.485,7.478,7.479,246.13,1841.11846
2026-09-15 05:39:00,7.479,7.483,7.479,7.483,210.7,1575.90825
2026-09-15 05:40:00,7.484,7.491,7.484,7.485,398.81,2987.25745
2026-09-15 05:41:00,7.485,7.491,7.485,7.491,634.76,4753.81076
2026-09-15 05:42:00,7.492,7.499,7.492,7.498,283.52,2125.16813
2026-09-15 05:43:00,7.497,7.497,7.494,7.496,22.7,170.14915
2026-09-15 05:44:00,7.498,7.504,7.498,7.504,336.9,2527.59734
2026-09-15 05:45:00,7.505,7.509,7.505,7.508,793.22,5955.86655
2026-09-15 05:46:00,7.507,7.509,7.504,7.504,201.43,1512.17857
2026-09-15 05:47:00,7.505,7.505,7.501,7.501,42.93,322.12101
2026-09-15 05:48:00,7.5,7.508,7.5,7.508,420.94,3158.73528
2026-09-15 05:49:00,7.509,7.514,7.508,7.509,1426.85,10717.0372
2026-09-15 05:50:00,7.509,7.516,7.509,7.516,106.69,801.61189
2026-09-15 05:51:00,7.517,7.523,7.517,7.519,1105.32,8313.5861
2026-09-15 05:52:00,7.52,7.528,7.52,7.528,235.0,1768.42135
2026-09-15 05:53:00,7.529,7.537,7.529,7.537,743.68,5603.82229
2026-09-15 05:54:00,7.538,7.541,7.538,7.54,164.41,1239.64846
2026-09-15 05:55:00,7.54,7.54,7.534,7.535,1985.33,14961.12346
2026-09-15 05:56:00,7.535,7.537,7.535,7.537,1208.24,9106.23159
2026-09-15 05:57:00,7.538,7.539,7.536,7.536,146.03,1100.67867
2026-09-15 05:58:00,7.536,7.536,7.526,7.526,113.22,852.4659
2026-09-15 05:59:00,7.527,7.528,7.522,7.522,74.78,562.83115
2026-09-15 06:00:00,7.522,7.524,7.514,7.52,11412.12,85790.02295
2026-09-15 06:01:00,7.519,7.525,7.517,7.525,911.25,6852.6714
2026-09-15 06:02:00,7.526,7.53,7.526,7.528,99.3,747.55696
2026-09-15 06:03:00,7.529,7.529,7.517,7.527,664.19,4998.17268
2026-09-15 06:04:00,7.528,7.533,7.527,7.53,441.19,3322.13117
2026-09-15 06:05:00,7.531,7.531,7.526,7.526,603.76,4545.46655
2026-09-15 06:06:00,7.527,7.527,7.524,7.524,122.44,921.56735
2026-09-15 06:07:00,7.523,7.526,7.521,7.526,428.24,3221.73896
2026-09-15 06:08:00,7.526,7.527,7.525,7.527,201.07,1513.22184
2026-09-15 06:09:00,7.527,7.527,7.522,7.522,106.4,800.62114
2026-09-15 06:10:00,7.522,7.522,7.519,7.521,68.35,514.0393
2026-09-15 06:11:00,7.521,7.521,7.517,7.517,20.28,152.4885
2026-09-15 06:12:00,7.517,7.526,7.517,7.522,5713.25,42968.05847
2026-09-15 06:13:00,7.522,7.526,7.518,7.52,1525.55,11473.24136
2026-09-15 06:14:00,7.52,7.524,7.52,7.521,592.18,4454.84226
2026-09-15 06:15:00,7.521,7.522,7.52,7.521,227.98,1714.46586
2026-09-15 06:16:00,7.522,7.523,7.521,7.523,9.76,73.4165
2026-09-15 06:17:00,7.524,7.529,7.524,7.529,359.61,2706.50551
2026-09-15 06:18:00,7.529,7.53,7.525,7.525,294.83,2219.76972
2026-09-15 06:19:00,7.524,7.525,7.524,7.525,112.66,847.65472
2026-09-15 06:20:00,7.524,7.524,7.518,7.519,819.01,6159.66557
2026-09-15 06:21:00,7.519,7.52,7.515,7.518,626.37,4709.26132
2026-09-15 06:22:00,7.517,7.518,7.516,7.518,240.78,1810.06663
2026-09-15 06:23:00,7.518,7.518,7.515,7.515,184.34,1385.64242
2026-09-15 06:24:00,7.515,7.515,7.513,7.514,348.88,2621.77432
2026-09-15 06:25:00,7.514,7.516,7.514,7.515,29.76,223.66589
2026-09-15 06:26:00,7.514,7.514,7.508,7.508,145.71,1094.16812
2026-09-15 06:27:00,7.508,7.508,7.502,7.502,377.42,2833.50525
2026-09-15 06:28:00,7.503,7.503,7.501,7.503,316.95,2377.76531
2026-09-15 06:29:00,7.504,7.504,7.503,7.503,30.49,228.78396
2026-09-15 06:30:00,7.503,7.504,7.501,7.501,190.83,1431.62865
2026-09-15 06:31:00,7.501,7.501,7.499,7.501,96.59,724.42876
2026-09-15 06:32:00,7.502,7.51,7.502,7.508,3694.88,27736.53949
2026-09-15 06:33:00,7.508,7.509,7.507,7.507,17.88,134.244
2026-09-15 06:34:00,7.507,7.511,7.507,7.51,100.36,753.60857
2026-09-15 06:35:00,7.51,7.511,7.509,7.51,74.0,555.73938
2026-09-15 06:36:00,7.51,7.51,7.509,7.509,16.54,124.20119
2026-09-15 06:37:00,7.51,7.51,7.51,7.51,618.45,4644.5595
2026-09-15 06:38:00,7.509,7.509,7.507,7.508,51.2,384.40491
2026-09-15 06:39:00,7.508,7.508,7.497,7.497,1845.33,13840.77909
2026-09-15 06:40:00,7.496,7.497,7.493,7.496,2780.63,20840.38646
2026-09-15 06:41:00,7.496,7.498,7.496,7.498,201.66,1511.85417
2026-09-15 06:42:00,7.499,7.501,7.499,7.501,42.92,321.92091
2026-09-15 06:43:00,7.501,7.501,7.497,7.497,15.79,118.42047
2026-09-15 06:44:00,7.497,7.502,7.494,7.5,1417.12,10625.61811
2026-09-15 06:45:00,7.5,7.505,7.497,7.497,964.98,7241.26201
2026-09-15 06:46:00,7.497,7.499,7.495,7.499,75.3,564.5664
2026-09-15 06:47:00,7.499,7.499,7.489,7.493,1801.54,13499.78572
2026-09-15 06:48:00,7.493,7.493,7.485,7.486,4462.69,33432.57088
2026-09-15 06:49:00,7.487,7.488,7.486,7.487,1649.43,12348.84038
2026-09-15 06:50:00,7.487,7.489,7.481,7.484,4362.7,32661.22171
2026-09-15 06:51:00,7.484,7.484,7.478,7.479,2053.78,15367.87331
2026-09-15 06:52:00,7.478,7.478,7.464,7.47,2227.57,16638.89631
2026-09-15 06:53:00,7.471,7.471,7.467,7.467,56.64,423.00744
2026-09-15 06:54:00,7.47,7.471,7.468,7.468,39.84,297.60324
2026-09-15 06:55:00,7.469,7.469,7.464,7.466,928.66,6933.10031
2026-09-15 06:56:00,7.466,7.473,7.463,7.473,3352.15,25038.16033
2026-09-15 06:57:00,7.473,7.474,7.473,7.474,103.71,775.07887
2026-09-15 06:58:00,7.473,7.473,7.471,7.471,2067.4,15446.3435
2026-09-15 06:59:00,7.471,7.476,7.471,7.475,643.61,4810.45022
2026-09-15 07:00:00,7.474,7.486,7.473,7.475,3315.04,24792.74881
2026-09-15 07:01:00,7.474,7.479,7.473,7.479,1743.66,13033.00646
2026-09-15 07:02:00,7.48,7.481,7.469,7.474,4018.45,30036.39104
2026-09-15 07:03:00,7.474,7.486,7.474,7.486,1007.03,7531.29139
2026-09-15 07:04:00,7.487,7.491,7.486,7.487,339.15,2539.3902
2026-09-15 07:05:00,7.489,7.491,7.486,7.486,1109.05,8306.53775
2026-09-15 07:06:00,7.485,7.489,7.484,7.489,1037.18,7762.59904
2026-09-15 07:07:00,7.489,7.489,7.485,7.486,800.78,5995.10535
2026-09-15 07:08:00,7.486,7.49,7.485,7.487,935.99,7008.66318
2026-09-15 07:09:00,7.486,7.493,7.484,7.493,1149.33,8606.30136
2026-09-15 07:10:00,7.493,7.493,7.488,7.488,60.67,454.3931
2026-09-15 07:11:00,7.488,7.49,7.488,7.488,48.28,361.56808
2026-09-15 07:12:00,7.487,7.489,7.486,7.486,635.53,4758.7958
2026-09-15 07:13:00,7.486,7.494,7.486,7.491,3886.52,29113.19352
2026-09-15 07:14:00,7.49,7.49,7.484,7.489,912.65,6832.63086
2026-09-15 07:15:00,7.49,7.495,7.489,7.494,126.47,947.48252
2026-09-15 07:16:00,7.494,7.495,7.491,7.491,1103.08,8265.55536
2026-09-15 07:17:00,7.49,7.491,7.485,7.491,291.95,2186.04438
2026-09-15 07:18:00,7.491,7.496,7.491,7.496,135.98,1018.94139
2026-09-15 07:19:00,7.497,7.5,7.497,7.499,129.79,973.19576
2026-09-15 07:20:00,7.5,7.511,7.499,7.511,475.92,3571.23605
2026-09-15 07:21:00,7.51,7.511,7.497,7.5,5917.47,44386.50601
2026-09-15 07:22:00,7.5,7.502,7.498,7.499,1664.07,12481.69651
2026-09-15 07:23:00,7.499,7.506,7.499,7.506,1127.69,8459.94011
2026-09-15 07:24:00,7.506,7.507,7.504,7.506,115.87,869.6422
2026-09-15 07:25:00,7.506,7.507,7.501,7.501,132.57,994.98
2026-09-15 07:26:00,7.5,7.502,7.499,7.499,63.1,473.33264
2026-09-15 07:27:00,7.5,7.5,7.499,7.5,531.36,3985.01687
2026-09-15 07:28:00,7.5,7.5,7.5,7.5,145.8,1093.5
2026-09-15 07:29:00,7.5,7.5,7.493,7.493,274.59,2058.65259
2026-09-15 07:30:00,7.492,7.498,7.492,7.496,286.48,2147.40885
2026-09-15 07:31:00,7.495,7.495,7.489,7.489,199.84,1497.2456
2026-09-15 07:32:00,7.489,7.489,7.485,7.485,125.75,941.48607
2026-09-15 07:33:00,7.485,7.485,7.483,7.483,68.0,508.93957
2026-09-15 07:34:00,7.483,7.483,7.475,7.475,2755.46,20606.21974
2026-09-15 07:35:00,7.474,7.482,7.468,7.481,5495.91,41077.88698
2026-09-15 07:36:00,7.48,7.48,7.476,7.478,875.83,6548.14009
2026-09-15 07:37:00,7.478,7.481,7.476,7.48,212.82,1591.21044
2026-09-15 07:38:00,7.481,7.481,7.469,7.473,447.75,3347.34552
2026-09-15 07:39:00,7.475,7.482,7.475,7.477,283.75,2122.06023
2026-09-15 07:40:00,7.477,7.481,7.477,7.481,63.36,473.94764
2026-09-15 07:41:00,7.481,7.482,7.476,7.477,211.53,1581.94015
2026-09-15 07:42:00,7.476,7.478,7.475,7.478,25.6,191.41352
2026-09-15 07:43:00,7.478,7.478,7.474,7.474,221.4,1655.05222
2026-09-15 07:44:00,7.476,7.476,7.474,7.475,90.21,674.23278
2026-09-15 07:45:00,7.476,7.48,7.472,7.48,1946.46,14550.06982
2026-09-15 07:46:00,7.482,7.483,7.481,7.481,1768.75,13234.17783
2026-09-15 07:47:00,7.482,7.484,7.481,7.481,39.96,298.99216
2026-09-15 07:48:00,7.481,7.483,7.48,7.482,326.2,2440.07114
2026-09-15 07:49:00,7.483,7.483,7.483,7.483,99.11,741.64013
2026-09-15 07:50:00,7.482,7.482,7.474,7.475,1536.07,11484.29576
2026-09-15 07:51:00,7.474,7.474,7.47,7.472,1016.02,7591.6977
2026-09-15 07:52:00,7.472,7.473,7.468,7.468,142.83,1067.01322
2026-09-15 07:53:00,7.467,7.468,7.465,7.467,326.37,2436.74986
2026-09-15 07:54:00,7.466,7.467,7.461,7.465,1685.84,12584.03508
2026-09-15 07:55:00,7.467,7.469,7.467,7.469,135.02,1008.36444
2026-09-15 07:56:00,7.47,7.47,7.464,7.466,1482.26,11068.29971
2026-09-15 07:57:00,7.466,7.466,7.461,7.462,1009.45,7533.10574
2026-09-15 07:58:00,7.462,7.465,7.462,7.465,263.28,1965.06535
2026-09-15 07:59:00,7.465,7.466,7.464,7.465,344.39,2570.86722
2026-09-15 08:00:00,7.465,7.467,7.462,7.462,217.07,1620.67341
2026-09-15 08:01:00,7.462,7.462,7.454,7.456,830.88,6195.35381
2026-09-15 08:02:00,7.456,7.46,7.455,7.455,13.46,100.37877
2026-09-15 08:03:00,7.454,7.464,7.453,7.457,1433.33,10694.96115
2026-09-15 08:04:00,7.457,7.458,7.451,7.455,327.8,2443.79468
2026-09-15 08:05:00,7.454,7.456,7.454,7.456,598.06,4458.1917
2026-09-15 08:06:00,7.456,7.456,7.454,7.456,112.39,837.92469
2026-09-15 08:07:00,7.455,7.455,7.451,7.452,96.82,721.50164
2026-09-15 08:08:00,7.452,7.452,7.443,7.445,1496.35,11146.39114
2026-09-15 08:09:00,7.444,7.449,7.444,7.448,1214.38,9041.27859
2026-09-15 08:10:00,7.448,7.448,7.441,7.443,413.2,3075.69627
2026-09-15 08:11:00,7.443,7.452,7.442,7.451,634.6,4726.05061
2026-09-15 08:12:00,7.451,7.457,7.451,7.457,747.92,5573.47533
2026-09-15 08:13:00,7.458,7.463,7.456,7.456,1423.15,10618.23591
2026-09-15 08:14:00,7.456,7.467,7.456,7.467,1590.07,11856.68711
2026-09-15 08:15:00,7.468,7.478,7.468,7.474,635.15,4747.79172
2026-09-15 08:16:00,7.473,7.473,7.452,7.457,2871.75,21416.11423
2026-09-15 08:17:00,7.457,7.458,7.453,7.456,1565.94,11675.81052
2026-09-15 08:18:00,7.456,7.465,7.456,7.465,60.95,454.6621
2026-09-15 08:19:00,7.466,7.466,7.463,7.465,82.81,618.16835
2026-09-15 08:20:00,7.466,7.475,7.466,7.473,376.88,2816.28725
2026-09-15 08:21:00,7.472,7.472,7.467,7.469,677.59,5059.63393
2026-09-15 08:22:00,7.468,7.472,7.464,7.472,4342.03,32416.73983
2026-09-15 08:23:00,7.473,7.474,7.472,7.473,109.7,819.7912
2026-09-15 08:24:00,7.474,7.474,7.473,7.474,488.13,3648.22162
2026-09-15 08:25:00,7.473,7.473,7.465,7.468,229.64,1714.83823
2026-09-15 08:26:00,7.469,7.473,7.469,7.473,476.07,3556.3882
2026-09-15 08:27:00,7.473,7.473,7.471,7.471,94.5,706.10311
2026-09-15 08:28:00,7.47,7.473,7.466,7.473,180.69,1349.33401
2026-09-15 08:29:00,7.471,7.474,7.471,7.472,128.91,963.29972
2026-09-15 08:30:00,7.471,7.474,7.465,7.473,1103.13,8241.04185
2026-09-15 08:31:00,7.472,7.476,7.469,7.474,2210.3,16516.68337
2026-09-15 08:32:00,7.475,7.475,7.472,7.473,86.45,645.97393
2026-09-15 08:33:00,7.474,7.474,7.473,7.473,36.89,275.70923
2026-09-15 08:34:00,7.473,7.477,7.473,7.477,413.9,3094.30558
2026-09-15 08:35:00,7.475,7.477,7.474,7.477,754.73,5643.08152
2026-09-15 08:36:00,7.478,7.478,7.477,7.477,495.89,3707.79771
2026-09-15 08:37:00,7.477,7.477,7.475,7.475,542.96,4058.82649
2026-09-15 08:38:00,7.475,7.477,7.475,7.477,74.27,555.26768
2026-09-15 08:39:00,7.477,7.482,7.477,7.482,1647.99,12324.34203
2026-09-15 08:40:00,7.482,7.482,7.477,7.477,971.97,7270.27935
2026-09-15 08:41:00,7.477,7.477,7.476,7.477,34.9,260.91589
2026-09-15 08:42:00,7.477,7.483,7.477,7.483,288.57,2158.61008
2026-09-15 08:43:00,7.483,7.483,7.483,7.483,0.0,0.0
2026-09-15 08:44:00,7.484,7.484,7.48,7.48,282.39,2112.64572
2026-09-15 08:45:00,7.481,7.485,7.481,7.485,851.54,6371.99039
2026-09-15 08:46:00,7.486,7.49,7.485,7.49,255.17,1910.49043
2026-09-15 08:47:00,7.491,7.491,7.49,7.491,196.01,1468.15155
2026-09-15 08:48:00,7.491,7.492,7.491,7.492,168.43,1261.87415
2026-09-15 08:49:00,7.493,7.495,7.485,7.486,3070.3,22999.99177
2026-09-15 08:50:00,7.487,7.493,7.483,7.493,2363.65,17699.05423
2026-09-15 08:51:00,7.493,7.494,7.492,7.493,1480.59,11094.47809
2026-09-15 08:52:00,7.493,7.497,7.493,7.497,379.29,2842.77022
2026-09-15 08:53:00,7.498,7.503,7.498,7.503,3035.4,22765.72737
2026-09-15 08:54:00,7.504,7.505,7.504,7.505,320.57,2405.56299
2026-09-15 08:55:00,7.504,7.505,7.504,7.505,140.38,1053.42444
2026-09-15 08:56:00,7.506,7.511,7.506,7.511,1046.48,7858.60446
2026-09-15 08:57:00,7.51,7.511,7.509,7.511,732.57,5501.92081
2026-09-15 08:58:00,7.512,7.514,7.511,7.512,3857.15,28980.49827
2026-09-15 08:59:00,7.513,7.522,7.513,7.522,6341.9,47694.21167
2026-09-15 09:00:00,7.524,7.526,7.521,7.522,2328.16,17515.16515
2026-09-15 09:01:00,7.522,7.522,7.51,7.514,1524.56,11460.70087
2026-09-15 09:02:00,7.514,7.514,7.509,7.509,162.14,1218.04288
2026-09-15 09:03:00,7.509,7.515,7.508,7.515,339.19,2547.32859
2026-09-15 09:04:00,7.514,7.516,7.512,7.512,264.25,1985.50008
2026-09-15 09:05:00,7.512,7.512,7.507,7.509,1932.9,14515.6445
2026-09-15 09:06:00,7.508,7.509,7.506,7.507,200.41,1504.54935
2026-09-15 09:07:00,7.506,7.508,7.506,7.508,138.9,1042.69105
2026-09-15 09:08:00,7.509,7.51,7.509,7.51,546.9,4106.67823
2026-09-15 09:09:00,7.51,7.514,7.509,7.514,72.36,543.4113
2026-09-15 09:10:00,7.514,7.514,7.507,7.507,664.2,4989.43327
2026-09-15 09:11:00,7.508,7.508,7.505,7.505,147.17,1104.60595
2026-09-15 09:12:00,7.505,7.505,7.503,7.503,241.44,1811.67727
2026-09-15 09:13:00,7.503,7.503,7.497,7.497,486.86,3652.25475
2026-09-15 09:14:00,7.497,7.5,7.497,7.5,397.4,2980.01854
2026-09-15 09:15:00,7.5,7.506,7.5,7.506,142.37,1067.95225
2026-09-15 09:16:00,7.506,7.506,7.503,7.503,61.13,458.82891
2026-09-15 09:17:00,7.503,7.503,7.501,7.501,106.87,801.63611
2026-09-15 09:18:00,7.501,7.501,7.499,7.499,3.09,23.17528
2026-09-15 09:19:00,7.498,7.498,7.495,7.495,9.93,74.43387
2026-09-15 09:20:00,7.495,7.502,7.495,7.501,388.26,2911.79815
2026-09-15 09:21:00,7.502,7.504,7.502,7.502,183.86,1379.3916
2026-09-15 09:22:00,7.501,7.502,7.501,7.502,18.66,139.985
2026-09-15 09:23:00,7.502,7.507,7.501,7.505,864.05,6485.76138
2026-09-15 09:24:00,7.505,7.505,7.504,7.505,387.86,2910.71068
2026-09-15 09:25:00,7.505,7.505,7.502,7.502,175.25,1315.02737
2026-09-15 09:26:00,7.504,7.505,7.504,7.505,139.78,1049.0105
2026-09-15 09:27:00,7.504,7.506,7.504,7.506,229.18,1719.88706
2026-09-15 09:28:00,7.506,7.506,7.505,7.506,430.62,3231.93664
2026-09-15 09:29:00,7.506,7.512,7.506,7.509,3772.26,28331.46592
2026-09-15 09:30:00,7.508,7.508,7.507,7.507,107.99,810.74677
2026-09-15 09:31:00,7.507,7.508,7.507,7.507,235.31,1766.47338
2026-09-15 09:32:00,7.508,7.51,7.508,7.51,31.46,236.22668
2026-09-15 09:33:00,7.509,7.51,7.508,7.508,466.9,3506.2997
2026-09-15 09:34:00,7.508,7.519,7.507,7.519,132.65,996.95478
2026-09-15 09:35:00,7.519,7.519,7.517,7.519,1040.15,7820.61278
2026-09-15 09:36:00,7.518,7.518,7.51,7.517,4848.21,36435.50706
2026-09-15 09:37:00,7.516,7.516,7.515,7.515,1.63,12.25034
2026-09-15 09:38:00,7.514,7.515,7.514,7.515,571.25,4292.78186
2026-09-15 09:39:00,7.516,7.518,7.516,7.517,98.41,739.7464
2026-09-15 09:40:00,7.517,7.517,7.511,7.511,238.41,1791.48867
2026-09-15 09:41:00,7.511,7.511,7.506,7.508,3636.35,27302.0327
2026-09-15 09:42:00,7.509,7.515,7.509,7.515,1864.0,13999.30139
2026-09-15 09:43:00,7.515,7.515,7.513,7.514,465.93,3501.20242
2026-09-15 09:44:00,7.514,7.52,7.513,7.518,7662.16,57602.55622
2026-09-15 09:45:00,7.519,7.519,7.518,7.518,706.15,5309.17834
2026-09-15 09:46:00,7.519,7.52,7.516,7.516,2034.07,15294.06218
2026-09-15 09:47:00,7.517,7.519,7.517,7.519,4217.12,31704.70121
2026-09-15 09:48:00,7.518,7.523,7.518,7.523,61.97,466.01173
2026-09-15 09:49:00,7.524,7.529,7.524,7.529,827.83,6232.40569
2026-09-15 09:50:00,7.529,7.529,7.524,7.524,546.84,4116.63793
2026-09-15 09:51:00,7.524,7.526,7.524,7.526,309.44,2328.25424
2026-09-15 09:52:00,7.527,7.529,7.527,7.529,77.32,582.12927
2026-09-15 09:53:00,7.529,7.531,7.529,7.531,208.83,1572.49666
2026-09-15 09:54:00,7.531,7.535,7.531,7.535,1200.8,9046.39258
2026-09-15 09:55:00,7.533,7.533,7.524,7.527,5093.33,38340.04861
2026-09-15 09:56:00,7.528,7.529,7.528,7.529,2.65,19.94984
2026-09-15 09:57:00,7.528,7.53,7.523,7.523,191.67,1442.84814
2026-09-15 09:58:00,7.523,7.524,7.521,7.522,375.2,2822.33948
2026-09-15 09:59:00,7.522,7.526,7.521,7.524,531.3,3997.95303
2026-09-15 10:00:00,7.524,7.531,7.523,7.529,2844.67,21416.85356
2026-09-15 10:01:00,7.529,7.534,7.529,7.532,4879.96,36754.37535
2026-09-15 10:02:00,7.532,7.532,7.526,7.526,897.59,6758.57648
2026-09-15 10:03:00,7.526,7.537,7.525,7.537,7747.69,58333.27241
2026-09-15 10:04:00,7.538,7.539,7.533,7.533,3225.21,24312.62282
2026-09-15 10:05:00,7.533,7.533,7.53,7.531,61.74,465.07394
2026-09-15 10:06:00,7.53,7.532,7.53,7.53,56.18,423.05671
2026-09-15 10:07:00,7.529,7.53,7.526,7.526,1064.47,8013.14728
2026-09-15 10:08:00,7.526,7.532,7.526,7.532,303.11,2281.52696
2026-09-15 10:09:00,7.532,7.535,7.531,7.535,117.02,881.56332
2026-09-15 10:10:00,7.535,7.535,7.528,7.528,289.58,2180.58844
2026-09-15 10:11:00,7.527,7.532,7.526,7.531,288.73,2174.16975
2026-09-15 10:12:00,7.531,7.532,7.53,7.53,116.8,879.63223
2026-09-15 10:13:00,7.53,7.53,7.527,7.527,83.31,627.21592
2026-09-15 10:14:00,7.526,7.526,7.525,7.526,346.04,2603.96078
2026-09-15 10:15:00,7.526,7.527,7.524,7.527,399.71,3008.31205
2026-09-15 10:16:00,7.527,7.532,7.526,7.529,405.71,3054.70986
2026-09-15 10:17:00,7.53,7.532,7.53,7.532,647.3,4874.96391
2026-09-15 10:18:00,7.532,7.534,7.531,7.531,1634.12,12308.36611
2026-09-15 10:19:00,7.531,7.531,7.526,7.527,429.2,3231.48115
2026-09-15 10:20:00,7.526,7.526,7.524,7.524,58.77,442.28946
2026-09-15 10:21:00,7.523,7.523,7.521,7.521,186.5,1402.74745
2026-09-15 10:22:00,7.52,7.525,7.52,7.524,1272.41,9570.12602
2026-09-15 10:23:00,7.525,7.53,7.525,7.53,96.0,722.67472
2026-09-15 10:24:00,7.53,7.53,7.529,7.529,651.32,4903.79165
2026-09-15 10:25:00,7.531,7.531,7.528,7.528,104.75,788.73893
2026-09-15 10:26:00,7.528,7.528,7.526,7.527,71.57,538.70515
2026-09-15 10:27:00,7.528,7.529,7.525,7.525,493.59,3715.40136
2026-09-15 10:28:00,7.524,7.53,7.522,7.526,5537.24,41672.34722
2026-09-15 10:29:00,7.526,7.527,7.522,7.523,1344.03,10113.24878
2026-09-15 10:30:00,7.522,7.523,7.521,7.521,486.49,3659.30289
2026-09-15 10:31:00,7.521,7.523,7.521,7.523,310.89,2338.35809
2026-09-15 10:32:00,7.524,7.529,7.524,7.529,78.2,588.50015
2026-09-15 10:33:00,7.528,7.533,7.527,7.528,1819.56,13703.3625
2026-09-15 10:34:00,7.527,7.528,7.526,7.526,258.66,1946.92298
2026-09-15 10:35:00,7.526,7.527,7.526,7.527,30.41,228.88914
2026-09-15 10:36:00,7.527,7.53,7.527,7.53,22.08,166.23335
2026-09-15 10:37:00,7.53,7.53,7.526,7.526,24.32,183.09723
2026-09-15 10:38:00,7.526,7.527,7.517,7.519,3852.85,28978.76106
2026-09-15 10:39:00,7.518,7.518,7.514,7.518,80.92,608.1536
2026-09-15 10:40:00,7.517,7.517,7.515,7.517,186.66,1403.10829
2026-09-15 10:41:00,7.516,7.517,7.514,7.517,97.27,731.01167
2026-09-15 10:42:00,7.516,7.521,7.516,7.521,1429.67,10750.01024
2026-09-15 10:43:00,7.521,7.523,7.521,7.521,530.34,3989.36376
2026-09-15 10:44:00,7.522,7.524,7.522,7.524,295.2,2220.79706
2026-09-15 10:45:00,7.523,7.523,7.521,7.522,520.48,3914.78686
2026-09-15 10:46:00,7.523,7.523,7.523,7.523,37.18,279.70514
2026-09-15 10:47:00,7.524,7.527,7.524,7.525,134.38,1011.27477
2026-09-15 10:48:00,7.524,7.524,7.519,7.519,1328.71,9995.49463
2026-09-15 10:49:00,7.519,7.524,7.519,7.524,734.78,5526.10346
2026-09-15 10:50:00,7.524,7.524,7.523,7.523,76.81,577.86156
2026-09-15 10:51:00,7.523,7.527,7.523,7.527,85.72,644.95042
2026-09-15 10:52:00,7.527,7.529,7.525,7.525,485.18,3652.31702
2026-09-15 10:53:00,7.524,7.524,7.52,7.52,26.71,200.90647
2026-09-15 10:54:00,7.521,7.522,7.52,7.52,725.87,5459.21135
2026-09-15 10:55:00,7.521,7.525,7.521,7.525,1331.28,10015.29502
2026-09-15 10:56:00,7.524,7.524,7.523,7.524,383.82,2887.83662
2026-09-15 10:57:00,7.523,7.529,7.523,7.527,1111.8,8367.54516
2026-09-15 10:58:00,7.526,7.526,7.522,7.523,65.17,490.39477
2026-09-15 10:59:00,7.523,7.524,7.523,7.523,17.92,134.81598
2026-09-15 11:00:00,7.522,7.523,7.521,7.523,152.31,1145.55537
2026-09-15 11:01:00,7.522,7.525,7.522,7.525,813.6,6120.87587
2026-09-15 11:02:00,7.525,7.529,7.525,7.528,1835.21,13810.13615
2026-09-15 11:03:00,7.529,7.529,7.524,7.525,486.54,3662.57791
2026-09-15 11:04:00,7.525,7.526,7.522,7.526,187.19,1408.38253
2026-09-15 11:05:00,7.527,7.529,7.525,7.525,451.75,3399.86448
2026-09-15 11:06:00,7.525,7.525,7.522,7.523,665.6,5008.20644
2026-09-15 11:07:00,7.523,7.523,7.521,7.521,186.13,1399.92931
2026-09-15 11:08:00,7.522,7.524,7.519,7.524,455.34,3424.66448
2026-09-15 11:09:00,7.525,7.534,7.524,7.534,1590.41,11978.77469
2026-09-15 11:10:00,7.534,7.534,7.527,7.53,619.94,4668.44865
2026-09-15 11:11:00,7.53,7.53,7.528,7.528,25.97,195.53209
2026-09-15 11:12:00,7.528,7.528,7.52,7.52,828.73,6237.50997
2026-09-15 11:13:00,7.519,7.519,7.519,7.519,86.99,654.07781
2026-09-15 11:14:00,7.519,7.519,7.514,7.516,1047.32,7872.85836
2026-09-15 11:15:00,7.517,7.518,7.516,7.516,2051.6,15423.68523
2026-09-15 11:16:00,7.515,7.517,7.513,7.517,122.58,921.03936
2026-09-15 11:17:00,7.518,7.521,7.517,7.521,87.35,656.7051
2026-09-15 11:18:00,7.52,7.521,7.513,7.514,4685.61,35234.18724
2026-09-15 11:19:00,7.515,7.519,7.515,7.516,57.7,433.73326
2026-09-15 11:20:00,7.515,7.515,7.508,7.511,1036.25,7783.73515
2026-09-15 11:21:00,7.51,7.51,7.506,7.506,387.17,2907.57062
2026-09-15 11:22:00,7.505,7.505,7.5,7.5,3505.62,26293.4747
2026-09-15 11:23:00,7.5,7.5,7.496,7.498,112.51,843.67122
2026-09-15 11:24:00,7.497,7.497,7.491,7.491,475.29,3561.71134
2026-09-15 11:25:00,7.492,7.494,7.487,7.487,1852.98,13877.84689
2026-09-15 11:26:00,7.488,7.489,7.485,7.486,394.58,2954.11457
2026-09-15 11:27:00,7.486,7.486,7.481,7.481,3404.49,25475.52148
2026-09-15 11:28:00,7.481,7.482,7.479,7.482,1758.84,13156.38773
2026-09-15 11:29:00,7.482,7.482,7.482,7.482,22.01,164.67882
2026-09-15 11:30:00,7.482,7.483,7.479,7.479,811.21,6068.68549
2026-09-15 11:31:00,7.479,7.48,7.475,7.477,805.49,6022.48426
2026-09-15 11:32:00,7.476,7.477,7.471,7.471,895.74,6695.20781
2026-09-15 11:33:00,7.471,7.472,7.468,7.468,602.54,4501.30023
2026-09-15 11:34:00,7.468,7.468,7.464,7.467,707.96,5285.53362
2026-09-15 11:35:00,7.468,7.473,7.468,7.472,641.66,4793.78388
2026-09-15 11:36:00,7.471,7.471,7.462,7.463,4625.43,34537.66777
2026-09-15 11:37:00,7.464,7.466,7.464,7.465,378.4,2824.5989
2026-09-15 11:38:00,7.466,7.466,7.461,7.462,364.44,2720.02048
2026-09-15 11:39:00,7.463,7.475,7.462,7.471,8919.38,66622.01134
2026-09-15 11:40:00,7.472,7.472,7.465,7.466,999.3,7464.86806
2026-09-15 11:41:00,7.466,7.472,7.465,7.469,890.76,6654.55235
2026-09-15 11:42:00,7.469,7.47,7.469,7.47,41.97,313.48062
2026-09-15 11:43:00,7.47,7.471,7.469,7.471,55.13,411.83235
2026-09-15 11:44:00,7.472,7.473,7.471,7.472,508.2,3797.18018
2026-09-15 11:45:00,7.47,7.475,7.47,7.471,1124.53,8402.9923
2026-09-15 11:46:00,7.472,7.472,7.469,7.471,186.1,1390.3974
2026-09-15 11:47:00,7.469,7.47,7.457,7.463,23608.51,176197.07871
2026-09-15 11:48:00,7.462,7.463,7.462,7.463,40.16,299.70346
2026-09-15 11:49:00,7.463,7.464,7.462,7.462,185.05,1381.0643
2026-09-15 11:50:00,7.462,7.466,7.462,7.466,18.87,140.85079
2026-09-15 11:51:00,7.466,7.469,7.466,7.469,97.73,729.80886
2026-09-15 11:52:00,7.47,7.471,7.469,7.471,110.42,824.8229
2026-09-15 11:53:00,7.471,7.474,7.47,7.471,108.74,812.50951
2026-09-15 11:54:00,7.471,7.471,7.467,7.468,237.92,1777.31663
2026-09-15 11:55:00,7.468,7.47,7.465,7.47,1221.02,9116.8034
2026-09-15 11:56:00,7.471,7.472,7.47,7.472,45.6,340.66517
2026-09-15 11:57:00,7.473,7.475,7.473,7.475,448.13,3349.43989
2026-09-15 11:58:00,7.476,7.478,7.475,7.475,42.16,315.21587
2026-09-15 11:59:00,7.475,7.475,7.475,7.475,8.12,60.697
2026-09-15 12:00:00,7.474,7.478,7.471,7.477,1053.55,7875.31712
2026-09-15 12:01:00,7.478,7.482,7.475,7.476,144.45,1080.48571
2026-09-15 12:02:00,7.476,7.476,7.475,7.475,31.26,233.69331
2026-09-15 12:03:00,7.474,7.478,7.472,7.478,558.9,4177.86062
2026-09-15 12:04:00,7.479,7.487,7.479,7.487,209.85,1570.69265
2026-09-15 12:05:00,7.488,7.488,7.478,7.479,2168.46,16225.63181
2026-09-15 12:06:00,7.479,7.483,7.479,7.483,166.76,1247.55947
2026-09-15 12:07:00,7.484,7.488,7.484,7.486,471.98,3533.48514
2026-09-15 12:08:00,7.486,7.488,7.485,7.485,170.58,1277.06476
2026-09-15 12:09:00,7.484,7.484,7.48,7.481,145.18,1086.02389
2026-09-15 12:10:00,7.481,7.487,7.481,7.486,4144.3,31017.47252
2026-09-15 12:11:00,7.488,7.491,7.488,7.49,975.82,7308.96112
2026-09-15 12:12:00,7.491,7.493,7.491,7.493,34.42,257.8701
2026-09-15 12:13:00,7.494,7.496,7.493,7.493,658.29,4934.24033
2026-09-15 12:14:00,7.494,7.502,7.494,7.496,584.04,4380.3573
2026-09-15 12:15:00,7.496,7.497,7.492,7.494,2634.7,19745.85516
2026-09-15 12:16:00,7.493,7.51,7.493,7.508,4813.67,36082.71563
2026-09-15 12:17:00,7.509,7.514,7.509,7.514,387.75,2913.20793
2026-09-15 12:18:00,7.515,7.521,7.515,7.518,584.3,4393.76904
2026-09-15 12:19:00,7.518,7.525,7.517,7.522,1163.98,8755.77911
2026-09-15 12:20:00,7.523,7.523,7.514,7.514,612.08,4601.59613
2026-09-15 12:21:00,7.513,7.52,7.513,7.517,5931.76,44579.3794
2026-09-15 12:22:00,7.518,7.522,7.518,7.522,20.29,152.55269
2026-09-15 12:23:00,7.523,7.53,7.523,7.527,219.42,1651.41617
2026-09-15 12:24:00,7.529,7.532,7.525,7.525,129.18,972.35041
2026-09-15 12:25:00,7.526,7.531,7.523,7.531,208.59,1569.41851
2026-09-15 12:26:00,7.531,7.532,7.529,7.532,971.67,7317.38016
2026-09-15 12:27:00,7.533,7.547,7.533,7.537,10674.61,80476.83812
2026-09-15 12:28:00,7.537,7.539,7.535,7.535,276.03,2080.35327
2026-09-15 12:29:00,7.534,7.537,7.532,7.537,1623.89,12235.56614
2026-09-15 12:30:00,7.537,7.538,7.531,7.531,409.18,3083.46527
2026-09-15 12:31:00,7.531,7.531,7.517,7.517,2509.11,18874.28369
2026-09-15 12:32:00,7.517,7.517,7.515,7.516,700.78,5267.72835
2026-09-15 12:33:00,7.516,7.524,7.515,7.523,5300.06,39842.83205
2026-09-15 12:34:00,7.523,7.528,7.523,7.528,102.39,770.61683
2026-09-15 12:35:00,7.528,7.528,7.522,7.525,2254.04,16961.20066
2026-09-15 12:36:00,7.525,7.528,7.523,7.525,3853.8,29001.10861
2026-09-15 12:37:00,7.525,7.528,7.525,7.528,268.25,2019.0971
2026-09-15 12:38:00,7.529,7.529,7.526,7.526,209.64,1578.13901
2026-09-15 12:39:00,7.526,7.532,7.526,7.531,1071.25,8067.99139
2026-09-15 12:40:00,7.531,7.537,7.531,7.536,5058.83,38103.72649
2026-09-15 12:41:00,7.536,7.538,7.532,7.532,1692.97,12755.91149
2026-09-15 12:42:00,7.532,7.536,7.532,7.533,869.25,6548.54629
2026-09-15 12:43:00,7.533,7.533,7.53,7.53,459.08,3457.53724
2026-09-15 12:44:00,7.529,7.535,7.529,7.535,139.2,1048.64765
2026-09-15 12:45:00,7.535,7.537,7.53,7.533,445.8,3358.0521
2026-09-15 12:46:00,7.534,7.535,7.534,7.535,844.06,6359.23653
2026-09-15 12:47:00,7.535,7.537,7.534,7.536,96.93,730.37463
2026-09-15 12:48:00,7.535,7.539,7.534,7.539,618.52,4660.59027
2026-09-15 12:49:00,7.54,7.548,7.538,7.54,251.24,1895.62332
2026-09-15 12:50:00,7.54,7.549,7.54,7.549,4055.39,30602.31917
2026-09-15 12:51:00,7.548,7.554,7.548,7.554,1451.17,10957.50886
2026-09-15 12:52:00,7.554,7.565,7.549,7.565,9466.05,71540.56878
2026-09-15 12:53:00,7.565,7.569,7.559,7.561,2288.34,17308.35321
2026-09-15 12:54:00,7.562,7.573,7.562,7.57,672.21,5089.74905
2026-09-15 12:55:00,7.571,7.573,7.56,7.562,5147.99,38932.69936
2026-09-15 12:56:00,7.565,7.566,7.557,7.557,685.7,5184.92966
2026-09-15 12:57:00,7.556,7.56,7.543,7.543,8069.24,60948.95151
2026-09-15 12:58:00,7.543,7.551,7.542,7.549,9276.61,70010.62939
2026-09-15 12:59:00,7.55,7.559,7.55,7.552,981.99,7419.55694
2026-09-15 13:00:00,7.554,7.562,7.554,7.556,3475.59,26259.43946
2026-09-15 13:01:00,7.556,7.559,7.554,7.559,2296.96,17357.18049
2026-09-15 13:02:00,7.56,7.564,7.56,7.563,306.22,2315.83494
2026-09-15 13:03:00,7.564,7.565,7.561,7.564,1165.56,8816.87869
2026-09-15 13:04:00,7.564,7.575,7.564,7.573,658.77,4987.64098
2026-09-15 13:05:00,7.572,7.582,7.572,7.581,2558.75,19389.63841
2026-09-15 13:06:00,7.582,7.597,7.582,7.594,9808.19,74462.99997
2026-09-15 13:07:00,7.595,7.603,7.579,7.579,11022.03,83672.47991
2026-09-15 13:08:00,7.579,7.579,7.572,7.572,5863.48,44413.95946
2026-09-15 13:09:00,7.572,7.578,7.572,7.577,974.31,7381.3589
2026-09-15 13:10:00,7.576,7.576,7.573,7.573,463.06,3507.15293
2026-09-15 13:11:00,7.572,7.572,7.57,7.572,142.43,1078.40917
2026-09-15 13:12:00,7.572,7.578,7.572,7.576,294.24,2229.33248
2026-09-15 13:13:00,7.575,7.575,7.571,7.572,764.54,5788.45974
2026-09-15 13:14:00,7.572,7.573,7.566,7.573,2717.55,20571.12124
2026-09-15 13:15:00,7.574,7.578,7.571,7.571,349.45,2646.65619
2026-09-15 13:16:00,7.571,7.576,7.571,7.576,123.96,938.74067
2026-09-15 13:17:00,7.576,7.579,7.575,7.578,347.6,2634.04459
2026-09-15 13:18:00,7.579,7.584,7.579,7.582,9827.55,74494.299
2026-09-15 13:19:00,7.582,7.588,7.582,7.588,3456.99,26218.99038
2026-09-15 13:20:00,7.588,7.591,7.587,7.589,4132.73,31361.38435
2026-09-15 13:21:00,7.589,7.595,7.589,7.595,3713.11,28191.00542
2026-09-15 13:22:00,7.596,7.6,7.591,7.6,2561.96,19464.92154
2026-09-15 13:23:00,7.6,7.6,7.594,7.594,1507.84,11455.71761
2026-09-15 13:24:00,7.594,7.596,7.592,7.595,425.81,3233.76692
2026-09-15 13:25:00,7.595,7.61,7.593,7.609,3447.6,26216.25935
2026-09-15 13:26:00,7.609,7.616,7.608,7.61,1313.86,10000.04334
2026-09-15 13:27:00,7.609,7.609,7.598,7.598,3900.71,29655.07616
2026-09-15 13:28:00,7.598,7.6,7.59,7.595,6512.24,49458.69858
2026-09-15 13:29:00,7.594,7.595,7.592,7.592,428.22,3251.64445
2026-09-15 13:30:00,7.59,7.59,7.562,7.567,1491.71,11300.21669
2026-09-15 13:31:00,7.567,7.575,7.551,7.56,2278.52,17232.32251
2026-09-15 13:32:00,7.56,7.572,7.558,7.561,2936.67,22211.31336
2026-09-15 13:33:00,7.564,7.568,7.552,7.561,1896.42,14336.72238
2026-09-15 13:34:00,7.56,7.564,7.559,7.563,243.01,1837.63779
2026-09-15 13:35:00,7.564,7.564,7.534,7.557,3784.82,28566.9405
2026-09-15 13:36:00,7.554,7.558,7.54,7.54,2808.65,21198.56602
2026-09-15 13:37:00,7.54,7.541,7.516,7.525,12641.64,95181.04577
2026-09-15 13:38:00,7.525,7.525,7.501,7.506,3988.19,29944.45647
2026-09-15 13:39:00,7.505,7.506,7.475,7.499,9244.47,69246.45737
2026-09-15 13:40:00,7.502,7.539,7.497,7.534,10783.11,81041.22498
2026-09-15 13:41:00,7.532,7.533,7.51,7.521,5512.86,41476.06492
2026-09-15 13:42:00,7.52,7.524,7.513,7.517,830.25,6240.97029
2026-09-15 13:43:00,7.517,7.517,7.505,7.507,2041.82,15335.99509
2026-09-15 13:44:00,7.506,7.509,7.504,7.505,2045.89,15356.6177
2026-09-15 13:45:00,7.505,7.511,7.487,7.488,4856.71,36425.01869
2026-09-15 13:46:00,7.49,7.501,7.489,7.496,1693.52,12694.01176
2026-09-15 13:47:00,7.497,7.509,7.497,7.506,1095.54,8219.49677
2026-09-15 13:48:00,7.508,7.512,7.497,7.51,941.98,7071.91886
2026-09-15 13:49:00,7.511,7.517,7.51,7.512,2294.27,17235.67529
2026-09-15 13:50:00,7.511,7.511,7.497,7.497,873.86,6555.45358
2026-09-15 13:51:00,7.496,7.506,7.492,7.492,3809.9,28586.63048
2026-09-15 13:52:00,7.492,7.503,7.491,7.499,1754.81,13151.13657
2026-09-15 13:53:00,7.499,7.504,7.495,7.504,489.48,3670.79097
2026-09-15 13:54:00,7.505,7.514,7.501,7.514,1422.71,10678.14039
2026-09-15 13:55:00,7.514,7.525,7.512,7.522,3789.01,28497.21966
2026-09-15 13:56:00,7.523,7.534,7.523,7.534,1634.79,12306.48883
2026-09-15 13:57:00,7.534,7.54,7.531,7.534,1012.44,7629.7973
2026-09-15 13:58:00,7.534,7.535,7.528,7.528,125.54,945.26677
2026-09-15 13:59:00,7.528,7.541,7.528,7.541,835.13,6288.95843
2026-09-15 14:00:00,7.542,7.556,7.539,7.543,814.23,6146.28922
2026-09-15 14:01:00,7.541,7.541,7.527,7.532,2726.65,20536.40335
2026-09-15 14:02:00,7.531,7.536,7.527,7.527,5474.7,41241.4504
2026-09-15 14:03:00,7.528,7.545,7.528,7.539,2271.68,17128.75306
2026-09-15 14:04:00,7.54,7.544,7.523,7.524,687.97,5182.12156
2026-09-15 14:05:00,7.525,7.525,7.512,7.52,4074.92,30634.19321
2026-09-15 14:06:00,7.521,7.53,7.519,7.527,301.45,2269.34479
2026-09-15 14:07:00,7.526,7.527,7.522,7.527,332.9,2505.29911
2026-09-15 14:08:00,7.526,7.53,7.522,7.53,601.09,4522.84164
2026-09-15 14:09:00,7.531,7.543,7.531,7.543,1024.48,7725.21394
2026-09-15 14:10:00,7.542,7.547,7.535,7.535,1074.01,8099.92883
2026-09-15 14:11:00,7.535,7.537,7.532,7.532,40.51,305.24845
2026-09-15 14:12:00,7.531,7.533,7.528,7.528,1054.29,7939.93911
2026-09-15 14:13:00,7.527,7.527,7.523,7.525,1419.64,10681.60105
2026-09-15 14:14:00,7.525,7.525,7.52,7.52,531.62,3997.85375
2026-09-15 14:15:00,7.521,7.53,7.52,7.53,603.5,4540.41036
2026-09-15 14:16:00,7.531,7.534,7.516,7.517,2973.51,22370.88486
2026-09-15 14:17:00,7.517,7.527,7.514,7.523,1035.14,7786.54253
2026-09-15 14:18:00,7.524,7.524,7.519,7.52,42.47,319.41615
2026-09-15 14:19:00,7.52,7.529,7.52,7.525,1161.21,8739.21337
2026-09-15 14:20:00,7.526,7.527,7.514,7.518,10083.05,75816.86707
2026-09-15 14:21:00,7.519,7.524,7.519,7.523,1060.2,7975.54571
2026-09-15 14:22:00,7.523,7.523,7.515,7.515,673.27,5061.46438
2026-09-15 14:23:00,7.514,7.514,7.501,7.504,3517.05,26404.49117
2026-09-15 14:24:00,7.503,7.515,7.503,7.51,378.94,2846.0832
2026-09-15 14:25:00,7.511,7.511,7.505,7.509,545.25,4094.50015
2026-09-15 14:26:00,7.509,7.51,7.507,7.508,487.48,3660.09015
2026-09-15 14:27:00,7.507,7.51,7.505,7.51,798.02,5990.82893
2026-09-15 14:28:00,7.51,7.51,7.503,7.504,326.54,2450.83728
2026-09-15 14:29:00,7.503,7.503,7.492,7.495,3384.59,25377.83033
2026-09-15 14:30:00,7.495,7.496,7.485,7.485,6523.24,48838.82782
2026-09-15 14:31:00,7.485,7.493,7.481,7.486,882.61,6605.48568
2026-09-15 14:32:00,7.485,7.486,7.477,7.479,1272.27,9517.70762
2026-09-15 14:33:00,7.478,7.479,7.467,7.472,5124.98,38309.38114
2026-09-15 14:34:00,7.471,7.473,7.462,7.462,598.43,4468.27309
2026-09-15 14:35:00,7.463,7.463,7.438,7.45,8221.56,61265.3379
2026-09-15 14:36:00,7.45,7.452,7.43,7.432,10103.56,75130.75904
2026-09-15 14:37:00,7.434,7.463,7.431,7.454,2119.45,15784.16064
2026-09-15 14:38:00,7.454,7.454,7.441,7.443,8987.44,66958.31337
2026-09-15 14:39:00,7.442,7.442,7.425,7.428,8686.55,64570.22079
2026-09-15 14:40:00,7.428,7.428,7.395,7.407,13597.04,100751.53859
2026-09-15 14:41:00,7.406,7.406,7.397,7.401,3432.22,25398.90145
2026-09-15 14:42:00,7.4,7.414,7.4,7.401,7864.9,58247.10737
2026-09-15 14:43:00,7.402,7.418,7.398,7.417,2928.66,21685.73374
2026-09-15 14:44:00,7.416,7.424,7.412,7.414,2368.21,17567.2903
2026-09-15 14:45:00,7.415,7.416,7.402,7.403,943.92,6994.23932
2026-09-15 14:46:00,7.402,7.407,7.386,7.388,9743.46,72069.97818
2026-09-15 14:47:00,7.387,7.396,7.386,7.39,4690.76,34668.96271
2026-09-15 14:48:00,7.39,7.399,7.386,7.394,2487.83,18387.33214
2026-09-15 14:49:00,7.394,7.395,7.388,7.39,2756.97,20378.94545
2026-09-15 14:50:00,7.391,7.391,7.371,7.38,4665.93,34427.27722
2026-09-15 14:51:00,7.379,7.387,7.333,7.338,22318.89,164048.36974
2026-09-15 14:52:00,7.339,7.368,7.336,7.367,9212.51,67724.08618
2026-09-15 14:53:00,7.367,7.38,7.356,7.368,6393.97,47130.01491
2026-09-15 14:54:00,7.37,7.383,7.37,7.38,5328.08,39306.61866
2026-09-15 14:55:00,7.38,7.391,7.376,7.381,2483.09,18325.80811
2026-09-15 14:56:00,7.381,7.382,7.374,7.382,905.46,6680.64211
2026-09-15 14:57:00,7.382,7.407,7.382,7.406,841.9,6227.6387
2026-09-15 14:58:00,7.406,7.407,7.39,7.404,3060.54,22642.4134
2026-09-15 14:59:00,7.403,7.405,7.398,7.405,982.91,7275.68913
2026-09-15 15:00:00,7.405,7.422,7.387,7.387,9566.07,70878.79688
2026-09-15 15:01:00,7.386,7.413,7.384,7.413,4668.08,34565.19899
2026-09-15 15:02:00,7.413,7.415,7.401,7.413,2917.48,21620.26082
2026-09-15 15:03:00,7.415,7.437,7.414,7.436,4836.67,35919.80467
2026-09-15 15:04:00,7.436,7.443,7.436,7.439,1737.4,12924.01917
2026-09-15 15:05:00,7.441,7.443,7.429,7.429,473.58,3521.06917
2026-09-15 15:06:00,7.432,7.445,7.431,7.444,588.91,4382.39119
2026-09-15 15:07:00,7.444,7.449,7.44,7.444,1339.39,9972.8677
2026-09-15 15:08:00,7.445,7.445,7.437,7.437,260.56,1938.16453
2026-09-15 15:09:00,7.438,7.438,7.431,7.437,494.35,3675.61594
2026-09-15 15:10:00,7.436,7.436,7.429,7.429,530.81,3945.24928
2026-09-15 15:11:00,7.43,7.432,7.427,7.431,410.58,3050.46265
2026-09-15 15:12:00,7.431,7.431,7.428,7.43,270.09,2006.39822
2026-09-15 15:13:00,7.431,7.433,7.429,7.429,296.99,2207.09392
2026-09-15 15:14:00,7.429,7.433,7.427,7.432,402.69,2992.04912
2026-09-15 15:15:00,7.432,7.437,7.428,7.428,619.51,4604.69282
2026-09-15 15:16:00,7.427,7.438,7.422,7.429,779.05,5789.15732
2026-09-15 15:17:00,7.431,7.44,7.431,7.44,563.1,4188.49846
2026-09-15 15:18:00,7.439,7.439,7.433,7.435,337.09,2506.15765
2026-09-15 15:19:00,7.437,7.437,7.43,7.431,487.25,3622.62851
2026-09-15 15:20:00,7.43,7.43,7.425,7.429,2622.3,19477.08685
2026-09-15 15:21:00,7.429,7.432,7.425,7.425,1193.93,8867.01514
2026-09-15 15:22:00,7.425,7.437,7.424,7.424,8761.44,65074.46514
2026-09-15 15:23:00,7.425,7.437,7.425,7.437,898.68,6682.25845
2026-09-15 15:24:00,7.437,7.461,7.437,7.459,2794.17,20799.71058
2026-09-15 15:25:00,7.461,7.476,7.459,7.472,1903.5,14217.52522
2026-09-15 15:26:00,7.47,7.47,7.462,7.462,4499.08,33587.59565
2026-09-15 15:27:00,7.461,7.464,7.46,7.464,365.52,2727.29171
2026-09-15 15:28:00,7.464,7.468,7.46,7.46,1993.6,14880.48278
2026-09-15 15:29:00,7.461,7.466,7.461,7.462,311.75,2326.60339
2026-09-15 15:30:00,7.461,7.466,7.457,7.464,1759.25,13128.20302
2026-09-15 15:31:00,7.463,7.464,7.454,7.454,853.33,6365.62376
2026-09-15 15:32:00,7.454,7.454,7.447,7.451,209.03,1557.36724
2026-09-15 15:33:00,7.45,7.461,7.45,7.46,727.09,5423.23699
2026-09-15 15:34:00,7.459,7.459,7.452,7.458,189.17,1410.23706
2026-09-15 15:35:00,7.458,7.458,7.452,7.452,177.35,1321.99433
2026-09-15 15:36:00,7.451,7.457,7.451,7.456,58.89,438.90629
2026-09-15 15:37:00,7.455,7.455,7.44,7.44,4159.22,30989.79703
2026-09-15 15:38:00,7.441,7.456,7.441,7.453,5986.67,44617.4684
2026-09-15 15:39:00,7.453,7.456,7.453,7.456,649.95,4845.71677
2026-09-15 15:40:00,7.455,7.455,7.446,7.446,249.94,1862.32482
2026-09-15 15:41:00,7.448,7.449,7.442,7.442,1730.98,12889.04363
2026-09-15 15:42:00,7.441,7.447,7.436,7.447,5748.21,42773.7088
2026-09-15 15:43:00,7.446,7.45,7.442,7.45,1070.9,7974.63347
2026-09-15 15:44:00,7.448,7.449,7.447,7.447,2401.94,17888.70351
2026-09-15 15:45:00,7.446,7.448,7.445,7.448,422.01,3142.61295
2026-09-15 15:46:00,7.447,7.447,7.443,7.443,299.73,2231.21571
2026-09-15 15:47:00,7.443,7.443,7.436,7.439,5547.79,41267.2156
2026-09-15 15:48:00,7.439,7.441,7.438,7.44,728.79,5421.23184
2026-09-15 15:49:00,7.441,7.442,7.427,7.432,3357.74,24956.82266
2026-09-15 15:50:00,7.433,7.453,7.433,7.453,10300.25,76675.80224
2026-09-15 15:51:00,7.452,7.452,7.437,7.44,2771.77,20624.01061
2026-09-15 15:52:00,7.444,7.447,7.44,7.44,97.55,726.15757
2026-09-15 15:53:00,7.439,7.443,7.439,7.44,91.86,683.42179
2026-09-15 15:54:00,7.438,7.441,7.43,7.43,1064.98,7920.28158
2026-09-15 15:55:00,7.433,7.443,7.432,7.443,2944.85,21900.32142
2026-09-15 15:56:00,7.444,7.444,7.434,7.434,309.98,2305.07514
2026-09-15 15:57:00,7.437,7.44,7.437,7.44,254.85,1895.57639
2026-09-15 15:58:00,7.441,7.441,7.434,7.434,31.53,234.54587
2026-09-15 15:59:00,7.434,7.434,7.431,7.431,2153.99,16009.29698
2026-09-15 16:00:00,7.432,7.433,7.418,7.419,6480.63,48116.053
2026-09-15 16:01:00,7.421,7.432,7.421,7.43,1096.62,8143.74246
2026-09-15 16:02:00,7.431,7.431,7.424,7.425,1008.35,7488.10253
2026-09-15 16:03:00,7.426,7.426,7.419,7.42,510.59,3789.78336
2026-09-15 16:04:00,7.421,7.421,7.409,7.411,3802.57,28190.2749
2026-09-15 16:05:00,7.412,7.416,7.409,7.409,219.53,1627.67247
2026-09-15 16:06:00,7.41,7.414,7.408,7.408,217.93,1614.69205
2026-09-15 16:07:00,7.409,7.41,7.404,7.405,235.19,1741.96166
2026-09-15 16:08:00,7.404,7.404,7.399,7.402,242.38,1793.79082
2026-09-15 16:09:00,7.402,7.402,7.392,7.395,1036.53,7664.83761
2026-09-15 16:10:00,7.396,7.403,7.396,7.4,348.35,2578.04443
2026-09-15 16:11:00,7.401,7.407,7.4,7.405,2656.13,19663.58901
2026-09-15 16:12:00,7.404,7.404,7.393,7.393,801.55,5927.9947
2026-09-15 16:13:00,7.392,7.398,7.392,7.395,1005.05,7434.17825
2026-09-15 16:14:00,7.395,7.395,7.39,7.391,682.92,5047.93814
2026-09-15 16:15:00,7.393,7.398,7.393,7.398,96.01,709.99152
2026-09-15 16:16:00,7.399,7.404,7.399,7.401,472.83,3499.22315
2026-09-15 16:17:00,7.403,7.414,7.403,7.414,428.26,3172.40907
2026-09-15 16:18:00,7.415,7.436,7.415,7.436,543.19,4030.40072
2026-09-15 16:19:00,7.437,7.442,7.43,7.431,3530.41,26261.11312
2026-09-15 16:20:00,7.43,7.435,7.43,7.433,390.38,2902.34018
2026-09-15 16:21:00,7.434,7.454,7.434,7.448,1100.38,8195.15339
2026-09-15 16:22:00,7.448,7.461,7.448,7.461,4077.41,30403.57985
2026-09-15 16:23:00,7.461,7.467,7.457,7.462,1342.98,10026.12942
2026-09-15 16:24:00,7.462,7.465,7.454,7.454,1014.69,7568.54322
2026-09-15 16:25:00,7.454,7.454,7.446,7.446,194.57,1449.51
2026-09-15 16:26:00,7.445,7.449,7.443,7.445,3691.98,27492.34491
2026-09-15 16:27:00,7.447,7.454,7.446,7.446,285.25,2125.00997
2026-09-15 16:28:00,7.446,7.458,7.446,7.458,1206.66,8995.50423
2026-09-15 16:29:00,7.457,7.459,7.457,7.457,44.16,329.34831
2026-09-15 16:30:00,7.457,7.459,7.45,7.452,4470.24,33328.5766
2026-09-15 16:31:00,7.454,7.455,7.447,7.449,109.4,814.94247
2026-09-15 16:32:00,7.448,7.449,7.445,7.447,134.89,1004.74228
2026-09-15 16:33:00,7.449,7.449,7.445,7.447,164.82,1227.44498
2026-09-15 16:34:00,7.446,7.446,7.441,7.441,105.7,786.58672
2026-09-15 16:35:00,7.441,7.442,7.437,7.442,788.92,5868.59813
2026-09-15 16:36:00,7.443,7.45,7.443,7.444,421.41,3138.11403
2026-09-15 16:37:00,7.443,7.445,7.439,7.445,252.2,1877.0945
2026-09-15 16:38:00,7.445,7.445,7.438,7.438,152.94,1138.23063
2026-09-15 16:39:00,7.438,7.438,7.434,7.434,164.2,1220.85939
2026-09-15 16:40:00,7.434,7.434,7.428,7.428,183.52,1363.54531
2026-09-15 16:41:00,7.428,7.428,7.426,7.426,372.8,2768.65379
2026-09-15 16:42:00,7.426,7.428,7.426,7.428,22.65,168.21901
2026-09-15 16:43:00,7.428,7.429,7.428,7.429,2809.44,20871.27339
2026-09-15 16:44:00,7.43,7.435,7.43,7.435,234.51,1743.28724
2026-09-15 16:45:00,7.436,7.439,7.436,7.438,69.56,517.37976
2026-09-15 16:46:00,7.437,7.444,7.437,7.44,238.96,1778.46591
2026-09-15 16:47:00,7.44,7.443,7.439,7.439,343.66,2556.90374
2026-09-15 16:48:00,7.439,7.44,7.431,7.432,808.38,6009.29895
2026-09-15 16:49:00,7.433,7.438,7.433,7.438,152.95,1137.08052
2026-09-15 16:50:00,7.438,7.445,7.438,7.445,168.81,1256.46537
2026-09-15 16:51:00,7.445,7.451,7.445,7.451,67.15,500.03459
2026-09-15 16:52:00,7.452,7.466,7.452,7.466,575.37,4294.54818
2026-09-15 16:53:00,7.467,7.471,7.456,7.456,935.27,6985.54894
2026-09-15 16:54:00,7.456,7.466,7.453,7.461,5108.59,38104.32087
2026-09-15 16:55:00,7.461,7.461,7.458,7.458,102.27,762.94748
2026-09-15 16:56:00,7.459,7.46,7.451,7.451,497.1,3704.53631
2026-09-15 16:57:00,7.45,7.45,7.446,7.448,29.23,217.69184
2026-09-15 16:58:00,7.448,7.448,7.441,7.444,98.27,731.32464
2026-09-15 16:59:00,7.444,7.445,7.433,7.44,7029.77,52292.11125
2026-09-15 17:00:00,7.44,7.441,7.437,7.438,213.68,1589.26128
2026-09-15 17:01:00,7.439,7.446,7.439,7.446,1594.7,11870.90043
2026-09-15 17:02:00,7.446,7.446,7.434,7.434,1894.3,14095.15965
2026-09-15 17:03:00,7.433,7.437,7.431,7.436,53.62,398.64261
2026-09-15 17:04:00,7.436,7.436,7.427,7.428,117.46,872.8402
2026-09-15 17:05:00,7.428,7.432,7.422,7.43,5867.88,43585.38597
2026-09-15 17:06:00,7.43,7.43,7.423,7.426,744.43,5528.26402
2026-09-15 17:07:00,7.426,7.427,7.422,7.422,678.32,5036.76573
2026-09-15 17:08:00,7.422,7.422,7.411,7.416,1675.6,12427.77404
2026-09-15 17:09:00,7.416,7.416,7.415,7.416,209.48,1553.30572
2026-09-15 17:10:00,7.416,7.418,7.415,7.416,349.14,2589.07967
2026-09-15 17:11:00,7.417,7.419,7.411,7.411,574.43,4258.10453
2026-09-15 17:12:00,7.411,7.413,7.406,7.413,739.26,5476.48887
2026-09-15 17:13:00,7.413,7.418,7.413,7.416,473.98,3514.77796
2026-09-15 17:14:00,7.417,7.419,7.415,7.415,431.88,3203.43571
2026-09-15 17:15:00,7.415,7.415,7.409,7.409,67.77,502.36524
2026-09-15 17:16:00,7.409,7.414,7.409,7.414,267.49,1982.14033
2026-09-15 17:17:00,7.414,7.417,7.414,7.416,145.82,1081.38361
2026-09-15 17:18:00,7.417,7.417,7.415,7.415,110.58,819.99529
2026-09-15 17:19:00,7.415,7.418,7.413,7.413,24.29,180.10703
2026-09-15 17:20:00,7.414,7.421,7.414,7.421,602.07,4464.31028
2026-09-15 17:21:00,7.421,7.421,7.419,7.419,100.8,748.01649
2026-09-15 17:22:00,7.419,7.419,7.413,7.417,75.16,557.40038
2026-09-15 17:23:00,7.417,7.423,7.417,7.423,512.36,3801.95692
2026-09-15 17:24:00,7.423,7.424,7.42,7.42,247.45,1837.02692
2026-09-15 17:25:00,7.419,7.421,7.417,7.421,484.81,3596.76554
2026-09-15 17:26:00,7.421,7.429,7.419,7.429,258.91,1922.00038
2026-09-15 17:27:00,7.43,7.432,7.43,7.431,50.42,374.67098
2026-09-15 17:28:00,7.431,7.436,7.431,7.436,143.24,1064.89461
2026-09-15 17:29:00,7.435,7.439,7.43,7.43,1120.82,8333.71249
2026-09-15 17:30:00,7.429,7.435,7.429,7.432,1216.72,9041.79862
2026-09-15 17:31:00,7.433,7.451,7.433,7.451,4223.4,31420.22713
2026-09-15 17:32:00,7.452,7.467,7.452,7.454,1056.19,7881.78242
2026-09-15 17:33:00,7.455,7.478,7.455,7.478,2002.71,14956.97675
2026-09-15 17:34:00,7.48,7.491,7.478,7.486,5464.69,40893.48792
2026-09-15 17:35:00,7.488,7.532,7.487,7.517,29154.73,219038.87787
2026-09-15 17:36:00,7.518,7.523,7.498,7.499,3499.8,26311.25355
2026-09-15 17:37:00,7.499,7.518,7.499,7.514,2247.67,16876.16372
2026-09-15 17:38:00,7.515,7.515,7.498,7.5,449.85,3376.24161
2026-09-15 17:39:00,7.5,7.5,7.493,7.495,4548.24,34091.13285
2026-09-15 17:40:00,7.495,7.497,7.48,7.494,3439.83,25765.61444
2026-09-15 17:41:00,7.492,7.497,7.49,7.495,153.4,1149.56115
2026-09-15 17:42:00,7.494,7.494,7.484,7.484,2146.5,16071.10996
2026-09-15 17:43:00,7.482,7.482,7.479,7.48,61.62,460.91413
2026-09-15 17:44:00,7.479,7.482,7.479,7.48,291.07,2177.38761
2026-09-15 17:45:00,7.48,7.49,7.48,7.49,89.17,667.53458
2026-09-15 17:46:00,7.492,7.521,7.491,7.506,68508.68,514430.18292
2026-09-15 17:47:00,7.506,7.519,7.504,7.519,3953.5,29694.59123
2026-09-15 17:48:00,7.52,7.527,7.519,7.524,2981.33,22431.74517
2026-09-15 17:49:00,7.524,7.528,7.522,7.522,1525.75,11482.86955
2026-09-15 17:50:00,7.521,7.537,7.521,7.534,17346.82,130639.89964
2026-09-15 17:51:00,7.535,7.536,7.527,7.533,926.03,6975.56774
2026-09-15 17:52:00,7.531,7.531,7.523,7.525,814.19,6126.31762
2026-09-15 17:53:00,7.526,7.529,7.523,7.523,601.0,4523.63886
2026-09-15 17:54:00,7.523,7.524,7.518,7.524,928.01,6979.60599
2026-09-15 17:55:00,7.524,7.524,7.503,7.503,982.33,7381.97832
2026-09-15 17:56:00,7.503,7.514,7.501,7.512,474.5,3561.28585
2026-09-15 17:57:00,7.512,7.514,7.511,7.511,243.81,1831.80731
2026-09-15 17:58:00,7.511,7.512,7.511,7.511,190.75,1432.87906
2026-09-15 17:59:00,7.511,7.512,7.507,7.508,32.41,243.38813
2026-09-15 18:00:00,7.507,7.507,7.494,7.495,1013.95,7602.87638
2026-09-15 18:01:00,7.496,7.509,7.495,7.507,4094.81,30729.88172
2026-09-15 18:02:00,7.507,7.513,7.504,7.513,1569.97,11789.34214
2026-09-15 18:03:00,7.511,7.512,7.503,7.505,811.83,6096.37951
2026-09-15 18:04:00,7.505,7.505,7.491,7.493,814.39,6107.23486
2026-09-15 18:05:00,7.493,7.494,7.49,7.491,121.32,908.95916
2026-09-15 18:06:00,7.492,7.502,7.492,7.502,251.4,1884.88925
2026-09-15 18:07:00,7.502,7.502,7.486,7.486,7040.34,52804.79273
2026-09-15 18:08:00,7.485,7.485,7.477,7.483,9146.84,68426.7801
2026-09-15 18:09:00,7.484,7.485,7.479,7.485,164.95,1234.08933
2026-09-15 18:10:00,7.486,7.49,7.483,7.484,212.09,1587.94241
2026-09-15 18:11:00,7.485,7.486,7.484,7.486,147.15,1101.44453
2026-09-15 18:12:00,7.484,7.486,7.482,7.484,63.52,475.34875
2026-09-15 18:13:00,7.484,7.489,7.481,7.489,3204.02,23982.00046
2026-09-15 18:14:00,7.489,7.489,7.486,7.488,2085.49,15614.11255
2026-09-15 18:15:00,7.488,7.495,7.486,7.486,1088.91,8158.12622
2026-09-15 18:16:00,7.486,7.486,7.463,7.463,1234.16,9218.99672
2026-09-15 18:17:00,7.465,7.467,7.448,7.45,2064.71,15391.92325
2026-09-15 18:18:00,7.449,7.462,7.441,7.462,692.95,5164.54411
2026-09-15 18:19:00,7.462,7.472,7.459,7.463,7571.55,56519.88422
2026-09-15 18:20:00,7.464,7.47,7.463,7.465,1206.64,9007.87754
2026-09-15 18:21:00,7.465,7.469,7.465,7.469,408.53,3049.99855
2026-09-15 18:22:00,7.468,7.468,7.464,7.467,1031.97,7703.74349
2026-09-15 18:23:00,7.467,7.467,7.461,7.461,273.16,2038.48965
2026-09-15 18:24:00,7.46,7.46,7.455,7.459,1630.31,12157.28875
2026-09-15 18:25:00,7.458,7.459,7.452,7.453,744.16,5547.62527
2026-09-15 18:26:00,7.453,7.462,7.453,7.461,892.0,6654.55853
2026-09-15 18:27:00,7.46,7.46,7.458,7.458,59.68,445.16443
2026-09-15 18:28:00,7.459,7.472,7.456,7.472,5535.77,41317.64914
2026-09-15 18:29:00,7.472,7.538,7.472,7.502,19156.05,143919.65482
2026-09-15 18:30:00,7.499,7.504,7.477,7.489,1710.07,12818.11589
2026-09-15 18:31:00,7.487,7.49,7.481,7.489,1642.87,12301.90826
2026-09-15 18:32:00,7.489,7.494,7.487,7.489,5295.5,39674.839
2026-09-15 18:33:00,7.488,7.488,7.445,7.45,4960.99,37007.87673
2026-09-15 18:34:00,7.451,7.492,7.451,7.481,4310.66,32216.37927
2026-09-15 18:35:00,7.482,7.49,7.48,7.48,1058.69,7924.25768
2026-09-15 18:36:00,7.479,7.479,7.45,7.458,7064.45,52723.72424
2026-09-15 18:37:00,7.457,7.457,7.381,7.442,40672.83,301403.73045
2026-09-15 18:38:00,7.441,7.454,7.42,7.438,4031.13,29980.181
2026-09-15 18:39:00,7.438,7.446,7.431,7.436,2037.64,15158.19539
2026-09-15 18:40:00,7.436,7.436,7.388,7.403,22365.34,165717.98087
2026-09-15 18:41:00,7.403,7.418,7.364,7.403,25553.22,188771.25939
2026-09-15 18:42:00,7.404,7.409,7.356,7.369,10501.6,77519.37005
2026-09-15 18:43:00,7.368,7.38,7.345,7.375,9428.99,69422.32191
2026-09-15 18:44:00,7.378,7.38,7.351,7.351,4282.04,31547.17995
2026-09-15 18:45:00,7.352,7.362,7.283,7.303,49060.05,358435.53929
2026-09-15 18:46:00,7.306,7.316,7.264,7.288,24396.5,178088.34479
2026-09-15 18:47:00,7.288,7.316,7.263,7.285,17684.32,128905.25143
2026-09-15 18:48:00,7.284,7.284,7.232,7.249,47581.99,345150.86745
2026-09-15 18:49:00,7.249,7.253,7.189,7.225,28699.07,207146.08362
2026-09-15 18:50:00,7.225,7.261,7.211,7.242,17654.44,127727.09514
2026-09-15 18:51:00,7.244,7.282,7.234,7.272,19807.63,143904.07373
2026-09-15 18:52:00,7.273,7.316,7.267,7.304,24563.74,179068.29582
2026-09-15 18:53:00,7.305,7.335,7.305,7.326,5009.04,36666.96776
2026-09-15 18:54:00,7.326,7.354,7.321,7.351,3396.61,24927.21607
2026-09-15 18:55:00,7.352,7.376,7.345,7.367,9157.49,67404.29616
2026-09-15 18:56:00,7.368,7.38,7.344,7.352,2189.25,16117.93517
2026-09-15 18:57:00,7.352,7.36,7.336,7.346,3240.94,23816.81292
2026-09-15 18:58:00,7.347,7.358,7.342,7.354,5943.12,43683.63419
2026-09-15 18:59:00,7.355,7.357,7.343,7.355,1036.45,7619.97217
2026-09-15 19:00:00,7.355,7.364,7.334,7.349,3230.2,23737.02117
2026-09-15 19:01:00,7.352,7.365,7.333,7.334,3871.9,28438.55907
2026-09-15 19:02:00,7.332,7.352,7.326,7.352,1395.46,10248.16926
2026-09-15 19:03:00,7.353,7.383,7.353,7.364,4193.0,30898.93925
2026-09-15 19:04:00,7.365,7.385,7.365,7.368,1194.98,8808.19442
2026-09-15 19:05:00,7.367,7.378,7.352,7.352,1855.26,13656.18908
2026-09-15 19:06:00,7.352,7.378,7.351,7.373,7178.52,52870.90837
2026-09-15 19:07:00,7.369,7.369,7.348,7.352,1050.53,7731.13188
2026-09-15 19:08:00,7.352,7.359,7.345,7.346,2287.12,16811.62872
2026-09-15 19:09:00,7.348,7.364,7.347,7.354,1315.32,9674.45545
2026-09-15 19:10:00,7.355,7.371,7.352,7.359,5288.72,38929.58876
2026-09-15 19:11:00,7.358,7.358,7.347,7.354,4803.23,35308.98873
2026-09-15 19:12:00,7.354,7.355,7.343,7.348,1248.11,9174.1063
2026-09-15 19:13:00,7.349,7.349,7.334,7.343,1571.5,11534.47156
2026-09-15 19:14:00,7.342,7.342,7.329,7.335,2175.65,15963.27687
2026-09-15 19:15:00,7.336,7.353,7.336,7.339,3698.75,27161.24192
2026-09-15 19:16:00,7.34,7.361,7.33,7.354,9073.28,66632.99321
2026-09-15 19:17:00,7.354,7.38,7.354,7.379,3125.93,23033.14079
2026-09-15 19:18:00,7.379,7.381,7.361,7.367,3765.06,27757.27777
2026-09-15 19:19:00,7.367,7.378,7.359,7.364,988.14,7283.89266
2026-09-15 19:20:00,7.364,7.364,7.348,7.351,2866.34,21091.87408
2026-09-15 19:21:00,7.351,7.364,7.35,7.355,3565.5,26232.28853
2026-09-15 19:22:00,7.355,7.366,7.355,7.366,965.81,7106.47533
2026-09-15 19:23:00,7.365,7.382,7.363,7.369,9479.45,69916.31065
2026-09-15 19:24:00,7.369,7.369,7.355,7.362,2120.02,15605.14593
2026-09-15 19:25:00,7.362,7.37,7.356,7.368,583.88,4298.8991
2026-09-15 19:26:00,7.367,7.37,7.353,7.355,2672.98,19677.74366
2026-09-15 19:27:00,7.355,7.359,7.354,7.354,846.41,6226.24907
2026-09-15 19:28:00,7.353,7.357,7.344,7.344,164.48,1209.7144
2026-09-15 19:29:00,7.344,7.345,7.331,7.336,20615.18,151300.41197
2026-09-15 19:30:00,7.335,7.347,7.328,7.336,5549.26,40726.09737
2026-09-15 19:31:00,7.334,7.348,7.333,7.342,3136.55,23031.96649
2026-09-15 19:32:00,7.343,7.346,7.328,7.33,530.07,3887.74802
2026-09-15 19:33:00,7.331,7.346,7.32,7.338,10009.25,73407.18982
2026-09-15 19:34:00,7.339,7.345,7.329,7.33,911.7,6687.13388
2026-09-15 19:35:00,7.328,7.331,7.324,7.329,3089.37,22628.83817
2026-09-15 19:36:00,7.329,7.336,7.328,7.335,2199.72,16128.77913
2026-09-15 19:37:00,7.335,7.335,7.327,7.328,138.63,1016.49187
2026-09-15 19:38:00,7.327,7.34,7.325,7.34,963.53,7063.9188
2026-09-15 19:39:00,7.341,7.341,7.336,7.339,513.42,3766.48213
2026-09-15 19:40:00,7.339,7.348,7.339,7.347,561.69,4126.62352
2026-09-15 19:41:00,7.347,7.347,7.324,7.325,4745.41,34822.60686
2026-09-15 19:42:00,7.324,7.325,7.318,7.321,2615.56,19146.6311
2026-09-15 19:43:00,7.322,7.324,7.314,7.322,2881.53,21089.90432
2026-09-15 19:44:00,7.321,7.323,7.317,7.317,3308.91,24227.71153
2026-09-15 19:45:00,7.317,7.323,7.317,7.321,1065.51,7797.92266
2026-09-15 19:46:00,7.32,7.32,7.314,7.316,464.46,3397.88515
2026-09-15 19:47:00,7.317,7.324,7.317,7.322,3755.08,27492.98347
2026-09-15 19:48:00,7.323,7.332,7.323,7.325,772.63,5663.10263
2026-09-15 19:49:00,7.325,7.329,7.323,7.326,421.52,3087.54512
2026-09-15 19:50:00,7.326,7.332,7.323,7.327,4391.18,32182.31719
2026-09-15 19:51:00,7.327,7.333,7.326,7.331,610.25,4472.16872
2026-09-15 19:52:00,7.33,7.336,7.328,7.329,709.33,5198.84744
2026-09-15 19:53:00,7.328,7.346,7.328,7.345,2164.61,15898.14043
2026-09-15 19:54:00,7.345,7.351,7.344,7.35,1223.91,8994.69067
2026-09-15 19:55:00,7.35,7.352,7.338,7.34,1150.63,8451.54295
2026-09-15 19:56:00,7.341,7.35,7.341,7.35,61.06,448.52258
2026-09-15 19:57:00,7.351,7.353,7.351,7.352,1277.1,9389.18586
2026-09-15 19:58:00,7.352,7.352,7.35,7.35,1758.2,12924.71079
2026-09-15 19:59:00,7.35,7.351,7.345,7.351,1403.89,10316.00553
2026-09-15 20:00:00,7.351,7.366,7.345,7.366,2613.29,19239.02065
2026-09-15 20:01:00,7.366,7.368,7.355,7.355,1523.56,11216.15001
2026-09-15 20:02:00,7.354,7.354,7.345,7.345,1755.33,12898.12363
2026-09-15 20:03:00,7.344,7.344,7.33,7.337,3331.33,24432.6097
2026-09-15 20:04:00,7.337,7.34,7.325,7.327,2204.78,16166.89339
2026-09-15 20:05:00,7.327,7.329,7.316,7.316,4484.93,32851.3437
2026-09-15 20:06:00,7.316,7.318,7.302,7.305,8412.29,61493.29413
2026-09-15 20:07:00,7.305,7.309,7.299,7.305,1106.98,8084.08194
2026-09-15 20:08:00,7.305,7.307,7.291,7.292,3685.84,26899.57204
2026-09-15 20:09:00,7.293,7.297,7.292,7.297,2173.76,15858.31923
2026-09-15 20:10:00,7.295,7.318,7.294,7.315,3477.91,25386.30448
2026-09-15 20:11:00,7.314,7.319,7.305,7.306,700.44,5121.04048
2026-09-15 20:12:00,7.306,7.316,7.304,7.304,515.87,3771.0551
2026-09-15 20:13:00,7.304,7.309,7.304,7.306,358.93,2621.81728
2026-09-15 20:14:00,7.306,7.316,7.306,7.316,220.06,1608.90276
2026-09-15 20:15:00,7.315,7.315,7.305,7.309,1324.17,9675.93182
2026-09-15 20:16:00,7.309,7.321,7.309,7.319,561.71,4110.49748
2026-09-15 20:17:00,7.319,7.32,7.313,7.318,929.5,6798.24049
2026-09-15 20:18:00,7.318,7.318,7.305,7.305,315.98,2309.86737
2026-09-15 20:19:00,7.305,7.309,7.299,7.299,3739.57,27313.95814
2026-09-15 20:20:00,7.299,7.301,7.292,7.292,4559.01,33275.32328
2026-09-15 20:21:00,7.292,7.292,7.281,7.281,8892.35,64821.10359
2026-09-15 20:22:00,7.282,7.292,7.28,7.292,4817.41,35089.68881
2026-09-15 20:23:00,7.289,7.29,7.283,7.288,616.65,4492.94014
2026-09-15 20:24:00,7.289,7.295,7.285,7.294,2326.75,16957.31406
2026-09-15 20:25:00,7.296,7.302,7.289,7.292,3838.38,28002.42989
2026-09-15 20:26:00,7.292,7.292,7.282,7.284,2004.72,14605.98143
2026-09-15 20:27:00,7.282,7.283,7.275,7.279,2228.25,16219.94104
2026-09-15 20:28:00,7.28,7.281,7.267,7.279,6131.3,44608.23891
2026-09-15 20:29:00,7.276,7.28,7.265,7.267,2422.57,17622.11071
2026-09-15 20:30:00,7.268,7.273,7.257,7.269,2703.55,19641.25217
2026-09-15 20:31:00,7.269,7.286,7.269,7.277,6500.72,47318.3569
2026-09-15 20:32:00,7.277,7.279,7.258,7.263,5915.23,43011.2148
2026-09-15 20:33:00,7.262,7.266,7.256,7.262,3601.39,26147.99256
2026-09-15 20:34:00,7.263,7.266,7.261,7.265,2555.35,18558.70574
2026-09-15 20:35:00,7.266,7.27,7.261,7.27,902.0,6554.30209
2026-09-15 20:36:00,7.271,7.28,7.265,7.28,668.47,4858.75184
2026-09-15 20:37:00,7.281,7.29,7.281,7.286,934.56,6809.80715
2026-09-15 20:38:00,7.286,7.3,7.286,7.292,6662.51,48599.47574
2026-09-15 20:39:00,7.29,7.29,7.273,7.277,2758.35,20068.62848
2026-09-15 20:40:00,7.277,7.291,7.277,7.29,912.89,6653.31845
2026-09-15 20:41:00,7.289,7.289,7.282,7.283,133.06,969.16583
2026-09-15 20:42:00,7.282,7.285,7.278,7.279,1017.88,7410.66327
2026-09-15 20:43:00,7.279,7.284,7.279,7.28,791.15,5761.51218
2026-09-15 20:44:00,7.279,7.286,7.275,7.286,1611.99,11729.83826
2026-09-15 20:45:00,7.286,7.291,7.284,7.291,2902.2,21149.58103
2026-09-15 20:46:00,7.292,7.297,7.288,7.295,2437.86,17778.18629
2026-09-15 20:47:00,7.295,7.309,7.292,7.293,3452.1,25210.13863
2026-09-15 20:48:00,7.293,7.301,7.293,7.3,1074.3,7841.87181
2026-09-15 20:49:00,7.3,7.325,7.3,7.324,5815.6,42553.1741
2026-09-15 20:50:00,7.321,7.323,7.313,7.323,941.59,6892.3485
2026-09-15 20:51:00,7.322,7.322,7.31,7.315,887.9,6494.18921
2026-09-15 20:52:00,7.314,7.314,7.305,7.305,174.62,1275.84191
2026-09-15 20:53:00,7.306,7.309,7.306,7.308,365.02,2667.43351
2026-09-15 20:54:00,7.308,7.322,7.308,7.322,894.08,6544.46879
2026-09-15 20:55:00,7.322,7.326,7.318,7.326,539.57,3949.53516
2026-09-15 20:56:00,7.325,7.325,7.315,7.315,600.59,4395.15739
2026-09-15 20:57:00,7.314,7.316,7.313,7.316,524.21,3833.9503
2026-09-15 20:58:00,7.317,7.317,7.315,7.315,615.93,4505.97803
2026-09-15 20:59:00,7.316,7.316,7.315,7.315,35.37,258.7655
2026-09-15 21:00:00,7.314,7.314,7.294,7.295,5154.03,37622.97748
2026-09-15 21:01:00,7.295,7.295,7.272,7.274,3400.79,24781.84735
2026-09-15 21:02:00,7.274,7.285,7.272,7.285,1548.5,11268.67817
2026-09-15 21:03:00,7.286,7.292,7.286,7.292,4653.06,33911.56758
2026-09-15 21:04:00,7.292,7.292,7.285,7.29,997.0,7267.43807
2026-09-15 21:05:00,7.29,7.299,7.29,7.296,3682.55,26857.09816
2026-09-15 21:06:00,7.296,7.297,7.293,7.293,81.48,594.38864
2026-09-15 21:07:00,7.293,7.293,7.284,7.29,13774.01,100391.92786
2026-09-15 21:08:00,7.289,7.3,7.288,7.298,29373.03,214260.70934
2026-09-15 21:09:00,7.298,7.301,7.295,7.296,1228.71,8968.33634
2026-09-15 21:10:00,7.295,7.301,7.294,7.301,470.53,3433.28384
2026-09-15 21:11:00,7.302,7.316,7.302,7.315,2163.92,15816.34446
2026-09-15 21:12:00,7.315,7.319,7.315,7.316,4424.75,32377.00273
2026-09-15 21:13:00,7.316,7.336,7.316,7.329,3469.73,25427.58113
2026-09-15 21:14:00,7.329,7.329,7.308,7.313,2446.03,17895.56707
2026-09-15 21:15:00,7.314,7.314,7.304,7.304,2731.01,19955.41292
2026-09-15 21:16:00,7.305,7.318,7.304,7.315,2577.15,18834.64691
2026-09-15 21:17:00,7.316,7.32,7.312,7.318,224.71,1644.02587
2026-09-15 21:18:00,7.318,7.318,7.308,7.309,491.66,3595.26181
2026-09-15 21:19:00,7.309,7.324,7.309,7.324,339.37,2483.54279
2026-09-15 21:20:00,7.324,7.324,7.319,7.319,80.9,592.2025
2026-09-15 21:21:00,7.319,7.319,7.298,7.306,3697.03,27004.58962
2026-09-15 21:22:00,7.305,7.305,7.297,7.299,1605.92,11726.52305
2026-09-15 21:23:00,7.299,7.3,7.292,7.299,3154.44,23026.36463
2026-09-15 21:24:00,7.299,7.301,7.296,7.296,331.32,2418.47534
2026-09-15 21:25:00,7.296,7.296,7.292,7.292,182.94,1334.24607
2026-09-15 21:26:00,7.292,7.298,7.287,7.289,2212.55,16138.61399
2026-09-15 21:27:00,7.289,7.289,7.281,7.281,688.36,5013.35786
2026-09-15 21:28:00,7.28,7.28,7.267,7.267,1788.47,13013.13886
2026-09-15 21:29:00,7.267,7.274,7.261,7.274,1352.38,9830.22631
2026-09-15 21:30:00,7.275,7.277,7.275,7.276,54.79,398.67799
2026-09-15 21:31:00,7.275,7.275,7.271,7.275,2661.82,19364.0101
2026-09-15 21:32:00,7.274,7.279,7.268,7.279,664.98,4835.13378
2026-09-15 21:33:00,7.279,7.282,7.278,7.278,93.26,678.9014
2026-09-15 21:34:00,7.279,7.279,7.263,7.271,2725.62,19811.5311
2026-09-15 21:35:00,7.27,7.27,7.264,7.268,1085.49,7887.95819
2026-09-15 21:36:00,7.268,7.268,7.253,7.264,2214.83,16080.39314
2026-09-15 21:37:00,7.265,7.278,7.265,7.278,336.24,2445.2836
2026-09-15 21:38:00,7.279,7.28,7.272,7.274,2507.51,18250.49338
2026-09-15 21:39:00,7.275,7.279,7.275,7.279,216.23,1573.47295
2026-09-15 21:40:00,7.278,7.292,7.278,7.292,800.29,5830.09937
2026-09-15 21:41:00,7.292,7.292,7.286,7.291,292.31,2130.26708
2026-09-15 21:42:00,7.291,7.293,7.291,7.293,4.31,31.42852
2026-09-15 21:43:00,7.294,7.298,7.29,7.29,612.68,4470.47285
2026-09-15 21:44:00,7.291,7.291,7.291,7.291,51.63,376.43433
2026-09-15 21:45:00,7.291,7.292,7.291,7.292,179.56,1309.29022
2026-09-15 21:46:00,7.292,7.292,7.278,7.281,1149.13,8368.78735
2026-09-15 21:47:00,7.279,7.283,7.279,7.283,236.1,1718.87312
2026-09-15 21:48:00,7.283,7.285,7.277,7.277,905.18,6588.59283
2026-09-15 21:49:00,7.279,7.279,7.272,7.272,221.64,1611.93762
2026-09-15 21:50:00,7.271,7.271,7.268,7.268,2938.9,21361.80692
2026-09-15 21:51:00,7.267,7.267,7.246,7.257,5582.02,40506.738
2026-09-15 21:52:00,7.257,7.26,7.257,7.259,51.74,375.54288
2026-09-15 21:53:00,7.259,7.261,7.259,7.26,31.99,232.24252
2026-09-15 21:54:00,7.259,7.259,7.253,7.254,338.64,2456.58607
2026-09-15 21:55:00,7.254,7.254,7.242,7.248,4118.38,29844.04533
2026-09-15 21:56:00,7.249,7.251,7.245,7.247,271.16,1965.65701
2026-09-15 21:57:00,7.246,7.246,7.234,7.245,2972.77,21520.5462
2026-09-15 21:58:00,7.244,7.244,7.237,7.237,667.27,4831.18717
2026-09-15 21:59:00,7.236,7.241,7.227,7.234,4423.66,32002.89937
2026-09-15 22:00:00,7.235,7.248,7.223,7.232,5052.12,36543.85383
2026-09-15 22:01:00,7.232,7.235,7.225,7.229,1483.68,10727.35385
2026-09-15 22:02:00,7.23,7.256,7.229,7.255,4644.22,33644.93734
2026-09-15 22:03:00,7.256,7.261,7.25,7.251,1544.09,11203.12979
2026-09-15 22:04:00,7.25,7.252,7.244,7.245,378.64,2745.45529
2026-09-15 22:05:00,7.244,7.246,7.24,7.241,735.5,5327.55413
2026-09-15 22:06:00,7.242,7.244,7.236,7.242,1530.38,11080.7365
2026-09-15 22:07:00,7.242,7.248,7.242,7.246,470.54,3408.69648
2026-09-15 22:08:00,7.247,7.25,7.247,7.247,199.8,1448.20088
2026-09-15 22:09:00,7.246,7.246,7.235,7.239,957.13,6927.31235
2026-09-15 22:10:00,7.24,7.251,7.236,7.251,412.13,2984.11274
2026-09-15 22:11:00,7.252,7.254,7.242,7.246,2391.06,17329.63378
2026-09-15 22:12:00,7.246,7.246,7.239,7.242,1392.91,10086.98355
2026-09-15 22:13:00,7.243,7.244,7.239,7.242,269.66,1952.69784
2026-09-15 22:14:00,7.241,7.245,7.239,7.244,1818.9,13171.12357
2026-09-15 22:15:00,7.245,7.245,7.236,7.236,452.91,3279.31832
2026-09-15 22:16:00,7.237,7.237,7.226,7.228,2665.37,19276.04226
2026-09-15 22:17:00,7.229,7.231,7.223,7.23,1698.25,12270.75149
2026-09-15 22:18:00,7.229,7.229,7.216,7.216,5809.4,41945.47495
2026-09-15 22:19:00,7.216,7.224,7.215,7.221,2347.21,16947.41263
2026-09-15 22:20:00,7.222,7.228,7.222,7.224,1565.01,11308.51098
2026-09-15 22:21:00,7.224,7.228,7.215,7.227,772.22,5575.17591
2026-09-15 22:22:00,7.226,7.232,7.225,7.227,5221.17,37741.23703
2026-09-15 22:23:00,7.227,7.227,7.215,7.22,1962.19,14164.43888
2026-09-15 22:24:00,7.22,7.226,7.22,7.221,546.16,3944.47354
2026-09-15 22:25:00,7.22,7.232,7.22,7.232,867.09,6263.44101
2026-09-15 22:26:00,7.233,7.254,7.233,7.254,4244.51,30760.16022
2026-09-15 22:27:00,7.254,7.262,7.254,7.262,928.03,6734.69202
2026-09-15 22:28:00,7.262,7.262,7.253,7.258,1533.81,11131.88589
2026-09-15 22:29:00,7.258,7.259,7.248,7.248,612.67,4445.79768
2026-09-15 22:30:00,7.248,7.261,7.247,7.261,296.29,2149.92312
2026-09-15 22:31:00,7.262,7.264,7.258,7.262,2426.71,17620.90127
2026-09-15 22:32:00,7.263,7.263,7.255,7.258,403.04,2924.59696
2026-09-15 22:33:00,7.256,7.26,7.247,7.259,2593.19,18812.3502
2026-09-15 22:34:00,7.259,7.265,7.259,7.265,1695.61,12312.78275
2026-09-15 22:35:00,7.264,7.264,7.258,7.258,27.3,198.20801
2026-09-15 22:36:00,7.257,7.257,7.253,7.256,476.5,3456.57084
2026-09-15 22:37:00,7.256,7.263,7.252,7.263,123.61,896.87351
2026-09-15 22:38:00,7.263,7.27,7.263,7.268,148.84,1081.54605
2026-09-15 22:39:00,7.269,7.27,7.26,7.262,6230.34,45263.0655
2026-09-15 22:40:00,7.262,7.262,7.258,7.26,214.22,1555.05752
2026-09-15 22:41:00,7.26,7.268,7.26,7.264,2005.57,14568.10692
2026-09-15 22:42:00,7.263,7.263,7.263,7.263,323.68,2350.88784
2026-09-15 22:43:00,7.264,7.266,7.263,7.263,348.38,2531.30554
2026-09-15 22:44:00,7.263,7.265,7.26,7.26,461.19,3348.89003
2026-09-15 22:45:00,7.26,7.266,7.26,7.266,33.72,244.89102
2026-09-15 22:46:00,7.266,7.277,7.266,7.277,768.62,5588.87622
2026-09-15 22:47:00,7.278,7.279,7.27,7.274,389.58,2834.02678
2026-09-15 22:48:00,7.275,7.283,7.275,7.283,48.3,351.6432
2026-09-15 22:49:00,7.283,7.283,7.28,7.28,160.42,1167.98967
2026-09-15 22:50:00,7.28,7.283,7.28,7.283,23.47,170.87307
2026-09-15 22:51:00,7.284,7.293,7.283,7.293,728.33,5307.49526
2026-09-15 22:52:00,7.294,7.297,7.294,7.294,193.79,1413.61694
2026-09-15 22:53:00,7.294,7.294,7.291,7.291,531.81,3878.56878
2026-09-15 22:54:00,7.291,7.294,7.291,7.294,762.94,5564.74529
2026-09-15 22:55:00,7.294,7.294,7.291,7.291,443.99,3237.78748
2026-09-15 22:56:00,7.29,7.29,7.285,7.289,1096.56,7991.77677
2026-09-15 22:57:00,7.29,7.292,7.289,7.292,2302.96,16790.83836
2026-09-15 22:58:00,7.293,7.294,7.287,7.287,218.17,1590.70756
2026-09-15 22:59:00,7.286,7.286,7.279,7.279,666.9,4855.3752
2026-09-15 23:00:00,7.279,7.29,7.279,7.29,413.85,3016.11975
2026-09-15 23:01:00,7.291,7.297,7.291,7.294,359.62,2623.61974
2026-09-15 23:02:00,7.295,7.295,7.288,7.29,195.63,1426.61711
2026-09-15 23:03:00,7.291,7.296,7.291,7.296,23.81,173.63631
2026-09-15 23:04:00,7.297,7.299,7.297,7.299,67.44,492.18002
2026-09-15 23:05:00,7.298,7.298,7.294,7.297,419.15,3058.05915
2026-09-15 23:06:00,7.297,7.301,7.295,7.295,2651.12,19348.25551
2026-09-15 23:07:00,7.297,7.297,7.29,7.29,929.67,6781.33522
2026-09-15 23:08:00,7.291,7.293,7.291,7.291,143.38,1045.52472
2026-09-15 23:09:00,7.292,7.299,7.292,7.297,1143.2,8339.52817
2026-09-15 23:10:00,7.298,7.298,7.298,7.298,832.54,6075.87692
2026-09-15 23:11:00,7.299,7.306,7.299,7.305,712.61,5202.30926
2026-09-15 23:12:00,7.305,7.31,7.303,7.303,229.83,1679.1349
2026-09-15 23:13:00,7.303,7.307,7.3,7.303,3810.77,27830.88308
2026-09-15 23:14:00,7.304,7.309,7.304,7.309,502.19,3669.56685
2026-09-15 23:15:00,7.309,7.312,7.309,7.312,1789.08,13079.09701
2026-09-15 23:16:00,7.312,7.312,7.309,7.311,604.93,4422.14109
2026-09-15 23:17:00,7.311,7.314,7.309,7.314,515.82,3770.68855
2026-09-15 23:18:00,7.313,7.313,7.309,7.309,335.85,2455.40508
2026-09-15 23:19:00,7.31,7.314,7.31,7.314,28.02,204.91068
2026-09-15 23:20:00,7.313,7.313,7.311,7.312,103.09,753.77332
2026-09-15 23:21:00,7.313,7.314,7.31,7.311,161.69,1182.26536
2026-09-15 23:22:00,7.312,7.313,7.308,7.308,1236.99,9044.94509
2026-09-15 23:23:00,7.308,7.31,7.308,7.308,61.25,447.64437
2026-09-15 23:24:00,7.309,7.31,7.307,7.307,1967.13,14374.145
2026-09-15 23:25:00,7.307,7.31,7.307,7.307,27.9,203.8908
2026-09-15 23:26:00,7.307,7.309,7.306,7.309,1328.88,9711.95969
2026-09-15 23:27:00,7.308,7.308,7.306,7.306,12.39,90.53899
2026-09-15 23:28:00,7.306,7.313,7.306,7.311,3163.49,23125.45541
2026-09-15 23:29:00,7.31,7.31,7.301,7.304,750.35,5482.47471
2026-09-15 23:30:00,7.303,7.303,7.284,7.287,2902.48,21174.47243
2026-09-15 23:31:00,7.288,7.29,7.28,7.281,2040.78,14873.60903
2026-09-15 23:32:00,7.282,7.283,7.271,7.279,560.73,4080.96639
2026-09-15 23:33:00,7.28,7.293,7.28,7.293,1270.82,9258.33742
2026-09-15 23:34:00,7.294,7.301,7.289,7.289,3738.5,27280.23232
2026-09-15 23:35:00,7.288,7.288,7.283,7.286,781.31,5690.87791
2026-09-15 23:36:00,7.286,7.286,7.281,7.281,270.99,1973.38735
2026-09-15 23:37:00,7.28,7.28,7.271,7.272,3422.15,24896.41012
2026-09-15 23:38:00,7.271,7.271,7.271,7.271,21.59,156.98089
2026-09-15 23:39:00,7.271,7.271,7.269,7.269,55.49,403.40796
2026-09-15 23:40:00,7.268,7.275,7.267,7.272,8323.37,60527.02565
2026-09-15 23:41:00,7.273,7.283,7.273,7.283,4570.21,33262.37919
2026-09-15 23:42:00,7.281,7.281,7.274,7.278,113.28,824.31545
2026-09-15 23:43:00,7.279,7.288,7.279,7.288,417.44,3041.87244
2026-09-15 23:44:00,7.288,7.292,7.287,7.29,2469.93,18005.9288
2026-09-15 23:45:00,7.291,7.291,7.281,7.289,4303.23,31346.79912
2026-09-15 23:46:00,7.289,7.29,7.289,7.289,172.8,1259.70968
2026-09-15 23:47:00,7.289,7.289,7.28,7.28,2065.43,15047.38179
2026-09-15 23:48:00,7.28,7.282,7.28,7.282,429.63,3127.7907
2026-09-15 23:49:00,7.283,7.283,7.28,7.28,40.38,294.05083
2026-09-15 23:50:00,7.279,7.286,7.279,7.286,47.55,346.27246
2026-09-15 23:51:00,7.287,7.287,7.279,7.279,309.12,2250.25292
2026-09-15 23:52:00,7.279,7.282,7.277,7.282,832.15,6056.83052
2026-09-15 23:53:00,7.282,7.288,7.282,7.284,251.42,1831.92431
2026-09-15 23:54:00,7.284,7.284,7.281,7.281,111.34,810.75374
2026-09-15 23:55:00,7.281,7.285,7.28,7.285,756.93,5512.52553
2026-09-15 23:56:00,7.283,7.283,7.275,7.277,3353.28,24402.8471
2026-09-15 23:57:00,7.277,7.277,7.275,7.276,239.45,1742.23947
2026-09-15 23:58:00,7.278,7.279,7.275,7.275,662.82,4824.15801
2026-09-15 23:59:00,7.274,7.274,7.27,7.27,2992.31,21757.46788
2026-09-16 00:00:00,7.271,7.272,7.236,7.246,13034.08,94539.37125
2026-09-16 00:01:00,7.246,7.25,7.244,7.248,8413.19,60970.79071
2026-09-16 00:02:00,7.249,7.262,7.248,7.262,3564.05,25846.50294
2026-09-16 00:03:00,7.263,7.27,7.263,7.266,1575.19,11446.13425
2026-09-16 00:04:00,7.267,7.273,7.267,7.271,183.52,1334.19184
2026-09-16 00:05:00,7.271,7.276,7.268,7.275,4378.08,31835.67689
2026-09-16 00:06:00,7.276,7.276,7.263,7.265,3049.02,22170.93346
2026-09-16 00:07:00,7.265,7.265,7.258,7.26,517.14,3755.81811
2026-09-16 00:08:00,7.26,7.261,7.258,7.26,20.97,152.22703
2026-09-16 00:09:00,7.26,7.265,7.257,7.257,1285.22,9330.70895
2026-09-16 00:10:00,7.258,7.262,7.254,7.259,392.23,2847.11571
2026-09-16 00:11:00,7.259,7.265,7.259,7.265,54.73,397.45498
2026-09-16 00:12:00,7.265,7.265,7.263,7.265,15.54,112.88256
2026-09-16 00:13:00,7.265,7.265,7.258,7.258,26.24,190.54938
2026-09-16 00:14:00,7.257,7.259,7.257,7.257,151.3,1098.14776
2026-09-16 00:15:00,7.258,7.264,7.252,7.264,909.14,6598.54547
2026-09-16 00:16:00,7.263,7.267,7.261,7.267,598.61,4349.64829
2026-09-16 00:17:00,7.267,7.268,7.265,7.265,170.75,1240.90731
2026-09-16 00:18:00,7.266,7.268,7.265,7.268,203.16,1476.14104
2026-09-16 00:19:00,7.267,7.267,7.265,7.267,134.36,976.34164
2026-09-16 00:20:00,7.268,7.27,7.267,7.267,54.23,394.15358
2026-09-16 00:21:00,7.267,7.272,7.265,7.268,580.59,4220.74499
2026-09-16 00:22:00,7.267,7.271,7.26,7.267,4186.37,30422.48699
2026-09-16 00:23:00,7.268,7.278,7.268,7.278,189.46,1378.31152
2026-09-16 00:24:00,7.278,7.287,7.278,7.281,3264.43,23775.63167
2026-09-16 00:25:00,7.281,7.284,7.281,7.284,683.78,4980.48342
2026-09-16 00:26:00,7.285,7.286,7.285,7.285,738.61,5381.49532
2026-09-16 00:27:00,7.285,7.285,7.279,7.279,89.48,651.52255
2026-09-16 00:28:00,7.278,7.278,7.269,7.273,1697.45,12346.41628
2026-09-16 00:29:00,7.273,7.279,7.273,7.279,279.61,2034.60253
2026-09-16 00:30:00,7.28,7.282,7.279,7.279,101.58,739.59072
2026-09-16 00:31:00,7.28,7.28,7.269,7.272,3257.03,23687.04808
2026-09-16 00:32:00,7.272,7.275,7.272,7.275,514.56,3742.57127
2026-09-16 00:33:00,7.276,7.276,7.27,7.272,2932.57,21326.03203
2026-09-16 00:34:00,7.269,7.269,7.264,7.264,167.83,1219.73562
2026-09-16 00:35:00,7.263,7.264,7.262,7.263,243.78,1770.73024
2026-09-16 00:36:00,7.263,7.267,7.263,7.263,703.24,5108.2746
2026-09-16 00:37:00,7.263,7.266,7.263,7.266,75.89,551.35138
2026-09-16 00:38:00,7.267,7.268,7.267,7.267,658.66,4786.75199
2026-09-16 00:39:00,7.268,7.274,7.268,7.273,194.14,1411.49605
2026-09-16 00:40:00,7.273,7.273,7.27,7.27,283.59,2061.80282
2026-09-16 00:41:00,7.27,7.27,7.267,7.267,58.29,423.63544
2026-09-16 00:42:00,7.266,7.266,7.262,7.262,303.11,2201.66325
2026-09-16 00:43:00,7.262,7.262,7.257,7.26,1735.65,12598.26976
2026-09-16 00:44:00,7.26,7.261,7.259,7.26,3053.86,22171.02848
2026-09-16 00:45:00,7.261,7.266,7.258,7.258,308.92,2243.3855
2026-09-16 00:46:00,7.257,7.258,7.251,7.253,2079.12,15083.91944
2026-09-16 00:47:00,7.253,7.259,7.253,7.259,3227.66,23419.80013
2026-09-16 00:48:00,7.259,7.269,7.256,7.269,257.54,1870.14819
2026-09-16 00:49:00,7.27,7.27,7.259,7.262,353.71,2568.1084
2026-09-16 00:50:00,7.261,7.263,7.256,7.256,342.46,2486.3853
2026-09-16 00:51:00,7.257,7.259,7.257,7.257,187.58,1361.27699
2026-09-16 00:52:00,7.257,7.263,7.248,7.25,5419.8,39328.01356
2026-09-16 00:53:00,7.251,7.251,7.247,7.247,1042.73,7559.79304
2026-09-16 00:54:00,7.246,7.249,7.246,7.248,1170.2,8480.46633
2026-09-16 00:55:00,7.248,7.249,7.244,7.245,2673.5,19374.92415
2026-09-16 00:56:00,7.245,7.246,7.245,7.246,1978.03,14330.845
2026-09-16 00:57:00,7.246,7.246,7.235,7.239,15419.85,111621.18327
2026-09-16 00:58:00,7.239,7.252,7.238,7.251,3797.18,27503.40719
2026-09-16 00:59:00,7.252,7.252,7.245,7.245,621.0,4502.19879
2026-09-16 01:00:00,7.245,7.251,7.245,7.25,173.08,1254.49953
2026-09-16 01:01:00,7.251,7.261,7.251,7.255,2653.52,19261.96204
2026-09-16 01:02:00,7.256,7.256,7.25,7.25,591.44,4289.90162
2026-09-16 01:03:00,7.249,7.252,7.242,7.242,3712.29,26909.41923
2026-09-16 01:04:00,7.242,7.242,7.229,7.235,7389.04,53473.16326
2026-09-16 01:05:00,7.235,7.235,7.232,7.234,201.13,1454.93462
2026-09-16 01:06:00,7.235,7.241,7.235,7.24,2212.77,16018.19548
2026-09-16 01:07:00,7.24,7.24,7.234,7.234,1717.26,12429.09891
2026-09-16 01:08:00,7.233,7.235,7.23,7.235,1690.16,12222.02414
2026-09-16 01:09:00,7.235,7.238,7.233,7.238,1469.91,10633.80973
2026-09-16 01:10:00,7.238,7.251,7.237,7.251,2884.6,20880.96637
2026-09-16 01:11:00,7.252,7.254,7.252,7.252,115.36,836.69905
2026-09-16 01:12:00,7.252,7.252,7.241,7.242,271.28,1965.70528
2026-09-16 01:13:00,7.242,7.247,7.242,7.245,847.54,6139.65389
2026-09-16 01:14:00,7.246,7.254,7.246,7.252,178.68,1295.53857
2026-09-16 01:15:00,7.251,7.253,7.247,7.252,428.41,3106.02265
2026-09-16 01:16:00,7.252,7.254,7.252,7.253,724.95,5258.2787
2026-09-16 01:17:00,7.253,7.258,7.253,7.256,555.98,4034.09295
2026-09-16 01:18:00,7.256,7.259,7.253,7.259,364.35,2643.22288
2026-09-16 01:19:00,7.259,7.263,7.259,7.261,350.84,2547.61679
2026-09-16 01:20:00,7.26,7.266,7.26,7.265,1195.27,8680.58046
2026-09-16 01:21:00,7.266,7.27,7.266,7.266,1535.9,11160.90799
2026-09-16 01:22:00,7.266,7.269,7.265,7.266,1411.0,10253.54063
2026-09-16 01:23:00,7.266,7.27,7.265,7.266,3235.1,23510.67028
2026-09-16 01:24:00,7.266,7.273,7.266,7.273,491.97,3576.91512
2026-09-16 01:25:00,7.274,7.278,7.274,7.276,258.85,1883.27226
2026-09-16 01:26:00,7.276,7.276,7.267,7.267,676.25,4919.47416
2026-09-16 01:27:00,7.266,7.266,7.264,7.264,25.84,187.73929
2026-09-16 01:28:00,7.264,7.268,7.264,7.268,19.54,141.97761
2026-09-16 01:29:00,7.268,7.268,7.255,7.258,5707.74,41435.59353
2026-09-16 01:30:00,7.257,7.258,7.256,7.256,56.23,408.04841
2026-09-16 01:31:00,7.255,7.26,7.251,7.251,903.1,6554.24534
2026-09-16 01:32:00,7.25,7.251,7.247,7.249,652.53,4729.43363
2026-09-16 01:33:00,7.248,7.249,7.235,7.236,2013.61,14580.69161
2026-09-16 01:34:00,7.236,7.236,7.235,7.235,15.9,115.04699
2026-09-16 01:35:00,7.235,7.245,7.232,7.24,6043.44,43756.92971
2026-09-16 01:36:00,7.24,7.24,7.227,7.227,805.68,5824.33526
2026-09-16 01:37:00,7.226,7.235,7.222,7.225,4074.8,29450.12363
2026-09-16 01:38:00,7.225,7.232,7.221,7.229,5189.16,37502.79804
2026-09-16 01:39:00,7.228,7.228,7.219,7.219,151.55,1094.32197
2026-09-16 01:40:00,7.22,7.222,7.215,7.222,8884.76,64132.971
2026-09-16 01:41:00,7.223,7.231,7.223,7.228,878.36,6349.14064
2026-09-16 01:42:00,7.228,7.231,7.228,7.23,355.56,2570.45711
2026-09-16 01:43:00,7.23,7.231,7.23,7.231,111.39,805.45965
2026-09-16 01:44:00,7.23,7.232,7.23,7.23,1336.15,9661.10207
2026-09-16 01:45:00,7.229,7.24,7.229,7.237,3188.79,23078.82784
2026-09-16 01:46:00,7.238,7.24,7.228,7.228,986.57,7133.08115
2026-09-16 01:47:00,7.229,7.23,7.216,7.222,9542.71,68922.69826
2026-09-16 01:48:00,7.223,7.224,7.22,7.221,618.91,4470.01851
2026-09-16 01:49:00,7.221,7.222,7.218,7.222,2009.65,14511.10276
2026-09-16 01:50:00,7.221,7.221,7.212,7.213,641.71,4629.27704
2026-09-16 01:51:00,7.212,7.214,7.211,7.214,180.14,1299.17071
2026-09-16 01:52:00,7.214,7.218,7.213,7.218,220.25,1588.83618
2026-09-16 01:53:00,7.218,7.221,7.212,7.214,3734.59,26949.51137
2026-09-16 01:54:00,7.215,7.215,7.21,7.21,756.09,5452.19432
2026-09-16 01:55:00,7.211,7.212,7.205,7.206,576.03,4151.1764
2026-09-16 01:56:00,7.206,7.206,7.201,7.202,3121.6,22487.30738
2026-09-16 01:57:00,7.203,7.204,7.197,7.204,3236.79,23305.97655
2026-09-16 01:58:00,7.204,7.207,7.204,7.206,5444.26,39233.77043
2026-09-16 01:59:00,7.206,7.207,7.202,7.202,354.35,2553.22084
2026-09-16 02:00:00,7.202,7.21,7.197,7.204,5698.63,41052.08593
2026-09-16 02:01:00,7.204,7.215,7.204,7.215,391.95,2825.13291
2026-09-16 02:02:00,7.216,7.228,7.214,7.228,581.56,4200.06324
2026-09-16 02:03:00,7.228,7.23,7.22,7.22,417.74,3018.61955
2026-09-16 02:04:00,7.219,7.219,7.215,7.218,433.6,3129.38308
2026-09-16 02:05:00,7.219,7.225,7.218,7.224,802.88,5795.98839
2026-09-16 02:06:00,7.225,7.225,7.217,7.219,3431.93,24779.03751
2026-09-16 02:07:00,7.219,7.219,7.213,7.216,138.66,1000.48448
2026-09-16 02:08:00,7.217,7.221,7.216,7.219,260.31,1878.7911
2026-09-16 02:09:00,7.219,7.219,7.214,7.215,156.02,1125.86552
2026-09-16 02:10:00,7.215,7.219,7.214,7.218,144.61,1043.47855
2026-09-16 02:11:00,7.218,7.218,7.206,7.206,1380.43,9951.70314
2026-09-16 02:12:00,7.206,7.211,7.201,7.211,4698.91,33866.39607
2026-09-16 02:13:00,7.212,7.223,7.212,7.223,537.02,3875.95995
2026-09-16 02:14:00,7.222,7.222,7.218,7.22,486.08,3508.68084
2026-09-16 02:15:00,7.219,7.228,7.218,7.228,331.19,2392.77258
2026-09-16 02:16:00,7.228,7.235,7.228,7.234,506.72,3663.84573
2026-09-16 02:17:00,7.235,7.249,7.231,7.248,5089.8,36862.22749
2026-09-16 02:18:00,7.249,7.249,7.242,7.244,742.53,5380.16653
2026-09-16 02:19:00,7.245,7.252,7.245,7.25,825.74,5987.01396
2026-09-16 02:20:00,7.25,7.253,7.249,7.252,569.03,4126.66626
2026-09-16 02:21:00,7.252,7.252,7.25,7.252,176.19,1277.43921
2026-09-16 02:22:00,7.252,7.253,7.248,7.248,32.64,236.65247
2026-09-16 02:23:00,7.248,7.248,7.243,7.243,274.66,1990.17431
2026-09-16 02:24:00,7.243,7.249,7.243,7.249,865.63,6270.32539
2026-09-16 02:25:00,7.249,7.253,7.249,7.252,397.92,2885.70216
2026-09-16 02:26:00,7.251,7.252,7.249,7.252,194.21,1407.96963
2026-09-16 02:27:00,7.253,7.253,7.25,7.25,79.78,578.50923
2026-09-16 02:28:00,7.25,7.253,7.25,7.251,947.53,6870.67976
2026-09-16 02:29:00,7.252,7.258,7.252,7.258,3168.68,22986.30842
2026-09-16 02:30:00,7.259,7.277,7.259,7.275,2266.03,16461.93402
2026-09-16 02:31:00,7.275,7.282,7.273,7.279,1483.2,10796.08979
2026-09-16 02:32:00,7.28,7.284,7.278,7.278,509.38,3708.73112
2026-09-16 02:33:00,7.278,7.278,7.274,7.274,225.7,1641.9689
2026-09-16 02:34:00,7.274,7.283,7.274,7.282,202.42,1472.942
2026-09-16 02:35:00,7.283,7.292,7.283,7.292,509.04,3708.14602
2026-09-16 02:36:00,7.292,7.301,7.292,7.295,1190.48,8688.69683
2026-09-16 02:37:00,7.294,7.294,7.289,7.29,376.92,2748.16162
2026-09-16 02:38:00,7.29,7.292,7.29,7.292,1203.64,8774.98862
2026-09-16 02:39:00,7.293,7.294,7.29,7.29,384.79,2805.23506
2026-09-16 02:40:00,7.29,7.292,7.287,7.287,155.06,1130.36573
2026-09-16 02:41:00,7.287,7.288,7.286,7.287,53.98,393.38518
2026-09-16 02:42:00,7.286,7.286,7.279,7.279,423.3,3083.26858
2026-09-16 02:43:00,7.279,7.282,7.277,7.277,468.36,3409.32082
2026-09-16 02:44:00,7.277,7.278,7.273,7.273,396.36,2883.67376
2026-09-16 02:45:00,7.272,7.272,7.268,7.27,398.42,2895.84839
2026-09-16 02:46:00,7.269,7.275,7.269,7.274,367.32,2670.76515
2026-09-16 02:47:00,7.274,7.274,7.272,7.273,387.48,2818.16872
2026-09-16 02:48:00,7.273,7.274,7.272,7.273,578.1,4204.44107
2026-09-16 02:49:00,7.274,7.278,7.274,7.278,710.58,5170.52287
2026-09-16 02:50:00,7.277,7.277,7.272,7.274,1505.34,10948.24886
2026-09-16 02:51:00,7.273,7.277,7.273,7.274,1480.12,10767.04716
2026-09-16 02:52:00,7.274,7.274,7.273,7.273,1253.78,9119.30681
2026-09-16 02:53:00,7.273,7.274,7.272,7.274,281.57,2047.65959
2026-09-16 02:54:00,7.275,7.275,7.268,7.269,624.74,4542.4148
2026-09-16 02:55:00,7.268,7.27,7.268,7.269,454.59,3304.16359
2026-09-16 02:56:00,7.268,7.271,7.259,7.261,1409.98,10241.09906
2026-09-16 02:57:00,7.262,7.269,7.26,7.269,5645.39,41001.98338
2026-09-16 02:58:00,7.27,7.272,7.27,7.272,528.4,3842.50789
2026-09-16 02:59:00,7.272,7.273,7.269,7.269,500.22,3637.15003
2026-09-16 03:00:00,7.27,7.277,7.269,7.277,284.19,2066.43237
2026-09-16 03:01:00,7.278,7.285,7.278,7.285,1300.89,9474.89094
2026-09-16 03:02:00,7.285,7.285,7.283,7.285,850.61,6195.01854
2026-09-16 03:03:00,7.285,7.286,7.272,7.278,6081.9,44266.40726
2026-09-16 03:04:00,7.279,7.283,7.276,7.277,100.55,732.07097
2026-09-16 03:05:00,7.277,7.277,7.276,7.276,37.53,273.0738
2026-09-16 03:06:00,7.277,7.277,7.275,7.275,91.9,668.66298
2026-09-16 03:07:00,7.275,7.275,7.269,7.269,64.36,468.04496
2026-09-16 03:08:00,7.27,7.271,7.266,7.266,967.98,7033.4925
2026-09-16 03:09:00,7.267,7.278,7.267,7.274,5399.64,39269.95871
2026-09-16 03:10:00,7.275,7.281,7.275,7.281,946.16,6885.85368
2026-09-16 03:11:00,7.281,7.289,7.28,7.289,1646.76,11994.24183
2026-09-16 03:12:00,7.29,7.29,7.286,7.286,147.92,1077.97279
2026-09-16 03:13:00,7.287,7.293,7.287,7.293,238.07,1735.04566
2026-09-16 03:14:00,7.293,7.296,7.293,7.294,229.18,1671.98035
2026-09-16 03:15:00,7.294,7.298,7.294,7.298,525.71,3836.17324
2026-09-16 03:16:00,7.299,7.303,7.299,7.303,515.56,3763.92987
2026-09-16 03:17:00,7.302,7.303,7.301,7.303,19.85,144.94364
2026-09-16 03:18:00,7.304,7.306,7.304,7.305,113.1,826.16013
2026-09-16 03:19:00,7.305,7.308,7.296,7.299,5443.81,39753.72655
2026-09-16 03:20:00,7.3,7.302,7.3,7.302,33.94,247.78085
2026-09-16 03:21:00,7.302,7.303,7.297,7.302,2620.25,19125.56807
2026-09-16 03:22:00,7.302,7.302,7.296,7.297,191.02,1394.70563
2026-09-16 03:23:00,7.298,7.302,7.298,7.301,2245.83,16392.74321
2026-09-16 03:24:00,7.3,7.301,7.299,7.3,114.55,836.23793
2026-09-16 03:25:00,7.3,7.3,7.296,7.296,592.33,4323.28958
2026-09-16 03:26:00,7.297,7.297,7.297,7.297,416.07,3036.06279
2026-09-16 03:27:00,7.296,7.296,7.287,7.288,2024.13,14763.32996
2026-09-16 03:28:00,7.289,7.292,7.284,7.288,4795.08,34950.46679
2026-09-16 03:29:00,7.288,7.29,7.285,7.285,516.95,3768.2541
2026-09-16 03:30:00,7.284,7.284,7.28,7.28,246.88,1797.93981
2026-09-16 03:31:00,7.279,7.289,7.277,7.282,4576.61,33333.31657
2026-09-16 03:32:00,7.282,7.287,7.282,7.287,415.1,3024.43458
2026-09-16 03:33:00,7.287,7.287,7.283,7.283,466.29,3397.19162
2026-09-16 03:34:00,7.282,7.283,7.282,7.282,189.65,1381.0443
2026-09-16 03:35:00,7.281,7.281,7.275,7.275,821.6,5977.55041
2026-09-16 03:36:00,7.274,7.276,7.269,7.269,992.59,7218.21532
2026-09-16 03:37:00,7.269,7.269,7.264,7.264,364.25,2646.85833
2026-09-16 03:38:00,7.264,7.266,7.261,7.266,625.05,4539.5286
2026-09-16 03:39:00,7.266,7.275,7.266,7.272,336.55,2448.06081
2026-09-16 03:40:00,7.273,7.279,7.273,7.279,47.73,347.33639
2026-09-16 03:41:00,7.279,7.279,7.275,7.276,100.94,734.48307
2026-09-16 03:42:00,7.276,7.276,7.271,7.271,2139.0,15559.74626
2026-09-16 03:43:00,7.271,7.278,7.27,7.278,161.83,1176.86129
2026-09-16 03:44:00,7.278,7.279,7.276,7.276,425.62,3097.81937
2026-09-16 03:45:00,7.276,7.283,7.275,7.282,559.58,4071.62784
2026-09-16 03:46:00,7.282,7.282,7.277,7.279,77.69,565.50378
2026-09-16 03:47:00,7.279,7.28,7.276,7.276,73.39,534.10352
2026-09-16 03:48:00,7.277,7.278,7.277,7.278,127.42,927.28279
2026-09-16 03:49:00,7.279,7.279,7.279,7.279,20.33,147.98207
2026-09-16 03:50:00,7.279,7.281,7.277,7.279,38.53,280.45769
2026-09-16 03:51:00,7.279,7.279,7.278,7.278,37.87,275.65121
2026-09-16 03:52:00,7.278,7.278,7.275,7.276,743.84,5412.46714
2026-09-16 03:53:00,7.276,7.282,7.276,7.279,261.04,1900.6573
2026-09-16 03:54:00,7.279,7.279,7.279,7.279,3.55,25.84045
2026-09-16 03:55:00,7.28,7.283,7.28,7.283,81.37,592.45027
2026-09-16 03:56:00,7.284,7.285,7.283,7.285,284.01,2068.71796
2026-09-16 03:57:00,7.285,7.286,7.285,7.286,7.8,56.82932
2026-09-16 03:58:00,7.285,7.288,7.285,7.288,206.37,1503.64063
2026-09-16 03:59:00,7.288,7.29,7.288,7.288,534.63,3896.74483
2026-09-16 04:00:00,7.288,7.291,7.287,7.291,846.57,6170.01302
2026-09-16 04:01:00,7.291,7.292,7.289,7.29,1382.89,10081.22585
2026-09-16 04:02:00,7.29,7.296,7.289,7.296,642.12,4683.34886
2026-09-16 04:03:00,7.297,7.305,7.296,7.305,1606.21,11727.21945
2026-09-16 04:04:00,7.306,7.313,7.306,7.309,929.59,6796.4243
2026-09-16 04:05:00,7.309,7.309,7.303,7.306,634.21,4632.45367
2026-09-16 04:06:00,7.307,7.309,7.306,7.308,1148.21,8390.33425
2026-09-16 04:07:00,7.307,7.308,7.307,7.308,455.4,3328.06141
2026-09-16 04:08:00,7.308,7.31,7.306,7.31,1721.86,12583.48231
2026-09-16 04:09:00,7.309,7.309,7.304,7.304,612.96,4479.17133
2026-09-16 04:10:00,7.305,7.311,7.305,7.311,656.11,4794.99846
2026-09-16 04:11:00,7.312,7.316,7.311,7.316,1221.48,8934.19501
2026-09-16 04:12:00,7.315,7.315,7.311,7.311,281.89,2061.35758
2026-09-16 04:13:00,7.312,7.319,7.312,7.318,7409.8,54220.16861
2026-09-16 04:14:00,7.318,7.321,7.317,7.317,346.16,2533.6846
2026-09-16 04:15:00,7.316,7.316,7.311,7.311,450.34,3292.63182
2026-09-16 04:16:00,7.311,7.312,7.311,7.311,41.53,303.62931
2026-09-16 04:17:00,7.311,7.311,7.31,7.311,44.75,327.15711
2026-09-16 04:18:00,7.311,7.314,7.311,7.312,121.09,885.55904
2026-09-16 04:19:00,7.312,7.312,7.308,7.308,1231.35,8999.62739
2026-09-16 04:20:00,7.309,7.321,7.308,7.321,1075.23,7868.58851
2026-09-16 04:21:00,7.322,7.341,7.322,7.334,6976.7,51175.10185
2026-09-16 04:22:00,7.333,7.333,7.32,7.327,271.27,1987.99283
2026-09-16 04:23:00,7.328,7.337,7.328,7.336,2062.07,15122.49414
2026-09-16 04:24:00,7.337,7.343,7.337,7.338,3213.6,23587.29737
2026-09-16 04:25:00,7.338,7.338,7.334,7.334,23.68,173.70013
2026-09-16 04:26:00,7.333,7.337,7.331,7.337,84.53,619.86545
2026-09-16 04:27:00,7.336,7.336,7.323,7.328,5469.9,40084.99017
2026-09-16 04:28:00,7.328,7.328,7.323,7.324,527.3,3862.29281
2026-09-16 04:29:00,7.325,7.33,7.325,7.327,1320.8,9679.89749
2026-09-16 04:30:00,7.326,7.326,7.325,7.325,29.9,219.02173
2026-09-16 04:31:00,7.326,7.326,7.326,7.326,4.17,30.54942
2026-09-16 04:32:00,7.325,7.325,7.317,7.317,72.77,532.80629
2026-09-16 04:33:00,7.317,7.317,7.315,7.316,17.19,125.75809
2026-09-16 04:34:00,7.315,7.327,7.314,7.327,5033.57,36843.29403
2026-09-16 04:35:00,7.327,7.329,7.324,7.327,1459.84,10696.5676
2026-09-16 04:36:00,7.327,7.327,7.322,7.327,872.89,6393.7405
2026-09-16 04:37:00,7.328,7.329,7.325,7.328,622.29,4559.99752
2026-09-16 04:38:00,7.328,7.328,7.326,7.327,16.02,117.3834
2026-09-16 04:39:00,7.326,7.333,7.325,7.333,67.13,492.10705
2026-09-16 04:40:00,7.333,7.337,7.333,7.337,692.7,5080.9482
2026-09-16 04:41:00,7.338,7.341,7.337,7.339,386.9,2839.37742
2026-09-16 04:42:00,7.338,7.339,7.338,7.339,462.0,3390.18743
2026-09-16 04:43:00,7.338,7.338,7.325,7.329,6267.32,45935.06397
2026-09-16 04:44:00,7.33,7.33,7.328,7.328,7.69,56.35755
2026-09-16 04:45:00,7.329,7.334,7.329,7.334,320.18,2347.06357
2026-09-16 04:46:00,7.334,7.335,7.327,7.327,68.72,503.88158
2026-09-16 04:47:00,7.327,7.327,7.327,7.327,20.42,149.61734
2026-09-16 04:48:00,7.326,7.326,7.326,7.326,36.32,266.08032
2026-09-16 04:49:00,7.326,7.326,7.325,7.325,44.36,324.94336
2026-09-16 04:50:00,7.325,7.326,7.325,7.326,92.07,674.42387
2026-09-16 04:51:00,7.326,7.326,7.321,7.321,400.85,2935.35336
2026-09-16 04:52:00,7.321,7.321,7.314,7.317,4774.71,34939.17567
2026-09-16 04:53:00,7.318,7.319,7.318,7.319,7.78,56.9362
2026-09-16 04:54:00,7.319,7.319,7.316,7.316,19.9,145.62278
2026-09-16 04:55:00,7.316,7.316,7.31,7.315,542.04,3963.70875
2026-09-16 04:56:00,7.316,7.316,7.31,7.31,883.29,6459.26023
2026-09-16 04:57:00,7.311,7.32,7.311,7.319,5942.68,43479.28707
2026-09-16 04:58:00,7.319,7.328,7.319,7.328,1375.29,10075.77595
2026-09-16 04:59:00,7.327,7.328,7.324,7.324,534.86,3918.78699
2026-09-16 05:00:00,7.324,7.329,7.323,7.328,3868.02,28340.38511
2026-09-16 05:01:00,7.327,7.327,7.32,7.32,1983.72,14530.65702
2026-09-16 05:02:00,7.32,7.32,7.301,7.303,8558.89,62585.0722
2026-09-16 05:03:00,7.302,7.311,7.299,7.305,4888.47,35727.75679
2026-09-16 05:04:00,7.304,7.31,7.299,7.31,995.96,7272.87176
2026-09-16 05:05:00,7.311,7.315,7.303,7.303,767.06,5605.79558
2026-09-16 05:06:00,7.302,7.307,7.3,7.303,1238.36,9045.47639
2026-09-16 05:07:00,7.304,7.311,7.304,7.311,500.74,3658.3263
2026-09-16 05:08:00,7.311,7.317,7.311,7.315,1378.04,10081.61946
2026-09-16 05:09:00,7.317,7.327,7.317,7.327,4221.15,30906.97623
2026-09-16 05:10:00,7.327,7.329,7.324,7.325,1435.91,10520.65362
2026-09-16 05:11:00,7.325,7.327,7.322,7.324,582.73,4269.44503
2026-09-16 05:12:00,7.324,7.327,7.323,7.323,338.86,2481.78305
2026-09-16 05:13:00,7.323,7.326,7.322,7.326,77.5,567.48533
2026-09-16 05:14:00,7.326,7.329,7.326,7.326,26.4,193.43642
2026-09-16 05:15:00,7.326,7.328,7.325,7.327,48.16,352.83213
2026-09-16 05:16:00,7.326,7.326,7.32,7.325,125.5,918.8782
2026-09-16 05:17:00,7.326,7.331,7.326,7.328,481.07,3525.09518
2026-09-16 05:18:00,7.328,7.333,7.328,7.331,622.79,4565.1369
2026-09-16 05:19:00,7.33,7.333,7.329,7.333,174.65,1280.03243
2026-09-16 05:20:00,7.333,7.333,7.328,7.328,772.91,5667.17979
2026-09-16 05:21:00,7.329,7.344,7.329,7.342,4296.65,31539.15196
2026-09-16 05:22:00,7.342,7.346,7.333,7.334,3265.13,23964.06773
2026-09-16 05:23:00,7.335,7.337,7.329,7.337,3013.55,22108.49556
2026-09-16 05:24:00,7.336,7.338,7.335,7.336,295.53,2167.9306
2026-09-16 05:25:00,7.337,7.339,7.335,7.338,289.65,2125.14491
2026-09-16 05:26:00,7.337,7.338,7.334,7.334,932.36,6839.34569
2026-09-16 05:27:00,7.334,7.334,7.328,7.329,33.65,246.67615
2026-09-16 05:28:00,7.33,7.33,7.326,7.327,24.78,181.58314
2026-09-16 05:29:00,7.328,7.332,7.328,7.332,994.61,7290.41628
2026-09-16 05:30:00,7.331,7.332,7.326,7.327,80.15,587.3565
2026-09-16 05:31:00,7.327,7.327,7.324,7.327,814.96,5970.48471
2026-09-16 05:32:00,7.327,7.328,7.322,7.328,515.02,3772.67502
2026-09-16 05:33:00,7.328,7.328,7.325,7.328,160.55,1176.4666
2026-09-16 05:34:00,7.328,7.329,7.324,7.324,146.03,1069.8527
2026-09-16 05:35:00,7.323,7.33,7.323,7.33,179.49,1314.46919
2026-09-16 05:36:00,7.33,7.339,7.33,7.333,1921.34,14096.47804
2026-09-16 05:37:00,7.332,7.333,7.331,7.332,246.25,1805.33299
2026-09-16 05:38:00,7.331,7.334,7.331,7.334,158.74,1163.74537
2026-09-16 05:39:00,7.335,7.336,7.335,7.335,13.33,97.78116
2026-09-16 05:40:00,7.335,7.338,7.335,7.338,16.74,122.80269
2026-09-16 05:41:00,7.338,7.34,7.336,7.336,322.74,2368.35951
2026-09-16 05:42:00,7.335,7.335,7.334,7.335,52.47,384.85926
2026-09-16 05:43:00,7.334,7.345,7.334,7.342,4364.75,32035.80175
2026-09-16 05:44:00,7.342,7.343,7.342,7.342,35.51,260.7333
2026-09-16 05:45:00,7.342,7.344,7.338,7.341,258.95,1901.03157
2026-09-16 05:46:00,7.342,7.344,7.342,7.344,9.22,67.70176
2026-09-16 05:47:00,7.344,7.344,7.336,7.337,281.81,2068.19472
2026-09-16 05:48:00,7.336,7.336,7.33,7.332,5530.67,40562.11824
2026-09-16 05:49:00,7.333,7.333,7.322,7.326,4181.92,30639.28794
2026-09-16 05:50:00,7.327,7.328,7.326,7.328,58.13,425.93768
2026-09-16 05:51:00,7.328,7.328,7.324,7.324,106.97,783.66799
2026-09-16 05:52:00,7.325,7.325,7.322,7.322,24.33,178.17807
2026-09-16 05:53:00,7.321,7.325,7.321,7.325,1230.1,9006.8419
2026-09-16 05:54:00,7.326,7.326,7.326,7.326,4.93,36.11718
2026-09-16 05:55:00,7.326,7.33,7.326,7.326,1494.44,10950.58689
2026-09-16 05:56:00,7.326,7.336,7.325,7.332,5414.6,39701.98201
2026-09-16 05:57:00,7.332,7.333,7.331,7.331,129.91,952.4945
2026-09-16 05:58:00,7.331,7.332,7.33,7.331,86.78,636.20887
2026-09-16 05:59:00,7.332,7.335,7.332,7.333,133.32,977.67401
2026-09-16 06:00:00,7.333,7.343,7.333,7.343,35.79,262.61804
2026-09-16 06:01:00,7.344,7.347,7.344,7.345,67.29,494.25545
2026-09-16 06:02:00,7.345,7.347,7.34,7.34,294.48,2162.92199
2026-09-16 06:03:00,7.341,7.341,7.332,7.332,60.11,440.98531
2026-09-16 06:04:00,7.331,7.331,7.32,7.324,4325.21,31690.34618
2026-09-16 06:05:00,7.323,7.324,7.321,7.324,1369.25,10024.39932
2026-09-16 06:06:00,7.324,7.324,7.32,7.321,34.04,249.1905
2026-09-16 06:07:00,7.322,7.322,7.318,7.321,2283.15,16712.54765
2026-09-16 06:08:00,7.322,7.323,7.32,7.32,1545.71,11317.49983
2026-09-16 06:09:00,7.322,7.327,7.322,7.327,892.87,6540.46646
2026-09-16 06:10:00,7.327,7.327,7.325,7.326,16.32,119.55285
2026-09-16 06:11:00,7.325,7.327,7.321,7.327,1076.19,7883.3677
2026-09-16 06:12:00,7.328,7.331,7.328,7.331,7.45,54.60591
2026-09-16 06:13:00,7.332,7.338,7.332,7.337,1524.11,11182.19165
2026-09-16 06:14:00,7.337,7.337,7.33,7.33,182.5,1338.37762
2026-09-16 06:15:00,7.33,7.33,7.324,7.325,193.33,1416.50639
2026-09-16 06:16:00,7.325,7.33,7.324,7.33,166.55,1220.12966
2026-09-16 06:17:00,7.331,7.334,7.331,7.331,386.66,2835.71248
2026-09-16 06:18:00,7.33,7.334,7.329,7.334,172.6,1265.17714
2026-09-16 06:19:00,7.334,7.337,7.332,7.337,109.75,804.9075
2026-09-16 06:20:00,7.338,7.339,7.336,7.338,652.25,4785.78865
2026-09-16 06:21:00,7.338,7.338,7.332,7.332,320.97,2354.30845
2026-09-16 06:22:00,7.332,7.332,7.326,7.328,403.46,2957.09168
2026-09-16 06:23:00,7.327,7.327,7.324,7.324,25.56,187.2105
2026-09-16 06:24:00,7.325,7.325,7.319,7.319,159.63,1168.65981
2026-09-16 06:25:00,7.319,7.32,7.318,7.32,54.25,397.05575
2026-09-16 06:26:00,7.32,7.324,7.32,7.323,164.06,1201.38675
2026-09-16 06:27:00,7.323,7.323,7.313,7.313,247.9,1813.31608
2026-09-16 06:28:00,7.313,7.313,7.309,7.31,635.79,4647.74166
2026-09-16 06:29:00,7.309,7.31,7.306,7.31,722.61,5279.51974
2026-09-16 06:30:00,7.31,7.311,7.309,7.309,65.1,475.90193
2026-09-16 06:31:00,7.31,7.314,7.308,7.309,226.51,1656.2186
2026-09-16 06:32:00,7.31,7.311,7.31,7.31,11.93,87.2119
2026-09-16 06:33:00,7.31,7.318,7.31,7.318,684.74,5007.00086
2026-09-16 06:34:00,7.318,7.318,7.312,7.312,4015.52,29378.41167
2026-09-16 06:35:00,7.312,7.312,7.308,7.308,194.73,1423.5122
2026-09-16 06:36:00,7.307,7.309,7.306,7.307,272.63,1992.15244
2026-09-16 06:37:00,7.306,7.306,7.296,7.296,856.87,6255.49016
2026-09-16 06:38:00,7.295,7.299,7.292,7.293,1753.4,12793.31662
2026-09-16 06:39:00,7.292,7.297,7.292,7.297,175.62,1281.13896
2026-09-16 06:40:00,7.298,7.305,7.298,7.305,415.46,3032.77959
2026-09-16 06:41:00,7.306,7.306,7.302,7.302,2024.85,14789.44364
2026-09-16 06:42:00,7.301,7.302,7.298,7.302,171.11,1248.99746
2026-09-16 06:43:00,7.302,7.302,7.291,7.295,5185.1,37841.5679
2026-09-16 06:44:00,7.294,7.299,7.294,7.298,864.68,6308.632
2026-09-16 06:45:00,7.298,7.303,7.298,7.303,231.28,1688.22098
2026-09-16 06:46:00,7.304,7.305,7.304,7.305,64.56,471.60863
2026-09-16 06:47:00,7.305,7.312,7.304,7.311,2947.35,21533.93279
2026-09-16 06:48:00,7.31,7.31,7.302,7.308,673.12,4918.04493
2026-09-16 06:49:00,7.309,7.31,7.306,7.306,73.16,534.69656
2026-09-16 06:50:00,7.306,7.306,7.301,7.301,269.09,1965.66478
2026-09-16 06:51:00,7.302,7.304,7.302,7.304,229.69,1677.23442
2026-09-16 06:52:00,7.305,7.308,7.3,7.3,908.87,6638.49691
2026-09-16 06:53:00,7.3,7.301,7.3,7.301,48.38,353.20613
2026-09-16 06:54:00,7.301,7.302,7.301,7.302,2.12,15.47953
2026-09-16 06:55:00,7.303,7.306,7.303,7.306,293.57,2144.6933
2026-09-16 06:56:00,7.306,7.308,7.305,7.307,486.18,3552.49362
2026-09-16 06:57:00,7.306,7.306,7.305,7.305,76.78,560.93682
2026-09-16 06:58:00,7.305,7.311,7.305,7.311,1892.93,13835.50629
2026-09-16 06:59:00,7.311,7.33,7.311,7.328,7197.53,52698.85993
2026-09-16 07:00:00,7.328,7.332,7.322,7.33,6678.51,48933.92986
2026-09-16 07:01:00,7.331,7.335,7.331,7.334,927.17,6799.28988
2026-09-16 07:02:00,7.334,7.338,7.332,7.338,396.24,2905.87281
2026-09-16 07:03:00,7.338,7.348,7.338,7.34,2764.57,20307.18317
2026-09-16 07:04:00,7.342,7.346,7.336,7.337,1862.37,13673.06038
2026-09-16 07:05:00,7.336,7.337,7.33,7.335,678.0,4973.27646
2026-09-16 07:06:00,7.334,7.335,7.323,7.323,2397.48,17557.30158
2026-09-16 07:07:00,7.324,7.325,7.318,7.32,286.26,2095.84932
2026-09-16 07:08:00,7.32,7.321,7.313,7.315,1565.72,11451.73412
2026-09-16 07:09:00,7.315,7.315,7.304,7.304,260.49,1904.00042
2026-09-16 07:10:00,7.303,7.304,7.288,7.297,4625.75,33739.53438
2026-09-16 07:11:00,7.297,7.297,7.292,7.293,1191.5,8692.81683
2026-09-16 07:12:00,7.293,7.293,7.286,7.288,3034.11,22113.46026
2026-09-16 07:13:00,7.289,7.289,7.286,7.289,605.48,4412.6628
2026-09-16 07:14:00,7.288,7.298,7.285,7.298,376.99,2747.78682
2026-09-16 07:15:00,7.298,7.306,7.298,7.301,460.57,3364.22983
2026-09-16 07:16:00,7.301,7.302,7.291,7.294,5168.89,37708.05528
2026-09-16 07:17:00,7.295,7.298,7.294,7.296,139.74,1019.698
2026-09-16 07:18:00,7.296,7.297,7.289,7.289,75.61,551.56948
2026-09-16 07:19:00,7.289,7.29,7.276,7.277,488.46,3555.60499
2026-09-16 07:20:00,7.278,7.28,7.278,7.28,326.0,2372.84868
2026-09-16 07:21:00,7.28,7.282,7.278,7.278,72.09,524.78957
2026-09-16 07:22:00,7.277,7.278,7.276,7.277,82.35,599.24659
2026-09-16 07:23:00,7.278,7.281,7.278,7.278,99.01,720.74941
2026-09-16 07:24:00,7.277,7.286,7.277,7.284,3223.57,23473.67446
2026-09-16 07:25:00,7.283,7.293,7.283,7.287,2019.61,14722.40614
2026-09-16 07:26:00,7.287,7.289,7.285,7.289,31.51,229.59656
2026-09-16 07:27:00,7.288,7.288,7.281,7.282,1001.54,7295.51209
2026-09-16 07:28:00,7.282,7.283,7.277,7.277,78.1,568.6372
2026-09-16 07:29:00,7.276,7.276,7.269,7.272,1740.45,12656.30423
2026-09-16 07:30:00,7.273,7.276,7.27,7.27,130.69,950.41694
2026-09-16 07:31:00,7.27,7.271,7.261,7.266,182.49,1325.5558
2026-09-16 07:32:00,7.267,7.27,7.265,7.268,573.27,4166.4199
2026-09-16 07:33:00,7.269,7.269,7.264,7.266,45.99,334.21629
2026-09-16 07:34:00,7.266,7.268,7.261,7.261,1142.88,8302.58185
2026-09-16 07:35:00,7.261,7.261,7.256,7.26,1447.68,10506.5918
2026-09-16 07:36:00,7.259,7.26,7.258,7.259,1407.76,10218.67228
2026-09-16 07:37:00,7.26,7.26,7.26,7.26,4.9,35.574
2026-09-16 07:38:00,7.26,7.265,7.26,7.261,122.69,890.9121
2026-09-16 07:39:00,7.26,7.264,7.257,7.264,576.47,4184.37843
2026-09-16 07:40:00,7.265,7.271,7.265,7.269,935.24,6797.11311
2026-09-16 07:41:00,7.269,7.269,7.265,7.265,627.43,4560.19204
2026-09-16 07:42:00,7.266,7.268,7.265,7.265,146.6,1065.24469
2026-09-16 07:43:00,7.264,7.264,7.254,7.254,248.62,1804.75694
2026-09-16 07:44:00,7.255,7.255,7.252,7.254,284.41,2063.03145
2026-09-16 07:45:00,7.254,7.255,7.253,7.255,89.96,652.56884
2026-09-16 07:46:00,7.255,7.255,7.251,7.252,1492.84,10826.63731
2026-09-16 07:47:00,7.253,7.256,7.253,7.256,455.8,3306.04178
2026-09-16 07:48:00,7.256,7.256,7.251,7.251,402.04,2916.0237
2026-09-16 07:49:00,7.251,7.253,7.245,7.253,5114.28,37066.14015
2026-09-16 07:50:00,7.253,7.253,7.244,7.244,1912.99,13866.59804
2026-09-16 07:51:00,7.245,7.245,7.243,7.244,278.29,2015.70558
2026-09-16 07:52:00,7.244,7.246,7.244,7.245,2665.38,19310.65424
2026-09-16 07:53:00,7.246,7.248,7.244,7.244,468.55,3395.66323
2026-09-16 07:54:00,7.245,7.245,7.244,7.244,277.53,2010.45146
2026-09-16 07:55:00,7.244,7.246,7.243,7.244,359.46,2603.63211
2026-09-16 07:56:00,7.245,7.246,7.239,7.239,386.86,2801.29613
2026-09-16 07:57:00,7.241,7.243,7.237,7.243,1209.53,8754.29073
2026-09-16 07:58:00,7.243,7.244,7.241,7.244,295.97,2143.65825
2026-09-16 07:59:00,7.244,7.245,7.244,7.244,7.08,51.29177
2026-09-16 08:00:00,7.243,7.245,7.24,7.24,208.2,1507.71338
2026-09-16 08:01:00,7.239,7.239,7.234,7.237,997.34,7216.31584
2026-09-16 08:02:00,7.237,7.238,7.231,7.234,1817.03,13143.54791
2026-09-16 08:03:00,7.233,7.234,7.226,7.23,8278.85,59855.45846
2026-09-16 08:04:00,7.23,7.231,7.223,7.223,2861.8,20677.61485
2026-09-16 08:05:00,7.224,7.225,7.219,7.225,1687.44,12185.84194
2026-09-16 08:06:00,7.224,7.224,7.211,7.22,5344.68,38566.74014
2026-09-16 08:07:00,7.22,7.22,7.209,7.209,1112.48,8025.13409
2026-09-16 08:08:00,7.208,7.21,7.204,7.206,4212.28,30358.26596
2026-09-16 08:09:00,7.205,7.207,7.189,7.204,17224.72,123987.06267
2026-09-16 08:10:00,7.203,7.208,7.201,7.204,1702.82,12268.79061
2026-09-16 08:11:00,7.204,7.204,7.199,7.203,1140.13,8210.20737
2026-09-16 08:12:00,7.204,7.213,7.204,7.212,602.68,4344.89265
2026-09-16 08:13:00,7.213,7.213,7.206,7.206,939.62,6773.49389
2026-09-16 08:14:00,7.207,7.209,7.206,7.209,1329.66,9583.37624
2026-09-16 08:15:00,7.209,7.219,7.205,7.218,978.6,7055.85127
2026-09-16 08:16:00,7.218,7.221,7.216,7.221,883.71,6378.24856
2026-09-16 08:17:00,7.221,7.228,7.215,7.218,5925.12,42789.0682
2026-09-16 08:18:00,7.218,7.22,7.21,7.211,658.45,4749.56626
2026-09-16 08:19:00,7.21,7.22,7.205,7.211,6973.31,50297.56327
2026-09-16 08:20:00,7.21,7.215,7.204,7.204,3781.42,27259.51915
2026-09-16 08:21:00,7.205,7.217,7.202,7.211,4792.17,34536.81904
2026-09-16 08:22:00,7.212,7.216,7.21,7.215,242.79,1750.88125
2026-09-16 08:23:00,7.213,7.213,7.205,7.205,438.26,3159.49282
2026-09-16 08:24:00,7.205,7.206,7.202,7.203,222.05,1599.53191
2026-09-16 08:25:00,7.202,7.208,7.2,7.206,2685.83,19350.43783
2026-09-16 08:26:00,7.206,7.207,7.194,7.195,4314.04,31053.82082
2026-09-16 08:27:00,7.196,7.199,7.195,7.195,643.52,4630.90954
2026-09-16 08:28:00,7.195,7.199,7.195,7.199,748.51,5387.06503
2026-09-16 08:29:00,7.199,7.202,7.197,7.197,1521.0,10952.32841
2026-09-16 08:30:00,7.197,7.199,7.193,7.199,3081.65,22175.63431
2026-09-16 08:31:00,7.2,7.2,7.196,7.2,998.15,7185.51462
2026-09-16 08:32:00,7.2,7.201,7.195,7.198,3411.43,24553.95358
2026-09-16 08:33:00,7.198,7.199,7.192,7.192,7485.58,53872.29602
2026-09-16 08:34:00,7.191,7.196,7.191,7.195,587.41,4225.47989
2026-09-16 08:35:00,7.195,7.196,7.193,7.195,1189.09,8554.7729
2026-09-16 08:36:00,7.194,7.195,7.192,7.195,1558.83,11213.31925
2026-09-16 08:37:00,7.195,7.199,7.194,7.195,4385.45,31552.87988
2026-09-16 08:38:00,7.195,7.196,7.195,7.195,1739.41,12515.06874
2026-09-16 08:39:00,7.195,7.197,7.192,7.193,3921.76,28215.51244
2026-09-16 08:40:00,7.194,7.196,7.193,7.195,1539.1,11073.86063
2026-09-16 08:41:00,7.195,7.195,7.191,7.193,959.98,6905.37244
2026-09-16 08:42:00,7.193,7.193,7.19,7.191,1200.4,8631.91619
2026-09-16 08:43:00,7.192,7.198,7.192,7.195,2236.84,16094.57077
2026-09-16 08:44:00,7.195,7.196,7.193,7.195,1275.64,9178.25439
2026-09-16 08:45:00,7.195,7.197,7.194,7.197,705.44,5076.42933
2026-09-16 08:46:00,7.197,7.2,7.197,7.2,2290.34,16488.47027
2026-09-16 08:47:00,7.2,7.2,7.196,7.196,753.75,5425.23119
2026-09-16 08:48:00,7.196,7.198,7.192,7.197,2809.99,20216.27353
2026-09-16 08:49:00,7.198,7.205,7.198,7.198,3783.25,27248.29832
2026-09-16 08:50:00,7.198,7.2,7.196,7.197,540.8,3893.66887
2026-09-16 08:51:00,7.197,7.199,7.196,7.197,1171.67,8433.77909
2026-09-16 08:52:00,7.197,7.199,7.197,7.199,1157.26,8330.3793
2026-09-16 08:53:00,7.197,7.198,7.197,7.197,68.76,494.88655
2026-09-16 08:54:00,7.198,7.205,7.198,7.205,4808.12,34622.48358
2026-09-16 08:55:00,7.204,7.211,7.204,7.21,1515.06,10920.68373
2026-09-16 08:56:00,7.21,7.217,7.21,7.212,642.71,4636.74448
2026-09-16 08:57:00,7.212,7.219,7.212,7.219,846.8,6108.34486
2026-09-16 08:58:00,7.218,7.218,7.215,7.215,657.96,4747.4232
2026-09-16 08:59:00,7.216,7.219,7.216,7.219,682.33,4924.0062
2026-09-16 09:00:00,7.219,7.223,7.218,7.219,3603.6,26019.92825
2026-09-16 09:01:00,7.218,7.219,7.217,7.217,522.28,3770.20712
2026-09-16 09:02:00,7.217,7.225,7.217,7.224,41039.5,296302.92443
2026-09-16 09:03:00,7.225,7.236,7.223,7.234,2802.14,20258.37854
2026-09-16 09:04:00,7.234,7.245,7.233,7.243,3654.92,26457.87227
2026-09-16 09:05:00,7.242,7.248,7.24,7.246,900.1,6521.37878
2026-09-16 09:06:00,7.245,7.245,7.234,7.24,5627.02,40722.37566
2026-09-16 09:07:00,7.239,7.239,7.236,7.237,3694.39,26741.38373
2026-09-16 09:08:00,7.236,7.24,7.234,7.24,4832.43,34964.01621
2026-09-16 09:09:00,7.239,7.245,7.239,7.245,694.0,5026.98843
2026-09-16 09:10:00,7.246,7.246,7.241,7.241,1781.29,12902.90528
2026-09-16 09:11:00,7.24,7.242,7.239,7.241,338.46,2450.73167
2026-09-16 09:12:00,7.242,7.242,7.235,7.238,3040.17,22006.12532
2026-09-16 09:13:00,7.237,7.237,7.234,7.235,692.51,5010.44821
2026-09-16 09:14:00,7.235,7.236,7.234,7.234,1098.33,7946.41756
2026-09-16 09:15:00,7.234,7.238,7.234,7.238,2068.33,14966.5088
2026-09-16 09:16:00,7.238,7.241,7.235,7.235,1174.56,8502.19498
2026-09-16 09:17:00,7.234,7.238,7.231,7.238,3428.29,24797.52586
2026-09-16 09:18:00,7.239,7.244,7.239,7.243,1265.18,9162.80371
2026-09-16 09:19:00,7.243,7.243,7.236,7.239,613.23,4440.04787
2026-09-16 09:20:00,7.24,7.246,7.239,7.246,2143.23,15517.92088
2026-09-16 09:21:00,7.245,7.245,7.244,7.245,94.87,687.29551
2026-09-16 09:22:00,7.245,7.251,7.245,7.248,1458.0,10570.45537
2026-09-16 09:23:00,7.248,7.256,7.248,7.255,200.93,1457.23273
2026-09-16 09:24:00,7.256,7.263,7.256,7.258,1119.49,8129.38831
2026-09-16 09:25:00,7.259,7.261,7.249,7.254,5099.45,36989.61081
2026-09-16 09:26:00,7.254,7.261,7.254,7.256,2626.34,19064.93342
2026-09-16 09:27:00,7.256,7.259,7.25,7.259,603.7,4379.29694
2026-09-16 09:28:00,7.259,7.259,7.258,7.259,218.3,1584.4399
2026-09-16 09:29:00,7.259,7.259,7.257,7.257,592.51,4300.38458
2026-09-16 09:30:00,7.258,7.259,7.257,7.259,2171.83,15761.81965
2026-09-16 09:31:00,7.259,7.26,7.255,7.256,138.92,1008.2169
2026-09-16 09:32:00,7.257,7.277,7.257,7.266,21448.54,155838.75665
2026-09-16 09:33:00,7.266,7.269,7.264,7.269,1352.65,9827.66881
2026-09-16 09:34:00,7.269,7.273,7.264,7.264,1969.95,14323.80375
2026-09-16 09:35:00,7.264,7.265,7.263,7.264,293.15,2129.43838
2026-09-16 09:36:00,7.264,7.277,7.264,7.277,550.16,3999.41417
2026-09-16 09:37:00,7.276,7.281,7.274,7.28,854.91,6222.14771
2026-09-16 09:38:00,7.279,7.279,7.276,7.277,2406.98,17516.26551
2026-09-16 09:39:00,7.276,7.277,7.274,7.277,208.41,1516.19285
2026-09-16 09:40:00,7.277,7.277,7.276,7.277,2147.13,15624.22624
2026-09-16 09:41:00,7.277,7.279,7.276,7.278,4562.4,33204.32327
2026-09-16 09:42:00,7.278,7.278,7.273,7.273,1104.57,8036.20976
2026-09-16 09:43:00,7.273,7.275,7.272,7.274,296.93,2159.59279
2026-09-16 09:44:00,7.274,7.277,7.274,7.276,1467.67,10678.60592
2026-09-16 09:45:00,7.277,7.277,7.275,7.275,10.32,75.09032
2026-09-16 09:46:00,7.275,7.275,7.272,7.273,396.18,2881.49679
2026-09-16 09:47:00,7.274,7.276,7.274,7.276,47.65,346.61464
2026-09-16 09:48:00,7.277,7.283,7.277,7.283,218.42,1589.94609
2026-09-16 09:49:00,7.283,7.283,7.281,7.281,17.93,130.56681
2026-09-16 09:50:00,7.281,7.283,7.281,7.282,228.78,1665.94706
2026-09-16 09:51:00,7.283,7.286,7.282,7.286,2307.97,16811.58816
2026-09-16 09:52:00,7.287,7.288,7.286,7.286,1175.65,8567.45746
2026-09-16 09:53:00,7.286,7.286,7.283,7.284,1178.69,8586.40342
2026-09-16 09:54:00,7.283,7.286,7.283,7.286,197.9,1441.72986
2026-09-16 09:55:00,7.287,7.287,7.285,7.285,39.35,286.73159
2026-09-16 09:56:00,7.285,7.285,7.281,7.281,88.58,645.02543
2026-09-16 09:57:00,7.281,7.281,7.278,7.28,92.87,676.08437
2026-09-16 09:58:00,7.28,7.283,7.28,7.283,264.02,1922.39486
2026-09-16 09:59:00,7.282,7.282,7.28,7.28,9.74,70.91624
2026-09-16 10:00:00,7.28,7.284,7.28,7.284,193.4,1408.64183
2026-09-16 10:01:00,7.284,7.284,7.28,7.28,435.41,3170.58065
2026-09-16 10:02:00,7.281,7.281,7.278,7.278,190.01,1383.269
2026-09-16 10:03:00,7.278,7.283,7.278,7.282,370.37,2696.18304
2026-09-16 10:04:00,7.281,7.281,7.277,7.277,165.92,1207.54853
2026-09-16 10:05:00,7.277,7.278,7.276,7.276,963.56,7011.38062
2026-09-16 10:06:00,7.276,7.284,7.276,7.279,3450.9,25126.32296
2026-09-16 10:07:00,7.279,7.282,7.279,7.281,447.88,3260.89266
2026-09-16 10:08:00,7.281,7.281,7.278,7.278,108.11,786.86717
2026-09-16 10:09:00,7.278,7.28,7.271,7.271,672.47,4892.71165
2026-09-16 10:10:00,7.271,7.272,7.271,7.271,54.84,398.74933
2026-09-16 10:11:00,7.27,7.27,7.263,7.268,4450.49,32343.49879
2026-09-16 10:12:00,7.267,7.267,7.26,7.263,755.55,5486.32872
2026-09-16 10:13:00,7.262,7.265,7.258,7.258,1844.65,13396.30722
2026-09-16 10:14:00,7.258,7.258,7.254,7.257,476.73,3458.7726
2026-09-16 10:15:00,7.257,7.259,7.257,7.258,80.61,585.06361
2026-09-16 10:16:00,7.258,7.261,7.258,7.261,1134.24,8234.3797
2026-09-16 10:17:00,7.262,7.27,7.262,7.267,2612.43,18983.44956
2026-09-16 10:18:00,7.268,7.27,7.268,7.269,247.52,1799.41096
2026-09-16 10:19:00,7.27,7.273,7.269,7.273,181.39,1318.85922
2026-09-16 10:20:00,7.273,7.275,7.273,7.273,760.19,5530.30752
2026-09-16 10:21:00,7.273,7.274,7.273,7.274,48.55,353.13582
2026-09-16 10:22:00,7.274,7.274,7.263,7.263,886.75,6445.24935
2026-09-16 10:23:00,7.264,7.264,7.261,7.261,43.97,319.30354
2026-09-16 10:24:00,7.26,7.26,7.259,7.26,27.27,197.97318
2026-09-16 10:25:00,7.259,7.26,7.259,7.26,21.12,153.31275
2026-09-16 10:26:00,7.259,7.266,7.259,7.266,913.1,6632.10179
2026-09-16 10:27:00,7.266,7.266,7.263,7.263,163.82,1189.86178
2026-09-16 10:28:00,7.263,7.263,7.261,7.261,607.14,4409.17876
2026-09-16 10:29:00,7.262,7.265,7.262,7.265,96.3,699.49227
2026-09-16 10:30:00,7.266,7.267,7.266,7.267,59.92,435.42484
2026-09-16 10:31:00,7.268,7.268,7.262,7.265,267.53,1943.77056
2026-09-16 10:32:00,7.265,7.265,7.261,7.262,46.52,337.88539
2026-09-16 10:33:00,7.262,7.266,7.262,7.264,131.63,956.17414
2026-09-16 10:34:00,7.265,7.269,7.265,7.267,1849.31,13440.34085
2026-09-16 10:35:00,7.267,7.267,7.264,7.265,176.16,1280.00298
2026-09-16 10:36:00,7.265,7.27,7.264,7.267,1552.06,11280.63881
2026-09-16 10:37:00,7.267,7.268,7.267,7.268,84.4,613.41782
2026-09-16 10:38:00,7.268,7.268,7.264,7.265,527.82,3835.73868
2026-09-16 10:39:00,7.266,7.269,7.264,7.269,65.28,474.30065
2026-09-16 10:40:00,7.269,7.269,7.267,7.267,1761.31,12802.667
2026-09-16 10:41:00,7.268,7.269,7.266,7.268,562.93,4091.49368
2026-09-16 10:42:00,7.268,7.272,7.268,7.272,154.11,1120.45693
2026-09-16 10:43:00,7.271,7.274,7.27,7.27,859.93,6252.66516
2026-09-16 10:44:00,7.269,7.272,7.269,7.27,473.62,3443.23666
2026-09-16 10:45:00,7.27,7.271,7.269,7.271,148.08,1076.54385
2026-09-16 10:46:00,7.27,7.27,7.266,7.266,244.02,1773.8737
2026-09-16 10:47:00,7.266,7.266,7.263,7.263,31.53,229.04921
2026-09-16 10:48:00,7.263,7.264,7.263,7.264,96.42,700.32943
2026-09-16 10:49:00,7.264,7.265,7.264,7.265,298.35,2167.23044
2026-09-16 10:50:00,7.265,7.265,7.264,7.265,25.39,184.44064
2026-09-16 10:51:00,7.265,7.265,7.264,7.264,568.56,4130.02262
2026-09-16 10:52:00,7.263,7.263,7.262,7.263,989.98,7189.26301
2026-09-16 10:53:00,7.262,7.263,7.261,7.263,202.16,1468.04129
2026-09-16 10:54:00,7.263,7.263,7.261,7.261,143.81,1044.23607
2026-09-16 10:55:00,7.261,7.261,7.258,7.258,975.35,7081.01929
2026-09-16 10:56:00,7.257,7.257,7.255,7.255,90.28,655.06089
2026-09-16 10:57:00,7.254,7.254,7.253,7.254,118.68,860.84943
2026-09-16 10:58:00,7.254,7.26,7.254,7.26,762.24,5531.09863
2026-09-16 10:59:00,7.26,7.264,7.255,7.263,3664.49,26603.6261
2026-09-16 11:00:00,7.263,7.274,7.259,7.274,2449.23,17799.80574
2026-09-16 11:01:00,7.274,7.274,7.257,7.258,1704.28,12374.03976
2026-09-16 11:02:00,7.258,7.266,7.258,7.264,134.24,974.8343
2026-09-16 11:03:00,7.264,7.271,7.264,7.271,200.56,1457.62059
2026-09-16 11:04:00,7.272,7.273,7.269,7.269,68.06,494.89509
2026-09-16 11:05:00,7.27,7.271,7.269,7.271,442.1,3214.28148
2026-09-16 11:06:00,7.271,7.271,7.269,7.271,188.73,1372.20918
2026-09-16 11:07:00,7.271,7.271,7.265,7.266,174.84,1270.5941
2026-09-16 11:08:00,7.265,7.265,7.261,7.262,75.36,547.29082
2026-09-16 11:09:00,7.261,7.265,7.261,7.264,2812.4,20421.41327
2026-09-16 11:10:00,7.264,7.266,7.263,7.266,46.62,338.69413
2026-09-16 11:11:00,7.265,7.265,7.265,7.265,30.41,220.92865
2026-09-16 11:12:00,7.264,7.264,7.26,7.26,59.58,432.70013
2026-09-16 11:13:00,7.259,7.259,7.259,7.259,6.92,50.23228
2026-09-16 11:14:00,7.26,7.262,7.259,7.259,584.76,4245.26113
2026-09-16 11:15:00,7.26,7.26,7.255,7.256,338.66,2457.20185
2026-09-16 11:16:00,7.255,7.263,7.255,7.262,1793.06,13017.01324
2026-09-16 11:17:00,7.262,7.262,7.259,7.26,363.46,2638.67924
2026-09-16 11:18:00,7.261,7.266,7.261,7.265,44.69,324.64446
2026-09-16 11:19:00,7.266,7.269,7.266,7.269,57.37,416.91402
2026-09-16 11:20:00,7.27,7.272,7.27,7.272,84.48,614.33205
2026-09-16 11:21:00,7.272,7.277,7.272,7.274,777.76,5658.6488
2026-09-16 11:22:00,7.273,7.273,7.266,7.27,1983.0,14414.01882
2026-09-16 11:23:00,7.269,7.269,7.265,7.267,63.88,464.23477
2026-09-16 11:24:00,7.267,7.268,7.265,7.268,1035.09,7521.59076
2026-09-16 11:25:00,7.268,7.272,7.268,7.272,42.6,309.75007
2026-09-16 11:26:00,7.271,7.277,7.27,7.276,3140.33,22844.96842
2026-09-16 11:27:00,7.277,7.278,7.277,7.278,24.37,177.36345
2026-09-16 11:28:00,7.279,7.279,7.275,7.277,101.13,736.03142
2026-09-16 11:29:00,7.277,7.278,7.277,7.278,18.82,136.9566
2026-09-16 11:30:00,7.277,7.279,7.277,7.279,22.49,163.68156
2026-09-16 11:31:00,7.279,7.288,7.278,7.288,278.31,2027.38013
2026-09-16 11:32:00,7.289,7.299,7.281,7.286,3399.07,24777.69893
2026-09-16 11:33:00,7.287,7.295,7.287,7.295,83.32,607.45272
2026-09-16 11:34:00,7.294,7.294,7.291,7.294,342.58,2498.09463
2026-09-16 11:35:00,7.293,7.296,7.293,7.296,198.64,1449.00953
2026-09-16 11:36:00,7.296,7.298,7.293,7.298,307.8,2244.96928
2026-09-16 11:37:00,7.298,7.304,7.294,7.294,1928.88,14080.46017
2026-09-16 11:38:00,7.293,7.296,7.289,7.292,911.61,6647.65707
2026-09-16 11:39:00,7.293,7.296,7.292,7.294,89.08,649.65239
2026-09-16 11:40:00,7.293,7.297,7.287,7.292,2349.03,17129.89063
2026-09-16 11:41:00,7.293,7.303,7.293,7.298,491.53,3587.90185
2026-09-16 11:42:00,7.299,7.312,7.299,7.312,966.48,7062.31633
2026-09-16 11:43:00,7.313,7.33,7.313,7.33,1407.43,10300.34593
2026-09-16 11:44:00,7.331,7.334,7.324,7.331,704.0,5160.10916
2026-09-16 11:45:00,7.332,7.335,7.325,7.327,1125.51,8251.0604
2026-09-16 11:46:00,7.328,7.329,7.319,7.32,465.9,3411.83377
2026-09-16 11:47:00,7.32,7.324,7.32,7.324,337.44,2470.7216
2026-09-16 11:48:00,7.323,7.324,7.321,7.322,217.54,1592.79264
2026-09-16 11:49:00,7.322,7.323,7.32,7.32,146.73,1074.4682
2026-09-16 11:50:00,7.321,7.332,7.32,7.33,1090.13,7989.00742
2026-09-16 11:51:00,7.33,7.334,7.328,7.328,388.28,2846.49978
2026-09-16 11:52:00,7.327,7.327,7.323,7.326,237.4,1738.95113
2026-09-16 11:53:00,7.328,7.33,7.327,7.327,127.76,936.24989
2026-09-16 11:54:00,7.327,7.327,7.319,7.322,260.29,1905.54685
2026-09-16 11:55:00,7.322,7.323,7.319,7.32,628.13,4597.31931
2026-09-16 11:56:00,7.32,7.32,7.319,7.319,9.04,66.16516
2026-09-16 11:57:00,7.318,7.319,7.316,7.316,1311.04,9592.89462
2026-09-16 11:58:00,7.317,7.319,7.317,7.319,572.24,4187.41821
2026-09-16 11:59:00,7.32,7.32,7.318,7.32,229.76,1681.63176
2026-09-16 12:00:00,7.32,7.32,7.311,7.315,309.71,2265.60575
2026-09-16 12:01:00,7.314,7.327,7.313,7.323,3008.34,22028.89961
2026-09-16 12:02:00,7.323,7.323,7.315,7.315,179.88,1316.54906
2026-09-16 12:03:00,7.315,7.323,7.315,7.323,944.89,6917.75597
2026-09-16 12:04:00,7.324,7.33,7.324,7.324,1403.62,10285.03786
2026-09-16 12:05:00,7.324,7.324,7.314,7.314,210.87,1543.28135
2026-09-16 12:06:00,7.314,7.316,7.314,7.315,184.72,1351.21166
2026-09-16 12:07:00,7.314,7.317,7.313,7.317,1444.98,10571.51749
2026-09-16 12:08:00,7.316,7.316,7.31,7.312,410.24,3000.37008
2026-09-16 12:09:00,7.312,7.313,7.31,7.312,452.06,3305.27215
2026-09-16 12:10:00,7.311,7.311,7.306,7.306,233.49,1706.26593
2026-09-16 12:11:00,7.306,7.309,7.305,7.306,1922.9,14050.69253
2026-09-16 12:12:00,7.305,7.305,7.301,7.303,238.0,1738.00885
2026-09-16 12:13:00,7.303,7.304,7.296,7.297,3401.43,24831.1785
2026-09-16 12:14:00,7.297,7.297,7.297,7.297,368.46,2688.65262
2026-09-16 12:15:00,7.297,7.302,7.296,7.302,174.42,1273.01505
2026-09-16 12:16:00,7.303,7.306,7.303,7.306,754.83,5514.49803
2026-09-16 12:17:00,7.307,7.313,7.307,7.307,3736.56,27313.85212
2026-09-16 12:18:00,7.306,7.306,7.298,7.298,82.91,605.34388
2026-09-16 12:19:00,7.299,7.304,7.299,7.302,2610.13,19057.07154
2026-09-16 12:20:00,7.302,7.302,7.295,7.295,636.02,4642.36306
2026-09-16 12:21:00,7.297,7.298,7.295,7.295,263.25,1920.66483
2026-09-16 12:22:00,7.296,7.296,7.295,7.295,8.41,61.35373
2026-09-16 12:23:00,7.295,7.295,7.29,7.29,634.46,4626.34385
2026-09-16 12:24:00,7.29,7.29,7.283,7.285,2893.94,21090.5501
2026-09-16 12:25:00,7.285,7.288,7.282,7.282,364.64,2656.28626
2026-09-16 12:26:00,7.283,7.283,7.282,7.282,53.25,387.7686
2026-09-16 12:27:00,7.282,7.291,7.282,7.288,1068.57,7787.11129
2026-09-16 12:28:00,7.288,7.288,7.281,7.282,223.07,1624.87819
2026-09-16 12:29:00,7.282,7.288,7.282,7.288,453.34,3302.45887
2026-09-16 12:30:00,7.288,7.289,7.277,7.281,1286.44,9371.97826
2026-09-16 12:31:00,7.281,7.282,7.277,7.279,690.86,5029.58605
2026-09-16 12:32:00,7.278,7.278,7.265,7.269,1152.11,8370.65253
2026-09-16 12:33:00,7.27,7.292,7.27,7.292,4545.46,33079.81727
2026-09-16 12:34:00,7.291,7.292,7.286,7.292,290.61,2118.10014
2026-09-16 12:35:00,7.292,7.298,7.29,7.293,4126.15,30099.34155
2026-09-16 12:36:00,7.294,7.294,7.283,7.285,447.86,3263.30062
2026-09-16 12:37:00,7.286,7.289,7.285,7.288,242.79,1769.2713
2026-09-16 12:38:00,7.288,7.288,7.281,7.285,633.59,4615.64025
2026-09-16 12:39:00,7.284,7.286,7.273,7.278,1722.41,12536.27704
2026-09-16 12:40:00,7.279,7.281,7.277,7.279,365.63,2661.88251
2026-09-16 12:41:00,7.279,7.281,7.279,7.28,79.15,576.18058
2026-09-16 12:42:00,7.279,7.279,7.277,7.277,66.46,483.69541
2026-09-16 12:43:00,7.277,7.278,7.277,7.278,137.27,998.95212
2026-09-16 12:44:00,7.277,7.278,7.273,7.273,124.18,903.57529
2026-09-16 12:45:00,7.274,7.276,7.271,7.276,86.13,626.37792
2026-09-16 12:46:00,7.277,7.281,7.277,7.281,459.63,3345.37112
2026-09-16 12:47:00,7.28,7.28,7.276,7.278,131.27,955.42524
2026-09-16 12:48:00,7.277,7.281,7.276,7.279,209.09,1522.2162
2026-09-16 12:49:00,7.28,7.287,7.28,7.287,284.37,2071.69874
2026-09-16 12:50:00,7.287,7.288,7.284,7.286,527.95,3846.73254
2026-09-16 12:51:00,7.286,7.286,7.282,7.285,66.98,487.89161
2026-09-16 12:52:00,7.284,7.284,7.282,7.284,55.22,402.16643
2026-09-16 12:53:00,7.284,7.291,7.284,7.285,2033.11,14818.69587
2026-09-16 12:54:00,7.285,7.285,7.281,7.281,414.73,3020.86973
2026-09-16 12:55:00,7.28,7.28,7.274,7.279,415.32,3023.42332
2026-09-16 12:56:00,7.28,7.289,7.28,7.289,41.24,300.35267
2026-09-16 12:57:00,7.289,7.289,7.285,7.285,485.5,3537.60414
2026-09-16 12:58:00,7.284,7.284,7.283,7.283,265.47,1933.41947
2026-09-16 12:59:00,7.284,7.286,7.28,7.284,3285.03,23923.76974
2026-09-16 13:00:00,7.283,7.285,7.28,7.28,173.24,1261.57984
2026-09-16 13:01:00,7.279,7.279,7.271,7.272,160.06,1164.20672
2026-09-16 13:02:00,7.271,7.271,7.256,7.26,1727.76,12546.74994
2026-09-16 13:03:00,7.26,7.26,7.252,7.253,1915.22,13903.48811
2026-09-16 13:04:00,7.252,7.253,7.249,7.252,2496.9,18104.92696
2026-09-16 13:05:00,7.253,7.259,7.253,7.253,1854.27,13449.62616
2026-09-16 13:06:00,7.254,7.255,7.252,7.252,95.78,694.80203
2026-09-16 13:07:00,7.251,7.254,7.249,7.254,409.47,2969.07723
2026-09-16 13:08:00,7.253,7.253,7.25,7.251,68.12,493.93772
2026-09-16 13:09:00,7.25,7.25,7.249,7.25,66.96,485.43121
2026-09-16 13:10:00,7.249,7.249,7.239,7.24,787.86,5704.67189
2026-09-16 13:11:00,7.24,7.243,7.237,7.242,3198.29,23151.56507
2026-09-16 13:12:00,7.242,7.242,7.236,7.239,782.72,5664.45598
2026-09-16 13:13:00,7.24,7.256,7.24,7.256,2866.93,20783.99317
2026-09-16 13:14:00,7.257,7.265,7.257,7.265,353.04,2564.14253
2026-09-16 13:15:00,7.265,7.274,7.261,7.274,825.55,5998.05089
2026-09-16 13:16:00,7.274,7.285,7.274,7.274,2458.94,17900.82304
2026-09-16 13:17:00,7.276,7.276,7.27,7.274,321.19,2335.82694
2026-09-16 13:18:00,7.274,7.278,7.273,7.278,1141.66,8306.74567
2026-09-16 13:19:00,7.277,7.277,7.265,7.267,3008.01,21871.53447
2026-09-16 13:20:00,7.266,7.266,7.262,7.264,77.34,561.74604
2026-09-16 13:21:00,7.265,7.272,7.265,7.271,232.75,1691.71055
2026-09-16 13:22:00,7.272,7.272,7.27,7.271,11.98,87.10624
2026-09-16 13:23:00,7.27,7.27,7.265,7.265,127.67,927.69278
2026-09-16 13:24:00,7.264,7.266,7.264,7.266,136.48,991.52693
2026-09-16 13:25:00,7.264,7.269,7.261,7.268,3912.51,28425.83104
2026-09-16 13:26:00,7.268,7.275,7.268,7.272,1139.4,8288.70538
2026-09-16 13:27:00,7.272,7.278,7.272,7.277,765.36,5569.43586
2026-09-16 13:28:00,7.276,7.276,7.272,7.272,540.69,3932.79455
2026-09-16 13:29:00,7.271,7.271,7.266,7.266,134.46,977.21729
2026-09-16 13:30:00,7.265,7.272,7.264,7.265,599.77,4358.79891
2026-09-16 13:31:00,7.264,7.274,7.26,7.269,709.42,5154.28292
2026-09-16 13:32:00,7.27,7.273,7.258,7.264,3757.37,27305.65264
2026-09-16 13:33:00,7.265,7.27,7.263,7.263,3093.39,22476.62274
2026-09-16 13:34:00,7.263,7.264,7.259,7.263,431.15,3131.19654
2026-09-16 13:35:00,7.263,7.27,7.262,7.262,857.9,6232.6794
2026-09-16 13:36:00,7.261,7.262,7.257,7.258,1708.33,12401.36521
2026-09-16 13:37:00,7.258,7.258,7.254,7.256,1247.81,9053.70067
2026-09-16 13:38:00,7.255,7.257,7.252,7.257,3169.93,22998.70275
2026-09-16 13:39:00,7.258,7.266,7.258,7.258,1471.97,10687.2463
2026-09-16 13:40:00,7.258,7.264,7.257,7.263,2068.63,15022.75296
2026-09-16 13:41:00,7.264,7.273,7.264,7.272,954.06,6934.00257
2026-09-16 13:42:00,7.273,7.273,7.266,7.269,415.26,3017.59595
2026-09-16 13:43:00,7.27,7.272,7.267,7.272,378.53,2751.32449
2026-09-16 13:44:00,7.273,7.281,7.273,7.279,988.5,7194.04734
2026-09-16 13:45:00,7.278,7.283,7.272,7.276,12240.51,89080.65566
2026-09-16 13:46:00,7.276,7.277,7.266,7.272,3446.77,25060.30562
2026-09-16 13:47:00,7.272,7.297,7.272,7.295,1062.14,7735.4479
2026-09-16 13:48:00,7.295,7.299,7.291,7.291,829.54,6052.14432
2026-09-16 13:49:00,7.29,7.29,7.278,7.285,614.57,4476.42491
2026-09-16 13:50:00,7.287,7.294,7.282,7.282,715.56,5215.80859
2026-09-16 13:51:00,7.281,7.281,7.269,7.27,2931.48,21335.92509
2026-09-16 13:52:00,7.27,7.273,7.266,7.266,605.38,4401.54643
2026-09-16 13:53:00,7.267,7.269,7.257,7.269,966.77,7021.00843
2026-09-16 13:54:00,7.269,7.269,7.259,7.262,712.63,5177.14471
2026-09-16 13:55:00,7.262,7.266,7.262,7.264,1888.59,13718.61304
2026-09-16 13:56:00,7.263,7.263,7.253,7.254,803.08,5827.82654
2026-09-16 13:57:00,7.254,7.259,7.251,7.257,907.26,6581.51903
2026-09-16 13:58:00,7.257,7.257,7.254,7.254,2537.46,18409.27834
2026-09-16 13:59:00,7.253,7.257,7.249,7.254,7717.1,55969.90621
2026-09-16 14:00:00,7.254,7.258,7.253,7.253,748.6,5431.36009
2026-09-16 14:01:00,7.254,7.262,7.253,7.257,574.2,4166.50737
2026-09-16 14:02:00,7.256,7.256,7.248,7.249,7189.2,52144.09308
2026-09-16 14:03:00,7.249,7.256,7.247,7.252,4650.75,33721.75257
2026-09-16 14:04:00,7.252,7.259,7.249,7.259,2223.68,16124.78371
2026-09-16 14:05:00,7.259,7.264,7.255,7.263,5673.25,41170.91259
