timestamp,open,high,low,close,volume,quote_volume
2025-05-04 16:00:00,589.33,589.8,586.0,588.55,26439.881,15546726.90131
2025-05-04 20:00:00,588.55,590.02,584.7,586.03,21278.597,12499318.36967
2025-05-05 00:00:00,586.02,588.99,583.55,588.27,31427.299,18434565.96853
2025-05-05 04:00:00,588.28,592.0,588.18,591.84,25585.944,15107421.66918
2025-05-05 08:00:00,591.84,596.74,590.53,593.57,55056.2,32664216.56386
2025-05-05 12:00:00,593.57,597.0,592.81,597.0,41664.516,24817751.98367
2025-05-05 16:00:00,596.99,599.87,596.84,599.34,31244.868,18697579.02476
2025-05-05 20:00:00,599.34,599.98,596.68,597.61,16121.762,9650247.04071
2025-05-06 00:00:00,597.61,600.41,596.36,599.22,32091.215,19207634.71176
2025-05-06 04:00:00,599.21,599.86,597.8,599.04,28763.381,17227451.78186
2025-05-06 08:00:00,599.03,599.04,593.23,594.39,61929.169,36958340.69654
2025-05-06 12:00:00,594.39,599.0,593.76,598.54,34215.5,20409926.6268
2025-05-06 16:00:00,598.54,602.56,596.69,599.52,29959.386,17960536.28297
2025-05-06 20:00:00,599.52,603.18,596.83,602.57,27654.456,16604960.09371
2025-05-07 00:00:00,602.57,607.0,601.44,602.01,32112.53,19396272.68688
2025-05-07 04:00:00,602.0,606.64,601.98,606.6,34962.975,21124088.99652
2025-05-07 08:00:00,606.59,606.96,603.85,606.49,31232.879,18912426.98256
2025-05-07 12:00:00,606.49,609.07,600.51,600.82,47202.474,28554572.88185
2025-05-07 16:00:00,600.81,602.07,598.0,599.04,29633.103,17764825.05608
2025-05-07 20:00:00,599.04,603.98,597.89,602.7,18944.63,11380188.48977
2025-05-08 00:00:00,602.7,611.0,600.8,610.99,59041.128,35718187.97526
2025-05-08 04:00:00,611.0,614.5,608.19,612.75,58576.191,35809795.31137
2025-05-08 08:00:00,612.74,617.88,612.69,613.62,50569.184,31125420.05608
2025-05-08 12:00:00,613.62,623.49,613.25,621.01,93951.153,58049507.27646
2025-05-08 16:00:00,621.0,622.9,614.84,619.4,58920.328,36456255.18938
2025-05-08 20:00:00,619.41,629.33,619.13,629.17,63209.541,39488526.14157
2025-05-09 00:00:00,629.17,629.37,623.12,624.7,57799.851,36189436.41219
2025-05-09 04:00:00,624.71,635.87,624.5,631.53,65625.863,41380579.23942
2025-05-09 08:00:00,631.53,641.16,628.83,636.66,124768.042,79255909.01972
2025-05-09 12:00:00,636.65,643.94,631.55,635.9,88051.418,56090841.85167
2025-05-09 16:00:00,635.89,636.81,631.15,635.24,31901.361,20251407.40219
2025-05-09 20:00:00,635.24,671.15,635.0,666.29,112588.334,73812011.13412
2025-05-10 00:00:00,666.29,678.95,659.29,661.72,160795.468,107799091.81324
2025-05-10 04:00:00,661.72,664.39,655.0,661.86,66118.429,43612115.92176
2025-05-10 08:00:00,661.87,663.5,648.84,649.25,66213.509,43515825.7965
2025-05-10 12:00:00,649.27,655.52,648.83,651.44,51243.108,33423465.73651
2025-05-10 16:00:00,651.45,658.5,650.85,652.36,42482.785,27802400.87252
2025-05-10 20:00:00,652.36,664.0,649.5,663.9,57742.131,37997152.63094
2025-05-11 00:00:00,663.9,668.49,655.91,662.31,106580.964,70589785.47757
2025-05-11 04:00:00,662.3,667.29,654.42,655.54,67382.439,44516923.16711
2025-05-11 08:00:00,655.54,659.83,654.49,659.1,35585.361,23385394.26067
2025-05-11 12:00:00,659.11,659.76,649.6,651.41,65191.027,42606115.20175
2025-05-11 16:00:00,651.41,655.16,647.83,653.43,25418.799,16567180.34061
2025-05-11 20:00:00,653.42,653.59,648.8,651.15,19840.369,12912523.32454
2025-05-12 00:00:00,651.15,657.42,647.31,655.7,42906.519,28034833.92489
2025-05-12 04:00:00,655.7,668.17,652.3,661.29,77416.513,51094204.58934
2025-05-12 08:00:00,661.3,693.0,657.67,678.1,188182.105,127318398.14661
2025-05-12 12:00:00,678.09,691.88,661.0,663.68,158957.575,107534269.8559
2025-05-12 16:00:00,663.69,671.0,649.55,659.83,88074.58,58153650.16495
2025-05-12 20:00:00,659.83,663.74,658.0,660.07,30849.653,20406926.23132
2025-05-13 00:00:00,660.08,660.13,640.8,641.93,85046.262,55254019.14957
2025-05-13 04:00:00,641.92,652.54,640.66,649.48,42587.612,27599829.77598
2025-05-13 08:00:00,649.48,654.49,648.0,653.12,49553.082,32286611.7812
2025-05-13 12:00:00,653.13,659.01,649.84,655.54,106687.901,69818379.303
2025-05-13 16:00:00,655.54,672.0,655.3,666.66,96180.346,63830060.67959
2025-05-13 20:00:00,666.65,667.13,662.37,664.13,36254.547,24112758.07082
2025-05-14 00:00:00,664.12,667.33,657.74,661.8,70524.113,46690764.49121
2025-05-14 04:00:00,661.8,664.39,656.57,658.29,42543.162,28113067.46505
2025-05-14 08:00:00,658.28,661.05,650.08,659.7,72464.524,47507784.13497
2025-05-14 12:00:00,659.71,659.85,648.3,651.92,64075.94,41904885.07621
2025-05-14 16:00:00,651.93,654.68,647.15,652.62,24066.433,15676179.90435
2025-05-14 20:00:00,652.62,653.36,649.5,652.47,16355.822,10653927.65607
2025-05-15 00:00:00,652.47,654.97,645.04,647.72,34255.816,22250951.61432
2025-05-15 04:00:00,647.71,652.52,642.29,644.53,68142.647,44139813.34709
2025-05-15 08:00:00,644.54,654.37,644.44,653.38,62717.736,40820634.26703
2025-05-15 12:00:00,653.37,656.13,643.21,655.4,65492.54,42622129.9537
2025-05-15 16:00:00,655.39,661.0,648.51,651.93,54904.067,35965140.36653
2025-05-15 20:00:00,651.93,654.9,645.75,651.88,28048.007,18258986.15129
2025-05-16 00:00:00,651.88,659.97,646.7,657.89,43934.29,28745662.53828
2025-05-16 04:00:00,657.89,659.28,655.2,655.48,37668.137,24765427.39487
2025-05-16 08:00:00,655.49,657.39,651.65,654.37,43934.82,28765655.81922
2025-05-16 12:00:00,654.36,655.16,650.11,651.99,30596.977,19968836.13253
2025-05-16 16:00:00,652.0,654.51,648.07,649.8,22266.142,14480458.51929
2025-05-16 20:00:00,649.8,650.42,644.0,646.76,22393.241,14484318.26553
2025-05-17 00:00:00,646.76,646.9,635.05,643.47,48662.647,31166210.48888
2025-05-17 04:00:00,643.46,645.84,642.28,643.05,21384.293,13772281.13768
2025-05-17 08:00:00,643.04,644.22,639.57,641.52,20537.896,13181243.38207
2025-05-17 12:00:00,641.52,642.99,636.61,640.56,21181.016,13567627.98729
2025-05-17 16:00:00,640.57,642.74,636.01,640.42,16540.633,10585744.25081
2025-05-17 20:00:00,640.41,642.64,637.77,639.51,13471.226,8620146.00447
2025-05-18 00:00:00,639.5,643.4,639.0,642.4,13640.426,8750941.48182
2025-05-18 04:00:00,642.41,646.33,642.41,645.59,19955.652,12859803.34432
2025-05-18 08:00:00,645.59,648.97,644.95,645.19,21594.563,13960927.47517
2025-05-18 12:00:00,645.2,655.19,643.9,653.98,37481.423,24373905.2974
2025-05-18 16:00:00,653.98,655.06,638.1,638.13,50881.952,32964731.08182
2025-05-18 20:00:00,638.12,652.5,634.39,651.53,45921.28,29438063.5283
2025-05-19 00:00:00,651.54,653.53,638.29,638.93,44721.223,28841245.14676
2025-05-19 04:00:00,638.94,640.99,633.51,638.62,41798.197,26641036.26171
2025-05-19 08:00:00,638.61,641.2,637.11,639.96,24378.556,15588582.98844
2025-05-19 12:00:00,639.95,647.5,635.93,645.2,41833.757,26838142.04653
2025-05-19 16:00:00,645.21,649.55,644.4,648.44,34779.189,22496598.72037
2025-05-19 20:00:00,648.43,652.01,647.41,649.62,23390.598,15198251.19262
2025-05-20 00:00:00,649.62,653.75,648.5,650.53,28428.121,18512225.4303
2025-05-20 04:00:00,650.53,652.38,646.35,647.34,27321.723,17759083.94758
2025-05-20 08:00:00,647.33,648.43,641.72,643.82,28363.296,18321668.69612
2025-05-20 12:00:00,643.81,645.73,640.14,644.8,35652.771,22903714.77383
2025-05-20 16:00:00,644.8,649.0,642.88,648.05,26650.005,17220509.133
2025-05-20 20:00:00,648.05,652.67,647.07,650.0,23168.375,15054897.62178
2025-05-21 00:00:00,650.0,657.98,648.49,656.59,45501.941,29696165.69569
2025-05-21 04:00:00,656.6,669.0,652.51,652.89,78201.168,51683054.2806
2025-05-21 08:00:00,652.9,655.2,650.03,654.86,33280.384,21701380.9809
2025-05-21 12:00:00,654.86,665.33,652.18,663.62,101979.876,67158240.03388
2025-05-21 16:00:00,663.62,672.57,660.32,670.96,171841.123,114661462.51102
2025-05-21 20:00:00,670.96,678.0,668.26,673.31,39727.403,26760090.4491
2025-05-22 00:00:00,673.31,690.02,673.0,685.34,123534.225,84235158.40133
2025-05-22 04:00:00,685.34,687.5,678.69,682.64,60308.819,41170409.89
2025-05-22 08:00:00,682.63,687.99,681.23,687.11,74926.925,51250199.26889
2025-05-22 12:00:00,687.1,688.0,681.29,681.94,59349.875,40698798.06068
2025-05-22 16:00:00,681.94,686.01,679.26,680.99,44420.727,30288343.46371
2025-05-22 20:00:00,681.0,687.18,679.2,686.57,27467.425,18761992.06848
2025-05-23 00:00:00,686.57,691.35,683.9,688.01,42893.751,29521812.41352
2025-05-23 04:00:00,688.01,689.94,682.03,682.29,42647.358,29251026.00113
2025-05-23 08:00:00,682.29,687.24,670.01,672.0,60806.792,41261150.32332
2025-05-23 12:00:00,672.0,675.0,652.19,670.56,130024.464,86703929.94364
2025-05-23 16:00:00,670.56,671.07,665.24,665.61,32912.63,21991404.25129
2025-05-23 20:00:00,665.61,665.61,654.0,656.98,34383.712,22698165.4346
2025-05-24 00:00:00,656.99,666.42,655.4,664.46,35629.614,23576600.19059
2025-05-24 04:00:00,664.47,671.62,664.24,668.17,32195.709,21518352.76905
2025-05-24 08:00:00,668.16,677.47,668.15,674.69,39218.864,26400096.15809
2025-05-24 12:00:00,674.69,676.21,671.53,674.09,23604.104,15905219.92042
2025-05-24 16:00:00,674.09,676.75,672.7,676.58,14984.982,10119785.40777
2025-05-24 20:00:00,676.58,676.8,666.17,668.01,19508.766,13086085.02445
2025-05-25 00:00:00,668.0,668.36,660.07,665.91,29276.938,19460056.07824
2025-05-25 04:00:00,665.91,666.4,660.1,661.96,18736.409,12424397.8157
2025-05-25 08:00:00,661.96,662.9,657.1,661.88,47890.132,31620552.16227
2025-05-25 12:00:00,661.89,668.13,661.17,663.2,32653.314,21702257.87626
2025-05-25 16:00:00,663.21,668.24,661.81,667.27,22616.818,15040983.09268
2025-05-25 20:00:00,667.27,671.67,665.7,669.44,18034.711,12066966.61059
2025-05-26 00:00:00,669.45,677.47,668.22,674.28,32622.214,21919129.90167
2025-05-26 04:00:00,674.27,675.53,671.8,674.74,28351.916,19096896.68169
2025-05-26 08:00:00,674.74,675.93,672.37,674.17,31585.203,21295740.50581
2025-05-26 12:00:00,674.18,676.38,671.11,675.41,50785.405,34220716.89752
2025-05-26 16:00:00,675.41,678.33,670.99,672.32,27616.1,18621752.05638
2025-05-26 20:00:00,672.32,675.08,671.4,674.29,9187.414,6185680.20166
2025-05-27 00:00:00,674.3,674.81,666.56,674.13,42028.768,28196876.42936
2025-05-27 04:00:00,674.14,681.56,672.72,681.01,44971.206,30496676.10308
2025-05-27 08:00:00,681.01,684.39,679.64,682.2,56721.411,38686495.50885
2025-05-27 12:00:00,682.2,697.73,682.18,691.02,117595.475,81136807.6444
2025-05-27 16:00:00,691.02,694.52,688.1,689.6,39829.484,27528560.64839
2025-05-27 20:00:00,689.6,689.9,685.92,686.91,25017.147,17202811.84746
2025-05-28 00:00:00,686.9,687.15,681.43,684.34,33217.134,22726465.76276
2025-05-28 04:00:00,684.34,685.12,680.04,681.97,29359.408,20027909.3321
2025-05-28 08:00:00,681.97,687.48,681.2,687.44,39427.041,26964431.62074
2025-05-28 12:00:00,687.44,689.22,681.01,681.88,59388.801,40675705.77877
2025-05-28 16:00:00,681.88,688.87,681.88,683.21,29216.745,20022380.62795
2025-05-28 20:00:00,683.2,688.91,683.11,686.89,21266.614,14605845.42426
2025-05-29 00:00:00,686.89,691.24,685.71,686.3,37734.034,25988971.34896
2025-05-29 04:00:00,686.3,687.23,680.31,685.29,45540.784,31101036.22707
2025-05-29 08:00:00,685.3,690.06,684.39,685.79,50478.558,34679083.1494
2025-05-29 12:00:00,685.79,685.98,679.11,681.19,41856.899,28588266.20118
2025-05-29 16:00:00,681.19,681.26,673.33,674.87,31797.171,21553557.26803
2025-05-29 20:00:00,674.88,682.84,673.56,675.02,53577.69,36336712.6205
2025-05-30 00:00:00,675.02,678.5,665.7,673.14,54270.019,36442734.80206
2025-05-30 04:00:00,673.14,674.4,667.0,667.27,38900.353,26100370.52579
2025-05-30 08:00:00,667.27,671.76,665.95,671.19,30660.501,20505659.09635
2025-05-30 12:00:00,671.18,672.37,666.77,668.54,28890.763,19354812.98084
2025-05-30 16:00:00,668.53,669.54,660.37,666.32,36236.519,24055186.90636
2025-05-30 20:00:00,666.33,666.78,653.22,655.36,29765.354,19605324.12858
2025-05-31 00:00:00,655.36,656.04,645.04,650.69,66046.389,42931504.46325
2025-05-31 04:00:00,650.69,655.47,647.71,653.85,20448.342,13349402.64394
2025-05-31 08:00:00,653.84,656.51,652.1,654.06,19465.77,12731209.67691
2025-05-31 12:00:00,654.07,659.53,653.9,656.34,29210.911,19201212.9961
2025-05-31 16:00:00,656.35,660.36,655.63,658.53,12598.046,8284940.70763
2025-05-31 20:00:00,658.53,661.42,657.81,658.01,10609.932,6996915.44424
2025-06-01 00:00:00,658.01,658.08,652.7,655.58,21026.385,13783934.74307
2025-06-01 04:00:00,655.58,657.12,652.4,653.61,17274.06,11314191.82116
2025-06-01 08:00:00,653.61,653.61,648.09,650.5,27153.784,17665404.18832
2025-06-01 12:00:00,650.5,654.78,647.58,654.72,28204.584,18382455.88031
2025-06-01 16:00:00,654.72,657.99,650.8,655.04,23470.579,15381203.07354
2025-06-01 20:00:00,655.03,662.48,654.98,660.77,14678.056,9671342.41996
2025-06-02 00:00:00,660.77,664.24,656.46,656.68,21829.563,14409880.43
2025-06-02 04:00:00,656.69,659.4,655.18,658.16,21712.038,14282705.7228
2025-06-02 08:00:00,658.16,658.57,650.45,651.32,25831.276,16882937.54607
2025-06-02 12:00:00,651.33,658.24,650.05,657.23,31487.618,20597926.78363
2025-06-02 16:00:00,657.23,662.0,655.7,661.1,20143.744,13280462.45739
2025-06-02 20:00:00,661.1,667.0,660.35,665.93,22781.366,15131802.51321
2025-06-03 00:00:00,665.93,673.43,665.81,667.65,43316.448,29021277.09562
2025-06-03 04:00:00,667.65,668.43,665.1,665.1,17682.717,11787441.72135
2025-06-03 08:00:00,665.11,668.1,663.66,665.2,28296.616,18844710.21648
2025-06-03 12:00:00,665.2,668.55,662.07,667.19,34391.047,22882499.71157
2025-06-03 16:00:00,667.19,667.89,663.16,665.2,17486.409,11639749.71637
2025-06-03 20:00:00,665.2,665.27,657.11,661.59,17204.222,11366624.46915
2025-06-04 00:00:00,661.6,669.99,660.84,668.41,21955.945,14627838.46768
2025-06-04 04:00:00,668.41,671.01,668.04,670.86,24157.593,16168199.04231
2025-06-04 08:00:00,670.86,671.76,667.6,667.8,18669.406,12506785.25915
2025-06-04 12:00:00,667.81,670.99,665.15,669.47,24467.349,16344130.77053
2025-06-04 16:00:00,669.47,670.1,666.28,667.42,19381.701,12954784.56878
2025-06-04 20:00:00,667.42,667.49,661.92,663.23,15841.808,10517753.98325
2025-06-05 00:00:00,663.24,666.65,662.94,665.78,14753.858,9816351.41866
2025-06-05 04:00:00,665.78,668.54,665.12,668.49,19773.74,13192362.31731
2025-06-05 08:00:00,668.5,670.92,661.88,661.99,50741.469,33847352.58009
2025-06-05 12:00:00,661.98,665.5,656.57,659.3,40667.704,26876137.42514
2025-06-05 16:00:00,659.3,659.3,641.36,644.49,50888.353,33064476.8538
2025-06-05 20:00:00,644.5,644.56,625.44,633.32,94718.025,59889941.26537
2025-06-06 00:00:00,633.33,641.65,629.38,641.38,30990.593,19652213.74821
2025-06-06 04:00:00,641.38,642.48,635.01,641.46,42468.666,27151217.25166
2025-06-06 08:00:00,641.46,646.88,640.81,646.32,24512.722,15774178.73119
2025-06-06 12:00:00,646.33,651.51,645.54,647.61,42424.102,27525329.76968
2025-06-06 16:00:00,647.61,648.66,644.01,645.11,16531.897,10678398.73623
2025-06-06 20:00:00,645.11,646.62,641.21,642.7,12607.977,8119718.19506
2025-06-07 00:00:00,642.71,647.28,639.69,647.09,19901.026,12807492.98905
2025-06-07 04:00:00,647.1,649.99,645.46,648.62,14498.799,9390395.20353
2025-06-07 08:00:00,648.61,649.08,646.46,648.35,13002.983,8422844.49074
2025-06-07 12:00:00,648.35,651.41,648.22,650.7,19113.894,12425582.64476
2025-06-07 16:00:00,650.7,652.67,649.23,652.04,13758.038,8959511.6724
2025-06-07 20:00:00,652.04,653.81,650.4,650.82,10391.63,6775909.18229
2025-06-08 00:00:00,650.82,650.84,648.6,649.35,9525.137,6187830.2419
2025-06-08 04:00:00,649.36,650.62,648.7,649.27,10843.46,7044731.57686
2025-06-08 08:00:00,649.27,650.48,646.49,650.47,16655.465,10802399.14132
2025-06-08 12:00:00,650.47,652.08,649.62,651.83,14466.376,9417008.72438
2025-06-08 16:00:00,651.84,654.94,651.83,654.6,11381.713,7434070.20115
2025-06-08 20:00:00,654.61,656.39,651.55,652.0,9428.163,6166130.29806
2025-06-09 00:00:00,652.0,653.5,648.53,651.59,14143.214,9203571.33088
2025-06-09 04:00:00,651.6,651.6,648.01,649.4,11411.446,7411289.91196
2025-06-09 08:00:00,649.4,656.42,648.29,655.51,24758.739,16171637.43664
2025-06-09 12:00:00,655.51,657.3,653.01,656.58,22807.976,14951228.37203
2025-06-09 16:00:00,656.58,660.96,656.57,659.7,15366.248,10127517.621
2025-06-09 20:00:00,659.71,667.74,659.71,665.58,38784.535,25779366.70383
2025-06-10 00:00:00,665.58,667.97,663.42,664.01,24045.182,16009944.06925
2025-06-10 04:00:00,664.01,664.4,660.18,660.71,18034.203,11943547.64153
2025-06-10 08:00:00,660.71,665.76,657.26,665.19,41607.002,27528940.55243
2025-06-10 12:00:00,665.19,667.71,658.33,661.3,38085.226,25249694.16949
2025-06-10 16:00:00,661.29,669.2,661.2,667.54,25957.161,17267622.52594
2025-06-10 20:00:00,667.54,674.0,667.33,673.51,28916.282,19408804.77067
2025-06-11 00:00:00,673.51,674.14,668.3,670.57,23448.229,15728566.97898
2025-06-11 04:00:00,670.58,674.8,668.51,670.39,27043.874,18132681.43098
2025-06-11 08:00:00,670.39,672.79,666.1,667.39,38504.05,25792275.05213
2025-06-11 12:00:00,667.4,672.16,665.9,669.66,45155.801,30232871.00479
2025-06-11 16:00:00,669.66,669.94,665.4,667.25,25087.396,16751022.23378
2025-06-11 20:00:00,667.24,669.12,662.2,667.43,18694.735,12443363.72201
2025-06-12 00:00:00,667.42,669.93,663.76,665.76,20560.782,13717791.1977
2025-06-12 04:00:00,665.76,668.4,663.99,667.05,18590.872,12396774.56335
2025-06-12 08:00:00,667.04,668.76,663.3,663.45,27334.852,18212968.8021
2025-06-12 12:00:00,663.45,665.27,659.92,660.21,33212.394,22017555.19435
2025-06-12 16:00:00,660.2,667.0,657.89,658.46,26021.621,17257707.64656
2025-06-12 20:00:00,658.46,659.27,651.91,654.75,27073.454,17736945.37434
2025-06-13 00:00:00,654.76,654.81,639.01,649.33,94925.594,61209334.13866
2025-06-13 04:00:00,649.33,655.13,646.01,655.01,26121.587,16980661.66672
2025-06-13 08:00:00,655.01,659.42,652.28,654.51,52977.838,34725687.6622
2025-06-13 12:00:00,654.51,654.75,649.38,653.5,25887.202,16887292.1904
2025-06-13 16:00:00,653.49,655.41,649.59,651.3,14812.983,9664087.04971
2025-06-13 20:00:00,651.3,655.47,650.4,655.35,8578.713,5605114.59671
2025-06-14 00:00:00,655.35,655.36,650.12,651.34,11682.922,7623062.16617
2025-06-14 04:00:00,651.35,652.55,650.1,651.84,10642.749,6935838.16391
2025-06-14 08:00:00,651.84,651.84,649.18,650.71,12425.77,8080258.36996
2025-06-14 12:00:00,650.7,650.79,644.31,645.43,20386.731,13196216.47902
2025-06-14 16:00:00,645.42,646.12,639.01,640.73,27395.496,17587010.32444
2025-06-14 20:00:00,640.73,646.41,639.0,645.61,11156.475,7164949.37712
2025-06-15 00:00:00,645.61,647.93,645.04,647.54,9586.003,6200236.00607
2025-06-15 04:00:00,647.55,652.0,647.55,649.02,15908.581,10335323.55589
2025-06-15 08:00:00,649.02,649.26,645.9,648.23,14420.233,9337910.87152
2025-06-15 12:00:00,648.23,650.99,646.83,647.69,17115.954,11100426.94066
2025-06-15 16:00:00,647.69,649.1,645.81,646.75,9959.297,6448164.26898
2025-06-15 20:00:00,646.75,648.48,642.77,648.19,12334.578,7963956.93359
2025-06-16 00:00:00,648.19,652.47,646.26,651.53,17932.57,11651273.08999
2025-06-16 04:00:00,651.53,656.6,651.1,655.83,23239.102,15202863.25347
2025-06-16 08:00:00,655.83,656.64,652.92,654.43,18466.953,12098997.26335
2025-06-16 12:00:00,654.43,659.46,653.64,657.47,22987.181,15089397.46567
2025-06-16 16:00:00,657.47,659.28,655.4,659.03,18798.671,12357151.16634
2025-06-16 20:00:00,659.03,659.04,650.01,650.74,22779.31,14919582.15434
2025-06-17 00:00:00,650.74,656.59,647.3,656.4,22601.13,14745251.15823
2025-06-17 04:00:00,656.4,659.0,655.05,657.84,25715.504,16895844.36019
2025-06-17 08:00:00,657.84,658.97,652.31,653.49,61602.347,40430755.14626
2025-06-17 12:00:00,653.48,656.0,645.08,646.28,32719.967,21289525.94614
2025-06-17 16:00:00,646.28,649.9,640.11,648.44,28942.322,18648613.60757
2025-06-17 20:00:00,648.44,649.02,645.54,648.08,11400.993,7381380.38579
2025-06-18 00:00:00,648.09,654.31,647.98,651.9,20228.593,13185853.85169
2025-06-18 04:00:00,651.89,653.47,650.45,651.45,13656.923,8905715.46291
2025-06-18 08:00:00,651.45,652.4,641.7,645.1,33706.973,21814344.48911
2025-06-18 12:00:00,645.1,645.1,637.35,642.32,34731.363,22276975.9994
2025-06-18 16:00:00,642.32,643.21,637.72,639.53,27580.942,17667179.79194
2025-06-18 20:00:00,639.55,645.48,638.7,644.77,13820.88,8897587.43488
2025-06-19 00:00:00,644.77,645.89,641.35,645.3,13393.456,8620583.77105
2025-06-19 04:00:00,645.3,646.5,643.83,644.55,15677.458,10115398.57766
2025-06-19 08:00:00,644.54,645.84,642.34,642.39,12690.412,8178810.37094
2025-06-19 12:00:00,642.4,642.82,639.41,639.66,18778.274,12044757.47497
2025-06-19 16:00:00,639.67,642.95,638.66,642.65,11745.064,7530167.32991
2025-06-19 20:00:00,642.65,645.0,641.93,644.65,8120.321,5226007.06332
2025-06-20 00:00:00,644.65,645.55,643.66,644.81,10907.482,7031628.58084
2025-06-20 04:00:00,644.81,647.85,641.64,647.82,20151.516,12992704.22851
2025-06-20 08:00:00,647.83,649.73,646.49,647.34,31444.217,20382488.92978
2025-06-20 12:00:00,647.33,651.02,642.93,645.46,28872.137,18678398.18309
2025-06-20 16:00:00,645.45,645.59,638.0,642.69,39051.057,25049459.55348
2025-06-20 20:00:00,642.68,645.27,639.59,641.61,12853.213,8256767.25854
2025-06-21 00:00:00,641.61,644.84,641.03,644.2,11080.796,7127726.99231
2025-06-21 04:00:00,644.21,644.41,639.27,641.38,15032.977,9650997.79237
2025-06-21 08:00:00,641.38,643.01,639.36,642.44,13819.7,8858676.91642
2025-06-21 12:00:00,642.43,642.78,634.58,636.85,27254.037,17380380.44791
2025-06-21 16:00:00,636.85,637.23,630.85,631.09,26340.998,16682524.77953
2025-06-21 20:00:00,631.08,633.3,621.94,628.97,49979.608,31339663.51151
2025-06-22 00:00:00,628.98,633.3,627.0,629.5,26621.916,16771117.89615
2025-06-22 04:00:00,629.49,635.51,629.42,632.61,19495.226,12338756.68362
2025-06-22 08:00:00,632.62,633.0,627.44,630.39,22067.902,13914606.63001
2025-06-22 12:00:00,630.39,631.13,606.69,607.62,115064.597,70759664.38764
2025-06-22 16:00:00,607.62,612.66,604.5,605.53,29497.985,17944611.13865
2025-06-22 20:00:00,605.53,616.8,601.25,615.81,30767.407,18732707.66619
2025-06-23 00:00:00,615.81,620.82,615.05,619.99,21113.372,13057068.98879
2025-06-23 04:00:00,620.0,624.62,620.0,623.86,22334.769,13899222.00044
2025-06-23 08:00:00,623.87,624.84,616.11,617.28,19724.832,12244426.83969
2025-06-23 12:00:00,617.27,627.89,616.0,622.99,44537.396,27723145.42069
2025-06-23 16:00:00,622.99,630.84,617.02,629.8,68608.897,42871901.49946
2025-06-23 20:00:00,629.8,642.79,628.61,640.49,43355.063,27638237.41954
2025-06-24 00:00:00,640.5,641.28,636.67,639.76,26003.436,16620152.84943
2025-06-24 04:00:00,639.77,642.71,638.6,639.15,24348.328,15603867.76578
2025-06-24 08:00:00,639.15,641.84,636.17,638.5,29630.319,18917611.24875
2025-06-24 12:00:00,638.49,641.55,637.86,639.58,24475.871,15661491.02179
2025-06-24 16:00:00,639.58,644.0,639.57,642.4,19091.992,12263029.75958
2025-06-24 20:00:00,642.39,644.09,641.97,643.53,8057.285,5181560.02154
2025-06-25 00:00:00,643.53,650.37,641.85,648.2,48460.75,31314320.8162
2025-06-25 04:00:00,648.2,652.64,643.1,645.15,35518.862,22960615.1464
2025-06-25 08:00:00,645.15,648.53,641.99,647.41,25075.039,16172712.27934
2025-06-25 12:00:00,647.41,647.9,642.25,642.49,36951.153,23871428.98817
2025-06-25 16:00:00,642.49,647.67,642.01,647.6,12228.356,7886456.16639
2025-06-25 20:00:00,647.59,648.39,644.0,646.07,11198.994,7240683.58688
2025-06-26 00:00:00,646.06,650.0,645.41,648.59,16935.11,10973114.32909
2025-06-26 04:00:00,648.59,649.63,644.55,647.53,16939.939,10958728.80394
2025-06-26 08:00:00,647.52,648.55,644.41,644.48,19137.552,12377326.95416
2025-06-26 12:00:00,644.49,645.85,641.12,645.0,24845.655,15992474.13279
2025-06-26 16:00:00,645.0,647.58,644.25,645.19,13812.762,8920509.73531
2025-06-26 20:00:00,645.19,646.56,641.35,642.3,11386.268,7329879.72112
2025-06-27 00:00:00,642.3,645.94,639.16,645.88,15429.043,9926832.44427
2025-06-27 04:00:00,645.88,646.87,643.01,643.69,12334.271,7960208.66101
2025-06-27 08:00:00,643.7,645.64,643.21,645.53,13285.143,8563263.46671
2025-06-27 12:00:00,645.53,648.0,643.8,646.61,20254.788,13077351.63897
2025-06-27 16:00:00,646.61,648.44,642.47,645.3,12393.185,7991672.12161
2025-06-27 20:00:00,645.31,647.0,645.01,645.71,7606.525,4915171.31938
2025-06-28 00:00:00,645.72,646.1,644.25,644.47,6388.002,4121272.0101
2025-06-28 04:00:00,644.47,647.05,644.4,647.01,12131.917,7837257.05864
2025-06-28 08:00:00,647.01,647.04,645.3,646.36,7321.737,4733028.91345
2025-06-28 12:00:00,646.37,646.87,645.2,646.62,12427.601,8028294.58337
2025-06-28 16:00:00,646.62,648.01,645.5,647.56,10952.355,7085705.90056
2025-06-28 20:00:00,647.57,649.18,647.32,648.6,8493.353,5506008.53498
2025-06-29 00:00:00,648.61,648.84,646.94,648.67,6732.881,4363888.4118
2025-06-29 04:00:00,648.67,650.32,648.6,649.29,11785.08,7651993.46361
2025-06-29 08:00:00,649.3,651.86,649.2,651.12,14884.906,9676036.38198
2025-06-29 12:00:00,651.13,651.24,648.4,649.0,13690.696,8895936.59353
2025-06-29 16:00:00,649.0,649.61,648.0,648.65,7437.108,4825510.95348
2025-06-29 20:00:00,648.66,656.0,646.72,654.9,18705.125,12204580.71251
2025-06-30 00:00:00,654.9,657.12,653.45,655.41,15655.057,10253282.71081
2025-06-30 04:00:00,655.42,656.61,652.48,654.6,15258.133,9988288.12752
2025-06-30 08:00:00,654.6,655.2,651.63,654.16,26254.388,17148283.72111
2025-06-30 12:00:00,654.15,656.79,651.17,656.52,24398.419,15952077.42457
2025-06-30 16:00:00,656.52,659.42,655.24,659.36,19985.768,13144637.38808
2025-06-30 20:00:00,659.37,660.0,656.52,656.9,9150.431,6024498.69096
2025-07-01 00:00:00,656.9,659.1,654.76,655.77,12470.937,8197431.1451
2025-07-01 04:00:00,655.77,655.78,651.5,653.92,17560.718,11468442.38932
2025-07-01 08:00:00,653.93,653.93,651.56,652.27,14100.299,9201300.90218
2025-07-01 12:00:00,652.28,652.59,645.64,645.98,22670.095,14714427.85328
2025-07-01 16:00:00,645.98,647.0,644.5,645.65,10536.405,6804850.50575
2025-07-01 20:00:00,645.65,647.4,644.0,646.33,8464.601,5466956.19703
2025-07-02 00:00:00,646.34,650.0,643.71,649.6,13033.736,8439902.77541
2025-07-02 04:00:00,649.59,657.44,649.5,657.33,17769.921,11614233.90325
2025-07-02 08:00:00,657.33,659.85,656.75,657.11,18639.0,12273990.78738
2025-07-02 12:00:00,657.11,661.99,655.29,661.64,19685.332,12969464.47537
2025-07-02 16:00:00,661.65,664.8,661.43,663.85,26259.679,17419563.0105
2025-07-02 20:00:00,663.85,664.85,659.2,659.71,17420.287,11540218.98038
2025-07-03 00:00:00,659.7,661.14,658.06,659.36,10443.735,6888409.29276
2025-07-03 04:00:00,659.36,663.0,659.0,662.77,18247.658,12059006.55433
2025-07-03 08:00:00,662.77,664.5,660.99,661.91,19125.75,12668333.23168
2025-07-03 12:00:00,661.92,664.4,656.7,657.07,27858.643,18422291.10318
2025-07-03 16:00:00,657.07,661.9,657.06,661.57,9802.433,6463570.91887
2025-07-03 20:00:00,661.57,664.57,661.13,663.59,13523.217,8964011.72466
2025-07-04 00:00:00,663.58,664.17,660.2,662.04,14759.787,9775547.76723
2025-07-04 04:00:00,662.04,662.09,655.92,655.93,16100.086,10608184.88106
2025-07-04 08:00:00,655.93,659.86,654.69,659.62,12248.636,8053508.4776
2025-07-04 12:00:00,659.63,660.1,652.09,652.78,24477.818,16050383.60322
2025-07-04 16:00:00,652.79,653.41,650.21,651.52,14740.567,9608398.06773
2025-07-04 20:00:00,651.52,654.11,650.65,653.6,6700.518,4373278.25336
2025-07-05 00:00:00,653.6,656.13,652.8,656.0,11333.466,7419711.69904
2025-07-05 04:00:00,656.0,656.75,654.27,654.46,8697.03,5702049.45436
2025-07-05 08:00:00,654.47,655.9,653.88,655.35,9836.396,6441919.11393
2025-07-05 12:00:00,655.34,655.53,654.17,654.36,6681.906,4376313.89322
2025-07-05 16:00:00,654.36,654.82,652.0,654.1,10002.353,6533174.65101
2025-07-05 20:00:00,654.1,656.4,653.85,656.16,5097.138,3340073.87556
2025-07-06 00:00:00,656.17,656.8,654.46,654.84,6099.237,3999260.60616
2025-07-06 04:00:00,654.84,656.13,653.61,654.76,6265.296,4102440.67827
2025-07-06 08:00:00,654.76,656.48,653.54,656.46,9952.273,6514783.26575
2025-07-06 12:00:00,656.46,663.5,655.49,662.85,26593.511,17567821.00642
2025-07-06 16:00:00,662.86,663.7,661.2,663.07,15344.323,10169616.61771
2025-07-06 20:00:00,663.06,664.99,660.92,663.13,18144.479,12034077.13686
2025-07-07 00:00:00,663.13,663.23,660.38,660.84,10983.009,7269712.71342
2025-07-07 04:00:00,660.84,662.79,660.62,662.78,9968.755,6595264.73257
2025-07-07 08:00:00,662.79,663.5,661.43,662.31,20317.566,13459706.14553
2025-07-07 12:00:00,662.31,662.7,658.87,659.02,15465.786,10221913.81637
2025-07-07 16:00:00,659.02,661.87,656.77,661.45,17578.357,11585198.90481
2025-07-07 20:00:00,661.44,661.45,658.0,661.06,8919.511,5887521.50691
2025-07-08 00:00:00,661.06,662.6,657.5,659.75,14183.555,9358939.65645
2025-07-08 04:00:00,659.76,660.43,658.64,659.81,13374.459,8822160.04034
2025-07-08 08:00:00,659.8,661.69,659.26,661.11,24489.981,16176331.38521
2025-07-08 12:00:00,661.11,661.83,657.64,658.18,13458.243,8882624.18234
2025-07-08 16:00:00,658.17,662.0,657.36,660.96,13162.433,8693076.56534
2025-07-08 20:00:00,660.96,660.98,657.75,660.63,7705.371,5081471.87392
2025-07-09 00:00:00,660.63,662.43,660.06,661.61,12535.595,8291240.5046
2025-07-09 04:00:00,661.61,664.55,661.27,662.61,12232.15,8109877.75112
2025-07-09 08:00:00,662.6,662.87,659.05,661.35,14382.553,9504101.161
2025-07-09 12:00:00,661.35,663.46,660.11,662.46,25873.622,17129770.22325
2025-07-09 16:00:00,662.46,670.0,662.0,669.26,31862.919,21216765.00386
2025-07-09 20:00:00,669.26,671.5,666.2,668.68,26664.756,17835260.68851
2025-07-10 00:00:00,668.69,671.47,668.15,670.5,20783.155,13924995.40174
2025-07-10 04:00:00,670.5,673.21,670.0,671.66,21498.205,14440718.57673
2025-07-10 08:00:00,671.65,674.0,669.29,670.01,37205.851,24985851.45563
2025-07-10 12:00:00,670.0,671.78,667.25,668.17,19283.771,12913857.2739
2025-07-10 16:00:00,668.16,679.0,667.85,675.92,47278.232,31884540.17463
2025-07-10 20:00:00,675.92,687.7,675.6,685.8,68918.322,47095161.66789
2025-07-11 00:00:00,685.8,692.0,683.81,689.45,49707.922,34246314.16268
2025-07-11 04:00:00,689.44,695.0,684.64,684.89,59957.662,41410178.7312
2025-07-11 08:00:00,684.89,690.82,684.57,688.31,46728.758,32175628.97112
2025-07-11 12:00:00,688.3,694.26,686.18,687.26,41202.681,28455148.05239
2025-07-11 16:00:00,687.26,697.24,686.1,694.0,46845.716,32492214.98528
2025-07-11 20:00:00,694.0,694.18,682.83,689.99,23911.165,16465470.00377
2025-07-12 00:00:00,689.98,695.33,688.06,695.28,25007.294,17323281.75264
2025-07-12 04:00:00,695.29,697.0,690.14,694.22,25083.903,17391931.2659
2025-07-12 08:00:00,694.22,694.45,690.37,691.84,22724.551,15744094.31371
2025-07-12 12:00:00,691.84,692.0,679.63,681.19,39027.015,26750415.7771
2025-07-12 16:00:00,681.2,686.61,680.0,684.5,14252.817,9758127.27674
2025-07-12 20:00:00,684.5,686.27,680.41,685.86,8689.605,5938272.54016
2025-07-13 00:00:00,685.86,687.8,685.12,686.88,10277.438,7057918.07218
2025-07-13 04:00:00,686.89,690.1,686.76,690.1,10061.53,6927908.32776
2025-07-13 08:00:00,690.1,691.22,688.07,691.15,12934.859,8925150.80066
2025-07-13 12:00:00,691.15,694.12,689.8,691.21,25634.656,17746246.24006
2025-07-13 16:00:00,691.21,693.5,688.1,691.61,13067.96,9031168.23092
2025-07-13 20:00:00,691.61,693.19,688.46,692.0,12949.28,8952831.33317
2025-07-14 00:00:00,692.01,699.0,689.79,697.15,40797.31,28311191.95716
2025-07-14 04:00:00,697.15,707.54,693.2,706.42,88548.168,62040589.52443
2025-07-14 08:00:00,706.43,706.7,700.84,704.42,46535.69,32778309.51146
2025-07-14 12:00:00,704.42,705.24,690.3,692.57,39974.263,27940701.61749
2025-07-14 16:00:00,692.57,694.35,687.87,690.06,21286.648,14721345.84459
2025-07-14 20:00:00,690.07,692.39,686.05,689.12,16492.917,11381128.37217
2025-07-15 00:00:00,689.13,691.1,675.3,679.77,50951.196,34738549.04329
2025-07-15 04:00:00,679.78,683.67,676.77,679.2,26739.527,18210909.97066
2025-07-15 08:00:00,679.2,681.05,676.37,680.49,21285.76,14450899.34123
2025-07-15 12:00:00,680.49,687.75,676.81,683.1,43318.807,29554235.87854
2025-07-15 16:00:00,683.1,688.55,682.74,684.59,23373.037,16028116.34194
2025-07-15 20:00:00,684.6,693.21,683.5,689.92,23294.164,16065292.93927
2025-07-16 00:00:00,689.93,693.64,685.93,687.88,15913.339,10976485.6902
2025-07-16 04:00:00,687.87,693.84,685.2,692.08,22877.832,15784600.3955
2025-07-16 08:00:00,692.09,695.71,690.79,694.38,23340.495,16191723.10787
2025-07-16 12:00:00,694.38,706.34,691.0,700.2,68203.681,47590416.10131
2025-07-16 16:00:00,700.21,711.0,698.81,706.83,61556.363,43439793.66165
2025-07-16 20:00:00,706.84,715.56,706.38,708.61,46443.228,33049309.58282
2025-07-17 00:00:00,708.61,723.4,707.87,709.62,93887.626,67237873.5627
2025-07-17 04:00:00,709.62,723.47,706.14,720.9,78416.465,56184780.84159
2025-07-17 08:00:00,720.91,721.8,713.96,717.65,67207.252,48213074.58513
2025-07-17 12:00:00,717.64,727.85,711.96,721.36,79215.927,57162811.1932
2025-07-17 16:00:00,721.37,722.0,713.74,715.61,45533.334,32654250.3104
2025-07-17 20:00:00,715.61,725.49,709.98,720.65,45312.071,32610943.82179
2025-07-18 00:00:00,720.64,736.47,719.83,736.43,69506.579,50720247.50628
2025-07-18 04:00:00,736.44,748.4,733.55,740.28,109835.229,81614619.38756
2025-07-18 08:00:00,740.28,742.08,733.05,736.95,72079.474,53148616.19996
2025-07-18 12:00:00,736.95,765.56,731.32,737.81,174315.629,130831436.79293
2025-07-18 16:00:00,737.81,748.28,729.27,731.85,72007.074,53256876.31728
2025-07-18 20:00:00,731.84,734.73,718.73,729.92,58686.1,42669692.08711
2025-07-19 00:00:00,729.92,735.1,718.76,734.9,44148.771,32080586.14131
2025-07-19 04:00:00,734.89,739.3,731.6,732.36,23360.52,17169682.80748
2025-07-19 08:00:00,732.37,738.66,728.18,736.7,31205.565,22883347.52013
2025-07-19 12:00:00,736.71,742.5,727.3,730.81,53208.882,39031741.37197
2025-07-19 16:00:00,730.81,735.08,728.06,734.47,18129.586,13253750.70666
2025-07-19 20:00:00,734.46,735.71,725.1,733.2,18042.486,13180465.67063
2025-07-20 00:00:00,733.2,746.15,731.5,742.92,34469.806,25497677.69624
2025-07-20 04:00:00,742.92,745.54,738.92,744.69,22536.898,16736741.5302
2025-07-20 08:00:00,744.68,750.89,744.58,748.76,47291.428,35378512.59964
2025-07-20 12:00:00,748.76,751.85,743.55,751.0,43271.112,32338395.53506
2025-07-20 16:00:00,751.01,756.36,745.92,753.1,51708.553,38894562.998
2025-07-20 20:00:00,753.09,761.29,744.73,756.82,53977.406,40743794.90011
2025-07-21 00:00:00,756.82,764.13,746.06,763.21,55464.026,41889586.9799
2025-07-21 04:00:00,763.2,766.94,759.34,760.39,41804.062,31888597.03488
2025-07-21 08:00:00,760.4,778.69,760.05,768.98,67835.236,52175174.80289
2025-07-21 12:00:00,768.98,781.99,765.84,774.35,81467.975,63144428.6529
2025-07-21 16:00:00,774.35,775.23,755.44,757.14,66782.425,51050542.82271
2025-07-21 20:00:00,757.14,767.43,754.72,766.22,25066.228,19075755.6293
2025-07-22 00:00:00,766.22,772.0,753.13,760.13,65174.612,49780778.92854
2025-07-22 04:00:00,760.13,763.98,745.0,758.14,66704.954,50337987.28577
2025-07-22 08:00:00,758.14,765.58,749.53,765.57,70908.37,53790950.29282
2025-07-22 12:00:00,765.58,767.25,755.72,763.79,60152.571,45898517.61316
2025-07-22 16:00:00,763.8,775.64,763.56,772.08,44499.734,34281350.41898
2025-07-22 20:00:00,772.07,788.35,771.5,786.68,51633.815,40320956.1298
2025-07-23 00:00:00,786.69,804.7,785.07,797.09,176857.6326,140754219.633249
2025-07-23 04:00:00,797.09,801.65,792.23,794.42,74491.046,59383912.63414
2025-07-23 08:00:00,794.42,808.81,788.24,808.46,99463.275,79384619.42863
2025-07-23 12:00:00,808.47,809.84,775.3,784.43,192578.678,151875558.62912
2025-07-23 16:00:00,784.43,784.56,761.0,770.83,96769.365,74624613.72554
2025-07-23 20:00:00,770.82,777.24,752.47,776.74,68927.16,52735138.15903
2025-07-24 00:00:00,776.74,786.16,772.68,779.44,42943.384,33549108.39981
2025-07-24 04:00:00,779.44,780.1,742.62,759.09,121275.463,91657081.94987
2025-07-24 08:00:00,759.09,772.31,755.54,770.21,51387.893,39288232.49807
2025-07-24 12:00:00,770.2,781.05,760.72,778.21,74387.624,57404378.37087
2025-07-24 16:00:00,778.21,785.79,769.78,778.95,47553.929,37057145.41694
2025-07-24 20:00:00,778.95,781.55,769.69,770.74,25888.444,20081390.13281
2025-07-25 00:00:00,770.74,771.38,753.12,756.81,59570.782,45459898.87839
2025-07-25 04:00:00,756.8,766.65,752.22,761.4,56827.84,43228410.89413
2025-07-25 08:00:00,761.4,773.25,761.22,771.67,41888.965,32175826.44386
2025-07-25 12:00:00,771.67,780.0,760.12,765.63,66070.172,50868512.92265
2025-07-25 16:00:00,765.64,777.35,763.3,774.31,34345.792,26533178.4425
2025-07-25 20:00:00,774.32,786.0,773.7,785.45,25364.57,19813035.41209
2025-07-26 00:00:00,785.44,785.7,778.28,783.52,23206.042,18162807.37662
2025-07-26 04:00:00,783.53,784.18,780.5,782.55,12794.768,10009942.90959
2025-07-26 08:00:00,782.55,785.6,780.11,781.7,19071.726,14934495.96759
2025-07-26 12:00:00,781.7,783.16,779.33,781.32,14342.587,11209223.97511
2025-07-26 16:00:00,781.31,784.92,778.51,784.87,12902.433,10075723.76734
2025-07-26 20:00:00,784.88,798.0,783.61,793.29,46446.835,36819850.16997
2025-07-27 00:00:00,793.3,799.25,791.04,794.28,35659.244,28399309.06115
2025-07-27 04:00:00,794.29,799.0,793.44,796.41,24698.691,19661512.4399
2025-07-27 08:00:00,796.41,799.4,792.12,796.7,23996.803,19115688.28882
2025-07-27 12:00:00,796.71,816.6,793.4,814.98,70007.2539,56256367.7932663
2025-07-27 16:00:00,814.98,831.0,812.55,830.35,134506.1752,110612723.57568
2025-07-27 20:00:00,830.35,847.12,820.11,844.0,108428.0884,90688110.31771
2025-07-28 00:00:00,844.0,855.01,839.74,841.67,115260.3405,97491312.76554
2025-07-28 04:00:00,841.67,860.0,839.93,855.77,97304.5617,82752296.618943
2025-07-28 08:00:00,855.77,861.1,845.0,850.59,88625.101,75642218.282914
2025-07-28 12:00:00,850.59,857.5,830.74,836.18,103112.259,86926966.66418
2025-07-28 16:00:00,836.18,841.1,825.61,831.74,61123.509,50934489.16746
2025-07-28 20:00:00,831.73,832.45,820.64,824.07,52308.92,43183592.94989
2025-07-29 00:00:00,824.07,835.06,815.0,829.09,77086.889,63597998.85856
2025-07-29 04:00:00,829.08,834.14,825.07,825.3,55793.136,46284331.08511
2025-07-29 08:00:00,825.29,833.81,821.0,826.3,64923.52,53752643.78787
2025-07-29 12:00:00,826.3,830.3,801.91,805.28,90877.604,73957912.56257
2025-07-29 16:00:00,805.28,815.8,800.33,803.61,98887.723,79894342.84334
2025-07-29 20:00:00,803.61,809.26,800.12,805.1,39797.26,31991416.89907
2025-07-30 00:00:00,805.11,811.64,796.1,804.6,41718.11,33562842.05177
2025-07-30 04:00:00,804.61,806.81,795.81,800.44,43043.174,34534279.2536
2025-07-30 08:00:00,800.45,807.34,786.23,788.52,96589.25,76952091.60816
2025-07-30 12:00:00,788.52,795.83,779.01,790.8,79983.276,62830892.19745
2025-07-30 16:00:00,790.8,794.75,766.21,785.31,82282.945,64257411.11142
2025-07-30 20:00:00,785.3,793.68,783.01,793.51,25981.981,20460898.56331
2025-07-31 00:00:00,793.51,800.0,791.14,798.9,37510.289,29837880.27328
2025-07-31 04:00:00,798.89,805.28,796.86,803.69,30236.502,24237549.69303
2025-07-31 08:00:00,803.69,814.8,799.15,800.59,66157.411,53465927.5409
2025-07-31 12:00:00,800.59,801.27,787.4,799.79,63317.214,50361690.13889
2025-07-31 16:00:00,799.79,814.0,793.75,796.18,83973.175,67652353.79799
2025-07-31 20:00:00,796.18,798.76,781.38,783.14,53831.554,42506516.35834
2025-08-01 00:00:00,783.13,795.4,774.68,783.88,81974.224,64428172.93869
2025-08-01 04:00:00,783.88,784.18,770.16,773.6,61571.132,47758576.98076
2025-08-01 08:00:00,773.59,773.59,762.84,771.55,75334.822,57781503.00436
2025-08-01 12:00:00,771.54,775.98,756.0,763.96,77296.961,59286071.34624
2025-08-01 16:00:00,763.95,767.9,754.0,761.25,45458.523,34573513.88169
2025-08-01 20:00:00,761.26,762.73,744.69,757.08,52195.896,39276850.63824
2025-08-02 00:00:00,757.08,768.64,755.47,764.29,26648.2,20339895.78657
2025-08-02 04:00:00,764.3,770.11,750.0,758.93,49019.094,37261521.70237
2025-08-02 08:00:00,758.93,759.34,750.75,756.29,23230.084,17532379.02983
2025-08-02 12:00:00,756.28,756.28,741.3,743.22,27764.26,20800268.6441
2025-08-02 16:00:00,743.21,750.04,734.25,737.31,58115.914,43022488.57471
2025-08-02 20:00:00,737.31,745.23,732.36,736.42,24505.44,18082174.35832
2025-08-03 00:00:00,736.43,744.71,730.01,744.09,34762.88,25701978.04835
2025-08-03 04:00:00,744.09,749.09,741.37,748.06,18629.34,13882871.23621
2025-08-03 08:00:00,748.07,753.71,746.41,748.44,26335.987,19736150.46119
2025-08-03 12:00:00,748.44,751.33,745.57,748.62,22704.071,16998122.8162
2025-08-03 16:00:00,748.62,755.53,747.2,752.8,24476.504,18391234.85361
2025-08-03 20:00:00,752.79,754.6,750.37,751.21,15792.183,11881698.10809
2025-08-04 00:00:00,751.21,759.01,750.47,754.04,27924.278,21083264.64914
2025-08-04 04:00:00,754.04,758.06,752.1,757.11,16312.219,12302617.02146
2025-08-04 08:00:00,757.11,760.25,754.65,755.36,25852.58,19592977.62522
2025-08-04 12:00:00,755.36,765.84,755.06,760.44,50891.014,38743383.65109
2025-08-04 16:00:00,760.44,769.7,760.0,760.99,29395.442,22504646.45055
2025-08-04 20:00:00,761.0,770.0,760.2,768.63,21129.873,16195909.6927
2025-08-05 00:00:00,768.62,769.79,760.35,760.77,19067.168,14591896.30273
2025-08-05 04:00:00,760.78,767.06,755.15,757.44,25607.952,19500528.72815
2025-08-05 08:00:00,757.43,766.23,755.56,765.21,25971.336,19773128.96264
2025-08-05 12:00:00,765.2,765.57,746.15,748.96,54303.864,40862053.15849
2025-08-05 16:00:00,748.96,754.19,747.21,748.36,31375.979,23550486.75788
2025-08-05 20:00:00,748.35,756.27,745.11,755.13,23132.661,17353828.18497
2025-08-06 00:00:00,755.13,756.03,746.26,748.65,20541.887,15412722.69651
2025-08-06 04:00:00,748.65,763.43,747.33,763.1,29448.366,22270982.2164
2025-08-06 08:00:00,763.1,764.9,758.82,762.11,25845.888,19710869.93854
2025-08-06 12:00:00,762.12,769.67,757.74,769.22,36888.443,28220079.04138
2025-08-06 16:00:00,769.22,774.84,765.75,773.2,32829.672,25313891.44334
2025-08-06 20:00:00,773.2,773.34,767.84,769.55,18130.454,13965670.34465
2025-08-07 00:00:00,769.55,774.6,765.86,766.48,18736.665,14429684.11935
2025-08-07 04:00:00,766.47,769.51,765.0,768.05,33447.529,25656325.58945
2025-08-07 08:00:00,768.05,779.67,764.17,776.95,47216.676,36430976.04303
2025-08-07 12:00:00,776.96,777.9,770.38,775.66,31634.606,24494406.3888
2025-08-07 16:00:00,775.65,780.75,768.02,780.66,23980.139,18597834.94692
2025-08-07 20:00:00,780.66,788.68,780.2,788.67,33091.187,25933804.12602
2025-08-08 00:00:00,788.67,793.0,780.74,786.48,55057.783,43290844.69154
2025-08-08 04:00:00,786.48,791.67,784.08,789.67,22564.029,17778066.88673
2025-08-08 08:00:00,789.66,790.81,784.03,789.22,25610.536,20171945.54311
2025-08-08 12:00:00,789.23,796.77,781.7,784.96,44579.193,35172437.70008
2025-08-08 16:00:00,784.96,796.48,784.54,795.46,27311.648,21613171.31605
2025-08-08 20:00:00,795.47,798.5,791.9,793.5,20186.529,16055959.55912
2025-08-09 00:00:00,793.5,797.6,792.81,797.11,16944.755,13482525.5204
2025-08-09 04:00:00,797.12,810.0,796.82,809.5,49398.516,39783427.77174
2025-08-09 08:00:00,809.51,819.44,805.91,811.59,47969.217,39002201.29148
2025-08-09 12:00:00,811.6,815.5,804.79,806.47,33806.542,27373544.72095
2025-08-09 16:00:00,806.48,809.15,802.88,804.73,25089.415,20208953.0217
2025-08-09 20:00:00,804.72,807.72,797.9,798.83,29176.308,23409897.14256
2025-08-10 00:00:00,798.83,813.11,798.83,811.21,36944.015,29843103.39659
2025-08-10 04:00:00,811.21,815.5,798.25,799.29,35262.076,28499138.00645
2025-08-10 08:00:00,799.3,804.69,793.68,798.98,27870.349,22288222.48938
2025-08-10 12:00:00,798.97,803.79,795.33,802.09,24782.18,19842716.57921
2025-08-10 16:00:00,802.08,805.22,800.38,803.0,15260.013,12245542.15075
2025-08-10 20:00:00,803.0,807.33,799.2,807.22,22616.67,18150398.82002
2025-08-11 00:00:00,807.22,827.59,806.12,821.19,73482.701,60069440.39607
2025-08-11 04:00:00,821.19,824.57,809.77,811.82,49936.331,40905670.79693
2025-08-11 08:00:00,811.81,816.59,794.0,796.23,50574.442,40745736.04265
2025-08-11 12:00:00,796.22,807.5,792.0,807.43,65626.457,52471416.88671
2025-08-11 16:00:00,807.42,812.41,801.14,806.32,45623.169,36845566.70967
2025-08-11 20:00:00,806.32,810.99,797.56,805.09,30977.472,24896344.37371
2025-08-12 00:00:00,805.09,815.0,803.79,808.38,28422.351,23053517.98955
2025-08-12 04:00:00,808.38,813.38,803.22,807.89,25185.47,20351738.75479
2025-08-12 08:00:00,807.9,809.01,797.73,803.19,33020.569,26501514.21988
2025-08-12 12:00:00,803.19,820.78,800.0,820.68,75872.143,61596868.19253
2025-08-12 16:00:00,820.69,832.76,820.68,831.76,60361.389,49929717.76662
2025-08-12 20:00:00,831.76,839.9,830.6,832.47,45900.337,38339772.83431
2025-08-13 00:00:00,832.48,840.79,828.23,836.3,46002.948,38393190.18886
2025-08-13 04:00:00,836.31,854.44,831.75,846.74,119088.769,100485411.29945
2025-08-13 08:00:00,846.73,858.48,844.52,854.89,79824.161,68043397.94092
2025-08-13 12:00:00,854.89,858.89,838.72,841.44,89164.989,75713565.02173
2025-08-13 16:00:00,841.44,848.61,837.56,845.21,33960.866,28642808.16816
2025-08-13 20:00:00,845.21,850.0,840.0,848.01,27819.58,23521461.18072
2025-08-14 00:00:00,848.02,857.0,843.57,855.11,54935.186,46714484.28639
2025-08-14 04:00:00,855.11,865.68,850.0,858.01,119205.7473,102352502.64086
2025-08-14 08:00:00,858.01,869.4,855.71,862.23,88374.449,76198021.960039
2025-08-14 12:00:00,862.23,865.5,820.6,846.97,216344.857,182181269.99438
2025-08-14 16:00:00,846.97,848.06,828.0,838.12,78081.932,65426488.59181
2025-08-14 20:00:00,838.11,842.94,824.8,840.42,35714.808,29782790.49055
2025-08-15 00:00:00,840.42,849.3,833.6,848.59,38734.403,32606739.68999
2025-08-15 04:00:00,848.58,853.53,845.22,848.07,34340.052,29185873.82136
2025-08-15 08:00:00,848.06,852.64,841.26,843.73,28626.793,24248052.17587
2025-08-15 12:00:00,843.72,847.56,815.52,818.65,89314.348,74156015.17984
2025-08-15 16:00:00,818.65,826.0,812.57,820.71,36839.291,30182979.82844
2025-08-15 20:00:00,820.71,832.0,819.2,827.81,24236.221,20031526.12317
2025-08-16 00:00:00,827.8,836.72,826.0,831.8,26501.168,22072657.66329
2025-08-16 04:00:00,831.8,837.0,830.26,835.4,19022.631,15866043.44376
2025-08-16 08:00:00,835.4,836.29,826.23,826.45,25883.23,21509464.09849
2025-08-16 12:00:00,826.46,835.48,825.06,831.67,20405.892,16961642.0262
2025-08-16 16:00:00,831.68,836.32,831.2,834.41,11114.293,9269154.40997
2025-08-16 20:00:00,834.41,839.79,833.5,838.71,11584.886,9688346.71803
2025-08-17 00:00:00,838.71,851.41,838.04,844.57,36824.375,31147928.34177
2025-08-17 04:00:00,844.56,855.68,844.51,854.22,27836.608,23663920.5607
2025-08-17 08:00:00,854.21,864.0,851.65,861.55,37805.39,32496434.4061
2025-08-17 12:00:00,861.56,862.16,855.2,860.03,23814.401,20448281.73379
2025-08-17 16:00:00,860.03,861.34,848.46,851.12,23325.044,19935457.5593
2025-08-17 20:00:00,851.13,858.94,850.59,855.38,15348.038,13122234.33922
2025-08-18 00:00:00,855.38,858.51,831.7,835.71,67472.906,56950112.60093
2025-08-18 04:00:00,835.7,839.92,825.0,830.22,47143.955,39218794.17218
2025-08-18 08:00:00,830.21,837.51,828.5,831.55,44770.022,37264291.54232
2025-08-18 12:00:00,831.54,842.39,830.57,841.85,38747.177,32430718.62987
2025-08-18 16:00:00,841.84,848.11,838.35,844.9,18123.887,15290055.59516
2025-08-18 20:00:00,844.91,855.84,842.62,846.99,17483.656,14856899.45865
2025-08-19 00:00:00,847.0,851.95,840.06,842.01,37771.248,31969302.41013
2025-08-19 04:00:00,842.0,849.82,834.98,838.34,39912.149,33613600.58346
2025-08-19 08:00:00,838.35,848.38,835.9,846.46,22285.201,18792390.76935
2025-08-19 12:00:00,846.46,847.85,829.55,832.19,55132.418,46144182.04732
2025-08-19 16:00:00,832.2,835.23,825.01,832.88,31133.211,25840875.46316
2025-08-19 20:00:00,832.89,837.11,823.0,824.11,25567.799,21238169.49882
2025-08-20 00:00:00,824.1,837.11,818.57,836.55,46073.271,38130841.70605
2025-08-20 04:00:00,836.55,837.32,832.42,834.35,23243.211,19429368.78128
2025-08-20 08:00:00,834.36,834.79,826.18,831.03,52321.668,43582133.45712
2025-08-20 12:00:00,831.03,837.32,818.88,832.83,60435.498,50220357.88033
2025-08-20 16:00:00,832.84,869.99,832.84,869.11,114362.238,97737470.04667
2025-08-20 20:00:00,869.11,881.02,866.6,869.05,95723.9755,83659092.5846956
2025-08-21 00:00:00,869.05,883.86,866.11,866.21,60780.07,53088127.378574
2025-08-21 04:00:00,866.21,866.59,858.03,862.48,43401.212,37433467.27164
2025-08-21 08:00:00,862.48,864.34,849.02,851.24,73781.072,62970281.21838
2025-08-21 12:00:00,851.24,856.88,841.1,841.85,51684.426,43923774.85099
2025-08-21 16:00:00,841.84,844.68,834.52,836.4,28044.739,23540164.9207
2025-08-21 20:00:00,836.4,842.83,833.46,839.49,20198.157,16941104.84446
2025-08-22 00:00:00,839.49,853.34,839.23,845.69,35016.989,29666628.15937
2025-08-22 04:00:00,845.7,854.45,845.66,851.02,28211.276,23992603.28243
2025-08-22 08:00:00,851.02,855.18,844.24,848.99,41734.98,35427435.32028
2025-08-22 12:00:00,849.0,882.0,842.7,876.22,158096.845,136832922.79071
2025-08-22 16:00:00,876.22,898.54,876.22,894.6,108556.4899,96635619.673202
2025-08-22 20:00:00,894.6,900.71,892.66,900.21,59225.9518,53161035.016763
2025-08-23 00:00:00,900.2,900.21,875.71,882.78,52437.479,46482509.57522
2025-08-23 04:00:00,882.77,893.23,882.57,887.32,32995.138,29326382.23556
2025-08-23 08:00:00,887.33,897.11,884.3,888.41,46528.819,41445760.35583
2025-08-23 12:00:00,888.42,894.12,885.32,888.64,28201.236,25101881.53011
2025-08-23 16:00:00,888.64,889.77,879.1,883.38,23433.287,20702288.37174
2025-08-23 20:00:00,883.37,883.93,875.55,880.42,25683.913,22617438.55334
2025-08-24 00:00:00,880.42,886.66,874.51,878.64,43485.119,38285262.66211
2025-08-24 04:00:00,878.64,882.22,870.24,870.36,35675.958,31239219.04013
2025-08-24 08:00:00,870.36,872.06,860.49,861.5,45819.783,39683870.25755
2025-08-24 12:00:00,861.49,872.37,860.0,867.43,43458.466,37618451.49523
2025-08-24 16:00:00,867.43,883.46,859.34,869.52,76461.487,66566429.76473
2025-08-24 20:00:00,869.51,880.24,860.35,876.51,44591.504,38847957.69175
2025-08-25 00:00:00,876.51,880.75,865.73,876.2,38047.329,33297527.0472
2025-08-25 04:00:00,876.2,880.0,857.0,858.54,57331.141,49867936.01824
2025-08-25 08:00:00,858.53,864.0,850.58,854.52,45646.372,39089361.95793
2025-08-25 12:00:00,854.53,871.72,854.0,863.52,55229.039,47659423.45668
2025-08-25 16:00:00,863.52,870.25,853.08,853.88,37173.187,32086566.20321
2025-08-25 20:00:00,853.88,857.5,832.76,839.32,87143.087,73450620.08008
2025-08-26 00:00:00,839.32,849.71,829.59,844.58,61840.22,51878273.9899
2025-08-26 04:00:00,844.58,847.7,839.16,842.73,26455.298,22325810.92167
2025-08-26 08:00:00,842.72,845.1,839.39,841.7,18556.744,15640394.08037
2025-08-26 12:00:00,841.7,853.84,839.0,849.67,48355.717,40970069.46458
2025-08-26 16:00:00,849.67,861.13,849.25,860.72,22227.761,18991983.30314
2025-08-26 20:00:00,860.72,868.0,859.83,863.7,17446.349,15064342.78464
2025-08-27 00:00:00,863.7,864.5,857.35,862.13,21207.325,18257056.17058
2025-08-27 04:00:00,862.14,866.84,856.4,857.32,18630.449,16054798.60659
2025-08-27 08:00:00,857.33,860.0,852.9,859.31,19487.753,16697373.54499
2025-08-27 12:00:00,859.31,866.0,856.08,864.83,29052.439,25019959.12016
2025-08-27 16:00:00,864.83,867.1,858.5,860.71,16237.627,14023732.29899
2025-08-27 20:00:00,860.71,865.86,854.02,855.18,30627.864,26321699.92484
2025-08-28 00:00:00,855.18,865.0,850.85,864.32,36674.104,31461127.76012
2025-08-28 04:00:00,864.32,872.81,862.91,869.25,31544.021,27415660.77717
2025-08-28 08:00:00,869.25,874.37,865.25,874.27,26776.633,23292099.75536
2025-08-28 12:00:00,874.27,879.32,866.56,869.67,67114.636,58632068.41112
2025-08-28 16:00:00,869.66,881.36,863.48,868.69,56841.695,49691599.25241
2025-08-28 20:00:00,868.69,877.15,868.0,873.47,13463.833,11756565.97451
2025-08-29 00:00:00,873.48,878.0,872.03,873.25,22714.035,19863286.78646
2025-08-29 04:00:00,873.25,873.77,856.0,857.2,35868.333,31020178.68348
2025-08-29 08:00:00,857.19,860.61,850.19,854.61,31235.981,26733445.33196
2025-08-29 12:00:00,854.62,865.32,852.13,858.32,50236.919,43179071.89912
2025-08-29 16:00:00,858.32,861.03,852.86,858.27,26234.61,22469841.52159
2025-08-29 20:00:00,858.27,864.0,853.28,862.3,14234.341,12217470.18883
2025-08-30 00:00:00,862.3,862.32,852.27,860.48,24175.286,20748740.17876
2025-08-30 04:00:00,860.48,862.36,857.14,860.35,15472.162,13303572.39746
2025-08-30 08:00:00,860.36,861.36,858.15,860.3,11506.281,9895038.26677
2025-08-30 12:00:00,860.3,860.37,851.61,859.2,24383.645,20860964.29182
2025-08-30 16:00:00,859.2,859.29,856.25,858.95,13423.061,11517619.39035
2025-08-30 20:00:00,858.95,864.0,857.06,862.0,12079.546,10396496.80508
2025-08-31 00:00:00,862.0,864.5,859.39,863.12,16840.4,14524935.11883
2025-08-31 04:00:00,863.11,863.31,857.91,858.6,15400.108,13241235.81145
2025-08-31 08:00:00,858.6,861.4,857.0,860.07,15982.637,13737024.58896
2025-08-31 12:00:00,860.06,862.12,859.11,861.91,13222.737,11377307.40047
2025-08-31 16:00:00,861.91,867.19,861.2,864.77,18948.324,16388359.87876
2025-08-31 20:00:00,864.78,867.7,857.26,857.65,13846.987,11945658.05998
2025-09-01 00:00:00,857.66,866.01,853.77,856.58,38495.028,33053816.16788
2025-09-01 04:00:00,856.57,867.24,849.37,865.56,44378.483,37987367.46803
2025-09-01 08:00:00,865.57,869.15,851.0,852.2,68695.145,59106464.17764
2025-09-01 12:00:00,852.2,855.18,844.22,847.2,43584.894,37095061.61573
2025-09-01 16:00:00,847.19,849.4,843.82,849.38,19938.335,16877541.85853
2025-09-01 20:00:00,849.39,849.44,840.0,845.68,39093.83,32985247.47122
2025-09-02 00:00:00,845.68,854.28,843.29,852.4,24955.498,21177377.89903
2025-09-02 04:00:00,852.41,855.81,850.61,855.2,22297.79,19030304.69007
2025-09-02 08:00:00,855.2,856.68,846.72,847.71,41697.827,35549215.07456
2025-09-02 12:00:00,847.7,852.58,840.71,846.84,46499.766,39388356.26462
2025-09-02 16:00:00,846.84,851.35,845.72,849.84,17232.703,14631063.25917
2025-09-02 20:00:00,849.84,853.96,849.4,851.8,11649.585,9925878.64234
2025-09-03 00:00:00,851.8,854.0,848.91,851.57,14919.134,12707551.96779
2025-09-03 04:00:00,851.56,854.69,849.45,854.65,12887.191,10979704.8049
2025-09-03 08:00:00,854.64,855.21,852.07,854.01,15085.426,12882024.12546
2025-09-03 12:00:00,854.01,864.06,852.1,860.31,36894.03,31658393.24695
2025-09-03 16:00:00,860.3,862.36,856.62,857.01,19420.185,16694622.02336
2025-09-03 20:00:00,857.01,857.22,852.4,854.76,17247.056,14739969.05699
2025-09-04 00:00:00,854.76,856.72,848.01,848.68,16267.388,13864087.45319
2025-09-04 04:00:00,848.68,849.74,844.36,847.71,22738.72,19261998.57695
2025-09-04 08:00:00,847.7,849.84,847.0,847.78,17385.748,14747583.29512
2025-09-04 12:00:00,847.78,849.79,842.81,844.26,23756.219,20107479.63206
2025-09-04 16:00:00,844.25,846.75,841.1,843.53,17805.214,15028657.87553
2025-09-04 20:00:00,843.54,849.73,843.24,843.63,10242.613,8669482.8144
2025-09-05 00:00:00,843.62,847.75,842.22,845.78,11226.788,9491271.86992
2025-09-05 04:00:00,845.78,851.17,843.61,850.68,17778.894,15071367.55831
2025-09-05 08:00:00,850.67,851.0,847.53,850.9,14546.806,12355441.29079
2025-09-05 12:00:00,850.89,857.73,844.71,848.81,56495.04,48059663.11564
2025-09-05 16:00:00,848.81,851.65,848.44,850.96,10870.62,9237304.43166
2025-09-05 20:00:00,850.96,852.53,848.5,850.14,9938.803,8455005.75806
2025-09-06 00:00:00,850.14,859.61,849.55,858.2,23494.705,20092980.87365
2025-09-06 04:00:00,858.2,859.96,855.99,859.42,23905.057,20514790.33599
2025-09-06 08:00:00,859.42,862.0,856.43,861.07,38325.03,32924925.75245
2025-09-06 12:00:00,861.07,865.0,858.95,859.51,29272.659,25238561.31551
2025-09-06 16:00:00,859.52,861.74,857.49,857.79,19560.872,16811771.29758
2025-09-06 20:00:00,857.8,863.29,856.59,860.85,9675.731,8318850.04676
2025-09-07 00:00:00,860.86,868.25,860.55,866.12,24826.77,21470234.66587
2025-09-07 04:00:00,866.12,868.0,864.65,867.64,17443.773,15116873.7079
2025-09-07 08:00:00,867.64,874.44,867.31,873.64,29272.412,25516000.41784
2025-09-07 12:00:00,873.63,875.48,869.51,874.68,23820.624,20783694.07061
2025-09-07 16:00:00,874.68,876.6,872.4,875.28,17571.468,15366783.8159
2025-09-07 20:00:00,875.28,884.05,873.3,880.05,23603.011,20742693.16896
2025-09-08 00:00:00,880.05,885.85,877.77,882.14,42393.997,37389858.26311
2025-09-08 04:00:00,882.15,882.4,871.66,874.18,33371.496,29232519.56001
2025-09-08 08:00:00,874.19,879.37,870.01,878.72,34297.07,30013860.6478
2025-09-08 12:00:00,878.72,882.92,877.2,880.18,32999.653,29045887.64764
2025-09-08 16:00:00,880.18,882.16,876.1,877.63,20135.376,17700219.89381
2025-09-08 20:00:00,877.64,882.56,877.03,878.08,14377.189,12644723.0065
2025-09-09 00:00:00,878.08,879.98,872.0,875.14,23660.538,20696835.40628
2025-09-09 04:00:00,875.13,884.45,874.1,881.12,27888.298,24534909.79956
2025-09-09 08:00:00,881.13,884.83,880.21,880.22,20438.593,18037225.67666
2025-09-09 12:00:00,880.22,882.29,871.38,873.35,39431.197,34546602.5679
2025-09-09 16:00:00,873.35,877.43,872.73,877.1,16043.943,14033822.89011
2025-09-09 20:00:00,877.11,883.53,874.55,880.01,23147.461,20387919.2923
2025-09-10 00:00:00,880.0,882.6,877.04,880.4,20113.735,17697408.26949
2025-09-10 04:00:00,880.4,885.76,878.82,883.43,29681.203,26209180.24863
2025-09-10 08:00:00,883.43,885.2,881.06,884.68,25531.521,22547263.82265
2025-09-10 12:00:00,884.67,907.38,884.36,895.5,163317.708,146772619.505122
2025-09-10 16:00:00,895.5,899.55,888.66,890.79,44603.929,39919747.26907
2025-09-10 20:00:00,890.79,895.24,888.33,893.77,23582.082,21035319.72073
2025-09-11 00:00:00,893.77,895.16,888.38,894.55,23770.005,21199236.5922
2025-09-11 04:00:00,894.55,898.56,892.6,896.58,24245.219,21713425.12323
2025-09-11 08:00:00,896.57,902.37,894.89,899.07,33249.078,29886933.12209
2025-09-11 12:00:00,899.08,904.53,891.27,893.31,64251.906,57682624.70216
2025-09-11 16:00:00,893.31,897.92,893.3,896.81,14304.576,12811640.80072
2025-09-11 20:00:00,896.81,903.67,895.33,902.77,20092.398,18084218.46774
2025-09-12 00:00:00,902.77,908.93,901.41,904.7,31513.714,28507546.57032
2025-09-12 04:00:00,904.69,909.69,903.14,903.45,38243.545,34698099.18147
2025-09-12 08:00:00,903.45,909.51,902.34,905.44,35782.138,32440774.11026
2025-09-12 12:00:00,905.45,909.88,904.0,907.01,28142.873,25546588.36574
2025-09-12 16:00:00,907.01,925.78,906.96,924.2,72437.6847,66510197.3416961
2025-09-12 20:00:00,924.19,929.9,922.16,924.8,34147.9825,31582134.8703
2025-09-13 00:00:00,924.81,929.33,923.64,927.73,32172.496,29829973.23174
2025-09-13 04:00:00,927.72,927.98,924.0,925.29,22070.107,20428548.45621
2025-09-13 08:00:00,925.29,943.46,924.27,941.16,71804.3044,67223881.9679012
2025-09-13 12:00:00,941.16,943.86,931.6,936.59,54943.383,51565180.81227
2025-09-13 16:00:00,936.6,937.98,922.11,930.14,53094.681,49324667.11315
2025-09-13 20:00:00,930.14,934.35,928.56,933.68,17666.261,16464734.67837
2025-09-14 00:00:00,933.68,938.12,929.34,931.06,25395.771,23728273.86548
2025-09-14 04:00:00,931.05,944.95,927.8,937.47,36397.915,34136228.25137
2025-09-14 08:00:00,937.48,941.39,930.99,931.64,22162.806,20767814.82911
2025-09-14 12:00:00,931.65,936.68,921.91,924.3,41906.109,38906497.37922
2025-09-14 16:00:00,924.31,929.05,923.1,927.59,19817.797,18355607.81246
2025-09-14 20:00:00,927.58,934.19,925.24,926.51,14134.577,13148900.67231
2025-09-15 00:00:00,926.51,932.95,922.0,932.31,26678.766,24739688.97124
2025-09-15 04:00:00,932.31,935.72,922.28,923.43,31089.259,28876055.23541
2025-09-15 08:00:00,923.42,923.42,910.64,920.12,52159.528,47839473.93669
2025-09-15 12:00:00,920.11,923.16,912.27,916.5,42106.257,38650112.57248
2025-09-15 16:00:00,916.51,922.08,912.73,919.5,15446.201,14173445.56531
2025-09-15 20:00:00,919.5,922.4,918.24,919.68,7769.076,7149364.97314
2025-09-16 00:00:00,919.68,922.68,916.66,921.16,14974.101,13781471.31241
2025-09-16 04:00:00,921.15,932.36,916.77,930.89,46290.786,42927652.12601
2025-09-16 08:00:00,930.9,933.55,924.81,927.48,26409.801,24531892.66151
2025-09-16 12:00:00,927.49,937.89,921.94,937.64,53458.32,49660207.53188
2025-09-16 16:00:00,937.64,957.17,932.49,954.66,106691.2545,101269851.1209392
2025-09-16 20:00:00,954.65,959.0,953.28,955.65,37094.576,35466372.99429
2025-09-17 00:00:00,955.65,963.0,954.31,957.0,55393.4275,53136047.00889
2025-09-17 04:00:00,957.0,959.28,946.69,954.7,48216.698,45927725.77476
2025-09-17 08:00:00,954.7,957.19,951.16,953.24,32488.46,31000352.92759
2025-09-17 12:00:00,953.25,954.81,947.11,951.15,32893.53,31283476.64023
2025-09-17 16:00:00,951.14,962.68,946.1,956.46,71349.018,68039598.19164
2025-09-17 20:00:00,956.46,995.44,951.7,989.98,121852.0623,119265478.1514879
2025-09-18 00:00:00,989.97,997.0,982.75,995.52,71209.241,70454177.09755
2025-09-18 04:00:00,995.52,999.72,987.14,998.22,69176.966,68784361.0446296
2025-09-18 08:00:00,998.23,1006.88,990.48,991.71,137415.4047,137246285.2438579
2025-09-18 12:00:00,991.72,998.89,990.8,993.45,50020.893,49756348.91278
2025-09-18 16:00:00,993.44,995.48,985.6,988.01,42804.842,42424016.03674
2025-09-18 20:00:00,988.0,989.03,979.48,981.04,32045.215,31534759.09444
2025-09-19 00:00:00,981.05,988.67,980.7,984.96,40855.712,40249608.3443
2025-09-19 04:00:00,984.96,997.7,982.12,994.76,84339.996,83706834.39363
2025-09-19 08:00:00,994.75,1002.99,984.64,985.75,89119.718,88582745.53292
2025-09-19 12:00:00,985.74,992.41,973.9,982.64,65298.09,64297312.40911
2025-09-19 16:00:00,982.63,985.2,975.0,978.3,31629.685,31018311.22188
2025-09-19 20:00:00,978.3,985.45,977.15,984.1,22339.56,21936109.6017
2025-09-20 00:00:00,984.1,993.11,982.9,991.61,35618.362,35178389.46138
2025-09-20 04:00:00,991.61,1001.65,990.79,999.46,38784.865,38667968.1904
2025-09-20 08:00:00,999.48,1005.32,993.79,1001.77,63509.079,63476004.30752
2025-09-20 12:00:00,1001.77,1028.01,998.51,1021.1,102856.8666,104119870.7667227
2025-09-20 16:00:00,1021.09,1029.12,1017.0,1019.16,68296.109,69846449.5758
2025-09-20 20:00:00,1019.15,1048.0,1018.23,1043.77,71900.795,74448489.01058
2025-09-21 00:00:00,1043.77,1083.47,1039.41,1069.46,169396.9373,180473124.568191
2025-09-21 04:00:00,1069.46,1080.79,1058.91,1073.73,74833.267,80104762.0331
2025-09-21 08:00:00,1073.73,1075.25,1050.32,1051.11,77528.058,82335049.36655
2025-09-21 12:00:00,1051.12,1057.97,1044.0,1056.31,54942.037,57775852.61405
2025-09-21 16:00:00,1056.32,1058.0,1039.2,1047.85,52106.523,54505476.50065
2025-09-21 20:00:00,1047.85,1054.99,1040.98,1047.8,35604.46,37326391.59346
2025-09-22 00:00:00,1047.8,1050.55,1024.86,1029.95,106198.084,109730146.91947
2025-09-22 04:00:00,1029.94,1038.37,993.31,1023.76,166170.306,169264496.13555
2025-09-22 08:00:00,1023.75,1035.81,1012.52,1018.36,76916.756,78774469.83323
2025-09-22 12:00:00,1018.36,1027.82,993.9,997.61,106609.258,107823717.47769
2025-09-22 16:00:00,997.61,998.3,976.89,981.04,96553.511,95473892.99247
2025-09-22 20:00:00,981.03,997.68,978.6,992.9,36282.481,35887159.0875
2025-09-23 00:00:00,992.9,997.4,962.38,982.49,78563.247,76893936.3855
2025-09-23 04:00:00,982.49,1007.67,976.48,1001.69,86768.979,86317690.99306
2025-09-23 08:00:00,1001.7,1020.0,997.0,1010.75,74614.554,75049666.8426
2025-09-23 12:00:00,1010.74,1026.47,1008.87,1022.67,101516.673,103326160.14944
2025-09-23 16:00:00,1022.68,1027.37,1006.11,1009.25,55433.724,56346074.85771
2025-09-23 20:00:00,1009.25,1021.0,1008.32,1015.98,23173.893,23533748.66418
2025-09-24 00:00:00,1015.98,1026.79,1002.01,1002.56,64226.849,65269893.99844
2025-09-24 04:00:00,1002.56,1019.1,991.46,1018.08,67852.559,68506703.8209
2025-09-24 08:00:00,1018.09,1034.5,1012.5,1015.99,103521.23,105947694.96309
2025-09-24 12:00:00,1016.0,1021.17,1003.35,1009.2,70584.063,71613369.1169
2025-09-24 16:00:00,1009.2,1019.63,1007.93,1015.65,33864.301,34356427.41888
2025-09-24 20:00:00,1015.64,1019.85,1012.0,1018.49,23000.88,23398269.57273
2025-09-25 00:00:00,1018.49,1019.9,995.14,999.41,79262.967,79826792.12862
2025-09-25 04:00:00,999.41,1000.0,985.6,992.0,73838.493,73295475.89843
2025-09-25 08:00:00,991.99,996.34,981.03,986.09,46118.657,45582701.16079
2025-09-25 12:00:00,986.09,1000.39,980.0,995.3,90665.509,89888411.14659
2025-09-25 16:00:00,995.29,997.26,949.0,958.65,272918.647,264014829.71092
2025-09-25 20:00:00,958.65,961.12,939.55,945.9,72316.981,68709957.92878
2025-09-26 00:00:00,945.9,959.0,941.03,945.61,76189.935,72307967.49444
2025-09-26 04:00:00,945.6,949.98,936.0,949.46,59032.292,55648061.09514
2025-09-26 08:00:00,949.46,951.12,932.04,937.29,76377.262,71866346.68591
2025-09-26 12:00:00,937.3,951.87,932.01,942.42,82011.852,77373393.29401
2025-09-26 16:00:00,942.42,966.23,941.41,954.81,67389.841,64506954.21928
2025-09-26 20:00:00,954.81,960.85,951.52,960.8,23756.332,22705888.32756
2025-09-27 00:00:00,960.81,967.47,955.56,966.41,33563.663,32257754.71266
2025-09-27 04:00:00,966.4,974.01,965.23,972.29,48622.329,47147588.50977
2025-09-27 08:00:00,972.28,975.13,964.95,970.41,42953.596,41642384.39135
2025-09-27 12:00:00,970.41,985.79,968.39,976.23,54658.081,53430874.77057
2025-09-27 16:00:00,976.23,976.98,965.0,969.61,27722.967,26902600.2595
2025-09-27 20:00:00,969.6,978.0,967.2,968.45,37725.779,36656033.05886
2025-09-28 00:00:00,968.46,974.93,965.38,974.25,35713.355,34648263.71151
2025-09-28 04:00:00,974.25,975.26,968.6,969.5,21753.807,21135804.49093
2025-09-28 08:00:00,969.49,973.23,962.68,973.22,39881.415,38580101.84378
2025-09-28 12:00:00,973.23,979.26,966.31,976.0,36095.463,35144985.27782
2025-09-28 16:00:00,976.0,980.55,975.53,978.22,22129.608,21640436.56589
2025-09-28 20:00:00,978.23,993.65,977.8,993.01,32912.832,32475168.1875
2025-09-29 00:00:00,993.01,1011.41,991.12,1010.26,45752.513,45734909.98242
2025-09-29 04:00:00,1010.26,1013.73,1005.44,1009.87,35406.568,35736724.79198
2025-09-29 08:00:00,1009.86,1012.75,1002.11,1004.94,51138.304,51501885.3114
2025-09-29 12:00:00,1004.94,1023.16,1000.0,1011.08,80902.15,81876260.26405
2025-09-29 16:00:00,1011.07,1021.31,1003.53,1020.23,39148.102,39609578.37736
2025-09-29 20:00:00,1020.23,1036.0,1019.02,1029.79,39634.863,40793695.74094
2025-09-30 00:00:00,1029.79,1034.01,1020.87,1023.2,35681.851,36628673.70513
2025-09-30 04:00:00,1023.19,1027.98,1016.76,1020.13,38610.655,39503052.08541
2025-09-30 08:00:00,1020.12,1021.65,1003.13,1014.36,75809.647,76722471.23388
2025-09-30 12:00:00,1014.36,1014.66,992.93,998.19,58527.453,58754507.60377
2025-09-30 16:00:00,998.2,1009.49,996.78,1007.29,30285.098,30347238.25969
2025-09-30 20:00:00,1007.29,1010.5,1001.3,1008.51,19916.267,20025968.21765
2025-10-01 00:00:00,1008.51,1016.0,1003.35,1004.81,33219.802,33560344.03429
2025-10-01 04:00:00,1004.8,1013.32,1004.54,1010.03,26583.993,26861198.53245
2025-10-01 08:00:00,1010.03,1036.2,1009.5,1023.42,85163.799,87376354.14049
2025-10-01 12:00:00,1023.42,1028.6,1015.24,1019.31,64011.555,65424690.27565
2025-10-01 16:00:00,1019.32,1025.36,1016.49,1019.7,34979.889,35700195.94022
2025-10-01 20:00:00,1019.71,1026.59,1017.46,1026.5,25048.773,25594000.89144
2025-10-02 00:00:00,1026.5,1037.6,1022.01,1031.04,57301.513,59063193.91316
2025-10-02 04:00:00,1031.04,1041.18,1026.93,1036.1,41695.27,43140248.82323
2025-10-02 08:00:00,1036.11,1050.0,1033.61,1047.81,43389.383,45212406.58743
2025-10-02 12:00:00,1047.81,1063.45,1041.09,1055.68,94596.817,99662677.88929
2025-10-02 16:00:00,1055.68,1076.71,1054.96,1073.81,54374.442,57835465.53443
2025-10-02 20:00:00,1073.82,1099.22,1073.01,1090.22,89322.02,96986256.55904
2025-10-03 00:00:00,1090.22,1112.57,1084.02,1108.0,108032.2594,118742056.626489
2025-10-03 04:00:00,1107.99,1112.68,1084.66,1086.24,88059.094,96558262.68863
2025-10-03 08:00:00,1086.25,1114.95,1083.84,1106.39,78824.281,86910208.93795
2025-10-03 12:00:00,1106.4,1168.0,1102.48,1165.3,204171.5253,231656148.408744
2025-10-03 16:00:00,1165.3,1178.65,1120.1,1170.39,172839.5583,199322580.21872
2025-10-03 20:00:00,1170.39,1192.42,1164.82,1189.4,93070.0026,109775804.481024
2025-10-04 00:00:00,1189.4,1190.47,1164.0,1170.39,75136.165,88266220.61246
2025-10-04 04:00:00,1170.39,1182.39,1165.15,1166.82,48231.612,56602224.71854
2025-10-04 08:00:00,1166.82,1168.86,1145.0,1151.69,62960.971,72777753.8222
2025-10-04 12:00:00,1151.69,1154.18,1139.77,1144.44,56232.377,64516001.32199
2025-10-04 16:00:00,1144.42,1158.52,1134.93,1146.99,58361.665,66764712.10875
2025-10-04 20:00:00,1146.98,1156.35,1144.44,1150.75,36515.719,42003762.35995
2025-10-05 00:00:00,1150.75,1169.55,1143.14,1163.22,61516.806,71233074.28563
2025-10-05 04:00:00,1163.23,1189.0,1163.09,1178.03,82710.947,97381718.59519
2025-10-05 08:00:00,1178.02,1180.17,1153.84,1167.85,62843.658,73145116.41317
2025-10-05 12:00:00,1167.85,1171.2,1156.99,1158.57,38162.867,44418015.34074
2025-10-05 16:00:00,1158.57,1169.73,1148.25,1149.82,34864.244,40415928.52659
2025-10-05 20:00:00,1149.82,1167.38,1147.84,1167.38,26631.656,30826787.8719
2025-10-06 00:00:00,1167.38,1183.99,1161.85,1182.33,64919.483,76264438.22571
2025-10-06 04:00:00,1182.32,1223.9,1178.51,1198.26,158776.3162,191077640.649637
2025-10-06 08:00:00,1198.26,1222.71,1198.26,1222.19,82124.588,99687494.77463
2025-10-06 12:00:00,1222.19,1239.94,1209.22,1221.5,152394.0799,186798881.53014
2025-10-06 16:00:00,1221.49,1227.85,1213.91,1225.53,82318.28,100495043.37816
2025-10-06 20:00:00,1225.52,1230.44,1218.01,1223.19,46944.813,57457734.82235
2025-10-07 00:00:00,1223.17,1229.56,1204.61,1223.34,70710.701,86248174.52928
2025-10-07 04:00:00,1223.35,1263.99,1220.43,1250.04,174258.4373,217162872.793891
2025-10-07 08:00:00,1250.04,1317.45,1232.72,1313.15,274708.5309,351555084.461587
2025-10-07 12:00:00,1313.14,1349.99,1260.68,1280.97,512769.6155,668350395.67308
2025-10-07 16:00:00,1280.96,1303.0,1265.4,1296.99,181510.933,233254053.25013
2025-10-07 20:00:00,1296.98,1328.2,1295.5,1304.43,137720.271,180832675.8307
2025-10-08 00:00:00,1304.43,1334.19,1271.04,1276.22,222864.968,289815099.2538
2025-10-08 04:00:00,1276.22,1313.83,1264.32,1312.47,162548.119,209709896.07406
2025-10-08 08:00:00,1312.47,1327.74,1302.56,1313.37,130370.492,171501476.58149
2025-10-08 12:00:00,1313.37,1320.0,1285.0,1293.96,140909.05,183660680.5848
2025-10-08 16:00:00,1293.96,1322.79,1289.0,1315.71,90690.224,118768488.84147
2025-10-08 20:00:00,1315.71,1324.74,1295.0,1307.4,79172.27,103457640.55667
2025-10-09 00:00:00,1307.4,1318.24,1252.92,1278.88,184507.711,236545684.63417
2025-10-09 04:00:00,1278.88,1320.0,1272.31,1309.9,187386.523,244031711.51338
2025-10-09 08:00:00,1309.89,1310.49,1267.67,1281.23,175999.44,226122934.14584
2025-10-09 12:00:00,1281.22,1290.89,1227.32,1239.64,238890.708,299450723.82013
2025-10-09 16:00:00,1239.65,1247.43,1224.38,1241.46,92773.4,114655925.26566
2025-10-09 20:00:00,1241.47,1260.64,1239.97,1255.35,46069.822,57703774.74599
2025-10-10 00:00:00,1255.35,1269.19,1244.1,1259.62,79559.491,99966163.64935
2025-10-10 04:00:00,1259.62,1278.52,1258.04,1263.75,85038.533,107887751.38885
2025-10-10 08:00:00,1263.76,1273.67,1245.81,1270.71,87016.806,109663256.58912
2025-10-10 12:00:00,1270.72,1274.16,1205.23,1215.49,222145.968,274802579.70191
2025-10-10 16:00:00,1215.49,1247.04,1210.06,1235.58,152593.862,187273036.78269
2025-10-10 20:00:00,1235.58,1243.42,860.11,1102.47,878671.013,958996123.85146
2025-10-11 00:00:00,1102.57,1143.33,1073.0,1128.42,346186.066,384573919.64795
2025-10-11 04:00:00,1128.36,1140.0,1084.47,1094.02,179384.26,199025415.39416
2025-10-11 08:00:00,1094.03,1140.11,1090.0,1129.79,147321.808,165284332.09933
2025-10-11 12:00:00,1129.78,1158.28,1115.02,1142.71,119311.118,135406218.02847
2025-10-11 16:00:00,1142.71,1182.76,1135.32,1141.14,147647.126,171454440.99716
2025-10-11 20:00:00,1141.14,1147.64,1106.24,1135.07,111054.867,125632093.87539
2025-10-12 00:00:00,1135.07,1137.97,1107.43,1121.3,99493.494,111357046.40454
2025-10-12 04:00:00,1121.3,1170.39,1117.58,1160.83,99947.407,114692583.53411
2025-10-12 08:00:00,1160.82,1231.0,1154.73,1230.12,253058.1,303673023.21527
2025-10-12 12:00:00,1230.11,1307.98,1220.0,1302.29,375150.835,471412823.3904
2025-10-12 16:00:00,1302.29,1312.31,1272.11,1296.19,234970.336,304060530.77044
2025-10-12 20:00:00,1296.23,1319.8,1276.24,1302.65,142627.844,184827739.16875
2025-10-13 00:00:00,1302.65,1322.0,1292.02,1296.29,151908.591,198581824.97294
2025-10-13 04:00:00,1296.3,1353.55,1283.44,1343.95,275326.482,365137759.64083
2025-10-13 08:00:00,1343.95,1375.11,1266.0,1294.2,564374.4789,751292777.28373
2025-10-13 12:00:00,1294.2,1304.98,1251.28,1274.15,297319.01,381097918.26607
2025-10-13 16:00:00,1274.15,1288.92,1261.61,1271.56,125665.688,160383912.15679
2025-10-13 20:00:00,1271.56,1299.0,1271.46,1294.55,68482.722,88207814.82002
2025-10-14 00:00:00,1294.54,1318.26,1271.28,1278.14,116224.342,150154402.51308
2025-10-14 04:00:00,1278.14,1280.16,1179.4,1195.36,319672.236,390755663.5297
2025-10-14 08:00:00,1195.35,1213.03,1164.6,1170.35,246725.858,293090335.51979
2025-10-14 12:00:00,1170.35,1216.47,1143.01,1213.75,354133.669,416522098.99985
2025-10-14 16:00:00,1213.76,1250.65,1191.66,1206.54,249098.11,303723387.74675
2025-10-14 20:00:00,1206.55,1222.71,1203.45,1208.52,112805.567,136983262.82766
2025-10-15 00:00:00,1208.55,1222.76,1199.79,1206.66,81399.732,98433521.59228
2025-10-15 04:00:00,1206.66,1216.36,1176.14,1189.77,133311.337,158799135.85219
2025-10-15 08:00:00,1189.76,1215.24,1177.14,1185.02,127909.681,152816920.33999
2025-10-15 12:00:00,1185.01,1191.29,1164.5,1168.53,167214.152,196589257.85112
2025-10-15 16:00:00,1168.54,1187.88,1156.13,1164.3,117871.206,137895194.95589
2025-10-15 20:00:00,1164.3,1170.4,1148.92,1162.57,79621.639,92165412.3585
2025-10-16 00:00:00,1162.57,1195.0,1158.69,1183.82,93924.651,111015901.81105
2025-10-16 04:00:00,1183.83,1192.37,1173.87,1184.47,88770.421,105080538.09786
2025-10-16 08:00:00,1184.48,1194.21,1170.11,1181.67,136912.269,161922731.02283
2025-10-16 12:00:00,1181.68,1191.27,1132.36,1135.2,152233.155,177521245.98503
2025-10-16 16:00:00,1135.2,1156.53,1122.31,1145.3,183547.639,209415513.66511
2025-10-16 20:00:00,1145.31,1164.62,1141.29,1144.83,61438.362,70739312.27455
2025-10-17 00:00:00,1144.83,1156.3,1137.42,1150.54,60190.929,69095317.50162
2025-10-17 04:00:00,1150.54,1154.09,1059.53,1062.67,247556.486,271859896.95754
2025-10-17 08:00:00,1062.68,1080.0,1021.0,1072.28,412436.785,431610413.38295
2025-10-17 12:00:00,1072.28,1077.31,1046.99,1074.01,178906.177,190348534.19436
2025-10-17 16:00:00,1074.01,1093.0,1063.21,1066.84,118370.016,127586705.46898
2025-10-17 20:00:00,1066.85,1090.36,1064.56,1071.15,48761.378,52627897.83192
2025-10-18 00:00:00,1071.15,1094.8,1069.41,1090.19,64988.882,70514215.82547
2025-10-18 04:00:00,1090.18,1131.05,1080.08,1119.34,120645.623,133890433.80027
2025-10-18 08:00:00,1119.33,1125.5,1096.48,1103.58,90196.171,100106237.28397
2025-10-18 12:00:00,1103.59,1105.8,1082.7,1091.24,63752.634,69677692.9295
2025-10-18 16:00:00,1091.24,1103.84,1081.67,1103.09,41039.024,44856764.6507
2025-10-18 20:00:00,1103.08,1105.38,1083.8,1092.43,39374.183,43078945.73777
2025-10-19 00:00:00,1092.42,1094.18,1077.0,1091.71,35912.744,38964308.76807
2025-10-19 04:00:00,1091.72,1097.5,1081.92,1084.38,37769.692,41125317.17191
2025-10-19 08:00:00,1084.39,1110.0,1068.04,1100.55,134768.661,146962485.61132
2025-10-19 12:00:00,1100.55,1122.98,1091.27,1118.94,113855.833,126456314.70749
2025-10-19 16:00:00,1118.94,1133.76,1115.43,1117.11,58143.795,65359195.46933
2025-10-19 20:00:00,1117.11,1121.82,1107.6,1109.88,29536.847,32963040.41643
2025-10-20 00:00:00,1109.88,1130.27,1088.19,1128.17,85423.794,94523510.65054
2025-10-20 04:00:00,1128.17,1143.2,1121.27,1125.08,95828.533,108380483.53858
2025-10-20 08:00:00,1125.07,1129.88,1109.84,1115.44,84104.74,94207360.94555
2025-10-20 12:00:00,1115.45,1117.03,1099.49,1110.6,94546.764,104915257.44258
2025-10-20 16:00:00,1110.61,1110.61,1088.33,1100.91,94453.306,103558093.06831
2025-10-20 20:00:00,1100.91,1104.28,1092.56,1100.19,26953.918,29629553.51755
2025-10-21 00:00:00,1100.2,1102.16,1077.0,1081.63,58595.071,63665592.28411
2025-10-21 04:00:00,1081.62,1081.99,1062.0,1072.25,91129.277,97507880.07835
2025-10-21 08:00:00,1072.24,1079.68,1065.61,1076.54,55340.994,59253079.41308
2025-10-21 12:00:00,1076.54,1114.53,1068.39,1111.97,148101.162,161679221.17345
2025-10-21 16:00:00,1111.96,1113.27,1080.27,1089.64,120738.189,132475136.8734
2025-10-21 20:00:00,1089.65,1091.0,1052.46,1057.16,67619.808,72375144.73323
2025-10-22 00:00:00,1057.16,1071.01,1053.57,1067.99,61299.868,65267163.74555
2025-10-22 04:00:00,1067.99,1074.79,1061.5,1071.14,41920.445,44832621.71876
2025-10-22 08:00:00,1071.13,1075.15,1058.85,1069.46,63159.291,67333535.01365
2025-10-22 12:00:00,1069.46,1083.8,1065.61,1080.99,127027.728,136619751.44723
2025-10-22 16:00:00,1080.99,1081.69,1063.42,1069.95,49580.465,53179176.20886
2025-10-22 20:00:00,1069.96,1073.72,1053.25,1071.82,54261.265,57692547.9567
2025-10-23 00:00:00,1071.83,1091.56,1071.83,1087.01,49571.647,53643870.82919
2025-10-23 04:00:00,1087.02,1112.12,1083.17,1109.98,99130.765,109151547.04979
2025-10-23 08:00:00,1109.97,1123.32,1092.93,1094.55,156289.93,172931520.2034
2025-10-23 12:00:00,1094.55,1161.9,1076.54,1129.95,312482.035,351285261.86367
2025-10-23 16:00:00,1129.95,1140.5,1107.37,1117.8,107023.923,120522071.21787
2025-10-23 20:00:00,1117.81,1131.02,1111.04,1126.72,50448.418,56513003.80295
2025-10-24 00:00:00,1126.71,1140.94,1126.55,1135.59,60710.45,68815875.43844
2025-10-24 04:00:00,1135.58,1144.17,1121.8,1125.25,68616.622,77907790.12216
2025-10-24 08:00:00,1125.24,1135.85,1120.27,1125.37,57386.315,64708691.79224
2025-10-24 12:00:00,1125.37,1137.78,1103.04,1104.42,89359.286,99921980.27145
2025-10-24 16:00:00,1104.41,1114.4,1097.39,1109.86,43459.543,48020432.06007
2025-10-24 20:00:00,1109.86,1113.75,1106.76,1109.01,23180.426,25733817.13156
2025-10-25 00:00:00,1109.0,1119.34,1100.96,1117.17,34662.276,38489627.32966
2025-10-25 04:00:00,1117.17,1119.15,1110.69,1112.72,31058.85,34647028.8743
2025-10-25 08:00:00,1112.71,1118.23,1110.0,1115.76,25075.142,27955641.239
2025-10-25 12:00:00,1115.76,1118.0,1105.0,1108.61,34193.458,38021044.73683
2025-10-25 16:00:00,1108.61,1117.05,1107.68,1116.33,17217.97,19160133.57922
2025-10-25 20:00:00,1116.34,1120.89,1112.87,1116.53,20508.887,22920329.19271
2025-10-26 00:00:00,1116.53,1124.37,1114.48,1116.98,36032.509,40352270.36662
2025-10-26 04:00:00,1116.98,1122.24,1116.02,1120.39,18055.535,20212348.32341
2025-10-26 08:00:00,1120.39,1136.36,1120.38,1135.28,56712.958,63959428.69347
2025-10-26 12:00:00,1135.39,1139.25,1126.77,1133.43,59874.88,67881214.85465
2025-10-26 16:00:00,1133.42,1133.8,1123.18,1126.58,26654.804,30052997.20934
2025-10-26 20:00:00,1126.58,1143.35,1123.05,1138.19,43608.859,49580668.84901
2025-10-27 00:00:00,1138.19,1164.54,1136.96,1151.18,84946.356,97767033.46929
2025-10-27 04:00:00,1151.18,1161.0,1135.76,1156.48,98162.814,112833290.16625
2025-10-27 08:00:00,1156.49,1179.98,1147.32,1179.7,100883.129,116931803.58289
2025-10-27 12:00:00,1179.69,1182.6,1131.44,1143.86,121087.152,139762710.08202
2025-10-27 16:00:00,1143.85,1153.88,1142.1,1145.17,48955.773,56199812.33212
2025-10-27 20:00:00,1145.18,1147.41,1132.85,1138.88,40432.471,46116173.09644
2025-10-28 00:00:00,1138.88,1147.57,1131.5,1138.51,37933.716,43190719.63498
2025-10-28 04:00:00,1138.52,1143.73,1121.14,1132.46,52016.823,58829088.08698
2025-10-28 08:00:00,1132.46,1139.0,1130.1,1132.16,29953.118,33987809.59075
2025-10-28 12:00:00,1132.16,1147.19,1127.0,1135.62,69244.871,78831097.73
2025-10-28 16:00:00,1135.62,1148.94,1126.61,1128.92,43005.894,49029491.46018
2025-10-28 20:00:00,1128.92,1129.3,1074.0,1103.45,119424.748,131324445.83341
2025-10-29 00:00:00,1103.45,1108.54,1098.33,1104.61,37471.065,41366490.74101
2025-10-29 04:00:00,1104.6,1121.35,1103.92,1117.28,61162.476,68165931.53532
2025-10-29 08:00:00,1117.29,1120.16,1110.68,1113.66,135891.142,151486223.29844
2025-10-29 12:00:00,1113.67,1118.8,1096.0,1099.23,71454.854,79220585.91581
2025-10-29 16:00:00,1099.24,1114.16,1082.59,1107.24,116790.481,128727422.27226
2025-10-29 20:00:00,1107.24,1119.42,1103.4,1107.7,36943.478,41105776.5839
2025-10-30 00:00:00,1107.7,1120.15,1104.47,1118.97,47837.444,53348081.24607
2025-10-30 04:00:00,1118.97,1118.97,1090.0,1118.24,91731.404,101469491.97581
2025-10-30 08:00:00,1118.25,1129.55,1107.81,1111.56,76991.759,86071489.12319
2025-10-30 12:00:00,1111.56,1114.19,1075.4,1077.13,124771.993,136035948.93281
2025-10-30 16:00:00,1077.13,1084.25,1058.8,1061.76,75333.386,80599109.67321
2025-10-30 20:00:00,1061.76,1079.56,1043.48,1079.05,91625.671,97091632.53819
2025-10-31 00:00:00,1079.06,1089.11,1074.83,1086.2,59685.698,64597959.94147
2025-10-31 04:00:00,1086.2,1103.4,1085.44,1099.03,81477.168,89232177.13946
2025-10-31 08:00:00,1099.04,1104.93,1077.82,1088.19,246999.367,269170780.80546
2025-10-31 12:00:00,1088.19,1092.41,1077.19,1084.53,83050.804,90040314.3846
2025-10-31 16:00:00,1084.52,1092.23,1071.43,1090.0,47291.716,51100036.03559
2025-10-31 20:00:00,1090.0,1091.0,1084.01,1088.9,19164.893,20853510.79134
2025-11-01 00:00:00,1088.9,1095.0,1082.02,1090.0,52406.356,57086993.13591
2025-11-01 04:00:00,1089.99,1091.37,1084.28,1086.46,21604.788,23499731.10622
2025-11-01 08:00:00,1086.47,1089.52,1085.52,1089.11,19151.047,20830205.91871
2025-11-01 12:00:00,1089.11,1096.42,1081.8,1092.6,41372.306,45064818.909
2025-11-01 16:00:00,1092.6,1096.7,1090.52,1094.52,16951.753,18539059.10338
2025-11-01 20:00:00,1094.51,1096.93,1090.22,1094.53,12007.298,13140028.10622
2025-11-02 00:00:00,1094.54,1094.76,1087.7,1089.61,17253.752,18826061.763
2025-11-02 04:00:00,1089.62,1094.92,1088.38,1093.8,18847.412,20575141.33637
2025-11-02 08:00:00,1093.8,1094.73,1080.79,1087.91,26133.39,28415179.00746
2025-11-02 12:00:00,1087.91,1087.91,1077.82,1080.4,29625.889,32076572.46537
2025-11-02 16:00:00,1080.41,1080.41,1071.74,1078.65,27322.282,29431679.56531
2025-11-02 20:00:00,1078.64,1085.6,1076.61,1083.25,13219.823,14291331.36781
2025-11-03 00:00:00,1083.25,1087.24,1041.14,1043.7,88606.555,93962777.55836
2025-11-03 04:00:00,1043.7,1049.4,1024.19,1028.85,111703.607,115707360.79895
2025-11-03 08:00:00,1028.85,1031.48,1008.71,1015.95,122114.058,124460802.43696
2025-11-03 12:00:00,1015.95,1026.49,960.18,980.28,205902.751,205343691.75487
2025-11-03 16:00:00,980.28,1010.48,976.66,996.34,102737.754,102285815.85109
2025-11-03 20:00:00,996.34,997.62,981.25,993.54,54134.16,53546925.69493
2025-11-04 00:00:00,993.54,1000.98,982.22,999.21,53110.025,52821685.78402
2025-11-04 04:00:00,999.22,1002.12,940.0,944.63,196475.597,188261315.8133
2025-11-04 08:00:00,944.63,963.16,939.6,958.0,110694.111,105368194.11467
2025-11-04 12:00:00,958.0,966.94,934.64,949.85,125393.666,119278042.91295
2025-11-04 16:00:00,949.88,953.2,908.17,919.52,212501.724,196843931.75636
2025-11-04 20:00:00,919.51,941.61,880.8,936.77,287100.395,261473340.86094
2025-11-05 00:00:00,936.79,955.9,900.39,949.19,190178.74,177086164.27453
2025-11-05 04:00:00,949.2,957.28,941.05,953.84,66513.04,63035374.85737
2025-11-05 08:00:00,953.83,953.88,937.0,945.37,69069.661,65186639.6932
2025-11-05 12:00:00,945.37,965.68,944.07,965.68,91518.282,87473400.62338
2025-11-05 16:00:00,965.68,969.27,957.21,959.5,70168.339,67589569.24422
2025-11-05 20:00:00,959.49,964.55,951.7,959.33,38695.965,37031059.67706
2025-11-06 00:00:00,959.32,964.0,943.75,963.02,49532.376,47231711.247
2025-11-06 04:00:00,963.02,965.23,946.02,951.41,36000.031,34376440.20452
2025-11-06 08:00:00,951.4,958.4,948.5,955.29,36625.692,34933467.36603
2025-11-06 12:00:00,955.29,955.6,927.63,933.71,90820.696,85456087.56432
2025-11-06 16:00:00,933.71,955.45,925.07,948.1,69597.141,65412462.03642
2025-11-06 20:00:00,948.09,954.46,944.26,950.4,30046.489,28516846.83297
2025-11-07 00:00:00,950.4,976.33,944.9,967.09,76234.782,73113852.94311
2025-11-07 04:00:00,967.09,971.44,957.81,970.06,48890.047,47201134.80541
2025-11-07 08:00:00,970.05,970.85,937.0,942.57,59348.182,56514147.53304
2025-11-07 12:00:00,942.57,949.78,925.7,944.73,94101.329,88292637.03424
2025-11-07 16:00:00,944.73,985.49,939.9,981.81,108982.572,105407407.30705
2025-11-07 20:00:00,981.8,995.6,974.27,991.15,65156.592,64342672.40282
2025-11-08 00:00:00,991.14,1007.41,980.05,996.72,86667.879,86287446.51825
2025-11-08 04:00:00,996.71,1002.08,984.92,995.38,60184.07,59827825.674
2025-11-08 08:00:00,995.38,1003.15,987.1,989.6,51331.481,51183702.55726
2025-11-08 12:00:00,989.61,998.29,983.34,990.8,38269.099,37921292.66757
2025-11-08 16:00:00,990.79,1005.77,985.01,996.32,46721.748,46484168.10822
2025-11-08 20:00:00,996.33,999.76,989.65,991.03,18531.412,18451529.77155
2025-11-09 00:00:00,991.01,994.24,975.84,981.07,36539.673,36000582.22795
2025-11-09 04:00:00,981.07,993.3,980.81,989.6,25684.939,25381191.38031
2025-11-09 08:00:00,989.59,995.6,982.2,990.3,39630.132,39177538.75724
2025-11-09 12:00:00,990.3,999.0,977.35,994.46,74469.795,73735005.8432
2025-11-09 16:00:00,994.46,1005.0,991.36,1004.96,41293.766,41212858.7916
2025-11-09 20:00:00,1004.96,1007.16,990.6,996.63,39042.443,38996234.11054
2025-11-10 00:00:00,996.63,1019.56,991.6,1013.16,69798.253,70549408.62162
2025-11-10 04:00:00,1013.16,1014.69,1004.02,1005.98,32133.525,32419203.8889
2025-11-10 08:00:00,1005.99,1006.46,996.02,999.49,44416.606,44463808.90822
2025-11-10 12:00:00,999.5,1004.28,976.7,980.04,77551.672,76831168.93816
2025-11-10 16:00:00,980.04,989.45,976.22,987.89,33394.089,32832785.01207
2025-11-10 20:00:00,987.89,996.3,983.59,991.98,23834.651,23593297.7699
2025-11-11 00:00:00,991.99,1008.6,986.96,1000.92,51903.581,51910037.56357
2025-11-11 04:00:00,1000.92,1003.82,972.24,974.63,54994.165,54170444.25741
2025-11-11 08:00:00,974.62,983.42,973.19,980.75,32670.547,31956223.50352
2025-11-11 12:00:00,980.75,984.84,972.0,975.7,50896.671,49799489.43334
2025-11-11 16:00:00,975.7,977.81,960.8,961.27,60081.158,58200019.82733
2025-11-11 20:00:00,961.28,965.7,956.08,958.08,33405.747,32086131.17537
2025-11-12 00:00:00,958.08,965.64,955.31,961.4,30243.044,29057185.67799
2025-11-12 04:00:00,961.39,962.81,951.8,953.13,22749.042,21803677.81609
2025-11-12 08:00:00,953.12,975.36,953.12,971.43,35477.01,34288404.18323
2025-11-12 12:00:00,971.44,978.61,946.23,949.1,57291.325,55218280.3116
2025-11-12 16:00:00,949.11,955.0,937.9,948.68,53937.756,51037715.26638
2025-11-12 20:00:00,948.68,957.79,946.8,952.86,17288.939,16490008.91364
2025-11-13 00:00:00,952.87,963.9,946.52,959.7,31741.008,30357334.61972
2025-11-13 04:00:00,959.7,972.2,957.4,964.89,33721.449,32558812.6179
2025-11-13 08:00:00,964.9,968.05,959.74,967.07,23864.14,23004294.53488
2025-11-13 12:00:00,967.07,968.17,952.55,957.36,46959.753,45111635.94133
2025-11-13 16:00:00,957.36,959.43,911.14,913.54,133900.952,124382632.01827
2025-11-13 20:00:00,913.54,932.68,905.72,927.15,64157.776,58844411.7772
2025-11-14 00:00:00,927.15,934.04,918.63,924.03,57293.352,53030231.66504
2025-11-14 04:00:00,924.02,926.9,900.0,923.08,90291.578,82495576.93367
2025-11-14 08:00:00,923.07,923.07,904.56,909.17,57537.473,52583097.61248
2025-11-14 12:00:00,909.16,931.04,887.88,925.5,154981.007,140896286.40442
2025-11-14 16:00:00,925.51,933.37,918.61,931.81,42493.685,39393040.7075
2025-11-14 20:00:00,931.81,933.56,908.0,915.25,35595.913,32806393.98912
2025-11-15 00:00:00,915.26,936.13,914.91,931.85,40128.046,37261601.54025
2025-11-15 04:00:00,931.85,936.79,927.01,936.19,27259.723,25409796.59319
2025-11-15 08:00:00,936.2,939.19,929.0,930.73,33895.798,31684047.30466
2025-11-15 12:00:00,930.73,938.11,929.1,936.57,18518.814,17324508.00478
2025-11-15 16:00:00,936.57,945.22,931.1,941.33,22920.588,21530302.80004
2025-11-15 20:00:00,941.33,941.57,926.01,932.28,19261.736,17961376.72893
2025-11-16 00:00:00,932.27,941.61,921.49,941.21,28123.223,26208889.18234
2025-11-16 04:00:00,941.2,948.23,937.89,943.47,21733.914,20502082.15442
2025-11-16 08:00:00,943.48,949.77,930.32,931.79,31695.816,29895110.13604
2025-11-16 12:00:00,931.8,939.23,922.2,923.62,45552.988,42448587.67538
2025-11-16 16:00:00,923.62,930.45,908.16,919.93,76406.408,70217427.60585
2025-11-16 20:00:00,919.94,931.82,910.15,926.56,48645.528,44715047.18887
2025-11-17 00:00:00,926.59,939.55,919.61,934.52,46999.858,43766643.72937
2025-11-17 04:00:00,934.52,937.79,930.01,935.28,26149.733,24417434.22087
2025-11-17 08:00:00,935.28,938.65,931.3,933.45,21265.455,19891886.57144
2025-11-17 12:00:00,933.45,934.63,899.95,911.89,103611.973,94902513.60153
2025-11-17 16:00:00,911.9,922.01,893.39,897.39,83479.024,75789719.59959
2025-11-17 20:00:00,897.39,911.03,891.72,907.36,51385.813,46366080.58156
2025-11-18 00:00:00,907.36,918.75,884.4,903.4,120561.015,108979112.81485
2025-11-18 04:00:00,903.4,913.61,892.75,910.33,67949.071,61518957.94794
2025-11-18 08:00:00,910.33,925.0,909.93,915.46,46510.282,42659404.24587
2025-11-18 12:00:00,915.47,927.44,910.42,926.11,49301.509,45341178.69916
2025-11-18 16:00:00,926.1,939.99,924.18,935.8,54440.773,50892822.86719
2025-11-18 20:00:00,935.8,937.2,928.5,932.79,18512.808,17272375.18076
2025-11-19 00:00:00,932.79,941.06,924.78,932.26,33861.192,31612419.94836
2025-11-19 04:00:00,932.27,932.88,912.9,931.12,41521.555,38341558.35274
2025-11-19 08:00:00,931.12,934.0,919.32,921.62,26067.508,24112178.13011
2025-11-19 12:00:00,921.61,925.44,892.68,894.73,62100.004,56476344.56521
2025-11-19 16:00:00,894.72,899.56,872.38,878.9,84300.586,74486046.73271
2025-11-19 20:00:00,878.9,901.41,876.4,897.77,48507.429,43279389.12909
2025-11-20 00:00:00,897.78,917.0,893.8,910.06,51358.968,46626435.87297
2025-11-20 04:00:00,910.06,914.6,899.39,907.85,34543.398,31321353.00126
2025-11-20 08:00:00,907.85,908.87,896.67,902.31,22957.814,20709634.41053
2025-11-20 12:00:00,902.3,909.0,888.95,889.96,52579.771,47222182.93437
2025-11-20 16:00:00,889.97,890.56,868.3,880.44,92928.993,81545773.49851
2025-11-20 20:00:00,880.44,883.61,865.57,866.51,47434.037,41607293.99032
2025-11-21 00:00:00,866.51,877.33,855.45,863.36,65045.639,56339059.41766
2025-11-21 04:00:00,863.35,867.0,807.24,832.03,161303.164,135889735.07148
2025-11-21 08:00:00,832.03,839.92,802.55,809.08,161139.212,132121377.70557
2025-11-21 12:00:00,809.08,831.47,790.79,813.67,151327.344,123190836.95522
2025-11-21 16:00:00,813.67,836.36,808.03,825.55,74771.145,61659023.4412
2025-11-21 20:00:00,825.54,836.27,813.85,830.46,40899.545,33779185.39238
2025-11-22 00:00:00,830.47,842.93,830.1,836.41,34082.243,28517875.18612
2025-11-22 04:00:00,836.41,837.47,819.58,831.79,33066.206,27359298.22833
2025-11-22 08:00:00,831.8,832.66,813.77,825.6,41679.665,34208940.77249
2025-11-22 12:00:00,825.6,828.88,815.26,823.22,23979.052,19706366.55242
2025-11-22 16:00:00,823.21,834.18,822.91,832.91,17174.514,14245319.2087
2025-11-22 20:00:00,832.91,841.86,825.92,833.78,17243.94,14389466.28615
2025-11-23 00:00:00,833.78,850.2,833.28,846.85,41608.321,35071646.39687
2025-11-23 04:00:00,846.85,854.49,836.62,841.18,36332.617,30737330.51978
2025-11-23 08:00:00,841.19,846.87,838.83,842.58,17845.817,15039372.327
2025-11-23 12:00:00,842.59,851.86,842.35,849.9,24500.312,20765034.36408
2025-11-23 16:00:00,849.9,853.2,843.15,849.79,28261.608,23959346.32152
2025-11-23 20:00:00,849.78,855.46,842.26,843.6,18975.502,16131560.86001
2025-11-24 00:00:00,843.6,853.08,836.08,849.51,47469.954,40083587.89385
2025-11-24 04:00:00,849.51,858.4,838.73,853.88,42397.787,36076771.53793
2025-11-24 08:00:00,853.88,856.7,840.5,842.64,29293.994,24810287.83972
2025-11-24 12:00:00,842.63,848.31,830.01,844.5,48134.006,40391399.1898
2025-11-24 16:00:00,844.49,871.24,844.21,868.58,50790.266,43737735.31362
2025-11-24 20:00:00,868.58,876.3,863.24,864.92,30378.795,26411837.25044
2025-11-25 00:00:00,864.9,867.0,856.6,860.74,25037.456,21589977.75226
2025-11-25 04:00:00,860.74,865.0,855.49,855.82,28148.533,24245144.28201
2025-11-25 08:00:00,855.82,859.59,846.81,850.65,28107.232,23969701.30172
2025-11-25 12:00:00,850.65,856.2,837.47,846.3,34986.425,29642550.01269
2025-11-25 16:00:00,846.31,861.83,845.44,855.28,25900.71,22129168.71267
2025-11-25 20:00:00,855.29,867.66,851.1,862.57,16570.503,14246838.64966
2025-11-26 00:00:00,862.58,869.98,859.14,860.11,17168.855,14853038.03777
2025-11-26 04:00:00,860.11,862.86,857.43,860.44,14131.996,12160250.07118
2025-11-26 08:00:00,860.45,860.85,852.72,857.77,17708.419,15169185.86187
2025-11-26 12:00:00,857.78,868.21,851.72,865.0,30485.884,26244497.12539
2025-11-26 16:00:00,865.0,897.25,864.96,896.55,57588.91,50890665.93383
2025-11-26 20:00:00,896.55,897.0,889.29,891.78,22565.328,20142716.86768
2025-11-27 00:00:00,891.77,904.86,889.25,895.64,44626.617,40027663.65373
2025-11-27 04:00:00,895.63,899.21,890.81,893.72,22671.261,20281148.02587
2025-11-27 08:00:00,893.72,895.98,889.71,892.58,21273.223,18985337.44043
2025-11-27 12:00:00,892.58,894.22,883.8,893.2,26071.407,23167578.96208
2025-11-27 16:00:00,893.21,898.67,890.17,896.39,15717.46,14056983.04757
2025-11-27 20:00:00,896.39,898.71,890.77,895.74,10889.116,9754363.34257
2025-11-28 00:00:00,895.75,899.8,889.04,892.59,23955.272,21418564.51308
2025-11-28 04:00:00,892.6,898.11,881.6,882.47,24229.14,21587486.69527
2025-11-28 08:00:00,882.46,898.52,882.42,891.81,30522.588,27230571.68274
2025-11-28 12:00:00,891.8,906.5,887.2,902.0,39092.352,35090994.86933
2025-11-28 16:00:00,902.0,902.33,876.15,886.29,40933.011,36201173.01415
2025-11-28 20:00:00,886.28,890.46,883.1,887.19,16111.314,14293250.77904
2025-11-29 00:00:00,887.2,889.0,883.47,884.14,9266.638,8210020.06825
2025-11-29 04:00:00,884.13,884.84,876.46,879.06,20049.553,17664381.37538
2025-11-29 08:00:00,879.07,882.25,877.49,878.56,11412.749,10037470.94503
2025-11-29 12:00:00,878.56,882.0,875.22,880.93,13858.102,12168506.34859
2025-11-29 16:00:00,880.92,881.76,868.25,873.1,20084.97,17558139.19491
2025-11-29 20:00:00,873.09,875.66,870.6,872.9,5387.92,4706302.74673
2025-11-30 00:00:00,872.9,878.94,869.56,875.59,8799.637,7697157.80864
2025-11-30 04:00:00,875.6,876.95,870.13,874.78,8109.893,7082241.50951
2025-11-30 08:00:00,874.79,879.69,874.4,876.72,11745.988,10306712.87271
2025-11-30 12:00:00,876.72,897.89,875.7,893.99,41331.25,36795732.91682
2025-11-30 16:00:00,894.0,899.75,892.85,894.99,15218.996,13642518.07116
2025-11-30 20:00:00,895.0,897.0,874.2,875.31,21024.823,18653865.78102
2025-12-01 00:00:00,875.3,877.12,827.59,829.4,113470.535,95786009.33529
2025-12-01 04:00:00,829.39,832.97,820.73,832.43,44794.959,36989444.10919
2025-12-01 08:00:00,832.44,833.39,823.0,824.86,53903.818,44570759.81113
2025-12-01 12:00:00,824.86,826.39,801.7,811.85,77863.22,63512051.45622
2025-12-01 16:00:00,811.86,818.86,808.41,814.7,26273.019,21363850.22356
2025-12-01 20:00:00,814.69,832.32,814.61,826.61,26440.834,21777525.09921
2025-12-02 00:00:00,826.6,834.0,820.46,828.38,27989.896,23181997.19915
2025-12-02 04:00:00,828.39,833.0,828.2,830.94,19969.823,16591011.17987
2025-12-02 08:00:00,830.93,845.3,825.25,843.23,42653.005,35598012.45627
2025-12-02 12:00:00,843.23,875.6,839.74,871.4,72527.983,62263717.0634
2025-12-02 16:00:00,871.39,885.0,865.23,882.58,44604.987,39095937.06366
2025-12-02 20:00:00,882.57,882.9,872.6,876.61,25403.986,22304030.06544
2025-12-03 00:00:00,876.6,889.56,873.6,887.82,32395.087,28642460.37922
2025-12-03 04:00:00,887.81,910.57,887.37,896.55,56682.861,50980125.4844
2025-12-03 08:00:00,896.55,901.59,893.57,898.92,21290.827,19097044.25975
2025-12-03 12:00:00,898.92,906.19,887.79,897.2,54770.574,49197898.60723
2025-12-03 16:00:00,897.2,908.0,892.85,906.99,24419.941,22030291.84625
2025-12-03 20:00:00,906.99,922.63,905.0,920.76,37750.639,34551428.47436
2025-12-04 00:00:00,920.77,928.24,914.89,916.8,41758.73,38513837.80246
2025-12-04 04:00:00,916.81,919.12,906.3,910.79,28830.444,26284588.48814
2025-12-04 08:00:00,910.79,913.17,907.07,908.88,16205.431,14747911.86327
2025-12-04 12:00:00,908.88,916.13,901.78,910.76,27564.679,25004626.16831
2025-12-04 16:00:00,910.76,912.43,886.79,898.52,36222.626,32610886.6539
2025-12-04 20:00:00,898.52,904.18,896.0,899.92,15197.653,13674973.68786
2025-12-05 00:00:00,899.92,907.06,899.4,901.81,11131.427,10057604.68321
2025-12-05 04:00:00,901.8,907.92,898.37,901.65,15682.532,14154160.67098
2025-12-05 08:00:00,901.64,902.32,889.53,894.09,21814.714,19514545.2689
2025-12-05 12:00:00,894.09,900.18,884.59,888.87,36541.041,32565844.87968
2025-12-05 16:00:00,888.86,889.39,870.18,883.69,42934.256,37774806.32126
2025-12-05 20:00:00,883.69,885.15,878.5,883.57,9390.029,8280033.01726
2025-12-06 00:00:00,883.57,888.52,881.11,887.54,11469.471,10149229.2724
2025-12-06 04:00:00,887.53,888.1,881.8,884.76,9208.492,8142864.21134
2025-12-06 08:00:00,884.76,885.1,878.01,883.58,11977.99,10567557.39126
2025-12-06 12:00:00,883.58,896.91,883.17,890.28,21139.42,18805178.19922
2025-12-06 16:00:00,890.29,897.9,888.15,889.57,16913.644,15099212.21222
2025-12-06 20:00:00,889.57,895.73,889.3,890.38,10580.964,9447242.92214
2025-12-07 00:00:00,890.38,898.22,889.84,897.92,10462.168,9359137.30761
2025-12-07 04:00:00,897.92,898.0,891.0,891.52,10095.101,9030819.65727
2025-12-07 08:00:00,891.52,893.39,886.57,887.88,14164.964,12598560.19222
2025-12-07 12:00:00,887.88,893.89,870.23,890.3,45661.029,40223777.75513
2025-12-07 16:00:00,890.3,906.0,886.6,903.8,31166.511,27992390.10958
2025-12-07 20:00:00,903.8,905.21,881.08,894.37,20339.041,18162258.69308
2025-12-08 00:00:00,894.38,909.68,891.12,902.01,20357.301,18353143.75482
2025-12-08 04:00:00,902.02,905.84,900.42,903.1,15272.644,13788916.15682
2025-12-08 08:00:00,903.1,912.65,902.62,905.93,17934.211,16289277.48109
2025-12-08 12:00:00,905.93,913.29,896.33,896.56,33966.033,30760509.12059
2025-12-08 16:00:00,896.57,900.81,888.93,894.78,20898.369,18710007.04674
2025-12-08 20:00:00,894.78,905.0,894.75,897.12,12925.502,11633564.99449
2025-12-09 00:00:00,897.13,899.74,888.16,894.04,16455.728,14700074.14806
2025-12-09 04:00:00,894.05,896.26,884.54,889.16,23423.253,20823660.92392
2025-12-09 08:00:00,889.18,889.19,883.58,887.16,20480.707,18158906.24043
2025-12-09 12:00:00,887.17,908.9,881.78,907.67,43695.458,39040799.9425
2025-12-09 16:00:00,907.67,928.0,907.67,914.21,76667.15,70477370.26933
2025-12-09 20:00:00,914.21,914.4,893.97,897.3,28923.277,26135229.24122
2025-12-10 00:00:00,897.3,898.96,887.26,890.51,34019.047,30354008.62541
2025-12-10 04:00:00,890.51,897.05,889.1,894.19,20188.233,18022035.68998
2025-12-10 08:00:00,894.2,896.16,884.53,886.67,27894.594,24826347.51209
2025-12-10 12:00:00,886.67,892.6,884.27,891.4,26809.368,23840460.23311
2025-12-10 16:00:00,891.39,905.17,889.73,901.95,42232.198,37916131.44688
2025-12-10 20:00:00,901.96,915.0,890.72,893.43,35189.581,31734577.84234
2025-12-11 00:00:00,893.43,894.7,861.46,868.19,53522.898,46759622.69153
2025-12-11 04:00:00,868.19,873.86,864.84,866.88,26940.162,23427730.03709
2025-12-11 08:00:00,866.87,869.0,862.25,866.61,22144.007,19171005.43379
2025-12-11 12:00:00,866.6,870.9,859.54,865.91,32556.221,28180662.33574
2025-12-11 16:00:00,865.9,881.21,861.09,876.05,22767.139,19854194.31817
2025-12-11 20:00:00,876.05,891.5,875.83,885.91,24546.437,21721372.35293
2025-12-12 00:00:00,885.92,896.07,880.0,892.42,20301.545,18033763.28991
2025-12-12 04:00:00,892.41,894.15,886.27,889.25,16357.61,14560696.82243
2025-12-12 08:00:00,889.26,889.48,883.5,886.09,16792.455,14881773.41497
2025-12-12 12:00:00,886.08,892.31,872.37,874.18,29376.497,25981626.73262
2025-12-12 16:00:00,874.18,882.11,870.58,877.35,21523.199,18864583.67825
2025-12-12 20:00:00,877.35,882.66,875.2,881.58,6289.16,5529711.17546
2025-12-13 00:00:00,881.59,887.63,880.32,887.35,11162.182,9856283.07484
2025-12-13 04:00:00,887.34,889.2,883.7,886.21,11074.25,9813765.92038
2025-12-13 08:00:00,886.2,894.26,885.8,892.11,17323.383,15423101.6041
2025-12-13 12:00:00,892.1,899.99,886.94,898.92,25761.366,23041981.21271
2025-12-13 16:00:00,898.92,904.22,891.2,893.49,19283.434,17323397.17146
2025-12-13 20:00:00,893.48,897.36,889.49,896.82,7796.439,6972864.02344
2025-12-14 00:00:00,896.82,899.5,894.26,895.55,10026.819,8990303.27869
2025-12-14 04:00:00,895.55,896.77,892.11,896.18,10764.571,9625022.95753
2025-12-14 08:00:00,896.19,898.68,884.12,888.77,20898.951,18650653.68837
2025-12-14 12:00:00,888.78,894.73,883.04,886.51,23991.956,21330904.87598
2025-12-14 16:00:00,886.52,888.5,880.77,883.31,17986.443,15896410.01136
2025-12-14 20:00:00,883.31,884.9,870.11,877.27,27245.288,23949084.0137
2025-12-15 00:00:00,877.27,895.42,876.31,888.96,25016.568,22163235.91802
2025-12-15 04:00:00,888.95,891.6,886.6,889.38,16299.868,14486551.9758
2025-12-15 08:00:00,889.38,893.32,887.12,887.76,19627.634,17470486.2335
2025-12-15 12:00:00,887.75,890.2,852.0,859.14,71042.976,61699357.69502
2025-12-15 16:00:00,859.13,859.95,840.75,849.95,55523.856,47239050.62395
2025-12-15 20:00:00,849.95,859.09,844.7,858.6,23356.969,19912431.41296
2025-12-16 00:00:00,858.61,858.75,850.57,855.45,22790.773,19485613.68701
2025-12-16 04:00:00,855.46,865.9,847.0,859.57,33887.918,29029758.9028
2025-12-16 08:00:00,859.58,866.25,857.03,865.8,24580.999,21172132.76232
2025-12-16 12:00:00,865.8,878.44,858.56,876.65,73754.17,64067499.78373
2025-12-16 16:00:00,876.64,876.66,866.26,870.37,50489.28,43979808.82951
2025-12-16 20:00:00,870.36,875.78,869.1,875.63,35332.196,30817208.91668
2025-12-17 00:00:00,875.64,875.75,862.0,863.43,35811.366,31089939.51932
2025-12-17 04:00:00,863.44,871.13,855.55,868.06,63123.003,54528881.85926
2025-12-17 08:00:00,868.07,868.07,855.41,859.82,64228.017,55340636.9118
2025-12-17 12:00:00,859.84,876.16,852.74,853.78,121657.932,105045132.73325
2025-12-17 16:00:00,853.77,857.96,833.39,840.8,76305.52,64401849.67037
2025-12-17 20:00:00,840.8,844.9,836.74,843.07,16947.371,14259034.0562
2025-12-18 00:00:00,843.07,846.76,833.2,836.7,35716.381,30060761.71297
2025-12-18 04:00:00,836.69,839.5,830.12,833.72,45122.9,37640220.54303
2025-12-18 08:00:00,833.72,841.73,832.78,839.72,57688.688,48304034.10171
2025-12-18 12:00:00,839.73,853.49,837.31,848.22,118751.35,100313692.53832
2025-12-18 16:00:00,848.22,848.93,818.39,820.53,125254.634,104179059.42079
2025-12-18 20:00:00,820.52,831.91,820.19,830.07,49490.925,40955007.87058
2025-12-19 00:00:00,830.08,841.93,822.38,837.66,71548.362,59410438.34819
2025-12-19 04:00:00,837.67,850.22,835.51,843.15,166882.292,140427857.47473
2025-12-19 08:00:00,843.15,849.48,842.15,849.1,901756.752,761739891.42151
2025-12-19 12:00:00,849.11,855.0,843.6,846.6,34448.794,29205734.12966
2025-12-19 16:00:00,846.61,857.99,843.6,856.15,31370.003,26655601.80402
2025-12-19 20:00:00,856.15,862.33,854.23,856.17,21340.754,18296236.99467
2025-12-20 00:00:00,856.17,859.7,852.39,858.41,10760.073,9209981.82322
2025-12-20 04:00:00,858.41,858.59,852.18,853.85,14736.051,12591250.39141
2025-12-20 08:00:00,853.84,856.33,850.95,853.57,10039.994,8566521.56561
2025-12-20 12:00:00,853.56,853.97,850.9,853.97,10911.881,9301899.70477
2025-12-20 16:00:00,853.97,854.6,852.54,853.05,4159.501,3550467.02879
2025-12-20 20:00:00,853.05,855.12,851.01,854.17,6407.632,5464973.88668
2025-12-21 00:00:00,854.17,855.21,846.84,850.3,9237.19,7857559.84738
2025-12-21 04:00:00,850.31,850.81,848.2,849.89,8049.558,6838266.58767
2025-12-21 08:00:00,849.88,859.91,848.99,856.79,13717.77,11734442.81703
2025-12-21 12:00:00,856.78,859.5,845.5,848.59,21426.204,18230970.69628
2025-12-21 16:00:00,848.59,856.66,846.4,855.69,11133.813,9492649.11637
2025-12-21 20:00:00,855.7,859.63,851.2,858.64,6422.282,5496922.17172
2025-12-22 00:00:00,858.63,867.84,850.85,856.0,21362.097,18352350.88647
2025-12-22 04:00:00,856.01,861.04,855.14,858.69,18013.387,15469039.12424
2025-12-22 08:00:00,858.69,868.22,858.5,865.4,46627.397,40290455.57357
2025-12-22 12:00:00,865.4,871.0,861.77,867.75,26552.6,23005174.02042
2025-12-22 16:00:00,867.76,869.16,857.0,857.6,20559.279,17776657.63022
2025-12-22 20:00:00,857.6,861.18,853.5,858.66,14161.228,12132812.23058
2025-12-23 00:00:00,858.67,861.46,852.23,857.27,12228.493,10482833.09762
2025-12-23 04:00:00,857.27,857.8,847.06,848.61,19768.002,16827883.59528
2025-12-23 08:00:00,848.6,853.29,847.97,852.97,11762.385,10000017.03013
2025-12-23 12:00:00,852.97,852.98,838.24,844.17,29624.003,25041587.80652
2025-12-23 16:00:00,844.17,850.23,839.0,841.44,21087.091,17814087.25257
2025-12-23 20:00:00,841.43,847.66,840.2,844.3,9424.9,7948431.74465
2025-12-24 00:00:00,844.3,847.8,836.29,840.75,13103.304,11024685.38767
2025-12-24 04:00:00,840.75,842.52,836.21,838.0,17856.363,14986917.03224
2025-12-24 08:00:00,838.0,839.63,835.21,837.99,17665.761,14790662.63811
2025-12-24 12:00:00,837.99,843.26,835.63,841.2,15119.026,12693959.69611
2025-12-24 16:00:00,841.2,849.0,839.9,847.78,13476.381,11387233.01416
2025-12-24 20:00:00,847.79,850.0,846.19,846.58,7696.946,6530414.3762
2025-12-25 00:00:00,846.57,847.99,843.94,844.95,6395.533,5410621.24036
2025-12-25 04:00:00,844.96,845.28,842.0,843.29,8160.447,6881014.38915
2025-12-25 08:00:00,843.29,844.53,835.3,837.6,13228.12,11102617.01249
2025-12-25 12:00:00,837.6,844.69,835.11,842.53,14980.284,12568273.63815
2025-12-25 16:00:00,842.52,842.96,839.75,841.35,10186.889,8572157.81681
2025-12-25 20:00:00,841.35,843.5,826.81,829.64,19825.814,16532332.20629
2025-12-26 00:00:00,829.63,844.8,828.0,840.77,28977.275,24239351.52561
2025-12-26 04:00:00,840.77,847.16,837.44,840.88,14830.72,12496341.89833
2025-12-26 08:00:00,840.89,843.16,838.86,839.26,15286.824,12859036.23732
2025-12-26 12:00:00,839.27,843.4,821.21,828.93,36367.94,30216623.6796
2025-12-26 16:00:00,828.94,834.9,827.96,832.83,16057.631,13356105.36031
2025-12-26 20:00:00,832.83,838.19,832.02,834.72,8712.396,7276415.83364
2025-12-27 00:00:00,834.72,836.5,834.0,836.2,7300.265,6098559.02726
2025-12-27 04:00:00,836.2,843.09,834.15,840.57,15322.353,12851055.454
2025-12-27 08:00:00,840.56,843.42,837.62,840.96,37401.544,31440748.25218
2025-12-27 12:00:00,840.97,841.53,838.47,840.9,13993.989,11756881.28961
2025-12-27 16:00:00,840.9,841.77,839.44,840.95,6325.176,5316576.9059
2025-12-27 20:00:00,840.95,846.54,839.79,845.04,9539.039,8041844.32834
2025-12-28 00:00:00,845.05,845.68,839.2,841.6,9512.777,8010067.08696
2025-12-28 04:00:00,841.61,844.2,841.4,843.92,8963.126,7558321.72671
2025-12-28 08:00:00,843.92,857.0,843.92,854.6,22100.775,18794217.03488
2025-12-28 12:00:00,854.61,863.4,854.6,860.58,21479.105,18426218.64553
2025-12-28 16:00:00,860.57,867.22,858.81,859.68,20352.352,17558503.75335
2025-12-28 20:00:00,859.68,862.37,856.84,859.32,9193.851,7898217.2368
2025-12-29 00:00:00,859.32,872.12,858.71,869.19,29030.762,25159299.27749
2025-12-29 04:00:00,869.2,871.66,858.8,860.58,23072.611,19940586.17488
2025-12-29 08:00:00,860.58,861.79,847.55,853.04,27299.059,23338314.68832
2025-12-29 12:00:00,853.05,855.4,846.0,853.6,27400.463,23336738.17716
2025-12-29 16:00:00,853.59,855.69,850.0,853.03,14001.161,11945854.04884
2025-12-29 20:00:00,853.03,855.04,851.43,852.46,6347.391,5416298.11656
2025-12-30 00:00:00,852.46,853.5,848.7,852.5,8009.531,6816851.24139
2025-12-30 04:00:00,852.5,854.89,850.38,853.75,8925.111,7610639.18776
2025-12-30 08:00:00,853.75,859.76,853.75,854.8,15274.663,13081441.43263
2025-12-30 12:00:00,854.8,864.05,854.61,862.78,21602.347,18574829.30364
2025-12-30 16:00:00,862.79,863.06,857.35,859.79,12085.801,10393259.64983
2025-12-30 20:00:00,859.79,863.06,858.33,861.65,7335.594,6314966.07685
2025-12-31 00:00:00,861.66,863.0,857.69,859.29,7583.481,6524835.33568
2025-12-31 04:00:00,859.29,868.0,858.99,867.99,36435.919,31470843.61453
2025-12-31 08:00:00,867.99,869.35,864.95,869.2,21051.516,18259951.25913
2025-12-31 12:00:00,869.19,877.29,860.53,863.3,45328.072,39349771.39517
2025-12-31 16:00:00,863.3,864.81,857.88,864.32,23389.056,20172286.19089
2025-12-31 20:00:00,864.31,866.56,860.84,864.3,16206.574,14001449.27484
2026-01-01 00:00:00,864.31,874.51,863.79,869.16,21044.853,18315686.61227
2026-01-01 04:00:00,869.15,869.21,859.2,859.52,19240.256,16615590.15337
2026-01-01 08:00:00,859.52,861.97,858.98,861.59,9032.058,7775696.58267
2026-01-01 12:00:00,861.6,861.6,856.14,859.36,13427.04,11526838.13929
2026-01-01 16:00:00,859.36,861.77,857.22,861.56,8959.233,7701250.51509
2026-01-01 20:00:00,861.57,864.65,860.16,864.39,9010.222,7770115.29349
2026-01-02 00:00:00,864.4,867.17,859.64,865.79,13915.019,12017716.81719
2026-01-02 04:00:00,865.8,867.97,863.08,864.9,15159.541,13121765.04338
2026-01-02 08:00:00,864.89,874.38,864.89,869.51,22093.491,19221313.67199
2026-01-02 12:00:00,869.52,882.37,865.26,877.99,33624.126,29408929.67751
2026-01-02 16:00:00,878.0,891.14,877.47,880.55,34905.512,30877774.37121
2026-01-02 20:00:00,880.55,885.63,878.53,881.25,9374.053,8271388.06335
2026-01-03 00:00:00,881.25,884.24,875.14,879.2,15144.254,13309544.13232
2026-01-03 04:00:00,879.2,880.12,868.65,873.0,19866.371,17379862.56345
2026-01-03 08:00:00,873.0,875.62,871.58,874.24,12504.665,10929612.66375
2026-01-03 12:00:00,874.24,877.54,871.6,873.44,17977.215,15730453.54969
2026-01-03 16:00:00,873.44,877.3,873.43,876.4,7921.329,6939918.58163
2026-01-03 20:00:00,876.41,880.0,875.5,878.63,6551.371,5753267.55076
2026-01-04 00:00:00,878.64,883.71,878.47,883.14,15343.649,13525899.43661
2026-01-04 04:00:00,883.13,890.84,882.84,884.66,26352.251,23374334.17671
2026-01-04 08:00:00,884.67,887.39,882.58,884.88,13162.733,11655232.21191
2026-01-04 12:00:00,884.88,890.0,883.59,889.3,14327.791,12711523.48856
2026-01-04 16:00:00,889.3,902.85,889.29,892.53,38734.448,34723892.58421
2026-01-04 20:00:00,892.52,897.65,892.41,895.43,10766.235,9635271.95729
2026-01-05 00:00:00,895.43,906.91,894.73,900.02,32277.447,29100730.43904
2026-01-05 04:00:00,900.02,900.68,890.59,899.2,21712.66,19441820.66558
2026-01-05 08:00:00,899.2,909.0,895.6,908.89,23921.654,21583607.46161
2026-01-05 12:00:00,908.89,908.91,900.49,906.46,24314.355,21999037.91951
2026-01-05 16:00:00,906.46,914.0,901.31,911.12,22275.03,20197659.34178
2026-01-05 20:00:00,911.12,916.55,908.96,910.31,15851.639,14469117.21217
2026-01-06 00:00:00,910.31,911.63,904.83,908.14,15841.255,14379725.43805
2026-01-06 04:00:00,908.15,910.11,902.96,904.71,19375.765,17566755.79171
2026-01-06 08:00:00,904.71,914.92,904.52,913.13,15559.14,14170900.16729
2026-01-06 12:00:00,913.13,923.93,911.54,919.1,53413.814,49085570.09535
2026-01-06 16:00:00,919.1,920.68,891.66,901.2,38765.03,35065776.06599
2026-01-06 20:00:00,901.19,919.78,901.03,917.64,23942.185,21844085.60888
2026-01-07 00:00:00,917.64,919.25,904.58,909.84,18852.09,17166827.46518
2026-01-07 04:00:00,909.85,918.99,909.07,918.82,19158.88,17523032.83122
2026-01-07 08:00:00,918.81,920.27,908.2,910.44,56286.517,51391714.44101
2026-01-07 12:00:00,910.44,910.99,895.11,899.43,31662.888,28583833.26742
2026-01-07 16:00:00,899.44,901.95,892.64,897.12,14078.974,12641803.45035
2026-01-07 20:00:00,897.12,901.05,894.01,900.3,8612.441,7736544.32337
2026-01-08 00:00:00,900.31,905.0,892.38,893.61,15196.293,13658656.63743
2026-01-08 04:00:00,893.62,897.68,875.1,885.02,42311.827,37447341.34014
2026-01-08 08:00:00,885.02,887.89,879.28,886.77,22250.475,19683427.54475
2026-01-08 12:00:00,886.77,889.24,877.7,888.92,26874.549,23757901.1191
2026-01-08 16:00:00,888.92,891.71,885.69,888.32,16374.724,14558432.99046
2026-01-08 20:00:00,888.32,894.63,885.32,892.26,11514.887,10255052.83023
2026-01-09 00:00:00,892.27,896.56,887.91,895.8,13532.968,12080892.40923
2026-01-09 04:00:00,895.81,899.0,893.66,893.66,8919.155,7993680.02476
2026-01-09 08:00:00,893.67,894.5,886.2,889.64,14219.233,12660726.82074
2026-01-09 12:00:00,889.63,900.22,885.28,894.77,24722.784,22040399.55368
2026-01-09 16:00:00,894.77,901.06,890.94,893.34,13942.441,12502438.94719
2026-01-09 20:00:00,893.33,898.25,891.94,896.86,6244.786,5593038.50129
2026-01-10 00:00:00,896.87,908.0,896.81,907.31,20568.908,18549104.64305
2026-01-10 04:00:00,907.31,910.22,903.05,905.37,19150.01,17369685.77145
2026-01-10 08:00:00,905.38,906.43,898.98,900.47,19272.135,17386437.74965
2026-01-10 12:00:00,900.47,910.82,899.13,908.78,22202.25,20085273.37992
2026-01-10 16:00:00,908.79,915.86,906.89,913.93,25640.876,23343908.44449
2026-01-10 20:00:00,913.94,915.91,902.23,907.93,18078.314,16409419.41429
2026-01-11 00:00:00,907.93,914.11,904.3,913.2,13812.914,12554010.07825
2026-01-11 04:00:00,913.21,916.3,910.69,913.55,17935.729,16377011.69392
2026-01-11 08:00:00,913.55,917.33,911.62,912.05,15847.022,14485686.38606
2026-01-11 12:00:00,912.06,915.38,906.29,908.64,24216.71,22068682.2321
2026-01-11 16:00:00,908.64,911.17,903.5,904.45,14826.627,13458777.58515
2026-01-11 20:00:00,904.45,905.31,898.75,904.32,11982.079,10811527.37775
2026-01-12 00:00:00,904.32,910.81,896.85,905.27,29339.481,26577162.36006
2026-01-12 04:00:00,905.28,910.21,903.97,904.81,16449.507,14927839.87453
2026-01-12 08:00:00,904.82,908.3,898.26,901.28,18144.889,16373476.74984
2026-01-12 12:00:00,901.27,905.22,894.0,904.28,21588.505,19433970.50886
2026-01-12 16:00:00,904.28,909.11,900.0,907.79,13374.901,12115071.59771
2026-01-12 20:00:00,907.78,908.31,901.22,905.78,9624.89,8713004.92459
2026-01-13 00:00:00,905.79,907.86,902.25,906.36,15128.291,13689651.74742
2026-01-13 04:00:00,906.36,914.98,906.35,910.05,31542.253,28739553.79538
2026-01-13 08:00:00,910.05,912.2,907.52,907.68,94132.528,85644249.8441
2026-01-13 12:00:00,907.69,916.6,906.18,916.47,36012.131,32815858.57967
2026-01-13 16:00:00,916.47,945.55,916.38,941.5,78320.053,72909782.3235
2026-01-13 20:00:00,941.5,952.96,940.0,943.73,56779.741,53738565.20453
2026-01-14 00:00:00,943.73,954.68,943.64,950.13,39897.992,37862955.16398
2026-01-14 04:00:00,950.14,952.2,934.67,937.45,33053.637,31121466.30502
2026-01-14 08:00:00,937.45,938.92,928.5,928.79,24800.902,23183080.79689
2026-01-14 12:00:00,928.78,946.24,928.53,942.03,35926.368,33707815.07662
2026-01-14 16:00:00,942.03,947.57,938.25,943.78,30892.589,29156180.69285
2026-01-14 20:00:00,943.79,949.85,943.2,948.47,18637.21,17645172.99489
2026-01-15 00:00:00,948.48,948.85,929.05,931.89,35679.044,33427626.17049
2026-01-15 04:00:00,931.9,940.09,931.41,939.14,17679.776,16551348.07606
2026-01-15 08:00:00,939.13,942.96,937.66,938.09,14257.754,13407911.73604
2026-01-15 12:00:00,938.1,945.71,930.23,937.64,30102.908,28238619.89579
2026-01-15 16:00:00,937.63,942.62,925.01,928.07,22789.135,21260760.78924
2026-01-15 20:00:00,928.07,933.55,924.05,931.2,10692.851,9932086.30715
2026-01-16 00:00:00,931.21,933.98,929.22,929.59,9518.555,8868005.29189
2026-01-16 04:00:00,929.6,936.13,927.16,934.04,15999.441,14911291.89996
2026-01-16 08:00:00,934.05,938.56,931.99,935.38,12838.551,12011340.74689
2026-01-16 12:00:00,935.38,937.46,923.69,926.97,20886.666,19446218.77056
2026-01-16 16:00:00,926.97,932.36,926.53,931.36,9459.873,8797960.60697
2026-01-16 20:00:00,931.36,939.43,928.71,938.16,8767.297,8203292.87473
2026-01-17 00:00:00,938.17,940.03,935.54,937.65,9383.812,8797236.39526
2026-01-17 04:00:00,937.65,939.08,935.5,935.9,8392.618,7864833.89909
2026-01-17 08:00:00,935.9,944.51,935.65,942.93,12855.751,12098635.8558
2026-01-17 12:00:00,942.92,959.52,941.43,955.37,28646.576,27188118.41765
2026-01-17 16:00:00,955.37,956.0,949.1,952.5,15818.879,15066771.32011
2026-01-17 20:00:00,952.5,954.0,945.37,947.12,11089.695,10528531.13723
2026-01-18 00:00:00,947.11,951.13,943.14,950.4,12902.498,12220968.71871
2026-01-18 04:00:00,950.41,950.41,944.73,944.74,8501.18,8053176.66935
2026-01-18 08:00:00,944.73,947.38,943.81,946.79,10221.371,9664640.55107
2026-01-18 12:00:00,946.8,950.75,944.44,950.13,14302.353,13551923.07701
2026-01-18 16:00:00,950.14,953.33,948.68,949.7,8865.199,8429454.10971
2026-01-18 20:00:00,949.7,953.24,931.7,932.51,22055.649,20774870.64341
2026-01-19 00:00:00,932.51,932.51,901.0,925.18,92680.132,85010417.22202
2026-01-19 04:00:00,925.17,927.87,922.89,927.29,22206.767,20548291.18683
2026-01-19 08:00:00,927.29,929.8,924.49,928.23,23018.953,21344422.41623
2026-01-19 12:00:00,928.23,930.0,923.12,925.21,52537.789,48696832.94717
2026-01-19 16:00:00,925.22,929.03,924.86,926.56,9043.96,8383756.92708
2026-01-19 20:00:00,926.56,927.6,919.32,923.6,9952.959,9199109.36081
2026-01-20 00:00:00,923.6,933.13,923.5,927.63,20877.091,19386603.2553
2026-01-20 04:00:00,927.63,928.62,914.27,917.77,35743.215,32906679.98367
2026-01-20 08:00:00,917.77,917.89,908.66,912.68,19234.568,17568288.61747
2026-01-20 12:00:00,912.69,915.99,896.66,905.33,36885.818,33409092.55009
2026-01-20 16:00:00,905.33,908.5,887.24,895.7,25525.077,22860359.00075
2026-01-20 20:00:00,895.7,898.0,884.0,884.2,25494.46,22681480.40065
2026-01-21 00:00:00,884.19,884.2,867.0,881.44,43214.098,37888344.18441
2026-01-21 04:00:00,881.44,885.92,874.36,875.36,19895.11,17518153.14898
2026-01-21 08:00:00,875.36,876.2,870.0,870.78,31306.702,27349927.37935
2026-01-21 12:00:00,870.77,893.69,864.54,892.66,43250.267,38039276.23962
2026-01-21 16:00:00,892.67,892.94,865.75,889.83,43597.009,38154380.14634
2026-01-21 20:00:00,889.83,892.45,882.25,883.36,20355.035,18067035.28362
2026-01-22 00:00:00,883.35,894.28,883.35,891.43,16075.308,14317443.16051
2026-01-22 04:00:00,891.42,893.05,887.79,888.83,10580.387,9425694.55874
2026-01-22 08:00:00,888.82,897.58,888.69,892.93,24713.307,22099349.17783
2026-01-22 12:00:00,892.93,895.04,878.18,883.03,25648.463,22749049.38907
2026-01-22 16:00:00,883.03,888.95,881.81,888.35,10854.068,9612697.60213
2026-01-22 20:00:00,888.34,892.0,885.34,888.06,10914.939,9693120.31848
2026-01-23 00:00:00,888.06,892.37,887.63,891.55,13541.505,12056218.31707
2026-01-23 04:00:00,891.56,893.42,889.15,891.32,8783.062,7829910.67872
2026-01-23 08:00:00,891.33,891.76,885.69,887.36,17690.757,15728183.92818
2026-01-23 12:00:00,887.35,892.43,883.1,892.0,17798.532,15801034.19734
2026-01-23 16:00:00,892.01,904.99,889.98,893.72,29989.539,26887716.35141
2026-01-23 20:00:00,893.72,894.91,888.49,891.63,8332.215,7427941.18584
2026-01-24 00:00:00,891.62,894.24,889.33,892.9,11169.447,9953333.5483
2026-01-24 04:00:00,892.9,894.16,891.46,892.06,7377.056,6584425.05442
2026-01-24 08:00:00,892.06,893.98,891.2,892.57,7476.488,6670644.99893
2026-01-24 12:00:00,892.58,892.88,888.69,888.7,13096.691,11674837.44342
2026-01-24 16:00:00,888.7,890.34,886.53,888.12,8660.741,7691858.24871
2026-01-24 20:00:00,888.13,889.79,887.01,887.17,3492.14,3101894.69662
2026-01-25 00:00:00,887.18,887.75,880.1,881.24,12552.896,11098273.08613
2026-01-25 04:00:00,881.24,883.67,879.32,879.4,10167.517,8961202.29331
2026-01-25 08:00:00,879.4,883.25,877.14,880.52,14191.407,12496488.23998
2026-01-25 12:00:00,880.51,881.49,876.77,877.55,10411.09,9156739.64456
2026-01-25 16:00:00,877.55,877.69,856.0,858.86,50113.62,43421704.79672
2026-01-25 20:00:00,858.86,866.66,856.01,866.02,23343.696,20104408.14526
2026-01-26 00:00:00,866.02,875.98,864.91,868.21,26854.106,23389364.26101
2026-01-26 04:00:00,868.2,874.68,868.0,874.64,9426.046,8222708.01489
2026-01-26 08:00:00,874.63,877.83,869.4,873.12,15552.798,13578000.5438
2026-01-26 12:00:00,873.12,878.34,869.63,871.93,23813.248,20799702.87669
2026-01-26 16:00:00,871.94,879.13,868.68,874.4,17200.406,15031796.02058
2026-01-26 20:00:00,874.4,881.44,871.66,879.41,9854.1,8643878.94569
2026-01-27 00:00:00,879.41,886.08,876.2,884.92,20088.321,17733917.91993
2026-01-27 04:00:00,884.91,888.25,882.14,883.54,22700.764,20085793.24748
2026-01-27 08:00:00,883.54,885.11,876.88,880.43,23302.009,20530689.70382
2026-01-27 12:00:00,880.44,886.27,879.31,885.73,27009.489,23845620.82944
2026-01-27 16:00:00,885.73,897.72,884.9,891.88,32133.296,28662989.1842
2026-01-27 20:00:00,891.89,901.22,891.59,898.36,13295.76,11936517.44473
2026-01-28 00:00:00,898.35,900.99,894.41,896.84,16076.743,14422057.10301
2026-01-28 04:00:00,896.84,904.72,895.34,903.34,18713.152,16853257.3395
2026-01-28 08:00:00,903.34,909.43,902.27,907.69,20820.842,18855563.87462
2026-01-28 12:00:00,907.68,908.31,897.18,902.92,24059.38,21737877.62187
2026-01-28 16:00:00,902.91,907.06,897.83,904.0,22150.137,19979829.67814
2026-01-28 20:00:00,904.01,907.71,899.68,902.91,8452.986,7639798.82424
2026-01-29 00:00:00,902.92,904.98,893.2,896.54,17914.871,16098620.67928
2026-01-29 04:00:00,896.55,906.67,895.2,904.8,28146.094,25379919.63723
2026-01-29 08:00:00,904.8,905.8,893.23,894.28,75694.49,68241219.96191
2026-01-29 12:00:00,894.28,894.43,856.9,864.15,64773.982,56693347.19893
2026-01-29 16:00:00,864.15,870.36,852.81,860.4,60636.059,52215784.82404
2026-01-29 20:00:00,860.4,869.48,859.61,868.69,23063.19,19944163.9255
2026-01-30 00:00:00,868.69,869.77,835.55,845.7,93954.037,79625764.82054
2026-01-30 04:00:00,845.69,854.36,836.14,847.55,31938.077,27041769.78456
2026-01-30 08:00:00,847.56,848.05,833.08,842.79,31507.629,26447259.01171
2026-01-30 12:00:00,842.79,855.87,836.45,850.11,56514.457,47860537.8879
2026-01-30 16:00:00,850.1,855.9,831.83,854.24,49795.912,42146920.7147
2026-01-30 20:00:00,854.24,862.09,846.38,858.81,32241.242,27582846.79105
2026-01-31 00:00:00,858.81,860.85,851.93,853.22,16133.604,13812221.18086
2026-01-31 04:00:00,853.22,854.6,845.89,847.75,19106.106,16244918.71419
2026-01-31 08:00:00,847.75,847.75,833.0,836.85,31155.492,26127002.44321
2026-01-31 12:00:00,836.85,837.65,801.66,803.1,103218.44,84243313.91755
2026-01-31 16:00:00,803.1,810.21,750.0,771.0,195832.478,152922696.48208
2026-01-31 20:00:00,771.05,785.94,766.14,781.38,41860.031,32399997.05087
2026-02-01 00:00:00,781.39,789.72,779.22,783.63,33440.825,26222672.58705
2026-02-01 04:00:00,783.64,785.0,773.84,778.01,26255.152,20488343.32417
2026-02-01 08:00:00,778.0,782.79,768.29,774.07,23931.399,18562775.9344
2026-02-01 12:00:00,774.07,774.19,742.7,749.98,88997.372,67343701.97234
2026-02-01 16:00:00,749.98,766.8,745.83,757.15,38612.997,29161851.10874
2026-02-01 20:00:00,757.14,766.39,739.63,758.54,47887.775,36139286.27395
2026-02-02 00:00:00,758.54,770.61,728.44,751.57,79226.291,59234019.27314
2026-02-02 04:00:00,751.58,760.39,728.88,752.5,102907.599,76727808.46169
2026-02-02 08:00:00,752.58,767.35,752.57,762.36,32285.885,24593915.8518
2026-02-02 12:00:00,762.37,781.09,761.86,777.86,48351.082,37252902.46672
2026-02-02 16:00:00,777.87,781.58,769.72,770.39,26073.844,20231147.81097
2026-02-02 20:00:00,770.38,776.95,767.6,773.94,17818.783,13768390.03945
2026-02-03 00:00:00,773.94,775.25,762.7,772.3,19610.718,15089499.84359
2026-02-03 04:00:00,772.3,783.57,770.98,782.08,22613.544,17583298.17266
2026-02-03 08:00:00,782.09,782.7,765.97,768.87,28779.31,22262603.43349
2026-02-03 12:00:00,768.87,778.22,764.29,776.75,32409.838,25014205.34599
2026-02-03 16:00:00,776.75,776.76,736.08,757.88,95633.507,71903537.58149
2026-02-03 20:00:00,757.87,775.41,752.28,754.78,44901.906,34326735.88547
2026-02-04 00:00:00,754.78,764.31,751.61,761.71,21713.322,16452954.24004
2026-02-04 04:00:00,761.7,765.33,754.21,764.19,19047.064,14484522.65246
2026-02-04 08:00:00,764.19,764.36,747.37,750.34,32102.059,24207485.22851
2026-02-04 12:00:00,750.35,752.42,727.5,733.9,94142.899,69517384.65937
2026-02-04 16:00:00,733.91,736.7,707.0,717.95,158473.103,113997295.18683
2026-02-04 20:00:00,717.95,718.75,687.3,697.27,98993.72,69195587.0186
2026-02-05 00:00:00,697.27,703.0,691.01,694.19,69943.501,48736424.79193
2026-02-05 04:00:00,694.19,700.24,686.0,691.49,86281.696,59746352.11503
2026-02-05 08:00:00,691.5,700.37,674.71,683.49,71180.391,48940231.2735
2026-02-05 12:00:00,683.49,688.53,646.66,658.56,152326.009,101408039.48704
2026-02-05 16:00:00,658.56,673.96,631.09,641.19,130679.124,85260252.79637
2026-02-05 20:00:00,641.28,645.15,602.17,608.3,288767.949,178303293.32571
2026-02-06 00:00:00,608.3,634.0,570.06,615.11,239790.67,144423119.05441
2026-02-06 04:00:00,615.1,642.49,613.1,623.05,87531.653,55033547.55673
2026-02-06 08:00:00,623.06,638.48,617.0,636.17,57093.605,35763259.44402
2026-02-06 12:00:00,636.16,654.76,632.45,651.2,72918.669,47132132.07647
2026-02-06 16:00:00,651.19,669.65,648.94,658.82,91567.719,60351245.29823
2026-02-06 20:00:00,658.83,668.57,654.87,657.21,44420.277,29405439.67337
2026-02-07 00:00:00,657.21,661.87,650.18,659.14,29488.483,19333697.40108
2026-02-07 04:00:00,659.14,663.88,632.11,638.48,52730.055,34128088.05987
2026-02-07 08:00:00,638.49,641.56,630.83,635.7,21412.916,13637831.48787
2026-02-07 12:00:00,635.71,646.9,633.64,642.29,29761.24,19043312.46227
2026-02-07 16:00:00,642.28,655.51,639.11,650.22,73959.35,47751657.74573
2026-02-07 20:00:00,650.21,654.0,644.08,647.0,10168.557,6606735.79672
2026-02-08 00:00:00,647.01,651.3,642.53,642.77,12015.818,7781604.64231
2026-02-08 04:00:00,642.77,644.8,639.11,643.22,13595.859,8724525.45876
2026-02-08 08:00:00,643.22,650.84,637.61,645.67,30127.829,19414183.93929
2026-02-08 12:00:00,645.67,648.34,641.04,643.85,26576.015,17126658.3189
2026-02-08 16:00:00,643.85,649.99,632.3,648.58,21436.761,13751071.73233
2026-02-08 20:00:00,648.58,653.0,636.27,639.93,20419.81,13148019.73637
2026-02-09 00:00:00,639.93,646.15,633.81,645.03,21666.877,13872842.60338
2026-02-09 04:00:00,645.02,645.36,631.16,632.05,19180.473,12213624.6478
2026-02-09 08:00:00,632.05,633.62,616.01,621.83,38959.678,24303173.37723
2026-02-09 12:00:00,621.84,632.5,621.72,631.08,31140.288,19539504.42293
2026-02-09 16:00:00,630.98,643.47,627.18,642.48,24473.035,15575399.62352
2026-02-09 20:00:00,642.48,644.07,633.44,636.39,13330.89,8513919.4363
2026-02-10 00:00:00,636.38,642.0,630.01,633.21,15052.845,9585702.03984
2026-02-10 04:00:00,633.2,639.51,628.4,631.75,21312.74,13504734.24849
2026-02-10 08:00:00,631.74,635.38,625.05,626.46,37589.085,23675104.15116
2026-02-10 12:00:00,626.47,628.99,613.8,619.4,52916.118,32917194.77951
2026-02-10 16:00:00,619.39,625.58,613.98,617.29,18215.964,11283214.85115
2026-02-10 20:00:00,617.28,620.47,614.43,619.85,8462.518,5226892.40365
2026-02-11 00:00:00,619.85,624.14,615.34,617.49,11109.955,6892210.54641
2026-02-11 04:00:00,617.49,618.69,597.61,600.77,47822.776,28933145.25402
2026-02-11 08:00:00,600.76,602.15,587.14,592.82,62841.018,37256531.94254
2026-02-11 12:00:00,592.82,611.85,588.87,593.79,65617.487,39216838.83315
2026-02-11 16:00:00,593.75,613.45,592.22,610.47,31286.106,18850364.92246
2026-02-11 20:00:00,610.46,617.9,604.51,608.11,17674.197,10792560.9454
2026-02-12 00:00:00,608.11,617.3,608.11,616.6,16448.543,10077107.40344
2026-02-12 04:00:00,616.61,618.25,611.21,615.25,21559.169,13270292.07439
2026-02-12 08:00:00,615.25,620.87,610.53,617.69,22646.829,13931532.30873
2026-02-12 12:00:00,617.69,618.28,607.72,609.2,23272.593,14271811.90131
2026-02-12 16:00:00,609.21,612.32,600.6,608.13,25295.025,15323205.43048
2026-02-12 20:00:00,608.17,616.0,604.0,614.29,12076.298,7365677.96452
2026-02-13 00:00:00,614.29,616.64,607.5,608.85,37897.031,23185139.6164
2026-02-13 04:00:00,608.86,609.5,592.49,598.11,34524.031,20724957.97246
2026-02-13 08:00:00,598.12,604.36,597.68,601.58,20334.567,12221840.82826
2026-02-13 12:00:00,601.58,615.38,595.38,610.33,66098.655,39892422.56109
2026-02-13 16:00:00,610.33,621.29,609.04,618.14,38374.465,23649500.75086
2026-02-13 20:00:00,618.14,622.81,615.65,618.94,14191.065,8792562.56827
2026-02-14 00:00:00,618.93,625.63,616.72,617.5,21809.177,13556013.32074
2026-02-14 04:00:00,617.5,622.39,615.7,622.35,12823.471,7932612.63668
2026-02-14 08:00:00,622.35,633.79,622.01,633.37,28241.645,17733305.99107
2026-02-14 12:00:00,633.37,637.24,626.76,634.73,24415.933,15428223.25986
2026-02-14 16:00:00,634.74,634.74,629.19,632.84,14877.182,9402079.70676
2026-02-14 20:00:00,632.84,634.61,628.58,632.77,11678.516,7382123.43221
2026-02-15 00:00:00,632.77,633.97,627.0,633.4,22141.56,13965542.70186
2026-02-15 04:00:00,633.39,642.49,633.39,639.86,19694.409,12554582.63921
2026-02-15 08:00:00,639.86,641.28,626.21,629.26,19775.031,12486073.13762
2026-02-15 12:00:00,629.27,630.06,615.71,621.52,30454.739,18935763.46304
2026-02-15 16:00:00,621.53,621.54,608.82,611.79,30408.903,18650562.00546
2026-02-15 20:00:00,611.79,617.44,609.86,615.16,9951.949,6112705.33186
2026-02-16 00:00:00,615.17,618.37,611.38,613.46,8264.154,5078588.80929
2026-02-16 04:00:00,613.46,618.75,610.4,613.39,10881.58,6676964.90727
2026-02-16 08:00:00,613.39,620.0,612.6,618.75,13481.904,8319004.76729
2026-02-16 12:00:00,618.74,631.24,604.49,607.51,45144.061,27857730.73201
2026-02-16 16:00:00,607.51,618.31,607.23,616.73,15802.992,9693565.04183
2026-02-16 20:00:00,616.74,628.2,616.04,627.19,12086.192,7541229.02222
2026-02-17 00:00:00,627.19,631.86,621.25,626.99,19713.265,12386301.79604
2026-02-17 04:00:00,627.0,628.28,620.3,622.74,11151.476,6959147.57573
2026-02-17 08:00:00,622.74,623.89,615.17,618.34,9512.731,5886258.354
2026-02-17 12:00:00,618.33,626.08,609.3,615.24,28550.624,17605908.64157
2026-02-17 16:00:00,615.25,624.28,612.12,620.1,17208.356,10649935.55011
2026-02-17 20:00:00,620.1,620.82,616.06,617.74,5797.632,3583822.94096
2026-02-18 00:00:00,617.76,619.67,613.33,618.86,7110.252,4384667.57001
2026-02-18 04:00:00,618.86,621.42,614.8,620.91,7773.844,4799888.79402
2026-02-18 08:00:00,620.9,626.57,613.56,614.18,15318.858,9515142.46802
2026-02-18 12:00:00,614.18,623.17,607.97,618.25,27328.701,16786455.10217
2026-02-18 16:00:00,618.25,620.59,601.3,603.23,25518.901,15577250.66987
2026-02-18 20:00:00,603.23,606.51,602.0,604.8,14205.454,8585628.04312
2026-02-19 00:00:00,604.8,608.15,602.84,607.86,14388.879,8710697.93841
2026-02-19 04:00:00,607.87,614.8,606.66,610.78,16747.151,10222162.83687
2026-02-19 08:00:00,610.78,610.9,603.9,604.24,20584.001,12487529.31391
2026-02-19 12:00:00,604.24,606.49,596.0,600.39,30608.548,18393494.39887
2026-02-19 16:00:00,600.4,606.95,596.07,604.58,18016.793,10840318.16383
2026-02-19 20:00:00,604.58,609.24,603.02,607.83,9008.991,5465277.04519
2026-02-20 00:00:00,607.82,610.53,606.16,607.89,15887.844,9658036.85383
2026-02-20 04:00:00,607.89,613.94,605.29,612.1,16972.818,10362103.80769
2026-02-20 08:00:00,612.1,615.24,606.87,608.53,30281.99,18526980.4856
2026-02-20 12:00:00,608.53,618.3,601.23,616.83,44525.03,27138504.04234
2026-02-20 16:00:00,616.83,628.26,616.08,626.14,37278.103,23194457.32186
2026-02-20 20:00:00,626.13,629.74,624.9,625.91,14645.021,9184893.64214
2026-02-21 00:00:00,625.9,628.67,624.0,625.25,13097.627,8207477.57204
2026-02-21 04:00:00,625.25,628.0,624.93,625.88,9791.021,6135145.44468
2026-02-21 08:00:00,625.87,631.63,625.72,630.18,11796.457,7420320.46588
2026-02-21 12:00:00,630.18,634.8,627.51,627.66,26375.655,16646383.25985
2026-02-21 16:00:00,627.65,629.51,624.02,626.9,12481.266,7819220.00917
2026-02-21 20:00:00,626.91,627.62,624.25,625.61,8114.539,5079605.69624
2026-02-22 00:00:00,625.61,626.87,620.54,621.36,9867.327,6155173.55148
2026-02-22 04:00:00,621.36,623.59,618.72,622.46,10183.464,6327814.7674
2026-02-22 08:00:00,622.47,624.8,621.15,624.55,5658.674,3527950.2697
2026-02-22 12:00:00,624.55,624.62,613.39,615.91,24820.745,15325864.28163
2026-02-22 16:00:00,615.91,616.09,610.02,612.46,12525.126,7669979.24524
2026-02-22 20:00:00,612.47,616.28,611.0,614.8,5513.543,3384693.07542
2026-02-23 00:00:00,614.8,616.0,583.13,590.03,87896.735,52110982.94692
2026-02-23 04:00:00,590.04,601.16,585.1,599.31,46724.228,27748737.53467
2026-02-23 08:00:00,599.31,610.47,596.53,606.49,24632.278,14902632.1972
2026-02-23 12:00:00,606.49,612.49,604.33,604.64,43671.827,26614754.57449
2026-02-23 16:00:00,604.64,606.33,591.54,592.18,27166.634,16254834.43199
2026-02-23 20:00:00,592.18,598.71,590.2,596.41,14971.259,8913527.4803
2026-02-24 00:00:00,596.4,602.9,589.9,593.33,28130.569,16795853.73933
2026-02-24 04:00:00,593.34,594.28,586.15,589.79,27922.06,16481308.90274
2026-02-24 08:00:00,589.78,592.93,585.77,587.01,15298.876,9009164.31251
2026-02-24 12:00:00,587.01,588.43,577.06,586.1,61048.869,35534669.33059
2026-02-24 16:00:00,586.09,590.17,583.87,588.73,22024.928,12938129.14194
2026-02-24 20:00:00,588.73,590.43,582.57,583.6,13860.548,8114574.72806
2026-02-25 00:00:00,583.61,602.31,581.51,594.07,40173.121,23920974.48644
2026-02-25 04:00:00,594.07,596.66,589.89,596.09,20105.329,11943291.86584
2026-02-25 08:00:00,596.1,605.43,595.86,604.99,19954.541,12001013.85324
2026-02-25 12:00:00,605.0,623.15,604.58,621.38,51965.848,31960582.56402
2026-02-25 16:00:00,621.39,634.32,620.93,632.21,49493.221,31068140.21626
2026-02-25 20:00:00,632.21,640.55,624.33,629.42,39953.25,25278249.04139
2026-02-26 00:00:00,629.42,633.83,625.37,627.87,25261.692,15885926.3435
2026-02-26 04:00:00,627.88,632.47,625.3,625.6,14636.37,9192970.72943
2026-02-26 08:00:00,625.61,630.29,622.89,622.96,16376.039,10267347.24883
2026-02-26 12:00:00,622.97,628.52,618.68,623.2,29851.743,18620698.02658
2026-02-26 16:00:00,623.2,625.38,614.2,624.56,31125.949,19267215.93605
2026-02-26 20:00:00,624.57,626.9,620.89,625.74,9423.551,5882789.55816
2026-02-27 00:00:00,625.74,630.27,622.5,629.17,17452.989,10948662.3584
2026-02-27 04:00:00,629.17,633.65,624.94,627.06,25475.151,16045581.05655
2026-02-27 08:00:00,627.06,630.0,613.22,614.85,24416.487,15166517.32661
2026-02-27 12:00:00,614.86,616.85,609.67,614.4,31575.48,19365071.19108
2026-02-27 16:00:00,614.41,614.73,606.68,609.8,19988.207,12196133.04352
2026-02-27 20:00:00,609.8,614.27,605.25,614.03,9259.406,5656291.10622
2026-02-28 00:00:00,614.03,615.6,612.12,614.94,13607.729,8353083.06106
2026-02-28 04:00:00,614.95,615.44,590.75,597.5,48756.5,29292530.78877
2026-02-28 08:00:00,597.49,598.57,588.64,594.56,36564.226,21693723.20508
2026-02-28 12:00:00,594.57,605.75,594.12,603.99,33689.422,20254574.41761
2026-02-28 16:00:00,604.0,614.77,600.95,613.2,21548.487,13090613.61632
2026-02-28 20:00:00,613.2,621.49,611.98,617.14,17938.736,11071349.8025
2026-03-01 00:00:00,617.14,632.16,614.52,628.53,40926.49,25641490.61959
2026-03-01 04:00:00,628.54,631.31,623.0,625.35,25189.09,15795972.86536
2026-03-01 08:00:00,625.36,626.42,618.71,622.81,16920.765,10530561.62764
2026-03-01 12:00:00,622.8,629.8,619.74,626.6,26493.484,16562153.14744
2026-03-01 16:00:00,626.6,629.6,617.39,619.77,25552.405,15921916.2681
2026-03-01 20:00:00,619.77,621.03,610.89,617.96,34878.693,21500347.43191
2026-03-02 00:00:00,617.96,625.66,614.43,624.41,26043.127,16158082.68199
2026-03-02 04:00:00,624.42,625.79,613.02,616.67,15983.15,9910169.59548
2026-03-02 08:00:00,616.67,623.05,612.96,622.13,15994.437,9893253.89118
2026-03-02 12:00:00,622.14,649.7,618.81,646.25,71972.576,45766212.30157
2026-03-02 16:00:00,646.25,652.87,635.84,636.48,46976.9,30285854.84666
2026-03-02 20:00:00,636.48,640.8,632.43,637.79,25610.96,16292435.39216
2026-03-03 00:00:00,637.79,643.29,633.46,635.63,29906.371,19080251.53799
2026-03-03 04:00:00,635.63,638.47,628.94,633.32,26839.011,16998254.12754
2026-03-03 08:00:00,633.32,634.14,621.0,626.53,31370.363,19618960.47562
2026-03-03 12:00:00,626.52,631.89,621.0,630.57,27730.149,17364345.68189
2026-03-03 16:00:00,630.56,638.92,628.56,633.04,23941.529,15165629.38942
2026-03-03 20:00:00,633.04,636.92,628.43,633.56,10403.633,6581436.3673
2026-03-04 00:00:00,633.57,636.65,626.2,629.3,17342.351,10955294.74677
2026-03-04 04:00:00,629.29,640.9,627.12,640.01,17238.213,10921712.98281
2026-03-04 08:00:00,640.01,654.83,638.89,650.51,58718.525,38152589.91265
2026-03-04 12:00:00,650.51,661.82,645.94,661.17,53532.251,35011471.71701
2026-03-04 16:00:00,661.17,666.16,655.22,662.66,34051.135,22487730.94943
2026-03-04 20:00:00,662.66,663.12,656.55,657.99,19037.208,12549397.50439
2026-03-05 00:00:00,658.0,660.99,652.38,654.31,20788.657,13634198.59733
2026-03-05 04:00:00,654.31,657.42,648.79,650.39,23190.738,15147654.55147
2026-03-05 08:00:00,650.4,665.42,649.61,659.15,21687.416,14274309.18669
2026-03-05 12:00:00,659.15,660.81,648.46,652.94,32901.29,21549091.86789
2026-03-05 16:00:00,652.95,654.49,646.14,648.54,21438.002,13921942.03388
2026-03-05 20:00:00,648.54,652.38,646.47,647.85,8031.521,5211952.986
2026-03-06 00:00:00,647.85,651.62,645.53,649.7,12775.153,8292853.29447
2026-03-06 04:00:00,649.7,649.99,641.22,646.89,19233.995,12409667.46955
2026-03-06 08:00:00,646.88,646.89,637.17,637.45,17797.128,11414449.04645
2026-03-06 12:00:00,637.45,640.96,624.77,628.02,44334.953,28048247.59701
2026-03-06 16:00:00,628.02,632.98,625.9,630.71,12804.475,8055440.07786
2026-03-06 20:00:00,630.71,631.5,626.97,627.31,8086.032,5086357.50765
2026-03-07 00:00:00,627.31,629.84,626.36,627.13,8842.406,5553917.60173
2026-03-07 04:00:00,627.13,628.63,624.63,627.87,10486.349,6574503.32149
2026-03-07 08:00:00,627.87,630.19,626.5,627.78,9263.253,5822935.0259
2026-03-07 12:00:00,627.79,628.27,623.8,625.22,11098.179,6950811.14251
2026-03-07 16:00:00,625.22,625.23,618.5,619.84,14789.261,9198544.13074
2026-03-07 20:00:00,619.84,622.41,617.8,620.26,8639.366,5361698.00044
2026-03-08 00:00:00,620.27,621.97,615.32,617.0,8766.845,5419542.03682
2026-03-08 04:00:00,617.01,622.33,614.34,619.94,14781.656,9139195.58883
2026-03-08 08:00:00,619.94,624.27,617.99,620.33,12076.295,7498314.46217
2026-03-08 12:00:00,620.32,621.21,613.05,616.18,15973.493,9852307.32274
2026-03-08 16:00:00,616.18,619.76,611.82,618.95,14400.835,8842805.50624
2026-03-08 20:00:00,618.94,620.11,607.86,611.98,15940.43,9780140.8469
2026-03-09 00:00:00,611.99,628.24,611.01,623.51,20068.64,12429821.56104
2026-03-09 04:00:00,623.51,630.0,618.43,621.96,20042.218,12525143.24931
2026-03-09 08:00:00,621.96,630.4,621.83,627.53,17458.918,10943980.05353
2026-03-09 12:00:00,627.53,640.43,627.52,639.21,31858.866,20232345.05616
2026-03-09 16:00:00,639.22,643.0,634.06,638.18,17091.054,10905851.77021
2026-03-09 20:00:00,638.19,640.65,633.83,634.64,14821.68,9456815.55349
2026-03-10 00:00:00,634.64,646.0,634.38,639.77,17617.17,11294334.2517
2026-03-10 04:00:00,639.77,646.98,639.4,644.48,13784.833,8878058.87568
2026-03-10 08:00:00,644.48,649.0,644.12,645.54,17943.021,11602241.88357
2026-03-10 12:00:00,645.53,652.23,638.29,649.23,25860.991,16709739.22146
2026-03-10 16:00:00,649.24,652.36,640.06,641.79,18057.644,11656023.52786
2026-03-10 20:00:00,641.78,645.29,639.6,642.0,7519.787,4828011.03989
2026-03-11 00:00:00,642.01,644.42,638.77,639.88,8826.592,5663585.22916
2026-03-11 04:00:00,639.87,644.92,637.77,640.5,14439.261,9256330.21334
2026-03-11 08:00:00,640.5,644.37,635.02,638.2,28584.566,18269619.89489
2026-03-11 12:00:00,638.2,652.19,636.74,645.98,36592.442,23643246.83954
2026-03-11 16:00:00,645.99,655.73,645.24,653.15,21386.356,13926899.18893
2026-03-11 20:00:00,653.14,656.29,650.4,651.46,10316.597,6734088.66933
2026-03-12 00:00:00,651.47,652.25,642.25,643.26,14948.74,9669837.85613
2026-03-12 04:00:00,643.26,647.16,641.63,645.85,11068.993,7133443.29182
2026-03-12 08:00:00,645.86,654.09,645.75,652.46,16841.697,10941966.13975
2026-03-12 12:00:00,652.47,657.7,645.64,650.03,37625.033,24524299.62945
2026-03-12 16:00:00,650.03,652.52,646.42,651.03,13233.494,8602904.52167
2026-03-12 20:00:00,651.03,654.92,648.98,651.72,7816.099,5094355.69347
2026-03-13 00:00:00,651.72,664.0,650.34,661.58,33511.182,22109030.1648
2026-03-13 04:00:00,661.57,664.5,658.88,661.29,25969.092,17174175.00675
2026-03-13 08:00:00,661.29,668.67,660.65,666.64,43984.843,29309401.55466
2026-03-13 12:00:00,666.64,679.0,661.09,662.21,62811.157,42167806.95184
2026-03-13 16:00:00,662.21,664.48,654.0,657.25,54317.637,35740795.81471
2026-03-13 20:00:00,657.25,658.78,653.55,655.73,11387.089,7472069.76019
2026-03-14 00:00:00,655.72,657.26,652.52,656.89,10285.263,6738539.05732
2026-03-14 04:00:00,656.88,658.27,651.0,652.19,13759.743,9008546.25604
2026-03-14 08:00:00,652.19,653.99,650.11,653.52,9914.929,6467334.43926
2026-03-14 12:00:00,653.51,654.98,651.85,653.4,11150.325,7286123.34121
2026-03-14 16:00:00,653.4,654.5,652.24,653.7,4722.898,3085785.44318
2026-03-14 20:00:00,653.7,658.0,653.12,657.7,5407.107,3544755.56371
2026-03-15 00:00:00,657.7,661.16,654.46,658.89,7831.622,5150811.24925
2026-03-15 04:00:00,658.89,661.0,657.79,660.02,11360.918,7492401.92608
2026-03-15 08:00:00,660.02,666.55,659.74,661.64,14295.868,9474900.0018
2026-03-15 12:00:00,661.65,662.52,656.83,659.69,17186.32,11338778.18291
2026-03-15 16:00:00,659.69,663.2,658.08,660.49,7931.019,5236561.66135
2026-03-15 20:00:00,660.49,679.0,659.74,673.77,34393.347,23103639.09223
2026-03-16 00:00:00,673.77,685.93,670.22,680.47,35086.165,23772519.49674
2026-03-16 04:00:00,680.47,687.82,677.27,678.13,43473.362,29663992.11163
2026-03-16 08:00:00,678.13,681.06,673.83,677.2,31764.46,21510675.00031
2026-03-16 12:00:00,677.19,683.68,670.13,671.67,59084.86,40036630.15345
2026-03-16 16:00:00,671.67,681.37,671.22,678.55,32813.662,22203993.65885
2026-03-16 20:00:00,678.55,684.66,673.79,679.71,24692.747,16774722.80709
2026-03-17 00:00:00,679.7,686.53,675.0,676.11,41516.026,28310062.69859
2026-03-17 04:00:00,676.11,677.39,671.81,674.28,25038.543,16895378.83425
2026-03-17 08:00:00,674.28,676.77,667.36,667.66,30318.018,20366746.68454
2026-03-17 12:00:00,667.66,673.33,663.4,668.49,29991.511,20017815.81277
2026-03-17 16:00:00,668.5,674.85,667.71,672.03,11769.27,7909856.12993
2026-03-17 20:00:00,672.03,674.48,668.01,668.61,8483.665,5692591.06808
2026-03-18 00:00:00,668.62,675.18,665.52,673.49,12610.526,8451928.59204
2026-03-18 04:00:00,673.49,675.06,670.13,673.98,15353.126,10324871.53254
2026-03-18 08:00:00,673.98,676.47,661.55,662.89,27002.302,18088848.54453
2026-03-18 12:00:00,662.89,662.89,645.3,648.82,44109.595,28847251.08725
2026-03-18 16:00:00,648.82,653.01,645.47,648.08,27717.455,17987693.53235
2026-03-18 20:00:00,648.09,652.98,644.43,652.27,17712.182,11490075.0161
2026-03-19 00:00:00,652.28,656.4,649.05,652.53,14658.77,9562291.51937
2026-03-19 04:00:00,652.53,652.66,641.04,645.39,19730.152,12765705.08519
2026-03-19 08:00:00,645.39,648.89,643.69,644.08,20358.35,13145513.1163
2026-03-19 12:00:00,644.09,644.09,634.35,637.87,30450.241,19453128.13799
2026-03-19 16:00:00,637.88,642.5,633.32,640.04,20987.24,13376020.38071
2026-03-19 20:00:00,640.04,644.06,638.22,639.15,11494.905,7367278.24886
2026-03-20 00:00:00,639.16,645.18,638.51,644.41,12649.474,8120760.98703
2026-03-20 04:00:00,644.42,645.95,639.68,644.1,12898.284,8294046.30685
2026-03-20 08:00:00,644.1,647.65,640.32,641.62,18537.863,11936859.48458
2026-03-20 12:00:00,641.62,643.59,636.61,640.42,30578.47,19575168.12893
2026-03-20 16:00:00,640.41,641.92,636.38,640.26,12576.285,8041849.63133
2026-03-20 20:00:00,640.26,644.57,637.58,642.11,9447.626,6062947.4414
2026-03-21 00:00:00,642.11,643.22,640.15,642.32,5788.107,3714767.95431
2026-03-21 04:00:00,642.32,644.46,641.8,643.11,6610.999,4251599.98717
2026-03-21 08:00:00,643.11,644.46,641.99,643.81,9061.269,5827057.15656
2026-03-21 12:00:00,643.81,646.38,641.39,642.82,11855.304,7632524.45228
2026-03-21 16:00:00,642.82,643.24,640.62,641.61,4689.68,3009442.10069
2026-03-21 20:00:00,641.61,642.68,627.76,630.7,16231.34,10297619.44829
2026-03-22 00:00:00,630.7,637.7,622.72,634.84,25821.814,16270664.25824
2026-03-22 04:00:00,634.84,636.57,631.9,631.99,13296.792,8429683.09634
2026-03-22 08:00:00,631.98,632.1,627.61,627.9,14210.098,8952232.02703
2026-03-22 12:00:00,627.9,631.76,627.9,629.7,14848.926,9357078.00388
2026-03-22 16:00:00,629.7,632.26,626.57,627.44,16400.438,10328615.82972
2026-03-22 20:00:00,627.45,631.35,622.16,626.41,17775.511,11139265.09081
2026-03-23 00:00:00,626.41,630.71,622.0,626.47,20250.729,12690780.32096
2026-03-23 04:00:00,626.46,632.0,620.33,624.33,20208.785,12647440.77978
2026-03-23 08:00:00,624.34,650.85,621.59,638.4,75227.815,48164315.97245
2026-03-23 12:00:00,638.4,649.55,635.81,637.25,79301.366,51074002.04041
2026-03-23 16:00:00,637.25,640.76,632.49,637.62,54337.412,34546019.31349
2026-03-23 20:00:00,637.62,641.09,636.24,639.11,8230.767,5256962.66256
2026-03-24 00:00:00,639.12,640.17,632.0,632.7,13380.273,8495790.02379
2026-03-24 04:00:00,632.7,638.44,627.21,637.86,20931.162,13213729.51409
2026-03-24 08:00:00,637.87,639.81,634.0,638.88,17591.477,11205005.21331
2026-03-24 12:00:00,638.88,639.35,627.2,630.98,26763.386,16935312.22451
2026-03-24 16:00:00,630.97,632.46,626.99,630.29,10948.544,6891428.49989
2026-03-24 20:00:00,630.29,639.79,629.85,638.3,11559.457,7357880.02691
2026-03-25 00:00:00,638.31,643.0,637.5,642.22,16420.574,10506494.49532
2026-03-25 04:00:00,642.22,647.19,641.59,643.57,17880.152,11526161.29534
2026-03-25 08:00:00,643.57,650.92,643.41,648.36,36184.072,23445660.62866
2026-03-25 12:00:00,648.36,652.8,641.92,645.65,24349.875,15768081.39088
2026-03-25 16:00:00,645.64,651.15,644.09,646.03,14642.843,9473810.95319
2026-03-25 20:00:00,646.03,650.26,644.04,647.66,8041.424,5205230.56664
2026-03-26 00:00:00,647.67,648.47,641.33,642.9,9757.702,6287656.89296
2026-03-26 04:00:00,642.91,643.3,633.44,635.37,17962.943,11453517.21964
2026-03-26 08:00:00,635.38,635.44,628.1,629.17,18306.159,11555041.3443
2026-03-26 12:00:00,629.17,632.7,625.11,626.82,20102.072,12649045.39246
2026-03-26 16:00:00,626.83,628.89,623.01,625.68,14781.02,9250162.0511
2026-03-26 20:00:00,625.67,631.52,625.24,628.86,13808.177,8695473.70525
2026-03-27 00:00:00,628.86,631.87,627.38,628.3,11531.745,7261832.99695
2026-03-27 04:00:00,628.31,630.02,625.11,628.45,12380.859,7772495.67775
2026-03-27 08:00:00,628.46,629.15,607.18,611.07,52013.225,32012663.38912
2026-03-27 12:00:00,611.07,614.03,605.86,610.66,30020.007,18315235.74286
2026-03-27 16:00:00,610.66,611.96,606.67,610.17,14624.043,8908629.11848
2026-03-27 20:00:00,610.16,614.18,608.66,613.95,11164.751,6821910.56104
2026-03-28 00:00:00,613.95,614.07,609.9,611.14,10778.0,6594541.98328
2026-03-28 04:00:00,611.15,614.61,610.5,613.9,13315.472,8157378.0835
2026-03-28 08:00:00,613.9,614.27,610.46,613.0,12100.481,7413282.16408
2026-03-28 12:00:00,612.99,619.0,611.59,617.28,17880.838,11012306.10421
2026-03-28 16:00:00,617.29,617.69,615.4,616.67,6182.515,3812519.59509
2026-03-28 20:00:00,616.67,618.1,610.71,611.08,9830.576,6041585.74811
2026-03-29 00:00:00,611.08,615.3,609.89,614.05,11246.913,6894489.75485
2026-03-29 04:00:00,614.06,614.7,612.0,613.68,7594.995,4659374.78375
2026-03-29 08:00:00,613.68,614.63,610.95,613.69,10666.188,6540299.36972
2026-03-29 12:00:00,613.69,613.75,607.46,609.64,15794.207,9633558.15584
2026-03-29 16:00:00,609.63,611.06,607.59,609.23,6580.883,4009985.57237
2026-03-29 20:00:00,609.23,612.26,596.42,606.09,31528.533,19045995.88523
2026-03-30 00:00:00,606.09,619.08,605.09,615.67,24893.095,15284133.1911
2026-03-30 04:00:00,615.68,619.15,615.35,618.21,18930.198,11677997.0296
2026-03-30 08:00:00,618.22,621.4,616.29,617.79,29088.874,17998904.34084
2026-03-30 12:00:00,617.79,620.94,613.4,618.48,21953.107,13562218.20063
2026-03-30 16:00:00,618.48,618.66,608.11,610.6,15071.556,9234155.48601
2026-03-30 20:00:00,610.61,613.63,607.27,609.29,12943.253,7902565.20387
2026-03-31 00:00:00,609.29,619.76,608.2,613.6,18826.465,11566386.12575
2026-03-31 04:00:00,613.61,614.56,609.3,611.01,15514.618,9494638.83631
2026-03-31 08:00:00,611.02,611.21,598.82,605.22,35968.302,21746856.63151
2026-03-31 12:00:00,605.23,615.98,604.3,607.9,30839.427,18806793.93562
2026-03-31 16:00:00,607.9,619.77,607.8,615.77,26707.864,16421513.87
2026-03-31 20:00:00,615.76,619.38,615.09,617.43,11273.939,6960919.28802
2026-04-01 00:00:00,617.42,619.85,613.92,616.76,15439.03,9523361.92845
2026-04-01 04:00:00,616.76,621.9,614.96,616.32,31514.135,19486640.22219
2026-04-01 08:00:00,616.33,617.43,613.71,615.34,20858.345,12834535.95421
2026-04-01 12:00:00,615.34,617.91,609.87,614.82,26306.224,16143872.31253
2026-04-01 16:00:00,614.82,619.5,611.44,613.76,17843.367,10968074.72999
2026-04-01 20:00:00,613.76,616.0,609.58,610.81,14596.464,8937084.93675
2026-04-02 00:00:00,610.81,613.6,591.69,592.06,60887.564,36587805.20505
2026-04-02 04:00:00,592.06,592.51,587.34,591.82,44299.895,26141813.73471
2026-04-02 08:00:00,591.82,591.82,577.25,581.23,53550.612,31261675.75298
2026-04-02 12:00:00,581.23,581.4,570.31,574.13,97461.799,56022916.68868
2026-04-02 16:00:00,574.12,583.72,573.82,583.51,29911.515,17321276.71618
2026-04-02 20:00:00,583.5,584.83,581.14,583.52,11506.934,6712702.40046
2026-04-03 00:00:00,583.52,587.06,581.93,585.82,19254.206,11254777.96424
2026-04-03 04:00:00,585.82,589.0,584.98,586.49,12281.075,7205043.01804
2026-04-03 08:00:00,586.5,588.31,583.16,587.34,15675.882,9179958.83254
2026-04-03 12:00:00,587.34,590.31,584.08,586.99,17998.337,10563800.52539
2026-04-03 16:00:00,586.99,589.33,586.63,588.66,6774.437,3983838.13911
2026-04-03 20:00:00,588.66,589.21,587.0,588.31,4522.438,2660497.85487
2026-04-04 00:00:00,588.32,589.26,587.1,589.12,6429.771,3781639.87381
2026-04-04 04:00:00,589.12,592.25,588.33,590.0,13261.321,7827775.40166
2026-04-04 08:00:00,590.0,591.73,589.03,589.49,10402.926,6139818.30928
2026-04-04 12:00:00,589.5,591.82,588.11,591.11,11917.826,7032850.90653
2026-04-04 16:00:00,591.12,596.58,590.46,593.46,11980.551,7103966.87733
2026-04-04 20:00:00,593.46,595.16,592.54,593.36,5673.039,3368564.623
2026-04-05 00:00:00,593.36,594.05,591.12,593.43,8288.545,4913385.3017
2026-04-05 04:00:00,593.42,594.0,587.71,590.46,12134.237,7170765.64516
2026-04-05 08:00:00,590.46,594.97,590.15,593.98,9402.756,5576002.73142
2026-04-05 12:00:00,593.97,596.42,587.13,593.13,20782.507,12286817.04919
2026-04-05 16:00:00,593.13,593.69,591.67,592.53,7706.673,4568305.84738
2026-04-05 20:00:00,592.53,604.06,590.51,601.5,19717.232,11772693.45734
2026-04-06 00:00:00,601.5,607.66,600.1,600.61,21807.7,13158384.79577
2026-04-06 04:00:00,600.62,604.47,598.63,603.8,18840.74,11334397.16153
2026-04-06 08:00:00,603.81,610.29,603.78,605.36,17420.769,10564568.66198
2026-04-06 12:00:00,605.36,608.74,604.11,608.45,17633.973,10690403.36104
2026-04-06 16:00:00,608.45,609.0,602.95,606.67,13286.947,8050921.08686
2026-04-06 20:00:00,606.68,607.96,596.25,600.11,15969.42,9622718.5202
2026-04-07 00:00:00,600.1,601.32,596.38,599.16,11451.186,6859661.24512
2026-04-07 04:00:00,599.15,601.88,596.78,599.3,11177.583,6691946.52045
2026-04-07 08:00:00,599.29,606.51,596.4,597.1,29834.635,17954405.42794
2026-04-07 12:00:00,597.1,600.0,592.2,598.53,30618.743,18256248.25717
2026-04-07 16:00:00,598.53,609.05,598.53,608.41,23994.268,14490359.10262
2026-04-07 20:00:00,608.41,624.85,607.23,620.1,56450.477,34823286.48582
2026-04-08 00:00:00,620.11,621.46,612.92,613.29,32396.858,19975360.98257
2026-04-08 04:00:00,613.29,617.4,612.02,613.24,25758.364,15838909.40565
2026-04-08 08:00:00,613.24,614.54,610.89,612.83,21847.461,13382171.12099
2026-04-08 12:00:00,612.83,615.85,601.16,605.35,53448.922,32567159.77436
2026-04-08 16:00:00,605.34,607.79,602.75,604.28,15146.018,9169131.62235
2026-04-08 20:00:00,604.28,607.38,599.45,601.16,13517.063,8153517.84579
2026-04-09 00:00:00,601.15,603.06,596.94,600.16,18175.249,10904155.866
2026-04-09 04:00:00,600.16,601.19,598.64,600.01,10221.972,6133854.26808
2026-04-09 08:00:00,600.01,603.41,599.3,602.44,15969.669,9606534.69831
2026-04-09 12:00:00,602.45,607.34,598.2,606.01,21514.81,12963615.6374
2026-04-09 16:00:00,606.01,609.5,603.63,608.76,20119.801,12209639.96659
2026-04-09 20:00:00,608.76,612.1,601.9,603.03,21303.675,12927454.4844
2026-04-10 00:00:00,603.03,605.4,599.79,601.14,17766.67,10701268.27351
2026-04-10 04:00:00,601.14,602.61,599.04,599.29,14201.76,8537348.90637
2026-04-10 08:00:00,599.29,603.49,597.4,602.57,19228.132,11550976.86772
2026-04-10 12:00:00,602.57,608.76,601.04,603.27,27608.247,16693770.05128
2026-04-10 16:00:00,603.27,609.99,603.2,609.6,12524.9,7600677.61765
2026-04-10 20:00:00,609.61,610.34,605.29,605.54,12936.223,7859827.32966
2026-04-11 00:00:00,605.54,607.73,603.4,606.76,14016.45,8488408.1763
2026-04-11 04:00:00,606.77,607.62,604.41,606.09,10856.568,6577398.06179
2026-04-11 08:00:00,606.09,607.32,604.31,605.36,23470.985,14218936.213
2026-04-11 12:00:00,605.37,606.92,603.76,605.74,14398.939,8713830.61509
2026-04-11 16:00:00,605.74,614.12,605.7,612.92,17611.253,10746323.62123
2026-04-11 20:00:00,612.93,613.02,605.94,607.05,13913.275,8484915.7321
2026-04-12 00:00:00,607.06,607.44,590.21,595.5,31078.514,18582903.76084
2026-04-12 04:00:00,595.5,596.0,592.87,594.3,14859.817,8840308.06159
2026-04-12 08:00:00,594.3,595.59,592.91,595.42,13022.638,7739165.34646
2026-04-12 12:00:00,595.41,595.78,589.1,591.65,20069.446,11877221.21956
2026-04-12 16:00:00,591.66,593.36,591.0,592.36,11271.215,6674730.06754
2026-04-12 20:00:00,592.36,596.91,590.95,592.19,13472.621,7993939.76221
2026-04-13 00:00:00,592.19,597.94,591.6,594.68,11256.918,6704903.75692
2026-04-13 04:00:00,594.68,599.67,594.6,597.26,16488.524,9848510.15574
2026-04-13 08:00:00,597.27,598.71,595.19,597.2,13130.521,7843321.43942
2026-04-13 12:00:00,597.2,605.0,595.58,603.4,30992.717,18600323.62408
2026-04-13 16:00:00,603.39,609.17,602.15,608.59,27831.961,16863611.43992
2026-04-13 20:00:00,608.59,617.97,607.11,614.71,38803.859,23807082.14512
2026-04-14 00:00:00,614.71,616.14,610.86,616.13,28115.649,17263079.78375
2026-04-14 04:00:00,616.14,616.15,611.88,613.55,19715.436,12105239.60467
2026-04-14 08:00:00,613.54,619.4,613.43,616.41,28132.029,17369901.38821
2026-04-14 12:00:00,616.42,625.38,615.18,623.45,47940.613,29718529.822
2026-04-14 16:00:00,623.45,625.12,611.94,613.95,37840.425,23395332.12542
2026-04-14 20:00:00,613.95,617.16,613.13,613.75,11637.879,7152147.93699
2026-04-15 00:00:00,613.75,620.0,613.75,616.14,17227.733,10631164.03182
2026-04-15 04:00:00,616.14,617.27,610.71,611.54,16261.029,9979505.0513
2026-04-15 08:00:00,611.55,620.66,610.45,619.7,25376.842,15618311.37583
2026-04-15 12:00:00,619.71,620.42,616.0,619.04,24672.706,15255542.63323
2026-04-15 16:00:00,619.05,627.64,618.57,625.38,17267.117,10746222.88941
2026-04-15 20:00:00,625.38,626.8,621.42,622.59,14137.793,8816685.27271
2026-04-16 00:00:00,622.58,626.16,620.38,624.25,16041.38,9996377.86741
2026-04-16 04:00:00,624.25,626.08,621.86,622.69,15672.328,9780637.08535
2026-04-16 08:00:00,622.69,623.95,618.86,620.95,17492.473,10870681.0393
2026-04-16 12:00:00,620.95,626.38,614.89,624.89,31053.988,19260594.65045
2026-04-16 16:00:00,624.89,637.31,623.6,636.55,34803.489,21942453.49788
2026-04-16 20:00:00,636.55,637.4,631.71,635.77,16483.043,10454900.28271
2026-04-17 00:00:00,635.77,636.55,628.18,629.26,15173.724,9582020.2435
2026-04-17 04:00:00,629.26,630.22,626.66,627.21,19659.254,12353823.16817
2026-04-17 08:00:00,627.21,635.0,626.89,632.5,30283.279,19101435.8665
2026-04-17 12:00:00,632.5,645.67,631.76,643.34,51049.665,32697807.83506
2026-04-17 16:00:00,643.33,645.6,638.83,641.36,19428.359,12478408.97928
2026-04-17 20:00:00,641.36,644.77,639.26,643.12,17892.557,11501740.91898
2026-04-18 00:00:00,643.12,646.88,640.06,640.2,28939.317,18637111.92072
2026-04-18 04:00:00,640.21,648.79,640.08,643.35,27083.119,17461437.133
2026-04-18 08:00:00,643.35,643.55,631.52,633.37,26675.059,16953693.27134
2026-04-18 12:00:00,633.38,635.0,631.42,633.37,13376.045,8474720.59378
2026-04-18 16:00:00,633.37,634.59,628.03,630.39,15324.524,9682884.7227
2026-04-18 20:00:00,630.39,631.84,629.69,629.9,8267.295,5213057.2333
2026-04-19 00:00:00,629.9,630.43,621.08,623.26,16377.065,10252669.61752
2026-04-19 04:00:00,623.26,624.72,618.1,620.32,17821.097,11076241.70862
2026-04-19 08:00:00,620.32,623.33,618.0,622.4,14492.492,8993572.56954
2026-04-19 12:00:00,622.4,628.36,622.06,626.07,18680.655,11676591.22693
2026-04-19 16:00:00,626.07,626.64,619.39,622.93,13891.28,8655402.53662
2026-04-19 20:00:00,622.93,623.36,615.0,616.06,19328.153,11944791.01963
2026-04-20 00:00:00,616.07,622.8,615.97,621.69,11683.598,7248659.73051
2026-04-20 04:00:00,621.7,629.48,617.0,624.69,15619.732,9724228.67617
2026-04-20 08:00:00,624.69,628.14,622.71,625.5,17552.488,10979943.79819
2026-04-20 12:00:00,625.49,628.36,620.87,628.31,23839.062,14909719.38253
2026-04-20 16:00:00,628.31,631.8,626.71,630.56,12588.616,7926620.41321
2026-04-20 20:00:00,630.57,632.08,628.0,629.26,10864.215,6845365.69297
2026-04-21 00:00:00,629.26,632.46,628.1,629.87,11095.479,6990969.2356
2026-04-21 04:00:00,629.87,633.93,628.81,632.88,11139.346,7038887.41798
2026-04-21 08:00:00,632.89,640.7,632.2,634.14,41688.668,26527807.97513
2026-04-21 12:00:00,634.14,635.17,629.37,631.81,19309.425,12207244.20809
2026-04-21 16:00:00,631.82,633.66,625.0,626.6,12996.64,8189186.46896
2026-04-21 20:00:00,626.59,632.45,625.56,631.72,9143.681,5754526.36204
2026-04-22 00:00:00,631.73,641.4,631.19,639.57,20568.448,13114586.91363
2026-04-22 04:00:00,639.57,644.95,638.66,641.99,25959.846,16678707.76968
2026-04-22 08:00:00,642.0,643.81,641.0,642.77,15334.599,9846990.41715
2026-04-22 12:00:00,642.78,654.19,642.14,649.1,39008.952,25311690.46923
2026-04-22 16:00:00,649.1,650.96,642.89,644.1,18298.576,11819614.76356
2026-04-22 20:00:00,644.1,644.18,637.33,637.47,15815.918,10134400.99419
2026-04-23 00:00:00,637.47,639.5,633.23,635.6,22566.677,14362469.84966
2026-04-23 04:00:00,635.61,638.43,635.01,635.7,13183.512,8392720.85841
2026-04-23 08:00:00,635.7,636.29,631.0,633.56,16887.714,10692462.41217
2026-04-23 12:00:00,633.56,640.0,632.0,639.74,18401.871,11704447.4718
2026-04-23 16:00:00,639.74,640.38,631.14,635.91,18026.04,11461454.4533
2026-04-23 20:00:00,635.9,639.79,635.6,638.54,9343.442,5959750.01962
2026-04-24 00:00:00,638.55,640.42,633.6,634.61,9531.6,6074431.15513
2026-04-24 04:00:00,634.61,637.17,632.04,635.0,13609.138,8631413.63128
2026-04-24 08:00:00,634.99,638.75,633.33,638.1,15966.278,10151618.31491
2026-04-24 12:00:00,638.1,640.49,635.95,639.6,16954.525,10824450.07526
2026-04-24 16:00:00,639.6,639.97,635.34,638.24,8889.456,5670576.36017
2026-04-24 20:00:00,638.24,638.37,635.43,636.21,5674.821,3615939.74202
2026-04-25 00:00:00,636.21,637.69,635.49,637.45,8892.494,5662566.85568
2026-04-25 04:00:00,637.45,638.08,636.29,636.7,5455.504,3476245.66237
2026-04-25 08:00:00,636.71,638.5,634.2,634.66,9788.226,6237593.07893
2026-04-25 12:00:00,634.66,635.15,629.11,629.91,19722.948,12463252.26198
2026-04-25 16:00:00,629.9,630.41,627.15,628.66,9371.55,5892704.05598
2026-04-25 20:00:00,628.67,630.43,628.34,628.53,5687.615,3578816.17439
2026-04-26 00:00:00,628.52,630.35,627.0,628.63,7913.944,4977858.60375
2026-04-26 04:00:00,628.63,632.79,628.27,632.52,9812.403,6192703.93667
2026-04-26 08:00:00,632.52,632.75,629.9,632.54,9812.812,6194279.62128
2026-04-26 12:00:00,632.55,633.03,630.6,632.29,9377.389,5923876.37851
2026-04-26 16:00:00,632.29,636.74,630.59,635.89,8940.878,5667808.16743
2026-04-26 20:00:00,635.9,638.06,633.0,635.76,8588.914,5458522.10765
2026-04-27 00:00:00,635.77,639.81,633.74,638.27,18044.113,11512639.96726
2026-04-27 04:00:00,638.27,638.64,625.15,625.87,28410.052,17903286.61373
2026-04-27 08:00:00,625.87,628.94,625.4,627.4,10936.731,6862436.70316
2026-04-27 12:00:00,627.39,628.56,618.38,620.94,25377.875,15834812.4486
2026-04-27 16:00:00,620.93,624.02,620.5,623.53,13646.889,8493928.23966
2026-04-27 20:00:00,623.53,627.31,623.13,626.83,7529.828,4703433.09056
2026-04-28 00:00:00,626.83,627.58,623.28,624.52,7126.507,4456931.2653
2026-04-28 04:00:00,624.52,626.62,621.86,624.26,16508.09,10309184.35762
2026-04-28 08:00:00,624.26,625.47,621.21,621.85,9676.525,6030144.15543
2026-04-28 12:00:00,621.86,623.63,619.0,622.82,16880.81,10493344.09568
2026-04-28 16:00:00,622.82,624.3,621.82,624.17,7137.871,4448423.83385
2026-04-28 20:00:00,624.17,624.66,622.87,624.55,5017.939,3130539.5003
2026-04-29 00:00:00,624.56,626.73,622.56,626.05,9681.142,6050043.11118
2026-04-29 04:00:00,626.05,628.5,625.0,625.13,16646.427,10432838.32818
2026-04-29 08:00:00,625.13,629.61,624.54,626.02,19479.286,12212218.74108
2026-04-29 12:00:00,626.01,626.06,615.48,616.51,21085.078,13089173.69549
2026-04-29 16:00:00,616.52,620.28,610.26,613.31,26554.168,16322421.60177
2026-04-29 20:00:00,613.32,618.58,613.02,617.39,8367.071,5156158.30538
2026-04-30 00:00:00,617.39,620.53,616.03,617.88,12566.092,7769620.09462
2026-04-30 04:00:00,617.88,618.26,613.47,617.5,18797.061,11586060.71367
2026-04-30 08:00:00,617.5,618.75,614.38,615.63,13741.332,8472006.81755
2026-04-30 12:00:00,615.64,618.13,613.58,617.1,19135.061,11784785.26818
2026-04-30 16:00:00,617.09,618.84,615.75,618.45,8022.292,4951427.0912
2026-04-30 20:00:00,618.44,618.61,614.79,615.38,6350.607,3915085.4707
2026-05-01 00:00:00,615.38,621.29,615.28,618.5,14358.805,8869574.8977
2026-05-01 04:00:00,618.5,619.08,616.03,617.42,10394.11,6418642.35289
2026-05-01 08:00:00,617.42,619.56,615.94,618.92,13233.624,8173259.84026
2026-05-01 12:00:00,618.92,622.84,618.44,620.83,25448.318,15799386.04537
2026-05-01 16:00:00,620.83,621.79,618.9,619.24,8877.143,5503892.06044
2026-05-01 20:00:00,619.24,619.37,613.79,615.34,15741.74,9700726.38984
2026-05-02 00:00:00,615.34,617.26,614.78,616.19,7600.96,4681222.82812
2026-05-02 04:00:00,616.19,616.4,614.15,615.91,7752.895,4770763.29567
2026-05-02 08:00:00,615.9,616.2,614.71,615.66,6659.85,4099574.31341
2026-05-02 12:00:00,615.67,618.27,615.38,618.22,12201.248,7525791.94365
2026-05-02 16:00:00,618.22,619.38,617.71,618.83,8574.84,5303207.42303
2026-05-02 20:00:00,618.84,621.81,617.77,618.03,9184.201,5685996.2153
2026-05-03 00:00:00,618.03,618.49,615.09,616.22,10665.496,6572558.37398
2026-05-03 04:00:00,616.22,618.35,615.31,616.96,9750.079,6011105.49753
2026-05-03 08:00:00,616.97,619.54,616.68,618.81,12956.337,8011188.67038
2026-05-03 12:00:00,618.81,620.57,618.14,619.87,13656.211,8459015.55649
2026-05-03 16:00:00,619.87,620.78,618.78,619.26,9598.316,5947644.15017
2026-05-03 20:00:00,619.26,622.27,617.0,617.27,16223.691,10055936.46569
2026-05-04 00:00:00,617.28,626.66,615.61,626.57,37419.932,23301949.0494
2026-05-04 04:00:00,626.58,639.0,626.58,628.4,60837.535,38491357.56698
2026-05-04 08:00:00,628.4,631.01,620.0,622.9,34529.559,21585393.05748
2026-05-04 12:00:00,622.91,628.44,621.19,625.47,43518.679,27189032.12982
2026-05-04 16:00:00,625.47,628.8,623.5,624.93,19279.644,12073291.38271
2026-05-04 20:00:00,624.93,625.91,622.6,622.63,11063.652,6905399.8167
2026-05-05 00:00:00,622.64,628.86,622.58,627.81,19199.304,12014984.44484
2026-05-05 04:00:00,627.8,628.81,625.73,627.54,22579.058,14165960.31354
2026-05-05 08:00:00,627.54,628.94,625.94,628.59,23983.69,15061082.39686
2026-05-05 12:00:00,628.6,634.0,628.05,631.01,35110.266,22150541.12611
2026-05-05 16:00:00,631.01,632.38,627.81,631.72,23383.602,14730570.85621
2026-05-05 20:00:00,631.73,635.0,629.71,630.42,22765.875,14404057.2671
2026-05-06 00:00:00,630.41,636.01,628.97,635.17,23365.379,14792671.50703
2026-05-06 04:00:00,635.18,640.43,632.85,637.99,25453.541,16206394.33555
2026-05-06 08:00:00,637.98,652.66,637.95,652.56,78126.573,50520536.45662
2026-05-06 12:00:00,652.56,664.26,643.58,648.51,81801.424,53496781.07292
2026-05-06 16:00:00,648.51,650.93,646.29,650.45,19995.243,12977701.74341
2026-05-06 20:00:00,650.44,651.49,644.46,647.74,12953.096,8393158.76096
2026-05-07 00:00:00,647.74,649.81,641.64,642.53,29830.996,19217817.37535
2026-05-07 04:00:00,642.54,653.49,642.1,651.91,19315.443,12502078.32932
2026-05-07 08:00:00,651.92,653.1,646.15,648.01,21602.1,14019417.44825
2026-05-07 12:00:00,648.01,651.0,639.41,642.45,29470.063,18997681.20606
2026-05-07 16:00:00,642.46,644.7,639.33,643.71,17699.575,11366027.67691
2026-05-07 20:00:00,643.71,645.65,633.68,637.02,26255.632,16773289.6966
2026-05-08 00:00:00,637.02,640.54,635.46,639.44,15412.117,9834476.62335
2026-05-08 04:00:00,639.44,641.0,634.76,636.91,24292.908,15478036.14503
2026-05-08 08:00:00,636.91,641.56,635.89,641.02,21553.029,13755314.25753
2026-05-08 12:00:00,641.03,644.0,637.54,643.92,18479.16,11839429.69708
2026-05-08 16:00:00,643.92,649.5,642.36,648.09,15055.131,9727634.29325
2026-05-08 20:00:00,648.1,651.53,645.86,649.36,12960.331,8408223.75354
2026-05-09 00:00:00,649.37,655.88,649.01,653.66,18453.315,12057673.99432
2026-05-09 04:00:00,653.67,656.0,648.95,649.77,32605.996,21266319.13969
2026-05-09 08:00:00,649.77,651.03,648.43,650.04,9822.627,6382017.58518
2026-05-09 12:00:00,650.05,650.67,646.23,647.66,11368.726,7373263.2539
2026-05-09 16:00:00,647.67,651.84,647.01,651.01,15609.096,10137378.66016
2026-05-09 20:00:00,651.01,652.36,649.53,649.75,10493.132,6833436.48066
2026-05-10 00:00:00,649.76,650.5,644.84,647.7,18024.134,11667041.78207
2026-05-10 04:00:00,647.71,649.29,647.28,648.28,8599.048,5574594.82097
2026-05-10 08:00:00,648.29,651.9,647.71,649.59,16061.965,10446376.01666
2026-05-10 12:00:00,649.59,656.2,648.47,655.5,17482.985,11397748.87528
2026-05-10 16:00:00,655.51,662.38,654.4,661.14,19655.812,12952842.13693
2026-05-10 20:00:00,661.14,666.66,648.71,663.55,39453.273,26014365.55673
2026-05-11 00:00:00,663.56,664.85,650.07,651.79,30689.411,20137563.18483
2026-05-11 04:00:00,651.8,654.17,650.03,650.61,26867.574,17520418.25862
2026-05-11 08:00:00,650.61,655.92,649.46,655.92,27730.707,18105608.75347
2026-05-11 12:00:00,655.92,661.51,651.49,661.5,31057.069,20372971.35562
2026-05-11 16:00:00,661.51,663.56,659.5,663.32,27138.806,17963857.64395
2026-05-11 20:00:00,663.31,673.0,661.02,670.6,40181.678,26791106.59526
2026-05-12 00:00:00,670.6,671.47,659.09,662.02,34336.061,22816233.32823
2026-05-12 04:00:00,662.02,664.31,657.76,658.59,19544.701,12932679.27228
2026-05-12 08:00:00,658.6,663.4,657.55,663.4,18304.871,12096133.88204
2026-05-12 12:00:00,663.4,664.75,650.49,652.26,45149.103,29673254.07214
2026-05-12 16:00:00,652.26,663.38,650.56,663.07,21554.165,14172882.9512
2026-05-12 20:00:00,663.07,668.0,663.06,664.95,22728.188,15130040.01647
2026-05-13 00:00:00,664.95,682.95,664.36,681.28,63481.069,42964999.57334
2026-05-13 04:00:00,681.28,682.18,675.94,679.02,31687.705,21507122.50377
2026-05-13 08:00:00,679.02,685.68,677.41,678.42,36146.83,24639838.18332
2026-05-13 12:00:00,678.42,680.3,663.77,664.19,61800.437,41465854.91421
2026-05-13 16:00:00,664.19,674.71,664.17,671.32,21029.274,14089260.97747
2026-05-13 20:00:00,671.33,673.84,668.2,671.68,11917.453,7997747.94351
2026-05-14 00:00:00,671.68,677.52,665.42,665.92,25552.318,17195738.45911
2026-05-14 04:00:00,665.91,672.06,665.47,669.34,24244.733,16226850.33282
2026-05-14 08:00:00,669.33,673.96,668.55,670.85,20888.197,14028088.54542
2026-05-14 12:00:00,670.85,680.58,670.62,679.98,43264.703,29290255.57257
2026-05-14 16:00:00,679.98,687.66,678.48,680.2,34513.078,23557714.15803
2026-05-14 20:00:00,680.21,681.99,677.2,678.27,11337.001,7705978.9047
2026-05-15 00:00:00,678.28,686.0,677.24,681.95,31590.787,21534816.97014
2026-05-15 04:00:00,681.95,689.14,673.79,684.3,34855.094,23770291.65476
2026-05-15 08:00:00,684.31,689.98,681.63,686.47,31941.574,21901783.42891
2026-05-15 12:00:00,686.47,686.74,669.16,671.73,46245.668,31305968.79965
2026-05-15 16:00:00,671.73,676.72,671.16,674.04,10415.878,7025568.15265
2026-05-15 20:00:00,674.04,674.56,671.21,672.38,11455.37,7707921.96863
2026-05-16 00:00:00,672.37,674.92,664.9,665.29,18248.201,12211356.18529
2026-05-16 04:00:00,665.29,665.29,656.2,660.68,40063.387,26500504.27862
2026-05-16 08:00:00,660.68,661.97,650.7,654.28,38491.712,25222137.11744
2026-05-16 12:00:00,654.28,658.0,651.1,655.2,19256.183,12587451.69357
2026-05-16 16:00:00,655.19,658.34,654.92,656.16,8832.535,5797494.23867
2026-05-16 20:00:00,656.16,657.62,655.73,656.2,4886.318,3208918.35825
2026-05-17 00:00:00,656.2,657.28,650.0,652.77,18338.033,11967054.15071
2026-05-17 04:00:00,652.77,656.35,652.41,655.31,9915.355,6494971.9697
2026-05-17 08:00:00,655.31,655.45,650.0,655.07,20093.406,13125356.00368
2026-05-17 12:00:00,655.07,657.51,650.57,652.4,14463.278,9454825.71764
2026-05-17 16:00:00,652.41,656.35,650.22,656.04,8126.498,5302064.78584
2026-05-17 20:00:00,656.04,657.6,640.01,649.48,24875.382,16131188.69513
2026-05-18 00:00:00,649.48,649.7,642.13,643.44,24070.12,15535543.04395
2026-05-18 04:00:00,643.44,644.58,637.54,641.85,22109.046,14177872.66182
2026-05-18 08:00:00,641.86,643.69,637.54,641.75,16265.504,10405890.00098
2026-05-18 12:00:00,641.75,645.54,634.3,637.03,28798.729,18406265.41249
2026-05-18 16:00:00,637.04,644.92,635.74,644.78,25412.858,16264893.52602
2026-05-18 20:00:00,644.79,646.4,641.89,643.53,9524.963,6140128.05525
2026-05-19 00:00:00,643.53,647.19,641.17,642.88,15081.766,9710767.87626
2026-05-19 04:00:00,642.87,646.34,640.95,645.93,12878.765,8293248.02503
2026-05-19 08:00:00,645.93,646.02,637.98,639.88,18231.516,11686823.65084
2026-05-19 12:00:00,639.87,642.05,636.1,638.73,22154.505,14167759.63044
2026-05-19 16:00:00,638.74,641.88,637.87,639.99,6959.289,4453957.44565
2026-05-19 20:00:00,639.98,641.66,637.87,640.02,5648.096,3614551.15866
2026-05-20 00:00:00,640.03,640.95,637.52,640.12,10998.41,7030215.23416
2026-05-20 04:00:00,640.13,645.0,638.38,643.41,17026.815,10935327.01484
2026-05-20 08:00:00,643.41,645.31,642.3,643.33,10929.184,7040469.24487
2026-05-20 12:00:00,643.33,649.97,641.34,648.8,21178.265,13687256.62599
2026-05-20 16:00:00,648.81,651.19,646.01,650.57,12072.633,7838846.7415
2026-05-20 20:00:00,650.56,651.77,647.17,649.5,10737.346,6975924.30648
2026-05-21 00:00:00,649.5,656.0,649.31,654.81,16426.826,10736729.69666
2026-05-21 04:00:00,654.81,655.33,650.13,652.93,15174.305,9905883.25682
2026-05-21 08:00:00,652.93,656.0,647.36,647.77,16397.079,10688586.80755
2026-05-21 12:00:00,647.78,653.08,646.33,652.39,22284.158,14479565.50162
2026-05-21 16:00:00,652.39,659.82,650.23,657.87,25349.236,16637940.5549
2026-05-21 20:00:00,657.88,659.0,656.11,658.58,7424.074,4883608.23128
2026-05-22 00:00:00,658.58,661.42,656.14,659.61,19957.927,13158413.94965
2026-05-22 04:00:00,659.62,660.59,655.48,659.49,19045.979,12535631.09282
2026-05-22 08:00:00,659.49,661.1,654.79,657.94,19420.351,12768331.44887
2026-05-22 12:00:00,657.95,664.2,656.45,658.51,27640.76,18248197.91471
2026-05-22 16:00:00,658.51,661.58,648.31,652.48,26896.901,17618993.28672
2026-05-22 20:00:00,652.48,654.03,648.7,650.44,10945.702,7138142.2223
2026-05-23 00:00:00,650.45,653.0,648.07,652.34,12861.485,8367322.61034
2026-05-23 04:00:00,652.33,652.78,635.29,636.76,29959.118,19299202.96877
2026-05-23 08:00:00,636.76,641.27,635.64,640.22,19254.322,12309359.62364
2026-05-23 12:00:00,640.23,648.8,639.28,647.49,16104.113,10376853.22544
2026-05-23 16:00:00,647.49,653.17,646.27,652.34,10922.064,7095821.00207
2026-05-23 20:00:00,652.34,663.93,651.73,656.26,23908.536,15730185.06013
2026-05-24 00:00:00,656.26,658.91,655.47,657.14,10230.955,6724120.83475
2026-05-24 04:00:00,657.14,658.05,654.01,656.64,11489.947,7534324.57811
2026-05-24 08:00:00,656.64,662.6,656.22,661.27,17094.839,11282609.69798
2026-05-24 12:00:00,661.27,661.31,652.07,655.51,17644.883,11597783.63118
2026-05-24 16:00:00,655.54,657.71,655.0,656.16,6343.873,4163150.14021
2026-05-24 20:00:00,656.16,657.65,649.68,656.57,10863.68,7106860.43139
2026-05-25 00:00:00,656.58,659.98,655.76,657.07,8956.671,5893079.95467
2026-05-25 04:00:00,657.08,661.98,656.4,661.92,13397.803,8846581.81057
2026-05-25 08:00:00,661.92,663.38,660.86,662.25,14597.301,9660876.60339
2026-05-25 12:00:00,662.25,673.07,662.13,667.78,43130.126,28872984.61361
2026-05-25 16:00:00,667.78,668.25,660.87,662.37,20332.903,13488174.96766
2026-05-25 20:00:00,662.37,663.29,660.38,663.15,13829.949,9155526.45377
2026-05-26 00:00:00,663.15,663.75,656.04,658.05,28996.126,19122728.5432
2026-05-26 04:00:00,658.06,659.82,655.34,657.73,20163.733,13265674.87095
2026-05-26 08:00:00,657.73,664.6,656.3,662.48,16752.202,11056241.67281
2026-05-26 12:00:00,662.48,668.01,657.28,660.28,33101.37,21930127.73758
2026-05-26 16:00:00,660.29,661.05,653.45,657.2,15961.219,10497386.40793
2026-05-26 20:00:00,657.21,657.85,655.14,656.43,7358.632,4832575.60634
2026-05-27 00:00:00,656.43,659.11,654.0,654.38,11603.96,7618411.47706
2026-05-27 04:00:00,654.39,654.71,650.75,653.5,22097.632,14426041.55575
2026-05-27 08:00:00,653.47,655.77,652.31,653.84,14860.91,9721411.41888
2026-05-27 12:00:00,653.85,658.27,650.14,657.66,22805.928,14924051.24229
2026-05-27 16:00:00,657.67,659.9,650.27,653.39,11901.799,7784274.47574
2026-05-27 20:00:00,653.4,654.97,646.57,648.84,18467.365,12011769.92791
2026-05-28 00:00:00,648.83,649.38,636.76,637.81,27180.926,17468478.02592
2026-05-28 04:00:00,637.81,637.91,631.47,634.98,37611.48,23880569.15447
2026-05-28 08:00:00,634.99,635.36,631.35,632.9,22590.242,14311754.55368
2026-05-28 12:00:00,632.9,636.66,628.22,634.79,29623.064,18737290.62517
2026-05-28 16:00:00,634.79,642.59,633.45,639.71,18517.018,11840229.75105
2026-05-28 20:00:00,639.72,642.53,637.56,638.24,9734.955,6230230.09451
2026-05-29 00:00:00,638.23,639.47,633.79,635.61,10817.037,6887195.94049
2026-05-29 04:00:00,635.6,639.49,634.56,637.04,18566.225,11829847.99697
2026-05-29 08:00:00,637.04,641.19,635.25,637.14,16834.76,10755593.53752
2026-05-29 12:00:00,637.14,643.04,630.86,639.74,34656.091,22069474.26995
2026-05-29 16:00:00,639.75,645.0,638.16,641.45,25151.916,16150375.05887
2026-05-29 20:00:00,641.46,643.87,641.36,643.1,9229.234,5929729.00629
2026-05-30 00:00:00,643.11,661.01,642.66,658.19,60112.76,39283338.71941
2026-05-30 04:00:00,658.2,674.25,656.52,672.92,57378.158,38213525.53452
2026-05-30 08:00:00,672.93,677.34,669.5,673.82,40748.459,27420069.94771
2026-05-30 12:00:00,673.82,695.0,671.11,694.53,82839.847,56733221.976
2026-05-30 16:00:00,694.53,724.56,694.4,721.12,194021.804,138051412.62055
2026-05-30 20:00:00,721.13,729.0,707.31,718.74,131279.938,94442500.23627
2026-05-31 00:00:00,718.74,745.74,718.74,740.03,113699.45,83402549.11263
2026-05-31 04:00:00,740.02,742.28,716.67,719.71,84743.276,61950596.938
2026-05-31 08:00:00,719.71,725.44,717.56,722.89,44018.579,31788036.01323
2026-05-31 12:00:00,722.89,733.8,718.36,720.84,53174.303,38544546.05078
2026-05-31 16:00:00,720.84,722.0,703.0,708.55,57418.865,40831430.67046
2026-05-31 20:00:00,708.55,714.83,706.26,710.55,27111.259,19259454.59374
2026-06-01 00:00:00,710.54,717.32,693.05,703.65,111698.751,78802741.97623
2026-06-01 04:00:00,703.65,705.57,684.72,686.08,71195.399,49380095.03827
2026-06-01 08:00:00,686.08,729.57,685.25,697.14,169006.258,119580962.07926
2026-06-01 12:00:00,697.14,698.38,674.51,677.58,95175.973,65229022.62052
2026-06-01 16:00:00,677.59,696.33,674.07,696.15,50083.583,34432113.15347
2026-06-01 20:00:00,696.14,701.73,688.42,693.1,36182.562,25115560.47253
2026-06-02 00:00:00,693.1,695.51,681.18,693.68,37983.098,26169960.09355
2026-06-02 04:00:00,693.68,694.24,680.47,681.84,33244.698,22784257.71955
2026-06-02 08:00:00,681.84,685.57,675.58,678.13,37164.186,25241684.77337
2026-06-02 12:00:00,678.13,680.21,658.0,663.13,92326.056,61892439.32621
2026-06-02 16:00:00,663.14,671.5,652.36,660.31,50956.304,33810542.78221
2026-06-02 20:00:00,660.31,663.45,642.47,650.69,58462.998,38158331.42339
2026-06-03 00:00:00,650.7,657.51,630.35,633.99,76370.111,49298838.54112
2026-06-03 04:00:00,633.97,646.78,632.81,644.1,52117.066,33385621.65017
2026-06-03 08:00:00,644.1,646.06,637.04,637.38,27006.02,17341049.92063
2026-06-03 12:00:00,637.38,639.31,630.05,632.99,42293.227,26833055.05152
2026-06-03 16:00:00,633.0,633.6,620.0,622.77,46595.81,29148712.17053
2026-06-03 20:00:00,622.77,630.0,616.21,620.63,56531.209,35303004.97829
2026-06-04 00:00:00,620.63,624.57,590.46,618.99,132041.733,80177720.47382
2026-06-04 04:00:00,618.99,621.36,599.22,600.2,114683.132,69452903.76332
2026-06-04 08:00:00,600.2,603.7,588.1,595.3,58774.044,34928065.99687
2026-06-04 12:00:00,595.31,609.5,593.94,606.4,50585.263,30501594.21997
2026-06-04 16:00:00,606.4,610.35,599.31,606.35,25343.14,15343997.38703
2026-06-04 20:00:00,606.35,607.59,597.99,604.53,20004.453,12045559.10679
2026-06-05 00:00:00,604.5,608.0,591.4,595.76,42115.954,25198102.60247
2026-06-05 04:00:00,595.76,602.85,570.61,593.26,123442.609,72161283.29492
2026-06-05 08:00:00,593.26,597.0,585.6,590.11,39184.151,23171371.01771
2026-06-05 12:00:00,590.12,596.27,574.66,578.75,87171.076,51005063.55537
2026-06-05 16:00:00,578.75,583.0,556.46,567.33,177520.693,101381506.34842
2026-06-05 20:00:00,567.28,579.4,563.19,572.22,65403.552,37614945.92409
2026-06-06 00:00:00,572.17,579.7,570.6,573.13,60477.621,34855403.84669
2026-06-06 04:00:00,573.13,581.58,559.68,579.06,72844.762,41675122.74698
2026-06-06 08:00:00,579.06,584.43,571.05,574.06,38599.48,22241774.58256
2026-06-06 12:00:00,574.07,577.4,571.04,575.86,23850.117,13714726.59608
2026-06-06 16:00:00,575.86,577.66,571.25,573.73,17426.36,10007043.02781
2026-06-06 20:00:00,573.74,576.86,570.93,574.53,12992.183,7457252.31347
2026-06-07 00:00:00,574.54,581.64,573.6,581.1,35970.003,20790866.09568
2026-06-07 04:00:00,581.09,590.0,578.0,589.67,40069.656,23462316.61378
2026-06-07 08:00:00,589.67,599.0,587.45,593.38,35811.983,21242654.48866
2026-06-07 12:00:00,593.37,593.99,585.73,591.52,28623.872,16876514.03647
2026-06-07 16:00:00,591.53,597.65,586.7,588.62,17718.224,10501746.54685
2026-06-07 20:00:00,588.64,610.54,587.8,604.44,34650.624,20864283.60294
2026-06-08 00:00:00,604.44,608.39,599.0,603.35,18647.702,11259190.29586
2026-06-08 04:00:00,603.36,603.7,591.55,596.39,24931.837,14863350.74203
2026-06-08 08:00:00,596.4,604.39,593.43,602.29,22250.794,13314687.43794
2026-06-08 12:00:00,602.29,606.28,597.86,604.2,29961.76,18035476.05662
2026-06-08 16:00:00,604.21,609.98,602.38,607.66,15682.805,9515650.0047
2026-06-08 20:00:00,607.67,610.44,601.09,601.86,10000.608,6062429.97848
2026-06-09 00:00:00,601.86,602.92,593.1,599.14,22077.226,13187310.8415
2026-06-09 04:00:00,599.14,605.68,596.5,604.23,19897.603,11996454.51089
2026-06-09 08:00:00,604.24,604.58,596.22,596.94,18689.713,11213559.45381
2026-06-09 12:00:00,596.93,599.68,584.63,586.91,38534.517,22807650.87116
2026-06-09 16:00:00,586.91,596.97,583.84,596.76,23870.542,14087414.07973
2026-06-09 20:00:00,596.76,598.62,590.9,593.44,11567.124,6877681.6933
2026-06-10 00:00:00,593.44,594.83,586.48,587.87,14257.248,8418819.70228
2026-06-10 04:00:00,587.88,589.46,583.58,588.63,20276.403,11885072.26562
2026-06-10 08:00:00,588.63,588.64,580.68,583.0,18632.505,10880381.76632
2026-06-10 12:00:00,583.01,598.52,582.4,596.9,30496.206,18055775.58151
2026-06-10 16:00:00,596.9,597.16,587.05,588.06,16615.593,9820365.25295
2026-06-10 20:00:00,588.05,589.22,582.1,586.53,14568.047,8529835.81823
2026-06-11 00:00:00,586.51,597.75,586.51,596.43,16955.089,10047328.16894
2026-06-11 04:00:00,596.43,598.26,593.72,598.21,15849.425,9439982.66027
2026-06-11 08:00:00,598.21,603.77,598.15,600.63,26205.76,15742133.71295
2026-06-11 12:00:00,600.64,602.99,597.2,598.48,19499.665,11690430.7801
2026-06-11 16:00:00,598.48,607.33,596.03,604.46,25300.89,15236291.86534
2026-06-11 20:00:00,604.44,606.32,600.8,605.76,11995.1,7241376.43883
2026-06-12 00:00:00,605.77,606.15,601.22,602.24,14102.351,8514116.01766
2026-06-12 04:00:00,602.24,604.9,596.58,599.82,16773.899,10072580.26174
2026-06-12 08:00:00,599.83,608.68,599.78,606.65,18563.745,11246741.24136
2026-06-12 12:00:00,606.64,613.39,603.48,605.34,35491.909,21588473.85468
2026-06-12 16:00:00,605.34,609.47,602.74,603.45,12870.554,7807786.05737
2026-06-12 20:00:00,603.46,604.61,602.11,603.83,7533.869,4546203.114
2026-06-13 00:00:00,603.84,606.27,599.33,600.37,18441.865,11120368.10513
2026-06-13 04:00:00,600.37,604.0,599.48,603.27,13314.854,8003822.27583
2026-06-13 08:00:00,603.28,607.49,602.72,606.67,11740.27,7097229.27127
2026-06-13 12:00:00,606.67,611.08,606.16,610.37,16949.94,10318318.69161
2026-06-13 16:00:00,610.38,610.49,606.69,608.48,6493.412,3950348.50631
2026-06-13 20:00:00,608.49,612.33,607.68,609.65,6550.812,3992914.60483
2026-06-14 00:00:00,609.66,611.01,608.51,610.04,8456.312,5154889.07928
2026-06-14 04:00:00,610.04,612.1,608.0,610.31,12185.816,7432108.14077
2026-06-14 08:00:00,610.32,613.03,609.73,612.26,14418.801,8819577.8708
2026-06-14 12:00:00,612.26,612.5,605.34,608.15,31305.255,19083851.03035
2026-06-14 16:00:00,608.16,608.76,602.88,603.28,17393.161,10530284.84771
2026-06-14 20:00:00,603.27,617.24,602.79,616.79,38268.266,23449907.64694
2026-06-15 00:00:00,616.79,618.3,612.66,617.83,16560.186,10198261.35263
2026-06-15 04:00:00,617.84,619.0,615.49,615.58,18298.767,11291631.7765
2026-06-15 08:00:00,615.59,622.88,612.74,620.65,26092.281,16130110.41456
2026-06-15 12:00:00,620.65,632.9,619.34,629.07,69558.578,43598136.41805
2026-06-15 16:00:00,629.07,629.68,618.69,620.91,25852.828,16157813.30751
2026-06-15 20:00:00,620.91,621.77,615.3,617.87,14175.002,8763451.2575
2026-06-16 00:00:00,617.87,619.13,611.1,615.06,22140.718,13608102.65445
2026-06-16 04:00:00,615.07,619.21,611.8,615.77,34385.891,21165276.87165
2026-06-16 08:00:00,615.77,619.5,613.3,614.28,29635.779,18247750.30075
2026-06-16 12:00:00,614.29,617.94,601.33,606.47,74075.34,45061237.83934
2026-06-16 16:00:00,606.48,610.76,604.01,607.05,18479.793,11207849.96723
2026-06-16 20:00:00,607.06,608.93,604.56,604.94,13471.896,8171987.94276
2026-06-17 00:00:00,604.94,608.4,603.1,604.77,16400.813,9931202.53833
2026-06-17 04:00:00,604.78,609.7,604.3,606.62,21872.108,13279878.26622
2026-06-17 08:00:00,606.63,606.69,600.9,604.07,22298.712,13445128.69844
2026-06-17 12:00:00,604.07,612.5,601.01,605.55,58015.475,35194320.10075
2026-06-17 16:00:00,605.56,609.75,597.03,598.62,36748.91,22195545.90985
2026-06-17 20:00:00,598.6,602.29,595.11,601.63,14048.171,8419847.16352
2026-06-18 00:00:00,601.63,604.31,596.25,596.6,17644.621,10599100.71534
2026-06-18 04:00:00,596.6,597.04,587.38,589.57,36450.086,21512505.05563
2026-06-18 08:00:00,589.56,592.8,588.49,589.64,13085.225,7726330.87206
2026-06-18 12:00:00,589.64,592.5,573.0,573.74,44152.816,25765587.85795
2026-06-18 16:00:00,573.75,579.83,573.48,578.88,27437.11,15822921.94199
2026-06-18 20:00:00,578.88,581.12,576.94,578.48,12798.954,7412784.84417
2026-06-19 00:00:00,578.48,583.29,575.9,578.19,14688.521,8514697.85436
2026-06-19 04:00:00,578.19,578.89,570.82,574.97,21351.895,12262234.33272
2026-06-19 08:00:00,574.97,575.28,571.0,573.28,17210.055,9858678.95587
2026-06-19 12:00:00,573.29,579.73,572.12,578.77,21356.003,12307900.64958
2026-06-19 16:00:00,578.77,582.0,577.2,579.93,9629.8,5577422.55305
2026-06-19 20:00:00,579.94,582.47,578.97,581.42,10106.917,5868552.90265
2026-06-20 00:00:00,581.41,582.75,580.12,580.6,15325.004,8906701.24992
2026-06-20 04:00:00,580.6,589.43,580.24,587.69,24665.488,14401689.12675
2026-06-20 08:00:00,587.7,588.3,585.38,586.38,14244.61,8356896.9809
2026-06-20 12:00:00,586.37,589.0,582.0,587.2,18233.106,10675727.4862
2026-06-20 16:00:00,587.21,587.4,584.0,585.92,6243.845,3659117.10389
2026-06-20 20:00:00,585.92,588.5,585.0,588.03,5828.117,3421723.3983
2026-06-21 00:00:00,588.03,591.0,587.0,590.36,10367.993,6108324.18705
2026-06-21 04:00:00,590.37,591.83,588.81,590.94,9427.15,5563922.4117
2026-06-21 08:00:00,590.94,591.78,587.51,588.45,10602.73,6248407.67037
2026-06-21 12:00:00,588.44,590.5,585.15,589.88,15171.087,8913298.27836
2026-06-21 16:00:00,589.88,592.56,588.58,591.85,6882.847,4065871.10264
2026-06-21 20:00:00,591.85,591.89,583.6,584.23,10909.445,6401803.57679
2026-06-22 00:00:00,584.23,596.31,584.07,590.05,22605.868,13383116.73369
2026-06-22 04:00:00,590.05,595.03,589.31,593.96,14871.497,8806694.73323
2026-06-22 08:00:00,593.97,598.0,591.23,597.17,14406.134,8559327.93444
2026-06-22 12:00:00,597.17,602.31,595.5,596.25,30488.835,18261455.76754
2026-06-22 16:00:00,596.25,597.0,590.23,592.29,14208.175,8436204.20195
2026-06-22 20:00:00,592.29,593.15,587.88,590.15,8851.121,5226201.97175
2026-06-23 00:00:00,590.14,592.83,588.03,591.96,11648.442,6883520.89238
2026-06-23 04:00:00,591.97,592.31,577.46,580.88,20251.574,11808721.725
2026-06-23 08:00:00,580.87,581.43,570.57,574.07,38951.074,22350338.34525
2026-06-23 12:00:00,574.07,577.02,571.21,574.67,19540.572,11216956.8474
2026-06-23 16:00:00,574.67,577.25,572.7,576.2,11412.809,6561415.37735
2026-06-23 20:00:00,576.2,579.24,575.51,578.08,7050.411,4069237.0912
2026-06-24 00:00:00,578.09,581.63,575.38,577.85,8595.401,4976133.4693
2026-06-24 04:00:00,577.85,581.4,574.24,576.92,8601.196,4972056.71182
2026-06-24 08:00:00,576.93,582.21,573.84,579.79,13848.586,7988803.84953
2026-06-24 12:00:00,579.79,580.33,561.02,561.41,43424.318,24742947.46776
2026-06-24 16:00:00,561.4,563.79,546.6,555.57,63588.384,35244191.91033
2026-06-24 20:00:00,555.57,566.26,554.67,564.67,22850.113,12854189.45226
2026-06-25 00:00:00,564.66,567.11,563.09,565.79,11715.364,6624688.13387
2026-06-25 04:00:00,565.78,572.72,563.79,570.47,20231.281,11528988.35071
2026-06-25 08:00:00,570.47,570.61,560.46,562.7,21541.017,12203306.36487
2026-06-25 12:00:00,562.71,568.58,540.6,554.04,76637.137,42418705.0279
2026-06-25 16:00:00,554.04,560.24,552.46,554.27,15920.686,8852058.07255
2026-06-25 20:00:00,554.28,563.0,554.27,560.62,10222.431,5716482.8251
2026-06-26 00:00:00,560.63,564.98,550.37,562.99,39254.645,21901924.73238
2026-06-26 04:00:00,562.99,570.34,559.04,569.48,30702.134,17310260.205
2026-06-26 08:00:00,569.49,569.96,558.82,558.99,36766.367,20781716.91284
2026-06-26 12:00:00,558.99,567.2,551.92,565.28,50625.074,28364210.69614
2026-06-26 16:00:00,565.28,568.98,562.77,565.82,20166.201,11428372.38922
2026-06-26 20:00:00,565.85,568.68,564.46,567.64,8688.986,4927332.04881
2026-06-27 00:00:00,567.65,568.66,565.23,566.96,10668.188,6048811.89674
2026-06-27 04:00:00,566.96,567.95,563.93,565.53,15786.083,8928712.97919
2026-06-27 08:00:00,565.53,565.72,562.53,563.16,13208.035,7455199.26166
2026-06-27 12:00:00,563.16,567.04,562.47,565.46,15042.781,8495794.60142
2026-06-27 16:00:00,565.47,566.76,557.95,559.12,12143.073,6839101.06047
2026-06-27 20:00:00,559.11,563.28,554.53,557.2,14563.75,8136467.01087
2026-06-28 00:00:00,557.19,558.85,556.46,558.74,5867.262,3273136.44446
2026-06-28 04:00:00,558.74,558.74,554.03,556.45,8767.078,4874101.70997
2026-06-28 08:00:00,556.46,558.89,554.35,557.29,14771.856,8219506.9181
2026-06-28 12:00:00,557.29,558.0,553.8,554.55,11020.552,6122670.69038
2026-06-28 16:00:00,554.56,554.84,547.23,548.45,17304.201,9535416.66698
2026-06-28 20:00:00,548.44,555.28,545.62,551.07,19136.908,10539759.3161
2026-06-29 00:00:00,551.07,556.69,546.67,555.19,12917.628,7135251.61725
2026-06-29 04:00:00,555.2,555.53,548.37,553.6,14356.211,7935266.63964
2026-06-29 08:00:00,553.6,555.78,550.51,551.87,16456.672,9106270.70981
2026-06-29 12:00:00,551.86,558.42,546.17,551.97,26768.621,14768567.02445
2026-06-29 16:00:00,551.97,563.16,550.34,561.78,28961.634,16174794.78117
2026-06-29 20:00:00,561.78,562.21,559.28,559.52,6333.358,3550715.64037
2026-06-30 00:00:00,559.51,560.4,553.76,553.77,13683.893,7609104.75642
2026-06-30 04:00:00,553.76,554.73,551.62,552.42,13039.724,7209771.23017
2026-06-30 08:00:00,552.42,553.06,547.0,547.7,23300.557,12809442.75683
2026-06-30 12:00:00,547.71,551.56,543.68,544.96,31849.999,17400481.54459
2026-06-30 16:00:00,544.96,548.66,544.86,547.4,12738.728,6962987.6617
2026-06-30 20:00:00,547.38,547.7,544.13,546.52,11702.619,6384423.58161
2026-07-01 00:00:00,546.52,552.83,540.0,551.52,26274.241,14375570.52557
2026-07-01 04:00:00,551.52,552.65,545.08,546.89,15985.381,8778185.56018
2026-07-01 08:00:00,546.88,547.69,537.25,542.64,34363.088,18657551.25688
2026-07-01 12:00:00,542.64,555.68,541.32,554.36,44000.341,24134129.39057
2026-07-01 16:00:00,554.36,554.96,550.15,551.25,25310.103,13982888.94268
2026-07-01 20:00:00,551.26,559.55,550.03,550.44,16140.018,8954804.25163
2026-07-02 00:00:00,550.45,561.19,546.21,556.94,23289.301,12891799.44893
2026-07-02 04:00:00,556.93,556.93,548.74,549.4,20760.498,11464121.18435
2026-07-02 08:00:00,549.4,561.73,549.25,559.93,35061.152,19501679.56753
2026-07-02 12:00:00,559.94,567.17,559.14,562.54,49231.818,27733802.0521
2026-07-02 16:00:00,562.54,564.16,558.0,558.14,14749.848,8274164.23391
2026-07-02 20:00:00,558.14,559.6,556.16,558.96,9224.197,5144256.01047
2026-07-03 00:00:00,558.95,562.12,556.99,561.03,12219.006,6843018.74447
2026-07-03 04:00:00,561.03,563.97,560.04,561.69,12372.859,6952940.37855
2026-07-03 08:00:00,561.68,567.58,561.34,566.77,26349.251,14874725.14794
2026-07-03 12:00:00,566.78,568.45,563.23,565.65,24888.366,14082956.9413
2026-07-03 16:00:00,565.66,571.5,564.6,569.69,14527.066,8251810.92245
2026-07-03 20:00:00,569.69,575.21,569.51,573.81,14302.443,8195697.4006
2026-07-04 00:00:00,573.81,575.71,570.93,572.23,12691.296,7269222.31883
2026-07-04 04:00:00,572.23,573.36,568.7,569.7,19349.764,11042125.43654
2026-07-04 08:00:00,569.71,576.24,569.21,571.91,19981.257,11443019.67668
2026-07-04 12:00:00,571.91,578.23,571.9,576.74,18379.003,10575962.57103
2026-07-04 16:00:00,576.74,578.82,574.46,575.52,14055.018,8102746.02734
2026-07-04 20:00:00,575.52,578.27,572.57,575.37,12257.796,7049499.86676
2026-07-05 00:00:00,575.38,575.43,568.19,570.44,13791.617,7879588.73389
2026-07-05 04:00:00,570.44,575.83,569.88,575.64,15559.302,8896469.0205
2026-07-05 08:00:00,575.65,579.0,572.48,577.05,26110.953,15047220.66726
2026-07-05 12:00:00,577.06,589.85,576.19,587.34,39665.879,23232302.4913
2026-07-05 16:00:00,587.34,591.8,583.49,589.45,20577.935,12094193.39987
2026-07-05 20:00:00,589.44,593.47,585.84,589.87,17131.148,10107932.87244
2026-07-06 00:00:00,589.88,593.1,582.67,585.41,21655.062,12725267.1933
2026-07-06 04:00:00,585.41,585.68,581.03,582.08,16865.242,9830074.27257
2026-07-06 08:00:00,582.07,582.9,576.1,577.81,19097.256,11072254.13331
2026-07-06 12:00:00,577.81,585.0,570.12,584.74,45128.136,25996234.04283
2026-07-06 16:00:00,584.75,586.71,582.85,585.15,22209.494,12985693.11245
2026-07-06 20:00:00,585.15,592.1,583.55,586.01,15850.305,9322287.07724
2026-07-07 00:00:00,586.02,587.92,578.22,579.18,13612.041,7936238.98833
2026-07-07 04:00:00,579.18,580.79,576.39,578.33,14327.813,8296701.39013
2026-07-07 08:00:00,578.32,580.4,576.52,580.23,13786.319,7972991.58626
2026-07-07 12:00:00,580.23,585.61,575.28,584.74,22126.992,12844907.15105
2026-07-07 16:00:00,584.73,587.16,580.01,583.29,17691.197,10337828.87898
2026-07-07 20:00:00,583.29,583.8,576.4,576.82,11524.127,6679823.67957
2026-07-08 00:00:00,576.83,579.0,567.45,569.05,22550.581,12907934.95603
2026-07-08 04:00:00,569.06,570.31,565.23,567.94,15467.474,8780098.82395
2026-07-08 08:00:00,567.94,568.78,560.4,566.13,24124.948,13592609.84404
2026-07-08 12:00:00,566.14,567.38,560.94,562.36,17574.951,9917611.40391
2026-07-08 16:00:00,562.36,567.87,561.64,566.94,12328.243,6968421.09667
2026-07-08 20:00:00,566.95,568.98,564.77,568.66,7370.791,4179654.56002
2026-07-09 00:00:00,568.66,572.81,565.48,568.26,11207.018,6372454.4484
2026-07-09 04:00:00,568.26,577.15,567.66,572.74,19793.437,11337245.05357
2026-07-09 08:00:00,572.74,573.52,568.93,569.77,24040.651,13743213.88996
2026-07-09 12:00:00,569.77,573.0,568.07,571.03,15050.399,8581485.61877
2026-07-09 16:00:00,571.02,573.67,569.3,570.26,9539.491,5449538.98241
2026-07-09 20:00:00,570.26,571.21,568.62,568.72,5990.613,3414401.45535
2026-07-10 00:00:00,568.73,576.69,568.02,575.52,17703.906,10166133.91159
2026-07-10 04:00:00,575.52,578.14,573.86,574.0,20552.974,11843374.71615
2026-07-10 08:00:00,574.0,577.66,573.93,575.59,17829.918,10272244.28083
2026-07-10 12:00:00,575.6,577.0,569.63,573.86,16217.656,9308208.12232
2026-07-10 16:00:00,573.86,578.31,573.86,575.99,10097.023,5815002.20046
2026-07-10 20:00:00,575.99,577.01,574.69,575.43,5104.897,2939746.59114
2026-07-11 00:00:00,575.44,576.07,573.06,574.91,14391.707,8278581.42418
2026-07-11 04:00:00,574.92,577.72,574.31,576.92,11419.022,6574928.77662
2026-07-11 08:00:00,576.92,579.84,576.61,579.39,10306.69,5959690.53733
2026-07-11 12:00:00,579.39,583.01,577.81,579.86,17065.043,9915987.57819
2026-07-11 16:00:00,579.87,581.52,579.23,580.56,5633.817,3269997.73812
2026-07-11 20:00:00,580.57,582.08,574.65,574.65,6900.06,3994165.11359
2026-07-12 00:00:00,574.65,575.89,570.3,575.39,11376.94,6518213.01736
2026-07-12 04:00:00,575.4,575.89,570.13,572.37,11993.436,6866677.32421
2026-07-12 08:00:00,572.37,580.53,572.26,580.17,17188.497,9885389.50031
2026-07-12 12:00:00,580.18,584.63,579.36,581.1,21416.126,12451709.58131
2026-07-12 16:00:00,581.09,582.07,578.88,579.86,9564.179,5548216.17207
2026-07-12 20:00:00,579.87,579.96,572.89,573.91,10176.874,5858464.44366
2026-07-13 00:00:00,573.91,579.89,566.67,569.04,21142.99,12109732.71464
2026-07-13 04:00:00,569.05,570.58,566.28,570.11,10869.089,6182047.31499
2026-07-13 08:00:00,570.11,571.1,568.45,569.66,12387.053,7059244.78382
2026-07-13 12:00:00,569.67,571.78,565.61,568.72,13743.311,7813067.72318
2026-07-13 16:00:00,568.72,568.88,562.37,566.29,12017.275,6791649.93161
2026-07-13 20:00:00,566.29,567.5,563.31,567.49,6565.405,3712705.5852
2026-07-14 00:00:00,567.5,570.57,566.74,569.98,11899.992,6773090.93984
2026-07-14 04:00:00,569.99,571.68,568.93,570.15,13379.087,7631329.14516
2026-07-14 08:00:00,570.16,571.74,569.14,570.96,12323.019,7032216.71771
2026-07-14 12:00:00,570.96,584.64,570.21,582.87,54190.616,31371023.1179
2026-07-14 16:00:00,582.87,583.41,579.1,580.64,19812.644,11507429.31454
2026-07-14 20:00:00,580.65,582.91,579.27,581.87,11629.828,6760279.96746
2026-07-15 00:00:00,581.88,583.17,579.2,580.71,14805.681,8604843.01065
2026-07-15 04:00:00,580.72,582.28,576.49,576.49,20642.743,11953718.90987
2026-07-15 08:00:00,576.5,579.1,575.8,579.01,18256.09,10545135.51852
2026-07-15 12:00:00,579.02,585.3,577.22,581.73,34690.705,20182875.73437
2026-07-15 16:00:00,581.74,581.91,576.63,579.48,14929.381,8651575.12993
2026-07-15 20:00:00,579.5,581.97,579.3,580.55,9571.257,5559916.3845
2026-07-16 00:00:00,580.56,582.4,577.85,581.46,14733.76,8544752.76513
2026-07-16 04:00:00,581.47,585.87,578.88,579.86,14193.549,8271374.95656
2026-07-16 08:00:00,579.86,580.07,574.57,578.09,14502.903,8371415.67731
2026-07-16 12:00:00,578.09,581.21,575.66,579.48,15236.599,8817910.74044
2026-07-16 16:00:00,579.49,579.56,574.28,575.8,18136.93,10458637.40243
2026-07-16 20:00:00,575.81,577.0,571.69,572.45,9545.502,5483372.76858
2026-07-17 00:00:00,572.45,574.84,570.32,572.36,16940.226,9696428.61759
2026-07-17 04:00:00,572.37,572.74,566.0,566.0,20220.86,11511412.74015
2026-07-17 08:00:00,566.01,566.01,562.86,564.78,49072.511,27698173.16118
2026-07-17 12:00:00,564.78,565.13,555.59,562.97,35489.948,19907377.02896
2026-07-17 16:00:00,562.97,568.05,562.19,568.05,16221.528,9172098.57301
2026-07-17 20:00:00,568.05,569.16,566.62,568.09,4720.118,2680653.19758
2026-07-18 00:00:00,568.09,569.21,566.25,568.39,11604.096,6589535.40579
2026-07-18 04:00:00,568.39,568.5,566.39,567.97,12143.315,6889947.64422
2026-07-18 08:00:00,567.97,570.51,567.69,569.76,14232.943,8093798.69269
2026-07-18 12:00:00,569.76,571.87,568.99,570.86,10393.635,5927436.85181
2026-07-18 16:00:00,570.86,572.75,570.06,570.64,8489.266,4848791.56272
2026-07-18 20:00:00,570.65,572.5,569.66,570.65,5676.288,3240321.25474
2026-07-19 00:00:00,570.66,572.61,568.7,569.15,8270.469,4719529.77658
2026-07-19 04:00:00,569.15,569.68,567.31,569.04,8652.193,4921179.67509
2026-07-19 08:00:00,569.05,570.0,567.13,568.01,14891.715,8467012.31715
2026-07-19 12:00:00,568.01,570.96,567.0,570.16,7415.512,4216114.73246
2026-07-19 16:00:00,570.16,570.47,566.33,568.15,8389.194,4767848.07079
2026-07-19 20:00:00,568.16,571.75,568.0,571.06,7478.12,4266119.20122
2026-07-20 00:00:00,571.06,573.94,568.23,570.13,15186.277,8667269.40398
2026-07-20 04:00:00,570.13,570.23,562.97,566.69,16075.397,9098696.35629
2026-07-20 08:00:00,566.7,571.43,564.35,571.01,18476.073,10490527.5167
2026-07-20 12:00:00,571.02,574.6,565.0,573.91,23531.308,13404138.30178
2026-07-20 16:00:00,573.92,575.91,571.05,571.3,22445.646,12873742.86265
2026-07-20 20:00:00,571.3,572.96,569.86,571.27,7032.106,4017535.01621
2026-07-21 00:00:00,571.28,575.37,570.75,575.25,10311.672,5912452.68029
2026-07-21 04:00:00,575.25,576.96,573.76,576.85,20739.555,11936944.1076
2026-07-21 08:00:00,576.86,579.79,576.18,576.66,24503.798,14157750.98879
2026-07-21 12:00:00,576.67,578.0,574.48,575.17,25948.039,14950024.16381
2026-07-21 16:00:00,575.17,575.6,572.15,572.75,14654.279,8406002.38243
2026-07-21 20:00:00,572.74,574.16,571.81,573.95,6823.121,3909724.03234
2026-07-22 00:00:00,573.96,575.63,570.9,571.08,13688.749,7854742.83528
2026-07-22 04:00:00,571.07,572.58,566.89,568.27,13256.402,7545746.381
2026-07-22 08:00:00,568.27,571.77,568.18,570.97,12655.426,7220801.116
2026-07-22 12:00:00,570.97,575.25,569.37,572.5,19315.587,11045917.47646
2026-07-22 16:00:00,572.5,575.5,568.98,570.16,19560.714,11198015.70832
2026-07-22 20:00:00,570.16,572.18,569.38,571.08,6407.118,3656528.09962
2026-07-23 00:00:00,571.09,572.24,569.62,570.38,8551.467,4882051.25062
2026-07-23 04:00:00,570.38,570.64,568.23,569.82,8979.926,5116841.30634
2026-07-23 08:00:00,569.83,571.51,568.91,569.99,14259.184,8129773.38338
2026-07-23 12:00:00,570.0,570.28,563.71,567.66,24307.846,13794215.0542
2026-07-23 16:00:00,567.66,567.79,565.01,566.64,7681.585,4353724.43926
2026-07-23 20:00:00,566.64,568.8,566.14,567.41,6826.237,3873474.49087
2026-07-24 00:00:00,567.41,570.39,565.92,569.15,8917.355,5066941.0836
2026-07-24 04:00:00,569.15,571.31,566.81,569.5,11368.31,6467490.03591
2026-07-24 08:00:00,569.51,569.63,565.18,566.98,12890.11,7311908.76939
2026-07-24 12:00:00,566.98,566.99,556.0,561.41,37916.611,21258139.41211
2026-07-24 16:00:00,561.41,566.37,560.0,565.16,15191.12,8551049.2252
2026-07-24 20:00:00,565.17,565.71,563.6,564.9,6205.367,3504994.04921
2026-07-25 00:00:00,564.91,566.47,564.18,565.37,11198.128,6329386.8843
2026-07-25 04:00:00,565.37,566.15,563.9,564.81,7963.752,4500782.34987
2026-07-25 08:00:00,564.81,566.16,564.34,565.74,9334.435,5277069.29981
2026-07-25 12:00:00,565.75,569.33,564.98,567.38,12489.334,7082588.22821
2026-07-25 16:00:00,567.39,569.1,566.51,568.7,7520.79,4271421.25973
2026-07-25 20:00:00,568.7,570.0,568.23,568.94,4890.836,2783663.52523
2026-07-26 00:00:00,568.94,570.84,568.94,570.43,9640.65,5495428.69002
2026-07-26 04:00:00,570.44,572.91,569.93,571.57,12044.563,6881500.00869
2026-07-26 08:00:00,571.56,572.45,570.44,570.65,9566.124,5465483.57924
2026-07-26 12:00:00,570.66,573.99,570.01,573.79,15149.496,8664334.76388
2026-07-26 16:00:00,573.8,574.75,572.2,573.59,10852.996,6221235.66545
2026-07-26 20:00:00,573.59,576.57,572.8,575.32,8575.186,4929519.6945
2026-07-27 00:00:00,575.31,575.67,571.49,573.61,7659.771,4391338.48893
2026-07-27 04:00:00,573.61,577.2,573.09,574.76,9740.404,5599569.09944
2026-07-27 08:00:00,574.76,575.15,571.68,572.9,19993.189,11459995.44214
2026-07-27 12:00:00,572.9,576.89,565.8,568.64,22025.231,12567692.46647
2026-07-27 16:00:00,568.64,576.11,568.06,575.62,12177.78,6984732.60631
2026-07-27 20:00:00,575.63,575.77,565.4,566.28,8842.465,5038934.04506
2026-07-28 00:00:00,566.28,567.21,562.03,566.57,13448.51,7600035.58643
2026-07-28 04:00:00,566.58,566.85,564.6,565.83,12108.767,6846526.53585
2026-07-28 08:00:00,565.84,567.44,564.9,566.86,9263.797,5243594.50486
2026-07-28 12:00:00,566.86,575.66,563.19,573.3,30437.738,17323736.88458
2026-07-28 16:00:00,573.3,573.97,567.05,570.93,12694.089,7243684.90121
2026-07-28 20:00:00,570.93,572.07,568.29,571.29,7143.171,4076171.61659
2026-07-29 00:00:00,571.29,573.5,567.1,567.38,11991.057,6840078.17237
2026-07-29 04:00:00,567.39,572.13,566.01,571.9,9406.561,5356221.85459
2026-07-29 08:00:00,571.89,573.23,570.11,570.69,11733.066,6704377.91709
2026-07-29 12:00:00,570.7,570.74,567.4,568.57,11698.205,6654286.42429
2026-07-29 16:00:00,568.57,573.56,567.37,568.54,18677.295,10649643.90124
2026-07-29 20:00:00,568.55,572.56,565.27,571.99,9972.98,5672178.83379
2026-07-30 00:00:00,571.99,577.51,571.05,573.42,14809.732,8506418.03834
2026-07-30 04:00:00,573.42,576.1,571.56,574.72,11461.177,6572177.87838
2026-07-30 08:00:00,574.72,591.25,574.41,589.0,48181.611,28142122.95862
2026-07-30 12:00:00,589.0,591.0,585.52,590.99,29338.501,17249377.15884
2026-07-30 16:00:00,591.0,596.0,591.0,594.62,23174.893,13762859.31738
2026-07-30 20:00:00,594.62,595.18,590.78,591.99,16231.865,9622587.40278
2026-07-31 00:00:00,591.99,594.46,585.79,589.46,20096.783,11857275.34371
2026-07-31 04:00:00,589.47,592.92,588.47,589.76,22479.308,13273327.35596
2026-07-31 08:00:00,589.77,593.92,588.15,592.02,23900.806,14135917.51286
2026-07-31 12:00:00,592.02,595.5,583.99,585.45,36291.235,21376533.93513
2026-07-31 16:00:00,585.45,590.04,585.23,588.17,9032.151,5309856.93839
2026-07-31 20:00:00,588.17,589.0,586.41,587.01,6680.52,3925135.34459
2026-08-01 00:00:00,587.01,591.44,587.01,589.36,12958.81,7636935.15965
2026-08-01 04:00:00,589.35,592.8,588.79,590.09,15164.359,8963946.11569
2026-08-01 08:00:00,590.09,590.5,579.64,580.33,22030.749,12863949.34825
2026-08-01 12:00:00,580.34,580.53,576.36,576.47,22893.35,13250605.36106
2026-08-01 16:00:00,576.47,578.73,573.5,575.74,17810.931,10267252.87046
2026-08-01 20:00:00,575.74,576.52,574.85,575.13,14388.103,8282480.6281
2026-08-02 00:00:00,575.14,583.1,574.03,582.31,16555.619,9582776.12471
2026-08-02 04:00:00,582.32,586.15,582.32,585.49,20548.164,12017580.06864
2026-08-02 08:00:00,585.49,585.7,581.59,582.11,9150.759,5341321.63315
2026-08-02 12:00:00,582.11,587.5,581.2,586.24,13729.017,8018573.90255
2026-08-02 16:00:00,586.24,590.99,585.89,589.4,9126.209,5371127.55564
2026-08-02 20:00:00,589.41,590.86,587.69,588.46,8618.685,5076845.03676
2026-08-03 00:00:00,588.46,588.54,582.97,583.1,11106.481,6499540.25216
2026-08-03 04:00:00,583.11,584.47,581.75,583.73,15739.694,9176052.82363
2026-08-03 08:00:00,583.74,587.8,581.03,585.76,15489.418,9064063.26266
2026-08-03 12:00:00,585.76,593.69,584.45,592.54,25186.273,14827927.37267
2026-08-03 16:00:00,592.54,594.32,591.19,591.45,12383.347,7338330.21922
2026-08-03 20:00:00,591.45,592.55,589.05,589.35,6932.643,4092092.38641
2026-08-04 00:00:00,589.35,592.58,588.8,590.86,11449.474,6765827.77278
2026-08-04 04:00:00,590.87,593.09,589.4,590.61,9187.028,5427501.90872
2026-08-04 08:00:00,590.62,592.13,588.0,591.77,11296.277,6660752.99497
2026-08-04 12:00:00,591.78,594.7,588.7,593.28,21348.054,12638294.04224
2026-08-04 16:00:00,593.28,594.96,592.11,593.78,12994.333,7714271.4677
2026-08-04 20:00:00,593.77,594.78,592.56,593.18,5940.074,3526165.11125
2026-08-05 00:00:00,593.19,605.5,592.36,598.81,44107.471,26414249.57498
2026-08-05 04:00:00,598.82,602.9,598.0,600.11,12969.263,7788006.28702
2026-08-05 08:00:00,600.12,600.99,595.23,596.62,19247.146,11511212.37978
2026-08-05 12:00:00,596.62,603.71,596.42,599.88,24611.189,14766338.99566
2026-08-05 16:00:00,599.88,602.52,597.19,599.73,16379.634,9830793.35545
2026-08-05 20:00:00,599.73,600.08,591.79,593.85,17295.553,10296017.41537
2026-08-06 00:00:00,593.86,596.91,592.0,594.52,16136.545,9593019.99816
2026-08-06 04:00:00,594.53,598.32,594.07,595.35,12313.931,7336285.86361
2026-08-06 08:00:00,595.36,596.27,592.4,594.1,13724.073,8156848.49311
2026-08-06 12:00:00,594.1,594.6,591.14,592.5,17178.461,10187710.08117
2026-08-06 16:00:00,592.51,593.83,589.95,590.6,12192.609,7218797.0205
2026-08-06 20:00:00,590.6,592.74,590.37,592.39,4098.679,2425184.90607
2026-08-07 00:00:00,592.4,594.68,592.06,592.93,10797.829,6407678.20776
2026-08-07 04:00:00,592.94,592.95,585.3,585.46,30082.049,17690687.35255
2026-08-07 08:00:00,585.46,591.9,585.32,591.45,17421.618,10268000.49709
2026-08-07 12:00:00,591.45,593.45,590.4,592.31,24197.208,14328627.45081
2026-08-07 16:00:00,592.32,594.4,591.05,593.38,7762.233,4600794.34364
2026-08-07 20:00:00,593.38,593.73,592.22,592.57,3240.812,1921222.04839
2026-08-08 00:00:00,592.57,593.78,590.65,593.43,11285.886,6678727.72998
2026-08-08 04:00:00,593.42,595.15,592.67,594.52,10311.558,6126173.29403
2026-08-08 08:00:00,594.53,596.61,593.74,596.51,10628.558,6323849.50779
2026-08-08 12:00:00,596.51,612.0,595.42,605.14,53396.722,32276029.60998
2026-08-08 16:00:00,605.15,607.42,602.75,603.29,10137.729,6130563.61169
2026-08-08 20:00:00,603.28,603.29,599.04,600.66,8224.574,4943728.22127
2026-08-09 00:00:00,600.66,604.41,600.21,600.44,10920.082,6575318.36993
2026-08-09 04:00:00,600.44,603.76,600.35,603.14,14391.408,8667321.90496
2026-08-09 08:00:00,603.14,604.71,601.0,603.92,10867.116,6554989.80579
2026-08-09 12:00:00,603.92,611.55,603.14,608.53,24416.976,14845019.50062
2026-08-09 16:00:00,608.54,609.3,607.17,607.63,10372.365,6310151.49059
2026-08-09 20:00:00,607.63,611.12,601.86,602.23,13461.842,8158215.19272
2026-08-10 00:00:00,602.22,606.84,601.33,602.59,15403.913,9301426.32439
2026-08-10 04:00:00,602.59,604.9,601.0,604.04,11174.733,6741792.61662
2026-08-10 08:00:00,604.04,606.66,603.59,605.18,13766.993,8327536.30446
2026-08-10 12:00:00,605.19,605.63,599.64,601.11,28031.787,16864963.89663
2026-08-10 16:00:00,601.11,602.5,597.32,600.69,14116.672,8475402.17493
2026-08-10 20:00:00,600.68,601.54,598.29,599.23,5735.642,3440213.35747
2026-08-11 00:00:00,599.24,601.0,599.05,600.38,9225.753,5536013.00905
2026-08-11 04:00:00,600.38,602.5,598.46,602.5,19060.664,11445268.79686
2026-08-11 08:00:00,602.5,608.54,602.33,608.43,30562.96,18517758.1268
2026-08-11 12:00:00,608.44,614.98,605.48,608.49,42982.042,26249216.16066
2026-08-11 16:00:00,608.49,611.84,607.83,611.71,20166.691,12295880.53632
2026-08-11 20:00:00,611.71,617.73,611.28,616.69,20488.87,12580204.313
2026-08-12 00:00:00,616.69,620.55,612.9,613.28,27072.18,16706014.03552
2026-08-12 04:00:00,613.28,615.81,609.02,612.29,23990.394,14692784.65498
2026-08-12 08:00:00,612.29,614.88,610.0,614.87,15175.379,9296690.11847
2026-08-12 12:00:00,614.87,615.71,608.83,610.91,24271.851,14858453.15496
2026-08-12 16:00:00,610.91,611.72,609.1,609.79,8769.793,5355002.96773
2026-08-12 20:00:00,609.78,612.27,608.93,610.44,6266.864,3826215.73622
2026-08-13 00:00:00,610.44,612.48,609.79,612.34,8801.708,5378600.25579
2026-08-13 04:00:00,612.35,614.99,610.83,613.71,11153.623,6837212.20386
2026-08-13 08:00:00,613.7,614.4,607.77,608.93,15918.805,9730373.85465
2026-08-13 12:00:00,608.93,611.64,606.62,607.6,16518.067,10069648.10695
2026-08-13 16:00:00,607.59,610.26,605.0,609.79,14731.964,8959050.70499
2026-08-13 20:00:00,609.79,611.8,609.54,610.71,5369.935,3280260.93336
2026-08-14 00:00:00,610.71,612.9,609.92,611.76,9196.934,5623719.09848
2026-08-14 04:00:00,611.76,612.65,607.46,607.47,9762.638,5949103.05055
2026-08-14 08:00:00,607.47,609.0,603.43,604.92,13851.688,8399513.22206
2026-08-14 12:00:00,604.93,607.31,602.98,606.69,14924.122,9027986.50056
2026-08-14 16:00:00,606.7,607.47,605.04,606.41,9045.63,5485581.55177
2026-08-14 20:00:00,606.42,608.39,606.3,607.96,6859.076,4164062.4512
2026-08-15 00:00:00,607.97,610.79,606.97,610.41,9495.151,5780365.94957
2026-08-15 04:00:00,610.42,612.35,610.17,611.57,10472.152,6400738.31461
2026-08-15 08:00:00,611.57,612.15,609.91,611.74,10907.541,6668181.55537
2026-08-15 12:00:00,611.74,612.85,608.77,611.65,13310.818,8128139.09573
2026-08-15 16:00:00,611.65,612.0,610.06,611.41,8995.865,5497050.90337
2026-08-15 20:00:00,611.41,611.67,607.5,607.76,7581.756,4621268.47003
2026-08-16 00:00:00,607.76,607.97,606.32,606.49,13035.553,7914850.54151
2026-08-16 04:00:00,606.49,606.59,604.36,605.63,12928.922,7831045.76349
2026-08-16 08:00:00,605.64,608.54,604.87,606.9,14100.957,8558160.50965
2026-08-16 12:00:00,606.9,608.43,606.77,607.44,14158.619,8604276.37828
2026-08-16 16:00:00,607.44,608.19,605.27,606.09,13428.078,8145973.75127
2026-08-16 20:00:00,606.1,606.1,601.5,602.98,12717.759,7679161.6409
2026-08-17 00:00:00,602.99,605.71,601.01,605.17,13287.002,8018074.3481
2026-08-17 04:00:00,605.17,607.41,604.83,605.07,13859.327,8395975.21687
2026-08-17 08:00:00,605.07,605.67,601.88,604.99,16477.672,9959230.74239
2026-08-17 12:00:00,604.99,607.86,603.85,607.16,16110.064,9758367.32639
2026-08-17 16:00:00,607.16,608.0,604.95,605.24,12482.764,7571787.95897
2026-08-17 20:00:00,605.25,606.5,604.37,605.8,6827.526,4132957.43614
2026-08-18 00:00:00,605.81,606.0,602.17,603.62,10906.516,6588306.65565
2026-08-18 04:00:00,603.63,605.2,602.97,603.33,11020.48,6653411.7066
2026-08-18 08:00:00,603.34,603.34,601.0,602.12,18880.33,11363350.3327
2026-08-18 12:00:00,602.13,604.24,600.0,603.45,20475.215,12325525.88502
2026-08-18 16:00:00,603.46,604.48,602.7,603.0,8210.619,4953460.22312
2026-08-18 20:00:00,603.0,604.2,602.23,603.94,6379.732,3847705.27718
2026-08-19 00:00:00,603.95,604.82,601.42,601.97,10577.783,6379710.8928
2026-08-19 04:00:00,601.97,602.6,601.39,601.8,10816.796,6510621.18393
2026-08-19 08:00:00,601.81,603.5,601.68,602.8,12780.087,7701903.53409
2026-08-19 12:00:00,602.81,620.18,602.8,616.65,74551.621,45683120.31592
2026-08-19 16:00:00,616.66,620.3,613.92,616.58,48462.146,29909424.20526
2026-08-19 20:00:00,616.59,636.59,616.24,627.51,69701.935,43788788.5984
2026-08-20 00:00:00,627.51,630.73,622.28,626.37,43279.137,27119970.83002
2026-08-20 04:00:00,626.38,632.71,624.51,630.44,27617.122,17332727.09598
2026-08-20 08:00:00,630.45,649.0,630.35,645.83,88651.018,56928337.11293
2026-08-20 12:00:00,645.82,652.63,638.21,652.56,52979.867,34118210.60026
2026-08-20 16:00:00,652.57,654.59,645.92,650.48,32462.409,21123115.55165
2026-08-20 20:00:00,650.48,658.3,650.18,654.8,18421.815,12057329.47737
2026-08-21 00:00:00,654.8,666.64,653.24,661.07,50430.204,33285821.31479
2026-08-21 04:00:00,661.08,673.73,658.59,669.6,57401.453,38301272.85305
2026-08-21 08:00:00,669.6,686.15,668.0,674.44,115475.028,78183572.74793
2026-08-21 12:00:00,674.44,682.0,673.0,679.11,46403.967,31470977.7978
2026-08-21 16:00:00,679.11,682.11,672.53,672.96,31785.284,21536679.75363
2026-08-21 20:00:00,672.96,692.0,671.77,687.0,53820.599,36731699.19704
2026-08-22 00:00:00,687.0,721.85,681.8,718.11,98908.077,69661550.76784
2026-08-22 04:00:00,718.11,726.08,683.18,706.06,163519.149,114903534.20684
2026-08-22 08:00:00,706.07,710.0,684.15,694.17,61724.176,42932688.98024
2026-08-22 12:00:00,694.18,698.1,688.33,688.45,43301.733,30024451.87317
2026-08-22 16:00:00,688.46,699.71,688.36,698.6,16158.734,11242326.25302
2026-08-22 20:00:00,698.61,700.36,691.35,695.28,20852.25,14506632.14086
2026-08-23 00:00:00,695.28,701.79,688.2,689.31,28989.775,20149249.06879
2026-08-23 04:00:00,689.32,690.37,676.98,683.95,45115.734,30863207.78977
2026-08-23 08:00:00,683.95,695.6,683.53,695.16,26039.193,17979149.4787
2026-08-23 12:00:00,695.16,700.0,690.0,695.09,25446.551,17711470.85407
2026-08-23 16:00:00,695.1,700.3,695.1,698.87,20073.473,14017812.96012
2026-08-23 20:00:00,698.87,707.27,697.81,702.37,20917.777,14701293.60866
2026-08-24 00:00:00,702.37,705.0,693.26,695.85,25961.582,18148846.53625
2026-08-24 04:00:00,695.85,703.5,694.57,698.77,18647.705,13032659.43543
2026-08-24 08:00:00,698.78,707.0,692.94,703.75,27774.341,19440944.13093
2026-08-24 12:00:00,703.75,716.84,696.46,705.89,65274.539,46108873.61735
2026-08-24 16:00:00,705.89,712.4,698.67,702.09,31186.493,21969203.28423
2026-08-24 20:00:00,702.1,705.29,700.1,704.31,12367.551,8694280.91366
2026-08-25 00:00:00,704.31,719.18,703.62,715.5,38695.041,27571443.53388
2026-08-25 04:00:00,715.5,718.56,702.44,706.31,32856.968,23417409.44052
2026-08-25 08:00:00,706.31,708.76,696.61,696.78,41033.861,28789364.84345
2026-08-25 12:00:00,696.78,700.42,690.5,700.07,33296.073,23181434.4721
2026-08-25 16:00:00,700.08,701.43,696.66,698.1,14059.325,9827978.8573
2026-08-25 20:00:00,698.11,698.4,688.0,694.41,14492.244,10051113.23939
2026-08-26 00:00:00,694.42,698.21,691.4,696.04,14991.78,10422736.80921
2026-08-26 04:00:00,696.04,700.19,692.6,698.67,16959.848,11829703.19218
2026-08-26 08:00:00,698.67,708.06,694.22,702.15,36242.517,25429113.30027
2026-08-26 12:00:00,702.15,703.96,692.1,697.0,35620.704,24886464.30652
2026-08-26 16:00:00,697.01,702.0,694.8,699.53,15584.716,10886262.10928
2026-08-26 20:00:00,699.54,708.39,697.8,707.52,18606.375,13088746.32272
2026-08-27 00:00:00,707.52,707.6,702.1,703.34,15426.742,10861187.09153
2026-08-27 04:00:00,703.34,707.81,701.05,707.35,12707.228,8945427.24233
2026-08-27 08:00:00,707.36,715.79,704.86,706.72,36627.773,26022886.40651
2026-08-27 12:00:00,706.72,713.74,704.86,711.35,28394.623,20119063.47421
2026-08-27 16:00:00,711.35,714.18,706.66,709.91,19184.192,13642633.31268
2026-08-27 20:00:00,709.92,712.71,708.89,711.85,8873.663,6308859.81378
2026-08-28 00:00:00,711.84,719.99,706.21,709.42,30713.122,21905680.27291
2026-08-28 04:00:00,709.42,714.15,706.22,706.92,14379.306,10210117.49606
2026-08-28 08:00:00,706.93,709.51,702.82,706.11,18591.482,13128113.98989
2026-08-28 12:00:00,706.11,707.49,695.95,696.11,34012.833,23873262.08107
2026-08-28 16:00:00,696.11,696.43,685.39,688.83,38983.002,26939039.11221
2026-08-28 20:00:00,688.83,691.5,686.72,691.47,10003.05,6893857.5681
2026-08-29 00:00:00,691.47,692.45,688.5,688.51,11390.949,7867123.56875
2026-08-29 04:00:00,688.5,691.28,686.97,688.16,11385.59,7845130.41333
2026-08-29 08:00:00,688.16,689.82,687.16,689.35,10857.963,7476278.1842
2026-08-29 12:00:00,689.35,692.53,687.39,690.86,13160.737,9076313.79317
2026-08-29 16:00:00,690.87,694.36,690.38,693.46,10918.003,7558665.9117
2026-08-29 20:00:00,693.46,693.76,692.06,692.58,6079.279,4211781.61015
2026-08-30 00:00:00,692.58,695.56,690.6,694.57,14262.46,9884908.69196
2026-08-30 04:00:00,694.58,695.29,692.42,693.2,7832.005,5434917.57541
2026-08-30 08:00:00,693.21,696.25,691.43,692.8,14956.28,10368145.33649
2026-08-30 12:00:00,692.8,700.0,692.79,699.41,19781.992,13795561.42675
2026-08-30 16:00:00,699.42,704.04,698.19,699.58,15386.627,10791450.07004
2026-08-30 20:00:00,699.59,700.35,679.09,684.74,23957.513,16529824.76503
2026-08-31 00:00:00,684.73,688.5,682.29,685.39,19585.545,13415036.48238
2026-08-31 04:00:00,685.4,688.18,682.8,686.81,18023.548,12362496.51689
2026-08-31 08:00:00,686.82,689.74,684.93,687.21,18723.068,12870082.67787
2026-08-31 12:00:00,687.22,691.51,684.44,689.67,16807.189,11563354.95222
2026-08-31 16:00:00,689.67,694.73,688.05,691.65,12965.231,8965635.02457
2026-08-31 20:00:00,691.65,693.11,690.01,691.44,5902.814,4080148.42795
2026-09-01 00:00:00,691.44,694.83,690.16,693.46,11925.581,8260620.53585
2026-09-01 04:00:00,693.46,694.38,688.9,690.47,16356.108,11311059.19057
2026-09-01 08:00:00,690.47,690.75,685.43,687.35,16617.29,11413147.13787
2026-09-01 12:00:00,687.36,688.81,683.52,686.88,14065.141,9654159.95273
2026-09-01 16:00:00,686.87,687.0,674.6,679.89,20477.61,13938565.58332
2026-09-01 20:00:00,679.89,683.99,677.54,683.0,10221.368,6959330.29699
2026-09-02 00:00:00,683.0,689.71,679.74,687.62,25938.607,17764951.15423
2026-09-02 04:00:00,687.62,689.72,685.97,687.71,15528.858,10683007.91248
2026-09-02 08:00:00,687.71,688.1,680.41,683.84,18712.406,12789707.3226
2026-09-02 12:00:00,683.84,689.52,682.86,687.61,19041.175,13067510.24493
2026-09-02 16:00:00,687.62,689.0,684.65,686.61,14484.034,9951424.37332
2026-09-02 20:00:00,686.61,688.99,685.45,688.84,7615.279,5234329.25519
2026-09-03 00:00:00,688.82,695.0,686.24,692.6,13641.676,9428020.01765
2026-09-03 04:00:00,692.6,699.45,689.77,697.96,17450.41,12142615.60962
2026-09-03 08:00:00,697.96,715.57,697.95,711.43,41592.311,29379182.91848
2026-09-03 12:00:00,711.43,728.0,708.66,727.56,53297.096,38236857.69734
2026-09-03 16:00:00,727.62,727.98,718.82,724.59,26231.007,18942580.29088
2026-09-03 20:00:00,724.6,727.58,720.58,725.22,14418.083,10439876.83806
2026-09-04 00:00:00,725.22,729.9,718.22,723.54,26968.378,19510412.18739
2026-09-04 04:00:00,723.54,729.36,714.11,714.5,26887.17,19414365.91945
2026-09-04 08:00:00,714.51,725.05,713.75,724.39,23272.106,16746243.4955
2026-09-04 12:00:00,724.4,727.35,708.88,716.64,49694.838,35575180.21049
2026-09-04 16:00:00,716.64,721.5,716.02,720.1,15993.084,11493278.09771
2026-09-04 20:00:00,720.1,721.51,716.48,721.37,7569.501,5444505.1649
2026-09-05 00:00:00,721.38,725.0,719.49,723.51,16250.092,11726285.87435
2026-09-05 04:00:00,723.52,739.46,720.69,738.25,38240.236,27948231.43195
2026-09-05 08:00:00,738.25,756.88,738.16,747.85,101520.749,75969904.03867
2026-09-05 12:00:00,747.85,772.31,747.84,769.99,105133.811,80308811.86932
2026-09-05 16:00:00,769.99,780.64,767.71,773.42,53842.901,41755238.86188
2026-09-05 20:00:00,773.42,774.03,763.47,766.53,22506.68,17313779.56746
2026-09-06 00:00:00,766.52,769.0,759.76,764.87,34604.815,26464902.3872
2026-09-06 04:00:00,764.87,765.26,753.96,756.62,32574.734,24757911.84391
2026-09-06 08:00:00,756.62,758.99,753.99,758.24,24082.247,18225033.25561
2026-09-06 12:00:00,758.24,758.51,740.24,745.97,50166.723,37573956.93399
2026-09-06 16:00:00,745.98,750.47,745.05,749.18,15790.745,11812393.40786
2026-09-06 20:00:00,749.18,754.93,748.38,753.0,19592.016,14732014.70864
2026-09-07 00:00:00,753.01,756.43,744.89,746.31,26906.729,20180366.80702
2026-09-07 04:00:00,746.32,750.2,740.26,743.87,18023.463,13440721.35725
2026-09-07 08:00:00,743.88,746.92,742.52,744.95,19940.804,14843412.32218
2026-09-07 12:00:00,744.95,747.68,733.0,734.6,33529.844,24880598.10859
2026-09-07 16:00:00,734.6,742.17,734.51,741.9,13178.593,9737470.8452
2026-09-07 20:00:00,741.91,741.99,736.06,739.98,8928.772,6600759.80384
2026-09-08 00:00:00,739.98,745.24,737.01,742.91,17571.461,13021078.40699
2026-09-08 04:00:00,742.91,757.58,741.7,754.66,48045.101,36026575.76677
2026-09-08 08:00:00,754.66,761.39,750.23,752.28,51746.748,39112464.5889
2026-09-08 12:00:00,752.3,757.03,742.33,756.35,40034.518,30024550.08205
2026-09-08 16:00:00,756.36,757.96,747.53,748.88,15679.444,11798568.42691
2026-09-08 20:00:00,748.88,754.96,748.87,752.02,12602.253,9474018.59241
2026-09-09 00:00:00,752.03,756.66,747.12,749.55,20492.644,15419204.43041
2026-09-09 04:00:00,749.56,757.56,749.55,754.47,20499.799,15450317.3092
2026-09-09 08:00:00,754.48,757.78,747.75,750.24,25348.937,19075837.61346
2026-09-09 12:00:00,750.24,751.69,735.0,739.11,49745.03,37015630.5409
2026-09-09 16:00:00,739.11,742.31,736.49,737.24,15378.264,11383569.79168
2026-09-09 20:00:00,737.25,738.17,717.61,722.64,44585.551,32387153.8318
2026-09-10 00:00:00,722.64,726.36,716.18,723.65,26267.996,18965032.42862
2026-09-10 04:00:00,723.65,723.96,715.45,719.09,27775.195,20010782.76226
2026-09-10 08:00:00,719.1,719.77,715.68,716.46,18628.117,13376333.00564
2026-09-10 12:00:00,716.46,718.12,703.62,707.94,61948.989,43954030.38879
2026-09-10 16:00:00,707.95,715.99,704.5,714.38,27404.191,19467869.23348
2026-09-10 20:00:00,714.38,716.27,708.4,708.72,14548.141,10368519.50177
2026-09-11 00:00:00,708.72,714.85,708.72,712.1,13223.085,9414313.43586
2026-09-11 04:00:00,712.11,717.44,711.99,713.85,15710.748,11240670.54093
2026-09-11 08:00:00,713.85,716.21,710.5,713.31,13714.783,9782847.37485
2026-09-11 12:00:00,713.32,741.61,706.5,728.58,91556.94,66729199.80779
2026-09-11 16:00:00,728.58,733.51,720.79,725.08,21408.913,15571086.15204
2026-09-11 20:00:00,725.08,727.67,721.95,726.75,11428.492,8288100.96309
2026-09-12 00:00:00,726.76,736.26,726.1,733.49,18653.636,13644320.86813
2026-09-12 04:00:00,733.5,735.35,731.6,733.6,13043.247,9565542.57063
2026-09-12 08:00:00,733.6,739.89,732.6,736.71,16512.546,12158012.4541
2026-09-12 12:00:00,736.7,737.43,734.71,735.19,14700.193,10819558.03105
2026-09-12 16:00:00,735.19,735.32,725.06,726.18,15704.135,11468291.30269
2026-09-12 20:00:00,726.18,727.96,725.32,727.59,4888.999,3552488.25438
2026-09-13 00:00:00,727.6,729.92,726.96,727.01,10300.823,7501253.11318
2026-09-13 04:00:00,727.01,727.92,721.54,722.23,13034.706,9448188.87381
2026-09-13 08:00:00,722.23,722.55,714.05,716.31,22941.937,16461273.10849
2026-09-13 12:00:00,716.31,720.32,713.1,718.88,12785.698,9173436.69616
2026-09-13 16:00:00,718.89,723.1,718.88,721.09,6845.892,4937222.15942
2026-09-13 20:00:00,721.09,722.84,715.25,716.41,9244.077,6644319.46563
2026-09-14 00:00:00,716.41,725.24,713.9,722.51,29189.274,21021478.55484
2026-09-14 04:00:00,722.52,726.98,722.13,724.96,11797.446,8546423.07131
2026-09-14 08:00:00,724.96,728.5,720.9,722.16,25348.062,18350339.01803
2026-09-14 12:00:00,722.16,723.99,717.15,722.44,32303.078,23306680.06668
2026-09-14 16:00:00,722.45,728.44,722.05,725.34,23639.899,17153570.36507
2026-09-14 20:00:00,725.35,733.75,717.13,720.42,28636.465,20760052.75845
2026-09-15 00:00:00,720.43,722.53,718.26,721.37,13997.955,10084191.78389
2026-09-15 04:00:00,721.38,723.5,714.72,715.09,17680.585,12709015.07878
2026-09-15 08:00:00,715.09,720.39,714.21,718.89,13784.522,9889497.91498
2026-09-15 12:00:00,718.89,722.27,711.37,718.61,31787.628,22810035.31643
2026-09-15 16:00:00,718.61,725.32,707.04,719.57,38566.006,27693875.03817
2026-09-15 20:00:00,719.58,720.51,708.76,712.06,15641.976,11163325.81765
2026-09-16 00:00:00,712.07,716.0,708.28,714.2,16846.356,12006950.22635
2026-09-16 04:00:00,714.2,716.24,709.35,709.71,16860.246,12020236.20888
2026-09-16 08:00:00,709.7,715.93,704.29,714.48,22358.263,15855003.35836
2026-09-16 12:00:00,714.49,714.69,709.4,709.74,9476.729,6750431.83062
