timestamp,open,high,low,close,volume,quote_volume
2026-09-14 12:06:00,721.83,721.87,721.56,721.65,64.615,46630.10647
2026-09-14 12:07:00,721.66,722.2,721.65,722.15,51.499,37177.02542
2026-09-14 12:08:00,722.15,722.37,722.07,722.1,52.603,37991.9656
2026-09-14 12:09:00,722.09,722.15,721.9,722.01,87.282,63021.80618
2026-09-14 12:10:00,722.01,722.36,722.01,722.36,19.767,14275.56438
2026-09-14 12:11:00,722.36,722.42,722.34,722.34,39.996,28891.90698
2026-09-14 12:12:00,722.35,722.35,722.25,722.25,61.713,44577.31081
2026-09-14 12:13:00,722.26,722.26,722.19,722.24,20.138,14544.39163
2026-09-14 12:14:00,722.24,722.41,721.97,722.41,140.242,101275.41465
2026-09-14 12:15:00,722.4,722.79,722.4,722.79,38.361,27717.34739
2026-09-14 12:16:00,722.79,723.05,722.59,722.73,64.621,46714.80046
2026-09-14 12:17:00,722.73,722.92,722.73,722.83,77.605,56094.64399
2026-09-14 12:18:00,722.84,722.84,722.61,722.61,25.654,18539.98666
2026-09-14 12:19:00,722.62,722.94,722.61,722.79,157.678,113947.10783
2026-09-14 12:20:00,722.79,722.79,722.28,722.28,119.205,86140.89442
2026-09-14 12:21:00,722.29,722.44,722.23,722.35,20.229,14611.89357
2026-09-14 12:22:00,722.35,722.66,722.25,722.57,49.015,35413.70823
2026-09-14 12:23:00,722.56,722.63,722.51,722.63,25.985,18776.29425
2026-09-14 12:24:00,722.62,722.88,722.62,722.73,66.147,47806.0074
2026-09-14 12:25:00,722.72,722.74,722.55,722.74,35.22,25451.63289
2026-09-14 12:26:00,722.74,722.77,722.53,722.56,35.146,25398.26714
2026-09-14 12:27:00,722.56,722.87,722.53,722.66,116.511,84198.0527
2026-09-14 12:28:00,722.66,722.66,722.58,722.63,42.281,30552.83627
2026-09-14 12:29:00,722.62,722.93,722.61,722.69,92.891,67138.49903
2026-09-14 12:30:00,722.69,722.75,722.52,722.74,32.178,23254.46124
2026-09-14 12:31:00,722.74,723.04,722.52,723.03,89.707,64835.94513
2026-09-14 12:32:00,723.04,723.11,723.01,723.08,49.11,35508.55397
2026-09-14 12:33:00,723.09,723.18,723.01,723.03,55.628,40222.90268
2026-09-14 12:34:00,723.03,723.32,722.84,722.87,128.79,93134.32672
2026-09-14 12:35:00,722.87,722.87,721.34,721.66,94.755,68411.2331
2026-09-14 12:36:00,721.66,721.89,721.13,721.43,85.632,61782.04787
2026-09-14 12:37:00,721.42,721.42,721.05,721.33,36.371,26232.70633
2026-09-14 12:38:00,721.33,721.75,721.32,721.54,73.552,53072.61801
2026-09-14 12:39:00,721.55,722.0,721.55,721.96,64.374,46469.69287
2026-09-14 12:40:00,721.96,721.96,721.59,721.89,92.671,66886.13489
2026-09-14 12:41:00,721.89,721.96,720.96,721.67,288.65,208291.94863
2026-09-14 12:42:00,721.66,721.84,721.55,721.69,47.607,34357.80869
2026-09-14 12:43:00,721.7,722.37,721.7,722.3,45.289,32702.51289
2026-09-14 12:44:00,722.3,722.3,722.15,722.15,73.937,53401.38733
2026-09-14 12:45:00,722.14,722.42,722.01,722.22,101.301,73162.68247
2026-09-14 12:46:00,722.21,722.21,721.61,721.73,101.801,73480.35869
2026-09-14 12:47:00,721.72,721.72,721.39,721.66,210.798,152103.44707
2026-09-14 12:48:00,721.67,721.78,721.49,721.6,47.467,34253.52907
2026-09-14 12:49:00,721.6,721.6,721.19,721.37,250.088,180401.43478
2026-09-14 12:50:00,721.36,721.54,720.85,720.85,121.165,87386.14976
2026-09-14 12:51:00,720.85,720.86,720.48,720.48,59.495,42878.79242
2026-09-14 12:52:00,720.48,720.49,720.19,720.44,51.75,37279.72254
2026-09-14 12:53:00,720.45,720.67,720.45,720.46,60.509,43598.92568
2026-09-14 12:54:00,720.47,720.47,720.09,720.1,75.217,54176.6804
2026-09-14 12:55:00,720.09,720.55,720.0,720.1,115.436,83141.79379
2026-09-14 12:56:00,720.09,720.22,719.87,719.99,52.539,37830.05035
2026-09-14 12:57:00,719.99,720.3,719.99,720.09,48.388,34848.44246
2026-09-14 12:58:00,720.09,720.28,720.07,720.09,50.732,36534.73436
2026-09-14 12:59:00,720.08,720.17,720.03,720.17,77.547,55843.30528
2026-09-14 13:00:00,720.17,720.21,719.74,719.75,102.903,74088.16377
2026-09-14 13:01:00,719.75,719.75,719.18,719.3,154.25,110959.26213
2026-09-14 13:02:00,719.31,719.4,718.79,718.95,178.812,128582.23974
2026-09-14 13:03:00,718.95,719.56,718.79,718.8,139.113,100031.9732
2026-09-14 13:04:00,718.8,719.18,718.44,718.68,246.468,177158.24809
2026-09-14 13:05:00,718.68,718.86,718.26,718.5,215.378,154756.01598
2026-09-14 13:06:00,718.5,718.5,717.15,717.52,329.928,236743.36224
2026-09-14 13:07:00,717.51,717.67,717.35,717.65,102.3,73398.75468
2026-09-14 13:08:00,717.65,717.92,717.2,717.45,217.598,156120.18119
2026-09-14 13:09:00,717.45,718.18,717.42,718.18,73.565,52810.19919
2026-09-14 13:10:00,718.19,719.05,718.19,719.05,53.566,38498.15558
2026-09-14 13:11:00,719.06,719.61,718.86,719.17,136.92,98484.21168
2026-09-14 13:12:00,719.18,719.22,718.81,719.03,58.118,41785.21535
2026-09-14 13:13:00,719.03,719.58,718.89,719.07,100.917,72580.18318
2026-09-14 13:14:00,719.07,719.2,719.0,719.01,27.199,19557.71418
2026-09-14 13:15:00,719.01,719.57,719.0,719.5,82.965,59675.04501
2026-09-14 13:16:00,719.5,719.92,719.41,719.75,138.222,99461.88298
2026-09-14 13:17:00,719.75,720.21,719.64,720.05,297.393,214109.81857
2026-09-14 13:18:00,720.04,720.48,719.95,720.48,90.607,65251.16835
2026-09-14 13:19:00,720.47,720.47,719.83,719.97,108.016,77781.8877
2026-09-14 13:20:00,719.97,720.28,719.97,720.05,82.053,59081.38937
2026-09-14 13:21:00,720.04,720.05,719.82,719.91,108.842,78365.37784
2026-09-14 13:22:00,719.91,719.91,719.79,719.8,29.159,20989.98267
2026-09-14 13:23:00,719.79,719.8,719.63,719.76,52.904,38076.09781
2026-09-14 13:24:00,719.77,719.77,719.28,719.32,135.331,97360.51781
2026-09-14 13:25:00,719.32,719.5,719.32,719.5,226.108,162681.65773
2026-09-14 13:26:00,719.5,719.59,719.33,719.57,160.759,115662.5435
2026-09-14 13:27:00,719.57,719.64,719.55,719.64,15.549,11189.14427
2026-09-14 13:28:00,719.64,719.91,719.63,719.9,29.276,21073.63648
2026-09-14 13:29:00,719.91,720.13,719.9,720.13,112.114,80716.887
2026-09-14 13:30:00,720.13,721.41,720.06,721.38,249.896,180080.0574
2026-09-14 13:31:00,721.37,722.28,721.21,722.13,228.591,164988.15859
2026-09-14 13:32:00,722.13,722.55,721.74,722.27,290.443,209749.73572
2026-09-14 13:33:00,722.27,722.42,721.97,722.39,144.931,104659.74842
2026-09-14 13:34:00,722.39,722.97,722.39,722.74,88.779,64162.91182
2026-09-14 13:35:00,722.75,722.79,721.59,721.59,868.352,627061.32172
2026-09-14 13:36:00,721.59,721.59,719.42,720.27,201.865,145401.93356
2026-09-14 13:37:00,720.29,721.14,719.41,721.05,166.05,119618.76227
2026-09-14 13:38:00,721.05,722.05,721.0,721.5,67.384,48622.72971
2026-09-14 13:39:00,721.49,721.63,721.1,721.14,101.924,73532.6297
2026-09-14 13:40:00,721.14,721.9,720.77,720.96,532.557,384240.7244
2026-09-14 13:41:00,720.96,720.98,720.14,720.33,131.804,94957.69901
2026-09-14 13:42:00,720.34,721.01,720.32,720.83,46.217,33304.35367
2026-09-14 13:43:00,720.82,721.43,720.62,721.25,127.193,91709.93097
2026-09-14 13:44:00,721.25,721.66,721.15,721.54,25.85,18648.80489
2026-09-14 13:45:00,721.54,723.0,721.33,722.12,1082.761,782141.31095
2026-09-14 13:46:00,722.13,722.45,721.91,722.44,107.125,77368.78266
2026-09-14 13:47:00,722.45,722.91,722.45,722.82,116.044,83862.18584
2026-09-14 13:48:00,722.82,722.93,722.49,722.62,101.147,73100.37527
2026-09-14 13:49:00,722.62,723.44,722.51,723.1,133.465,96483.67374
2026-09-14 13:50:00,723.11,723.41,722.38,722.39,151.598,109599.07174
2026-09-14 13:51:00,722.39,722.88,721.48,721.55,464.495,335380.61172
2026-09-14 13:52:00,721.55,722.06,721.09,721.69,84.751,61156.07704
2026-09-14 13:53:00,721.7,721.87,721.23,721.86,127.556,92045.55004
2026-09-14 13:54:00,721.87,721.87,721.3,721.32,30.961,22342.97437
2026-09-14 13:55:00,721.31,721.62,720.66,721.29,97.528,70321.8751
2026-09-14 13:56:00,721.28,721.29,720.38,720.68,133.756,96406.44138
2026-09-14 13:57:00,720.68,720.7,720.15,720.18,71.594,51578.0869
2026-09-14 13:58:00,720.18,720.8,720.08,720.8,44.182,31829.48047
2026-09-14 13:59:00,720.8,721.25,720.64,720.68,28.535,20573.91501
2026-09-14 14:00:00,720.69,721.46,720.62,721.23,140.693,101472.26641
2026-09-14 14:01:00,721.23,722.04,721.23,722.0,47.939,34594.22379
2026-09-14 14:02:00,721.99,721.99,721.4,721.65,67.309,48573.6321
2026-09-14 14:03:00,721.66,722.48,721.66,722.21,116.345,84026.5756
2026-09-14 14:04:00,722.21,722.73,722.21,722.44,92.5,66826.59995
2026-09-14 14:05:00,722.44,722.54,721.9,721.9,491.981,355343.14566
2026-09-14 14:06:00,721.91,722.12,721.75,722.02,206.964,149434.56274
2026-09-14 14:07:00,722.02,722.17,721.81,722.03,186.705,134804.54064
2026-09-14 14:08:00,722.03,722.36,721.85,722.06,130.039,93896.91246
2026-09-14 14:09:00,722.06,722.41,721.95,722.01,149.3,107824.29288
2026-09-14 14:10:00,722.01,723.17,721.93,723.17,185.827,134301.83776
2026-09-14 14:11:00,723.17,723.46,722.88,722.91,257.983,186576.59688
2026-09-14 14:12:00,722.91,723.04,722.49,722.49,156.617,113191.64052
2026-09-14 14:13:00,722.49,723.14,722.39,723.14,384.225,277717.62632
2026-09-14 14:14:00,723.14,723.24,722.68,722.7,248.819,179881.42882
2026-09-14 14:15:00,722.71,723.03,722.6,722.61,247.526,178944.35085
2026-09-14 14:16:00,722.61,722.89,722.54,722.69,223.971,161860.35099
2026-09-14 14:17:00,722.69,723.35,722.69,723.06,272.227,196847.72157
2026-09-14 14:18:00,723.06,723.07,722.32,722.9,255.814,184894.84021
2026-09-14 14:19:00,722.9,723.54,722.77,723.52,234.681,169722.28393
2026-09-14 14:20:00,723.51,723.51,722.74,722.75,262.476,189800.68479
2026-09-14 14:21:00,722.74,722.75,721.35,721.5,205.802,148602.29458
2026-09-14 14:22:00,721.5,721.84,721.43,721.51,110.405,79671.32402
2026-09-14 14:23:00,721.51,721.62,721.08,721.47,191.822,138360.901
2026-09-14 14:24:00,721.47,721.54,720.75,720.76,231.233,166749.65822
2026-09-14 14:25:00,720.76,721.04,720.58,720.92,216.111,155776.88858
2026-09-14 14:26:00,720.91,720.92,719.75,720.02,298.481,214990.88227
2026-09-14 14:27:00,720.02,720.9,720.02,720.9,168.737,121574.60226
2026-09-14 14:28:00,720.91,722.06,720.91,721.98,242.29,174833.54159
2026-09-14 14:29:00,721.99,721.99,721.19,721.57,276.302,199332.94612
2026-09-14 14:30:00,721.57,722.65,721.44,722.64,296.916,214419.52366
2026-09-14 14:31:00,722.64,723.99,722.6,723.63,467.548,338220.05926
2026-09-14 14:32:00,723.62,723.7,722.8,723.07,191.744,138651.37244
2026-09-14 14:33:00,723.07,723.16,722.34,722.57,241.382,174443.99486
2026-09-14 14:34:00,722.56,723.15,722.51,722.51,102.483,74078.69337
2026-09-14 14:35:00,722.5,722.51,721.5,721.51,77.412,55881.37691
2026-09-14 14:36:00,721.51,721.63,721.23,721.31,162.121,116950.65012
2026-09-14 14:37:00,721.32,721.44,721.03,721.36,64.244,46337.06191
2026-09-14 14:38:00,721.36,721.46,721.0,721.46,29.785,21481.10687
2026-09-14 14:39:00,721.47,721.57,720.84,721.31,70.025,50508.05393
2026-09-14 14:40:00,721.31,721.41,720.94,721.32,91.641,66092.48552
2026-09-14 14:41:00,721.32,721.7,720.95,721.18,86.451,62352.61699
2026-09-14 14:42:00,721.18,721.46,721.18,721.41,87.414,63056.38394
2026-09-14 14:43:00,721.42,721.56,720.95,720.98,38.364,27672.65984
2026-09-14 14:44:00,720.99,721.47,720.85,721.47,48.883,35248.28177
2026-09-14 14:45:00,721.47,722.72,721.47,722.52,188.192,135952.89451
2026-09-14 14:46:00,722.53,722.71,721.8,721.99,76.839,55500.40395
2026-09-14 14:47:00,722.0,722.0,721.42,721.72,62.895,45389.23684
2026-09-14 14:48:00,721.71,722.01,721.69,721.75,46.213,33356.33587
2026-09-14 14:49:00,721.75,722.75,721.61,722.75,106.075,76606.14293
2026-09-14 14:50:00,722.75,722.9,722.21,722.21,41.671,30111.23869
2026-09-14 14:51:00,722.21,722.21,721.82,722.07,75.7,54650.27572
2026-09-14 14:52:00,722.07,722.08,721.34,721.46,66.294,47843.43648
2026-09-14 14:53:00,721.47,721.72,721.3,721.34,44.856,32363.22117
2026-09-14 14:54:00,721.33,722.37,721.3,722.31,151.19,109127.76655
2026-09-14 14:55:00,722.31,722.32,721.46,721.47,156.554,112994.45371
2026-09-14 14:56:00,721.48,721.48,721.1,721.21,30.392,21921.85368
2026-09-14 14:57:00,721.22,721.51,721.12,721.51,44.088,31802.16096
2026-09-14 14:58:00,721.51,722.08,721.51,721.85,93.272,67319.5354
2026-09-14 14:59:00,721.86,721.93,721.58,721.58,26.587,19190.11513
2026-09-14 15:00:00,721.59,721.59,721.15,721.26,24.784,17877.41976
2026-09-14 15:01:00,721.25,721.25,720.62,721.09,75.128,54159.02868
2026-09-14 15:02:00,721.09,721.52,720.9,721.02,74.656,53828.45015
2026-09-14 15:03:00,721.02,721.02,720.44,720.81,69.738,50262.11833
2026-09-14 15:04:00,720.8,720.8,720.19,720.38,100.373,72318.59148
2026-09-14 15:05:00,720.38,721.63,720.01,720.91,320.827,231207.93453
2026-09-14 15:06:00,720.91,722.1,720.91,721.75,122.601,88492.00263
2026-09-14 15:07:00,721.76,721.76,721.25,721.42,59.153,42679.20113
2026-09-14 15:08:00,721.42,722.04,721.41,721.86,70.688,51013.03988
2026-09-14 15:09:00,721.87,722.0,721.52,721.53,51.872,37442.00261
2026-09-14 15:10:00,721.53,721.85,721.53,721.84,54.047,39003.92204
2026-09-14 15:11:00,721.83,721.83,720.89,720.98,102.776,74112.82944
2026-09-14 15:12:00,720.98,721.58,720.98,721.58,71.548,51603.56484
2026-09-14 15:13:00,721.59,721.78,721.59,721.65,46.026,33217.34648
2026-09-14 15:14:00,721.65,722.0,721.64,721.8,53.588,38682.50483
2026-09-14 15:15:00,721.8,721.93,721.75,721.86,63.162,45591.13822
2026-09-14 15:16:00,721.86,722.08,721.29,722.08,453.024,326928.42639
2026-09-14 15:17:00,722.08,722.65,721.97,721.97,123.119,88945.87035
2026-09-14 15:18:00,721.99,722.05,721.56,721.61,35.831,25864.57685
2026-09-14 15:19:00,721.61,722.19,721.61,722.08,46.049,33247.44214
2026-09-14 15:20:00,722.09,722.09,721.85,721.85,55.376,39978.37403
2026-09-14 15:21:00,721.86,722.05,721.52,721.69,60.19,43439.40097
2026-09-14 15:22:00,721.7,721.84,721.56,721.59,59.333,42818.54172
2026-09-14 15:23:00,721.59,721.59,721.3,721.53,52.276,37717.84345
2026-09-14 15:24:00,721.53,721.91,721.41,721.69,126.431,91245.13829
2026-09-14 15:25:00,721.7,721.85,721.45,721.45,48.985,35352.23414
2026-09-14 15:26:00,721.45,721.72,721.45,721.56,57.728,41656.8249
2026-09-14 15:27:00,721.56,721.6,721.46,721.5,56.136,40502.2676
2026-09-14 15:28:00,721.5,721.84,721.49,721.83,52.042,37558.87747
2026-09-14 15:29:00,721.84,721.85,721.16,721.49,170.867,123256.97004
2026-09-14 15:30:00,721.48,722.0,721.47,721.94,188.635,136128.01254
2026-09-14 15:31:00,721.94,721.94,719.06,721.1,2244.551,1616828.36123
2026-09-14 15:32:00,721.1,722.48,721.1,722.35,350.117,252722.05395
2026-09-14 15:33:00,722.34,722.54,722.0,722.51,118.912,85889.69316
2026-09-14 15:34:00,722.51,722.8,722.32,722.33,206.079,148903.22307
2026-09-14 15:35:00,722.32,722.32,721.45,721.45,102.457,73964.7963
2026-09-14 15:36:00,721.45,721.54,721.17,721.19,76.825,55412.29483
2026-09-14 15:37:00,721.19,721.76,721.18,721.7,75.103,54191.20342
2026-09-14 15:38:00,721.7,721.84,721.5,721.5,190.404,137413.71656
2026-09-14 15:39:00,721.5,721.97,721.49,721.57,124.083,89563.1364
2026-09-14 15:40:00,721.58,722.04,721.57,721.71,178.155,128602.60676
2026-09-14 15:41:00,721.71,722.45,721.71,722.45,76.468,55204.19766
2026-09-14 15:42:00,722.44,722.67,722.34,722.5,48.953,35367.41624
2026-09-14 15:43:00,722.5,722.73,722.46,722.72,28.569,20645.81753
2026-09-14 15:44:00,722.73,722.94,722.53,722.63,94.245,68116.57891
2026-09-14 15:45:00,722.64,722.66,722.03,722.04,146.571,105855.53764
2026-09-14 15:46:00,722.04,722.04,721.82,721.82,56.899,41076.70526
2026-09-14 15:47:00,721.82,721.82,721.48,721.64,66.218,47784.3073
2026-09-14 15:48:00,721.65,721.96,721.53,721.87,124.824,90087.21016
2026-09-14 15:49:00,721.88,722.43,721.88,722.28,35.457,25605.87912
2026-09-14 15:50:00,722.29,722.53,722.09,722.11,131.106,94698.46919
2026-09-14 15:51:00,722.11,722.43,722.09,722.2,203.319,146839.52346
2026-09-14 15:52:00,722.19,722.71,722.19,722.64,25.416,18362.07792
2026-09-14 15:53:00,722.63,722.91,722.51,722.91,24.513,17715.17747
2026-09-14 15:54:00,722.9,722.91,722.76,722.8,154.033,111337.04129
2026-09-14 15:55:00,722.79,723.11,722.57,722.77,161.446,116707.60492
2026-09-14 15:56:00,722.78,722.78,722.04,722.63,275.658,199149.79681
2026-09-14 15:57:00,722.63,722.68,722.4,722.63,64.924,46909.25369
2026-09-14 15:58:00,722.63,722.63,722.38,722.4,18.629,13459.74727
2026-09-14 15:59:00,722.4,722.49,722.39,722.44,43.621,31513.58133
2026-09-14 16:00:00,722.45,723.14,722.44,722.82,90.405,65356.16614
2026-09-14 16:01:00,722.83,722.9,722.73,722.81,68.787,49720.5404
2026-09-14 16:02:00,722.82,722.91,722.76,722.79,73.713,53281.68782
2026-09-14 16:03:00,722.78,722.79,722.6,722.61,17.764,12837.68906
2026-09-14 16:04:00,722.6,722.66,722.26,722.6,47.884,34594.82478
2026-09-14 16:05:00,722.6,722.78,722.55,722.55,85.75,61972.90608
2026-09-14 16:06:00,722.56,722.75,722.55,722.6,35.397,25578.8362
2026-09-14 16:07:00,722.61,722.7,722.55,722.69,110.948,80173.65421
2026-09-14 16:08:00,722.69,722.69,722.48,722.51,55.04,39772.06688
2026-09-14 16:09:00,722.52,722.6,722.05,722.6,102.707,74188.24888
2026-09-14 16:10:00,722.61,723.07,722.54,723.07,33.969,24552.1101
2026-09-14 16:11:00,723.07,723.17,722.97,723.17,83.576,60430.71601
2026-09-14 16:12:00,723.16,723.28,723.1,723.14,73.119,52880.9514
2026-09-14 16:13:00,723.15,723.18,723.11,723.12,27.592,19953.05216
2026-09-14 16:14:00,723.13,723.13,722.83,722.9,44.959,32505.1182
2026-09-14 16:15:00,722.89,723.68,722.89,723.67,143.344,103706.04085
2026-09-14 16:16:00,723.68,724.28,723.68,723.92,164.706,119257.28943
2026-09-14 16:17:00,723.93,724.13,723.48,724.12,66.843,48376.28366
2026-09-14 16:18:00,724.12,725.3,724.12,725.3,361.639,262127.42736
2026-09-14 16:19:00,725.3,725.59,724.58,724.58,201.256,145942.56419
2026-09-14 16:20:00,724.59,724.79,724.44,724.57,211.6,153337.33143
2026-09-14 16:21:00,724.57,725.2,724.37,725.2,78.013,56540.99709
2026-09-14 16:22:00,725.2,725.69,725.2,725.47,244.086,177073.15697
2026-09-14 16:23:00,725.47,725.48,725.14,725.15,144.876,105083.7902
2026-09-14 16:24:00,725.15,725.8,725.15,725.75,729.765,529424.0485
2026-09-14 16:25:00,725.72,725.87,724.23,724.24,235.864,171044.9038
2026-09-14 16:26:00,724.23,724.24,723.75,723.75,89.945,65124.81277
2026-09-14 16:27:00,723.75,723.98,723.47,723.98,59.334,42939.81696
2026-09-14 16:28:00,723.99,724.34,723.89,724.06,95.569,69203.92093
2026-09-14 16:29:00,724.07,724.15,723.86,723.91,108.495,78558.16944
2026-09-14 16:30:00,723.9,724.13,723.9,724.03,58.384,42272.84985
2026-09-14 16:31:00,724.03,724.5,723.78,724.18,221.993,160753.29278
2026-09-14 16:32:00,724.19,724.41,723.97,723.97,82.381,59663.32787
2026-09-14 16:33:00,723.96,724.18,723.88,724.01,78.69,56974.25865
2026-09-14 16:34:00,724.02,724.02,723.79,723.79,38.079,27564.03665
2026-09-14 16:35:00,723.8,723.91,723.55,723.7,42.069,30444.88908
2026-09-14 16:36:00,723.71,723.71,723.55,723.55,35.783,25894.16358
2026-09-14 16:37:00,723.56,723.96,723.56,723.57,154.16,111575.86635
2026-09-14 16:38:00,723.58,723.67,723.48,723.67,41.377,29938.20435
2026-09-14 16:39:00,723.66,723.96,723.58,723.68,118.997,86126.72116
2026-09-14 16:40:00,723.68,723.74,723.55,723.68,53.65,38822.72832
2026-09-14 16:41:00,723.68,723.68,723.48,723.58,68.247,49382.71746
2026-09-14 16:42:00,723.59,723.86,723.58,723.85,51.256,37093.13628
2026-09-14 16:43:00,723.85,723.96,723.77,723.96,36.265,26252.44279
2026-09-14 16:44:00,723.95,724.25,723.81,723.87,89.184,64564.19277
2026-09-14 16:45:00,723.87,724.4,723.87,724.4,56.108,40627.57464
2026-09-14 16:46:00,724.4,724.69,724.39,724.68,126.403,91582.75479
2026-09-14 16:47:00,724.69,726.0,724.68,725.71,789.104,572633.87708
2026-09-14 16:48:00,725.71,726.36,725.45,725.9,245.236,178028.38983
2026-09-14 16:49:00,725.92,726.13,725.77,726.03,117.967,85640.27319
2026-09-14 16:50:00,726.03,726.31,725.82,726.17,220.371,160007.08275
2026-09-14 16:51:00,726.16,726.5,725.99,726.0,250.039,181583.10925
2026-09-14 16:52:00,725.99,726.4,725.72,725.94,229.966,166956.61309
2026-09-14 16:53:00,725.94,725.95,725.67,725.67,109.382,79395.87154
2026-09-14 16:54:00,725.68,726.44,725.68,726.24,236.927,172041.1596
2026-09-14 16:55:00,726.25,726.37,725.94,725.95,213.486,155035.45066
2026-09-14 16:56:00,725.96,725.96,725.45,725.55,95.305,69159.14683
2026-09-14 16:57:00,725.55,725.59,725.07,725.08,380.959,276352.09817
2026-09-14 16:58:00,725.08,725.1,724.84,724.84,144.176,104534.99116
2026-09-14 16:59:00,724.85,724.88,724.8,724.8,64.029,46410.33576
2026-09-14 17:00:00,724.81,724.81,724.51,724.56,125.077,90643.87753
2026-09-14 17:01:00,724.57,724.57,724.36,724.44,56.396,40855.00113
2026-09-14 17:02:00,724.44,724.84,724.4,724.66,57.405,41599.10478
2026-09-14 17:03:00,724.67,724.67,724.35,724.43,71.011,51446.34243
2026-09-14 17:04:00,724.44,724.44,724.25,724.25,48.966,35470.64008
2026-09-14 17:05:00,724.26,724.31,724.0,724.22,176.018,127466.86703
2026-09-14 17:06:00,724.22,724.6,724.08,724.22,94.18,68217.66467
2026-09-14 17:07:00,724.22,724.22,723.75,723.87,99.92,72336.21084
2026-09-14 17:08:00,723.87,724.28,723.87,724.27,67.38,48790.80515
2026-09-14 17:09:00,724.28,724.28,724.09,724.18,59.832,43330.31711
2026-09-14 17:10:00,724.19,724.65,724.19,724.5,104.363,75605.19725
2026-09-14 17:11:00,724.49,724.88,724.49,724.65,147.787,107100.91049
2026-09-14 17:12:00,724.66,724.91,724.61,724.91,46.69,33836.36228
2026-09-14 17:13:00,724.91,725.09,724.91,725.01,101.058,73268.92637
2026-09-14 17:14:00,725.01,725.08,725.0,725.05,87.586,63501.01868
2026-09-14 17:15:00,725.04,725.25,724.86,724.86,126.688,91855.3336
2026-09-14 17:16:00,724.86,725.3,724.77,725.05,104.118,75489.49188
2026-09-14 17:17:00,725.04,725.1,724.79,725.0,78.614,56994.45963
2026-09-14 17:18:00,725.0,725.01,724.23,724.42,141.32,102377.03998
2026-09-14 17:19:00,724.43,724.51,724.38,724.42,63.828,46239.73267
2026-09-14 17:20:00,724.43,724.98,724.41,724.87,107.509,77894.47669
2026-09-14 17:21:00,724.88,725.23,724.61,724.61,84.471,61236.95384
2026-09-14 17:22:00,724.61,724.95,724.53,724.95,37.159,26934.02573
2026-09-14 17:23:00,724.95,725.37,724.74,725.19,204.846,148508.02624
2026-09-14 17:24:00,725.2,725.82,725.2,725.4,72.716,52758.80719
2026-09-14 17:25:00,725.39,725.46,725.05,725.21,99.87,72421.35471
2026-09-14 17:26:00,725.21,725.54,725.17,725.42,98.14,71192.84774
2026-09-14 17:27:00,725.41,725.51,725.28,725.29,70.968,51482.02037
2026-09-14 17:28:00,725.29,725.29,724.91,724.91,66.541,48246.32586
2026-09-14 17:29:00,724.92,725.21,724.68,725.06,196.571,142492.62168
2026-09-14 17:30:00,725.05,725.06,724.65,724.97,61.215,44374.22573
2026-09-14 17:31:00,724.96,725.08,724.67,724.72,32.371,23464.04114
2026-09-14 17:32:00,724.72,724.85,724.44,724.45,45.459,32942.022
2026-09-14 17:33:00,724.44,724.45,723.8,724.1,75.869,54937.41006
2026-09-14 17:34:00,724.1,724.24,724.06,724.09,72.908,52798.32591
2026-09-14 17:35:00,724.09,724.89,724.08,724.56,88.833,64362.05434
2026-09-14 17:36:00,724.56,724.57,724.39,724.44,42.401,30721.18032
2026-09-14 17:37:00,724.44,724.48,724.24,724.38,83.048,60155.80086
2026-09-14 17:38:00,724.38,724.65,724.28,724.4,108.83,78846.77361
2026-09-14 17:39:00,724.4,724.4,723.97,724.34,90.174,65300.17422
2026-09-14 17:40:00,724.35,724.61,724.34,724.6,27.569,19975.18964
2026-09-14 17:41:00,724.59,724.64,724.4,724.64,31.407,22755.47705
2026-09-14 17:42:00,724.63,724.99,724.58,724.99,106.174,76955.4449
2026-09-14 17:43:00,724.99,725.17,724.88,724.99,89.248,64707.49931
2026-09-14 17:44:00,724.99,725.01,724.76,724.89,43.653,31646.82032
2026-09-14 17:45:00,724.89,725.01,724.77,724.77,38.979,28254.39019
2026-09-14 17:46:00,724.78,725.25,724.77,725.13,40.649,29472.55678
2026-09-14 17:47:00,725.13,725.27,724.98,725.24,122.802,89049.93785
2026-09-14 17:48:00,725.24,725.82,725.23,725.81,154.944,112425.63353
2026-09-14 17:49:00,725.8,725.94,725.72,725.85,82.703,60029.21029
2026-09-14 17:50:00,725.85,725.92,725.8,725.8,278.303,202000.38949
2026-09-14 17:51:00,725.8,726.24,725.8,726.07,120.807,87717.96953
2026-09-14 17:52:00,726.07,726.24,726.04,726.17,106.443,77294.27852
2026-09-14 17:53:00,726.17,726.32,725.8,726.26,168.741,122520.21947
2026-09-14 17:54:00,726.26,726.83,726.25,726.83,177.051,128640.81008
2026-09-14 17:55:00,726.83,727.12,726.79,726.88,104.342,75849.32028
2026-09-14 17:56:00,726.89,726.89,726.41,726.52,111.297,80863.97278
2026-09-14 17:57:00,726.51,726.56,726.3,726.39,83.612,60735.94885
2026-09-14 17:58:00,726.4,726.48,726.0,726.07,170.309,123695.45471
2026-09-14 17:59:00,726.06,726.3,726.05,726.23,45.049,32712.97486
2026-09-14 18:00:00,726.23,726.6,726.16,726.18,81.274,59028.39992
2026-09-14 18:01:00,726.17,726.54,726.17,726.31,46.725,33941.29242
2026-09-14 18:02:00,726.3,726.43,726.03,726.03,64.415,46786.63087
2026-09-14 18:03:00,726.04,726.62,725.99,726.59,241.013,175034.28074
2026-09-14 18:04:00,726.6,726.68,726.36,726.46,65.898,47879.81169
2026-09-14 18:05:00,726.46,726.47,725.87,725.87,40.428,29351.24402
2026-09-14 18:06:00,725.87,726.47,725.87,726.47,69.768,50666.60721
2026-09-14 18:07:00,726.47,726.64,726.3,726.64,72.156,52415.9732
2026-09-14 18:08:00,726.63,727.0,726.63,726.9,47.954,34854.82154
2026-09-14 18:09:00,726.89,727.0,726.5,726.51,170.42,123865.05746
2026-09-14 18:10:00,726.51,726.73,726.18,726.18,121.375,88179.87764
2026-09-14 18:11:00,726.17,726.25,725.93,725.95,82.698,60046.85337
2026-09-14 18:12:00,725.94,726.13,725.94,726.13,40.038,29070.06841
2026-09-14 18:13:00,726.13,726.24,726.07,726.15,48.983,35568.96895
2026-09-14 18:14:00,726.16,726.18,726.01,726.08,67.827,49249.54911
2026-09-14 18:15:00,726.09,726.35,725.96,726.35,176.624,128244.30521
2026-09-14 18:16:00,726.34,726.36,726.15,726.15,250.835,182186.28976
2026-09-14 18:17:00,726.16,726.26,725.99,726.26,52.91,38420.18083
2026-09-14 18:18:00,726.26,726.38,725.91,726.38,98.679,71655.18678
2026-09-14 18:19:00,726.38,727.12,726.38,726.96,191.119,138922.79427
2026-09-14 18:20:00,726.96,727.2,726.65,727.01,83.453,60664.0185
2026-09-14 18:21:00,727.02,727.04,726.66,726.67,45.284,32919.41442
2026-09-14 18:22:00,726.67,727.42,726.66,727.23,103.648,75357.20186
2026-09-14 18:23:00,727.22,727.57,726.9,726.9,84.76,61648.81689
2026-09-14 18:24:00,726.9,727.38,726.79,727.2,152.89,111180.49428
2026-09-14 18:25:00,727.19,727.19,726.72,727.01,56.15,40815.71383
2026-09-14 18:26:00,727.02,727.34,727.02,727.27,83.412,60663.55043
2026-09-14 18:27:00,727.28,727.64,727.15,727.56,82.014,59661.99596
2026-09-14 18:28:00,727.56,727.66,727.42,727.66,56.738,41279.3127
2026-09-14 18:29:00,727.66,727.7,727.48,727.52,59.722,43453.16034
2026-09-14 18:30:00,727.52,727.61,727.36,727.41,41.528,30212.21314
2026-09-14 18:31:00,727.42,727.69,727.27,727.6,54.786,39853.05492
2026-09-14 18:32:00,727.61,727.85,727.6,727.8,66.194,48173.60868
2026-09-14 18:33:00,727.8,727.93,727.7,727.83,53.275,38776.68689
2026-09-14 18:34:00,727.83,727.85,727.65,727.71,60.415,43967.31894
2026-09-14 18:35:00,727.71,727.71,727.17,727.18,108.872,79212.86339
2026-09-14 18:36:00,727.18,727.7,727.11,727.31,229.94,167264.43365
2026-09-14 18:37:00,727.31,727.32,727.07,727.32,62.899,45740.83116
2026-09-14 18:38:00,727.32,727.53,727.29,727.41,58.525,42573.48677
2026-09-14 18:39:00,727.41,727.44,727.15,727.38,123.562,89873.65064
2026-09-14 18:40:00,727.38,727.38,727.01,727.02,71.985,52344.93371
2026-09-14 18:41:00,727.02,727.03,726.85,727.02,39.051,28389.66702
2026-09-14 18:42:00,727.01,727.41,726.64,727.41,87.548,63638.7831
2026-09-14 18:43:00,727.42,727.89,727.42,727.77,61.17,44514.88419
2026-09-14 18:44:00,727.76,727.77,727.54,727.59,64.955,47266.17382
2026-09-14 18:45:00,727.58,728.12,727.55,728.02,222.338,161862.51946
2026-09-14 18:46:00,728.02,728.18,727.59,728.02,162.637,118406.71061
2026-09-14 18:47:00,728.02,728.02,727.89,727.89,60.042,43709.61189
2026-09-14 18:48:00,727.9,728.44,727.78,728.25,124.209,90434.16823
2026-09-14 18:49:00,728.26,728.26,727.77,727.77,82.939,60381.32195
2026-09-14 18:50:00,727.81,727.83,727.65,727.76,118.824,86470.66514
2026-09-14 18:51:00,727.76,727.76,727.32,727.52,37.184,27049.87787
2026-09-14 18:52:00,727.52,727.55,727.25,727.49,57.68,41957.73906
2026-09-14 18:53:00,727.49,727.5,727.42,727.48,58.676,42685.68731
2026-09-14 18:54:00,727.48,727.51,727.18,727.18,31.961,23246.94693
2026-09-14 18:55:00,727.19,727.66,727.18,727.65,113.486,82554.35354
2026-09-14 18:56:00,727.65,727.65,726.99,727.0,145.105,105531.52809
2026-09-14 18:57:00,727.0,727.53,726.99,727.39,45.002,32725.03542
2026-09-14 18:58:00,727.39,727.4,727.26,727.26,30.54,22212.846
2026-09-14 18:59:00,727.26,727.27,727.18,727.21,43.283,31477.14036
2026-09-14 19:00:00,727.21,727.21,726.4,726.6,146.183,106227.61327
2026-09-14 19:01:00,726.61,726.78,726.56,726.6,63.782,46346.80245
2026-09-14 19:02:00,726.61,726.61,726.34,726.34,65.856,47844.1106
2026-09-14 19:03:00,726.34,726.37,726.1,726.1,86.304,62682.20741
2026-09-14 19:04:00,726.1,726.14,726.03,726.07,55.605,40373.84738
2026-09-14 19:05:00,726.06,726.11,725.92,726.1,77.459,56236.74429
2026-09-14 19:06:00,726.11,726.22,725.98,725.99,43.526,31605.81354
2026-09-14 19:07:00,725.99,726.43,725.98,726.37,164.634,119563.7121
2026-09-14 19:08:00,726.36,726.36,725.96,725.96,45.793,33250.14666
2026-09-14 19:09:00,725.96,725.96,725.92,725.93,28.956,21020.11331
2026-09-14 19:10:00,725.92,726.27,725.92,725.95,125.889,91398.01317
2026-09-14 19:11:00,725.95,726.11,725.8,726.07,668.404,485153.92044
2026-09-14 19:12:00,726.07,726.2,725.9,726.2,77.021,55917.76254
2026-09-14 19:13:00,726.19,726.28,726.02,726.05,25.012,18162.90978
2026-09-14 19:14:00,726.06,726.13,725.94,725.94,41.736,30302.41995
2026-09-14 19:15:00,725.94,726.1,725.83,725.83,34.348,24935.95201
2026-09-14 19:16:00,725.84,725.96,725.8,725.96,287.339,208552.65019
2026-09-14 19:17:00,725.95,726.11,725.83,725.83,118.326,85910.19125
2026-09-14 19:18:00,725.82,726.17,725.8,726.03,47.942,34808.6477
2026-09-14 19:19:00,726.03,726.59,726.02,726.59,24.814,18021.20054
2026-09-14 19:20:00,726.58,726.59,726.32,726.45,36.804,26737.75042
2026-09-14 19:21:00,726.45,726.5,726.32,726.35,27.416,19915.90828
2026-09-14 19:22:00,726.34,726.34,725.95,726.07,23.988,17417.47053
2026-09-14 19:23:00,726.06,726.44,726.03,726.43,67.412,48952.25673
2026-09-14 19:24:00,726.44,726.67,726.43,726.64,48.771,35435.39242
2026-09-14 19:25:00,726.64,726.73,726.36,726.57,22.559,16390.90975
2026-09-14 19:26:00,726.57,726.63,726.38,726.58,36.642,26621.97706
2026-09-14 19:27:00,726.57,726.98,726.42,726.59,88.142,64050.79707
2026-09-14 19:28:00,726.59,726.6,726.25,726.33,20.464,14865.71953
2026-09-14 19:29:00,726.33,726.34,726.05,726.05,16.361,11880.55304
2026-09-14 19:30:00,726.04,726.05,725.58,725.67,163.288,118514.51815
2026-09-14 19:31:00,725.67,726.3,725.67,725.99,62.148,45122.25812
2026-09-14 19:32:00,725.99,726.11,725.79,726.08,45.984,33384.56242
2026-09-14 19:33:00,726.07,726.16,725.94,726.05,26.525,19260.15139
2026-09-14 19:34:00,726.05,726.13,725.63,725.99,110.328,80072.9072
2026-09-14 19:35:00,725.99,726.03,725.69,725.77,36.586,26555.29276
2026-09-14 19:36:00,725.77,725.77,725.41,725.41,55.343,40155.71863
2026-09-14 19:37:00,725.41,725.72,725.4,725.65,56.717,41152.06503
2026-09-14 19:38:00,725.65,725.65,725.19,725.26,53.802,39031.88053
2026-09-14 19:39:00,725.26,725.34,725.2,725.28,15.18,11009.57904
2026-09-14 19:40:00,725.29,725.69,725.28,725.68,35.49,25751.85863
2026-09-14 19:41:00,725.68,725.72,725.6,725.71,17.396,12623.89235
2026-09-14 19:42:00,725.72,725.84,725.72,725.83,25.119,18231.68826
2026-09-14 19:43:00,725.83,726.13,725.83,726.13,37.323,27095.9281
2026-09-14 19:44:00,726.13,726.51,726.05,726.51,113.504,82439.88321
2026-09-14 19:45:00,726.5,726.76,726.46,726.73,50.168,36452.60254
2026-09-14 19:46:00,726.74,726.89,726.74,726.86,54.06,39292.60308
2026-09-14 19:47:00,726.87,726.96,726.33,726.48,108.401,78768.11236
2026-09-14 19:48:00,726.51,726.66,726.2,726.2,21.19,15392.75503
2026-09-14 19:49:00,726.21,726.21,726.01,726.09,18.35,13324.30282
2026-09-14 19:50:00,726.09,726.17,725.91,726.06,68.533,49758.97865
2026-09-14 19:51:00,726.05,726.06,725.85,725.85,15.849,11505.90498
2026-09-14 19:52:00,725.86,726.04,725.63,725.64,67.394,48918.40392
2026-09-14 19:53:00,725.63,725.64,725.5,725.5,61.76,44811.76805
2026-09-14 19:54:00,725.51,725.64,725.43,725.64,29.553,21440.66938
2026-09-14 19:55:00,725.63,725.63,725.12,725.13,33.815,24530.97555
2026-09-14 19:56:00,725.12,725.13,724.88,724.88,41.377,29999.57186
2026-09-14 19:57:00,724.88,724.88,724.83,724.88,68.903,49945.64223
2026-09-14 19:58:00,724.88,725.38,724.88,725.38,85.881,62277.40585
2026-09-14 19:59:00,725.37,725.54,725.26,725.34,45.487,32995.40862
2026-09-14 20:00:00,725.35,725.64,725.35,725.47,21.792,15810.53385
2026-09-14 20:01:00,725.47,725.65,725.46,725.57,114.134,82815.94203
2026-09-14 20:02:00,725.56,725.69,725.5,725.69,29.142,21145.20515
2026-09-14 20:03:00,725.7,725.78,725.7,725.77,25.573,18559.9777
2026-09-14 20:04:00,725.77,725.81,725.74,725.8,11.901,8637.47834
2026-09-14 20:05:00,725.81,726.08,725.8,726.07,18.773,13628.407
2026-09-14 20:06:00,726.08,726.13,726.07,726.13,65.361,47458.65039
2026-09-14 20:07:00,726.13,726.91,726.06,726.89,113.189,82227.51846
2026-09-14 20:08:00,726.89,727.08,726.8,726.82,143.041,103980.28094
2026-09-14 20:09:00,726.83,727.04,726.83,727.03,74.77,54359.26772
2026-09-14 20:10:00,727.03,727.08,727.02,727.08,59.021,42911.68457
2026-09-14 20:11:00,727.08,727.08,726.74,726.94,26.668,19386.11407
2026-09-14 20:12:00,726.94,729.58,726.94,729.25,614.223,447491.55634
2026-09-14 20:13:00,729.24,729.73,727.68,728.14,201.201,146614.06196
2026-09-14 20:14:00,728.13,728.65,727.99,728.56,39.271,28599.37485
2026-09-14 20:15:00,728.56,729.99,728.56,729.75,163.08,118956.46543
2026-09-14 20:16:00,729.76,730.48,729.65,730.43,526.878,384667.18069
2026-09-14 20:17:00,730.44,731.12,730.07,730.97,591.294,432139.00762
2026-09-14 20:18:00,730.98,731.69,730.97,731.29,344.623,252054.29211
2026-09-14 20:19:00,731.29,731.42,730.84,731.39,226.779,165822.75909
2026-09-14 20:20:00,731.4,732.05,731.35,731.96,177.334,129767.50991
2026-09-14 20:21:00,731.96,732.03,731.47,731.84,212.31,155376.99899
2026-09-14 20:22:00,731.85,732.71,731.85,732.49,244.497,179061.73402
2026-09-14 20:23:00,732.49,733.75,732.05,732.8,982.007,719852.418
2026-09-14 20:24:00,732.81,733.31,732.0,732.13,381.921,279815.56142
2026-09-14 20:25:00,732.12,732.49,731.51,731.98,268.354,196425.60322
2026-09-14 20:26:00,731.98,732.17,731.48,731.69,98.399,72002.59339
2026-09-14 20:27:00,731.69,731.72,730.95,731.51,146.157,106899.5266
2026-09-14 20:28:00,731.51,732.04,731.24,731.57,595.647,435770.97702
2026-09-14 20:29:00,731.57,731.92,731.4,731.59,99.484,72778.81
2026-09-14 20:30:00,731.6,731.98,731.43,731.43,192.465,140830.48982
2026-09-14 20:31:00,731.43,731.67,731.29,731.36,74.547,54527.28181
2026-09-14 20:32:00,731.35,731.37,730.6,730.8,84.715,61914.34278
2026-09-14 20:33:00,730.8,730.94,730.43,730.93,139.253,101741.48888
2026-09-14 20:34:00,730.93,731.76,730.93,731.63,164.741,120505.93081
2026-09-14 20:35:00,731.63,731.83,730.87,731.4,157.979,115526.18625
2026-09-14 20:36:00,731.39,731.39,730.91,731.17,75.791,55413.27793
2026-09-14 20:37:00,731.17,731.17,730.85,730.95,43.954,32133.96644
2026-09-14 20:38:00,730.95,730.95,730.53,730.59,42.248,30870.12243
2026-09-14 20:39:00,730.58,730.68,730.13,730.14,53.63,39173.51625
2026-09-14 20:40:00,730.14,730.41,730.13,730.41,90.067,65775.27655
2026-09-14 20:41:00,730.41,730.69,730.4,730.6,27.681,20223.66501
2026-09-14 20:42:00,730.6,730.63,730.25,730.25,20.104,14686.30155
2026-09-14 20:43:00,730.25,730.32,729.99,730.08,96.034,70117.89815
2026-09-14 20:44:00,730.09,730.18,729.36,729.62,139.277,101637.3437
2026-09-14 20:45:00,729.63,729.79,729.44,729.78,94.127,68676.19461
2026-09-14 20:46:00,729.79,730.23,729.48,729.6,90.864,66322.26832
2026-09-14 20:47:00,729.6,729.65,729.27,729.36,80.28,58560.43525
2026-09-14 20:48:00,729.37,729.37,729.04,729.04,34.455,25120.97734
2026-09-14 20:49:00,729.05,729.05,728.52,728.74,92.579,67474.22881
2026-09-14 20:50:00,728.74,728.8,728.18,728.2,82.552,60134.4757
2026-09-14 20:51:00,728.2,728.4,728.01,728.13,115.996,84462.45969
2026-09-14 20:52:00,728.15,728.53,728.15,728.3,101.57,73981.43188
2026-09-14 20:53:00,728.31,728.39,728.26,728.28,19.683,14335.63945
2026-09-14 20:54:00,728.28,728.29,727.88,727.88,83.415,60728.75001
2026-09-14 20:55:00,727.88,727.88,727.54,727.54,32.052,23326.62126
2026-09-14 20:56:00,727.53,727.53,726.97,727.2,105.456,76695.05023
2026-09-14 20:57:00,727.19,727.32,726.97,726.98,32.581,23692.48217
2026-09-14 20:58:00,726.99,727.17,726.83,726.94,88.125,64067.86701
2026-09-14 20:59:00,726.94,726.98,726.68,726.93,77.37,56238.66125
2026-09-14 21:00:00,726.94,727.01,726.53,726.53,39.791,28919.65041
2026-09-14 21:01:00,726.52,726.52,725.49,725.49,149.443,108498.06368
2026-09-14 21:02:00,725.48,725.48,723.68,724.84,764.963,554237.74879
2026-09-14 21:03:00,724.85,725.44,724.71,725.06,141.46,102565.48771
2026-09-14 21:04:00,725.05,725.2,724.56,725.19,68.855,49920.13889
2026-09-14 21:05:00,725.2,725.71,725.01,725.37,153.722,111510.65825
2026-09-14 21:06:00,725.36,725.7,725.2,725.37,86.652,62862.48376
2026-09-14 21:07:00,725.37,725.83,725.0,725.83,71.493,51850.82949
2026-09-14 21:08:00,725.83,726.0,725.65,725.96,29.457,21382.14834
2026-09-14 21:09:00,725.96,725.96,725.4,725.57,84.026,60975.65269
2026-09-14 21:10:00,725.56,725.56,724.97,725.34,146.7,106385.92407
2026-09-14 21:11:00,725.33,725.42,724.77,724.77,129.584,93959.31751
2026-09-14 21:12:00,724.78,725.09,724.78,724.94,74.014,53655.90486
2026-09-14 21:13:00,724.94,725.12,724.76,724.8,88.075,63845.48624
2026-09-14 21:14:00,724.8,724.8,723.8,724.09,88.482,64081.74531
2026-09-14 21:15:00,724.09,724.16,723.7,723.97,110.527,80015.69336
2026-09-14 21:16:00,723.97,724.61,723.97,724.52,129.953,94127.56425
2026-09-14 21:17:00,724.52,724.52,723.98,724.15,58.646,42471.35654
2026-09-14 21:18:00,724.15,725.43,724.14,725.43,160.524,116333.03073
2026-09-14 21:19:00,725.44,725.63,724.94,724.95,329.499,239059.81665
2026-09-14 21:20:00,724.95,725.32,724.85,725.27,44.471,32242.29963
2026-09-14 21:21:00,725.27,725.36,724.92,724.92,89.462,64873.87888
2026-09-14 21:22:00,724.92,725.0,724.71,724.99,46.787,33912.71916
2026-09-14 21:23:00,725.0,725.3,724.94,724.95,51.859,37604.3781
2026-09-14 21:24:00,724.95,724.95,724.81,724.85,28.536,20683.71847
2026-09-14 21:25:00,724.86,724.86,724.13,724.44,125.576,90978.92261
2026-09-14 21:26:00,724.45,724.61,724.32,724.41,68.095,49335.4061
2026-09-14 21:27:00,724.42,724.42,724.21,724.33,18.268,13232.52815
2026-09-14 21:28:00,724.34,724.73,724.34,724.45,32.72,23707.6815
2026-09-14 21:29:00,724.44,724.65,724.13,724.26,80.644,58418.91548
2026-09-14 21:30:00,724.27,724.73,724.27,724.73,35.549,25753.24939
2026-09-14 21:31:00,724.73,724.79,724.61,724.79,12.749,9238.91104
2026-09-14 21:32:00,724.79,724.79,724.39,724.42,21.238,15386.91102
2026-09-14 21:33:00,724.42,724.42,724.1,724.2,41.519,30065.07362
2026-09-14 21:34:00,724.19,724.4,724.19,724.39,85.064,61614.68506
2026-09-14 21:35:00,724.4,724.4,723.77,723.77,74.574,53998.37559
2026-09-14 21:36:00,723.76,723.95,723.31,723.73,97.51,70571.16633
2026-09-14 21:37:00,723.72,723.72,723.21,723.62,185.955,134520.10412
2026-09-14 21:38:00,723.63,723.66,723.32,723.37,65.071,47080.3001
2026-09-14 21:39:00,723.37,723.66,723.37,723.58,33.812,24466.24311
2026-09-14 21:40:00,723.58,724.11,723.58,723.85,72.656,52589.10376
2026-09-14 21:41:00,723.86,724.26,723.79,724.19,37.521,27165.6529
2026-09-14 21:42:00,724.19,724.19,724.01,724.14,13.814,10002.5437
2026-09-14 21:43:00,724.15,724.15,724.03,724.06,48.144,34859.7285
2026-09-14 21:44:00,724.05,724.06,723.81,723.81,43.474,31474.22882
2026-09-14 21:45:00,723.82,724.14,723.81,724.14,27.114,19632.15834
2026-09-14 21:46:00,724.14,724.14,723.79,723.79,82.314,59594.02858
2026-09-14 21:47:00,723.78,723.79,723.7,723.77,7.457,5397.15818
2026-09-14 21:48:00,723.78,723.78,723.5,723.5,6.759,4890.98319
2026-09-14 21:49:00,723.51,723.8,723.51,723.79,8.931,6463.26465
2026-09-14 21:50:00,723.8,724.12,723.79,724.12,120.961,87572.19722
2026-09-14 21:51:00,724.12,724.12,723.72,723.78,50.072,36252.3301
2026-09-14 21:52:00,723.77,723.78,723.39,723.74,56.349,40771.36905
2026-09-14 21:53:00,723.74,723.83,723.51,723.65,24.789,17937.37735
2026-09-14 21:54:00,723.65,723.71,723.3,723.71,115.97,83906.94654
2026-09-14 21:55:00,723.71,723.71,723.7,723.7,4.099,2966.45629
2026-09-14 21:56:00,723.71,723.79,723.7,723.71,10.412,7535.35539
2026-09-14 21:57:00,723.71,723.77,723.68,723.77,17.465,12639.41214
2026-09-14 21:58:00,723.76,723.77,723.59,723.59,14.217,10289.43191
2026-09-14 21:59:00,723.6,723.62,723.5,723.57,56.083,40581.79787
2026-09-14 22:00:00,723.57,723.77,723.16,723.17,41.544,30053.2213
2026-09-14 22:01:00,723.17,723.54,722.97,723.54,45.622,32990.07975
2026-09-14 22:02:00,723.53,723.54,722.98,722.98,296.047,214080.20925
2026-09-14 22:03:00,722.99,723.14,722.73,722.91,73.927,53440.18705
2026-09-14 22:04:00,722.9,722.93,722.58,722.73,139.642,100935.60398
2026-09-14 22:05:00,722.73,723.49,722.73,723.45,55.996,40498.38604
2026-09-14 22:06:00,723.45,723.56,723.4,723.5,6.927,5011.48318
2026-09-14 22:07:00,723.5,723.5,722.8,722.9,23.675,17122.4793
2026-09-14 22:08:00,722.9,723.87,722.9,723.8,127.217,92043.05678
2026-09-14 22:09:00,723.8,724.07,723.79,724.07,38.451,27839.65078
2026-09-14 22:10:00,724.08,724.49,724.06,724.07,137.076,99272.11177
2026-09-14 22:11:00,724.07,724.28,723.87,724.28,152.971,110760.85029
2026-09-14 22:12:00,724.28,724.38,724.24,724.25,8.73,6323.28621
2026-09-14 22:13:00,724.25,724.84,724.24,724.6,100.684,72961.01758
2026-09-14 22:14:00,724.59,724.59,724.44,724.46,28.071,20336.41868
2026-09-14 22:15:00,724.47,724.56,724.32,724.33,110.132,79784.49566
2026-09-14 22:16:00,724.32,724.52,724.31,724.31,54.879,39753.84232
2026-09-14 22:17:00,724.3,724.3,724.01,724.03,18.808,13619.90367
2026-09-14 22:18:00,724.04,724.18,723.86,724.18,202.204,146403.56584
2026-09-14 22:19:00,724.18,724.18,723.21,723.29,49.622,35913.06452
2026-09-14 22:20:00,723.29,723.35,723.08,723.19,154.999,112096.7148
2026-09-14 22:21:00,723.19,723.32,722.82,723.27,117.708,85117.12542
2026-09-14 22:22:00,723.27,723.29,722.97,723.29,23.982,17341.46033
2026-09-14 22:23:00,723.29,723.29,723.07,723.07,6.975,5044.07775
2026-09-14 22:24:00,723.08,723.08,722.85,722.9,18.458,13344.61935
2026-09-14 22:25:00,722.89,723.65,722.89,723.65,202.899,146729.69942
2026-09-14 22:26:00,723.65,723.69,723.23,723.24,22.979,16626.5835
2026-09-14 22:27:00,723.24,723.34,723.05,723.05,37.592,27189.43177
2026-09-14 22:28:00,723.05,723.14,722.72,723.14,59.68,43143.42288
2026-09-14 22:29:00,723.14,723.4,723.05,723.4,11.811,8540.63463
2026-09-14 22:30:00,723.39,723.58,723.39,723.47,35.94,26000.09712
2026-09-14 22:31:00,723.46,723.47,723.0,723.12,224.408,162297.49917
2026-09-14 22:32:00,723.12,723.2,722.68,722.98,140.902,101871.33434
2026-09-14 22:33:00,722.97,723.02,722.65,722.87,23.741,17162.50859
2026-09-14 22:34:00,722.87,723.05,722.55,722.94,56.808,41061.19896
2026-09-14 22:35:00,722.94,723.15,722.83,723.14,19.877,14369.16849
2026-09-14 22:36:00,723.15,723.94,723.14,723.94,34.971,25302.25848
2026-09-14 22:37:00,723.93,724.0,723.79,723.8,29.983,21704.007
2026-09-14 22:38:00,723.8,723.88,723.38,723.72,80.055,57933.16742
2026-09-14 22:39:00,723.73,724.0,723.49,723.59,77.933,56406.62738
2026-09-14 22:40:00,723.59,723.99,723.59,723.89,39.957,28922.32871
2026-09-14 22:41:00,723.9,723.9,723.67,723.71,28.985,20980.2207
2026-09-14 22:42:00,723.72,724.0,723.69,723.98,73.345,53084.1333
2026-09-14 22:43:00,723.99,724.15,723.99,724.15,32.889,23813.28535
2026-09-14 22:44:00,724.15,724.15,724.03,724.06,23.247,16831.91954
2026-09-14 22:45:00,724.05,724.05,723.85,723.95,34.134,24710.85725
2026-09-14 22:46:00,723.96,724.01,723.64,723.73,27.741,20078.39384
2026-09-14 22:47:00,723.73,723.73,723.26,723.46,65.067,47072.93362
2026-09-14 22:48:00,723.46,724.0,717.13,720.7,2809.47,2022454.26513
2026-09-14 22:49:00,720.71,723.28,719.09,720.55,2633.775,1898780.45476
2026-09-14 22:50:00,720.54,721.9,720.48,721.9,261.602,188698.89329
2026-09-14 22:51:00,721.9,723.71,721.89,722.5,1063.115,768367.06509
2026-09-14 22:52:00,722.5,722.62,721.87,721.87,98.467,71117.91995
2026-09-14 22:53:00,721.87,722.34,721.71,722.33,106.438,76842.09866
2026-09-14 22:54:00,722.34,722.88,722.34,722.88,114.504,82725.06216
2026-09-14 22:55:00,722.88,722.88,722.72,722.75,60.567,43777.61762
2026-09-14 22:56:00,722.75,722.8,722.56,722.8,26.401,19080.1633
2026-09-14 22:57:00,722.79,722.88,722.63,722.64,17.199,12431.28196
2026-09-14 22:58:00,722.64,722.82,722.64,722.81,10.019,7240.79716
2026-09-14 22:59:00,722.81,722.82,722.6,722.6,28.146,20341.80904
2026-09-14 23:00:00,722.61,722.75,721.39,721.5,647.244,467489.23399
2026-09-14 23:01:00,721.5,721.73,720.89,720.89,197.752,142652.16559
2026-09-14 23:02:00,720.89,721.36,720.65,720.83,97.971,70649.87742
2026-09-14 23:03:00,720.83,720.84,720.2,720.26,155.506,112039.95012
2026-09-14 23:04:00,720.26,720.31,720.18,720.31,11.42,8224.94207
2026-09-14 23:05:00,720.3,720.46,720.23,720.23,64.675,46592.64708
2026-09-14 23:06:00,720.23,720.26,719.93,720.06,148.842,107175.93539
2026-09-14 23:07:00,720.07,720.6,720.06,720.6,17.439,12564.46973
2026-09-14 23:08:00,720.6,720.71,720.6,720.68,54.725,39437.18777
2026-09-14 23:09:00,720.68,720.84,720.52,720.67,57.701,41584.38647
2026-09-14 23:10:00,720.68,720.83,720.68,720.83,14.017,10102.81363
2026-09-14 23:11:00,720.83,721.23,720.83,721.23,37.031,26703.13414
2026-09-14 23:12:00,721.23,721.41,721.13,721.37,34.313,24749.90117
2026-09-14 23:13:00,721.39,721.39,721.24,721.24,39.589,28557.35992
2026-09-14 23:14:00,721.24,721.36,721.24,721.3,9.937,7167.93951
2026-09-14 23:15:00,721.3,722.04,721.25,722.0,171.149,123497.17249
2026-09-14 23:16:00,721.99,721.99,721.72,721.73,83.307,60132.79249
2026-09-14 23:17:00,721.73,721.73,721.64,721.69,19.607,14149.95739
2026-09-14 23:18:00,721.68,721.91,721.68,721.83,35.306,25483.92277
2026-09-14 23:19:00,721.82,721.82,721.55,721.67,65.478,47256.42899
2026-09-14 23:20:00,721.67,721.74,721.65,721.74,6.487,4681.58479
2026-09-14 23:21:00,721.74,721.82,721.66,721.66,20.502,14797.89659
2026-09-14 23:22:00,721.66,721.83,721.44,721.83,120.463,86933.74775
2026-09-14 23:23:00,721.82,721.98,721.82,721.92,35.02,25280.86389
2026-09-14 23:24:00,721.93,722.6,721.92,722.51,103.82,74986.33092
2026-09-14 23:25:00,722.51,722.62,722.47,722.48,76.26,55103.22597
2026-09-14 23:26:00,722.48,722.62,722.48,722.58,25.497,18423.78252
2026-09-14 23:27:00,722.59,722.59,721.8,721.87,194.142,140212.42383
2026-09-14 23:28:00,721.86,722.06,721.8,721.97,8.872,6405.35899
2026-09-14 23:29:00,721.98,722.18,721.96,722.02,46.402,33504.47554
2026-09-14 23:30:00,722.03,722.03,721.67,721.67,53.832,38858.61349
2026-09-14 23:31:00,721.67,721.67,721.58,721.64,25.191,18178.25323
2026-09-14 23:32:00,721.64,721.81,721.51,721.52,21.647,15621.70649
2026-09-14 23:33:00,721.52,721.64,721.52,721.64,9.124,6583.41086
2026-09-14 23:34:00,721.64,721.64,721.56,721.56,2.922,2108.55395
2026-09-14 23:35:00,721.57,721.59,721.13,721.14,30.027,21657.07891
2026-09-14 23:36:00,721.14,721.24,721.06,721.06,35.838,25843.40173
2026-09-14 23:37:00,721.06,721.07,720.89,721.01,41.493,29915.63191
2026-09-14 23:38:00,721.01,721.39,721.01,721.39,64.375,46419.72667
2026-09-14 23:39:00,721.39,721.56,721.33,721.49,25.699,18540.16347
2026-09-14 23:40:00,721.48,721.57,721.39,721.41,42.235,30472.25058
2026-09-14 23:41:00,721.41,721.41,721.38,721.39,3.8,2741.31347
2026-09-14 23:42:00,721.39,721.39,721.38,721.39,4.868,3511.69312
2026-09-14 23:43:00,721.38,721.49,721.38,721.49,8.33,6009.50042
2026-09-14 23:44:00,721.49,721.49,721.35,721.38,43.498,31379.88463
2026-09-14 23:45:00,721.38,721.38,720.9,721.01,96.247,69411.34082
2026-09-14 23:46:00,721.0,721.08,720.99,721.08,9.184,6621.70907
2026-09-14 23:47:00,721.08,721.08,720.9,720.91,4.241,3057.53214
2026-09-14 23:48:00,720.91,721.03,720.9,720.94,14.689,10591.00017
2026-09-14 23:49:00,720.94,721.12,720.91,721.07,18.119,13063.66606
2026-09-14 23:50:00,721.07,721.08,720.74,720.81,29.186,21038.98776
2026-09-14 23:51:00,720.81,720.81,719.01,719.72,418.118,300883.75807
2026-09-14 23:52:00,719.72,720.05,719.72,720.03,98.657,71021.8054
2026-09-14 23:53:00,720.04,720.53,720.03,720.49,37.207,26798.72354
2026-09-14 23:54:00,720.49,720.49,720.39,720.49,34.55,24890.96258
2026-09-14 23:55:00,720.49,720.49,720.39,720.39,25.04,18039.66815
2026-09-14 23:56:00,720.39,720.52,720.38,720.41,17.207,12397.09248
2026-09-14 23:57:00,720.4,720.41,720.17,720.37,34.007,24495.89435
2026-09-14 23:58:00,720.37,720.46,720.37,720.44,7.468,5379.99679
2026-09-14 23:59:00,720.45,720.54,720.36,720.42,15.857,11423.66235
2026-09-15 00:00:00,720.43,720.52,720.42,720.52,23.259,16756.58934
2026-09-15 00:01:00,720.52,720.52,720.31,720.31,108.572,78218.01969
2026-09-15 00:02:00,720.32,720.51,720.2,720.32,102.82,74063.98577
2026-09-15 00:03:00,720.33,720.53,720.33,720.47,35.122,25303.71965
2026-09-15 00:04:00,720.48,720.48,720.19,720.21,54.843,39499.64331
2026-09-15 00:05:00,720.21,720.28,720.0,720.01,73.64,53029.18177
2026-09-15 00:06:00,720.01,720.08,719.86,719.92,246.064,177165.78646
2026-09-15 00:07:00,719.92,720.19,719.92,720.16,24.118,17367.99564
2026-09-15 00:08:00,720.16,720.21,720.16,720.2,8.603,6195.68236
2026-09-15 00:09:00,720.21,720.52,720.21,720.52,81.809,58925.69656
2026-09-15 00:10:00,720.52,720.53,720.22,720.34,117.821,84868.77756
2026-09-15 00:11:00,720.34,720.34,720.0,720.08,77.257,55636.09516
2026-09-15 00:12:00,720.09,720.09,719.8,719.85,99.38,71550.69742
2026-09-15 00:13:00,719.88,719.88,719.25,719.42,84.674,60925.24063
2026-09-15 00:14:00,719.41,719.42,719.41,719.42,7.428,5343.8378
2026-09-15 00:15:00,719.42,719.5,719.37,719.5,50.824,36563.62242
2026-09-15 00:16:00,719.5,719.59,719.43,719.59,33.12,23829.21604
2026-09-15 00:17:00,719.59,719.59,719.58,719.59,9.977,7179.30128
2026-09-15 00:18:00,719.59,719.61,719.58,719.61,6.83,4914.83066
2026-09-15 00:19:00,719.61,719.64,719.51,719.63,30.937,22261.73914
2026-09-15 00:20:00,719.63,719.64,719.33,719.43,47.951,34499.32473
2026-09-15 00:21:00,719.43,719.43,719.32,719.4,124.959,89891.85007
2026-09-15 00:22:00,719.41,719.44,719.4,719.44,15.054,10830.22972
2026-09-15 00:23:00,719.44,720.1,719.44,719.91,120.558,86770.30171
2026-09-15 00:24:00,719.91,719.91,719.5,719.51,50.972,36682.82925
2026-09-15 00:25:00,719.5,719.64,719.34,719.64,43.63,31388.98397
2026-09-15 00:26:00,719.65,719.72,719.65,719.72,18.111,13033.83812
2026-09-15 00:27:00,719.71,719.71,719.39,719.51,196.109,141098.38911
2026-09-15 00:28:00,719.5,719.72,719.32,719.62,203.97,146779.42559
2026-09-15 00:29:00,719.61,719.62,719.57,719.57,47.957,34510.38918
2026-09-15 00:30:00,719.58,719.58,719.42,719.43,26.397,18992.05509
2026-09-15 00:31:00,719.43,719.47,719.32,719.33,24.758,17811.09947
2026-09-15 00:32:00,719.33,719.33,719.03,719.03,18.847,13555.62036
2026-09-15 00:33:00,719.04,719.06,718.94,718.94,100.842,72506.46442
2026-09-15 00:34:00,718.94,719.2,718.94,719.2,24.674,17741.9159
2026-09-15 00:35:00,719.19,719.27,719.19,719.27,8.927,6420.68834
2026-09-15 00:36:00,719.27,719.43,718.89,719.04,91.973,66144.82624
2026-09-15 00:37:00,719.05,719.26,719.04,719.17,56.473,40617.38422
2026-09-15 00:38:00,719.16,719.17,719.15,719.16,26.213,18851.40348
2026-09-15 00:39:00,719.15,719.15,718.92,718.99,67.943,48854.51708
2026-09-15 00:40:00,719.0,719.03,718.94,718.96,12.082,8686.95691
2026-09-15 00:41:00,718.96,719.24,718.96,719.24,14.612,10506.71945
2026-09-15 00:42:00,719.23,719.45,718.93,718.93,72.454,52113.31362
2026-09-15 00:43:00,718.93,719.16,718.78,719.16,91.295,65629.13404
2026-09-15 00:44:00,719.17,719.28,719.17,719.26,35.498,25532.28217
2026-09-15 00:45:00,719.25,719.44,719.25,719.44,36.697,26399.79515
2026-09-15 00:46:00,719.43,719.44,719.17,719.17,42.858,30830.68617
2026-09-15 00:47:00,719.16,719.16,719.04,719.04,14.04,10095.90251
2026-09-15 00:48:00,719.04,719.05,718.88,718.99,121.959,87686.75914
2026-09-15 00:49:00,718.98,719.29,718.98,719.28,51.718,37197.63032
2026-09-15 00:50:00,719.28,719.35,719.28,719.35,54.585,39262.86063
2026-09-15 00:51:00,719.35,719.35,719.29,719.3,18.442,13265.57085
2026-09-15 00:52:00,719.29,719.88,719.29,719.66,91.788,66055.88097
2026-09-15 00:53:00,719.67,719.75,719.58,719.63,85.143,61272.34147
2026-09-15 00:54:00,719.63,719.63,719.16,719.18,62.398,44885.8658
2026-09-15 00:55:00,719.19,719.19,719.16,719.17,7.981,5739.76254
2026-09-15 00:56:00,719.17,719.2,719.16,719.16,17.679,12714.41763
2026-09-15 00:57:00,719.17,719.17,718.97,719.02,33.635,24185.39509
2026-09-15 00:58:00,719.02,719.16,719.01,719.04,26.418,18996.56082
2026-09-15 00:59:00,719.04,719.35,719.03,719.35,51.481,37025.17764
2026-09-15 01:00:00,719.35,719.41,718.81,718.81,90.556,65123.13195
2026-09-15 01:01:00,718.81,719.14,718.81,719.14,75.405,54216.12102
2026-09-15 01:02:00,719.15,719.29,719.02,719.27,54.812,39419.87104
2026-09-15 01:03:00,719.28,719.36,719.15,719.16,87.631,63025.66961
2026-09-15 01:04:00,719.16,719.3,719.07,719.2,36.08,25949.17588
2026-09-15 01:05:00,719.2,719.2,719.02,719.02,30.755,22117.21938
2026-09-15 01:06:00,719.03,719.14,719.0,719.01,20.775,14938.61436
2026-09-15 01:07:00,719.01,719.01,718.78,718.78,99.013,71181.01466
2026-09-15 01:08:00,718.79,718.79,718.65,718.71,19.755,14199.02724
2026-09-15 01:09:00,718.71,718.71,718.31,718.33,91.605,65817.42687
2026-09-15 01:10:00,718.33,718.51,718.26,718.44,95.985,68957.08475
2026-09-15 01:11:00,718.44,719.05,718.44,719.05,59.841,43008.54298
2026-09-15 01:12:00,719.06,719.38,719.05,719.38,118.93,85540.39845
2026-09-15 01:13:00,719.38,719.59,719.25,719.58,120.518,86695.40588
2026-09-15 01:14:00,719.59,719.59,719.43,719.51,37.02,26636.38537
2026-09-15 01:15:00,719.51,719.57,719.21,719.54,167.73,120670.28846
2026-09-15 01:16:00,719.54,719.65,719.31,719.64,38.161,27455.22036
2026-09-15 01:17:00,719.64,719.81,719.64,719.79,45.111,32469.60843
2026-09-15 01:18:00,719.79,719.87,719.26,719.42,122.468,88128.49357
2026-09-15 01:19:00,719.41,719.63,719.41,719.62,8.687,6250.42517
2026-09-15 01:20:00,719.62,719.85,719.62,719.85,18.47,13292.87408
2026-09-15 01:21:00,719.85,720.02,719.84,720.02,60.651,43667.01506
2026-09-15 01:22:00,720.02,720.97,720.01,720.89,92.44,66606.07585
2026-09-15 01:23:00,720.88,720.96,720.71,720.91,50.199,36184.52692
2026-09-15 01:24:00,720.9,721.14,720.69,720.95,243.965,175875.19626
2026-09-15 01:25:00,720.94,721.01,720.93,720.94,15.374,11083.98617
2026-09-15 01:26:00,720.94,720.94,720.49,720.49,39.475,28454.37476
2026-09-15 01:27:00,720.5,720.5,720.0,720.08,14.652,10551.59448
2026-09-15 01:28:00,720.07,720.07,719.35,719.35,93.333,67171.81904
2026-09-15 01:29:00,719.36,719.64,719.32,719.45,58.009,41737.54411
2026-09-15 01:30:00,719.45,719.53,719.25,719.42,42.401,30500.18063
2026-09-15 01:31:00,719.42,720.36,719.42,720.13,134.108,96562.83359
2026-09-15 01:32:00,720.14,720.53,720.13,720.53,59.613,42942.39212
2026-09-15 01:33:00,720.53,720.53,720.0,720.27,34.965,25186.09175
2026-09-15 01:34:00,720.26,720.28,720.0,720.0,18.803,13539.60461
2026-09-15 01:35:00,720.0,720.0,719.78,719.89,21.429,15425.76952
2026-09-15 01:36:00,719.88,720.13,719.88,720.06,23.134,16656.40769
2026-09-15 01:37:00,720.06,720.08,719.98,720.01,73.181,52692.35272
2026-09-15 01:38:00,720.01,720.26,720.0,720.25,25.084,18065.78321
2026-09-15 01:39:00,720.25,720.3,720.25,720.3,1.231,886.66949
2026-09-15 01:40:00,720.3,720.43,720.15,720.33,134.905,97175.53187
2026-09-15 01:41:00,720.33,720.33,720.32,720.32,12.919,9305.86339
2026-09-15 01:42:00,720.33,720.36,720.32,720.35,5.055,3641.40326
2026-09-15 01:43:00,720.36,720.51,720.35,720.51,35.311,25439.47538
2026-09-15 01:44:00,720.51,720.58,720.5,720.58,28.452,20500.83621
2026-09-15 01:45:00,720.58,720.58,720.01,720.48,88.792,63957.42839
2026-09-15 01:46:00,720.47,720.77,720.45,720.77,17.911,12907.38153
2026-09-15 01:47:00,720.76,720.82,720.76,720.82,4.342,3129.56657
2026-09-15 01:48:00,720.83,720.96,720.82,720.96,39.224,28276.82361
2026-09-15 01:49:00,720.96,721.42,720.95,721.27,116.171,83779.81428
2026-09-15 01:50:00,721.28,721.28,721.02,721.03,41.425,29875.72061
2026-09-15 01:51:00,721.03,721.03,720.81,720.82,39.836,28719.14899
2026-09-15 01:52:00,720.82,720.82,720.73,720.73,28.907,20835.76305
2026-09-15 01:53:00,720.73,720.82,720.73,720.82,39.006,28116.09443
2026-09-15 01:54:00,720.82,720.83,720.71,720.71,35.664,25706.68393
2026-09-15 01:55:00,720.72,720.83,720.71,720.83,28.841,20787.77475
2026-09-15 01:56:00,720.82,720.92,720.82,720.92,12.922,9314.67578
2026-09-15 01:57:00,720.91,720.92,720.6,720.61,28.459,20513.5236
2026-09-15 01:58:00,720.6,720.69,720.37,720.38,61.008,43958.27728
2026-09-15 01:59:00,720.37,720.38,720.31,720.32,13.776,9923.23225
2026-09-15 02:00:00,720.32,720.48,720.32,720.48,8.036,5789.25467
2026-09-15 02:01:00,720.48,720.69,720.48,720.69,26.24,18907.91504
2026-09-15 02:02:00,720.69,721.08,720.69,721.07,25.787,18589.67563
2026-09-15 02:03:00,721.08,721.08,720.69,720.85,53.97,38906.96254
2026-09-15 02:04:00,720.85,720.85,720.68,720.75,20.571,14827.73921
2026-09-15 02:05:00,720.75,720.87,720.74,720.77,19.074,13748.35583
2026-09-15 02:06:00,720.77,720.77,720.44,720.48,41.58,29961.16635
2026-09-15 02:07:00,720.49,720.49,720.04,720.13,44.01,31697.26361
2026-09-15 02:08:00,720.13,720.27,720.04,720.21,71.683,51622.04438
2026-09-15 02:09:00,720.21,720.57,720.21,720.57,15.497,11165.14123
2026-09-15 02:10:00,720.57,720.67,720.56,720.67,33.905,24432.14935
2026-09-15 02:11:00,720.67,721.01,720.66,721.01,52.705,37994.86857
2026-09-15 02:12:00,721.01,721.17,721.01,721.16,25.853,18643.22315
2026-09-15 02:13:00,721.15,721.2,720.92,720.93,46.965,33869.43951
2026-09-15 02:14:00,720.92,720.93,720.7,720.71,75.219,54214.64712
2026-09-15 02:15:00,720.72,720.84,720.45,720.55,112.734,81249.41229
2026-09-15 02:16:00,720.54,721.06,720.54,721.04,16.816,12120.77005
2026-09-15 02:17:00,721.04,721.25,721.03,721.24,32.742,23613.22101
2026-09-15 02:18:00,721.24,721.24,721.12,721.14,37.539,27071.91653
2026-09-15 02:19:00,721.14,721.25,721.13,721.19,72.775,52484.92603
2026-09-15 02:20:00,721.19,721.2,720.82,720.82,43.393,31285.69503
2026-09-15 02:21:00,720.83,721.11,720.83,720.83,39.993,28832.76145
2026-09-15 02:22:00,720.83,720.98,720.77,720.98,23.787,17147.07183
2026-09-15 02:23:00,720.98,721.23,720.97,721.23,33.654,24267.18775
2026-09-15 02:24:00,721.23,721.27,721.2,721.25,34.514,24893.01239
2026-09-15 02:25:00,721.25,721.49,721.24,721.48,60.549,43680.78292
2026-09-15 02:26:00,721.48,721.48,721.2,721.27,56.302,40617.42166
2026-09-15 02:27:00,721.26,721.32,721.13,721.17,59.595,42982.99791
2026-09-15 02:28:00,721.17,721.17,720.54,720.55,53.213,38365.10259
2026-09-15 02:29:00,720.55,720.67,720.55,720.63,16.35,11781.63161
2026-09-15 02:30:00,720.63,720.63,720.29,720.48,27.206,19601.41961
2026-09-15 02:31:00,720.48,720.72,720.48,720.71,19.013,13701.78362
2026-09-15 02:32:00,720.72,720.72,720.3,720.31,42.837,30869.1227
2026-09-15 02:33:00,720.3,720.66,720.2,720.56,114.35,82374.70572
2026-09-15 02:34:00,720.56,720.56,720.31,720.5,87.308,62900.50278
2026-09-15 02:35:00,720.51,720.57,720.37,720.57,73.341,52841.67849
2026-09-15 02:36:00,720.57,720.73,720.43,720.44,69.119,49806.75696
2026-09-15 02:37:00,720.43,720.44,720.32,720.33,38.409,27668.70247
2026-09-15 02:38:00,720.33,720.33,719.79,720.14,132.715,95559.91407
2026-09-15 02:39:00,720.13,720.36,720.12,720.36,18.075,13018.16227
2026-09-15 02:40:00,720.36,720.4,720.28,720.29,38.815,27960.19469
2026-09-15 02:41:00,720.28,720.44,720.23,720.27,29.836,21491.86799
2026-09-15 02:42:00,720.26,720.37,720.26,720.37,7.963,5735.86188
2026-09-15 02:43:00,720.37,720.59,720.37,720.59,42.802,30836.92032
2026-09-15 02:44:00,720.59,720.69,720.56,720.6,89.781,64696.06227
2026-09-15 02:45:00,720.6,720.61,720.6,720.6,7.522,5420.40658
2026-09-15 02:46:00,720.6,720.62,720.58,720.59,10.556,7606.74463
2026-09-15 02:47:00,720.58,720.58,720.4,720.43,27.167,19573.61637
2026-09-15 02:48:00,720.43,720.5,720.42,720.5,16.477,11871.31022
2026-09-15 02:49:00,720.49,720.5,720.27,720.32,48.983,35287.12265
2026-09-15 02:50:00,720.31,720.6,720.31,720.41,125.217,90212.82703
2026-09-15 02:51:00,720.42,720.55,720.28,720.55,107.894,77727.0281
2026-09-15 02:52:00,720.55,722.08,720.44,721.75,514.159,370956.24138
2026-09-15 02:53:00,721.74,721.88,721.74,721.79,50.585,36511.96973
2026-09-15 02:54:00,721.79,721.84,721.78,721.83,32.343,23345.18297
2026-09-15 02:55:00,721.84,722.34,721.83,722.33,141.772,102358.87635
2026-09-15 02:56:00,722.34,722.39,722.08,722.36,97.689,70555.97048
2026-09-15 02:57:00,722.36,722.36,722.15,722.19,59.267,42805.97035
2026-09-15 02:58:00,722.2,722.2,722.02,722.02,32.511,23475.08915
2026-09-15 02:59:00,722.03,722.03,721.83,721.88,50.078,36152.2967
2026-09-15 03:00:00,721.88,721.88,721.47,721.56,52.675,38011.70343
2026-09-15 03:01:00,721.56,721.56,721.13,721.13,31.096,22433.62653
2026-09-15 03:02:00,721.14,721.14,720.57,720.9,119.97,86473.8298
2026-09-15 03:03:00,720.91,721.04,720.58,720.87,128.744,92792.36468
2026-09-15 03:04:00,720.88,720.94,720.6,720.83,27.003,19462.02843
2026-09-15 03:05:00,720.83,721.16,720.83,721.04,23.383,16860.04419
2026-09-15 03:06:00,721.04,721.16,721.04,721.08,183.768,132511.06859
2026-09-15 03:07:00,721.08,721.49,720.8,721.34,342.453,246916.38326
2026-09-15 03:08:00,721.34,721.34,720.95,720.95,217.169,156644.03047
2026-09-15 03:09:00,720.96,720.96,720.51,720.69,45.858,33049.92331
2026-09-15 03:10:00,720.7,720.8,720.03,720.25,127.344,91725.61693
2026-09-15 03:11:00,720.25,720.39,719.62,719.77,140.1,100876.60194
2026-09-15 03:12:00,719.77,719.85,719.58,719.8,20.631,14848.14997
2026-09-15 03:13:00,719.81,719.84,719.67,719.72,24.998,17991.33654
2026-09-15 03:14:00,719.72,719.74,719.67,719.73,6.107,4395.21572
2026-09-15 03:15:00,719.73,719.73,719.44,719.48,89.85,64654.11166
2026-09-15 03:16:00,719.48,719.48,719.3,719.41,47.526,34190.11401
2026-09-15 03:17:00,719.41,719.81,719.4,719.75,76.912,55347.82119
2026-09-15 03:18:00,719.74,719.99,719.74,719.99,31.456,22642.92774
2026-09-15 03:19:00,720.0,720.1,720.0,720.1,5.84,4205.32874
2026-09-15 03:20:00,720.09,720.68,719.99,720.68,273.656,197095.74893
2026-09-15 03:21:00,720.68,720.92,720.68,720.91,56.521,40740.36737
2026-09-15 03:22:00,720.91,721.13,720.91,721.13,77.885,56155.54036
2026-09-15 03:23:00,721.12,721.41,721.12,721.37,29.921,21580.7889
2026-09-15 03:24:00,721.37,721.37,721.22,721.3,117.368,84654.9407
2026-09-15 03:25:00,721.29,721.73,721.22,721.69,113.164,81641.77732
2026-09-15 03:26:00,721.69,721.7,721.46,721.48,46.528,33575.61964
2026-09-15 03:27:00,721.47,721.56,721.47,721.55,23.286,16801.30479
2026-09-15 03:28:00,721.55,721.56,721.46,721.47,28.563,20608.43145
2026-09-15 03:29:00,721.46,721.47,721.25,721.25,26.214,18910.42493
2026-09-15 03:30:00,721.22,721.47,721.22,721.47,30.494,21996.45299
2026-09-15 03:31:00,721.47,721.66,721.46,721.66,52.929,38189.23894
2026-09-15 03:32:00,721.66,722.06,721.66,722.06,29.371,21201.04023
2026-09-15 03:33:00,722.06,722.06,722.05,722.05,40.88,29517.43373
2026-09-15 03:34:00,722.06,722.06,721.93,722.01,23.232,16773.7981
2026-09-15 03:35:00,722.01,722.29,722.0,722.28,73.616,53159.82147
2026-09-15 03:36:00,722.29,722.46,722.28,722.39,53.522,38664.82234
2026-09-15 03:37:00,722.39,722.4,722.12,722.18,49.721,35914.02594
2026-09-15 03:38:00,722.18,722.34,722.11,722.34,17.108,12355.86766
2026-09-15 03:39:00,722.33,722.34,722.18,722.18,42.748,30876.77822
2026-09-15 03:40:00,722.18,722.23,722.14,722.21,16.97,12255.31549
2026-09-15 03:41:00,722.22,722.22,722.21,722.21,12.347,8917.19385
2026-09-15 03:42:00,722.22,722.32,722.12,722.13,59.479,42959.65983
2026-09-15 03:43:00,722.13,722.2,722.12,722.13,10.816,7810.61307
2026-09-15 03:44:00,722.13,722.29,722.12,722.29,15.192,10971.57852
2026-09-15 03:45:00,722.29,722.29,722.13,722.28,41.644,30077.20955
2026-09-15 03:46:00,722.28,722.53,722.24,722.41,81.447,58833.06376
2026-09-15 03:47:00,722.41,722.41,722.23,722.23,33.675,24323.97761
2026-09-15 03:48:00,722.23,722.24,722.06,722.07,25.467,18389.96861
2026-09-15 03:49:00,722.06,722.07,721.76,721.76,32.191,23238.07516
2026-09-15 03:50:00,721.77,721.77,721.6,721.63,20.364,14696.16264
2026-09-15 03:51:00,721.64,722.07,721.63,721.8,93.701,67643.68097
2026-09-15 03:52:00,721.8,721.8,721.76,721.76,7.832,5653.07489
2026-09-15 03:53:00,721.76,721.76,721.69,721.7,15.586,11248.60401
2026-09-15 03:54:00,721.7,721.7,721.39,721.39,47.291,34123.71574
2026-09-15 03:55:00,721.39,721.39,721.19,721.26,33.371,24069.69867
2026-09-15 03:56:00,721.27,721.28,720.95,720.96,78.979,56949.84245
2026-09-15 03:57:00,720.96,721.03,720.95,721.03,15.118,10899.78945
2026-09-15 03:58:00,721.03,721.3,721.02,721.3,37.577,27101.6133
2026-09-15 03:59:00,721.3,721.54,721.09,721.37,69.997,50482.98513
2026-09-15 04:00:00,721.38,721.38,721.21,721.26,48.35,34874.44852
2026-09-15 04:01:00,721.26,721.27,721.04,721.04,32.888,23717.32974
2026-09-15 04:02:00,721.05,721.09,721.04,721.05,11.323,8164.47265
2026-09-15 04:03:00,721.04,721.05,720.79,720.95,69.099,49820.3999
2026-09-15 04:04:00,720.95,721.49,720.95,721.49,18.191,13119.99782
2026-09-15 04:05:00,721.48,721.61,721.48,721.61,9.937,7169.52061
2026-09-15 04:06:00,721.61,721.68,721.61,721.68,6.891,4973.02593
2026-09-15 04:07:00,721.68,721.68,721.05,721.05,118.858,85747.15221
2026-09-15 04:08:00,721.04,721.21,720.76,721.16,104.532,75372.12447
2026-09-15 04:09:00,721.15,721.16,721.05,721.1,14.384,10372.35116
2026-09-15 04:10:00,721.11,721.26,720.92,721.18,18.261,13168.17779
2026-09-15 04:11:00,721.17,721.2,721.12,721.2,24.747,17846.92953
2026-09-15 04:12:00,721.19,721.19,720.95,721.02,111.978,80743.84339
2026-09-15 04:13:00,721.01,721.05,720.97,721.04,53.012,38222.48738
2026-09-15 04:14:00,721.03,721.03,720.67,720.68,47.249,34061.49712
2026-09-15 04:15:00,720.67,720.76,720.63,720.71,34.222,24663.74428
2026-09-15 04:16:00,720.71,721.03,720.71,720.97,105.495,76051.76378
2026-09-15 04:17:00,720.97,720.97,720.71,720.72,44.618,32159.17374
2026-09-15 04:18:00,720.72,720.97,720.71,720.88,31.685,22838.33669
2026-09-15 04:19:00,720.89,721.25,720.88,721.25,11.909,8586.13229
2026-09-15 04:20:00,721.24,721.49,721.24,721.48,13.147,9484.91618
2026-09-15 04:21:00,721.49,721.69,721.48,721.57,33.749,24353.25282
2026-09-15 04:22:00,721.57,721.57,721.37,721.44,35.662,25728.7198
2026-09-15 04:23:00,721.45,721.45,721.17,721.25,64.464,46498.76857
2026-09-15 04:24:00,721.25,721.25,721.0,721.0,34.422,24824.21539
2026-09-15 04:25:00,721.01,721.06,720.57,720.57,69.111,49826.01993
2026-09-15 04:26:00,720.56,720.58,720.44,720.53,27.221,19614.06357
2026-09-15 04:27:00,720.53,720.65,720.36,720.42,78.538,56586.11315
2026-09-15 04:28:00,720.42,720.56,720.3,720.54,53.495,38539.21435
2026-09-15 04:29:00,720.54,720.54,719.88,720.32,164.264,118289.01813
2026-09-15 04:30:00,720.31,720.44,720.31,720.43,33.188,23908.96698
2026-09-15 04:31:00,720.44,720.5,720.43,720.49,24.79,17860.09376
2026-09-15 04:32:00,720.5,720.58,720.38,720.39,24.71,17803.2725
2026-09-15 04:33:00,720.39,720.47,720.18,720.36,153.932,110879.88072
2026-09-15 04:34:00,720.36,720.79,720.31,720.78,133.411,96131.7929
2026-09-15 04:35:00,720.78,720.85,720.62,720.69,46.656,33628.38286
2026-09-15 04:36:00,720.69,720.79,720.31,720.37,254.567,183430.19955
2026-09-15 04:37:00,720.37,720.38,720.06,720.29,74.518,53670.07369
2026-09-15 04:38:00,720.29,720.4,720.13,720.4,32.068,23098.01072
2026-09-15 04:39:00,720.4,720.47,719.99,720.23,134.779,97052.57557
2026-09-15 04:40:00,720.22,720.25,720.16,720.24,77.3,55672.67064
2026-09-15 04:41:00,720.25,720.52,720.25,720.52,30.71,22125.00306
2026-09-15 04:42:00,720.51,720.71,720.51,720.71,18.052,13007.39657
2026-09-15 04:43:00,720.7,720.71,720.59,720.6,13.969,10067.31883
2026-09-15 04:44:00,720.59,720.78,720.52,720.78,68.199,49149.77768
2026-09-15 04:45:00,720.79,720.85,720.52,720.55,24.252,17480.13975
2026-09-15 04:46:00,720.55,720.99,720.54,720.91,80.392,57948.81372
2026-09-15 04:47:00,720.92,720.92,720.76,720.88,20.119,14502.62177
2026-09-15 04:48:00,720.89,720.99,720.88,720.99,35.547,25628.14618
2026-09-15 04:49:00,720.99,721.01,720.98,721.0,27.271,19662.33778
2026-09-15 04:50:00,721.01,721.01,720.72,720.72,21.104,15214.92971
2026-09-15 04:51:00,720.73,720.79,720.61,720.62,46.682,33646.97106
2026-09-15 04:52:00,720.61,720.63,720.61,720.63,22.499,16213.23072
2026-09-15 04:53:00,720.63,720.72,720.62,720.72,25.494,18372.65451
2026-09-15 04:54:00,720.71,720.82,720.71,720.81,50.707,36549.21861
2026-09-15 04:55:00,720.8,720.87,720.8,720.87,18.914,13633.89945
2026-09-15 04:56:00,720.86,720.87,720.72,720.73,26.526,19120.25949
2026-09-15 04:57:00,720.72,720.73,720.6,720.6,18.031,12994.79371
2026-09-15 04:58:00,720.6,720.73,720.6,720.67,12.554,9047.0845
2026-09-15 04:59:00,720.66,720.73,720.58,720.59,34.629,24956.49055
2026-09-15 05:00:00,720.59,720.68,719.97,720.51,475.904,342784.51535
2026-09-15 05:01:00,720.52,720.74,720.52,720.74,22.635,16312.06404
2026-09-15 05:02:00,720.74,721.08,720.73,721.06,30.972,22327.71981
2026-09-15 05:03:00,721.05,721.06,721.05,721.05,8.021,5783.60166
2026-09-15 05:04:00,721.05,721.13,721.05,721.13,40.872,29472.20828
2026-09-15 05:05:00,721.12,721.37,721.12,721.36,50.177,36187.69775
2026-09-15 05:06:00,721.36,721.37,721.08,721.08,14.918,10759.50154
2026-09-15 05:07:00,721.09,721.09,720.97,720.98,16.393,11819.41977
2026-09-15 05:08:00,720.98,721.33,720.97,721.12,54.516,39311.23215
2026-09-15 05:09:00,721.13,721.13,720.79,720.8,25.369,18292.04077
2026-09-15 05:10:00,720.79,720.79,719.71,719.95,95.101,68499.8858
2026-09-15 05:11:00,719.95,720.34,719.95,720.09,96.558,69537.00353
2026-09-15 05:12:00,720.09,720.17,719.74,719.75,72.56,52239.16628
2026-09-15 05:13:00,719.74,719.74,719.25,719.25,91.022,65495.7188
2026-09-15 05:14:00,719.25,719.31,718.66,719.31,131.719,94710.3685
2026-09-15 05:15:00,719.31,719.56,719.31,719.54,52.613,37850.27392
2026-09-15 05:16:00,719.55,719.55,719.17,719.18,54.626,39289.98993
2026-09-15 05:17:00,719.17,719.18,718.65,718.65,67.049,48204.1089
2026-09-15 05:18:00,718.65,719.07,718.65,719.0,148.23,106551.95163
2026-09-15 05:19:00,718.99,719.0,718.0,718.58,601.868,432482.90441
2026-09-15 05:20:00,718.57,719.29,718.57,719.29,51.331,36900.98075
2026-09-15 05:21:00,719.3,719.59,719.29,719.44,75.219,54119.71988
2026-09-15 05:22:00,719.44,719.44,719.11,719.17,18.548,13341.24314
2026-09-15 05:23:00,719.18,719.18,719.01,719.02,13.808,9929.40093
2026-09-15 05:24:00,719.02,719.12,718.96,719.06,63.669,45780.22272
2026-09-15 05:25:00,719.05,719.08,719.05,719.08,19.812,14246.10003
2026-09-15 05:26:00,719.07,719.36,719.01,719.36,47.371,34065.501
2026-09-15 05:27:00,719.36,719.59,719.36,719.59,26.138,18806.09752
2026-09-15 05:28:00,719.59,719.85,719.59,719.84,9.488,6829.43496
2026-09-15 05:29:00,719.85,720.06,719.84,719.86,44.163,31794.54105
2026-09-15 05:30:00,719.86,719.98,719.85,719.94,32.346,23287.34449
2026-09-15 05:31:00,719.94,719.94,719.6,719.72,44.407,31961.28039
2026-09-15 05:32:00,719.72,719.74,719.6,719.74,11.023,7933.05401
2026-09-15 05:33:00,719.75,720.02,719.48,720.01,33.44,24068.11376
2026-09-15 05:34:00,720.01,720.01,719.81,719.94,15.983,11506.83893
2026-09-15 05:35:00,719.94,719.94,719.88,719.89,6.744,4854.95123
2026-09-15 05:36:00,719.89,719.99,719.75,719.93,35.825,25790.33294
2026-09-15 05:37:00,719.93,719.93,719.76,719.77,13.038,9385.52527
2026-09-15 05:38:00,719.77,719.77,719.56,719.57,17.881,12868.86891
2026-09-15 05:39:00,719.57,719.81,719.56,719.81,11.594,8343.73558
2026-09-15 05:40:00,719.8,720.21,719.8,720.2,35.705,25709.81104
2026-09-15 05:41:00,720.2,720.52,720.14,720.33,61.907,44589.56581
2026-09-15 05:42:00,720.33,720.4,720.31,720.39,44.932,32366.48206
2026-09-15 05:43:00,720.4,720.4,720.09,720.18,15.94,11480.36704
2026-09-15 05:44:00,720.17,720.39,720.17,720.38,25.332,18246.27849
2026-09-15 05:45:00,720.38,720.45,720.36,720.45,11.345,8172.81812
2026-09-15 05:46:00,720.44,720.45,720.39,720.45,23.919,17231.73431
2026-09-15 05:47:00,720.45,720.59,720.45,720.58,11.965,8620.96276
2026-09-15 05:48:00,720.58,720.86,720.58,720.86,79.732,57463.92275
2026-09-15 05:49:00,720.86,721.0,720.84,720.85,48.771,35161.24379
2026-09-15 05:50:00,720.85,721.25,720.85,721.13,81.846,59011.37143
2026-09-15 05:51:00,721.13,721.37,721.13,721.33,39.579,28547.16496
2026-09-15 05:52:00,721.33,721.59,721.32,721.49,51.14,36896.94403
2026-09-15 05:53:00,721.48,721.69,721.48,721.62,38.546,27814.46302
2026-09-15 05:54:00,721.62,721.81,721.61,721.81,23.915,17259.51303
2026-09-15 05:55:00,721.81,722.14,721.8,722.03,156.155,112734.20272
2026-09-15 05:56:00,722.02,722.03,721.82,721.94,77.346,55835.22466
2026-09-15 05:57:00,721.94,722.14,721.94,721.95,31.942,23063.32541
2026-09-15 05:58:00,721.96,721.97,721.73,721.73,36.495,26346.93584
2026-09-15 05:59:00,721.72,721.8,721.48,721.48,23.953,17285.34601
2026-09-15 06:00:00,721.48,721.85,721.47,721.68,30.033,21674.2353
2026-09-15 06:01:00,721.68,722.14,721.68,722.13,50.721,36621.7749
2026-09-15 06:02:00,722.14,722.52,722.13,722.52,107.924,77956.14496
2026-09-15 06:03:00,722.52,722.87,722.51,722.86,130.12,94041.28618
2026-09-15 06:04:00,722.87,723.5,722.87,723.45,83.448,60348.68934
2026-09-15 06:05:00,723.46,723.5,723.12,723.12,63.894,46221.66773
2026-09-15 06:06:00,723.12,723.17,723.11,723.13,23.651,17102.82617
2026-09-15 06:07:00,723.13,723.13,722.85,722.99,46.327,33493.6898
2026-09-15 06:08:00,723.0,723.0,722.6,722.65,55.738,40289.02384
2026-09-15 06:09:00,722.65,722.67,722.59,722.59,49.366,35674.6556
2026-09-15 06:10:00,722.6,722.6,722.24,722.25,25.201,18206.46623
2026-09-15 06:11:00,722.24,722.28,721.86,721.91,63.671,45968.97269
2026-09-15 06:12:00,721.92,721.98,721.87,721.88,32.605,23538.35247
2026-09-15 06:13:00,721.87,721.92,721.77,721.89,19.55,14111.74378
2026-09-15 06:14:00,721.88,721.88,721.8,721.81,16.068,11598.41819
2026-09-15 06:15:00,721.81,721.81,721.77,721.78,13.399,9671.04182
2026-09-15 06:16:00,721.78,721.78,721.51,721.64,42.607,30743.40675
2026-09-15 06:17:00,721.64,721.75,721.63,721.74,33.21,23966.64266
2026-09-15 06:18:00,721.74,721.76,721.51,721.51,6.802,4908.63769
2026-09-15 06:19:00,721.52,721.52,721.42,721.44,30.822,22236.42214
2026-09-15 06:20:00,721.44,721.44,721.08,721.12,44.268,31931.25026
2026-09-15 06:21:00,721.14,721.14,720.59,720.59,42.635,30735.43108
2026-09-15 06:22:00,720.6,720.6,720.5,720.5,28.823,20768.12776
2026-09-15 06:23:00,720.51,720.51,720.45,720.48,45.415,32719.85238
2026-09-15 06:24:00,720.48,720.5,720.32,720.32,34.705,25002.6829
2026-09-15 06:25:00,720.33,720.33,720.13,720.14,60.442,43530.13308
2026-09-15 06:26:00,720.14,720.14,719.8,719.82,96.872,69738.25101
2026-09-15 06:27:00,719.82,719.83,719.41,719.42,58.35,41985.97728
2026-09-15 06:28:00,719.42,719.57,719.41,719.57,42.975,30920.75077
2026-09-15 06:29:00,719.57,719.68,719.55,719.55,22.231,15997.77635
2026-09-15 06:30:00,719.55,719.62,719.46,719.47,106.148,76377.79807
2026-09-15 06:31:00,719.48,719.63,719.47,719.62,29.958,21555.10438
2026-09-15 06:32:00,719.63,719.8,719.56,719.59,111.255,80063.99188
2026-09-15 06:33:00,719.59,719.59,719.11,719.12,50.538,36357.32874
2026-09-15 06:34:00,719.11,719.39,719.11,719.39,21.041,15131.51297
2026-09-15 06:35:00,719.4,719.64,719.4,719.56,44.04,31689.25639
2026-09-15 06:36:00,719.55,719.56,719.49,719.5,44.903,32308.53689
2026-09-15 06:37:00,719.5,719.54,719.49,719.53,7.646,5501.35451
2026-09-15 06:38:00,719.54,719.68,719.45,719.45,40.678,29270.61124
2026-09-15 06:39:00,719.45,719.45,718.9,719.18,152.722,109830.54098
2026-09-15 06:40:00,719.17,719.24,719.08,719.23,66.903,48116.50187
2026-09-15 06:41:00,719.24,719.32,719.18,719.32,23.777,17100.91213
2026-09-15 06:42:00,719.31,719.38,719.31,719.38,9.274,6671.4256
2026-09-15 06:43:00,719.37,719.38,719.23,719.24,53.071,38176.68806
2026-09-15 06:44:00,719.24,719.57,719.22,719.44,166.728,119934.75824
2026-09-15 06:45:00,719.44,719.55,719.16,719.29,53.826,38718.53853
2026-09-15 06:46:00,719.29,719.34,719.29,719.33,25.403,18272.50378
2026-09-15 06:47:00,719.33,719.41,719.11,719.19,105.341,75765.65163
2026-09-15 06:48:00,719.18,719.19,719.0,719.0,37.964,27300.78693
2026-09-15 06:49:00,719.0,719.02,718.91,718.91,66.87,48079.92397
2026-09-15 06:50:00,718.92,719.01,718.5,718.51,112.969,81206.77645
2026-09-15 06:51:00,718.51,718.51,718.34,718.49,86.679,62274.18439
2026-09-15 06:52:00,718.48,718.49,718.3,718.31,47.253,33948.61158
2026-09-15 06:53:00,718.3,718.31,717.84,717.85,105.665,75873.98193
2026-09-15 06:54:00,717.85,718.27,717.84,718.27,81.99,58869.33844
2026-09-15 06:55:00,718.27,718.27,717.89,717.93,53.995,38774.0576
2026-09-15 06:56:00,717.92,718.07,717.5,718.05,301.125,216146.62152
2026-09-15 06:57:00,718.06,718.27,718.05,718.26,9.687,6956.79898
2026-09-15 06:58:00,718.27,718.27,718.26,718.26,10.748,7719.95134
2026-09-15 06:59:00,718.27,718.55,718.26,718.54,17.193,12350.05435
2026-09-15 07:00:00,718.55,719.01,718.54,718.85,143.023,102809.57654
2026-09-15 07:01:00,718.85,718.85,718.69,718.75,26.258,18872.42157
2026-09-15 07:02:00,718.76,718.76,718.03,718.23,205.19,147396.53913
2026-09-15 07:03:00,718.24,718.72,718.23,718.72,37.44,26897.72458
2026-09-15 07:04:00,718.71,719.08,718.71,719.07,50.593,36373.00509
2026-09-15 07:05:00,719.07,719.08,718.61,718.62,21.982,15803.2065
2026-09-15 07:06:00,718.61,718.62,718.4,718.45,109.196,78452.7229
2026-09-15 07:07:00,718.45,718.45,717.76,717.82,167.502,120287.56847
2026-09-15 07:08:00,717.82,717.82,717.52,717.63,52.796,37888.8759
2026-09-15 07:09:00,717.62,717.78,717.55,717.78,243.004,174389.35244
2026-09-15 07:10:00,717.78,717.78,717.63,717.64,21.096,15141.35063
2026-09-15 07:11:00,717.64,717.71,717.63,717.7,65.07,46701.14958
2026-09-15 07:12:00,717.7,717.71,717.41,717.42,119.901,86036.35846
2026-09-15 07:13:00,717.42,717.92,717.41,717.7,609.349,437202.51047
2026-09-15 07:14:00,717.71,717.73,717.37,717.73,214.918,154204.58248
2026-09-15 07:15:00,717.74,717.85,717.73,717.85,54.701,39263.70345
2026-09-15 07:16:00,717.85,717.85,717.54,717.63,192.333,138044.40769
2026-09-15 07:17:00,717.62,717.62,717.32,717.45,117.391,84216.44612
2026-09-15 07:18:00,717.46,717.83,717.46,717.83,91.761,65846.90138
2026-09-15 07:19:00,717.83,717.83,717.82,717.83,21.942,15750.44013
2026-09-15 07:20:00,717.83,718.2,717.82,718.2,64.065,45995.67781
2026-09-15 07:21:00,718.19,718.27,717.87,717.95,149.7,107499.62357
2026-09-15 07:22:00,717.96,718.14,717.94,717.98,43.134,30973.85039
2026-09-15 07:23:00,717.99,718.31,717.99,718.28,152.462,109490.87585
2026-09-15 07:24:00,718.27,718.27,718.06,718.06,57.683,41424.77358
2026-09-15 07:25:00,718.07,718.16,718.07,718.15,46.013,33043.6542
2026-09-15 07:26:00,718.16,718.16,718.04,718.04,69.172,49672.99979
2026-09-15 07:27:00,718.04,718.05,717.9,717.9,87.844,63071.6938
2026-09-15 07:28:00,717.9,717.9,717.82,717.82,29.417,21116.87336
2026-09-15 07:29:00,717.83,718.0,717.81,718.0,28.837,20702.54987
2026-09-15 07:30:00,717.99,718.0,717.99,717.99,38.568,27691.70585
2026-09-15 07:31:00,718.0,718.0,717.8,717.81,43.66,31342.82799
2026-09-15 07:32:00,717.81,717.81,717.29,717.39,64.114,46007.53091
2026-09-15 07:33:00,717.39,717.39,717.21,717.22,65.254,46807.64966
2026-09-15 07:34:00,717.22,717.22,716.7,716.7,123.13,88279.51198
2026-09-15 07:35:00,716.7,717.23,716.18,717.23,262.089,187810.76585
2026-09-15 07:36:00,717.23,717.3,716.86,717.3,98.113,70354.29463
2026-09-15 07:37:00,717.31,717.37,717.14,717.27,56.304,40383.08852
2026-09-15 07:38:00,717.27,717.27,716.71,716.97,273.992,196438.18854
2026-09-15 07:39:00,716.98,717.31,716.9,717.07,115.009,82469.12558
2026-09-15 07:40:00,717.06,717.24,716.95,717.24,175.927,126154.50285
2026-09-15 07:41:00,717.24,717.3,716.84,716.84,39.833,28565.91418
2026-09-15 07:42:00,716.85,717.01,716.63,716.79,172.165,123420.32626
2026-09-15 07:43:00,716.8,716.8,716.5,716.51,145.277,104119.36615
2026-09-15 07:44:00,716.51,716.51,716.02,716.02,183.004,131077.27604
2026-09-15 07:45:00,716.03,716.52,716.0,716.48,211.87,151742.04636
2026-09-15 07:46:00,716.48,716.67,716.48,716.53,128.972,92420.42435
2026-09-15 07:47:00,716.54,716.76,716.42,716.42,43.349,31063.7182
2026-09-15 07:48:00,716.43,716.49,716.17,716.33,66.4,47560.79475
2026-09-15 07:49:00,716.34,716.34,716.0,716.0,194.035,138958.52524
2026-09-15 07:50:00,716.01,716.01,715.3,715.42,400.176,286388.34328
2026-09-15 07:51:00,715.41,715.42,715.14,715.18,147.98,105852.74439
2026-09-15 07:52:00,715.19,715.19,715.0,715.13,193.141,138108.91191
2026-09-15 07:53:00,715.13,715.32,715.01,715.04,176.769,126412.83016
2026-09-15 07:54:00,715.05,715.2,715.01,715.12,150.357,107522.17771
2026-09-15 07:55:00,715.13,715.3,715.04,715.04,86.85,62112.52888
2026-09-15 07:56:00,715.05,715.05,714.72,714.99,279.39,199754.80343
2026-09-15 07:57:00,714.99,714.99,714.96,714.96,45.847,32779.60927
2026-09-15 07:58:00,714.96,715.08,714.9,715.05,117.379,83922.93273
2026-09-15 07:59:00,715.04,715.09,714.92,715.09,99.907,71436.2069
2026-09-15 08:00:00,715.09,715.2,714.89,714.89,42.925,30693.47164
2026-09-15 08:01:00,714.89,714.89,714.5,714.83,87.944,62851.1409
2026-09-15 08:02:00,714.83,714.84,714.58,714.65,54.579,39007.68778
2026-09-15 08:03:00,714.64,715.27,714.58,714.83,144.604,103397.07056
2026-09-15 08:04:00,714.82,714.87,714.6,714.72,68.514,48973.36019
2026-09-15 08:05:00,714.72,715.18,714.72,715.18,101.819,72793.47577
2026-09-15 08:06:00,715.19,715.24,715.0,715.0,67.517,48281.57921
2026-09-15 08:07:00,715.01,715.08,714.85,714.89,58.754,42005.95533
2026-09-15 08:08:00,714.89,714.89,714.22,714.3,122.93,87824.93775
2026-09-15 08:09:00,714.3,714.67,714.29,714.64,67.855,48485.75528
2026-09-15 08:10:00,714.63,714.81,714.21,714.55,115.375,82437.61797
2026-09-15 08:11:00,714.55,715.36,714.49,715.11,477.519,341478.8348
2026-09-15 08:12:00,715.12,715.28,714.96,715.27,87.583,62632.61187
2026-09-15 08:13:00,715.27,715.36,714.9,715.25,132.228,94569.56987
2026-09-15 08:14:00,715.24,715.58,715.11,715.5,91.211,65247.03624
2026-09-15 08:15:00,715.49,715.94,715.34,715.35,148.441,106248.63458
2026-09-15 08:16:00,715.35,715.35,714.84,714.91,75.415,53922.10008
2026-09-15 08:17:00,714.9,715.16,714.9,715.0,52.696,37678.32897
2026-09-15 08:18:00,715.0,715.57,714.99,715.56,53.437,38215.02277
2026-09-15 08:19:00,715.57,715.84,715.51,715.83,36.425,26065.85034
2026-09-15 08:20:00,715.84,716.17,715.84,716.02,40.73,29164.20731
2026-09-15 08:21:00,716.03,716.03,715.65,715.68,47.906,34291.69622
2026-09-15 08:22:00,715.69,716.17,715.69,716.17,50.287,35999.74359
2026-09-15 08:23:00,716.17,716.17,716.0,716.14,46.016,32950.09252
2026-09-15 08:24:00,716.14,716.14,715.93,715.99,115.147,82447.50764
2026-09-15 08:25:00,715.98,715.99,715.72,715.91,41.982,30054.13789
2026-09-15 08:26:00,715.91,716.51,715.9,716.4,141.087,101051.45415
2026-09-15 08:27:00,716.39,716.4,716.24,716.24,24.151,17299.94512
2026-09-15 08:28:00,716.23,716.38,716.0,716.25,30.499,21843.44664
2026-09-15 08:29:00,716.26,716.26,715.92,716.1,21.324,15268.68748
2026-09-15 08:30:00,716.09,716.51,715.88,716.34,119.374,85495.69691
2026-09-15 08:31:00,716.34,716.34,716.09,716.22,36.305,26001.15122
2026-09-15 08:32:00,716.22,716.3,716.21,716.3,98.861,70808.13786
2026-09-15 08:33:00,716.29,716.38,716.29,716.37,25.231,18073.86541
2026-09-15 08:34:00,716.37,716.38,716.29,716.38,44.879,32147.53911
2026-09-15 08:35:00,716.38,716.43,716.37,716.42,19.957,14296.77037
2026-09-15 08:36:00,716.43,716.65,716.43,716.49,63.509,45507.55531
2026-09-15 08:37:00,716.49,716.56,716.38,716.38,39.046,27974.76041
2026-09-15 08:38:00,716.39,716.47,716.29,716.3,22.279,15959.85738
2026-09-15 08:39:00,716.3,716.41,716.3,716.39,35.882,25705.40894
2026-09-15 08:40:00,716.39,716.39,715.35,716.09,399.681,286130.74875
2026-09-15 08:41:00,716.09,716.3,716.02,716.3,40.06,28690.34432
2026-09-15 08:42:00,716.29,716.55,716.29,716.55,20.602,14760.21386
2026-09-15 08:43:00,716.55,716.6,716.54,716.6,8.407,6024.08711
2026-09-15 08:44:00,716.6,716.6,716.34,716.36,22.719,16277.30221
2026-09-15 08:45:00,716.35,716.7,716.35,716.7,56.966,40817.07439
2026-09-15 08:46:00,716.7,716.7,716.67,716.69,16.756,12008.90841
2026-09-15 08:47:00,716.69,716.91,716.69,716.91,23.501,16844.18486
2026-09-15 08:48:00,716.9,716.96,716.81,716.85,55.492,39783.39097
2026-09-15 08:49:00,716.85,717.01,716.52,716.63,250.731,179749.84781
2026-09-15 08:50:00,716.63,716.85,716.56,716.73,130.297,93383.36918
2026-09-15 08:51:00,716.73,716.89,716.72,716.83,14.175,10160.73598
2026-09-15 08:52:00,716.82,716.9,716.82,716.83,25.186,18054.27185
2026-09-15 08:53:00,716.82,717.01,716.82,717.0,26.259,18825.83417
2026-09-15 08:54:00,717.01,717.01,717.0,717.01,22.124,15863.06141
2026-09-15 08:55:00,717.01,717.07,717.0,717.07,29.521,21167.57476
2026-09-15 08:56:00,717.06,717.21,717.06,717.21,33.927,24329.65153
2026-09-15 08:57:00,717.21,717.51,717.21,717.4,33.334,23913.50619
2026-09-15 08:58:00,717.4,717.41,717.4,717.4,31.511,22606.21341
2026-09-15 08:59:00,717.41,717.65,717.4,717.61,68.987,49499.12153
2026-09-15 09:00:00,717.6,717.61,717.15,717.16,46.581,33414.05892
2026-09-15 09:01:00,717.16,717.3,717.15,717.3,42.236,30292.50093
2026-09-15 09:02:00,717.3,717.3,717.16,717.16,46.824,33582.12397
2026-09-15 09:03:00,717.17,717.35,717.16,717.35,62.322,44699.52559
2026-09-15 09:04:00,717.34,717.46,717.32,717.39,46.687,33492.76569
2026-09-15 09:05:00,717.38,717.39,717.32,717.32,49.012,35159.30009
2026-09-15 09:06:00,717.31,717.32,717.23,717.23,27.875,19993.85632
2026-09-15 09:07:00,717.24,717.24,716.96,716.97,138.973,99655.48891
2026-09-15 09:08:00,716.97,717.1,716.96,717.04,19.81,14204.02116
2026-09-15 09:09:00,717.04,717.25,716.99,717.21,12.326,8839.57302
2026-09-15 09:10:00,717.21,717.21,717.11,717.12,22.058,15820.14949
2026-09-15 09:11:00,717.12,717.12,716.96,717.03,54.201,38863.20929
2026-09-15 09:12:00,717.03,717.08,717.02,717.08,31.353,22482.0025
2026-09-15 09:13:00,717.08,717.08,717.0,717.0,7.067,5067.54865
2026-09-15 09:14:00,717.01,717.08,717.0,717.07,17.833,12786.91819
2026-09-15 09:15:00,717.08,717.27,717.07,717.27,10.106,7247.15445
2026-09-15 09:16:00,717.27,717.27,717.16,717.17,8.508,6101.78413
2026-09-15 09:17:00,717.17,717.17,717.13,717.13,8.44,6052.68562
2026-09-15 09:18:00,717.14,717.14,717.13,717.13,15.645,11219.61137
2026-09-15 09:19:00,717.13,717.14,717.07,717.07,14.847,10646.87809
2026-09-15 09:20:00,717.08,717.08,717.07,717.07,8.535,6120.2577
2026-09-15 09:21:00,717.07,717.31,717.07,717.3,18.946,13586.72516
2026-09-15 09:22:00,717.31,717.33,717.3,717.32,20.882,14979.00122
2026-09-15 09:23:00,717.32,717.45,717.2,717.25,27.369,19632.64012
2026-09-15 09:24:00,717.25,717.32,717.02,717.03,90.465,64875.45487
2026-09-15 09:25:00,717.03,717.03,717.0,717.01,26.248,18820.26068
2026-09-15 09:26:00,717.01,717.11,717.0,717.09,62.351,44710.13285
2026-09-15 09:27:00,717.08,717.09,716.96,716.97,11.169,8008.5137
2026-09-15 09:28:00,716.96,716.97,716.85,716.85,32.846,23548.68922
2026-09-15 09:29:00,716.86,717.16,716.85,717.16,72.605,52059.69584
2026-09-15 09:30:00,717.16,717.16,716.93,716.93,36.272,26009.48324
2026-09-15 09:31:00,716.93,716.94,716.82,716.83,28.04,20101.14706
2026-09-15 09:32:00,716.83,716.92,716.77,716.81,60.263,43200.34396
2026-09-15 09:33:00,716.81,716.81,716.6,716.69,95.906,68731.97529
2026-09-15 09:34:00,716.69,717.15,716.68,717.14,43.115,30907.37481
2026-09-15 09:35:00,717.15,717.4,717.14,717.4,70.477,50552.39961
2026-09-15 09:36:00,717.4,717.47,716.97,717.47,176.875,126856.5994
2026-09-15 09:37:00,717.47,717.54,717.43,717.53,9.602,6889.65235
2026-09-15 09:38:00,717.54,717.54,717.3,717.35,75.284,54008.7076
2026-09-15 09:39:00,717.36,717.53,717.35,717.53,6.942,4980.31236
2026-09-15 09:40:00,717.52,717.53,717.21,717.37,93.923,67373.85181
2026-09-15 09:41:00,717.38,717.39,717.37,717.39,22.931,16450.13591
2026-09-15 09:42:00,717.38,717.39,717.37,717.37,8.319,5967.89632
2026-09-15 09:43:00,717.38,717.38,717.12,717.22,71.076,50979.13537
2026-09-15 09:44:00,717.23,717.54,717.18,717.53,121.544,87186.97346
2026-09-15 09:45:00,717.54,717.72,717.53,717.72,14.81,10628.50166
2026-09-15 09:46:00,717.72,717.89,717.63,717.72,140.629,100941.25471
2026-09-15 09:47:00,717.71,718.0,717.71,718.0,95.063,68244.27329
2026-09-15 09:48:00,717.99,718.25,717.99,718.25,111.791,80269.50395
2026-09-15 09:49:00,718.24,718.5,718.24,718.46,50.368,36184.84279
2026-09-15 09:50:00,718.47,718.47,718.09,718.23,74.033,53176.37013
2026-09-15 09:51:00,718.23,718.37,718.14,718.15,187.473,134653.30183
2026-09-15 09:52:00,718.15,718.2,718.09,718.2,31.079,22319.64781
2026-09-15 09:53:00,718.19,718.32,718.19,718.31,15.278,10973.70513
2026-09-15 09:54:00,718.32,718.5,718.31,718.48,23.531,16904.29771
2026-09-15 09:55:00,718.48,718.48,718.0,718.31,155.745,111857.33443
2026-09-15 09:56:00,718.31,718.32,718.28,718.28,3.91,2808.55639
2026-09-15 09:57:00,718.28,718.32,718.0,718.0,28.114,20189.7444
2026-09-15 09:58:00,718.0,718.03,717.9,717.91,57.812,41508.22646
2026-09-15 09:59:00,717.91,718.0,717.58,717.58,196.323,140916.83195
2026-09-15 10:00:00,717.59,718.0,717.59,717.96,187.72,134750.05525
2026-09-15 10:01:00,717.96,717.96,717.57,717.59,28.127,20187.2463
2026-09-15 10:02:00,717.59,717.73,717.59,717.6,22.935,16459.31057
2026-09-15 10:03:00,717.59,718.27,717.5,718.26,118.17,84814.12083
2026-09-15 10:04:00,718.27,718.27,717.98,717.99,32.175,23104.60084
2026-09-15 10:05:00,717.98,717.99,717.73,717.74,26.958,19350.91143
2026-09-15 10:06:00,717.73,717.81,717.73,717.81,12.967,9307.73403
2026-09-15 10:07:00,717.8,717.81,717.72,717.8,24.425,17531.95161
2026-09-15 10:08:00,717.81,718.5,717.81,718.5,56.5,40570.5557
2026-09-15 10:09:00,718.5,718.5,718.44,718.5,21.564,15493.38913
2026-09-15 10:10:00,718.49,718.49,718.23,718.23,23.284,16725.6001
2026-09-15 10:11:00,718.23,718.5,718.23,718.5,39.79,28585.32274
2026-09-15 10:12:00,718.5,718.5,718.41,718.42,11.976,8604.0974
2026-09-15 10:13:00,718.41,718.42,718.35,718.35,20.361,14627.54888
2026-09-15 10:14:00,718.35,718.37,718.24,718.37,24.346,17487.21733
2026-09-15 10:15:00,718.36,718.49,718.36,718.49,17.796,12785.05102
2026-09-15 10:16:00,718.49,718.72,718.48,718.71,48.765,35041.65782
2026-09-15 10:17:00,718.71,718.89,718.7,718.88,16.127,11591.76546
2026-09-15 10:18:00,718.88,719.0,718.88,719.0,15.19,10920.27209
2026-09-15 10:19:00,719.0,719.0,718.72,718.76,27.059,19449.14221
2026-09-15 10:20:00,718.76,718.76,718.29,718.29,65.093,46770.70641
2026-09-15 10:21:00,718.3,718.3,718.12,718.13,91.334,65591.67595
2026-09-15 10:22:00,718.13,718.32,718.12,718.23,102.053,73301.28165
2026-09-15 10:23:00,718.23,718.89,718.22,718.89,96.086,69033.89161
2026-09-15 10:24:00,718.89,719.25,718.88,719.25,77.616,55806.17831
2026-09-15 10:25:00,719.24,719.41,719.08,719.09,34.681,24945.15655
2026-09-15 10:26:00,719.08,719.18,719.0,719.18,41.675,29967.25498
2026-09-15 10:27:00,719.17,719.18,718.64,718.65,28.852,20745.87414
2026-09-15 10:28:00,718.65,718.67,718.12,718.13,101.886,73204.47972
2026-09-15 10:29:00,718.13,718.45,718.12,718.21,74.422,53455.34005
2026-09-15 10:30:00,718.2,718.27,717.96,717.97,41.772,29996.90548
2026-09-15 10:31:00,717.97,718.14,717.96,718.13,25.64,18410.64048
2026-09-15 10:32:00,718.14,718.27,718.13,718.27,56.383,40497.31356
2026-09-15 10:33:00,718.26,718.6,718.19,718.44,248.457,178468.06647
2026-09-15 10:34:00,718.44,718.48,718.43,718.47,33.427,24016.33583
2026-09-15 10:35:00,718.48,718.48,718.29,718.3,84.973,61040.78266
2026-09-15 10:36:00,718.3,718.48,718.3,718.43,85.677,61554.70994
2026-09-15 10:37:00,718.43,718.44,718.26,718.33,36.787,26426.17902
2026-09-15 10:38:00,718.33,718.43,718.1,718.16,143.158,102818.66156
2026-09-15 10:39:00,718.16,718.45,718.13,718.24,256.5,184219.20567
2026-09-15 10:40:00,718.25,718.48,718.13,718.48,39.884,28648.57787
2026-09-15 10:41:00,718.47,718.84,718.47,718.84,426.431,306395.13496
2026-09-15 10:42:00,718.84,719.26,718.83,719.07,25.68,18464.39224
2026-09-15 10:43:00,719.07,719.26,719.06,719.2,24.107,17337.45458
2026-09-15 10:44:00,719.2,719.52,719.19,719.5,24.951,17949.14961
2026-09-15 10:45:00,719.5,719.5,719.29,719.38,14.441,10387.91792
2026-09-15 10:46:00,719.37,719.48,719.36,719.4,47.389,34092.34965
2026-09-15 10:47:00,719.4,719.52,719.39,719.46,71.162,51198.46547
2026-09-15 10:48:00,719.46,719.46,719.36,719.37,19.929,14336.47946
2026-09-15 10:49:00,719.36,719.73,719.36,719.72,30.995,22302.68671
2026-09-15 10:50:00,719.73,719.77,719.59,719.6,61.962,44591.39412
2026-09-15 10:51:00,719.59,720.0,719.59,719.94,71.237,51273.74493
2026-09-15 10:52:00,719.94,720.13,719.77,719.86,174.422,125567.81498
2026-09-15 10:53:00,719.86,719.87,719.57,719.74,60.08,43241.62811
2026-09-15 10:54:00,719.74,719.78,719.66,719.67,45.689,32883.83072
2026-09-15 10:55:00,719.66,720.18,719.61,720.1,46.044,33145.58578
2026-09-15 10:56:00,720.1,720.11,719.91,720.03,49.154,35389.16495
2026-09-15 10:57:00,720.03,720.33,719.88,719.88,61.287,44138.98241
2026-09-15 10:58:00,719.88,719.88,719.44,719.45,49.633,35716.622
2026-09-15 10:59:00,719.44,719.56,719.4,719.44,41.605,29935.17768
2026-09-15 11:00:00,719.45,719.56,719.44,719.56,16.718,12028.51564
2026-09-15 11:01:00,719.56,719.92,719.55,719.85,22.377,16105.02169
2026-09-15 11:02:00,719.84,720.0,719.78,719.84,17.996,12955.26101
2026-09-15 11:03:00,719.85,719.85,719.45,719.54,73.005,52533.28996
2026-09-15 11:04:00,719.53,719.67,719.37,719.62,78.754,56662.8547
2026-09-15 11:05:00,719.62,719.77,719.46,719.77,25.264,18178.10006
2026-09-15 11:06:00,719.77,719.78,719.69,719.74,29.51,21239.12573
2026-09-15 11:07:00,719.74,719.99,719.73,719.99,41.746,30050.26423
2026-09-15 11:08:00,719.99,720.15,719.91,720.14,45.989,33113.03919
2026-09-15 11:09:00,720.14,720.39,720.14,720.29,29.194,21027.22915
2026-09-15 11:10:00,720.29,720.29,720.2,720.21,13.13,9456.55889
2026-09-15 11:11:00,720.21,720.21,720.0,720.01,13.217,9518.50673
2026-09-15 11:12:00,720.0,720.01,719.52,719.6,29.098,20949.1079
2026-09-15 11:13:00,719.61,719.68,719.29,719.34,68.455,49253.21558
2026-09-15 11:14:00,719.34,719.39,719.02,719.07,41.312,29712.4767
2026-09-15 11:15:00,719.08,719.25,719.08,719.17,28.233,20302.95971
2026-09-15 11:16:00,719.17,719.32,718.98,719.27,61.794,44435.67423
2026-09-15 11:17:00,719.27,719.52,719.27,719.5,23.412,16842.91251
2026-09-15 11:18:00,719.49,719.54,719.1,719.35,85.463,61475.02603
2026-09-15 11:19:00,719.35,719.42,719.2,719.21,9.995,7189.40022
2026-09-15 11:20:00,719.2,719.25,719.0,719.14,79.812,57390.07557
2026-09-15 11:21:00,719.14,719.14,718.75,718.76,53.875,38737.82545
2026-09-15 11:22:00,718.76,718.76,718.36,718.42,45.35,32586.13385
2026-09-15 11:23:00,718.42,718.42,718.19,718.2,44.192,31744.87589
2026-09-15 11:24:00,718.2,718.2,718.15,718.15,34.15,24526.05829
2026-09-15 11:25:00,718.15,718.2,718.1,718.19,79.354,56987.54167
2026-09-15 11:26:00,718.19,718.2,718.19,718.19,7.931,5695.99333
2026-09-15 11:27:00,718.2,718.2,718.16,718.17,7.701,5530.79297
2026-09-15 11:28:00,718.17,718.17,718.16,718.16,8.611,6184.11676
2026-09-15 11:29:00,718.17,718.17,718.16,718.17,10.798,7754.74538
2026-09-15 11:30:00,718.17,718.17,718.09,718.09,10.024,7198.80098
2026-09-15 11:31:00,718.1,718.1,718.04,718.04,28.198,20248.76163
2026-09-15 11:32:00,718.05,718.05,717.86,717.86,28.241,20276.89381
2026-09-15 11:33:00,717.87,717.88,717.77,717.78,36.763,26390.94767
2026-09-15 11:34:00,717.78,717.91,717.77,717.79,55.878,40111.99894
2026-09-15 11:35:00,717.78,718.18,717.78,718.18,32.312,23200.87274
2026-09-15 11:36:00,718.17,718.18,718.17,718.18,9.096,6532.5542
2026-09-15 11:37:00,718.18,718.18,718.0,718.01,37.956,27255.95113
2026-09-15 11:38:00,718.0,718.01,717.64,717.64,31.283,22457.4262
2026-09-15 11:39:00,717.64,718.07,717.59,717.89,211.533,151844.7333
2026-09-15 11:40:00,717.89,717.89,717.39,717.4,40.049,28738.38749
2026-09-15 11:41:00,717.4,717.94,717.4,717.78,123.921,88943.81646
2026-09-15 11:42:00,717.79,717.96,717.78,717.93,21.944,15753.08905
2026-09-15 11:43:00,717.92,717.95,717.92,717.94,16.592,11911.94995
2026-09-15 11:44:00,717.95,718.0,717.73,717.95,107.583,77228.2335
2026-09-15 11:45:00,717.94,717.95,717.88,717.88,5.258,3774.73991
2026-09-15 11:46:00,717.89,717.92,717.77,717.92,26.121,18750.28299
2026-09-15 11:47:00,717.91,717.98,717.78,717.78,54.59,39189.98809
2026-09-15 11:48:00,717.77,717.78,717.69,717.76,19.483,13983.17334
2026-09-15 11:49:00,717.75,717.88,717.75,717.82,47.661,34212.52484
2026-09-15 11:50:00,717.82,717.89,717.72,717.89,44.565,31989.67644
2026-09-15 11:51:00,717.89,718.39,717.88,718.39,8.186,5878.16421
2026-09-15 11:52:00,718.39,718.4,718.39,718.4,7.43,5337.69606
2026-09-15 11:53:00,718.4,718.57,718.36,718.51,33.725,24229.95017
2026-09-15 11:54:00,718.5,718.51,718.34,718.34,22.417,16105.45244
2026-09-15 11:55:00,718.34,718.57,718.34,718.56,14.811,10640.16537
2026-09-15 11:56:00,718.57,718.57,718.56,718.57,23.131,16621.05384
2026-09-15 11:57:00,718.57,718.71,718.56,718.71,27.624,19850.44954
2026-09-15 11:58:00,718.71,718.75,718.7,718.75,8.321,5980.42435
2026-09-15 11:59:00,718.74,718.96,718.74,718.89,11.494,8262.25738
2026-09-15 12:00:00,718.89,719.3,718.88,719.3,179.464,129044.01433
2026-09-15 12:01:00,719.3,719.36,718.98,719.03,55.176,39678.9294
2026-09-15 12:02:00,719.03,719.04,718.84,718.84,26.063,18737.83906
2026-09-15 12:03:00,718.85,718.86,718.75,718.77,77.545,55740.96798
2026-09-15 12:04:00,718.76,719.13,718.76,719.13,116.424,83697.47949
2026-09-15 12:05:00,719.13,719.13,718.76,718.77,101.663,73094.31296
2026-09-15 12:06:00,718.77,718.82,718.64,718.7,35.884,25791.09821
2026-09-15 12:07:00,718.7,718.77,718.7,718.72,6.57,4721.9353
2026-09-15 12:08:00,718.72,718.74,718.42,718.42,34.048,24470.30869
2026-09-15 12:09:00,718.41,718.42,718.13,718.13,30.54,21936.54007
2026-09-15 12:10:00,718.12,718.61,718.06,718.61,101.199,72702.88169
2026-09-15 12:11:00,718.61,718.88,718.61,718.8,27.724,19927.46364
2026-09-15 12:12:00,718.79,718.98,718.79,718.89,26.222,18851.17352
2026-09-15 12:13:00,718.89,718.96,718.58,718.59,38.08,27369.44039
2026-09-15 12:14:00,718.59,718.59,718.36,718.38,29.782,21398.55131
2026-09-15 12:15:00,718.37,718.46,718.15,718.19,91.804,65942.12147
2026-09-15 12:16:00,718.19,718.99,718.19,718.98,25.69,18456.87556
2026-09-15 12:17:00,718.99,719.27,718.99,719.12,146.877,105606.60278
2026-09-15 12:18:00,719.12,719.16,719.0,719.0,28.892,20775.92141
2026-09-15 12:19:00,719.01,719.01,718.92,718.92,3.059,2199.35963
2026-09-15 12:20:00,718.93,718.93,718.47,718.48,31.607,22715.93148
2026-09-15 12:21:00,718.48,718.84,718.47,718.68,98.309,70656.86083
2026-09-15 12:22:00,718.69,719.09,718.68,719.08,39.307,28255.5712
2026-09-15 12:23:00,719.08,719.29,719.08,719.28,9.887,7109.99111
2026-09-15 12:24:00,719.29,719.29,718.92,718.97,25.787,18541.14171
2026-09-15 12:25:00,718.97,719.2,718.86,719.15,14.489,10417.24664
2026-09-15 12:26:00,719.14,719.16,719.07,719.15,10.903,7840.55043
2026-09-15 12:27:00,719.16,719.37,718.89,719.07,88.764,63838.30771
2026-09-15 12:28:00,719.06,719.14,718.7,718.79,106.068,76249.02707
2026-09-15 12:29:00,718.79,719.15,718.72,719.08,61.104,43923.29489
2026-09-15 12:30:00,719.09,719.13,718.86,718.91,20.21,14531.68653
2026-09-15 12:31:00,718.9,718.95,718.37,718.56,170.872,122805.85822
2026-09-15 12:32:00,718.56,718.56,718.31,718.44,32.962,23680.53038
2026-09-15 12:33:00,718.43,718.78,718.26,718.53,134.231,96438.26577
2026-09-15 12:34:00,718.54,719.07,718.53,719.07,11.849,8517.34646
2026-09-15 12:35:00,719.07,719.07,718.67,718.87,192.747,138551.69549
2026-09-15 12:36:00,718.88,719.2,718.87,718.89,117.461,84455.13617
2026-09-15 12:37:00,718.89,719.0,718.88,718.96,31.55,22682.08334
2026-09-15 12:38:00,718.95,719.08,718.9,718.95,55.936,40213.54659
2026-09-15 12:39:00,718.95,719.08,718.9,719.0,17.072,12274.37683
2026-09-15 12:40:00,719.01,719.02,718.91,719.01,13.283,9550.48066
2026-09-15 12:41:00,719.0,719.23,718.75,718.91,110.549,79482.19059
2026-09-15 12:42:00,718.91,719.14,718.81,719.03,150.483,108189.33807
2026-09-15 12:43:00,719.03,719.08,718.84,718.85,73.59,52915.13696
2026-09-15 12:44:00,718.84,719.15,718.83,719.11,78.342,56330.70513
2026-09-15 12:45:00,719.11,719.11,718.58,718.74,14.825,10657.54948
2026-09-15 12:46:00,718.75,718.99,718.69,718.96,40.707,29259.53645
2026-09-15 12:47:00,718.96,719.06,718.82,718.91,14.932,10734.70376
2026-09-15 12:48:00,718.92,719.28,718.83,719.28,53.897,38750.38716
2026-09-15 12:49:00,719.29,719.82,719.29,719.7,55.265,39768.81881
2026-09-15 12:50:00,719.7,720.18,719.63,719.98,90.827,65388.34078
2026-09-15 12:51:00,719.98,720.25,719.97,720.24,67.13,48342.17478
2026-09-15 12:52:00,720.25,720.32,720.07,720.31,64.443,46410.39805
2026-09-15 12:53:00,720.32,720.53,720.31,720.52,52.414,37761.46485
2026-09-15 12:54:00,720.53,721.41,720.53,721.4,240.549,173399.95503
2026-09-15 12:55:00,721.41,721.48,720.9,721.11,172.45,124375.83593
2026-09-15 12:56:00,721.1,721.37,721.03,721.03,45.686,32947.16727
2026-09-15 12:57:00,721.03,721.03,720.2,720.2,30.916,22276.39868
2026-09-15 12:58:00,720.21,720.21,720.01,720.05,11.595,8349.46826
2026-09-15 12:59:00,720.05,720.63,720.05,720.33,28.729,20695.25511
2026-09-15 13:00:00,720.33,721.06,720.32,720.71,57.905,41731.12416
2026-09-15 13:01:00,720.7,720.71,720.43,720.66,69.363,49981.29832
2026-09-15 13:02:00,720.65,720.69,720.63,720.63,29.275,21097.52221
2026-09-15 13:03:00,720.64,720.68,720.55,720.68,16.935,12204.01798
2026-09-15 13:04:00,720.68,721.26,720.67,721.1,94.056,67814.2759
2026-09-15 13:05:00,721.11,722.0,721.11,722.0,221.008,159435.86506
2026-09-15 13:06:00,721.99,722.27,721.87,721.99,135.452,97803.10792
2026-09-15 13:07:00,721.99,722.06,721.25,721.48,121.211,87455.98605
2026-09-15 13:08:00,721.48,721.76,720.99,720.99,308.643,222629.75097
2026-09-15 13:09:00,720.99,721.37,720.98,721.26,218.765,157748.07613
2026-09-15 13:10:00,721.25,721.38,721.23,721.3,31.858,22977.76676
2026-09-15 13:11:00,721.3,721.3,721.11,721.2,74.032,53395.6604
2026-09-15 13:12:00,721.19,721.29,721.19,721.21,9.677,6979.46472
2026-09-15 13:13:00,721.2,721.21,720.61,720.61,128.143,92373.88753
2026-09-15 13:14:00,720.62,720.63,720.15,720.63,250.266,180311.21756
2026-09-15 13:15:00,720.64,720.64,720.41,720.48,14.927,10756.20402
2026-09-15 13:16:00,720.48,721.0,720.47,721.0,72.182,52027.82832
2026-09-15 13:17:00,721.0,721.0,720.9,720.95,16.39,11815.8922
2026-09-15 13:18:00,720.95,721.0,720.33,720.33,21.09,15196.42972
2026-09-15 13:19:00,720.34,720.49,720.33,720.49,14.585,10507.54165
2026-09-15 13:20:00,720.49,720.76,720.49,720.68,14.622,10537.08298
2026-09-15 13:21:00,720.68,720.76,720.54,720.76,44.77,32266.40414
2026-09-15 13:22:00,720.76,720.76,720.49,720.59,13.759,9914.70028
2026-09-15 13:23:00,720.59,720.68,720.53,720.68,27.022,19471.57628
2026-09-15 13:24:00,720.67,720.72,720.67,720.72,13.654,9840.41756
2026-09-15 13:25:00,720.72,720.72,720.5,720.72,31.578,22757.00756
2026-09-15 13:26:00,720.71,720.72,720.4,720.45,25.475,18354.49329
2026-09-15 13:27:00,720.45,720.79,720.44,720.68,181.232,130608.06489
2026-09-15 13:28:00,720.69,721.0,720.69,720.96,146.474,105589.56509
2026-09-15 13:29:00,720.95,721.24,720.85,721.02,159.142,114748.10597
2026-09-15 13:30:00,721.02,721.02,719.84,719.92,120.682,86915.55276
2026-09-15 13:31:00,719.91,720.46,719.48,719.58,191.602,137952.2781
2026-09-15 13:32:00,719.58,720.14,719.5,719.58,60.977,43887.84362
2026-09-15 13:33:00,719.58,719.74,719.18,719.61,95.408,68647.2292
2026-09-15 13:34:00,719.61,719.61,719.19,719.29,80.804,58119.95525
2026-09-15 13:35:00,719.28,719.29,718.0,718.69,277.915,199662.33453
2026-09-15 13:36:00,718.69,718.98,717.89,717.89,144.668,103926.29019
2026-09-15 13:37:00,717.9,718.06,717.13,717.56,196.935,141322.16043
2026-09-15 13:38:00,717.51,717.57,716.53,716.8,293.264,210252.70002
2026-09-15 13:39:00,716.79,716.79,715.0,716.18,893.222,639245.35255
2026-09-15 13:40:00,716.19,718.25,715.64,717.84,361.234,259021.23178
2026-09-15 13:41:00,717.82,717.84,717.23,717.84,256.216,183833.5712
2026-09-15 13:42:00,717.84,717.84,717.14,717.19,89.663,64337.82895
2026-09-15 13:43:00,717.18,718.26,716.59,717.95,360.148,258317.28047
2026-09-15 13:44:00,717.94,718.35,717.72,718.11,64.993,46665.65266
2026-09-15 13:45:00,718.11,718.46,717.46,717.47,77.657,55768.86496
2026-09-15 13:46:00,717.47,717.9,717.32,717.71,73.189,52513.62295
2026-09-15 13:47:00,717.71,717.87,717.43,717.54,111.397,79950.70201
2026-09-15 13:48:00,717.53,718.14,717.53,718.13,128.312,92096.66022
2026-09-15 13:49:00,718.13,718.15,717.7,717.78,47.08,33803.38022
2026-09-15 13:50:00,717.77,717.77,716.92,716.92,76.577,54930.49234
2026-09-15 13:51:00,716.92,717.31,716.75,716.81,85.814,61529.36032
2026-09-15 13:52:00,716.81,717.25,716.79,717.08,135.59,97207.39686
2026-09-15 13:53:00,717.09,717.43,717.09,717.42,67.99,48765.54758
2026-09-15 13:54:00,717.42,717.59,717.05,717.57,52.411,37593.81977
2026-09-15 13:55:00,717.52,718.03,717.52,718.03,67.572,48506.59735
2026-09-15 13:56:00,718.03,718.57,717.99,718.57,125.26,89973.25823
2026-09-15 13:57:00,718.56,718.76,718.32,718.59,231.203,166129.21767
2026-09-15 13:58:00,718.59,719.26,718.43,719.17,333.471,239770.73988
2026-09-15 13:59:00,719.17,720.48,719.17,720.31,251.94,181327.46249
2026-09-15 14:00:00,720.32,721.62,720.26,720.64,520.835,375583.18864
2026-09-15 14:01:00,720.63,720.63,719.64,720.0,72.077,51896.13264
2026-09-15 14:02:00,720.0,720.61,719.74,719.75,127.363,91736.87741
2026-09-15 14:03:00,719.75,721.37,719.75,720.65,181.068,130500.49369
2026-09-15 14:04:00,720.66,721.05,719.66,719.67,178.989,128985.75519
2026-09-15 14:05:00,719.68,719.68,718.98,719.25,155.192,111608.06922
2026-09-15 14:06:00,719.24,719.89,719.2,719.32,81.865,58901.13953
2026-09-15 14:07:00,719.32,719.62,719.25,719.48,29.34,21106.81137
2026-09-15 14:08:00,719.48,719.72,719.27,719.71,99.868,71851.07572
2026-09-15 14:09:00,719.72,720.91,719.72,720.75,61.797,44512.40014
2026-09-15 14:10:00,720.74,721.01,720.47,720.48,101.685,73286.18492
2026-09-15 14:11:00,720.48,720.51,720.01,720.08,92.902,66915.76062
2026-09-15 14:12:00,720.07,720.21,720.0,720.04,31.695,22823.19132
2026-09-15 14:13:00,720.05,720.25,720.05,720.25,71.388,51410.64861
2026-09-15 14:14:00,720.26,720.28,719.73,719.78,59.037,42507.26982
2026-09-15 14:15:00,719.79,720.56,719.76,720.55,86.624,62375.5476
2026-09-15 14:16:00,720.56,720.64,719.13,719.25,117.342,84457.65267
2026-09-15 14:17:00,719.25,719.49,719.01,719.49,77.14,55476.62615
2026-09-15 14:18:00,719.48,719.48,718.91,719.28,124.715,89687.39128
2026-09-15 14:19:00,719.27,720.0,719.27,719.72,131.677,94763.1656
2026-09-15 14:20:00,719.73,719.96,719.5,719.91,98.345,70786.03494
2026-09-15 14:21:00,719.9,720.0,719.55,719.75,67.577,48643.11627
2026-09-15 14:22:00,719.75,719.96,719.15,719.35,114.509,82400.99598
2026-09-15 14:23:00,719.34,719.34,718.4,718.59,244.225,175534.643
2026-09-15 14:24:00,718.58,719.21,718.54,719.01,69.787,50166.62645
2026-09-15 14:25:00,719.01,719.06,718.61,718.93,97.475,70076.20302
2026-09-15 14:26:00,718.94,718.95,718.73,718.85,41.982,30179.64313
2026-09-15 14:27:00,718.85,719.18,718.74,719.18,44.628,32082.6617
2026-09-15 14:28:00,719.18,719.29,719.04,719.22,26.322,18928.64447
2026-09-15 14:29:00,719.21,719.21,718.63,718.75,48.685,34996.3793
2026-09-15 14:30:00,718.75,718.85,718.16,718.21,68.541,49240.52939
2026-09-15 14:31:00,718.2,718.78,717.77,718.41,144.199,103576.87006
2026-09-15 14:32:00,718.41,718.41,717.95,718.17,115.079,82646.13223
2026-09-15 14:33:00,718.16,718.52,717.99,718.11,78.117,56103.63613
2026-09-15 14:34:00,718.11,718.11,717.84,717.84,62.773,45069.78457
2026-09-15 14:35:00,717.84,717.89,716.91,717.66,475.123,340840.35259
2026-09-15 14:36:00,717.66,717.66,717.01,717.35,259.68,186283.61544
2026-09-15 14:37:00,717.34,717.86,717.01,717.6,338.866,243147.90459
2026-09-15 14:38:00,717.6,717.6,716.55,716.57,412.836,295996.00644
2026-09-15 14:39:00,716.58,716.65,716.0,716.29,250.932,179742.21579
2026-09-15 14:40:00,716.29,716.3,715.0,715.11,404.328,289212.34458
2026-09-15 14:41:00,715.14,715.14,714.72,715.11,1125.003,804355.22457
2026-09-15 14:42:00,715.15,715.65,715.0,715.38,250.844,179441.7933
2026-09-15 14:43:00,715.38,716.27,715.38,716.17,271.97,194683.62514
2026-09-15 14:44:00,716.17,716.65,715.97,716.19,392.61,281190.37279
2026-09-15 14:45:00,716.19,716.52,715.61,715.62,164.03,117451.89922
2026-09-15 14:46:00,715.62,715.74,714.81,714.81,332.964,238227.54678
2026-09-15 14:47:00,714.82,715.21,714.72,714.85,166.484,119037.3446
2026-09-15 14:48:00,714.85,715.35,714.44,715.01,243.146,173802.98044
2026-09-15 14:49:00,715.0,715.07,714.25,714.32,294.885,210743.7515
2026-09-15 14:50:00,714.33,714.48,713.12,713.53,594.656,424396.52196
2026-09-15 14:51:00,713.52,714.12,711.37,711.52,1071.23,763489.14161
2026-09-15 14:52:00,711.53,713.13,711.45,713.1,354.619,252532.21776
2026-09-15 14:53:00,713.05,713.97,712.59,713.46,452.079,322446.72557
2026-09-15 14:54:00,713.46,714.63,713.46,714.38,504.852,360525.38631
2026-09-15 14:55:00,714.39,714.94,714.01,714.11,359.077,256508.05052
2026-09-15 14:56:00,714.11,714.16,713.62,714.1,248.406,177329.56248
2026-09-15 14:57:00,714.1,715.22,713.96,715.22,313.376,223873.12581
2026-09-15 14:58:00,715.21,715.6,714.84,715.6,276.501,197752.03811
2026-09-15 14:59:00,715.58,715.77,715.29,715.52,132.795,95011.33068
2026-09-15 15:00:00,715.53,716.62,714.84,714.87,348.148,249199.69022
2026-09-15 15:01:00,714.87,716.3,714.84,716.29,259.123,185385.91419
2026-09-15 15:02:00,716.3,716.38,715.7,716.13,129.062,92401.25664
2026-09-15 15:03:00,716.13,717.08,716.13,717.07,366.75,262844.4669
2026-09-15 15:04:00,717.07,717.71,716.98,717.58,431.39,309462.56243
2026-09-15 15:05:00,717.59,717.87,717.0,717.13,213.743,153365.92751
2026-09-15 15:06:00,717.14,717.97,717.11,717.97,96.704,69378.55882
2026-09-15 15:07:00,717.97,718.19,717.56,717.76,178.869,128411.86083
2026-09-15 15:08:00,717.76,717.78,717.29,717.58,69.781,50070.72597
2026-09-15 15:09:00,717.6,717.72,717.29,717.44,57.66,41373.37323
2026-09-15 15:10:00,717.43,717.56,717.3,717.33,49.734,35679.49605
2026-09-15 15:11:00,717.33,717.75,717.12,717.48,184.986,132708.34562
2026-09-15 15:12:00,717.48,717.63,717.21,717.46,132.711,95204.33761
2026-09-15 15:13:00,717.46,717.56,717.29,717.32,31.298,22454.6223
2026-09-15 15:14:00,717.33,717.61,717.2,717.49,80.354,57647.86031
2026-09-15 15:15:00,717.49,717.94,717.38,717.38,106.627,76514.03499
2026-09-15 15:16:00,717.38,717.97,717.11,717.62,168.87,121135.8174
2026-09-15 15:17:00,717.63,718.31,717.63,718.31,76.128,54658.56488
2026-09-15 15:18:00,718.3,718.49,717.9,718.39,142.897,102637.20838
2026-09-15 15:19:00,718.39,718.39,717.55,717.63,80.981,58148.6191
2026-09-15 15:20:00,717.62,717.89,717.55,717.66,84.785,60852.74361
2026-09-15 15:21:00,717.66,717.8,717.5,717.53,53.762,38581.24429
2026-09-15 15:22:00,717.52,717.73,717.18,717.23,191.487,137382.50486
2026-09-15 15:23:00,717.22,717.69,717.22,717.63,108.62,77941.01995
2026-09-15 15:24:00,717.63,718.69,717.59,718.53,126.005,90512.83986
2026-09-15 15:25:00,718.59,719.74,718.59,719.48,231.625,166580.76801
2026-09-15 15:26:00,719.48,719.63,719.13,719.18,170.709,122813.08959
2026-09-15 15:27:00,719.18,719.61,718.94,718.95,141.736,101955.81237
2026-09-15 15:28:00,718.95,719.42,718.95,719.11,64.431,46340.36211
2026-09-15 15:29:00,719.11,719.45,718.83,718.83,84.751,60948.63182
2026-09-15 15:30:00,718.84,719.0,718.63,718.65,40.495,29109.07719
2026-09-15 15:31:00,718.64,718.81,718.25,718.32,184.428,132517.89285
2026-09-15 15:32:00,718.32,718.32,717.78,717.96,94.052,67544.38806
2026-09-15 15:33:00,717.95,718.35,717.95,718.23,63.766,45797.54026
2026-09-15 15:34:00,718.22,718.99,717.77,718.98,68.47,49169.64452
2026-09-15 15:35:00,718.99,719.08,718.77,718.91,46.9,33717.13792
2026-09-15 15:36:00,718.92,719.56,718.91,719.4,55.317,39792.64195
2026-09-15 15:37:00,719.39,719.39,718.66,718.68,126.775,91132.00018
2026-09-15 15:38:00,718.68,719.18,718.67,718.82,80.64,57969.48618
2026-09-15 15:39:00,718.84,719.32,718.83,719.32,35.66,25646.85786
2026-09-15 15:40:00,719.32,719.49,719.26,719.46,105.366,75796.15276
2026-09-15 15:41:00,719.46,719.48,719.2,719.26,73.638,52974.78491
2026-09-15 15:42:00,719.27,719.56,719.21,719.35,110.293,79340.09941
2026-09-15 15:43:00,719.35,719.48,719.27,719.48,12.488,8984.10103
2026-09-15 15:44:00,719.47,719.59,719.17,719.18,46.15,33200.88634
2026-09-15 15:45:00,719.17,719.38,719.17,719.22,52.044,37432.77055
2026-09-15 15:46:00,719.23,719.23,718.92,718.96,37.214,26762.55739
2026-09-15 15:47:00,718.96,718.96,718.54,718.65,98.546,70824.76091
2026-09-15 15:48:00,718.65,718.92,718.65,718.9,48.356,34759.14903
2026-09-15 15:49:00,718.91,719.13,718.38,718.82,209.923,150923.2051
2026-09-15 15:50:00,718.82,719.67,718.62,719.66,121.043,87030.90237
2026-09-15 15:51:00,719.66,719.67,718.89,718.96,42.672,30687.17777
2026-09-15 15:52:00,718.97,719.4,718.97,718.99,42.276,30399.71767
2026-09-15 15:53:00,718.99,719.35,718.99,719.34,53.541,38507.47431
2026-09-15 15:54:00,719.33,719.33,718.43,718.43,22.793,16383.54838
2026-09-15 15:55:00,718.44,719.49,718.44,719.48,150.193,107970.90591
2026-09-15 15:56:00,719.49,719.52,719.07,719.08,33.332,23971.59609
2026-09-15 15:57:00,719.08,719.24,719.08,719.15,17.725,12748.00197
2026-09-15 15:58:00,719.14,719.2,718.85,718.86,21.49,15453.11542
2026-09-15 15:59:00,718.86,718.93,718.59,718.61,31.062,22324.8292
2026-09-15 16:00:00,718.61,718.74,718.24,718.25,208.141,149543.59458
2026-09-15 16:01:00,718.25,718.74,718.24,718.61,215.077,154528.26722
2026-09-15 16:02:00,718.6,718.61,718.49,718.53,13.771,9895.5274
2026-09-15 16:03:00,718.54,718.54,718.2,718.21,17.082,12272.56706
2026-09-15 16:04:00,718.21,718.22,717.81,717.89,42.487,30503.22619
2026-09-15 16:05:00,717.9,718.09,717.85,717.86,17.787,12770.42239
2026-09-15 16:06:00,717.86,717.96,717.7,717.71,199.549,143252.31007
2026-09-15 16:07:00,717.71,717.76,717.21,717.26,108.801,78064.69116
2026-09-15 16:08:00,717.27,717.4,717.2,717.35,34.788,24953.55629
2026-09-15 16:09:00,717.35,717.35,716.88,716.89,41.621,29842.63743
2026-09-15 16:10:00,716.88,717.18,716.88,716.92,35.945,25774.27947
2026-09-15 16:11:00,716.93,717.25,716.93,717.21,24.392,17492.28344
2026-09-15 16:12:00,717.21,717.21,716.64,716.64,62.271,44642.79451
2026-09-15 16:13:00,716.64,716.76,716.45,716.75,28.983,20768.89209
2026-09-15 16:14:00,716.75,716.76,716.18,716.3,76.449,54768.39968
2026-09-15 16:15:00,716.3,716.68,716.29,716.63,63.124,45222.90339
2026-09-15 16:16:00,716.64,716.95,716.63,716.8,40.725,29191.89985
2026-09-15 16:17:00,716.79,717.37,716.79,717.37,15.191,10893.26913
2026-09-15 16:18:00,717.37,718.02,717.33,718.02,73.304,52598.52197
2026-09-15 16:19:00,718.03,718.08,717.65,717.84,60.884,43699.32943
2026-09-15 16:20:00,717.85,718.07,717.75,717.94,78.618,56439.29098
2026-09-15 16:21:00,717.93,718.74,717.93,718.44,96.962,69663.25586
2026-09-15 16:22:00,718.44,718.92,718.43,718.88,63.947,45955.68076
2026-09-15 16:23:00,718.87,719.16,718.87,719.05,70.315,50558.42803
2026-09-15 16:24:00,719.05,719.38,719.04,719.18,46.173,33206.47104
2026-09-15 16:25:00,719.19,719.19,718.81,718.82,36.94,26562.57749
2026-09-15 16:26:00,718.81,719.32,718.75,719.1,221.5,159263.16839
2026-09-15 16:27:00,719.11,719.65,719.1,719.35,94.22,67787.46305
2026-09-15 16:28:00,719.35,719.67,719.3,719.67,48.326,34772.96865
2026-09-15 16:29:00,719.66,719.66,719.37,719.58,84.174,60556.41825
2026-09-15 16:30:00,719.58,719.8,719.54,719.58,187.985,135292.97926
2026-09-15 16:31:00,719.58,719.58,719.21,719.21,74.21,53389.57162
2026-09-15 16:32:00,719.22,719.34,719.11,719.34,77.572,55791.1292
2026-09-15 16:33:00,719.33,719.33,719.17,719.33,20.294,14596.35318
2026-09-15 16:34:00,719.32,719.32,718.91,718.92,14.964,10759.85298
2026-09-15 16:35:00,718.91,719.1,718.73,719.09,14.198,10207.93689
2026-09-15 16:36:00,719.1,719.4,719.09,719.31,34.062,24496.83421
2026-09-15 16:37:00,719.31,719.32,719.0,719.23,45.132,32456.48034
2026-09-15 16:38:00,719.23,719.24,718.7,718.74,211.831,152349.44573
2026-09-15 16:39:00,718.75,718.91,718.75,718.85,15.35,11034.31659
2026-09-15 16:40:00,718.85,718.98,718.75,718.81,33.245,23900.54884
2026-09-15 16:41:00,718.81,718.81,718.44,718.45,84.288,60575.03018
2026-09-15 16:42:00,718.44,718.68,718.15,718.62,256.601,184328.09538
2026-09-15 16:43:00,718.61,718.71,718.61,718.69,9.88,7100.34674
2026-09-15 16:44:00,718.7,718.76,718.69,718.7,32.891,23638.80941
2026-09-15 16:45:00,718.71,719.24,718.7,719.07,144.148,103655.44399
2026-09-15 16:46:00,719.07,719.54,719.06,719.32,44.435,31967.55765
2026-09-15 16:47:00,719.33,719.77,719.32,719.73,16.934,12182.70879
2026-09-15 16:48:00,719.72,719.75,719.46,719.55,16.859,12131.03425
2026-09-15 16:49:00,719.55,719.55,719.33,719.54,30.637,22043.12131
2026-09-15 16:50:00,719.54,720.0,719.54,719.99,88.022,63369.94769
2026-09-15 16:51:00,719.99,720.18,719.95,720.05,68.731,49488.9883
2026-09-15 16:52:00,720.04,720.36,719.96,720.35,41.81,30107.40367
2026-09-15 16:53:00,720.36,720.8,720.1,720.16,98.175,70735.09619
2026-09-15 16:54:00,720.16,720.62,720.12,720.6,108.1,77863.5008
2026-09-15 16:55:00,720.6,720.61,720.53,720.54,38.817,27971.55392
2026-09-15 16:56:00,720.54,720.54,719.93,719.94,43.579,31389.66283
2026-09-15 16:57:00,719.94,719.99,719.93,719.99,9.953,7165.55947
2026-09-15 16:58:00,719.99,720.0,719.86,719.87,17.521,12613.32633
2026-09-15 16:59:00,719.87,719.87,719.49,719.59,141.692,101974.23394
2026-09-15 17:00:00,719.58,719.58,719.38,719.47,28.709,20656.58855
2026-09-15 17:01:00,719.46,719.74,719.46,719.74,24.912,17927.21241
2026-09-15 17:02:00,719.73,719.74,718.95,718.95,16.267,11701.895
2026-09-15 17:03:00,718.95,719.13,718.69,719.1,18.711,13452.72299
2026-09-15 17:04:00,719.09,719.09,718.47,718.47,15.454,11106.37306
2026-09-15 17:05:00,718.47,718.52,718.19,718.29,266.196,191225.70807
2026-09-15 17:06:00,718.28,718.29,717.96,718.1,29.761,21370.27081
2026-09-15 17:07:00,718.1,718.1,717.8,717.8,46.295,33237.1212
2026-09-15 17:08:00,717.81,717.81,717.46,717.59,34.897,25042.24651
2026-09-15 17:09:00,717.61,717.7,717.53,717.66,15.089,10828.4822
2026-09-15 17:10:00,717.66,717.99,717.65,717.99,13.489,9683.43778
2026-09-15 17:11:00,717.99,718.1,717.72,717.81,43.786,31438.02872
2026-09-15 17:12:00,717.82,717.88,717.72,717.73,8.302,5959.31393
2026-09-15 17:13:00,717.73,718.03,717.72,718.03,10.257,7362.84191
2026-09-15 17:14:00,718.02,718.26,717.96,718.18,67.406,48411.24517
2026-09-15 17:15:00,718.18,718.19,717.9,717.9,22.204,15945.59943
2026-09-15 17:16:00,717.9,718.19,717.9,718.19,30.941,22217.06726
2026-09-15 17:17:00,718.19,718.4,718.18,718.3,12.305,8838.54814
2026-09-15 17:18:00,718.29,718.3,718.17,718.27,14.642,10516.44093
2026-09-15 17:19:00,718.28,718.4,718.27,718.34,17.484,12559.64136
2026-09-15 17:20:00,718.35,718.92,718.34,718.83,40.004,28750.65784
2026-09-15 17:21:00,718.83,718.84,718.69,718.83,10.791,7756.35314
2026-09-15 17:22:00,718.83,718.96,718.76,718.96,18.443,13256.67938
2026-09-15 17:23:00,718.95,719.33,718.89,719.33,34.969,25142.10133
2026-09-15 17:24:00,719.34,719.34,719.3,719.3,20.041,14416.06854
2026-09-15 17:25:00,719.3,719.3,719.18,719.26,14.758,10614.68804
2026-09-15 17:26:00,719.26,719.96,719.25,719.96,21.719,15626.04306
2026-09-15 17:27:00,719.95,720.33,719.95,720.21,115.369,83072.75671
2026-09-15 17:28:00,720.2,720.36,720.2,720.36,44.264,31882.07959
2026-09-15 17:29:00,720.36,720.57,720.35,720.51,67.572,48686.37645
2026-09-15 17:30:00,720.51,720.73,720.37,720.45,88.83,64005.75409
2026-09-15 17:31:00,720.46,721.3,720.46,721.18,104.709,75488.9333
2026-09-15 17:32:00,721.18,721.87,721.17,721.36,125.335,90440.32418
2026-09-15 17:33:00,721.37,722.51,721.37,722.5,184.02,132872.00752
2026-09-15 17:34:00,722.51,723.22,722.5,723.11,236.304,170811.51189
2026-09-15 17:35:00,723.11,725.0,723.11,724.35,555.354,402189.11002
2026-09-15 17:36:00,724.34,724.57,722.93,723.17,231.59,167636.6533
2026-09-15 17:37:00,723.18,724.92,723.18,724.58,307.353,222614.57694
2026-09-15 17:38:00,724.58,724.92,723.37,723.52,190.971,138248.84042
2026-09-15 17:39:00,723.52,723.64,723.26,723.35,97.036,70197.09834
2026-09-15 17:40:00,723.35,723.35,722.68,722.85,133.216,96304.63437
2026-09-15 17:41:00,722.85,722.89,722.68,722.82,50.332,36380.718
2026-09-15 17:42:00,722.82,722.82,721.83,721.84,100.717,72740.50985
2026-09-15 17:43:00,721.84,721.94,721.65,721.65,91.154,65794.34971
2026-09-15 17:44:00,721.66,722.0,721.66,721.87,50.985,36804.03433
2026-09-15 17:45:00,721.87,722.65,721.87,722.65,45.855,33121.15328
2026-09-15 17:46:00,722.65,722.95,722.58,722.9,83.185,60120.99975
2026-09-15 17:47:00,722.91,723.89,722.85,723.86,42.574,30795.56509
2026-09-15 17:48:00,723.87,724.31,723.87,724.27,75.219,54463.06779
2026-09-15 17:49:00,724.27,724.31,724.03,724.04,83.616,60551.63216
2026-09-15 17:50:00,724.04,724.53,724.04,724.53,100.958,73128.06251
2026-09-15 17:51:00,724.53,724.54,723.86,723.97,46.27,33504.5592
2026-09-15 17:52:00,723.97,723.98,723.63,723.76,53.683,38850.10088
2026-09-15 17:53:00,723.76,723.9,723.27,723.27,39.525,28600.60548
2026-09-15 17:54:00,723.28,723.67,723.28,723.61,33.691,24374.49371
2026-09-15 17:55:00,723.61,723.62,723.0,723.01,128.695,93057.53124
2026-09-15 17:56:00,723.01,723.13,723.0,723.13,99.29,71796.10697
2026-09-15 17:57:00,723.13,723.31,723.13,723.18,30.37,21963.34169
2026-09-15 17:58:00,723.19,723.3,723.18,723.27,17.414,12594.14396
2026-09-15 17:59:00,723.26,723.4,723.04,723.13,14.347,10377.14405
2026-09-15 18:00:00,723.13,723.13,722.53,722.61,557.538,403092.31308
2026-09-15 18:01:00,722.62,723.49,722.62,723.47,201.558,145729.84163
2026-09-15 18:02:00,723.47,723.82,723.21,723.82,61.103,44207.74075
2026-09-15 18:03:00,723.83,724.0,723.47,723.68,75.662,54759.78788
2026-09-15 18:04:00,723.68,723.99,723.25,723.34,47.383,34285.11128
2026-09-15 18:05:00,723.35,723.39,723.1,723.39,11.996,8676.6063
2026-09-15 18:06:00,723.38,723.82,723.38,723.81,7.805,5648.23217
2026-09-15 18:07:00,723.82,723.83,722.87,722.87,180.886,130872.16692
2026-09-15 18:08:00,722.87,723.0,722.59,722.99,24.951,18033.58511
2026-09-15 18:09:00,722.99,723.02,722.85,723.02,23.575,17043.7807
2026-09-15 18:10:00,723.03,723.52,723.02,723.24,47.878,34633.45623
2026-09-15 18:11:00,723.24,723.4,723.1,723.27,39.02,28219.8403
2026-09-15 18:12:00,723.27,723.44,723.23,723.34,38.203,27633.61364
2026-09-15 18:13:00,723.34,723.58,723.16,723.58,121.381,87800.62304
2026-09-15 18:14:00,723.6,723.93,723.38,723.45,83.448,60384.88408
2026-09-15 18:15:00,723.43,723.48,723.2,723.21,65.421,47324.05485
2026-09-15 18:16:00,723.2,723.2,721.83,721.83,96.766,69913.75619
2026-09-15 18:17:00,721.84,721.98,721.18,721.18,108.513,78287.34172
2026-09-15 18:18:00,721.18,721.95,720.9,721.79,272.403,196490.88638
2026-09-15 18:19:00,721.79,722.54,721.72,722.18,94.325,68117.57927
2026-09-15 18:20:00,722.18,722.33,721.78,721.78,133.371,96316.14567
2026-09-15 18:21:00,721.77,722.07,721.77,722.07,69.015,49826.45365
2026-09-15 18:22:00,722.06,722.27,721.85,722.2,64.728,46736.53639
2026-09-15 18:23:00,722.19,722.19,721.85,721.86,57.953,41842.65272
2026-09-15 18:24:00,721.86,722.0,721.75,721.9,99.441,71778.14997
2026-09-15 18:25:00,721.9,722.12,721.55,721.55,70.766,51083.58921
2026-09-15 18:26:00,721.56,722.09,721.55,721.78,128.559,92797.74449
2026-09-15 18:27:00,721.77,721.85,721.66,721.67,25.015,18053.4791
2026-09-15 18:28:00,721.66,722.51,721.36,722.51,222.287,160465.70654
2026-09-15 18:29:00,722.52,725.32,722.36,722.79,2242.105,1622357.17839
2026-09-15 18:30:00,722.8,723.05,721.5,721.92,188.402,136087.08562
2026-09-15 18:31:00,721.92,722.24,721.51,722.11,50.44,36405.21081
2026-09-15 18:32:00,722.11,722.25,721.94,722.14,67.044,48412.54483
2026-09-15 18:33:00,722.14,722.14,719.58,719.86,385.409,277769.40885
2026-09-15 18:34:00,719.86,722.23,719.86,721.84,269.609,194487.61331
2026-09-15 18:35:00,721.83,722.08,721.49,721.56,61.674,44514.05874
2026-09-15 18:36:00,721.56,721.56,720.2,720.29,240.021,172969.55087
2026-09-15 18:37:00,720.3,720.3,716.1,718.89,2266.164,1626578.49668
2026-09-15 18:38:00,718.92,719.76,717.78,718.48,428.737,308063.14153
2026-09-15 18:39:00,718.47,718.97,718.12,718.45,179.567,129038.96759
2026-09-15 18:40:00,718.45,718.54,716.12,716.44,909.461,652166.38104
2026-09-15 18:41:00,716.45,717.41,714.7,716.8,655.931,469580.87834
2026-09-15 18:42:00,716.86,717.03,714.3,715.19,475.801,340414.39388
2026-09-15 18:43:00,715.14,716.09,714.16,715.55,598.982,428422.20773
2026-09-15 18:44:00,715.56,715.73,714.49,714.49,203.626,145652.74405
2026-09-15 18:45:00,714.47,714.72,711.46,712.71,1019.807,726911.89133
2026-09-15 18:46:00,712.72,713.19,710.96,710.97,841.696,599163.03515
2026-09-15 18:47:00,710.96,711.84,709.28,711.01,1826.507,1297472.3317
2026-09-15 18:48:00,711.01,711.01,709.07,709.47,546.063,387565.58505
2026-09-15 18:49:00,709.47,709.68,707.04,708.26,1454.146,1029647.9213
2026-09-15 18:50:00,708.25,710.75,707.88,709.96,649.403,460510.0225
2026-09-15 18:51:00,709.96,712.05,709.39,711.76,638.01,453748.69644
2026-09-15 18:52:00,711.85,713.77,711.85,713.72,471.12,335903.12408
2026-09-15 18:53:00,713.73,715.37,713.73,715.22,392.682,280622.66637
2026-09-15 18:54:00,715.22,716.8,714.85,716.75,255.211,182757.17463
2026-09-15 18:55:00,716.76,718.72,715.99,718.15,493.12,353791.89186
2026-09-15 18:56:00,718.16,718.56,717.01,717.5,394.767,283375.10181
2026-09-15 18:57:00,717.44,717.95,716.74,717.69,143.613,103010.86296
2026-09-15 18:58:00,717.69,718.3,717.62,718.06,231.658,166317.81557
2026-09-15 18:59:00,718.05,718.35,717.2,718.17,93.116,66841.43379
2026-09-15 19:00:00,718.19,718.7,717.26,718.43,1149.934,825379.74354
2026-09-15 19:01:00,718.45,719.03,717.43,717.77,259.421,186286.08069
2026-09-15 19:02:00,717.77,718.9,717.3,718.89,169.316,121619.58928
2026-09-15 19:03:00,718.9,720.84,718.9,719.82,482.819,347634.20823
2026-09-15 19:04:00,719.83,721.55,719.83,720.15,278.564,200825.94955
2026-09-15 19:05:00,720.15,720.98,719.59,719.76,280.833,202260.6505
2026-09-15 19:06:00,719.77,720.88,719.68,720.72,66.172,47664.41273
2026-09-15 19:07:00,720.71,720.72,719.35,719.68,151.676,109172.73423
2026-09-15 19:08:00,719.7,720.25,719.29,720.11,114.677,82530.93269
2026-09-15 19:09:00,720.12,721.07,720.12,720.41,123.514,89004.91758
2026-09-15 19:10:00,720.41,721.37,720.36,720.84,194.041,139903.69339
2026-09-15 19:11:00,720.84,720.86,720.1,720.82,141.128,101680.95078
2026-09-15 19:12:00,720.83,720.94,720.35,720.87,184.173,132722.0937
2026-09-15 19:13:00,720.88,720.88,719.99,720.36,107.063,77125.14973
2026-09-15 19:14:00,720.36,720.71,719.89,720.43,106.455,76668.24711
2026-09-15 19:15:00,720.4,721.12,720.31,720.32,225.366,162421.63779
2026-09-15 19:16:00,720.32,721.44,719.92,721.21,104.533,75348.78396
2026-09-15 19:17:00,721.21,722.55,721.21,722.3,359.724,259757.77237
2026-09-15 19:18:00,722.3,722.48,721.53,721.67,287.587,207653.4375
2026-09-15 19:19:00,721.67,722.48,721.42,721.64,95.328,68831.60923
2026-09-15 19:20:00,721.63,721.74,720.86,720.94,69.14,49866.6484
2026-09-15 19:21:00,720.93,721.71,720.92,721.14,190.828,137624.30332
2026-09-15 19:22:00,721.14,721.68,720.94,721.68,65.363,47143.93003
2026-09-15 19:23:00,721.68,722.59,721.68,722.0,169.297,122249.13322
2026-09-15 19:24:00,721.98,721.98,721.09,721.4,48.022,34640.61668
2026-09-15 19:25:00,721.33,721.68,721.0,721.5,86.806,62607.96218
2026-09-15 19:26:00,721.49,721.53,720.81,720.82,149.91,108115.48348
2026-09-15 19:27:00,720.81,720.82,720.43,720.43,18.893,13615.91873
2026-09-15 19:28:00,720.44,720.7,720.05,720.05,76.694,55258.46613
2026-09-15 19:29:00,720.05,720.2,719.34,719.7,139.911,100691.54332
2026-09-15 19:30:00,719.7,720.53,719.27,719.97,88.415,63658.69008
2026-09-15 19:31:00,719.96,720.57,719.59,720.27,151.576,109177.55735
2026-09-15 19:32:00,720.27,720.42,719.68,719.8,21.902,15771.3525
2026-09-15 19:33:00,719.8,720.63,719.29,720.14,308.73,222294.9247
2026-09-15 19:34:00,720.15,720.38,719.69,719.83,66.611,47952.44591
2026-09-15 19:35:00,719.82,719.82,719.52,719.57,33.902,24398.10388
2026-09-15 19:36:00,719.57,719.64,719.29,719.59,70.04,50391.87501
2026-09-15 19:37:00,719.6,719.6,718.82,718.92,49.581,35648.33694
2026-09-15 19:38:00,718.92,719.74,718.83,719.74,219.871,158165.93156
2026-09-15 19:39:00,719.76,719.88,719.51,719.84,20.269,14586.83917
2026-09-15 19:40:00,719.84,720.0,719.51,719.51,50.081,36036.99768
2026-09-15 19:41:00,719.5,719.5,718.27,718.27,360.289,259048.1794
2026-09-15 19:42:00,718.27,718.29,718.09,718.22,45.841,32921.75341
2026-09-15 19:43:00,718.23,718.5,718.08,718.27,37.339,26822.95048
2026-09-15 19:44:00,718.27,718.32,717.96,717.96,95.816,68806.47829
2026-09-15 19:45:00,717.96,718.11,717.84,717.99,29.529,21200.16424
2026-09-15 19:46:00,717.98,717.98,717.52,717.65,47.932,34407.71724
2026-09-15 19:47:00,717.64,718.09,717.64,718.06,14.87,10674.67575
2026-09-15 19:48:00,718.05,718.12,717.95,718.0,5.194,3729.4506
2026-09-15 19:49:00,718.0,718.44,717.9,718.22,64.848,46579.50653
2026-09-15 19:50:00,718.22,718.4,718.08,718.35,72.557,52116.47829
2026-09-15 19:51:00,718.34,718.55,718.22,718.46,15.822,11366.54937
2026-09-15 19:52:00,718.46,718.6,717.78,717.92,39.16,28117.74169
2026-09-15 19:53:00,717.91,718.86,717.91,718.86,27.983,20108.03927
2026-09-15 19:54:00,718.86,719.27,718.77,719.23,59.924,43089.30563
2026-09-15 19:55:00,719.23,719.32,718.7,718.79,21.979,15802.45899
2026-09-15 19:56:00,718.79,719.34,718.79,719.29,47.505,34163.31379
2026-09-15 19:57:00,719.3,719.63,719.3,719.63,46.038,33123.62747
2026-09-15 19:58:00,719.64,719.64,719.48,719.49,5.977,4301.03463
2026-09-15 19:59:00,719.49,719.6,719.27,719.57,33.297,23956.76373
2026-09-15 20:00:00,719.58,720.49,719.51,720.49,195.754,140956.67919
2026-09-15 20:01:00,720.49,720.51,720.12,720.29,22.418,16148.89684
2026-09-15 20:02:00,720.29,720.29,719.64,719.64,15.869,11424.26073
2026-09-15 20:03:00,719.62,719.62,718.49,718.84,134.47,96690.15138
2026-09-15 20:04:00,718.83,718.83,718.15,718.28,42.095,30241.33276
2026-09-15 20:05:00,718.29,718.35,717.8,717.81,95.607,68648.52096
2026-09-15 20:06:00,717.8,717.8,717.14,717.18,61.444,44081.11258
2026-09-15 20:07:00,717.15,717.31,716.82,717.15,126.96,91038.94678
2026-09-15 20:08:00,717.15,717.37,716.75,716.75,57.538,41251.29052
2026-09-15 20:09:00,716.75,716.91,716.65,716.91,13.752,9856.98264
2026-09-15 20:10:00,716.9,718.15,716.74,717.92,101.911,73106.88692
2026-09-15 20:11:00,717.89,717.9,717.28,717.31,14.063,10090.94783
2026-09-15 20:12:00,717.32,717.98,717.03,717.19,110.553,79329.13658
2026-09-15 20:13:00,717.18,717.2,716.31,716.76,292.697,209766.96662
2026-09-15 20:14:00,716.76,717.06,716.76,717.05,19.068,13670.95094
2026-09-15 20:15:00,717.06,717.06,716.36,716.59,79.638,57066.43938
2026-09-15 20:16:00,716.59,717.09,716.59,716.87,31.139,22320.82326
2026-09-15 20:17:00,716.85,716.86,716.62,716.76,7.409,5310.27379
2026-09-15 20:18:00,716.77,716.77,716.06,716.07,96.887,69411.81037
2026-09-15 20:19:00,716.07,716.36,715.91,715.92,232.062,166172.24395
2026-09-15 20:20:00,715.92,716.16,715.65,715.66,65.568,46940.1532
2026-09-15 20:21:00,715.66,715.66,714.91,714.91,128.32,91780.85406
2026-09-15 20:22:00,714.91,715.45,714.91,715.27,358.909,256695.79331
2026-09-15 20:23:00,715.23,715.4,715.18,715.4,23.588,16872.64996
2026-09-15 20:24:00,715.4,715.97,715.4,715.94,10.17,7278.88593
2026-09-15 20:25:00,715.94,716.16,715.52,715.58,89.317,63940.80711
2026-09-15 20:26:00,715.57,715.57,715.09,715.1,62.886,44971.26198
2026-09-15 20:27:00,715.09,715.1,714.95,714.95,20.861,14915.8664
2026-09-15 20:28:00,714.96,715.09,714.7,715.02,86.546,61872.86441
2026-09-15 20:29:00,715.02,715.02,714.28,714.29,131.975,94306.93111
2026-09-15 20:30:00,714.29,714.29,713.07,713.39,245.894,175450.89554
2026-09-15 20:31:00,713.39,714.07,713.3,713.91,284.188,202801.50181
2026-09-15 20:32:00,713.91,714.0,712.62,712.63,135.586,96701.30165
2026-09-15 20:33:00,712.63,712.74,712.28,712.58,164.738,117382.74572
2026-09-15 20:34:00,712.59,713.08,712.59,713.08,27.453,19568.931
2026-09-15 20:35:00,713.08,713.45,712.98,713.35,79.076,56399.81197
2026-09-15 20:36:00,713.36,713.91,713.2,713.91,60.322,43047.96737
2026-09-15 20:37:00,713.87,714.47,713.87,714.44,43.549,31105.72196
2026-09-15 20:38:00,714.44,715.1,714.44,714.66,185.908,132881.25477
2026-09-15 20:39:00,714.66,714.66,713.73,713.98,44.021,31436.18273
2026-09-15 20:40:00,713.99,714.85,713.99,714.85,49.531,35394.58718
2026-09-15 20:41:00,714.84,714.85,714.55,714.64,29.408,21017.54949
2026-09-15 20:42:00,714.63,714.77,714.52,714.52,21.379,15279.02776
2026-09-15 20:43:00,714.52,714.65,714.5,714.5,36.926,26385.6164
2026-09-15 20:44:00,714.5,714.82,714.1,714.82,37.084,26496.11623
2026-09-15 20:45:00,714.82,715.44,714.82,715.31,106.345,76052.83601
2026-09-15 20:46:00,715.32,715.46,714.94,715.37,144.506,103352.14837
2026-09-15 20:47:00,715.36,716.09,715.3,715.31,95.678,68480.36522
2026-09-15 20:48:00,715.31,715.7,715.31,715.68,37.235,26647.14552
2026-09-15 20:49:00,715.68,716.72,715.68,716.72,121.265,86857.73402
2026-09-15 20:50:00,716.73,716.73,716.25,716.64,106.189,76091.26159
2026-09-15 20:51:00,716.64,716.64,716.22,716.37,34.379,24630.06839
2026-09-15 20:52:00,716.38,716.38,715.71,715.71,30.775,22040.30258
2026-09-15 20:53:00,715.72,715.95,715.71,715.75,13.666,9782.36329
2026-09-15 20:54:00,715.76,716.17,715.76,716.17,20.377,14591.51646
2026-09-15 20:55:00,716.16,716.24,716.06,716.24,20.136,14419.41563
2026-09-15 20:56:00,716.23,716.23,715.55,715.56,14.741,10551.13378
2026-09-15 20:57:00,715.55,715.56,715.36,715.42,28.966,20723.59791
2026-09-15 20:58:00,715.41,715.47,715.27,715.36,33.874,24232.37389
2026-09-15 20:59:00,715.38,715.49,715.12,715.12,31.717,22688.26916
2026-09-15 21:00:00,715.13,715.24,714.42,714.43,97.99,70046.09776
2026-09-15 21:01:00,714.43,714.83,713.57,713.73,238.386,170234.67241
2026-09-15 21:02:00,713.74,714.16,713.59,714.16,78.082,55738.79842
2026-09-15 21:03:00,714.16,714.89,714.16,714.75,64.008,45735.68676
2026-09-15 21:04:00,714.74,714.74,714.01,714.01,29.681,21201.23425
2026-09-15 21:05:00,714.0,714.71,713.98,714.52,102.731,73388.04563
2026-09-15 21:06:00,714.52,714.52,714.25,714.26,6.675,4768.45105
2026-09-15 21:07:00,714.26,714.33,713.85,713.86,12.323,8798.76464
2026-09-15 21:08:00,713.87,714.02,713.78,713.99,31.907,22776.34633
2026-09-15 21:09:00,713.99,714.07,713.87,713.88,14.452,10318.31856
2026-09-15 21:10:00,713.87,714.27,713.87,714.27,8.911,6361.66982
2026-09-15 21:11:00,714.28,714.91,714.28,714.77,48.095,34372.07726
2026-09-15 21:12:00,714.78,714.91,714.71,714.91,4.804,3433.86933
2026-09-15 21:13:00,714.91,715.73,714.91,715.61,131.785,94265.72572
2026-09-15 21:14:00,715.61,715.62,714.52,714.66,116.881,83568.57842
2026-09-15 21:15:00,714.66,714.66,714.28,714.28,7.273,5196.51561
2026-09-15 21:16:00,714.27,714.7,714.07,714.6,101.047,72183.15945
2026-09-15 21:17:00,714.6,714.78,714.56,714.73,45.195,32300.58231
2026-09-15 21:18:00,714.73,714.73,714.25,714.26,17.819,12733.48065
2026-09-15 21:19:00,714.26,715.09,714.25,715.01,24.675,17640.15897
2026-09-15 21:20:00,715.0,715.0,714.8,714.82,12.613,9016.29425
2026-09-15 21:21:00,714.81,714.82,713.88,713.88,116.574,83251.42879
2026-09-15 21:22:00,713.89,713.89,713.58,713.59,36.532,26072.31347
2026-09-15 21:23:00,713.6,713.85,713.57,713.78,30.789,21973.10406
2026-09-15 21:24:00,713.78,713.94,713.71,713.71,11.725,8370.27127
2026-09-15 21:25:00,713.7,713.71,713.16,713.31,107.925,76996.11953
2026-09-15 21:26:00,713.32,713.61,713.15,713.29,197.786,141096.26123
2026-09-15 21:27:00,713.28,713.29,712.96,713.16,62.271,44402.80965
2026-09-15 21:28:00,713.15,713.15,712.28,712.29,82.314,58660.57569
2026-09-15 21:29:00,712.29,712.45,712.14,712.39,53.274,37947.68456
2026-09-15 21:30:00,712.38,712.4,712.25,712.4,8.908,6345.24433
2026-09-15 21:31:00,712.39,712.39,712.12,712.2,12.005,8550.04432
2026-09-15 21:32:00,712.2,712.81,712.2,712.8,14.719,10485.42684
2026-09-15 21:33:00,712.81,713.19,712.81,713.19,15.614,11133.97696
2026-09-15 21:34:00,713.19,713.19,712.36,712.55,151.07,107678.65517
2026-09-15 21:35:00,712.56,712.56,712.17,712.37,77.283,55052.87609
2026-09-15 21:36:00,712.37,712.38,711.93,712.35,128.433,91466.53867
2026-09-15 21:37:00,712.34,713.49,712.34,713.49,53.842,38392.22496
2026-09-15 21:38:00,713.49,713.59,713.13,713.18,37.15,26498.53069
2026-09-15 21:39:00,713.17,713.4,713.09,713.17,12.925,9219.32354
2026-09-15 21:40:00,713.18,713.89,713.18,713.89,65.494,46735.06356
2026-09-15 21:41:00,713.89,713.89,713.66,713.84,18.492,13199.11617
2026-09-15 21:42:00,713.84,713.86,713.83,713.86,3.244,2315.71155
2026-09-15 21:43:00,713.86,713.94,713.79,713.79,33.214,23710.39278
2026-09-15 21:44:00,713.79,713.83,713.7,713.74,5.763,4113.51182
2026-09-15 21:45:00,713.74,713.83,713.73,713.83,7.362,5254.53454
2026-09-15 21:46:00,713.83,713.83,713.0,713.08,47.226,33682.26538
2026-09-15 21:47:00,713.07,713.24,712.99,713.24,15.772,11246.72397
2026-09-15 21:48:00,713.24,713.25,713.08,713.09,4.016,2864.10977
2026-09-15 21:49:00,713.09,713.09,712.81,712.81,5.849,4170.33396
2026-09-15 21:50:00,712.8,712.85,712.73,712.8,5.361,3821.35245
2026-09-15 21:51:00,712.8,712.8,711.91,712.54,57.007,40598.8556
2026-09-15 21:52:00,712.55,712.64,712.27,712.44,38.752,27607.95855
2026-09-15 21:53:00,712.43,712.54,712.31,712.48,19.589,13956.81176
2026-09-15 21:54:00,712.49,712.49,712.32,712.32,6.114,4355.68785
2026-09-15 21:55:00,712.33,712.33,711.68,711.86,335.876,239129.27597
2026-09-15 21:56:00,711.85,711.86,711.57,711.58,19.624,13966.34409
2026-09-15 21:57:00,711.57,711.57,711.2,711.54,60.891,43315.32936
2026-09-15 21:58:00,711.55,711.55,711.0,711.0,25.879,18404.74734
2026-09-15 21:59:00,711.01,711.48,710.66,711.2,101.029,71829.83494
2026-09-15 22:00:00,711.2,711.92,710.85,711.67,61.135,43500.81066
2026-09-15 22:01:00,711.66,711.67,711.07,711.33,54.612,38848.94154
2026-09-15 22:02:00,711.34,712.83,711.34,712.65,193.988,138195.53502
2026-09-15 22:03:00,712.66,712.95,712.4,712.45,100.684,71750.02393
2026-09-15 22:04:00,712.44,712.52,711.94,712.05,18.897,13460.30304
2026-09-15 22:05:00,712.05,712.1,711.38,711.63,153.179,108998.45344
2026-09-15 22:06:00,711.64,711.7,711.22,711.41,188.463,134089.06433
2026-09-15 22:07:00,711.42,711.75,711.42,711.46,46.566,33134.94848
2026-09-15 22:08:00,711.46,711.62,710.88,711.0,115.031,81806.28367
2026-09-15 22:09:00,711.01,711.01,710.51,710.83,86.308,61341.43964
2026-09-15 22:10:00,710.83,711.4,710.46,711.39,127.354,90536.06403
2026-09-15 22:11:00,711.39,711.6,710.98,710.98,95.056,67615.43646
2026-09-15 22:12:00,710.98,710.98,710.24,710.53,83.53,59347.54898
2026-09-15 22:13:00,710.53,710.61,710.41,710.46,22.284,15833.83237
2026-09-15 22:14:00,710.47,710.73,710.31,710.56,108.417,77026.53653
2026-09-15 22:15:00,710.56,710.83,710.14,710.14,55.464,39409.14315
2026-09-15 22:16:00,710.13,710.24,709.88,710.0,246.298,174876.55697
2026-09-15 22:17:00,710.0,710.0,709.65,709.98,93.566,66418.06579
2026-09-15 22:18:00,709.97,709.97,709.24,709.24,106.34,75446.98368
2026-09-15 22:19:00,709.23,709.58,709.21,709.34,69.504,49302.87126
2026-09-15 22:20:00,709.35,710.04,709.34,709.85,75.99,53933.57045
2026-09-15 22:21:00,709.86,709.94,708.76,709.94,154.065,109274.99431
2026-09-15 22:22:00,709.93,710.2,709.89,710.07,102.097,72488.06654
2026-09-15 22:23:00,710.09,710.09,709.16,709.64,17.798,12628.69754
2026-09-15 22:24:00,709.64,710.08,709.64,709.88,62.202,44156.20368
2026-09-15 22:25:00,709.87,710.45,709.65,710.45,88.266,62665.02114
2026-09-15 22:26:00,710.45,711.76,710.45,711.76,171.99,122316.82942
2026-09-15 22:27:00,711.76,712.36,711.76,712.11,76.976,54814.72255
2026-09-15 22:28:00,712.11,712.15,711.79,712.13,88.089,62713.63144
2026-09-15 22:29:00,712.14,712.19,711.85,711.9,37.083,26405.91754
2026-09-15 22:30:00,711.9,712.36,711.85,712.36,17.615,12542.86664
2026-09-15 22:31:00,712.36,712.62,712.16,712.61,93.246,66427.67401
2026-09-15 22:32:00,712.62,712.62,712.42,712.45,62.486,44523.677
2026-09-15 22:33:00,712.44,712.7,712.08,712.7,61.893,44090.83328
2026-09-15 22:34:00,712.7,713.07,712.44,712.96,62.489,44537.83157
2026-09-15 22:35:00,712.95,712.95,712.43,712.43,24.069,17151.72441
2026-09-15 22:36:00,712.42,712.69,712.31,712.69,10.483,7468.85912
2026-09-15 22:37:00,712.7,713.07,712.54,713.06,23.841,16996.29782
2026-09-15 22:38:00,713.01,713.53,713.01,713.41,51.607,36808.32768
2026-09-15 22:39:00,713.41,713.53,713.01,713.16,190.587,135939.07226
2026-09-15 22:40:00,713.13,713.17,712.85,712.89,12.42,8855.28324
2026-09-15 22:41:00,712.91,713.11,712.78,712.78,14.867,10600.44449
2026-09-15 22:42:00,712.78,712.86,712.65,712.77,6.576,4686.88552
2026-09-15 22:43:00,712.77,712.96,712.66,712.71,65.383,46608.99804
2026-09-15 22:44:00,712.72,713.15,712.72,713.02,65.216,46492.53199
2026-09-15 22:45:00,713.0,713.13,712.85,713.13,17.387,12396.02422
2026-09-15 22:46:00,713.12,713.81,713.12,713.81,47.554,33932.19333
2026-09-15 22:47:00,713.81,713.81,713.4,713.61,16.799,11987.79059
2026-09-15 22:48:00,713.6,714.03,713.55,714.02,31.183,22263.28679
2026-09-15 22:49:00,714.03,714.03,713.98,713.99,7.148,5103.72828
2026-09-15 22:50:00,714.0,714.18,714.0,714.13,42.897,30631.66069
2026-09-15 22:51:00,714.14,714.59,714.13,714.58,76.614,54734.2848
2026-09-15 22:52:00,714.59,714.59,714.36,714.37,14.31,10224.45118
2026-09-15 22:53:00,714.37,714.55,714.29,714.29,87.632,62609.20212
2026-09-15 22:54:00,714.29,714.48,713.76,714.0,122.234,87291.9313
2026-09-15 22:55:00,714.01,714.18,714.01,714.1,17.389,12418.04011
2026-09-15 22:56:00,714.09,714.1,713.49,713.8,62.502,44610.63679
2026-09-15 22:57:00,713.8,714.07,713.71,714.07,19.417,13861.25784
2026-09-15 22:58:00,714.06,714.15,713.84,713.84,24.31,17355.37984
2026-09-15 22:59:00,713.83,713.83,713.18,713.4,33.086,23607.64598
2026-09-15 23:00:00,713.4,713.75,713.28,713.75,13.867,9893.68255
2026-09-15 23:01:00,713.75,713.85,713.61,713.83,29.101,20771.03251
2026-09-15 23:02:00,713.83,713.83,713.34,713.55,19.3,13769.03455
2026-09-15 23:03:00,713.57,713.73,713.43,713.72,11.169,7970.04208
2026-09-15 23:04:00,713.72,713.87,713.72,713.83,13.639,9735.86569
2026-09-15 23:05:00,713.83,713.93,713.7,713.93,18.896,13488.6332
2026-09-15 23:06:00,713.93,714.14,713.76,714.02,6.907,4931.78655
2026-09-15 23:07:00,714.02,714.06,713.93,713.94,12.096,8636.60188
2026-09-15 23:08:00,713.94,714.17,713.85,714.1,14.31,10216.10894
2026-09-15 23:09:00,714.09,714.49,714.07,714.43,94.475,67485.73555
2026-09-15 23:10:00,714.42,714.44,714.28,714.29,23.763,16975.56672
2026-09-15 23:11:00,714.29,714.91,714.29,714.91,28.33,20246.60895
2026-09-15 23:12:00,714.91,715.29,714.91,715.01,55.168,39447.28618
2026-09-15 23:13:00,715.02,715.41,715.01,715.2,77.963,55752.18982
2026-09-15 23:14:00,715.2,715.31,715.11,715.31,33.926,24263.26177
2026-09-15 23:15:00,715.31,715.39,715.16,715.16,5.767,4125.12169
2026-09-15 23:16:00,715.15,715.42,715.05,715.25,75.123,53729.48412
2026-09-15 23:17:00,715.25,715.47,714.94,715.19,455.041,325387.47113
2026-09-15 23:18:00,715.19,715.26,715.0,715.25,10.73,7673.38806
2026-09-15 23:19:00,715.25,715.48,715.25,715.47,9.2,6581.90348
2026-09-15 23:20:00,715.48,715.48,715.06,715.19,4.433,3170.62132
2026-09-15 23:21:00,715.19,715.19,715.0,715.01,16.819,12026.27983
2026-09-15 23:22:00,715.01,715.1,714.76,714.82,79.987,57191.12091
2026-09-15 23:23:00,714.82,715.03,714.79,715.03,39.236,28050.80526
2026-09-15 23:24:00,715.02,715.03,714.8,714.88,9.317,6661.13263
2026-09-15 23:25:00,714.87,714.87,714.57,714.58,17.975,12848.89717
2026-09-15 23:26:00,714.57,714.57,714.38,714.43,30.623,21879.66629
2026-09-15 23:27:00,714.44,714.44,714.18,714.2,14.024,10016.73603
2026-09-15 23:28:00,714.2,714.68,714.19,714.56,73.066,52205.83086
2026-09-15 23:29:00,714.56,714.56,714.0,714.07,31.87,22763.15129
2026-09-15 23:30:00,714.06,714.06,712.88,713.18,75.853,54109.54754
2026-09-15 23:31:00,713.17,713.18,712.76,712.76,21.961,15657.5396
2026-09-15 23:32:00,712.77,712.77,712.14,712.5,88.768,63243.59444
2026-09-15 23:33:00,712.49,713.17,712.49,713.17,36.395,25936.91197
2026-09-15 23:34:00,713.17,713.63,713.06,713.06,99.38,70892.68565
2026-09-15 23:35:00,713.06,713.18,712.77,713.1,50.103,35725.66577
2026-09-15 23:36:00,713.1,713.1,712.42,712.53,43.02,30659.2697
2026-09-15 23:37:00,712.53,712.53,712.07,712.08,65.259,46478.81237
2026-09-15 23:38:00,712.07,712.08,711.96,712.08,22.379,15934.54676
2026-09-15 23:39:00,712.08,712.08,711.96,711.97,25.094,17868.64183
2026-09-15 23:40:00,711.97,712.48,711.9,712.48,94.865,67555.74874
2026-09-15 23:41:00,712.48,712.63,712.32,712.59,328.184,233817.61586
2026-09-15 23:42:00,712.58,712.62,712.38,712.55,15.356,10940.88816
2026-09-15 23:43:00,712.56,713.0,712.56,712.84,71.594,51034.82012
2026-09-15 23:44:00,712.84,713.06,712.82,712.83,43.211,30805.91291
2026-09-15 23:45:00,712.82,712.82,712.55,712.8,87.023,62017.08287
2026-09-15 23:46:00,712.8,713.03,712.8,713.03,10.386,7403.92601
2026-09-15 23:47:00,713.03,713.03,712.54,712.54,88.54,63110.70661
2026-09-15 23:48:00,712.55,712.57,712.47,712.56,75.828,54028.85377
2026-09-15 23:49:00,712.57,712.57,712.56,712.57,12.573,8959.08198
2026-09-15 23:50:00,712.57,713.1,712.57,713.1,31.319,22320.33388
2026-09-15 23:51:00,713.1,713.42,712.98,712.99,36.231,25843.66893
2026-09-15 23:52:00,712.99,713.04,712.9,712.93,28.132,20057.28231
2026-09-15 23:53:00,712.93,713.04,712.92,712.97,24.233,17278.18146
2026-09-15 23:54:00,712.96,712.96,712.78,712.86,54.775,39049.34669
2026-09-15 23:55:00,712.86,712.86,712.72,712.8,18.106,12905.9857
2026-09-15 23:56:00,712.8,712.8,712.4,712.41,93.185,66412.3915
2026-09-15 23:57:00,712.4,712.52,712.37,712.44,7.016,4998.57586
2026-09-15 23:58:00,712.44,712.55,712.44,712.54,26.305,18743.16084
2026-09-15 23:59:00,712.54,712.54,712.03,712.06,58.897,41944.30858
2026-09-16 00:00:00,712.07,712.16,711.95,712.14,92.31,65728.22753
2026-09-16 00:01:00,712.14,712.14,711.96,712.11,44.572,31735.84244
2026-09-16 00:02:00,712.11,712.52,711.91,712.51,134.833,96000.18251
2026-09-16 00:03:00,712.52,712.84,712.52,712.72,38.368,27343.06951
2026-09-16 00:04:00,712.72,713.07,712.71,713.07,46.847,33398.57061
2026-09-16 00:05:00,713.08,713.79,713.08,713.63,174.513,124514.33494
2026-09-16 00:06:00,713.63,713.91,713.55,713.76,194.958,139153.81784
2026-09-16 00:07:00,713.76,713.92,713.61,713.79,151.28,107977.59482
2026-09-16 00:08:00,713.79,714.14,713.79,714.01,61.351,43802.37072
2026-09-16 00:09:00,714.03,714.17,713.79,713.81,66.475,47463.66889
2026-09-16 00:10:00,713.81,713.97,713.65,713.71,59.058,42155.98012
2026-09-16 00:11:00,713.71,714.68,713.71,714.68,104.843,74893.91081
2026-09-16 00:12:00,714.67,714.79,714.58,714.79,26.833,19176.38851
2026-09-16 00:13:00,714.79,714.79,714.36,714.37,75.61,54037.02723
2026-09-16 00:14:00,714.37,714.66,714.37,714.56,15.985,11421.94756
2026-09-16 00:15:00,714.56,714.78,714.35,714.78,15.641,11176.41765
2026-09-16 00:16:00,714.77,715.09,714.72,715.09,60.11,42968.42212
2026-09-16 00:17:00,715.09,715.31,715.09,715.15,59.91,42846.7638
2026-09-16 00:18:00,715.16,715.18,714.95,715.07,69.508,49707.58022
2026-09-16 00:19:00,715.07,715.33,715.0,715.24,47.57,34021.82662
2026-09-16 00:20:00,715.24,715.31,714.91,714.92,45.92,32839.30836
2026-09-16 00:21:00,714.92,715.32,714.81,715.12,40.602,29039.54262
2026-09-16 00:22:00,715.12,715.16,714.87,715.02,108.748,77759.68223
2026-09-16 00:23:00,715.02,715.67,715.02,715.67,42.818,30633.48252
2026-09-16 00:24:00,715.66,715.8,715.56,715.56,64.333,46039.60231
2026-09-16 00:25:00,715.56,715.59,715.4,715.44,26.558,19002.36443
2026-09-16 00:26:00,715.45,715.52,715.42,715.42,17.612,12600.9151
2026-09-16 00:27:00,715.42,715.52,715.34,715.34,13.838,9900.54826
2026-09-16 00:28:00,715.33,715.44,714.84,715.44,182.881,130769.99589
2026-09-16 00:29:00,715.44,715.76,715.44,715.76,47.085,33696.78619
2026-09-16 00:30:00,715.75,715.91,715.75,715.9,17.787,12733.08573
2026-09-16 00:31:00,715.9,715.91,715.7,715.8,81.043,58011.68478
2026-09-16 00:32:00,715.81,716.0,715.76,715.77,35.876,25683.98904
2026-09-16 00:33:00,715.77,715.81,715.6,715.61,21.714,15542.23857
2026-09-16 00:34:00,715.6,715.6,715.19,715.27,21.513,15390.69165
2026-09-16 00:35:00,715.27,715.4,715.15,715.33,24.402,17453.43064
2026-09-16 00:36:00,715.32,715.51,715.08,715.24,99.041,70835.7497
2026-09-16 00:37:00,715.24,715.41,715.24,715.4,20.862,14923.15142
2026-09-16 00:38:00,715.4,715.77,715.4,715.66,112.74,80676.32444
2026-09-16 00:39:00,715.66,715.92,715.66,715.92,12.042,8619.26434
2026-09-16 00:40:00,715.91,715.91,714.92,714.92,93.599,66959.28831
2026-09-16 00:41:00,714.92,714.96,714.55,714.55,58.728,41978.99386
2026-09-16 00:42:00,714.55,714.55,714.26,714.26,14.577,10413.20882
2026-09-16 00:43:00,714.25,714.25,713.69,713.7,23.949,17098.47418
2026-09-16 00:44:00,713.7,713.95,713.7,713.95,11.221,8010.49317
2026-09-16 00:45:00,713.95,714.18,713.81,713.81,14.515,10363.97193
2026-09-16 00:46:00,713.81,713.81,713.43,713.44,64.253,45852.53158
2026-09-16 00:47:00,713.43,714.21,713.43,714.21,140.368,100185.43294
2026-09-16 00:48:00,714.16,714.67,714.09,714.67,27.227,19450.33466
2026-09-16 00:49:00,714.68,714.68,714.0,714.27,35.262,25187.70991
2026-09-16 00:50:00,714.27,714.27,713.95,713.96,29.329,20945.83993
2026-09-16 00:51:00,713.95,714.22,713.95,714.22,38.183,27264.78185
2026-09-16 00:52:00,714.21,714.81,714.21,714.3,80.952,57843.87162
2026-09-16 00:53:00,714.33,714.62,714.33,714.5,28.598,20433.55971
2026-09-16 00:54:00,714.5,714.5,714.25,714.26,37.517,26801.89381
2026-09-16 00:55:00,714.26,714.37,714.25,714.31,28.265,20190.35185
2026-09-16 00:56:00,714.32,714.4,714.29,714.4,11.659,8328.69701
2026-09-16 00:57:00,714.39,714.4,713.92,713.92,33.718,24077.42031
2026-09-16 00:58:00,713.93,714.35,713.86,714.28,84.924,60633.60678
2026-09-16 00:59:00,714.28,714.4,713.98,713.98,137.112,97930.02255
2026-09-16 01:00:00,713.98,714.43,713.98,714.28,12.632,9021.93484
2026-09-16 01:01:00,714.28,714.98,714.27,714.33,61.796,44168.04174
2026-09-16 01:02:00,714.35,714.38,714.11,714.11,43.785,31277.19841
2026-09-16 01:03:00,714.1,714.1,713.4,713.4,100.342,71624.03112
2026-09-16 01:04:00,713.41,713.53,713.06,713.35,69.319,49446.46327
2026-09-16 01:05:00,713.34,713.37,713.16,713.27,14.766,10532.80639
2026-09-16 01:06:00,713.28,713.63,713.28,713.63,9.514,6788.00476
2026-09-16 01:07:00,713.64,713.7,713.41,713.42,28.739,20509.58748
2026-09-16 01:08:00,713.41,713.6,713.41,713.6,11.151,7955.61775
2026-09-16 01:09:00,713.6,713.64,713.51,713.64,21.884,15616.66323
2026-09-16 01:10:00,713.64,714.01,713.58,714.0,22.308,15923.1768
2026-09-16 01:11:00,714.01,714.01,713.93,713.93,3.866,2760.28167
2026-09-16 01:12:00,713.92,713.92,713.14,713.35,22.312,15921.25717
2026-09-16 01:13:00,713.36,713.77,713.34,713.66,86.468,61695.59823
2026-09-16 01:14:00,713.66,713.97,713.66,713.83,25.703,18348.92241
2026-09-16 01:15:00,713.83,713.83,713.45,713.53,29.194,20834.80666
2026-09-16 01:16:00,713.53,713.69,713.53,713.65,4.643,3313.41295
2026-09-16 01:17:00,713.65,713.65,713.5,713.63,32.478,23174.57455
2026-09-16 01:18:00,713.63,713.71,713.52,713.7,5.385,3842.94271
2026-09-16 01:19:00,713.71,713.86,713.71,713.86,71.084,50737.63475
2026-09-16 01:20:00,713.86,713.88,713.59,713.86,66.119,47186.53421
2026-09-16 01:21:00,713.86,714.5,713.86,714.09,1121.728,800965.44344
2026-09-16 01:22:00,714.08,714.12,713.96,713.96,118.329,84494.87417
2026-09-16 01:23:00,713.96,714.24,713.95,714.16,43.434,31014.12513
2026-09-16 01:24:00,714.16,714.66,714.16,714.63,9.345,6675.2685
2026-09-16 01:25:00,714.63,714.8,714.62,714.66,16.675,11917.45088
2026-09-16 01:26:00,714.65,714.76,714.21,714.21,71.245,50907.51213
2026-09-16 01:27:00,714.21,714.25,714.06,714.25,13.514,9650.95016
2026-09-16 01:28:00,714.25,714.62,714.24,714.62,11.792,8423.84736
2026-09-16 01:29:00,714.63,714.63,714.15,714.16,86.833,62036.28992
2026-09-16 01:30:00,714.15,714.15,714.0,714.01,8.002,5714.09797
2026-09-16 01:31:00,714.0,714.03,713.56,713.56,23.371,16682.65709
2026-09-16 01:32:00,713.56,713.56,713.13,713.14,82.761,59034.18473
2026-09-16 01:33:00,713.13,713.18,712.4,712.48,102.588,73122.93884
2026-09-16 01:34:00,712.47,712.47,711.94,711.95,66.488,47350.66111
2026-09-16 01:35:00,711.94,712.54,711.82,712.34,151.881,108154.58371
2026-09-16 01:36:00,712.33,712.33,711.17,711.18,86.66,61669.28816
2026-09-16 01:37:00,711.18,711.49,710.88,711.0,127.746,90855.12066
2026-09-16 01:38:00,710.99,711.11,710.76,711.01,107.45,76383.53733
2026-09-16 01:39:00,711.05,711.05,710.28,710.41,131.697,93585.34304
2026-09-16 01:40:00,710.41,710.99,710.4,710.98,35.601,25297.85657
2026-09-16 01:41:00,710.97,711.27,710.85,710.93,50.164,35666.29441
2026-09-16 01:42:00,710.94,711.12,710.94,711.05,22.563,16044.10071
2026-09-16 01:43:00,711.04,711.41,711.04,711.33,75.7,53847.25659
2026-09-16 01:44:00,711.3,711.34,711.21,711.21,34.291,24390.12884
2026-09-16 01:45:00,711.2,711.58,711.1,711.35,11.755,8361.5826
2026-09-16 01:46:00,711.35,711.69,711.06,711.07,207.872,147876.32966
2026-09-16 01:47:00,711.07,711.28,710.72,710.84,85.062,60477.23499
2026-09-16 01:48:00,710.85,710.92,710.43,710.69,74.204,52738.41226
2026-09-16 01:49:00,710.69,710.78,710.51,710.56,21.077,14976.43006
2026-09-16 01:50:00,710.57,710.57,710.02,710.03,21.227,15077.38999
2026-09-16 01:51:00,710.02,710.13,710.0,710.01,17.701,12568.28194
2026-09-16 01:52:00,710.01,710.08,709.92,710.02,64.753,45972.30209
2026-09-16 01:53:00,710.01,710.01,709.49,709.5,181.284,128658.27861
2026-09-16 01:54:00,709.5,709.5,708.99,709.06,237.509,168447.80426
2026-09-16 01:55:00,709.06,709.23,709.06,709.2,34.582,24523.33219
2026-09-16 01:56:00,709.19,709.2,708.89,708.9,47.909,33970.45797
2026-09-16 01:57:00,708.9,709.04,708.89,709.04,55.866,39605.51817
2026-09-16 01:58:00,709.04,709.49,708.99,709.46,102.396,72620.75723
2026-09-16 01:59:00,709.47,709.47,708.38,708.9,304.578,215868.70074
2026-09-16 02:00:00,708.91,709.7,708.91,709.21,238.036,168861.95259
2026-09-16 02:01:00,709.21,709.71,708.43,709.71,437.941,310451.9043
2026-09-16 02:02:00,709.71,710.21,709.47,710.21,81.658,57951.09098
2026-09-16 02:03:00,710.22,710.71,710.22,710.23,137.909,97989.22526
2026-09-16 02:04:00,710.22,710.22,710.0,710.06,5.981,4247.23448
2026-09-16 02:05:00,710.07,710.27,709.77,710.09,226.618,160898.92311
2026-09-16 02:06:00,710.08,710.09,709.62,709.79,195.541,138807.29112
2026-09-16 02:07:00,709.8,709.8,708.99,709.37,119.178,84532.88965
2026-09-16 02:08:00,709.37,709.57,709.02,709.32,325.452,230848.64827
2026-09-16 02:09:00,709.32,709.32,708.63,709.12,110.466,78315.35009
2026-09-16 02:10:00,709.12,709.17,708.34,709.02,316.314,224215.72906
2026-09-16 02:11:00,709.02,709.02,708.46,708.58,50.244,35604.4675
2026-09-16 02:12:00,708.58,709.19,708.28,709.19,186.954,132482.64991
2026-09-16 02:13:00,709.18,710.26,709.15,710.2,119.447,84781.83276
2026-09-16 02:14:00,710.19,710.19,709.89,710.05,131.814,93585.1949
2026-09-16 02:15:00,710.04,710.86,710.04,710.76,96.356,68465.19218
2026-09-16 02:16:00,710.77,711.36,710.77,711.35,44.198,31424.01793
2026-09-16 02:17:00,711.34,711.89,711.12,711.68,111.448,79300.67731
2026-09-16 02:18:00,711.68,711.86,711.16,711.19,45.389,32297.58147
2026-09-16 02:19:00,711.18,711.57,711.03,711.56,13.091,9313.60524
2026-09-16 02:20:00,711.55,711.75,711.48,711.74,51.976,36985.52649
2026-09-16 02:21:00,711.75,711.75,711.53,711.6,86.908,61846.41881
2026-09-16 02:22:00,711.6,711.72,711.6,711.68,14.246,10138.23703
2026-09-16 02:23:00,711.68,711.89,711.53,711.68,84.63,60228.37133
2026-09-16 02:24:00,711.68,711.87,711.64,711.72,17.108,12176.8635
2026-09-16 02:25:00,711.75,712.04,711.75,711.91,50.356,35851.40278
2026-09-16 02:26:00,711.91,711.91,711.8,711.9,30.196,21496.09545
2026-09-16 02:27:00,711.91,712.18,711.91,712.18,73.995,52687.65995
2026-09-16 02:28:00,712.18,712.48,712.04,712.44,21.102,15030.98673
2026-09-16 02:29:00,712.45,712.61,712.44,712.61,30.117,21458.82555
2026-09-16 02:30:00,712.62,713.82,712.62,713.61,165.008,117703.17578
2026-09-16 02:31:00,713.62,714.11,713.62,713.79,132.808,94820.1194
2026-09-16 02:32:00,713.8,714.06,713.59,713.6,40.715,29064.44238
2026-09-16 02:33:00,713.6,713.6,713.26,713.29,112.503,80253.98159
2026-09-16 02:34:00,713.28,713.96,713.28,713.9,18.231,13013.42083
2026-09-16 02:35:00,713.9,714.33,713.9,714.33,34.371,24542.66823
2026-09-16 02:36:00,714.32,714.81,714.3,714.31,96.134,68692.75502
2026-09-16 02:37:00,714.31,714.45,714.17,714.44,62.963,44974.61373
2026-09-16 02:38:00,714.45,714.6,714.37,714.56,65.526,46817.15623
2026-09-16 02:39:00,714.57,714.94,714.57,714.61,91.799,65613.51785
2026-09-16 02:40:00,714.61,714.76,714.41,714.41,38.954,27835.94476
2026-09-16 02:41:00,714.41,714.65,714.28,714.39,77.136,55108.38279
2026-09-16 02:42:00,714.4,714.43,714.17,714.21,25.797,18426.47038
2026-09-16 02:43:00,714.22,714.63,714.22,714.35,24.499,17501.41858
2026-09-16 02:44:00,714.36,714.38,714.0,714.05,8.813,6294.33371
2026-09-16 02:45:00,714.05,714.09,713.84,713.85,14.886,10627.36546
2026-09-16 02:46:00,713.85,714.14,713.8,714.05,88.977,63525.6075
2026-09-16 02:47:00,714.06,714.07,713.9,713.9,12.908,9215.98323
2026-09-16 02:48:00,713.9,713.96,713.86,713.96,50.566,36098.65457
2026-09-16 02:49:00,713.96,714.35,713.95,714.25,60.143,42954.44435
2026-09-16 02:50:00,714.25,714.34,714.02,714.09,34.95,24960.84401
2026-09-16 02:51:00,714.1,714.1,713.65,713.66,174.284,124431.99333
2026-09-16 02:52:00,713.65,713.66,713.23,713.23,81.526,58162.81162
2026-09-16 02:53:00,713.23,713.48,713.18,713.48,63.987,45640.44969
2026-09-16 02:54:00,713.48,713.48,712.94,712.95,69.706,49713.83269
2026-09-16 02:55:00,712.94,713.06,712.82,712.89,53.155,37896.17995
2026-09-16 02:56:00,712.89,713.1,711.82,712.36,130.663,93100.70545
2026-09-16 02:57:00,712.36,712.77,712.35,712.73,84.943,60524.34226
2026-09-16 02:58:00,712.75,713.0,712.74,712.96,22.984,16384.70397
2026-09-16 02:59:00,712.96,712.99,712.76,712.86,27.541,19634.10766
2026-09-16 03:00:00,712.86,713.26,712.8,713.26,50.278,35849.3605
2026-09-16 03:01:00,713.27,713.74,713.27,713.74,23.095,16479.73901
2026-09-16 03:02:00,713.74,713.9,713.74,713.9,46.592,33259.76588
2026-09-16 03:03:00,713.89,713.9,713.12,713.44,110.566,78895.99567
2026-09-16 03:04:00,713.45,713.75,713.28,713.51,55.532,39622.26551
2026-09-16 03:05:00,713.51,713.86,713.47,713.85,136.46,97371.64537
2026-09-16 03:06:00,713.86,714.07,713.73,713.74,50.961,36384.66856
2026-09-16 03:07:00,713.74,713.78,713.42,713.43,35.776,25530.71207
2026-09-16 03:08:00,713.43,713.56,713.27,713.48,13.486,9621.84087
2026-09-16 03:09:00,713.49,713.78,713.24,713.64,198.94,141946.16718
2026-09-16 03:10:00,713.65,713.89,713.65,713.79,22.216,15857.08895
2026-09-16 03:11:00,713.8,714.83,713.8,714.83,77.064,55052.82807
2026-09-16 03:12:00,714.84,714.9,714.61,714.61,17.335,12390.26167
2026-09-16 03:13:00,714.62,714.93,714.62,714.9,31.504,22521.43417
2026-09-16 03:14:00,714.9,715.0,714.87,714.95,14.584,10426.6166
2026-09-16 03:15:00,714.96,715.14,714.95,715.13,26.607,19024.17835
2026-09-16 03:16:00,715.14,715.64,715.13,715.64,29.885,21382.01311
2026-09-16 03:17:00,715.63,715.66,715.52,715.65,26.602,19037.13599
2026-09-16 03:18:00,715.66,715.68,715.65,715.67,39.464,28242.74299
2026-09-16 03:19:00,715.67,715.76,715.08,715.21,124.052,88740.63037
2026-09-16 03:20:00,715.2,715.44,715.2,715.33,32.686,23382.47425
2026-09-16 03:21:00,715.32,715.4,715.04,715.29,98.016,70103.45955
2026-09-16 03:22:00,715.3,715.39,715.1,715.32,13.345,9544.71297
2026-09-16 03:23:00,715.32,715.55,715.32,715.37,9.956,7122.52497
2026-09-16 03:24:00,715.37,715.37,715.19,715.28,23.459,16779.66063
2026-09-16 03:25:00,715.28,715.28,715.03,715.12,17.743,12688.51968
2026-09-16 03:26:00,715.12,715.32,715.12,715.2,99.95,71486.19095
2026-09-16 03:27:00,715.2,715.46,714.75,714.8,512.956,366816.57117
2026-09-16 03:28:00,714.81,715.13,714.81,714.87,134.897,96439.98927
2026-09-16 03:29:00,714.86,714.87,714.38,714.43,39.708,28378.96607
2026-09-16 03:30:00,714.42,714.49,714.21,714.21,10.53,7522.2648
2026-09-16 03:31:00,714.21,714.6,714.01,714.39,136.781,97701.60437
2026-09-16 03:32:00,714.39,714.76,714.38,714.68,10.789,7710.03931
2026-09-16 03:33:00,714.69,714.69,714.46,714.46,20.72,14806.72138
2026-09-16 03:34:00,714.45,714.46,714.22,714.22,6.267,4476.90749
2026-09-16 03:35:00,714.22,714.22,714.03,714.09,6.519,4655.37329
2026-09-16 03:36:00,714.09,714.09,713.75,713.76,14.681,10481.35541
2026-09-16 03:37:00,713.75,713.75,713.44,713.47,11.824,8436.75408
2026-09-16 03:38:00,713.47,713.5,713.17,713.34,48.934,34910.2093
2026-09-16 03:39:00,713.35,713.92,713.35,713.69,32.678,23320.68251
2026-09-16 03:40:00,713.68,714.08,713.68,714.01,21.608,15427.43439
2026-09-16 03:41:00,714.0,714.0,713.67,713.91,129.663,92560.31741
2026-09-16 03:42:00,713.9,713.9,713.52,713.76,95.198,67939.78724
2026-09-16 03:43:00,713.76,713.88,713.71,713.87,12.256,8748.50738
2026-09-16 03:44:00,713.88,714.07,713.87,713.92,26.975,19259.65349
2026-09-16 03:45:00,713.92,714.28,713.92,714.28,49.231,35157.40633
2026-09-16 03:46:00,714.28,714.28,713.81,713.95,15.045,10741.49243
2026-09-16 03:47:00,713.95,713.99,713.74,713.83,22.252,15884.53807
2026-09-16 03:48:00,713.83,713.84,713.76,713.77,34.223,24428.45297
2026-09-16 03:49:00,713.77,713.79,713.7,713.7,32.713,23349.31709
2026-09-16 03:50:00,713.7,713.82,713.47,713.81,25.22,17998.91851
2026-09-16 03:51:00,713.81,713.81,713.7,713.7,9.925,7083.82073
2026-09-16 03:52:00,713.7,713.71,713.62,713.66,9.405,6712.16056
2026-09-16 03:53:00,713.65,713.96,713.65,713.86,63.14,45068.39495
2026-09-16 03:54:00,713.86,713.86,713.79,713.85,9.186,6557.35385
2026-09-16 03:55:00,713.84,714.02,713.81,714.02,18.163,12966.17997
2026-09-16 03:56:00,714.02,714.16,714.0,714.16,17.856,12750.59047
2026-09-16 03:57:00,714.15,714.15,714.06,714.07,11.688,8346.40019
2026-09-16 03:58:00,714.07,714.2,714.06,714.19,20.156,14394.48746
2026-09-16 03:59:00,714.19,714.2,714.19,714.2,4.803,3430.28503
2026-09-16 04:00:00,714.2,714.57,714.19,714.57,21.205,15149.30935
2026-09-16 04:01:00,714.57,714.62,714.3,714.31,81.51,58241.07628
2026-09-16 04:02:00,714.3,714.6,714.3,714.6,17.605,12577.53022
2026-09-16 04:03:00,714.6,715.18,714.6,715.18,68.289,48818.1353
2026-09-16 04:04:00,715.17,715.67,715.17,715.61,80.965,57933.2094
2026-09-16 04:05:00,715.61,715.62,715.11,715.25,61.736,44166.7597
2026-09-16 04:06:00,715.26,715.62,715.26,715.31,222.476,159157.38644
2026-09-16 04:07:00,715.31,715.31,715.11,715.22,21.032,15043.36156
2026-09-16 04:08:00,715.22,715.4,715.22,715.29,20.765,14853.52408
2026-09-16 04:09:00,715.3,715.3,714.97,715.06,29.962,21428.51502
2026-09-16 04:10:00,715.05,715.4,715.02,715.39,14.199,10155.52969
2026-09-16 04:11:00,715.39,715.4,715.2,715.23,11.798,8438.78758
2026-09-16 04:12:00,715.23,715.23,714.81,714.81,42.859,30644.97983
2026-09-16 04:13:00,714.8,714.95,714.8,714.95,14.35,10257.5271
2026-09-16 04:14:00,714.95,715.0,714.87,714.87,44.76,32002.01314
2026-09-16 04:15:00,714.87,714.87,714.66,714.66,23.962,17126.42287
2026-09-16 04:16:00,714.67,714.76,714.67,714.7,19.293,13788.6769
2026-09-16 04:17:00,714.7,715.05,714.69,715.04,13.78,9851.93629
2026-09-16 04:18:00,715.04,715.08,714.97,715.05,13.646,9756.80467
2026-09-16 04:19:00,715.05,715.05,714.6,714.61,13.956,9975.24241
2026-09-16 04:20:00,714.61,715.2,714.6,715.2,24.112,17236.72883
2026-09-16 04:21:00,715.19,716.0,715.14,715.72,130.349,93299.22707
2026-09-16 04:22:00,715.71,715.71,715.24,715.55,22.774,16294.79952
2026-09-16 04:23:00,715.55,716.24,715.55,715.95,120.799,86486.75087
2026-09-16 04:24:00,715.96,716.0,715.88,716.0,74.688,53473.48307
2026-09-16 04:25:00,716.0,716.0,715.71,715.72,14.544,10410.74888
2026-09-16 04:26:00,715.72,715.72,715.55,715.64,18.488,13230.8553
2026-09-16 04:27:00,715.64,715.64,715.0,715.0,105.812,75680.38408
2026-09-16 04:28:00,715.01,715.05,714.49,714.58,32.435,23180.85687
2026-09-16 04:29:00,714.57,714.82,714.46,714.47,80.952,57853.82019
2026-09-16 04:30:00,714.5,714.51,714.46,714.46,10.772,7696.38324
2026-09-16 04:31:00,714.46,714.47,714.39,714.41,59.414,42447.40423
2026-09-16 04:32:00,714.42,714.42,714.22,714.22,41.862,29901.32983
2026-09-16 04:33:00,714.22,714.29,714.02,714.02,42.659,30466.763
2026-09-16 04:34:00,714.02,714.58,713.94,714.58,163.038,116428.47812
2026-09-16 04:35:00,714.57,715.04,714.57,714.89,114.932,82163.3868
2026-09-16 04:36:00,714.89,715.01,714.62,715.01,33.567,23994.71365
2026-09-16 04:37:00,715.01,715.26,715.01,715.26,20.26,14488.09916
2026-09-16 04:38:00,715.25,715.51,715.25,715.42,19.478,13934.71036
2026-09-16 04:39:00,715.42,715.62,715.37,715.58,25.521,18260.75768
2026-09-16 04:40:00,715.57,715.6,715.56,715.6,15.693,11229.67139
2026-09-16 04:41:00,715.59,716.12,715.59,716.08,61.751,44210.25657
2026-09-16 04:42:00,716.08,716.16,716.08,716.15,18.004,12892.90377
2026-09-16 04:43:00,716.15,716.16,715.26,715.33,206.175,147521.01062
2026-09-16 04:44:00,715.33,715.34,715.24,715.3,9.808,7015.59821
2026-09-16 04:45:00,715.3,715.72,715.28,715.72,63.926,45732.9171
2026-09-16 04:46:00,715.71,715.74,715.42,715.43,16.838,12049.72139
2026-09-16 04:47:00,715.43,715.52,715.29,715.32,42.007,30052.25408
2026-09-16 04:48:00,715.32,715.4,715.29,715.29,30.653,21927.54763
2026-09-16 04:49:00,715.29,715.3,715.29,715.29,30.659,21930.12326
2026-09-16 04:50:00,715.3,715.3,715.29,715.3,23.347,16699.92758
2026-09-16 04:51:00,715.3,715.3,714.84,714.91,283.869,203033.60762
2026-09-16 04:52:00,714.92,715.02,714.92,714.98,10.207,7297.79883
2026-09-16 04:53:00,714.98,715.06,714.85,714.86,28.296,20231.21532
2026-09-16 04:54:00,714.85,714.96,714.75,714.85,64.008,45755.11155
2026-09-16 04:55:00,714.85,715.16,714.77,715.16,112.779,80635.72332
2026-09-16 04:56:00,715.16,715.16,714.84,714.84,46.417,33189.30382
2026-09-16 04:57:00,714.84,715.27,714.84,715.15,154.939,110793.3772
2026-09-16 04:58:00,715.14,715.61,715.14,715.61,23.637,16910.08426
2026-09-16 04:59:00,715.61,715.66,715.29,715.3,44.942,32157.0742
2026-09-16 05:00:00,715.3,715.56,715.29,715.56,9.973,7135.39844
2026-09-16 05:01:00,715.56,715.56,715.1,715.1,25.467,18219.07948
2026-09-16 05:02:00,715.1,715.1,713.69,713.74,118.105,84357.51809
2026-09-16 05:03:00,713.73,713.83,713.48,713.65,22.362,15958.54506
2026-09-16 05:04:00,713.64,713.9,713.25,713.89,56.68,40447.2892
2026-09-16 05:05:00,713.9,714.38,713.58,713.67,55.592,39689.53459
2026-09-16 05:06:00,713.67,713.81,713.15,713.49,61.936,44194.06211
2026-09-16 05:07:00,713.55,713.8,713.55,713.78,22.864,16317.81904
2026-09-16 05:08:00,713.77,713.98,713.72,713.97,14.688,10485.22754
2026-09-16 05:09:00,713.98,714.47,713.97,714.47,37.618,26868.93325
2026-09-16 05:10:00,714.47,714.66,714.43,714.44,117.669,84080.00798
2026-09-16 05:11:00,714.43,714.48,714.31,714.41,15.884,11347.59708
2026-09-16 05:12:00,714.41,714.53,714.34,714.35,15.874,11340.64277
2026-09-16 05:13:00,714.34,714.55,714.28,714.55,29.166,20834.89513
2026-09-16 05:14:00,714.57,714.73,714.5,714.5,10.011,7153.65205
2026-09-16 05:15:00,714.51,714.83,714.51,714.83,18.135,12959.46845
2026-09-16 05:16:00,714.83,714.93,714.69,714.93,19.16,13695.59524
2026-09-16 05:17:00,714.93,714.99,714.92,714.93,14.743,10540.62206
2026-09-16 05:18:00,714.93,714.93,714.62,714.8,65.009,46466.85819
2026-09-16 05:19:00,714.81,714.98,714.8,714.97,140.755,100620.25484
2026-09-16 05:20:00,714.96,714.97,714.8,714.86,27.529,19681.35593
2026-09-16 05:21:00,714.86,715.56,714.85,715.46,59.397,42485.26279
2026-09-16 05:22:00,715.46,715.46,714.77,714.78,38.69,27668.60256
2026-09-16 05:23:00,714.78,715.07,714.65,715.05,16.54,11822.70954
2026-09-16 05:24:00,715.05,715.09,715.01,715.05,4.711,3368.67766
2026-09-16 05:25:00,715.05,715.09,714.83,714.96,11.75,8400.64346
2026-09-16 05:26:00,714.96,715.03,714.61,714.8,117.463,83969.75709
2026-09-16 05:27:00,714.8,714.8,714.52,714.53,28.891,20647.99188
2026-09-16 05:28:00,714.52,714.6,714.15,714.23,18.601,13288.92208
2026-09-16 05:29:00,714.23,714.45,714.16,714.44,40.054,28609.12431
2026-09-16 05:30:00,714.45,714.54,713.9,713.9,19.137,13667.97505
2026-09-16 05:31:00,713.91,714.21,713.84,714.21,25.419,18149.56003
2026-09-16 05:32:00,714.24,714.52,714.24,714.52,85.996,61430.09135
2026-09-16 05:33:00,714.52,714.86,714.51,714.78,18.345,13111.79185
2026-09-16 05:34:00,714.78,714.94,714.67,714.8,41.466,29640.4502
2026-09-16 05:35:00,714.81,715.24,714.77,715.24,6.768,4839.01335
2026-09-16 05:36:00,715.23,715.56,715.19,715.32,112.835,80719.58568
2026-09-16 05:37:00,715.32,715.4,715.03,715.27,32.969,23582.69574
2026-09-16 05:38:00,715.28,715.56,715.27,715.48,21.488,15371.64543
2026-09-16 05:39:00,715.48,715.52,715.36,715.41,24.508,17533.79968
2026-09-16 05:40:00,715.4,715.54,715.4,715.54,26.54,18988.61294
2026-09-16 05:41:00,715.54,715.56,715.49,715.55,15.276,10930.57144
2026-09-16 05:42:00,715.54,715.55,715.35,715.38,22.877,16366.46515
2026-09-16 05:43:00,715.37,715.78,715.31,715.38,154.707,110703.66857
2026-09-16 05:44:00,715.38,715.47,715.38,715.38,16.915,12101.00451
2026-09-16 05:45:00,715.38,715.43,715.37,715.4,17.589,12583.2718
2026-09-16 05:46:00,715.41,715.75,715.38,715.75,63.456,45407.57224
2026-09-16 05:47:00,715.74,715.74,715.2,715.2,57.895,41417.97614
2026-09-16 05:48:00,715.21,715.55,715.05,715.48,97.952,70060.63627
2026-09-16 05:49:00,715.48,715.53,714.95,715.15,81.942,58610.25562
2026-09-16 05:50:00,715.2,715.45,715.2,715.44,17.725,12679.33406
2026-09-16 05:51:00,715.44,715.44,715.3,715.34,26.638,19056.03747
2026-09-16 05:52:00,715.35,715.35,714.6,714.6,27.317,19529.63933
2026-09-16 05:53:00,714.59,714.74,714.59,714.74,24.571,17559.41701
2026-09-16 05:54:00,714.74,714.74,714.61,714.68,39.4,28157.79592
2026-09-16 05:55:00,714.67,714.97,714.56,714.65,60.62,43330.61538
2026-09-16 05:56:00,714.64,715.26,714.64,715.17,119.647,85546.28874
2026-09-16 05:57:00,715.16,715.2,715.07,715.07,16.243,11616.12594
2026-09-16 05:58:00,715.07,715.2,715.07,715.19,18.214,13024.86523
2026-09-16 05:59:00,715.19,715.28,715.13,715.27,20.887,14938.35508
2026-09-16 06:00:00,715.27,715.62,715.27,715.62,115.953,82950.79991
2026-09-16 06:01:00,715.62,715.73,715.52,715.55,23.446,16778.48687
2026-09-16 06:02:00,715.55,715.58,715.21,715.25,30.839,22061.05015
2026-09-16 06:03:00,715.24,715.25,714.77,714.78,39.414,28179.40942
2026-09-16 06:04:00,714.77,714.97,714.51,714.71,208.527,149043.51423
2026-09-16 06:05:00,714.7,714.95,714.67,714.86,26.982,19286.63983
2026-09-16 06:06:00,714.86,714.86,714.52,714.75,23.204,16583.58799
2026-09-16 06:07:00,714.76,714.8,714.5,714.5,19.675,14060.92374
2026-09-16 06:08:00,714.5,714.58,714.5,714.51,13.22,9446.10917
2026-09-16 06:09:00,714.51,714.54,714.42,714.46,33.829,24170.19415
2026-09-16 06:10:00,714.46,714.58,714.45,714.49,39.76,28409.62407
2026-09-16 06:11:00,714.49,714.49,714.34,714.48,79.7,56941.03361
2026-09-16 06:12:00,714.48,714.51,714.48,714.51,20.91,14940.17521
2026-09-16 06:13:00,714.51,714.81,714.5,714.79,17.726,12668.7394
2026-09-16 06:14:00,714.79,714.79,714.25,714.26,22.467,16054.11403
2026-09-16 06:15:00,714.25,714.26,714.07,714.08,25.063,17899.07595
2026-09-16 06:16:00,714.08,714.15,714.03,714.15,17.503,12497.99133
2026-09-16 06:17:00,714.15,714.5,714.14,714.33,40.177,28702.95107
2026-09-16 06:18:00,714.33,714.43,714.15,714.31,46.114,32939.33875
2026-09-16 06:19:00,714.32,714.32,714.21,714.31,17.263,12330.2963
2026-09-16 06:20:00,714.32,714.5,714.32,714.5,30.019,21446.14429
2026-09-16 06:21:00,714.49,714.5,714.05,714.06,46.648,33322.95381
2026-09-16 06:22:00,714.05,714.06,713.87,713.95,38.498,27486.14248
2026-09-16 06:23:00,713.95,714.15,713.95,714.14,17.913,12790.91053
2026-09-16 06:24:00,714.14,714.15,713.83,713.84,36.15,25809.62567
2026-09-16 06:25:00,713.83,713.84,713.83,713.83,16.039,11449.13909
2026-09-16 06:26:00,713.83,713.84,713.56,713.7,58.518,41763.97672
2026-09-16 06:27:00,713.71,713.71,713.52,713.52,24.249,17304.96275
2026-09-16 06:28:00,713.52,713.61,713.52,713.6,35.567,25378.08613
2026-09-16 06:29:00,713.6,713.7,713.47,713.68,20.3,14485.0198
2026-09-16 06:30:00,713.67,713.67,713.56,713.6,18.412,13138.20404
2026-09-16 06:31:00,713.59,713.67,713.31,713.31,29.777,21246.99678
2026-09-16 06:32:00,713.32,713.5,713.31,713.38,17.246,12303.37818
2026-09-16 06:33:00,713.38,713.66,713.38,713.66,13.965,9963.55573
2026-09-16 06:34:00,713.67,713.72,713.24,713.44,63.747,45484.43727
2026-09-16 06:35:00,713.43,713.43,713.22,713.27,30.096,21468.55243
2026-09-16 06:36:00,713.27,713.27,713.0,713.0,72.993,52050.46923
2026-09-16 06:37:00,713.01,713.01,712.32,712.33,109.661,78145.13104
2026-09-16 06:38:00,712.33,712.33,711.99,711.99,66.52,47368.85036
2026-09-16 06:39:00,711.99,712.02,711.86,712.01,74.21,52834.69108
2026-09-16 06:40:00,712.02,712.24,712.02,712.24,38.985,27761.78427
2026-09-16 06:41:00,712.24,712.29,712.17,712.17,44.413,31632.14239
2026-09-16 06:42:00,712.18,712.31,712.1,712.31,39.37,28039.03133
2026-09-16 06:43:00,712.31,712.31,712.16,712.25,40.251,28669.39249
2026-09-16 06:44:00,712.24,712.59,712.24,712.48,290.426,206874.10307
2026-09-16 06:45:00,712.47,713.12,712.47,713.12,36.181,25787.65312
2026-09-16 06:46:00,713.11,713.12,713.04,713.1,14.776,10536.47467
2026-09-16 06:47:00,713.11,713.46,713.1,713.45,22.369,15956.78182
2026-09-16 06:48:00,713.45,713.45,712.76,713.21,29.667,21153.64239
2026-09-16 06:49:00,713.22,713.26,712.93,712.95,28.563,20368.69079
2026-09-16 06:50:00,712.95,713.03,712.75,712.76,13.729,9787.92156
2026-09-16 06:51:00,712.75,712.89,712.75,712.88,16.535,11787.15066
2026-09-16 06:52:00,712.89,712.99,712.88,712.93,12.615,8993.91882
2026-09-16 06:53:00,712.93,712.93,712.82,712.93,31.752,22634.30025
2026-09-16 06:54:00,712.92,713.4,712.92,713.36,70.752,50460.33567
2026-09-16 06:55:00,713.36,713.53,713.18,713.53,11.269,8038.31913
2026-09-16 06:56:00,713.54,713.58,713.51,713.51,8.225,5868.98923
2026-09-16 06:57:00,713.5,713.51,713.31,713.36,20.624,14714.3386
2026-09-16 06:58:00,713.37,713.65,713.33,713.6,126.767,90441.70246
2026-09-16 06:59:00,713.61,714.38,713.55,714.31,77.423,55283.28921
2026-09-16 07:00:00,714.31,714.38,714.15,714.38,66.376,47409.81459
2026-09-16 07:01:00,714.37,714.6,714.35,714.38,39.367,28126.19294
2026-09-16 07:02:00,714.38,714.71,714.35,714.71,37.533,26818.284
2026-09-16 07:03:00,714.72,714.87,714.43,714.6,149.389,106765.84986
2026-09-16 07:04:00,714.6,714.95,714.43,714.61,140.494,100413.49285
2026-09-16 07:05:00,714.61,714.61,714.1,714.38,57.766,41269.86294
2026-09-16 07:06:00,714.37,714.37,713.9,713.93,43.536,31088.92613
2026-09-16 07:07:00,713.93,714.08,713.82,713.83,123.611,88248.42661
2026-09-16 07:08:00,713.82,713.83,713.43,713.54,29.271,20887.69241
2026-09-16 07:09:00,713.53,713.54,713.0,713.01,92.842,66222.6142
2026-09-16 07:10:00,713.0,713.01,712.16,712.49,169.964,121091.37787
2026-09-16 07:11:00,712.5,712.64,712.28,712.39,147.394,105006.61019
2026-09-16 07:12:00,712.4,712.4,712.16,712.34,61.307,43669.09557
2026-09-16 07:13:00,712.34,712.38,712.2,712.2,78.648,56022.06085
2026-09-16 07:14:00,712.2,712.65,712.12,712.64,62.207,44312.62472
2026-09-16 07:15:00,712.64,713.17,712.64,713.13,60.249,42957.57179
2026-09-16 07:16:00,713.13,713.28,712.81,713.11,138.163,98515.32688
2026-09-16 07:17:00,713.12,713.27,713.09,713.12,50.682,36144.78749
2026-09-16 07:18:00,713.11,713.12,712.81,712.82,42.925,30606.08604
2026-09-16 07:19:00,712.81,712.85,712.22,712.26,58.219,41484.32913
2026-09-16 07:20:00,712.26,712.49,712.25,712.48,52.034,37068.12693
2026-09-16 07:21:00,712.49,712.64,712.34,712.35,54.255,38656.16349
2026-09-16 07:22:00,712.35,712.53,712.27,712.53,56.734,40415.21552
2026-09-16 07:23:00,712.54,712.67,712.52,712.52,69.94,49838.51791
2026-09-16 07:24:00,712.52,713.09,712.52,712.92,208.376,148526.1448
2026-09-16 07:25:00,712.91,713.4,712.83,712.88,138.891,99034.34026
2026-09-16 07:26:00,712.88,713.05,712.83,712.93,82.062,58505.59288
2026-09-16 07:27:00,712.93,712.93,712.37,712.53,130.931,93298.2496
2026-09-16 07:28:00,712.53,712.58,712.24,712.27,83.92,59785.87238
2026-09-16 07:29:00,712.27,712.31,712.19,712.3,78.349,55805.18662
2026-09-16 07:30:00,712.3,712.38,712.17,712.2,128.253,91348.20202
2026-09-16 07:31:00,712.21,712.54,712.04,712.1,89.094,63461.10454
2026-09-16 07:32:00,712.11,712.57,712.11,712.45,75.334,53667.2613
2026-09-16 07:33:00,712.46,712.46,712.19,712.22,71.551,50967.70794
2026-09-16 07:34:00,712.23,712.23,711.76,711.96,210.358,149776.68021
2026-09-16 07:35:00,711.95,711.95,711.88,711.88,65.118,46357.03986
2026-09-16 07:36:00,711.89,711.89,711.51,711.54,163.294,116198.71032
2026-09-16 07:37:00,711.54,711.57,711.35,711.35,96.15,68406.11489
2026-09-16 07:38:00,711.35,711.59,711.12,711.12,113.807,80961.765
2026-09-16 07:39:00,711.13,711.34,710.71,710.74,290.835,206797.19761
2026-09-16 07:40:00,710.75,710.91,710.71,710.87,98.059,69698.2065
2026-09-16 07:41:00,710.87,710.88,709.55,710.09,1766.866,1254737.42173
2026-09-16 07:42:00,710.1,710.31,710.07,710.19,917.031,651197.08208
2026-09-16 07:43:00,710.2,710.2,709.7,709.89,152.08,107958.64008
2026-09-16 07:44:00,709.9,709.98,709.87,709.96,71.239,50574.25582
2026-09-16 07:45:00,709.96,710.29,709.69,710.26,123.259,87514.22867
2026-09-16 07:46:00,710.26,710.42,710.11,710.26,196.994,139927.2846
2026-09-16 07:47:00,710.26,710.63,710.18,710.57,124.303,88307.48432
2026-09-16 07:48:00,710.58,710.58,710.17,710.18,72.78,51696.67031
2026-09-16 07:49:00,710.17,710.18,709.69,710.12,75.115,53320.90976
2026-09-16 07:50:00,710.11,710.12,709.8,709.8,80.385,57067.99198
2026-09-16 07:51:00,709.81,709.81,709.62,709.63,70.795,50241.01508
2026-09-16 07:52:00,709.63,709.86,709.62,709.75,95.104,67501.02682
2026-09-16 07:53:00,709.74,709.8,709.49,709.49,68.968,48947.62983
2026-09-16 07:54:00,709.5,709.5,709.35,709.42,139.416,98904.09801
2026-09-16 07:55:00,709.43,709.87,709.43,709.81,89.11,63239.2234
2026-09-16 07:56:00,709.8,710.08,709.66,709.72,66.396,47131.21276
2026-09-16 07:57:00,709.72,709.75,709.55,709.74,75.958,53905.96305
2026-09-16 07:58:00,709.75,709.89,709.54,709.83,143.479,101826.74086
2026-09-16 07:59:00,709.83,709.83,709.7,709.71,33.47,23754.85617
2026-09-16 08:00:00,709.7,709.71,709.37,709.46,221.684,157272.65846
2026-09-16 08:01:00,709.45,709.53,709.42,709.52,35.727,25348.08732
2026-09-16 08:02:00,709.53,709.54,709.43,709.44,56.052,39769.36779
2026-09-16 08:03:00,709.43,709.44,708.87,708.87,280.733,199079.98742
2026-09-16 08:04:00,708.88,708.88,708.24,708.25,203.626,144269.90046
2026-09-16 08:05:00,708.24,708.45,708.1,708.41,121.523,86079.61732
2026-09-16 08:06:00,708.41,708.41,707.71,708.18,324.872,230006.18722
2026-09-16 08:07:00,708.17,708.17,707.45,707.45,111.116,78637.53136
2026-09-16 08:08:00,707.46,707.46,707.23,707.33,115.147,81450.32377
2026-09-16 08:09:00,707.32,707.36,706.66,707.11,434.266,307068.82584
2026-09-16 08:10:00,707.1,707.21,706.92,706.94,141.938,100358.91002
2026-09-16 08:11:00,706.93,707.08,706.78,706.94,114.472,80924.59613
2026-09-16 08:12:00,706.94,707.51,706.94,707.51,112.85,79818.02457
2026-09-16 08:13:00,707.51,707.76,707.2,707.36,195.022,137975.73795
2026-09-16 08:14:00,707.36,707.36,706.8,707.18,107.42,75959.05706
2026-09-16 08:15:00,707.18,707.4,706.64,707.4,219.891,155456.98479
2026-09-16 08:16:00,707.39,707.5,707.12,707.4,103.856,73463.19754
2026-09-16 08:17:00,707.41,707.87,707.23,707.43,174.985,123793.11552
2026-09-16 08:18:00,707.43,707.64,706.62,706.69,110.391,78056.16445
2026-09-16 08:19:00,706.68,706.79,705.92,706.28,679.299,479756.66078
2026-09-16 08:20:00,706.28,706.49,705.71,705.71,232.233,163968.27441
2026-09-16 08:21:00,705.71,706.5,705.5,706.13,235.71,166404.85427
2026-09-16 08:22:00,706.13,706.3,705.92,706.22,173.105,122239.16006
2026-09-16 08:23:00,706.23,706.23,705.5,705.59,130.609,92180.57123
2026-09-16 08:24:00,705.59,705.68,705.09,705.37,232.054,163663.64792
2026-09-16 08:25:00,705.36,705.7,705.05,705.3,297.82,210070.78097
2026-09-16 08:26:00,705.31,705.31,704.29,704.55,687.156,484329.83295
2026-09-16 08:27:00,704.55,704.93,704.55,704.68,199.15,140354.77029
2026-09-16 08:28:00,704.69,705.02,704.61,704.81,137.15,96671.4608
2026-09-16 08:29:00,704.82,705.45,704.74,705.09,332.591,234513.93749
2026-09-16 08:30:00,705.09,705.15,704.8,705.15,173.415,122261.62371
2026-09-16 08:31:00,705.16,705.44,704.99,705.44,186.801,131728.89869
2026-09-16 08:32:00,705.44,705.84,705.28,705.64,362.182,255516.12435
2026-09-16 08:33:00,705.64,705.81,705.28,705.29,294.247,207622.89316
2026-09-16 08:34:00,705.29,705.38,705.2,705.29,74.847,52789.71359
2026-09-16 08:35:00,705.29,705.36,705.23,705.33,99.738,70344.94877
2026-09-16 08:36:00,705.32,705.46,705.21,705.36,90.768,64022.14493
2026-09-16 08:37:00,705.36,705.69,705.35,705.67,67.721,47783.08262
2026-09-16 08:38:00,705.66,706.04,705.66,706.03,155.692,109903.89969
2026-09-16 08:39:00,706.04,706.22,706.03,706.17,69.843,49317.65122
2026-09-16 08:40:00,706.17,706.39,706.03,706.08,143.312,101210.7961
2026-09-16 08:41:00,706.08,706.18,706.04,706.17,91.378,64525.21198
2026-09-16 08:42:00,706.16,706.17,705.98,706.04,75.041,52983.22145
2026-09-16 08:43:00,706.05,706.57,706.04,706.14,126.171,89105.65014
2026-09-16 08:44:00,706.15,706.15,706.0,706.0,88.425,62437.8824
2026-09-16 08:45:00,706.0,706.01,705.81,705.99,139.505,98485.06151
2026-09-16 08:46:00,706.0,706.15,705.98,706.09,140.091,98912.73743
2026-09-16 08:47:00,706.09,706.09,705.91,705.92,110.304,77875.83685
2026-09-16 08:48:00,705.92,705.92,705.69,705.9,76.442,53951.26313
2026-09-16 08:49:00,705.91,706.32,705.9,705.96,78.317,55300.95695
2026-09-16 08:50:00,705.96,706.11,705.95,706.06,69.347,48958.1653
2026-09-16 08:51:00,706.05,706.46,705.9,706.46,149.779,105761.36911
2026-09-16 08:52:00,706.46,706.46,706.3,706.35,68.283,48233.79812
2026-09-16 08:53:00,706.34,706.36,706.27,706.35,56.923,40206.37161
2026-09-16 08:54:00,706.35,706.8,706.35,706.79,97.501,68885.86964
2026-09-16 08:55:00,706.79,707.0,706.57,707.0,65.184,46074.78645
2026-09-16 08:56:00,707.0,707.6,706.99,707.17,233.38,165071.68563
2026-09-16 08:57:00,707.16,707.39,707.09,707.39,62.573,44253.47853
2026-09-16 08:58:00,707.38,707.39,707.12,707.16,85.869,60729.76354
2026-09-16 08:59:00,707.16,707.18,707.12,707.18,83.743,59219.68069
2026-09-16 09:00:00,707.18,707.4,707.02,707.4,89.459,63260.91926
2026-09-16 09:01:00,707.4,707.5,707.26,707.27,65.263,46169.78695
2026-09-16 09:02:00,707.27,707.68,707.27,707.67,70.712,50028.09788
2026-09-16 09:03:00,707.68,708.0,707.68,708.0,90.37,63967.05192
2026-09-16 09:04:00,707.99,708.16,707.85,708.15,90.31,63938.33218
2026-09-16 09:05:00,708.15,708.43,708.08,708.41,98.679,69896.30506
2026-09-16 09:06:00,708.41,708.42,707.91,708.19,217.794,154227.37099
2026-09-16 09:07:00,708.2,708.2,707.42,707.46,107.77,76274.00312
2026-09-16 09:08:00,707.47,707.55,707.42,707.55,68.302,48320.9847
2026-09-16 09:09:00,707.55,708.12,707.54,708.11,95.361,67499.85517
2026-09-16 09:10:00,708.11,708.12,707.69,707.82,114.885,81324.68429
2026-09-16 09:11:00,707.81,708.05,707.79,708.05,47.455,33592.74263
2026-09-16 09:12:00,708.06,708.63,707.99,708.57,192.905,136637.38075
2026-09-16 09:13:00,708.58,708.61,708.26,708.61,26.949,19092.10379
2026-09-16 09:14:00,708.61,708.85,708.61,708.69,88.579,62781.31558
2026-09-16 09:15:00,708.69,708.95,708.56,708.59,77.084,54635.45765
2026-09-16 09:16:00,708.59,708.69,708.32,708.33,32.13,22764.30648
2026-09-16 09:17:00,708.32,708.54,708.04,708.54,174.724,123753.07611
2026-09-16 09:18:00,708.53,708.83,708.53,708.83,26.118,18511.44598
2026-09-16 09:19:00,708.83,709.04,708.64,709.03,34.091,24165.68338
2026-09-16 09:20:00,709.04,709.45,709.04,709.44,89.808,63692.19008
2026-09-16 09:21:00,709.45,709.48,709.35,709.48,32.238,22870.1248
2026-09-16 09:22:00,709.47,709.88,709.47,709.61,95.62,67858.36184
2026-09-16 09:23:00,709.6,710.0,709.6,709.99,29.173,20707.24525
2026-09-16 09:24:00,710.0,710.27,709.99,710.0,73.75,52367.44332
2026-09-16 09:25:00,710.0,710.22,709.65,710.08,188.391,133742.01687
2026-09-16 09:26:00,710.07,710.52,710.01,710.16,57.611,40921.05135
2026-09-16 09:27:00,710.16,710.72,709.94,710.57,295.69,210031.0801
2026-09-16 09:28:00,710.58,710.7,710.57,710.59,58.294,41424.55287
2026-09-16 09:29:00,710.59,710.59,710.1,710.18,58.374,41468.85857
2026-09-16 09:30:00,710.19,710.35,710.18,710.27,35.18,24986.8343
2026-09-16 09:31:00,710.26,710.29,710.13,710.22,30.614,21742.95842
2026-09-16 09:32:00,710.23,710.43,710.22,710.42,55.535,39448.91019
2026-09-16 09:33:00,710.42,710.43,709.96,709.96,68.056,48338.13525
2026-09-16 09:34:00,709.97,710.12,709.9,710.08,79.295,56301.39609
2026-09-16 09:35:00,710.08,710.21,709.28,709.74,477.185,338660.40853
2026-09-16 09:36:00,709.74,710.43,709.73,710.43,122.532,86992.86845
2026-09-16 09:37:00,710.42,710.64,710.39,710.4,62.321,44281.54652
2026-09-16 09:38:00,710.4,710.56,710.21,710.44,50.14,35619.16603
2026-09-16 09:39:00,710.43,710.43,710.33,710.4,22.795,16193.22446
2026-09-16 09:40:00,710.39,710.57,710.35,710.47,38.236,27163.73715
2026-09-16 09:41:00,710.47,710.58,710.38,710.38,28.48,20234.6037
2026-09-16 09:42:00,710.39,710.39,710.22,710.24,20.991,14909.23637
2026-09-16 09:43:00,710.24,710.34,710.24,710.34,25.394,18037.85115
2026-09-16 09:44:00,710.34,710.48,710.33,710.48,27.528,19557.09776
2026-09-16 09:45:00,710.47,710.48,710.25,710.26,44.028,31277.0912
2026-09-16 09:46:00,710.26,710.26,710.05,710.19,28.241,20056.36445
2026-09-16 09:47:00,710.2,710.35,710.19,710.35,26.621,18909.45073
2026-09-16 09:48:00,710.35,710.7,710.34,710.7,41.572,29536.40706
2026-09-16 09:49:00,710.7,710.73,710.69,710.69,27.378,19457.97545
2026-09-16 09:50:00,710.7,710.75,710.34,710.74,167.619,119111.10317
2026-09-16 09:51:00,710.74,710.92,710.65,710.91,30.04,21351.46716
2026-09-16 09:52:00,710.92,711.06,710.92,711.01,74.947,53285.09792
2026-09-16 09:53:00,711.01,711.02,710.63,710.64,33.246,23634.27734
2026-09-16 09:54:00,710.64,710.95,710.63,710.93,27.511,19557.2631
2026-09-16 09:55:00,710.92,710.93,710.61,710.66,127.528,90639.97796
2026-09-16 09:56:00,710.66,710.76,710.66,710.73,20.491,14563.88109
2026-09-16 09:57:00,710.74,710.75,710.73,710.75,52.317,37183.73164
2026-09-16 09:58:00,710.74,710.83,710.74,710.82,48.583,34531.31291
2026-09-16 09:59:00,710.82,710.83,710.67,710.76,44.114,31352.88957
2026-09-16 10:00:00,710.76,711.37,710.75,711.37,77.803,55324.06096
2026-09-16 10:01:00,711.37,711.4,711.2,711.3,51.756,36816.24694
2026-09-16 10:02:00,711.31,711.4,711.12,711.17,52.03,37008.6807
2026-09-16 10:03:00,711.16,711.33,711.16,711.23,19.749,14047.18577
2026-09-16 10:04:00,711.23,711.23,710.81,710.81,33.194,23599.58586
2026-09-16 10:05:00,710.82,710.82,710.58,710.58,24.181,17185.20085
2026-09-16 10:06:00,710.59,710.97,710.58,710.91,102.497,72855.14515
2026-09-16 10:07:00,710.91,711.07,710.91,711.06,36.248,25772.45299
2026-09-16 10:08:00,711.07,711.07,710.71,710.91,154.536,109861.22261
2026-09-16 10:09:00,710.9,711.36,710.9,711.33,99.654,70869.53908
2026-09-16 10:10:00,711.32,711.4,711.16,711.16,48.74,34671.42996
2026-09-16 10:11:00,711.17,711.17,710.58,711.08,110.592,78617.37875
2026-09-16 10:12:00,711.09,711.15,710.92,710.96,41.37,29415.58194
2026-09-16 10:13:00,710.95,711.13,710.69,710.7,75.511,53686.0059
2026-09-16 10:14:00,710.69,710.87,710.52,710.86,38.661,27475.00955
2026-09-16 10:15:00,710.87,711.1,710.85,710.96,43.361,30828.74208
2026-09-16 10:16:00,710.95,710.96,710.85,710.9,18.944,13466.75567
2026-09-16 10:17:00,710.91,711.46,710.88,711.46,175.096,124523.1531
2026-09-16 10:18:00,711.45,711.5,711.3,711.31,96.277,68493.66344
2026-09-16 10:19:00,711.3,711.5,711.29,711.5,21.616,15376.5086
2026-09-16 10:20:00,711.49,711.76,711.48,711.55,116.356,82795.1243
2026-09-16 10:21:00,711.55,711.8,711.54,711.78,55.953,39821.73836
2026-09-16 10:22:00,711.79,711.79,711.11,711.21,78.897,56127.43311
2026-09-16 10:23:00,711.21,711.29,711.12,711.28,23.332,16593.60217
2026-09-16 10:24:00,711.28,711.28,711.19,711.2,30.696,21831.49377
2026-09-16 10:25:00,711.19,711.2,711.05,711.06,20.591,14643.73643
2026-09-16 10:26:00,711.05,711.78,711.05,711.66,108.056,76883.9601
2026-09-16 10:27:00,711.67,711.72,711.5,711.5,37.196,26467.41511
2026-09-16 10:28:00,711.51,711.58,711.37,711.41,27.286,19414.92647
2026-09-16 10:29:00,711.42,711.67,711.41,711.6,14.817,10542.73106
2026-09-16 10:30:00,711.6,711.7,711.6,711.61,19.602,13949.42785
2026-09-16 10:31:00,711.6,711.61,711.25,711.25,31.5,22408.78118
2026-09-16 10:32:00,711.25,711.26,711.07,711.07,27.476,19540.34616
2026-09-16 10:33:00,711.07,711.28,711.07,711.14,38.675,27505.07281
2026-09-16 10:34:00,711.14,711.43,711.13,711.31,108.187,76950.55572
2026-09-16 10:35:00,711.3,711.39,711.3,711.37,32.128,22854.50157
2026-09-16 10:36:00,711.37,711.77,711.32,711.68,42.393,30166.88044
2026-09-16 10:37:00,711.68,711.83,711.68,711.81,32.431,23081.93719
2026-09-16 10:38:00,711.81,711.82,711.53,711.61,47.36,33700.77432
2026-09-16 10:39:00,711.61,711.74,711.6,711.72,25.44,18104.08999
2026-09-16 10:40:00,711.72,711.74,711.69,711.7,27.897,19854.58389
2026-09-16 10:41:00,711.7,711.82,711.62,711.65,33.865,24102.0898
2026-09-16 10:42:00,711.65,711.89,711.65,711.88,49.299,35087.10322
2026-09-16 10:43:00,711.89,712.0,711.88,711.99,49.048,34921.21862
2026-09-16 10:44:00,711.99,711.99,711.8,711.8,50.063,35638.72625
2026-09-16 10:45:00,711.81,711.95,711.8,711.94,49.934,35547.65338
2026-09-16 10:46:00,711.95,711.95,711.8,711.8,13.522,9625.68313
2026-09-16 10:47:00,711.81,711.81,711.5,711.69,39.917,28407.68515
2026-09-16 10:48:00,711.69,711.7,711.68,711.68,20.014,14243.75575
2026-09-16 10:49:00,711.68,711.7,711.49,711.49,62.039,44144.25436
2026-09-16 10:50:00,711.49,711.5,711.49,711.5,9.905,7047.34177
2026-09-16 10:51:00,711.49,711.56,711.4,711.42,30.69,21834.91893
2026-09-16 10:52:00,711.42,711.42,711.36,711.4,27.44,19520.5181
2026-09-16 10:53:00,711.4,711.41,711.39,711.39,29.489,20978.27751
2026-09-16 10:54:00,711.4,711.5,711.3,711.5,102.018,72572.78726
2026-09-16 10:55:00,711.5,711.5,711.3,711.3,23.942,17031.54571
2026-09-16 10:56:00,711.31,711.31,711.16,711.22,24.796,17636.00104
2026-09-16 10:57:00,711.21,711.22,711.19,711.2,22.997,16355.63306
2026-09-16 10:58:00,711.2,711.35,711.16,711.35,55.148,39224.34475
2026-09-16 10:59:00,711.35,711.55,711.22,711.55,40.554,28848.34051
2026-09-16 11:00:00,711.55,712.32,711.48,712.32,81.191,57801.31011
2026-09-16 11:01:00,712.32,712.32,711.79,711.79,47.711,33970.79849
2026-09-16 11:02:00,711.79,712.04,711.79,711.88,74.432,52990.88812
2026-09-16 11:03:00,711.89,712.23,711.89,712.23,11.719,8344.81569
2026-09-16 11:04:00,712.23,712.24,711.9,711.9,71.065,50610.93769
2026-09-16 11:05:00,711.9,711.9,711.37,711.56,50.989,36288.22852
2026-09-16 11:06:00,711.57,711.57,711.48,711.5,35.433,25210.96859
2026-09-16 11:07:00,711.5,711.51,711.2,711.24,36.684,26094.24734
2026-09-16 11:08:00,711.24,711.45,711.23,711.42,73.589,52347.83825
2026-09-16 11:09:00,711.41,711.56,711.26,711.55,18.355,13057.40871
2026-09-16 11:10:00,711.55,711.73,711.52,711.72,21.028,14964.29451
2026-09-16 11:11:00,711.72,711.78,711.69,711.77,38.442,27359.5017
2026-09-16 11:12:00,711.78,711.78,711.64,711.65,43.657,31072.25587
2026-09-16 11:13:00,711.66,711.66,711.37,711.37,26.672,18979.23227
2026-09-16 11:14:00,711.38,711.41,711.37,711.41,22.784,16208.25746
2026-09-16 11:15:00,711.41,711.48,711.24,711.33,30.715,21849.95353
2026-09-16 11:16:00,711.33,711.99,711.32,711.98,87.02,61938.96136
2026-09-16 11:17:00,711.99,712.05,711.98,712.04,22.497,16017.73751
2026-09-16 11:18:00,712.04,712.66,712.04,712.66,55.945,39852.53961
2026-09-16 11:19:00,712.65,712.86,712.65,712.85,23.748,16927.05774
2026-09-16 11:20:00,712.85,713.0,712.85,712.99,38.375,27357.5987
2026-09-16 11:21:00,713.0,713.0,712.58,712.73,147.471,105123.22739
2026-09-16 11:22:00,712.74,712.76,712.21,712.48,102.126,72767.53268
2026-09-16 11:23:00,712.48,712.48,712.23,712.29,48.236,34362.70115
2026-09-16 11:24:00,712.29,712.29,712.15,712.21,14.57,10376.8101
2026-09-16 11:25:00,712.21,712.58,712.2,712.43,38.759,27609.89831
2026-09-16 11:26:00,712.43,712.65,712.28,712.62,100.946,71915.38447
2026-09-16 11:27:00,712.62,712.66,712.62,712.66,16.455,11726.41595
2026-09-16 11:28:00,712.66,712.72,712.44,712.48,38.59,27499.05352
2026-09-16 11:29:00,712.48,712.66,712.48,712.57,48.299,34418.08578
2026-09-16 11:30:00,712.57,712.68,712.57,712.59,41.752,29752.6927
2026-09-16 11:31:00,712.6,713.12,712.59,713.11,76.698,54668.51641
2026-09-16 11:32:00,713.12,713.49,712.73,713.17,150.809,107541.17782
2026-09-16 11:33:00,713.17,713.45,713.12,713.12,72.889,51994.46657
2026-09-16 11:34:00,713.12,713.25,713.12,713.23,37.998,27100.44097
2026-09-16 11:35:00,713.23,713.24,713.23,713.24,10.905,7777.84278
2026-09-16 11:36:00,713.23,713.4,713.23,713.39,35.436,25275.97405
2026-09-16 11:37:00,713.4,713.9,713.4,713.5,473.285,337682.69837
2026-09-16 11:38:00,713.49,713.5,713.19,713.31,51.309,36601.06845
2026-09-16 11:39:00,713.32,713.6,713.31,713.51,18.242,13015.85795
2026-09-16 11:40:00,713.52,713.63,713.08,713.62,183.307,130762.48707
2026-09-16 11:41:00,713.63,714.3,713.62,714.07,95.223,68000.21622
2026-09-16 11:42:00,714.07,714.79,714.04,714.78,187.95,134301.6213
2026-09-16 11:43:00,714.79,715.64,714.79,715.63,211.785,151458.39731
2026-09-16 11:44:00,715.64,715.93,715.07,715.7,350.787,250996.80711
2026-09-16 11:45:00,715.69,715.82,714.47,714.59,240.041,171651.08906
2026-09-16 11:46:00,714.58,714.65,714.28,714.49,45.122,32234.99951
2026-09-16 11:47:00,714.48,714.98,714.48,714.86,44.72,31966.6306
2026-09-16 11:48:00,714.86,714.86,714.69,714.7,43.308,30954.32719
2026-09-16 11:49:00,714.7,714.78,714.69,714.7,53.073,37931.59818
2026-09-16 11:50:00,714.7,715.01,714.64,714.89,85.935,61423.34759
2026-09-16 11:51:00,714.89,715.16,714.52,714.52,91.294,65260.18654
2026-09-16 11:52:00,714.52,714.72,714.51,714.66,84.824,60609.88804
2026-09-16 11:53:00,714.66,714.91,714.66,714.78,99.753,71304.66647
2026-09-16 11:54:00,714.78,714.78,714.51,714.52,58.897,42085.92053
2026-09-16 11:55:00,714.52,714.68,714.51,714.67,31.347,22401.58715
2026-09-16 11:56:00,714.67,714.68,714.51,714.52,25.435,18174.81774
2026-09-16 11:57:00,714.52,714.6,714.41,714.42,36.248,25899.66745
2026-09-16 11:58:00,714.41,714.45,714.34,714.42,54.134,38672.8436
2026-09-16 11:59:00,714.41,714.61,714.41,714.48,29.812,21300.15482
2026-09-16 12:00:00,714.49,714.49,714.13,714.14,90.087,64345.00133
2026-09-16 12:01:00,714.13,714.68,714.13,714.36,230.667,164808.55297
2026-09-16 12:02:00,714.36,714.49,713.91,713.91,88.968,63537.17653
2026-09-16 12:03:00,713.92,714.39,713.92,714.31,69.664,49751.04646
2026-09-16 12:04:00,714.32,714.69,714.31,714.57,44.179,31569.74312
2026-09-16 12:05:00,714.57,714.57,714.23,714.23,162.849,116326.4465
2026-09-16 12:06:00,714.24,714.35,714.23,714.31,20.412,14580.69891
2026-09-16 12:07:00,714.31,714.42,714.23,714.31,28.528,20379.06216
2026-09-16 12:08:00,714.31,714.4,714.06,714.12,48.598,34709.11623
2026-09-16 12:09:00,714.11,714.11,714.09,714.1,12.368,8831.92736
2026-09-16 12:10:00,714.1,714.1,713.72,713.75,40.55,28952.5576
2026-09-16 12:11:00,713.75,713.98,713.66,713.66,59.136,42214.5717
2026-09-16 12:12:00,713.67,713.73,713.55,713.55,25.129,17932.97069
2026-09-16 12:13:00,713.55,713.56,712.97,713.43,171.675,122446.31075
2026-09-16 12:14:00,713.43,713.43,713.34,713.35,9.938,7089.87073
2026-09-16 12:15:00,713.34,713.54,713.29,713.53,100.319,71575.68166
2026-09-16 12:16:00,713.53,713.84,713.53,713.79,12.235,8731.7818
2026-09-16 12:17:00,713.8,714.21,713.79,714.18,162.478,116015.1513
2026-09-16 12:18:00,714.17,714.18,713.57,713.64,124.958,89205.94041
2026-09-16 12:19:00,713.64,714.05,713.63,714.04,129.771,92629.23888
2026-09-16 12:20:00,714.04,714.04,713.69,713.9,85.842,61277.69858
2026-09-16 12:21:00,713.89,714.17,713.89,714.1,109.389,78104.83404
2026-09-16 12:22:00,714.1,714.16,714.09,714.15,15.838,11310.51934
2026-09-16 12:23:00,714.15,714.16,713.8,713.91,44.638,31873.93799
2026-09-16 12:24:00,713.91,713.94,713.63,713.67,106.314,75878.57903
2026-09-16 12:25:00,713.66,713.95,713.44,713.45,66.05,47138.72833
2026-09-16 12:26:00,713.45,713.65,713.45,713.56,21.344,15230.37915
2026-09-16 12:27:00,713.55,713.59,713.4,713.4,33.327,23780.91355
2026-09-16 12:28:00,713.41,713.41,713.05,713.14,38.789,27665.61638
2026-09-16 12:29:00,713.15,713.38,713.12,713.38,28.219,20126.71299
2026-09-16 12:30:00,713.38,713.38,712.85,712.88,95.018,67756.20556
2026-09-16 12:31:00,712.88,713.03,712.64,712.69,25.973,18511.84313
2026-09-16 12:32:00,712.69,712.69,712.08,712.39,53.49,38103.53705
2026-09-16 12:33:00,712.4,713.73,712.4,713.64,91.82,65508.62129
2026-09-16 12:34:00,713.63,713.79,713.3,713.79,75.518,53890.65821
2026-09-16 12:35:00,713.78,713.79,713.5,713.69,39.336,28072.93408
2026-09-16 12:36:00,713.7,713.72,713.04,713.13,20.684,14757.94572
2026-09-16 12:37:00,713.12,713.24,713.12,713.21,15.637,11152.38219
2026-09-16 12:38:00,713.21,713.21,712.91,713.18,44.749,31906.59036
2026-09-16 12:39:00,713.19,713.3,712.53,712.57,54.692,38999.10666
2026-09-16 12:40:00,712.61,712.88,712.61,712.83,22.056,15721.70976
2026-09-16 12:41:00,712.82,713.25,712.82,713.16,137.151,97792.9863
2026-09-16 12:42:00,713.16,713.16,712.9,712.97,30.263,21576.82111
2026-09-16 12:43:00,712.97,713.24,712.96,713.17,26.455,18866.48853
2026-09-16 12:44:00,713.16,713.17,713.08,713.15,24.838,17712.44569
2026-09-16 12:45:00,713.15,713.3,712.92,713.29,58.549,41752.28483
2026-09-16 12:46:00,713.29,713.51,713.29,713.49,27.947,19939.16429
2026-09-16 12:47:00,713.49,713.49,713.19,713.28,20.677,14749.05482
2026-09-16 12:48:00,713.29,713.29,713.21,713.22,11.841,8445.76996
2026-09-16 12:49:00,713.22,713.56,713.22,713.56,24.321,17351.94555
2026-09-16 12:50:00,713.56,713.87,713.5,713.65,122.504,87428.07426
2026-09-16 12:51:00,713.65,713.67,713.24,713.46,38.38,27380.51748
2026-09-16 12:52:00,713.47,713.54,713.28,713.33,22.33,15930.94843
2026-09-16 12:53:00,713.32,713.82,713.26,713.34,110.51,78847.99285
2026-09-16 12:54:00,713.34,713.34,712.83,712.83,136.931,97653.35334
2026-09-16 12:55:00,712.83,712.83,712.05,712.52,52.557,37438.36856
2026-09-16 12:56:00,712.51,712.9,712.5,712.89,26.127,18619.16379
2026-09-16 12:57:00,712.9,712.92,712.67,712.78,42.203,30083.07886
2026-09-16 12:58:00,712.79,712.84,712.66,712.69,39.238,27966.4052
2026-09-16 12:59:00,712.7,712.9,712.35,712.9,165.578,117987.18212
2026-09-16 13:00:00,712.9,712.92,712.54,712.55,58.074,41393.58311
2026-09-16 13:01:00,712.55,712.55,712.06,712.08,23.365,16644.28718
2026-09-16 13:02:00,712.07,712.07,711.42,711.66,201.063,143115.36857
2026-09-16 13:03:00,711.67,711.75,711.12,711.21,64.953,46213.32425
2026-09-16 13:04:00,711.2,711.51,711.12,711.4,47.827,34022.93222
2026-09-16 13:05:00,711.39,711.66,711.39,711.48,34.621,24633.20833
2026-09-16 13:06:00,711.48,711.6,711.38,711.55,17.263,12282.36571
2026-09-16 13:07:00,711.55,711.57,711.37,711.57,32.449,23088.12776
2026-09-16 13:08:00,711.57,711.57,711.41,711.42,12.601,8965.63826
2026-09-16 13:09:00,711.42,711.42,711.37,711.4,37.3,26534.94822
2026-09-16 13:10:00,711.4,711.41,710.89,710.9,65.751,46748.75861
2026-09-16 13:11:00,710.89,711.03,710.76,711.0,125.463,89190.61791
2026-09-16 13:12:00,711.0,711.0,710.66,710.78,80.643,57317.13155
2026-09-16 13:13:00,710.78,711.68,710.78,711.68,110.971,78935.47305
2026-09-16 13:14:00,711.68,712.11,711.67,712.1,29.687,21132.42425
2026-09-16 13:15:00,712.1,712.54,711.71,712.53,50.134,35695.56118
2026-09-16 13:16:00,712.54,712.89,712.34,712.44,38.948,27756.72742
2026-09-16 13:17:00,712.43,712.44,712.06,712.27,20.174,14367.83632
2026-09-16 13:18:00,712.28,712.8,712.21,712.75,26.809,19102.5981
2026-09-16 13:19:00,712.76,712.76,712.24,712.37,126.91,90415.18099
2026-09-16 13:20:00,712.38,712.38,711.81,711.94,37.307,26561.69556
2026-09-16 13:21:00,711.95,712.41,711.94,712.36,12.443,8861.62407
2026-09-16 13:22:00,712.36,712.45,712.31,712.34,32.043,22826.12412
2026-09-16 13:23:00,712.34,712.34,711.93,712.0,36.253,25812.18926
2026-09-16 13:24:00,711.99,712.06,711.92,711.97,40.172,28601.51417
2026-09-16 13:25:00,711.96,712.3,711.64,712.16,137.732,98065.03119
2026-09-16 13:26:00,712.15,712.55,712.15,712.34,62.097,44242.73903
2026-09-16 13:27:00,712.33,712.46,712.25,712.41,26.702,19021.5677
2026-09-16 13:28:00,712.42,712.42,712.23,712.24,38.733,27589.53039
2026-09-16 13:29:00,712.23,712.57,711.92,712.18,74.913,53350.49221
2026-09-16 13:30:00,712.17,712.44,711.95,712.0,58.961,41988.19577
2026-09-16 13:31:00,712.0,712.46,711.6,712.34,130.958,93247.7971
2026-09-16 13:32:00,712.34,712.52,711.69,711.98,128.254,91333.93175
2026-09-16 13:33:00,711.98,712.35,711.83,712.06,76.633,54576.54063
2026-09-16 13:34:00,712.06,712.13,711.59,711.74,149.201,106195.23196
2026-09-16 13:35:00,711.75,712.36,711.71,711.86,77.432,55121.95184
2026-09-16 13:36:00,711.86,711.97,711.62,711.7,18.338,13052.14967
2026-09-16 13:37:00,711.71,711.78,710.62,710.73,386.901,275063.87234
2026-09-16 13:38:00,710.74,710.82,710.49,710.82,71.255,50632.5737
2026-09-16 13:39:00,710.83,711.36,710.02,710.27,161.449,114734.68507
2026-09-16 13:40:00,710.26,710.92,710.22,710.84,76.096,54080.24917
2026-09-16 13:41:00,710.84,711.75,710.84,711.68,97.393,69249.34988
2026-09-16 13:42:00,711.69,711.69,711.01,711.36,57.796,41110.68676
2026-09-16 13:43:00,711.35,711.66,711.21,711.66,25.455,18107.11762
2026-09-16 13:44:00,711.65,712.02,711.65,712.0,23.767,16920.87925
2026-09-16 13:45:00,711.99,712.0,711.4,711.64,290.442,206676.46079
2026-09-16 13:46:00,711.64,711.69,711.11,711.35,63.601,45240.71243
2026-09-16 13:47:00,711.35,713.24,711.34,713.19,243.504,173414.2575
2026-09-16 13:48:00,713.19,713.22,712.72,712.72,65.052,46372.89577
2026-09-16 13:49:00,712.72,712.77,712.21,712.77,96.018,68402.67531
2026-09-16 13:50:00,712.77,713.32,712.49,712.52,90.861,64775.28265
2026-09-16 13:51:00,712.52,712.65,712.2,712.21,56.283,40099.39595
2026-09-16 13:52:00,712.2,712.41,711.89,711.89,56.958,40566.27085
2026-09-16 13:53:00,711.89,712.34,711.55,712.34,45.035,32057.201
2026-09-16 13:54:00,712.33,712.34,711.9,712.05,36.331,25869.66323
2026-09-16 13:55:00,712.1,712.49,712.07,712.42,47.373,33745.55558
2026-09-16 13:56:00,712.42,712.42,711.75,712.05,62.615,44587.21017
2026-09-16 13:57:00,712.05,712.32,711.99,712.27,20.123,14331.61074
2026-09-16 13:58:00,712.28,712.4,711.8,711.8,51.276,36512.8732
2026-09-16 13:59:00,711.79,711.79,711.22,711.34,35.998,25613.19521
2026-09-16 14:00:00,711.35,711.35,710.76,710.87,144.561,102788.47537
2026-09-16 14:01:00,710.87,711.1,710.46,710.46,88.882,63190.0449
2026-09-16 14:02:00,710.46,710.46,709.85,709.85,136.248,96753.62803
2026-09-16 14:03:00,709.84,709.98,709.62,709.7,19.747,14015.23846
2026-09-16 14:04:00,709.69,710.02,709.4,709.91,158.105,112208.02174
2026-09-16 14:05:00,709.9,710.47,709.65,710.47,47.414,33672.60786
