timestamp,open,high,low,close,volume,quote_volume
2026-09-14 12:06:00,77826.01,77826.01,77776.0,77776.0,5.73568,446154.7317046
2026-09-14 12:07:00,77776.0,77806.01,77776.0,77806.01,1.53719,119577.7209024
2026-09-14 12:08:00,77806.01,77846.01,77806.01,77816.91,6.3405,493482.8182687
2026-09-14 12:09:00,77816.91,77819.42,77806.29,77817.8,14.57895,1134423.9606222
2026-09-14 12:10:00,77817.81,77829.66,77811.45,77829.65,2.94816,229432.8775856
2026-09-14 12:11:00,77829.65,77834.01,77829.65,77834.01,1.09686,85370.0881847
2026-09-14 12:12:00,77834.0,77834.01,77834.0,77834.01,0.48763,37954.1964704
2026-09-14 12:13:00,77834.01,77844.01,77827.59,77827.59,4.07575,317245.2033969
2026-09-14 12:14:00,77827.6,77831.36,77812.0,77831.35,1.92648,149915.0892968
2026-09-14 12:15:00,77831.35,77891.08,77831.35,77891.08,4.46276,347479.9693263
2026-09-14 12:16:00,77891.08,77922.01,77838.02,77873.97,11.90341,927081.6375368
2026-09-14 12:17:00,77873.97,77912.18,77867.48,77912.18,3.00618,234139.8749459
2026-09-14 12:18:00,77912.17,77912.18,77890.0,77890.0,1.14854,89477.3449757
2026-09-14 12:19:00,77890.01,77935.02,77890.0,77927.79,7.61009,592887.3167927
2026-09-14 12:20:00,77927.79,77939.3,77880.0,77880.0,8.10025,631166.9428274
2026-09-14 12:21:00,77880.01,77880.01,77851.4,77880.01,4.91695,382862.6022792
2026-09-14 12:22:00,77880.01,77940.0,77880.0,77936.08,6.2128,484089.9088451
2026-09-14 12:23:00,77936.08,77950.0,77936.01,77947.77,16.75611,1305985.5925717
2026-09-14 12:24:00,77947.77,77979.26,77947.76,77964.0,14.49779,1130308.3099464
2026-09-14 12:25:00,77964.01,77964.01,77920.41,77938.0,4.82305,375894.5759663
2026-09-14 12:26:00,77938.01,77944.01,77924.0,77924.0,2.44427,190490.315353
2026-09-14 12:27:00,77924.01,77956.67,77921.83,77944.62,24.24534,1889650.7507278
2026-09-14 12:28:00,77944.63,77972.01,77944.62,77972.0,2.04883,159725.3404414
2026-09-14 12:29:00,77972.01,78000.0,77972.0,77999.99,4.34895,339177.3083113
2026-09-14 12:30:00,77999.99,78000.0,77978.0,77988.0,3.60102,280833.9037474
2026-09-14 12:31:00,77988.0,78041.96,77982.0,78041.95,9.80126,764620.1716843
2026-09-14 12:32:00,78041.96,78052.73,78030.38,78051.94,5.68058,443338.8372999
2026-09-14 12:33:00,78052.0,78065.99,78052.0,78054.9,4.55987,355930.4100445
2026-09-14 12:34:00,78054.91,78082.67,78024.0,78027.06,15.07757,1176973.5098288
2026-09-14 12:35:00,78027.07,78027.07,77807.1,77850.47,18.02541,1404255.5922633
2026-09-14 12:36:00,77850.47,77882.01,77762.0,77790.08,21.50993,1673767.1152971
2026-09-14 12:37:00,77791.97,77814.01,77762.0,77814.01,9.30506,723666.7146466
2026-09-14 12:38:00,77814.01,77869.4,77814.01,77864.0,8.48391,660489.5905174
2026-09-14 12:39:00,77863.99,77914.01,77863.99,77908.01,3.75269,292304.6675372
2026-09-14 12:40:00,77908.01,77908.01,77872.28,77898.0,5.26387,409982.8315084
2026-09-14 12:41:00,77898.0,77898.01,77782.49,77855.15,18.76604,1460755.4145496
2026-09-14 12:42:00,77855.14,77884.01,77848.6,77862.01,6.35695,494976.3677104
2026-09-14 12:43:00,77862.01,77958.01,77862.01,77940.01,8.33408,649478.8951763
2026-09-14 12:44:00,77940.0,77940.0,77918.01,77918.01,2.84972,222083.2525276
2026-09-14 12:45:00,77918.0,77930.01,77898.91,77916.01,4.98334,388271.5188264
2026-09-14 12:46:00,77916.0,77916.01,77828.0,77828.0,5.58648,434941.2972806
2026-09-14 12:47:00,77828.01,77836.01,77820.0,77836.0,2.16167,168239.7154859
2026-09-14 12:48:00,77836.0,77836.01,77792.0,77792.12,4.91296,382268.688799
2026-09-14 12:49:00,77792.12,77800.0,77776.0,77800.0,4.25034,330639.5713345
2026-09-14 12:50:00,77799.99,77810.01,77745.34,77745.35,6.51147,506438.4576463
2026-09-14 12:51:00,77745.34,77750.0,77732.0,77736.0,6.54538,508862.1957536
2026-09-14 12:52:00,77736.0,77736.01,77723.85,77726.0,4.10075,318758.4062523
2026-09-14 12:53:00,77726.0,77744.29,77702.31,77702.31,7.81505,607435.0990403
2026-09-14 12:54:00,77702.31,77702.32,77644.0,77651.76,9.23605,717356.8488316
2026-09-14 12:55:00,77651.75,77709.99,77649.39,77650.28,9.60461,746059.943241
2026-09-14 12:56:00,77650.27,77658.01,77615.06,77644.47,11.23662,872415.5590481
2026-09-14 12:57:00,77644.46,77682.01,77644.46,77676.0,9.56436,742801.3642682
2026-09-14 12:58:00,77676.01,77693.4,77676.0,77686.02,2.65491,206251.6044394
2026-09-14 12:59:00,77686.01,77698.01,77680.0,77698.01,2.90499,225691.6050585
2026-09-14 13:00:00,77698.01,77709.08,77648.0,77694.01,6.89475,535620.2740953
2026-09-14 13:01:00,77694.01,77694.01,77656.67,77664.0,10.36002,804667.5881537
2026-09-14 13:02:00,77664.01,77674.01,77616.0,77630.59,8.12161,630609.4677965
2026-09-14 13:03:00,77630.59,77736.01,77619.99,77674.16,20.21348,1570257.5344944
2026-09-14 13:04:00,77674.17,77710.01,77634.02,77636.01,10.96417,851713.2566553
2026-09-14 13:05:00,77636.0,77666.69,77633.64,77650.01,6.31618,490436.4320772
2026-09-14 13:06:00,77650.01,77650.01,77530.0,77533.53,23.26649,1804695.3107601
2026-09-14 13:07:00,77533.52,77542.01,77496.3,77531.9,39.82956,3087230.0977294
2026-09-14 13:08:00,77531.91,77546.01,77481.98,77482.0,22.63088,1753904.103947
2026-09-14 13:09:00,77482.0,77577.98,77481.99,77577.98,7.40369,573963.3312251
2026-09-14 13:10:00,77577.97,77680.01,77577.97,77680.01,9.91119,769364.0517417
2026-09-14 13:11:00,77680.0,77696.01,77666.0,77696.01,13.58841,1055544.5148104
2026-09-14 13:12:00,77696.01,77703.97,77684.0,77692.0,3.19444,248179.0396133
2026-09-14 13:13:00,77692.01,77734.01,77664.64,77682.12,13.99748,1087588.5486909
2026-09-14 13:14:00,77682.12,77726.01,77682.12,77714.01,6.84992,532305.2555495
2026-09-14 13:15:00,77714.01,77788.01,77714.01,77778.17,45.38875,3528435.8498539
2026-09-14 13:16:00,77778.18,77808.01,77760.0,77808.0,25.15475,1956473.9558536
2026-09-14 13:17:00,77808.01,77850.48,77798.0,77838.26,8.16295,635231.5537883
2026-09-14 13:18:00,77838.27,77850.81,77829.84,77850.81,6.26424,487579.8966668
2026-09-14 13:19:00,77850.81,77850.81,77766.0,77782.11,7.28985,567127.4331418
2026-09-14 13:20:00,77782.12,77835.05,77782.11,77812.0,6.22314,484239.2954362
2026-09-14 13:21:00,77812.0,77840.01,77800.0,77824.02,6.38285,496721.3553683
2026-09-14 13:22:00,77824.01,77824.02,77808.0,77808.01,2.14592,166989.1335285
2026-09-14 13:23:00,77808.01,77810.01,77806.0,77807.25,4.03253,313760.0585726
2026-09-14 13:24:00,77807.26,77807.26,77780.0,77780.01,2.50312,194728.5957375
2026-09-14 13:25:00,77780.0,77815.59,77766.0,77812.03,11.34459,882484.9111918
2026-09-14 13:26:00,77812.04,77821.57,77796.0,77815.51,4.72593,367713.6511797
2026-09-14 13:27:00,77815.5,77827.57,77812.0,77816.0,4.6833,364444.2394255
2026-09-14 13:28:00,77816.01,77840.01,77813.29,77828.74,5.30126,412586.414117
2026-09-14 13:29:00,77828.74,77860.3,77828.74,77860.3,6.61889,515248.7895933
2026-09-14 13:30:00,77860.74,78041.24,77840.0,78008.0,47.72124,3719999.4029612
2026-09-14 13:31:00,78008.0,78135.56,77992.01,78090.0,28.67192,2238286.0326592
2026-09-14 13:32:00,78090.0,78114.01,78009.11,78111.5,23.61905,1843632.5291716
2026-09-14 13:33:00,78110.25,78134.01,78084.0,78134.01,15.05057,1175568.1467235
2026-09-14 13:34:00,78134.01,78247.45,78134.0,78190.52,34.1646,2671401.2822053
2026-09-14 13:35:00,78191.76,78257.0,78134.0,78134.0,51.26122,4009775.7393355
2026-09-14 13:36:00,78134.0,78134.0,77900.0,77985.04,37.81212,2949479.6013478
2026-09-14 13:37:00,77985.03,78104.01,77874.0,78096.5,50.78817,3962900.0844007
2026-09-14 13:38:00,78096.5,78226.0,78084.0,78154.0,24.03888,1879241.6244682
2026-09-14 13:39:00,78154.0,78158.01,78070.01,78078.0,19.82291,1548563.3878064
2026-09-14 13:40:00,78078.0,78128.01,78049.84,78054.78,10.9451,854629.4843181
2026-09-14 13:41:00,78054.79,78061.99,77908.0,77997.98,18.69555,1457699.9654176
2026-09-14 13:42:00,77997.98,78068.01,77980.0,78052.46,10.09343,787674.7435388
2026-09-14 13:43:00,78052.46,78114.94,78013.67,78111.99,26.4211,2062478.5606511
2026-09-14 13:44:00,78112.0,78181.0,78088.0,78150.01,16.3484,1277445.7080328
2026-09-14 13:45:00,78150.01,78244.01,78128.16,78214.0,16.78144,1312409.4465397
2026-09-14 13:46:00,78214.01,78300.0,78214.01,78300.0,21.02623,1645624.4225718
2026-09-14 13:47:00,78300.0,78347.73,78299.99,78318.51,39.05068,3058721.4061208
2026-09-14 13:48:00,78318.51,78347.74,78312.0,78324.0,13.47574,1055555.1211709
2026-09-14 13:49:00,78324.0,78474.82,78314.0,78437.11,63.65706,4989924.2914427
2026-09-14 13:50:00,78437.11,78490.0,78362.49,78362.5,82.83055,6497552.5994673
2026-09-14 13:51:00,78362.5,78390.0,78214.0,78218.01,20.42732,1599480.5242554
2026-09-14 13:52:00,78218.01,78300.71,78197.58,78292.01,14.45173,1130809.4023049
2026-09-14 13:53:00,78292.0,78320.0,78234.43,78319.99,13.89989,1088115.5427976
2026-09-14 13:54:00,78319.99,78320.0,78226.0,78226.01,11.33458,887294.6029143
2026-09-14 13:55:00,78226.01,78284.68,78180.0,78244.01,20.79447,1626637.1287782
2026-09-14 13:56:00,78244.0,78244.01,78122.0,78152.0,18.70308,1461803.7246928
2026-09-14 13:57:00,78152.01,78152.01,78080.0,78080.22,13.27193,1036760.2646644
2026-09-14 13:58:00,78080.21,78207.22,78054.0,78207.22,16.91699,1321600.2185681
2026-09-14 13:59:00,78208.0,78248.01,78168.0,78168.01,9.40545,735627.758967
2026-09-14 14:00:00,78168.01,78292.01,78164.01,78259.51,22.89014,1791057.3939649
2026-09-14 14:01:00,78260.01,78346.01,78260.0,78338.01,10.11298,791934.0666648
2026-09-14 14:02:00,78338.0,78348.87,78284.01,78332.01,10.19434,798430.3161441
2026-09-14 14:03:00,78332.01,78450.0,78332.01,78402.01,26.12892,2048640.0011801
2026-09-14 14:04:00,78402.01,78456.84,78384.36,78418.69,21.21042,1663355.9284864
2026-09-14 14:05:00,78418.68,78436.01,78323.6,78323.61,24.64702,1931464.7078831
2026-09-14 14:06:00,78323.6,78345.61,78308.0,78344.0,7.39257,579063.283945
2026-09-14 14:07:00,78344.0,78350.61,78314.0,78330.01,9.5118,745084.9884528
2026-09-14 14:08:00,78330.01,78355.0,78300.0,78305.16,6.83023,535001.6872749
2026-09-14 14:09:00,78305.15,78346.01,78305.15,78308.01,6.17621,483772.3154882
2026-09-14 14:10:00,78308.01,78480.0,78308.0,78480.0,27.20152,2131334.3494886
2026-09-14 14:11:00,78480.0,78518.55,78406.0,78409.78,52.8436,4146746.8835654
2026-09-14 14:12:00,78409.78,78432.01,78377.9,78400.01,10.70117,839058.7506718
2026-09-14 14:13:00,78400.01,78532.01,78396.0,78514.58,14.21581,1115704.1883139
2026-09-14 14:14:00,78514.58,78528.01,78470.0,78512.0,30.53533,2396936.7035818
2026-09-14 14:15:00,78512.0,78548.01,78504.01,78504.01,41.11031,3228535.7233753
2026-09-14 14:16:00,78504.01,78522.01,78504.0,78510.01,23.83147,1871172.7756335
2026-09-14 14:17:00,78510.0,78600.0,78510.0,78587.86,54.91747,4315101.64835
2026-09-14 14:18:00,78587.86,78587.87,78487.61,78567.44,37.08258,2911729.4522479
2026-09-14 14:19:00,78566.97,78649.17,78552.0,78649.17,33.66931,2646607.1385532
2026-09-14 14:20:00,78649.17,78649.17,78540.72,78540.73,33.25196,2613920.7978513
2026-09-14 14:21:00,78540.72,78540.73,78376.0,78396.01,65.9012,5171920.1655128
2026-09-14 14:22:00,78396.01,78456.01,78390.0,78410.05,9.62563,754839.532032
2026-09-14 14:23:00,78410.05,78426.01,78362.0,78410.75,9.2492,725005.6526034
2026-09-14 14:24:00,78410.75,78412.01,78290.0,78290.01,16.33333,1279533.5047277
2026-09-14 14:25:00,78290.01,78356.61,78290.0,78354.01,20.20847,1582789.404741
2026-09-14 14:26:00,78354.0,78357.84,78212.0,78230.81,13.75263,1076441.8894633
2026-09-14 14:27:00,78230.81,78357.84,78230.8,78357.83,12.14397,951074.4967225
2026-09-14 14:28:00,78357.84,78463.23,78357.84,78447.82,10.95733,859281.2364944
2026-09-14 14:29:00,78447.82,78447.82,78370.0,78398.01,21.3843,1676223.9797269
2026-09-14 14:30:00,78398.01,78555.55,78376.5,78551.68,29.78633,2337981.8720289
2026-09-14 14:31:00,78551.68,78712.29,78551.68,78675.88,118.26607,9303180.675619
2026-09-14 14:32:00,78675.87,78689.88,78600.0,78652.0,21.21597,1668308.7523976
2026-09-14 14:33:00,78651.85,78670.01,78626.03,78631.36,21.95525,1726666.7707361
2026-09-14 14:34:00,78631.36,78674.01,78598.0,78598.0,12.85776,1011184.6585956
2026-09-14 14:35:00,78598.01,78598.01,78500.0,78500.0,20.30132,1594472.9436699
2026-09-14 14:36:00,78500.01,78509.1,78464.71,78467.8,11.2801,885345.7161431
2026-09-14 14:37:00,78467.8,78492.01,78438.18,78474.0,9.10937,714745.4565322
2026-09-14 14:38:00,78474.0,78474.0,78412.0,78433.58,9.54222,748418.9105686
2026-09-14 14:39:00,78433.59,78448.28,78388.05,78448.27,19.85732,1557097.2080404
2026-09-14 14:40:00,78448.27,78468.0,78414.0,78458.0,32.19688,2525758.9598801
2026-09-14 14:41:00,78458.0,78487.62,78394.0,78415.96,9.06159,710749.2995042
2026-09-14 14:42:00,78415.96,78438.0,78400.37,78428.01,8.43474,661466.6280148
2026-09-14 14:43:00,78428.0,78438.01,78362.0,78365.54,9.28425,727873.6111973
2026-09-14 14:44:00,78365.54,78424.31,78340.57,78424.31,13.40082,1050180.5121449
2026-09-14 14:45:00,78424.31,78535.09,78424.31,78508.73,36.30515,2849714.1152135
2026-09-14 14:46:00,78508.74,78514.09,78438.0,78463.0,12.99174,1019627.5428527
2026-09-14 14:47:00,78464.0,78464.01,78402.0,78438.01,7.44556,583925.3728795
2026-09-14 14:48:00,78438.01,78487.62,78438.01,78464.32,10.15278,796691.2047201
2026-09-14 14:49:00,78464.33,78598.63,78464.32,78598.62,26.18315,2056389.4758652
2026-09-14 14:50:00,78598.62,78623.06,78568.0,78568.01,15.59733,1225984.0432897
2026-09-14 14:51:00,78568.01,78582.0,78524.62,78568.0,6.24288,490392.3972395
2026-09-14 14:52:00,78568.0,78568.01,78438.8,78452.01,20.52222,1610542.0155471
2026-09-14 14:53:00,78452.01,78505.98,78452.01,78453.31,7.40511,581193.4133537
2026-09-14 14:54:00,78453.31,78574.01,78429.14,78566.14,28.64014,2247683.4854951
2026-09-14 14:55:00,78566.14,78566.14,78456.0,78466.85,16.90119,1326774.7036222
2026-09-14 14:56:00,78466.85,78466.85,78441.22,78441.23,8.95753,702723.1702651
2026-09-14 14:57:00,78441.22,78487.62,78441.22,78487.62,10.72753,841633.6858987
2026-09-14 14:58:00,78487.62,78619.96,78487.62,78558.0,50.44175,3963786.8315023
2026-09-14 14:59:00,78558.0,78565.86,78521.05,78521.06,16.1727,1270326.7026566
2026-09-14 15:00:00,78521.05,78521.06,78435.65,78446.86,18.1496,1424199.8040327
2026-09-14 15:01:00,78446.86,78446.86,78353.0,78426.74,25.01389,1961090.2539629
2026-09-14 15:02:00,78426.75,78468.01,78398.01,78402.01,19.24297,1509071.9021681
2026-09-14 15:03:00,78402.0,78402.0,78358.0,78371.84,11.68818,916033.4581376
2026-09-14 15:04:00,78371.83,78378.01,78321.98,78321.99,9.58861,751337.1980837
2026-09-14 15:05:00,78321.98,78503.3,78301.41,78460.01,76.05913,5962531.7837212
2026-09-14 15:06:00,78460.01,78572.01,78460.01,78550.64,23.00552,1806694.2769952
2026-09-14 15:07:00,78550.64,78550.64,78494.0,78534.01,8.74795,686928.2142502
2026-09-14 15:08:00,78534.0,78588.0,78534.0,78554.72,8.50977,668507.5683226
2026-09-14 15:09:00,78554.72,78584.01,78498.0,78498.0,10.45141,820954.3363966
2026-09-14 15:10:00,78498.01,78505.35,78474.23,78504.0,7.55541,593075.6955745
2026-09-14 15:11:00,78504.0,78504.01,78392.0,78403.98,12.85098,1007952.8645543
2026-09-14 15:12:00,78403.98,78453.84,78376.0,78453.83,8.70397,682421.1459873
2026-09-14 15:13:00,78453.83,78492.01,78453.83,78486.04,4.74398,372302.051533
2026-09-14 15:14:00,78486.04,78510.01,78480.0,78502.01,8.59585,674713.7660052
2026-09-14 15:15:00,78502.0,78502.01,78450.0,78459.08,8.12664,637734.3763426
2026-09-14 15:16:00,78459.08,78526.01,78438.0,78526.01,9.65503,757711.6163925
2026-09-14 15:17:00,78526.01,78602.25,78526.01,78529.13,28.10459,2208310.3514542
2026-09-14 15:18:00,78529.13,78534.01,78494.0,78494.0,8.88643,697784.5256421
2026-09-14 15:19:00,78494.01,78586.01,78494.01,78573.86,11.42508,897389.9082933
2026-09-14 15:20:00,78573.86,78573.86,78519.86,78519.87,23.95521,1881428.6494183
2026-09-14 15:21:00,78519.87,78552.01,78514.0,78533.36,9.26552,727598.9147518
2026-09-14 15:22:00,78533.36,78547.7,78514.01,78514.01,13.79713,1083518.1128954
2026-09-14 15:23:00,78514.01,78514.02,78484.0,78485.99,26.4389,2075682.5976179
2026-09-14 15:24:00,78485.99,78529.33,78457.45,78510.01,21.63333,1698293.2122911
2026-09-14 15:25:00,78510.0,78531.52,78462.0,78462.92,8.57027,672814.2031669
2026-09-14 15:26:00,78463.0,78498.42,78463.0,78470.01,24.24423,1902829.9416467
2026-09-14 15:27:00,78470.01,78470.01,78405.25,78405.25,4.95977,389024.0446675
2026-09-14 15:28:00,78405.25,78440.0,78401.0,78439.99,9.31272,730270.6901347
2026-09-14 15:29:00,78439.99,78440.0,78407.67,78407.67,2.95595,231814.2022795
2026-09-14 15:30:00,78407.67,78440.0,78400.01,78440.0,14.60755,1145458.8206499
2026-09-14 15:31:00,78440.0,78440.0,78385.84,78388.76,7.27874,570648.9920629
2026-09-14 15:32:00,78388.77,78498.01,78372.0,78492.01,29.48947,2312541.6585558
2026-09-14 15:33:00,78492.01,78530.83,78464.0,78530.82,16.55761,1299928.1354783
2026-09-14 15:34:00,78530.83,78562.01,78516.01,78530.01,27.18996,2135638.7423225
2026-09-14 15:35:00,78530.0,78530.0,78406.45,78406.45,9.06495,711206.8997228
2026-09-14 15:36:00,78406.45,78420.01,78342.0,78350.0,12.60469,987949.1224243
2026-09-14 15:37:00,78350.0,78477.52,78350.0,78477.52,13.81626,1083316.3113244
2026-09-14 15:38:00,78477.51,78509.1,78440.01,78440.01,10.22076,802252.3381413
2026-09-14 15:39:00,78440.0,78498.01,78432.84,78439.7,15.81803,1241087.5197799
2026-09-14 15:40:00,78439.7,78487.16,78400.0,78430.29,27.43119,2152086.3597126
2026-09-14 15:41:00,78430.29,78522.91,78430.28,78522.91,11.99444,941345.6042983
2026-09-14 15:42:00,78522.9,78553.16,78508.0,78542.01,16.13796,1267375.4588673
2026-09-14 15:43:00,78542.0,78600.0,78542.0,78600.0,18.9179,1486388.9938712
2026-09-14 15:44:00,78599.99,78612.01,78552.0,78559.25,14.3692,1129167.1623243
2026-09-14 15:45:00,78559.26,78562.01,78476.0,78476.0,15.50433,1217412.6678967
2026-09-14 15:46:00,78476.0,78476.01,78415.99,78415.99,6.30069,494267.0973043
2026-09-14 15:47:00,78416.0,78416.0,78360.0,78371.84,7.70025,603576.4421078
2026-09-14 15:48:00,78372.0,78487.62,78372.0,78487.62,15.63855,1226355.1600126
2026-09-14 15:49:00,78487.62,78580.35,78487.62,78556.0,20.22782,1588650.5711474
2026-09-14 15:50:00,78556.01,78570.01,78524.0,78554.0,29.81265,2341651.8848147
2026-09-14 15:51:00,78554.0,78607.12,78548.0,78593.81,11.7582,924059.6458636
2026-09-14 15:52:00,78593.81,78650.0,78593.81,78649.99,10.11539,795285.4083222
2026-09-14 15:53:00,78649.99,78684.01,78624.0,78634.76,15.80342,1243038.8147355
2026-09-14 15:54:00,78634.76,78643.27,78590.39,78590.7,12.49229,982010.8433426
2026-09-14 15:55:00,78590.7,78644.01,78555.55,78624.0,25.39625,1996616.4497772
2026-09-14 15:56:00,78624.0,78624.01,78592.39,78604.01,11.88971,934662.6307029
2026-09-14 15:57:00,78604.0,78621.68,78570.0,78580.0,4.18629,329038.3292416
2026-09-14 15:58:00,78580.01,78580.01,78556.0,78558.0,3.92891,308691.0900113
2026-09-14 15:59:00,78558.0,78594.01,78558.0,78578.02,11.26587,885247.4520976
2026-09-14 16:00:00,78578.02,78605.85,78558.0,78558.01,15.95195,1253657.3815262
2026-09-14 16:01:00,78558.0,78558.01,78518.0,78518.0,7.15584,562027.9939032
2026-09-14 16:02:00,78518.0,78518.01,78502.29,78502.29,6.15539,483296.2879737
2026-09-14 16:03:00,78502.3,78502.3,78488.21,78488.21,4.73896,371986.0145663
2026-09-14 16:04:00,78488.21,78488.22,78450.0,78465.52,15.4921,1215522.7778419
2026-09-14 16:05:00,78465.52,78495.46,78463.0,78469.03,7.606,596899.3928509
2026-09-14 16:06:00,78469.03,78484.72,78469.03,78477.58,3.10726,243842.8227639
2026-09-14 16:07:00,78477.59,78500.0,78450.4,78474.01,7.80655,612614.4472022
2026-09-14 16:08:00,78474.0,78474.01,78434.66,78434.67,3.94823,309735.7818854
2026-09-14 16:09:00,78434.67,78476.01,78434.66,78476.0,7.31615,573901.0033789
2026-09-14 16:10:00,78476.0,78504.01,78476.0,78500.84,7.88374,618853.8222972
2026-09-14 16:11:00,78500.84,78500.85,78471.98,78478.0,2.81388,220846.0324168
2026-09-14 16:12:00,78478.01,78478.01,78468.05,78473.21,6.48879,509210.0627021
2026-09-14 16:13:00,78473.21,78473.21,78460.0,78460.0,3.82423,300077.4416035
2026-09-14 16:14:00,78460.01,78460.01,78426.17,78433.76,6.31301,495218.1016135
2026-09-14 16:15:00,78433.76,78550.0,78433.76,78550.0,28.06295,2202167.4249825
2026-09-14 16:16:00,78550.0,78619.82,78550.0,78602.0,11.27341,886001.9474316
2026-09-14 16:17:00,78602.01,78650.0,78564.0,78650.0,10.7572,845440.601795
2026-09-14 16:18:00,78650.0,78840.0,78649.99,78840.0,84.07514,6622057.121141
2026-09-14 16:19:00,78840.0,78880.01,78754.0,78758.01,37.92205,2989491.2532415
2026-09-14 16:20:00,78758.01,78796.99,78748.94,78748.94,28.12085,2215371.9750118
2026-09-14 16:21:00,78748.94,78824.0,78738.0,78824.0,22.67339,1786258.2955371
2026-09-14 16:22:00,78823.99,78876.01,78823.99,78872.01,10.16734,801806.4519384
2026-09-14 16:23:00,78872.0,78874.01,78836.84,78836.84,9.01331,710843.0971972
2026-09-14 16:24:00,78836.84,78882.01,78834.23,78844.22,17.04131,1343834.5189998
2026-09-14 16:25:00,78844.22,78845.71,78744.78,78744.79,13.14457,1035530.6067951
2026-09-14 16:26:00,78744.78,78744.78,78659.55,78659.55,11.06928,871290.0835247
2026-09-14 16:27:00,78659.55,78669.87,78612.0,78654.0,6.62325,520837.9133119
2026-09-14 16:28:00,78654.0,78706.16,78652.39,78681.53,8.60828,677327.7695271
2026-09-14 16:29:00,78681.53,78700.0,78662.18,78662.18,6.20433,488218.7058713
2026-09-14 16:30:00,78662.19,78700.0,78662.18,78699.99,5.34387,420482.1827289
2026-09-14 16:31:00,78700.0,78751.24,78678.56,78702.0,19.27423,1517141.6400542
2026-09-14 16:32:00,78702.0,78718.01,78669.05,78676.0,7.88717,620697.379355
2026-09-14 16:33:00,78676.0,78695.33,78675.99,78686.0,3.35597,264069.3808162
2026-09-14 16:34:00,78686.01,78686.01,78668.0,78668.01,5.25075,413101.7366798
2026-09-14 16:35:00,78668.01,78680.05,78652.0,78661.02,4.01916,316167.1911566
2026-09-14 16:36:00,78661.02,78661.02,78622.05,78622.06,2.03704,160191.3873967
2026-09-14 16:37:00,78622.05,78660.24,78622.05,78629.9,16.79847,1321005.7816327
2026-09-14 16:38:00,78629.9,78670.01,78625.12,78670.01,6.86493,539928.3236851
2026-09-14 16:39:00,78670.0,78693.77,78660.88,78678.79,8.51817,670186.7275435
2026-09-14 16:40:00,78678.79,78685.3,78655.0,78665.49,10.67723,839975.1760675
2026-09-14 16:41:00,78665.48,78665.5,78640.67,78647.95,5.16278,406074.133576
2026-09-14 16:42:00,78647.94,78647.95,78622.0,78632.0,2.86052,224921.2745401
2026-09-14 16:43:00,78632.0,78638.0,78632.0,78637.99,0.82989,65258.7287501
2026-09-14 16:44:00,78638.0,78638.0,78636.0,78638.0,1.80142,141658.6655077
2026-09-14 16:45:00,78638.0,78691.36,78638.0,78691.36,12.50322,983355.0312919
2026-09-14 16:46:00,78691.36,78694.3,78680.83,78680.83,3.90302,307120.8202854
2026-09-14 16:47:00,78680.83,78800.0,78680.83,78799.99,17.68895,1393262.6910587
2026-09-14 16:48:00,78800.0,78854.01,78768.0,78837.35,22.57041,1779012.4318704
2026-09-14 16:49:00,78837.35,78849.92,78837.35,78849.91,2.2819,179913.7703607
2026-09-14 16:50:00,78849.92,78849.92,78814.0,78847.65,5.88498,463935.3348764
2026-09-14 16:51:00,78847.66,78872.59,78847.65,78872.58,9.94358,784069.2278131
2026-09-14 16:52:00,78872.58,78904.72,78842.02,78859.99,23.96604,1890579.6822256
2026-09-14 16:53:00,78859.99,78860.0,78798.0,78798.01,4.77836,376671.443232
2026-09-14 16:54:00,78798.01,78844.01,78798.01,78834.36,9.32648,735135.2991633
2026-09-14 16:55:00,78834.01,78860.0,78828.0,78828.0,8.50109,670308.8622044
2026-09-14 16:56:00,78828.0,78828.01,78774.0,78819.44,16.80526,1324165.3903068
2026-09-14 16:57:00,78819.44,78851.88,78802.91,78802.91,6.50222,512585.6600933
2026-09-14 16:58:00,78802.91,78802.91,78764.0,78764.0,3.75868,296096.014801
2026-09-14 16:59:00,78764.01,78771.31,78764.0,78769.42,2.67551,210748.7356919
2026-09-14 17:00:00,78769.42,78769.43,78744.99,78755.27,8.03634,632940.8901379
2026-09-14 17:01:00,78755.27,78755.28,78734.96,78755.06,6.7037,527847.4091516
2026-09-14 17:02:00,78755.06,78810.38,78755.06,78804.0,4.62217,364183.3265896
2026-09-14 17:03:00,78804.0,78808.0,78788.0,78807.99,3.0403,239567.2478919
2026-09-14 17:04:00,78807.99,78820.01,78807.99,78810.0,5.79049,456394.691475
2026-09-14 17:05:00,78810.01,78810.01,78802.35,78802.36,1.25098,98584.985481
2026-09-14 17:06:00,78802.36,78890.01,78802.36,78803.98,18.24448,1438508.0475381
2026-09-14 17:07:00,78803.99,78803.99,78750.0,78750.01,3.64678,287246.9421495
2026-09-14 17:08:00,78750.0,78814.01,78750.0,78814.0,4.80993,378929.9269441
2026-09-14 17:09:00,78814.0,78814.01,78802.0,78804.01,5.26802,415163.0576462
2026-09-14 17:10:00,78804.01,78807.8,78782.0,78806.01,17.28846,1362194.6782891
2026-09-14 17:11:00,78806.0,78832.01,78806.0,78824.9,9.40205,741161.9851461
2026-09-14 17:12:00,78824.9,78824.9,78806.0,78822.0,6.23568,491462.1749856
2026-09-14 17:13:00,78822.01,78829.99,78813.88,78829.98,4.05725,319803.3028566
2026-09-14 17:14:00,78829.99,78830.0,78828.0,78828.01,5.85509,461555.4960211
2026-09-14 17:15:00,78828.0,78828.0,78824.0,78825.28,6.81743,537379.0981093
2026-09-14 17:16:00,78825.27,78852.85,78825.27,78852.84,43.3839,3420008.9169061
2026-09-14 17:17:00,78852.85,78874.68,78852.0,78874.67,17.54125,1383387.2030051
2026-09-14 17:18:00,78874.68,78874.68,78787.42,78794.08,32.42766,2556311.266352
2026-09-14 17:19:00,78794.08,78832.01,78794.08,78832.01,4.05121,319299.9118693
2026-09-14 17:20:00,78832.01,78885.88,78832.01,78878.01,6.59078,519831.9837058
2026-09-14 17:21:00,78878.0,78888.7,78820.0,78820.01,9.34995,737351.2901564
2026-09-14 17:22:00,78820.0,78848.01,78816.0,78848.0,9.69678,764399.3992551
2026-09-14 17:23:00,78848.0,78950.0,78848.0,78939.46,21.61501,1705755.8370021
2026-09-14 17:24:00,78939.45,78985.76,78938.0,78946.01,16.94701,1338125.6080649
2026-09-14 17:25:00,78946.0,78954.01,78888.0,78913.33,13.81641,1090203.9941554
2026-09-14 17:26:00,78913.33,78958.01,78911.2,78926.15,17.21792,1359136.9678251
2026-09-14 17:27:00,78926.15,78953.32,78906.0,78906.0,16.53011,1304778.5674899
2026-09-14 17:28:00,78906.0,78906.01,78860.0,78871.65,9.19199,725063.2370733
2026-09-14 17:29:00,78871.65,78887.17,78847.99,78887.16,11.52441,908917.7314407
2026-09-14 17:30:00,78887.16,78887.17,78859.81,78883.53,5.25942,414844.3594295
2026-09-14 17:31:00,78883.53,78899.74,78851.17,78851.18,4.4992,354867.7660151
2026-09-14 17:32:00,78851.18,78851.18,78813.67,78813.67,5.38993,424926.52135
2026-09-14 17:33:00,78813.61,78813.62,78698.37,78736.81,12.53672,987257.4492377
2026-09-14 17:34:00,78736.81,78741.62,78730.99,78730.99,4.07027,320482.0877766
2026-09-14 17:35:00,78731.0,78822.01,78730.99,78774.0,8.90893,701875.1816294
2026-09-14 17:36:00,78774.01,78792.01,78774.0,78792.01,4.11464,324139.8946151
2026-09-14 17:37:00,78792.0,78792.01,78770.0,78778.52,7.59235,598136.8340656
2026-09-14 17:38:00,78778.52,78817.57,78778.52,78817.57,2.51169,197929.1125409
2026-09-14 17:39:00,78817.56,78819.4,78801.72,78819.39,16.0597,1265620.1135785
2026-09-14 17:40:00,78819.39,78828.37,78815.63,78828.36,1.97007,155288.9754645
2026-09-14 17:41:00,78828.37,78828.37,78803.0,78820.53,3.14921,248195.5021684
2026-09-14 17:42:00,78820.53,78848.01,78818.38,78848.0,7.92821,625021.1257023
2026-09-14 17:43:00,78848.01,78848.01,78832.94,78848.01,5.12303,403915.7806088
2026-09-14 17:44:00,78848.0,78848.01,78831.49,78845.36,7.20131,567774.5393778
2026-09-14 17:45:00,78845.37,78848.02,78832.0,78835.97,4.56336,359771.0363388
2026-09-14 17:46:00,78835.96,78891.35,78835.96,78890.01,11.6754,920963.1023557
2026-09-14 17:47:00,78890.0,78894.02,78862.0,78894.01,16.97913,1339313.9256812
2026-09-14 17:48:00,78894.01,78984.53,78894.01,78984.52,14.71313,1161431.2436896
2026-09-14 17:49:00,78984.53,79007.9,78964.14,78964.14,41.82452,3304051.6839726
2026-09-14 17:50:00,78964.14,78964.15,78928.31,78928.31,4.63076,365576.8208013
2026-09-14 17:51:00,78928.31,78970.01,78928.31,78957.65,7.54855,595987.1246923
2026-09-14 17:52:00,78957.65,78962.54,78942.77,78948.01,7.59988,600023.3633069
2026-09-14 17:53:00,78948.0,78973.28,78902.8,78966.26,29.55523,2333111.6126571
2026-09-14 17:54:00,78966.25,78994.5,78964.11,78994.5,5.33326,421214.6442899
2026-09-14 17:55:00,78995.76,79048.44,78988.52,78988.76,19.44393,1536577.5151637
2026-09-14 17:56:00,78988.75,78988.76,78946.1,78950.0,8.31526,656538.8975201
2026-09-14 17:57:00,78950.01,78950.01,78903.04,78903.04,8.66544,684001.6195275
2026-09-14 17:58:00,78903.05,78924.0,78893.24,78905.89,23.12482,1824704.6003522
2026-09-14 17:59:00,78905.89,78937.99,78905.89,78937.98,9.00245,710585.0741552
2026-09-14 18:00:00,78937.98,78960.01,78903.77,78903.78,90.23585,7123002.6515252
2026-09-14 18:01:00,78903.77,78922.44,78903.77,78907.01,6.27747,495388.4127032
2026-09-14 18:02:00,78907.01,78907.33,78893.25,78893.26,3.61062,284880.0750444
2026-09-14 18:03:00,78893.25,78948.94,78893.25,78948.94,19.00364,1499731.589801
2026-09-14 18:04:00,78948.94,78972.01,78948.94,78960.53,3.25145,256748.1220964
2026-09-14 18:05:00,78960.53,78960.53,78914.0,78914.01,3.2716,258235.2287815
2026-09-14 18:06:00,78914.0,78967.91,78914.0,78962.01,4.67087,368712.3151151
2026-09-14 18:07:00,78962.01,78970.0,78944.16,78970.0,3.57773,282474.3542005
2026-09-14 18:08:00,78970.0,79000.0,78969.99,78986.01,13.63073,1076561.9756409
2026-09-14 18:09:00,78986.01,78988.01,78948.37,78948.38,12.30632,971915.4695976
2026-09-14 18:10:00,78948.38,78953.8,78914.26,78914.26,12.80302,1010653.926704
2026-09-14 18:11:00,78914.26,78918.63,78880.0,78880.0,9.3616,738653.0214309
2026-09-14 18:12:00,78880.0,78890.01,78879.29,78890.0,3.02041,238257.0914302
2026-09-14 18:13:00,78890.01,78891.37,78874.29,78874.29,3.0092,237372.5734264
2026-09-14 18:14:00,78874.3,78876.01,78848.18,78848.19,6.47202,510430.1331835
2026-09-14 18:15:00,78848.18,78899.72,78844.0,78899.71,22.19462,1750264.7807216
2026-09-14 18:16:00,78899.71,78899.72,78861.98,78861.99,10.08308,795377.721431
2026-09-14 18:17:00,78861.98,78876.97,78857.87,78876.97,3.01914,238102.6643167
2026-09-14 18:18:00,78876.97,78954.01,78838.57,78954.01,21.45171,1692499.9342105
2026-09-14 18:19:00,78954.01,79086.54,78954.0,79068.38,33.65654,2660372.9337424
2026-09-14 18:20:00,79068.38,79120.0,79022.58,79071.7,41.39437,3273609.4673841
2026-09-14 18:21:00,79071.71,79121.1,79071.7,79092.0,16.00345,1265928.876581
2026-09-14 18:22:00,79091.99,79200.0,79091.99,79170.0,33.17708,2626009.0809073
2026-09-14 18:23:00,79170.0,79253.73,79151.57,79156.9,53.72817,4255814.7459503
2026-09-14 18:24:00,79156.9,79223.12,79126.51,79200.0,22.73212,1799835.7477114
2026-09-14 18:25:00,79200.0,79200.0,79084.0,79102.38,16.80224,1329619.151408
2026-09-14 18:26:00,79102.38,79166.45,79102.37,79166.44,9.56063,756728.8574055
2026-09-14 18:27:00,79166.44,79218.74,79163.63,79204.01,26.72938,2116705.09015
2026-09-14 18:28:00,79204.0,79204.01,79170.0,79170.0,3.11481,246662.6730626
2026-09-14 18:29:00,79170.01,79170.01,79133.77,79135.72,8.73225,691161.3887481
2026-09-14 18:30:00,79135.72,79156.0,79135.72,79137.59,8.84515,700074.8333338
2026-09-14 18:31:00,79137.6,79166.01,79128.46,79166.01,9.13132,722640.9914436
2026-09-14 18:32:00,79166.0,79199.0,79166.0,79199.0,7.99759,633351.5084882
2026-09-14 18:33:00,79198.99,79224.01,79195.18,79202.93,12.84886,1017768.1270886
2026-09-14 18:34:00,79202.93,79206.73,79188.0,79206.73,6.3479,502720.3457039
2026-09-14 18:35:00,79206.72,79206.73,79144.3,79145.02,5.90381,467504.5476624
2026-09-14 18:36:00,79145.03,79198.01,79122.2,79127.34,20.33273,1609714.4506297
2026-09-14 18:37:00,79127.33,79134.01,79110.04,79110.05,8.74032,691561.4025588
2026-09-14 18:38:00,79110.05,79118.01,79108.16,79108.16,3.25008,257126.2535031
2026-09-14 18:39:00,79108.16,79108.17,79089.43,79095.11,8.29674,656270.7239104
2026-09-14 18:40:00,79095.1,79095.11,79054.0,79059.21,11.65937,921937.3316471
2026-09-14 18:41:00,79059.2,79059.75,79034.46,79058.41,7.46385,590009.3485159
2026-09-14 18:42:00,79058.42,79156.03,78990.0,79156.03,26.48242,2093622.6284318
2026-09-14 18:43:00,79156.03,79240.02,79156.03,79210.0,24.75545,1960701.0692563
2026-09-14 18:44:00,79210.01,79217.52,79166.0,79181.83,18.48554,1464024.3349671
2026-09-14 18:45:00,79181.83,79260.01,79180.26,79250.01,20.731,1642631.1906614
2026-09-14 18:46:00,79250.01,79282.45,79190.0,79282.45,29.2091,2314590.9997538
2026-09-14 18:47:00,79282.44,79284.01,79252.0,79252.01,8.66831,687179.7254994
2026-09-14 18:48:00,79252.01,79325.0,79228.0,79315.09,33.67576,2670115.8682571
2026-09-14 18:49:00,79314.38,79314.38,79249.04,79249.76,17.61949,1396697.6064026
2026-09-14 18:50:00,79249.75,79250.01,79236.67,79250.01,3.40467,269798.6908298
2026-09-14 18:51:00,79250.0,79250.0,79188.06,79226.0,15.58248,1234422.2576719
2026-09-14 18:52:00,79226.01,79235.75,79215.22,79234.0,12.65503,1002623.0598479
2026-09-14 18:53:00,79234.0,79235.72,79222.0,79229.41,9.28727,735860.2771763
2026-09-14 18:54:00,79229.4,79235.72,79183.45,79183.46,5.76505,456620.9765493
2026-09-14 18:55:00,79183.45,79227.69,79177.12,79227.69,21.34183,1690228.8889665
2026-09-14 18:56:00,79227.68,79227.69,79204.11,79204.11,2.34791,185994.3730411
2026-09-14 18:57:00,79204.11,79264.01,79197.9,79238.92,7.92713,628058.0654597
2026-09-14 18:58:00,79238.91,79240.56,79232.0,79234.0,3.06018,242481.3474943
2026-09-14 18:59:00,79234.0,79234.01,79226.0,79226.01,5.41845,429293.6033465
2026-09-14 19:00:00,79226.0,79226.0,79140.24,79150.0,19.75787,1564126.0115587
2026-09-14 19:01:00,79150.0,79165.95,79135.78,79152.0,6.99877,553949.9079016
2026-09-14 19:02:00,79152.0,79152.01,79122.46,79122.46,7.04774,557709.1213107
2026-09-14 19:03:00,79122.46,79122.47,79056.44,79068.0,9.09905,719605.2195953
2026-09-14 19:04:00,79068.01,79068.01,79057.67,79060.39,2.81607,222641.8836975
2026-09-14 19:05:00,79060.39,79060.39,79040.75,79058.72,5.24337,414485.9590416
2026-09-14 19:06:00,79058.73,79081.74,79053.23,79053.24,7.51565,594270.8652248
2026-09-14 19:07:00,79053.24,79118.85,79053.23,79097.98,17.8438,1411039.9513141
2026-09-14 19:08:00,79097.98,79097.98,79021.97,79021.97,8.26519,653407.9595842
2026-09-14 19:09:00,79021.83,79021.88,79014.86,79014.86,9.04812,714984.8718954
2026-09-14 19:10:00,79014.86,79062.01,79014.0,79045.42,26.07857,2060847.9513696
2026-09-14 19:11:00,79045.42,79086.44,79044.0,79086.43,4.03068,318675.6634547
2026-09-14 19:12:00,79086.44,79117.93,79086.43,79117.92,1.648,130356.710891
2026-09-14 19:13:00,79117.92,79126.01,79093.56,79093.57,3.8864,307479.8962886
2026-09-14 19:14:00,79093.56,79099.36,79072.09,79072.09,6.90967,546442.0828917
2026-09-14 19:15:00,79072.1,79126.01,79072.1,79108.0,6.32298,500215.6626584
2026-09-14 19:16:00,79108.0,79126.67,79091.66,79126.67,11.88846,940397.3053473
2026-09-14 19:17:00,79126.67,79131.19,79107.33,79112.0,5.00389,395915.0012523
2026-09-14 19:18:00,79112.0,79150.0,79108.86,79134.01,5.65133,447194.6519071
2026-09-14 19:19:00,79134.0,79208.13,79130.0,79208.12,7.25904,574775.1722139
2026-09-14 19:20:00,79208.12,79208.13,79188.0,79189.27,6.95972,551242.5917686
2026-09-14 19:21:00,79189.28,79196.01,79176.99,79176.99,3.03333,240208.4351559
2026-09-14 19:22:00,79176.99,79177.0,79165.9,79167.17,2.5142,199045.2510383
2026-09-14 19:23:00,79167.17,79196.01,79167.17,79196.0,2.56282,202923.7407659
2026-09-14 19:24:00,79196.01,79211.0,79196.0,79211.0,4.75239,376420.9440434
2026-09-14 19:25:00,79211.0,79227.69,79164.0,79195.84,9.10517,721188.3348985
2026-09-14 19:26:00,79195.84,79195.85,79188.0,79191.88,1.16693,92411.3911922
2026-09-14 19:27:00,79191.87,79227.69,79184.0,79191.65,15.51067,1228463.4280384
2026-09-14 19:28:00,79191.64,79192.02,79148.0,79152.01,5.31045,420450.9978342
2026-09-14 19:29:00,79152.0,79152.01,79143.03,79143.03,1.76594,139774.0071239
2026-09-14 19:30:00,79143.03,79143.03,79108.8,79110.0,6.02207,476491.0288467
2026-09-14 19:31:00,79110.01,79184.01,79096.16,79121.18,37.97015,3005333.7005735
2026-09-14 19:32:00,79121.19,79156.01,79121.19,79156.0,5.01261,396669.0619639
2026-09-14 19:33:00,79156.0,79172.01,79152.0,79156.03,5.83147,461642.2783429
2026-09-14 19:34:00,79156.03,79157.77,79094.0,79142.0,16.10137,1273917.6746461
2026-09-14 19:35:00,79142.01,79142.01,79122.32,79129.65,9.86572,780656.5706869
2026-09-14 19:36:00,79129.64,79129.65,79042.85,79042.86,29.78361,2355718.1213075
2026-09-14 19:37:00,79042.85,79053.39,79036.0,79053.39,3.82237,302124.9633959
2026-09-14 19:38:00,79053.38,79053.38,78951.67,78961.78,13.1711,1040526.8485809
2026-09-14 19:39:00,78962.01,78969.75,78962.01,78966.02,4.89381,386447.7424318
2026-09-14 19:40:00,78966.03,79036.65,78966.02,79032.01,11.08349,875622.2912312
2026-09-14 19:41:00,79032.01,79053.39,79032.0,79053.39,2.6247,207456.7921258
2026-09-14 19:42:00,79053.39,79070.01,79053.38,79070.01,9.32689,737459.2490639
2026-09-14 19:43:00,79070.01,79106.01,79070.0,79106.01,3.24462,256602.5765595
2026-09-14 19:44:00,79106.0,79136.01,79098.0,79136.0,19.10289,1511445.5046222
2026-09-14 19:45:00,79136.0,79141.92,79124.82,79141.92,5.68668,450007.1669389
2026-09-14 19:46:00,79141.91,79148.01,79122.35,79122.36,9.77726,773775.1123393
2026-09-14 19:47:00,79122.35,79150.01,79122.35,79142.24,11.25933,890992.5018854
2026-09-14 19:48:00,79142.24,79142.24,79096.57,79100.0,8.7808,694683.8024475
2026-09-14 19:49:00,79100.01,79103.8,79074.0,79077.55,5.57072,440598.9509261
2026-09-14 19:50:00,79077.55,79092.01,79063.84,79077.54,6.8393,540826.4692656
2026-09-14 19:51:00,79077.54,79077.55,79068.2,79070.01,3.31635,262229.2191829
2026-09-14 19:52:00,79070.0,79082.01,79052.0,79052.01,4.68638,370535.0242705
2026-09-14 19:53:00,79052.01,79052.01,79043.09,79045.63,3.05726,241662.5108961
2026-09-14 19:54:00,79045.63,79060.55,79045.63,79060.54,3.94147,311584.1126964
2026-09-14 19:55:00,79060.54,79060.54,79001.89,79001.89,10.59366,837308.0415102
2026-09-14 19:56:00,79001.89,79001.89,78989.29,78989.29,7.86522,621336.5693497
2026-09-14 19:57:00,78989.29,78992.35,78986.0,78986.01,3.62841,286597.1757008
2026-09-14 19:58:00,78986.01,79002.01,78986.0,79002.0,2.1462,169526.6866379
2026-09-14 19:59:00,79002.01,79017.25,78981.99,78982.0,9.80878,774891.546308
2026-09-14 20:00:00,78982.01,79012.01,78982.0,78984.01,6.54252,516840.1827341
2026-09-14 20:01:00,78984.0,78996.01,78978.56,78978.57,4.52222,357201.990224
2026-09-14 20:02:00,78978.56,79002.01,78978.56,79002.01,3.18235,251382.801103
2026-09-14 20:03:00,79002.01,79017.25,79002.0,79017.24,3.27199,258540.3950157
2026-09-14 20:04:00,79017.24,79017.25,79012.89,79016.19,2.42928,191953.3791641
2026-09-14 20:05:00,79016.19,79050.0,79016.19,79049.99,1.6035,126734.4098466
2026-09-14 20:06:00,79050.0,79050.0,79034.53,79042.0,2.04501,161643.5294139
2026-09-14 20:07:00,79042.01,79042.01,79010.98,79041.92,4.29919,339760.373601
2026-09-14 20:08:00,79041.91,79042.01,79040.28,79042.01,3.46876,274176.3268109
2026-09-14 20:09:00,79042.0,79042.01,79036.15,79036.16,1.67288,132221.9264481
2026-09-14 20:10:00,79036.15,79036.16,79036.15,79036.15,1.68001,132781.5248266
2026-09-14 20:11:00,79036.15,79050.0,79030.01,79049.99,3.41547,269955.3497143
2026-09-14 20:12:00,79049.99,79216.01,79049.99,79204.0,37.85051,2994742.1347658
2026-09-14 20:13:00,79204.0,79227.69,79123.17,79169.91,18.47035,1462503.7033764
2026-09-14 20:14:00,79169.99,79184.01,79158.7,79184.0,5.47406,433378.702658
2026-09-14 20:15:00,79184.0,79277.0,79184.0,79268.01,11.78147,933429.208168
2026-09-14 20:16:00,79268.0,79313.22,79242.89,79312.01,12.17368,965160.3300685
2026-09-14 20:17:00,79312.01,79379.65,79286.35,79379.64,18.15162,1440131.9534139
2026-09-14 20:18:00,79379.64,79447.38,79379.64,79433.01,38.82344,3083112.8704213
2026-09-14 20:19:00,79433.01,79433.01,79335.52,79388.0,14.12432,1120972.5104521
2026-09-14 20:20:00,79388.0,79427.89,79378.0,79421.02,5.22999,415277.5817161
2026-09-14 20:21:00,79421.02,79438.13,79401.25,79429.67,8.25905,655930.5392335
2026-09-14 20:22:00,79429.67,79507.0,79429.67,79506.99,38.6927,3075618.6823934
2026-09-14 20:23:00,79506.99,79600.0,79474.52,79493.45,49.39231,3929287.737331
2026-09-14 20:24:00,79493.45,79514.01,79429.36,79431.25,12.72824,1011428.9247426
2026-09-14 20:25:00,79431.25,79472.01,79392.0,79393.65,16.84059,1337465.3129392
2026-09-14 20:26:00,79393.65,79413.22,79348.06,79373.81,13.08727,1038815.6328114
2026-09-14 20:27:00,79373.82,79394.0,79332.9,79394.0,12.796,1015468.7664434
2026-09-14 20:28:00,79394.0,79427.88,79394.0,79427.88,5.78427,459292.7583934
2026-09-14 20:29:00,79427.88,79442.11,79412.0,79438.0,13.01873,1034053.4739393
2026-09-14 20:30:00,79438.0,79474.01,79427.21,79458.59,14.15494,1124679.2634365
2026-09-14 20:31:00,79458.59,79474.01,79458.58,79459.14,5.64955,448949.3711157
2026-09-14 20:32:00,79459.13,79459.14,79366.46,79376.0,9.35161,742572.9955649
2026-09-14 20:33:00,79376.0,79408.02,79363.1,79408.02,17.58973,1396252.4849462
2026-09-14 20:34:00,79408.02,79489.97,79406.0,79450.0,44.60434,3543820.5867715
2026-09-14 20:35:00,79450.01,79450.01,79383.98,79423.41,22.30227,1771025.9245561
2026-09-14 20:36:00,79423.4,79424.01,79394.0,79424.0,3.62862,288136.1396739
2026-09-14 20:37:00,79424.0,79424.01,79390.95,79397.98,3.7188,295326.1799349
2026-09-14 20:38:00,79397.99,79397.99,79377.08,79384.01,3.76172,298608.4177055
2026-09-14 20:39:00,79384.01,79388.01,79377.2,79377.22,4.05093,321567.1174488
2026-09-14 20:40:00,79377.22,79400.0,79377.22,79399.99,9.37019,743846.4244014
2026-09-14 20:41:00,79399.99,79438.13,79399.99,79438.13,2.58237,205081.8740917
2026-09-14 20:42:00,79438.12,79438.13,79400.0,79400.01,3.78522,300650.2705523
2026-09-14 20:43:00,79400.0,79400.01,79370.19,79370.19,8.10602,643472.5659851
2026-09-14 20:44:00,79370.19,79370.2,79334.84,79334.84,6.29024,499156.0207034
2026-09-14 20:45:00,79334.84,79334.85,79304.69,79324.01,7.6293,605153.6880795
2026-09-14 20:46:00,79324.0,79382.01,79324.0,79345.27,5.33174,423108.8741172
2026-09-14 20:47:00,79345.27,79345.28,79332.02,79332.02,5.60039,444321.2694722
2026-09-14 20:48:00,79332.01,79332.01,79290.0,79293.61,7.63393,605467.2469334
2026-09-14 20:49:00,79293.62,79293.62,79245.49,79245.49,9.02753,715537.8316966
2026-09-14 20:50:00,79245.5,79245.5,79219.29,79219.29,8.51076,674345.8883548
2026-09-14 20:51:00,79219.29,79227.69,79206.34,79207.44,5.02049,397693.4536929
2026-09-14 20:52:00,79207.44,79242.01,79207.44,79242.0,2.36736,187561.9579027
2026-09-14 20:53:00,79242.01,79275.79,79242.0,79268.87,4.27204,338623.9866851
2026-09-14 20:54:00,79268.87,79268.88,79234.0,79235.95,2.74954,217892.9417916
2026-09-14 20:55:00,79235.95,79235.96,79196.04,79196.05,4.36089,345487.2621509
2026-09-14 20:56:00,79196.05,79196.05,79131.47,79139.59,7.69935,609548.5232342
2026-09-14 20:57:00,79139.59,79156.02,79130.4,79132.69,8.20192,649161.622071
2026-09-14 20:58:00,79132.7,79132.7,79104.0,79104.01,10.27505,812885.9288155
2026-09-14 20:59:00,79104.0,79104.01,79088.0,79100.0,4.55252,360104.7942768
2026-09-14 21:00:00,79100.0,79117.93,79088.0,79088.97,12.37783,979072.3128974
2026-09-14 21:01:00,79088.97,79088.97,78918.0,78918.01,47.44434,3748938.004831
2026-09-14 21:02:00,78918.01,78918.01,78761.27,78899.26,60.2782,4752605.9756845
2026-09-14 21:03:00,78899.26,78948.01,78881.34,78923.85,23.80005,1878291.3860809
2026-09-14 21:04:00,78923.84,78923.84,78851.01,78912.03,8.97783,708175.3110675
2026-09-14 21:05:00,78912.04,78970.96,78912.02,78954.07,17.07997,1348473.7881758
2026-09-14 21:06:00,78954.06,78998.91,78954.06,78986.78,30.51926,2410362.7047253
2026-09-14 21:07:00,78986.63,79012.25,78951.41,79012.25,8.38141,661939.1204048
2026-09-14 21:08:00,79012.24,79021.61,79007.38,79021.6,8.79295,694755.1050327
2026-09-14 21:09:00,79021.61,79021.61,78990.0,78990.0,14.83275,1171881.5460111
2026-09-14 21:10:00,78990.0,78990.01,78924.8,78950.0,8.35861,659884.4655026
2026-09-14 21:11:00,78950.0,78968.01,78912.03,78912.03,13.04217,1029580.9457109
2026-09-14 21:12:00,78912.03,78931.72,78908.0,78928.0,8.56112,675673.8429772
2026-09-14 21:13:00,78928.0,78928.0,78920.0,78920.0,4.53647,358027.7874594
2026-09-14 21:14:00,78920.0,78920.01,78850.0,78890.96,11.85878,935488.6108985
2026-09-14 21:15:00,78890.95,78891.92,78864.0,78864.0,6.79064,535625.7088641
2026-09-14 21:16:00,78864.01,78880.47,78864.0,78872.57,2.98347,235311.4728968
2026-09-14 21:17:00,78872.58,78872.58,78815.91,78830.3,7.02139,553521.8660877
2026-09-14 21:18:00,78830.3,78942.01,78830.3,78942.01,28.69776,2263260.8780497
2026-09-14 21:19:00,78942.01,78960.8,78916.0,78921.14,16.79313,1325700.4225601
2026-09-14 21:20:00,78921.14,78966.35,78903.02,78966.34,6.09679,481207.1658384
2026-09-14 21:21:00,78966.35,78989.28,78950.0,78979.03,7.96496,628981.7310609
2026-09-14 21:22:00,78979.02,78979.02,78968.0,78968.02,3.54626,280045.3118418
2026-09-14 21:23:00,78968.01,78984.01,78968.01,78983.86,2.34435,185149.6721689
2026-09-14 21:24:00,78983.86,78983.87,78975.98,78975.98,3.1993,252681.9812056
2026-09-14 21:25:00,78975.98,78975.98,78880.0,78888.61,9.59866,757462.8830828
2026-09-14 21:26:00,78888.62,78932.97,78888.62,78901.58,14.37804,1134579.1355735
2026-09-14 21:27:00,78901.57,78906.01,78888.61,78895.75,8.13864,642116.3514168
2026-09-14 21:28:00,78895.75,78936.01,78895.75,78936.01,5.40811,426763.8426744
2026-09-14 21:29:00,78936.0,78948.02,78900.0,78907.23,16.36973,1292050.8828745
2026-09-14 21:30:00,78907.24,78949.02,78907.24,78949.02,1.76762,139503.9242004
2026-09-14 21:31:00,78949.01,78960.47,78949.01,78960.46,1.26751,100075.6583627
2026-09-14 21:32:00,78960.46,78960.47,78915.99,78926.47,6.97963,550937.634792
2026-09-14 21:33:00,78926.48,78926.48,78868.16,78876.7,7.34997,579903.9549776
2026-09-14 21:34:00,78876.69,78912.04,78876.69,78912.02,3.27673,258519.9471393
2026-09-14 21:35:00,78912.02,78922.01,78848.01,78848.01,12.38356,977121.1156763
2026-09-14 21:36:00,78848.0,78848.01,78818.0,78820.0,9.26703,730459.3748885
2026-09-14 21:37:00,78820.0,78820.0,78782.0,78812.19,11.86123,934674.7755465
2026-09-14 21:38:00,78812.19,78828.41,78785.3,78803.02,13.92238,1097204.2365644
2026-09-14 21:39:00,78803.03,78829.55,78803.03,78814.01,6.92817,546074.4579904
2026-09-14 21:40:00,78814.01,78829.55,78809.53,78826.73,5.29774,417566.1202793
2026-09-14 21:41:00,78826.72,78866.01,78818.25,78866.0,3.49509,275528.2950325
2026-09-14 21:42:00,78866.0,78870.0,78831.2,78850.0,7.23936,570864.0378491
2026-09-14 21:43:00,78850.01,78858.0,78832.06,78853.36,2.86999,226279.9287576
2026-09-14 21:44:00,78853.36,78853.37,78817.13,78817.47,4.53605,357609.9609754
2026-09-14 21:45:00,78817.48,78832.01,78814.01,78826.01,5.404,425951.04364
2026-09-14 21:46:00,78826.0,78826.01,78787.81,78787.82,5.39502,425158.5524697
2026-09-14 21:47:00,78787.82,78823.68,78787.81,78815.67,6.11564,481934.8478037
2026-09-14 21:48:00,78815.66,78815.66,78793.23,78793.23,4.65726,367005.8506542
2026-09-14 21:49:00,78793.23,78810.01,78793.23,78810.01,4.43156,349206.6203828
2026-09-14 21:50:00,78810.01,78826.0,78810.0,78824.02,1.76595,139188.4819166
2026-09-14 21:51:00,78824.02,78824.02,78796.0,78796.01,2.99092,235724.713318
2026-09-14 21:52:00,78796.01,78796.01,78769.84,78769.84,2.42795,191282.963349
2026-09-14 21:53:00,78769.84,78783.19,78769.84,78770.51,3.91955,308768.0106154
2026-09-14 21:54:00,78770.5,78770.51,78766.0,78770.51,2.97057,233989.1227758
2026-09-14 21:55:00,78770.51,78779.77,78770.5,78779.77,2.39892,188968.7199019
2026-09-14 21:56:00,78779.76,78800.0,78779.76,78794.0,4.9716,391719.5886108
2026-09-14 21:57:00,78794.01,78794.01,78790.75,78790.75,1.78586,140713.3719037
2026-09-14 21:58:00,78790.76,78790.76,78767.98,78767.98,2.89605,228134.7263705
2026-09-14 21:59:00,78767.99,78767.99,78746.0,78757.83,5.41158,426193.1350875
2026-09-14 22:00:00,78757.82,78775.32,78745.27,78745.27,6.63414,522554.9924619
2026-09-14 22:01:00,78745.27,78766.01,78730.99,78766.0,5.21375,410545.7254297
2026-09-14 22:02:00,78766.0,78780.92,78766.0,78766.01,5.55842,437872.7146402
2026-09-14 22:03:00,78766.0,78766.0,78728.93,78730.01,2.76561,217756.1175759
2026-09-14 22:04:00,78730.0,78741.95,78716.27,78730.01,4.30875,339219.6044923
2026-09-14 22:05:00,78730.01,78766.0,78730.01,78758.01,5.94561,468255.6751384
2026-09-14 22:06:00,78758.0,78769.52,78758.0,78769.4,1.46685,115536.6179646
2026-09-14 22:07:00,78769.41,78769.41,78718.0,78721.79,5.14234,404958.1789478
2026-09-14 22:08:00,78721.79,78780.67,78721.78,78780.67,5.20444,409850.6027409
2026-09-14 22:09:00,78780.67,78817.92,78780.66,78817.91,4.94012,389264.1994951
2026-09-14 22:10:00,78817.91,78835.15,78777.33,78779.23,15.47892,1220049.7628976
2026-09-14 22:11:00,78779.23,78806.82,78770.0,78806.81,3.60454,283985.0042618
2026-09-14 22:12:00,78806.82,78826.01,78806.82,78823.35,10.99087,866346.3133767
2026-09-14 22:13:00,78823.34,78854.01,78823.34,78854.01,11.00958,868046.9288905
2026-09-14 22:14:00,78854.0,78854.0,78827.34,78827.34,4.56355,359809.1763417
2026-09-14 22:15:00,78827.34,78836.45,78808.0,78808.01,5.77738,455411.2833309
2026-09-14 22:16:00,78808.0,78808.01,78796.0,78796.0,1.59786,125922.6798066
2026-09-14 22:17:00,78796.0,78796.0,78761.5,78761.51,4.55005,358403.1217911
2026-09-14 22:18:00,78761.5,78761.51,78730.06,78736.01,3.03181,238719.1190694
2026-09-14 22:19:00,78736.0,78736.01,78654.53,78654.53,25.05445,1971430.6583718
2026-09-14 22:20:00,78654.52,78659.92,78654.52,78659.9,2.25873,177667.4707464
2026-09-14 22:21:00,78659.9,78659.91,78636.0,78646.0,17.49135,1375677.8316069
2026-09-14 22:22:00,78646.0,78646.0,78606.0,78623.79,9.75929,767258.1842261
2026-09-14 22:23:00,78623.79,78623.8,78581.16,78581.16,6.06246,476511.904692
2026-09-14 22:24:00,78581.17,78581.17,78574.0,78577.55,5.00495,393279.3966087
2026-09-14 22:25:00,78577.54,78626.01,78568.14,78626.0,24.4354,1920346.8182652
2026-09-14 22:26:00,78626.01,78632.01,78604.0,78604.01,4.81342,378452.442401
2026-09-14 22:27:00,78604.0,78604.0,78560.0,78560.01,5.32283,418310.2742286
2026-09-14 22:28:00,78560.0,78560.01,78511.0,78544.2,11.11378,872754.9677009
2026-09-14 22:29:00,78544.2,78590.01,78544.16,78590.0,3.83854,301583.6605792
2026-09-14 22:30:00,78590.01,78593.02,78584.04,78584.04,3.61717,284270.7952138
2026-09-14 22:31:00,78584.04,78584.05,78524.03,78544.67,18.02397,1415864.3061927
2026-09-14 22:32:00,78544.67,78563.1,78534.43,78563.09,5.60922,440602.6705505
2026-09-14 22:33:00,78563.09,78566.26,78527.98,78530.01,5.86711,460910.2855965
2026-09-14 22:34:00,78530.01,78552.74,78520.0,78543.97,5.66943,445256.5004275
2026-09-14 22:35:00,78543.96,78543.96,78521.99,78541.05,6.99819,549556.6331667
2026-09-14 22:36:00,78541.05,78627.79,78541.05,78627.78,16.95104,1332235.371355
2026-09-14 22:37:00,78627.79,78627.79,78598.0,78598.01,4.44736,349603.9146192
2026-09-14 22:38:00,78598.0,78606.01,78566.0,78600.65,12.8442,1009416.2731879
2026-09-14 22:39:00,78600.66,78659.9,78591.97,78597.81,27.00084,2122994.2144635
2026-09-14 22:40:00,78597.81,78649.39,78597.81,78648.01,9.84574,774170.8363976
2026-09-14 22:41:00,78648.0,78648.01,78638.32,78638.32,3.78742,297865.915026
2026-09-14 22:42:00,78638.32,78672.01,78638.32,78669.91,4.734,372345.0055292
2026-09-14 22:43:00,78669.9,78673.06,78669.9,78670.0,1.23822,97412.1595408
2026-09-14 22:44:00,78670.0,78670.01,78650.0,78655.1,4.57248,359676.5341954
2026-09-14 22:45:00,78655.09,78655.1,78648.81,78648.81,2.19075,172303.1189252
2026-09-14 22:46:00,78648.81,78657.46,78614.0,78614.0,4.40145,346126.4610716
2026-09-14 22:47:00,78614.01,78614.01,78572.51,78596.37,10.67413,838897.9044362
2026-09-14 22:48:00,78596.38,78600.0,78566.0,78578.18,4.73712,372264.4479591
2026-09-14 22:49:00,78578.18,78609.49,78578.18,78589.33,11.9618,940118.8553301
2026-09-14 22:50:00,78589.33,78589.34,78584.0,78584.0,4.53106,356092.1330805
2026-09-14 22:51:00,78584.01,78584.01,78562.62,78563.1,3.34247,262623.4812532
2026-09-14 22:52:00,78563.1,78592.01,78563.09,78572.01,9.08116,713588.9976809
2026-09-14 22:53:00,78572.0,78572.01,78572.0,78572.0,0.98885,77695.9266613
2026-09-14 22:54:00,78572.0,78572.01,78569.48,78569.48,1.37115,107732.9838013
2026-09-14 22:55:00,78569.49,78580.9,78569.48,78580.89,2.68778,211191.4250783
2026-09-14 22:56:00,78580.9,78580.9,78560.57,78560.57,5.24744,412287.6674065
2026-09-14 22:57:00,78560.57,78560.58,78558.0,78558.0,1.10022,86432.4251826
2026-09-14 22:58:00,78558.0,78558.01,78558.0,78558.01,0.69166,54335.4279998
2026-09-14 22:59:00,78558.01,78558.01,78557.98,78557.98,2.6243,206159.7433407
2026-09-14 23:00:00,78557.99,78568.01,78542.0,78566.01,8.58365,674289.8976687
2026-09-14 23:01:00,78566.0,78566.01,78510.25,78510.25,3.63533,285506.8919566
2026-09-14 23:02:00,78510.26,78510.26,78505.23,78505.24,5.62495,441611.5588756
2026-09-14 23:03:00,78505.24,78505.24,78450.0,78466.0,21.11099,1656663.5343128
2026-09-14 23:04:00,78466.01,78466.01,78450.44,78450.45,2.04987,160828.8678945
2026-09-14 23:05:00,78450.44,78458.02,78442.97,78442.97,8.90894,698938.8566285
2026-09-14 23:06:00,78442.97,78442.98,78353.5,78374.47,26.62309,2087247.3019018
2026-09-14 23:07:00,78374.48,78440.01,78374.47,78426.82,8.59731,674263.5556263
2026-09-14 23:08:00,78426.82,78426.83,78424.0,78424.0,1.48494,116458.6115338
2026-09-14 23:09:00,78424.0,78424.0,78413.93,78413.93,1.69059,132570.8364043
2026-09-14 23:10:00,78413.94,78414.86,78413.93,78414.85,1.83098,143574.4554088
2026-09-14 23:11:00,78414.85,78446.01,78414.85,78442.01,2.91302,228471.2048494
2026-09-14 23:12:00,78442.01,78442.01,78438.66,78438.66,2.30833,181064.2090187
2026-09-14 23:13:00,78438.66,78438.67,78434.33,78434.33,3.04894,239150.1261014
2026-09-14 23:14:00,78434.33,78434.34,78425.8,78425.8,2.49626,195789.0634718
2026-09-14 23:15:00,78425.8,78469.48,78425.46,78452.06,11.3669,891673.7561474
2026-09-14 23:16:00,78452.06,78452.07,78426.44,78432.3,2.05353,161071.8626347
2026-09-14 23:17:00,78432.31,78432.31,78409.13,78411.79,2.56954,201495.0351207
2026-09-14 23:18:00,78411.78,78411.79,78395.0,78395.0,2.70617,212184.1696939
2026-09-14 23:19:00,78395.01,78396.86,78372.8,78376.57,3.22093,252471.0844916
2026-09-14 23:20:00,78376.58,78395.14,78376.57,78393.67,4.59313,360041.9681434
2026-09-14 23:21:00,78393.67,78400.0,78379.39,78379.39,3.12991,245358.2388311
2026-09-14 23:22:00,78379.2,78396.57,78364.3,78368.85,3.74885,293836.2644384
2026-09-14 23:23:00,78368.84,78411.78,78368.84,78411.77,11.41111,894554.1274633
2026-09-14 23:24:00,78411.77,78426.43,78408.33,78426.43,6.68338,524067.5163713
2026-09-14 23:25:00,78426.43,78455.91,78426.43,78431.68,5.48188,430026.7914876
2026-09-14 23:26:00,78431.68,78431.68,78428.85,78428.85,2.37588,186338.7735275
2026-09-14 23:27:00,78428.86,78438.01,78377.33,78414.77,14.36263,1126285.141903
2026-09-14 23:28:00,78414.77,78438.13,78402.61,78438.12,10.10583,792493.4249668
2026-09-14 23:29:00,78438.13,78450.01,78394.65,78394.65,43.46482,3409554.0938767
2026-09-14 23:30:00,78394.14,78394.15,78333.02,78333.03,5.19669,407191.5909356
2026-09-14 23:31:00,78333.03,78340.0,78308.2,78308.2,5.97235,467790.9756798
2026-09-14 23:32:00,78308.21,78329.51,78294.67,78313.85,11.459,897411.0677027
2026-09-14 23:33:00,78313.85,78313.85,78292.56,78292.57,4.03763,316135.170782
2026-09-14 23:34:00,78292.57,78299.99,78292.57,78299.99,2.78187,217809.8986991
2026-09-14 23:35:00,78300.0,78309.03,78285.21,78285.21,2.39429,187457.1546497
2026-09-14 23:36:00,78285.22,78285.22,78280.71,78280.71,2.0185,158016.6089106
2026-09-14 23:37:00,78280.71,78280.72,78262.36,78264.24,3.01223,235776.9556587
2026-09-14 23:38:00,78264.24,78291.47,78260.0,78291.47,3.89593,304929.2451163
2026-09-14 23:39:00,78291.47,78305.94,78288.65,78288.66,3.58433,280658.0873703
2026-09-14 23:40:00,78288.66,78342.48,78288.65,78342.47,5.04349,394996.1331584
2026-09-14 23:41:00,78342.47,78342.48,78328.47,78328.48,1.69093,132462.2688748
2026-09-14 23:42:00,78328.48,78348.01,78328.47,78341.56,3.46187,271208.0137074
2026-09-14 23:43:00,78341.56,78341.57,78337.77,78337.77,0.75256,58954.8136486
2026-09-14 23:44:00,78337.77,78337.78,78311.18,78311.18,11.01247,862530.6139664
2026-09-14 23:45:00,78311.19,78311.19,78296.99,78296.99,2.28966,179284.8709948
2026-09-14 23:46:00,78296.99,78304.44,78290.07,78304.43,2.31626,181349.9160616
2026-09-14 23:47:00,78304.44,78304.44,78283.28,78283.29,1.20506,94349.0636376
2026-09-14 23:48:00,78283.28,78283.28,78269.47,78269.47,1.87558,146815.4360372
2026-09-14 23:49:00,78269.48,78302.45,78269.47,78287.95,3.86575,302629.0799401
2026-09-14 23:50:00,78287.94,78287.94,78250.01,78250.01,1.57363,123160.4854674
2026-09-14 23:51:00,78250.01,78252.0,78193.17,78193.17,17.15401,1341853.5778441
2026-09-14 23:52:00,78193.17,78193.18,78131.3,78157.36,28.79532,2250636.0371334
2026-09-14 23:53:00,78157.36,78221.74,78157.35,78212.71,9.06204,708630.9157827
2026-09-14 23:54:00,78212.71,78212.71,78174.96,78180.46,3.88849,304046.153772
2026-09-14 23:55:00,78180.46,78180.47,78167.95,78167.96,1.81982,142262.5642252
2026-09-14 23:56:00,78167.95,78181.61,78161.2,78168.69,7.07766,553250.2256054
2026-09-14 23:57:00,78168.68,78168.69,78166.92,78168.69,3.31646,259238.3609805
2026-09-14 23:58:00,78168.69,78184.57,78168.68,78184.57,1.33768,104576.4339559
2026-09-14 23:59:00,78184.57,78208.73,78179.63,78189.21,52.88573,4135454.1787683
2026-09-15 00:00:00,78189.2,78200.23,78176.65,78199.66,3.48107,272165.7877657
2026-09-15 00:01:00,78199.65,78238.4,78191.86,78225.75,7.33866,573947.0266462
2026-09-15 00:02:00,78225.74,78225.75,78204.42,78221.01,10.23679,800678.6185107
2026-09-15 00:03:00,78221.02,78221.02,78206.21,78218.5,7.0293,549797.1455028
2026-09-15 00:04:00,78218.5,78218.51,78167.25,78167.25,5.33675,417304.0463891
2026-09-15 00:05:00,78167.26,78171.16,78142.99,78150.28,5.83991,456448.5388793
2026-09-15 00:06:00,78150.29,78155.54,78131.3,78141.94,10.55305,824646.1342301
2026-09-15 00:07:00,78141.93,78172.87,78141.93,78172.87,4.20279,328469.226303
2026-09-15 00:08:00,78172.87,78197.81,78172.86,78197.8,6.5037,508517.2216362
2026-09-15 00:09:00,78197.8,78250.46,78197.8,78250.46,18.51755,1448571.2564742
2026-09-15 00:10:00,78250.45,78250.46,78182.53,78209.23,11.98517,937459.1830557
2026-09-15 00:11:00,78209.3,78209.3,78134.38,78134.39,7.37865,576790.5136603
2026-09-15 00:12:00,78134.38,78159.68,78134.38,78150.01,4.54297,355028.5685738
2026-09-15 00:13:00,78150.01,78150.01,78133.65,78133.66,7.14582,558420.8004025
2026-09-15 00:14:00,78133.65,78133.65,78120.0,78121.25,4.14038,323462.9802824
2026-09-15 00:15:00,78121.25,78130.01,78115.78,78130.0,7.77094,607070.574933
2026-09-15 00:16:00,78130.01,78130.01,78100.15,78107.97,5.10185,398542.7493319
2026-09-15 00:17:00,78107.98,78107.98,78100.44,78100.45,3.17605,248052.1617769
2026-09-15 00:18:00,78100.44,78100.45,78080.0,78080.0,5.60076,437380.7597201
2026-09-15 00:19:00,78080.0,78080.01,78055.86,78055.87,3.52059,274857.4380466
2026-09-15 00:20:00,78055.87,78055.87,78009.49,78041.75,23.10511,1802828.122002
2026-09-15 00:21:00,78041.75,78053.22,78021.99,78053.22,4.08274,318579.5125085
2026-09-15 00:22:00,78053.39,78053.39,78039.24,78039.86,4.59229,358396.5567643
2026-09-15 00:23:00,78039.85,78095.96,78039.85,78066.29,7.50538,585914.7172845
2026-09-15 00:24:00,78066.23,78066.23,78023.35,78042.33,4.11234,320928.7443385
2026-09-15 00:25:00,78042.33,78046.83,78001.0,78026.85,13.22767,1032036.9784458
2026-09-15 00:26:00,78026.84,78059.0,78026.84,78059.0,3.99787,312018.9195295
2026-09-15 00:27:00,78058.99,78058.99,78014.5,78018.2,3.45481,269622.477564
2026-09-15 00:28:00,78018.2,78018.2,78000.0,78000.01,5.4971,428803.958615
2026-09-15 00:29:00,78000.01,78017.99,78000.0,78017.99,3.962,309049.3379105
2026-09-15 00:30:00,78017.99,78030.44,78017.98,78021.81,3.07255,239742.5244421
2026-09-15 00:31:00,78021.82,78054.0,78020.75,78020.76,9.68839,756070.6389844
2026-09-15 00:32:00,78020.75,78020.81,78002.52,78002.53,4.83913,377506.1445013
2026-09-15 00:33:00,78002.53,78031.97,77990.0,78002.1,19.78813,1543570.2716317
2026-09-15 00:34:00,78002.11,78054.36,78002.11,78038.75,10.10545,788496.1612128
2026-09-15 00:35:00,78038.76,78071.58,78038.75,78071.58,7.82421,610679.1493666
2026-09-15 00:36:00,78071.57,78093.6,77968.99,78028.85,24.90905,1943860.1294166
2026-09-15 00:37:00,78028.84,78045.63,78015.68,78018.47,3.99033,311346.4397865
2026-09-15 00:38:00,78018.48,78022.07,78012.77,78012.77,5.17455,403709.7999933
2026-09-15 00:39:00,78012.77,78012.77,77997.92,77997.92,1.97018,153692.2798339
2026-09-15 00:40:00,77997.93,77997.93,77996.8,77996.81,1.68277,131252.2829635
2026-09-15 00:41:00,77996.81,78025.47,77996.8,78021.72,5.07334,395750.3822193
2026-09-15 00:42:00,78021.71,78021.72,77942.85,77952.84,8.63537,673259.6333559
2026-09-15 00:43:00,77952.83,77980.79,77941.18,77980.78,8.43699,657735.4370609
2026-09-15 00:44:00,77980.79,78006.61,77963.05,77965.63,8.52282,664619.5173751
2026-09-15 00:45:00,77965.09,78014.02,77959.97,78007.62,8.10272,631847.2489153
2026-09-15 00:46:00,78007.62,78007.62,77959.64,77959.64,3.95321,308267.904157
2026-09-15 00:47:00,77959.64,77963.47,77952.69,77955.21,3.52794,275022.3774757
2026-09-15 00:48:00,77955.22,77961.47,77943.97,77955.14,16.96946,1322740.3145475
2026-09-15 00:49:00,77955.13,78006.18,77955.13,77991.37,6.76788,527795.0749744
2026-09-15 00:50:00,77991.38,77992.6,77971.72,77984.03,5.15938,402359.1154044
2026-09-15 00:51:00,77984.04,78003.78,77984.04,78003.41,7.73816,603509.1799842
2026-09-15 00:52:00,78003.41,78024.26,77996.01,77996.02,2.82933,220709.0535955
2026-09-15 00:53:00,77996.02,77996.1,77976.4,77981.96,26.51541,2067973.1278768
2026-09-15 00:54:00,77981.96,77981.96,77957.35,77957.35,5.95885,464592.2538406
2026-09-15 00:55:00,77957.36,77992.59,77950.41,77992.59,7.92697,618097.0284273
2026-09-15 00:56:00,77992.59,77998.22,77974.49,77974.49,2.52174,196671.2686244
2026-09-15 00:57:00,77974.49,77974.5,77945.96,77951.2,6.15075,479532.5861121
2026-09-15 00:58:00,77951.21,77965.0,77951.2,77955.04,3.87808,302323.3826963
2026-09-15 00:59:00,77955.05,77955.05,77952.92,77952.93,1.72582,134534.882673
2026-09-15 01:00:00,77952.92,77952.93,77892.89,77892.9,7.81133,608685.7638601
2026-09-15 01:01:00,77892.89,77925.93,77853.51,77882.96,38.62975,3009012.3213685
2026-09-15 01:02:00,77882.95,77890.13,77841.29,77868.88,8.08691,629605.3847142
2026-09-15 01:03:00,77868.87,77868.88,77828.57,77831.33,5.33904,415652.3785912
2026-09-15 01:04:00,77831.33,77857.23,77831.21,77831.22,4.62659,360137.3348606
2026-09-15 01:05:00,77831.22,77831.22,77808.93,77822.06,10.21847,795178.1021729
2026-09-15 01:06:00,77822.06,77873.25,77822.05,77838.29,8.2796,644542.7591432
2026-09-15 01:07:00,77838.23,77838.23,77816.01,77816.01,9.38487,730341.8781975
2026-09-15 01:08:00,77816.01,77816.02,77805.45,77805.46,7.64935,595223.598599
2026-09-15 01:09:00,77805.45,77805.46,77765.29,77765.29,13.01996,1012739.2798858
2026-09-15 01:10:00,77765.3,77804.57,77750.0,77804.57,20.41709,1588040.4004172
2026-09-15 01:11:00,77804.58,77854.93,77804.57,77846.73,12.3327,959880.1031074
2026-09-15 01:12:00,77846.74,77853.73,77834.24,77850.86,5.48139,426702.6652338
2026-09-15 01:13:00,77850.86,77853.78,77801.61,77846.44,14.37179,1118495.5329936
2026-09-15 01:14:00,77846.43,77846.44,77814.62,77828.1,12.46352,970043.1284664
2026-09-15 01:15:00,77828.1,77847.0,77800.0,77846.99,7.45636,580246.3794561
2026-09-15 01:16:00,77846.99,77867.89,77831.02,77867.89,5.90338,459569.7912655
2026-09-15 01:17:00,77867.88,77902.61,77867.88,77900.88,7.03139,547647.1742683
2026-09-15 01:18:00,77900.89,77900.89,77835.83,77865.92,9.10556,709039.7390274
2026-09-15 01:19:00,77865.91,77872.85,77854.9,77872.84,2.65328,206599.4565058
2026-09-15 01:20:00,77872.84,77918.87,77872.84,77912.8,12.44985,969730.4735328
2026-09-15 01:21:00,77912.79,77916.5,77894.71,77914.75,4.26573,332343.7283719
2026-09-15 01:22:00,77914.75,78005.56,77914.75,78005.55,6.79114,529434.8842933
2026-09-15 01:23:00,78005.55,78021.78,77989.65,78000.99,18.1815,1418144.1347406
2026-09-15 01:24:00,78000.99,78021.79,77974.75,78021.79,12.30092,959485.9594537
2026-09-15 01:25:00,78021.79,78030.75,78003.35,78003.35,4.07096,317612.7786677
2026-09-15 01:26:00,78003.36,78030.79,77952.92,77952.92,60.33684,4706432.4825682
2026-09-15 01:27:00,77952.93,77952.93,77858.02,77894.02,7.71031,600564.791101
2026-09-15 01:28:00,77894.01,77894.02,77817.52,77817.53,9.6883,754162.6193698
2026-09-15 01:29:00,77817.53,77879.52,77811.48,77856.46,9.3111,724691.8630084
2026-09-15 01:30:00,77856.47,77896.65,77845.16,77879.89,8.87526,691090.4162418
2026-09-15 01:31:00,77879.9,77956.96,77864.35,77937.2,10.57322,823719.1562485
2026-09-15 01:32:00,77937.2,78013.93,77931.52,78013.93,9.16009,714118.669675
2026-09-15 01:33:00,78013.92,78013.93,77955.95,77989.28,4.70807,367144.6882563
2026-09-15 01:34:00,77989.29,77989.29,77955.96,77955.96,2.14517,167257.5012437
2026-09-15 01:35:00,77955.96,77971.93,77937.98,77964.12,3.58768,279668.9065341
2026-09-15 01:36:00,77964.13,77986.45,77964.12,77966.36,3.40125,265194.6797678
2026-09-15 01:37:00,77966.36,77966.36,77936.0,77950.92,5.66494,441590.9632658
2026-09-15 01:38:00,77950.93,77987.62,77950.92,77987.61,2.18014,169985.4438798
2026-09-15 01:39:00,77987.61,77995.42,77987.61,77989.45,1.23673,96452.8572451
2026-09-15 01:40:00,77989.46,77989.46,77957.1,77967.71,7.99,623009.0872762
2026-09-15 01:41:00,77967.71,77976.62,77967.71,77976.62,2.51827,196360.2394984
2026-09-15 01:42:00,77976.62,77976.62,77976.61,77976.61,1.00485,78354.8049694
2026-09-15 01:43:00,77976.62,77999.93,77976.61,77999.92,1.23707,96473.5317369
2026-09-15 01:44:00,77999.92,78024.84,77999.92,78017.52,6.3383,494505.5686199
2026-09-15 01:45:00,78017.51,78017.52,77936.42,77972.66,12.53602,977704.8007222
2026-09-15 01:46:00,77972.67,77999.7,77964.73,77998.46,5.82544,454276.8685577
2026-09-15 01:47:00,77998.46,78016.23,77998.46,78000.59,2.59718,202597.4144644
2026-09-15 01:48:00,78000.58,78013.48,77998.46,78013.47,1.67788,130875.3637133
2026-09-15 01:49:00,78013.48,78080.0,78013.47,78059.24,18.15873,1417477.5511142
2026-09-15 01:50:00,78059.24,78074.15,78049.31,78049.31,5.85908,457356.9037473
2026-09-15 01:51:00,78049.32,78049.32,77976.72,77976.73,3.78054,294942.1483659
2026-09-15 01:52:00,77976.72,78005.89,77976.72,77990.29,3.33644,260215.78869
2026-09-15 01:53:00,77990.29,78003.44,77990.28,77991.54,2.31554,180597.796741
2026-09-15 01:54:00,77991.54,78011.86,77980.0,77982.75,4.51128,351832.8133697
2026-09-15 01:55:00,77982.75,78008.83,77982.74,78008.83,7.71788,601918.7782884
2026-09-15 01:56:00,78008.82,78011.94,77993.0,77993.01,3.41703,266544.0236439
2026-09-15 01:57:00,77993.01,77993.01,77925.46,77925.47,2.21328,172540.9108516
2026-09-15 01:58:00,77925.47,77931.78,77917.85,77917.86,3.30249,257348.9927098
2026-09-15 01:59:00,77917.86,77917.86,77917.85,77917.86,1.08494,84536.1982183
2026-09-15 02:00:00,77917.86,77933.04,77910.43,77910.44,5.79799,451768.5278785
2026-09-15 02:01:00,77910.44,77927.43,77896.9,77924.88,5.13978,400430.1378527
2026-09-15 02:02:00,77924.88,77970.27,77924.87,77967.76,2.7029,210671.5685338
2026-09-15 02:03:00,77967.77,77967.77,77913.37,77953.69,6.77977,528388.9897783
2026-09-15 02:04:00,77953.68,77953.69,77937.84,77937.85,2.5422,198147.9315617
2026-09-15 02:05:00,77937.85,77963.03,77935.8,77941.25,3.54555,276373.8744331
2026-09-15 02:06:00,77941.25,77941.26,77906.01,77906.01,1.65771,129175.8845328
2026-09-15 02:07:00,77905.98,77905.98,77874.91,77891.04,3.81605,297198.0340805
2026-09-15 02:08:00,77891.05,77944.69,77891.04,77944.69,2.44887,190799.3615696
2026-09-15 02:09:00,77944.69,77971.26,77944.68,77971.25,1.73075,134916.3322073
2026-09-15 02:10:00,77971.26,77971.26,77952.07,77957.79,1.95141,152126.0414102
2026-09-15 02:11:00,77957.79,78008.88,77957.79,77998.58,2.35911,183981.8300232
2026-09-15 02:12:00,77998.58,78015.77,77998.57,78003.32,1.5787,123156.6867924
2026-09-15 02:13:00,78003.33,78003.33,78000.0,78000.01,1.30389,101707.4188461
2026-09-15 02:14:00,78000.01,78000.01,77986.34,77986.34,5.83204,454885.568611
2026-09-15 02:15:00,77986.35,77986.35,77956.19,77962.03,1.20097,93639.6752407
2026-09-15 02:16:00,77962.04,77992.4,77962.03,77992.4,1.60356,125043.3596806
2026-09-15 02:17:00,77992.4,77992.4,77956.47,77968.15,5.26561,410591.6831069
2026-09-15 02:18:00,77968.15,77968.15,77938.95,77943.95,2.01023,156694.9826764
2026-09-15 02:19:00,77943.95,77949.31,77922.21,77933.27,5.93145,462244.8985083
2026-09-15 02:20:00,77933.27,77933.27,77916.15,77916.15,1.80633,140751.6456658
2026-09-15 02:21:00,77916.15,77950.65,77916.15,77923.68,3.55825,277295.096536
2026-09-15 02:22:00,77923.69,77950.65,77915.64,77950.65,4.11714,320827.8864297
2026-09-15 02:23:00,77950.65,77971.29,77950.65,77971.29,3.09707,241470.5585166
2026-09-15 02:24:00,77971.29,77984.4,77971.28,77981.35,3.06459,238960.2919533
2026-09-15 02:25:00,77981.36,78010.28,77977.3,78010.27,6.83807,533232.1638465
2026-09-15 02:26:00,78010.27,78011.26,77999.8,78009.03,1.25594,97973.855827
2026-09-15 02:27:00,78009.02,78018.04,78001.0,78001.0,2.00295,156256.1685919
2026-09-15 02:28:00,78000.68,78000.69,77944.74,77944.74,2.47353,192854.3647404
2026-09-15 02:29:00,77944.75,77956.59,77944.75,77956.59,1.71612,133772.9935667
2026-09-15 02:30:00,77956.58,77956.58,77931.02,77936.0,1.45679,113543.3136492
2026-09-15 02:31:00,77936.0,77959.94,77936.0,77950.95,1.31897,102820.1585358
2026-09-15 02:32:00,77950.96,77950.96,77937.33,77937.75,11.00453,857751.5928354
2026-09-15 02:33:00,77937.75,77956.45,77928.18,77956.29,5.15072,401425.5614108
2026-09-15 02:34:00,77956.28,77956.29,77937.26,77937.27,2.07477,161736.2128668
2026-09-15 02:35:00,77937.26,77937.27,77900.0,77906.1,3.05348,237887.7006119
2026-09-15 02:36:00,77906.1,77906.1,77868.53,77884.32,3.15982,246117.5373666
2026-09-15 02:37:00,77884.31,77884.32,77865.38,77880.9,3.88679,302674.1463188
2026-09-15 02:38:00,77880.9,77897.75,77842.14,77878.47,14.53433,1131586.6236844
2026-09-15 02:39:00,77878.47,77886.25,77870.05,77886.25,2.29968,179088.6201777
2026-09-15 02:40:00,77886.25,77905.98,77886.25,77887.1,3.38419,263617.4474991
2026-09-15 02:41:00,77887.11,77887.11,77861.05,77861.06,5.99863,467192.1879563
2026-09-15 02:42:00,77861.05,77881.93,77850.78,77881.93,3.84041,299003.6191456
2026-09-15 02:43:00,77881.92,77887.1,77878.18,77887.09,3.40899,265491.5265367
2026-09-15 02:44:00,77887.09,77887.1,77878.5,77878.5,1.96293,152875.8224211
2026-09-15 02:45:00,77878.5,77878.51,77873.43,77873.43,1.87646,146128.4774233
2026-09-15 02:46:00,77873.44,77873.44,77873.43,77873.44,1.17787,91724.7874111
2026-09-15 02:47:00,77873.43,77873.43,77851.77,77851.77,3.16116,246125.8037342
2026-09-15 02:48:00,77851.78,77866.76,77851.77,77855.81,4.29532,334425.8760371
2026-09-15 02:49:00,77855.82,77855.82,77826.96,77826.97,3.85972,300458.5325089
2026-09-15 02:50:00,77826.97,77852.68,77820.0,77831.88,11.00811,856774.5566919
2026-09-15 02:51:00,77831.87,77831.88,77776.25,77825.11,13.18653,1025921.6144166
2026-09-15 02:52:00,77825.12,77864.68,77823.44,77864.67,3.31891,258318.1845147
2026-09-15 02:53:00,77864.68,77881.61,77864.67,77865.78,2.35113,183075.349056
2026-09-15 02:54:00,77865.78,77865.78,77850.43,77850.44,1.1698,91079.2684234
2026-09-15 02:55:00,77850.44,77906.93,77850.43,77906.92,7.3977,576098.8560097
2026-09-15 02:56:00,77906.93,77919.4,77869.86,77893.59,26.16614,2038217.6648152
2026-09-15 02:57:00,77893.58,77916.5,77888.74,77916.49,11.86357,924169.1173918
2026-09-15 02:58:00,77916.5,77916.5,77900.0,77900.0,3.47089,270422.1583674
2026-09-15 02:59:00,77900.01,77919.44,77900.01,77913.72,5.10964,398081.2803534
2026-09-15 03:00:00,77913.73,77913.73,77850.01,77852.52,6.2853,489463.0974916
2026-09-15 03:01:00,77852.51,77852.52,77807.75,77807.76,15.83509,1232736.2769413
2026-09-15 03:02:00,77807.76,77820.6,77784.33,77792.4,9.18671,714714.4038119
2026-09-15 03:03:00,77792.4,77833.33,77772.1,77807.1,13.50313,1050599.6821873
2026-09-15 03:04:00,77807.1,77820.61,77773.27,77782.07,2.88179,224200.2806175
2026-09-15 03:05:00,77782.06,77820.9,77781.32,77781.32,6.51114,506536.0274263
2026-09-15 03:06:00,77781.32,77781.32,77773.47,77773.47,2.25014,175001.6416569
2026-09-15 03:07:00,77773.48,77858.52,77766.67,77828.37,20.29521,1579402.1660231
2026-09-15 03:08:00,77828.37,77829.63,77786.84,77786.84,7.87791,613039.916452
2026-09-15 03:09:00,77786.84,77786.85,77760.0,77779.6,4.08186,317464.0288659
2026-09-15 03:10:00,77779.61,77816.7,77767.83,77767.84,8.05084,626264.6973488
2026-09-15 03:11:00,77767.83,77780.14,77705.0,77705.01,14.12796,1098383.5051109
2026-09-15 03:12:00,77705.01,77739.52,77702.0,77721.46,8.11204,630444.6296012
2026-09-15 03:13:00,77721.45,77734.47,77721.45,77724.67,4.92252,382633.3534027
2026-09-15 03:14:00,77724.67,77724.68,77720.0,77720.01,2.04218,158719.8328658
2026-09-15 03:15:00,77720.01,77722.17,77720.0,77720.09,3.88288,301778.9781337
2026-09-15 03:16:00,77720.08,77720.09,77708.81,77720.03,21.92163,1703637.4372282
2026-09-15 03:17:00,77720.03,77780.43,77720.03,77741.29,13.05342,1014912.3047195
2026-09-15 03:18:00,77741.29,77747.76,77731.03,77747.75,3.2166,250038.6613702
2026-09-15 03:19:00,77747.76,77763.34,77747.75,77753.81,6.00739,467113.9702485
2026-09-15 03:20:00,77753.81,77799.71,77749.86,77799.7,3.29299,256117.4737076
2026-09-15 03:21:00,77799.71,77799.71,77799.7,77799.7,2.30108,179023.346523
2026-09-15 03:22:00,77799.71,77816.98,77795.01,77816.97,4.05842,315771.0602575
2026-09-15 03:23:00,77816.98,77842.17,77816.97,77835.36,4.73845,368797.4772354
2026-09-15 03:24:00,77835.36,77835.37,77829.98,77829.99,0.7995,62226.8963992
2026-09-15 03:25:00,77829.98,77843.78,77829.6,77843.78,2.55038,198504.1712365
2026-09-15 03:26:00,77843.77,77843.78,77825.65,77825.66,3.83684,298625.6995549
2026-09-15 03:27:00,77825.66,77835.76,77825.65,77835.75,3.33049,259200.0825339
2026-09-15 03:28:00,77835.76,77835.94,77832.78,77832.79,1.7667,137511.8404726
2026-09-15 03:29:00,77832.79,77842.89,77832.79,77842.88,5.93542,462000.4807311
2026-09-15 03:30:00,77842.88,77842.89,77815.34,77816.24,2.25467,175471.363944
2026-09-15 03:31:00,77816.23,77816.24,77803.72,77803.72,1.54741,120406.2185323
2026-09-15 03:32:00,77803.73,77842.76,77803.72,77842.75,3.99861,311179.9533012
2026-09-15 03:33:00,77842.75,77849.1,77834.65,77849.1,3.75609,292387.2984525
2026-09-15 03:34:00,77849.09,77849.1,77835.64,77844.89,5.41414,421436.8208062
2026-09-15 03:35:00,77844.89,77844.9,77836.07,77836.07,3.95032,307508.6649943
2026-09-15 03:36:00,77836.08,77864.46,77836.07,77858.66,5.09201,396406.1355243
2026-09-15 03:37:00,77858.66,77858.66,77830.79,77832.88,3.69681,287788.2124466
2026-09-15 03:38:00,77832.88,77841.36,77832.88,77841.36,2.23863,174243.6320054
2026-09-15 03:39:00,77841.35,77841.36,77815.44,77815.45,2.09626,163165.7120286
2026-09-15 03:40:00,77815.44,77815.45,77811.57,77811.57,1.42774,111096.0673042
2026-09-15 03:41:00,77811.57,77812.83,77811.57,77812.83,3.80716,296244.0388101
2026-09-15 03:42:00,77812.83,77816.98,77781.66,77781.66,5.81408,452362.3626911
2026-09-15 03:43:00,77781.67,77798.84,77777.8,77798.83,6.45061,501740.9363352
2026-09-15 03:44:00,77798.83,77801.76,77798.83,77801.75,0.95706,74458.9628025
2026-09-15 03:45:00,77801.76,77801.76,77795.03,77795.03,0.95496,74295.5081962
2026-09-15 03:46:00,77795.03,77811.25,77794.0,77810.01,4.39348,341797.506775
2026-09-15 03:47:00,77810.0,77810.01,77778.15,77778.16,3.32172,258424.205217
2026-09-15 03:48:00,77778.16,77778.16,77751.19,77751.21,3.78817,294584.3809411
2026-09-15 03:49:00,77751.2,77751.21,77746.0,77746.01,5.38162,418417.6640595
2026-09-15 03:50:00,77746.01,77746.01,77740.0,77740.0,0.79385,61717.3678726
2026-09-15 03:51:00,77740.01,77770.95,77740.0,77764.05,13.47226,1047518.7001134
2026-09-15 03:52:00,77764.05,77764.05,77762.0,77762.0,0.95664,74392.1110299
2026-09-15 03:53:00,77762.01,77762.01,77748.0,77748.0,3.25019,252710.6468543
2026-09-15 03:54:00,77748.01,77748.01,77717.45,77717.46,3.13807,243929.4409168
2026-09-15 03:55:00,77717.46,77717.46,77684.0,77684.0,10.09347,784251.3884806
2026-09-15 03:56:00,77684.01,77684.01,77677.0,77677.0,6.78845,527327.3925035
2026-09-15 03:57:00,77677.0,77677.0,77676.99,77677.0,13.65146,1060404.4523274
2026-09-15 03:58:00,77677.0,77677.0,77670.75,77670.75,8.73121,678208.0015724
2026-09-15 03:59:00,77670.76,77676.99,77658.0,77676.99,32.60413,2532427.7098045
2026-09-15 04:00:00,77676.99,77720.82,77661.23,77718.0,21.29702,1654417.9103087
2026-09-15 04:01:00,77718.01,77718.01,77708.0,77708.0,1.46208,113621.6185701
2026-09-15 04:02:00,77708.0,77708.01,77698.0,77698.0,1.47664,114743.2235612
2026-09-15 04:03:00,77698.0,77698.0,77684.0,77695.07,3.4972,271689.2472868
2026-09-15 04:04:00,77695.07,77744.31,77695.07,77741.82,4.26348,331367.6063556
2026-09-15 04:05:00,77741.81,77741.82,77741.81,77741.81,2.97823,231533.0131262
2026-09-15 04:06:00,77741.82,77741.82,77736.37,77736.38,5.81801,452283.1419931
2026-09-15 04:07:00,77736.37,77736.38,77672.0,77672.01,31.38037,2438802.7744833
2026-09-15 04:08:00,77672.0,77676.19,77640.0,77653.59,34.73749,2697760.1314272
2026-09-15 04:09:00,77653.59,77673.99,77649.67,77659.98,25.56857,1985593.7972624
2026-09-15 04:10:00,77659.98,77664.0,77640.0,77656.01,28.16335,2186897.0017516
2026-09-15 04:11:00,77656.0,77672.01,77656.0,77664.84,26.32451,2044537.7646714
2026-09-15 04:12:00,77664.85,77664.85,77630.87,77634.18,23.77699,1846044.5485146
2026-09-15 04:13:00,77634.17,77678.84,77634.17,77678.0,39.4923,3066489.0693172
2026-09-15 04:14:00,77678.0,77678.0,77642.38,77642.39,26.25483,2038788.4263302
2026-09-15 04:15:00,77642.38,77663.21,77642.38,77662.02,32.82376,2548850.0610216
2026-09-15 04:16:00,77662.01,77672.02,77650.65,77672.02,33.38626,2592855.6927576
2026-09-15 04:17:00,77672.02,77672.02,77642.0,77642.0,23.81068,1848948.1032753
2026-09-15 04:18:00,77641.99,77673.78,77638.52,77654.76,29.16021,2264261.4388991
2026-09-15 04:19:00,77654.76,77654.77,77653.86,77653.87,23.56524,1829948.1361194
2026-09-15 04:20:00,77653.87,77662.01,77653.86,77662.0,24.79609,1925689.9262668
2026-09-15 04:21:00,77662.01,77686.01,77653.53,77670.46,34.53176,2682053.1404592
2026-09-15 04:22:00,77670.46,77670.46,77653.44,77657.19,23.53988,1828047.8554195
2026-09-15 04:23:00,77657.19,77657.19,77634.17,77634.18,31.05834,2411520.5492623
2026-09-15 04:24:00,77634.18,77634.18,77590.88,77590.89,28.87899,2241532.436413
2026-09-15 04:25:00,77590.89,77590.89,77569.44,77569.45,24.96052,1936438.8799557
2026-09-15 04:26:00,77569.44,77601.87,77555.8,77601.87,19.14193,1484790.2414145
2026-09-15 04:27:00,77601.87,77609.87,77597.45,77609.87,7.13143,553398.4212224
2026-09-15 04:28:00,77609.86,77628.01,77606.0,77628.01,3.61823,280827.0153224
2026-09-15 04:29:00,77628.0,77636.01,77599.12,77624.21,14.29439,1109528.4066365
2026-09-15 04:30:00,77624.22,77665.97,77624.21,77628.65,11.05099,858129.3596929
2026-09-15 04:31:00,77628.64,77628.65,77621.99,77622.01,1.44685,112313.5739305
2026-09-15 04:32:00,77622.01,77622.01,77567.6,77571.14,5.48614,425669.3244469
2026-09-15 04:33:00,77571.14,77571.14,77550.0,77555.97,9.77644,758219.8516832
2026-09-15 04:34:00,77555.97,77591.0,77555.97,77590.01,22.46345,1742605.7385345
2026-09-15 04:35:00,77590.0,77590.01,77568.62,77568.85,4.34831,337351.2657929
2026-09-15 04:36:00,77568.85,77568.85,77558.25,77558.26,2.34785,182106.3412165
2026-09-15 04:37:00,77558.26,77558.26,77542.0,77542.01,3.92044,304013.8093599
2026-09-15 04:38:00,77542.01,77572.01,77542.0,77572.01,6.49573,503754.5198202
2026-09-15 04:39:00,77572.0,77606.01,77552.0,77575.49,17.57593,1363590.3563586
2026-09-15 04:40:00,77575.49,77594.01,77575.49,77594.01,1.76498,136934.4694201
2026-09-15 04:41:00,77594.01,77634.94,77594.0,77626.01,3.55292,275782.2807717
2026-09-15 04:42:00,77626.01,77637.09,77626.0,77634.58,2.56288,198968.7067997
2026-09-15 04:43:00,77634.59,77634.59,77630.84,77630.84,1.76136,136741.5379779
2026-09-15 04:44:00,77630.84,77650.0,77630.84,77646.65,4.51158,350280.135638
2026-09-15 04:45:00,77646.64,77646.65,77613.99,77614.0,3.35075,260134.9331815
2026-09-15 04:46:00,77613.99,77636.01,77613.98,77632.19,9.59635,744874.2900939
2026-09-15 04:47:00,77632.18,77632.19,77616.74,77616.74,2.01502,156411.0977375
2026-09-15 04:48:00,77616.75,77616.75,77615.0,77615.01,1.21826,94556.828004
2026-09-15 04:49:00,77615.01,77615.01,77615.0,77615.01,1.10062,85424.6308971
2026-09-15 04:50:00,77615.01,77615.01,77600.0,77600.0,9.92621,770398.2401198
2026-09-15 04:51:00,77600.01,77600.01,77584.12,77586.39,9.0698,703722.8778189
2026-09-15 04:52:00,77586.39,77586.39,77578.0,77578.0,3.30075,256083.7910562
2026-09-15 04:53:00,77578.01,77578.01,77577.16,77577.17,1.73668,134726.8501672
2026-09-15 04:54:00,77577.16,77594.01,77577.16,77594.0,2.91602,226234.6476775
2026-09-15 04:55:00,77594.01,77594.01,77594.0,77594.0,0.92286,71608.4050185
2026-09-15 04:56:00,77594.01,77594.01,77586.5,77586.51,2.36418,183439.1702736
2026-09-15 04:57:00,77586.51,77586.51,77581.01,77581.02,1.62087,125756.3789375
2026-09-15 04:58:00,77581.02,77581.02,77578.44,77578.45,1.56002,121026.3372699
2026-09-15 04:59:00,77578.44,77578.45,77567.11,77567.12,3.73782,289963.1578359
2026-09-15 05:00:00,77567.11,77583.03,77561.06,77583.02,4.23723,328681.2605837
2026-09-15 05:01:00,77583.03,77583.03,77583.02,77583.03,1.47638,114542.0328472
2026-09-15 05:02:00,77583.02,77611.4,77583.02,77611.4,4.04144,313576.9890883
2026-09-15 05:03:00,77611.4,77611.4,77604.75,77604.75,1.19833,93000.8494659
2026-09-15 05:04:00,77604.76,77611.4,77604.75,77610.15,1.60526,124579.9972246
2026-09-15 05:05:00,77610.15,77646.01,77610.14,77646.01,6.99809,543145.9506655
2026-09-15 05:06:00,77646.0,77646.01,77642.0,77642.01,1.2501,97061.7013015
2026-09-15 05:07:00,77642.0,77642.01,77618.0,77618.0,2.6545,206068.8106414
2026-09-15 05:08:00,77618.01,77626.01,77616.0,77622.82,5.30297,411609.0852393
2026-09-15 05:09:00,77622.81,77622.82,77584.0,77584.01,2.88105,223583.9263509
2026-09-15 05:10:00,77584.0,77584.0,77425.9,77487.56,71.01582,5503638.7261093
2026-09-15 05:11:00,77487.56,77532.01,77487.55,77500.01,11.65337,903311.0616785
2026-09-15 05:12:00,77500.01,77500.01,77455.77,77457.02,9.94644,770552.0248181
2026-09-15 05:13:00,77457.01,77457.02,77400.01,77400.85,14.94034,1156908.2428952
2026-09-15 05:14:00,77400.84,77409.47,77300.01,77409.46,38.72956,2996037.8098914
2026-09-15 05:15:00,77409.47,77458.01,77400.0,77450.29,11.5066,891011.0453633
2026-09-15 05:16:00,77450.29,77450.29,77400.0,77400.0,4.8699,377046.6643537
2026-09-15 05:17:00,77400.0,77400.01,77324.43,77324.43,6.85851,530587.2742756
2026-09-15 05:18:00,77324.44,77376.01,77324.43,77354.01,11.60767,897772.4375497
2026-09-15 05:19:00,77354.09,77374.01,77336.0,77336.01,4.14284,320470.8558785
2026-09-15 05:20:00,77336.0,77398.01,77336.0,77398.01,5.12375,396387.3008655
2026-09-15 05:21:00,77398.01,77422.01,77398.01,77412.99,3.83459,296852.5151751
2026-09-15 05:22:00,77412.98,77412.99,77362.0,77374.01,5.25547,406663.9953986
2026-09-15 05:23:00,77374.01,77376.0,77374.0,77376.0,6.97357,539579.7092499
2026-09-15 05:24:00,77376.01,77400.0,77375.12,77375.13,6.16115,476814.5562553
2026-09-15 05:25:00,77375.13,77383.75,77375.12,77383.74,2.14575,166030.9841869
2026-09-15 05:26:00,77383.74,77416.01,77383.72,77416.0,14.97598,1159139.3633696
2026-09-15 05:27:00,77416.0,77450.01,77416.0,77450.0,2.35958,182715.9961015
2026-09-15 05:28:00,77450.0,77458.01,77450.0,77458.0,1.65706,128350.034402
2026-09-15 05:29:00,77458.0,77466.01,77458.0,77465.99,3.83463,297049.4336236
2026-09-15 05:30:00,77466.0,77466.0,77454.0,77461.95,3.59097,278155.4254071
2026-09-15 05:31:00,77461.95,77461.95,77446.0,77446.0,1.6923,131073.2481566
2026-09-15 05:32:00,77446.0,77450.01,77432.0,77450.0,5.20325,402942.5332869
2026-09-15 05:33:00,77450.0,77471.65,77450.0,77471.64,4.15661,322001.1525635
2026-09-15 05:34:00,77471.64,77471.65,77458.8,77470.61,3.24329,251241.6576981
2026-09-15 05:35:00,77470.61,77472.01,77436.0,77436.01,4.61249,357280.0940127
2026-09-15 05:36:00,77436.01,77442.39,77432.12,77442.39,2.37696,184067.0585236
2026-09-15 05:37:00,77442.38,77442.39,77400.0,77400.0,2.90325,224775.5800247
2026-09-15 05:38:00,77400.01,77401.25,77378.0,77378.0,4.18557,323943.3758407
2026-09-15 05:39:00,77378.01,77413.38,77378.0,77413.37,2.58576,200118.0697492
2026-09-15 05:40:00,77413.38,77460.01,77413.37,77446.0,4.89411,379026.4612354
2026-09-15 05:41:00,77446.0,77485.64,77439.67,77485.63,13.31502,1031330.7174882
2026-09-15 05:42:00,77485.63,77500.0,77485.63,77490.32,3.93044,304580.6917699
2026-09-15 05:43:00,77490.31,77490.32,77448.01,77452.0,7.04623,545802.8446304
2026-09-15 05:44:00,77452.01,77473.19,77452.0,77462.0,5.73207,444038.213369
2026-09-15 05:45:00,77462.01,77472.01,77462.0,77472.0,2.50319,193909.8585803
2026-09-15 05:46:00,77472.01,77472.02,77464.0,77466.74,3.7369,289492.7828361
2026-09-15 05:47:00,77466.74,77488.01,77466.74,77488.0,1.81992,141005.4439955
2026-09-15 05:48:00,77488.01,77510.01,77488.01,77510.01,4.37407,339002.7537491
2026-09-15 05:49:00,77510.01,77525.95,77506.0,77506.0,16.491,1278358.1960639
2026-09-15 05:50:00,77506.01,77516.19,77496.0,77516.19,11.03507,855320.8857102
2026-09-15 05:51:00,77517.0,77578.01,77517.0,77563.44,20.47313,1587763.4337148
2026-09-15 05:52:00,77563.43,77586.01,77563.43,77570.24,5.3618,415961.8483162
2026-09-15 05:53:00,77570.23,77608.49,77570.23,77600.0,6.72265,521625.6155468
2026-09-15 05:54:00,77600.0,77607.98,77600.0,77604.06,5.96593,462967.4576877
2026-09-15 05:55:00,77604.07,77604.07,77586.0,77586.0,3.36786,261339.0422831
2026-09-15 05:56:00,77586.0,77619.82,77567.44,77619.81,12.83346,995682.6268495
2026-09-15 05:57:00,77619.81,77666.66,77619.81,77666.66,18.30497,1421231.8205071
2026-09-15 05:58:00,77666.65,77666.65,77630.0,77630.01,3.76689,292514.9889685
2026-09-15 05:59:00,77630.0,77657.83,77630.0,77630.0,6.33485,491848.027673
2026-09-15 06:00:00,77630.0,77672.58,77630.0,77662.48,4.2051,326558.2855174
2026-09-15 06:01:00,77662.47,77710.01,77662.47,77710.01,6.90473,536417.1277424
2026-09-15 06:02:00,77710.01,77725.71,77700.45,77715.46,8.03217,624197.2392563
2026-09-15 06:03:00,77715.45,77716.18,77700.0,77704.01,2.48723,193267.1094408
2026-09-15 06:04:00,77704.01,77727.83,77704.01,77727.83,10.72523,833617.3932936
2026-09-15 06:05:00,77727.82,77727.83,77682.0,77682.0,5.88168,457028.4304235
2026-09-15 06:06:00,77682.0,77682.0,77676.0,77676.0,3.70534,287823.6230383
2026-09-15 06:07:00,77676.01,77676.01,77654.0,77676.0,4.27859,332283.1646249
2026-09-15 06:08:00,77676.0,77676.0,77674.0,77674.01,1.08597,84351.7235258
2026-09-15 06:09:00,77674.0,77674.01,77648.01,77648.02,3.5209,273425.7379076
2026-09-15 06:10:00,77648.01,77648.02,77640.25,77640.26,2.34148,181801.8876753
2026-09-15 06:11:00,77640.25,77640.25,77589.4,77589.41,4.50093,349329.361891
2026-09-15 06:12:00,77589.4,77603.13,77589.4,77589.4,11.59429,899615.2148762
2026-09-15 06:13:00,77589.4,77595.96,77584.01,77584.02,5.32545,413202.5963551
2026-09-15 06:14:00,77584.02,77584.02,77573.55,77573.56,1.75403,136075.9881145
2026-09-15 06:15:00,77573.55,77581.32,77573.55,77581.32,1.7046,132238.3404197
2026-09-15 06:16:00,77581.32,77582.39,77572.21,77582.39,3.66419,284256.4401858
2026-09-15 06:17:00,77582.39,77599.22,77582.38,77594.01,3.48347,270275.0109239
2026-09-15 06:18:00,77594.01,77594.01,77581.75,77581.76,1.25058,97030.633453
2026-09-15 06:19:00,77581.75,77581.76,77557.04,77557.04,3.79683,294502.5727153
2026-09-15 06:20:00,77557.05,77557.05,77536.0,77536.0,2.51293,194858.93968
2026-09-15 06:21:00,77536.0,77536.01,77479.61,77480.51,6.2858,487143.6806266
2026-09-15 06:22:00,77480.52,77499.95,77480.51,77486.7,5.58965,433124.0507381
2026-09-15 06:23:00,77486.7,77486.7,77474.0,77474.0,3.32662,257761.9139371
2026-09-15 06:24:00,77474.0,77474.01,77455.64,77462.47,9.06086,701896.2081067
2026-09-15 06:25:00,77462.47,77462.47,77447.78,77447.79,2.95728,229053.4696929
2026-09-15 06:26:00,77447.79,77447.79,77422.08,77422.08,4.5145,349615.4918289
2026-09-15 06:27:00,77422.09,77422.09,77392.26,77392.27,7.32808,567201.6646011
2026-09-15 06:28:00,77392.27,77408.01,77392.26,77408.01,5.33902,413228.8634715
2026-09-15 06:29:00,77408.01,77411.89,77408.0,77410.16,2.11305,163571.5784399
2026-09-15 06:30:00,77410.16,77425.67,77403.06,77404.82,6.4353,498165.8711122
2026-09-15 06:31:00,77404.81,77420.43,77404.81,77420.42,5.15896,399339.627576
2026-09-15 06:32:00,77420.43,77446.01,77413.44,77442.01,7.05175,546038.7596763
2026-09-15 06:33:00,77442.01,77442.01,77424.21,77424.22,3.47367,268984.8823332
2026-09-15 06:34:00,77424.21,77440.01,77408.82,77439.42,8.5172,659391.824508
2026-09-15 06:35:00,77439.42,77439.42,77434.0,77434.01,0.83435,64608.9331067
2026-09-15 06:36:00,77434.01,77434.01,77416.0,77416.01,1.77229,137220.1461703
2026-09-15 06:37:00,77416.0,77428.01,77416.0,77428.0,2.20709,170873.4764746
2026-09-15 06:38:00,77428.0,77428.05,77428.0,77428.04,2.34337,181442.5303131
2026-09-15 06:39:00,77428.04,77428.05,77400.0,77414.01,15.57059,1205326.0610801
2026-09-15 06:40:00,77414.0,77414.01,77404.0,77413.99,2.77256,214624.0502598
2026-09-15 06:41:00,77413.99,77442.14,77413.98,77442.13,3.85308,298338.8667217
2026-09-15 06:42:00,77442.14,77450.38,77442.13,77442.91,2.5538,197782.170364
2026-09-15 06:43:00,77442.91,77442.92,77429.27,77429.27,4.6352,358946.6299717
2026-09-15 06:44:00,77429.27,77442.76,77423.45,77442.76,8.06296,624315.9760449
2026-09-15 06:45:00,77442.75,77446.01,77406.0,77406.01,9.49967,735570.3582902
2026-09-15 06:46:00,77406.01,77406.01,77388.0,77388.01,4.82249,373234.1021824
2026-09-15 06:47:00,77388.02,77388.02,77380.0,77380.0,7.7663,600969.8402975
2026-09-15 06:48:00,77380.0,77380.01,77356.0,77356.0,11.29894,874226.9875859
2026-09-15 06:49:00,77356.0,77356.01,77327.73,77327.74,5.69687,440628.2394866
2026-09-15 06:50:00,77327.74,77335.29,77260.01,77276.04,31.62697,2444480.7537534
2026-09-15 06:51:00,77276.03,77299.5,77259.66,77286.53,19.79683,1529836.2350274
2026-09-15 06:52:00,77286.53,77286.54,77252.25,77252.26,6.92641,535172.4428975
2026-09-15 06:53:00,77252.26,77252.26,77203.82,77211.55,11.10481,857607.5815157
2026-09-15 06:54:00,77211.56,77247.12,77211.55,77234.04,4.27239,329963.2677542
2026-09-15 06:55:00,77234.05,77234.05,77212.65,77212.66,2.08627,161111.7640278
2026-09-15 06:56:00,77212.65,77244.51,77191.02,77244.51,17.39595,1343046.9635641
2026-09-15 06:57:00,77244.51,77259.82,77244.5,77259.82,3.29007,254157.2659515
2026-09-15 06:58:00,77259.81,77276.07,77259.81,77260.93,5.31488,410664.5317618
2026-09-15 06:59:00,77260.93,77286.71,77260.93,77286.7,6.04933,467437.5429964
2026-09-15 07:00:00,77286.71,77286.71,77255.04,77255.05,8.83712,682904.9565935
2026-09-15 07:01:00,77255.05,77285.91,77243.38,77280.61,9.63122,744154.732685
2026-09-15 07:02:00,77280.61,77300.01,77234.37,77254.44,18.68595,1443986.3699903
2026-09-15 07:03:00,77254.44,77281.61,77239.59,77281.61,6.94707,536694.4729683
2026-09-15 07:04:00,77281.6,77310.71,77281.6,77302.98,3.40424,263152.8493054
2026-09-15 07:05:00,77302.98,77306.82,77250.0,77250.01,4.85126,374913.1342096
2026-09-15 07:06:00,77250.01,77250.01,77230.78,77233.27,6.12681,473200.0524372
2026-09-15 07:07:00,77233.27,77233.27,77193.54,77193.55,5.49914,424597.2470729
2026-09-15 07:08:00,77193.55,77197.24,77164.57,77194.55,13.42417,1036139.3267451
2026-09-15 07:09:00,77194.55,77265.84,77194.54,77265.83,11.75299,907523.2204151
2026-09-15 07:10:00,77265.83,77275.33,77230.83,77235.98,9.79746,756904.1809159
2026-09-15 07:11:00,77235.98,77250.2,77220.9,77220.9,16.39762,1266576.4187714
2026-09-15 07:12:00,77220.9,77220.91,77202.75,77202.75,1.68867,130389.846509
2026-09-15 07:13:00,77202.76,77270.11,77202.75,77210.73,18.87686,1457868.0153116
2026-09-15 07:14:00,77210.73,77218.0,77193.54,77218.0,7.52094,580614.6619754
2026-09-15 07:15:00,77217.99,77256.11,77217.99,77256.11,6.41256,495260.2549968
2026-09-15 07:16:00,77256.11,77256.11,77205.51,77218.33,11.90334,919273.7757996
2026-09-15 07:17:00,77218.28,77242.47,77193.56,77242.46,18.76555,1449060.118922
2026-09-15 07:18:00,77242.47,77284.92,77242.46,77281.19,9.83653,760055.3394737
2026-09-15 07:19:00,77281.19,77298.2,77280.43,77281.67,16.07469,1242346.1906918
2026-09-15 07:20:00,77281.67,77308.61,77281.67,77304.89,6.95927,537958.1711854
2026-09-15 07:21:00,77304.88,77308.34,77262.81,77262.81,21.4265,1656189.6979207
2026-09-15 07:22:00,77262.81,77271.16,77253.38,77255.87,9.56008,738672.587098
2026-09-15 07:23:00,77255.87,77300.87,77255.86,77276.84,32.3639,2501309.1084177
2026-09-15 07:24:00,77276.84,77276.84,77275.28,77275.29,2.35447,181945.3599311
2026-09-15 07:25:00,77275.29,77308.33,77275.28,77308.33,3.9338,304018.3196691
2026-09-15 07:26:00,77308.33,77309.65,77280.87,77280.87,5.62481,434832.8168197
2026-09-15 07:27:00,77280.87,77285.84,77280.86,77285.83,2.56811,198468.0789743
2026-09-15 07:28:00,77285.84,77285.84,77281.35,77281.36,1.76772,136613.8299731
2026-09-15 07:29:00,77281.35,77281.35,77279.54,77279.55,3.29575,254695.5712218
2026-09-15 07:30:00,77279.55,77279.55,77271.81,77271.81,8.48415,655647.0513151
2026-09-15 07:31:00,77271.82,77271.82,77250.02,77250.02,6.10362,471549.8307956
2026-09-15 07:32:00,77250.02,77250.03,77200.0,77200.02,10.38399,801811.6563066
2026-09-15 07:33:00,77200.02,77200.02,77200.01,77200.01,9.34339,721309.8511715
2026-09-15 07:34:00,77200.02,77200.02,77121.86,77121.86,25.32468,1953955.4643259
2026-09-15 07:35:00,77121.87,77139.36,77019.79,77139.36,99.39311,7661331.9468904
2026-09-15 07:36:00,77139.36,77166.99,77110.95,77166.98,19.11738,1474644.8122827
2026-09-15 07:37:00,77166.99,77177.29,77156.37,77158.53,10.35721,799161.8624915
2026-09-15 07:38:00,77158.53,77158.53,77099.19,77115.91,10.14513,782477.4038274
2026-09-15 07:39:00,77115.91,77115.91,77072.04,77073.69,12.35979,952926.2767605
2026-09-15 07:40:00,77073.69,77110.0,77073.68,77110.0,10.4474,805386.3952249
2026-09-15 07:41:00,77110.0,77123.94,77041.17,77043.48,12.45731,960408.26816
2026-09-15 07:42:00,77043.48,77045.36,77019.79,77034.15,14.42351,1111121.7286841
2026-09-15 07:43:00,77034.14,77065.88,77034.14,77065.87,6.93808,534601.0069507
2026-09-15 07:44:00,77065.88,77065.88,77033.99,77034.28,10.45709,805666.5906875
2026-09-15 07:45:00,77034.29,77085.38,77034.28,77085.37,11.61518,895002.4707844
2026-09-15 07:46:00,77085.38,77099.02,77051.36,77051.37,13.24267,1020675.8664438
2026-09-15 07:47:00,77051.37,77062.81,77025.93,77025.93,29.25699,2254113.8226988
2026-09-15 07:48:00,77025.94,77033.04,77009.99,77033.03,26.04845,2006151.7388247
2026-09-15 07:49:00,77033.04,77040.88,77026.95,77026.95,13.19061,1016145.1517501
2026-09-15 07:50:00,77026.96,77026.96,77000.0,77000.0,16.58551,1277290.0851383
2026-09-15 07:51:00,77000.01,77000.01,76972.76,76992.52,57.33431,4414505.6179626
2026-09-15 07:52:00,76992.52,76992.53,76936.15,76948.92,22.14312,1703996.0243077
2026-09-15 07:53:00,76948.92,76957.65,76911.99,76915.0,22.21972,1709420.156297
2026-09-15 07:54:00,76915.01,76918.45,76900.0,76918.45,24.7754,1905460.214367
2026-09-15 07:55:00,76918.44,76918.45,76899.0,76899.0,12.39551,953315.8957571
2026-09-15 07:56:00,76899.01,76915.02,76889.22,76911.52,29.11491,2238836.2627082
2026-09-15 07:57:00,76911.52,76911.52,76889.22,76892.92,15.23211,1171294.154877
2026-09-15 07:58:00,76892.93,76913.2,76892.92,76910.0,12.44141,956716.8854901
2026-09-15 07:59:00,76910.01,76946.1,76910.0,76930.01,16.52596,1271210.5710067
2026-09-15 08:00:00,76930.0,76938.31,76883.72,76883.72,13.07211,1005504.1195979
2026-09-15 08:01:00,76883.73,76883.86,76860.0,76860.01,30.89713,2375011.654702
2026-09-15 08:02:00,76860.01,76860.01,76840.67,76844.74,31.50782,2421306.6884184
2026-09-15 08:03:00,76844.74,76919.78,76844.73,76868.56,21.53984,1655874.3913972
2026-09-15 08:04:00,76868.56,76868.57,76853.06,76858.64,7.35949,565642.2456418
2026-09-15 08:05:00,76858.63,76858.64,76841.69,76845.99,8.96713,689129.108175
2026-09-15 08:06:00,76845.98,76845.99,76840.0,76840.01,7.75159,595656.8815286
2026-09-15 08:07:00,76840.01,76840.01,76806.45,76806.45,7.88516,605768.5138534
2026-09-15 08:08:00,76806.46,76806.46,76730.0,76746.38,46.29593,3554745.1768302
2026-09-15 08:09:00,76746.38,76774.09,76746.37,76774.09,11.33946,870395.0392169
2026-09-15 08:10:00,76774.09,76774.09,76726.38,76726.38,11.93428,915941.5194041
2026-09-15 08:11:00,76726.38,76769.23,76703.59,76738.01,21.68734,1664089.0975703
2026-09-15 08:12:00,76738.0,76748.01,76717.58,76748.01,12.25744,940476.791166
2026-09-15 08:13:00,76748.01,76786.01,76748.0,76779.99,44.48109,3414469.8805593
2026-09-15 08:14:00,76780.0,76812.0,76773.13,76810.01,17.27587,1326549.9304504
2026-09-15 08:15:00,76810.01,76845.3,76774.01,76774.01,16.86999,1295969.7166674
2026-09-15 08:16:00,76774.0,76774.01,76707.62,76707.63,10.98422,842969.4441215
2026-09-15 08:17:00,76707.62,76755.97,76707.62,76736.62,14.99808,1150837.1045235
2026-09-15 08:18:00,76736.62,76784.93,76717.35,76784.92,14.95738,1147907.1530473
2026-09-15 08:19:00,76784.93,76804.01,76780.0,76804.01,9.82448,754386.1456002
2026-09-15 08:20:00,76804.01,76842.37,76804.0,76830.01,7.27654,559068.20273
2026-09-15 08:21:00,76830.0,76830.01,76787.22,76794.0,8.02452,616283.3272205
2026-09-15 08:22:00,76794.0,76857.99,76794.0,76852.12,15.33541,1178199.060627
2026-09-15 08:23:00,76852.12,76852.13,76826.0,76839.44,13.49318,1036872.7735543
2026-09-15 08:24:00,76839.43,76885.21,76839.43,76858.0,12.27014,943107.3155619
2026-09-15 08:25:00,76858.0,76858.01,76800.01,76808.04,6.0596,465485.8102288
2026-09-15 08:26:00,76808.03,76864.01,76808.03,76852.92,22.1726,1703364.2964574
2026-09-15 08:27:00,76852.91,76874.72,76852.91,76865.26,10.06136,773378.8662756
2026-09-15 08:28:00,76865.26,76881.05,76830.0,76866.01,23.34147,1793641.5787848
2026-09-15 08:29:00,76866.01,76876.8,76856.0,76856.01,8.01464,616037.7662619
2026-09-15 08:30:00,76856.01,76894.67,76845.92,76866.0,13.89892,1068402.3469921
2026-09-15 08:31:00,76866.0,76875.02,76854.96,76875.02,3.94109,302943.1433257
2026-09-15 08:32:00,76875.01,76882.67,76875.01,76882.0,7.57022,581988.1308673
2026-09-15 08:33:00,76881.99,76882.01,76876.0,76876.0,7.01957,539676.0196088
2026-09-15 08:34:00,76876.01,76882.01,76876.0,76882.01,7.91651,608598.9555436
2026-09-15 08:35:00,76882.01,76882.01,76861.53,76870.0,5.4786,421144.3077693
2026-09-15 08:36:00,76870.0,76870.01,76864.0,76864.0,3.43559,264091.6412993
2026-09-15 08:37:00,76864.0,76864.01,76842.0,76842.0,15.95077,1225953.8584525
2026-09-15 08:38:00,76842.01,76846.01,76832.0,76837.32,5.17971,398003.9015339
2026-09-15 08:39:00,76837.31,76866.89,76834.0,76866.88,9.28684,713663.5047239
2026-09-15 08:40:00,76866.88,76866.89,76836.88,76856.09,34.55129,2655539.9863009
2026-09-15 08:41:00,76856.09,76856.09,76852.0,76854.61,2.95074,226777.9499593
2026-09-15 08:42:00,76854.6,76872.38,76854.6,76872.38,8.5631,658173.135932
2026-09-15 08:43:00,76872.38,76874.97,76872.37,76874.97,3.40574,261811.5876472
2026-09-15 08:44:00,76874.97,76874.97,76844.0,76844.0,7.10895,546416.6743726
2026-09-15 08:45:00,76844.01,76852.14,76844.0,76852.14,3.50415,269287.1619196
2026-09-15 08:46:00,76852.13,76887.73,76852.13,76887.73,6.97387,536093.9458273
2026-09-15 08:47:00,76887.73,76895.06,76887.72,76895.06,4.04833,311279.2861761
2026-09-15 08:48:00,76895.05,76934.01,76895.05,76930.01,9.05592,696561.6116827
2026-09-15 08:49:00,76930.0,76934.2,76877.13,76877.14,16.98633,1306530.8155684
2026-09-15 08:50:00,76877.13,76922.58,76858.0,76921.93,13.30163,1022702.4380269
2026-09-15 08:51:00,76921.94,76921.94,76885.42,76885.42,8.21088,631544.891301
2026-09-15 08:52:00,76885.42,76890.01,76876.37,76890.0,7.83289,602219.5301656
2026-09-15 08:53:00,76890.0,76928.6,76890.0,76924.29,7.4866,575802.5510494
2026-09-15 08:54:00,76924.29,76932.01,76923.61,76932.01,5.64722,434416.1697822
2026-09-15 08:55:00,76932.0,76940.67,76932.0,76940.67,4.08821,314531.2522351
2026-09-15 08:56:00,76940.66,76969.53,76940.66,76960.01,10.86925,836483.9713068
2026-09-15 08:57:00,76960.01,76994.7,76959.14,76961.53,21.63713,1665554.9573608
2026-09-15 08:58:00,76961.52,76970.01,76961.52,76966.01,2.27695,175247.4993926
2026-09-15 08:59:00,76966.01,77007.84,76966.0,77000.01,8.43164,649121.2291905
2026-09-15 09:00:00,77000.01,77000.01,76949.03,76949.04,10.17252,783032.702463
2026-09-15 09:01:00,76949.03,76949.03,76910.0,76910.0,6.49178,499392.9354342
2026-09-15 09:02:00,76910.01,76921.09,76902.0,76920.0,5.34237,410863.8798573
2026-09-15 09:03:00,76920.0,76926.98,76920.0,76926.97,2.57697,198228.2180131
2026-09-15 09:04:00,76926.98,76965.54,76926.97,76937.62,7.20072,554021.2441319
2026-09-15 09:05:00,76937.62,76937.62,76926.01,76926.01,1.5737,121066.997779
2026-09-15 09:06:00,76926.01,76935.43,76926.01,76935.42,2.20397,169558.3440954
2026-09-15 09:07:00,76935.43,76935.43,76916.0,76916.01,6.6132,508738.6648563
2026-09-15 09:08:00,76916.01,76921.91,76916.0,76921.0,7.30547,561938.1275505
2026-09-15 09:09:00,76921.0,76965.87,76921.0,76952.31,4.70572,362070.610774
2026-09-15 09:10:00,76952.32,76952.32,76922.21,76922.21,4.06213,312536.9240267
2026-09-15 09:11:00,76922.01,76937.16,76906.55,76937.16,17.21802,1324470.4639191
2026-09-15 09:12:00,76937.15,76937.16,76928.03,76928.04,2.43108,187036.5066465
2026-09-15 09:13:00,76928.04,76928.04,76900.0,76900.0,5.9431,457084.5803925
2026-09-15 09:14:00,76900.01,76933.36,76900.0,76933.35,17.99168,1383696.8314884
2026-09-15 09:15:00,76933.35,76983.41,76929.82,76976.01,14.1525,1089106.0151611
2026-09-15 09:16:00,76976.0,76998.16,76969.68,76991.87,11.41482,878777.1306817
2026-09-15 09:17:00,76991.87,76991.88,76962.0,76964.5,13.69447,1054038.4773956
2026-09-15 09:18:00,76964.5,76964.51,76940.0,76940.01,2.7251,209697.5695704
2026-09-15 09:19:00,76940.0,76940.01,76906.0,76906.0,5.04433,388007.3029509
2026-09-15 09:20:00,76906.01,76906.01,76900.0,76900.0,1.49568,115019.7646303
2026-09-15 09:21:00,76900.0,76933.91,76896.0,76932.0,8.7979,676646.3358027
2026-09-15 09:22:00,76932.0,76932.01,76915.37,76928.33,7.59582,584285.0516826
2026-09-15 09:23:00,76928.34,76965.17,76918.35,76930.71,11.07675,852296.4903113
2026-09-15 09:24:00,76930.7,76930.71,76907.05,76907.06,1.7386,133728.1799626
2026-09-15 09:25:00,76907.06,76907.06,76882.0,76882.01,9.35261,719223.8955034
2026-09-15 09:26:00,76882.01,76890.83,76882.0,76888.35,6.9597,535109.301062
2026-09-15 09:27:00,76888.35,76889.58,76869.99,76870.0,5.15329,396185.3045035
2026-09-15 09:28:00,76869.99,76876.44,76869.99,76871.45,6.01281,462223.6845112
2026-09-15 09:29:00,76871.46,76916.01,76871.45,76912.0,13.36397,1027589.6237037
2026-09-15 09:30:00,76912.0,76915.1,76910.0,76910.0,2.40434,184920.8749601
2026-09-15 09:31:00,76910.01,76910.01,76906.17,76906.17,1.52481,117268.589519
2026-09-15 09:32:00,76906.17,76911.18,76906.17,76911.18,2.71703,208964.9469832
2026-09-15 09:33:00,76911.18,76913.99,76910.0,76910.01,4.24324,326357.3978816
2026-09-15 09:34:00,76910.0,76975.43,76910.0,76975.43,11.86661,913075.5389025
2026-09-15 09:35:00,76975.42,76988.36,76975.42,76988.36,7.71682,594059.4083427
2026-09-15 09:36:00,76988.35,76988.36,76948.07,76960.01,14.10602,1085757.2553019
2026-09-15 09:37:00,76960.01,76960.01,76946.0,76946.0,3.86559,297489.1459381
2026-09-15 09:38:00,76946.01,76954.29,76938.0,76954.29,3.8241,294229.386393
2026-09-15 09:39:00,76954.28,76967.87,76954.28,76967.87,3.42689,263737.7383801
2026-09-15 09:40:00,76967.86,76967.87,76967.86,76967.87,2.27744,175289.7017056
2026-09-15 09:41:00,76967.87,76978.44,76967.86,76974.43,3.60054,277148.0423102
2026-09-15 09:42:00,76974.42,76974.43,76965.66,76965.66,5.32442,409812.7017388
2026-09-15 09:43:00,76965.67,76965.67,76957.97,76957.98,4.10611,316012.1821322
2026-09-15 09:44:00,76957.98,76991.62,76950.0,76991.62,16.90576,1301187.9905089
2026-09-15 09:45:00,76991.62,77000.01,76991.61,76994.48,13.03839,1003939.3436047
2026-09-15 09:46:00,76994.47,77000.01,76978.0,76981.67,22.54552,1735765.9820777
2026-09-15 09:47:00,76981.68,77000.01,76981.67,77000.0,9.20302,708544.4769071
2026-09-15 09:48:00,77000.0,77041.6,77000.0,77041.59,6.39537,492594.4803663
2026-09-15 09:49:00,77041.59,77041.6,77041.59,77041.59,1.57228,121130.9615406
2026-09-15 09:50:00,77041.6,77041.6,76995.06,77000.0,15.74216,1212249.7936491
2026-09-15 09:51:00,77000.0,77015.88,77000.0,77000.0,6.99376,538591.7024998
2026-09-15 09:52:00,77000.0,77019.28,77000.0,77019.27,7.80707,601244.2204523
2026-09-15 09:53:00,77019.27,77041.05,77019.27,77041.04,7.99234,615599.3325187
2026-09-15 09:54:00,77041.04,77057.96,77041.04,77057.95,6.42698,495207.2330272
2026-09-15 09:55:00,77057.95,77059.87,77020.0,77020.01,20.28205,1562654.9459008
2026-09-15 09:56:00,77020.0,77020.01,77020.0,77020.01,1.65624,127563.6162132
2026-09-15 09:57:00,77020.0,77026.97,77000.0,77000.0,6.56686,505782.3982914
2026-09-15 09:58:00,77000.0,77000.01,76964.84,76971.28,5.25326,404396.7841589
2026-09-15 09:59:00,76971.28,76995.21,76959.99,76984.05,43.67489,3361694.5012948
2026-09-15 10:00:00,76984.05,76996.01,76984.04,76996.01,7.09317,546111.7952417
2026-09-15 10:01:00,76996.01,76996.01,76957.99,76958.0,4.91782,378576.8099581
2026-09-15 10:02:00,76958.0,76958.5,76930.0,76930.01,30.91071,2378312.5328178
2026-09-15 10:03:00,76930.0,76999.99,76910.0,76999.99,41.98652,3229987.7866845
2026-09-15 10:04:00,76999.98,76999.99,76936.56,76936.57,5.36437,412909.0319304
2026-09-15 10:05:00,76936.57,76936.57,76920.0,76920.01,2.96976,228445.4586107
2026-09-15 10:06:00,76920.01,76926.02,76920.0,76926.02,7.08378,544889.7132141
2026-09-15 10:07:00,76926.02,76947.93,76925.07,76947.93,6.84191,526352.6875016
2026-09-15 10:08:00,76947.93,77020.79,76947.92,77020.79,8.72689,671898.7191242
2026-09-15 10:09:00,77020.79,77033.16,77020.78,77033.16,4.69922,361956.4245782
2026-09-15 10:10:00,77033.15,77033.16,77010.01,77010.01,3.22738,248570.8119631
2026-09-15 10:11:00,77010.01,77054.64,77009.99,77045.98,8.21017,632467.0848389
2026-09-15 10:12:00,77045.99,77045.99,77023.27,77023.28,2.37765,183164.0433764
2026-09-15 10:13:00,77023.28,77023.71,77007.71,77007.71,2.14634,165311.742467
2026-09-15 10:14:00,77007.71,77007.71,76992.0,76996.25,13.11315,1009623.1416411
2026-09-15 10:15:00,76996.25,77002.35,76990.0,77002.35,10.40648,801252.6683247
2026-09-15 10:16:00,77002.34,77016.13,77002.34,77009.09,9.37617,722060.157185
2026-09-15 10:17:00,77009.1,77009.1,77009.09,77009.09,1.50746,116088.1308836
2026-09-15 10:18:00,77009.09,77023.0,77009.09,77022.99,2.56246,197344.7554611
2026-09-15 10:19:00,77023.0,77023.0,76986.58,76986.59,11.86068,913263.8938456
2026-09-15 10:20:00,76986.59,76986.59,76960.01,76960.02,10.77239,829191.5064785
2026-09-15 10:21:00,76960.01,76960.02,76926.31,76926.31,6.6852,514385.2139101
2026-09-15 10:22:00,76926.32,76939.33,76926.31,76939.32,5.77032,443933.2301898
2026-09-15 10:23:00,76939.33,76995.62,76939.33,76994.72,6.98803,537830.7989664
2026-09-15 10:24:00,76996.01,77033.41,76996.0,77032.63,4.40162,338990.3841795
2026-09-15 10:25:00,77032.63,77042.01,77018.89,77018.89,5.90422,454831.926501
2026-09-15 10:26:00,77018.89,77018.89,77014.0,77016.0,2.15818,166215.6199236
2026-09-15 10:27:00,77016.0,77035.06,76929.97,76929.98,21.68499,1669517.818131
2026-09-15 10:28:00,76929.98,76944.2,76892.01,76901.7,16.70597,1285044.5358796
2026-09-15 10:29:00,76901.71,76923.48,76892.0,76892.0,9.55903,735165.2519781
2026-09-15 10:30:00,76892.0,76910.01,76872.9,76872.91,16.38227,1259639.920415
2026-09-15 10:31:00,76872.91,76918.01,76872.9,76918.01,16.77451,1290018.9178867
2026-09-15 10:32:00,76918.01,76976.01,76918.0,76958.0,15.76301,1213154.0578137
2026-09-15 10:33:00,76958.0,76982.01,76942.01,76957.08,14.83046,1141374.0408453
2026-09-15 10:34:00,76957.08,76970.01,76957.08,76966.0,6.54113,503451.8234768
2026-09-15 10:35:00,76966.0,76984.65,76963.55,76984.01,7.75118,596629.8673531
2026-09-15 10:36:00,76984.01,76996.08,76984.0,76986.01,9.09035,699894.6964487
2026-09-15 10:37:00,76986.0,76986.01,76960.0,76960.0,18.92445,1456624.5080462
2026-09-15 10:38:00,76960.0,76972.01,76916.71,76932.63,46.04468,3543255.9932678
2026-09-15 10:39:00,76932.63,76944.73,76931.38,76942.75,8.22108,632491.9563893
2026-09-15 10:40:00,76942.74,76950.01,76934.77,76950.01,13.71077,1054914.1940407
2026-09-15 10:41:00,76950.01,76970.0,76950.0,76963.46,9.77739,752447.8244172
2026-09-15 10:42:00,76963.46,76996.08,76963.45,76996.08,9.70844,747325.7943281
2026-09-15 10:43:00,76996.08,76996.08,76994.0,76994.01,4.32495,333002.8325844
2026-09-15 10:44:00,76994.01,77052.01,76994.0,77052.01,9.85685,759261.632118
2026-09-15 10:45:00,77052.01,77060.01,77052.01,77060.01,4.19189,322996.8773315
2026-09-15 10:46:00,77060.01,77072.01,77060.0,77072.01,7.3458,566131.9807656
2026-09-15 10:47:00,77072.01,77112.01,77072.0,77101.88,7.97697,615041.55605
2026-09-15 10:48:00,77101.88,77101.89,77080.0,77080.0,3.01226,232196.2064947
2026-09-15 10:49:00,77080.01,77129.02,77080.0,77129.02,7.92025,610687.516889
2026-09-15 10:50:00,77129.02,77150.0,77129.01,77149.99,7.43149,573299.1775701
2026-09-15 10:51:00,77150.0,77176.07,77149.99,77176.07,4.67375,360638.774784
2026-09-15 10:52:00,77176.07,77176.07,77061.04,77064.0,14.605,1126431.6738481
2026-09-15 10:53:00,77063.99,77064.0,77020.53,77025.77,5.61577,432612.2540135
2026-09-15 10:54:00,77025.78,77037.95,77008.51,77008.52,6.74857,519805.3073991
2026-09-15 10:55:00,77008.52,77062.01,77008.51,77062.0,10.36774,798633.160236
2026-09-15 10:56:00,77062.01,77062.01,77028.72,77044.01,9.26438,713736.3591728
2026-09-15 10:57:00,77044.0,77113.57,77040.3,77084.02,14.37681,1108290.4068604
2026-09-15 10:58:00,77084.01,77084.01,77038.3,77038.3,4.59073,353774.2654512
2026-09-15 10:59:00,77038.31,77066.01,77038.3,77053.8,12.06848,929942.3427547
2026-09-15 11:00:00,77053.8,77053.81,77048.0,77049.99,3.9029,300723.7687227
2026-09-15 11:01:00,77050.0,77085.01,77049.99,77085.0,4.43255,341596.8469524
2026-09-15 11:02:00,77085.01,77120.01,77085.0,77116.3,12.38538,955083.6848977
2026-09-15 11:03:00,77116.3,77116.3,77088.55,77097.81,14.98443,1155392.305017
2026-09-15 11:04:00,77097.81,77106.06,77090.09,77106.06,4.31218,332454.7254097
2026-09-15 11:05:00,77106.05,77128.24,77084.01,77128.24,6.83329,526826.0784297
2026-09-15 11:06:00,77128.25,77128.25,77125.87,77125.87,2.28811,176473.6485019
2026-09-15 11:07:00,77125.87,77125.88,77115.06,77115.99,2.71489,209365.7149413
2026-09-15 11:08:00,77115.99,77158.95,77115.99,77158.95,9.45953,729701.0591298
2026-09-15 11:09:00,77158.95,77223.32,77158.94,77212.01,15.97567,1233278.9656937
2026-09-15 11:10:00,77212.0,77212.01,77176.43,77182.01,11.5226,889378.7308171
2026-09-15 11:11:00,77182.01,77182.01,77156.0,77156.01,5.01509,387013.8678795
2026-09-15 11:12:00,77156.0,77156.01,77053.17,77062.8,18.84698,1452998.2317289
2026-09-15 11:13:00,77062.8,77062.8,77032.0,77032.01,11.06932,852820.7266342
2026-09-15 11:14:00,77032.0,77038.51,77012.0,77038.51,5.8374,449609.2570625
2026-09-15 11:15:00,77040.0,77052.02,77032.0,77032.01,6.05607,466576.6301946
2026-09-15 11:16:00,77032.0,77080.85,77032.0,77074.42,11.45547,882665.65182
2026-09-15 11:17:00,77074.43,77110.34,77074.42,77096.03,11.485,885406.0005445
2026-09-15 11:18:00,77096.03,77106.03,77064.32,77084.01,18.15498,1399468.1600274
2026-09-15 11:19:00,77084.01,77107.09,77073.99,77073.99,4.86986,375441.0644252
2026-09-15 11:20:00,77073.99,77073.99,77044.0,77051.39,6.62749,510651.051185
2026-09-15 11:21:00,77051.4,77054.52,77016.0,77016.0,4.06383,313071.1561975
2026-09-15 11:22:00,77016.0,77016.01,76983.05,76984.01,8.32623,641075.9400032
2026-09-15 11:23:00,76984.0,76991.66,76976.89,76976.9,7.07757,544828.843397
2026-09-15 11:24:00,76976.9,76976.9,76972.0,76974.0,1.06048,81630.0340656
2026-09-15 11:25:00,76974.0,76997.41,76974.0,76996.77,11.52059,886945.0317728
2026-09-15 11:26:00,76996.77,77009.56,76996.76,77002.02,2.6888,207044.4577051
2026-09-15 11:27:00,77002.03,77002.03,76994.0,76998.74,10.19357,784874.3616941
2026-09-15 11:28:00,76998.74,77001.09,76998.74,77001.08,2.52814,194663.7827517
2026-09-15 11:29:00,77001.08,77001.09,77001.08,77001.08,2.25632,173739.0952882
2026-09-15 11:30:00,77001.08,77001.09,76988.0,76988.01,2.81869,217032.0868627
2026-09-15 11:31:00,76988.0,76988.01,76960.3,76960.31,3.98296,306585.604108
2026-09-15 11:32:00,76960.31,76960.31,76956.0,76956.42,2.1404,164717.6867982
2026-09-15 11:33:00,76956.42,76956.43,76925.91,76926.01,13.55276,1042801.6710132
2026-09-15 11:34:00,76926.0,76928.01,76909.03,76927.03,10.12326,778661.8370688
2026-09-15 11:35:00,76927.04,76939.29,76927.03,76939.29,4.27914,329221.5363524
2026-09-15 11:36:00,76939.28,76939.29,76939.28,76939.29,0.56852,43741.5242028
2026-09-15 11:37:00,76939.29,76948.79,76928.56,76928.56,4.54537,349729.3954452
2026-09-15 11:38:00,76928.57,76928.57,76894.0,76894.01,7.61804,585898.1839772
2026-09-15 11:39:00,76894.01,76952.3,76894.01,76919.16,24.55399,1888648.7060794
2026-09-15 11:40:00,76919.16,76923.33,76850.75,76865.25,28.09216,2160103.5632657
2026-09-15 11:41:00,76865.25,76916.01,76850.0,76908.6,13.11562,1008516.708383
2026-09-15 11:42:00,76908.61,76928.88,76908.61,76928.88,5.81885,447570.24881
2026-09-15 11:43:00,76928.87,76942.01,76928.09,76930.01,7.82353,601908.7316332
2026-09-15 11:44:00,76930.01,76941.57,76902.0,76926.33,18.48271,1421666.4256143
2026-09-15 11:45:00,76926.69,76926.7,76912.0,76914.01,2.35125,180853.792562
2026-09-15 11:46:00,76914.0,76914.01,76907.99,76908.0,2.10205,161672.2402393
2026-09-15 11:47:00,76908.0,76908.0,76865.9,76865.9,3.50671,269623.7544856
2026-09-15 11:48:00,76865.91,76865.91,76850.0,76856.01,6.3809,490440.9903326
2026-09-15 11:49:00,76856.01,76858.04,76845.0,76845.0,4.36924,335781.8164687
2026-09-15 11:50:00,76845.0,76852.51,76843.75,76852.5,4.37792,336433.674793
2026-09-15 11:51:00,76852.5,76928.65,76852.5,76928.64,8.32761,640283.6267951
2026-09-15 11:52:00,76928.65,76928.65,76924.94,76924.94,3.11645,239736.8976778
2026-09-15 11:53:00,76924.94,76942.01,76920.0,76926.13,3.47467,267307.7007337
2026-09-15 11:54:00,76926.14,76926.14,76899.99,76900.0,3.61687,278191.8805255
2026-09-15 11:55:00,76900.0,76915.51,76899.99,76915.51,6.04921,465219.1101299
2026-09-15 11:56:00,76915.51,76922.21,76909.98,76910.0,19.78815,1522099.6163204
2026-09-15 11:57:00,76909.99,76945.11,76909.99,76945.11,5.00599,385068.5113373
2026-09-15 11:58:00,76945.11,76951.63,76945.11,76950.0,3.97709,306041.0240289
2026-09-15 11:59:00,76950.0,76950.01,76940.0,76940.01,2.02355,155708.0223926
2026-09-15 12:00:00,76940.01,76959.18,76926.88,76959.18,7.63327,587285.9514948
2026-09-15 12:01:00,76959.18,76970.13,76922.0,76922.0,4.49486,345873.6342857
2026-09-15 12:02:00,76922.0,76922.01,76908.0,76908.01,2.93948,226087.8998471
2026-09-15 12:03:00,76908.01,76916.03,76908.0,76916.03,2.63419,202598.2654311
2026-09-15 12:04:00,76916.03,76945.11,76916.02,76939.96,9.31617,716767.3902458
2026-09-15 12:05:00,76939.96,76949.22,76901.28,76901.28,11.59402,891950.7334471
2026-09-15 12:06:00,76901.28,76901.29,76888.0,76898.01,4.45625,342674.5322259
2026-09-15 12:07:00,76898.01,76917.78,76898.0,76916.54,3.31944,255284.5252303
2026-09-15 12:08:00,76916.54,76930.49,76916.52,76918.88,4.56931,351492.2408083
2026-09-15 12:09:00,76918.87,76918.87,76859.64,76859.65,6.60916,508146.2065213
2026-09-15 12:10:00,76859.64,76923.1,76859.64,76910.0,12.88759,990961.1937384
2026-09-15 12:11:00,76910.01,76938.01,76910.0,76910.76,4.04027,310781.3514418
2026-09-15 12:12:00,76910.77,76950.33,76910.77,76945.1,7.81163,601012.0602691
2026-09-15 12:13:00,76945.11,76978.01,76942.0,76942.0,8.46634,651572.6192166
2026-09-15 12:14:00,76942.01,76942.01,76915.33,76922.6,4.89425,376514.4018958
2026-09-15 12:15:00,76922.59,76927.28,76902.0,76911.54,9.52393,732546.4019446
2026-09-15 12:16:00,76911.55,76958.88,76911.54,76958.88,4.32566,332764.2885476
2026-09-15 12:17:00,76958.88,76975.32,76958.87,76975.32,5.82654,448416.7685804
2026-09-15 12:18:00,76975.31,76975.32,76960.0,76960.01,2.7544,212009.2204119
2026-09-15 12:19:00,76960.0,76964.16,76956.0,76964.16,5.90738,454624.110941
2026-09-15 12:20:00,76964.15,76964.16,76932.58,76932.58,6.69009,514798.3773853
2026-09-15 12:21:00,76932.0,76958.01,76931.95,76952.01,12.01188,924174.0697806
2026-09-15 12:22:00,76952.0,76969.62,76952.0,76969.62,5.45551,419841.3257903
2026-09-15 12:23:00,76969.62,76986.5,76968.0,76970.0,4.04202,311129.7157233
2026-09-15 12:24:00,76970.01,76970.01,76930.26,76937.86,6.23066,479383.4347219
2026-09-15 12:25:00,76937.87,76950.16,76930.26,76950.16,3.30487,254280.4317396
2026-09-15 12:26:00,76950.15,76962.12,76950.15,76956.88,3.38027,260138.534674
2026-09-15 12:27:00,76956.87,76980.69,76944.0,76950.3,19.72088,1517906.7020488
2026-09-15 12:28:00,76950.29,76967.38,76914.0,76918.0,12.43293,956672.7685852
2026-09-15 12:29:00,76916.79,76967.14,76916.78,76953.81,50.56688,3891013.2171925
2026-09-15 12:30:00,76953.8,76957.88,76927.08,76930.43,7.63013,587074.7557007
2026-09-15 12:31:00,76930.42,76932.29,76895.99,76896.0,6.68617,514251.2393661
2026-09-15 12:32:00,76896.0,76896.0,76862.6,76878.1,8.47219,651327.3311684
2026-09-15 12:33:00,76878.11,76914.01,76858.66,76882.57,22.49694,1729509.9342448
2026-09-15 12:34:00,76882.57,76942.82,76882.57,76942.82,6.20853,477480.0911714
2026-09-15 12:35:00,76942.82,76942.82,76906.0,76928.0,8.59622,661252.1131849
2026-09-15 12:36:00,76928.01,76958.01,76920.0,76931.59,7.72279,594204.3928597
2026-09-15 12:37:00,76931.59,76952.01,76931.59,76951.98,7.87414,605844.4737396
2026-09-15 12:38:00,76951.99,76965.13,76936.0,76943.86,5.75312,442690.6566144
2026-09-15 12:39:00,76943.97,76967.07,76942.0,76960.88,5.35028,411702.1608626
2026-09-15 12:40:00,76960.89,76960.89,76948.0,76948.0,3.20085,246304.5118766
2026-09-15 12:41:00,76948.01,76948.01,76921.52,76921.99,7.30975,562389.0091095
2026-09-15 12:42:00,76922.0,76938.02,76920.01,76936.0,2.90474,223456.8677766
2026-09-15 12:43:00,76936.01,76936.01,76934.0,76934.0,1.29659,99752.6721652
2026-09-15 12:44:00,76934.01,76947.51,76932.0,76947.51,2.34377,180323.599426
2026-09-15 12:45:00,76947.5,76947.51,76910.0,76922.5,10.36736,797567.7416829
2026-09-15 12:46:00,76922.5,76946.74,76910.0,76946.73,4.35454,334974.3653829
2026-09-15 12:47:00,76946.74,76946.74,76924.0,76939.6,4.00598,308191.3455763
2026-09-15 12:48:00,76939.6,76974.01,76934.76,76974.01,6.69053,514834.3252764
2026-09-15 12:49:00,76974.01,77035.66,76971.99,77006.01,14.35671,1105490.6318116
2026-09-15 12:50:00,77006.0,77035.66,76992.06,77035.66,11.07355,852823.3931961
2026-09-15 12:51:00,77035.65,77062.33,77024.56,77062.32,14.62883,1126997.7931231
2026-09-15 12:52:00,77062.33,77062.33,77035.0,77058.0,10.79284,831566.1820303
2026-09-15 12:53:00,77058.01,77076.01,77053.27,77076.01,10.80671,832828.4886788
2026-09-15 12:54:00,77076.01,77143.15,77076.0,77122.0,15.34201,1183119.1572063
2026-09-15 12:55:00,77122.01,77122.01,77050.01,77062.0,17.18843,1324963.7994168
2026-09-15 12:56:00,77062.0,77062.01,77038.0,77040.0,6.02476,464195.7212189
2026-09-15 12:57:00,77040.0,77040.01,76919.87,76919.88,14.31789,1102207.3023651
2026-09-15 12:58:00,76919.88,76919.88,76878.17,76878.17,8.0063,615656.6537808
2026-09-15 12:59:00,76878.18,76965.8,76878.17,76957.65,12.90504,992919.2886742
2026-09-15 13:00:00,76956.75,77050.48,76954.28,77012.01,14.44753,1112427.9731806
2026-09-15 13:01:00,77012.0,77012.0,76965.83,76997.99,9.38065,722224.6158924
2026-09-15 13:02:00,76998.0,77020.0,76997.99,77014.0,7.38255,568529.8699125
2026-09-15 13:03:00,77014.0,77014.0,77008.0,77008.01,4.27396,329141.7648821
2026-09-15 13:04:00,77008.01,77062.01,77008.0,77052.0,19.41136,1495287.969182
2026-09-15 13:05:00,77052.0,77089.48,77052.0,77089.48,10.21364,787174.931331
2026-09-15 13:06:00,77089.47,77126.01,77089.47,77104.01,16.62619,1282173.2369154
2026-09-15 13:07:00,77104.01,77104.01,77016.07,77035.32,16.02047,1234489.6548834
2026-09-15 13:08:00,77035.32,77044.01,77018.02,77029.71,12.91569,994919.5336278
2026-09-15 13:09:00,77029.72,77050.01,77029.71,77032.02,6.54377,504114.3695179
2026-09-15 13:10:00,77032.01,77032.02,77019.99,77032.02,7.45951,574578.3535112
2026-09-15 13:11:00,77032.02,77045.54,77032.01,77045.54,4.00374,308431.6138897
2026-09-15 13:12:00,77045.54,77061.99,77045.53,77045.54,11.06318,852429.5487084
2026-09-15 13:13:00,77045.53,77045.54,76975.41,76983.11,16.11811,1241224.2431475
2026-09-15 13:14:00,76983.12,76987.36,76960.0,76987.35,9.71742,747979.3654434
2026-09-15 13:15:00,76987.36,77003.69,76976.0,76976.01,10.53014,810782.9495095
2026-09-15 13:16:00,76976.01,77002.01,76976.0,77002.01,6.30536,485411.1404373
2026-09-15 13:17:00,77002.01,77002.01,76990.14,76990.15,9.77895,752906.0133015
2026-09-15 13:18:00,76990.14,76990.15,76919.99,76920.0,12.83249,987518.7158975
2026-09-15 13:19:00,76920.0,76948.01,76919.99,76942.02,7.98474,614296.5409809
2026-09-15 13:20:00,76942.02,76966.01,76942.01,76953.31,6.92787,533146.3609925
2026-09-15 13:21:00,76953.31,76966.01,76939.99,76963.54,10.72089,825025.6215068
2026-09-15 13:22:00,76963.54,76963.54,76926.85,76940.01,3.447,265213.4644382
2026-09-15 13:23:00,76940.0,76950.61,76926.85,76950.61,2.32996,179259.9271413
2026-09-15 13:24:00,76950.61,76950.61,76934.0,76934.0,8.80886,677782.9424261
2026-09-15 13:25:00,76934.0,76956.18,76910.12,76956.18,14.48324,1114208.1188453
2026-09-15 13:26:00,76956.18,76956.18,76914.63,76921.22,8.24292,634109.1826882
2026-09-15 13:27:00,76921.22,76931.3,76920.2,76924.0,2.40779,185219.1962658
2026-09-15 13:28:00,76924.01,76981.7,76924.01,76981.7,6.4784,498562.509576
2026-09-15 13:29:00,76981.69,76997.33,76952.0,76952.0,15.90417,1224292.4184109
2026-09-15 13:30:00,76952.01,76952.01,76805.0,76808.0,35.06309,2695421.4882832
2026-09-15 13:31:00,76808.01,76875.58,76755.0,76758.2,38.31735,2943047.6915279
2026-09-15 13:32:00,76758.2,76858.67,76750.0,76762.59,31.46661,2416336.1514135
2026-09-15 13:33:00,76762.59,76824.73,76718.0,76809.97,30.05342,2307258.3273314
2026-09-15 13:34:00,76809.98,76814.01,76752.37,76777.57,25.98569,1995010.3951751
2026-09-15 13:35:00,76777.56,76777.56,76633.43,76718.01,64.91529,4978945.8858546
2026-09-15 13:36:00,76718.01,76726.01,76595.07,76596.01,103.62544,7944166.3772882
2026-09-15 13:37:00,76596.01,76608.01,76485.0,76510.19,132.1447,10112498.9704857
2026-09-15 13:38:00,76510.2,76510.2,76321.25,76360.71,130.00548,9933867.9593081
2026-09-15 13:39:00,76360.71,76365.62,76123.42,76310.85,232.54447,17727111.2081058
2026-09-15 13:40:00,76310.84,76568.01,76250.46,76499.83,95.86116,7328763.2199648
2026-09-15 13:41:00,76499.83,76499.83,76382.19,76435.14,82.39726,6298320.764226
2026-09-15 13:42:00,76435.13,76455.47,76366.0,76373.46,48.14407,3678664.3931015
2026-09-15 13:43:00,76373.46,76384.01,76290.3,76376.37,47.22222,3604532.6359937
2026-09-15 13:44:00,76376.36,76462.01,76370.36,76422.56,44.42647,3395411.2854264
2026-09-15 13:45:00,76422.56,76494.01,76333.05,76339.48,45.83114,3502627.4461514
2026-09-15 13:46:00,76339.48,76349.79,76241.65,76299.99,79.7232,6082262.2967344
2026-09-15 13:47:00,76300.0,76331.35,76237.33,76275.81,66.79537,5095845.7585587
2026-09-15 13:48:00,76275.81,76334.01,76272.5,76329.98,34.23542,2611949.9011183
2026-09-15 13:49:00,76329.98,76398.57,76303.94,76335.94,55.88055,4266231.1958193
2026-09-15 13:50:00,76335.94,76335.94,76186.86,76186.87,37.46413,2856616.4958615
2026-09-15 13:51:00,76186.86,76274.14,76152.0,76187.37,67.88196,5173226.3803301
2026-09-15 13:52:00,76187.36,76233.18,76163.07,76218.0,63.2865,4821242.5161033
2026-09-15 13:53:00,76218.0,76253.17,76197.32,76253.17,37.80244,2881464.7893025
2026-09-15 13:54:00,76253.17,76277.17,76166.36,76219.96,41.74472,3180768.0941746
2026-09-15 13:55:00,76219.95,76300.01,76212.0,76295.11,35.1334,2679240.8197018
2026-09-15 13:56:00,76295.12,76412.01,76295.11,76412.01,32.68212,2494943.5814821
2026-09-15 13:57:00,76412.01,76499.03,76394.06,76454.29,47.29284,3615879.51437
2026-09-15 13:58:00,76454.64,76500.0,76454.64,76479.12,32.20984,2463419.1690673
2026-09-15 13:59:00,76479.11,76620.01,76479.11,76618.77,70.49005,5395551.3835845
2026-09-15 14:00:00,76618.77,76696.0,76571.69,76588.64,84.45349,6473256.1235505
2026-09-15 14:01:00,76588.63,76588.64,76515.44,76528.01,34.87835,2669649.9714574
2026-09-15 14:02:00,76528.01,76564.01,76482.18,76482.18,17.02838,1303224.7806128
2026-09-15 14:03:00,76482.18,76595.13,76482.17,76582.0,16.66785,1275779.2633318
2026-09-15 14:04:00,76582.01,76647.1,76436.0,76436.01,29.29731,2242461.5377934
2026-09-15 14:05:00,76436.01,76436.01,76340.6,76348.0,70.54797,5389092.5533031
2026-09-15 14:06:00,76348.01,76420.01,76343.12,76353.69,35.73892,2729603.2283938
2026-09-15 14:07:00,76353.69,76363.56,76339.17,76344.46,12.84859,980962.2150428
2026-09-15 14:08:00,76344.46,76368.11,76329.6,76367.24,10.73372,819485.699286
2026-09-15 14:09:00,76367.24,76500.0,76367.23,76484.0,22.67836,1733583.6615336
2026-09-15 14:10:00,76484.0,76517.93,76446.0,76446.01,15.45942,1182382.1441892
2026-09-15 14:11:00,76446.01,76455.97,76394.0,76397.22,11.50785,879591.3885931
2026-09-15 14:12:00,76397.22,76430.7,76394.0,76414.8,11.82986,903918.4194119
2026-09-15 14:13:00,76415.21,76438.88,76404.01,76438.88,18.00217,1375780.3536608
2026-09-15 14:14:00,76438.87,76438.88,76404.01,76406.35,9.99182,763508.0623262
2026-09-15 14:15:00,76406.35,76492.2,76404.03,76492.19,19.19363,1467001.4799005
2026-09-15 14:16:00,76492.19,76492.2,76362.0,76363.24,21.72559,1660678.3823839
2026-09-15 14:17:00,76363.24,76372.95,76322.41,76355.73,25.07438,1914334.4453717
2026-09-15 14:18:00,76355.73,76355.73,76326.22,76334.46,12.48091,952736.603692
2026-09-15 14:19:00,76334.45,76418.99,76334.45,76392.0,93.69916,7156684.0768255
2026-09-15 14:20:00,76392.01,76423.34,76367.77,76423.34,29.17388,2228457.2499583
2026-09-15 14:21:00,76423.34,76476.01,76394.0,76476.01,26.0083,1988003.5317526
2026-09-15 14:22:00,76476.0,76514.01,76414.69,76414.69,26.84444,2052548.1470965
2026-09-15 14:23:00,76414.69,76414.69,76307.47,76372.1,21.86663,1669540.7290402
2026-09-15 14:24:00,76372.09,76424.99,76364.0,76404.01,20.60658,1574387.7547741
2026-09-15 14:25:00,76404.01,76416.44,76362.87,76410.03,17.76597,1357127.104051
2026-09-15 14:26:00,76410.03,76428.22,76393.4,76420.0,13.3671,1021430.5339849
2026-09-15 14:27:00,76420.01,76462.52,76420.0,76462.52,13.19805,1008866.9147137
2026-09-15 14:28:00,76462.51,76462.52,76442.0,76448.01,14.99067,1146075.2557058
2026-09-15 14:29:00,76448.0,76448.0,76335.23,76347.23,18.38471,1404457.4590282
2026-09-15 14:30:00,76347.22,76347.22,76257.14,76266.0,17.80704,1358606.2095071
2026-09-15 14:31:00,76266.0,76314.01,76230.0,76267.36,22.13998,1688575.5605569
2026-09-15 14:32:00,76266.38,76266.38,76188.0,76208.59,23.72038,1807826.6895692
2026-09-15 14:33:00,76208.59,76263.25,76194.0,76224.79,38.54074,2937337.7214034
2026-09-15 14:34:00,76224.78,76224.78,76168.88,76174.29,29.98193,2284278.3284613
2026-09-15 14:35:00,76174.29,76174.29,75889.16,76115.34,364.19949,27684787.8919695
2026-09-15 14:36:00,76115.33,76115.33,76015.0,76052.88,44.88277,3413659.1527709
2026-09-15 14:37:00,76052.88,76146.01,76001.84,76122.01,58.34215,4438878.1011918
2026-09-15 14:38:00,76122.01,76124.4,75976.47,75976.48,46.21024,3512916.5764735
2026-09-15 14:39:00,75976.48,75991.27,75858.19,75860.92,92.65748,7034307.9570124
2026-09-15 14:40:00,75860.92,75861.08,75722.89,75754.93,91.05567,6900855.1376991
2026-09-15 14:41:00,75754.93,75797.5,75700.87,75797.49,63.38022,4800128.2159958
2026-09-15 14:42:00,75797.49,75857.0,75756.8,75828.95,132.96066,10078532.6823985
2026-09-15 14:43:00,75828.94,75958.01,75812.22,75948.95,56.82279,4312449.6676517
2026-09-15 14:44:00,75948.72,75985.83,75900.09,75912.01,44.09217,3348729.7691305
2026-09-15 14:45:00,75912.01,75942.01,75827.14,75838.01,34.96951,2653800.4778882
2026-09-15 14:46:00,75838.0,75848.34,75756.75,75757.06,38.72012,2935161.9689855
2026-09-15 14:47:00,75757.06,75842.01,75754.18,75822.01,93.00059,7048261.5016832
2026-09-15 14:48:00,75822.01,75822.01,75731.24,75750.49,41.56464,3149429.621153
2026-09-15 14:49:00,75750.48,75761.39,75709.44,75734.33,39.7551,3010695.5612912
2026-09-15 14:50:00,75734.33,75736.83,75666.0,75722.0,74.46538,5637008.925049
2026-09-15 14:51:00,75722.01,75761.38,75605.01,75610.15,106.95411,8095408.2910237
2026-09-15 14:52:00,75610.15,75708.0,75605.0,75708.0,64.66401,4891239.984874
2026-09-15 14:53:00,75708.0,75846.01,75654.0,75800.8,63.48925,4810893.1944183
2026-09-15 14:54:00,75800.79,75936.22,75800.79,75916.01,43.15441,3274645.7257196
2026-09-15 14:55:00,75916.0,75988.01,75842.41,75856.93,36.12689,2742428.9146175
2026-09-15 14:56:00,75856.94,75883.5,75790.0,75875.8,42.19655,3200548.9326176
2026-09-15 14:57:00,75875.79,75963.92,75875.79,75963.92,23.85656,1811325.8816873
2026-09-15 14:58:00,75963.91,75970.01,75928.01,75970.01,18.9247,1437428.6446801
2026-09-15 14:59:00,75970.0,75994.0,75910.02,75942.01,26.63224,2022868.8033096
2026-09-15 15:00:00,75942.01,75982.0,75848.38,75848.39,62.10903,4714828.5397216
2026-09-15 15:01:00,75848.39,75962.01,75832.0,75962.01,19.02511,1443589.3974638
2026-09-15 15:02:00,75962.0,75962.01,75908.8,75933.75,20.95855,1591411.1534601
2026-09-15 15:03:00,75933.75,76027.02,75930.0,76021.66,36.34097,2761363.6578948
2026-09-15 15:04:00,76021.65,76065.98,76014.0,76052.0,27.29278,2075322.1177235
2026-09-15 15:05:00,76052.0,76100.01,75998.0,76016.8,53.5399,4073433.0146259
2026-09-15 15:06:00,76016.8,76098.01,76000.0,76092.03,13.46308,1023918.8719079
2026-09-15 15:07:00,76092.03,76105.91,76044.0,76079.82,18.34815,1395887.6579057
2026-09-15 15:08:00,76079.81,76079.82,76017.51,76044.43,23.60619,1795049.327255
2026-09-15 15:09:00,76044.43,76054.61,76020.0,76034.0,15.94979,1212774.8902176
2026-09-15 15:10:00,76034.01,76054.38,76026.0,76047.49,14.39153,1094340.2216355
2026-09-15 15:11:00,76047.49,76082.01,76030.0,76061.41,14.34144,1090711.6718649
2026-09-15 15:12:00,76061.41,76073.09,76026.01,76044.11,11.33156,861788.7793897
2026-09-15 15:13:00,76044.12,76072.58,76026.02,76033.67,13.58658,1033321.3615939
2026-09-15 15:14:00,76033.67,76056.01,75985.0,76023.25,26.95961,2049204.3839199
2026-09-15 15:15:00,76023.25,76056.91,75952.0,75952.01,18.94714,1440264.1628667
2026-09-15 15:16:00,75952.01,76018.01,75904.63,75993.95,57.0086,4329009.5668885
2026-09-15 15:17:00,75993.95,76065.13,75993.95,76054.01,8.79164,668418.5309897
2026-09-15 15:18:00,76054.0,76091.9,76034.0,76074.01,40.16906,3055805.4049944
2026-09-15 15:19:00,76074.01,76081.74,76026.0,76026.01,9.91343,753986.6213872
2026-09-15 15:20:00,76026.0,76067.77,76026.0,76067.77,8.91408,677884.3199506
2026-09-15 15:21:00,76067.77,76078.44,76049.45,76049.6,11.02554,838640.5419295
2026-09-15 15:22:00,76049.59,76072.01,76034.0,76038.0,15.22659,1157965.5193349
2026-09-15 15:23:00,76038.01,76100.0,76038.01,76097.21,13.12899,998863.3173062
2026-09-15 15:24:00,76097.21,76378.44,76097.21,76375.86,61.59727,4696942.2664885
2026-09-15 15:25:00,76375.85,76514.01,76364.0,76473.79,96.36418,7363329.014566
2026-09-15 15:26:00,76473.79,76473.8,76416.47,76416.97,29.7238,2272101.73063
2026-09-15 15:27:00,76416.0,76468.01,76414.01,76423.72,17.24883,1318417.5080552
2026-09-15 15:28:00,76423.72,76480.01,76416.0,76416.01,17.49739,1337649.8553094
2026-09-15 15:29:00,76416.01,76458.01,76348.0,76348.01,17.62174,1346575.6143271
2026-09-15 15:30:00,76348.01,76416.01,76346.0,76397.43,15.34373,1172118.5010144
2026-09-15 15:31:00,76397.43,76406.01,76333.0,76350.01,23.64417,1805701.1731085
2026-09-15 15:32:00,76350.01,76356.01,76278.0,76333.31,29.62961,2261246.8590832
2026-09-15 15:33:00,76333.31,76388.01,76318.0,76366.5,18.09834,1381782.3759478
2026-09-15 15:34:00,76366.0,76415.98,76318.0,76415.98,13.59217,1037869.2803713
2026-09-15 15:35:00,76416.01,76424.01,76371.15,76374.01,9.91289,757345.0491799
2026-09-15 15:36:00,76374.01,76444.54,76374.0,76443.92,15.68164,1198424.3511027
2026-09-15 15:37:00,76443.91,76443.92,76332.01,76334.87,25.14026,1919769.7431347
2026-09-15 15:38:00,76334.87,76402.01,76334.87,76386.37,18.88228,1442249.4706846
2026-09-15 15:39:00,76386.37,76432.01,76386.36,76422.06,17.22042,1315822.4958929
2026-09-15 15:40:00,76422.05,76427.55,76412.0,76420.0,7.94703,607316.8579555
2026-09-15 15:41:00,76420.0,76426.79,76396.0,76412.01,18.50758,1414179.8290486
2026-09-15 15:42:00,76412.0,76431.29,76390.0,76417.85,21.81307,1666583.6753184
2026-09-15 15:43:00,76417.86,76434.7,76400.0,76434.69,6.44965,492904.007518
2026-09-15 15:44:00,76434.69,76462.69,76428.01,76439.42,20.86698,1595085.9693033
2026-09-15 15:45:00,76439.42,76458.07,76432.56,76458.07,8.63341,659981.4016212
2026-09-15 15:46:00,76458.07,76462.0,76456.01,76462.0,7.43573,568511.7103603
2026-09-15 15:47:00,76462.0,76495.55,76426.0,76438.83,16.39021,1253246.293476
2026-09-15 15:48:00,76438.84,76478.07,76438.83,76478.07,10.78693,824820.0715325
2026-09-15 15:49:00,76478.07,76495.5,76434.49,76477.13,21.87179,1672678.8777993
2026-09-15 15:50:00,76477.14,76596.16,76474.0,76595.73,42.58419,3259236.1153266
2026-09-15 15:51:00,76595.73,76595.74,76516.0,76536.01,32.94828,2522270.1363175
2026-09-15 15:52:00,76536.01,76588.01,76536.0,76544.01,9.64455,738390.9580241
2026-09-15 15:53:00,76544.0,76586.01,76544.0,76562.01,11.47632,878814.3851913
2026-09-15 15:54:00,76562.0,76562.01,76440.01,76454.0,43.30733,3312744.9111155
2026-09-15 15:55:00,76454.0,76603.59,76454.0,76603.58,48.39342,3702936.688695
2026-09-15 15:56:00,76603.59,76603.59,76548.0,76552.01,10.23255,783536.9281614
2026-09-15 15:57:00,76552.0,76583.64,76552.0,76570.01,9.89225,757504.5469205
2026-09-15 15:58:00,76570.01,76581.45,76526.0,76526.0,13.11933,1004495.0085799
2026-09-15 15:59:00,76526.01,76534.01,76512.0,76512.0,5.52796,423031.0976806
2026-09-15 16:00:00,76512.01,76536.01,76457.6,76457.61,14.96718,1144975.8479599
2026-09-15 16:01:00,76457.61,76571.58,76457.61,76554.01,13.72839,1050368.0152265
2026-09-15 16:02:00,76554.01,76556.01,76540.01,76556.01,9.35264,715948.5872156
2026-09-15 16:03:00,76556.01,76576.47,76494.0,76509.69,17.09897,1308900.5416575
2026-09-15 16:04:00,76509.7,76518.03,76492.0,76492.01,6.94845,531575.0598396
2026-09-15 16:05:00,76492.01,76506.01,76444.14,76453.06,12.31216,941603.3023117
2026-09-15 16:06:00,76453.06,76470.0,76440.01,76454.06,15.34502,1173236.8154944
2026-09-15 16:07:00,76454.06,76456.53,76396.0,76396.01,9.35506,714967.7085293
2026-09-15 16:08:00,76396.0,76396.24,76370.01,76384.01,15.32368,1170508.4293428
2026-09-15 16:09:00,76384.01,76386.47,76324.41,76330.99,10.50491,802061.0528329
2026-09-15 16:10:00,76330.99,76400.0,76330.99,76339.23,16.98466,1296922.4700373
2026-09-15 16:11:00,76339.23,76371.83,76339.23,76371.82,7.45915,569585.1823169
2026-09-15 16:12:00,76371.82,76371.83,76308.41,76308.42,8.30104,633702.9108864
2026-09-15 16:13:00,76308.42,76308.42,76298.0,76308.01,10.54218,804399.1343072
2026-09-15 16:14:00,76308.01,76316.05,76274.0,76282.02,10.58114,807249.3018637
2026-09-15 16:15:00,76282.01,76336.18,76282.01,76331.96,8.46273,645782.6941986
2026-09-15 16:16:00,76331.96,76368.01,76322.77,76346.01,11.32608,864707.8689458
2026-09-15 16:17:00,76346.01,76412.76,76346.01,76412.75,14.14359,1080301.0900426
2026-09-15 16:18:00,76412.76,76428.91,76398.0,76428.91,13.85149,1058416.9306558
2026-09-15 16:19:00,76428.9,76432.0,76384.01,76392.57,11.11944,849635.4754305
2026-09-15 16:20:00,76392.58,76436.12,76392.57,76426.01,7.64672,584305.5336372
2026-09-15 16:21:00,76426.01,76462.01,76426.0,76454.01,10.46543,800041.4861776
2026-09-15 16:22:00,76454.0,76473.65,76452.42,76461.88,7.93981,607114.1953937
2026-09-15 16:23:00,76461.87,76489.4,76461.87,76469.3,9.20554,704013.1617038
2026-09-15 16:24:00,76469.29,76495.5,76469.29,76490.0,28.36193,2169385.5591414
2026-09-15 16:25:00,76490.01,76490.01,76434.0,76434.01,20.77203,1588606.8805172
2026-09-15 16:26:00,76434.01,76459.45,76432.0,76452.11,14.70952,1124421.711357
2026-09-15 16:27:00,76452.11,76488.62,76447.63,76447.64,12.99125,993435.3544206
2026-09-15 16:28:00,76447.63,76501.63,76447.63,76501.63,13.29185,1016514.3622081
2026-09-15 16:29:00,76501.63,76501.63,76472.5,76482.38,4.71279,360480.4483083
2026-09-15 16:30:00,76482.38,76487.4,76454.0,76454.01,17.38959,1329956.9676538
2026-09-15 16:31:00,76454.01,76459.24,76407.09,76407.1,6.65706,508822.031736
2026-09-15 16:32:00,76407.1,76422.5,76407.09,76422.49,5.48029,418741.8621466
2026-09-15 16:33:00,76422.49,76422.5,76400.0,76414.58,4.25058,324805.615209
2026-09-15 16:34:00,76414.59,76414.59,76372.51,76372.51,7.35434,561812.9252608
2026-09-15 16:35:00,76372.51,76408.81,76356.0,76408.81,8.4173,642884.8470361
2026-09-15 16:36:00,76408.81,76436.99,76408.8,76416.01,9.54601,729512.1528822
2026-09-15 16:37:00,76416.0,76439.57,76404.0,76431.17,9.12724,697499.6489192
2026-09-15 16:38:00,76431.17,76438.01,76392.0,76392.0,13.09772,1000912.0953785
2026-09-15 16:39:00,76392.01,76392.01,76370.0,76370.01,4.63832,354248.6203253
2026-09-15 16:40:00,76370.01,76370.02,76347.0,76347.01,8.59362,656156.3159454
2026-09-15 16:41:00,76347.0,76347.01,76300.0,76305.97,11.50406,878034.2057803
2026-09-15 16:42:00,76305.96,76343.54,76305.96,76343.53,7.54946,576158.5319127
2026-09-15 16:43:00,76343.53,76352.68,76343.53,76352.67,2.62703,200574.0766791
2026-09-15 16:44:00,76352.67,76368.01,76352.67,76368.0,3.69451,282119.9482166
2026-09-15 16:45:00,76368.0,76384.01,76366.5,76380.01,2.41317,184308.3397232
2026-09-15 16:46:00,76380.01,76406.95,76380.0,76404.4,8.45213,645691.878157
2026-09-15 16:47:00,76404.4,76435.08,76404.39,76406.01,4.56276,348683.8530558
2026-09-15 16:48:00,76406.0,76412.01,76388.08,76389.31,5.29624,404631.4644902
2026-09-15 16:49:00,76389.32,76392.01,76376.46,76391.82,6.849,523168.9812994
2026-09-15 16:50:00,76391.82,76444.33,76391.81,76444.32,5.02126,383750.4232427
2026-09-15 16:51:00,76444.33,76453.96,76440.0,76453.95,4.66698,356775.841669
2026-09-15 16:52:00,76453.96,76480.01,76452.01,76480.01,8.85205,676842.2990555
2026-09-15 16:53:00,76480.0,76505.65,76453.3,76453.3,19.37645,1482073.5471943
2026-09-15 16:54:00,76453.3,76494.01,76444.32,76492.69,14.01542,1071672.1729275
2026-09-15 16:55:00,76492.68,76495.22,76488.0,76495.22,4.00738,306529.6195297
2026-09-15 16:56:00,76495.21,76495.22,76429.52,76436.0,9.35102,714847.0296634
2026-09-15 16:57:00,76436.01,76436.01,76430.75,76431.97,1.90112,145312.0733996
2026-09-15 16:58:00,76431.97,76431.97,76431.96,76431.97,0.90169,68917.9394949
2026-09-15 16:59:00,76431.96,76431.97,76381.96,76388.0,14.81562,1131993.6354413
2026-09-15 17:00:00,76388.01,76391.34,76363.46,76373.89,32.28036,2465478.6695607
2026-09-15 17:01:00,76373.88,76417.51,76373.88,76417.51,7.55273,577062.4325922
2026-09-15 17:02:00,76417.51,76417.51,76318.9,76330.95,15.21984,1162325.5498377
2026-09-15 17:03:00,76330.95,76369.9,76308.04,76369.89,4.20768,321181.5724806
2026-09-15 17:04:00,76369.9,76369.9,76309.21,76309.21,6.12512,467608.2936949
2026-09-15 17:05:00,76309.21,76326.01,76286.0,76316.0,24.36964,1859356.9165364
2026-09-15 17:06:00,76316.01,76316.01,76292.0,76297.74,3.92494,299468.2680522
2026-09-15 17:07:00,76297.74,76297.74,76250.0,76250.0,13.02573,993520.9267751
2026-09-15 17:08:00,76250.0,76250.01,76194.21,76216.62,61.01751,4650110.7306354
2026-09-15 17:09:00,76216.61,76239.55,76197.2,76225.0,6.38926,486963.7881475
2026-09-15 17:10:00,76225.0,76251.06,76225.0,76251.06,1.93303,147367.9194717
2026-09-15 17:11:00,76251.05,76259.89,76212.0,76212.0,5.33616,406845.2481235
2026-09-15 17:12:00,76212.0,76228.01,76212.0,76214.0,2.83346,215957.9402318
2026-09-15 17:13:00,76214.01,76249.23,76214.0,76249.23,2.98413,227469.2000354
2026-09-15 17:14:00,76249.23,76285.29,76242.0,76273.85,23.71479,1808839.8813001
2026-09-15 17:15:00,76273.85,76273.85,76242.03,76249.23,4.05752,309412.6450516
2026-09-15 17:16:00,76249.23,76286.01,76249.22,76286.0,7.29411,556236.438453
2026-09-15 17:17:00,76286.01,76300.44,76284.59,76284.6,4.10983,313547.530106
2026-09-15 17:18:00,76284.59,76284.6,76251.89,76258.65,4.40443,335923.0812885
2026-09-15 17:19:00,76258.65,76273.94,76258.65,76273.94,5.49434,419020.8373557
2026-09-15 17:20:00,76273.93,76344.01,76273.93,76330.01,7.85268,599220.3673867
2026-09-15 17:21:00,76330.01,76330.01,76311.76,76318.79,4.04017,308351.1787393
2026-09-15 17:22:00,76318.79,76318.79,76306.84,76315.98,3.26987,249522.0637029
2026-09-15 17:23:00,76315.99,76352.01,76296.32,76352.01,10.11349,771846.2283246
2026-09-15 17:24:00,76352.01,76372.01,76352.0,76362.65,3.34846,255695.6899973
2026-09-15 17:25:00,76362.65,76373.23,76352.08,76370.73,5.67714,433529.9579247
2026-09-15 17:26:00,76370.74,76459.16,76370.73,76454.32,9.05315,691841.7760858
2026-09-15 17:27:00,76454.33,76490.01,76454.32,76490.0,4.2605,325816.6954557
2026-09-15 17:28:00,76490.01,76536.89,76490.0,76521.79,9.12346,698073.0417061
2026-09-15 17:29:00,76521.78,76542.01,76521.78,76522.01,5.40095,413349.4404809
2026-09-15 17:30:00,76522.01,76566.01,76522.0,76552.01,8.23805,630632.8333884
2026-09-15 17:31:00,76552.01,76687.95,76552.0,76683.49,31.08653,2382322.0165913
2026-09-15 17:32:00,76683.48,76792.01,76636.72,76700.0,71.25961,5467050.5234988
2026-09-15 17:33:00,76700.0,76913.31,76700.0,76913.3,56.1035,4309150.8837564
2026-09-15 17:34:00,76913.3,76950.0,76900.99,76926.0,53.28314,4099075.2409159
2026-09-15 17:35:00,76925.99,77343.44,76925.99,77205.44,216.54241,16706562.0940599
2026-09-15 17:36:00,77205.43,77246.04,77024.0,77056.19,25.73672,1985971.8283481
2026-09-15 17:37:00,77056.2,77181.27,77046.0,77130.0,16.76785,1293213.5777183
2026-09-15 17:38:00,77130.0,77147.4,76969.69,76994.71,16.69981,1286499.626983
2026-09-15 17:39:00,76994.72,77008.01,76952.05,76965.86,10.05166,773719.6587877
2026-09-15 17:40:00,76965.85,76972.16,76859.83,76934.55,47.58405,3660844.6032119
2026-09-15 17:41:00,76934.0,76935.72,76894.63,76899.62,9.8687,759055.7126501
2026-09-15 17:42:00,76899.61,76899.61,76778.0,76783.81,15.71766,1207575.5180581
2026-09-15 17:43:00,76783.8,76810.01,76741.57,76741.58,30.71201,2357665.4380133
2026-09-15 17:44:00,76741.58,76799.56,76741.57,76772.0,10.46492,803407.6945832
2026-09-15 17:45:00,76772.01,76880.01,76772.0,76880.01,10.47826,804925.7367879
2026-09-15 17:46:00,76880.0,76902.2,76874.0,76902.2,9.43841,725662.1398398
2026-09-15 17:47:00,76902.19,76992.01,76902.19,76983.71,26.80341,2062489.9951715
2026-09-15 17:48:00,76983.72,77038.54,76983.71,77027.83,17.53432,1350383.4549284
2026-09-15 17:49:00,77027.82,77046.58,76987.49,76998.48,16.81891,1295395.5742652
2026-09-15 17:50:00,76998.49,77076.01,76992.45,77067.82,12.49828,962956.8348454
2026-09-15 17:51:00,77067.81,77080.01,77012.0,77050.0,8.85979,682692.0767904
2026-09-15 17:52:00,77050.0,77081.77,77032.0,77068.01,6.66007,513156.7205934
2026-09-15 17:53:00,77068.01,77079.73,77034.17,77036.64,3.81712,294146.5631787
2026-09-15 17:54:00,77036.64,77053.9,77024.63,77052.0,9.30122,716573.0093324
2026-09-15 17:55:00,77052.0,77052.0,76925.98,76925.98,10.4991,808120.7377254
2026-09-15 17:56:00,76924.0,76956.5,76924.0,76956.49,6.67622,513668.9361584
2026-09-15 17:57:00,76956.5,77005.41,76956.49,76979.24,7.63549,587814.7129092
2026-09-15 17:58:00,76979.24,76990.01,76979.24,76986.01,4.04556,311454.0763666
2026-09-15 17:59:00,76986.0,77005.18,76962.0,76962.0,3.62872,279378.1734551
2026-09-15 18:00:00,76962.0,76962.01,76856.0,76876.31,17.01799,1308573.7701681
2026-09-15 18:01:00,76876.3,76924.01,76874.0,76924.01,10.26488,789245.501053
2026-09-15 18:02:00,76924.0,76944.0,76910.11,76943.21,4.1351,318093.8315009
2026-09-15 18:03:00,76943.21,76969.2,76908.26,76923.66,80.07202,6160492.9573821
2026-09-15 18:04:00,76923.65,76923.66,76870.0,76882.01,7.0741,543915.1372143
2026-09-15 18:05:00,76882.01,76892.01,76863.67,76892.0,3.22045,247579.7009276
2026-09-15 18:06:00,76892.01,76950.0,76892.0,76949.46,8.62403,663539.0505538
2026-09-15 18:07:00,76949.46,76953.81,76860.0,76860.0,11.95954,920023.2609225
2026-09-15 18:08:00,76860.0,76892.76,76852.0,76892.75,4.7884,368086.8340821
2026-09-15 18:09:00,76892.75,76900.48,76882.0,76900.48,2.80528,215697.5373266
2026-09-15 18:10:00,76900.47,76931.25,76878.0,76878.0,4.78045,367685.1202041
2026-09-15 18:11:00,76878.01,76906.01,76852.31,76863.14,6.68721,514062.6882646
2026-09-15 18:12:00,76863.14,76895.39,76860.0,76869.09,7.29179,560541.810253
2026-09-15 18:13:00,76869.09,76874.15,76830.0,76873.42,12.075,927917.0583599
2026-09-15 18:14:00,76873.9,76898.01,76866.0,76878.01,4.15285,319273.988655
2026-09-15 18:15:00,76878.0,76899.74,76850.86,76850.87,1.8854,144949.5303975
2026-09-15 18:16:00,76850.87,76850.87,76688.0,76692.0,16.95532,1301531.0113631
2026-09-15 18:17:00,76692.0,76699.56,76544.0,76544.98,59.30433,4544031.660107
2026-09-15 18:18:00,76544.98,76630.01,76495.54,76611.16,31.48272,2410106.9730008
2026-09-15 18:19:00,76611.7,76710.01,76611.7,76647.09,27.88062,2137597.8881256
2026-09-15 18:20:00,76647.09,76668.01,76614.0,76614.01,14.78801,1133485.5658108
2026-09-15 18:21:00,76614.0,76662.01,76612.0,76662.01,7.34065,562618.486852
2026-09-15 18:22:00,76662.0,76662.01,76610.0,76661.05,11.67512,894684.142847
2026-09-15 18:23:00,76661.04,76661.04,76596.0,76596.01,21.81724,1671640.4129511
2026-09-15 18:24:00,76596.0,76668.45,76596.0,76652.0,5.83864,447417.5621094
2026-09-15 18:25:00,76652.01,76654.01,76581.44,76586.0,12.07079,924791.0568494
2026-09-15 18:26:00,76586.0,76668.01,76586.0,76668.0,9.06155,694323.5926552
2026-09-15 18:27:00,76668.0,76668.01,76632.0,76649.65,7.46125,571912.7257647
2026-09-15 18:28:00,76649.64,76762.01,76628.55,76762.01,26.0622,1998094.1985899
2026-09-15 18:29:00,76762.01,77205.39,76762.01,76919.08,144.21635,11109001.8291805
2026-09-15 18:30:00,76919.08,76950.96,76768.98,76842.0,25.00647,1921519.5475779
2026-09-15 18:31:00,76842.0,76858.01,76772.85,76858.01,11.91409,915236.2436716
2026-09-15 18:32:00,76858.01,76871.43,76824.0,76850.0,9.25004,710854.4752623
2026-09-15 18:33:00,76850.0,76850.0,76463.4,76494.58,50.78253,3892817.9792064
2026-09-15 18:34:00,76494.59,76844.56,76494.59,76789.25,58.76224,4506816.7635446
2026-09-15 18:35:00,76789.26,76804.01,76692.91,76704.01,39.05323,2997059.8965139
2026-09-15 18:36:00,76704.0,76704.0,76464.16,76504.2,47.59697,3645081.263064
2026-09-15 18:37:00,76504.2,76504.2,75847.75,76402.04,316.40009,24096559.6007916
2026-09-15 18:38:00,76402.05,76483.8,76283.57,76349.34,67.57983,5161400.5815881
2026-09-15 18:39:00,76349.35,76433.27,76280.0,76353.42,18.89572,1442951.3020425
2026-09-15 18:40:00,76353.43,76353.43,75988.52,76108.49,131.88593,10043358.5105793
2026-09-15 18:41:00,76108.49,76188.8,75867.12,76142.23,92.48467,7032035.3977752
2026-09-15 18:42:00,76142.23,76161.69,75794.01,75921.04,108.8103,8260744.9171804
2026-09-15 18:43:00,75921.04,75998.08,75700.79,75966.31,81.72477,6200368.3593836
2026-09-15 18:44:00,75960.51,75978.4,75773.02,75773.02,71.44999,5421569.9813048
2026-09-15 18:45:00,75773.03,75828.66,75414.18,75561.97,339.15816,25629450.4406312
2026-09-15 18:46:00,75561.98,75615.54,75327.98,75327.99,158.36585,11947257.8099566
2026-09-15 18:47:00,75327.99,75541.92,75292.47,75352.72,130.72003,9851547.9838535
2026-09-15 18:48:00,75353.24,75377.51,75111.0,75194.3,183.74755,13823107.1644527
2026-09-15 18:49:00,75194.3,75204.35,75001.0,75064.9,166.6484,12511530.5330512
2026-09-15 18:50:00,75064.9,75365.89,74967.97,75278.96,327.766,24604102.4857939
2026-09-15 18:51:00,75278.97,75502.71,75200.0,75483.1,104.81499,7901924.4994926
2026-09-15 18:52:00,75483.1,75662.79,75479.54,75620.78,99.27568,7502494.4222955
2026-09-15 18:53:00,75620.78,75795.91,75620.78,75699.39,112.30161,8502196.3696024
2026-09-15 18:54:00,75699.4,75931.24,75632.73,75892.93,116.11531,8803491.0873831
2026-09-15 18:55:00,75892.92,76177.41,75843.15,76137.49,61.9755,4711819.8712639
2026-09-15 18:56:00,76139.52,76205.14,75930.37,75988.25,58.29665,4433794.4283768
2026-09-15 18:57:00,75988.24,76048.83,75900.0,75998.82,29.96142,2275894.2473755
2026-09-15 18:58:00,75998.82,76073.95,75981.43,76029.82,36.36253,2764681.4390651
2026-09-15 18:59:00,76029.82,76052.5,75950.0,76000.0,28.08781,2134872.3947482
2026-09-15 19:00:00,76000.0,76063.54,75869.37,75993.53,40.65193,3087732.0117794
2026-09-15 19:01:00,75993.53,76069.39,75831.14,75857.94,51.39219,3901937.7828441
2026-09-15 19:02:00,75857.93,76018.37,75813.75,75993.99,36.59425,2777867.2208272
2026-09-15 19:03:00,75994.0,76259.52,75993.99,76129.9,52.90511,4028683.0676034
2026-09-15 19:04:00,76129.9,76269.76,76111.78,76111.98,36.17227,2756053.7538996
2026-09-15 19:05:00,76110.94,76182.72,76000.01,76001.3,27.83435,2117546.6968884
2026-09-15 19:06:00,76001.3,76145.07,76001.29,76126.05,18.33793,1395287.1837829
2026-09-15 19:07:00,76125.07,76125.07,75974.19,76028.31,23.98773,1824195.7589164
2026-09-15 19:08:00,76028.31,76064.3,75968.56,76013.8,16.18082,1229936.0189872
2026-09-15 19:09:00,76013.81,76077.82,76008.84,76022.32,15.60449,1186548.1412484
2026-09-15 19:10:00,76022.32,76097.92,76005.65,76072.88,27.67484,2104717.6864726
2026-09-15 19:11:00,76072.87,76074.01,76000.5,76065.06,15.39349,1170523.1758962
2026-09-15 19:12:00,76065.07,76081.98,75992.44,76021.49,26.91465,2046595.8324071
2026-09-15 19:13:00,76021.49,76021.49,75930.8,75994.68,22.17048,1684302.7180503
2026-09-15 19:14:00,75994.67,76005.28,75913.12,75978.93,15.71026,1193511.1499297
2026-09-15 19:15:00,75978.94,76091.4,75959.53,75993.84,29.62401,2252205.0341099
2026-09-15 19:16:00,75993.83,76125.27,75933.55,76098.46,25.28106,1922127.271093
2026-09-15 19:17:00,76098.46,76305.99,76098.46,76270.21,35.19638,2682311.683042
2026-09-15 19:18:00,76270.21,76292.52,76182.73,76201.79,14.85065,1131998.1494451
2026-09-15 19:19:00,76201.8,76262.59,76159.04,76168.38,13.87805,1057883.640353
2026-09-15 19:20:00,76168.38,76192.75,76063.76,76072.18,13.46381,1024955.8918474
2026-09-15 19:21:00,76072.18,76139.98,76057.87,76075.99,24.58136,1870394.6297053
2026-09-15 19:22:00,76075.98,76150.05,76047.74,76150.04,9.34233,710797.7712716
2026-09-15 19:23:00,76150.05,76265.0,76144.51,76193.76,23.46406,1788183.2323567
2026-09-15 19:24:00,76193.75,76193.75,76104.22,76126.26,9.30234,708282.5474645
2026-09-15 19:25:00,76126.26,76153.83,76085.75,76134.2,13.14145,1000283.8180348
2026-09-15 19:26:00,76142.11,76142.34,76049.98,76052.9,19.93583,1517303.168223
2026-09-15 19:27:00,76052.89,76065.34,76049.22,76050.0,11.09727,844004.2336929
2026-09-15 19:28:00,76050.0,76068.31,75980.0,75982.47,15.65265,1190101.9077848
2026-09-15 19:29:00,75982.47,76015.2,75875.51,75919.82,31.82918,2416576.8023631
2026-09-15 19:30:00,75919.82,76057.59,75874.94,75980.0,25.58674,1944581.1811039
2026-09-15 19:31:00,75980.0,76063.77,75968.0,76007.37,21.25727,1615946.841516
2026-09-15 19:32:00,76007.36,76020.02,75900.0,75919.31,10.26424,779707.0453515
2026-09-15 19:33:00,75919.31,76022.64,75885.79,75970.83,26.9155,2044119.4776837
2026-09-15 19:34:00,75970.83,75994.72,75922.0,75929.79,12.86056,976790.9616497
2026-09-15 19:35:00,75929.8,75929.8,75890.64,75915.68,10.92159,829038.4203636
2026-09-15 19:36:00,75915.68,75948.95,75896.56,75946.86,7.78677,591185.7200402
2026-09-15 19:37:00,75946.86,75951.46,75893.26,75895.21,9.62564,730838.2973519
2026-09-15 19:38:00,75895.2,76011.19,75888.78,76011.19,10.67288,810480.2058292
2026-09-15 19:39:00,76011.2,76035.54,75970.5,76035.54,17.15552,1303949.9729733
2026-09-15 19:40:00,76035.54,76049.96,76025.61,76033.83,8.3228,632864.4350645
2026-09-15 19:41:00,76033.83,76033.83,75899.4,75909.34,25.90491,1968060.315877
2026-09-15 19:42:00,75909.35,75927.63,75902.69,75905.9,8.61043,653608.2988629
2026-09-15 19:43:00,75905.9,75956.22,75891.0,75940.49,15.53562,1179386.1983142
2026-09-15 19:44:00,75940.5,75959.57,75897.53,75897.53,11.96559,908561.4832063
2026-09-15 19:45:00,75897.54,75938.66,75885.8,75925.57,7.4936,568822.7964651
2026-09-15 19:46:00,75925.57,75925.57,75868.05,75883.49,9.68792,735193.6161227
2026-09-15 19:47:00,75883.49,75939.15,75883.49,75934.32,9.75146,740328.3718708
2026-09-15 19:48:00,75934.33,75943.23,75915.2,75923.07,7.5298,571744.4215602
2026-09-15 19:49:00,75923.08,75945.09,75919.47,75933.12,8.38482,636642.1551414
2026-09-15 19:50:00,75933.12,75969.64,75906.81,75968.41,29.38052,2231078.0048615
2026-09-15 19:51:00,75968.41,75986.79,75943.47,75961.52,20.98331,1594050.4499231
2026-09-15 19:52:00,75961.52,75985.23,75949.78,75949.79,22.5667,1714490.3129541
2026-09-15 19:53:00,75949.79,76049.96,75949.78,76036.62,9.66395,734577.282795
2026-09-15 19:54:00,76036.61,76063.77,76026.14,76051.57,12.12444,922016.5923654
2026-09-15 19:55:00,76051.57,76069.55,76030.83,76055.75,18.30615,1392240.1884217
2026-09-15 19:56:00,76055.75,76114.45,76046.25,76109.21,12.34467,939151.4467755
2026-09-15 19:57:00,76109.21,76170.01,76109.21,76170.0,9.53398,725883.8324578
2026-09-15 19:58:00,76170.01,76183.57,76151.9,76151.9,5.13047,390806.8704883
2026-09-15 19:59:00,76151.91,76187.75,76103.99,76186.48,21.32879,1624135.1715484
2026-09-15 20:00:00,76186.48,76245.98,76166.56,76240.04,17.18622,1309602.0429402
2026-09-15 20:01:00,76240.36,76240.36,76202.74,76232.65,3.89559,296946.0254402
2026-09-15 20:02:00,76232.66,76232.66,76176.79,76176.8,5.25411,400417.311603
2026-09-15 20:03:00,76176.79,76176.79,76094.45,76114.16,11.01982,838905.7635194
2026-09-15 20:04:00,76114.16,76123.01,76066.27,76083.57,8.61725,655669.8416983
2026-09-15 20:05:00,76083.58,76089.42,76044.71,76053.08,7.06843,537648.020742
2026-09-15 20:06:00,76053.08,76053.08,76018.7,76018.7,7.58777,576910.0518294
2026-09-15 20:07:00,76018.7,76018.71,75978.0,75991.15,10.25244,779160.468548
2026-09-15 20:08:00,75991.15,76018.0,75939.59,75939.59,13.33364,1013106.483153
2026-09-15 20:09:00,75939.59,75975.91,75936.0,75975.9,6.67734,507080.4950175
2026-09-15 20:10:00,75975.91,76110.01,75975.9,76089.39,17.66527,1343266.4424936
2026-09-15 20:11:00,76089.4,76089.4,76032.04,76048.06,3.459,263035.2171097
2026-09-15 20:12:00,76048.06,76080.77,76013.25,76013.25,53.42252,4062935.8073707
2026-09-15 20:13:00,76013.25,76013.26,75990.0,75998.13,12.13407,922160.1438941
2026-09-15 20:14:00,75998.13,76042.0,75998.12,76042.0,5.02051,381638.8055453
2026-09-15 20:15:00,76041.99,76042.0,75975.01,75980.0,8.73465,663778.0295574
2026-09-15 20:16:00,75980.01,76035.21,75980.0,76003.23,5.79156,440310.7926712
2026-09-15 20:17:00,76003.22,76010.54,75984.67,76010.53,3.36078,255402.5726581
2026-09-15 20:18:00,76010.53,76010.54,75955.0,75955.0,4.50217,342060.4201897
2026-09-15 20:19:00,75955.01,75955.01,75930.0,75930.01,9.27591,704385.0080263
2026-09-15 20:20:00,75930.01,75937.04,75908.46,75909.09,4.16324,316109.5779823
2026-09-15 20:21:00,75909.1,75909.1,75831.26,75838.8,17.50828,1328133.288051
2026-09-15 20:22:00,75838.8,75873.33,75838.79,75873.32,8.68462,658801.4268368
2026-09-15 20:23:00,75873.33,75881.36,75855.3,75881.36,6.33621,480696.9996874
2026-09-15 20:24:00,75881.38,75929.71,75881.38,75929.71,4.66465,354091.4110187
2026-09-15 20:25:00,75930.03,75946.33,75894.39,75921.97,15.21193,1155025.5772396
2026-09-15 20:26:00,75921.97,75921.97,75884.73,75887.17,3.65694,277546.8034837
2026-09-15 20:27:00,75887.17,75887.17,75862.04,75862.05,2.63274,199741.5507724
2026-09-15 20:28:00,75862.04,75862.05,75830.7,75841.14,4.07819,309319.4637876
2026-09-15 20:29:00,75841.15,75841.15,75742.18,75744.94,13.67336,1036427.9791209
2026-09-15 20:30:00,75744.94,75744.94,75613.2,75676.67,30.10537,2278635.9367029
2026-09-15 20:31:00,75676.67,75810.0,75676.66,75807.67,18.89725,1431490.3948828
2026-09-15 20:32:00,75807.67,75826.44,75703.53,75703.54,6.50338,492908.6159708
2026-09-15 20:33:00,75703.54,75703.54,75647.05,75680.93,9.36803,708865.822919
2026-09-15 20:34:00,75680.94,75698.7,75678.08,75698.7,7.52774,569730.9516416
2026-09-15 20:35:00,75698.9,75749.99,75698.44,75749.99,8.69815,658534.8945806
2026-09-15 20:36:00,75750.0,75769.94,75726.08,75766.93,11.77953,892171.2518606
2026-09-15 20:37:00,75766.93,75799.16,75766.92,75792.64,4.17152,316147.2458303
2026-09-15 20:38:00,75792.64,75851.24,75762.31,75786.36,13.9634,1058732.0830896
2026-09-15 20:39:00,75785.68,75785.68,75710.19,75751.74,8.60579,651806.824183
2026-09-15 20:40:00,75751.74,75846.56,75751.74,75846.55,7.74776,587376.4672017
2026-09-15 20:41:00,75846.56,75846.56,75797.61,75806.21,2.11243,160163.9378631
2026-09-15 20:42:00,75806.21,75830.53,75792.3,75801.03,7.83897,594257.2422624
2026-09-15 20:43:00,75801.04,75830.7,75801.03,75817.23,2.04791,155266.7705993
2026-09-15 20:44:00,75817.23,75862.19,75808.41,75862.19,5.28306,400664.0730591
2026-09-15 20:45:00,75862.19,75924.46,75862.19,75914.31,12.83376,974068.00771
2026-09-15 20:46:00,75914.3,75914.31,75880.65,75892.61,3.89835,295870.2617033
2026-09-15 20:47:00,75892.61,75960.01,75887.64,75887.64,26.2858,1996222.2062863
2026-09-15 20:48:00,75887.65,75920.01,75887.64,75915.0,2.76741,210073.3330032
2026-09-15 20:49:00,75915.0,76000.0,75915.0,76000.0,4.80236,364837.0843018
2026-09-15 20:50:00,76000.0,76000.0,75958.34,75991.97,4.57403,347543.7235863
2026-09-15 20:51:00,75991.98,75991.98,75942.0,75947.69,10.63829,808034.6392241
2026-09-15 20:52:00,75947.69,75947.7,75926.0,75938.01,3.29599,250294.6306229
2026-09-15 20:53:00,75938.0,75950.01,75938.0,75950.0,1.54872,117615.6559157
2026-09-15 20:54:00,75950.0,75986.0,75950.0,75986.0,1.98141,150521.7134194
2026-09-15 20:55:00,75985.99,75998.01,75985.99,75998.01,3.86248,293509.5333732
2026-09-15 20:56:00,75998.0,75998.01,75960.85,75960.85,3.0161,229163.9906029
2026-09-15 20:57:00,75960.86,75960.86,75954.0,75954.0,1.14928,87295.0335547
2026-09-15 20:58:00,75954.01,75954.01,75926.78,75935.22,3.1725,240921.2168586
2026-09-15 20:59:00,75935.23,75938.01,75935.22,75935.24,3.44897,261905.6910694
2026-09-15 21:00:00,75935.24,75935.24,75878.29,75878.29,4.22052,320327.8926478
2026-09-15 21:01:00,75878.3,75906.6,75770.68,75778.18,38.3027,2906745.4176897
2026-09-15 21:02:00,75778.18,75802.79,75760.0,75797.32,12.52889,949413.3222512
2026-09-15 21:03:00,75797.31,75847.76,75780.95,75840.17,19.31407,1464057.0108422
2026-09-15 21:04:00,75840.17,75840.17,75777.09,75777.09,3.6969,280237.936529
2026-09-15 21:05:00,75777.09,75830.71,75777.08,75807.75,4.56035,345652.4940965
2026-09-15 21:06:00,75807.75,75807.75,75791.54,75791.55,1.32115,100140.0417796
2026-09-15 21:07:00,75791.54,75793.98,75729.51,75739.29,20.49289,1552724.2414302
2026-09-15 21:08:00,75739.28,75767.83,75726.7,75767.83,2.96959,224902.6835962
2026-09-15 21:09:00,75767.82,75767.83,75762.14,75762.15,2.17388,164709.213943
2026-09-15 21:10:00,75762.15,75817.24,75762.14,75817.24,3.47555,263379.5289494
2026-09-15 21:11:00,75817.23,75874.75,75817.23,75874.74,2.48506,188458.5979274
2026-09-15 21:12:00,75874.74,75874.75,75862.86,75874.74,1.86731,141671.6454009
2026-09-15 21:13:00,75874.75,75956.58,75874.75,75956.58,15.11049,1147105.5835645
2026-09-15 21:14:00,75956.58,75956.58,75874.75,75874.76,5.93478,450608.903934
2026-09-15 21:15:00,75874.76,75874.76,75809.33,75809.33,5.10698,387292.4019981
2026-09-15 21:16:00,75809.33,75856.84,75794.93,75856.83,7.55435,572648.4104236
2026-09-15 21:17:00,75856.84,75874.75,75856.83,75867.54,2.18436,165731.5170104
2026-09-15 21:18:00,75867.53,75867.54,75844.43,75844.44,1.61364,122411.8862433
2026-09-15 21:19:00,75844.44,75901.21,75844.43,75901.2,3.5319,267932.0527523
2026-09-15 21:20:00,75901.21,75901.21,75870.69,75870.69,1.90654,144683.4621859
2026-09-15 21:21:00,75870.7,75870.7,75807.16,75808.14,9.77729,741513.6405946
2026-09-15 21:22:00,75808.14,75808.14,75763.39,75763.39,7.21196,546536.0422734
2026-09-15 21:23:00,75763.39,75815.4,75763.39,75815.4,4.26979,323631.9337303
2026-09-15 21:24:00,75815.4,75815.4,75793.16,75793.17,2.10959,159929.6079881
2026-09-15 21:25:00,75793.17,75793.17,75761.69,75761.7,4.07604,308821.2699059
2026-09-15 21:26:00,75761.7,75776.73,75741.05,75741.06,14.67474,1111705.1335755
2026-09-15 21:27:00,75741.05,75741.06,75728.29,75736.96,6.43217,487137.2306088
2026-09-15 21:28:00,75736.96,75736.97,75660.0,75660.0,24.65595,1866321.2018028
2026-09-15 21:29:00,75660.0,75680.52,75660.0,75680.51,9.3616,708402.8790134
2026-09-15 21:30:00,75680.5,75688.0,75667.99,75677.2,4.32879,327592.3410253
2026-09-15 21:31:00,75677.19,75677.19,75642.19,75642.25,4.83139,365525.2359425
2026-09-15 21:32:00,75642.25,75713.22,75642.25,75713.21,9.20856,696793.3762805
2026-09-15 21:33:00,75713.21,75721.6,75713.21,75721.59,3.21807,243673.6950501
2026-09-15 21:34:00,75721.6,75721.6,75652.28,75660.4,8.31142,629140.2942421
2026-09-15 21:35:00,75660.4,75660.4,75628.66,75639.89,10.36369,783923.2004092
2026-09-15 21:36:00,75639.89,75639.9,75558.01,75599.03,16.05032,1213241.0886981
2026-09-15 21:37:00,75599.04,75701.54,75599.03,75701.54,4.23231,320162.2127687
2026-09-15 21:38:00,75701.53,75725.08,75673.03,75680.79,9.82637,743949.5359443
2026-09-15 21:39:00,75680.79,75693.6,75674.97,75674.98,1.60338,121345.9595583
2026-09-15 21:40:00,75674.97,75715.34,75660.0,75715.34,5.69482,431055.9437853
2026-09-15 21:41:00,75715.33,75719.45,75705.28,75708.06,1.86817,141447.638091
2026-09-15 21:42:00,75708.06,75740.49,75708.05,75740.48,1.8529,140311.9692887
2026-09-15 21:43:00,75740.49,75766.42,75740.48,75750.14,6.5636,497237.3302193
2026-09-15 21:44:00,75750.14,75750.15,75748.77,75748.77,0.87486,66269.6113607
2026-09-15 21:45:00,75748.78,75756.83,75743.85,75748.73,4.48739,339920.7720774
2026-09-15 21:46:00,75748.73,75748.73,75696.34,75696.35,10.59228,802006.6442625
2026-09-15 21:47:00,75696.35,75713.95,75689.47,75713.95,4.65285,352206.2917325
2026-09-15 21:48:00,75713.94,75713.94,75686.35,75686.35,2.88302,218225.7824432
2026-09-15 21:49:00,75686.35,75686.35,75640.64,75643.08,6.88738,521096.6533984
2026-09-15 21:50:00,75643.08,75664.32,75637.2,75646.09,3.29239,249074.8537689
2026-09-15 21:51:00,75646.09,75646.09,75425.55,75554.46,56.14981,4239804.575
2026-09-15 21:52:00,75553.4,75570.77,75547.41,75566.57,5.99532,453031.9453415
2026-09-15 21:53:00,75566.56,75585.52,75566.56,75585.51,4.57696,345910.0676065
2026-09-15 21:54:00,75585.52,75585.52,75576.22,75576.23,4.07669,308134.5923185
2026-09-15 21:55:00,75576.22,75576.23,75491.89,75498.9,5.23627,395451.07421
2026-09-15 21:56:00,75498.89,75498.9,75490.54,75491.77,6.48663,489685.08501
2026-09-15 21:57:00,75491.77,75506.51,75481.9,75506.51,5.61974,424229.3408584
2026-09-15 21:58:00,75506.5,75507.37,75461.94,75461.94,8.21807,620256.2912489
2026-09-15 21:59:00,75461.94,75480.01,75392.35,75453.85,17.17697,1295839.6219368
2026-09-15 22:00:00,75453.85,75505.6,75392.34,75448.53,11.12858,839578.4788767
2026-09-15 22:01:00,75448.53,75448.54,75401.56,75424.92,6.9872,526946.0006483
2026-09-15 22:02:00,75424.92,75570.7,75424.91,75557.81,18.42865,1391542.6754269
2026-09-15 22:03:00,75557.81,75597.4,75514.29,75515.25,5.3829,406691.1875098
2026-09-15 22:04:00,75515.26,75538.81,75500.0,75500.01,3.37091,254598.585544
2026-09-15 22:05:00,75500.0,75500.01,75431.87,75434.3,6.4206,484509.0458283
2026-09-15 22:06:00,75434.29,75450.09,75400.0,75434.86,9.23128,696275.29209
2026-09-15 22:07:00,75434.86,75475.12,75429.99,75458.95,4.81995,363676.4673478
2026-09-15 22:08:00,75458.95,75492.25,75458.95,75474.89,1.86312,140630.9818273
2026-09-15 22:09:00,75474.88,75474.89,75399.99,75400.0,4.9664,374529.6598472
2026-09-15 22:10:00,75400.0,75444.76,75302.11,75444.76,57.43742,4329739.8377109
2026-09-15 22:11:00,75444.76,75460.5,75425.23,75454.47,17.13913,1293053.4813125
2026-09-15 22:12:00,75454.46,75454.46,75377.19,75401.14,8.3552,630019.7917961
2026-09-15 22:13:00,75401.13,75404.7,75382.98,75396.98,12.24804,923503.2279595
2026-09-15 22:14:00,75396.99,75400.0,75375.0,75381.89,30.72608,2316242.083055
2026-09-15 22:15:00,75381.88,75394.37,75306.51,75306.52,33.37233,2514827.878662
2026-09-15 22:16:00,75306.52,75342.66,75250.0,75299.39,35.37124,2662801.2418644
2026-09-15 22:17:00,75299.39,75304.6,75251.34,75281.37,13.745,1034513.6247202
2026-09-15 22:18:00,75281.38,75281.38,75200.0,75210.93,28.55417,2147765.1364297
2026-09-15 22:19:00,75210.68,75244.4,75167.21,75191.11,19.45651,1463153.6298655
2026-09-15 22:20:00,75191.11,75260.99,75191.1,75237.88,10.12549,761776.0037805
2026-09-15 22:21:00,75237.88,75237.88,75140.64,75222.34,11.94128,897764.6881894
2026-09-15 22:22:00,75222.35,75247.5,75222.34,75229.66,9.74076,732854.2543174
2026-09-15 22:23:00,75229.67,75237.41,75162.14,75226.8,7.01042,527254.4951216
2026-09-15 22:24:00,75226.81,75270.39,75226.81,75233.52,7.66954,577098.7555608
2026-09-15 22:25:00,75233.53,75324.17,75209.81,75324.16,24.92019,1875007.307778
2026-09-15 22:26:00,75324.17,75462.0,75324.16,75462.0,13.18903,994276.5797478
2026-09-15 22:27:00,75462.0,75529.13,75461.99,75529.13,18.11421,1367668.1755236
2026-09-15 22:28:00,75529.12,75541.4,75475.4,75541.39,30.39348,2294883.07829
2026-09-15 22:29:00,75541.4,75554.41,75489.36,75493.0,8.97211,677634.8849983
2026-09-15 22:30:00,75493.0,75570.7,75492.99,75570.69,4.73511,357649.4733204
2026-09-15 22:31:00,75570.7,75608.54,75537.17,75597.51,14.62714,1105411.6358687
2026-09-15 22:32:00,75597.5,75606.04,75584.79,75595.41,9.71631,734545.517757
2026-09-15 22:33:00,75595.42,75595.42,75489.36,75590.82,29.10771,2198757.7513735
2026-09-15 22:34:00,75590.81,75621.48,75564.81,75609.42,6.94687,525066.5537883
2026-09-15 22:35:00,75609.41,75609.42,75555.94,75555.95,6.07816,459519.7526161
2026-09-15 22:36:00,75555.94,75582.48,75532.88,75582.48,2.61393,197492.1203511
2026-09-15 22:37:00,75582.48,75638.98,75575.54,75612.69,6.08026,459699.3946841
2026-09-15 22:38:00,75612.69,75654.12,75612.69,75650.76,9.564,723488.5692541
2026-09-15 22:39:00,75650.76,75664.56,75616.88,75635.79,12.01533,908879.9220504
2026-09-15 22:40:00,75635.79,75635.79,75595.11,75595.12,3.6599,276747.716582
2026-09-15 22:41:00,75595.12,75617.1,75591.4,75591.42,2.77076,209475.6823258
2026-09-15 22:42:00,75591.42,75600.21,75570.69,75580.01,3.02668,228758.7658162
2026-09-15 22:43:00,75580.01,75599.7,75571.0,75576.62,7.25656,548439.4268994
2026-09-15 22:44:00,75576.62,75613.72,75576.62,75613.72,1.84547,139511.3185624
2026-09-15 22:45:00,75613.72,75643.97,75600.0,75643.96,4.0624,307186.8327268
2026-09-15 22:46:00,75643.97,75679.45,75643.96,75679.44,8.43171,638048.0084222
2026-09-15 22:47:00,75679.44,75689.81,75632.77,75655.62,4.91486,371875.7447871
2026-09-15 22:48:00,75655.61,75702.45,75655.61,75702.44,2.64783,200418.9571808
2026-09-15 22:49:00,75702.44,75702.45,75686.24,75702.44,5.6661,428887.4944563
2026-09-15 22:50:00,75702.45,75719.15,75702.44,75719.14,3.17274,240216.2172152
2026-09-15 22:51:00,75719.15,75738.04,75711.27,75738.04,4.10616,310932.5703706
2026-09-15 22:52:00,75738.03,75738.04,75719.31,75719.32,13.46554,1019743.9740704
2026-09-15 22:53:00,75719.32,75724.47,75713.82,75713.82,6.7058,507760.4903479
2026-09-15 22:54:00,75713.82,75747.98,75713.82,75740.56,3.85314,291805.8317221
2026-09-15 22:55:00,75740.56,75740.56,75713.82,75713.83,6.03628,457099.9615189
2026-09-15 22:56:00,75713.82,75713.83,75672.63,75702.0,5.32114,402775.067113
2026-09-15 22:57:00,75702.0,75735.05,75696.4,75735.05,5.95886,451134.4580083
2026-09-15 22:58:00,75735.05,75740.55,75705.23,75705.24,34.65089,2623901.4931454
2026-09-15 22:59:00,75705.23,75705.24,75656.35,75668.0,3.0562,231262.4936503
2026-09-15 23:00:00,75667.99,75730.42,75658.47,75730.28,8.60989,651635.3192189
2026-09-15 23:01:00,75730.29,75763.01,75730.28,75763.0,4.39019,332533.3294561
2026-09-15 23:02:00,75763.0,75770.56,75706.18,75737.54,10.24244,775711.0728026
2026-09-15 23:03:00,75737.55,75753.39,75728.96,75750.11,2.9266,221657.6486802
2026-09-15 23:04:00,75750.11,75777.0,75750.1,75770.0,3.14132,238007.6235964
2026-09-15 23:05:00,75770.0,75771.4,75741.62,75771.39,5.68146,430413.8599417
2026-09-15 23:06:00,75771.39,75795.65,75762.54,75778.54,6.74731,511297.0562612
2026-09-15 23:07:00,75778.55,75800.0,75778.55,75798.77,3.62671,274873.1930236
2026-09-15 23:08:00,75798.76,75828.86,75798.76,75821.29,7.3127,554425.2800559
2026-09-15 23:09:00,75821.28,75849.4,75809.71,75833.47,6.13387,465156.63475
2026-09-15 23:10:00,75833.47,75856.0,75833.46,75848.83,3.06922,232789.9273173
2026-09-15 23:11:00,75848.83,75893.37,75848.83,75893.37,3.77403,286329.9787587
2026-09-15 23:12:00,75893.36,75898.85,75876.51,75880.8,3.20452,243176.0419539
2026-09-15 23:13:00,75880.79,75881.17,75865.42,75869.22,6.90655,524007.5150573
2026-09-15 23:14:00,75869.22,75896.99,75869.22,75896.99,3.41931,259449.5531175
2026-09-15 23:15:00,75896.99,75898.85,75888.26,75898.85,3.3235,252225.093538
2026-09-15 23:16:00,75898.85,75920.92,75897.16,75897.16,10.57357,802599.4542582
2026-09-15 23:17:00,75897.17,75912.83,75870.81,75912.83,9.03279,685471.66
2026-09-15 23:18:00,75912.82,75912.82,75883.92,75904.93,2.95564,224310.5837128
2026-09-15 23:19:00,75904.92,75933.12,75904.92,75933.11,2.26905,172261.678972
2026-09-15 23:20:00,75933.12,75933.12,75904.92,75931.19,8.87634,673878.6303603
2026-09-15 23:21:00,75931.19,75931.19,75894.88,75907.12,3.64487,276688.5884772
2026-09-15 23:22:00,75907.12,75942.13,75907.11,75907.12,19.19778,1457665.1438796
2026-09-15 23:23:00,75907.11,75909.36,75888.02,75891.5,3.68951,280051.9177633
2026-09-15 23:24:00,75891.5,75905.47,75866.47,75872.98,5.24093,397705.621982
2026-09-15 23:25:00,75872.97,75872.98,75855.87,75855.88,1.17223,88935.4384259
2026-09-15 23:26:00,75855.87,75855.87,75817.26,75832.72,43.03084,3263134.3000886
2026-09-15 23:27:00,75832.72,75832.72,75809.99,75810.0,2.52478,191426.1447116
2026-09-15 23:28:00,75809.99,75825.45,75799.44,75804.92,11.83627,897247.0622793
2026-09-15 23:29:00,75804.92,75804.92,75734.22,75734.22,6.59062,499336.5450034
2026-09-15 23:30:00,75734.22,75734.22,75610.61,75650.38,19.39145,1467133.6807043
2026-09-15 23:31:00,75650.38,75657.0,75610.62,75610.62,13.206,998887.9717832
2026-09-15 23:32:00,75610.62,75623.79,75562.01,75617.96,13.07457,988325.1228368
2026-09-15 23:33:00,75617.96,75697.64,75617.96,75697.64,8.84635,669273.1694582
2026-09-15 23:34:00,75697.64,75741.06,75680.0,75680.0,11.24872,851722.7138286
2026-09-15 23:35:00,75680.01,75693.11,75644.88,75688.24,4.62078,349690.7795198
2026-09-15 23:36:00,75688.24,75688.25,75636.19,75644.23,5.76108,435896.7690006
2026-09-15 23:37:00,75644.24,75644.24,75600.0,75604.17,5.5836,422249.1887256
2026-09-15 23:38:00,75604.17,75604.18,75591.79,75599.32,5.69387,430436.1171256
2026-09-15 23:39:00,75599.31,75599.31,75586.4,75586.4,8.84971,668964.2288104
2026-09-15 23:40:00,75586.4,75641.61,75570.36,75641.6,11.7283,886576.4043668
2026-09-15 23:41:00,75641.61,75689.98,75641.14,75672.97,4.14103,313332.727412
2026-09-15 23:42:00,75672.96,75679.43,75632.58,75643.28,4.7521,359538.4700813
2026-09-15 23:43:00,75643.27,75696.94,75643.27,75687.94,5.31544,402227.7013374
2026-09-15 23:44:00,75687.94,75690.99,75671.93,75673.74,3.00462,227388.4323281
2026-09-15 23:45:00,75673.74,75690.95,75669.95,75690.6,6.4024,484556.8724037
2026-09-15 23:46:00,75690.6,75718.91,75690.59,75718.91,3.81716,288966.4254262
2026-09-15 23:47:00,75718.9,75718.91,75652.14,75652.14,8.58057,649493.4158541
2026-09-15 23:48:00,75652.14,75661.93,75649.39,75661.93,2.50599,189583.0713644
2026-09-15 23:49:00,75662.85,75666.0,75662.85,75662.86,2.38991,180828.2381879
2026-09-15 23:50:00,75662.85,75700.05,75649.61,75700.04,2.26727,171562.4709106
2026-09-15 23:51:00,75700.05,75716.51,75677.68,75680.1,5.00472,378818.6530005
2026-09-15 23:52:00,75680.1,75681.77,75669.36,75681.77,3.76074,284605.5033045
2026-09-15 23:53:00,75681.77,75703.41,75681.76,75700.0,2.10067,159012.9675715
2026-09-15 23:54:00,75700.0,75700.0,75678.39,75694.62,3.25244,246167.154707
2026-09-15 23:55:00,75694.62,75704.2,75680.02,75704.19,3.21676,243466.6238596
2026-09-15 23:56:00,75704.2,75704.2,75645.22,75645.23,4.17147,315720.198739
2026-09-15 23:57:00,75645.22,75657.93,75645.22,75657.93,4.25281,321747.8411683
2026-09-15 23:58:00,75657.92,75668.94,75657.92,75668.93,3.67126,277789.0982381
2026-09-15 23:59:00,75668.93,75668.93,75625.0,75644.48,18.88125,1428350.1028676
2026-09-16 00:00:00,75644.48,75657.0,75617.07,75636.26,10.17255,769366.3525226
2026-09-16 00:01:00,75636.25,75636.26,75603.91,75612.93,7.85761,594155.6142475
2026-09-16 00:02:00,75612.92,75650.13,75578.61,75650.13,7.92828,599327.2683205
2026-09-16 00:03:00,75650.19,75726.18,75650.19,75695.6,5.58522,422709.956929
2026-09-16 00:04:00,75695.6,75745.87,75694.56,75745.87,6.28773,476161.1392572
2026-09-16 00:05:00,75745.87,75793.59,75735.92,75760.41,6.62852,502177.846209
2026-09-16 00:06:00,75760.41,75787.34,75744.8,75779.02,10.58469,802027.7568793
2026-09-16 00:07:00,75779.86,75784.53,75729.15,75752.01,7.65046,579559.4338178
2026-09-16 00:08:00,75752.01,75776.47,75752.01,75757.5,3.73148,282724.7492397
2026-09-16 00:09:00,75757.5,75757.51,75693.36,75693.97,3.43547,260142.6927078
2026-09-16 00:10:00,75693.96,75710.87,75677.15,75677.15,7.72714,584882.6672433
2026-09-16 00:11:00,75677.15,75752.5,75677.15,75752.5,2.97192,225042.6288417
2026-09-16 00:12:00,75752.5,75762.26,75736.56,75756.45,3.51787,266463.8850458
2026-09-16 00:13:00,75756.45,75756.45,75702.62,75710.44,2.7254,206398.2703988
2026-09-16 00:14:00,75710.45,75719.53,75702.63,75702.64,2.46685,186773.981965
2026-09-16 00:15:00,75702.64,75736.15,75682.83,75736.15,4.04824,306440.7958863
2026-09-16 00:16:00,75736.14,75788.93,75730.44,75788.93,6.62359,501779.0508092
2026-09-16 00:17:00,75788.92,75788.98,75782.68,75782.69,3.50206,265401.0906373
2026-09-16 00:18:00,75782.7,75794.21,75780.0,75790.91,1.99494,151186.7651851
2026-09-16 00:19:00,75790.92,75790.92,75769.3,75784.17,2.73017,206900.4396666
2026-09-16 00:20:00,75784.17,75803.0,75760.01,75760.01,4.322,327548.5333347
2026-09-16 00:21:00,75760.0,75775.81,75742.51,75750.81,4.37495,331464.6709722
2026-09-16 00:22:00,75750.81,75767.43,75727.29,75743.61,7.32588,554916.8310636
2026-09-16 00:23:00,75743.6,75813.79,75743.6,75813.79,5.35345,405672.4801878
2026-09-16 00:24:00,75814.01,75837.96,75810.36,75823.88,4.01187,304193.0855298
2026-09-16 00:25:00,75823.88,75825.97,75809.51,75824.89,4.59429,348357.2513524
2026-09-16 00:26:00,75824.89,75845.27,75824.88,75844.05,2.04419,155026.9366249
2026-09-16 00:27:00,75844.05,75844.05,75820.0,75820.0,4.68911,355636.0005639
2026-09-16 00:28:00,75820.01,75820.01,75784.99,75815.16,5.47162,414774.5948384
2026-09-16 00:29:00,75815.16,75850.07,75815.16,75850.07,5.94969,451124.5875878
2026-09-16 00:30:00,75850.07,75867.05,75842.38,75854.51,4.41659,335027.9913316
2026-09-16 00:31:00,75854.51,75854.51,75832.19,75832.2,2.81592,213555.2522189
2026-09-16 00:32:00,75832.19,75861.28,75832.19,75839.72,18.60371,1410961.9626559
2026-09-16 00:33:00,75839.72,75848.74,75832.0,75832.01,4.68391,355232.9049029
2026-09-16 00:34:00,75832.0,75835.65,75808.24,75808.24,1.56533,118691.6580845
2026-09-16 00:35:00,75808.25,75818.75,75800.0,75811.46,2.77434,210320.7344401
2026-09-16 00:36:00,75811.47,75855.05,75811.46,75828.39,3.35937,254724.1147003
2026-09-16 00:37:00,75828.4,75858.94,75828.4,75858.94,3.92731,297886.1610742
2026-09-16 00:38:00,75858.94,75874.64,75858.93,75872.21,4.87752,370035.3964061
2026-09-16 00:39:00,75872.21,75915.49,75872.2,75915.45,3.65199,277150.3833467
2026-09-16 00:40:00,75915.44,75915.44,75849.14,75849.15,4.86149,368880.9684379
2026-09-16 00:41:00,75849.14,75874.48,75839.07,75839.08,5.43588,412351.8888068
2026-09-16 00:42:00,75839.07,75839.08,75792.33,75792.33,3.72424,282338.0274095
2026-09-16 00:43:00,75792.33,75800.01,75777.01,75777.01,3.08248,233612.2921683
2026-09-16 00:44:00,75777.0,75819.04,75777.0,75802.27,3.20866,243199.1012731
2026-09-16 00:45:00,75802.28,75827.95,75786.7,75786.7,3.31591,251397.5733187
2026-09-16 00:46:00,75786.7,75794.2,75758.66,75761.36,7.26321,550373.2458551
2026-09-16 00:47:00,75761.37,75811.16,75761.37,75807.59,7.30776,553781.9412364
2026-09-16 00:48:00,75807.59,75878.87,75797.68,75878.87,5.0569,383495.7242943
2026-09-16 00:49:00,75878.87,75878.87,75827.95,75841.15,2.99087,226843.9389591
2026-09-16 00:50:00,75841.15,75841.16,75802.18,75804.67,5.25344,398339.6727864
2026-09-16 00:51:00,75804.67,75812.46,75794.72,75794.73,4.57809,347047.4881296
2026-09-16 00:52:00,75794.73,75830.72,75766.31,75777.31,16.16299,1225293.7934271
2026-09-16 00:53:00,75777.31,75783.42,75750.63,75750.63,5.2912,400924.0938427
2026-09-16 00:54:00,75750.07,75750.07,75733.45,75735.98,4.42264,334968.2538492
2026-09-16 00:55:00,75735.98,75793.44,75735.97,75774.9,29.90773,2265394.9499147
2026-09-16 00:56:00,75774.89,75785.07,75765.52,75769.28,2.54393,192765.0910077
2026-09-16 00:57:00,75769.29,75769.29,75731.65,75731.66,4.70292,356248.2275451
2026-09-16 00:58:00,75731.66,75794.75,75731.65,75794.74,8.88215,672773.6911083
2026-09-16 00:59:00,75794.75,75807.41,75772.1,75772.1,5.57183,422313.2603292
2026-09-16 01:00:00,75772.1,75830.71,75769.27,75814.31,6.08343,461076.7672095
2026-09-16 01:01:00,75814.31,75862.43,75814.31,75827.79,4.43908,336699.6546078
2026-09-16 01:02:00,75827.79,75848.36,75776.07,75776.07,8.53862,647459.469004
2026-09-16 01:03:00,75776.07,75791.28,75753.95,75757.5,6.37111,482800.7473611
2026-09-16 01:04:00,75757.51,75757.51,75693.96,75720.23,9.227,698696.6444285
2026-09-16 01:05:00,75720.22,75744.45,75700.67,75722.12,3.58895,271772.065166
2026-09-16 01:06:00,75722.12,75792.03,75722.12,75792.03,2.73915,207462.4549818
2026-09-16 01:07:00,75792.02,75792.03,75755.59,75755.6,3.31233,251005.2821189
2026-09-16 01:08:00,75755.6,75770.2,75732.31,75770.2,4.29768,325557.3133199
2026-09-16 01:09:00,75770.2,75770.2,75744.68,75755.81,5.70251,432021.7425952
2026-09-16 01:10:00,75755.82,75808.0,75742.26,75808.0,2.85586,216376.9336057
2026-09-16 01:11:00,75808.0,75827.6,75807.99,75814.57,3.82946,290359.0969302
2026-09-16 01:12:00,75814.56,75814.57,75709.63,75741.77,7.60113,575818.9358619
2026-09-16 01:13:00,75741.78,75762.36,75710.75,75735.47,6.72917,509604.2387858
2026-09-16 01:14:00,75735.47,75815.02,75735.47,75786.07,4.25479,322457.8199578
2026-09-16 01:15:00,75786.07,75786.08,75721.0,75732.17,9.11269,690134.1383297
2026-09-16 01:16:00,75732.17,75776.55,75732.17,75775.32,8.76759,664321.3890722
2026-09-16 01:17:00,75775.32,75789.01,75755.59,75773.15,4.08195,309307.191645
2026-09-16 01:18:00,75773.16,75793.93,75768.38,75793.93,1.6601,125799.7732063
2026-09-16 01:19:00,75793.94,75808.22,75793.94,75803.36,0.97596,73982.3033365
2026-09-16 01:20:00,75803.36,75817.24,75797.46,75817.24,5.54744,420516.9203557
2026-09-16 01:21:00,75817.23,75874.09,75817.23,75855.91,7.01036,531788.1325693
2026-09-16 01:22:00,75855.91,75878.87,75845.48,75845.49,9.8593,747987.2831797
2026-09-16 01:23:00,75845.49,75883.16,75845.49,75883.16,9.82833,745617.9750589
2026-09-16 01:24:00,75883.16,75933.12,75883.16,75933.12,5.63983,428118.0148566
2026-09-16 01:25:00,75933.12,75964.01,75933.12,75941.07,7.93669,602799.4524986
2026-09-16 01:26:00,75941.06,75948.01,75886.61,75886.61,3.9929,303151.4406494
2026-09-16 01:27:00,75886.61,75887.75,75879.43,75879.44,4.67995,355138.9171958
2026-09-16 01:28:00,75879.43,75924.01,75879.43,75924.01,2.64227,200533.1053569
2026-09-16 01:29:00,75924.0,75926.01,75870.22,75871.46,9.52301,722877.4722383
2026-09-16 01:30:00,75871.47,75871.47,75844.68,75844.73,7.32193,555389.2289971
2026-09-16 01:31:00,75844.74,75844.74,75818.11,75819.59,2.67325,202724.2209098
2026-09-16 01:32:00,75819.6,75825.68,75800.0,75825.67,4.26113,323056.2779335
2026-09-16 01:33:00,75825.67,75825.67,75686.12,75692.2,10.14512,768422.8726864
2026-09-16 01:34:00,75692.21,75712.0,75686.29,75687.5,4.05889,307241.095827
2026-09-16 01:35:00,75687.49,75726.42,75629.04,75688.05,31.25749,2365416.5003342
2026-09-16 01:36:00,75688.04,75688.04,75560.0,75560.0,18.95795,1432949.6971165
2026-09-16 01:37:00,75560.01,75625.89,75560.0,75593.94,18.03055,1362905.6043773
2026-09-16 01:38:00,75593.94,75613.26,75577.86,75613.26,2.5101,189739.0599617
2026-09-16 01:39:00,75613.26,75613.26,75558.92,75560.16,4.01202,303275.1845084
2026-09-16 01:40:00,75560.16,75592.71,75547.73,75590.3,4.40261,332668.6430557
2026-09-16 01:41:00,75590.3,75633.47,75583.34,75625.14,3.87816,293241.5591798
2026-09-16 01:42:00,75625.13,75657.65,75625.13,75631.21,4.5489,344082.8083623
2026-09-16 01:43:00,75631.22,75666.52,75631.21,75665.29,5.18581,392300.7757833
2026-09-16 01:44:00,75665.29,75670.28,75658.0,75659.55,2.30653,174522.9320131
2026-09-16 01:45:00,75659.55,75701.21,75651.21,75684.67,3.93078,297467.5625092
2026-09-16 01:46:00,75684.67,75714.01,75650.79,75658.9,4.84518,366739.0414993
2026-09-16 01:47:00,75658.9,75667.18,75576.13,75615.89,31.99502,2419689.4723666
2026-09-16 01:48:00,75615.89,75615.9,75591.05,75593.95,2.79901,211602.7483749
2026-09-16 01:49:00,75593.95,75604.16,75576.38,75585.72,32.28528,2440363.0545752
2026-09-16 01:50:00,75585.71,75585.71,75527.58,75539.13,3.98133,300776.7055463
2026-09-16 01:51:00,75539.12,75539.13,75523.47,75523.48,3.5135,265372.0595437
2026-09-16 01:52:00,75523.48,75545.66,75523.47,75545.66,2.96132,223661.8401597
2026-09-16 01:53:00,75545.65,75545.66,75518.84,75518.84,7.31349,552367.7930973
2026-09-16 01:54:00,75518.85,75518.85,75457.52,75482.81,26.4284,1994802.6413346
2026-09-16 01:55:00,75482.81,75500.01,75463.83,75463.84,12.0594,910188.7174501
2026-09-16 01:56:00,75463.83,75467.7,75463.83,75467.7,19.0066,1434379.4609971
2026-09-16 01:57:00,75467.7,75474.49,75467.69,75473.28,2.40693,181654.1847502
2026-09-16 01:58:00,75473.28,75523.48,75473.28,75523.48,11.78084,889533.1865665
2026-09-16 01:59:00,75523.48,75523.48,75483.3,75489.14,11.77969,889409.0342487
2026-09-16 02:00:00,75489.14,75555.0,75483.32,75499.7,18.986,1433782.2467374
2026-09-16 02:01:00,75499.69,75563.42,75499.69,75563.42,8.15459,615965.3307331
2026-09-16 02:02:00,75563.42,75625.3,75563.42,75625.3,3.90644,295289.9777024
2026-09-16 02:03:00,75625.29,75662.17,75607.5,75607.5,5.31537,402066.7116618
2026-09-16 02:04:00,75607.51,75621.95,75593.58,75621.94,3.73869,282693.1253942
2026-09-16 02:05:00,75621.95,75648.3,75611.76,75648.3,6.0098,454508.2148009
2026-09-16 02:06:00,75648.3,75657.37,75586.06,75617.86,21.63096,1635635.2840124
2026-09-16 02:07:00,75617.85,75617.86,75587.47,75613.28,4.9702,375764.9648821
2026-09-16 02:08:00,75613.28,75625.89,75613.28,75617.87,1.16977,88457.9798955
2026-09-16 02:09:00,75617.87,75620.94,75599.09,75616.32,1.96585,148637.9731767
2026-09-16 02:10:00,75616.32,75660.2,75616.32,75646.78,5.79448,438286.1201955
2026-09-16 02:11:00,75646.78,75646.78,75571.02,75573.45,4.72432,357115.6500922
2026-09-16 02:12:00,75573.45,75601.59,75550.0,75601.58,13.16232,994717.8843535
2026-09-16 02:13:00,75601.58,75674.04,75601.58,75674.04,2.54238,192292.1502854
2026-09-16 02:14:00,75674.04,75674.04,75633.92,75659.07,6.49446,491284.2771568
2026-09-16 02:15:00,75659.07,75715.81,75648.91,75709.83,6.15117,465538.4072224
2026-09-16 02:16:00,75709.84,75753.57,75709.83,75751.28,4.57324,346347.1833161
2026-09-16 02:17:00,75751.28,75840.01,75751.27,75803.96,28.79916,2182995.237816
2026-09-16 02:18:00,75803.96,75819.13,75768.0,75774.42,3.72154,282070.1396895
2026-09-16 02:19:00,75774.41,75835.79,75774.41,75823.85,6.34856,481317.7005493
2026-09-16 02:20:00,75823.85,75848.28,75822.53,75848.28,1.94965,147847.4417761
2026-09-16 02:21:00,75848.28,75848.28,75836.96,75837.17,4.4024,333881.4317447
2026-09-16 02:22:00,75837.18,75839.61,75826.86,75830.7,5.96345,452229.5277529
2026-09-16 02:23:00,75830.71,75830.71,75807.3,75818.05,3.89022,294949.505615
2026-09-16 02:24:00,75818.05,75841.86,75818.04,75841.85,4.87718,369848.8321334
2026-09-16 02:25:00,75841.85,75873.66,75841.85,75870.0,3.46274,262686.0797218
2026-09-16 02:26:00,75870.0,75873.66,75849.09,75873.66,7.24112,549286.4683005
2026-09-16 02:27:00,75873.66,75888.01,75873.65,75880.01,3.26241,247552.8716926
2026-09-16 02:28:00,75880.01,75931.75,75880.0,75921.84,9.41321,714571.6343968
2026-09-16 02:29:00,75921.84,75940.5,75921.83,75940.5,3.01257,228746.289359
2026-09-16 02:30:00,75940.5,76048.21,75931.75,75998.01,27.3257,2076732.6382694
2026-09-16 02:31:00,75998.0,76048.21,75990.0,76029.99,10.03198,762631.5113523
2026-09-16 02:32:00,76029.99,76038.01,76000.0,76000.0,7.28265,553697.8350933
2026-09-16 02:33:00,76000.0,76000.01,75958.62,75958.62,3.69994,281100.2408659
2026-09-16 02:34:00,75958.62,76020.01,75958.62,76020.01,4.80903,365367.33153
2026-09-16 02:35:00,76020.01,76056.01,76020.01,76055.29,12.5926,957546.3682739
2026-09-16 02:36:00,76055.29,76111.0,76055.29,76056.0,20.37373,1550021.6331142
2026-09-16 02:37:00,76056.0,76056.01,76009.41,76023.14,10.29091,782331.1348889
2026-09-16 02:38:00,76023.14,76042.01,76023.13,76042.0,5.22208,397028.5360688
2026-09-16 02:39:00,76042.0,76065.61,76042.0,76058.34,3.1487,239481.4168102
2026-09-16 02:40:00,76058.35,76070.01,76018.0,76018.01,5.57958,424336.6637656
2026-09-16 02:41:00,76018.0,76047.04,76007.58,76040.35,5.60866,426401.9820603
2026-09-16 02:42:00,76040.35,76040.36,75994.01,75994.01,6.66835,506878.6666908
2026-09-16 02:43:00,75994.01,76011.38,75992.19,75992.19,5.56608,423031.4617986
2026-09-16 02:44:00,75992.2,75992.2,75964.78,75964.78,3.47673,264148.1080787
2026-09-16 02:45:00,75964.79,75964.79,75935.31,75935.32,5.31992,404013.376346
2026-09-16 02:46:00,75935.32,75958.01,75935.31,75958.01,3.88895,295331.2619907
2026-09-16 02:47:00,75958.0,75958.01,75950.88,75950.89,2.62902,199680.8439268
2026-09-16 02:48:00,75950.89,75950.89,75950.88,75950.89,1.81852,138118.2007048
2026-09-16 02:49:00,75950.88,76000.0,75950.88,75992.01,5.80759,441242.9215733
2026-09-16 02:50:00,75992.0,75992.01,75966.0,75966.01,2.6967,204878.1007124
2026-09-16 02:51:00,75966.01,75987.79,75966.0,75972.01,3.32709,252776.2152921
2026-09-16 02:52:00,75972.0,75972.01,75948.54,75948.55,7.50518,570077.8390917
2026-09-16 02:53:00,75948.55,75954.29,75948.54,75954.28,2.53062,192198.1471652
2026-09-16 02:54:00,75954.29,75954.29,75917.83,75924.01,8.91042,676563.2013398
2026-09-16 02:55:00,75924.0,75924.01,75905.06,75908.73,6.54567,496921.3081471
2026-09-16 02:56:00,75908.72,75909.95,75819.78,75822.22,12.50921,949258.9257078
2026-09-16 02:57:00,75822.22,75848.3,75817.46,75848.3,15.41201,1168636.3497594
2026-09-16 02:58:00,75848.29,75887.71,75848.29,75887.71,5.15149,390815.9639465
2026-09-16 02:59:00,75887.71,75894.81,75886.35,75886.35,9.86442,748603.6665716
2026-09-16 03:00:00,75886.36,75916.01,75882.47,75910.39,7.8612,596704.1071428
2026-09-16 03:01:00,75910.39,75960.01,75910.39,75960.01,5.68361,431612.118123
2026-09-16 03:02:00,75960.0,75960.02,75923.53,75960.02,15.70358,1192549.1761092
2026-09-16 03:03:00,75960.01,75965.33,75903.03,75955.66,17.32606,1315764.1625803
2026-09-16 03:04:00,75955.66,75988.01,75938.0,75945.07,7.43287,564625.7274875
2026-09-16 03:05:00,75945.06,75945.06,75934.22,75934.23,2.69919,204971.5148163
2026-09-16 03:06:00,75934.23,75947.04,75924.0,75924.01,11.80408,896384.5621206
2026-09-16 03:07:00,75924.0,75924.0,75866.38,75866.38,2.80561,212952.9736078
2026-09-16 03:08:00,75866.39,75872.01,75850.0,75850.01,3.82823,290415.551931
2026-09-16 03:09:00,75850.0,75864.78,75822.52,75848.48,18.5243,1404824.6631971
2026-09-16 03:10:00,75848.48,75868.01,75847.06,75853.51,5.31037,402858.2701988
2026-09-16 03:11:00,75853.52,75912.41,75853.52,75909.99,5.26091,399228.0383382
2026-09-16 03:12:00,75910.0,75933.08,75902.73,75906.18,5.55663,421845.8634814
2026-09-16 03:13:00,75906.17,75940.0,75906.17,75938.83,10.10751,767433.1182452
2026-09-16 03:14:00,75938.83,75956.98,75938.83,75956.98,3.06712,232937.5256952
2026-09-16 03:15:00,75956.98,75992.89,75956.97,75992.88,4.07009,309209.4547165
2026-09-16 03:16:00,75992.88,76025.5,75992.88,76025.49,18.57491,1411889.1213618
2026-09-16 03:17:00,76025.49,76046.01,76025.49,76046.01,6.49083,493489.131448
2026-09-16 03:18:00,76046.01,76058.07,76044.89,76044.9,12.78323,972217.564515
2026-09-16 03:19:00,76044.89,76056.25,76008.0,76025.77,19.95568,1517341.6765795
2026-09-16 03:20:00,76025.77,76050.6,76025.76,76050.6,4.71637,358630.7913164
2026-09-16 03:21:00,76050.6,76074.0,76050.59,76074.0,5.86213,445879.4214043
2026-09-16 03:22:00,76074.0,76076.01,76062.88,76065.54,6.21401,472715.9644673
2026-09-16 03:23:00,76065.54,76073.55,76058.01,76058.14,5.06892,385589.2964885
2026-09-16 03:24:00,76058.14,76058.15,76030.31,76030.32,2.67088,203113.0578741
2026-09-16 03:25:00,76030.32,76030.32,75997.34,75997.35,6.9373,527295.1965403
2026-09-16 03:26:00,75997.35,76004.06,75976.5,75976.51,3.20419,243502.687559
2026-09-16 03:27:00,75976.5,75976.5,75937.99,75937.99,6.92442,525962.6735045
2026-09-16 03:28:00,75937.99,75940.49,75905.25,75905.26,6.35653,482663.692844
2026-09-16 03:29:00,75905.26,75910.01,75856.76,75856.77,8.56387,650026.410281
2026-09-16 03:30:00,75856.77,75876.01,75834.06,75834.42,5.06773,384424.8704085
2026-09-16 03:31:00,75834.43,75878.01,75834.01,75864.01,24.22536,1837477.816925
2026-09-16 03:32:00,75864.01,75904.01,75864.0,75904.0,3.56947,270873.7639132
2026-09-16 03:33:00,75904.01,75908.01,75886.13,75886.13,4.46456,338866.0894442
2026-09-16 03:34:00,75886.13,75886.14,75859.92,75859.93,2.35684,178832.9842087
2026-09-16 03:35:00,75859.93,75859.93,75848.0,75848.01,4.17165,316427.2975038
2026-09-16 03:36:00,75848.01,75848.6,75821.97,75821.97,9.07966,688658.6401638
2026-09-16 03:37:00,75821.96,75821.97,75800.0,75800.0,3.83364,290631.221452
2026-09-16 03:38:00,75800.0,75800.01,75790.0,75796.01,4.18907,317502.9722291
2026-09-16 03:39:00,75796.01,75826.81,75796.01,75800.0,7.27487,551494.0018404
2026-09-16 03:40:00,75800.0,75829.16,75799.99,75829.16,4.21856,319814.2474545
2026-09-16 03:41:00,75829.15,75829.16,75802.4,75813.99,3.82528,290006.290041
2026-09-16 03:42:00,75814.0,75814.0,75779.03,75786.01,6.4716,490514.6981335
2026-09-16 03:43:00,75786.0,75800.0,75786.0,75800.0,2.39321,181382.1001788
2026-09-16 03:44:00,75799.99,75811.87,75792.01,75792.02,3.62031,274436.0512401
2026-09-16 03:45:00,75792.02,75830.71,75792.01,75830.71,2.37609,180135.7573933
2026-09-16 03:46:00,75830.71,75830.71,75800.5,75800.51,2.78818,211391.0716689
2026-09-16 03:47:00,75800.51,75800.51,75779.66,75779.67,1.52454,115543.5010407
2026-09-16 03:48:00,75779.67,75800.01,75779.66,75800.01,3.61706,274119.9490885
2026-09-16 03:49:00,75800.01,75800.01,75796.0,75796.01,2.45267,185911.0293379
2026-09-16 03:50:00,75796.01,75796.01,75779.66,75790.0,2.52238,191156.687204
2026-09-16 03:51:00,75790.0,75790.01,75768.25,75769.32,6.39852,484863.2205795
2026-09-16 03:52:00,75769.33,75771.76,75769.32,75771.76,0.64878,49158.4782735
2026-09-16 03:53:00,75771.76,75782.01,75771.75,75774.65,2.14964,162893.2068783
2026-09-16 03:54:00,75774.64,75774.65,75768.38,75768.38,1.18159,89529.128492
2026-09-16 03:55:00,75768.39,75781.62,75768.38,75781.62,3.22613,244445.033053
2026-09-16 03:56:00,75781.61,75792.01,75781.61,75792.0,1.70651,129326.3217036
2026-09-16 03:57:00,75792.0,75803.81,75792.0,75803.81,1.16206,88078.4376647
2026-09-16 03:58:00,75803.81,75830.01,75803.8,75830.01,4.15649,315125.9123372
2026-09-16 03:59:00,75830.01,75832.01,75824.0,75824.01,3.23545,245341.3296462
2026-09-16 04:00:00,75824.0,75830.71,75822.62,75830.71,2.27147,172231.9925229
2026-09-16 04:01:00,75830.71,75846.01,75819.7,75819.71,7.03276,533355.1909766
2026-09-16 04:02:00,75819.7,75868.01,75819.7,75861.31,5.41591,410796.9562314
2026-09-16 04:03:00,75861.3,75890.0,75857.02,75890.0,3.93079,298223.9025626
2026-09-16 04:04:00,75889.99,75918.01,75889.99,75907.92,3.99966,303595.0836856
2026-09-16 04:05:00,75907.91,75907.92,75886.0,75886.18,5.95011,451562.5057756
2026-09-16 04:06:00,75886.18,75898.01,75886.17,75894.0,2.54833,193400.9665894
2026-09-16 04:07:00,75894.0,75894.01,75881.48,75883.91,2.9737,225669.4188996
2026-09-16 04:08:00,75883.92,75894.01,75883.91,75887.98,5.04146,382588.8302998
2026-09-16 04:09:00,75887.97,75887.97,75846.79,75854.01,6.67491,506360.04567
2026-09-16 04:10:00,75854.0,75902.01,75846.0,75891.97,6.49039,492413.9489657
2026-09-16 04:11:00,75891.97,75898.01,75886.0,75898.0,2.37971,180595.2698971
2026-09-16 04:12:00,75898.01,75898.01,75870.32,75870.32,3.83407,290963.7831038
2026-09-16 04:13:00,75870.32,75884.0,75870.32,75884.0,2.75616,209117.3030068
2026-09-16 04:14:00,75883.99,75890.0,75883.99,75889.99,2.22151,168578.5927184
2026-09-16 04:15:00,75889.99,75889.99,75868.0,75868.0,4.23117,321060.3510811
2026-09-16 04:16:00,75868.01,75868.01,75856.52,75856.52,1.57705,119644.5745033
2026-09-16 04:17:00,75856.52,75865.2,75856.52,75865.2,1.19851,90916.248596
2026-09-16 04:18:00,75865.2,75865.21,75864.0,75864.0,1.90452,144486.4427223
2026-09-16 04:19:00,75864.01,75864.01,75838.0,75838.01,1.15501,87610.9488298
2026-09-16 04:20:00,75838.0,75886.08,75838.0,75886.08,4.67619,354730.1655556
2026-09-16 04:21:00,75886.08,75966.01,75884.0,75946.01,13.1399,997718.7226134
2026-09-16 04:22:00,75946.0,75954.01,75912.0,75954.01,9.58349,727719.7088099
2026-09-16 04:23:00,75954.01,75986.01,75954.01,75982.01,2.66835,202736.7268419
2026-09-16 04:24:00,75982.02,75984.01,75976.89,75976.89,2.81745,214075.7356474
2026-09-16 04:25:00,75976.89,75976.9,75955.98,75964.0,12.61599,958299.5993952
2026-09-16 04:26:00,75964.0,75976.89,75964.0,75976.89,2.82157,214342.2883724
2026-09-16 04:27:00,75976.9,75984.01,75944.0,75944.0,13.25613,1007112.4363145
2026-09-16 04:28:00,75944.01,75944.01,75890.0,75890.01,6.11891,464515.5353661
2026-09-16 04:29:00,75890.0,75902.67,75870.1,75870.1,10.17359,772102.5918865
2026-09-16 04:30:00,75870.1,75886.01,75870.1,75876.99,4.98552,378274.4086528
2026-09-16 04:31:00,75876.99,75884.0,75876.98,75884.0,2.61952,198776.8642056
2026-09-16 04:32:00,75884.0,75886.01,75870.55,75870.55,3.57945,271616.2908043
2026-09-16 04:33:00,75870.55,75870.56,75857.99,75857.99,3.40148,258059.9068522
2026-09-16 04:34:00,75857.99,75910.0,75853.37,75910.0,10.84932,823135.1273223
2026-09-16 04:35:00,75910.01,75940.01,75910.0,75940.01,1.79645,136393.0884961
2026-09-16 04:36:00,75940.0,75940.01,75914.82,75933.11,2.7813,211174.7495266
2026-09-16 04:37:00,75933.12,75933.12,75912.0,75925.52,5.20201,394968.7534523
2026-09-16 04:38:00,75925.51,75940.5,75925.51,75939.27,7.06732,536651.3033988
2026-09-16 04:39:00,75939.28,75981.97,75939.27,75980.0,8.56859,650873.4311551
2026-09-16 04:40:00,75980.01,76002.17,75980.0,76002.16,5.72773,435276.8133511
2026-09-16 04:41:00,76002.17,76020.0,76002.16,76018.01,5.1255,389615.7465753
2026-09-16 04:42:00,76018.0,76022.65,76018.0,76022.64,2.98605,227003.6066339
2026-09-16 04:43:00,76022.65,76022.67,75952.0,75953.99,18.32343,1392355.2416956
2026-09-16 04:44:00,75953.99,75953.99,75929.01,75929.02,1.93405,146868.8191044
2026-09-16 04:45:00,75929.02,75970.09,75929.02,75970.09,7.72101,586291.7195931
2026-09-16 04:46:00,75970.08,75970.09,75936.0,75936.0,3.47556,263984.5290973
2026-09-16 04:47:00,75936.01,75936.01,75925.52,75926.74,1.41658,107557.7059594
2026-09-16 04:48:00,75926.75,75926.75,75905.48,75905.48,4.26567,323865.9850778
2026-09-16 04:49:00,75905.49,75905.49,75904.0,75904.0,1.80819,137249.1293224
2026-09-16 04:50:00,75904.0,75904.0,75876.38,75876.38,2.16902,164601.76715
2026-09-16 04:51:00,75876.39,75876.39,75854.52,75854.52,9.40001,713084.7947402
2026-09-16 04:52:00,75854.52,75854.53,75830.71,75830.72,2.46648,187066.7541788
2026-09-16 04:53:00,75830.71,75830.72,75830.71,75830.71,4.65821,353235.4139283
2026-09-16 04:54:00,75830.72,75830.72,75822.36,75830.71,6.70217,508190.9595703
2026-09-16 04:55:00,75830.72,75830.72,75811.76,75820.34,5.09533,386328.4861697
2026-09-16 04:56:00,75820.34,75820.35,75805.7,75805.71,1.88397,142836.4516058
2026-09-16 04:57:00,75805.71,75845.0,75805.7,75828.55,24.95028,1891827.5796442
2026-09-16 04:58:00,75828.56,75878.86,75828.55,75878.86,3.04742,231146.8873623
2026-09-16 04:59:00,75878.87,75878.87,75864.02,75864.02,5.63326,427420.2557016
2026-09-16 05:00:00,75864.02,75877.33,75864.02,75872.08,8.33329,632273.1003348
2026-09-16 05:01:00,75872.07,75872.08,75824.94,75824.95,3.03001,229831.8271857
2026-09-16 05:02:00,75824.94,75824.94,75688.0,75692.97,13.78883,1044583.2717815
2026-09-16 05:03:00,75692.97,75709.11,75688.0,75700.0,4.70236,355937.6277075
2026-09-16 05:04:00,75700.0,75726.01,75677.64,75720.01,8.55045,647320.62201
2026-09-16 05:05:00,75720.01,75748.01,75693.46,75694.69,5.71369,432667.252175
2026-09-16 05:06:00,75694.69,75720.01,75694.1,75698.97,4.92625,372960.1413093
2026-09-16 05:07:00,75698.97,75726.34,75698.97,75717.14,2.49695,189070.7252959
2026-09-16 05:08:00,75717.15,75746.01,75717.14,75746.01,1.85789,140695.4497569
2026-09-16 05:09:00,75746.01,75781.42,75746.0,75781.42,1.88572,142866.4912579
2026-09-16 05:10:00,75781.42,75786.02,75781.41,75786.02,2.83246,214658.0926323
2026-09-16 05:11:00,75786.01,75810.74,75786.01,75808.0,2.61714,198384.359435
2026-09-16 05:12:00,75808.0,75808.01,75786.01,75786.01,2.18328,165496.948638
2026-09-16 05:13:00,75786.01,75788.01,75780.0,75788.0,2.88229,218424.3513817
2026-09-16 05:14:00,75788.01,75802.01,75788.0,75802.01,1.74812,132503.2004012
2026-09-16 05:15:00,75802.01,75821.69,75802.0,75821.69,1.49611,113420.6185863
2026-09-16 05:16:00,75821.69,75838.11,75813.18,75838.11,15.32288,1161839.4260684
2026-09-16 05:17:00,75838.1,75846.01,75838.1,75846.01,1.07108,81233.2782129
2026-09-16 05:18:00,75846.01,75852.01,75824.6,75849.99,38.65578,2931738.3135877
2026-09-16 05:19:00,75849.98,75886.64,75849.98,75880.3,9.97088,756557.53479
2026-09-16 05:20:00,75880.31,75880.31,75855.17,75855.17,4.1631,315844.7087226
2026-09-16 05:21:00,75855.17,75920.01,75855.17,75900.0,7.9809,605644.5590088
2026-09-16 05:22:00,75900.0,75905.31,75844.99,75845.41,6.90987,524267.380755
2026-09-16 05:23:00,75845.42,75874.01,75845.41,75874.0,4.39983,333748.3750513
2026-09-16 05:24:00,75874.01,75884.01,75874.0,75884.01,1.1147,84585.8828734
2026-09-16 05:25:00,75884.01,75906.01,75884.0,75906.0,2.92273,221807.409017
2026-09-16 05:26:00,75906.0,75906.01,75876.0,75878.01,7.50295,569430.2472117
2026-09-16 05:27:00,75878.01,75883.75,75878.0,75882.01,1.70255,129191.3088418
2026-09-16 05:28:00,75882.0,75890.31,75856.0,75856.01,5.4106,410537.3438135
2026-09-16 05:29:00,75856.0,75884.18,75856.0,75884.18,5.37044,407474.9511499
2026-09-16 05:30:00,75884.18,75890.01,75850.0,75850.0,3.71955,282212.6766835
2026-09-16 05:31:00,75850.01,75850.01,75836.7,75850.01,3.90606,296236.2524249
2026-09-16 05:32:00,75850.01,75850.01,75842.0,75842.0,5.17925,392816.9541388
2026-09-16 05:33:00,75842.0,75862.27,75842.0,75862.26,2.44009,185082.8067718
2026-09-16 05:34:00,75862.26,75883.5,75854.01,75872.32,4.86252,368913.7868749
2026-09-16 05:35:00,75872.33,75888.0,75872.32,75887.99,0.98578,74799.6137739
2026-09-16 05:36:00,75888.0,75923.67,75887.99,75910.0,6.01816,456866.4789537
2026-09-16 05:37:00,75910.01,75910.01,75888.0,75898.0,3.60599,273694.1383654
2026-09-16 05:38:00,75898.01,75918.01,75898.0,75918.01,1.28763,97742.914499
2026-09-16 05:39:00,75918.01,75924.01,75918.0,75920.01,1.76637,134105.7559364
2026-09-16 05:40:00,75920.01,75933.12,75920.0,75933.12,3.88181,294712.8546508
2026-09-16 05:41:00,75933.12,75933.32,75930.0,75930.01,3.63621,276108.3297398
2026-09-16 05:42:00,75930.0,75930.01,75920.0,75920.01,10.6991,812302.8764376
2026-09-16 05:43:00,75920.0,75965.51,75917.43,75960.0,14.44475,1096864.9422956
2026-09-16 05:44:00,75960.01,75981.36,75960.0,75966.12,4.02862,306044.937636
2026-09-16 05:45:00,75966.11,75966.12,75944.0,75944.01,2.72879,207281.139494
2026-09-16 05:46:00,75944.0,75955.51,75944.0,75955.5,2.95869,224712.9747294
2026-09-16 05:47:00,75955.51,75957.8,75946.0,75946.0,3.22378,244858.2460551
2026-09-16 05:48:00,75946.01,75952.01,75940.49,75946.94,8.88489,674782.0499489
2026-09-16 05:49:00,75946.94,75958.69,75910.0,75917.69,16.71058,1269082.4425364
2026-09-16 05:50:00,75917.69,75928.0,75917.68,75928.0,10.85599,824227.533824
2026-09-16 05:51:00,75928.0,75928.0,75926.0,75926.01,1.43776,109163.5838436
2026-09-16 05:52:00,75926.0,75926.01,75896.01,75896.01,5.99327,454962.7553176
2026-09-16 05:53:00,75896.02,75896.02,75890.51,75890.52,0.99914,75825.6733557
2026-09-16 05:54:00,75890.52,75898.26,75888.21,75890.67,12.07835,916644.5527089
2026-09-16 05:55:00,75890.68,75915.17,75886.08,75889.92,21.05928,1598364.7641635
2026-09-16 05:56:00,75889.91,75954.01,75889.91,75947.26,17.73826,1346626.0695444
2026-09-16 05:57:00,75947.27,75954.01,75938.66,75942.25,11.43707,868601.3275838
2026-09-16 05:58:00,75942.24,75954.01,75941.89,75954.0,2.90171,220364.723119
2026-09-16 05:59:00,75954.0,75964.0,75954.0,75962.01,1.61868,122954.8318966
2026-09-16 06:00:00,75962.01,76006.01,75962.0,76006.01,5.289,401907.3752101
2026-09-16 06:01:00,76006.01,76027.37,76006.0,76020.22,4.61212,350626.0720975
2026-09-16 06:02:00,76020.21,76020.23,76008.13,76012.01,5.78203,439496.2820173
2026-09-16 06:03:00,76012.02,76016.88,76008.14,76008.14,7.11794,541063.7556121
2026-09-16 06:04:00,76008.15,76017.15,75960.37,75980.97,28.14068,2138659.9758348
2026-09-16 06:05:00,75980.97,75982.01,75974.06,75982.01,3.65438,277652.5575744
2026-09-16 06:06:00,75982.01,75998.01,75982.0,75998.01,1.64229,124792.0829403
2026-09-16 06:07:00,75998.01,76006.94,75991.84,76006.93,7.75843,589632.5832496
2026-09-16 06:08:00,76006.93,76012.01,76006.93,76012.0,2.33297,177331.2690823
2026-09-16 06:09:00,76012.01,76012.01,76003.42,76012.0,11.57845,880083.6934758
2026-09-16 06:10:00,76012.0,76016.47,76011.99,76012.01,10.66107,810388.6261821
2026-09-16 06:11:00,76012.0,76012.01,75952.43,75978.0,22.24433,1690149.2269463
2026-09-16 06:12:00,75978.0,76002.01,75978.0,76002.01,3.7696,286470.9562088
2026-09-16 06:13:00,76002.01,76028.67,76002.0,76028.66,3.37059,256219.7984917
2026-09-16 06:14:00,76028.66,76028.67,75996.01,75996.02,12.31739,936290.7525917
2026-09-16 06:15:00,75996.02,75996.02,75948.07,75948.08,3.48947,265101.2558862
2026-09-16 06:16:00,75948.07,75985.51,75948.06,75985.51,7.89395,599569.4421921
2026-09-16 06:17:00,75985.5,76012.13,75985.5,75998.01,3.25211,247166.0950148
2026-09-16 06:18:00,75998.01,76005.61,75996.0,76005.61,4.32476,328680.9195365
2026-09-16 06:19:00,76005.6,76005.61,75981.58,75999.46,9.11586,692728.6657109
2026-09-16 06:20:00,75999.46,76015.38,75999.46,76015.37,1.8088,137487.6997639
2026-09-16 06:21:00,76015.37,76015.38,75968.31,75968.32,8.18834,622208.8242911
2026-09-16 06:22:00,75968.31,75968.32,75951.94,75951.95,4.51544,342980.5952648
2026-09-16 06:23:00,75951.95,75951.95,75927.02,75938.27,17.11252,1299476.3473186
2026-09-16 06:24:00,75938.27,75938.27,75897.81,75906.18,15.44267,1172365.5599185
2026-09-16 06:25:00,75906.19,75906.19,75882.35,75903.45,11.90752,903652.6707955
2026-09-16 06:26:00,75903.45,75913.38,75903.44,75913.38,9.93701,754302.5606246
2026-09-16 06:27:00,75913.37,75913.38,75898.0,75898.0,2.7722,210439.3694076
2026-09-16 06:28:00,75898.0,75903.46,75898.0,75903.46,3.332,252895.3975353
2026-09-16 06:29:00,75903.45,75916.81,75903.45,75916.81,3.03199,230147.1951313
2026-09-16 06:30:00,75916.81,75916.81,75916.8,75916.8,2.97871,226134.145105
2026-09-16 06:31:00,75916.8,75930.01,75904.23,75904.24,9.76052,740962.7830283
2026-09-16 06:32:00,75904.24,75907.89,75904.0,75906.67,3.32211,252170.1135068
2026-09-16 06:33:00,75906.67,75938.27,75906.66,75938.27,3.5031,265938.5668908
2026-09-16 06:34:00,75938.27,75944.01,75931.75,75931.75,2.92621,222223.7465715
2026-09-16 06:35:00,75931.75,75931.75,75896.83,75896.84,4.34149,329532.6782246
2026-09-16 06:36:00,75896.83,75896.84,75892.0,75892.59,2.96882,225315.7693204
2026-09-16 06:37:00,75892.59,75892.59,75860.29,75860.29,3.30003,250409.039728
2026-09-16 06:38:00,75860.29,75860.3,75830.0,75830.0,2.8948,219554.057646
2026-09-16 06:39:00,75830.0,75852.0,75830.0,75852.0,24.27042,1840436.9407593
2026-09-16 06:40:00,75852.0,75882.01,75852.0,75882.01,1.71875,130389.571778
2026-09-16 06:41:00,75882.01,75882.01,75882.0,75882.01,0.3484,26437.2910495
2026-09-16 06:42:00,75882.01,75884.01,75880.78,75884.0,1.81443,137681.5769244
2026-09-16 06:43:00,75884.01,75886.0,75884.0,75886.0,0.80694,61234.0908243
2026-09-16 06:44:00,75885.99,75932.01,75885.99,75932.01,3.91777,297391.5889244
2026-09-16 06:45:00,75932.0,75935.73,75924.4,75935.73,5.01899,381090.6266365
2026-09-16 06:46:00,75935.73,75935.73,75935.72,75935.72,3.87484,294238.7671406
2026-09-16 06:47:00,75935.72,76008.01,75935.72,76008.01,6.99366,531381.908426
2026-09-16 06:48:00,76008.01,76008.01,75980.0,75996.01,5.73207,435620.4733496
2026-09-16 06:49:00,75996.01,76004.01,75976.0,75976.01,7.33824,557710.2839991
2026-09-16 06:50:00,75976.01,75976.01,75944.0,75944.0,4.49416,341393.0463469
2026-09-16 06:51:00,75944.01,75951.6,75930.0,75931.22,3.80675,289092.3027301
2026-09-16 06:52:00,75931.22,75940.01,75925.52,75925.52,3.89865,296037.6541218
2026-09-16 06:53:00,75925.52,75937.82,75925.52,75937.55,3.1113,236238.1802501
2026-09-16 06:54:00,75937.56,75937.56,75936.45,75936.45,2.65817,201853.9424897
2026-09-16 06:55:00,75936.45,75937.56,75924.0,75937.56,5.42634,412039.6227852
2026-09-16 06:56:00,75937.55,75957.01,75937.55,75957.0,9.8193,745669.8786323
2026-09-16 06:57:00,75956.99,75957.0,75933.16,75933.16,5.67833,431265.4355861
2026-09-16 06:58:00,75933.17,75969.99,75933.16,75962.26,16.69973,1268456.9717622
2026-09-16 06:59:00,75962.27,76038.83,75962.26,76030.01,10.04263,763300.6860133
2026-09-16 07:00:00,76030.01,76030.01,75992.01,76018.01,4.82241,366551.5559933
2026-09-16 07:01:00,76018.01,76044.01,76018.0,76031.67,5.76204,438109.6991917
2026-09-16 07:02:00,76031.66,76049.52,76024.0,76049.51,3.1822,241963.7120013
2026-09-16 07:03:00,76049.52,76058.19,76034.12,76050.01,14.97131,1138544.9886269
2026-09-16 07:04:00,76050.01,76097.54,76046.0,76081.1,23.08899,1756449.8646226
2026-09-16 07:05:00,76081.11,76092.0,76049.51,76062.01,14.32553,1089892.7162238
2026-09-16 07:06:00,76062.0,76062.0,76012.56,76024.01,7.17567,545576.0771717
2026-09-16 07:07:00,76024.0,76034.01,76020.0,76034.01,5.94001,451587.6486648
2026-09-16 07:08:00,76034.01,76034.01,76007.35,76007.35,6.77098,514736.2373518
2026-09-16 07:09:00,76007.35,76007.36,75948.0,75948.0,10.40214,790317.1774589
2026-09-16 07:10:00,75948.0,75948.0,75851.04,75862.6,21.55206,1635317.3503623
2026-09-16 07:11:00,75862.59,75864.01,75850.0,75850.0,9.68095,734388.6128732
2026-09-16 07:12:00,75850.01,75850.01,75820.0,75824.01,7.58507,575209.3415801
2026-09-16 07:13:00,75824.01,75825.23,75822.0,75825.23,2.52993,191827.63287
2026-09-16 07:14:00,75825.22,75880.02,75822.79,75880.02,14.6721,1112796.5062768
2026-09-16 07:15:00,75880.01,75922.01,75880.01,75912.59,7.14862,542655.5668812
2026-09-16 07:16:00,75912.6,75920.0,75876.0,75914.62,19.50995,1480932.3558261
2026-09-16 07:17:00,75914.61,75928.01,75912.0,75912.01,4.28355,325219.3406918
2026-09-16 07:18:00,75912.0,75912.01,75871.0,75871.0,27.17375,2062471.527018
2026-09-16 07:19:00,75871.01,75871.01,75807.19,75815.79,27.61919,2095304.1024928
2026-09-16 07:20:00,75815.79,75827.66,75815.79,75826.01,5.72016,433725.0569975
2026-09-16 07:21:00,75826.01,75848.92,75826.0,75826.14,3.88045,294268.9150363
2026-09-16 07:22:00,75826.13,75826.14,75815.79,75815.79,6.60982,501157.9648323
2026-09-16 07:23:00,75815.8,75819.56,75814.0,75814.0,3.85927,292595.1286967
2026-09-16 07:24:00,75814.0,75844.01,75807.19,75837.44,19.36763,1468444.2795005
2026-09-16 07:25:00,75837.44,75870.01,75826.18,75844.08,6.18475,469103.7971031
2026-09-16 07:26:00,75844.09,75865.59,75844.08,75860.01,3.01531,228723.0606987
2026-09-16 07:27:00,75860.01,75860.01,75840.0,75840.0,2.92809,222092.2699784
2026-09-16 07:28:00,75840.0,75840.01,75811.87,75811.87,4.49233,340619.2246006
2026-09-16 07:29:00,75811.88,75817.87,75811.87,75817.86,1.38774,105207.9795645
2026-09-16 07:30:00,75817.86,75828.01,75812.0,75812.0,8.67459,657706.308443
2026-09-16 07:31:00,75812.01,75836.01,75758.02,75789.37,54.9625,4165220.3719947
2026-09-16 07:32:00,75789.37,75844.01,75789.37,75842.48,5.59825,424505.9188543
2026-09-16 07:33:00,75842.49,75842.49,75817.23,75817.23,11.25574,853613.0221474
2026-09-16 07:34:00,75817.24,75822.01,75817.23,75822.01,4.38916,332784.1375244
2026-09-16 07:35:00,75822.0,75834.01,75822.0,75822.56,8.8279,669390.0544588
2026-09-16 07:36:00,75822.56,75832.36,75822.55,75832.36,8.35915,633824.2778318
2026-09-16 07:37:00,75832.36,75846.34,75832.35,75842.51,8.12295,616030.9665796
2026-09-16 07:38:00,75842.51,75854.72,75842.5,75849.26,15.92082,1207579.8867484
2026-09-16 07:39:00,75849.26,75880.0,75836.0,75880.0,12.17506,923473.6761391
2026-09-16 07:40:00,75880.01,75896.0,75880.01,75894.87,10.84939,823377.9266022
2026-09-16 07:41:00,75894.88,75912.01,75888.0,75891.21,19.56315,1484824.8652123
2026-09-16 07:42:00,75891.22,75904.0,75891.22,75895.56,12.56089,953334.311117
2026-09-16 07:43:00,75895.56,75895.56,75822.07,75822.08,17.98216,1364058.0611912
2026-09-16 07:44:00,75822.08,75822.08,75796.21,75819.67,12.90314,978183.5728789
2026-09-16 07:45:00,75819.68,75836.0,75813.61,75835.99,8.9493,678529.7618959
2026-09-16 07:46:00,75836.0,75868.22,75835.99,75868.22,6.74373,511498.7430385
2026-09-16 07:47:00,75868.22,75894.01,75868.21,75894.0,21.62822,1641048.4309305
2026-09-16 07:48:00,75894.01,75894.01,75866.0,75866.0,22.81229,1731143.3053147
2026-09-16 07:49:00,75866.0,75866.01,75817.68,75858.01,11.52777,874195.5744501
2026-09-16 07:50:00,75858.01,75860.01,75824.0,75824.0,16.3013,1236563.0051742
2026-09-16 07:51:00,75824.01,75824.01,75807.88,75811.37,7.6822,582397.1133456
2026-09-16 07:52:00,75811.37,75811.37,75800.0,75800.01,11.95567,906369.5569571
2026-09-16 07:53:00,75800.01,75814.01,75800.0,75814.0,6.13673,465207.469768
2026-09-16 07:54:00,75814.01,75814.01,75800.0,75800.0,15.25265,1156328.8739245
2026-09-16 07:55:00,75800.01,75806.11,75800.0,75806.11,9.47989,718593.3388636
2026-09-16 07:56:00,75806.11,75811.56,75739.36,75750.01,28.05943,2126406.0577157
2026-09-16 07:57:00,75750.0,75769.03,75739.36,75769.02,12.96789,982311.8533463
2026-09-16 07:58:00,75769.03,75781.13,75769.02,75781.12,13.37915,1013794.3114565
2026-09-16 07:59:00,75781.12,75782.13,75766.62,75766.63,21.2889,1613152.6152937
2026-09-16 08:00:00,75766.62,75766.62,75720.4,75736.0,18.06632,1368302.9526718
2026-09-16 08:01:00,75736.0,75736.01,75736.0,75736.01,3.11994,236291.7898168
2026-09-16 08:02:00,75736.0,75740.01,75722.0,75722.01,8.74719,662457.6974271
2026-09-16 08:03:00,75722.0,75722.0,75674.47,75692.28,14.87355,1125907.4419603
2026-09-16 08:04:00,75692.29,75692.29,75668.02,75668.02,2.73069,206659.0042764
2026-09-16 08:05:00,75668.02,75668.03,75649.01,75649.01,4.93227,373169.5400223
2026-09-16 08:06:00,75649.01,75649.01,75557.27,75620.62,20.46885,1547409.8651966
2026-09-16 08:07:00,75620.62,75620.63,75546.71,75551.79,76.88487,5810690.2083974
2026-09-16 08:08:00,75551.79,75551.79,75509.06,75511.99,32.82454,2478983.1466104
2026-09-16 08:09:00,75512.0,75550.0,75468.18,75532.06,34.96539,2640165.7601936
2026-09-16 08:10:00,75532.07,75570.7,75521.13,75546.08,8.19912,619435.4449976
2026-09-16 08:11:00,75546.08,75560.89,75542.89,75542.89,9.18887,694201.7389055
2026-09-16 08:12:00,75542.9,75587.16,75542.9,75584.73,13.06883,987761.2940643
2026-09-16 08:13:00,75584.73,75604.55,75542.9,75542.9,21.17098,1600222.8814662
2026-09-16 08:14:00,75542.9,75542.91,75496.92,75523.47,5.40868,408461.5783666
2026-09-16 08:15:00,75523.47,75581.53,75504.79,75581.52,14.39868,1087728.8217294
2026-09-16 08:16:00,75581.53,75605.01,75581.52,75603.59,7.68611,581009.2999542
2026-09-16 08:17:00,75603.59,75632.34,75570.71,75590.1,28.23813,2135057.4273968
2026-09-16 08:18:00,75590.1,75590.1,75518.83,75518.83,6.63513,501281.8839877
2026-09-16 08:19:00,75518.83,75558.98,75462.68,75517.29,32.11792,2425272.965069
2026-09-16 08:20:00,75517.29,75553.74,75490.15,75499.21,9.46415,714744.3143933
2026-09-16 08:21:00,75499.22,75586.95,75499.21,75562.73,7.92236,598439.3600821
2026-09-16 08:22:00,75562.73,75585.73,75538.56,75585.73,5.20102,392987.9632781
2026-09-16 08:23:00,75585.72,75585.72,75457.97,75457.98,13.60136,1027202.8220697
2026-09-16 08:24:00,75457.99,75459.0,75400.0,75434.06,48.51448,3659005.0051017
2026-09-16 08:25:00,75434.14,75441.43,75371.54,75438.23,42.48442,3203451.6912109
2026-09-16 08:26:00,75438.23,75438.23,75350.0,75377.22,16.12529,1215569.3208337
2026-09-16 08:27:00,75377.23,75436.2,75377.23,75429.22,11.64938,878583.2589302
2026-09-16 08:28:00,75429.22,75450.0,75406.54,75447.45,15.76862,1189507.0066223
2026-09-16 08:29:00,75447.46,75450.0,75436.77,75436.78,8.11241,612036.1681858
2026-09-16 08:30:00,75436.78,75484.05,75428.0,75484.05,9.81949,740876.8543832
2026-09-16 08:31:00,75484.05,75509.09,75466.67,75509.09,9.65584,728884.3766627
2026-09-16 08:32:00,75509.09,75516.93,75494.28,75500.7,3.78173,285531.8398113
2026-09-16 08:33:00,75500.7,75500.71,75452.6,75452.61,7.96487,601231.5186996
2026-09-16 08:34:00,75452.61,75500.58,75452.6,75488.11,8.411,634951.3810642
2026-09-16 08:35:00,75488.12,75509.87,75482.03,75509.87,4.93958,372926.9367966
2026-09-16 08:36:00,75509.87,75539.54,75507.44,75532.49,7.57997,572500.4857715
2026-09-16 08:37:00,75532.48,75541.38,75524.45,75541.37,3.539,267318.2985125
2026-09-16 08:38:00,75541.38,75547.3,75541.37,75547.23,3.6114,272820.7892075
2026-09-16 08:39:00,75547.23,75547.23,75547.22,75547.23,2.84302,214782.2768757
2026-09-16 08:40:00,75547.22,75547.3,75531.9,75531.9,7.69367,581160.2264284
2026-09-16 08:41:00,75531.91,75531.91,75531.9,75531.91,1.76673,133444.486409
2026-09-16 08:42:00,75531.91,75531.91,75527.35,75527.36,1.48786,112376.3730052
2026-09-16 08:43:00,75527.36,75574.78,75527.35,75562.85,16.08746,1215215.4432421
2026-09-16 08:44:00,75562.85,75569.55,75558.4,75558.41,2.84882,215267.0013845
2026-09-16 08:45:00,75558.4,75558.4,75543.36,75543.36,1.6734,126416.8775053
2026-09-16 08:46:00,75543.37,75568.18,75543.36,75565.93,2.07985,157156.3193963
2026-09-16 08:47:00,75565.93,75565.93,75550.87,75552.97,3.83353,289662.2062751
2026-09-16 08:48:00,75552.96,75552.97,75543.46,75551.01,2.77523,209656.8387277
2026-09-16 08:49:00,75551.01,75578.68,75551.0,75558.86,3.54478,267861.107914
2026-09-16 08:50:00,75558.86,75580.59,75558.85,75562.72,5.08517,384276.3324193
2026-09-16 08:51:00,75562.72,75569.07,75561.5,75569.06,3.71902,281030.9582592
2026-09-16 08:52:00,75569.06,75570.0,75569.06,75570.0,0.76589,57877.598094
2026-09-16 08:53:00,75569.99,75588.21,75569.99,75586.99,10.78931,815468.1585848
2026-09-16 08:54:00,75586.99,75624.01,75586.98,75624.0,2.31073,174686.5064769
2026-09-16 08:55:00,75624.0,75659.18,75624.0,75659.18,2.45177,185447.5562071
2026-09-16 08:56:00,75659.17,75722.89,75659.17,75693.97,10.1437,767933.9552077
2026-09-16 08:57:00,75693.96,75711.54,75693.96,75711.54,2.29072,173404.7337866
2026-09-16 08:58:00,75711.54,75711.54,75710.31,75710.31,1.70858,129358.4330165
2026-09-16 08:59:00,75710.31,75736.01,75710.31,75736.01,2.99076,226470.6217635
2026-09-16 09:00:00,75736.01,75763.54,75730.0,75763.54,5.28349,400173.0518507
2026-09-16 09:01:00,75763.54,75785.84,75763.53,75784.0,4.55254,344957.6425379
2026-09-16 09:02:00,75784.0,75811.21,75784.0,75811.21,10.31533,781837.6699156
2026-09-16 09:03:00,75811.21,75852.38,75811.21,75852.37,15.89507,1205521.0539064
2026-09-16 09:04:00,75852.37,75874.01,75832.0,75874.01,35.94601,2726231.4632304
2026-09-16 09:05:00,75874.0,75950.0,75862.96,75950.0,29.2434,2219749.5118772
2026-09-16 09:06:00,75950.0,75950.0,75870.33,75890.01,16.22048,1230986.8087005
2026-09-16 09:07:00,75890.0,75890.01,75832.01,75832.08,29.58292,2243448.5599987
2026-09-16 09:08:00,75832.07,75832.08,75832.07,75832.07,0.82315,62421.1725743
2026-09-16 09:09:00,75832.08,75860.01,75832.07,75860.0,6.50164,493058.6393225
2026-09-16 09:10:00,75860.01,75860.01,75832.07,75832.07,4.73545,359162.6935665
2026-09-16 09:11:00,75832.08,75852.01,75832.07,75850.02,6.03623,457784.127744
2026-09-16 09:12:00,75850.01,75850.03,75832.0,75832.01,74.33767,5637291.2807343
2026-09-16 09:13:00,75832.01,75832.01,75800.0,75819.21,5.1684,391822.6162
2026-09-16 09:14:00,75819.2,75819.21,75796.23,75796.23,3.43297,260246.5288434
2026-09-16 09:15:00,75796.24,75812.01,75796.23,75812.01,9.3903,711851.9989557
2026-09-16 09:16:00,75812.01,75828.97,75793.16,75793.17,8.86491,672087.1456791
2026-09-16 09:17:00,75793.16,75793.17,75763.53,75792.87,17.33624,1313628.0901157
2026-09-16 09:18:00,75792.86,75814.68,75792.86,75814.67,3.24445,245971.2655783
2026-09-16 09:19:00,75814.68,75814.68,75792.0,75805.46,2.99847,227291.9988605
2026-09-16 09:20:00,75805.46,75834.84,75805.46,75834.84,3.65308,277002.4095744
2026-09-16 09:21:00,75834.84,75837.85,75824.46,75837.85,2.08667,158237.2435265
2026-09-16 09:22:00,75837.84,75858.67,75828.0,75828.0,6.27213,475725.5671392
2026-09-16 09:23:00,75828.01,75863.73,75828.0,75863.72,4.54943,345061.5590638
2026-09-16 09:24:00,75863.73,75871.91,75863.72,75871.91,2.10306,159558.9858641
2026-09-16 09:25:00,75871.9,75877.35,75826.0,75855.03,16.63991,1262163.464155
2026-09-16 09:26:00,75855.04,75870.03,75836.0,75837.02,3.00145,227666.9123714
2026-09-16 09:27:00,75837.01,75874.77,75826.0,75872.35,5.09682,386594.8786945
2026-09-16 09:28:00,75872.35,75872.36,75854.0,75855.22,2.91488,221126.3789882
2026-09-16 09:29:00,75855.22,75855.23,75834.58,75834.58,5.22221,396102.6461074
2026-09-16 09:30:00,75834.58,75850.01,75830.03,75842.86,2.97323,225490.8778163
2026-09-16 09:31:00,75842.86,75850.01,75842.86,75850.0,3.69992,280636.8994686
2026-09-16 09:32:00,75850.0,75884.01,75850.0,75884.0,2.4802,188165.668166
2026-09-16 09:33:00,75884.0,75884.01,75876.0,75876.0,3.11312,236227.132151
2026-09-16 09:34:00,75876.0,75884.0,75856.0,75858.46,8.58576,651386.3883243
2026-09-16 09:35:00,75858.46,75866.54,75858.46,75866.53,2.37942,180509.5035917
2026-09-16 09:36:00,75866.53,75920.01,75866.53,75920.0,4.76533,361673.2889929
2026-09-16 09:37:00,75920.0,75944.01,75920.0,75928.27,5.0111,380501.4283093
2026-09-16 09:38:00,75928.27,75928.28,75909.22,75909.22,2.9642,225040.5059698
2026-09-16 09:39:00,75909.22,75909.22,75900.0,75908.82,3.39044,257354.657111
2026-09-16 09:40:00,75908.82,75928.36,75908.82,75926.0,5.36452,407275.4343225
2026-09-16 09:41:00,75926.01,75928.01,75926.0,75928.01,2.30257,174828.6168906
2026-09-16 09:42:00,75928.01,75928.01,75919.0,75919.01,4.09121,310629.6469931
2026-09-16 09:43:00,75919.0,75919.01,75919.0,75919.0,1.52469,115752.9538791
2026-09-16 09:44:00,75919.01,75919.01,75919.0,75919.01,0.74788,56778.3069802
2026-09-16 09:45:00,75919.01,75919.01,75905.7,75905.7,2.9961,227446.4764061
2026-09-16 09:46:00,75905.71,75905.71,75892.43,75892.79,4.7541,360830.5565952
2026-09-16 09:47:00,75892.79,75916.01,75892.78,75916.01,5.92556,449818.5245492
2026-09-16 09:48:00,75916.01,75950.0,75916.0,75949.99,5.3752,408190.5697183
2026-09-16 09:49:00,75950.0,75950.0,75936.0,75936.01,2.24174,170254.3224721
2026-09-16 09:50:00,75936.01,75950.0,75936.0,75936.01,7.06143,536259.7503694
2026-09-16 09:51:00,75936.01,75942.25,75922.97,75942.24,3.27332,248551.8838546
2026-09-16 09:52:00,75942.25,75950.0,75942.24,75949.99,1.37298,104275.7115066
2026-09-16 09:53:00,75950.0,75950.0,75949.99,75950.0,1.05407,80056.6135761
2026-09-16 09:54:00,75950.0,75972.7,75949.99,75972.69,4.65034,353252.0715386
2026-09-16 09:55:00,75972.7,75978.01,75969.12,75969.13,4.32206,328364.9151645
2026-09-16 09:56:00,75969.12,75976.53,75954.22,75954.22,5.88951,447430.2925989
2026-09-16 09:57:00,75954.23,75970.01,75954.22,75970.01,2.06772,157059.0442648
2026-09-16 09:58:00,75970.01,75994.0,75970.01,75994.0,5.54633,421420.9685789
2026-09-16 09:59:00,75993.99,75994.0,75978.88,75993.0,3.9537,300425.9241557
2026-09-16 10:00:00,75993.01,76042.01,75989.63,76042.0,32.66675,2483468.6491281
2026-09-16 10:01:00,76042.0,76046.01,76022.0,76034.0,10.87754,827083.2330146
2026-09-16 10:02:00,76034.01,76046.05,76006.28,76018.0,7.56299,575016.7565621
2026-09-16 10:03:00,76018.0,76034.01,76018.0,76034.0,6.83947,520010.7140555
2026-09-16 10:04:00,76034.01,76034.01,76006.0,76006.0,6.82912,519154.6377739
2026-09-16 10:05:00,76006.0,76006.01,75974.21,75975.99,11.71779,890360.0151265
2026-09-16 10:06:00,75975.99,76014.01,75972.01,76002.01,19.63999,1492467.7192606
2026-09-16 10:07:00,76002.01,76016.62,76002.0,76016.62,3.63111,276013.9354433
2026-09-16 10:08:00,76016.61,76016.62,75998.41,75998.42,3.13021,237922.7702228
2026-09-16 10:09:00,75998.42,76016.62,75998.42,76012.25,3.20891,243904.154337
2026-09-16 10:10:00,76012.25,76027.67,76011.28,76011.29,11.09765,843652.6081366
2026-09-16 10:11:00,76011.29,76011.29,75958.0,75990.01,9.53696,724655.9238624
2026-09-16 10:12:00,75990.01,75990.01,75960.0,75960.0,4.98829,378976.3902038
2026-09-16 10:13:00,75960.0,75969.08,75950.0,75950.0,7.62512,579198.2435786
2026-09-16 10:14:00,75950.0,75950.01,75933.11,75944.35,4.98959,378925.4250383
2026-09-16 10:15:00,75944.34,75958.0,75944.34,75958.0,3.84684,292171.4011465
2026-09-16 10:16:00,75957.99,75958.0,75957.99,75957.99,2.33535,177388.5073173
2026-09-16 10:17:00,75958.0,75990.24,75952.61,75984.01,13.47657,1023870.0152868
2026-09-16 10:18:00,75984.0,75990.83,75984.0,75990.82,2.06111,156615.8644719
2026-09-16 10:19:00,75990.82,76003.97,75990.82,76003.96,5.04997,383756.530773
2026-09-16 10:20:00,76003.97,76015.75,75990.01,75992.01,8.32258,632573.9421225
2026-09-16 10:21:00,75992.0,76008.98,75992.0,76008.98,2.42409,184238.0410907
2026-09-16 10:22:00,76008.98,76008.98,75965.03,75965.03,4.50923,342651.0030226
2026-09-16 10:23:00,75965.03,75965.03,75933.12,75938.63,5.03034,382030.746419
2026-09-16 10:24:00,75938.63,75938.64,75933.12,75933.13,1.95491,148446.229881
2026-09-16 10:25:00,75933.13,75933.13,75922.0,75923.99,2.22226,168733.8010343
2026-09-16 10:26:00,75923.99,75974.01,75923.99,75974.01,4.56661,346794.4741205
2026-09-16 10:27:00,75974.0,75982.01,75961.3,75961.31,4.14946,315253.4900929
2026-09-16 10:28:00,75961.31,75961.31,75949.34,75949.35,3.31224,251589.4930274
2026-09-16 10:29:00,75949.34,75972.01,75949.34,75972.01,2.53821,192792.2958907
2026-09-16 10:30:00,75972.0,75996.0,75972.0,75996.0,2.10298,159801.3034857
2026-09-16 10:31:00,75996.0,75996.0,75970.0,75970.0,4.22159,320764.2658787
2026-09-16 10:32:00,75970.01,75970.01,75948.0,75948.0,1.75353,133187.5350173
2026-09-16 10:33:00,75948.01,75957.37,75948.0,75957.37,1.86779,141864.4028135
2026-09-16 10:34:00,75957.36,75992.44,75957.36,75974.01,7.94662,603722.7519926
2026-09-16 10:35:00,75974.0,75974.01,75966.0,75971.51,3.9835,302625.2478362
2026-09-16 10:36:00,75971.51,75982.0,75971.5,75982.0,2.14846,163232.9327097
2026-09-16 10:37:00,75982.0,75996.0,75981.99,75995.97,5.33495,405368.3650157
2026-09-16 10:38:00,75995.97,75995.98,75971.01,75971.02,4.5091,342618.6518667
2026-09-16 10:39:00,75971.02,75976.78,75968.01,75972.14,3.1879,242187.1506591
2026-09-16 10:40:00,75972.15,75976.78,75972.14,75976.78,2.77974,211195.1584042
2026-09-16 10:41:00,75976.77,75989.81,75976.77,75989.81,1.29305,98252.0622103
2026-09-16 10:42:00,75989.8,76000.0,75989.8,76000.0,3.5356,268681.1034536
2026-09-16 10:43:00,75999.99,76008.98,75999.99,76008.98,3.86104,293463.4340909
2026-09-16 10:44:00,76008.97,76008.98,75987.78,75987.79,2.87818,218754.3768743
2026-09-16 10:45:00,75987.79,75987.79,75986.0,75986.0,2.5387,192907.9471152
2026-09-16 10:46:00,75986.01,75986.01,75972.76,75973.28,10.14605,770852.5327766
2026-09-16 10:47:00,75973.28,75973.28,75964.0,75964.01,3.03681,230690.9607183
2026-09-16 10:48:00,75964.0,75964.01,75964.0,75964.0,3.16403,240352.3895399
2026-09-16 10:49:00,75964.0,75964.01,75958.0,75958.01,2.20768,167702.7645273
2026-09-16 10:50:00,75958.0,75958.01,75957.36,75957.36,1.15966,88085.033989
2026-09-16 10:51:00,75957.37,75957.37,75949.77,75949.77,1.89546,143965.074088
2026-09-16 10:52:00,75949.78,75949.78,75949.75,75949.75,1.12775,85652.3515938
2026-09-16 10:53:00,75949.76,75949.76,75949.75,75949.76,0.74783,56797.5036937
2026-09-16 10:54:00,75949.75,75949.76,75933.29,75933.3,2.64323,200731.7080506
2026-09-16 10:55:00,75933.3,75933.3,75906.93,75906.93,2.34064,177699.5050307
2026-09-16 10:56:00,75906.94,75906.94,75904.01,75904.01,3.7423,284061.7920056
2026-09-16 10:57:00,75904.02,75904.02,75904.01,75904.01,4.16189,315904.1619963
2026-09-16 10:58:00,75904.01,75920.01,75900.0,75920.0,6.6678,506155.9391178
2026-09-16 10:59:00,75920.01,75993.52,75920.0,75990.2,7.65759,581655.545344
2026-09-16 11:00:00,75990.2,76049.94,75974.0,76047.99,13.92463,1058448.0864077
2026-09-16 11:01:00,76048.0,76048.0,75944.0,75944.0,8.15958,620143.5144156
2026-09-16 11:02:00,75944.01,75964.01,75944.0,75956.14,3.95164,300153.7556523
2026-09-16 11:03:00,75956.15,75996.01,75956.14,75996.0,4.61445,350548.9316303
2026-09-16 11:04:00,75996.01,75996.01,75975.76,75975.77,3.38563,257265.396941
2026-09-16 11:05:00,75975.77,75975.77,75960.0,75970.0,3.92925,298496.0865307
2026-09-16 11:06:00,75970.01,75989.0,75970.0,75988.99,3.44097,261427.0734933
2026-09-16 11:07:00,75988.99,75989.0,75951.44,75951.45,4.58919,348595.7901597
2026-09-16 11:08:00,75951.44,75951.45,75912.38,75916.01,6.09874,463077.7311093
2026-09-16 11:09:00,75916.01,75940.01,75910.04,75940.0,5.44002,412991.127455
2026-09-16 11:10:00,75940.0,75953.08,75916.04,75953.08,7.51025,570239.5671976
2026-09-16 11:11:00,75953.07,75953.08,75953.07,75953.08,3.96659,301274.6905615
2026-09-16 11:12:00,75953.07,75953.08,75931.29,75931.3,2.91809,221619.6768721
2026-09-16 11:13:00,75931.3,75931.3,75929.16,75930.37,3.44302,261428.4706061
2026-09-16 11:14:00,75930.37,75930.38,75916.0,75916.0,2.77348,210574.3536883
2026-09-16 11:15:00,75916.01,75916.01,75874.0,75896.0,11.33566,860328.8643231
2026-09-16 11:16:00,75896.0,75936.01,75896.0,75936.01,4.8582,368803.7291582
2026-09-16 11:17:00,75936.0,75936.01,75930.0,75930.01,2.15809,163871.656063
2026-09-16 11:18:00,75930.0,75939.24,75930.0,75938.39,3.97294,301686.1352248
2026-09-16 11:19:00,75938.38,75955.0,75938.38,75955.0,5.38323,408816.7420455
2026-09-16 11:20:00,75955.0,75977.97,75954.99,75974.09,7.51151,570632.3714098
2026-09-16 11:21:00,75974.09,75994.01,75974.09,75989.0,8.33323,633218.0971704
2026-09-16 11:22:00,75989.0,75989.0,75936.0,75944.65,8.11561,616520.6900886
2026-09-16 11:23:00,75944.65,75944.66,75926.0,75926.01,1.94164,147437.6069312
2026-09-16 11:24:00,75926.01,75926.01,75916.0,75916.01,4.96953,377269.2413258
2026-09-16 11:25:00,75916.0,75938.01,75916.0,75936.2,10.27243,779964.3923728
2026-09-16 11:26:00,75936.2,75990.01,75936.19,75990.0,7.29972,554485.5735335
2026-09-16 11:27:00,75990.0,75990.01,75989.11,75989.12,1.35126,102681.9882519
2026-09-16 11:28:00,75989.12,75989.12,75976.75,75976.76,1.98448,150790.2198378
2026-09-16 11:29:00,75976.75,75980.56,75976.75,75978.01,3.25564,247361.5382315
2026-09-16 11:30:00,75978.0,75978.01,75958.0,75978.0,4.92315,373990.1797717
2026-09-16 11:31:00,75978.01,76030.0,75978.0,76029.99,6.20597,471655.5508981
2026-09-16 11:32:00,76030.0,76057.04,75986.0,76004.01,12.04661,915913.3399973
2026-09-16 11:33:00,76004.01,76026.01,76004.0,76026.01,2.25865,171694.7529127
2026-09-16 11:34:00,76026.01,76029.1,76022.0,76029.09,2.1039,159950.1412146
2026-09-16 11:35:00,76029.1,76040.16,76029.09,76040.16,3.19043,242596.3123129
2026-09-16 11:36:00,76040.16,76080.0,76040.15,76080.0,3.362,255699.0333464
2026-09-16 11:37:00,76079.99,76100.0,76024.0,76024.0,13.35581,1015962.1191729
2026-09-16 11:38:00,76024.01,76024.01,75980.0,75989.11,11.17087,849014.2158683
2026-09-16 11:39:00,75989.12,76028.0,75989.11,76023.86,3.9054,296847.8611712
2026-09-16 11:40:00,76023.87,76032.01,75981.06,76020.7,19.54683,1485689.5692739
2026-09-16 11:41:00,76020.7,76072.01,76020.7,76056.01,6.16413,468847.2242978
2026-09-16 11:42:00,76056.01,76192.36,76056.01,76192.35,19.54595,1488197.981612
2026-09-16 11:43:00,76192.35,76268.01,76175.22,76268.0,26.97572,2055829.2254349
2026-09-16 11:44:00,76268.0,76278.64,76213.28,76236.0,26.72753,2037896.0329993
2026-09-16 11:45:00,76236.01,76249.81,76178.0,76188.59,23.57761,1797082.66573
2026-09-16 11:46:00,76188.6,76196.01,76152.47,76186.0,18.66052,1421336.4176034
2026-09-16 11:47:00,76186.01,76237.02,76186.0,76237.01,7.53154,573966.3407846
2026-09-16 11:48:00,76237.02,76237.02,76196.0,76196.01,16.75017,1276589.4260291
2026-09-16 11:49:00,76196.01,76228.01,76196.0,76228.01,4.61222,351535.1826953
2026-09-16 11:50:00,76228.0,76293.0,76228.0,76274.01,42.4621,3238597.5676853
2026-09-16 11:51:00,76274.0,76304.01,76266.01,76266.01,13.95291,1064501.1607835
2026-09-16 11:52:00,76266.02,76266.02,76227.53,76248.66,13.63842,1039888.4637024
2026-09-16 11:53:00,76248.66,76274.84,76248.66,76274.83,8.92424,680646.9969404
2026-09-16 11:54:00,76274.83,76274.83,76216.17,76234.19,9.20865,702088.6629906
2026-09-16 11:55:00,76234.2,76254.68,76234.19,76249.07,9.57128,729824.364818
2026-09-16 11:56:00,76249.07,76249.83,76236.01,76248.66,8.63627,658469.2556168
2026-09-16 11:57:00,76248.67,76248.67,76234.2,76234.21,7.61228,580407.2109503
2026-09-16 11:58:00,76234.21,76234.21,76224.93,76230.0,10.7674,820777.0015632
2026-09-16 11:59:00,76230.01,76256.01,76230.0,76250.0,5.39819,411613.8641402
2026-09-16 12:00:00,76250.0,76252.01,76200.0,76206.09,19.36398,1475919.3410151
2026-09-16 12:01:00,76206.1,76288.94,76206.09,76252.05,19.53507,1489616.3641954
2026-09-16 12:02:00,76252.05,76252.05,76218.0,76218.0,10.97087,836378.0876362
2026-09-16 12:03:00,76218.0,76264.01,76210.0,76251.33,10.72022,817325.1953119
2026-09-16 12:04:00,76251.32,76300.0,76251.32,76295.03,37.6924,2875586.2496822
2026-09-16 12:05:00,76295.03,76295.04,76212.57,76212.57,7.12948,543565.4575611
2026-09-16 12:06:00,76212.58,76228.01,76212.57,76228.0,2.81965,214917.6950596
2026-09-16 12:07:00,76228.0,76240.36,76228.0,76230.2,4.55458,347228.8679138
2026-09-16 12:08:00,76230.2,76230.21,76190.75,76193.7,11.07977,844343.9155619
2026-09-16 12:09:00,76193.7,76193.72,76185.0,76185.0,10.58276,806316.3004542
2026-09-16 12:10:00,76185.0,76185.01,76125.39,76134.68,25.78425,1963467.5304541
2026-09-16 12:11:00,76134.69,76149.57,76134.68,76140.01,2.91784,222177.664606
2026-09-16 12:12:00,76140.01,76147.62,76139.99,76147.61,4.48294,341340.7071967
2026-09-16 12:13:00,76147.61,76150.71,76121.43,76133.74,11.16947,850369.915082
2026-09-16 12:14:00,76133.75,76133.75,76114.0,76115.98,3.56493,271376.5109705
2026-09-16 12:15:00,76115.98,76118.07,76102.78,76102.79,5.72979,436112.0637741
2026-09-16 12:16:00,76102.79,76130.01,76097.72,76130.01,8.75555,666396.0768843
2026-09-16 12:17:00,76130.01,76160.47,76130.0,76138.0,7.4484,567186.164861
2026-09-16 12:18:00,76138.01,76138.01,76088.89,76088.89,7.2683,553172.7297791
2026-09-16 12:19:00,76088.89,76117.4,76088.89,76114.23,5.76476,438697.4060431
2026-09-16 12:20:00,76114.22,76114.23,76058.35,76070.24,7.81318,594384.8144365
2026-09-16 12:21:00,76070.23,76080.01,76070.12,76078.01,3.99763,304112.7272322
2026-09-16 12:22:00,76078.0,76092.01,76078.0,76092.01,8.13499,618979.6716439
2026-09-16 12:23:00,76092.0,76092.01,76058.0,76064.11,7.5964,577894.8600426
2026-09-16 12:24:00,76064.11,76064.11,76001.07,76001.62,36.63434,2784779.0962165
2026-09-16 12:25:00,76001.63,76020.01,75971.82,75971.82,11.1756,849347.204838
2026-09-16 12:26:00,75971.82,75985.61,75971.82,75984.01,3.44851,262020.5940443
2026-09-16 12:27:00,75984.0,75991.53,75949.99,75953.59,26.80408,2035993.2448829
2026-09-16 12:28:00,75953.59,75954.01,75918.0,75924.33,15.65412,1188869.0801388
2026-09-16 12:29:00,75924.33,75934.8,75912.5,75934.8,5.06423,384476.0660528
2026-09-16 12:30:00,75934.8,75938.01,75884.18,75896.0,9.59857,728604.8447609
2026-09-16 12:31:00,75895.99,75904.01,75850.01,75872.77,9.97025,756437.8274877
2026-09-16 12:32:00,75872.78,75872.78,75794.02,75812.01,11.36084,861401.8485407
2026-09-16 12:33:00,75812.01,75990.01,75812.01,75986.36,10.64387,808030.7424343
2026-09-16 12:34:00,75986.36,76018.01,75972.0,76018.0,8.03694,610740.2974663
2026-09-16 12:35:00,76018.0,76018.93,75983.71,76002.01,5.11032,388378.756711
2026-09-16 12:36:00,76002.01,76012.01,75936.57,75952.01,8.27018,628425.2682374
2026-09-16 12:37:00,75952.01,75966.01,75952.0,75954.44,13.71531,1041857.4137802
2026-09-16 12:38:00,75954.45,75960.2,75926.0,75958.01,10.88258,826462.0367513
2026-09-16 12:39:00,75958.01,75982.01,75958.01,75974.01,5.15658,391765.1104978
2026-09-16 12:40:00,75974.01,75997.3,75974.01,75986.0,3.85912,293261.8065968
2026-09-16 12:41:00,75986.0,76018.01,75986.0,76012.01,5.47391,416053.2773222
2026-09-16 12:42:00,76012.02,76012.02,75962.29,75962.29,8.77718,666909.2620068
2026-09-16 12:43:00,75962.29,75973.67,75954.68,75964.0,5.64848,429071.7736446
2026-09-16 12:44:00,75964.01,75979.71,75961.45,75961.45,7.45163,566100.7608719
2026-09-16 12:45:00,75961.46,75973.57,75934.0,75973.57,6.50059,493706.610837
2026-09-16 12:46:00,75973.57,75995.0,75973.56,75995.0,1.40469,106739.7744388
2026-09-16 12:47:00,75995.0,75995.0,75974.0,75992.82,3.9446,299726.8182366
2026-09-16 12:48:00,75992.82,75992.82,75980.0,75980.01,2.51354,190996.7340086
2026-09-16 12:49:00,75980.01,76028.72,75980.0,76021.68,6.52997,496341.8994895
2026-09-16 12:50:00,76021.69,76035.53,76021.67,76032.01,5.30475,403301.3019193
2026-09-16 12:51:00,76032.01,76032.01,75985.77,76016.0,6.15617,467920.3236904
2026-09-16 12:52:00,76016.01,76016.01,75996.38,75996.38,1.68672,128202.1003395
2026-09-16 12:53:00,75996.38,76049.23,75988.0,75988.0,24.36644,1852340.4351277
2026-09-16 12:54:00,75988.01,75988.01,75966.0,75966.01,4.82178,366360.6418846
2026-09-16 12:55:00,75966.0,75966.0,75904.95,75956.01,10.75838,816819.0010352
2026-09-16 12:56:00,75956.0,76025.39,75956.0,76025.38,4.29549,326439.1641781
2026-09-16 12:57:00,76025.38,76025.39,75952.0,75952.0,5.85289,444749.0134845
2026-09-16 12:58:00,75952.01,75958.01,75930.0,75930.01,4.15704,315713.257211
2026-09-16 12:59:00,75930.0,75968.01,75916.0,75967.99,10.95821,832184.0938643
2026-09-16 13:00:00,75967.98,75967.98,75895.27,75897.71,10.41735,791032.9423842
2026-09-16 13:01:00,75897.7,75897.71,75822.0,75822.01,21.91879,1662894.5113537
2026-09-16 13:02:00,75822.0,75824.01,75767.9,75800.0,30.42733,2306216.091955
2026-09-16 13:03:00,75800.01,75800.01,75724.0,75724.01,12.78859,968849.9323602
2026-09-16 13:04:00,75724.0,75744.01,75687.6,75744.01,13.28598,1005985.556386
2026-09-16 13:05:00,75744.0,75800.81,75744.0,75779.59,11.45292,867893.8506207
2026-09-16 13:06:00,75779.59,75790.01,75774.01,75774.02,5.76337,436759.3074736
2026-09-16 13:07:00,75774.02,75774.02,75752.0,75763.89,13.16216,997197.1792665
2026-09-16 13:08:00,75763.9,75763.9,75750.0,75750.0,5.26493,398837.4092959
2026-09-16 13:09:00,75750.01,75750.01,75740.0,75744.19,10.75959,815003.2799009
2026-09-16 13:10:00,75744.18,75744.19,75684.3,75685.22,9.19077,695808.8218857
2026-09-16 13:11:00,75685.21,75712.66,75685.21,75712.66,4.70774,356328.0695666
2026-09-16 13:12:00,75712.66,75712.66,75693.44,75705.27,4.9091,371633.2808292
2026-09-16 13:13:00,75705.26,75794.01,75705.26,75794.0,17.77661,1346677.9636159
2026-09-16 13:14:00,75794.0,75799.47,75787.53,75799.46,4.98981,378186.7525357
2026-09-16 13:15:00,75799.46,75838.01,75766.16,75838.01,8.07084,611751.0455067
2026-09-16 13:16:00,75838.0,75880.68,75822.0,75822.01,12.63219,958199.0013678
2026-09-16 13:17:00,75822.0,75840.01,75802.0,75839.99,6.92787,525305.4950112
2026-09-16 13:18:00,75840.0,75864.01,75830.0,75864.0,8.20695,622479.2499785
2026-09-16 13:19:00,75864.0,75864.0,75806.0,75820.0,9.92753,752908.4316232
2026-09-16 13:20:00,75820.01,75820.01,75756.0,75772.48,8.13763,616682.0556759
2026-09-16 13:21:00,75772.49,75810.01,75766.37,75800.01,6.05355,458806.8373817
2026-09-16 13:22:00,75800.01,75814.64,75790.0,75790.0,3.86853,293258.1501196
2026-09-16 13:23:00,75790.0,75790.01,75742.68,75744.01,8.06253,610782.2769718
2026-09-16 13:24:00,75744.01,75770.01,75744.0,75760.65,7.86234,595642.1981305
2026-09-16 13:25:00,75760.64,75791.38,75709.03,75766.0,27.69638,2098118.6611719
2026-09-16 13:26:00,75766.01,75816.01,75766.0,75794.0,5.16646,391624.9769956
2026-09-16 13:27:00,75794.01,75828.01,75794.01,75828.0,6.90732,523635.8733561
2026-09-16 13:28:00,75828.01,75828.01,75801.0,75804.01,4.83046,366205.617158
2026-09-16 13:29:00,75804.0,75804.0,75770.29,75770.29,11.41382,865048.2086295
2026-09-16 13:30:00,75770.29,75779.93,75708.23,75714.01,21.95509,1663005.2049996
2026-09-16 13:31:00,75714.01,75749.21,75650.0,75728.08,33.8448,2562035.9914287
2026-09-16 13:32:00,75728.08,75755.99,75665.19,75702.95,26.01197,1969849.1683293
2026-09-16 13:33:00,75702.94,75750.93,75669.32,75705.28,14.42586,1092409.4688839
2026-09-16 13:34:00,75705.27,75710.61,75647.05,75662.42,14.53775,1100091.9344891
2026-09-16 13:35:00,75662.43,75736.25,75647.57,75688.55,10.54031,797813.0901711
2026-09-16 13:36:00,75688.55,75726.01,75656.99,75700.19,8.46477,640689.1571945
2026-09-16 13:37:00,75700.18,75707.2,75644.22,75647.88,5.89339,446023.7567508
2026-09-16 13:38:00,75647.87,75647.88,75589.47,75629.26,20.49401,1549682.4722137
2026-09-16 13:39:00,75629.27,75714.15,75589.49,75589.5,11.50456,870155.9971883
2026-09-16 13:40:00,75589.5,75671.81,75585.09,75665.42,11.92117,901504.1217754
2026-09-16 13:41:00,75665.41,75769.59,75658.34,75760.01,11.60258,878614.159969
2026-09-16 13:42:00,75760.0,75767.16,75688.5,75726.0,9.97891,755590.7936059
2026-09-16 13:43:00,75726.01,75740.86,75687.7,75740.86,8.8389,669275.5661294
2026-09-16 13:44:00,75740.86,75797.67,75740.85,75776.16,6.35921,481874.7727919
2026-09-16 13:45:00,75776.16,75776.16,75712.02,75726.04,25.62367,1940525.4053366
2026-09-16 13:46:00,75726.04,75730.01,75640.29,75686.22,7.28404,551256.8481092
2026-09-16 13:47:00,75686.22,75920.39,75681.58,75910.0,21.26681,1612260.0168417
2026-09-16 13:48:00,75910.01,75920.39,75843.08,75843.08,14.44113,1095868.7860992
2026-09-16 13:49:00,75843.08,75873.52,75800.01,75873.52,13.44816,1019785.1616919
2026-09-16 13:50:00,75873.51,75941.17,75814.0,75814.01,22.08253,1675663.9246302
2026-09-16 13:51:00,75814.01,75821.05,75732.0,75750.0,19.08284,1446188.8178065
2026-09-16 13:52:00,75750.0,75786.0,75722.0,75722.0,10.52236,797202.880758
2026-09-16 13:53:00,75722.01,75776.5,75681.58,75776.49,11.15248,844469.1093827
2026-09-16 13:54:00,75776.5,75792.01,75727.31,75742.0,8.72929,661311.3966523
2026-09-16 13:55:00,75742.0,75799.42,75740.0,75764.0,10.29512,780082.2408431
2026-09-16 13:56:00,75764.0,75764.01,75693.96,75724.01,12.19868,923607.8969743
2026-09-16 13:57:00,75724.01,75774.01,75709.68,75766.93,7.65143,579581.238618
2026-09-16 13:58:00,75766.94,75769.59,75700.0,75700.0,13.79762,1045026.2670508
2026-09-16 13:59:00,75700.01,75700.01,75612.27,75646.01,11.48551,868839.546364
2026-09-16 14:00:00,75646.01,75661.01,75599.99,75600.0,11.56203,874360.555882
2026-09-16 14:01:00,75600.0,75661.01,75598.35,75622.54,16.54288,1251144.276347
2026-09-16 14:02:00,75622.54,75622.54,75534.51,75538.0,16.48812,1245894.1419032
2026-09-16 14:03:00,75538.01,75582.47,75538.0,75563.45,11.75295,887936.3494165
2026-09-16 14:04:00,75563.44,75588.61,75520.02,75574.62,19.01752,1436749.2055658
2026-09-16 14:05:00,75574.62,75613.37,75547.43,75612.15,2.2013,166377.8230216
