timestamp,open,high,low,close,volume,quote_volume
2025-05-04 16:00:00,0.17374,0.17401,0.17137,0.17202,93131208.0,16056280.86699
2025-05-04 20:00:00,0.17203,0.17308,0.1699,0.17049,94516762.0,16178169.72074
2025-05-05 00:00:00,0.17048,0.17175,0.16834,0.17039,112564736.0,19168625.37501
2025-05-05 04:00:00,0.17038,0.17404,0.17024,0.1736,66917376.0,11554031.66758
2025-05-05 08:00:00,0.1736,0.17465,0.17018,0.17099,76845672.0,13256396.61213
2025-05-05 12:00:00,0.17099,0.1717,0.16852,0.16896,104608779.0,17809366.68636
2025-05-05 16:00:00,0.16896,0.17261,0.16879,0.17085,63026958.0,10777604.76007
2025-05-05 20:00:00,0.17085,0.17231,0.16827,0.17062,63241749.0,10776998.90242
2025-05-06 00:00:00,0.17062,0.17115,0.1669,0.1698,91090602.0,15391446.90156
2025-05-06 04:00:00,0.1698,0.17036,0.16876,0.16935,50808316.0,8616106.85628
2025-05-06 08:00:00,0.16935,0.16936,0.16451,0.16534,140320864.0,23382766.10441
2025-05-06 12:00:00,0.16535,0.1683,0.16426,0.16666,133879629.0,22262828.89092
2025-05-06 16:00:00,0.16667,0.16981,0.16559,0.16889,79410064.0,13319685.52373
2025-05-06 20:00:00,0.16889,0.1726,0.16702,0.17219,101161342.0,17227768.06239
2025-05-07 00:00:00,0.1722,0.17445,0.1702,0.17184,123524322.0,21321721.21736
2025-05-07 04:00:00,0.17185,0.17344,0.17154,0.17332,66227547.0,11414830.41023
2025-05-07 08:00:00,0.17331,0.17397,0.1729,0.17336,58535518.0,10151380.5311
2025-05-07 12:00:00,0.17336,0.17353,0.17053,0.17084,82144071.0,14141994.31344
2025-05-07 16:00:00,0.17084,0.17265,0.16901,0.1699,136209683.0,23255415.75305
2025-05-07 20:00:00,0.1699,0.17298,0.16921,0.17202,62167251.0,10652363.40631
2025-05-08 00:00:00,0.17201,0.17957,0.17173,0.17947,198987735.0,35045653.44318
2025-05-08 04:00:00,0.17948,0.18292,0.17948,0.18149,291211736.0,52725337.91814
2025-05-08 08:00:00,0.18148,0.18562,0.18144,0.18306,218824379.0,40122349.3992
2025-05-08 12:00:00,0.18307,0.1913,0.18292,0.18937,376586689.0,70367746.83101
2025-05-08 16:00:00,0.18936,0.19292,0.18921,0.19094,276002954.0,52591640.43413
2025-05-08 20:00:00,0.19095,0.19842,0.18994,0.19817,380262910.0,73885799.31644
2025-05-09 00:00:00,0.19818,0.19869,0.19318,0.19354,285430972.0,55875024.88119
2025-05-09 04:00:00,0.19354,0.20885,0.19299,0.20584,447550323.0,90231221.29989
2025-05-09 08:00:00,0.20584,0.2145,0.20167,0.20727,714580574.0,148205818.2623
2025-05-09 12:00:00,0.20726,0.20998,0.20084,0.20422,349267069.0,71628015.06594
2025-05-09 16:00:00,0.20423,0.2062,0.20104,0.2051,204756178.0,41691632.76048
2025-05-09 20:00:00,0.2051,0.20612,0.20371,0.2053,77446240.0,15875663.94819
2025-05-10 00:00:00,0.2053,0.21083,0.20336,0.20985,231573971.0,48015986.19693
2025-05-10 04:00:00,0.20985,0.22643,0.20827,0.22419,531881499.0,116608668.16691
2025-05-10 08:00:00,0.2242,0.2309,0.22127,0.22252,480149113.0,108522057.13413
2025-05-10 12:00:00,0.22253,0.22916,0.22253,0.227,233779985.0,52897720.83728
2025-05-10 16:00:00,0.227,0.23943,0.22636,0.2353,417394035.0,97512176.13644
2025-05-10 20:00:00,0.2353,0.25098,0.23226,0.25063,461546041.0,112457154.45597
2025-05-11 00:00:00,0.25062,0.2597,0.23544,0.23963,965390526.0,237766805.6689
2025-05-11 04:00:00,0.23963,0.24268,0.22769,0.2303,522239068.0,123202273.43311
2025-05-11 08:00:00,0.23029,0.23491,0.22932,0.23422,300600591.0,69963850.87893
2025-05-11 12:00:00,0.23422,0.23629,0.22515,0.22693,361177818.0,83632174.60604
2025-05-11 16:00:00,0.22693,0.2334,0.22211,0.23104,357394898.0,81510043.96329
2025-05-11 20:00:00,0.23104,0.23462,0.22914,0.23181,150812185.0,34892606.50067
2025-05-12 00:00:00,0.23181,0.24117,0.23033,0.23837,516696729.0,121932101.093
2025-05-12 04:00:00,0.23837,0.25341,0.23608,0.24406,742531817.0,181295756.15869
2025-05-12 08:00:00,0.24407,0.2522,0.24053,0.24227,718609469.0,177082062.1562
2025-05-12 12:00:00,0.24226,0.24648,0.23054,0.23236,682498365.0,162544079.2365
2025-05-12 16:00:00,0.23236,0.23683,0.22011,0.22733,506822942.0,115534107.96696
2025-05-12 20:00:00,0.22733,0.23388,0.22542,0.23101,189194705.0,43521612.66422
2025-05-13 00:00:00,0.23102,0.23117,0.21736,0.21845,394253886.0,87783943.2446
2025-05-13 04:00:00,0.21846,0.2259,0.21742,0.22414,220146846.0,48977600.34163
2025-05-13 08:00:00,0.22415,0.22999,0.22296,0.22815,232041036.0,52612002.32086
2025-05-13 12:00:00,0.22815,0.23357,0.22427,0.23305,431007110.0,98664113.86724
2025-05-13 16:00:00,0.23305,0.24309,0.23292,0.23896,440682328.0,105074699.55907
2025-05-13 20:00:00,0.23896,0.24156,0.23658,0.24078,176080854.0,42090441.03561
2025-05-14 00:00:00,0.24078,0.24345,0.23404,0.23887,310233064.0,73976570.63069
2025-05-14 04:00:00,0.23887,0.24759,0.23673,0.23715,326018558.0,78971432.82784
2025-05-14 08:00:00,0.23715,0.239,0.23184,0.23752,243353444.0,57321430.95958
2025-05-14 12:00:00,0.23753,0.23877,0.22965,0.233,259099549.0,60534226.47165
2025-05-14 16:00:00,0.233,0.23504,0.22813,0.2343,134094879.0,31142585.24032
2025-05-14 20:00:00,0.23431,0.23517,0.23068,0.23278,76406460.0,17792603.56602
2025-05-15 00:00:00,0.23279,0.23676,0.22763,0.23202,203729464.0,47372008.62506
2025-05-15 04:00:00,0.23201,0.23495,0.22253,0.22373,228120945.0,52089170.2687
2025-05-15 08:00:00,0.22372,0.22897,0.22201,0.22672,229576093.0,51762419.38799
2025-05-15 12:00:00,0.22671,0.22942,0.21604,0.2252,447040636.0,99538359.55765
2025-05-15 16:00:00,0.2252,0.22946,0.21888,0.22213,251179732.0,56308413.72969
2025-05-15 20:00:00,0.22214,0.2243,0.21374,0.21939,254329075.0,55697470.44076
2025-05-16 00:00:00,0.2194,0.22727,0.21797,0.22619,227268802.0,50686580.66006
2025-05-16 04:00:00,0.2262,0.2277,0.22375,0.2258,132878521.0,30048217.99736
2025-05-16 08:00:00,0.2258,0.23013,0.22147,0.2271,201922394.0,45786230.50738
2025-05-16 12:00:00,0.22711,0.22987,0.22448,0.22898,168169232.0,38282863.22328
2025-05-16 16:00:00,0.22898,0.23095,0.22443,0.22698,123592260.0,28049034.41467
2025-05-16 20:00:00,0.22697,0.22706,0.21968,0.22111,137677799.0,30683442.28983
2025-05-17 00:00:00,0.22111,0.22225,0.21376,0.21826,230362800.0,50011372.99274
2025-05-17 04:00:00,0.21826,0.22021,0.21595,0.21715,104168210.0,22701503.67677
2025-05-17 08:00:00,0.21716,0.21743,0.2142,0.21553,151127787.0,32630986.40535
2025-05-17 12:00:00,0.21553,0.21684,0.21174,0.21505,150943531.0,32391126.79852
2025-05-17 16:00:00,0.21504,0.21632,0.21074,0.21456,136687825.0,29290035.70669
2025-05-17 20:00:00,0.21451,0.21776,0.21202,0.21457,94324098.0,20283709.66679
2025-05-18 00:00:00,0.21458,0.21707,0.21402,0.21569,101164908.0,21824217.69781
2025-05-18 04:00:00,0.21568,0.22211,0.2156,0.22189,167450296.0,36785086.67581
2025-05-18 08:00:00,0.22189,0.22518,0.22178,0.22224,183010636.0,40854294.30676
2025-05-18 12:00:00,0.22224,0.2375,0.2212,0.23661,364244336.0,83631710.1353
2025-05-18 16:00:00,0.23662,0.23779,0.22193,0.22236,471631021.0,109005462.33461
2025-05-18 20:00:00,0.22235,0.2345,0.21843,0.23304,301741903.0,67923302.12042
2025-05-19 00:00:00,0.23309,0.23581,0.21932,0.21957,350074924.0,79274442.01552
2025-05-19 04:00:00,0.21958,0.22157,0.21413,0.2179,353604723.0,77029020.89155
2025-05-19 08:00:00,0.21789,0.21815,0.21537,0.2172,188154975.0,40823323.5264
2025-05-19 12:00:00,0.2172,0.22295,0.21388,0.22122,262810321.0,57426021.65676
2025-05-19 16:00:00,0.22122,0.22616,0.21924,0.22432,228810883.0,51024531.44662
2025-05-19 20:00:00,0.22431,0.22547,0.22226,0.22445,83621309.0,18726770.37142
2025-05-20 00:00:00,0.22446,0.2308,0.22362,0.22577,236622357.0,53737037.56021
2025-05-20 04:00:00,0.22577,0.22812,0.22185,0.22244,171836403.0,38681097.12248
2025-05-20 08:00:00,0.22243,0.22336,0.21873,0.22083,191952666.0,42488676.63991
2025-05-20 12:00:00,0.22083,0.22126,0.21768,0.22063,171282536.0,37576729.70617
2025-05-20 16:00:00,0.22064,0.22546,0.21781,0.22419,178417312.0,39495656.46115
2025-05-20 20:00:00,0.22418,0.22787,0.22263,0.22625,237945927.0,53636345.55733
2025-05-21 00:00:00,0.22626,0.23058,0.22395,0.22905,246682350.0,56086335.07977
2025-05-21 04:00:00,0.22905,0.23359,0.22593,0.22662,315684730.0,72713427.98233
2025-05-21 08:00:00,0.22662,0.22784,0.22469,0.22653,146113221.0,33016531.06017
2025-05-21 12:00:00,0.22652,0.23439,0.22547,0.23188,349462013.0,80525429.27537
2025-05-21 16:00:00,0.23187,0.23813,0.22266,0.23021,575301501.0,132000303.65836
2025-05-21 20:00:00,0.2302,0.23774,0.22792,0.23404,261199042.0,60791829.45508
2025-05-22 00:00:00,0.23404,0.24374,0.23383,0.24116,493135733.0,118304521.28144
2025-05-22 04:00:00,0.24116,0.24213,0.23663,0.24109,260023772.0,62329863.95022
2025-05-22 08:00:00,0.24108,0.245,0.239,0.24027,281160789.0,68047957.1388
2025-05-22 12:00:00,0.24027,0.24286,0.23913,0.24133,244488188.0,58945204.24052
2025-05-22 16:00:00,0.24134,0.24275,0.23825,0.23941,166133298.0,40021096.78461
2025-05-22 20:00:00,0.23942,0.24579,0.2377,0.24558,172014492.0,41593774.58995
2025-05-23 00:00:00,0.24559,0.25441,0.24355,0.25102,445912752.0,111087594.52334
2025-05-23 04:00:00,0.25101,0.25154,0.24195,0.24346,319544869.0,78635942.69987
2025-05-23 08:00:00,0.24347,0.24891,0.23349,0.23516,395152301.0,95571742.30411
2025-05-23 12:00:00,0.23517,0.23856,0.22727,0.2344,680899751.0,158907977.4217
2025-05-23 16:00:00,0.2344,0.23697,0.23192,0.23313,189622491.0,44428282.15779
2025-05-23 20:00:00,0.23312,0.23333,0.22304,0.22521,219363220.0,50082124.22207
2025-05-24 00:00:00,0.22521,0.23006,0.22355,0.22943,166877909.0,37904182.87814
2025-05-24 04:00:00,0.22944,0.23041,0.22677,0.22736,113128957.0,25814419.55101
2025-05-24 08:00:00,0.22736,0.23038,0.22583,0.22908,150599817.0,34425480.78628
2025-05-24 12:00:00,0.22908,0.22939,0.22688,0.2277,108449336.0,24730679.45867
2025-05-24 16:00:00,0.2277,0.22897,0.22592,0.22723,65901063.0,14987263.97075
2025-05-24 20:00:00,0.22724,0.22812,0.2237,0.22512,84263057.0,19009957.17425
2025-05-25 00:00:00,0.22512,0.22645,0.21943,0.22372,191022305.0,42456831.29412
2025-05-25 04:00:00,0.22371,0.22417,0.22045,0.22136,167840228.0,37218162.83704
2025-05-25 08:00:00,0.22136,0.22137,0.21711,0.21937,200281293.0,43819659.27051
2025-05-25 12:00:00,0.21937,0.22111,0.21567,0.21852,150679552.0,32939197.11627
2025-05-25 16:00:00,0.21852,0.22084,0.21644,0.22003,87325655.0,19091288.36511
2025-05-25 20:00:00,0.22003,0.2252,0.21834,0.22491,112401691.0,25011599.09301
2025-05-26 00:00:00,0.22491,0.22784,0.2233,0.2272,161446583.0,36536138.62263
2025-05-26 04:00:00,0.2272,0.23036,0.22666,0.22986,109466330.0,25011120.65155
2025-05-26 08:00:00,0.22986,0.2301,0.22531,0.22619,97503052.0,22142024.71365
2025-05-26 12:00:00,0.22619,0.22835,0.22334,0.22698,127080476.0,28694396.65708
2025-05-26 16:00:00,0.22698,0.22805,0.2225,0.22413,90063067.0,20213173.9117
2025-05-26 20:00:00,0.22412,0.22779,0.22333,0.22596,56305917.0,12709533.5589
2025-05-27 00:00:00,0.22596,0.22712,0.21965,0.22423,118023902.0,26337089.52742
2025-05-27 04:00:00,0.22422,0.2284,0.2225,0.22776,139073527.0,31300827.44686
2025-05-27 08:00:00,0.22777,0.22911,0.22733,0.22867,128600895.0,29369223.59902
2025-05-27 12:00:00,0.22866,0.23216,0.22488,0.22867,235724744.0,53926976.13406
2025-05-27 16:00:00,0.22869,0.23028,0.22661,0.22722,111675750.0,25527586.93488
2025-05-27 20:00:00,0.22723,0.22871,0.22444,0.22598,72306203.0,16367583.26675
2025-05-28 00:00:00,0.22599,0.22785,0.22302,0.22473,148765322.0,33459555.59202
2025-05-28 04:00:00,0.22473,0.2253,0.22177,0.22262,82400446.0,18390619.83847
2025-05-28 08:00:00,0.22263,0.22371,0.22091,0.22356,104137951.0,23175468.52282
2025-05-28 12:00:00,0.22356,0.22466,0.21762,0.21834,186040671.0,41078563.95803
2025-05-28 16:00:00,0.21835,0.22118,0.21678,0.21723,92901696.0,20341514.43904
2025-05-28 20:00:00,0.21722,0.22165,0.21701,0.22096,67267424.0,14765563.77676
2025-05-29 00:00:00,0.22096,0.22798,0.21989,0.22653,223718466.0,50385746.04104
2025-05-29 04:00:00,0.22652,0.22703,0.22215,0.22434,125845762.0,28247126.87833
2025-05-29 08:00:00,0.22435,0.22606,0.22333,0.22488,81077699.0,18253061.39582
2025-05-29 12:00:00,0.22488,0.2249,0.21801,0.21964,164013489.0,36258108.41016
2025-05-29 16:00:00,0.21964,0.22148,0.21476,0.2164,200250289.0,43671014.93126
2025-05-29 20:00:00,0.21639,0.21954,0.21402,0.21487,108530242.0,23519654.47533
2025-05-30 00:00:00,0.21487,0.21648,0.20062,0.20858,511481910.0,106201726.41992
2025-05-30 04:00:00,0.20857,0.20952,0.20311,0.20427,318834533.0,65828915.91615
2025-05-30 08:00:00,0.20428,0.20593,0.20154,0.20504,197587273.0,40347231.90057
2025-05-30 12:00:00,0.20504,0.2059,0.2008,0.20206,231895763.0,47117111.47653
2025-05-30 16:00:00,0.20207,0.20283,0.19331,0.20042,373919481.0,73836721.78642
2025-05-30 20:00:00,0.20042,0.20063,0.19061,0.19357,229498322.0,44757247.8965
2025-05-31 00:00:00,0.19358,0.19457,0.18555,0.18931,420001824.0,79736837.78898
2025-05-31 04:00:00,0.18932,0.19114,0.18765,0.18927,124389913.0,23605270.49044
2025-05-31 08:00:00,0.18927,0.18968,0.18566,0.18652,178975844.0,33586741.58129
2025-05-31 12:00:00,0.18652,0.19443,0.18634,0.19177,219644843.0,42112556.66161
2025-05-31 16:00:00,0.19177,0.19507,0.19096,0.19455,74608494.0,14397205.00437
2025-05-31 20:00:00,0.19455,0.19551,0.19218,0.19251,68638615.0,13318600.18575
2025-06-01 00:00:00,0.19251,0.1926,0.18788,0.19013,114899247.0,21837598.29321
2025-06-01 04:00:00,0.19013,0.19225,0.18914,0.19012,56227808.0,10718429.01743
2025-06-01 08:00:00,0.19012,0.19027,0.1864,0.18944,92994261.0,17501906.04601
2025-06-01 12:00:00,0.18944,0.19257,0.18731,0.19184,97202902.0,18514337.51476
2025-06-01 16:00:00,0.19184,0.19473,0.18904,0.19188,112200056.0,21578871.41666
2025-06-01 20:00:00,0.19188,0.19485,0.19091,0.19363,70661784.0,13646804.7692
2025-06-02 00:00:00,0.19364,0.19443,0.18916,0.19032,131360291.0,25245587.56003
2025-06-02 04:00:00,0.19032,0.19339,0.18956,0.19187,76623928.0,14661028.06097
2025-06-02 08:00:00,0.19187,0.1931,0.18851,0.18928,96920538.0,18462376.0883
2025-06-02 12:00:00,0.18927,0.19311,0.18846,0.19189,127784700.0,24346196.69976
2025-06-02 16:00:00,0.1919,0.19371,0.18883,0.19024,68693643.0,13162026.94021
2025-06-02 20:00:00,0.19025,0.19642,0.19023,0.19507,100976295.0,19604585.61995
2025-06-03 00:00:00,0.19507,0.20051,0.19456,0.1957,258005919.0,50979661.8558
2025-06-03 04:00:00,0.1957,0.19648,0.19429,0.19522,60960256.0,11919972.53935
2025-06-03 08:00:00,0.19522,0.19595,0.19328,0.19503,67381524.0,13107556.54061
2025-06-03 12:00:00,0.19503,0.19868,0.19401,0.19737,166576834.0,32727595.46707
2025-06-03 16:00:00,0.19737,0.19758,0.19516,0.1971,72475107.0,14234993.38182
2025-06-03 20:00:00,0.19711,0.19717,0.19141,0.19311,87120298.0,16858901.38813
2025-06-04 00:00:00,0.19311,0.19705,0.19205,0.19602,82150569.0,16008857.11943
2025-06-04 04:00:00,0.19601,0.19668,0.19489,0.19539,49363465.0,9662831.05845
2025-06-04 08:00:00,0.1954,0.19669,0.19361,0.19381,64893006.0,12678315.63627
2025-06-04 12:00:00,0.19382,0.1944,0.18965,0.19284,140008642.0,26921119.15246
2025-06-04 16:00:00,0.19285,0.19293,0.1893,0.18932,51921352.0,9923704.64837
2025-06-04 20:00:00,0.18931,0.19027,0.18703,0.18812,74027969.0,13940253.79514
2025-06-05 00:00:00,0.18811,0.19079,0.18737,0.19014,56957567.0,10783216.40363
2025-06-05 04:00:00,0.19015,0.19073,0.18777,0.18848,78723509.0,14892156.45869
2025-06-05 08:00:00,0.18848,0.18991,0.1878,0.18939,56405236.0,10652155.61321
2025-06-05 12:00:00,0.18938,0.19248,0.18713,0.18932,133180724.0,25304390.23776
2025-06-05 16:00:00,0.18932,0.18943,0.17077,0.17394,571593843.0,102250593.64683
2025-06-05 20:00:00,0.17394,0.17448,0.168,0.17105,449444558.0,76780881.24455
2025-06-06 00:00:00,0.17106,0.17546,0.16943,0.17525,221639337.0,38147076.17505
2025-06-06 04:00:00,0.17526,0.17644,0.17435,0.17478,266192438.0,46704392.19728
2025-06-06 08:00:00,0.17478,0.17815,0.17478,0.17762,141088375.0,24880578.71201
2025-06-06 12:00:00,0.17761,0.18446,0.17733,0.18185,264104339.0,47651084.07406
2025-06-06 16:00:00,0.18184,0.18243,0.17843,0.17896,144585887.0,26014977.17516
2025-06-06 20:00:00,0.17897,0.18062,0.1785,0.17878,59335955.0,10646902.10396
2025-06-07 00:00:00,0.17878,0.18272,0.17776,0.18256,106727822.0,19260403.91222
2025-06-07 04:00:00,0.18256,0.18637,0.1815,0.18531,103496502.0,19034381.69218
2025-06-07 08:00:00,0.1853,0.18731,0.18429,0.186,99359780.0,18445342.85473
2025-06-07 12:00:00,0.18601,0.1887,0.18576,0.18667,94817035.0,17743498.18411
2025-06-07 16:00:00,0.18667,0.18733,0.18185,0.18326,124060428.0,22789969.00095
2025-06-07 20:00:00,0.18326,0.18642,0.18326,0.18511,51486239.0,9518157.71181
2025-06-08 00:00:00,0.1851,0.1851,0.18314,0.18328,79401506.0,14600286.14567
2025-06-08 04:00:00,0.18328,0.18483,0.18285,0.183,54836056.0,10078224.46688
2025-06-08 08:00:00,0.183,0.18423,0.18046,0.1838,107262077.0,19554787.77126
2025-06-08 12:00:00,0.1838,0.18544,0.18242,0.18408,103599410.0,19042969.41689
2025-06-08 16:00:00,0.18409,0.18638,0.18388,0.18611,70560451.0,13080177.71443
2025-06-08 20:00:00,0.18611,0.18699,0.18367,0.18418,59359493.0,10993268.72633
2025-06-09 00:00:00,0.18417,0.18462,0.18122,0.18266,81508339.0,14904037.28069
2025-06-09 04:00:00,0.18266,0.18283,0.18022,0.18151,85089000.0,15429553.32646
2025-06-09 08:00:00,0.18151,0.18741,0.18082,0.18638,176855225.0,32702153.35791
2025-06-09 12:00:00,0.18638,0.18659,0.1825,0.18448,123479308.0,22791017.47642
2025-06-09 16:00:00,0.18448,0.18793,0.18448,0.18652,137441729.0,25656872.70948
2025-06-09 20:00:00,0.18652,0.19612,0.18652,0.1949,257329075.0,49606018.07111
2025-06-10 00:00:00,0.1949,0.19623,0.19282,0.19364,145124409.0,28260311.1651
2025-06-10 04:00:00,0.19364,0.19395,0.18992,0.19102,138269327.0,26466059.69255
2025-06-10 08:00:00,0.19102,0.19596,0.18965,0.19481,177051845.0,34109554.72405
2025-06-10 12:00:00,0.1948,0.19755,0.1888,0.1911,252215867.0,48826025.21389
2025-06-10 16:00:00,0.19109,0.1966,0.18997,0.19462,106598461.0,20601351.28001
2025-06-10 20:00:00,0.19462,0.19876,0.19326,0.1985,163105120.0,32007093.47613
2025-06-11 00:00:00,0.19851,0.19905,0.19465,0.19765,125074173.0,24609657.31148
2025-06-11 04:00:00,0.19765,0.20672,0.19689,0.20249,237708916.0,47869198.70462
2025-06-11 08:00:00,0.20248,0.20396,0.19821,0.19912,179911477.0,36201224.69591
2025-06-11 12:00:00,0.19912,0.2035,0.19831,0.20321,245487002.0,49384195.80075
2025-06-11 16:00:00,0.2032,0.20404,0.19416,0.19505,200305965.0,39832397.01313
2025-06-11 20:00:00,0.19504,0.19722,0.19125,0.19294,134222115.0,25978905.28267
2025-06-12 00:00:00,0.19294,0.19368,0.19009,0.19071,121921931.0,23392954.17834
2025-06-12 04:00:00,0.19072,0.19135,0.18903,0.18955,134926243.0,25669260.81227
2025-06-12 08:00:00,0.18954,0.1903,0.1864,0.18714,135893331.0,25586356.524
2025-06-12 12:00:00,0.18714,0.18991,0.18556,0.1859,203648891.0,38318333.43854
2025-06-12 16:00:00,0.18589,0.19011,0.18379,0.18474,135803535.0,25415327.70196
2025-06-12 20:00:00,0.18474,0.18567,0.18,0.1811,200446560.0,36459299.2881
2025-06-13 00:00:00,0.18111,0.18148,0.16987,0.17436,690382202.0,119751345.35769
2025-06-13 04:00:00,0.17436,0.17458,0.1715,0.1744,143848749.0,24906867.04677
2025-06-13 08:00:00,0.17439,0.17642,0.17316,0.1757,196611978.0,34356169.01204
2025-06-13 12:00:00,0.1757,0.17874,0.17372,0.17784,186251627.0,32758629.48563
2025-06-13 16:00:00,0.17785,0.17993,0.17559,0.17654,142327554.0,25284989.21916
2025-06-13 20:00:00,0.17654,0.18044,0.17611,0.1804,70539545.0,12610927.2801
2025-06-14 00:00:00,0.18041,0.18044,0.17701,0.1778,108345960.0,19326934.76485
2025-06-14 04:00:00,0.17781,0.179,0.1756,0.17662,176868175.0,31456666.28898
2025-06-14 08:00:00,0.17662,0.17798,0.17598,0.17791,55713454.0,9850682.0802
2025-06-14 12:00:00,0.1779,0.1784,0.17572,0.17673,59697484.0,10577573.69718
2025-06-14 16:00:00,0.17673,0.17828,0.17459,0.17609,90526596.0,15949340.56658
2025-06-14 20:00:00,0.1761,0.17856,0.1752,0.17824,50562016.0,8962878.1799
2025-06-15 00:00:00,0.17825,0.17871,0.17733,0.17765,35381316.0,6296638.68168
2025-06-15 04:00:00,0.17765,0.17846,0.17525,0.17559,163597632.0,28933702.0759
2025-06-15 08:00:00,0.17559,0.17571,0.17361,0.17424,76834599.0,13409102.93317
2025-06-15 12:00:00,0.17424,0.17741,0.17387,0.17595,112949125.0,19852467.69526
2025-06-15 16:00:00,0.17595,0.1768,0.17268,0.17367,82976734.0,14515407.53968
2025-06-15 20:00:00,0.17368,0.17594,0.17142,0.17553,97825001.0,16967660.80876
2025-06-16 00:00:00,0.17554,0.17697,0.17281,0.17592,159482121.0,27911662.3698
2025-06-16 04:00:00,0.17593,0.17885,0.17591,0.17833,161627279.0,28691370.85489
2025-06-16 08:00:00,0.17834,0.1784,0.17534,0.1767,106887541.0,18912841.46561
2025-06-16 12:00:00,0.17671,0.17946,0.17626,0.17756,156204797.0,27753583.2033
2025-06-16 16:00:00,0.17756,0.18115,0.17726,0.17995,125269425.0,22458495.4341
2025-06-16 20:00:00,0.17995,0.18037,0.17209,0.17272,190524330.0,33637025.48721
2025-06-17 00:00:00,0.17271,0.17612,0.16851,0.17525,241675182.0,41602248.41798
2025-06-17 04:00:00,0.17525,0.17547,0.1731,0.17382,67515417.0,11750294.98144
2025-06-17 08:00:00,0.17381,0.17406,0.17056,0.17137,100766102.0,17321841.47297
2025-06-17 12:00:00,0.17138,0.17238,0.16647,0.16791,201279596.0,34126988.33591
2025-06-17 16:00:00,0.16791,0.1715,0.16392,0.17037,212321059.0,35436890.35273
2025-06-17 20:00:00,0.17036,0.17086,0.16834,0.16936,79196478.0,13435502.01525
2025-06-18 00:00:00,0.16936,0.17178,0.16911,0.17064,78193669.0,13326491.20706
2025-06-18 04:00:00,0.17065,0.17222,0.17,0.17119,56746881.0,9708974.48621
2025-06-18 08:00:00,0.17118,0.17173,0.1662,0.16871,121468324.0,20508675.34505
2025-06-18 12:00:00,0.16872,0.16948,0.16405,0.16817,200026338.0,33406029.17302
2025-06-18 16:00:00,0.16817,0.16895,0.16524,0.16699,153876428.0,25741464.71409
2025-06-18 20:00:00,0.167,0.17158,0.16622,0.17068,69280879.0,11780782.58316
2025-06-19 00:00:00,0.17069,0.17204,0.16934,0.17091,53897437.0,9185375.10338
2025-06-19 04:00:00,0.17091,0.17152,0.1699,0.16999,43275999.0,7389846.1584
2025-06-19 08:00:00,0.16998,0.17085,0.16853,0.16896,57893257.0,9825660.96228
2025-06-19 12:00:00,0.16897,0.16999,0.16773,0.16828,73620696.0,12437518.51972
2025-06-19 16:00:00,0.16828,0.17098,0.16803,0.16976,58897868.0,9986471.41369
2025-06-19 20:00:00,0.16976,0.17175,0.16929,0.17092,50447846.0,8606246.79823
2025-06-20 00:00:00,0.17091,0.17156,0.16912,0.16929,104885661.0,17834634.17437
2025-06-20 04:00:00,0.1693,0.17061,0.16712,0.17054,117699738.0,19855418.99472
2025-06-20 08:00:00,0.17054,0.17141,0.16976,0.17079,108840385.0,18587497.7325
2025-06-20 12:00:00,0.17079,0.17197,0.16558,0.16603,168307490.0,28382002.72176
2025-06-20 16:00:00,0.16604,0.16617,0.15839,0.16282,390901810.0,63156249.89184
2025-06-20 20:00:00,0.16281,0.16432,0.16099,0.16234,61393104.0,9982151.9514
2025-06-21 00:00:00,0.16235,0.1638,0.16199,0.16337,39783728.0,6486108.16257
2025-06-21 04:00:00,0.16337,0.1635,0.16254,0.16283,28108655.0,4582913.02387
2025-06-21 08:00:00,0.16284,0.16436,0.1627,0.16331,33847557.0,5538057.94017
2025-06-21 12:00:00,0.1633,0.16349,0.15903,0.16023,135342266.0,21751728.27298
2025-06-21 16:00:00,0.16022,0.16099,0.15717,0.15737,104923621.0,16670315.17338
2025-06-21 20:00:00,0.15737,0.15895,0.15025,0.15448,351903789.0,54066215.29959
2025-06-22 00:00:00,0.15448,0.15769,0.15263,0.15465,220853975.0,34259516.85342
2025-06-22 04:00:00,0.15464,0.15731,0.1542,0.15629,86304240.0,13491694.49888
2025-06-22 08:00:00,0.15629,0.15719,0.15357,0.15561,100214086.0,15558953.14853
2025-06-22 12:00:00,0.15561,0.15637,0.14526,0.14623,763083255.0,113446534.69119
2025-06-22 16:00:00,0.14623,0.15053,0.14563,0.14741,297707682.0,44047915.69707
2025-06-22 20:00:00,0.14742,0.152,0.1427,0.15129,333372766.0,49078328.24937
2025-06-23 00:00:00,0.15128,0.15308,0.15063,0.15219,128577166.0,19527782.87027
2025-06-23 04:00:00,0.15219,0.155,0.15192,0.15383,103815147.0,15968757.65281
2025-06-23 08:00:00,0.15384,0.15453,0.1512,0.15217,86262378.0,13155589.89193
2025-06-23 12:00:00,0.15217,0.15657,0.15107,0.15245,230547956.0,35560592.69269
2025-06-23 16:00:00,0.15245,0.15779,0.14861,0.15721,255804483.0,39263649.04877
2025-06-23 20:00:00,0.15721,0.16525,0.15686,0.16376,255143328.0,41307366.25166
2025-06-24 00:00:00,0.16377,0.16444,0.16184,0.16294,143781346.0,23459455.2576
2025-06-24 04:00:00,0.16293,0.16767,0.16246,0.16313,326846966.0,53815155.45447
2025-06-24 08:00:00,0.16312,0.16527,0.16221,0.1636,108661486.0,17765211.36649
2025-06-24 12:00:00,0.16359,0.16482,0.16167,0.16359,116616558.0,19040535.31235
2025-06-24 16:00:00,0.1636,0.16653,0.16272,0.1637,148897362.0,24539698.47056
2025-06-24 20:00:00,0.16368,0.16576,0.16351,0.16571,44543261.0,7339671.08133
2025-06-25 00:00:00,0.16572,0.16704,0.16451,0.16535,88064006.0,14617516.72996
2025-06-25 04:00:00,0.16535,0.16746,0.1643,0.16631,68617475.0,11382130.36829
2025-06-25 08:00:00,0.16631,0.16655,0.16424,0.16561,100828828.0,16675755.2326
2025-06-25 12:00:00,0.16561,0.1677,0.16253,0.16296,246039763.0,40590201.63124
2025-06-25 16:00:00,0.16295,0.16654,0.16295,0.16601,131096575.0,21596730.92422
2025-06-25 20:00:00,0.16602,0.16691,0.16351,0.16459,43376779.0,7167615.87174
2025-06-26 00:00:00,0.16458,0.16809,0.16393,0.16592,131691926.0,21876108.36232
2025-06-26 04:00:00,0.16592,0.16605,0.16389,0.16488,69771078.0,11511203.14646
2025-06-26 08:00:00,0.16488,0.16549,0.1611,0.16159,105006571.0,17084164.94951
2025-06-26 12:00:00,0.16159,0.16187,0.15792,0.16011,239660238.0,38263249.86856
2025-06-26 16:00:00,0.16011,0.16131,0.15918,0.16098,79569877.0,12744175.67555
2025-06-26 20:00:00,0.16097,0.16371,0.15915,0.16001,138921520.0,22353429.85276
2025-06-27 00:00:00,0.16002,0.1627,0.15805,0.16223,86402354.0,13903766.77278
2025-06-27 04:00:00,0.16222,0.16266,0.16049,0.16079,42215658.0,6812834.07443
2025-06-27 08:00:00,0.16079,0.16216,0.16018,0.16053,52649641.0,8487316.6392
2025-06-27 12:00:00,0.16054,0.16171,0.15824,0.1611,95606775.0,15271399.91371
2025-06-27 16:00:00,0.16111,0.16307,0.15704,0.15914,103100331.0,16521209.36761
2025-06-27 20:00:00,0.15914,0.1616,0.15892,0.16104,56865272.0,9145190.15938
2025-06-28 00:00:00,0.16105,0.16245,0.1604,0.16203,47330565.0,7643785.827
2025-06-28 04:00:00,0.16204,0.16339,0.16159,0.16324,62527748.0,10145471.3916
2025-06-28 08:00:00,0.16325,0.16343,0.16212,0.16219,50929411.0,8292567.66516
2025-06-28 12:00:00,0.1622,0.16325,0.1613,0.16292,35790715.0,5800789.79611
2025-06-28 16:00:00,0.16292,0.165,0.16247,0.16359,70395722.0,11508181.59347
2025-06-28 20:00:00,0.1636,0.16462,0.16311,0.16363,22231314.0,3643345.68124
2025-06-29 00:00:00,0.16362,0.16428,0.16259,0.1627,37130248.0,6059093.06766
2025-06-29 04:00:00,0.16269,0.16412,0.1626,0.16392,24673164.0,4033287.55567
2025-06-29 08:00:00,0.16392,0.1651,0.16359,0.16459,70082639.0,11528037.52082
2025-06-29 12:00:00,0.1646,0.16513,0.16322,0.16336,81031013.0,13319839.29921
2025-06-29 16:00:00,0.16336,0.16487,0.16316,0.16412,37466715.0,6149970.88714
2025-06-29 20:00:00,0.16412,0.17006,0.16327,0.16944,167263090.0,28123069.45415
2025-06-30 00:00:00,0.16945,0.16993,0.16663,0.16744,98591904.0,16633311.6277
2025-06-30 04:00:00,0.16745,0.16796,0.16428,0.16581,83265616.0,13826976.79352
2025-06-30 08:00:00,0.16581,0.16607,0.16451,0.16477,79529106.0,13146088.98259
2025-06-30 12:00:00,0.16477,0.1658,0.16222,0.16493,209974985.0,34462069.44289
2025-06-30 16:00:00,0.16493,0.16782,0.16418,0.16756,103705196.0,17161099.38168
2025-06-30 20:00:00,0.16756,0.16793,0.16481,0.16518,79091454.0,13132535.67138
2025-07-01 00:00:00,0.16518,0.16632,0.16403,0.16492,67684972.0,11176399.91934
2025-07-01 04:00:00,0.16492,0.16493,0.16117,0.16252,88523431.0,14405712.33064
2025-07-01 08:00:00,0.16253,0.16253,0.16066,0.16083,79969668.0,12896813.12172
2025-07-01 12:00:00,0.16083,0.1612,0.15845,0.15936,134070106.0,21406401.33555
2025-07-01 16:00:00,0.15936,0.15989,0.15746,0.15797,77131039.0,12235814.32212
2025-07-01 20:00:00,0.15798,0.15893,0.15674,0.15778,58971742.0,9307196.35335
2025-07-02 00:00:00,0.15779,0.15956,0.15655,0.15945,57145391.0,9046308.80841
2025-07-02 04:00:00,0.15946,0.16174,0.15913,0.16083,72939956.0,11712649.81148
2025-07-02 08:00:00,0.16084,0.16226,0.16083,0.16116,58408192.0,9430504.4066
2025-07-02 12:00:00,0.16117,0.16597,0.16,0.16582,154698364.0,25204166.02678
2025-07-02 16:00:00,0.16582,0.17268,0.16575,0.17095,389306375.0,66354810.28178
2025-07-02 20:00:00,0.17096,0.17233,0.16843,0.16869,115739676.0,19783224.04504
2025-07-03 00:00:00,0.16868,0.1699,0.1674,0.16865,149830452.0,25259992.72939
2025-07-03 04:00:00,0.16864,0.17516,0.16841,0.17451,244805056.0,42378342.34054
2025-07-03 08:00:00,0.17452,0.17542,0.17282,0.17367,150272049.0,26165663.86668
2025-07-03 12:00:00,0.17368,0.17519,0.16933,0.16962,349861895.0,60405520.49176
2025-07-03 16:00:00,0.16961,0.17215,0.16899,0.17183,76490186.0,13043906.98266
2025-07-03 20:00:00,0.17183,0.17284,0.1718,0.17201,43214003.0,7446629.64205
2025-07-04 00:00:00,0.17201,0.17296,0.17014,0.17084,98600609.0,16909042.4588
2025-07-04 04:00:00,0.17085,0.17122,0.16642,0.16661,159232105.0,26895380.23435
2025-07-04 08:00:00,0.16661,0.16781,0.16484,0.16668,118749854.0,19776212.58238
2025-07-04 12:00:00,0.16667,0.16731,0.1626,0.16316,158318063.0,26041937.24399
2025-07-04 16:00:00,0.16315,0.16339,0.16128,0.16199,148574438.0,24117527.398
2025-07-04 20:00:00,0.16198,0.16431,0.16179,0.16288,73464081.0,11978437.45826
2025-07-05 00:00:00,0.16289,0.16467,0.1619,0.16438,77888717.0,12718106.62295
2025-07-05 04:00:00,0.16438,0.16507,0.1633,0.16443,65068667.0,10695344.30615
2025-07-05 08:00:00,0.16444,0.16499,0.16317,0.16411,36342003.0,5961210.65344
2025-07-05 12:00:00,0.1641,0.16444,0.16284,0.16299,32766962.0,5361046.82327
2025-07-05 16:00:00,0.163,0.16371,0.16219,0.16341,43492907.0,7087364.81283
2025-07-05 20:00:00,0.16341,0.16472,0.16321,0.16421,37232116.0,6111129.82659
2025-07-06 00:00:00,0.16422,0.16456,0.1633,0.16379,50451860.0,8276947.12668
2025-07-06 04:00:00,0.16378,0.16433,0.16313,0.16381,26931711.0,4411619.04281
2025-07-06 08:00:00,0.16381,0.16554,0.16313,0.16547,72608916.0,11919569.67964
2025-07-06 12:00:00,0.16547,0.17524,0.16502,0.17019,491712710.0,84005794.92057
2025-07-06 16:00:00,0.17019,0.17106,0.16741,0.16942,93042673.0,15773845.70997
2025-07-06 20:00:00,0.16942,0.17378,0.16941,0.17196,145231451.0,25010276.28951
2025-07-07 00:00:00,0.17196,0.17719,0.17016,0.17501,184370681.0,32025675.21037
2025-07-07 04:00:00,0.17502,0.17592,0.17177,0.17322,176064373.0,30545890.25129
2025-07-07 08:00:00,0.17322,0.17337,0.17048,0.17094,92898984.0,15943545.27402
2025-07-07 12:00:00,0.17095,0.17099,0.16791,0.16856,167448780.0,28370570.09059
2025-07-07 16:00:00,0.16857,0.16914,0.16626,0.16795,167534425.0,28077796.48206
2025-07-07 20:00:00,0.16794,0.16804,0.16569,0.16792,71651329.0,11960368.57837
2025-07-08 00:00:00,0.16793,0.16878,0.16589,0.16795,144416730.0,24155669.56927
2025-07-08 04:00:00,0.16795,0.16897,0.16732,0.1688,53062882.0,8916586.21359
2025-07-08 08:00:00,0.1688,0.17194,0.16802,0.17095,130187547.0,22143986.49155
2025-07-08 12:00:00,0.17096,0.17189,0.16836,0.16924,107473127.0,18282666.19043
2025-07-08 16:00:00,0.16925,0.172,0.16857,0.17069,90602995.0,15465981.28159
2025-07-08 20:00:00,0.17069,0.1713,0.16988,0.17094,35224069.0,6009646.9873
2025-07-09 00:00:00,0.17094,0.17246,0.16991,0.17045,100060702.0,17128785.16137
2025-07-09 04:00:00,0.17045,0.17362,0.1702,0.17191,94322170.0,16227463.23035
2025-07-09 08:00:00,0.17191,0.17384,0.17111,0.17329,80030481.0,13788012.03341
2025-07-09 12:00:00,0.1733,0.17479,0.17123,0.17303,182052618.0,31559003.25845
2025-07-09 16:00:00,0.17303,0.17769,0.17196,0.17692,291349079.0,50693370.77346
2025-07-09 20:00:00,0.17692,0.18661,0.17521,0.18053,440381895.0,79811817.58322
2025-07-10 00:00:00,0.18053,0.18169,0.17874,0.18027,134514171.0,24255604.33108
2025-07-10 04:00:00,0.18028,0.18246,0.17939,0.18172,98595344.0,17849013.79479
2025-07-10 08:00:00,0.18172,0.18273,0.18042,0.18064,109952252.0,19961775.22827
2025-07-10 12:00:00,0.18064,0.18099,0.17889,0.18059,115256427.0,20740519.77936
2025-07-10 16:00:00,0.18059,0.18748,0.18018,0.18575,290364489.0,53601337.78317
2025-07-10 20:00:00,0.18575,0.19641,0.18572,0.19507,397459426.0,76217395.99248
2025-07-11 00:00:00,0.19508,0.1992,0.19115,0.1983,280621902.0,54947329.75669
2025-07-11 04:00:00,0.1983,0.20139,0.19498,0.19646,335649307.0,66553876.35536
2025-07-11 08:00:00,0.19647,0.2005,0.19645,0.19901,212528840.0,42219049.1062
2025-07-11 12:00:00,0.19902,0.2094,0.19787,0.20121,717056322.0,145954161.07036
2025-07-11 16:00:00,0.20122,0.21366,0.19941,0.21171,625651362.0,130209702.61063
2025-07-11 20:00:00,0.21169,0.21172,0.19628,0.20103,288723784.0,58679771.79002
2025-07-12 00:00:00,0.20103,0.20654,0.19773,0.20394,173232028.0,35039185.28605
2025-07-12 04:00:00,0.20393,0.20476,0.20026,0.20124,144469923.0,29179559.97052
2025-07-12 08:00:00,0.20125,0.20285,0.19919,0.20048,120119653.0,24180252.60291
2025-07-12 12:00:00,0.20048,0.20074,0.1919,0.19314,332017390.0,65018701.4391
2025-07-12 16:00:00,0.19315,0.19819,0.19212,0.19746,98440441.0,19295116.93252
2025-07-12 20:00:00,0.19746,0.19786,0.19413,0.19742,72048425.0,14135653.11506
2025-07-13 00:00:00,0.19741,0.19944,0.19626,0.19853,93741226.0,18554673.73993
2025-07-13 04:00:00,0.19852,0.19993,0.19743,0.19939,92460353.0,18384242.39082
2025-07-13 08:00:00,0.19938,0.19939,0.19642,0.19892,98736900.0,19522576.90791
2025-07-13 12:00:00,0.19891,0.20412,0.19829,0.20013,268866314.0,54081884.13579
2025-07-13 16:00:00,0.20014,0.2034,0.19782,0.20126,134471587.0,26984972.94622
2025-07-13 20:00:00,0.20125,0.20198,0.19576,0.19855,132529526.0,26273716.96373
2025-07-14 00:00:00,0.19855,0.2065,0.19765,0.2046,234514278.0,47342423.67075
2025-07-14 04:00:00,0.2046,0.21097,0.20327,0.20768,392834091.0,81373238.9627
2025-07-14 08:00:00,0.20769,0.2093,0.20463,0.20565,303851669.0,62816797.92192
2025-07-14 12:00:00,0.20564,0.20714,0.19803,0.19931,376366602.0,76328618.82928
2025-07-14 16:00:00,0.1993,0.20159,0.19717,0.19837,163313854.0,32547673.68168
2025-07-14 20:00:00,0.19837,0.19857,0.19464,0.19749,151921953.0,29938332.37173
2025-07-15 00:00:00,0.19748,0.19842,0.18842,0.19035,313613483.0,60330893.87664
2025-07-15 04:00:00,0.19036,0.19254,0.18857,0.19072,175358987.0,33523834.8312
2025-07-15 08:00:00,0.19073,0.19278,0.1896,0.192,155508502.0,29786719.09507
2025-07-15 12:00:00,0.19201,0.19578,0.18938,0.19269,313399512.0,60397069.58242
2025-07-15 16:00:00,0.19269,0.19847,0.19159,0.19189,228154860.0,44512078.25775
2025-07-15 20:00:00,0.19188,0.19934,0.19122,0.19919,127819167.0,25077712.59758
2025-07-16 00:00:00,0.1992,0.20232,0.19578,0.197,254295389.0,50598981.71355
2025-07-16 04:00:00,0.197,0.2,0.19553,0.1991,117465685.0,23293268.23519
2025-07-16 08:00:00,0.19909,0.20226,0.19832,0.20078,223452192.0,44875025.8886
2025-07-16 12:00:00,0.20078,0.20675,0.19927,0.20327,329203768.0,66683977.60928
2025-07-16 16:00:00,0.20326,0.21074,0.20221,0.20877,342099196.0,71019650.58567
2025-07-16 20:00:00,0.20877,0.22073,0.20851,0.2127,519049902.0,111531082.84555
2025-07-17 00:00:00,0.21269,0.21783,0.2066,0.20819,365402583.0,77609454.83521
2025-07-17 04:00:00,0.20819,0.214,0.20736,0.21207,250961947.0,52993799.95024
2025-07-17 08:00:00,0.21207,0.2172,0.21144,0.21579,303893669.0,65270096.61274
2025-07-17 12:00:00,0.21578,0.21865,0.20935,0.21381,446883657.0,95515805.18282
2025-07-17 16:00:00,0.2138,0.21574,0.2081,0.21144,294586374.0,62575220.69057
2025-07-17 20:00:00,0.21143,0.22236,0.20779,0.21826,471349697.0,102031743.93288
2025-07-18 00:00:00,0.21826,0.23783,0.21618,0.2364,858433773.0,196754816.99504
2025-07-18 04:00:00,0.23639,0.24909,0.23352,0.23894,961865891.0,232647021.88087
2025-07-18 08:00:00,0.23894,0.24259,0.23582,0.23998,528681544.0,126444886.93806
2025-07-18 12:00:00,0.23999,0.2542,0.23413,0.23713,1081502526.0,264554456.52391
2025-07-18 16:00:00,0.23713,0.24098,0.23137,0.23403,387890284.0,91467073.41741
2025-07-18 20:00:00,0.23403,0.23673,0.22705,0.2358,394821042.0,91660376.91776
2025-07-19 00:00:00,0.2358,0.252,0.23558,0.24934,518497496.0,126105132.43589
2025-07-19 04:00:00,0.24934,0.257,0.24886,0.25372,605394628.0,153513949.954
2025-07-19 08:00:00,0.25372,0.25777,0.24412,0.24494,494558769.0,123913464.46783
2025-07-19 12:00:00,0.24495,0.2476,0.23897,0.24235,387261989.0,94245761.64041
2025-07-19 16:00:00,0.24236,0.24411,0.23963,0.24269,166247486.0,40215394.50403
2025-07-19 20:00:00,0.24268,0.24324,0.23741,0.24143,160609668.0,38663040.31923
2025-07-20 00:00:00,0.24142,0.25711,0.23998,0.25521,654490811.0,164145633.7312
2025-07-20 04:00:00,0.25521,0.25776,0.24889,0.25144,380287652.0,96107586.09675
2025-07-20 08:00:00,0.25145,0.25582,0.25019,0.25159,326032403.0,82309114.13374
2025-07-20 12:00:00,0.25158,0.25524,0.25001,0.25415,303230338.0,76650149.91003
2025-07-20 16:00:00,0.25416,0.2783,0.25416,0.27385,1132434662.0,302040006.66361
2025-07-20 20:00:00,0.27386,0.27739,0.26255,0.27375,595489298.0,161343284.16118
2025-07-21 00:00:00,0.27375,0.27789,0.26428,0.27128,567579268.0,153208993.27053
2025-07-21 04:00:00,0.27128,0.27858,0.26904,0.27355,346285148.0,94709585.07327
2025-07-21 08:00:00,0.27354,0.27931,0.26726,0.27105,443405408.0,120641791.44257
2025-07-21 12:00:00,0.27105,0.28608,0.26923,0.28216,737502436.0,204679696.5926
2025-07-21 16:00:00,0.28216,0.2875,0.2675,0.26874,775666887.0,216248195.79695
2025-07-21 20:00:00,0.26875,0.27378,0.26554,0.27142,248771586.0,67230351.75276
2025-07-22 00:00:00,0.27142,0.27492,0.26262,0.26604,561332372.0,150865162.5935
2025-07-22 04:00:00,0.26603,0.26957,0.25735,0.26649,532153450.0,139927973.03713
2025-07-22 08:00:00,0.26648,0.26902,0.26295,0.26709,307271879.0,81761432.72625
2025-07-22 12:00:00,0.2671,0.26881,0.25923,0.26642,351581095.0,93050274.74841
2025-07-22 16:00:00,0.26641,0.27023,0.2579,0.25972,289411682.0,76797455.52057
2025-07-22 20:00:00,0.25973,0.27111,0.25917,0.27093,150540308.0,39977964.17067
2025-07-23 00:00:00,0.27094,0.27108,0.26314,0.26416,205304493.0,54697340.47
2025-07-23 04:00:00,0.26416,0.26695,0.25866,0.26013,184465237.0,48496355.50143
2025-07-23 08:00:00,0.26012,0.26161,0.25347,0.25588,260129838.0,66885363.24333
2025-07-23 12:00:00,0.25587,0.25626,0.24059,0.24971,768166476.0,189934359.6334
2025-07-23 16:00:00,0.2497,0.2497,0.23713,0.24222,397961560.0,96453454.14341
2025-07-23 20:00:00,0.24221,0.24405,0.2305,0.24083,440271578.0,104643217.40568
2025-07-24 00:00:00,0.24078,0.24665,0.23845,0.24298,362374504.0,88314646.38018
2025-07-24 04:00:00,0.24297,0.24431,0.22176,0.23299,784278878.0,181283412.99921
2025-07-24 08:00:00,0.23298,0.23981,0.23121,0.2387,304831718.0,71809931.19334
2025-07-24 12:00:00,0.23869,0.24502,0.23266,0.24005,433753266.0,103756130.6804
2025-07-24 16:00:00,0.24005,0.24159,0.23379,0.23829,227366847.0,54200021.03494
2025-07-24 20:00:00,0.23828,0.24101,0.23112,0.23218,177410874.0,41631253.92798
2025-07-25 00:00:00,0.23219,0.23245,0.2223,0.22544,458296652.0,104115325.66624
2025-07-25 04:00:00,0.22545,0.22994,0.22267,0.22587,344208507.0,78033938.56121
2025-07-25 08:00:00,0.22588,0.23334,0.22526,0.23109,351226369.0,80776902.1914
2025-07-25 12:00:00,0.2311,0.23282,0.22085,0.22435,401733605.0,91235157.10923
2025-07-25 16:00:00,0.22436,0.22923,0.22221,0.22717,199731819.0,45216554.15306
2025-07-25 20:00:00,0.22718,0.23697,0.22703,0.23673,202741175.0,47454559.74119
2025-07-26 00:00:00,0.23673,0.23882,0.23296,0.23664,171659937.0,40481217.6767
2025-07-26 04:00:00,0.23665,0.23892,0.23652,0.23692,124690239.0,29615048.12198
2025-07-26 08:00:00,0.23692,0.24015,0.23563,0.23667,128345078.0,30563593.50305
2025-07-26 12:00:00,0.23666,0.2399,0.2354,0.2387,111141091.0,26401659.46983
2025-07-26 16:00:00,0.23869,0.2398,0.23442,0.23904,109967082.0,26091647.69386
2025-07-26 20:00:00,0.23904,0.24029,0.23515,0.23543,88060303.0,20911261.35572
2025-07-27 00:00:00,0.23544,0.24001,0.23488,0.23924,125416303.0,29807964.86088
2025-07-27 04:00:00,0.23924,0.24339,0.23628,0.23698,180814719.0,43454168.88297
2025-07-27 08:00:00,0.23698,0.23944,0.23432,0.23651,204022492.0,48256300.19807
2025-07-27 12:00:00,0.23651,0.23915,0.23451,0.2368,142421461.0,33690430.18567
2025-07-27 16:00:00,0.2368,0.24195,0.23663,0.23957,241138506.0,57771381.31442
2025-07-27 20:00:00,0.23957,0.24372,0.23753,0.24071,144503954.0,34886616.12781
2025-07-28 00:00:00,0.24071,0.24567,0.23787,0.24477,312825380.0,75895468.29389
2025-07-28 04:00:00,0.24477,0.24859,0.24144,0.24333,281855434.0,69103724.81036
2025-07-28 08:00:00,0.24332,0.24404,0.23966,0.24157,173018738.0,41783707.09345
2025-07-28 12:00:00,0.24157,0.24287,0.23063,0.23221,402229364.0,94764252.10012
2025-07-28 16:00:00,0.23221,0.23389,0.22744,0.22961,258572805.0,59535410.07658
2025-07-28 20:00:00,0.22962,0.22989,0.22426,0.22615,191810405.0,43503326.91089
2025-07-29 00:00:00,0.22616,0.22842,0.22231,0.227,275976542.0,62191110.91256
2025-07-29 04:00:00,0.22701,0.23276,0.22566,0.23179,182825886.0,41838120.69381
2025-07-29 08:00:00,0.2318,0.23227,0.22525,0.22764,151800206.0,34696159.56168
2025-07-29 12:00:00,0.22764,0.23102,0.22061,0.22269,262878535.0,59204811.35471
2025-07-29 16:00:00,0.22268,0.22455,0.21744,0.22143,212351161.0,47046869.39304
2025-07-29 20:00:00,0.22142,0.22444,0.21933,0.22392,106732097.0,23682757.58082
2025-07-30 00:00:00,0.22392,0.22655,0.22109,0.22442,113970457.0,25543119.84755
2025-07-30 04:00:00,0.22441,0.22517,0.22127,0.22196,90245968.0,20134606.83877
2025-07-30 08:00:00,0.22195,0.22352,0.21482,0.21608,221945614.0,48610778.18738
2025-07-30 12:00:00,0.21608,0.22307,0.2143,0.22142,285940983.0,62382162.1211
2025-07-30 16:00:00,0.22143,0.22451,0.209,0.21732,391380252.0,84660311.87242
2025-07-30 20:00:00,0.21731,0.22058,0.21543,0.21999,114397869.0,24954633.64964
2025-07-31 00:00:00,0.21998,0.22384,0.21898,0.22306,124839973.0,27717676.21715
2025-07-31 04:00:00,0.22306,0.22432,0.2221,0.22356,85535933.0,19098581.96301
2025-07-31 08:00:00,0.22356,0.22566,0.22148,0.22224,91716886.0,20542823.11879
2025-07-31 12:00:00,0.22225,0.22258,0.21468,0.21763,192962698.0,42081070.91508
2025-07-31 16:00:00,0.21762,0.22138,0.21281,0.21379,148710285.0,32223809.24899
2025-07-31 20:00:00,0.21379,0.21469,0.20814,0.20974,200118540.0,42301805.81489
2025-08-01 00:00:00,0.20975,0.21059,0.20335,0.20912,386372943.0,80134048.79026
2025-08-01 04:00:00,0.20912,0.20913,0.20388,0.20597,205037433.0,42262470.98132
2025-08-01 08:00:00,0.20596,0.20757,0.20088,0.20755,258034956.0,52677412.08082
2025-08-01 12:00:00,0.20754,0.21025,0.20196,0.20962,369820366.0,76710845.26932
2025-08-01 16:00:00,0.20961,0.2125,0.2038,0.2084,256252354.0,53180269.83743
2025-08-01 20:00:00,0.2084,0.20883,0.19583,0.20097,460919752.0,92613173.34566
2025-08-02 00:00:00,0.20098,0.203,0.20016,0.2023,153808700.0,31042677.24389
2025-08-02 04:00:00,0.20229,0.20352,0.19446,0.20018,312387874.0,61775111.25487
2025-08-02 08:00:00,0.20018,0.201,0.19721,0.19973,100465138.0,20010765.63619
2025-08-02 12:00:00,0.19973,0.20008,0.19364,0.19456,203468269.0,40055053.06276
2025-08-02 16:00:00,0.19457,0.19734,0.18959,0.19242,373322685.0,71912753.86321
2025-08-02 20:00:00,0.19241,0.19474,0.18944,0.19098,196701393.0,37794503.56216
2025-08-03 00:00:00,0.19098,0.19646,0.18845,0.1958,256954499.0,49661900.10359
2025-08-03 04:00:00,0.1958,0.19691,0.19496,0.1963,83349327.0,16317968.41854
2025-08-03 08:00:00,0.1963,0.1995,0.19556,0.19782,108833198.0,21508300.06248
2025-08-03 12:00:00,0.19782,0.19931,0.19677,0.19893,133839421.0,26528791.98077
2025-08-03 16:00:00,0.19892,0.20023,0.19782,0.19892,101608642.0,20234847.36379
2025-08-03 20:00:00,0.19893,0.20047,0.19794,0.19876,59043870.0,11744184.58957
2025-08-04 00:00:00,0.19875,0.20297,0.1985,0.20171,167727434.0,33781740.36754
2025-08-04 04:00:00,0.20171,0.20393,0.19957,0.20311,204481422.0,41226350.94286
2025-08-04 08:00:00,0.2031,0.20406,0.20026,0.20104,126699609.0,25594769.23613
2025-08-04 12:00:00,0.20105,0.20629,0.20047,0.20385,234536663.0,47873183.48743
2025-08-04 16:00:00,0.20385,0.20982,0.20385,0.20467,180922793.0,37370850.00541
2025-08-04 20:00:00,0.20467,0.21127,0.20436,0.21039,102207774.0,21346180.30527
2025-08-05 00:00:00,0.21038,0.21106,0.20611,0.2064,127227763.0,26544296.03729
2025-08-05 04:00:00,0.20641,0.20748,0.20151,0.20187,131357961.0,26882342.47465
2025-08-05 08:00:00,0.20186,0.20885,0.20129,0.20744,118471747.0,24349854.54499
2025-08-05 12:00:00,0.20744,0.20767,0.19729,0.19823,275453110.0,55422223.06993
2025-08-05 16:00:00,0.19823,0.20017,0.19682,0.19786,110416077.0,21951822.58818
2025-08-05 20:00:00,0.19786,0.20035,0.19602,0.19981,81097133.0,16111397.70839
2025-08-06 00:00:00,0.19982,0.19988,0.19599,0.19642,85111669.0,16813485.32668
2025-08-06 04:00:00,0.19642,0.2024,0.1956,0.20139,128824653.0,25687228.39986
2025-08-06 08:00:00,0.20139,0.20202,0.19877,0.20048,92663614.0,18575854.97112
2025-08-06 12:00:00,0.20049,0.20571,0.19851,0.20524,175741527.0,35432742.35595
2025-08-06 16:00:00,0.20525,0.20716,0.20316,0.20583,100024243.0,20523520.07432
2025-08-06 20:00:00,0.20584,0.20585,0.20447,0.20524,42560984.0,8736471.39048
2025-08-07 00:00:00,0.20525,0.20659,0.20331,0.20391,92846938.0,18989949.48404
2025-08-07 04:00:00,0.20392,0.20664,0.20383,0.20578,80139212.0,16488497.1545
2025-08-07 08:00:00,0.20577,0.21491,0.20529,0.21426,358776738.0,75528672.07687
2025-08-07 12:00:00,0.21425,0.21613,0.21216,0.21434,275972359.0,59021098.47375
2025-08-07 16:00:00,0.21433,0.21833,0.21014,0.21725,148656077.0,31799118.6461
2025-08-07 20:00:00,0.21725,0.22304,0.21638,0.22228,166494058.0,36632250.20755
2025-08-08 00:00:00,0.22228,0.22485,0.21953,0.22288,320113222.0,71029403.60092
2025-08-08 04:00:00,0.22288,0.22512,0.21967,0.22456,132584442.0,29443333.50915
2025-08-08 08:00:00,0.22455,0.22684,0.22148,0.22362,137246249.0,30682297.41242
2025-08-08 12:00:00,0.22362,0.22943,0.21967,0.22125,235391782.0,52768412.24988
2025-08-08 16:00:00,0.22125,0.22987,0.22077,0.22916,192988388.0,43674209.50779
2025-08-08 20:00:00,0.22916,0.23254,0.22714,0.23039,188123143.0,43312301.16379
2025-08-09 00:00:00,0.23039,0.23389,0.22972,0.23026,158147687.0,36574673.63599
2025-08-09 04:00:00,0.23026,0.2367,0.22978,0.2358,240126764.0,56261128.23545
2025-08-09 08:00:00,0.2358,0.2388,0.23513,0.23776,194129441.0,46043954.33334
2025-08-09 12:00:00,0.23776,0.24454,0.23581,0.24077,362902582.0,87159291.60123
2025-08-09 16:00:00,0.24077,0.24676,0.24032,0.243,313255927.0,76328103.87349
2025-08-09 20:00:00,0.243,0.24512,0.23945,0.23995,191519081.0,46351349.73306
2025-08-10 00:00:00,0.23995,0.24348,0.23876,0.24263,211312996.0,50992431.38173
2025-08-10 04:00:00,0.24262,0.24346,0.23138,0.23242,270487199.0,64028434.1203
2025-08-10 08:00:00,0.23243,0.23457,0.22941,0.23097,182324172.0,42313431.55755
2025-08-10 12:00:00,0.23097,0.23492,0.22953,0.23257,250056183.0,58140831.10082
2025-08-10 16:00:00,0.23257,0.23554,0.232,0.23498,87212275.0,20409305.65514
2025-08-10 20:00:00,0.23498,0.23517,0.23103,0.23385,99516906.0,23211213.56682
2025-08-11 00:00:00,0.23385,0.24179,0.23219,0.23934,274906696.0,65418443.07094
2025-08-11 04:00:00,0.23933,0.24132,0.2332,0.23339,247639044.0,58902592.91228
2025-08-11 08:00:00,0.23339,0.23673,0.22692,0.2283,255976877.0,59306082.51672
2025-08-11 12:00:00,0.22829,0.2316,0.22562,0.23153,316304551.0,72309546.1116
2025-08-11 16:00:00,0.23154,0.2338,0.22593,0.22746,195723860.0,45058280.14854
2025-08-11 20:00:00,0.22744,0.2279,0.22117,0.22207,147999243.0,33169867.92065
2025-08-12 00:00:00,0.22208,0.22745,0.22188,0.22454,167590457.0,37718320.74891
2025-08-12 04:00:00,0.22453,0.22645,0.2213,0.22521,128930522.0,28924185.56291
2025-08-12 08:00:00,0.22521,0.2256,0.21865,0.22148,182726263.0,40479843.84774
2025-08-12 12:00:00,0.22148,0.22997,0.22063,0.22958,433033211.0,97871728.57229
2025-08-12 16:00:00,0.22959,0.23611,0.22802,0.23576,256520093.0,59529165.32894
2025-08-12 20:00:00,0.23577,0.23835,0.23477,0.23582,210381271.0,49782246.71106
2025-08-13 00:00:00,0.23582,0.24,0.23132,0.23819,303746109.0,71606476.46992
2025-08-13 04:00:00,0.2382,0.24496,0.23451,0.24488,497339803.0,118895227.56974
2025-08-13 08:00:00,0.24488,0.25058,0.24454,0.24663,476885768.0,118284266.91223
2025-08-13 12:00:00,0.24663,0.24866,0.23916,0.24122,478706984.0,116663082.68285
2025-08-13 16:00:00,0.24122,0.24425,0.24027,0.2439,193820347.0,46995723.75842
2025-08-13 20:00:00,0.24389,0.24626,0.24194,0.24482,153614612.0,37550598.08345
2025-08-14 00:00:00,0.24483,0.25574,0.24262,0.2527,538611176.0,134447447.62082
2025-08-14 04:00:00,0.25269,0.25457,0.24336,0.24503,353619958.0,87758733.9721
2025-08-14 08:00:00,0.24504,0.24511,0.23624,0.23797,413088055.0,99254216.29416
2025-08-14 12:00:00,0.23797,0.23926,0.21839,0.22542,1116668635.0,254012122.03093
2025-08-14 16:00:00,0.22541,0.22552,0.2208,0.22348,392251812.0,87612999.25212
2025-08-14 20:00:00,0.22348,0.2243,0.21578,0.22382,424139273.0,93457401.74432
2025-08-15 00:00:00,0.22381,0.23,0.22286,0.22989,258458644.0,58398363.43986
2025-08-15 04:00:00,0.22988,0.23299,0.22744,0.23059,254862292.0,58722552.96015
2025-08-15 08:00:00,0.23057,0.23278,0.22882,0.22974,216186899.0,49934080.48524
2025-08-15 12:00:00,0.22974,0.23227,0.22097,0.22231,477574405.0,108297645.07823
2025-08-15 16:00:00,0.22231,0.22538,0.22006,0.22178,258375466.0,57520302.06441
2025-08-15 20:00:00,0.22178,0.23185,0.22075,0.22886,230834609.0,52550394.91746
2025-08-16 00:00:00,0.22885,0.23622,0.2281,0.23271,261981954.0,61073744.59157
2025-08-16 04:00:00,0.2327,0.23383,0.22964,0.2331,166912278.0,38699694.57946
2025-08-16 08:00:00,0.23311,0.23497,0.22711,0.22724,249029049.0,57690437.67468
2025-08-16 12:00:00,0.22724,0.23027,0.22522,0.22863,172642738.0,39385302.80277
2025-08-16 16:00:00,0.22863,0.23118,0.22801,0.22932,144211746.0,33150396.57983
2025-08-16 20:00:00,0.22932,0.23152,0.22886,0.23115,66659699.0,15341192.34401
2025-08-17 00:00:00,0.23115,0.23448,0.22835,0.23359,137867448.0,31966621.76521
2025-08-17 04:00:00,0.23359,0.23605,0.23227,0.23282,216552774.0,50678704.76131
2025-08-17 08:00:00,0.23282,0.23561,0.2324,0.23457,136466256.0,31901338.42151
2025-08-17 12:00:00,0.23457,0.24237,0.23219,0.24161,282928479.0,66972692.36126
2025-08-17 16:00:00,0.2416,0.24259,0.23064,0.23227,290388241.0,68627730.74341
2025-08-17 20:00:00,0.23227,0.23821,0.23185,0.23456,145775593.0,34246969.5165
2025-08-18 00:00:00,0.23457,0.23553,0.22242,0.22437,378078684.0,85935587.08513
2025-08-18 04:00:00,0.22436,0.22649,0.2206,0.22176,260304954.0,58135831.63301
2025-08-18 08:00:00,0.22176,0.2235,0.21992,0.22178,271366772.0,60202677.46048
2025-08-18 12:00:00,0.22178,0.22461,0.22038,0.22358,445355282.0,99129942.11409
2025-08-18 16:00:00,0.22358,0.22549,0.22075,0.22381,282389016.0,62981758.79077
2025-08-18 20:00:00,0.2238,0.22693,0.22179,0.22262,189612984.0,42530316.78991
2025-08-19 00:00:00,0.22262,0.22567,0.21567,0.21638,280581018.0,61826080.81345
2025-08-19 04:00:00,0.21638,0.21841,0.21435,0.21776,246883071.0,53520172.46203
2025-08-19 08:00:00,0.21775,0.22067,0.21624,0.2203,250646940.0,54810774.60466
2025-08-19 12:00:00,0.2203,0.22235,0.21369,0.21441,434004840.0,94352710.67264
2025-08-19 16:00:00,0.2144,0.21491,0.21043,0.21205,359918404.0,76658592.22501
2025-08-19 20:00:00,0.21205,0.21427,0.20869,0.20943,226059988.0,47886335.92586
2025-08-20 00:00:00,0.20944,0.21327,0.20804,0.21181,405108296.0,85501652.62887
2025-08-20 04:00:00,0.21182,0.21413,0.21155,0.21264,732438727.0,155904781.8751
2025-08-20 08:00:00,0.21264,0.21576,0.21132,0.21404,164930724.0,35317083.98179
2025-08-20 12:00:00,0.21404,0.218,0.20747,0.21507,354283276.0,75589513.16887
2025-08-20 16:00:00,0.21506,0.22174,0.21506,0.22132,282365336.0,61641833.70191
2025-08-20 20:00:00,0.22132,0.22287,0.22046,0.22169,162980790.0,36119043.8748
2025-08-21 00:00:00,0.22168,0.2245,0.21949,0.222,188650332.0,41890687.55036
2025-08-21 04:00:00,0.222,0.22416,0.2199,0.22142,157240443.0,34885736.53095
2025-08-21 08:00:00,0.22142,0.2218,0.2167,0.21759,130351045.0,28530508.43461
2025-08-21 12:00:00,0.21759,0.2207,0.21451,0.2155,281605945.0,61273074.91594
2025-08-21 16:00:00,0.2155,0.21827,0.21452,0.21515,132939336.0,28702633.22348
2025-08-21 20:00:00,0.21515,0.21757,0.21388,0.21473,92847313.0,20018999.84129
2025-08-22 00:00:00,0.21473,0.2192,0.21456,0.21576,134385719.0,29185635.91324
2025-08-22 04:00:00,0.21576,0.21873,0.2152,0.21794,137455820.0,29894777.8678
2025-08-22 08:00:00,0.21795,0.21909,0.2118,0.21198,164352137.0,35403016.45121
2025-08-22 12:00:00,0.21199,0.23371,0.20828,0.23013,1239791292.0,277235925.97113
2025-08-22 16:00:00,0.23013,0.23979,0.2301,0.23876,485686208.0,114979098.99661
2025-08-22 20:00:00,0.23876,0.24222,0.23865,0.24054,308943765.0,74195270.96405
2025-08-23 00:00:00,0.24054,0.2409,0.22902,0.23155,473067400.0,110699560.6557
2025-08-23 04:00:00,0.23156,0.23937,0.23133,0.23722,311240422.0,73526557.90832
2025-08-23 08:00:00,0.23722,0.23978,0.23549,0.23616,209151113.0,49716016.78685
2025-08-23 12:00:00,0.23616,0.23903,0.2344,0.23645,222354591.0,52546890.89142
2025-08-23 16:00:00,0.23646,0.23758,0.23552,0.23736,100243010.0,23723342.18044
2025-08-23 20:00:00,0.23735,0.23753,0.2339,0.23631,67636607.0,15928124.35698
2025-08-24 00:00:00,0.23631,0.23833,0.235,0.2366,111134161.0,26327788.96503
2025-08-24 04:00:00,0.23661,0.2371,0.23193,0.23223,118666322.0,27750013.71475
2025-08-24 08:00:00,0.23223,0.2332,0.22826,0.22956,174422538.0,40235032.86397
2025-08-24 12:00:00,0.22956,0.23402,0.2292,0.23126,203168709.0,46996293.1135
2025-08-24 16:00:00,0.23126,0.24496,0.22927,0.23418,676211296.0,159971318.08245
2025-08-24 20:00:00,0.23418,0.23518,0.22761,0.23182,475013406.0,109958804.90111
2025-08-25 00:00:00,0.23182,0.23459,0.22542,0.23088,324005722.0,74555384.7306
2025-08-25 04:00:00,0.23088,0.23138,0.21983,0.22077,308467342.0,69341592.69826
2025-08-25 08:00:00,0.22077,0.22167,0.21691,0.21967,314352423.0,68991562.72488
2025-08-25 12:00:00,0.21967,0.22117,0.21742,0.21849,324552787.0,71223058.81614
2025-08-25 16:00:00,0.2185,0.22043,0.21344,0.2138,260906210.0,56594459.2769
2025-08-25 20:00:00,0.21381,0.21467,0.20585,0.20965,625088787.0,130798030.70876
2025-08-26 00:00:00,0.20965,0.21205,0.20711,0.20978,349973757.0,73357791.37751
2025-08-26 04:00:00,0.20979,0.21266,0.20916,0.21126,151780632.0,32024201.74294
2025-08-26 08:00:00,0.21126,0.2121,0.20944,0.2105,121527090.0,25613632.42752
2025-08-26 12:00:00,0.21051,0.21533,0.20931,0.21266,362786146.0,77194212.60898
2025-08-26 16:00:00,0.21266,0.21982,0.21246,0.21942,159976671.0,34523313.88378
2025-08-26 20:00:00,0.21942,0.21999,0.21731,0.21839,115445899.0,25249090.56108
2025-08-27 00:00:00,0.21839,0.22201,0.21606,0.22126,222815543.0,48910661.90636
2025-08-27 04:00:00,0.22124,0.22323,0.21811,0.21882,172032616.0,38049963.56955
2025-08-27 08:00:00,0.21883,0.22123,0.2174,0.22037,132015318.0,29034311.61019
2025-08-27 12:00:00,0.22036,0.2228,0.21781,0.22163,221588470.0,48825143.98899
2025-08-27 16:00:00,0.22163,0.22339,0.21862,0.22022,167788865.0,37126676.66961
2025-08-27 20:00:00,0.22022,0.22388,0.21803,0.21892,377304321.0,83272912.94376
2025-08-28 00:00:00,0.21891,0.22173,0.21668,0.22128,203449691.0,44676828.55253
2025-08-28 04:00:00,0.22128,0.22555,0.22092,0.22398,199908714.0,44725077.36304
2025-08-28 08:00:00,0.22398,0.22597,0.2225,0.2239,116217771.0,26066497.64391
2025-08-28 12:00:00,0.2239,0.22518,0.22013,0.2212,198242573.0,44283135.02124
2025-08-28 16:00:00,0.22121,0.22352,0.2193,0.21965,126377976.0,27995708.66084
2025-08-28 20:00:00,0.21965,0.22486,0.21918,0.22437,113876135.0,25400186.52967
2025-08-29 00:00:00,0.22438,0.22539,0.21948,0.22258,158374331.0,35228237.24653
2025-08-29 04:00:00,0.22258,0.22294,0.21428,0.21462,280991903.0,61247993.0147
2025-08-29 08:00:00,0.21463,0.21584,0.2117,0.2148,194633304.0,41657630.69628
2025-08-29 12:00:00,0.21479,0.22102,0.21216,0.21329,416699668.0,90065986.47578
2025-08-29 16:00:00,0.21329,0.21433,0.20977,0.21203,241781124.0,51197609.23709
2025-08-29 20:00:00,0.21203,0.2146,0.20981,0.21391,132296468.0,28033104.21569
2025-08-30 00:00:00,0.21391,0.21885,0.21126,0.21764,197948633.0,42562964.95231
2025-08-30 04:00:00,0.21765,0.21828,0.21603,0.21729,94412545.0,20478889.10864
2025-08-30 08:00:00,0.2173,0.21768,0.2148,0.21588,78795896.0,17021583.02134
2025-08-30 12:00:00,0.21589,0.21672,0.21283,0.21603,104031395.0,22341460.34042
2025-08-30 16:00:00,0.21603,0.21605,0.21458,0.21541,33572540.0,7227911.57256
2025-08-30 20:00:00,0.21542,0.21612,0.21446,0.21595,30002682.0,6457778.04815
2025-08-31 00:00:00,0.21595,0.22134,0.21595,0.22062,121834390.0,26662246.61353
2025-08-31 04:00:00,0.22063,0.22071,0.2171,0.21798,81202654.0,17743921.67713
2025-08-31 08:00:00,0.21799,0.21932,0.21609,0.21837,80149105.0,17445230.58316
2025-08-31 12:00:00,0.21836,0.21863,0.21627,0.21857,61730092.0,13431593.92661
2025-08-31 16:00:00,0.21857,0.21862,0.21698,0.21732,54883624.0,11955099.27343
2025-08-31 20:00:00,0.21733,0.21816,0.21327,0.21371,91163200.0,19650967.21775
2025-09-01 00:00:00,0.21371,0.2141,0.20885,0.21046,235339981.0,49708035.49062
2025-09-01 04:00:00,0.21045,0.21805,0.2082,0.218,287696013.0,60979256.56855
2025-09-01 08:00:00,0.218,0.21988,0.21514,0.21595,273650633.0,59546256.6728
2025-09-01 12:00:00,0.21595,0.21716,0.21272,0.2134,199674834.0,42979578.15218
2025-09-01 16:00:00,0.2134,0.2135,0.2102,0.21237,143617971.0,30413629.37123
2025-09-01 20:00:00,0.21238,0.21281,0.20476,0.21073,382582326.0,79589976.7079
2025-09-02 00:00:00,0.21074,0.21416,0.2092,0.2134,158826721.0,33599205.7732
2025-09-02 04:00:00,0.2134,0.2149,0.21168,0.21227,113431088.0,24226486.37707
2025-09-02 08:00:00,0.21226,0.2141,0.21114,0.21151,108875200.0,23185542.71578
2025-09-02 12:00:00,0.21151,0.21397,0.20658,0.20939,403983620.0,85027928.19784
2025-09-02 16:00:00,0.20938,0.21322,0.20933,0.21125,110679891.0,23396546.49353
2025-09-02 20:00:00,0.21124,0.21557,0.2108,0.21489,135563976.0,29019233.12252
2025-09-03 00:00:00,0.21489,0.21686,0.21249,0.21531,169820866.0,36478707.85719
2025-09-03 04:00:00,0.2153,0.21637,0.21409,0.21608,106788821.0,22986456.55831
2025-09-03 08:00:00,0.21608,0.21724,0.21471,0.21642,111301290.0,24079897.61425
2025-09-03 12:00:00,0.21642,0.21967,0.2151,0.21889,178683343.0,38934252.41489
2025-09-03 16:00:00,0.21888,0.22141,0.21741,0.22122,129551051.0,28413232.53409
2025-09-03 20:00:00,0.22122,0.22351,0.22026,0.2203,128759222.0,28547636.49227
2025-09-04 00:00:00,0.2203,0.22111,0.21594,0.21642,131772408.0,28787791.00964
2025-09-04 04:00:00,0.21642,0.21735,0.21413,0.21527,130265336.0,28074483.10745
2025-09-04 08:00:00,0.21527,0.21661,0.21478,0.21559,72070368.0,15551825.17459
2025-09-04 12:00:00,0.21559,0.21702,0.21162,0.21232,185688377.0,39767711.86869
2025-09-04 16:00:00,0.21231,0.21354,0.21047,0.21074,93128103.0,19750092.06694
2025-09-04 20:00:00,0.21074,0.21471,0.21056,0.21241,76548262.0,16287685.15952
2025-09-05 00:00:00,0.21241,0.21502,0.21182,0.21427,85178916.0,18188716.8993
2025-09-05 04:00:00,0.21428,0.21838,0.2135,0.21808,120100272.0,25941296.41833
2025-09-05 08:00:00,0.21808,0.21814,0.21529,0.21677,117167334.0,25390805.06513
2025-09-05 12:00:00,0.21676,0.22097,0.21241,0.21421,573743849.0,124571952.19551
2025-09-05 16:00:00,0.2142,0.21735,0.21366,0.2173,83100925.0,17901696.14419
2025-09-05 20:00:00,0.2173,0.22019,0.21702,0.21788,197332416.0,43146622.50493
2025-09-06 00:00:00,0.21788,0.21888,0.21687,0.21772,59756666.0,13018931.47127
2025-09-06 04:00:00,0.21772,0.21786,0.21523,0.21588,68992161.0,14902006.01764
2025-09-06 08:00:00,0.21589,0.21601,0.21396,0.21427,91108589.0,19553111.73954
2025-09-06 12:00:00,0.21427,0.21585,0.21334,0.21388,89456474.0,19191781.71395
2025-09-06 16:00:00,0.21388,0.21546,0.21225,0.21284,71234954.0,15240701.46691
2025-09-06 20:00:00,0.21284,0.21805,0.21274,0.21595,102405791.0,22091076.75968
2025-09-07 00:00:00,0.21595,0.21743,0.21568,0.21651,44446592.0,9630852.33031
2025-09-07 04:00:00,0.21652,0.21766,0.21613,0.21729,46439272.0,10080715.5558
2025-09-07 08:00:00,0.21729,0.21951,0.21693,0.21923,67155244.0,14641909.81821
2025-09-07 12:00:00,0.21924,0.22518,0.21829,0.22368,397094002.0,88375878.01087
2025-09-07 16:00:00,0.22368,0.22463,0.22026,0.22229,114643155.0,25481386.25789
2025-09-07 20:00:00,0.22228,0.22926,0.22218,0.22877,212748806.0,48224519.8632
2025-09-08 00:00:00,0.22876,0.235,0.22653,0.23171,413737579.0,95296921.40473
2025-09-08 04:00:00,0.2317,0.233,0.23047,0.23261,193328007.0,44820071.27507
2025-09-08 08:00:00,0.23261,0.23476,0.23247,0.23337,201403126.0,47045432.60884
2025-09-08 12:00:00,0.23336,0.23986,0.23293,0.2384,379674229.0,90136022.07217
2025-09-08 16:00:00,0.2384,0.23968,0.23646,0.2376,217425500.0,51800918.73584
2025-09-08 20:00:00,0.23761,0.24413,0.23724,0.24164,278120805.0,67111861.87995
2025-09-09 00:00:00,0.24165,0.24397,0.23359,0.23648,373153209.0,88689569.97428
2025-09-09 04:00:00,0.23648,0.24215,0.23519,0.24025,221557371.0,52955278.92925
2025-09-09 08:00:00,0.24024,0.24261,0.23984,0.24161,156706877.0,37794462.56539
2025-09-09 12:00:00,0.24161,0.24952,0.23678,0.23827,840003002.0,204805857.91483
2025-09-09 16:00:00,0.23828,0.24345,0.23743,0.24124,221867059.0,53256904.7275
2025-09-09 20:00:00,0.24124,0.24274,0.23943,0.24063,119438370.0,28788040.24535
2025-09-10 00:00:00,0.24063,0.24213,0.23618,0.24111,165200359.0,39550836.34102
2025-09-10 04:00:00,0.24112,0.24242,0.23844,0.24137,127817341.0,30704789.7718
2025-09-10 08:00:00,0.24137,0.24246,0.23944,0.24015,127270553.0,30649660.41912
2025-09-10 12:00:00,0.24016,0.24572,0.23997,0.2437,359065159.0,87480145.45994
2025-09-10 16:00:00,0.2437,0.24868,0.238,0.23986,350329296.0,85129330.12736
2025-09-10 20:00:00,0.23986,0.24769,0.23972,0.24536,214495924.0,52232245.77386
2025-09-11 00:00:00,0.24535,0.25343,0.24375,0.2523,304366540.0,75914538.1591
2025-09-11 04:00:00,0.25231,0.25323,0.24823,0.24969,263902540.0,66205846.63167
2025-09-11 08:00:00,0.24969,0.25182,0.24875,0.25086,153807786.0,38503490.59911
2025-09-11 12:00:00,0.25087,0.25475,0.24228,0.24692,632706634.0,157067081.85985
2025-09-11 16:00:00,0.24691,0.25282,0.24689,0.25217,184882759.0,46241623.3939
2025-09-11 20:00:00,0.25218,0.25699,0.25011,0.25603,221128606.0,56224299.59617
2025-09-12 00:00:00,0.25604,0.26463,0.25481,0.26099,415894776.0,108434170.6719
2025-09-12 04:00:00,0.26098,0.26401,0.25913,0.26015,248137219.0,64983669.15639
2025-09-12 08:00:00,0.26015,0.26174,0.25853,0.25989,203457138.0,52921853.0542
2025-09-12 12:00:00,0.2599,0.2672,0.25788,0.26641,409428318.0,107689188.22325
2025-09-12 16:00:00,0.2664,0.2731,0.265,0.27157,444280473.0,120122349.31596
2025-09-12 20:00:00,0.27157,0.2786,0.27,0.2755,361480117.0,99183506.00343
2025-09-13 00:00:00,0.2755,0.2828,0.27266,0.28029,456434626.0,127072199.9812
2025-09-13 04:00:00,0.28029,0.28578,0.27989,0.28316,424147658.0,120094291.74655
2025-09-13 08:00:00,0.28315,0.29947,0.28252,0.29626,927256476.0,271243466.30146
2025-09-13 12:00:00,0.29627,0.30684,0.29165,0.29699,1077528556.0,321657335.22537
2025-09-13 16:00:00,0.29699,0.30097,0.28104,0.2861,845136949.0,245089784.53196
2025-09-13 20:00:00,0.2861,0.29235,0.2858,0.28938,285087934.0,82556270.07932
2025-09-14 00:00:00,0.28937,0.2951,0.2815,0.28635,570899147.0,164499742.49899
2025-09-14 04:00:00,0.28636,0.2925,0.28356,0.29172,321600044.0,92616754.86482
2025-09-14 08:00:00,0.29173,0.29336,0.28484,0.28551,312246983.0,90444361.64544
2025-09-14 12:00:00,0.28551,0.28715,0.2727,0.27381,697355831.0,194560426.14782
2025-09-14 16:00:00,0.27381,0.28338,0.27275,0.27787,363934881.0,101101280.32809
2025-09-14 20:00:00,0.27787,0.28291,0.27703,0.27796,162197307.0,45360056.7994
2025-09-15 00:00:00,0.27795,0.28145,0.27425,0.28014,279106559.0,77766573.30583
2025-09-15 04:00:00,0.28014,0.28205,0.2671,0.26828,511780583.0,140336779.3873
2025-09-15 08:00:00,0.26828,0.26833,0.25862,0.26528,917350446.0,241034356.77463
2025-09-15 12:00:00,0.26529,0.26554,0.2611,0.26418,367171098.0,96621361.61734
2025-09-15 16:00:00,0.26419,0.26687,0.26212,0.26412,269602661.0,71322793.65105
2025-09-15 20:00:00,0.26412,0.26943,0.2634,0.26831,171138087.0,45711780.45232
2025-09-16 00:00:00,0.2683,0.27014,0.26558,0.26719,217685867.0,58259757.68225
2025-09-16 04:00:00,0.2672,0.2696,0.26225,0.26771,273870813.0,72915101.76103
2025-09-16 08:00:00,0.26771,0.26965,0.26346,0.26459,217057198.0,57740988.15523
2025-09-16 12:00:00,0.26459,0.26704,0.257,0.26625,567985753.0,148955591.11978
2025-09-16 16:00:00,0.26625,0.2698,0.26443,0.26839,309520048.0,82690856.27973
2025-09-16 20:00:00,0.2684,0.27204,0.26731,0.26995,263775487.0,71252987.79386
2025-09-17 00:00:00,0.26994,0.27134,0.26618,0.26666,204888654.0,55100932.76624
2025-09-17 04:00:00,0.26666,0.27008,0.26384,0.26851,207695023.0,55485513.18081
2025-09-17 08:00:00,0.26851,0.26868,0.26448,0.26539,140423796.0,37387548.18536
2025-09-17 12:00:00,0.2654,0.26795,0.2624,0.26539,202952593.0,53868674.99392
2025-09-17 16:00:00,0.26539,0.27448,0.26045,0.27272,748285591.0,199593685.41496
2025-09-17 20:00:00,0.27271,0.28384,0.26696,0.28256,505625812.0,140427760.09741
2025-09-18 00:00:00,0.28257,0.28582,0.27828,0.283,425783162.0,120174021.25453
2025-09-18 04:00:00,0.283,0.28349,0.27635,0.27985,235495322.0,65796214.419
2025-09-18 08:00:00,0.27985,0.28211,0.27827,0.27957,207126182.0,58044102.41251
2025-09-18 12:00:00,0.27957,0.2878,0.27867,0.28662,390576788.0,110321668.33197
2025-09-18 16:00:00,0.28662,0.28879,0.28087,0.28194,282400005.0,80531885.68366
2025-09-18 20:00:00,0.28195,0.28262,0.27559,0.27857,209890236.0,58543426.92539
2025-09-19 00:00:00,0.27856,0.28492,0.27642,0.2769,251734174.0,70479587.18909
2025-09-19 04:00:00,0.27689,0.27732,0.27328,0.27516,271071561.0,74583779.28007
2025-09-19 08:00:00,0.27515,0.27691,0.27023,0.27123,212826537.0,58101300.15935
2025-09-19 12:00:00,0.27123,0.27266,0.26424,0.2666,407608495.0,109349807.81867
2025-09-19 16:00:00,0.26661,0.26837,0.26312,0.26483,181788935.0,48352070.20193
2025-09-19 20:00:00,0.26483,0.26742,0.26324,0.26527,111398470.0,29617651.77455
2025-09-20 00:00:00,0.26526,0.26741,0.263,0.265,156731337.0,41528245.52561
2025-09-20 04:00:00,0.265,0.26696,0.26423,0.26658,114757558.0,30521823.55578
2025-09-20 08:00:00,0.26659,0.26659,0.26324,0.26517,86628778.0,22917085.66781
2025-09-20 12:00:00,0.26516,0.26947,0.2642,0.26884,200041866.0,53371324.04679
2025-09-20 16:00:00,0.26883,0.26919,0.26547,0.26621,96339652.0,25751016.21196
2025-09-20 20:00:00,0.2662,0.26894,0.26597,0.26759,56313665.0,15066203.09935
2025-09-21 00:00:00,0.26758,0.26965,0.26688,0.26956,113938568.0,30546519.72805
2025-09-21 04:00:00,0.26956,0.26965,0.26771,0.26821,81333745.0,21846306.52473
2025-09-21 08:00:00,0.2682,0.26844,0.26353,0.26572,125224877.0,33288109.21081
2025-09-21 12:00:00,0.26572,0.26796,0.26543,0.26561,78316414.0,20900551.27738
2025-09-21 16:00:00,0.26561,0.26604,0.2606,0.26347,210851488.0,55462211.80233
2025-09-21 20:00:00,0.26347,0.26374,0.26031,0.26074,100379657.0,26264139.40416
2025-09-22 00:00:00,0.26074,0.26239,0.24528,0.24877,925031444.0,231923406.9195
2025-09-22 04:00:00,0.24877,0.24974,0.23067,0.23772,934524189.0,224207035.95831
2025-09-22 08:00:00,0.23773,0.24068,0.23633,0.23917,410485974.0,97928874.41307
2025-09-22 12:00:00,0.23917,0.24324,0.23829,0.23953,367547550.0,88472173.82494
2025-09-22 16:00:00,0.23953,0.24152,0.23556,0.2363,223731735.0,53393786.42215
2025-09-22 20:00:00,0.23629,0.24168,0.23596,0.24122,120318732.0,28815349.42842
2025-09-23 00:00:00,0.24123,0.24299,0.23402,0.24035,336770501.0,80385097.55705
2025-09-23 04:00:00,0.24035,0.24343,0.23821,0.2415,276730736.0,66807770.42264
2025-09-23 08:00:00,0.24151,0.24296,0.23921,0.24085,149103417.0,35944698.87834
2025-09-23 12:00:00,0.24085,0.24206,0.23801,0.24068,271237565.0,65153834.98653
2025-09-23 16:00:00,0.24068,0.24389,0.23668,0.23792,262760280.0,62970457.80044
2025-09-23 20:00:00,0.23791,0.24145,0.23636,0.23709,131924105.0,31497508.55128
2025-09-24 00:00:00,0.23709,0.24058,0.23365,0.23449,261753811.0,62138031.51278
2025-09-24 04:00:00,0.23448,0.23975,0.23098,0.23955,426420847.0,100243960.60696
2025-09-24 08:00:00,0.23955,0.24369,0.23895,0.2431,232174823.0,56046689.7696
2025-09-24 12:00:00,0.24309,0.25057,0.24241,0.24557,376302499.0,92674768.84023
2025-09-24 16:00:00,0.24558,0.24648,0.24192,0.24352,254864942.0,62235952.09068
2025-09-24 20:00:00,0.24352,0.24396,0.24035,0.24107,134221448.0,32475277.5735
2025-09-25 00:00:00,0.24107,0.24197,0.23381,0.23616,318883615.0,75811668.03545
2025-09-25 04:00:00,0.23615,0.23661,0.23184,0.23328,278739898.0,65183243.95792
2025-09-25 08:00:00,0.23328,0.23485,0.23026,0.23128,189179703.0,44012612.1367
2025-09-25 12:00:00,0.23128,0.23479,0.22578,0.23109,568060063.0,130847197.69877
2025-09-25 16:00:00,0.23109,0.23179,0.22046,0.22646,632725205.0,142552003.47043
2025-09-25 20:00:00,0.22647,0.22683,0.22087,0.22292,253518217.0,56811973.71088
2025-09-26 00:00:00,0.22292,0.22773,0.22268,0.22718,241929608.0,54620094.29537
2025-09-26 04:00:00,0.22718,0.22802,0.22471,0.22703,179844048.0,40744727.20226
2025-09-26 08:00:00,0.22702,0.22797,0.22134,0.22452,274751296.0,61718656.61667
2025-09-26 12:00:00,0.22452,0.22809,0.22171,0.22726,383589232.0,86564566.56802
2025-09-26 16:00:00,0.22727,0.23331,0.2271,0.23091,260366798.0,60073874.14657
2025-09-26 20:00:00,0.23091,0.23262,0.22987,0.23244,85723083.0,19825102.99109
2025-09-27 00:00:00,0.23244,0.23431,0.23126,0.23357,104759731.0,24377677.28925
2025-09-27 04:00:00,0.23357,0.23399,0.23058,0.2311,90421128.0,20997853.45899
2025-09-27 08:00:00,0.2311,0.2311,0.22849,0.23003,155458051.0,35705117.01464
2025-09-27 12:00:00,0.23004,0.2309,0.22795,0.2302,99909671.0,22945883.76341
2025-09-27 16:00:00,0.23021,0.23054,0.2278,0.22979,65461619.0,15006211.60892
2025-09-27 20:00:00,0.2298,0.23252,0.22938,0.23077,50654385.0,11706114.45035
2025-09-28 00:00:00,0.23077,0.23096,0.22756,0.22855,78969866.0,18080232.58286
2025-09-28 04:00:00,0.22854,0.22935,0.22722,0.2292,53028237.0,12112707.01212
2025-09-28 08:00:00,0.22921,0.22929,0.22556,0.22646,114560047.0,26007551.79149
2025-09-28 12:00:00,0.22646,0.2299,0.225,0.22983,111422938.0,25354059.58029
2025-09-28 16:00:00,0.22983,0.23199,0.22935,0.23186,108122666.0,24969137.79721
2025-09-28 20:00:00,0.23187,0.23768,0.2316,0.23735,164111391.0,38559697.84617
2025-09-29 00:00:00,0.23735,0.23746,0.23392,0.2358,118916765.0,28011583.85849
2025-09-29 04:00:00,0.23581,0.23588,0.23096,0.23255,112282918.0,26161410.45083
2025-09-29 08:00:00,0.23255,0.23376,0.22914,0.2309,123677799.0,28622834.837
2025-09-29 12:00:00,0.2309,0.23767,0.22862,0.23374,383272300.0,89509689.02863
2025-09-29 16:00:00,0.23375,0.2351,0.23062,0.23465,122855730.0,28615831.45948
2025-09-29 20:00:00,0.23465,0.23896,0.23453,0.23478,107599140.0,25490949.91991
2025-09-30 00:00:00,0.23478,0.23592,0.23185,0.2327,161900934.0,37830935.69768
2025-09-30 04:00:00,0.23271,0.23417,0.23122,0.23204,98958402.0,23040092.62266
2025-09-30 08:00:00,0.23204,0.23244,0.22876,0.23029,115059990.0,26474800.84595
2025-09-30 12:00:00,0.23029,0.23125,0.2263,0.22801,170091088.0,38905918.61829
2025-09-30 16:00:00,0.22801,0.23285,0.22737,0.2326,94740432.0,21786531.74514
2025-09-30 20:00:00,0.23261,0.23408,0.23087,0.23293,120267851.0,27963840.44521
2025-10-01 00:00:00,0.23294,0.23429,0.2307,0.23075,101681871.0,23669832.45166
2025-10-01 04:00:00,0.23075,0.23408,0.23034,0.23346,82492471.0,19223494.45418
2025-10-01 08:00:00,0.23345,0.24484,0.2333,0.24281,444925047.0,107467936.07196
2025-10-01 12:00:00,0.24282,0.24623,0.24198,0.24533,267228817.0,65199161.71097
2025-10-01 16:00:00,0.24534,0.2474,0.24325,0.2467,165316349.0,40562614.38558
2025-10-01 20:00:00,0.24671,0.24921,0.2448,0.24906,113566178.0,28023131.30783
2025-10-02 00:00:00,0.24906,0.25584,0.2467,0.25386,291381733.0,73341337.93311
2025-10-02 04:00:00,0.25385,0.25798,0.25228,0.25589,222052805.0,56634051.83239
2025-10-02 08:00:00,0.2559,0.2597,0.2554,0.25603,154437817.0,39787039.88488
2025-10-02 12:00:00,0.25604,0.25722,0.25046,0.25495,296139364.0,75165479.48985
2025-10-02 16:00:00,0.25496,0.2608,0.25421,0.25908,243888244.0,62781716.10724
2025-10-02 20:00:00,0.25909,0.26414,0.25834,0.262,178692830.0,46627448.04712
2025-10-03 00:00:00,0.26201,0.26225,0.25659,0.25926,231674386.0,60060390.7218
2025-10-03 04:00:00,0.25925,0.26146,0.25416,0.25538,192842738.0,49598343.00643
2025-10-03 08:00:00,0.25539,0.25738,0.25361,0.25574,125133222.0,32011582.7401
2025-10-03 12:00:00,0.25575,0.26107,0.25274,0.26066,268100756.0,68833355.95384
2025-10-03 16:00:00,0.26065,0.26534,0.25505,0.25926,463358544.0,120363485.97931
2025-10-03 20:00:00,0.25926,0.26053,0.25796,0.25819,100441669.0,26028316.80671
2025-10-04 00:00:00,0.25819,0.25979,0.25149,0.25322,267374926.0,68125131.63317
2025-10-04 04:00:00,0.25322,0.25571,0.25233,0.25401,127275434.0,32329461.84716
2025-10-04 08:00:00,0.254,0.2543,0.24853,0.24952,185121140.0,46453082.53702
2025-10-04 12:00:00,0.24952,0.25268,0.24727,0.24773,167713331.0,41883856.63054
2025-10-04 16:00:00,0.24774,0.24956,0.2467,0.24945,83699040.0,20786902.47771
2025-10-04 20:00:00,0.24946,0.25126,0.24929,0.25084,54340338.0,13594311.4003
2025-10-05 00:00:00,0.25085,0.25966,0.24953,0.25833,259699393.0,66246156.20761
2025-10-05 04:00:00,0.25833,0.26422,0.25696,0.26399,334782184.0,87607592.99879
2025-10-05 08:00:00,0.26398,0.26518,0.25744,0.25873,369836808.0,96589770.83989
2025-10-05 12:00:00,0.25873,0.25877,0.25449,0.25636,182093995.0,46698457.34147
2025-10-05 16:00:00,0.25635,0.25793,0.25071,0.25146,220313684.0,56132259.7905
2025-10-05 20:00:00,0.25146,0.25391,0.25078,0.25284,87429328.0,22069147.88466
2025-10-06 00:00:00,0.25283,0.25533,0.25057,0.25389,171072302.0,43338887.12722
2025-10-06 04:00:00,0.25389,0.25843,0.25214,0.25507,140225909.0,35811488.37738
2025-10-06 08:00:00,0.25508,0.26191,0.25508,0.25989,200932107.0,51959703.74404
2025-10-06 12:00:00,0.25989,0.26837,0.25928,0.26688,468692090.0,123589924.01046
2025-10-06 16:00:00,0.26688,0.27044,0.26333,0.26842,354593883.0,94785406.51574
2025-10-06 20:00:00,0.26843,0.26978,0.26549,0.26603,181993960.0,48736125.85221
2025-10-07 00:00:00,0.26604,0.26819,0.26416,0.26655,182804685.0,48616831.13421
2025-10-07 04:00:00,0.26656,0.26831,0.25944,0.26033,237577377.0,62562989.56796
2025-10-07 08:00:00,0.26033,0.26221,0.25747,0.26169,238682628.0,62081483.16739
2025-10-07 12:00:00,0.26168,0.26548,0.25026,0.2515,603168442.0,154848740.47911
2025-10-07 16:00:00,0.2515,0.2538,0.24791,0.24928,386150148.0,96654919.71976
2025-10-07 20:00:00,0.24929,0.25214,0.24622,0.24682,190024482.0,47393154.2181
2025-10-08 00:00:00,0.24681,0.25061,0.24384,0.24473,229794819.0,56843079.29197
2025-10-08 04:00:00,0.24474,0.2471,0.24291,0.24663,179326798.0,44024991.03016
2025-10-08 08:00:00,0.24664,0.25065,0.24659,0.24929,153857968.0,38268170.47669
2025-10-08 12:00:00,0.2493,0.25678,0.24885,0.25323,305017232.0,77167904.61177
2025-10-08 16:00:00,0.25323,0.2611,0.25265,0.25929,289413528.0,74707774.9426
2025-10-08 20:00:00,0.25929,0.25994,0.25486,0.25564,119213167.0,30676158.81767
2025-10-09 00:00:00,0.25565,0.25593,0.2466,0.24914,241690744.0,60573142.65832
2025-10-09 04:00:00,0.24913,0.25096,0.24649,0.24731,172321532.0,42911395.42051
2025-10-09 08:00:00,0.24732,0.24806,0.24305,0.24756,363437031.0,89085166.27074
2025-10-09 12:00:00,0.24756,0.25071,0.24228,0.24475,334375182.0,82350099.04666
2025-10-09 16:00:00,0.24475,0.24717,0.24099,0.24655,199565221.0,48791480.04542
2025-10-09 20:00:00,0.24655,0.25037,0.24586,0.24849,104012703.0,25817775.38225
2025-10-10 00:00:00,0.2485,0.25347,0.24717,0.25128,196196760.0,49062791.10998
2025-10-10 04:00:00,0.25128,0.25296,0.24683,0.24731,218931642.0,54736258.63555
2025-10-10 08:00:00,0.24732,0.25118,0.24666,0.25075,128378530.0,32021477.25747
2025-10-10 12:00:00,0.25076,0.25403,0.23602,0.23788,645188738.0,157369860.7545
2025-10-10 16:00:00,0.23787,0.23968,0.23014,0.23183,508647954.0,119525458.11929
2025-10-10 20:00:00,0.23183,0.23455,0.095,0.19349,4333207373.0,806423481.60207
2025-10-11 00:00:00,0.19348,0.20048,0.18627,0.19328,1496315721.0,289829122.107
2025-10-11 04:00:00,0.19328,0.1971,0.1881,0.1912,1239574373.0,238988749.91781
2025-10-11 08:00:00,0.1912,0.19776,0.1904,0.19392,662493842.0,128751356.3687
2025-10-11 12:00:00,0.19392,0.19446,0.18584,0.19204,598996354.0,114263727.95021
2025-10-11 16:00:00,0.19203,0.19419,0.18286,0.18444,415432832.0,78645506.26464
2025-10-11 20:00:00,0.18443,0.18622,0.17816,0.18527,547965957.0,100140042.75338
2025-10-12 00:00:00,0.18527,0.18675,0.18072,0.18523,342144542.0,62823898.3097
2025-10-12 04:00:00,0.18523,0.19118,0.1848,0.18984,263521054.0,49769668.97297
2025-10-12 08:00:00,0.18983,0.19075,0.18695,0.18876,210115438.0,39740347.48724
2025-10-12 12:00:00,0.18876,0.20676,0.18624,0.20514,1039397229.0,205365777.45847
2025-10-12 16:00:00,0.20514,0.21053,0.20397,0.21019,777308115.0,161128761.9098
2025-10-12 20:00:00,0.2102,0.21421,0.20445,0.20717,658003781.0,137692229.97186
2025-10-13 00:00:00,0.20717,0.20999,0.20465,0.20723,348611559.0,72204250.02864
2025-10-13 04:00:00,0.20724,0.21279,0.20634,0.20991,378848300.0,79465044.39285
2025-10-13 08:00:00,0.20991,0.21277,0.20188,0.20574,489181337.0,101788793.35866
2025-10-13 12:00:00,0.20574,0.21313,0.20422,0.21017,788133371.0,164380887.17254
2025-10-13 16:00:00,0.21017,0.21714,0.20837,0.216,478755389.0,101950377.29455
2025-10-13 20:00:00,0.216,0.2183,0.21353,0.2138,162333011.0,35051377.89667
2025-10-14 00:00:00,0.2138,0.21565,0.2066,0.20781,312867565.0,65840567.81499
2025-10-14 04:00:00,0.2078,0.20834,0.19486,0.19786,864695982.0,173740936.93516
2025-10-14 08:00:00,0.19787,0.20153,0.19436,0.19905,433255336.0,85886353.242
2025-10-14 12:00:00,0.19906,0.20388,0.1933,0.2035,535668064.0,106331047.71738
2025-10-14 16:00:00,0.2035,0.2071,0.19991,0.20309,504005536.0,102657675.3573
2025-10-14 20:00:00,0.20309,0.20518,0.20198,0.20437,131083264.0,26701353.48173
2025-10-15 00:00:00,0.20436,0.20682,0.2015,0.2025,193483486.0,39456622.66827
2025-10-15 04:00:00,0.20251,0.20509,0.20168,0.20471,125328943.0,25514675.51137
2025-10-15 08:00:00,0.2047,0.20853,0.20069,0.2022,238434456.0,48722230.12609
2025-10-15 12:00:00,0.20219,0.20328,0.197,0.19867,415940502.0,83314427.05874
2025-10-15 16:00:00,0.19868,0.20021,0.19623,0.1972,204984220.0,40609559.75761
2025-10-15 20:00:00,0.1972,0.19886,0.1942,0.19621,178131741.0,34932864.2669
2025-10-16 00:00:00,0.19621,0.1991,0.1954,0.19644,147125019.0,28998936.76613
2025-10-16 04:00:00,0.19643,0.20077,0.19501,0.19744,247217466.0,48897246.30197
2025-10-16 08:00:00,0.19743,0.20062,0.19015,0.20034,350543573.0,68628410.26332
2025-10-16 12:00:00,0.20034,0.2015,0.18784,0.18942,449175383.0,87708790.97984
2025-10-16 16:00:00,0.18942,0.19484,0.18572,0.18778,487012526.0,92539533.70672
2025-10-16 20:00:00,0.18777,0.18894,0.18469,0.1885,222848998.0,41602791.40539
2025-10-17 00:00:00,0.1885,0.19114,0.18791,0.19034,146909333.0,27850232.17428
2025-10-17 04:00:00,0.19033,0.1905,0.17831,0.17858,443735535.0,81134169.20798
2025-10-17 08:00:00,0.17859,0.184,0.17555,0.18273,612703503.0,109571866.17791
2025-10-17 12:00:00,0.18272,0.18494,0.17968,0.18488,310090956.0,56641460.01169
2025-10-17 16:00:00,0.18488,0.18726,0.18332,0.18443,196029015.0,36286610.88012
2025-10-17 20:00:00,0.18444,0.18776,0.18399,0.1847,91522619.0,17036193.91145
2025-10-18 00:00:00,0.18471,0.18854,0.18426,0.18692,120601625.0,22498626.61769
2025-10-18 04:00:00,0.18692,0.18988,0.18505,0.18787,134814134.0,25298431.32347
2025-10-18 08:00:00,0.18788,0.18843,0.1866,0.18801,96360494.0,18065860.31986
2025-10-18 12:00:00,0.18801,0.18881,0.18586,0.18762,92140878.0,17248936.10283
2025-10-18 16:00:00,0.18762,0.19057,0.18598,0.1894,97056629.0,18300867.33065
2025-10-18 20:00:00,0.1894,0.19024,0.18824,0.18962,45526786.0,8617936.63146
2025-10-19 00:00:00,0.18961,0.19078,0.18777,0.19059,69157834.0,13056579.98019
2025-10-19 04:00:00,0.19059,0.19118,0.18818,0.18879,68455209.0,12982669.76088
2025-10-19 08:00:00,0.18879,0.1968,0.186,0.19329,487284147.0,93023064.07094
2025-10-19 12:00:00,0.1933,0.19807,0.19259,0.19651,211398249.0,41450465.90669
2025-10-19 16:00:00,0.19651,0.19861,0.19545,0.19679,111830264.0,22048797.44062
2025-10-19 20:00:00,0.19678,0.1976,0.1948,0.19535,96195495.0,18893440.23849
2025-10-20 00:00:00,0.19534,0.19999,0.19168,0.19919,234756884.0,45857434.04673
2025-10-20 04:00:00,0.1992,0.20249,0.1992,0.20125,244270278.0,49054701.12036
2025-10-20 08:00:00,0.20124,0.20246,0.19954,0.20029,158865557.0,31877331.65218
2025-10-20 12:00:00,0.20028,0.20196,0.19924,0.19929,215232498.0,43178082.52918
2025-10-20 16:00:00,0.19929,0.20036,0.19582,0.19963,219494765.0,43473319.13578
2025-10-20 20:00:00,0.19964,0.20075,0.19839,0.2,68199024.0,13617699.79145
2025-10-21 00:00:00,0.2,0.20072,0.19587,0.1966,130104705.0,25735755.33639
2025-10-21 04:00:00,0.19659,0.19661,0.19283,0.19427,214282471.0,41569367.63167
2025-10-21 08:00:00,0.19428,0.19541,0.19201,0.19453,136153146.0,26404299.02168
2025-10-21 12:00:00,0.19453,0.20563,0.19372,0.2044,426625452.0,85487383.90982
2025-10-21 16:00:00,0.2044,0.205,0.1991,0.20147,292219493.0,59046719.51023
2025-10-21 20:00:00,0.20148,0.20177,0.19362,0.19427,257056131.0,50715292.82371
2025-10-22 00:00:00,0.19427,0.19544,0.19251,0.19381,140687114.0,27283660.16682
2025-10-22 04:00:00,0.1938,0.19525,0.18958,0.19194,228825504.0,43866996.23806
2025-10-22 08:00:00,0.19193,0.19199,0.18663,0.191,196245475.0,37293001.37421
2025-10-22 12:00:00,0.191,0.19339,0.18814,0.19213,334262565.0,63815385.61488
2025-10-22 16:00:00,0.19213,0.19314,0.18862,0.19048,190131892.0,36346475.61735
2025-10-22 20:00:00,0.19048,0.19104,0.18467,0.18993,245690815.0,46183844.77793
2025-10-23 00:00:00,0.18993,0.19176,0.18959,0.19107,81089051.0,15476044.39022
2025-10-23 04:00:00,0.19107,0.19498,0.1908,0.194,158281147.0,30576110.98029
2025-10-23 08:00:00,0.19401,0.19598,0.19316,0.19331,268494841.0,52235494.09192
2025-10-23 12:00:00,0.19331,0.19616,0.19148,0.19553,195319645.0,37901740.9498
2025-10-23 16:00:00,0.19553,0.19745,0.19483,0.19585,131763350.0,25840509.51564
2025-10-23 20:00:00,0.19585,0.19588,0.19245,0.19493,105176478.0,20437533.09324
2025-10-24 00:00:00,0.19492,0.19594,0.19434,0.19532,83896317.0,16378863.40064
2025-10-24 04:00:00,0.19532,0.19849,0.19502,0.19673,145998502.0,28823337.65434
2025-10-24 08:00:00,0.19674,0.19794,0.19538,0.19735,75367455.0,14840301.16226
2025-10-24 12:00:00,0.19735,0.20095,0.19391,0.19493,325057567.0,64009575.73559
2025-10-24 16:00:00,0.19492,0.19709,0.1941,0.19674,77039703.0,15079470.03935
2025-10-24 20:00:00,0.19674,0.1985,0.19664,0.19775,55619296.0,10991218.37629
2025-10-25 00:00:00,0.19774,0.19985,0.19737,0.19782,298563505.0,59207010.95158
2025-10-25 04:00:00,0.19783,0.1994,0.19768,0.19797,106266401.0,21104122.4446
2025-10-25 08:00:00,0.19797,0.19885,0.19674,0.19752,62650498.0,12394127.86918
2025-10-25 12:00:00,0.19752,0.1985,0.19595,0.19622,105491467.0,20791520.81833
2025-10-25 16:00:00,0.19622,0.19816,0.19607,0.19735,61994435.0,12207732.60501
2025-10-25 20:00:00,0.19736,0.19761,0.19628,0.19652,45327710.0,8923807.81251
2025-10-26 00:00:00,0.19651,0.19703,0.19465,0.195,79958410.0,15649045.04202
2025-10-26 04:00:00,0.195,0.1967,0.19488,0.19669,48462121.0,9491870.01971
2025-10-26 08:00:00,0.19669,0.20246,0.19645,0.20183,207102575.0,41343380.14569
2025-10-26 12:00:00,0.20183,0.20389,0.20135,0.20307,246708419.0,49970077.37607
2025-10-26 16:00:00,0.20308,0.20318,0.20155,0.20186,100478214.0,20327660.16155
2025-10-26 20:00:00,0.20186,0.20742,0.20031,0.20577,226913169.0,46366312.24331
2025-10-27 00:00:00,0.20577,0.20953,0.20527,0.20686,216609455.0,45001374.98044
2025-10-27 04:00:00,0.20687,0.20892,0.20517,0.20629,152862525.0,31691976.51579
2025-10-27 08:00:00,0.20629,0.2065,0.20158,0.20336,245077003.0,49927984.13187
2025-10-27 12:00:00,0.20336,0.20381,0.20053,0.203,142593180.0,28867377.63443
2025-10-27 16:00:00,0.20299,0.20569,0.20295,0.20314,130169905.0,26608127.30315
2025-10-27 20:00:00,0.20315,0.20315,0.19887,0.20038,122985314.0,24754212.43802
2025-10-28 00:00:00,0.20038,0.20159,0.19828,0.19971,144410547.0,28870220.52081
2025-10-28 04:00:00,0.1997,0.20206,0.19815,0.20034,101362097.0,20261166.75013
2025-10-28 08:00:00,0.20034,0.20119,0.1995,0.19977,94970365.0,19019291.82977
2025-10-28 12:00:00,0.19977,0.20311,0.19617,0.19972,263228938.0,52633078.35478
2025-10-28 16:00:00,0.19973,0.2025,0.19617,0.19679,146468901.0,29306438.10764
2025-10-28 20:00:00,0.19679,0.19687,0.19006,0.19362,378175403.0,73063673.15492
2025-10-29 00:00:00,0.19362,0.19475,0.19263,0.193,78887228.0,15268845.84149
2025-10-29 04:00:00,0.193,0.19486,0.19292,0.19435,87532163.0,16978427.2456
2025-10-29 08:00:00,0.19436,0.19567,0.19261,0.19542,87694325.0,17007315.70728
2025-10-29 12:00:00,0.19541,0.19728,0.19029,0.19114,232281046.0,45037220.00904
2025-10-29 16:00:00,0.19114,0.197,0.1871,0.19404,538225174.0,103374582.07683
2025-10-29 20:00:00,0.19404,0.19691,0.19147,0.19237,252123818.0,49058138.06344
2025-10-30 00:00:00,0.19237,0.1946,0.19098,0.19372,124311066.0,23992985.43975
2025-10-30 04:00:00,0.19372,0.19373,0.1858,0.19264,348430798.0,65882258.19865
2025-10-30 08:00:00,0.19264,0.19266,0.18784,0.18795,125179556.0,23768696.74778
2025-10-30 12:00:00,0.18796,0.18833,0.17989,0.18067,480334565.0,87971469.38333
2025-10-30 16:00:00,0.18067,0.18211,0.17645,0.17694,336912407.0,60444900.81689
2025-10-30 20:00:00,0.17693,0.18287,0.17642,0.18268,242293673.0,43578054.3385
2025-10-31 00:00:00,0.18268,0.18585,0.18228,0.18453,133435939.0,24594804.94176
2025-10-31 04:00:00,0.18453,0.18608,0.18399,0.18451,97696282.0,18080010.31205
2025-10-31 08:00:00,0.1845,0.18734,0.18368,0.18674,81480506.0,15103842.83018
2025-10-31 12:00:00,0.18673,0.18735,0.18458,0.186,164721442.0,30657137.40391
2025-10-31 16:00:00,0.18599,0.18816,0.18275,0.18748,157217223.0,29095735.51592
2025-10-31 20:00:00,0.18748,0.1876,0.18538,0.18644,59012948.0,11000040.3999
2025-11-01 00:00:00,0.18644,0.18717,0.18512,0.18698,69501380.0,12945623.68747
2025-11-01 04:00:00,0.18699,0.18723,0.18556,0.18709,62731023.0,11703590.07001
2025-11-01 08:00:00,0.18709,0.188,0.1867,0.18705,59874629.0,11207040.34778
2025-11-01 12:00:00,0.18704,0.18773,0.18544,0.18734,95554593.0,17819093.73614
2025-11-01 16:00:00,0.18734,0.18789,0.18662,0.18738,49403449.0,9246967.73667
2025-11-01 20:00:00,0.18739,0.18837,0.18616,0.18736,44239549.0,8287344.38409
2025-11-02 00:00:00,0.18736,0.18738,0.18588,0.1862,33204523.0,6190929.7161
2025-11-02 04:00:00,0.18619,0.18884,0.18601,0.18822,56616465.0,10615467.6361
2025-11-02 08:00:00,0.18822,0.1884,0.18484,0.18698,89501544.0,16676769.66238
2025-11-02 12:00:00,0.18697,0.18704,0.18284,0.18345,99259962.0,18338807.53008
2025-11-02 16:00:00,0.18344,0.1843,0.18172,0.18326,76294589.0,13970608.43757
2025-11-02 20:00:00,0.18326,0.18677,0.18282,0.18638,67265851.0,12431843.84148
2025-11-03 00:00:00,0.18639,0.18666,0.17456,0.17514,289939862.0,51960776.75709
2025-11-03 04:00:00,0.17513,0.17672,0.17111,0.17355,360480182.0,62775634.10255
2025-11-03 08:00:00,0.17354,0.17534,0.1714,0.17424,183907635.0,31896312.31203
2025-11-03 12:00:00,0.17423,0.17581,0.16017,0.16701,846780590.0,142650841.23611
2025-11-03 16:00:00,0.16702,0.1717,0.16553,0.1681,318974548.0,53811530.96106
2025-11-03 20:00:00,0.1681,0.16845,0.16433,0.16741,233883450.0,38872632.50336
2025-11-04 00:00:00,0.16741,0.17095,0.16561,0.17041,262419208.0,44351464.10102
2025-11-04 04:00:00,0.17041,0.1711,0.16062,0.162,621674662.0,102402708.04188
2025-11-04 08:00:00,0.16201,0.16702,0.16091,0.16612,251140806.0,41355041.32188
2025-11-04 12:00:00,0.16613,0.16853,0.1608,0.16397,429590333.0,70731236.01608
2025-11-04 16:00:00,0.16398,0.16517,0.15419,0.15797,741253328.0,117806168.93771
2025-11-04 20:00:00,0.15797,0.16436,0.15159,0.16223,933467949.0,146393352.86856
2025-11-05 00:00:00,0.16224,0.16498,0.15456,0.16445,435937787.0,69989028.77856
2025-11-05 04:00:00,0.16444,0.16619,0.16363,0.16493,151122255.0,24911713.19821
2025-11-05 08:00:00,0.16492,0.16492,0.161,0.16387,208851284.0,34019690.07794
2025-11-05 12:00:00,0.16388,0.16736,0.163,0.16733,333087135.0,55110490.71936
2025-11-05 16:00:00,0.16734,0.16886,0.16573,0.16728,220737995.0,36954678.81713
2025-11-05 20:00:00,0.16728,0.16831,0.16604,0.16719,100913096.0,16880527.76551
2025-11-06 00:00:00,0.16718,0.1678,0.16434,0.16706,138151773.0,22966006.54939
2025-11-06 04:00:00,0.16707,0.16741,0.16275,0.16323,186903881.0,30695370.89472
2025-11-06 08:00:00,0.16323,0.16413,0.16216,0.16304,98285247.0,16040839.67175
2025-11-06 12:00:00,0.16304,0.16384,0.15853,0.15915,256418934.0,41315484.28204
2025-11-06 16:00:00,0.15915,0.16212,0.15693,0.16076,210193693.0,33573329.64881
2025-11-06 20:00:00,0.16077,0.16291,0.15954,0.16164,101065630.0,16291388.02639
2025-11-07 00:00:00,0.16164,0.16509,0.16095,0.16436,171583530.0,27971520.95759
2025-11-07 04:00:00,0.16435,0.16725,0.16366,0.16701,140669820.0,23292401.55399
2025-11-07 08:00:00,0.16701,0.16735,0.16215,0.16375,180721734.0,29729004.36963
2025-11-07 12:00:00,0.16374,0.17027,0.1596,0.16902,393499410.0,64776059.50565
2025-11-07 16:00:00,0.16902,0.18166,0.16834,0.18062,580604620.0,102551258.651
2025-11-07 20:00:00,0.18062,0.1816,0.17837,0.17877,145216547.0,26127567.10758
2025-11-08 00:00:00,0.17877,0.18332,0.17731,0.17978,353771200.0,63919520.20212
2025-11-08 04:00:00,0.17978,0.18227,0.17762,0.18021,228138108.0,40976745.29989
2025-11-08 08:00:00,0.18022,0.1822,0.17853,0.17912,190126114.0,34292881.1189
2025-11-08 12:00:00,0.17912,0.17963,0.17323,0.17397,271544960.0,47883957.04444
2025-11-08 16:00:00,0.17398,0.17599,0.173,0.17506,118002172.0,20599087.68265
2025-11-08 20:00:00,0.17506,0.17663,0.17456,0.17605,71277725.0,12524596.93129
2025-11-09 00:00:00,0.17605,0.17609,0.17123,0.17202,126220280.0,21911174.41136
2025-11-09 04:00:00,0.17202,0.17543,0.17189,0.1752,66880586.0,11626252.56651
2025-11-09 08:00:00,0.17519,0.17551,0.17243,0.17515,107891203.0,18803129.28207
2025-11-09 12:00:00,0.17514,0.17961,0.17478,0.17807,272923848.0,48369233.24491
2025-11-09 16:00:00,0.17807,0.18015,0.17654,0.18013,123436130.0,21991401.92425
2025-11-09 20:00:00,0.18013,0.18158,0.17846,0.1793,127328886.0,22882286.05425
2025-11-10 00:00:00,0.1793,0.18376,0.17806,0.18167,239372813.0,43397538.33456
2025-11-10 04:00:00,0.18166,0.18201,0.18011,0.18134,126937528.0,22982942.25039
2025-11-10 08:00:00,0.18133,0.18575,0.17963,0.18304,200072069.0,36584666.57473
2025-11-10 12:00:00,0.18304,0.184,0.17774,0.17921,287928313.0,51977646.82355
2025-11-10 16:00:00,0.17921,0.18117,0.17722,0.17992,151227826.0,27106752.43007
2025-11-10 20:00:00,0.17992,0.18418,0.17824,0.18179,117656485.0,21276596.27471
2025-11-11 00:00:00,0.18178,0.1864,0.17933,0.18281,316707621.0,57819497.06277
2025-11-11 04:00:00,0.18281,0.18337,0.17625,0.17639,226275914.0,40492465.93818
2025-11-11 08:00:00,0.17639,0.17881,0.17618,0.17767,104983292.0,18641037.77317
2025-11-11 12:00:00,0.17766,0.17886,0.17527,0.17617,241703035.0,42779305.01981
2025-11-11 16:00:00,0.17616,0.17713,0.17344,0.17435,151642425.0,26621476.2657
2025-11-11 20:00:00,0.17435,0.17461,0.17154,0.17206,152878835.0,26439693.96689
2025-11-12 00:00:00,0.17207,0.17309,0.17094,0.17161,110820371.0,19085033.39285
2025-11-12 04:00:00,0.17161,0.17298,0.17109,0.17144,87335277.0,15016209.23955
2025-11-12 08:00:00,0.17144,0.17713,0.17144,0.17622,183960928.0,32183797.39854
2025-11-12 12:00:00,0.17623,0.17855,0.1708,0.17136,252858907.0,44288406.69041
2025-11-12 16:00:00,0.17136,0.17181,0.16721,0.16902,277886811.0,47046990.47662
2025-11-12 20:00:00,0.16902,0.17144,0.16853,0.17018,61998475.0,10552706.10422
2025-11-13 00:00:00,0.17018,0.17564,0.16922,0.17405,192939234.0,33228115.30471
2025-11-13 04:00:00,0.17406,0.17709,0.17325,0.17574,209327358.0,36686010.26861
2025-11-13 08:00:00,0.17573,0.17687,0.17421,0.17586,127598371.0,22379085.75118
2025-11-13 12:00:00,0.17586,0.17766,0.17213,0.17273,264089956.0,46140313.30769
2025-11-13 16:00:00,0.17273,0.17323,0.1602,0.16127,480656231.0,79768275.22013
2025-11-13 20:00:00,0.16127,0.16535,0.16,0.16384,294034391.0,47761701.94356
2025-11-14 00:00:00,0.16383,0.16568,0.16257,0.16408,222390853.0,36452145.13783
2025-11-14 04:00:00,0.16408,0.16628,0.1591,0.1651,422733612.0,68824955.21152
2025-11-14 08:00:00,0.1651,0.1653,0.16072,0.16206,207860947.0,33832624.68758
2025-11-14 12:00:00,0.16207,0.1647,0.15767,0.16287,541132015.0,87004399.22912
2025-11-14 16:00:00,0.16288,0.16477,0.1609,0.16331,219807671.0,35796086.79821
2025-11-14 20:00:00,0.16331,0.1634,0.15472,0.15765,224313480.0,35512815.97607
2025-11-15 00:00:00,0.15765,0.16307,0.15721,0.16288,167305994.0,26903620.72998
2025-11-15 04:00:00,0.16289,0.1642,0.16225,0.16305,116917734.0,19061275.51818
2025-11-15 08:00:00,0.16305,0.16313,0.16077,0.16183,115500342.0,18691797.71839
2025-11-15 12:00:00,0.16182,0.1641,0.16159,0.16311,115571281.0,18860224.26753
2025-11-15 16:00:00,0.16311,0.16482,0.16209,0.16374,90860649.0,14854479.06477
2025-11-15 20:00:00,0.16375,0.164,0.16189,0.16316,67706028.0,11039539.9923
2025-11-16 00:00:00,0.16316,0.16445,0.15998,0.16387,157720442.0,25561868.78609
2025-11-16 04:00:00,0.16387,0.1643,0.16271,0.16407,44884800.0,7341606.99263
2025-11-16 08:00:00,0.16408,0.16563,0.161,0.1614,141798702.0,23187706.43103
2025-11-16 12:00:00,0.1614,0.1623,0.15831,0.15859,147370036.0,23660617.12526
2025-11-16 16:00:00,0.15859,0.15957,0.1536,0.1559,313484189.0,48983531.54216
2025-11-16 20:00:00,0.15589,0.15968,0.15501,0.15857,227374770.0,35710947.92784
2025-11-17 00:00:00,0.15856,0.16166,0.157,0.16149,243194371.0,38799526.06066
2025-11-17 04:00:00,0.1615,0.16239,0.16069,0.16185,93120377.0,15037296.72564
2025-11-17 08:00:00,0.16186,0.16303,0.16114,0.16217,75435961.0,12229201.5946
2025-11-17 12:00:00,0.16216,0.1651,0.15758,0.15843,484867026.0,78211622.19225
2025-11-17 16:00:00,0.15844,0.16082,0.15183,0.15229,433571526.0,67381180.84118
2025-11-17 20:00:00,0.15229,0.15342,0.15066,0.15214,278157493.0,42291365.10005
2025-11-18 00:00:00,0.15214,0.15479,0.14943,0.15458,415670027.0,63243674.58806
2025-11-18 04:00:00,0.15459,0.15623,0.1522,0.15508,270338577.0,41730446.65994
2025-11-18 08:00:00,0.15508,0.15786,0.15503,0.15698,172731309.0,27087938.69799
2025-11-18 12:00:00,0.15698,0.16055,0.15584,0.15921,292871056.0,46232848.99009
2025-11-18 16:00:00,0.15922,0.16294,0.1587,0.16223,192736059.0,31002424.60279
2025-11-18 20:00:00,0.16224,0.16269,0.16052,0.16173,109519605.0,17713859.92654
2025-11-19 00:00:00,0.16172,0.1625,0.15924,0.15955,114769857.0,18454520.51327
2025-11-19 04:00:00,0.15954,0.16015,0.15536,0.15894,254405763.0,40131607.26705
2025-11-19 08:00:00,0.15894,0.15946,0.15726,0.15816,124268183.0,19688089.52202
2025-11-19 12:00:00,0.15817,0.15973,0.1542,0.15451,236524943.0,37171000.96696
2025-11-19 16:00:00,0.1545,0.15536,0.14712,0.14881,430712030.0,64538593.22618
2025-11-19 20:00:00,0.14881,0.15515,0.148,0.1546,250614927.0,38147857.25003
2025-11-20 00:00:00,0.15459,0.15833,0.15375,0.15767,147378090.0,23048328.16621
2025-11-20 04:00:00,0.15767,0.15882,0.15638,0.15822,154428379.0,24328067.47315
2025-11-20 08:00:00,0.15822,0.15842,0.15644,0.158,124397587.0,19590825.79021
2025-11-20 12:00:00,0.158,0.15972,0.15625,0.15739,302277308.0,47821308.55169
2025-11-20 16:00:00,0.15739,0.15761,0.14623,0.14965,656216472.0,98607805.38056
2025-11-20 20:00:00,0.14965,0.15317,0.14822,0.14892,215676846.0,32510909.51721
2025-11-21 00:00:00,0.14892,0.15109,0.14504,0.14691,246770604.0,36565782.32972
2025-11-21 04:00:00,0.14691,0.14824,0.13441,0.14035,706800679.0,99938052.77418
2025-11-21 08:00:00,0.14035,0.14234,0.13638,0.13677,542015894.0,75316798.60073
2025-11-21 12:00:00,0.13677,0.14209,0.13321,0.13799,728451649.0,100606514.2506
2025-11-21 16:00:00,0.13798,0.1435,0.13575,0.13995,381903081.0,53394182.6557
2025-11-21 20:00:00,0.13995,0.14167,0.13574,0.14029,229500358.0,31935486.22858
2025-11-22 00:00:00,0.14029,0.14148,0.13852,0.1393,146349293.0,20481737.13209
2025-11-22 04:00:00,0.13929,0.14016,0.13565,0.13969,218945183.0,30110930.52829
2025-11-22 08:00:00,0.13969,0.14011,0.13549,0.13819,243182201.0,33436704.42544
2025-11-22 12:00:00,0.13818,0.13952,0.13563,0.13816,195869208.0,26973567.90359
2025-11-22 16:00:00,0.13816,0.14018,0.13811,0.13947,90280711.0,12569796.81987
2025-11-22 20:00:00,0.13947,0.1424,0.13874,0.14027,83517440.0,11715374.67963
2025-11-23 00:00:00,0.14027,0.14345,0.13966,0.14289,179691433.0,25545174.68214
2025-11-23 04:00:00,0.14289,0.1447,0.14196,0.1429,179426898.0,25718257.9036
2025-11-23 08:00:00,0.1429,0.14432,0.14284,0.14382,67930627.0,9750817.06298
2025-11-23 12:00:00,0.14382,0.14775,0.14367,0.14724,187601089.0,27264527.86892
2025-11-23 16:00:00,0.14724,0.14767,0.14463,0.14658,106077373.0,15503036.17363
2025-11-23 20:00:00,0.14659,0.14757,0.1443,0.145,125795485.0,18351294.34076
2025-11-24 00:00:00,0.145,0.1493,0.14355,0.14732,279928250.0,41076041.59112
2025-11-24 04:00:00,0.14732,0.1489,0.14453,0.14623,146504828.0,21482604.28048
2025-11-24 08:00:00,0.14623,0.147,0.14395,0.14551,100817181.0,14653414.52127
2025-11-24 12:00:00,0.1455,0.14763,0.14279,0.14681,224680566.0,32688915.85586
2025-11-24 16:00:00,0.14682,0.15331,0.14673,0.15248,253634592.0,38186441.05617
2025-11-24 20:00:00,0.15249,0.15397,0.15172,0.15181,128086957.0,19565883.31992
2025-11-25 00:00:00,0.1518,0.1523,0.15023,0.15119,113058835.0,17120218.39097
2025-11-25 04:00:00,0.15118,0.15201,0.14915,0.14927,78740035.0,11870621.8848
2025-11-25 08:00:00,0.14927,0.14974,0.14752,0.14863,91082996.0,13538044.59813
2025-11-25 12:00:00,0.14864,0.15013,0.14585,0.14798,271901046.0,40307638.55637
2025-11-25 16:00:00,0.14798,0.15222,0.14793,0.15107,178586836.0,26828912.47181
2025-11-25 20:00:00,0.15108,0.15504,0.15083,0.15301,202771953.0,31035016.87121
2025-11-26 00:00:00,0.15301,0.15404,0.15033,0.15057,117475635.0,17912618.86471
2025-11-26 04:00:00,0.15058,0.15246,0.15001,0.1524,77197352.0,11667307.58155
2025-11-26 08:00:00,0.1524,0.15241,0.14965,0.14989,85327269.0,12849568.55844
2025-11-26 12:00:00,0.14988,0.152,0.14862,0.1507,218006409.0,32803131.9608
2025-11-26 16:00:00,0.1507,0.15681,0.15069,0.15589,237079618.0,36652786.75182
2025-11-26 20:00:00,0.15588,0.15633,0.15428,0.15474,123699703.0,19202300.04929
2025-11-27 00:00:00,0.15473,0.15559,0.15375,0.15392,101672136.0,15726560.16546
2025-11-27 04:00:00,0.15391,0.15486,0.15373,0.15425,68136790.0,10509507.79975
2025-11-27 08:00:00,0.15425,0.15457,0.15238,0.15286,68414015.0,10496195.69048
2025-11-27 12:00:00,0.15286,0.15406,0.1521,0.15399,92225445.0,14091590.63534
2025-11-27 16:00:00,0.15399,0.15442,0.15265,0.15396,64605531.0,9913983.68856
2025-11-27 20:00:00,0.15396,0.1548,0.15225,0.15264,47538123.0,7303020.22642
2025-11-28 00:00:00,0.15264,0.15292,0.14966,0.15098,106887732.0,16132851.35581
2025-11-28 04:00:00,0.15098,0.15122,0.14961,0.14984,87172534.0,13111930.61361
2025-11-28 08:00:00,0.14984,0.15354,0.14975,0.15043,110818053.0,16799807.05191
2025-11-28 12:00:00,0.15043,0.15554,0.15019,0.15375,200743487.0,30605969.31981
2025-11-28 16:00:00,0.15376,0.15379,0.14825,0.151,142428265.0,21400426.14351
2025-11-28 20:00:00,0.151,0.15134,0.14952,0.15017,60096230.0,9044817.56403
2025-11-29 00:00:00,0.15016,0.15095,0.14948,0.14989,48257018.0,7243110.04658
2025-11-29 04:00:00,0.14989,0.15072,0.14853,0.14904,61966251.0,9262826.95378
2025-11-29 08:00:00,0.14904,0.14959,0.14843,0.1495,30123590.0,4494181.83372
2025-11-29 12:00:00,0.1495,0.15005,0.14833,0.14948,43884779.0,6544300.57966
2025-11-29 16:00:00,0.14948,0.14952,0.14725,0.14822,69412792.0,10284263.38963
2025-11-29 20:00:00,0.14822,0.149,0.14782,0.14837,47861676.0,7096996.78077
2025-11-30 00:00:00,0.14837,0.14955,0.14796,0.14936,37855803.0,5632810.5099
2025-11-30 04:00:00,0.14937,0.14949,0.14839,0.14925,40809980.0,6080548.1867
2025-11-30 08:00:00,0.14924,0.14988,0.14862,0.14882,43597901.0,6506420.88564
2025-11-30 12:00:00,0.14882,0.15059,0.14854,0.14937,93494777.0,13997216.44613
2025-11-30 16:00:00,0.14937,0.15055,0.14926,0.14976,54259278.0,8132797.73346
2025-11-30 20:00:00,0.14975,0.15043,0.14588,0.14599,89160606.0,13198897.95918
2025-12-01 00:00:00,0.14599,0.14637,0.13694,0.13717,443551413.0,62472771.99153
2025-12-01 04:00:00,0.13717,0.13778,0.13655,0.13774,128924447.0,17686133.74163
2025-12-01 08:00:00,0.13774,0.13848,0.13662,0.13706,79279643.0,10892184.37287
2025-12-01 12:00:00,0.13705,0.13712,0.13177,0.13385,300902997.0,40555130.33941
2025-12-01 16:00:00,0.13385,0.13393,0.13211,0.13328,133412856.0,17744674.57325
2025-12-01 20:00:00,0.13327,0.13663,0.13324,0.13547,108580595.0,14639946.12986
2025-12-02 00:00:00,0.13546,0.13732,0.13493,0.13635,58818289.0,7996876.12301
2025-12-02 04:00:00,0.13634,0.13676,0.13542,0.13562,39940893.0,5429685.7469
2025-12-02 08:00:00,0.13561,0.1373,0.13443,0.13699,74922213.0,10170656.39418
2025-12-02 12:00:00,0.137,0.14783,0.1368,0.14632,356075105.0,50638576.70079
2025-12-02 16:00:00,0.14632,0.14732,0.14489,0.14603,176860041.0,25837450.82075
2025-12-02 20:00:00,0.14603,0.14733,0.14473,0.14577,99119826.0,14464639.53203
2025-12-03 00:00:00,0.14578,0.14795,0.1452,0.14737,109315146.0,16054244.92337
2025-12-03 04:00:00,0.14737,0.15206,0.14721,0.1505,191242400.0,28688575.94587
2025-12-03 08:00:00,0.1505,0.15093,0.14914,0.15004,159978403.0,24003880.90476
2025-12-03 12:00:00,0.15003,0.15093,0.14651,0.14918,201046613.0,29915316.24056
2025-12-03 16:00:00,0.14918,0.15195,0.1484,0.15065,95867435.0,14429613.35662
2025-12-03 20:00:00,0.15065,0.1534,0.15014,0.15166,143201279.0,21746433.18884
2025-12-04 00:00:00,0.15167,0.1532,0.15068,0.15106,85282521.0,12941528.69326
2025-12-04 04:00:00,0.15107,0.15163,0.14923,0.14988,78257397.0,11753977.44938
2025-12-04 08:00:00,0.14988,0.15042,0.14908,0.14938,70240195.0,10518469.10763
2025-12-04 12:00:00,0.14938,0.15103,0.14781,0.15022,162447261.0,24256856.65702
2025-12-04 16:00:00,0.15022,0.15043,0.14557,0.14801,177773133.0,26340634.90103
2025-12-04 20:00:00,0.14801,0.14855,0.14715,0.14739,63362379.0,9371191.79703
2025-12-05 00:00:00,0.14739,0.14838,0.14718,0.14745,50132985.0,7408893.4238
2025-12-05 04:00:00,0.14745,0.14792,0.14619,0.14746,59822350.0,8790318.96303
2025-12-05 08:00:00,0.14746,0.14747,0.14364,0.14432,107581676.0,15596807.96655
2025-12-05 12:00:00,0.14432,0.14492,0.14182,0.14252,201475172.0,28873802.52519
2025-12-05 16:00:00,0.14251,0.14257,0.13722,0.13903,232231527.0,32274786.42444
2025-12-05 20:00:00,0.13902,0.13966,0.13803,0.13956,67969475.0,9430957.91845
2025-12-06 00:00:00,0.13956,0.14039,0.13895,0.13996,47597097.0,6650503.92042
2025-12-06 04:00:00,0.13996,0.14005,0.1388,0.13928,39489691.0,5504047.78892
2025-12-06 08:00:00,0.13928,0.13987,0.13836,0.13968,48439713.0,6744147.03581
2025-12-06 12:00:00,0.13968,0.14076,0.13902,0.13959,72879269.0,10189643.49841
2025-12-06 16:00:00,0.13959,0.14058,0.13907,0.13935,62112320.0,8684175.88087
2025-12-06 20:00:00,0.13935,0.1405,0.13906,0.13975,41926212.0,5858526.28373
2025-12-07 00:00:00,0.13976,0.14043,0.13957,0.14035,27895681.0,3906188.48596
2025-12-07 04:00:00,0.14035,0.1409,0.13934,0.13949,38175565.0,5352119.51226
2025-12-07 08:00:00,0.13949,0.13985,0.13844,0.1389,31825863.0,4424832.93731
2025-12-07 12:00:00,0.13891,0.1399,0.13486,0.13931,260011858.0,35580968.90617
2025-12-07 16:00:00,0.13931,0.14291,0.13818,0.1421,161142464.0,22685883.42026
2025-12-07 20:00:00,0.1421,0.14229,0.13584,0.13867,119298811.0,16498357.3837
2025-12-08 00:00:00,0.13868,0.14153,0.13799,0.14031,72242643.0,10099272.10657
2025-12-08 04:00:00,0.14031,0.14263,0.14025,0.14221,56752444.0,8031447.32491
2025-12-08 08:00:00,0.14221,0.14483,0.14195,0.14325,93384481.0,13412120.87416
2025-12-08 12:00:00,0.14324,0.14505,0.14189,0.14247,167734241.0,24042001.11329
2025-12-08 16:00:00,0.14248,0.14396,0.1412,0.14266,137854190.0,19663047.36516
2025-12-08 20:00:00,0.14267,0.14405,0.14191,0.14259,109600328.0,15640265.96004
2025-12-09 00:00:00,0.1426,0.14271,0.14026,0.1416,86990897.0,12279618.83407
2025-12-09 04:00:00,0.1416,0.14167,0.13942,0.1408,71299282.0,10004259.23147
2025-12-09 08:00:00,0.1408,0.14103,0.13961,0.14087,42331627.0,5941926.29459
2025-12-09 12:00:00,0.14087,0.14682,0.14049,0.1463,254730246.0,36500918.34127
2025-12-09 16:00:00,0.1463,0.15319,0.1463,0.1509,410616822.0,61890169.5226
2025-12-09 20:00:00,0.15089,0.15158,0.14683,0.14797,127075498.0,18950276.74472
2025-12-10 00:00:00,0.14796,0.14828,0.146,0.14742,83473264.0,12270828.44882
2025-12-10 04:00:00,0.14741,0.14784,0.14606,0.14671,44143034.0,6488129.27123
2025-12-10 08:00:00,0.1467,0.14814,0.14519,0.14587,88680555.0,12979092.06129
2025-12-10 12:00:00,0.14587,0.14674,0.14456,0.14516,75285402.0,10967058.03437
2025-12-10 16:00:00,0.14517,0.14933,0.14492,0.14752,210296995.0,30939187.69042
2025-12-10 20:00:00,0.14753,0.15031,0.14235,0.14332,268739776.0,39232923.86714
2025-12-11 00:00:00,0.14332,0.1436,0.13719,0.13808,217314784.0,30290759.95884
2025-12-11 04:00:00,0.13809,0.13908,0.13739,0.13811,134168407.0,18558350.05955
2025-12-11 08:00:00,0.1381,0.13845,0.13715,0.13801,74572721.0,10279584.84787
2025-12-11 12:00:00,0.138,0.13834,0.13658,0.13712,148525903.0,20429384.41371
2025-12-11 16:00:00,0.13712,0.13965,0.13623,0.1384,135086780.0,18617655.14076
2025-12-11 20:00:00,0.13839,0.14281,0.13835,0.14033,120328044.0,16946886.48196
2025-12-12 00:00:00,0.14034,0.14133,0.13871,0.14059,58430232.0,8198660.4742
2025-12-12 04:00:00,0.14058,0.14155,0.13976,0.14063,57540291.0,8092739.55109
2025-12-12 08:00:00,0.14062,0.14138,0.13992,0.1411,49236999.0,6926366.87572
2025-12-12 12:00:00,0.14109,0.1414,0.13503,0.13561,150408409.0,20822496.88553
2025-12-12 16:00:00,0.13561,0.13728,0.13428,0.1361,181081171.0,24579310.63488
2025-12-12 20:00:00,0.13609,0.13733,0.13547,0.13692,35599707.0,4858787.23167
2025-12-13 00:00:00,0.13692,0.1377,0.13691,0.13752,32030632.0,4399595.24708
2025-12-13 04:00:00,0.13752,0.13792,0.13713,0.13777,29949047.0,4117947.7778
2025-12-13 08:00:00,0.13777,0.13955,0.13777,0.13882,50273406.0,6974110.54044
2025-12-13 12:00:00,0.13881,0.14002,0.13854,0.1395,43841866.0,6107846.43687
2025-12-13 16:00:00,0.13949,0.13992,0.13867,0.13899,34417626.0,4789984.36695
2025-12-13 20:00:00,0.13899,0.13944,0.13789,0.13905,24889607.0,3452623.23686
2025-12-14 00:00:00,0.13906,0.13925,0.13858,0.13883,25820115.0,3586633.53615
2025-12-14 04:00:00,0.13883,0.13891,0.13753,0.13824,35753935.0,4938502.7699
2025-12-14 08:00:00,0.13825,0.13844,0.13573,0.13679,62409789.0,8557492.36753
2025-12-14 12:00:00,0.13679,0.13723,0.13494,0.13548,76094558.0,10348403.09568
2025-12-14 16:00:00,0.13547,0.13617,0.13332,0.13432,146419518.0,19684648.64969
2025-12-14 20:00:00,0.13432,0.13481,0.13261,0.13408,100482601.0,13446294.61561
2025-12-15 00:00:00,0.13407,0.13845,0.13404,0.13619,108484035.0,14781193.52389
2025-12-15 04:00:00,0.13619,0.13727,0.13601,0.13635,45839456.0,6261294.68521
2025-12-15 08:00:00,0.13635,0.13774,0.13614,0.13682,39265339.0,5377820.98463
2025-12-15 12:00:00,0.13682,0.13749,0.12977,0.13076,318103737.0,42204555.29226
2025-12-15 16:00:00,0.13076,0.13121,0.12661,0.12889,196584736.0,25346796.57357
2025-12-15 20:00:00,0.12888,0.12979,0.12752,0.12975,76127133.0,9788726.91484
2025-12-16 00:00:00,0.12975,0.13014,0.12834,0.12925,77253059.0,9986485.94571
2025-12-16 04:00:00,0.12925,0.1302,0.12716,0.12843,67005033.0,8636196.91422
2025-12-16 08:00:00,0.12843,0.13205,0.12837,0.13165,76780471.0,10031941.01191
2025-12-16 12:00:00,0.13166,0.13305,0.12888,0.13268,210557145.0,27628560.61103
2025-12-16 16:00:00,0.13269,0.133,0.13095,0.13207,77021077.0,10161064.82152
2025-12-16 20:00:00,0.13206,0.13248,0.1314,0.13179,29059770.0,3833867.79195
2025-12-17 00:00:00,0.13179,0.13244,0.13101,0.13125,33678222.0,4433858.27601
2025-12-17 04:00:00,0.13125,0.13142,0.13,0.13091,42856828.0,5607770.12011
2025-12-17 08:00:00,0.13091,0.13091,0.12935,0.1303,50171707.0,6522232.46967
2025-12-17 12:00:00,0.13029,0.13631,0.12942,0.12994,315591445.0,41827518.8792
2025-12-17 16:00:00,0.12994,0.13076,0.12481,0.12645,298170559.0,37864147.61114
2025-12-17 20:00:00,0.12646,0.12782,0.12533,0.12633,78431377.0,9909657.77397
2025-12-18 00:00:00,0.12633,0.12679,0.12513,0.12541,81142653.0,10212066.90208
2025-12-18 04:00:00,0.12542,0.1259,0.12385,0.12484,94409540.0,11777617.69465
2025-12-18 08:00:00,0.12485,0.12646,0.12467,0.12614,89244867.0,11210064.49436
2025-12-18 12:00:00,0.12614,0.13072,0.12578,0.12953,298288412.0,38383171.23716
2025-12-18 16:00:00,0.12953,0.12979,0.11993,0.12026,449741398.0,55507079.39941
2025-12-18 20:00:00,0.12025,0.12373,0.12009,0.12207,157176829.0,19179162.68101
2025-12-19 00:00:00,0.12207,0.1263,0.12056,0.12551,196133413.0,24157016.68589
2025-12-19 04:00:00,0.12551,0.12885,0.12539,0.12795,142094970.0,17978379.32961
2025-12-19 08:00:00,0.12795,0.12865,0.12757,0.12822,62822693.0,8049013.57816
2025-12-19 12:00:00,0.12822,0.13207,0.12792,0.12962,199169505.0,25799115.08564
2025-12-19 16:00:00,0.12961,0.13353,0.12957,0.13288,205270559.0,26993609.80499
2025-12-19 20:00:00,0.13289,0.13342,0.13176,0.13222,81012947.0,10746845.87789
2025-12-20 00:00:00,0.13222,0.13229,0.13073,0.13147,68096067.0,8942602.09924
2025-12-20 04:00:00,0.13148,0.13167,0.13069,0.13157,27183716.0,3566642.07184
2025-12-20 08:00:00,0.13157,0.13261,0.13151,0.13197,48625910.0,6423694.65763
2025-12-20 12:00:00,0.13198,0.13238,0.13122,0.1321,48225778.0,6357031.34353
2025-12-20 16:00:00,0.1321,0.13236,0.1316,0.13217,31788305.0,4195202.73702
2025-12-20 20:00:00,0.13218,0.13246,0.13153,0.13194,32977925.0,4356895.59102
2025-12-21 00:00:00,0.13193,0.13219,0.13049,0.13112,39919137.0,5236754.87872
2025-12-21 04:00:00,0.13112,0.13178,0.13095,0.13136,19052865.0,2503391.67362
2025-12-21 08:00:00,0.13136,0.13342,0.13122,0.13174,53942511.0,7144075.06612
2025-12-21 12:00:00,0.13174,0.13233,0.12871,0.12953,121062502.0,15736411.92092
2025-12-21 16:00:00,0.12952,0.13057,0.12912,0.13037,52547675.0,6821160.20486
2025-12-21 20:00:00,0.13037,0.1314,0.12936,0.13112,28493035.0,3719262.41816
2025-12-22 00:00:00,0.13113,0.13424,0.12952,0.13204,140578668.0,18533117.1465
2025-12-22 04:00:00,0.13205,0.13274,0.13151,0.1321,45169912.0,5970767.44633
2025-12-22 08:00:00,0.1321,0.1333,0.13171,0.13288,70125549.0,9293602.88615
2025-12-22 12:00:00,0.13289,0.1354,0.13253,0.13439,145157531.0,19382469.64163
2025-12-22 16:00:00,0.13439,0.13521,0.13166,0.13193,103763151.0,13872348.34036
2025-12-22 20:00:00,0.13192,0.13269,0.13089,0.13258,73758984.0,9721070.46095
2025-12-23 00:00:00,0.13258,0.13369,0.13133,0.13251,61970503.0,8215506.11473
2025-12-23 04:00:00,0.13252,0.13307,0.12991,0.13046,100925669.0,13199225.86111
2025-12-23 08:00:00,0.13046,0.1314,0.12996,0.13111,44252109.0,5775703.96586
2025-12-23 12:00:00,0.13111,0.13112,0.12789,0.12951,149365001.0,19328627.97787
2025-12-23 16:00:00,0.12951,0.13095,0.12825,0.129,109021413.0,14144621.04323
2025-12-23 20:00:00,0.12899,0.13051,0.12862,0.12928,41880175.0,5420151.7774
2025-12-24 00:00:00,0.12929,0.13038,0.12751,0.1285,62613338.0,8063858.69645
2025-12-24 04:00:00,0.12849,0.12893,0.1267,0.12709,62205794.0,7928556.93204
2025-12-24 08:00:00,0.12709,0.12842,0.12651,0.128,44913984.0,5724516.83257
2025-12-24 12:00:00,0.12801,0.12862,0.1268,0.12837,72645496.0,9290081.70317
2025-12-24 16:00:00,0.12836,0.12946,0.12762,0.12817,58627607.0,7530521.2332
2025-12-24 20:00:00,0.12817,0.12938,0.1281,0.12856,34688535.0,4464414.63085
2025-12-25 00:00:00,0.12855,0.12909,0.12791,0.12879,28081848.0,3608710.19747
2025-12-25 04:00:00,0.12878,0.12885,0.12773,0.12795,40560970.0,5205401.45159
2025-12-25 08:00:00,0.12795,0.12858,0.12561,0.12623,82022323.0,10404527.32473
2025-12-25 12:00:00,0.12624,0.12826,0.1259,0.12762,81893120.0,10375963.6873
2025-12-25 16:00:00,0.12762,0.12801,0.12672,0.12714,61753384.0,7863322.831
2025-12-25 20:00:00,0.12714,0.1273,0.123,0.12365,124486818.0,15520946.46608
2025-12-26 00:00:00,0.12364,0.12752,0.12313,0.12604,174388631.0,21848519.11466
2025-12-26 04:00:00,0.12603,0.12669,0.12522,0.12537,123679490.0,15549408.48124
2025-12-26 08:00:00,0.12537,0.12611,0.12527,0.12537,51558233.0,6482043.69281
2025-12-26 12:00:00,0.12537,0.1264,0.12129,0.12214,184817306.0,22762733.59163
2025-12-26 16:00:00,0.12214,0.12247,0.12064,0.12211,118754097.0,14457630.4
2025-12-26 20:00:00,0.12212,0.12262,0.12165,0.12211,66684383.0,8138978.91005
2025-12-27 00:00:00,0.12211,0.12342,0.12193,0.12329,36889389.0,4521502.24755
2025-12-27 04:00:00,0.1233,0.12337,0.12257,0.12271,34788789.0,4274163.75413
2025-12-27 08:00:00,0.1227,0.12312,0.12204,0.12305,43102098.0,5286219.85467
2025-12-27 12:00:00,0.12305,0.1234,0.12242,0.12304,41132050.0,5056029.05195
2025-12-27 16:00:00,0.12304,0.1233,0.12264,0.12293,27061530.0,3327665.62001
2025-12-27 20:00:00,0.12294,0.12492,0.12292,0.12435,59247391.0,7336109.69193
2025-12-28 00:00:00,0.12435,0.12466,0.12368,0.12412,37220557.0,4618318.79746
2025-12-28 04:00:00,0.12411,0.12439,0.12376,0.12417,27354010.0,3393978.85816
2025-12-28 08:00:00,0.12418,0.1244,0.12349,0.12397,31622586.0,3920133.73366
2025-12-28 12:00:00,0.12398,0.1249,0.12383,0.12425,38928901.0,4841494.70502
2025-12-28 16:00:00,0.12425,0.12467,0.12314,0.12346,48526404.0,6006000.04814
2025-12-28 20:00:00,0.12346,0.12411,0.12277,0.12393,37741741.0,4654727.56056
2025-12-29 00:00:00,0.12394,0.12777,0.12378,0.12749,167549717.0,21137500.79603
2025-12-29 04:00:00,0.12749,0.12805,0.12622,0.12715,99627281.0,12672498.518
2025-12-29 08:00:00,0.12716,0.12723,0.12432,0.1249,115098452.0,14462138.24887
2025-12-29 12:00:00,0.12489,0.12502,0.12251,0.1241,168958830.0,20928820.58084
2025-12-29 16:00:00,0.1241,0.12417,0.12273,0.12286,70652259.0,8721859.91627
2025-12-29 20:00:00,0.12287,0.1233,0.12228,0.12288,51639585.0,6340338.04881
2025-12-30 00:00:00,0.12288,0.12374,0.1224,0.12348,38161146.0,4689368.80648
2025-12-30 04:00:00,0.12348,0.12384,0.12288,0.1237,44496374.0,5492973.66782
2025-12-30 08:00:00,0.12371,0.12525,0.12371,0.12457,173445896.0,21642402.72402
2025-12-30 12:00:00,0.12458,0.12537,0.12317,0.12455,240030133.0,29779571.42505
2025-12-30 16:00:00,0.12455,0.12502,0.1226,0.12331,84283299.0,10425106.3616
2025-12-30 20:00:00,0.1233,0.12347,0.12256,0.12336,47083849.0,5790376.99624
2025-12-31 00:00:00,0.12335,0.12376,0.12291,0.12312,47207263.0,5822770.26712
2025-12-31 04:00:00,0.12313,0.12338,0.12289,0.12338,28586312.0,3519472.54845
2025-12-31 08:00:00,0.12338,0.1237,0.12282,0.12343,37927997.0,4675441.60236
2025-12-31 12:00:00,0.12342,0.12381,0.12058,0.12116,108228627.0,13206933.19273
2025-12-31 16:00:00,0.12116,0.12153,0.11626,0.11727,316684479.0,37483098.24387
2025-12-31 20:00:00,0.11727,0.11782,0.11612,0.11747,131700930.0,15427551.99372
2026-01-01 00:00:00,0.11747,0.1188,0.11742,0.1183,73811946.0,8722326.00721
2026-01-01 04:00:00,0.1183,0.11873,0.11796,0.11843,41568924.0,4921079.15956
2026-01-01 08:00:00,0.11843,0.12126,0.11837,0.12066,140019614.0,16862778.63005
2026-01-01 12:00:00,0.12066,0.1275,0.12029,0.12469,229173620.0,28297016.486
2026-01-01 16:00:00,0.12468,0.12588,0.12363,0.12584,240217602.0,29986762.9877
2026-01-01 20:00:00,0.12584,0.12724,0.12549,0.12683,161774007.0,20432844.38745
2026-01-02 00:00:00,0.12682,0.12947,0.12592,0.12867,155843128.0,19848325.73179
2026-01-02 04:00:00,0.12867,0.1291,0.1275,0.12793,123067696.0,15794444.55697
2026-01-02 08:00:00,0.12793,0.13482,0.12792,0.12947,500588317.0,65811197.17344
2026-01-02 12:00:00,0.12948,0.13623,0.12929,0.13528,602252644.0,80004477.54777
2026-01-02 16:00:00,0.13528,0.13997,0.13484,0.13949,417686161.0,57718482.36123
2026-01-02 20:00:00,0.1395,0.14498,0.13892,0.14188,440593898.0,62703273.2769
2026-01-03 00:00:00,0.14187,0.14451,0.14106,0.14407,216378200.0,30868645.11822
2026-01-03 04:00:00,0.14408,0.14431,0.13914,0.14002,245171300.0,34693593.47673
2026-01-03 08:00:00,0.14001,0.14329,0.13938,0.14252,236757570.0,33560574.3816
2026-01-03 12:00:00,0.14252,0.14346,0.14221,0.14225,152767480.0,21806676.79297
2026-01-03 16:00:00,0.14226,0.14244,0.14074,0.14167,100169427.0,14174628.79583
2026-01-03 20:00:00,0.14167,0.14372,0.14127,0.14315,76651816.0,10930114.82556
2026-01-04 00:00:00,0.14314,0.15196,0.14278,0.15102,379295165.0,55913398.79518
2026-01-04 04:00:00,0.15103,0.15413,0.14979,0.15151,299712466.0,45530862.06932
2026-01-04 08:00:00,0.15151,0.15286,0.15067,0.15194,157774727.0,23964307.8261
2026-01-04 12:00:00,0.15194,0.15418,0.15042,0.15143,206074617.0,31351225.36305
2026-01-04 16:00:00,0.15143,0.15285,0.14771,0.14987,218315394.0,32866811.4734
2026-01-04 20:00:00,0.14987,0.15069,0.14859,0.14953,109850491.0,16434186.77083
2026-01-05 00:00:00,0.14952,0.15248,0.14884,0.15157,207338479.0,31291996.8516
2026-01-05 04:00:00,0.15157,0.15171,0.14874,0.15,128834289.0,19360238.783
2026-01-05 08:00:00,0.15,0.15073,0.14581,0.14778,194533327.0,28756013.58938
2026-01-05 12:00:00,0.14778,0.14946,0.1463,0.14886,169206042.0,24971457.01941
2026-01-05 16:00:00,0.14886,0.15386,0.14844,0.15175,280059208.0,42359905.86568
2026-01-05 20:00:00,0.15175,0.1545,0.15085,0.15171,135074565.0,20581615.85343
2026-01-06 00:00:00,0.15171,0.15451,0.1492,0.1528,195443789.0,29677153.25019
2026-01-06 04:00:00,0.1528,0.15295,0.14918,0.14957,130031520.0,19661267.01192
2026-01-06 08:00:00,0.14958,0.15095,0.14952,0.15048,81932506.0,12318103.84136
2026-01-06 12:00:00,0.15047,0.15656,0.14913,0.14999,340197220.0,52057769.73319
2026-01-06 16:00:00,0.14998,0.15033,0.14352,0.14588,401365686.0,58615459.56163
2026-01-06 20:00:00,0.14588,0.15105,0.14585,0.15055,123348026.0,18403842.44945
2026-01-07 00:00:00,0.15055,0.15055,0.14693,0.14838,109084656.0,16192084.53807
2026-01-07 04:00:00,0.14838,0.14919,0.14734,0.14907,45225445.0,6704101.26921
2026-01-07 08:00:00,0.14907,0.15405,0.14753,0.14891,267266395.0,40314735.96023
2026-01-07 12:00:00,0.1489,0.14895,0.14487,0.14611,188507013.0,27656806.43363
2026-01-07 16:00:00,0.14611,0.1485,0.14549,0.1466,120582011.0,17719344.37689
2026-01-07 20:00:00,0.1466,0.1473,0.14544,0.14642,66436896.0,9729077.20587
2026-01-08 00:00:00,0.14642,0.14777,0.14458,0.14525,70682265.0,10347757.95242
2026-01-08 04:00:00,0.14525,0.14741,0.14124,0.14399,224485811.0,32275917.86785
2026-01-08 08:00:00,0.14399,0.14491,0.138,0.14099,250563750.0,35392459.38936
2026-01-08 12:00:00,0.141,0.14211,0.13823,0.14186,237648526.0,33297911.49568
2026-01-08 16:00:00,0.14187,0.14324,0.14059,0.1419,122615016.0,17427516.80437
2026-01-08 20:00:00,0.1419,0.14345,0.14093,0.14194,53514149.0,7611229.86549
2026-01-09 00:00:00,0.14195,0.14366,0.14116,0.143,79353277.0,11299295.88633
2026-01-09 04:00:00,0.14301,0.1432,0.14195,0.14196,52715223.0,7519338.33449
2026-01-09 08:00:00,0.14197,0.14216,0.13881,0.14034,137686713.0,19345019.82279
2026-01-09 12:00:00,0.14034,0.14462,0.13825,0.14211,255116404.0,35940809.20476
2026-01-09 16:00:00,0.14212,0.14425,0.13895,0.13954,128418657.0,18202558.80764
2026-01-09 20:00:00,0.13953,0.14118,0.13934,0.14071,50320667.0,7061634.22598
2026-01-10 00:00:00,0.1407,0.14072,0.13974,0.14028,23671431.0,3320449.2099
2026-01-10 04:00:00,0.14029,0.14061,0.13946,0.14039,36511078.0,5114269.38675
2026-01-10 08:00:00,0.14039,0.14056,0.13951,0.14003,68393917.0,9576246.19768
2026-01-10 12:00:00,0.14003,0.14045,0.1396,0.13998,34907554.0,4887829.61838
2026-01-10 16:00:00,0.13997,0.14038,0.13951,0.14033,31681738.0,4434804.8502
2026-01-10 20:00:00,0.14034,0.14048,0.13904,0.13965,24484031.0,3422380.09096
2026-01-11 00:00:00,0.13965,0.13965,0.13856,0.1391,45309590.0,6300443.90483
2026-01-11 04:00:00,0.13911,0.14005,0.13875,0.14003,38861437.0,5417131.67761
2026-01-11 08:00:00,0.14004,0.14037,0.13946,0.13971,28017220.0,3921075.80398
2026-01-11 12:00:00,0.13972,0.1412,0.13674,0.13817,110289182.0,15334874.50029
2026-01-11 16:00:00,0.13817,0.13997,0.13726,0.13759,95497990.0,13235134.38581
2026-01-11 20:00:00,0.13758,0.13833,0.13585,0.13801,101433984.0,13881704.10679
2026-01-12 00:00:00,0.13801,0.14237,0.13664,0.14042,169880466.0,23776081.30731
2026-01-12 04:00:00,0.14042,0.14134,0.13779,0.13793,85826578.0,12003308.80118
2026-01-12 08:00:00,0.13792,0.13872,0.1356,0.13669,139358517.0,19063623.10406
2026-01-12 12:00:00,0.1367,0.13864,0.13492,0.13847,166691208.0,22771528.83308
2026-01-12 16:00:00,0.13846,0.14014,0.13683,0.13832,95118257.0,13192438.61394
2026-01-12 20:00:00,0.13832,0.13892,0.13555,0.13662,64167854.0,8783310.98454
2026-01-13 00:00:00,0.13661,0.13742,0.13626,0.1371,70400115.0,9634876.77369
2026-01-13 04:00:00,0.13711,0.13958,0.13711,0.13864,91479490.0,12683618.33183
2026-01-13 08:00:00,0.13864,0.14037,0.1386,0.13906,94723536.0,13209730.19417
2026-01-13 12:00:00,0.13906,0.14235,0.13875,0.14214,186509876.0,26206624.09133
2026-01-13 16:00:00,0.14213,0.14478,0.14195,0.14439,171526698.0,24526752.70537
2026-01-13 20:00:00,0.1444,0.15095,0.14353,0.14828,347488509.0,51438802.63612
2026-01-14 00:00:00,0.14828,0.14976,0.1472,0.14961,141703271.0,21036781.97943
2026-01-14 04:00:00,0.1496,0.14983,0.14687,0.14847,108091039.0,16019489.30108
2026-01-14 08:00:00,0.14847,0.14875,0.14581,0.146,74252032.0,10953673.33351
2026-01-14 12:00:00,0.14599,0.14983,0.14562,0.14899,187069247.0,27680310.97938
2026-01-14 16:00:00,0.14899,0.15133,0.14628,0.14789,249472589.0,37180116.40532
2026-01-14 20:00:00,0.14789,0.14916,0.1463,0.14718,112623881.0,16608545.45122
2026-01-15 00:00:00,0.14719,0.14721,0.14242,0.1427,151897439.0,21952324.10536
2026-01-15 04:00:00,0.1427,0.14449,0.14258,0.14417,97590091.0,14011381.20348
2026-01-15 08:00:00,0.14417,0.14509,0.14332,0.1437,66066723.0,9526133.80248
2026-01-15 12:00:00,0.14369,0.14499,0.14007,0.1421,163804412.0,23364331.35629
2026-01-15 16:00:00,0.14209,0.14246,0.13915,0.14001,239908903.0,33834787.86045
2026-01-15 20:00:00,0.14,0.1405,0.13881,0.14004,66318620.0,9265131.90877
2026-01-16 00:00:00,0.14005,0.14045,0.13913,0.13942,79203253.0,11074319.89037
2026-01-16 04:00:00,0.13942,0.14036,0.13844,0.14003,67747403.0,9453521.70581
2026-01-16 08:00:00,0.14003,0.14035,0.13703,0.13802,394760517.0,54500864.05942
2026-01-16 12:00:00,0.13801,0.13842,0.1351,0.13601,236926366.0,32515486.77336
2026-01-16 16:00:00,0.13602,0.13742,0.13562,0.13725,104916016.0,14327030.75936
2026-01-16 20:00:00,0.13725,0.13846,0.13627,0.13813,107287790.0,14773345.74308
2026-01-17 00:00:00,0.13813,0.13859,0.1373,0.1374,55120116.0,7601520.7498
2026-01-17 04:00:00,0.13741,0.1379,0.13682,0.1373,44314958.0,6089381.45215
2026-01-17 08:00:00,0.1373,0.13795,0.13709,0.13771,42031452.0,5779981.7257
2026-01-17 12:00:00,0.1377,0.14003,0.1374,0.13953,92140029.0,12771162.85224
2026-01-17 16:00:00,0.13953,0.13992,0.13821,0.13869,70562082.0,9808839.99038
2026-01-17 20:00:00,0.1387,0.139,0.1373,0.13788,38959042.0,5380525.24622
2026-01-18 00:00:00,0.13788,0.13835,0.13681,0.13742,61504598.0,8448886.25754
2026-01-18 04:00:00,0.13742,0.13753,0.13669,0.13714,30608212.0,4198617.68889
2026-01-18 08:00:00,0.13714,0.13771,0.13688,0.13716,35011091.0,4809904.93051
2026-01-18 12:00:00,0.13717,0.13807,0.13632,0.13656,75291638.0,10324768.7481
2026-01-18 16:00:00,0.13657,0.1379,0.13632,0.13717,47896819.0,6564496.62331
2026-01-18 20:00:00,0.13717,0.13796,0.13133,0.13164,228727592.0,30663994.60297
2026-01-19 00:00:00,0.13163,0.13163,0.12,0.12735,809630900.0,102180175.1527
2026-01-19 04:00:00,0.12734,0.12771,0.1265,0.1272,129224172.0,16425785.94626
2026-01-19 08:00:00,0.1272,0.1284,0.12708,0.12785,121968186.0,15590696.69378
2026-01-19 12:00:00,0.12786,0.12899,0.12732,0.12781,110783095.0,14191855.56651
2026-01-19 16:00:00,0.1278,0.13019,0.12771,0.12988,92204868.0,11904560.8663
2026-01-19 20:00:00,0.12988,0.13066,0.12852,0.12916,83552620.0,10819273.04757
2026-01-20 00:00:00,0.12917,0.12934,0.12774,0.12798,63194909.0,8122191.31696
2026-01-20 04:00:00,0.12797,0.12826,0.12645,0.12677,124074302.0,15800292.20606
2026-01-20 08:00:00,0.12677,0.12703,0.12515,0.12526,125097028.0,15751492.84941
2026-01-20 12:00:00,0.12527,0.12676,0.12417,0.1252,203318395.0,25488471.65344
2026-01-20 16:00:00,0.1252,0.12568,0.12329,0.12395,149769683.0,18583398.46229
2026-01-20 20:00:00,0.12394,0.12448,0.12178,0.12336,128875801.0,15899387.75797
2026-01-21 00:00:00,0.12336,0.1265,0.1232,0.12552,116104563.0,14547082.38582
2026-01-21 04:00:00,0.12551,0.1264,0.1248,0.12497,106294378.0,13348516.39064
2026-01-21 08:00:00,0.12496,0.12503,0.12286,0.1231,71544295.0,8884371.92239
2026-01-21 12:00:00,0.12309,0.12663,0.12157,0.12638,258915037.0,32183611.23964
2026-01-21 16:00:00,0.12638,0.12837,0.12029,0.1281,262027570.0,32369259.66936
2026-01-21 20:00:00,0.12811,0.12884,0.12624,0.12654,127788932.0,16287608.12607
2026-01-22 00:00:00,0.12653,0.12794,0.12645,0.12692,62226967.0,7917596.65075
2026-01-22 04:00:00,0.12691,0.12742,0.126,0.12611,53620653.0,6800911.60941
2026-01-22 08:00:00,0.12611,0.12718,0.12573,0.12588,53499971.0,6761633.93871
2026-01-22 12:00:00,0.12588,0.12652,0.12322,0.1243,123497008.0,15420677.28357
2026-01-22 16:00:00,0.12431,0.12559,0.1239,0.12475,76053350.0,9497544.29408
2026-01-22 20:00:00,0.12475,0.12489,0.12365,0.12437,56058468.0,6959498.21478
2026-01-23 00:00:00,0.12437,0.12574,0.12404,0.1255,71519849.0,8939530.46436
2026-01-23 04:00:00,0.1255,0.12598,0.12487,0.12508,79369270.0,9951489.06619
2026-01-23 08:00:00,0.12508,0.12544,0.12419,0.12519,46167172.0,5767688.80603
2026-01-23 12:00:00,0.12518,0.12535,0.12203,0.12471,121782797.0,15048822.00628
2026-01-23 16:00:00,0.12472,0.12788,0.12433,0.12473,155256210.0,19550378.08035
2026-01-23 20:00:00,0.12473,0.12516,0.12321,0.12477,59487554.0,7397930.40244
2026-01-24 00:00:00,0.12478,0.12487,0.12409,0.12444,17192995.0,2140616.21934
2026-01-24 04:00:00,0.12444,0.12488,0.12402,0.1242,25769156.0,3206789.01175
2026-01-24 08:00:00,0.1242,0.12494,0.12412,0.12462,22743403.0,2833028.44559
2026-01-24 12:00:00,0.12463,0.12475,0.12352,0.12369,47177011.0,5859737.9563
2026-01-24 16:00:00,0.12368,0.12424,0.12291,0.12415,36995934.0,4577273.60291
2026-01-24 20:00:00,0.12414,0.12475,0.12403,0.12423,18812156.0,2340270.86886
2026-01-25 00:00:00,0.12422,0.12435,0.123,0.1233,42940163.0,5312935.18219
2026-01-25 04:00:00,0.1233,0.1236,0.12265,0.123,26638715.0,3280912.09773
2026-01-25 08:00:00,0.123,0.1237,0.12234,0.12335,39629381.0,4879212.96147
2026-01-25 12:00:00,0.12335,0.12338,0.12172,0.1223,72708186.0,8906492.58764
2026-01-25 16:00:00,0.1223,0.1223,0.11764,0.1188,313796788.0,37671754.88407
2026-01-25 20:00:00,0.11879,0.1197,0.11784,0.11945,148764243.0,17687673.32006
2026-01-26 00:00:00,0.11945,0.12282,0.11924,0.12132,133792471.0,16268064.52175
2026-01-26 04:00:00,0.12132,0.12298,0.12129,0.12174,77212475.0,9400997.44146
2026-01-26 08:00:00,0.12175,0.1226,0.12045,0.12103,125836810.0,15248842.92706
2026-01-26 12:00:00,0.12104,0.12381,0.12104,0.12225,164104157.0,20065573.25389
2026-01-26 16:00:00,0.12226,0.12349,0.12147,0.12241,111344567.0,13644897.33493
2026-01-26 20:00:00,0.1224,0.1231,0.12154,0.12236,95796517.0,11733031.82318
2026-01-27 00:00:00,0.12236,0.12333,0.12194,0.12287,69424714.0,8508622.04394
2026-01-27 04:00:00,0.12286,0.1235,0.12201,0.1222,61836866.0,7578590.61813
2026-01-27 08:00:00,0.12219,0.12273,0.12167,0.1224,89407925.0,10926678.0356
2026-01-27 12:00:00,0.1224,0.12301,0.12139,0.12299,87767178.0,10726165.10533
2026-01-27 16:00:00,0.12299,0.12565,0.12178,0.12436,284557107.0,35278114.13608
2026-01-27 20:00:00,0.12435,0.12666,0.12433,0.12619,111528517.0,14021658.88514
2026-01-28 00:00:00,0.1262,0.12641,0.12423,0.12453,75011458.0,9383948.09679
2026-01-28 04:00:00,0.12453,0.12605,0.12393,0.12554,74776519.0,9344658.29844
2026-01-28 08:00:00,0.12554,0.12775,0.12546,0.12716,143322306.0,18164162.87339
2026-01-28 12:00:00,0.12716,0.1272,0.12386,0.12463,149319907.0,18777198.48425
2026-01-28 16:00:00,0.12464,0.12584,0.12372,0.12528,118580571.0,14798335.02158
2026-01-28 20:00:00,0.12527,0.12632,0.12427,0.125,90211789.0,11303329.16779
2026-01-29 00:00:00,0.125,0.12525,0.12185,0.12222,128307411.0,15808946.11285
2026-01-29 04:00:00,0.12223,0.12248,0.12135,0.12201,60560524.0,7383350.32878
2026-01-29 08:00:00,0.12202,0.12238,0.1206,0.12115,130308490.0,15800588.17687
2026-01-29 12:00:00,0.12115,0.12117,0.11533,0.11623,416092982.0,48929034.35585
2026-01-29 16:00:00,0.11622,0.11881,0.1144,0.11555,349691734.0,40579795.17111
2026-01-29 20:00:00,0.11556,0.1174,0.1153,0.11728,104352687.0,12154777.61968
2026-01-30 00:00:00,0.11729,0.11772,0.11217,0.11426,352832693.0,40417987.38955
2026-01-30 04:00:00,0.11426,0.11558,0.11221,0.11453,159656928.0,18221814.02468
2026-01-30 08:00:00,0.11454,0.11591,0.11304,0.11554,95575894.0,10906678.1483
2026-01-30 12:00:00,0.11554,0.1166,0.11381,0.11605,176967297.0,20383189.61919
2026-01-30 16:00:00,0.11605,0.11871,0.11352,0.11776,239320697.0,27901978.76766
2026-01-30 20:00:00,0.11776,0.11776,0.11536,0.11581,140482722.0,16335320.44247
2026-01-31 00:00:00,0.11582,0.11593,0.11483,0.11519,42740413.0,4931840.32754
2026-01-31 04:00:00,0.11518,0.11549,0.11207,0.1128,134794271.0,15350052.90601
2026-01-31 08:00:00,0.11281,0.11306,0.11032,0.11189,173109131.0,19340511.38309
2026-01-31 12:00:00,0.11188,0.11188,0.1051,0.10679,507108559.0,54864116.03657
2026-01-31 16:00:00,0.10679,0.1081,0.09461,0.10185,1341489257.0,136615619.83371
2026-01-31 20:00:00,0.10185,0.10478,0.10053,0.10426,263718010.0,27012206.01474
2026-02-01 00:00:00,0.10426,0.10559,0.10361,0.10495,118887599.0,12461396.17676
2026-02-01 04:00:00,0.10495,0.10641,0.10445,0.1058,100452459.0,10574174.09726
2026-02-01 08:00:00,0.10579,0.10657,0.10452,0.1059,110512652.0,11667481.90375
2026-02-01 12:00:00,0.1059,0.10685,0.10258,0.10409,260878023.0,27305206.14769
2026-02-01 16:00:00,0.10408,0.10635,0.10301,0.10419,218654360.0,22840719.92953
2026-02-01 20:00:00,0.10418,0.10581,0.10103,0.10426,318756245.0,33063150.4703
2026-02-02 00:00:00,0.10427,0.1065,0.09982,0.10338,407541866.0,42090344.97143
2026-02-02 04:00:00,0.10338,0.10518,0.09955,0.1031,448710100.0,45902525.88712
2026-02-02 08:00:00,0.1031,0.10626,0.10308,0.10491,244800690.0,25584177.08806
2026-02-02 12:00:00,0.1049,0.11056,0.1049,0.10954,288591992.0,31073837.27787
2026-02-02 16:00:00,0.10954,0.11,0.10733,0.10738,132630994.0,14408305.66026
2026-02-02 20:00:00,0.10737,0.10872,0.10704,0.10792,82307080.0,8885969.28145
2026-02-03 00:00:00,0.10791,0.10827,0.10555,0.10743,173649559.0,18512284.85562
2026-02-03 04:00:00,0.10743,0.10903,0.10607,0.10828,116395212.0,12503381.30244
2026-02-03 08:00:00,0.10829,0.10902,0.10645,0.10665,152445380.0,16403675.27768
2026-02-03 12:00:00,0.10666,0.11053,0.10546,0.11017,356699436.0,38478385.02655
2026-02-03 16:00:00,0.11018,0.1102,0.10226,0.10642,510427692.0,53765826.14791
2026-02-03 20:00:00,0.10641,0.11053,0.10523,0.10602,304725287.0,32934972.12851
2026-02-04 00:00:00,0.10602,0.10947,0.10553,0.10892,140203884.0,15091424.54016
2026-02-04 04:00:00,0.10892,0.10917,0.10733,0.10846,149986158.0,16242374.61441
2026-02-04 08:00:00,0.10847,0.10872,0.10637,0.10731,108679047.0,11682596.74721
2026-02-04 12:00:00,0.10731,0.10779,0.10276,0.10342,310144108.0,32662706.49641
2026-02-04 16:00:00,0.10343,0.10556,0.10142,0.10535,419156539.0,43221282.50439
2026-02-04 20:00:00,0.10535,0.10549,0.10127,0.10383,194711755.0,20166597.38192
2026-02-05 00:00:00,0.10383,0.10477,0.10221,0.1026,251384769.0,26006421.70205
2026-02-05 04:00:00,0.1026,0.10361,0.10065,0.10117,339737248.0,34654624.66232
2026-02-05 08:00:00,0.10118,0.10297,0.09736,0.09874,288128121.0,28804613.46988
2026-02-05 12:00:00,0.09875,0.10054,0.09265,0.09421,719851803.0,69294294.50897
2026-02-05 16:00:00,0.09421,0.09545,0.09048,0.09118,613074514.0,56902527.05898
2026-02-05 20:00:00,0.09118,0.09185,0.08675,0.08849,954639139.0,85217548.4862
2026-02-06 00:00:00,0.08848,0.0914,0.08001,0.08989,1280136782.0,109589482.54418
2026-02-06 04:00:00,0.08988,0.09352,0.0895,0.09071,333303066.0,30550629.12478
2026-02-06 08:00:00,0.09072,0.09431,0.09015,0.09371,255850513.0,23586404.72304
2026-02-06 12:00:00,0.0937,0.09694,0.09304,0.09643,344598545.0,32810532.23858
2026-02-06 16:00:00,0.09643,0.10211,0.09604,0.09878,513738804.0,51008842.98166
2026-02-06 20:00:00,0.09877,0.09982,0.09812,0.09848,166869066.0,16516506.08222
2026-02-07 00:00:00,0.09847,0.09901,0.09729,0.09863,153027489.0,15012926.78349
2026-02-07 04:00:00,0.09863,0.09923,0.09472,0.09585,291893458.0,28391889.39021
2026-02-07 08:00:00,0.09584,0.09631,0.09482,0.09547,142953412.0,13669188.60849
2026-02-07 12:00:00,0.09546,0.09774,0.09536,0.09683,229753633.0,22184398.39914
2026-02-07 16:00:00,0.09682,0.09948,0.09639,0.0984,574831686.0,56167550.32555
2026-02-07 20:00:00,0.0984,0.09893,0.09767,0.09823,56230783.0,5534669.89308
2026-02-08 00:00:00,0.09823,0.0985,0.0969,0.09699,52991347.0,5179377.7617
2026-02-08 04:00:00,0.09698,0.09762,0.09635,0.09687,54724138.0,5305698.39276
2026-02-08 08:00:00,0.09687,0.09881,0.0962,0.09844,146110481.0,14287946.29343
2026-02-08 12:00:00,0.09845,0.09862,0.09686,0.09734,115645007.0,11328073.7924
2026-02-08 16:00:00,0.09733,0.09796,0.0951,0.09771,112517445.0,10875317.98345
2026-02-08 20:00:00,0.09772,0.09902,0.09592,0.09663,134537022.0,13062115.93735
2026-02-09 00:00:00,0.09663,0.09748,0.09559,0.09715,118082259.0,11403676.61435
2026-02-09 04:00:00,0.09715,0.09715,0.0949,0.09534,80712003.0,7739719.43243
2026-02-09 08:00:00,0.09534,0.09538,0.09243,0.09319,163061465.0,15296570.51146
2026-02-09 12:00:00,0.0932,0.09563,0.09314,0.09522,111761060.0,10546765.7002
2026-02-09 16:00:00,0.09521,0.09678,0.09433,0.09636,128549598.0,12316744.83976
2026-02-09 20:00:00,0.09636,0.097,0.09529,0.09611,80321177.0,7733055.69957
2026-02-10 00:00:00,0.09612,0.09657,0.09426,0.09487,60330399.0,5765805.74934
2026-02-10 04:00:00,0.09488,0.09567,0.09297,0.09367,100619555.0,9485992.17232
2026-02-10 08:00:00,0.09367,0.09423,0.09273,0.09294,72629692.0,6789021.65035
2026-02-10 12:00:00,0.09293,0.09377,0.09182,0.09303,140335576.0,13035104.82472
2026-02-10 16:00:00,0.09304,0.09417,0.09219,0.09306,85561738.0,7973399.02746
2026-02-10 20:00:00,0.09306,0.09318,0.09228,0.09277,38014667.0,3527901.06058
2026-02-11 00:00:00,0.09277,0.09362,0.09212,0.093,44260656.0,4113545.73272
2026-02-11 04:00:00,0.09301,0.09323,0.09021,0.09056,129591011.0,11847544.18977
2026-02-11 08:00:00,0.09056,0.0907,0.0894,0.09023,104731492.0,9434054.77528
2026-02-11 12:00:00,0.09023,0.09255,0.0879,0.08903,268661325.0,24175260.56171
2026-02-11 16:00:00,0.08902,0.09142,0.0887,0.09107,139083432.0,12548330.14234
2026-02-11 20:00:00,0.09106,0.09227,0.09032,0.09112,101816054.0,9297777.53195
2026-02-12 00:00:00,0.09113,0.09229,0.09112,0.09218,56236972.0,5155393.25395
2026-02-12 04:00:00,0.09218,0.09305,0.09149,0.09295,125011116.0,11523290.71863
2026-02-12 08:00:00,0.09295,0.09427,0.09242,0.09388,78374147.0,7320009.53956
2026-02-12 12:00:00,0.09389,0.09455,0.09302,0.09324,122789745.0,11520364.17891
2026-02-12 16:00:00,0.09323,0.09374,0.09077,0.09169,166963181.0,15331326.52747
2026-02-12 20:00:00,0.09169,0.09347,0.09069,0.093,98033571.0,9036396.91192
2026-02-13 00:00:00,0.09299,0.09339,0.09213,0.09297,49734303.0,4610179.43183
2026-02-13 04:00:00,0.09296,0.0935,0.09179,0.09303,59798889.0,5540863.76794
2026-02-13 08:00:00,0.09304,0.09413,0.09299,0.09398,60064645.0,5629777.54166
2026-02-13 12:00:00,0.09399,0.09666,0.09293,0.09536,249855569.0,23628231.40896
2026-02-13 16:00:00,0.09537,0.097,0.09501,0.09636,188671792.0,18175769.51895
2026-02-13 20:00:00,0.09637,0.09764,0.09609,0.09667,119309417.0,11567519.23331
2026-02-14 00:00:00,0.09668,0.09707,0.0963,0.09684,44454921.0,4299610.54379
2026-02-14 04:00:00,0.09684,0.09706,0.09641,0.09654,34448585.0,3330642.88377
2026-02-14 08:00:00,0.09655,0.10095,0.09652,0.10062,182925041.0,18037607.89497
2026-02-14 12:00:00,0.10062,0.10425,0.09909,0.104,240974859.0,24479025.35612
2026-02-14 16:00:00,0.104,0.10929,0.10251,0.10858,344830314.0,36586594.19801
2026-02-14 20:00:00,0.10859,0.11383,0.10793,0.11104,502374538.0,55748241.11481
2026-02-15 00:00:00,0.11104,0.11552,0.11048,0.11478,480439179.0,54352291.76386
2026-02-15 04:00:00,0.11479,0.11757,0.11401,0.11607,470196618.0,54414713.79148
2026-02-15 08:00:00,0.11608,0.1165,0.11224,0.11273,380837365.0,43495219.63846
2026-02-15 12:00:00,0.11274,0.11298,0.10686,0.10777,447952499.0,48908050.51414
2026-02-15 16:00:00,0.10777,0.10777,0.1025,0.10273,329742766.0,34633537.76379
2026-02-15 20:00:00,0.10272,0.10345,0.10155,0.10269,151400789.0,15554865.13483
2026-02-16 00:00:00,0.10268,0.10315,0.10161,0.10219,132768731.0,13591070.68867
2026-02-16 04:00:00,0.10219,0.1036,0.10121,0.10203,131584170.0,13460403.01946
2026-02-16 08:00:00,0.10203,0.10339,0.10073,0.10161,153688507.0,15710066.29513
2026-02-16 12:00:00,0.10162,0.10346,0.0985,0.09957,399522328.0,40315690.06639
2026-02-16 16:00:00,0.09958,0.10129,0.09948,0.10031,107467211.0,10812571.47691
2026-02-16 20:00:00,0.1003,0.1014,0.09989,0.10102,86545235.0,8711391.17138
2026-02-17 00:00:00,0.10103,0.10132,0.09957,0.10052,105904889.0,10652037.78661
2026-02-17 04:00:00,0.10052,0.1008,0.09909,0.09977,73505994.0,7343742.25637
2026-02-17 08:00:00,0.09978,0.10009,0.09845,0.09887,94813285.0,9390230.75442
2026-02-17 12:00:00,0.09887,0.10106,0.09836,0.10049,215051200.0,21480915.97273
2026-02-17 16:00:00,0.1005,0.1036,0.09972,0.1011,279128897.0,28369573.07553
2026-02-17 20:00:00,0.1011,0.10145,0.10031,0.10066,45189828.0,4555088.71886
2026-02-18 00:00:00,0.10067,0.10147,0.09994,0.10124,53554334.0,5398533.94247
2026-02-18 04:00:00,0.10125,0.10178,0.10063,0.10143,43886993.0,4437826.43048
2026-02-18 08:00:00,0.10143,0.10203,0.09923,0.10009,91031770.0,9186155.08154
2026-02-18 12:00:00,0.10009,0.1023,0.09943,0.1011,130854780.0,13175027.47888
2026-02-18 16:00:00,0.10109,0.10119,0.09749,0.09853,150439748.0,14921076.69321
2026-02-18 20:00:00,0.09854,0.09915,0.09794,0.09855,70477296.0,6943173.65782
2026-02-19 00:00:00,0.09855,0.099,0.09785,0.09862,77095532.0,7585941.38422
2026-02-19 04:00:00,0.09863,0.09924,0.09675,0.09834,148722718.0,14582233.41159
2026-02-19 08:00:00,0.09834,0.09837,0.09713,0.0977,79349454.0,7749416.54559
2026-02-19 12:00:00,0.0977,0.09834,0.09643,0.09686,140228038.0,13652981.55536
2026-02-19 16:00:00,0.09686,0.09846,0.09551,0.09811,136130919.0,13229060.72944
2026-02-19 20:00:00,0.0981,0.09839,0.09735,0.09837,46606358.0,4564496.73713
2026-02-20 00:00:00,0.09836,0.09948,0.09818,0.09873,58477200.0,5784232.84918
2026-02-20 04:00:00,0.09874,0.09998,0.0982,0.09861,101904123.0,10094384.95253
2026-02-20 08:00:00,0.0986,0.09945,0.0983,0.09848,105616427.0,10452360.3066
2026-02-20 12:00:00,0.09849,0.10056,0.09566,0.10029,279399975.0,27431117.05913
2026-02-20 16:00:00,0.1003,0.10244,0.09869,0.10026,279892774.0,28249779.58863
2026-02-20 20:00:00,0.10026,0.10119,0.09968,0.10011,54435930.0,5463699.95688
2026-02-21 00:00:00,0.10011,0.10029,0.09899,0.09994,84241311.0,8394408.14701
2026-02-21 04:00:00,0.09995,0.10022,0.09966,0.10009,23238538.0,2322960.95171
2026-02-21 08:00:00,0.10009,0.10098,0.09983,0.10006,53659264.0,5382630.35489
2026-02-21 12:00:00,0.10007,0.10081,0.09968,0.10002,66211502.0,6640667.50654
2026-02-21 16:00:00,0.10003,0.10007,0.09899,0.09947,89563089.0,8911869.23053
2026-02-21 20:00:00,0.09946,0.09958,0.0984,0.09841,49417020.0,4893964.75743
2026-02-22 00:00:00,0.09842,0.09855,0.09675,0.09742,79495662.0,7757920.27827
2026-02-22 04:00:00,0.09742,0.09752,0.0969,0.0973,40668734.0,3954185.9686
2026-02-22 08:00:00,0.0973,0.09766,0.09706,0.09735,27392232.0,2665620.31254
2026-02-22 12:00:00,0.09735,0.0974,0.09513,0.09576,122129850.0,11739219.14323
2026-02-22 16:00:00,0.09576,0.0959,0.09469,0.09508,76734488.0,7301459.15383
2026-02-22 20:00:00,0.09509,0.09597,0.09457,0.09558,47158607.0,4495496.09218
2026-02-23 00:00:00,0.09559,0.09577,0.09145,0.09275,312680182.0,28979983.34532
2026-02-23 04:00:00,0.09275,0.09527,0.0923,0.09488,87075182.0,8164582.61988
2026-02-23 08:00:00,0.09487,0.09714,0.0944,0.09671,102843553.0,9894594.32373
2026-02-23 12:00:00,0.09672,0.0976,0.09491,0.09496,142897419.0,13796197.8823
2026-02-23 16:00:00,0.09495,0.09542,0.09256,0.09286,135268161.0,12704631.3829
2026-02-23 20:00:00,0.09286,0.09355,0.09249,0.09266,105080624.0,9786554.08625
2026-02-24 00:00:00,0.09267,0.0936,0.09095,0.0921,173927812.0,16057030.27763
2026-02-24 04:00:00,0.09211,0.09217,0.09063,0.09126,98185182.0,8965769.43394
2026-02-24 08:00:00,0.09126,0.0917,0.09072,0.0913,59588802.0,5436759.27855
2026-02-24 12:00:00,0.0913,0.09257,0.08996,0.09176,171850904.0,15687419.68263
2026-02-24 16:00:00,0.09176,0.0927,0.09138,0.09202,124391980.0,11440745.0516
2026-02-24 20:00:00,0.09202,0.09239,0.09133,0.09137,62073589.0,5703646.68981
2026-02-25 00:00:00,0.09138,0.09497,0.0909,0.09276,203459056.0,19017713.94914
2026-02-25 04:00:00,0.09276,0.09297,0.09138,0.09284,71787417.0,6623151.8155
2026-02-25 08:00:00,0.09284,0.09427,0.0925,0.09408,73572520.0,6879764.1442
2026-02-25 12:00:00,0.09407,0.10268,0.09403,0.10157,492184777.0,48909621.02253
2026-02-25 16:00:00,0.10158,0.10431,0.1008,0.10407,299382519.0,30742064.27975
2026-02-25 20:00:00,0.10407,0.10618,0.09947,0.10095,326797885.0,33773551.96367
2026-02-26 00:00:00,0.10095,0.1016,0.09982,0.10082,177393661.0,17853097.18697
2026-02-26 04:00:00,0.10082,0.1017,0.0993,0.09957,104417624.0,10485320.96659
2026-02-26 08:00:00,0.09957,0.1006,0.09828,0.0985,93940398.0,9354282.78757
2026-02-26 12:00:00,0.09851,0.09951,0.09742,0.09861,147466572.0,14533317.79336
2026-02-26 16:00:00,0.09861,0.09879,0.0954,0.09735,214724835.0,20761526.39831
2026-02-26 20:00:00,0.09734,0.09765,0.09645,0.09701,58739665.0,5691213.37545
2026-02-27 00:00:00,0.09702,0.09768,0.09624,0.09755,71271280.0,6914229.65696
2026-02-27 04:00:00,0.09754,0.09911,0.0975,0.09843,130740972.0,12885828.69244
2026-02-27 08:00:00,0.09843,0.09863,0.09463,0.095,136426372.0,13154603.1465
2026-02-27 12:00:00,0.095,0.09557,0.09362,0.09405,171525911.0,16216557.0827
2026-02-27 16:00:00,0.09404,0.09429,0.09273,0.09301,95098136.0,8894832.0766
2026-02-27 20:00:00,0.09302,0.09349,0.09198,0.09337,83562491.0,7770428.9645
2026-02-28 00:00:00,0.09337,0.09377,0.09312,0.09323,52289523.0,4889525.70345
2026-02-28 04:00:00,0.09323,0.09341,0.08804,0.08933,418023348.0,37663653.50518
2026-02-28 08:00:00,0.08933,0.08946,0.08771,0.08874,225500697.0,19995918.80978
2026-02-28 12:00:00,0.08874,0.09212,0.08856,0.09081,276815080.0,25042260.56421
2026-02-28 16:00:00,0.0908,0.09343,0.09016,0.09286,159142580.0,14594115.75141
2026-02-28 20:00:00,0.09286,0.095,0.09263,0.09405,131320714.0,12339740.47039
2026-03-01 00:00:00,0.09406,0.09788,0.09306,0.0961,297163543.0,28550340.36572
2026-03-01 04:00:00,0.0961,0.09659,0.09434,0.09486,131161035.0,12530706.7217
2026-03-01 08:00:00,0.09487,0.09491,0.09319,0.09353,96607967.0,9065764.08069
2026-03-01 12:00:00,0.09352,0.09553,0.09249,0.09387,152680028.0,14363084.50003
2026-03-01 16:00:00,0.09388,0.09454,0.0915,0.0918,195420509.0,18121775.16048
2026-03-01 20:00:00,0.0918,0.09348,0.09056,0.0919,152277419.0,13987647.92786
2026-03-02 00:00:00,0.0919,0.09448,0.09184,0.09327,111942814.0,10423559.70729
2026-03-02 04:00:00,0.09328,0.09354,0.09117,0.09174,66960913.0,6192387.12472
2026-03-02 08:00:00,0.09175,0.09297,0.09132,0.09185,81021204.0,7451764.04188
2026-03-02 12:00:00,0.09185,0.09664,0.0908,0.09567,297049447.0,27985085.68164
2026-03-02 16:00:00,0.09568,0.09771,0.09433,0.09553,259094043.0,24877891.61281
2026-03-02 20:00:00,0.09552,0.096,0.0933,0.09356,123595248.0,11670171.67668
2026-03-03 00:00:00,0.09356,0.09385,0.09209,0.09258,95187174.0,8845679.8887
2026-03-03 04:00:00,0.09258,0.09263,0.0911,0.09136,139009751.0,12756544.7825
2026-03-03 08:00:00,0.09135,0.09158,0.08923,0.09007,229278417.0,20652375.66242
2026-03-03 12:00:00,0.09007,0.09109,0.08868,0.09021,239806762.0,21549284.79573
2026-03-03 16:00:00,0.0902,0.09242,0.08912,0.08941,222106652.0,20082179.33618
2026-03-03 20:00:00,0.08942,0.09088,0.08847,0.08997,131855740.0,11812546.59064
2026-03-04 00:00:00,0.08998,0.09065,0.08859,0.08939,130216739.0,11674953.4577
2026-03-04 04:00:00,0.08939,0.09056,0.08872,0.09015,117085448.0,10468610.26079
2026-03-04 08:00:00,0.09015,0.09345,0.08971,0.0923,414371430.0,38228821.60681
2026-03-04 12:00:00,0.09229,0.09921,0.09149,0.09905,606677085.0,57930906.0493
2026-03-04 16:00:00,0.09905,0.10434,0.09747,0.10275,626034459.0,63322651.44119
2026-03-04 20:00:00,0.10276,0.1035,0.09869,0.09893,366178084.0,37080335.61664
2026-03-05 00:00:00,0.09893,0.09924,0.09593,0.09621,212881995.0,20713903.95814
2026-03-05 04:00:00,0.09621,0.09737,0.09522,0.09569,177211496.0,17077630.81415
2026-03-05 08:00:00,0.09568,0.098,0.09533,0.09593,212894512.0,20571579.25596
2026-03-05 12:00:00,0.09593,0.09646,0.0939,0.09428,247697756.0,23550782.24086
2026-03-05 16:00:00,0.09428,0.09456,0.09275,0.09392,145598768.0,13622333.42468
2026-03-05 20:00:00,0.09392,0.09482,0.09345,0.09356,73604264.0,6930253.84762
2026-03-06 00:00:00,0.09356,0.09434,0.09315,0.09392,63307919.0,5939379.19794
2026-03-06 04:00:00,0.09391,0.09441,0.093,0.094,116882306.0,10967942.39596
2026-03-06 08:00:00,0.09399,0.094,0.09245,0.09309,91746407.0,8551485.8015
2026-03-06 12:00:00,0.0931,0.09356,0.09,0.09026,380945859.0,34755482.33167
2026-03-06 16:00:00,0.09025,0.09131,0.09001,0.09086,151171588.0,13706455.49874
2026-03-06 20:00:00,0.09087,0.09169,0.09057,0.09129,67301720.0,6135967.07957
2026-03-07 00:00:00,0.09129,0.09213,0.09104,0.09107,86125205.0,7881279.79945
2026-03-07 04:00:00,0.09107,0.09126,0.09039,0.09057,47222993.0,4285657.1465
2026-03-07 08:00:00,0.09058,0.09086,0.09004,0.0906,67668219.0,6123117.18187
2026-03-07 12:00:00,0.09059,0.09066,0.08943,0.09002,122776101.0,11050728.07585
2026-03-07 16:00:00,0.09001,0.09063,0.08927,0.08959,82446080.0,7411321.30735
2026-03-07 20:00:00,0.0896,0.0902,0.08942,0.08993,37546861.0,3374692.00574
2026-03-08 00:00:00,0.08993,0.0902,0.08878,0.08935,91989929.0,8226501.87391
2026-03-08 04:00:00,0.08936,0.08971,0.08875,0.08932,91622959.0,8177349.34172
2026-03-08 08:00:00,0.08931,0.09133,0.08894,0.08935,133178098.0,11971897.37127
2026-03-08 12:00:00,0.08936,0.08949,0.0879,0.08871,192577038.0,17070327.24128
2026-03-08 16:00:00,0.08871,0.0897,0.0882,0.08934,82323827.0,7310234.46867
2026-03-08 20:00:00,0.08934,0.09011,0.08666,0.08915,242429556.0,21439416.5682
2026-03-09 00:00:00,0.08914,0.09169,0.089,0.09038,222570045.0,20107316.68815
2026-03-09 04:00:00,0.09039,0.09178,0.08933,0.08999,174646890.0,15845484.39986
2026-03-09 08:00:00,0.09,0.09138,0.08975,0.09037,132585486.0,11999937.56268
2026-03-09 12:00:00,0.09038,0.09246,0.09038,0.09112,219331353.0,20065677.23726
2026-03-09 16:00:00,0.09113,0.09283,0.09066,0.09128,158375263.0,14491127.32306
2026-03-09 20:00:00,0.09128,0.09182,0.09022,0.09049,89141721.0,8108564.04504
2026-03-10 00:00:00,0.09048,0.09238,0.09033,0.09122,129521045.0,11852140.62055
2026-03-10 04:00:00,0.09122,0.09248,0.09115,0.09235,113611867.0,10445034.08637
2026-03-10 08:00:00,0.09235,0.09591,0.09225,0.0945,291089312.0,27457791.55833
2026-03-10 12:00:00,0.09451,0.09975,0.09427,0.09912,709657398.0,68923658.26946
2026-03-10 16:00:00,0.09912,0.10046,0.09431,0.09477,460796852.0,45134302.82557
2026-03-10 20:00:00,0.09476,0.09532,0.0939,0.09452,131089655.0,12403471.93158
2026-03-11 00:00:00,0.09452,0.09509,0.09243,0.09262,187129743.0,17519050.84854
2026-03-11 04:00:00,0.09261,0.09324,0.09143,0.09194,243732016.0,22511997.07471
2026-03-11 08:00:00,0.09194,0.09241,0.09153,0.09197,106743460.0,9814963.37791
2026-03-11 12:00:00,0.09198,0.09485,0.0912,0.09237,392456367.0,36548624.08448
2026-03-11 16:00:00,0.09237,0.09462,0.09225,0.09384,183033941.0,17121920.93091
2026-03-11 20:00:00,0.09384,0.09422,0.09276,0.09288,66889967.0,6256022.65024
2026-03-12 00:00:00,0.09289,0.09304,0.0918,0.09216,71772231.0,6627204.30461
2026-03-12 04:00:00,0.09216,0.093,0.0918,0.09291,98374862.0,9085150.92884
2026-03-12 08:00:00,0.09291,0.09519,0.0924,0.09469,170574118.0,15984322.20854
2026-03-12 12:00:00,0.0947,0.09586,0.09307,0.09409,313792237.0,29675566.75933
2026-03-12 16:00:00,0.09409,0.09492,0.09334,0.09443,96978675.0,9149068.71985
2026-03-12 20:00:00,0.09443,0.09534,0.09403,0.09475,78404063.0,7426147.71422
2026-03-13 00:00:00,0.09474,0.09806,0.09454,0.09676,297583411.0,28741663.89411
2026-03-13 04:00:00,0.09677,0.09689,0.0958,0.09651,80856367.0,7795449.73182
2026-03-13 08:00:00,0.09651,0.1004,0.0961,0.10003,371131935.0,36674699.34044
2026-03-13 12:00:00,0.10003,0.10199,0.09733,0.09795,582949657.0,58122684.23976
2026-03-13 16:00:00,0.09795,0.09847,0.09543,0.09603,254990008.0,24743992.29292
2026-03-13 20:00:00,0.09604,0.09679,0.09545,0.09596,89783597.0,8627711.77492
2026-03-14 00:00:00,0.09596,0.09627,0.09503,0.09605,174939853.0,16732585.71412
2026-03-14 04:00:00,0.09605,0.09643,0.09426,0.09463,133214395.0,12681332.93722
2026-03-14 08:00:00,0.09462,0.09553,0.094,0.09527,104066827.0,9847060.85367
2026-03-14 12:00:00,0.09527,0.09567,0.09444,0.09493,124752880.0,11848884.32637
2026-03-14 16:00:00,0.09493,0.09545,0.09436,0.09479,45119167.0,4282293.16643
2026-03-14 20:00:00,0.09479,0.09618,0.09461,0.09604,63347422.0,6039390.30833
2026-03-15 00:00:00,0.09605,0.09746,0.0954,0.09601,162638867.0,15673550.44569
2026-03-15 04:00:00,0.09601,0.0965,0.09553,0.09562,103258161.0,9905492.47427
2026-03-15 08:00:00,0.09563,0.09663,0.09561,0.09639,112601082.0,10833319.96756
2026-03-15 12:00:00,0.0964,0.09666,0.09466,0.09498,139812532.0,13341375.49596
2026-03-15 16:00:00,0.09497,0.09583,0.09445,0.09518,88801088.0,8433938.88193
2026-03-15 20:00:00,0.09518,0.09809,0.09496,0.09738,204649057.0,19781210.82205
2026-03-16 00:00:00,0.09738,0.10143,0.09704,0.09997,421608050.0,41777750.29402
2026-03-16 04:00:00,0.09998,0.10268,0.09979,0.10202,437193203.0,44332134.80579
2026-03-16 08:00:00,0.10203,0.10297,0.09938,0.09995,398854954.0,40174892.35292
2026-03-16 12:00:00,0.09996,0.10351,0.09973,0.10007,523207240.0,52966749.70782
2026-03-16 16:00:00,0.10007,0.10296,0.09987,0.10198,162159074.0,16442398.74416
2026-03-16 20:00:00,0.10198,0.10375,0.10122,0.10304,179467111.0,18408727.82227
2026-03-17 00:00:00,0.10304,0.10449,0.10066,0.10124,352481390.0,36271540.42734
2026-03-17 04:00:00,0.10125,0.10166,0.09947,0.10052,190574390.0,19154173.40579
2026-03-17 08:00:00,0.10053,0.10144,0.1,0.10016,139881246.0,14074269.83853
2026-03-17 12:00:00,0.10016,0.10053,0.0983,0.09967,287999653.0,28629271.33436
2026-03-17 16:00:00,0.09967,0.10113,0.09941,0.10024,97058562.0,9735018.69541
2026-03-17 20:00:00,0.10024,0.10174,0.09995,0.10015,72655708.0,7323897.84091
2026-03-18 00:00:00,0.10015,0.10185,0.09968,0.10116,94353478.0,9514115.78847
2026-03-18 04:00:00,0.10116,0.10123,0.09922,0.09956,150285533.0,15040795.90014
2026-03-18 08:00:00,0.09956,0.10011,0.09661,0.09711,215679569.0,21137489.61106
2026-03-18 12:00:00,0.0971,0.09711,0.09389,0.09436,403795791.0,38542671.04634
2026-03-18 16:00:00,0.09435,0.09555,0.09328,0.09463,351799349.0,33202718.09714
2026-03-18 20:00:00,0.09464,0.09562,0.09394,0.09526,102166546.0,9700717.31727
2026-03-19 00:00:00,0.09526,0.09609,0.09445,0.09546,90474259.0,8618062.34658
2026-03-19 04:00:00,0.09545,0.09551,0.0932,0.09439,169130576.0,15960801.09885
2026-03-19 08:00:00,0.09439,0.0954,0.09377,0.09401,115219949.0,10889814.55221
2026-03-19 12:00:00,0.09402,0.09402,0.09215,0.09287,182529990.0,16964636.39825
2026-03-19 16:00:00,0.09287,0.09396,0.09177,0.09333,108535951.0,10066408.79268
2026-03-19 20:00:00,0.09333,0.09381,0.093,0.09354,68185264.0,6374363.99438
2026-03-20 00:00:00,0.09353,0.09466,0.0935,0.0941,86613454.0,8151613.98953
2026-03-20 04:00:00,0.09409,0.09541,0.09363,0.09409,95391503.0,9020150.33214
2026-03-20 08:00:00,0.09409,0.0951,0.0935,0.09407,77162801.0,7275386.61556
2026-03-20 12:00:00,0.09408,0.09444,0.0931,0.09422,124551602.0,11685689.03591
2026-03-20 16:00:00,0.09421,0.09445,0.09287,0.09371,72555833.0,6797651.03163
2026-03-20 20:00:00,0.09372,0.09495,0.0932,0.09416,58710496.0,5530165.89536
2026-03-21 00:00:00,0.09417,0.09499,0.09393,0.09474,54066150.0,5105294.33638
2026-03-21 04:00:00,0.09473,0.09494,0.09428,0.09437,42486316.0,4023180.77584
2026-03-21 08:00:00,0.09438,0.09451,0.0938,0.094,24910622.0,2345427.85063
2026-03-21 12:00:00,0.094,0.09467,0.09353,0.09464,72983154.0,6867084.58182
2026-03-21 16:00:00,0.09465,0.09467,0.09388,0.09408,36968398.0,3485115.36815
2026-03-21 20:00:00,0.09408,0.09443,0.09061,0.09135,172145924.0,15855999.36289
2026-03-22 00:00:00,0.09133,0.09287,0.09,0.09234,247899614.0,22664319.74487
2026-03-22 04:00:00,0.09234,0.09283,0.09132,0.09133,86311008.0,7955293.55363
2026-03-22 08:00:00,0.09133,0.09163,0.09075,0.09112,92271837.0,8406637.59952
2026-03-22 12:00:00,0.09112,0.09197,0.09112,0.09163,64313333.0,5885955.62924
2026-03-22 16:00:00,0.09162,0.09177,0.0901,0.09049,69294569.0,6297406.07932
2026-03-22 20:00:00,0.09049,0.09078,0.08916,0.09015,166591787.0,14981699.89698
2026-03-23 00:00:00,0.09015,0.09149,0.08978,0.09064,72358979.0,6561258.916
2026-03-23 04:00:00,0.09065,0.09125,0.08977,0.09045,69218429.0,6266772.73712
2026-03-23 08:00:00,0.09046,0.09535,0.08925,0.09254,419916845.0,39041955.34684
2026-03-23 12:00:00,0.09255,0.09577,0.09189,0.0938,254756824.0,23900012.58334
2026-03-23 16:00:00,0.09379,0.09578,0.09308,0.09489,124606700.0,11778360.48916
2026-03-23 20:00:00,0.09489,0.0955,0.09353,0.09415,80534876.0,7614377.97506
2026-03-24 00:00:00,0.09416,0.09439,0.0927,0.09378,73298596.0,6849422.20688
2026-03-24 04:00:00,0.09377,0.09543,0.09318,0.09524,76906626.0,7231782.35305
2026-03-24 08:00:00,0.09525,0.09562,0.0936,0.09425,128592517.0,12182362.97044
2026-03-24 12:00:00,0.09425,0.09466,0.09266,0.09337,147098966.0,13791543.53838
2026-03-24 16:00:00,0.09337,0.09378,0.09245,0.09312,75084287.0,6978986.84141
2026-03-24 20:00:00,0.09312,0.09543,0.09305,0.0951,101475253.0,9604802.49677
2026-03-25 00:00:00,0.09511,0.09549,0.09441,0.09522,96348759.0,9157393.44544
2026-03-25 04:00:00,0.09521,0.0977,0.095,0.0968,262841369.0,25396210.54583
2026-03-25 08:00:00,0.09681,0.0975,0.09644,0.09699,111107755.0,10783113.01277
2026-03-25 12:00:00,0.09699,0.09796,0.09558,0.09596,207240846.0,20054230.02981
2026-03-25 16:00:00,0.09597,0.0971,0.09582,0.09644,76431481.0,7370820.59023
2026-03-25 20:00:00,0.09644,0.0968,0.09574,0.09618,47611487.0,4579950.02916
2026-03-26 00:00:00,0.09618,0.09627,0.0941,0.09459,119444121.0,11342812.6859
2026-03-26 04:00:00,0.09459,0.09461,0.09226,0.09275,133067838.0,12391756.25775
2026-03-26 08:00:00,0.09275,0.09276,0.09113,0.09133,227549673.0,20875218.4831
2026-03-26 12:00:00,0.09133,0.0922,0.09056,0.09096,161372798.0,14753347.30018
2026-03-26 16:00:00,0.09097,0.09156,0.09059,0.0911,105453214.0,9612644.11443
2026-03-26 20:00:00,0.09111,0.09276,0.09096,0.09205,100725627.0,9278635.74965
2026-03-27 00:00:00,0.09205,0.09271,0.09178,0.09195,41645629.0,3836874.22601
2026-03-27 04:00:00,0.09196,0.09235,0.09138,0.09222,50703257.0,4662135.44433
2026-03-27 08:00:00,0.09223,0.09241,0.0893,0.09013,182752442.0,16514596.35116
2026-03-27 12:00:00,0.09012,0.09093,0.08932,0.09036,146423923.0,13179514.69073
2026-03-27 16:00:00,0.09035,0.09053,0.08947,0.09007,69100978.0,6219038.87776
2026-03-27 20:00:00,0.09007,0.09032,0.08965,0.09011,43685473.0,3931306.11779
2026-03-28 00:00:00,0.0901,0.09067,0.08982,0.08989,42351481.0,3817953.89002
2026-03-28 04:00:00,0.0899,0.09129,0.08969,0.0912,38388203.0,3469655.99856
2026-03-28 08:00:00,0.0912,0.09216,0.09081,0.09137,77466362.0,7080230.53517
2026-03-28 12:00:00,0.09136,0.09533,0.09115,0.09405,284386796.0,26586717.28196
2026-03-28 16:00:00,0.09406,0.0943,0.09197,0.09226,135249105.0,12579241.93376
2026-03-28 20:00:00,0.09227,0.09246,0.0904,0.091,84761876.0,7743677.46716
2026-03-29 00:00:00,0.09099,0.09169,0.09056,0.09145,59256231.0,5398134.96177
2026-03-29 04:00:00,0.09144,0.09147,0.0907,0.09118,47004111.0,4282900.7515
2026-03-29 08:00:00,0.09118,0.09137,0.09038,0.09098,39744987.0,3614103.35746
2026-03-29 12:00:00,0.09097,0.09098,0.09001,0.09018,70532879.0,6377595.31884
2026-03-29 16:00:00,0.09017,0.09083,0.0899,0.09064,48962061.0,4423399.0425
2026-03-29 20:00:00,0.09064,0.09157,0.088,0.09045,166789495.0,14965411.27307
2026-03-30 00:00:00,0.09046,0.09289,0.09026,0.09245,131072948.0,12041788.65132
2026-03-30 04:00:00,0.09246,0.09366,0.09246,0.09334,225061409.0,20930968.14577
2026-03-30 08:00:00,0.09334,0.09394,0.09209,0.09288,123914221.0,11524381.97536
2026-03-30 12:00:00,0.09289,0.09334,0.09232,0.0929,126713262.0,11771657.35692
2026-03-30 16:00:00,0.0929,0.09304,0.09049,0.09094,121381631.0,11114822.06585
2026-03-30 20:00:00,0.09094,0.09155,0.09038,0.09083,80371914.0,7309824.69768
2026-03-31 00:00:00,0.09084,0.09277,0.09052,0.09166,128667692.0,11798510.14439
2026-03-31 04:00:00,0.09167,0.09194,0.091,0.09128,71644722.0,6551202.14411
2026-03-31 08:00:00,0.09128,0.09152,0.08937,0.09036,146626770.0,13231629.00333
2026-03-31 12:00:00,0.09036,0.09191,0.09014,0.09042,138656677.0,12622080.63325
2026-03-31 16:00:00,0.09042,0.09265,0.09032,0.09214,152993850.0,14040810.37925
2026-03-31 20:00:00,0.09214,0.09284,0.09135,0.09232,88720775.0,8173123.06642
2026-04-01 00:00:00,0.09232,0.09278,0.0916,0.09246,80331238.0,7404705.85047
2026-04-01 04:00:00,0.09246,0.09453,0.09216,0.09326,192948190.0,18053147.39652
2026-04-01 08:00:00,0.09326,0.09342,0.09188,0.09252,119715034.0,11072088.44616
2026-04-01 12:00:00,0.09252,0.09326,0.09211,0.09308,87949730.0,8154466.6422
2026-04-01 16:00:00,0.09308,0.09429,0.0924,0.09285,104122979.0,9704188.62601
2026-04-01 20:00:00,0.09286,0.09335,0.09208,0.09219,56777396.0,5261119.64985
2026-04-02 00:00:00,0.09218,0.09273,0.08954,0.09014,266203780.0,24145652.47057
2026-04-02 04:00:00,0.09013,0.09038,0.08922,0.09025,133892436.0,12041903.76298
2026-04-02 08:00:00,0.09025,0.09056,0.08949,0.08997,77762977.0,7000608.34862
2026-04-02 12:00:00,0.08997,0.0912,0.08899,0.09033,115571264.0,10404988.45758
2026-04-02 16:00:00,0.09033,0.09083,0.08964,0.0903,53853987.0,4856147.62401
2026-04-02 20:00:00,0.09029,0.09072,0.09009,0.0904,25294051.0,2286975.12674
2026-04-03 00:00:00,0.0904,0.09077,0.08992,0.0906,48895407.0,4416687.99775
2026-04-03 04:00:00,0.09061,0.09154,0.09031,0.09118,60777327.0,5536024.98298
2026-04-03 08:00:00,0.09118,0.09168,0.09103,0.09146,42622650.0,3895401.42229
2026-04-03 12:00:00,0.09146,0.09225,0.09081,0.09151,110588081.0,10124981.58916
2026-04-03 16:00:00,0.09152,0.09259,0.09118,0.09178,82149784.0,7549108.49196
2026-04-03 20:00:00,0.09177,0.09237,0.09125,0.09156,45086301.0,4143837.64436
2026-04-04 00:00:00,0.09155,0.09155,0.09094,0.09125,34157919.0,3116621.22618
2026-04-04 04:00:00,0.09126,0.09152,0.09102,0.09137,27828586.0,2539192.27019
2026-04-04 08:00:00,0.09138,0.09138,0.09073,0.09114,24369258.0,2218170.16481
2026-04-04 12:00:00,0.09115,0.09194,0.09074,0.09176,56510173.0,5155495.16786
2026-04-04 16:00:00,0.09177,0.09312,0.09152,0.09228,111502380.0,10295395.8078
2026-04-04 20:00:00,0.09228,0.09242,0.09182,0.09207,39970589.0,3683145.74034
2026-04-05 00:00:00,0.09206,0.09215,0.09131,0.09139,44303972.0,4057450.59562
2026-04-05 04:00:00,0.09139,0.09139,0.0899,0.09009,106070142.0,9590484.04886
2026-04-05 08:00:00,0.0901,0.09063,0.09002,0.09035,37009279.0,3341932.10836
2026-04-05 12:00:00,0.09035,0.09146,0.08971,0.09066,120885763.0,10915330.82106
2026-04-05 16:00:00,0.09067,0.09086,0.09022,0.09052,33858974.0,3065464.11574
2026-04-05 20:00:00,0.09053,0.09244,0.09023,0.09238,104155475.0,9519720.53674
2026-04-06 00:00:00,0.09239,0.09362,0.09148,0.09232,264125524.0,24516112.0184
2026-04-06 04:00:00,0.09231,0.0929,0.09174,0.0921,72472213.0,6692837.36952
2026-04-06 08:00:00,0.09211,0.0935,0.09193,0.09304,104573180.0,9720009.42132
2026-04-06 12:00:00,0.09305,0.09314,0.09211,0.09283,96241779.0,8916290.7619
2026-04-06 16:00:00,0.09284,0.09291,0.0916,0.09194,63328410.0,5833722.74938
2026-04-06 20:00:00,0.09195,0.09199,0.08993,0.09061,185413388.0,16796403.9265
2026-04-07 00:00:00,0.0906,0.09097,0.09023,0.09053,76458419.0,6929042.40039
2026-04-07 04:00:00,0.09052,0.0908,0.09024,0.0906,100524532.0,9099796.06146
2026-04-07 08:00:00,0.0906,0.09147,0.09031,0.09053,99611394.0,9047293.68259
2026-04-07 12:00:00,0.09053,0.09089,0.09005,0.0904,89885529.0,8128949.32009
2026-04-07 16:00:00,0.09039,0.09236,0.09036,0.09228,146741262.0,13432046.66057
2026-04-07 20:00:00,0.09229,0.09606,0.09207,0.09492,557007502.0,52398087.31013
2026-04-08 00:00:00,0.09492,0.09525,0.09374,0.09459,187730628.0,17736685.72174
2026-04-08 04:00:00,0.09459,0.09508,0.09438,0.09457,100990343.0,9568694.6387
2026-04-08 08:00:00,0.09457,0.0956,0.09374,0.09425,193911677.0,18359249.4913
2026-04-08 12:00:00,0.09426,0.09511,0.09263,0.09343,189446120.0,17787532.84245
2026-04-08 16:00:00,0.09343,0.09413,0.09275,0.0931,75581892.0,7064101.62507
2026-04-08 20:00:00,0.09309,0.09378,0.09213,0.0924,80318033.0,7457049.50079
2026-04-09 00:00:00,0.0924,0.09247,0.09109,0.09155,123837609.0,11362511.14523
2026-04-09 04:00:00,0.09154,0.09187,0.09091,0.0914,133964864.0,12231904.87968
2026-04-09 08:00:00,0.09139,0.09207,0.0912,0.09168,66609290.0,6102806.2407
2026-04-09 12:00:00,0.09168,0.09326,0.09096,0.09289,190860361.0,17523458.35768
2026-04-09 16:00:00,0.0929,0.09388,0.09208,0.09382,145035546.0,13504594.72898
2026-04-09 20:00:00,0.09381,0.09499,0.09233,0.0926,142591364.0,13375995.81386
2026-04-10 00:00:00,0.09259,0.09284,0.09192,0.09219,68557571.0,6336497.04918
2026-04-10 04:00:00,0.0922,0.0932,0.09212,0.09229,60864435.0,5636362.40515
2026-04-10 08:00:00,0.09229,0.0927,0.09195,0.09248,76508940.0,7066829.37363
2026-04-10 12:00:00,0.09248,0.0946,0.0923,0.09333,216910295.0,20296045.38621
2026-04-10 16:00:00,0.09334,0.09529,0.09334,0.09503,163608332.0,15466698.9749
2026-04-10 20:00:00,0.09504,0.0952,0.09355,0.09368,114658082.0,10816211.77757
2026-04-11 00:00:00,0.09369,0.0941,0.09325,0.09366,60610685.0,5677258.00318
2026-04-11 04:00:00,0.09367,0.09386,0.09267,0.09289,69859131.0,6499707.41479
2026-04-11 08:00:00,0.09289,0.09306,0.09261,0.09294,44119806.0,4096653.67815
2026-04-11 12:00:00,0.09293,0.09308,0.09224,0.09274,117140913.0,10859398.99007
2026-04-11 16:00:00,0.09274,0.09478,0.09271,0.0947,127827579.0,11989092.76143
2026-04-11 20:00:00,0.0947,0.09489,0.0928,0.09309,107007870.0,10045709.63756
2026-04-12 00:00:00,0.09309,0.09326,0.09062,0.09116,266400424.0,24390031.14719
2026-04-12 04:00:00,0.09115,0.09162,0.091,0.09139,144232774.0,13166868.69903
2026-04-12 08:00:00,0.09138,0.09142,0.09094,0.09132,79287544.0,7228559.46839
2026-04-12 12:00:00,0.09131,0.09141,0.09028,0.09064,138841369.0,12606544.37143
2026-04-12 16:00:00,0.09065,0.0913,0.09054,0.09092,63211018.0,5748036.33212
2026-04-12 20:00:00,0.09091,0.09174,0.0905,0.09084,70451346.0,6408133.33567
2026-04-13 00:00:00,0.09085,0.09154,0.09076,0.0912,67104921.0,6122672.86209
2026-04-13 04:00:00,0.09119,0.09154,0.09079,0.09089,103223486.0,9399222.34062
2026-04-13 08:00:00,0.09089,0.09129,0.09069,0.09093,63152790.0,5741072.28282
2026-04-13 12:00:00,0.09093,0.09266,0.09082,0.09172,178232293.0,16341403.91307
2026-04-13 16:00:00,0.09172,0.09327,0.09135,0.0931,152621823.0,14052893.32037
2026-04-13 20:00:00,0.0931,0.09437,0.09244,0.09411,343491266.0,32181375.12006
2026-04-14 00:00:00,0.09411,0.09429,0.09305,0.09356,178862177.0,16750279.53896
2026-04-14 04:00:00,0.09356,0.09374,0.0927,0.09361,95666635.0,8922783.45793
2026-04-14 08:00:00,0.09361,0.09579,0.0934,0.09431,274095951.0,25902129.32279
2026-04-14 12:00:00,0.09431,0.09805,0.09372,0.09541,485615249.0,46699754.84277
2026-04-14 16:00:00,0.0954,0.09603,0.09239,0.09285,172003624.0,16203031.15017
2026-04-14 20:00:00,0.09285,0.09339,0.09241,0.09297,110712698.0,10279704.33343
2026-04-15 00:00:00,0.09297,0.09362,0.09295,0.09316,82301321.0,7679342.02929
2026-04-15 04:00:00,0.09316,0.09392,0.09257,0.09279,98693580.0,9190740.29353
2026-04-15 08:00:00,0.0928,0.09377,0.09261,0.09355,78014431.0,7261347.07202
2026-04-15 12:00:00,0.09355,0.09418,0.09312,0.09359,96064640.0,8991998.64488
2026-04-15 16:00:00,0.09359,0.09679,0.0935,0.09607,168677074.0,16078065.47584
2026-04-15 20:00:00,0.09607,0.09617,0.0944,0.09488,119998726.0,11427740.52938
2026-04-16 00:00:00,0.09489,0.09745,0.09452,0.09702,186605504.0,17932227.92149
2026-04-16 04:00:00,0.09703,0.09799,0.0961,0.09649,206343326.0,20013283.49444
2026-04-16 08:00:00,0.09649,0.09661,0.09533,0.09634,131187766.0,12593768.49664
2026-04-16 12:00:00,0.09633,0.09775,0.09449,0.09731,376561390.0,36223947.32556
2026-04-16 16:00:00,0.09731,0.09988,0.09642,0.09943,437867588.0,43048625.63338
2026-04-16 20:00:00,0.09943,0.09981,0.098,0.09921,255290791.0,25279701.79533
2026-04-17 00:00:00,0.09921,0.09964,0.09734,0.09776,188728052.0,18577348.32705
2026-04-17 04:00:00,0.09775,0.09853,0.09671,0.09808,123260430.0,12020584.13166
2026-04-17 08:00:00,0.09808,0.09952,0.0977,0.09875,210816509.0,20763009.85246
2026-04-17 12:00:00,0.09876,0.10155,0.09845,0.10058,504295615.0,50719447.86678
2026-04-17 16:00:00,0.10057,0.10218,0.09983,0.09998,220507943.0,22261212.96509
2026-04-17 20:00:00,0.09999,0.10064,0.09879,0.09941,129940290.0,12981709.00441
2026-04-18 00:00:00,0.0994,0.09976,0.09817,0.09855,135178552.0,13397051.92341
2026-04-18 04:00:00,0.09855,0.09908,0.0981,0.09888,74620990.0,7362173.24782
2026-04-18 08:00:00,0.09888,0.09889,0.09555,0.09602,327989237.0,31802037.96244
2026-04-18 12:00:00,0.09601,0.09641,0.09544,0.09599,146872625.0,14093900.21244
2026-04-18 16:00:00,0.09599,0.09618,0.0941,0.0948,144472512.0,13747274.14438
2026-04-18 20:00:00,0.09479,0.09537,0.09461,0.09479,75583150.0,7179847.95496
2026-04-19 00:00:00,0.0948,0.0951,0.09436,0.09476,96678020.0,9165831.36054
2026-04-19 04:00:00,0.09476,0.09522,0.0935,0.09414,154792067.0,14609026.24219
2026-04-19 08:00:00,0.09413,0.09495,0.09344,0.09453,155705596.0,14665220.7421
2026-04-19 12:00:00,0.09453,0.09643,0.09425,0.09559,366032579.0,34861317.157
2026-04-19 16:00:00,0.09559,0.09569,0.09373,0.0945,144513776.0,13658298.31708
2026-04-19 20:00:00,0.09449,0.0945,0.09255,0.09302,170778020.0,15927530.72076
2026-04-20 00:00:00,0.09303,0.09434,0.0929,0.09426,93879687.0,8814311.70705
2026-04-20 04:00:00,0.09426,0.09546,0.09359,0.09457,132622350.0,12523313.77567
2026-04-20 08:00:00,0.09457,0.09502,0.09404,0.09449,126057992.0,11913502.585
2026-04-20 12:00:00,0.09449,0.09541,0.09407,0.09497,167667810.0,15895088.26904
2026-04-20 16:00:00,0.09497,0.09577,0.09437,0.09553,146794762.0,13956408.01195
2026-04-20 20:00:00,0.09553,0.09609,0.09499,0.09521,74735362.0,7141828.83184
2026-04-21 00:00:00,0.09521,0.096,0.09462,0.09488,86139146.0,8215776.76224
2026-04-21 04:00:00,0.09489,0.09582,0.09488,0.09528,88329614.0,8416721.78698
2026-04-21 08:00:00,0.09527,0.09593,0.09518,0.09544,74113999.0,7080579.56294
2026-04-21 12:00:00,0.09545,0.0957,0.09443,0.09477,112603414.0,10701024.53523
2026-04-21 16:00:00,0.09478,0.09517,0.09356,0.09387,97926723.0,9241961.07215
2026-04-21 20:00:00,0.09387,0.09527,0.09379,0.09518,52704631.0,4986120.86019
2026-04-22 00:00:00,0.09519,0.09694,0.09487,0.0963,145983776.0,14011857.43385
2026-04-22 04:00:00,0.0963,0.09832,0.09601,0.09752,215311533.0,20956940.15434
2026-04-22 08:00:00,0.09753,0.0986,0.09728,0.09802,134694653.0,13195783.04337
2026-04-22 12:00:00,0.09802,0.09832,0.09736,0.09788,162647350.0,15913834.44488
2026-04-22 16:00:00,0.09789,0.0982,0.0963,0.09669,114155302.0,11096298.25724
2026-04-22 20:00:00,0.09668,0.0969,0.0956,0.09565,83818941.0,8078114.04693
2026-04-23 00:00:00,0.09564,0.09661,0.09528,0.0956,180720642.0,17346398.62012
2026-04-23 04:00:00,0.0956,0.09648,0.09554,0.09593,110320483.0,10584227.90432
2026-04-23 08:00:00,0.09593,0.09632,0.09532,0.09618,99242226.0,9507298.29575
2026-04-23 12:00:00,0.09618,0.09803,0.09586,0.09738,233086392.0,22637108.42214
2026-04-23 16:00:00,0.09737,0.09745,0.09516,0.09622,185057518.0,17810417.14857
2026-04-23 20:00:00,0.09622,0.09774,0.09617,0.09714,104617112.0,10160291.13544
2026-04-24 00:00:00,0.09714,0.09805,0.09691,0.09723,169925783.0,16577476.01373
2026-04-24 04:00:00,0.09723,0.09821,0.09698,0.09781,159750361.0,15587665.84702
2026-04-24 08:00:00,0.09781,0.09856,0.09682,0.09821,195197418.0,19084663.41851
2026-04-24 12:00:00,0.09822,0.09856,0.09725,0.09809,149494873.0,14649194.52756
2026-04-24 16:00:00,0.0981,0.09848,0.09767,0.09842,91908183.0,9016047.02123
2026-04-24 20:00:00,0.09842,0.09957,0.09787,0.09843,214428362.0,21146343.76222
2026-04-25 00:00:00,0.09842,0.09909,0.09803,0.09883,114198267.0,11254058.50228
2026-04-25 04:00:00,0.09883,0.0991,0.0981,0.09841,90127558.0,8884608.6994
2026-04-25 08:00:00,0.09841,0.0987,0.09786,0.09797,75733407.0,7450950.13146
2026-04-25 12:00:00,0.09797,0.09879,0.09773,0.09819,81707318.0,8030545.24109
2026-04-25 16:00:00,0.09818,0.09833,0.09738,0.09768,86648594.0,8474484.66177
2026-04-25 20:00:00,0.09769,0.09826,0.09759,0.098,46599065.0,4564715.48502
2026-04-26 00:00:00,0.09799,0.09847,0.09758,0.09778,83953851.0,8222972.63845
2026-04-26 04:00:00,0.09778,0.09872,0.09748,0.09858,86138922.0,8463288.88183
2026-04-26 08:00:00,0.09858,0.09918,0.0983,0.09903,99387858.0,9809149.86894
2026-04-26 12:00:00,0.09904,0.09915,0.09812,0.09903,115266580.0,11381416.56631
2026-04-26 16:00:00,0.09903,0.09972,0.0985,0.09919,87966408.0,8718631.48005
2026-04-26 20:00:00,0.09919,0.09994,0.09869,0.09922,98962036.0,9826018.70087
2026-04-27 00:00:00,0.09922,0.10086,0.09889,0.10021,164849779.0,16503576.14242
2026-04-27 04:00:00,0.10022,0.10056,0.09762,0.09784,190539053.0,18812169.16559
2026-04-27 08:00:00,0.09783,0.09855,0.09769,0.09851,172888532.0,16975765.29941
2026-04-27 12:00:00,0.0985,0.09925,0.09694,0.09722,215376114.0,21116092.86046
2026-04-27 16:00:00,0.09723,0.09813,0.09707,0.09786,76227274.0,7445041.2813
2026-04-27 20:00:00,0.09785,0.0991,0.09785,0.09895,57545913.0,5668208.69323
2026-04-28 00:00:00,0.09894,0.09955,0.09861,0.09934,181658266.0,18015583.40448
2026-04-28 04:00:00,0.09935,0.10103,0.09898,0.09965,371052860.0,37103194.73346
2026-04-28 08:00:00,0.09965,0.09998,0.09843,0.09861,150439098.0,14926459.10266
2026-04-28 12:00:00,0.09861,0.09955,0.09806,0.09954,178008108.0,17558100.23333
2026-04-28 16:00:00,0.09953,0.09987,0.09918,0.09974,98316807.0,9783443.97713
2026-04-28 20:00:00,0.09974,0.10022,0.09885,0.09935,107248829.0,10682916.06525
2026-04-29 00:00:00,0.09934,0.10145,0.09924,0.10137,246289321.0,24680565.44178
2026-04-29 04:00:00,0.10137,0.10547,0.10115,0.10496,528816061.0,54423769.73218
2026-04-29 08:00:00,0.10497,0.112,0.10464,0.10969,870296894.0,94213473.69221
2026-04-29 12:00:00,0.10969,0.10973,0.10295,0.1034,590156101.0,62657062.13359
2026-04-29 16:00:00,0.10339,0.10556,0.10096,0.10145,450744339.0,46180072.06356
2026-04-29 20:00:00,0.10145,0.10422,0.10141,0.10408,127478945.0,13124790.13348
2026-04-30 00:00:00,0.10407,0.10841,0.10397,0.1068,503850224.0,53583025.63182
2026-04-30 04:00:00,0.10679,0.10708,0.10434,0.10701,254370800.0,26885218.77322
2026-04-30 08:00:00,0.10701,0.10813,0.10564,0.1064,258294579.0,27623834.55907
2026-04-30 12:00:00,0.1064,0.10758,0.10589,0.10708,208316480.0,22229271.86341
2026-04-30 16:00:00,0.10709,0.10717,0.10541,0.10617,152146259.0,16154183.89225
2026-04-30 20:00:00,0.10617,0.10689,0.10585,0.1065,78508030.0,8355230.82798
2026-05-01 00:00:00,0.1065,0.10985,0.10641,0.1091,317806263.0,34486806.25469
2026-05-01 04:00:00,0.10911,0.10948,0.10793,0.10824,133133367.0,14469178.69056
2026-05-01 08:00:00,0.10825,0.1092,0.10728,0.10885,134796019.0,14594846.00066
2026-05-01 12:00:00,0.10884,0.11055,0.1086,0.10944,313149521.0,34293636.31516
2026-05-01 16:00:00,0.10944,0.10972,0.10815,0.10911,126849444.0,13800162.35473
2026-05-01 20:00:00,0.10911,0.10967,0.10772,0.10853,106302485.0,11550484.53744
2026-05-02 00:00:00,0.10853,0.10935,0.10806,0.10816,80447725.0,8737969.70435
2026-05-02 04:00:00,0.10817,0.10837,0.10743,0.10791,107087036.0,11558827.92263
2026-05-02 08:00:00,0.10792,0.10807,0.10741,0.10773,67764301.0,7299560.01601
2026-05-02 12:00:00,0.10774,0.10922,0.10714,0.10901,117155205.0,12695697.66305
2026-05-02 16:00:00,0.10902,0.10936,0.10824,0.10842,87811357.0,9550187.09582
2026-05-02 20:00:00,0.10843,0.1092,0.108,0.10851,99789414.0,10834729.72619
2026-05-03 00:00:00,0.10851,0.10858,0.10715,0.10785,79725606.0,8585762.07856
2026-05-03 04:00:00,0.10785,0.10826,0.10751,0.10791,76411922.0,8247218.31322
2026-05-03 08:00:00,0.10792,0.10881,0.10751,0.1087,78920776.0,8531857.90035
2026-05-03 12:00:00,0.1087,0.1094,0.10827,0.10847,74949308.0,8155861.15582
2026-05-03 16:00:00,0.10848,0.10879,0.10802,0.1086,37127234.0,4026510.08096
2026-05-03 20:00:00,0.1086,0.10966,0.10774,0.1083,90947214.0,9900350.63895
2026-05-04 00:00:00,0.10829,0.11383,0.10765,0.11296,469879543.0,52351139.24316
2026-05-04 04:00:00,0.11297,0.11361,0.11102,0.11233,146484968.0,16486588.70875
2026-05-04 08:00:00,0.11232,0.11245,0.10878,0.1105,343405909.0,37790243.08844
2026-05-04 12:00:00,0.11049,0.11266,0.10961,0.11023,316126981.0,35041920.20612
2026-05-04 16:00:00,0.11024,0.11161,0.10984,0.11042,107297013.0,11876478.16191
2026-05-04 20:00:00,0.11042,0.11096,0.11,0.1101,56259930.0,6215916.31852
2026-05-05 00:00:00,0.11011,0.1118,0.10996,0.1114,67102151.0,7455169.33345
2026-05-05 04:00:00,0.11141,0.11195,0.11124,0.11145,87101271.0,9721953.58735
2026-05-05 08:00:00,0.11145,0.11219,0.11075,0.11197,103852662.0,11583737.70167
2026-05-05 12:00:00,0.11197,0.11294,0.11152,0.11241,198244164.0,22255074.49329
2026-05-05 16:00:00,0.1124,0.11449,0.11165,0.11356,241071515.0,27244452.07776
2026-05-05 20:00:00,0.11355,0.11651,0.11311,0.11484,228822738.0,26353083.75149
2026-05-06 00:00:00,0.11485,0.1161,0.11378,0.11594,170630728.0,19612676.83576
2026-05-06 04:00:00,0.11594,0.1164,0.11476,0.11574,195142014.0,22548165.61037
2026-05-06 08:00:00,0.11573,0.11706,0.1156,0.11659,212435436.0,24715833.43677
2026-05-06 12:00:00,0.11659,0.1168,0.11133,0.11306,474180717.0,53829115.34689
2026-05-06 16:00:00,0.11305,0.11363,0.11253,0.11295,115627748.0,13070374.30883
2026-05-06 20:00:00,0.11296,0.11327,0.11193,0.11245,72566981.0,8168274.41403
2026-05-07 00:00:00,0.11245,0.11251,0.11015,0.11029,157658251.0,17497853.38131
2026-05-07 04:00:00,0.11029,0.11178,0.11008,0.1117,184016251.0,20422239.15437
2026-05-07 08:00:00,0.11169,0.113,0.11077,0.11112,281204503.0,31369880.07499
2026-05-07 12:00:00,0.11111,0.11159,0.1067,0.10799,389587779.0,42462666.27011
2026-05-07 16:00:00,0.10799,0.10859,0.10707,0.10795,104730361.0,11304626.79266
2026-05-07 20:00:00,0.10794,0.10847,0.10735,0.10783,84161103.0,9069054.40564
2026-05-08 00:00:00,0.10784,0.10804,0.10581,0.1064,241799559.0,25815930.07844
2026-05-08 04:00:00,0.10639,0.10662,0.1056,0.10631,136740472.0,14516429.37406
2026-05-08 08:00:00,0.10631,0.10774,0.10615,0.10739,180516581.0,19346595.75911
2026-05-08 12:00:00,0.1074,0.1082,0.10629,0.10807,164984693.0,17693578.13683
2026-05-08 16:00:00,0.10807,0.10909,0.10726,0.10896,136389008.0,14782066.1301
2026-05-08 20:00:00,0.10897,0.10968,0.10847,0.10952,87958855.0,9603540.86997
2026-05-09 00:00:00,0.10953,0.11118,0.10937,0.11036,112947460.0,12465109.67195
2026-05-09 04:00:00,0.11036,0.11139,0.10992,0.11021,171994889.0,19030661.23728
2026-05-09 08:00:00,0.11021,0.11067,0.10944,0.10958,60785930.0,6680997.34332
2026-05-09 12:00:00,0.10958,0.10975,0.10809,0.10863,77088887.0,8388787.32039
2026-05-09 16:00:00,0.10863,0.10998,0.10848,0.10971,52914443.0,5779948.87843
2026-05-09 20:00:00,0.10972,0.10973,0.10858,0.10874,32708620.0,3570503.63191
2026-05-10 00:00:00,0.10874,0.109,0.10782,0.10848,59389259.0,6441912.79707
2026-05-10 04:00:00,0.10849,0.10875,0.10818,0.10854,25978120.0,2817678.35364
2026-05-10 08:00:00,0.10853,0.10927,0.10782,0.10821,102191521.0,11090314.65741
2026-05-10 12:00:00,0.1082,0.10914,0.10789,0.10913,86771353.0,9400310.06696
2026-05-10 16:00:00,0.10914,0.11168,0.10885,0.11109,179672377.0,19829507.49661
2026-05-10 20:00:00,0.1111,0.11286,0.10643,0.11246,530612641.0,58551360.29021
2026-05-11 00:00:00,0.11246,0.11276,0.10839,0.10911,302383948.0,33431116.03042
2026-05-11 04:00:00,0.1091,0.11015,0.10856,0.10928,171697514.0,18785588.81243
2026-05-11 08:00:00,0.10929,0.11042,0.10875,0.11032,109132645.0,11975722.56151
2026-05-11 12:00:00,0.11032,0.111,0.10892,0.11092,159721891.0,17564629.59814
2026-05-11 16:00:00,0.11092,0.11184,0.11039,0.11159,185049201.0,20572795.69234
2026-05-11 20:00:00,0.1116,0.1118,0.11097,0.11132,104290188.0,11615187.96682
2026-05-12 00:00:00,0.11131,0.1116,0.10973,0.11011,131398474.0,14560775.0466
2026-05-12 04:00:00,0.1101,0.1113,0.10976,0.1099,143380879.0,15819276.12713
2026-05-12 08:00:00,0.10991,0.11033,0.10857,0.10944,116802641.0,12780375.40126
2026-05-12 12:00:00,0.10944,0.10965,0.10793,0.10868,173307150.0,18868521.86418
2026-05-12 16:00:00,0.10868,0.11028,0.10752,0.10987,124765491.0,13592868.7562
2026-05-12 20:00:00,0.10987,0.11073,0.10982,0.11015,112666528.0,12419397.00469
2026-05-13 00:00:00,0.11016,0.11178,0.10994,0.11173,188041917.0,20915285.31262
2026-05-13 04:00:00,0.11174,0.11284,0.11129,0.11234,221790785.0,24858283.24393
2026-05-13 08:00:00,0.11235,0.11462,0.11199,0.1127,389461636.0,44294243.22911
2026-05-13 12:00:00,0.11269,0.11314,0.10965,0.10995,322683150.0,35948445.81604
2026-05-13 16:00:00,0.10995,0.11472,0.10989,0.11297,260037363.0,29312791.62936
2026-05-13 20:00:00,0.11296,0.11402,0.11233,0.11269,107285761.0,12141260.25028
2026-05-14 00:00:00,0.11269,0.11546,0.11215,0.1124,364660599.0,41604143.48173
2026-05-14 04:00:00,0.11241,0.11543,0.11197,0.11392,226456641.0,25867281.70447
2026-05-14 08:00:00,0.11391,0.11404,0.11276,0.11316,150549473.0,17062678.09345
2026-05-14 12:00:00,0.11315,0.11668,0.11304,0.11397,879052431.0,100846628.17048
2026-05-14 16:00:00,0.11397,0.11861,0.1134,0.11615,545468545.0,63213446.95782
2026-05-14 20:00:00,0.11616,0.11687,0.11496,0.11546,166392735.0,19295739.40567
2026-05-15 00:00:00,0.11545,0.11749,0.11519,0.11616,191002903.0,22225285.50233
2026-05-15 04:00:00,0.11616,0.11616,0.11262,0.11488,311611416.0,35629063.87035
2026-05-15 08:00:00,0.11489,0.11567,0.11383,0.11445,195817809.0,22481182.9126
2026-05-15 12:00:00,0.11445,0.1145,0.11072,0.11158,416993178.0,46926122.79418
2026-05-15 16:00:00,0.11158,0.11342,0.11147,0.11298,140378962.0,15822416.66432
2026-05-15 20:00:00,0.11299,0.11382,0.11257,0.11336,77926059.0,8829587.67084
2026-05-16 00:00:00,0.11335,0.11348,0.1122,0.11262,79463666.0,8962898.77296
2026-05-16 04:00:00,0.11261,0.11266,0.10909,0.11013,210603946.0,23348113.93959
2026-05-16 08:00:00,0.11012,0.11047,0.10818,0.10899,170440698.0,18608873.82595
2026-05-16 12:00:00,0.10899,0.10996,0.10775,0.1097,165865616.0,18046761.68348
2026-05-16 16:00:00,0.10969,0.11011,0.10927,0.10963,86623224.0,9507029.17691
2026-05-16 20:00:00,0.10963,0.11022,0.10922,0.10937,46050807.0,5050870.6795
2026-05-17 00:00:00,0.10937,0.10967,0.10809,0.10921,86119268.0,9372787.74594
2026-05-17 04:00:00,0.10921,0.11043,0.10914,0.1102,54722932.0,6014437.3926
2026-05-17 08:00:00,0.11019,0.11196,0.1098,0.11151,91811358.0,10199665.61764
2026-05-17 12:00:00,0.11151,0.11281,0.11017,0.11044,144166736.0,16063387.12098
2026-05-17 16:00:00,0.11043,0.111,0.10955,0.11074,68283554.0,7526093.72169
2026-05-17 20:00:00,0.11073,0.1113,0.10562,0.10899,228606488.0,24743241.67902
2026-05-18 00:00:00,0.10899,0.1091,0.10586,0.10658,297707972.0,31920106.686
2026-05-18 04:00:00,0.10659,0.10706,0.10365,0.1043,255180262.0,26771372.11709
2026-05-18 08:00:00,0.10431,0.10591,0.10377,0.10507,107301685.0,11216531.4234
2026-05-18 12:00:00,0.10507,0.10649,0.10305,0.10391,336360791.0,35324479.25074
2026-05-18 16:00:00,0.10392,0.10496,0.10252,0.10477,139143703.0,14416240.46038
2026-05-18 20:00:00,0.10478,0.10558,0.10391,0.10477,83959867.0,8799767.15965
2026-05-19 00:00:00,0.10477,0.10554,0.10388,0.10434,54798424.0,5735368.42055
2026-05-19 04:00:00,0.10433,0.10538,0.10413,0.10519,101839350.0,10657968.07492
2026-05-19 08:00:00,0.1052,0.10525,0.1036,0.10372,78656364.0,8205916.97736
2026-05-19 12:00:00,0.10373,0.10463,0.10288,0.1036,107493078.0,11150617.63909
2026-05-19 16:00:00,0.1036,0.10423,0.10315,0.10327,39473329.0,4093563.75747
2026-05-19 20:00:00,0.10327,0.1038,0.10266,0.103,41655040.0,4295464.78286
2026-05-20 00:00:00,0.10299,0.10311,0.1019,0.10288,116591361.0,11952290.30104
2026-05-20 04:00:00,0.10288,0.10412,0.10217,0.10361,71361209.0,7370593.64649
2026-05-20 08:00:00,0.10362,0.10414,0.10346,0.10371,47089624.0,4887693.98619
2026-05-20 12:00:00,0.1037,0.10497,0.10304,0.10419,110789741.0,11533407.4058
2026-05-20 16:00:00,0.10418,0.10485,0.10363,0.10424,71748941.0,7481567.49668
2026-05-20 20:00:00,0.10424,0.1044,0.10298,0.10371,38271825.0,3968317.57385
2026-05-21 00:00:00,0.10372,0.10585,0.10367,0.10565,77680318.0,8154231.06155
2026-05-21 04:00:00,0.10564,0.10614,0.10481,0.10563,112621527.0,11889887.042
2026-05-21 08:00:00,0.10564,0.10641,0.10383,0.1043,122781680.0,12919867.34439
2026-05-21 12:00:00,0.10431,0.10496,0.10385,0.10469,108718887.0,11358202.31096
2026-05-21 16:00:00,0.1047,0.10652,0.10422,0.10578,136945128.0,14454369.03089
2026-05-21 20:00:00,0.10578,0.10608,0.10519,0.10568,47149607.0,4979723.37584
2026-05-22 00:00:00,0.10567,0.10629,0.10504,0.10591,60377920.0,6387793.86014
2026-05-22 04:00:00,0.10591,0.10619,0.10492,0.10559,43421922.0,4582317.20365
2026-05-22 08:00:00,0.1056,0.10648,0.10544,0.10643,52386666.0,5548460.52415
2026-05-22 12:00:00,0.10644,0.10682,0.10522,0.10608,105887448.0,11238938.32747
2026-05-22 16:00:00,0.10608,0.10639,0.10271,0.10346,174089835.0,18162919.22755
2026-05-22 20:00:00,0.10347,0.10439,0.10152,0.10234,111767514.0,11538704.01294
2026-05-23 00:00:00,0.10234,0.10238,0.1007,0.1017,172912220.0,17551053.46565
2026-05-23 04:00:00,0.10169,0.10177,0.09736,0.09893,244665442.0,24438953.11156
2026-05-23 08:00:00,0.09892,0.09989,0.09879,0.09927,111119495.0,11052301.46452
2026-05-23 12:00:00,0.09926,0.10202,0.09893,0.10109,150638438.0,15174562.73981
2026-05-23 16:00:00,0.10109,0.10276,0.1008,0.10257,71206429.0,7249471.54225
2026-05-23 20:00:00,0.10257,0.1051,0.10229,0.10307,173864079.0,18006722.14299
2026-05-24 00:00:00,0.10308,0.1034,0.10274,0.10299,44293427.0,4565135.97016
2026-05-24 04:00:00,0.103,0.1033,0.10245,0.10291,37557884.0,3866990.08504
2026-05-24 08:00:00,0.10291,0.10394,0.10266,0.1033,83414441.0,8609636.19146
2026-05-24 12:00:00,0.10331,0.10334,0.10117,0.10195,92148044.0,9433952.75385
2026-05-24 16:00:00,0.10195,0.10253,0.10184,0.10211,27059039.0,2765126.47783
2026-05-24 20:00:00,0.10212,0.10252,0.10055,0.10227,73383196.0,7451130.031
2026-05-25 00:00:00,0.10228,0.10285,0.10173,0.10201,44373705.0,4539467.88994
2026-05-25 04:00:00,0.10202,0.10332,0.10179,0.10282,69650562.0,7155166.99821
2026-05-25 08:00:00,0.10282,0.10308,0.10237,0.10287,59604607.0,6124443.80227
2026-05-25 12:00:00,0.10287,0.10364,0.10268,0.10299,60744340.0,6260812.25109
2026-05-25 16:00:00,0.10299,0.1038,0.10267,0.10276,48965743.0,5052299.97192
2026-05-25 20:00:00,0.10275,0.10291,0.10165,0.10214,47655250.0,4870510.35708
2026-05-26 00:00:00,0.10214,0.10221,0.10043,0.1011,66011710.0,6668415.93702
2026-05-26 04:00:00,0.10111,0.10213,0.10091,0.10116,47828284.0,4849031.4135
2026-05-26 08:00:00,0.10116,0.1026,0.101,0.10241,59103114.0,6027448.15101
2026-05-26 12:00:00,0.10242,0.10386,0.1014,0.10206,183973806.0,18880219.93894
2026-05-26 16:00:00,0.10206,0.10214,0.10028,0.10114,118100364.0,11945714.99362
2026-05-26 20:00:00,0.10115,0.10142,0.10061,0.10105,32069364.0,3240768.63015
2026-05-27 00:00:00,0.10104,0.10189,0.10103,0.10122,42334917.0,4296603.18301
2026-05-27 04:00:00,0.10123,0.10235,0.10028,0.10217,88930006.0,9025008.54761
2026-05-27 08:00:00,0.10216,0.10257,0.10161,0.10171,71719565.0,7317666.8732
2026-05-27 12:00:00,0.10171,0.10339,0.1007,0.10259,160237703.0,16325103.64264
2026-05-27 16:00:00,0.10259,0.10287,0.10096,0.10218,68166563.0,6937825.85557
2026-05-27 20:00:00,0.10219,0.10243,0.0993,0.10049,123100460.0,12395457.99699
2026-05-28 00:00:00,0.10049,0.10084,0.09801,0.09823,140949304.0,14009539.25884
2026-05-28 04:00:00,0.09824,0.09892,0.09711,0.09873,168577260.0,16513252.2852
2026-05-28 08:00:00,0.09874,0.09887,0.0978,0.09808,52209299.0,5136319.69693
2026-05-28 12:00:00,0.09807,0.09873,0.09646,0.09845,199420369.0,19488666.15314
2026-05-28 16:00:00,0.09846,0.10051,0.09795,0.09952,99618383.0,9935422.04288
2026-05-28 20:00:00,0.09953,0.10053,0.09913,0.09957,67145075.0,6700282.94906
2026-05-29 00:00:00,0.09956,0.1001,0.09886,0.09907,69387451.0,6897795.04684
2026-05-29 04:00:00,0.09908,0.09988,0.09863,0.09964,40816622.0,4053769.86179
2026-05-29 08:00:00,0.09963,0.09992,0.0987,0.09911,45520966.0,4527509.20743
2026-05-29 12:00:00,0.09911,0.1012,0.09744,0.10039,175593742.0,17434485.21974
2026-05-29 16:00:00,0.1004,0.10094,0.0992,0.10008,98217892.0,9848470.50842
2026-05-29 20:00:00,0.10009,0.10053,0.09941,0.0997,45965528.0,4593446.40201
2026-05-30 00:00:00,0.09971,0.10183,0.09949,0.1011,95968331.0,9690252.51481
2026-05-30 04:00:00,0.10111,0.10174,0.10021,0.1013,87953830.0,8885177.62756
2026-05-30 08:00:00,0.10129,0.10132,0.10055,0.10085,35666403.0,3598669.8778
2026-05-30 12:00:00,0.10086,0.10155,0.1007,0.10133,58221088.0,5884456.56081
2026-05-30 16:00:00,0.10134,0.1017,0.10117,0.10141,36033030.0,3655597.52793
2026-05-30 20:00:00,0.10142,0.10156,0.10038,0.10061,69131576.0,6981003.76542
2026-05-31 00:00:00,0.10061,0.10144,0.10046,0.10133,59041668.0,5960194.262
2026-05-31 04:00:00,0.10132,0.10138,0.10019,0.1006,49694281.0,5013439.74289
2026-05-31 08:00:00,0.10059,0.10101,0.10025,0.1008,44698534.0,4498741.80538
2026-05-31 12:00:00,0.10081,0.10121,0.0996,0.09985,79598636.0,7985413.49345
2026-05-31 16:00:00,0.09984,0.09999,0.09909,0.09955,58653884.0,5831130.59643
2026-05-31 20:00:00,0.09956,0.10103,0.09956,0.10041,52709401.0,5283436.94972
2026-06-01 00:00:00,0.10042,0.10158,0.0997,0.10112,164437559.0,16580212.98888
2026-06-01 04:00:00,0.10111,0.10132,0.09913,0.09922,139709495.0,13998586.1897
2026-06-01 08:00:00,0.09921,0.10035,0.0991,0.09994,96210769.0,9607322.44189
2026-06-01 12:00:00,0.09995,0.10013,0.098,0.09832,215688459.0,21385855.20536
2026-06-01 16:00:00,0.09833,0.10066,0.0978,0.10062,121128254.0,12053853.13055
2026-06-01 20:00:00,0.10062,0.10117,0.09952,0.1011,107044972.0,10768154.65121
2026-06-02 00:00:00,0.1011,0.10129,0.09944,0.10094,153703833.0,15457041.92195
2026-06-02 04:00:00,0.10094,0.10106,0.09866,0.09924,145497329.0,14504026.7584
2026-06-02 08:00:00,0.09924,0.09949,0.0985,0.09876,86211289.0,8537801.40939
2026-06-02 12:00:00,0.09877,0.09899,0.09359,0.09487,438914445.0,42194578.17973
2026-06-02 16:00:00,0.09488,0.09638,0.0925,0.09409,253184938.0,23995595.26078
2026-06-02 20:00:00,0.09409,0.09495,0.09117,0.09275,243194863.0,22612904.20324
2026-06-03 00:00:00,0.09275,0.09356,0.09085,0.09158,156844365.0,14491854.96726
2026-06-03 04:00:00,0.09159,0.09454,0.09158,0.09418,154734607.0,14474444.72404
2026-06-03 08:00:00,0.09418,0.09454,0.09345,0.09398,64495840.0,6062044.97509
2026-06-03 12:00:00,0.09399,0.0944,0.09276,0.0928,111473442.0,10443230.00337
2026-06-03 16:00:00,0.09281,0.09308,0.09159,0.0918,134689333.0,12436822.39897
2026-06-03 20:00:00,0.09179,0.09327,0.09057,0.09139,143624963.0,13184554.37012
2026-06-04 00:00:00,0.09139,0.09188,0.08579,0.09133,552522094.0,49090843.78089
2026-06-04 04:00:00,0.09134,0.09158,0.08876,0.08877,174088707.0,15692178.18473
2026-06-04 08:00:00,0.08877,0.08922,0.08667,0.08793,234401556.0,20537017.27272
2026-06-04 12:00:00,0.08794,0.09018,0.08766,0.08953,166008587.0,14804714.92235
2026-06-04 16:00:00,0.08953,0.09003,0.08845,0.08907,109847457.0,9809136.69568
2026-06-04 20:00:00,0.08906,0.0891,0.087,0.08858,107637090.0,9468660.73537
2026-06-05 00:00:00,0.08857,0.0888,0.08588,0.08594,157511805.0,13713651.20522
2026-06-05 04:00:00,0.08594,0.08719,0.08203,0.085,546523461.0,46126836.67862
2026-06-05 08:00:00,0.085,0.08544,0.08331,0.08402,183951103.0,15527166.78307
2026-06-05 12:00:00,0.08401,0.08491,0.08097,0.08155,497270211.0,41128159.88967
2026-06-05 16:00:00,0.08154,0.08346,0.079,0.08104,445865486.0,36170953.89284
2026-06-05 20:00:00,0.08103,0.08362,0.08009,0.08148,255265867.0,20987661.67912
2026-06-06 00:00:00,0.08149,0.08304,0.08053,0.08107,122198679.0,9994625.03846
2026-06-06 04:00:00,0.08106,0.0818,0.07766,0.0815,333906091.0,26597670.21658
2026-06-06 08:00:00,0.08151,0.08258,0.07989,0.08126,159940620.0,12989858.11833
2026-06-06 12:00:00,0.08127,0.0826,0.08089,0.08168,160948550.0,13162037.24233
2026-06-06 16:00:00,0.08168,0.08205,0.08047,0.08072,84369520.0,6835105.15614
2026-06-06 20:00:00,0.08072,0.08195,0.0805,0.08192,59020376.0,4794115.60153
2026-06-07 00:00:00,0.08192,0.08388,0.08165,0.08354,113705154.0,9444065.60311
2026-06-07 04:00:00,0.08354,0.08502,0.08296,0.08497,132381151.0,11149500.3999
2026-06-07 08:00:00,0.08497,0.086,0.08414,0.08459,137639114.0,11695831.3109
2026-06-07 12:00:00,0.0846,0.085,0.0832,0.08465,110175481.0,9255604.41184
2026-06-07 16:00:00,0.08465,0.08532,0.083,0.08336,84901544.0,7165395.53667
2026-06-07 20:00:00,0.08335,0.08756,0.08313,0.08628,219660256.0,18838628.63158
2026-06-08 00:00:00,0.08627,0.08682,0.08483,0.08592,133528517.0,11458490.6253
2026-06-08 04:00:00,0.08593,0.086,0.08436,0.08566,90359934.0,7689566.16542
2026-06-08 08:00:00,0.08566,0.08684,0.0849,0.0864,97384163.0,8360227.42138
2026-06-08 12:00:00,0.0864,0.08747,0.0858,0.08698,122729705.0,10625683.24738
2026-06-08 16:00:00,0.08699,0.08754,0.08615,0.0868,74410998.0,6468406.58742
2026-06-08 20:00:00,0.08681,0.08749,0.08613,0.08634,60887140.0,5285613.17552
2026-06-09 00:00:00,0.08635,0.08649,0.08456,0.08531,149699348.0,12754118.84049
2026-06-09 04:00:00,0.0853,0.08675,0.08506,0.08641,111184149.0,9580118.95164
2026-06-09 08:00:00,0.08641,0.08645,0.08517,0.08553,74132743.0,6344751.11005
2026-06-09 12:00:00,0.08552,0.08612,0.08407,0.0841,174054441.0,14793233.63094
2026-06-09 16:00:00,0.0841,0.08548,0.08316,0.08521,166470225.0,14078144.94883
2026-06-09 20:00:00,0.08521,0.08571,0.08445,0.08479,75921527.0,6456670.23207
2026-06-10 00:00:00,0.08479,0.08515,0.08369,0.08395,46776540.0,3948690.92578
2026-06-10 04:00:00,0.08396,0.08437,0.08326,0.08422,50975487.0,4270501.11147
2026-06-10 08:00:00,0.08423,0.08425,0.08282,0.0833,93203216.0,7771694.14532
2026-06-10 12:00:00,0.08331,0.08547,0.08303,0.08513,164469171.0,13872461.09594
2026-06-10 16:00:00,0.08514,0.08523,0.08303,0.08316,96729472.0,8124810.4488
2026-06-10 20:00:00,0.08316,0.08331,0.08183,0.08294,91999158.0,7592736.17818
2026-06-11 00:00:00,0.08295,0.08529,0.08295,0.08504,77435184.0,6513228.19458
2026-06-11 04:00:00,0.08505,0.08544,0.0846,0.08488,96532435.0,8201221.07794
2026-06-11 08:00:00,0.08487,0.08558,0.08478,0.08532,62162391.0,5293407.66941
2026-06-11 12:00:00,0.08533,0.08545,0.08423,0.08494,105157196.0,8924103.15008
2026-06-11 16:00:00,0.08495,0.08708,0.08441,0.08651,170714983.0,14699490.82152
2026-06-11 20:00:00,0.08651,0.08673,0.08599,0.08608,60440833.0,5221318.60018
2026-06-12 00:00:00,0.08608,0.08659,0.08561,0.08658,60036406.0,5168184.67779
2026-06-12 04:00:00,0.08659,0.08746,0.08505,0.08596,225249762.0,19455734.02303
2026-06-12 08:00:00,0.08596,0.0873,0.08595,0.08696,91633884.0,7940209.31041
2026-06-12 12:00:00,0.08695,0.09247,0.08666,0.08744,568787387.0,50911219.46263
2026-06-12 16:00:00,0.08744,0.08904,0.08721,0.08741,144119269.0,12686038.86215
2026-06-12 20:00:00,0.08741,0.08784,0.08558,0.08598,102826113.0,8909644.41092
2026-06-13 00:00:00,0.08599,0.08692,0.0858,0.0863,70912380.0,6125111.03674
2026-06-13 04:00:00,0.08629,0.08725,0.08581,0.08707,84363380.0,7302927.08165
2026-06-13 08:00:00,0.08707,0.08796,0.08692,0.08796,75015940.0,6552512.31393
2026-06-13 12:00:00,0.08795,0.08883,0.08774,0.08835,105411026.0,9311821.87163
2026-06-13 16:00:00,0.08836,0.08838,0.08739,0.08763,87713687.0,7697562.91773
2026-06-13 20:00:00,0.08763,0.08859,0.08753,0.08788,49294568.0,4339547.58018
2026-06-14 00:00:00,0.08787,0.08816,0.08757,0.08809,37816656.0,3323252.67196
2026-06-14 04:00:00,0.08809,0.08814,0.08704,0.08719,33686070.0,2949027.44937
2026-06-14 08:00:00,0.08719,0.08751,0.08673,0.08703,32915977.0,2870947.80512
2026-06-14 12:00:00,0.08703,0.0871,0.08568,0.08632,128126029.0,11056391.85267
2026-06-14 16:00:00,0.08632,0.08669,0.08615,0.08642,42838480.0,3703578.45591
2026-06-14 20:00:00,0.08642,0.08913,0.0863,0.08889,159917233.0,14106373.63672
2026-06-15 00:00:00,0.08889,0.08921,0.08825,0.08896,136687223.0,12131401.09461
2026-06-15 04:00:00,0.08897,0.08902,0.08838,0.08853,66727103.0,5920328.39485
2026-06-15 08:00:00,0.08853,0.09011,0.08812,0.08971,128136863.0,11428466.45835
2026-06-15 12:00:00,0.08972,0.09092,0.08907,0.09071,347422407.0,31234035.7723
2026-06-15 16:00:00,0.0907,0.09071,0.08859,0.089,123514293.0,11073150.62085
2026-06-15 20:00:00,0.089,0.08925,0.0878,0.08814,106309126.0,9411065.09035
2026-06-16 00:00:00,0.08814,0.08832,0.08681,0.08747,103786927.0,9081899.74235
2026-06-16 04:00:00,0.08747,0.08786,0.08672,0.08785,112705943.0,9840497.42859
2026-06-16 08:00:00,0.08785,0.08909,0.08761,0.0882,127984184.0,11311461.9092
2026-06-16 12:00:00,0.08819,0.08893,0.08622,0.08719,122083468.0,10676624.31183
2026-06-16 16:00:00,0.08718,0.08787,0.0863,0.08728,107707925.0,9361145.8882
2026-06-16 20:00:00,0.08728,0.08779,0.08701,0.08717,37649247.0,3291708.30701
2026-06-17 00:00:00,0.08717,0.08812,0.08699,0.08748,58824752.0,5146523.73258
2026-06-17 04:00:00,0.08749,0.08786,0.08658,0.0869,56455649.0,4918909.05045
2026-06-17 08:00:00,0.08691,0.08692,0.0855,0.08584,80637347.0,6935780.34557
2026-06-17 12:00:00,0.08584,0.08729,0.08548,0.08729,65974761.0,5694945.55884
2026-06-17 16:00:00,0.08729,0.08789,0.085,0.08542,130535941.0,11291299.84516
2026-06-17 20:00:00,0.08541,0.08626,0.08464,0.08593,49710996.0,4254706.19939
2026-06-18 00:00:00,0.08592,0.08657,0.08521,0.08533,33197131.0,2854073.67769
2026-06-18 04:00:00,0.08533,0.08541,0.08394,0.08494,68947882.0,5829809.46441
2026-06-18 08:00:00,0.08495,0.08525,0.08431,0.08452,36991279.0,3139453.03973
2026-06-18 12:00:00,0.08453,0.0849,0.08184,0.08199,141714096.0,11789243.38551
2026-06-18 16:00:00,0.08199,0.08303,0.08192,0.08289,78416934.0,6465663.35983
2026-06-18 20:00:00,0.08289,0.0836,0.08289,0.08352,38093708.0,3174326.2448
2026-06-19 00:00:00,0.08351,0.08396,0.08261,0.08289,47780493.0,3979652.62044
2026-06-19 04:00:00,0.08289,0.08304,0.08199,0.08235,42635332.0,3514390.61075
2026-06-19 08:00:00,0.08235,0.08268,0.08205,0.0824,33528157.0,2760395.68094
2026-06-19 12:00:00,0.08241,0.08351,0.08188,0.0832,60092975.0,4980080.64668
2026-06-19 16:00:00,0.08321,0.08346,0.08273,0.08292,21737097.0,1807587.21159
2026-06-19 20:00:00,0.08293,0.08373,0.08271,0.08357,30296679.0,2521487.05348
2026-06-20 00:00:00,0.08356,0.08393,0.08302,0.08327,35509738.0,2959098.27269
2026-06-20 04:00:00,0.08327,0.08434,0.08321,0.08409,60813356.0,5103228.98017
2026-06-20 08:00:00,0.0841,0.08431,0.08377,0.08388,25003072.0,2100540.25409
2026-06-20 12:00:00,0.08388,0.08422,0.08262,0.08375,54701117.0,4572005.78199
2026-06-20 16:00:00,0.08376,0.08377,0.08284,0.08334,27544746.0,2293096.96664
2026-06-20 20:00:00,0.08335,0.08406,0.08323,0.0837,22656292.0,1895629.02421
2026-06-21 00:00:00,0.08371,0.08387,0.08346,0.08369,12658674.0,1058902.89199
2026-06-21 04:00:00,0.08369,0.08381,0.08314,0.08349,28846718.0,2406771.83001
2026-06-21 08:00:00,0.0835,0.08357,0.08276,0.08305,35474944.0,2952255.58307
2026-06-21 12:00:00,0.08305,0.08365,0.08293,0.08344,26293402.0,2190763.25409
2026-06-21 16:00:00,0.08343,0.08378,0.08314,0.08364,36499035.0,3046701.62729
2026-06-21 20:00:00,0.08364,0.08368,0.08214,0.08224,45881820.0,3794494.04745
2026-06-22 00:00:00,0.08223,0.08426,0.08223,0.08293,49841986.0,4151222.41427
2026-06-22 04:00:00,0.08294,0.08373,0.08279,0.0835,24460512.0,2038943.07588
2026-06-22 08:00:00,0.08351,0.08447,0.08335,0.08423,47012383.0,3944465.16072
2026-06-22 12:00:00,0.08424,0.08509,0.08353,0.08364,90077133.0,7591793.59899
2026-06-22 16:00:00,0.08365,0.08368,0.08248,0.08276,59975505.0,4983847.8136
2026-06-22 20:00:00,0.08276,0.08302,0.08188,0.08247,62404137.0,5141773.45188
2026-06-23 00:00:00,0.08248,0.08271,0.0812,0.08223,76810833.0,6300820.15529
2026-06-23 04:00:00,0.08222,0.08225,0.07968,0.08,143186942.0,11533549.04864
2026-06-23 08:00:00,0.08,0.08005,0.07841,0.07958,155740460.0,12326431.88563
2026-06-23 12:00:00,0.07959,0.07983,0.07837,0.07882,123639972.0,9797505.90893
2026-06-23 16:00:00,0.07883,0.07937,0.0783,0.07846,70600164.0,5560775.64497
2026-06-23 20:00:00,0.07846,0.07915,0.07839,0.07889,37244484.0,2932629.41097
2026-06-24 00:00:00,0.07889,0.07981,0.07881,0.0791,50116698.0,3973216.23121
2026-06-24 04:00:00,0.0791,0.07947,0.07848,0.07886,31159558.0,2462542.91163
2026-06-24 08:00:00,0.07886,0.07962,0.07801,0.07903,57852346.0,4554745.73205
2026-06-24 12:00:00,0.07903,0.07908,0.07459,0.07478,348778657.0,26684817.43831
2026-06-24 16:00:00,0.07477,0.07566,0.0728,0.07413,280487715.0,20798968.81734
2026-06-24 20:00:00,0.07414,0.07649,0.074,0.07612,100507423.0,7601722.3187
2026-06-25 00:00:00,0.07613,0.07646,0.07591,0.07605,76223733.0,5806093.16376
2026-06-25 04:00:00,0.07605,0.0775,0.07581,0.07736,67187025.0,5171642.55302
2026-06-25 08:00:00,0.07736,0.07738,0.07576,0.07596,53249345.0,4074601.91994
2026-06-25 12:00:00,0.07595,0.07647,0.07145,0.07342,318656486.0,23504968.798
2026-06-25 16:00:00,0.07342,0.07527,0.07292,0.07339,130165743.0,9616491.62184
2026-06-25 20:00:00,0.0734,0.07532,0.0734,0.07491,49230202.0,3663906.56038
2026-06-26 00:00:00,0.0749,0.07511,0.07212,0.07468,146034742.0,10735966.13219
2026-06-26 04:00:00,0.07467,0.07529,0.07397,0.0751,170362140.0,12740896.87504
2026-06-26 08:00:00,0.0751,0.07518,0.07332,0.07346,65482461.0,4859341.15211
2026-06-26 12:00:00,0.07347,0.0754,0.07281,0.07499,158556650.0,11750795.23323
2026-06-26 16:00:00,0.075,0.07612,0.07462,0.07556,82026713.0,6188729.75246
2026-06-26 20:00:00,0.07557,0.07614,0.07517,0.0758,45197974.0,3420361.8634
2026-06-27 00:00:00,0.0758,0.07607,0.07512,0.07567,45572403.0,3447253.6181
2026-06-27 04:00:00,0.07567,0.07601,0.07541,0.07582,35867217.0,2715454.72178
2026-06-27 08:00:00,0.07582,0.07583,0.07496,0.07534,45867901.0,3457023.88741
2026-06-27 12:00:00,0.07533,0.07644,0.07526,0.07625,58831232.0,4465857.58274
2026-06-27 16:00:00,0.07625,0.07636,0.0745,0.07476,55346980.0,4180406.0528
2026-06-27 20:00:00,0.07477,0.075,0.07408,0.0745,37450571.0,2795540.02936
2026-06-28 00:00:00,0.0745,0.0747,0.07408,0.07429,87314467.0,6500571.53141
2026-06-28 04:00:00,0.07428,0.07428,0.07323,0.07379,44927545.0,3311871.76382
2026-06-28 08:00:00,0.07378,0.07429,0.07331,0.07385,55583080.0,4100295.35621
2026-06-28 12:00:00,0.07385,0.07405,0.07339,0.07358,42500730.0,3132720.00055
2026-06-28 16:00:00,0.07359,0.07363,0.07263,0.07294,49567692.0,3624488.74648
2026-06-28 20:00:00,0.07293,0.07375,0.07216,0.0732,52563355.0,3834936.1845
2026-06-29 00:00:00,0.0732,0.07365,0.07196,0.07329,86791822.0,6327377.53445
2026-06-29 04:00:00,0.0733,0.07349,0.07207,0.07278,56221688.0,4096699.67448
2026-06-29 08:00:00,0.07278,0.07323,0.07222,0.07284,62423155.0,4539700.46741
2026-06-29 12:00:00,0.07284,0.0739,0.072,0.07283,115967361.0,8455551.60261
2026-06-29 16:00:00,0.07283,0.07429,0.07213,0.07391,85294783.0,6270677.66012
2026-06-29 20:00:00,0.07391,0.07414,0.07323,0.07344,36644945.0,2703124.53615
2026-06-30 00:00:00,0.07344,0.07358,0.07227,0.07244,68675724.0,4988064.8582
2026-06-30 04:00:00,0.07244,0.07261,0.07208,0.0724,52980084.0,3832705.91132
2026-06-30 08:00:00,0.0724,0.07264,0.071,0.07143,146326321.0,10549932.41246
2026-06-30 12:00:00,0.07143,0.07143,0.06952,0.07072,309085383.0,21757499.6635
2026-06-30 16:00:00,0.07073,0.0729,0.07058,0.0723,119164367.0,8555879.8225
2026-06-30 20:00:00,0.07229,0.07239,0.07181,0.07208,29805609.0,2147725.85505
2026-07-01 00:00:00,0.07208,0.07251,0.0705,0.07235,80110751.0,5747999.91208
2026-07-01 04:00:00,0.07234,0.07271,0.07109,0.0715,60397649.0,4346622.26042
2026-07-01 08:00:00,0.07149,0.07162,0.07081,0.07116,79627414.0,5669596.65624
2026-07-01 12:00:00,0.07116,0.07357,0.07086,0.07337,123221455.0,8926597.68556
2026-07-01 16:00:00,0.07337,0.07363,0.07269,0.07283,49590049.0,3630329.01289
2026-07-01 20:00:00,0.07284,0.07399,0.07217,0.07222,73352691.0,5360592.48197
2026-07-02 00:00:00,0.07222,0.07349,0.07168,0.07341,93009248.0,6748257.76191
2026-07-02 04:00:00,0.0734,0.07343,0.07228,0.07254,56599399.0,4124553.49858
2026-07-02 08:00:00,0.07254,0.07436,0.0725,0.07418,148801761.0,10943716.44836
2026-07-02 12:00:00,0.07417,0.07556,0.074,0.07454,182994334.0,13663521.3852
2026-07-02 16:00:00,0.07454,0.07479,0.0741,0.07422,43217263.0,3213786.01216
2026-07-02 20:00:00,0.07422,0.07439,0.07374,0.07418,49864763.0,3691245.5867
2026-07-03 00:00:00,0.07418,0.07497,0.07393,0.07477,73066863.0,5444159.58202
2026-07-03 04:00:00,0.07478,0.07541,0.07446,0.0753,61916083.0,4647988.89985
2026-07-03 08:00:00,0.0753,0.07612,0.07475,0.07592,130331601.0,9809339.987
2026-07-03 12:00:00,0.07593,0.07737,0.07564,0.07634,120324257.0,9192637.18022
2026-07-03 16:00:00,0.07635,0.07767,0.07614,0.07718,67818255.0,5211141.45404
2026-07-03 20:00:00,0.07717,0.07848,0.07713,0.07754,83159616.0,6467167.43719
2026-07-04 00:00:00,0.07754,0.07774,0.07661,0.07731,84341362.0,6498180.07635
2026-07-04 04:00:00,0.07731,0.07815,0.07652,0.07693,115090894.0,8890214.42243
2026-07-04 08:00:00,0.07692,0.07724,0.07662,0.07691,52962985.0,4073895.88828
2026-07-04 12:00:00,0.0769,0.07875,0.07684,0.07856,111560553.0,8653810.51378
2026-07-04 16:00:00,0.07857,0.07938,0.07808,0.07857,71555384.0,5638414.98987
2026-07-04 20:00:00,0.07856,0.07873,0.07738,0.07766,38365998.0,2994009.9561
2026-07-05 00:00:00,0.07766,0.07768,0.07563,0.07597,86521006.0,6620870.77476
2026-07-05 04:00:00,0.07597,0.07638,0.07563,0.07618,69341770.0,5274474.64121
2026-07-05 08:00:00,0.07618,0.07627,0.07531,0.07592,37124497.0,2813312.46632
2026-07-05 12:00:00,0.07593,0.07737,0.07571,0.07716,66865400.0,5125401.26049
2026-07-05 16:00:00,0.07717,0.07786,0.07691,0.07729,41499107.0,3210761.38817
2026-07-05 20:00:00,0.07729,0.07883,0.07692,0.07787,87340252.0,6822688.72558
2026-07-06 00:00:00,0.07788,0.07827,0.07705,0.07748,70121556.0,5443759.39341
2026-07-06 04:00:00,0.07747,0.07747,0.07643,0.07693,54631776.0,4197633.05943
2026-07-06 08:00:00,0.07693,0.07744,0.07656,0.07673,41391769.0,3187783.52613
2026-07-06 12:00:00,0.07672,0.07672,0.07437,0.07625,302246590.0,22882369.9572
2026-07-06 16:00:00,0.07624,0.07719,0.07598,0.07694,88329156.0,6778297.3208
2026-07-06 20:00:00,0.07694,0.07835,0.07658,0.07666,72514541.0,5616015.95169
2026-07-07 00:00:00,0.07666,0.07702,0.07496,0.07515,68433818.0,5199639.04312
2026-07-07 04:00:00,0.07514,0.07566,0.07426,0.07498,93066120.0,6978437.53228
2026-07-07 08:00:00,0.07499,0.07521,0.07436,0.0748,71032230.0,5314047.60921
2026-07-07 12:00:00,0.07481,0.07544,0.07372,0.07521,106659005.0,7970261.71988
2026-07-07 16:00:00,0.07521,0.07575,0.07412,0.07474,57628152.0,4329045.71762
2026-07-07 20:00:00,0.07475,0.07486,0.0736,0.07418,32755782.0,2430763.52124
2026-07-08 00:00:00,0.07419,0.07448,0.07231,0.07261,111829947.0,8175046.46025
2026-07-08 04:00:00,0.07262,0.07277,0.07176,0.07245,94963596.0,6862100.50004
2026-07-08 08:00:00,0.07245,0.07255,0.07101,0.07207,107575954.0,7698054.71592
2026-07-08 12:00:00,0.07207,0.07233,0.07126,0.07186,68602926.0,4931616.47067
2026-07-08 16:00:00,0.07187,0.07295,0.07184,0.07265,48113228.0,3485655.2529
2026-07-08 20:00:00,0.07266,0.07279,0.07207,0.07243,29871003.0,2162742.65929
2026-07-09 00:00:00,0.07242,0.073,0.07198,0.07228,38237624.0,2768242.35377
2026-07-09 04:00:00,0.07228,0.0732,0.07222,0.07281,89473798.0,6509272.8501
2026-07-09 08:00:00,0.0728,0.07308,0.07225,0.0725,45613666.0,3314696.85716
2026-07-09 12:00:00,0.0725,0.07292,0.07205,0.07265,61640572.0,4466001.35495
2026-07-09 16:00:00,0.07265,0.07344,0.07237,0.07306,48548957.0,3540725.34215
2026-07-09 20:00:00,0.07307,0.07357,0.07282,0.07289,25502859.0,1868518.97325
2026-07-10 00:00:00,0.0729,0.07423,0.07266,0.07402,73758605.0,5436812.71536
2026-07-10 04:00:00,0.07403,0.07427,0.0737,0.07376,38454417.0,2844985.57782
2026-07-10 08:00:00,0.07377,0.07468,0.07374,0.07437,50915881.0,3784611.35225
2026-07-10 12:00:00,0.07437,0.07452,0.07334,0.07407,71268408.0,5273516.35594
2026-07-10 16:00:00,0.07406,0.07438,0.07364,0.07417,38396195.0,2843555.19802
2026-07-10 20:00:00,0.07417,0.07428,0.07395,0.07412,19658769.0,1456944.73512
2026-07-11 00:00:00,0.07411,0.07441,0.07391,0.07429,21048089.0,1561226.26241
2026-07-11 04:00:00,0.07429,0.07466,0.07419,0.07429,40364517.0,3003183.1845
2026-07-11 08:00:00,0.07428,0.07475,0.07413,0.07448,23960407.0,1782518.81447
2026-07-11 12:00:00,0.07448,0.0756,0.07438,0.07533,73819696.0,5542755.06463
2026-07-11 16:00:00,0.07533,0.07557,0.07493,0.07535,39285565.0,2955100.1472
2026-07-11 20:00:00,0.07535,0.07542,0.07319,0.07321,58334541.0,4328488.91022
2026-07-12 00:00:00,0.0732,0.07349,0.07228,0.07343,86047737.0,6279006.14
2026-07-12 04:00:00,0.07342,0.07355,0.07257,0.07293,31247276.0,2281629.75638
2026-07-12 08:00:00,0.07293,0.07329,0.07272,0.07324,23878192.0,1744933.5354
2026-07-12 12:00:00,0.07323,0.07389,0.07316,0.07372,56151452.0,4127223.6331
2026-07-12 16:00:00,0.07373,0.07379,0.07332,0.07367,23442918.0,1724105.57204
2026-07-12 20:00:00,0.07367,0.07369,0.0724,0.07272,36834135.0,2685709.00228
2026-07-13 00:00:00,0.07272,0.07417,0.07161,0.0721,86207753.0,6262666.39998
2026-07-13 04:00:00,0.0721,0.07253,0.07187,0.07237,46118631.0,3331076.68103
2026-07-13 08:00:00,0.07237,0.07269,0.07208,0.0723,34719055.0,2512159.97325
2026-07-13 12:00:00,0.0723,0.07261,0.07188,0.07209,55507011.0,4007397.83446
2026-07-13 16:00:00,0.07208,0.07219,0.07092,0.07183,60361123.0,4312981.60395
2026-07-13 20:00:00,0.07183,0.07201,0.07108,0.07197,23103861.0,1654265.3577
2026-07-14 00:00:00,0.07198,0.07244,0.07144,0.07205,48159889.0,3465035.88506
2026-07-14 04:00:00,0.07205,0.07244,0.07193,0.07219,26112059.0,1886305.50557
2026-07-14 08:00:00,0.07219,0.07237,0.07198,0.07227,20297601.0,1465267.81641
2026-07-14 12:00:00,0.07228,0.07518,0.07213,0.07491,241762447.0,17853111.39904
2026-07-14 16:00:00,0.07491,0.07538,0.07407,0.07424,95944583.0,7164603.87875
2026-07-14 20:00:00,0.07424,0.07469,0.07401,0.07445,51525825.0,3830247.62537
2026-07-15 00:00:00,0.07444,0.07452,0.07367,0.07404,58835179.0,4355920.18977
2026-07-15 04:00:00,0.07404,0.07492,0.07381,0.07401,63458028.0,4713823.77221
2026-07-15 08:00:00,0.07401,0.07452,0.07338,0.07386,190366060.0,14052585.65445
2026-07-15 12:00:00,0.07385,0.07525,0.07366,0.07462,131205843.0,9795379.66201
2026-07-15 16:00:00,0.07463,0.0748,0.07336,0.07382,83548492.0,6185602.05656
2026-07-15 20:00:00,0.07383,0.07425,0.07376,0.07409,25236718.0,1868858.23457
2026-07-16 00:00:00,0.07409,0.0745,0.07362,0.07399,37739206.0,2797856.5081
2026-07-16 04:00:00,0.074,0.07436,0.07332,0.07356,50175639.0,3709438.78138
2026-07-16 08:00:00,0.07356,0.07358,0.07263,0.07327,87376607.0,6377661.8656
2026-07-16 12:00:00,0.07326,0.07397,0.07275,0.07361,60312315.0,4428168.29352
2026-07-16 16:00:00,0.07362,0.07372,0.07294,0.07318,35313981.0,2590070.99825
2026-07-16 20:00:00,0.07317,0.07334,0.07212,0.07236,34557200.0,2512670.26745
2026-07-17 00:00:00,0.07236,0.07287,0.07185,0.07244,43763609.0,3162397.44287
2026-07-17 04:00:00,0.07244,0.07246,0.0714,0.07169,63780778.0,4581318.71773
2026-07-17 08:00:00,0.07169,0.07212,0.07117,0.07203,56087504.0,4024040.70072
2026-07-17 12:00:00,0.07203,0.07229,0.071,0.07215,77881523.0,5583245.60318
2026-07-17 16:00:00,0.07214,0.07298,0.07199,0.07266,64551708.0,4682167.47729
2026-07-17 20:00:00,0.07266,0.07293,0.07233,0.07256,22145594.0,1608606.87347
2026-07-18 00:00:00,0.07256,0.07281,0.07241,0.07268,22796347.0,1655865.26427
2026-07-18 04:00:00,0.07268,0.0727,0.07211,0.07231,23283011.0,1684139.83028
2026-07-18 08:00:00,0.07231,0.07246,0.07194,0.07225,22056566.0,1592117.80502
2026-07-18 12:00:00,0.07225,0.0725,0.07195,0.07219,30267289.0,2186246.22905
2026-07-18 16:00:00,0.07219,0.07266,0.07209,0.0724,19179622.0,1387464.95176
2026-07-18 20:00:00,0.0724,0.07258,0.07227,0.07253,17918865.0,1298257.3358
2026-07-19 00:00:00,0.07254,0.07285,0.07235,0.07243,21113900.0,1532316.83253
2026-07-19 04:00:00,0.07244,0.07265,0.07227,0.07248,13146837.0,952329.66601
2026-07-19 08:00:00,0.07248,0.0728,0.07236,0.07254,26172578.0,1900193.2429
2026-07-19 12:00:00,0.07254,0.0728,0.07222,0.07247,31760682.0,2301926.08072
2026-07-19 16:00:00,0.07247,0.07255,0.07169,0.07229,39226917.0,2830105.94081
2026-07-19 20:00:00,0.0723,0.07262,0.0719,0.07243,29651081.0,2142225.27821
2026-07-20 00:00:00,0.07243,0.07314,0.07223,0.07273,37693256.0,2741244.25481
2026-07-20 04:00:00,0.07274,0.07276,0.07109,0.07186,70980445.0,5088343.57721
2026-07-20 08:00:00,0.07186,0.07297,0.07156,0.0729,70413655.0,5090227.52063
2026-07-20 12:00:00,0.0729,0.0735,0.0718,0.07336,109491328.0,7956885.70756
2026-07-20 16:00:00,0.07337,0.07359,0.07151,0.07215,181250786.0,13159259.04429
2026-07-20 20:00:00,0.07215,0.07238,0.07169,0.07219,70704500.0,5097532.82247
2026-07-21 00:00:00,0.07218,0.07286,0.07191,0.07279,43814785.0,3171907.80032
2026-07-21 04:00:00,0.07278,0.07336,0.07253,0.07334,86858614.0,6343181.64071
2026-07-21 08:00:00,0.07335,0.07384,0.07327,0.07366,113371362.0,8338973.0029
2026-07-21 12:00:00,0.07366,0.07373,0.07309,0.07347,88314068.0,6482067.96933
2026-07-21 16:00:00,0.07347,0.07366,0.07294,0.07354,54236803.0,3977020.03592
2026-07-21 20:00:00,0.07354,0.07364,0.07299,0.07339,29653049.0,2174298.12849
2026-07-22 00:00:00,0.07339,0.0739,0.07319,0.07325,42902283.0,3154578.07723
2026-07-22 04:00:00,0.07325,0.0735,0.07209,0.07223,80813227.0,5864801.89545
2026-07-22 08:00:00,0.07223,0.07286,0.0722,0.07265,61480423.0,4465342.21408
2026-07-22 12:00:00,0.07264,0.07334,0.07215,0.07309,97148004.0,7067920.39232
2026-07-22 16:00:00,0.07309,0.07356,0.07227,0.07251,105639770.0,7725379.57867
2026-07-22 20:00:00,0.07251,0.07312,0.0724,0.07299,41906163.0,3049460.8027
2026-07-23 00:00:00,0.073,0.07324,0.07223,0.07236,49540130.0,3605766.08505
2026-07-23 04:00:00,0.07236,0.07269,0.07211,0.07222,46618483.0,3376671.50913
2026-07-23 08:00:00,0.07222,0.07253,0.07215,0.07237,62646104.0,4536073.91986
2026-07-23 12:00:00,0.07238,0.07243,0.06839,0.06976,529015398.0,37089830.74516
2026-07-23 16:00:00,0.06977,0.06983,0.06894,0.06925,115755429.0,8040043.55417
2026-07-23 20:00:00,0.06925,0.06977,0.06912,0.0692,56648915.0,3937590.292
2026-07-24 00:00:00,0.06921,0.06951,0.06875,0.06942,81631738.0,5645030.29299
2026-07-24 04:00:00,0.06942,0.07016,0.06894,0.07006,145841297.0,10148708.81514
2026-07-24 08:00:00,0.07006,0.07009,0.0692,0.06946,61938375.0,4321521.2303
2026-07-24 12:00:00,0.06947,0.06966,0.0682,0.06921,175205326.0,12055332.1447
2026-07-24 16:00:00,0.06921,0.06931,0.06855,0.06924,65759811.0,4539903.64546
2026-07-24 20:00:00,0.06925,0.06975,0.06881,0.06957,59128476.0,4095973.30672
2026-07-25 00:00:00,0.06957,0.06977,0.06945,0.06968,30333442.0,2111917.23473
2026-07-25 04:00:00,0.06968,0.06982,0.06923,0.06937,56110791.0,3897877.28796
2026-07-25 08:00:00,0.06937,0.06961,0.06916,0.06943,53641799.0,3726676.78289
2026-07-25 12:00:00,0.06944,0.0715,0.06942,0.0712,125971244.0,8871673.33472
2026-07-25 16:00:00,0.07121,0.07368,0.07117,0.07282,266301917.0,19327826.36493
2026-07-25 20:00:00,0.07282,0.07297,0.07168,0.07172,77069629.0,5568505.77094
2026-07-26 00:00:00,0.07172,0.07282,0.0716,0.07275,84460241.0,6097057.49906
2026-07-26 04:00:00,0.07274,0.07404,0.07254,0.07327,172680612.0,12670326.6304
2026-07-26 08:00:00,0.07326,0.07379,0.073,0.07323,68947850.0,5056547.76616
2026-07-26 12:00:00,0.07323,0.07346,0.07276,0.0731,61853244.0,4522384.08478
2026-07-26 16:00:00,0.0731,0.07341,0.0725,0.07266,55394991.0,4041543.7735
2026-07-26 20:00:00,0.07267,0.07354,0.07252,0.07338,55296910.0,4039497.0206
2026-07-27 00:00:00,0.07339,0.07343,0.07253,0.07287,45252524.0,3296794.77317
2026-07-27 04:00:00,0.07287,0.07355,0.07268,0.07286,75499607.0,5510163.08528
2026-07-27 08:00:00,0.07287,0.07292,0.07219,0.07258,54625907.0,3968760.53242
2026-07-27 12:00:00,0.07258,0.07323,0.07083,0.07136,118730842.0,8540348.80397
2026-07-27 16:00:00,0.07136,0.07234,0.07118,0.07204,56414343.0,4052906.19986
2026-07-27 20:00:00,0.07204,0.0722,0.07011,0.07038,92090081.0,6528421.84958
2026-07-28 00:00:00,0.07037,0.07058,0.06932,0.07025,97952913.0,6853193.66356
2026-07-28 04:00:00,0.07025,0.07051,0.06983,0.07013,57607086.0,4041431.30242
2026-07-28 08:00:00,0.07013,0.07034,0.06976,0.07,47553378.0,3331298.70896
2026-07-28 12:00:00,0.07,0.07108,0.06923,0.07081,130189085.0,9131695.72586
2026-07-28 16:00:00,0.07082,0.07144,0.07047,0.07076,69981640.0,4962523.97557
2026-07-28 20:00:00,0.07076,0.07117,0.07004,0.07089,48988156.0,3461789.25876
2026-07-29 00:00:00,0.07089,0.07123,0.07021,0.07025,94997251.0,6720980.51725
2026-07-29 04:00:00,0.07025,0.07105,0.06995,0.07099,70579701.0,4983474.25409
2026-07-29 08:00:00,0.071,0.07109,0.07044,0.07061,81364185.0,5756882.6138
2026-07-29 12:00:00,0.0706,0.07076,0.07,0.07019,47083313.0,3313640.75511
2026-07-29 16:00:00,0.0702,0.07115,0.06968,0.06971,79062472.0,5577628.29356
2026-07-29 20:00:00,0.06971,0.07025,0.06882,0.07014,94694894.0,6577195.4912
2026-07-30 00:00:00,0.07015,0.07074,0.06988,0.07022,56442296.0,3975319.40541
2026-07-30 04:00:00,0.07023,0.07024,0.06963,0.0698,33098357.0,2316563.16687
2026-07-30 08:00:00,0.0698,0.07037,0.06979,0.07013,120256176.0,8428214.71032
2026-07-30 12:00:00,0.07013,0.07074,0.06993,0.07057,76337198.0,5368528.98821
2026-07-30 16:00:00,0.07058,0.07104,0.07044,0.07076,35312805.0,2498860.51739
2026-07-30 20:00:00,0.07075,0.07096,0.07041,0.07059,37083087.0,2621721.04618
2026-07-31 00:00:00,0.0706,0.07101,0.06981,0.07007,66777288.0,4693992.56693
2026-07-31 04:00:00,0.07006,0.07032,0.06958,0.07004,41811406.0,2926341.07804
2026-07-31 08:00:00,0.07004,0.07022,0.06911,0.06963,81785845.0,5693787.64621
2026-07-31 12:00:00,0.06963,0.06972,0.06846,0.06905,121212858.0,8391249.02919
2026-07-31 16:00:00,0.06904,0.07039,0.06899,0.06978,56785714.0,3965392.7641
2026-07-31 20:00:00,0.06979,0.06995,0.06946,0.06962,31495695.0,2194657.4615
2026-08-01 00:00:00,0.06962,0.0703,0.06959,0.07013,30622043.0,2143848.64273
2026-08-01 04:00:00,0.07013,0.07032,0.06977,0.06989,30641170.0,2146646.33008
2026-08-01 08:00:00,0.06989,0.06997,0.06962,0.06987,23407191.0,1634111.05969
2026-08-01 12:00:00,0.06987,0.07026,0.06978,0.07012,36768245.0,2576055.61124
2026-08-01 16:00:00,0.07012,0.07023,0.06766,0.06853,119956461.0,8249685.52343
2026-08-01 20:00:00,0.06852,0.06952,0.06839,0.06914,35870543.0,2475702.45123
2026-08-02 00:00:00,0.06915,0.07025,0.06913,0.07006,56049950.0,3916580.47968
2026-08-02 04:00:00,0.07007,0.07059,0.07005,0.07042,52701277.0,3707633.18049
2026-08-02 08:00:00,0.07042,0.07045,0.06985,0.06998,35768085.0,2507060.69796
2026-08-02 12:00:00,0.06999,0.07056,0.06998,0.0703,32083881.0,2255426.20369
2026-08-02 16:00:00,0.0703,0.07125,0.07013,0.07078,36197902.0,2560819.86127
2026-08-02 20:00:00,0.07077,0.07147,0.07048,0.07081,63064182.0,4470542.11355
2026-08-03 00:00:00,0.07082,0.07095,0.06964,0.06981,39992844.0,2806924.19681
2026-08-03 04:00:00,0.0698,0.07003,0.06902,0.0693,79968320.0,5564766.86234
2026-08-03 08:00:00,0.06929,0.0698,0.069,0.06934,53526499.0,3715111.23626
2026-08-03 12:00:00,0.06934,0.07059,0.06925,0.07049,98988631.0,6938287.88334
2026-08-03 16:00:00,0.07049,0.07062,0.07013,0.07029,29431807.0,2071219.11639
2026-08-03 20:00:00,0.07028,0.07055,0.07012,0.07023,22636435.0,1592001.08028
2026-08-04 00:00:00,0.07022,0.07066,0.06991,0.07029,39032298.0,2743766.54162
2026-08-04 04:00:00,0.07029,0.0706,0.07001,0.07028,23417747.0,1645977.45
2026-08-04 08:00:00,0.07029,0.07071,0.07003,0.07059,34589298.0,2429741.87078
2026-08-04 12:00:00,0.07058,0.0706,0.06978,0.07024,48402086.0,3398923.3774
2026-08-04 16:00:00,0.07025,0.07066,0.07005,0.07046,31584534.0,2223163.06334
2026-08-04 20:00:00,0.07046,0.07056,0.07006,0.07007,34345745.0,2414523.75475
2026-08-05 00:00:00,0.07006,0.07044,0.06964,0.06979,51000043.0,3570745.70104
2026-08-05 04:00:00,0.06979,0.07016,0.06961,0.06986,27870158.0,1947232.70049
2026-08-05 08:00:00,0.06987,0.07001,0.06963,0.06983,27702248.0,1934299.90949
2026-08-05 12:00:00,0.06983,0.07028,0.06928,0.0697,59918605.0,4184273.95834
2026-08-05 16:00:00,0.0697,0.07047,0.06969,0.07024,43912854.0,3082887.29337
2026-08-05 20:00:00,0.07024,0.07056,0.0699,0.07004,39674048.0,2784661.81745
2026-08-06 00:00:00,0.07005,0.07018,0.06957,0.06966,31502468.0,2197782.43773
2026-08-06 04:00:00,0.06966,0.07017,0.06948,0.0698,21196200.0,1480437.86183
2026-08-06 08:00:00,0.06981,0.07006,0.06881,0.06917,66385456.0,4592974.39114
2026-08-06 12:00:00,0.06917,0.06927,0.06822,0.06903,72878582.0,5017628.32345
2026-08-06 16:00:00,0.06902,0.0694,0.06865,0.06875,26721122.0,1845138.97627
2026-08-06 20:00:00,0.06875,0.06913,0.06874,0.06909,30736248.0,2119427.89833
2026-08-07 00:00:00,0.06909,0.06949,0.06899,0.06905,30121314.0,2086319.22642
2026-08-07 04:00:00,0.06905,0.06951,0.06873,0.0693,158551902.0,10950223.56414
2026-08-07 08:00:00,0.06929,0.06969,0.06928,0.0696,36056446.0,2505588.58564
2026-08-07 12:00:00,0.06961,0.07034,0.06958,0.06996,86944465.0,6087594.8906
2026-08-07 16:00:00,0.06996,0.07015,0.06941,0.06986,25396167.0,1771080.98613
2026-08-07 20:00:00,0.06986,0.06994,0.06962,0.06965,15292337.0,1066671.27701
2026-08-08 00:00:00,0.06964,0.07039,0.06956,0.07031,27464244.0,1921480.14177
2026-08-08 04:00:00,0.07032,0.07038,0.07007,0.07025,31742579.0,2228992.38005
2026-08-08 08:00:00,0.07025,0.07063,0.07014,0.07044,28902658.0,2034724.18728
2026-08-08 12:00:00,0.07044,0.07157,0.07037,0.07116,77085012.0,5473555.76166
2026-08-08 16:00:00,0.07116,0.07143,0.07086,0.07098,55713330.0,3964311.21118
2026-08-08 20:00:00,0.07098,0.07111,0.07025,0.07043,30640656.0,2166414.33429
2026-08-09 00:00:00,0.07042,0.07053,0.06986,0.07001,43764587.0,3067521.73426
2026-08-09 04:00:00,0.07001,0.07026,0.06989,0.07016,23625723.0,1655355.32299
2026-08-09 08:00:00,0.07016,0.0703,0.06993,0.07016,27949125.0,1959813.2804
2026-08-09 12:00:00,0.07016,0.07076,0.0701,0.0707,21652193.0,1524974.91958
2026-08-09 16:00:00,0.0707,0.07081,0.07039,0.07049,38217900.0,2697547.8559
2026-08-09 20:00:00,0.07049,0.07096,0.06923,0.06935,77933478.0,5459055.80446
2026-08-10 00:00:00,0.06934,0.07024,0.06906,0.06967,63909261.0,4450723.53746
2026-08-10 04:00:00,0.06966,0.07014,0.06954,0.07004,17973842.0,1256607.84859
2026-08-10 08:00:00,0.07004,0.07018,0.06976,0.07004,40801915.0,2855554.773
2026-08-10 12:00:00,0.07004,0.07015,0.0694,0.06966,55086244.0,3842210.47279
2026-08-10 16:00:00,0.06966,0.06996,0.06946,0.06988,29407335.0,2050328.23285
2026-08-10 20:00:00,0.06988,0.06999,0.06952,0.0697,27218710.0,1900478.61379
2026-08-11 00:00:00,0.0697,0.07037,0.06961,0.07012,31603714.0,2215022.06242
2026-08-11 04:00:00,0.07011,0.0703,0.0699,0.07013,49160657.0,3445247.63295
2026-08-11 08:00:00,0.07013,0.07075,0.07012,0.0706,65562568.0,4618687.50658
2026-08-11 12:00:00,0.07061,0.07135,0.06993,0.07061,130797580.0,9243264.7886
2026-08-11 16:00:00,0.0706,0.07129,0.07041,0.07103,91150185.0,6455604.48763
2026-08-11 20:00:00,0.07103,0.07315,0.07103,0.0719,170096838.0,12262532.10261
2026-08-12 00:00:00,0.0719,0.07254,0.07184,0.07223,66064765.0,4773094.09636
2026-08-12 04:00:00,0.07223,0.07233,0.0714,0.0717,64956842.0,4668504.21564
2026-08-12 08:00:00,0.0717,0.0722,0.0715,0.072,58971598.0,4237209.64914
2026-08-12 12:00:00,0.07199,0.07224,0.07027,0.07083,143352688.0,10191848.64262
2026-08-12 16:00:00,0.07084,0.07099,0.0705,0.0706,28985065.0,2051239.97843
2026-08-12 20:00:00,0.07059,0.0707,0.06889,0.06969,142102997.0,9882467.59317
2026-08-13 00:00:00,0.06969,0.07044,0.06964,0.07017,41334721.0,2895127.4676
2026-08-13 04:00:00,0.07018,0.07085,0.07009,0.07059,52820107.0,3725374.9515
2026-08-13 08:00:00,0.07058,0.07067,0.06994,0.07009,42408653.0,2978062.9972
2026-08-13 12:00:00,0.07008,0.07038,0.0697,0.06973,75740038.0,5309469.62739
2026-08-13 16:00:00,0.06973,0.07034,0.06951,0.07031,51922148.0,3630836.62496
2026-08-13 20:00:00,0.07032,0.07038,0.07001,0.07019,16779650.0,1178234.8526
2026-08-14 00:00:00,0.07018,0.07038,0.06994,0.06997,24773026.0,1738008.86835
2026-08-14 04:00:00,0.06997,0.07015,0.06961,0.06969,34526832.0,2411050.72477
2026-08-14 08:00:00,0.06968,0.07001,0.06931,0.06946,46579337.0,3242228.25608
2026-08-14 12:00:00,0.06946,0.06999,0.06921,0.06989,49954325.0,3471061.13325
2026-08-14 16:00:00,0.06989,0.07013,0.06959,0.06986,33128059.0,2315181.12992
2026-08-14 20:00:00,0.06987,0.07014,0.06968,0.07007,19200215.0,1341780.24817
2026-08-15 00:00:00,0.07008,0.07055,0.06998,0.07032,34506250.0,2424378.54743
2026-08-15 04:00:00,0.07033,0.07047,0.07004,0.07007,26702634.0,1874788.23208
2026-08-15 08:00:00,0.07007,0.07013,0.0699,0.07003,14823081.0,1037929.79189
2026-08-15 12:00:00,0.07004,0.07016,0.06993,0.07008,14056925.0,984594.19904
2026-08-15 16:00:00,0.07008,0.07009,0.06974,0.06996,15156398.0,1059546.39684
2026-08-15 20:00:00,0.06995,0.07009,0.06951,0.06961,30219590.0,2108921.45449
2026-08-16 00:00:00,0.06961,0.06994,0.06951,0.06983,27061089.0,1886080.85726
2026-08-16 04:00:00,0.06984,0.06993,0.06958,0.0699,20283891.0,1414699.50797
2026-08-16 08:00:00,0.0699,0.06994,0.06968,0.06984,23576389.0,1645470.69696
2026-08-16 12:00:00,0.06985,0.07009,0.06975,0.07007,26595116.0,1861183.11492
2026-08-16 16:00:00,0.07007,0.07018,0.0699,0.06993,22659112.0,1586777.15176
2026-08-16 20:00:00,0.06993,0.07004,0.06904,0.0696,46208604.0,3214267.84799
2026-08-17 00:00:00,0.0696,0.07032,0.06947,0.07019,68764530.0,4813708.54318
2026-08-17 04:00:00,0.0702,0.07052,0.07012,0.07033,42679580.0,3000448.73692
2026-08-17 08:00:00,0.07032,0.07046,0.07003,0.07018,41165265.0,2891797.49772
2026-08-17 12:00:00,0.07019,0.0706,0.07,0.07052,51938464.0,3649231.81579
2026-08-17 16:00:00,0.07052,0.07055,0.07025,0.07031,34838443.0,2452907.27246
2026-08-17 20:00:00,0.07031,0.07053,0.07012,0.07041,33273272.0,2340028.04828
2026-08-18 00:00:00,0.07042,0.07043,0.06961,0.06986,54844160.0,3842026.4099
2026-08-18 04:00:00,0.06986,0.07011,0.06961,0.06988,45746218.0,3196178.40197
2026-08-18 08:00:00,0.06988,0.07003,0.06967,0.06997,24033832.0,1679835.28093
2026-08-18 12:00:00,0.06997,0.07038,0.06975,0.07033,33577042.0,2352529.06244
2026-08-18 16:00:00,0.07034,0.07055,0.07022,0.07037,35261593.0,2482513.59436
2026-08-18 20:00:00,0.07036,0.07042,0.06996,0.07026,65830312.0,4621266.43653
2026-08-19 00:00:00,0.07027,0.07028,0.06987,0.0701,39872421.0,2791780.75519
2026-08-19 04:00:00,0.07011,0.07023,0.06988,0.06994,49568496.0,3470627.48198
2026-08-19 08:00:00,0.06994,0.0703,0.06989,0.07023,44404836.0,3113739.84016
2026-08-19 12:00:00,0.07023,0.07418,0.07021,0.0725,294930176.0,21311602.54353
2026-08-19 16:00:00,0.07251,0.07323,0.07192,0.07311,117606765.0,8542128.87268
2026-08-19 20:00:00,0.07311,0.0764,0.0729,0.07504,410811069.0,30794528.80448
2026-08-20 00:00:00,0.07504,0.07613,0.07469,0.0748,175823833.0,13251963.36761
2026-08-20 04:00:00,0.0748,0.07543,0.07445,0.07531,139166750.0,10423779.201
2026-08-20 08:00:00,0.07532,0.07791,0.07526,0.07717,281682557.0,21649468.60993
2026-08-20 12:00:00,0.07717,0.08066,0.0766,0.08024,409944598.0,32121852.30055
2026-08-20 16:00:00,0.08023,0.08355,0.07941,0.07971,387064821.0,31567969.23744
2026-08-20 20:00:00,0.0797,0.0807,0.07908,0.08047,137941007.0,11028469.90271
2026-08-21 00:00:00,0.08046,0.08366,0.08029,0.08179,288652259.0,23604867.8431
2026-08-21 04:00:00,0.08178,0.08454,0.08178,0.08347,252163710.0,20966138.73509
2026-08-21 08:00:00,0.08348,0.08577,0.08259,0.08302,415384564.0,34899630.91777
2026-08-21 12:00:00,0.08302,0.08479,0.08266,0.08382,197276799.0,16529596.13901
2026-08-21 16:00:00,0.08383,0.08534,0.08343,0.08493,169685656.0,14338336.60548
2026-08-21 20:00:00,0.08494,0.09472,0.08472,0.09155,632866017.0,57581174.7023
2026-08-22 00:00:00,0.09155,0.09719,0.09014,0.09567,380597011.0,35459780.95483
2026-08-22 04:00:00,0.09567,0.1008,0.083,0.09305,1136235818.0,105207664.63325
2026-08-22 08:00:00,0.09306,0.09348,0.08769,0.08988,397574337.0,35991525.21447
2026-08-22 12:00:00,0.08988,0.0921,0.08951,0.09032,200529896.0,18208481.02657
2026-08-22 16:00:00,0.09033,0.09392,0.08978,0.09352,226457934.0,20936612.13319
2026-08-22 20:00:00,0.09352,0.09532,0.09112,0.09188,230582090.0,21481638.76743
2026-08-23 00:00:00,0.09187,0.09434,0.09059,0.09111,209888071.0,19391358.42876
2026-08-23 04:00:00,0.0911,0.09176,0.08873,0.09029,236197530.0,21267649.90566
2026-08-23 08:00:00,0.09029,0.09309,0.09017,0.09275,163696058.0,15013317.84642
2026-08-23 12:00:00,0.09274,0.09454,0.09091,0.09243,208841081.0,19400236.47625
2026-08-23 16:00:00,0.09244,0.09337,0.0919,0.09242,115784092.0,10725882.47418
2026-08-23 20:00:00,0.09241,0.09453,0.09201,0.09342,124706778.0,11626519.59172
2026-08-24 00:00:00,0.09342,0.09364,0.09039,0.09122,171092210.0,15695807.868
2026-08-24 04:00:00,0.09121,0.09313,0.09121,0.09139,124629604.0,11463859.54442
2026-08-24 08:00:00,0.09139,0.09271,0.09018,0.09223,204823568.0,18704788.68048
2026-08-24 12:00:00,0.09223,0.09339,0.09035,0.09124,293428183.0,26950849.67215
2026-08-24 16:00:00,0.09124,0.0923,0.088,0.08906,256143207.0,23004239.72772
2026-08-24 20:00:00,0.08907,0.09029,0.08863,0.09011,92493495.0,8293676.68664
2026-08-25 00:00:00,0.09011,0.09303,0.08972,0.09194,206303495.0,18932703.82117
2026-08-25 04:00:00,0.09194,0.09309,0.09016,0.09082,151586091.0,13948599.64099
2026-08-25 08:00:00,0.09082,0.09157,0.0898,0.09016,100440288.0,9114532.98197
2026-08-25 12:00:00,0.09015,0.09029,0.087,0.0892,219821688.0,19528176.38016
2026-08-25 16:00:00,0.08921,0.08941,0.08786,0.08808,73830538.0,6540757.36199
2026-08-25 20:00:00,0.08807,0.08814,0.08483,0.0857,197691113.0,17071332.17876
2026-08-26 00:00:00,0.08569,0.08701,0.08545,0.08666,98549708.0,8511036.691
2026-08-26 04:00:00,0.08666,0.08707,0.08603,0.08663,67948309.0,5887190.08762
2026-08-26 08:00:00,0.08663,0.0871,0.0855,0.08635,75332255.0,6519140.26029
2026-08-26 12:00:00,0.08634,0.08699,0.08385,0.08452,158668079.0,13525803.57245
2026-08-26 16:00:00,0.08451,0.08544,0.08386,0.08487,92106892.0,7805635.52445
2026-08-26 20:00:00,0.08487,0.08783,0.08442,0.0877,115513738.0,9999391.45995
2026-08-27 00:00:00,0.08769,0.0877,0.08626,0.08681,78016858.0,6788198.90427
2026-08-27 04:00:00,0.08682,0.0872,0.08622,0.08715,64229023.0,5576150.50153
2026-08-27 08:00:00,0.08715,0.09,0.08712,0.08831,224715670.0,19928914.87844
2026-08-27 12:00:00,0.0883,0.08975,0.08722,0.0887,157210970.0,13894877.14957
2026-08-27 16:00:00,0.08869,0.08998,0.08794,0.08866,101622308.0,9049241.83992
2026-08-27 20:00:00,0.08866,0.08946,0.08826,0.08914,65026845.0,5778423.97054
2026-08-28 00:00:00,0.08914,0.09033,0.08733,0.08776,117274453.0,10397343.47569
2026-08-28 04:00:00,0.08777,0.08834,0.08725,0.08751,92467720.0,8113260.54929
2026-08-28 08:00:00,0.08752,0.0878,0.08562,0.08701,165929265.0,14417220.9429
2026-08-28 12:00:00,0.08701,0.08802,0.08555,0.08589,158078335.0,13710938.1754
2026-08-28 16:00:00,0.08589,0.08605,0.08381,0.08467,147945475.0,12567248.0812
2026-08-28 20:00:00,0.08467,0.08529,0.08443,0.08524,42152748.0,3580534.01186
2026-08-29 00:00:00,0.08525,0.08543,0.0848,0.08484,45153023.0,3842810.97116
2026-08-29 04:00:00,0.08484,0.08531,0.08427,0.08444,44815538.0,3800324.06182
2026-08-29 08:00:00,0.08444,0.0847,0.08418,0.08448,61332240.0,5176090.38247
2026-08-29 12:00:00,0.08449,0.08571,0.08446,0.08517,47517317.0,4043482.96269
2026-08-29 16:00:00,0.08518,0.08558,0.08477,0.08525,44822914.0,3821788.90698
2026-08-29 20:00:00,0.08524,0.08549,0.08498,0.08529,34877976.0,2971498.6603
2026-08-30 00:00:00,0.0853,0.08551,0.08478,0.08503,47768807.0,4063896.22644
2026-08-30 04:00:00,0.08504,0.08521,0.08457,0.08463,59859302.0,5082544.62684
2026-08-30 08:00:00,0.08464,0.0851,0.08437,0.08497,57672789.0,4887791.56534
2026-08-30 12:00:00,0.08498,0.08584,0.08489,0.08537,79579585.0,6795361.03385
2026-08-30 16:00:00,0.08538,0.0865,0.08525,0.08582,99120072.0,8521875.50383
2026-08-30 20:00:00,0.08582,0.08597,0.08081,0.08205,261823750.0,21818824.96868
2026-08-31 00:00:00,0.08205,0.08274,0.08142,0.08227,94195242.0,7729958.57436
2026-08-31 04:00:00,0.08228,0.08305,0.08186,0.08273,81974797.0,6767988.39059
2026-08-31 08:00:00,0.08273,0.08328,0.08242,0.08265,63354839.0,5249634.10276
2026-08-31 12:00:00,0.08266,0.0833,0.082,0.08283,99527826.0,8231708.76966
2026-08-31 16:00:00,0.08283,0.08398,0.08267,0.08324,73556210.0,6120176.41108
2026-08-31 20:00:00,0.08324,0.08356,0.08265,0.08285,38203280.0,3176928.70978
2026-09-01 00:00:00,0.08285,0.08346,0.08251,0.08321,64097548.0,5317907.7413
2026-09-01 04:00:00,0.08321,0.08396,0.08311,0.08337,80292188.0,6704495.31192
2026-09-01 08:00:00,0.08337,0.08341,0.08213,0.0832,109264371.0,9031646.98051
2026-09-01 12:00:00,0.0832,0.08322,0.08176,0.08272,107891062.0,8908396.65661
2026-09-01 16:00:00,0.08273,0.08274,0.0807,0.08195,104593332.0,8552589.26317
2026-09-01 20:00:00,0.08196,0.08215,0.08101,0.08167,76914396.0,6276987.02409
2026-09-02 00:00:00,0.08168,0.08177,0.08028,0.08153,101932520.0,8263885.53912
2026-09-02 04:00:00,0.08153,0.08211,0.08114,0.08167,77250837.0,6315327.70942
2026-09-02 08:00:00,0.08168,0.08175,0.08013,0.08124,133051058.0,10752278.34609
2026-09-02 12:00:00,0.08124,0.08207,0.0807,0.08167,114743845.0,9339765.41162
2026-09-02 16:00:00,0.08167,0.0819,0.08085,0.0813,89420332.0,7275369.15374
2026-09-02 20:00:00,0.08131,0.08193,0.08088,0.08176,95567274.0,7786001.81763
2026-09-03 00:00:00,0.08176,0.08329,0.08116,0.08279,131674820.0,10852738.89923
2026-09-03 04:00:00,0.0828,0.0837,0.08207,0.0829,115255674.0,9562070.4679
2026-09-03 08:00:00,0.0829,0.08363,0.08253,0.08328,74344147.0,6176973.32331
2026-09-03 12:00:00,0.08327,0.08942,0.08311,0.0892,379994804.0,32847001.65199
2026-09-03 16:00:00,0.0892,0.08999,0.08809,0.08932,278084175.0,24818817.22795
2026-09-03 20:00:00,0.08932,0.08939,0.08712,0.08782,171018610.0,15110586.39162
2026-09-04 00:00:00,0.08782,0.0881,0.08658,0.08716,121354278.0,10590450.43782
2026-09-04 04:00:00,0.08716,0.08759,0.08653,0.08703,97835031.0,8522974.0203
2026-09-04 08:00:00,0.08704,0.08836,0.08676,0.08777,144468348.0,12663920.77628
2026-09-04 12:00:00,0.08776,0.08805,0.08378,0.0844,441841862.0,37644726.14689
2026-09-04 16:00:00,0.08439,0.08505,0.08402,0.08474,102586871.0,8680955.31595
2026-09-04 20:00:00,0.08474,0.08497,0.08443,0.08477,56904988.0,4818422.45793
2026-09-05 00:00:00,0.08478,0.08495,0.08402,0.0846,101866024.0,8617471.47167
2026-09-05 04:00:00,0.08461,0.08585,0.08447,0.08578,101937493.0,8681475.48762
2026-09-05 08:00:00,0.08578,0.08635,0.08548,0.08612,85103998.0,7313064.111
2026-09-05 12:00:00,0.08612,0.08816,0.0861,0.0876,213559806.0,18667642.59402
2026-09-05 16:00:00,0.0876,0.09515,0.08733,0.09079,563481662.0,51544350.28919
2026-09-05 20:00:00,0.09079,0.09138,0.0893,0.08969,244002184.0,22119806.74115
2026-09-06 00:00:00,0.08969,0.09172,0.08968,0.09131,150547921.0,13650437.49075
2026-09-06 04:00:00,0.09131,0.09203,0.09031,0.09086,235655170.0,21505410.72866
2026-09-06 08:00:00,0.09086,0.0912,0.08825,0.09012,196517463.0,17701793.17293
2026-09-06 12:00:00,0.09011,0.09013,0.0877,0.08897,203273893.0,18094417.93459
2026-09-06 16:00:00,0.08896,0.08961,0.08869,0.08957,82473478.0,7358518.18855
2026-09-06 20:00:00,0.08957,0.09108,0.08947,0.09092,102641986.0,9272737.94794
2026-09-07 00:00:00,0.09092,0.09142,0.0892,0.08935,154069629.0,13920903.8459
2026-09-07 04:00:00,0.08936,0.09065,0.08855,0.08941,133897233.0,12012419.74816
2026-09-07 08:00:00,0.08942,0.0901,0.08918,0.08981,102232959.0,9164823.46135
2026-09-07 12:00:00,0.0898,0.09188,0.08866,0.08899,217929313.0,19706167.43318
2026-09-07 16:00:00,0.08899,0.09074,0.08898,0.09056,93714174.0,8418649.77101
2026-09-07 20:00:00,0.09056,0.091,0.08967,0.09051,92354511.0,8353913.65089
2026-09-08 00:00:00,0.09051,0.0917,0.08956,0.08997,157208256.0,14283164.99469
2026-09-08 04:00:00,0.08997,0.09034,0.08891,0.0893,154151287.0,13815616.28757
2026-09-08 08:00:00,0.0893,0.09097,0.08883,0.08955,162531297.0,14591503.86423
2026-09-08 12:00:00,0.08956,0.09086,0.088,0.09065,191859557.0,17167491.54351
2026-09-08 16:00:00,0.09065,0.09087,0.08922,0.08958,148519679.0,13394480.24582
2026-09-08 20:00:00,0.08957,0.09045,0.08927,0.09005,73044559.0,6567888.12853
2026-09-09 00:00:00,0.09004,0.09095,0.0894,0.0896,110972316.0,10011993.70977
2026-09-09 04:00:00,0.0896,0.09097,0.0896,0.09089,95447055.0,8630534.43148
2026-09-09 08:00:00,0.0909,0.09149,0.09007,0.09086,113807530.0,10327628.69406
2026-09-09 12:00:00,0.09085,0.09159,0.08811,0.08893,226804354.0,20393240.23859
2026-09-09 16:00:00,0.08893,0.0894,0.08653,0.08703,137387938.0,12137438.64834
2026-09-09 20:00:00,0.08703,0.08713,0.08481,0.08616,177887357.0,15323714.93415
2026-09-10 00:00:00,0.08617,0.08628,0.08513,0.08598,129255709.0,11091143.52034
2026-09-10 04:00:00,0.08599,0.0862,0.08481,0.08535,99117573.0,8490462.74978
2026-09-10 08:00:00,0.08535,0.08554,0.0848,0.08512,118658140.0,10113596.05124
2026-09-10 12:00:00,0.08512,0.08547,0.08229,0.08373,256443333.0,21494231.51776
2026-09-10 16:00:00,0.08372,0.08432,0.0827,0.08393,115971855.0,9699392.93353
2026-09-10 20:00:00,0.08393,0.08435,0.08284,0.08291,79009058.0,6611119.29513
2026-09-11 00:00:00,0.08291,0.08378,0.08285,0.08375,91645837.0,7641444.16804
2026-09-11 04:00:00,0.08375,0.08422,0.08368,0.0838,61609353.0,5175177.21382
2026-09-11 08:00:00,0.0838,0.08423,0.08291,0.08369,53986894.0,4514433.33888
2026-09-11 12:00:00,0.08369,0.0883,0.0823,0.08499,364938881.0,31209984.49169
2026-09-11 16:00:00,0.08498,0.08595,0.08361,0.08449,113952792.0,9659410.01712
2026-09-11 20:00:00,0.08449,0.08475,0.08357,0.0843,79855295.0,6721700.33782
2026-09-12 00:00:00,0.08431,0.08461,0.08409,0.08445,52294504.0,4413004.50099
2026-09-12 04:00:00,0.08445,0.08483,0.08424,0.08477,38043860.0,3213954.21535
2026-09-12 08:00:00,0.08477,0.08517,0.08463,0.08505,44669813.0,3794031.50479
2026-09-12 12:00:00,0.08506,0.08538,0.0848,0.0851,63996070.0,5444608.66531
2026-09-12 16:00:00,0.0851,0.08517,0.0846,0.0848,38820483.0,3296110.0584
2026-09-12 20:00:00,0.0848,0.08499,0.08458,0.08483,32262539.0,2735214.9882
2026-09-13 00:00:00,0.08482,0.08521,0.08464,0.08471,51862085.0,4404003.24211
2026-09-13 04:00:00,0.08472,0.08495,0.08414,0.08416,35854533.0,3033034.39412
2026-09-13 08:00:00,0.08416,0.08429,0.08313,0.08355,53130932.0,4441753.2812
2026-09-13 12:00:00,0.08355,0.08393,0.08286,0.0835,58163479.0,4857104.85779
2026-09-13 16:00:00,0.08349,0.08466,0.08349,0.08417,44673894.0,3764774.80971
2026-09-13 20:00:00,0.08417,0.08454,0.08209,0.0824,93573378.0,7753485.42475
2026-09-14 00:00:00,0.0824,0.08431,0.08191,0.08391,100655872.0,8373433.43052
2026-09-14 04:00:00,0.08391,0.0846,0.08384,0.08437,70896186.0,5971002.97001
2026-09-14 08:00:00,0.08437,0.08486,0.08381,0.08412,89862174.0,7574433.51514
2026-09-14 12:00:00,0.08413,0.08444,0.08313,0.08405,118291238.0,9925981.24413
2026-09-14 16:00:00,0.08405,0.08534,0.0839,0.08472,99452965.0,8431084.58889
2026-09-14 20:00:00,0.08472,0.08616,0.08359,0.08366,93719009.0,7945991.87534
2026-09-15 00:00:00,0.08365,0.08399,0.08329,0.08331,57014907.0,4770739.22637
2026-09-15 04:00:00,0.08331,0.08343,0.08243,0.08254,88328309.0,7325039.51275
2026-09-15 08:00:00,0.08254,0.08292,0.08228,0.08251,76051593.0,6282504.46792
2026-09-15 12:00:00,0.08251,0.08341,0.08053,0.08169,203473819.0,16657086.27875
2026-09-15 16:00:00,0.08168,0.08256,0.07841,0.0809,296425627.0,23892154.54843
2026-09-15 20:00:00,0.08089,0.08103,0.07939,0.08008,112244883.0,8994660.9602
2026-09-16 00:00:00,0.08009,0.08044,0.07946,0.08003,77986053.0,6240682.81439
2026-09-16 04:00:00,0.08004,0.08077,0.07962,0.07967,78077590.0,6261274.59601
2026-09-16 08:00:00,0.07967,0.08041,0.07916,0.08021,68607810.0,5471109.0194
2026-09-16 12:00:00,0.08022,0.08032,0.07886,0.07888,73787910.0,5853637.16367
