timestamp,open,high,low,close,volume,quote_volume
2026-09-14 12:06:00,0.08414,0.08414,0.08409,0.08409,98955.0,8323.31018
2026-09-14 12:07:00,0.0841,0.08413,0.08409,0.08413,64329.0,5411.20206
2026-09-14 12:08:00,0.08413,0.08419,0.08413,0.08415,100720.0,8477.16828
2026-09-14 12:09:00,0.08416,0.08418,0.08415,0.08416,124706.0,10496.49937
2026-09-14 12:10:00,0.08417,0.08419,0.08416,0.08419,105050.0,8842.96442
2026-09-14 12:11:00,0.08418,0.0842,0.08418,0.0842,15534.0,1307.86737
2026-09-14 12:12:00,0.0842,0.08421,0.08419,0.08419,159928.0,13465.18374
2026-09-14 12:13:00,0.08419,0.0842,0.08418,0.08418,39027.0,3285.59074
2026-09-14 12:14:00,0.08417,0.08419,0.08414,0.08419,68759.0,5787.5799
2026-09-14 12:15:00,0.08419,0.08423,0.08418,0.08423,45206.0,3806.47788
2026-09-14 12:16:00,0.08423,0.08427,0.08416,0.08421,129308.0,10891.12472
2026-09-14 12:17:00,0.08421,0.08428,0.0842,0.08428,197319.0,16620.83969
2026-09-14 12:18:00,0.08427,0.08427,0.08425,0.08425,126947.0,10697.26075
2026-09-14 12:19:00,0.08426,0.08431,0.08424,0.08428,172392.0,14527.76637
2026-09-14 12:20:00,0.08428,0.0843,0.08418,0.08418,1085508.0,91438.35029
2026-09-14 12:21:00,0.08418,0.08421,0.08418,0.0842,144229.0,12143.36387
2026-09-14 12:22:00,0.08421,0.08431,0.0842,0.08429,482962.0,40709.7877
2026-09-14 12:23:00,0.0843,0.08431,0.08427,0.08428,165123.0,13916.81561
2026-09-14 12:24:00,0.08429,0.08433,0.08427,0.08429,240041.0,20236.76306
2026-09-14 12:25:00,0.08429,0.08429,0.08422,0.08425,178622.0,15045.97822
2026-09-14 12:26:00,0.08425,0.08425,0.0842,0.0842,52391.0,4413.35316
2026-09-14 12:27:00,0.08421,0.08433,0.08421,0.08425,1698235.0,143116.91081
2026-09-14 12:28:00,0.08426,0.08428,0.08425,0.08428,11669.0,983.25443
2026-09-14 12:29:00,0.08427,0.08431,0.08427,0.0843,47457.0,4000.6495
2026-09-14 12:30:00,0.08431,0.08432,0.08428,0.08431,40374.0,3403.61104
2026-09-14 12:31:00,0.0843,0.08439,0.0843,0.08438,53589.0,4518.4402
2026-09-14 12:32:00,0.08438,0.08441,0.08438,0.0844,33023.0,2787.05252
2026-09-14 12:33:00,0.0844,0.08442,0.0844,0.0844,63626.0,5370.73081
2026-09-14 12:34:00,0.08441,0.08444,0.08431,0.08433,1137585.0,95983.83493
2026-09-14 12:35:00,0.08433,0.08433,0.08399,0.08405,406757.0,34204.70634
2026-09-14 12:36:00,0.08405,0.08413,0.08392,0.084,795469.0,66841.86683
2026-09-14 12:37:00,0.084,0.084,0.08392,0.08398,525479.0,44112.87036
2026-09-14 12:38:00,0.08399,0.08409,0.08398,0.08405,229528.0,19291.00772
2026-09-14 12:39:00,0.08405,0.08415,0.08404,0.08412,136386.0,11472.25141
2026-09-14 12:40:00,0.08411,0.08411,0.08406,0.08409,41802.0,3514.74493
2026-09-14 12:41:00,0.08408,0.08413,0.08392,0.08407,1355616.0,113955.08182
2026-09-14 12:42:00,0.08406,0.0841,0.08404,0.08406,160573.0,13499.44983
2026-09-14 12:43:00,0.08407,0.08419,0.08406,0.08415,113036.0,9508.70519
2026-09-14 12:44:00,0.08415,0.08416,0.08412,0.08412,267075.0,22473.94167
2026-09-14 12:45:00,0.08412,0.08417,0.08408,0.08412,357908.0,30117.1627
2026-09-14 12:46:00,0.08411,0.08411,0.08402,0.08402,260302.0,21876.7788
2026-09-14 12:47:00,0.08402,0.08403,0.08399,0.08401,144799.0,12163.39359
2026-09-14 12:48:00,0.084,0.084,0.08395,0.08395,190834.0,16022.18424
2026-09-14 12:49:00,0.08394,0.08394,0.08382,0.08391,603516.0,50623.09376
2026-09-14 12:50:00,0.08391,0.08393,0.08382,0.08384,1242202.0,104168.01461
2026-09-14 12:51:00,0.08385,0.08387,0.08382,0.08384,268283.0,22494.14877
2026-09-14 12:52:00,0.08384,0.08385,0.08381,0.08382,365426.0,30632.44125
2026-09-14 12:53:00,0.08382,0.0839,0.08382,0.08383,758786.0,63636.88559
2026-09-14 12:54:00,0.08383,0.08383,0.08371,0.08374,862829.0,72286.54152
2026-09-14 12:55:00,0.08373,0.08379,0.08366,0.0837,805579.0,67446.81024
2026-09-14 12:56:00,0.0837,0.08372,0.08355,0.08367,1861904.0,155722.66827
2026-09-14 12:57:00,0.08367,0.08372,0.08366,0.08372,251085.0,21009.82711
2026-09-14 12:58:00,0.08371,0.08375,0.0837,0.08375,146621.0,12276.39149
2026-09-14 12:59:00,0.08374,0.08374,0.08371,0.08371,35319.0,2956.9556
2026-09-14 13:00:00,0.08371,0.08376,0.08363,0.08367,337881.0,28286.15576
2026-09-14 13:01:00,0.08368,0.08368,0.0835,0.08352,1585314.0,132474.68676
2026-09-14 13:02:00,0.08353,0.08356,0.08341,0.08344,1050785.0,87706.03234
2026-09-14 13:03:00,0.08345,0.08358,0.08342,0.08345,1445171.0,120668.91391
2026-09-14 13:04:00,0.08346,0.0835,0.08338,0.08339,223601.0,18653.13537
2026-09-14 13:05:00,0.08339,0.08346,0.08339,0.08343,97348.0,8122.07912
2026-09-14 13:06:00,0.08343,0.08343,0.08317,0.08323,811306.0,67544.03624
2026-09-14 13:07:00,0.08323,0.08325,0.08318,0.08322,423776.0,35263.50237
2026-09-14 13:08:00,0.08322,0.08326,0.08313,0.08319,1407627.0,117094.24884
2026-09-14 13:09:00,0.0832,0.08334,0.08317,0.08333,598458.0,49821.0939
2026-09-14 13:10:00,0.08334,0.08345,0.08334,0.08345,605445.0,50494.14588
2026-09-14 13:11:00,0.08345,0.08356,0.08345,0.08354,594595.0,49653.94221
2026-09-14 13:12:00,0.08354,0.08354,0.08349,0.08353,156953.0,13108.27937
2026-09-14 13:13:00,0.08353,0.08365,0.08342,0.08347,1181733.0,98728.23375
2026-09-14 13:14:00,0.08347,0.08353,0.08345,0.08348,423023.0,35314.91686
2026-09-14 13:15:00,0.08348,0.08361,0.08348,0.08361,195090.0,16298.91107
2026-09-14 13:16:00,0.08361,0.08369,0.0836,0.08369,438170.0,36649.10484
2026-09-14 13:17:00,0.08369,0.08373,0.08365,0.08371,273296.0,22867.93399
2026-09-14 13:18:00,0.08371,0.08381,0.08371,0.08377,1091490.0,91433.47027
2026-09-14 13:19:00,0.08377,0.08377,0.08361,0.08362,476609.0,39887.31988
2026-09-14 13:20:00,0.08361,0.0837,0.08361,0.08362,205283.0,17170.4916
2026-09-14 13:21:00,0.08362,0.08366,0.0836,0.08363,86731.0,7253.29299
2026-09-14 13:22:00,0.08362,0.08363,0.08356,0.08356,69189.0,5784.10464
2026-09-14 13:23:00,0.08357,0.08358,0.08356,0.08357,98085.0,8196.93608
2026-09-14 13:24:00,0.08358,0.08358,0.0835,0.08353,267436.0,22340.33736
2026-09-14 13:25:00,0.08352,0.08354,0.08351,0.08354,61832.0,5164.45395
2026-09-14 13:26:00,0.08355,0.08355,0.08348,0.08354,577123.0,48193.45192
2026-09-14 13:27:00,0.08354,0.08357,0.08352,0.08355,67066.0,5603.1469
2026-09-14 13:28:00,0.08354,0.08359,0.08351,0.08354,85346.0,7128.97396
2026-09-14 13:29:00,0.08354,0.08357,0.08354,0.08356,65069.0,5436.41223
2026-09-14 13:30:00,0.08357,0.08383,0.08353,0.08378,716175.0,59933.4428
2026-09-14 13:31:00,0.08378,0.08399,0.08376,0.0839,895177.0,75063.52907
2026-09-14 13:32:00,0.08389,0.08396,0.08382,0.08392,789756.0,66248.49915
2026-09-14 13:33:00,0.08393,0.08397,0.08388,0.08395,214911.0,18036.20455
2026-09-14 13:34:00,0.08396,0.08437,0.08396,0.08414,2531495.0,213112.30636
2026-09-14 13:35:00,0.08414,0.08415,0.08391,0.08391,752096.0,63218.21174
2026-09-14 13:36:00,0.08391,0.08391,0.08347,0.08365,1338308.0,112004.64843
2026-09-14 13:37:00,0.08365,0.08387,0.08346,0.08382,1917726.0,160456.54616
2026-09-14 13:38:00,0.08381,0.08393,0.08373,0.08381,889774.0,74579.07129
2026-09-14 13:39:00,0.0838,0.08384,0.08374,0.08376,775674.0,64994.78717
2026-09-14 13:40:00,0.08376,0.08385,0.08372,0.08378,527738.0,44221.8352
2026-09-14 13:41:00,0.08378,0.08378,0.08366,0.08372,1336358.0,111909.5394
2026-09-14 13:42:00,0.08371,0.08383,0.08369,0.0838,685471.0,57408.03508
2026-09-14 13:43:00,0.08379,0.08388,0.08377,0.08385,419272.0,35145.78588
2026-09-14 13:44:00,0.08386,0.08392,0.08381,0.0839,399683.0,33517.21915
2026-09-14 13:45:00,0.08389,0.084,0.08384,0.08398,186522.0,15662.20181
2026-09-14 13:46:00,0.08398,0.0841,0.08398,0.08409,346345.0,29113.70592
2026-09-14 13:47:00,0.0841,0.08421,0.08409,0.08416,1036918.0,87256.1545
2026-09-14 13:48:00,0.08416,0.08419,0.08412,0.08414,445293.0,37471.30908
2026-09-14 13:49:00,0.08413,0.08424,0.0841,0.08421,328012.0,27602.55015
2026-09-14 13:50:00,0.08422,0.08428,0.08414,0.08416,297916.0,25090.94672
2026-09-14 13:51:00,0.08417,0.08419,0.08391,0.08392,753010.0,63290.18046
2026-09-14 13:52:00,0.08393,0.08404,0.08383,0.08394,409200.0,34335.75696
2026-09-14 13:53:00,0.08394,0.08398,0.08386,0.08398,372504.0,31268.56029
2026-09-14 13:54:00,0.08399,0.08399,0.0839,0.0839,255131.0,21417.38843
2026-09-14 13:55:00,0.08389,0.08392,0.08379,0.08384,1077853.0,90374.13038
2026-09-14 13:56:00,0.08384,0.08385,0.08369,0.08375,335784.0,28122.80668
2026-09-14 13:57:00,0.08375,0.08375,0.08368,0.08369,212402.0,17780.04483
2026-09-14 13:58:00,0.08368,0.08376,0.0836,0.08375,724218.0,60578.30363
2026-09-14 13:59:00,0.08376,0.08382,0.08371,0.08371,103445.0,8664.53069
2026-09-14 14:00:00,0.08371,0.08392,0.08369,0.08387,1717257.0,143975.86665
2026-09-14 14:01:00,0.08388,0.08402,0.08388,0.084,145919.0,12246.86297
2026-09-14 14:02:00,0.08401,0.08401,0.08392,0.08395,122719.0,10303.62863
2026-09-14 14:03:00,0.08395,0.08411,0.08395,0.08405,131452.0,11047.00469
2026-09-14 14:04:00,0.08406,0.08416,0.08406,0.08412,352231.0,29628.08892
2026-09-14 14:05:00,0.08413,0.08413,0.08393,0.08394,1243728.0,104470.59115
2026-09-14 14:06:00,0.08394,0.08399,0.08394,0.08397,413930.0,34754.61998
2026-09-14 14:07:00,0.08397,0.084,0.08395,0.08396,87279.0,7329.20658
2026-09-14 14:08:00,0.08396,0.08403,0.08393,0.08394,521069.0,43762.89478
2026-09-14 14:09:00,0.08394,0.084,0.0839,0.0839,287076.0,24104.71962
2026-09-14 14:10:00,0.08391,0.08411,0.08391,0.0841,471024.0,39570.0287
2026-09-14 14:11:00,0.08411,0.08425,0.08411,0.08415,1222262.0,102882.58854
2026-09-14 14:12:00,0.08415,0.08416,0.08405,0.08406,2111747.0,177584.71477
2026-09-14 14:13:00,0.08406,0.08416,0.08406,0.08416,1700883.0,143061.93337
2026-09-14 14:14:00,0.08416,0.08419,0.08411,0.08413,335197.0,28207.0448
2026-09-14 14:15:00,0.08414,0.08418,0.08414,0.08416,39431.0,3318.73683
2026-09-14 14:16:00,0.08416,0.08417,0.08413,0.08414,123063.0,10355.24086
2026-09-14 14:17:00,0.08415,0.08428,0.08415,0.08425,603959.0,50882.88496
2026-09-14 14:18:00,0.08425,0.08425,0.0841,0.08415,390127.0,32830.25967
2026-09-14 14:19:00,0.08416,0.08427,0.08415,0.08426,326320.0,27485.95311
2026-09-14 14:20:00,0.08427,0.08427,0.08416,0.08417,231321.0,19478.20145
2026-09-14 14:21:00,0.08417,0.08417,0.08392,0.08396,406115.0,34117.40198
2026-09-14 14:22:00,0.08396,0.08402,0.08391,0.08397,328161.0,27557.43436
2026-09-14 14:23:00,0.08397,0.08398,0.08387,0.08396,233396.0,19583.31193
2026-09-14 14:24:00,0.08396,0.08396,0.08377,0.08377,52471.0,4398.33898
2026-09-14 14:25:00,0.08377,0.08386,0.08377,0.08385,268794.0,22530.15837
2026-09-14 14:26:00,0.08384,0.08385,0.08362,0.08368,660876.0,55338.46153
2026-09-14 14:27:00,0.08368,0.08385,0.08366,0.08385,1747920.0,146495.45201
2026-09-14 14:28:00,0.08386,0.08406,0.08386,0.08405,371391.0,31173.82872
2026-09-14 14:29:00,0.08404,0.08406,0.08394,0.08401,536054.0,45020.11841
2026-09-14 14:30:00,0.08401,0.08413,0.08398,0.08412,394571.0,33170.32477
2026-09-14 14:31:00,0.08412,0.08429,0.08412,0.08425,663356.0,55882.21303
2026-09-14 14:32:00,0.08425,0.08426,0.08413,0.08417,259070.0,21809.80431
2026-09-14 14:33:00,0.08417,0.08419,0.08412,0.08412,394552.0,33211.52686
2026-09-14 14:34:00,0.08412,0.08419,0.08409,0.08409,150189.0,12637.64374
2026-09-14 14:35:00,0.08409,0.08409,0.08393,0.08398,959517.0,80579.82618
2026-09-14 14:36:00,0.08399,0.08399,0.08389,0.0839,1106458.0,92913.62822
2026-09-14 14:37:00,0.08391,0.08394,0.08386,0.0839,374824.0,31453.1782
2026-09-14 14:38:00,0.08389,0.0839,0.08379,0.08387,187035.0,15679.99548
2026-09-14 14:39:00,0.08387,0.08389,0.08378,0.08383,220778.0,18510.06136
2026-09-14 14:40:00,0.08383,0.08386,0.08378,0.08384,614318.0,51496.44292
2026-09-14 14:41:00,0.08385,0.08389,0.08377,0.0838,303568.0,25442.81118
2026-09-14 14:42:00,0.0838,0.08384,0.08379,0.08384,128449.0,10766.26677
2026-09-14 14:43:00,0.08384,0.08387,0.08377,0.08378,109265.0,9157.54079
2026-09-14 14:44:00,0.08378,0.08388,0.08376,0.08388,476956.0,39981.6914
2026-09-14 14:45:00,0.08387,0.08407,0.08387,0.08397,1034578.0,86927.61794
2026-09-14 14:46:00,0.08398,0.08403,0.08388,0.08392,411117.0,34527.78927
2026-09-14 14:47:00,0.08393,0.08393,0.08381,0.08386,61414.0,5149.25767
2026-09-14 14:48:00,0.08385,0.08392,0.08383,0.08385,422827.0,35457.03001
2026-09-14 14:49:00,0.08384,0.084,0.08384,0.084,465194.0,39053.8391
2026-09-14 14:50:00,0.084,0.08402,0.08388,0.08389,126301.0,10606.71061
2026-09-14 14:51:00,0.08388,0.08392,0.08385,0.08392,127646.0,10704.55984
2026-09-14 14:52:00,0.08391,0.08391,0.08378,0.08379,228497.0,19154.05537
2026-09-14 14:53:00,0.0838,0.08386,0.08378,0.08378,277192.0,23235.06556
2026-09-14 14:54:00,0.08378,0.08398,0.08377,0.08398,1758211.0,147501.63768
2026-09-14 14:55:00,0.08397,0.08397,0.0838,0.0838,502006.0,42102.06717
2026-09-14 14:56:00,0.0838,0.0838,0.08373,0.08378,838663.0,70253.50716
2026-09-14 14:57:00,0.08378,0.08379,0.08375,0.08379,160383.0,13435.80505
2026-09-14 14:58:00,0.08379,0.08389,0.08379,0.08384,218048.0,18281.47292
2026-09-14 14:59:00,0.08385,0.08387,0.08382,0.08382,208087.0,17447.66321
2026-09-14 15:00:00,0.08382,0.08382,0.08375,0.08375,190392.0,15950.87341
2026-09-14 15:01:00,0.08375,0.08376,0.08365,0.08375,481026.0,40263.72796
2026-09-14 15:02:00,0.08376,0.08386,0.08374,0.08375,502316.0,42082.46654
2026-09-14 15:03:00,0.08375,0.08375,0.08368,0.0837,471591.0,39473.89336
2026-09-14 15:04:00,0.0837,0.08373,0.08363,0.08364,293395.0,24553.94625
2026-09-14 15:05:00,0.08364,0.0839,0.08357,0.08376,2763020.0,231354.02079
2026-09-14 15:06:00,0.08376,0.08398,0.08376,0.08389,742986.0,62339.49911
2026-09-14 15:07:00,0.08389,0.0839,0.08378,0.08384,423779.0,35528.78752
2026-09-14 15:08:00,0.08383,0.08395,0.08382,0.08391,325852.0,27328.1736
2026-09-14 15:09:00,0.08391,0.08395,0.08385,0.08385,207076.0,17375.83254
2026-09-14 15:10:00,0.08385,0.08389,0.08383,0.08388,149215.0,12511.56588
2026-09-14 15:11:00,0.08387,0.08387,0.08373,0.08374,207635.0,17394.04717
2026-09-14 15:12:00,0.08374,0.0838,0.08371,0.08379,56300.0,4715.54511
2026-09-14 15:13:00,0.0838,0.08384,0.0838,0.08383,49203.0,4125.09021
2026-09-14 15:14:00,0.08383,0.08389,0.08383,0.08388,178757.0,14991.591
2026-09-14 15:15:00,0.08388,0.08388,0.08383,0.08386,545794.0,45770.52331
2026-09-14 15:16:00,0.08386,0.08394,0.08383,0.08394,44296.0,3716.66785
2026-09-14 15:17:00,0.08395,0.08407,0.08395,0.08398,403717.0,33919.15882
2026-09-14 15:18:00,0.08398,0.08398,0.08388,0.08389,239994.0,20148.71066
2026-09-14 15:19:00,0.08388,0.08403,0.08388,0.08401,107614.0,9032.16767
2026-09-14 15:20:00,0.084,0.084,0.08395,0.08396,118593.0,9959.48209
2026-09-14 15:21:00,0.08396,0.084,0.08391,0.08396,95343.0,8005.95585
2026-09-14 15:22:00,0.08397,0.08399,0.08394,0.08394,64848.0,5444.79883
2026-09-14 15:23:00,0.08394,0.08396,0.0839,0.08395,54351.0,4561.14803
2026-09-14 15:24:00,0.08395,0.08404,0.08391,0.08397,690941.0,58023.33124
2026-09-14 15:25:00,0.08397,0.08402,0.08394,0.08394,226102.0,18988.5713
2026-09-14 15:26:00,0.08395,0.084,0.08395,0.08397,67121.0,5636.77747
2026-09-14 15:27:00,0.08397,0.08397,0.08389,0.08389,32709.0,2745.34884
2026-09-14 15:28:00,0.08388,0.08395,0.08388,0.08393,122379.0,10267.45272
2026-09-14 15:29:00,0.08394,0.08394,0.08386,0.08386,16436.0,1378.85284
2026-09-14 15:30:00,0.08386,0.084,0.08385,0.084,2065758.0,173373.52813
2026-09-14 15:31:00,0.084,0.084,0.08389,0.08389,302572.0,25397.41803
2026-09-14 15:32:00,0.08389,0.08406,0.08386,0.08404,1377084.0,115603.15856
2026-09-14 15:33:00,0.08404,0.08413,0.084,0.08412,88442.0,7433.05245
2026-09-14 15:34:00,0.08411,0.08422,0.0841,0.08413,1384710.0,116524.95119
2026-09-14 15:35:00,0.08412,0.08412,0.084,0.084,311018.0,26140.62032
2026-09-14 15:36:00,0.08399,0.08402,0.08387,0.0839,456788.0,38323.73118
2026-09-14 15:37:00,0.0839,0.08408,0.0839,0.08408,174521.0,14659.15092
2026-09-14 15:38:00,0.08407,0.08412,0.08405,0.08405,204775.0,17218.94915
2026-09-14 15:39:00,0.08405,0.08414,0.08402,0.08402,385156.0,32385.62721
2026-09-14 15:40:00,0.08402,0.08422,0.08399,0.08406,5309408.0,446478.8123
2026-09-14 15:41:00,0.08407,0.08422,0.08405,0.08422,294074.0,24739.70087
2026-09-14 15:42:00,0.08421,0.08426,0.08415,0.08419,309689.0,26072.30433
2026-09-14 15:43:00,0.08419,0.0843,0.08419,0.08428,281267.0,23701.14962
2026-09-14 15:44:00,0.08429,0.08434,0.08411,0.08421,1611964.0,135724.957
2026-09-14 15:45:00,0.08422,0.08422,0.08404,0.08405,1622051.0,136422.01309
2026-09-14 15:46:00,0.08404,0.08405,0.08397,0.08397,319082.0,26806.73261
2026-09-14 15:47:00,0.08396,0.08396,0.0839,0.08391,90440.0,7590.21157
2026-09-14 15:48:00,0.08392,0.08399,0.08388,0.08395,245364.0,20594.44555
2026-09-14 15:49:00,0.08396,0.08404,0.08396,0.08401,475581.0,39951.60755
2026-09-14 15:50:00,0.084,0.0841,0.08396,0.08407,1243210.0,104462.03507
2026-09-14 15:51:00,0.08406,0.08414,0.084,0.08403,639686.0,53784.00087
2026-09-14 15:52:00,0.08404,0.08418,0.08404,0.08415,171216.0,14403.04336
2026-09-14 15:53:00,0.08416,0.08422,0.08411,0.08421,199137.0,16761.6196
2026-09-14 15:54:00,0.08421,0.08421,0.08414,0.08415,139198.0,11715.68834
2026-09-14 15:55:00,0.08415,0.08419,0.08405,0.08411,1582708.0,133140.0674
2026-09-14 15:56:00,0.08411,0.08411,0.08407,0.08411,433846.0,36482.38437
2026-09-14 15:57:00,0.0841,0.08414,0.08405,0.08408,235655.0,19813.33947
2026-09-14 15:58:00,0.08407,0.08407,0.08401,0.08403,47212.0,3967.75847
2026-09-14 15:59:00,0.08403,0.08406,0.08402,0.08405,538893.0,45285.39371
2026-09-14 16:00:00,0.08405,0.08408,0.08403,0.08403,37799.0,3177.45061
2026-09-14 16:01:00,0.08402,0.08404,0.08399,0.08399,113449.0,9530.92961
2026-09-14 16:02:00,0.08399,0.08403,0.08398,0.08398,50327.0,4228.41578
2026-09-14 16:03:00,0.08398,0.08398,0.08395,0.08395,177146.0,14873.58396
2026-09-14 16:04:00,0.08394,0.08394,0.0839,0.08392,25623.0,2150.16664
2026-09-14 16:05:00,0.08392,0.08397,0.08391,0.08395,59057.0,4957.52405
2026-09-14 16:06:00,0.08395,0.08401,0.08393,0.08396,233165.0,19584.09257
2026-09-14 16:07:00,0.08396,0.084,0.08395,0.084,97489.0,8186.39275
2026-09-14 16:08:00,0.08399,0.08399,0.08394,0.08394,90085.0,7563.93081
2026-09-14 16:09:00,0.08395,0.08403,0.08393,0.08403,84793.0,7119.79913
2026-09-14 16:10:00,0.08402,0.08406,0.08401,0.08406,21075.0,1771.18642
2026-09-14 16:11:00,0.08405,0.08407,0.08403,0.08404,52323.0,4397.65392
2026-09-14 16:12:00,0.08404,0.08404,0.084,0.08402,45418.0,3816.2086
2026-09-14 16:13:00,0.08403,0.08403,0.08397,0.08398,74328.0,6244.30214
2026-09-14 16:14:00,0.08399,0.08399,0.08393,0.08395,320176.0,26877.78759
2026-09-14 16:15:00,0.08395,0.08419,0.08395,0.08417,220436.0,18525.80001
2026-09-14 16:16:00,0.08418,0.08424,0.08418,0.08422,315507.0,26568.6456
2026-09-14 16:17:00,0.08422,0.08432,0.08416,0.08432,196760.0,16569.48143
2026-09-14 16:18:00,0.08432,0.08455,0.08432,0.08454,1719784.0,145216.31372
2026-09-14 16:19:00,0.08454,0.08467,0.08447,0.08447,1440845.0,121880.16323
2026-09-14 16:20:00,0.08448,0.08453,0.08432,0.08435,1998263.0,168670.18872
2026-09-14 16:21:00,0.08435,0.08447,0.08432,0.08447,118119.0,9969.3273
2026-09-14 16:22:00,0.08448,0.0846,0.08448,0.08456,398501.0,33698.04094
2026-09-14 16:23:00,0.08455,0.08463,0.08454,0.08456,583644.0,49362.20573
2026-09-14 16:24:00,0.08457,0.08469,0.08453,0.08455,1055817.0,89356.43787
2026-09-14 16:25:00,0.08455,0.08456,0.08439,0.08439,77944.0,6586.40283
2026-09-14 16:26:00,0.08439,0.08441,0.08432,0.08432,485745.0,40985.87453
2026-09-14 16:27:00,0.08431,0.08434,0.08426,0.0843,807311.0,68035.32072
2026-09-14 16:28:00,0.08431,0.08437,0.08429,0.0843,89332.0,7533.20868
2026-09-14 16:29:00,0.08431,0.08434,0.08426,0.08428,594456.0,50105.06966
2026-09-14 16:30:00,0.08428,0.08435,0.08427,0.08434,72990.0,6155.09165
2026-09-14 16:31:00,0.08435,0.08438,0.08427,0.08433,977153.0,82392.36213
2026-09-14 16:32:00,0.08433,0.08437,0.08429,0.0843,286455.0,24154.36697
2026-09-14 16:33:00,0.08431,0.08433,0.08429,0.08431,92018.0,7757.68256
2026-09-14 16:34:00,0.08431,0.08431,0.08424,0.08424,69817.0,5884.38393
2026-09-14 16:35:00,0.08425,0.08427,0.08419,0.08422,101622.0,8560.07921
2026-09-14 16:36:00,0.08422,0.08422,0.08416,0.08417,283504.0,23863.93391
2026-09-14 16:37:00,0.08418,0.08431,0.08418,0.08421,1819106.0,153255.65927
2026-09-14 16:38:00,0.0842,0.08426,0.08418,0.08425,103357.0,8703.54405
2026-09-14 16:39:00,0.08426,0.08432,0.08424,0.08426,944961.0,79635.61308
2026-09-14 16:40:00,0.08427,0.08429,0.08424,0.08427,296445.0,24980.54817
2026-09-14 16:41:00,0.08428,0.08428,0.08422,0.08422,41897.0,3530.12361
2026-09-14 16:42:00,0.08422,0.08424,0.08421,0.08424,79589.0,6704.0092
2026-09-14 16:43:00,0.08423,0.08427,0.08423,0.08426,41505.0,3496.68905
2026-09-14 16:44:00,0.08425,0.08427,0.08425,0.08427,22537.0,1898.75071
2026-09-14 16:45:00,0.08426,0.08432,0.08424,0.08432,192031.0,16179.55635
2026-09-14 16:46:00,0.08432,0.08434,0.08432,0.08433,79092.0,6670.02288
2026-09-14 16:47:00,0.08434,0.08449,0.08434,0.08449,509635.0,43037.29111
2026-09-14 16:48:00,0.08449,0.0846,0.08445,0.08455,622107.0,52583.46163
2026-09-14 16:49:00,0.08454,0.08456,0.08453,0.08455,95737.0,8093.60985
2026-09-14 16:50:00,0.08455,0.08457,0.08452,0.08457,49096.0,4150.49397
2026-09-14 16:51:00,0.08458,0.08469,0.08456,0.08468,473449.0,40063.50982
2026-09-14 16:52:00,0.08468,0.08475,0.08465,0.08467,536863.0,45474.83433
2026-09-14 16:53:00,0.08468,0.08468,0.0846,0.0846,209569.0,17740.37988
2026-09-14 16:54:00,0.0846,0.08468,0.0846,0.08466,287326.0,24320.42932
2026-09-14 16:55:00,0.08465,0.08471,0.08459,0.08461,310046.0,26240.52434
2026-09-14 16:56:00,0.0846,0.08463,0.08452,0.08454,74234.0,6279.17995
2026-09-14 16:57:00,0.08455,0.0846,0.0845,0.0845,444869.0,37622.07557
2026-09-14 16:58:00,0.08449,0.08449,0.08445,0.08445,109721.0,9269.16956
2026-09-14 16:59:00,0.08445,0.08448,0.08444,0.08447,59631.0,5036.07501
2026-09-14 17:00:00,0.08447,0.08447,0.08443,0.08446,28635.0,2418.29359
2026-09-14 17:01:00,0.08445,0.08445,0.08439,0.0844,65409.0,5521.62184
2026-09-14 17:02:00,0.0844,0.08449,0.08439,0.08446,126138.0,10652.61293
2026-09-14 17:03:00,0.08445,0.08445,0.08441,0.08444,202421.0,17089.83007
2026-09-14 17:04:00,0.08444,0.08444,0.08441,0.08442,22682.0,1915.04882
2026-09-14 17:05:00,0.08443,0.08443,0.08437,0.08438,39030.0,3293.69634
2026-09-14 17:06:00,0.08439,0.0845,0.08439,0.08443,118759.0,10028.66114
2026-09-14 17:07:00,0.08442,0.08443,0.08437,0.08439,143480.0,12113.58775
2026-09-14 17:08:00,0.08439,0.08445,0.08439,0.08445,112556.0,9503.35778
2026-09-14 17:09:00,0.08445,0.08445,0.08439,0.08441,15562.0,1313.73081
2026-09-14 17:10:00,0.08441,0.08453,0.08441,0.08451,1161758.0,98143.17276
2026-09-14 17:11:00,0.08452,0.08455,0.08452,0.08452,137234.0,11601.05426
2026-09-14 17:12:00,0.08452,0.08459,0.08452,0.08459,383178.0,32397.80525
2026-09-14 17:13:00,0.0846,0.08462,0.08458,0.08461,87645.0,7414.97911
2026-09-14 17:14:00,0.0846,0.08462,0.08459,0.08462,499415.0,42252.83062
2026-09-14 17:15:00,0.08461,0.08465,0.08461,0.08465,296244.0,25070.23143
2026-09-14 17:16:00,0.08464,0.08467,0.08461,0.08467,454403.0,38464.20709
2026-09-14 17:17:00,0.08467,0.08475,0.08466,0.08474,411842.0,34881.15789
2026-09-14 17:18:00,0.08473,0.08473,0.08453,0.08459,1752455.0,148246.44998
2026-09-14 17:19:00,0.0846,0.08464,0.0846,0.08464,132800.0,11238.18254
2026-09-14 17:20:00,0.08464,0.08476,0.08464,0.08476,347205.0,29418.9487
2026-09-14 17:21:00,0.08476,0.0848,0.08466,0.08466,256179.0,21709.28576
2026-09-14 17:22:00,0.08466,0.08468,0.08463,0.08467,156697.0,13264.44979
2026-09-14 17:23:00,0.08468,0.08478,0.08467,0.08476,234178.0,19838.6328
2026-09-14 17:24:00,0.08477,0.08487,0.08477,0.08482,221458.0,18786.56334
2026-09-14 17:25:00,0.08482,0.08485,0.08473,0.08478,544424.0,46150.44005
2026-09-14 17:26:00,0.08477,0.08485,0.08477,0.08482,594987.0,50464.55342
2026-09-14 17:27:00,0.08482,0.08486,0.0848,0.0848,184261.0,15631.18822
2026-09-14 17:28:00,0.0848,0.0848,0.08471,0.08473,292419.0,24780.38971
2026-09-14 17:29:00,0.08472,0.0848,0.08469,0.0848,387780.0,32861.14914
2026-09-14 17:30:00,0.08479,0.0848,0.08471,0.08477,377299.0,31966.31316
2026-09-14 17:31:00,0.08478,0.08479,0.08473,0.08476,49591.0,4203.56542
2026-09-14 17:32:00,0.08475,0.08478,0.08467,0.08468,582323.0,49334.25679
2026-09-14 17:33:00,0.08468,0.08468,0.08451,0.08457,158833.0,13433.97853
2026-09-14 17:34:00,0.08456,0.08459,0.08453,0.08454,307765.0,26018.16676
2026-09-14 17:35:00,0.08455,0.08472,0.08455,0.08465,800113.0,67760.74349
2026-09-14 17:36:00,0.08465,0.08466,0.08462,0.08466,109639.0,9280.16842
2026-09-14 17:37:00,0.08466,0.08467,0.08458,0.08461,32702.0,2767.39819
2026-09-14 17:38:00,0.08462,0.08467,0.08462,0.08467,111836.0,9467.07521
2026-09-14 17:39:00,0.08467,0.0847,0.08464,0.08464,465593.0,39419.14122
2026-09-14 17:40:00,0.08465,0.08465,0.08462,0.08464,153159.0,12964.07018
2026-09-14 17:41:00,0.08465,0.08467,0.08461,0.08464,97747.0,8273.26269
2026-09-14 17:42:00,0.08465,0.0848,0.08465,0.08476,829103.0,70257.42589
2026-09-14 17:43:00,0.08476,0.08479,0.08474,0.08476,362459.0,30724.49814
2026-09-14 17:44:00,0.08475,0.08475,0.08471,0.08472,43285.0,3667.87583
2026-09-14 17:45:00,0.08473,0.08476,0.08473,0.08475,33262.0,2818.97237
2026-09-14 17:46:00,0.08475,0.0848,0.08474,0.0848,219513.0,18609.67255
2026-09-14 17:47:00,0.0848,0.08483,0.0847,0.08477,1389216.0,117745.48857
2026-09-14 17:48:00,0.08478,0.08485,0.08477,0.08484,324264.0,27504.90782
2026-09-14 17:49:00,0.08484,0.08487,0.08483,0.08484,236773.0,20090.12702
2026-09-14 17:50:00,0.08483,0.08483,0.08475,0.08475,84832.0,7193.95635
2026-09-14 17:51:00,0.08475,0.08479,0.08474,0.08475,368692.0,31256.54511
2026-09-14 17:52:00,0.08476,0.08478,0.08475,0.08475,305955.0,25932.09955
2026-09-14 17:53:00,0.08474,0.0849,0.08468,0.08489,1684725.0,142842.18855
2026-09-14 17:54:00,0.08489,0.08492,0.08488,0.0849,130539.0,11083.0916
2026-09-14 17:55:00,0.08491,0.08497,0.08489,0.08492,169403.0,14389.5517
2026-09-14 17:56:00,0.08492,0.08492,0.08487,0.08487,1524821.0,129443.19574
2026-09-14 17:57:00,0.08488,0.08488,0.08483,0.08486,242647.0,20587.55164
2026-09-14 17:58:00,0.08486,0.08489,0.08475,0.08479,1135871.0,96342.47531
2026-09-14 17:59:00,0.08478,0.08482,0.08478,0.08481,130351.0,11053.37936
2026-09-14 18:00:00,0.08482,0.08488,0.08476,0.08477,428571.0,36345.25311
2026-09-14 18:01:00,0.08477,0.08479,0.08476,0.08476,122185.0,10357.40105
2026-09-14 18:02:00,0.08475,0.08477,0.08471,0.08471,204676.0,17346.6208
2026-09-14 18:03:00,0.08472,0.08487,0.08471,0.08486,2964061.0,251259.46851
2026-09-14 18:04:00,0.08486,0.08488,0.08484,0.08484,268533.0,22784.99207
2026-09-14 18:05:00,0.08485,0.08485,0.08477,0.08477,135296.0,11473.63413
2026-09-14 18:06:00,0.08477,0.08488,0.08477,0.08488,151681.0,12869.30067
2026-09-14 18:07:00,0.08488,0.0849,0.08484,0.0849,100699.0,8545.27319
2026-09-14 18:08:00,0.08491,0.08497,0.0849,0.08492,416606.0,35383.44375
2026-09-14 18:09:00,0.08493,0.08495,0.08482,0.08485,1878467.0,159424.28372
2026-09-14 18:10:00,0.08484,0.08487,0.0848,0.08481,117353.0,9954.22003
2026-09-14 18:11:00,0.0848,0.08484,0.08476,0.08476,347021.0,29431.35548
2026-09-14 18:12:00,0.08475,0.08479,0.08475,0.08479,14386.0,1219.45572
2026-09-14 18:13:00,0.08478,0.08479,0.08475,0.08475,273153.0,23154.82133
2026-09-14 18:14:00,0.08475,0.08475,0.08469,0.0847,67239.0,5696.08221
2026-09-14 18:15:00,0.0847,0.08481,0.08466,0.0848,1642176.0,139158.13818
2026-09-14 18:16:00,0.0848,0.0848,0.08474,0.08475,286905.0,24323.13839
2026-09-14 18:17:00,0.08475,0.08477,0.08474,0.08477,53911.0,4569.23682
2026-09-14 18:18:00,0.08476,0.08479,0.08469,0.08478,286835.0,24306.75721
2026-09-14 18:19:00,0.08478,0.08495,0.08478,0.08494,774825.0,65777.32942
2026-09-14 18:20:00,0.08493,0.08501,0.08488,0.08494,1273843.0,108234.13496
2026-09-14 18:21:00,0.08495,0.08497,0.08492,0.08492,136654.0,11608.70985
2026-09-14 18:22:00,0.08492,0.08506,0.0849,0.08499,498156.0,42348.37079
2026-09-14 18:23:00,0.085,0.08506,0.08496,0.08496,269136.0,22880.93452
2026-09-14 18:24:00,0.08496,0.08503,0.08493,0.08502,313095.0,26605.97159
2026-09-14 18:25:00,0.08501,0.08501,0.08488,0.08492,226482.0,19236.69195
2026-09-14 18:26:00,0.08493,0.08499,0.08493,0.08499,119486.0,10152.04053
2026-09-14 18:27:00,0.08499,0.08507,0.08498,0.08505,663029.0,56374.18312
2026-09-14 18:28:00,0.08504,0.08504,0.08501,0.08501,80302.0,6827.03028
2026-09-14 18:29:00,0.08501,0.08509,0.085,0.08506,514886.0,43779.49073
2026-09-14 18:30:00,0.08507,0.08513,0.08504,0.08511,893897.0,76057.79908
2026-09-14 18:31:00,0.08512,0.08516,0.08509,0.08514,372099.0,31675.77703
2026-09-14 18:32:00,0.08513,0.08516,0.0851,0.0851,574974.0,48952.49398
2026-09-14 18:33:00,0.08511,0.08516,0.0851,0.08513,666670.0,56760.36263
2026-09-14 18:34:00,0.08512,0.08513,0.08509,0.08509,1443120.0,122832.19132
2026-09-14 18:35:00,0.08509,0.0851,0.08501,0.08504,574960.0,48910.49555
2026-09-14 18:36:00,0.08504,0.08518,0.08503,0.08511,1291825.0,109947.03651
2026-09-14 18:37:00,0.0851,0.08515,0.0851,0.08513,64592.0,5498.07492
2026-09-14 18:38:00,0.08513,0.08524,0.08512,0.08521,1101030.0,93801.96855
2026-09-14 18:39:00,0.08521,0.08524,0.08513,0.08515,576290.0,49083.90958
2026-09-14 18:40:00,0.08514,0.08515,0.08503,0.08505,585218.0,49801.53466
2026-09-14 18:41:00,0.08505,0.08507,0.08501,0.08506,196130.0,16678.61189
2026-09-14 18:42:00,0.08506,0.08513,0.08496,0.08513,248855.0,21164.16323
2026-09-14 18:43:00,0.08513,0.08525,0.08513,0.08523,89798.0,7651.61953
2026-09-14 18:44:00,0.08522,0.08522,0.08513,0.08514,581329.0,49517.9692
2026-09-14 18:45:00,0.08514,0.08532,0.08514,0.08529,1526219.0,130143.78427
2026-09-14 18:46:00,0.0853,0.08534,0.08516,0.08526,1074766.0,91649.56732
2026-09-14 18:47:00,0.08525,0.08528,0.08522,0.08522,207994.0,17732.51639
2026-09-14 18:48:00,0.08523,0.08533,0.08518,0.08528,674372.0,57503.33191
2026-09-14 18:49:00,0.08528,0.08528,0.08511,0.08516,1143858.0,97464.07298
2026-09-14 18:50:00,0.08516,0.08516,0.08511,0.08512,50908.0,4334.28562
2026-09-14 18:51:00,0.08511,0.08515,0.08504,0.08511,357133.0,30385.91932
2026-09-14 18:52:00,0.08511,0.08512,0.08501,0.0851,1772054.0,150749.42413
2026-09-14 18:53:00,0.0851,0.08511,0.08504,0.08506,191686.0,16306.55046
2026-09-14 18:54:00,0.08505,0.08506,0.08497,0.08497,416354.0,35394.40848
2026-09-14 18:55:00,0.08498,0.08517,0.08493,0.08505,2315789.0,196897.96427
2026-09-14 18:56:00,0.08506,0.08507,0.08499,0.08499,111755.0,9503.86094
2026-09-14 18:57:00,0.08499,0.08508,0.08499,0.08505,112425.0,9561.31397
2026-09-14 18:58:00,0.08505,0.08506,0.08503,0.08504,201647.0,17150.51556
2026-09-14 18:59:00,0.08504,0.08505,0.08502,0.08504,70758.0,6017.43756
2026-09-14 19:00:00,0.08504,0.08505,0.08486,0.0849,1759427.0,149461.57817
2026-09-14 19:01:00,0.0849,0.08492,0.08487,0.08487,187558.0,15922.30398
2026-09-14 19:02:00,0.08487,0.08492,0.08484,0.08485,751399.0,63774.7374
2026-09-14 19:03:00,0.08486,0.08487,0.0848,0.0848,84419.0,7160.53148
2026-09-14 19:04:00,0.0848,0.08482,0.08477,0.08477,261196.0,22148.90465
2026-09-14 19:05:00,0.08477,0.08478,0.08472,0.08476,956977.0,81108.74581
2026-09-14 19:06:00,0.08476,0.08477,0.08472,0.08472,478613.0,40569.59372
2026-09-14 19:07:00,0.08473,0.08488,0.08473,0.08485,2062716.0,174955.00768
2026-09-14 19:08:00,0.08484,0.08484,0.08476,0.08477,151961.0,12882.35032
2026-09-14 19:09:00,0.08478,0.08478,0.08475,0.08475,54597.0,4627.3727
2026-09-14 19:10:00,0.08475,0.08482,0.08474,0.08475,732756.0,62136.9936
2026-09-14 19:11:00,0.08475,0.08481,0.08475,0.08481,561243.0,47589.97624
2026-09-14 19:12:00,0.08481,0.08488,0.08481,0.08488,221880.0,18822.39781
2026-09-14 19:13:00,0.08488,0.08489,0.08487,0.08489,74253.0,6302.74736
2026-09-14 19:14:00,0.08489,0.08489,0.08486,0.08487,86456.0,7338.16917
2026-09-14 19:15:00,0.08487,0.08492,0.08487,0.08488,224046.0,19019.4422
2026-09-14 19:16:00,0.08489,0.08492,0.08488,0.08492,167033.0,14180.37198
2026-09-14 19:17:00,0.08492,0.08495,0.08488,0.0849,656066.0,55705.6665
2026-09-14 19:18:00,0.0849,0.08496,0.0849,0.08492,145989.0,12399.42801
2026-09-14 19:19:00,0.08492,0.08503,0.08492,0.08503,195245.0,16595.40508
2026-09-14 19:20:00,0.08503,0.08504,0.085,0.08504,148424.0,12619.99333
2026-09-14 19:21:00,0.08503,0.08504,0.085,0.08501,125463.0,10667.3437
2026-09-14 19:22:00,0.085,0.085,0.08495,0.08495,80982.0,6880.94987
2026-09-14 19:23:00,0.08495,0.085,0.08495,0.085,53937.0,4583.09732
2026-09-14 19:24:00,0.085,0.08502,0.08497,0.08498,125660.0,10680.7223
2026-09-14 19:25:00,0.08497,0.085,0.08493,0.08496,137400.0,11673.55779
2026-09-14 19:26:00,0.08496,0.08496,0.08492,0.08492,225211.0,19128.13799
2026-09-14 19:27:00,0.08492,0.08504,0.08488,0.08499,1739188.0,147772.94298
2026-09-14 19:28:00,0.08498,0.08498,0.08489,0.08492,200843.0,17050.88623
2026-09-14 19:29:00,0.08491,0.08493,0.0849,0.08491,537918.0,45675.16592
2026-09-14 19:30:00,0.0849,0.08492,0.08482,0.08486,78068.0,6625.18634
2026-09-14 19:31:00,0.08486,0.08498,0.08485,0.08487,525244.0,44603.7628
2026-09-14 19:32:00,0.08488,0.08491,0.08485,0.08491,127780.0,10845.81308
2026-09-14 19:33:00,0.0849,0.08494,0.0849,0.08492,80320.0,6821.0857
2026-09-14 19:34:00,0.08491,0.08491,0.08475,0.08484,1550516.0,131488.5288
2026-09-14 19:35:00,0.08485,0.08485,0.08476,0.08477,84722.0,7184.99664
2026-09-14 19:36:00,0.08476,0.08476,0.08459,0.08469,1354414.0,114693.59963
2026-09-14 19:37:00,0.08468,0.08471,0.08463,0.08471,301451.0,25520.62257
2026-09-14 19:38:00,0.0847,0.0847,0.0846,0.08461,421329.0,35665.3582
2026-09-14 19:39:00,0.0846,0.08464,0.0846,0.08464,174064.0,14728.02976
2026-09-14 19:40:00,0.08463,0.08472,0.08463,0.08471,183397.0,15529.96583
2026-09-14 19:41:00,0.08471,0.08473,0.08468,0.08472,154827.0,13113.46337
2026-09-14 19:42:00,0.08472,0.08472,0.0847,0.08471,44196.0,3743.88048
2026-09-14 19:43:00,0.08472,0.08477,0.08471,0.08476,82835.0,7019.04257
2026-09-14 19:44:00,0.08475,0.08489,0.08473,0.08483,1441112.0,122232.57037
2026-09-14 19:45:00,0.08483,0.08488,0.08483,0.08487,149699.0,12701.01121
2026-09-14 19:46:00,0.08486,0.08487,0.08482,0.08484,444368.0,37700.14231
2026-09-14 19:47:00,0.08484,0.08488,0.08483,0.08483,108245.0,9184.18082
2026-09-14 19:48:00,0.08484,0.08484,0.08478,0.08481,208697.0,17697.02803
2026-09-14 19:49:00,0.08481,0.08481,0.08477,0.08481,18840.0,1597.57118
2026-09-14 19:50:00,0.08481,0.08482,0.08478,0.08479,263312.0,22329.83458
2026-09-14 19:51:00,0.0848,0.0848,0.08477,0.08477,33656.0,2853.37969
2026-09-14 19:52:00,0.08477,0.08479,0.08474,0.08474,88672.0,7516.45104
2026-09-14 19:53:00,0.08473,0.08473,0.08472,0.08472,100978.0,8555.61516
2026-09-14 19:54:00,0.08471,0.08476,0.08471,0.08475,329182.0,27895.0707
2026-09-14 19:55:00,0.08475,0.08475,0.08469,0.0847,676443.0,57322.03601
2026-09-14 19:56:00,0.08469,0.08469,0.08466,0.08466,65508.0,5547.23788
2026-09-14 19:57:00,0.08466,0.08468,0.08465,0.08466,145471.0,12315.90477
2026-09-14 19:58:00,0.08467,0.08472,0.08467,0.08472,75528.0,6396.14231
2026-09-14 19:59:00,0.08471,0.08473,0.0847,0.08472,88458.0,7493.21811
2026-09-14 20:00:00,0.08472,0.08476,0.08471,0.08473,189491.0,16055.91542
2026-09-14 20:01:00,0.08473,0.0848,0.08473,0.08476,299365.0,25376.4521
2026-09-14 20:02:00,0.08476,0.08479,0.08476,0.08479,16612.0,1408.28527
2026-09-14 20:03:00,0.0848,0.08482,0.0848,0.08482,35761.0,3032.93335
2026-09-14 20:04:00,0.08482,0.08484,0.0848,0.08482,143051.0,12134.93944
2026-09-14 20:05:00,0.08482,0.08487,0.08482,0.08487,61840.0,5247.61813
2026-09-14 20:06:00,0.08487,0.08488,0.08486,0.08488,9242.0,784.36531
2026-09-14 20:07:00,0.08488,0.0849,0.08484,0.08489,37880.0,3214.92498
2026-09-14 20:08:00,0.0849,0.08491,0.08488,0.08488,78070.0,6627.47353
2026-09-14 20:09:00,0.08488,0.08489,0.08486,0.08486,131316.0,11145.85365
2026-09-14 20:10:00,0.08487,0.08488,0.08486,0.08487,74378.0,6311.98774
2026-09-14 20:11:00,0.08487,0.08492,0.08485,0.08491,109074.0,9257.30908
2026-09-14 20:12:00,0.08492,0.08548,0.08491,0.08539,2080431.0,177231.77372
2026-09-14 20:13:00,0.08538,0.08552,0.08513,0.08526,1154514.0,98569.99895
2026-09-14 20:14:00,0.08526,0.08533,0.08522,0.08532,240244.0,20489.76002
2026-09-14 20:15:00,0.08531,0.08561,0.08531,0.08557,394898.0,33758.22943
2026-09-14 20:16:00,0.08558,0.08569,0.08552,0.08566,1590591.0,136190.64723
2026-09-14 20:17:00,0.08566,0.08574,0.08558,0.08573,627509.0,53759.12848
2026-09-14 20:18:00,0.08572,0.08587,0.08569,0.08576,1164072.0,99872.8704
2026-09-14 20:19:00,0.08576,0.08587,0.08572,0.08585,438977.0,37660.12457
2026-09-14 20:20:00,0.08584,0.0859,0.0858,0.0859,1041514.0,89430.90871
2026-09-14 20:21:00,0.08589,0.08591,0.0858,0.08584,299324.0,25699.97692
2026-09-14 20:22:00,0.08584,0.08594,0.08581,0.0859,303005.0,26025.18849
2026-09-14 20:23:00,0.08589,0.08616,0.08583,0.08595,1802375.0,155045.36843
2026-09-14 20:24:00,0.08595,0.08603,0.08589,0.08591,842185.0,72407.02226
2026-09-14 20:25:00,0.08591,0.08594,0.08581,0.08588,1210192.0,103925.84691
2026-09-14 20:26:00,0.08588,0.0859,0.0858,0.08582,132097.0,11338.52991
2026-09-14 20:27:00,0.08582,0.08582,0.08566,0.08574,310151.0,26593.3316
2026-09-14 20:28:00,0.08574,0.08576,0.08567,0.08576,89794.0,7695.16349
2026-09-14 20:29:00,0.08576,0.08584,0.0857,0.08581,924044.0,79261.95269
2026-09-14 20:30:00,0.08581,0.08598,0.08581,0.08587,691783.0,59417.2606
2026-09-14 20:31:00,0.08587,0.08595,0.08586,0.08586,280940.0,24129.64275
2026-09-14 20:32:00,0.08586,0.08586,0.08571,0.08576,171079.0,14671.29713
2026-09-14 20:33:00,0.08577,0.08577,0.08566,0.08574,957340.0,82044.54413
2026-09-14 20:34:00,0.08574,0.08595,0.08574,0.08595,935954.0,80358.8939
2026-09-14 20:35:00,0.08595,0.08597,0.08582,0.08592,1209651.0,103923.01736
2026-09-14 20:36:00,0.08592,0.08592,0.08579,0.08586,2049799.0,175972.66012
2026-09-14 20:37:00,0.08586,0.08587,0.08578,0.08581,176221.0,15127.67589
2026-09-14 20:38:00,0.08581,0.08581,0.08573,0.08575,111410.0,9555.57173
2026-09-14 20:39:00,0.08576,0.08577,0.08568,0.08568,253081.0,21694.4177
2026-09-14 20:40:00,0.08567,0.0857,0.08566,0.08567,61034.0,5229.16269
2026-09-14 20:41:00,0.08568,0.08573,0.08568,0.08572,417440.0,35772.79947
2026-09-14 20:42:00,0.08572,0.08574,0.08567,0.08567,177281.0,15193.68692
2026-09-14 20:43:00,0.08566,0.08566,0.08559,0.08559,372209.0,31869.93539
2026-09-14 20:44:00,0.0856,0.08563,0.08553,0.08557,1196798.0,102418.89468
2026-09-14 20:45:00,0.08557,0.08559,0.08554,0.08558,245826.0,21034.39783
2026-09-14 20:46:00,0.08559,0.08566,0.08547,0.08556,961793.0,82305.89888
2026-09-14 20:47:00,0.08556,0.08556,0.0855,0.08551,241343.0,20645.17237
2026-09-14 20:48:00,0.0855,0.08551,0.08545,0.08546,101079.0,8640.75998
2026-09-14 20:49:00,0.08546,0.08546,0.08541,0.08544,373775.0,31927.96902
2026-09-14 20:50:00,0.08543,0.08547,0.08537,0.08538,363252.0,31030.28613
2026-09-14 20:51:00,0.08539,0.08543,0.08536,0.08538,431027.0,36807.41537
2026-09-14 20:52:00,0.08537,0.08547,0.08537,0.0854,351635.0,30036.56049
2026-09-14 20:53:00,0.0854,0.08543,0.0854,0.08542,123746.0,10569.3769
2026-09-14 20:54:00,0.08542,0.08542,0.08534,0.08536,104405.0,8912.18904
2026-09-14 20:55:00,0.08535,0.08539,0.08531,0.08531,1105776.0,94391.16426
2026-09-14 20:56:00,0.0853,0.08531,0.08518,0.08524,1596780.0,136152.74992
2026-09-14 20:57:00,0.08525,0.08526,0.08519,0.08522,435087.0,37086.88915
2026-09-14 20:58:00,0.08522,0.08522,0.08516,0.08517,198195.0,16883.34175
2026-09-14 20:59:00,0.08517,0.08518,0.08516,0.08517,84828.0,7224.39043
2026-09-14 21:00:00,0.08517,0.08518,0.0851,0.08511,627810.0,53450.10316
2026-09-14 21:01:00,0.0851,0.0851,0.08487,0.0849,1156551.0,98267.40118
2026-09-14 21:02:00,0.0849,0.0849,0.08452,0.08476,3496953.0,296102.95361
2026-09-14 21:03:00,0.08475,0.08489,0.08472,0.08483,997275.0,84578.87666
2026-09-14 21:04:00,0.08482,0.08489,0.08472,0.08488,332353.0,28184.34668
2026-09-14 21:05:00,0.08488,0.08499,0.08484,0.08492,1317256.0,111879.91689
2026-09-14 21:06:00,0.08492,0.085,0.0849,0.08496,442529.0,37595.86464
2026-09-14 21:07:00,0.08496,0.08503,0.08493,0.08502,1140807.0,96959.00384
2026-09-14 21:08:00,0.08502,0.08502,0.08497,0.08499,96414.0,8194.49035
2026-09-14 21:09:00,0.08498,0.08498,0.08489,0.08492,127214.0,10804.43122
2026-09-14 21:10:00,0.08491,0.08491,0.08483,0.08489,135129.0,11467.8885
2026-09-14 21:11:00,0.08489,0.08492,0.08473,0.08473,1172586.0,99462.50294
2026-09-14 21:12:00,0.08473,0.08477,0.08473,0.08474,70297.0,5957.71727
2026-09-14 21:13:00,0.08473,0.08477,0.08473,0.08476,90210.0,7644.7388
2026-09-14 21:14:00,0.08476,0.08476,0.08461,0.08469,282574.0,23923.28095
2026-09-14 21:15:00,0.08469,0.0847,0.08462,0.08469,193041.0,16344.39928
2026-09-14 21:16:00,0.0847,0.08479,0.08468,0.08474,276245.0,23418.40036
2026-09-14 21:17:00,0.08474,0.08474,0.08464,0.08469,160355.0,13578.28709
2026-09-14 21:18:00,0.0847,0.0849,0.08469,0.0849,1928934.0,163560.1865
2026-09-14 21:19:00,0.08491,0.08492,0.08486,0.08487,326275.0,27695.30427
2026-09-14 21:20:00,0.08486,0.08492,0.08484,0.0849,32409.0,2750.29423
2026-09-14 21:21:00,0.08489,0.08492,0.08487,0.08491,182255.0,15470.90727
2026-09-14 21:22:00,0.0849,0.0849,0.08486,0.08487,94294.0,8005.19737
2026-09-14 21:23:00,0.08486,0.08492,0.08485,0.0849,125870.0,10684.68412
2026-09-14 21:24:00,0.08489,0.0849,0.08486,0.08489,87902.0,7462.13943
2026-09-14 21:25:00,0.08489,0.08489,0.08482,0.08484,426055.0,36153.01341
2026-09-14 21:26:00,0.08485,0.0849,0.08485,0.08488,135332.0,11487.08072
2026-09-14 21:27:00,0.08487,0.08488,0.08485,0.08485,134862.0,11445.39886
2026-09-14 21:28:00,0.08486,0.0849,0.08486,0.08489,49763.0,4224.34399
2026-09-14 21:29:00,0.0849,0.08493,0.08472,0.08476,1858002.0,157600.73383
2026-09-14 21:30:00,0.08476,0.08484,0.08473,0.08483,178954.0,15170.55811
2026-09-14 21:31:00,0.08482,0.08484,0.0848,0.08481,297361.0,25223.53643
2026-09-14 21:32:00,0.0848,0.08481,0.08471,0.08473,193445.0,16395.36307
2026-09-14 21:33:00,0.08473,0.08473,0.08464,0.08468,403731.0,34195.65242
2026-09-14 21:34:00,0.08468,0.08473,0.08467,0.08472,32365.0,2741.40453
2026-09-14 21:35:00,0.08471,0.08472,0.08462,0.08462,129351.0,10955.9044
2026-09-14 21:36:00,0.08461,0.08466,0.08455,0.08458,1339949.0,113367.74216
2026-09-14 21:37:00,0.08458,0.08458,0.08447,0.08456,1112328.0,94023.00801
2026-09-14 21:38:00,0.08456,0.08457,0.08446,0.08449,335877.0,28384.22811
2026-09-14 21:39:00,0.08449,0.08457,0.08448,0.08449,388002.0,32794.95483
2026-09-14 21:40:00,0.0845,0.0846,0.0845,0.08457,373737.0,31601.2924
2026-09-14 21:41:00,0.08457,0.08463,0.08456,0.0846,239954.0,20295.18836
2026-09-14 21:42:00,0.08461,0.08461,0.08453,0.08456,184822.0,15627.68946
2026-09-14 21:43:00,0.08457,0.08459,0.08452,0.08454,425184.0,35948.70562
2026-09-14 21:44:00,0.08455,0.08456,0.08451,0.08451,64908.0,5485.82342
2026-09-14 21:45:00,0.08452,0.08459,0.08451,0.08456,72410.0,6123.00419
2026-09-14 21:46:00,0.08456,0.08456,0.08448,0.08449,74806.0,6322.50307
2026-09-14 21:47:00,0.08448,0.08453,0.08446,0.0845,66429.0,5612.41946
2026-09-14 21:48:00,0.08451,0.08451,0.08447,0.08448,36385.0,3074.145
2026-09-14 21:49:00,0.08448,0.08452,0.08447,0.08452,121115.0,10232.91213
2026-09-14 21:50:00,0.08451,0.08453,0.08449,0.08451,187695.0,15860.65567
2026-09-14 21:51:00,0.08452,0.08452,0.0844,0.08442,44291.0,3740.18079
2026-09-14 21:52:00,0.08442,0.08443,0.08436,0.0844,138320.0,11673.49646
2026-09-14 21:53:00,0.0844,0.0845,0.0844,0.08441,125751.0,10619.54698
2026-09-14 21:54:00,0.08441,0.08442,0.08438,0.08442,117269.0,9897.28877
2026-09-14 21:55:00,0.08441,0.08442,0.08441,0.08441,10749.0,907.41907
2026-09-14 21:56:00,0.08441,0.08444,0.0844,0.0844,64910.0,5479.80331
2026-09-14 21:57:00,0.0844,0.08441,0.0844,0.08441,8009.0,676.02432
2026-09-14 21:58:00,0.08441,0.08441,0.08436,0.08439,376478.0,31772.21059
2026-09-14 21:59:00,0.08439,0.08439,0.08436,0.08437,61772.0,5211.70512
2026-09-14 22:00:00,0.08438,0.08441,0.08427,0.08429,966568.0,81507.05279
2026-09-14 22:01:00,0.08428,0.08435,0.08416,0.08435,1375787.0,115897.44909
2026-09-14 22:02:00,0.08434,0.08438,0.08429,0.08429,358558.0,30240.04565
2026-09-14 22:03:00,0.08429,0.08429,0.08419,0.08427,441392.0,37187.48305
2026-09-14 22:04:00,0.08426,0.08431,0.08425,0.0843,418679.0,35285.38587
2026-09-14 22:05:00,0.08431,0.08447,0.08431,0.08446,988559.0,83441.26882
2026-09-14 22:06:00,0.08446,0.08452,0.08446,0.08452,17353.0,1466.19067
2026-09-14 22:07:00,0.08451,0.08452,0.08441,0.08443,273354.0,23091.96818
2026-09-14 22:08:00,0.08442,0.08459,0.08442,0.08456,361278.0,30538.01449
2026-09-14 22:09:00,0.08456,0.0846,0.08455,0.08459,210809.0,17828.22113
2026-09-14 22:10:00,0.0846,0.08465,0.0845,0.08452,1238147.0,104705.48802
2026-09-14 22:11:00,0.08451,0.08453,0.08446,0.08453,164377.0,13891.42924
2026-09-14 22:12:00,0.08454,0.08456,0.08453,0.08455,51000.0,4312.05923
2026-09-14 22:13:00,0.08454,0.08469,0.08454,0.08467,410534.0,34742.42743
2026-09-14 22:14:00,0.08467,0.08467,0.08462,0.08462,33309.0,2819.20623
2026-09-14 22:15:00,0.08463,0.08463,0.08459,0.0846,132848.0,11240.76227
2026-09-14 22:16:00,0.0846,0.08461,0.08456,0.08456,43057.0,3642.47263
2026-09-14 22:17:00,0.08455,0.08455,0.08445,0.0845,532085.0,44956.42575
2026-09-14 22:18:00,0.0845,0.08454,0.08447,0.08449,700160.0,59165.42336
2026-09-14 22:19:00,0.08448,0.08449,0.08429,0.08429,1096758.0,92589.79008
2026-09-14 22:20:00,0.08429,0.08432,0.08429,0.08431,108210.0,9122.67561
2026-09-14 22:21:00,0.0843,0.08432,0.08425,0.08428,502794.0,42377.04153
2026-09-14 22:22:00,0.08428,0.08429,0.08422,0.08428,210242.0,17716.37885
2026-09-14 22:23:00,0.08429,0.08429,0.08422,0.08423,398876.0,33607.13493
2026-09-14 22:24:00,0.08423,0.08423,0.08418,0.0842,346515.0,29178.77825
2026-09-14 22:25:00,0.0842,0.08436,0.08416,0.08433,1819642.0,153346.89653
2026-09-14 22:26:00,0.08434,0.08434,0.08425,0.08426,297640.0,25098.75378
2026-09-14 22:27:00,0.08425,0.08427,0.08423,0.08423,62912.0,5300.5075
2026-09-14 22:28:00,0.08424,0.08429,0.08418,0.08422,633454.0,53364.07361
2026-09-14 22:29:00,0.08423,0.08428,0.0842,0.08427,271801.0,22895.9331
2026-09-14 22:30:00,0.08428,0.08429,0.08421,0.08421,273192.0,23021.98609
2026-09-14 22:31:00,0.08422,0.08422,0.08412,0.08413,527714.0,44415.25252
2026-09-14 22:32:00,0.08413,0.0842,0.08413,0.08419,168735.0,14197.79562
2026-09-14 22:33:00,0.0842,0.0842,0.08409,0.08414,161151.0,13563.19931
2026-09-14 22:34:00,0.08415,0.08417,0.08406,0.08413,423872.0,35648.34358
2026-09-14 22:35:00,0.08412,0.08415,0.08408,0.08414,110831.0,9323.96168
2026-09-14 22:36:00,0.08413,0.08421,0.08411,0.08421,157340.0,13244.72871
2026-09-14 22:37:00,0.08421,0.08422,0.08416,0.08417,157067.0,13226.49464
2026-09-14 22:38:00,0.08416,0.08418,0.08409,0.08418,565202.0,47558.87385
2026-09-14 22:39:00,0.08417,0.08422,0.08411,0.08413,645737.0,54346.6834
2026-09-14 22:40:00,0.08413,0.08417,0.08413,0.08415,64801.0,5452.60761
2026-09-14 22:41:00,0.08416,0.08416,0.08414,0.08414,282969.0,23811.4719
2026-09-14 22:42:00,0.08414,0.08419,0.08413,0.08418,128886.0,10846.40532
2026-09-14 22:43:00,0.08418,0.08421,0.08418,0.08418,58075.0,4889.28617
2026-09-14 22:44:00,0.08419,0.08419,0.08416,0.08417,45418.0,3822.7182
2026-09-14 22:45:00,0.08417,0.08417,0.08414,0.08415,23631.0,1988.71588
2026-09-14 22:46:00,0.08416,0.08416,0.08412,0.08414,11172.0,940.0725
2026-09-14 22:47:00,0.08415,0.08415,0.08402,0.08408,521433.0,43836.67001
2026-09-14 22:48:00,0.08408,0.08413,0.08398,0.08406,1020195.0,85717.13287
2026-09-14 22:49:00,0.08407,0.08413,0.08406,0.0841,311932.0,26230.42317
2026-09-14 22:50:00,0.0841,0.08412,0.08409,0.08411,76779.0,6457.29496
2026-09-14 22:51:00,0.08411,0.08413,0.0841,0.08411,53272.0,4480.90298
2026-09-14 22:52:00,0.08411,0.08414,0.08407,0.08409,364813.0,30682.74323
2026-09-14 22:53:00,0.08409,0.08411,0.08407,0.08409,285459.0,24003.67431
2026-09-14 22:54:00,0.08409,0.0841,0.08408,0.08409,12440.0,1045.97755
2026-09-14 22:55:00,0.08409,0.08411,0.08409,0.0841,62680.0,5270.94214
2026-09-14 22:56:00,0.0841,0.08411,0.08409,0.0841,26999.0,2270.61307
2026-09-14 22:57:00,0.08409,0.08409,0.08406,0.08407,45147.0,3795.54356
2026-09-14 22:58:00,0.08407,0.08409,0.08407,0.08409,36562.0,3073.93325
2026-09-14 22:59:00,0.08408,0.08408,0.08407,0.08408,78309.0,6584.21927
2026-09-14 23:00:00,0.08408,0.08416,0.08405,0.08412,1961976.0,165043.24244
2026-09-14 23:01:00,0.08412,0.08412,0.08406,0.08406,145847.0,12264.1565
2026-09-14 23:02:00,0.08406,0.08409,0.08404,0.08405,218659.0,18382.87603
2026-09-14 23:03:00,0.08404,0.08406,0.08391,0.08394,464291.0,38974.72734
2026-09-14 23:04:00,0.08394,0.08394,0.08388,0.0839,205323.0,17226.76267
2026-09-14 23:05:00,0.0839,0.08396,0.0839,0.08393,277166.0,23265.17686
2026-09-14 23:06:00,0.08393,0.08393,0.08376,0.08382,1785876.0,149731.25445
2026-09-14 23:07:00,0.08382,0.08395,0.08382,0.08395,342367.0,28715.8627
2026-09-14 23:08:00,0.08395,0.08396,0.08394,0.08395,78436.0,6584.48114
2026-09-14 23:09:00,0.08394,0.08396,0.08392,0.08396,155261.0,13032.04573
2026-09-14 23:10:00,0.08397,0.08397,0.08394,0.08395,101269.0,8501.72494
2026-09-14 23:11:00,0.08394,0.08395,0.08393,0.08394,24010.0,2015.22163
2026-09-14 23:12:00,0.08394,0.08396,0.08393,0.08396,135828.0,11402.50669
2026-09-14 23:13:00,0.08396,0.08396,0.08391,0.08391,42009.0,3525.99912
2026-09-14 23:14:00,0.08391,0.08393,0.0839,0.08391,2795.0,234.54588
2026-09-14 23:15:00,0.08392,0.08401,0.08388,0.08397,1511200.0,126900.39539
2026-09-14 23:16:00,0.08396,0.08397,0.08393,0.08395,22184.0,1862.34598
2026-09-14 23:17:00,0.08395,0.08395,0.08391,0.08392,149043.0,12507.74231
2026-09-14 23:18:00,0.08393,0.08395,0.08389,0.08392,72316.0,6069.21892
2026-09-14 23:19:00,0.08391,0.08393,0.08384,0.08387,573014.0,48069.2867
2026-09-14 23:20:00,0.08387,0.0839,0.08387,0.0839,36089.0,3027.16401
2026-09-14 23:21:00,0.0839,0.08391,0.08387,0.08387,79107.0,6636.9809
2026-09-14 23:22:00,0.08388,0.0839,0.08384,0.0839,155260.0,13021.18669
2026-09-14 23:23:00,0.08389,0.08395,0.08389,0.08395,197139.0,16541.15893
2026-09-14 23:24:00,0.08395,0.08395,0.08393,0.08395,240599.0,20196.13592
2026-09-14 23:25:00,0.08395,0.08398,0.08395,0.08396,127250.0,10684.63532
2026-09-14 23:26:00,0.08397,0.08398,0.08396,0.08398,97218.0,8163.93846
2026-09-14 23:27:00,0.08398,0.08399,0.08384,0.08388,647368.0,54333.08534
2026-09-14 23:28:00,0.08389,0.08389,0.08383,0.08388,139682.0,11715.55997
2026-09-14 23:29:00,0.08389,0.0839,0.08386,0.08386,84725.0,7107.31657
2026-09-14 23:30:00,0.08385,0.08385,0.08379,0.08379,74503.0,6243.99555
2026-09-14 23:31:00,0.08379,0.0838,0.08373,0.08376,100422.0,8411.90203
2026-09-14 23:32:00,0.08376,0.08381,0.08376,0.0838,283193.0,23726.73419
2026-09-14 23:33:00,0.0838,0.08381,0.0838,0.0838,12112.0,1014.99381
2026-09-14 23:34:00,0.08381,0.08382,0.08379,0.0838,212490.0,17805.67506
2026-09-14 23:35:00,0.0838,0.0838,0.08375,0.08376,81915.0,6861.8454
2026-09-14 23:36:00,0.08376,0.08376,0.08367,0.08372,678813.0,56830.88322
2026-09-14 23:37:00,0.08371,0.08371,0.08367,0.08369,313919.0,26269.94745
2026-09-14 23:38:00,0.08368,0.08375,0.08368,0.08375,110725.0,9267.75492
2026-09-14 23:39:00,0.08375,0.08378,0.08375,0.08375,83077.0,6959.06466
2026-09-14 23:40:00,0.08376,0.0838,0.08375,0.0838,69266.0,5802.24912
2026-09-14 23:41:00,0.0838,0.08381,0.08378,0.08378,39908.0,3344.21181
2026-09-14 23:42:00,0.08379,0.08379,0.08378,0.08378,82273.0,6893.04953
2026-09-14 23:43:00,0.08378,0.08379,0.08377,0.08379,80196.0,6718.83395
2026-09-14 23:44:00,0.08379,0.08379,0.08377,0.08377,52303.0,4381.76638
2026-09-14 23:45:00,0.08376,0.08376,0.08371,0.08371,46073.0,3858.03689
2026-09-14 23:46:00,0.08371,0.08375,0.08371,0.08372,176341.0,14764.37156
2026-09-14 23:47:00,0.08373,0.08373,0.08367,0.08369,78839.0,6597.55495
2026-09-14 23:48:00,0.08368,0.0837,0.08367,0.08368,44950.0,3761.44275
2026-09-14 23:49:00,0.08369,0.0837,0.08368,0.08368,50530.0,4228.77528
2026-09-14 23:50:00,0.08368,0.08368,0.08365,0.08367,809391.0,67721.04849
2026-09-14 23:51:00,0.08367,0.08367,0.08363,0.08363,1824154.0,152586.99131
2026-09-14 23:52:00,0.08363,0.08364,0.08359,0.08364,97421.0,8145.40301
2026-09-14 23:53:00,0.08364,0.08369,0.08364,0.08368,35499.0,2970.08562
2026-09-14 23:54:00,0.08369,0.08369,0.08368,0.08368,1833.0,153.40221
2026-09-14 23:55:00,0.08368,0.08369,0.08366,0.08367,12120.0,1014.17633
2026-09-14 23:56:00,0.08367,0.08367,0.08364,0.08365,411364.0,34414.49004
2026-09-14 23:57:00,0.08364,0.08365,0.08363,0.08364,44002.0,3680.19974
2026-09-14 23:58:00,0.08363,0.08364,0.08363,0.08364,11476.0,959.7441
2026-09-14 23:59:00,0.08363,0.08367,0.08363,0.08366,241610.0,20210.94956
2026-09-15 00:00:00,0.08365,0.08367,0.08363,0.08366,163656.0,13689.06934
2026-09-15 00:01:00,0.08366,0.08369,0.08363,0.08366,230222.0,19258.80327
2026-09-15 00:02:00,0.08365,0.08367,0.08365,0.08365,129147.0,10804.61545
2026-09-15 00:03:00,0.08366,0.08366,0.08364,0.08365,80791.0,6757.94016
2026-09-15 00:04:00,0.08366,0.08367,0.08359,0.0836,270796.0,22641.71991
2026-09-15 00:05:00,0.08361,0.08361,0.08356,0.08358,369031.0,30840.08129
2026-09-15 00:06:00,0.08359,0.0836,0.08355,0.08357,747581.0,62478.23696
2026-09-15 00:07:00,0.08356,0.08364,0.08355,0.08364,206806.0,17292.59942
2026-09-15 00:08:00,0.08364,0.08371,0.08364,0.08367,568567.0,47573.16793
2026-09-15 00:09:00,0.08368,0.08376,0.08368,0.08375,212836.0,17820.81852
2026-09-15 00:10:00,0.08374,0.08375,0.08371,0.08375,177043.0,14825.14145
2026-09-15 00:11:00,0.08375,0.08375,0.08369,0.0837,91754.0,7680.33338
2026-09-15 00:12:00,0.08369,0.08374,0.08369,0.08371,60359.0,5053.25883
2026-09-15 00:13:00,0.08371,0.08377,0.08369,0.08372,246940.0,20672.06372
2026-09-15 00:14:00,0.08371,0.08373,0.08371,0.08373,66113.0,5535.22015
2026-09-15 00:15:00,0.08372,0.08372,0.08367,0.08372,180168.0,15077.93968
2026-09-15 00:16:00,0.08371,0.08371,0.08366,0.08366,62476.0,5228.24876
2026-09-15 00:17:00,0.08366,0.08366,0.08364,0.08365,77131.0,6451.64081
2026-09-15 00:18:00,0.08364,0.08365,0.08362,0.08362,52048.0,4352.66073
2026-09-15 00:19:00,0.08363,0.08364,0.0836,0.0836,134817.0,11274.7484
2026-09-15 00:20:00,0.0836,0.08364,0.08358,0.08362,524859.0,43879.93149
2026-09-15 00:21:00,0.08362,0.08364,0.0836,0.08364,149084.0,12467.7669
2026-09-15 00:22:00,0.08365,0.08365,0.08363,0.08365,39081.0,3268.78398
2026-09-15 00:23:00,0.08366,0.08375,0.08366,0.08372,424482.0,35530.80964
2026-09-15 00:24:00,0.08372,0.08372,0.08369,0.0837,58275.0,4878.05059
2026-09-15 00:25:00,0.0837,0.08374,0.08366,0.08372,333516.0,27912.73531
2026-09-15 00:26:00,0.08373,0.08376,0.08372,0.08376,77142.0,6459.95178
2026-09-15 00:27:00,0.08375,0.08375,0.08371,0.08372,232885.0,19501.20036
2026-09-15 00:28:00,0.08372,0.08372,0.08367,0.08369,63909.0,5349.28139
2026-09-15 00:29:00,0.08369,0.08373,0.08368,0.08371,115731.0,9687.08335
2026-09-15 00:30:00,0.08371,0.08375,0.08371,0.08375,104825.0,8776.46664
2026-09-15 00:31:00,0.08374,0.08379,0.08374,0.08377,152882.0,12804.70639
2026-09-15 00:32:00,0.08377,0.08378,0.08376,0.08377,55941.0,4686.56699
2026-09-15 00:33:00,0.08378,0.08381,0.08375,0.08378,376560.0,31547.98141
2026-09-15 00:34:00,0.08378,0.08387,0.08378,0.08386,259891.0,21782.70674
2026-09-15 00:35:00,0.08387,0.0839,0.08386,0.08388,321450.0,26962.77041
2026-09-15 00:36:00,0.08389,0.08389,0.08368,0.0838,801815.0,67180.15565
2026-09-15 00:37:00,0.0838,0.08383,0.08377,0.08378,381423.0,31964.47293
2026-09-15 00:38:00,0.08378,0.08381,0.08378,0.08378,48835.0,4091.68675
2026-09-15 00:39:00,0.08378,0.0838,0.08378,0.08379,81325.0,6813.98647
2026-09-15 00:40:00,0.08378,0.08379,0.08375,0.08376,67226.0,5631.5065
2026-09-15 00:41:00,0.08376,0.08381,0.08376,0.08378,559874.0,46904.0564
2026-09-15 00:42:00,0.08377,0.08377,0.08365,0.08367,180425.0,15098.85358
2026-09-15 00:43:00,0.08367,0.0837,0.08365,0.0837,138491.0,11586.73294
2026-09-15 00:44:00,0.08371,0.08373,0.08369,0.08371,326546.0,27334.44882
2026-09-15 00:45:00,0.08371,0.08377,0.08369,0.08376,288492.0,24151.16352
2026-09-15 00:46:00,0.08376,0.08376,0.0837,0.0837,127122.0,10643.6329
2026-09-15 00:47:00,0.0837,0.0837,0.08367,0.08368,40110.0,3356.67138
2026-09-15 00:48:00,0.08367,0.08371,0.08367,0.0837,77443.0,6480.30598
2026-09-15 00:49:00,0.0837,0.08377,0.0837,0.08376,95386.0,7987.95489
2026-09-15 00:50:00,0.08377,0.08377,0.08373,0.08375,56057.0,4694.72545
2026-09-15 00:51:00,0.08376,0.08378,0.08375,0.08377,323709.0,27112.73451
2026-09-15 00:52:00,0.08376,0.08382,0.08376,0.08378,142833.0,11968.39194
2026-09-15 00:53:00,0.08379,0.0838,0.08377,0.0838,132580.0,11108.24687
2026-09-15 00:54:00,0.0838,0.0838,0.08376,0.08377,82348.0,6898.92092
2026-09-15 00:55:00,0.08378,0.0838,0.08377,0.0838,75283.0,6307.69771
2026-09-15 00:56:00,0.0838,0.08382,0.08379,0.08379,181230.0,15187.21926
2026-09-15 00:57:00,0.08378,0.08378,0.08374,0.08374,254635.0,21330.79159
2026-09-15 00:58:00,0.08374,0.08375,0.08373,0.08373,44395.0,3717.67001
2026-09-15 00:59:00,0.08373,0.08374,0.08373,0.08373,11934.0,999.31497
2026-09-15 01:00:00,0.08373,0.08374,0.08365,0.08366,160707.0,13450.19254
2026-09-15 01:01:00,0.08365,0.08367,0.08364,0.08367,161546.0,13513.79697
2026-09-15 01:02:00,0.08367,0.08368,0.08364,0.08366,46860.0,3920.4463
2026-09-15 01:03:00,0.08366,0.08368,0.08365,0.08365,33836.0,2830.93391
2026-09-15 01:04:00,0.08365,0.08371,0.08365,0.08368,181062.0,15153.27602
2026-09-15 01:05:00,0.08367,0.08368,0.08367,0.08368,9489.0,793.95511
2026-09-15 01:06:00,0.08367,0.08374,0.08367,0.08372,78963.0,6609.19647
2026-09-15 01:07:00,0.08371,0.08371,0.08367,0.08367,21122.0,1767.98868
2026-09-15 01:08:00,0.08367,0.08367,0.08364,0.08364,49493.0,4140.15116
2026-09-15 01:09:00,0.08365,0.08365,0.08352,0.08353,599802.0,50116.90959
2026-09-15 01:10:00,0.08353,0.08359,0.08352,0.08354,199264.0,16648.88023
2026-09-15 01:11:00,0.08355,0.08366,0.08355,0.08364,149735.0,12522.3414
2026-09-15 01:12:00,0.08364,0.08366,0.08363,0.08365,44245.0,3700.67408
2026-09-15 01:13:00,0.08366,0.08366,0.08358,0.08362,290204.0,24267.10398
2026-09-15 01:14:00,0.08363,0.08364,0.08359,0.08361,117503.0,9824.34779
2026-09-15 01:15:00,0.0836,0.08365,0.08356,0.08363,321681.0,26895.7361
2026-09-15 01:16:00,0.08362,0.08368,0.0836,0.08368,149215.0,12479.13206
2026-09-15 01:17:00,0.08369,0.0837,0.08368,0.08369,51842.0,4338.84595
2026-09-15 01:18:00,0.0837,0.08372,0.08361,0.08363,130111.0,10889.5036
2026-09-15 01:19:00,0.08362,0.08369,0.08362,0.08369,24138.0,2019.29154
2026-09-15 01:20:00,0.08369,0.08375,0.08369,0.08375,38214.0,3199.48889
2026-09-15 01:21:00,0.08376,0.08378,0.08373,0.08378,292081.0,24461.80546
2026-09-15 01:22:00,0.08378,0.08395,0.08378,0.08392,189696.0,15910.57641
2026-09-15 01:23:00,0.08392,0.08393,0.08391,0.08392,134367.0,11276.70558
2026-09-15 01:24:00,0.08392,0.08396,0.08382,0.08388,757354.0,63533.22259
2026-09-15 01:25:00,0.08388,0.08391,0.08388,0.08389,221582.0,18590.03648
2026-09-15 01:26:00,0.08388,0.08388,0.0838,0.08381,60503.0,5072.39827
2026-09-15 01:27:00,0.08381,0.08381,0.08368,0.08372,77124.0,6456.40662
2026-09-15 01:28:00,0.08371,0.08371,0.0836,0.0836,131392.0,10992.35062
2026-09-15 01:29:00,0.0836,0.08367,0.08358,0.08362,404297.0,33810.76521
2026-09-15 01:30:00,0.08362,0.08365,0.0836,0.08365,91564.0,7657.07651
2026-09-15 01:31:00,0.08365,0.08382,0.08362,0.08379,1155159.0,96708.36404
2026-09-15 01:32:00,0.0838,0.08388,0.0838,0.08388,118997.0,9977.61946
2026-09-15 01:33:00,0.08388,0.08388,0.08379,0.08381,89156.0,7474.75403
2026-09-15 01:34:00,0.08381,0.08382,0.08379,0.08379,22213.0,1861.53527
2026-09-15 01:35:00,0.08379,0.08382,0.08376,0.08382,57002.0,4776.23025
2026-09-15 01:36:00,0.08381,0.08382,0.08379,0.0838,38255.0,3206.03777
2026-09-15 01:37:00,0.0838,0.0838,0.08377,0.08377,31211.0,2615.00688
2026-09-15 01:38:00,0.08377,0.08381,0.08377,0.08381,27482.0,2303.02149
2026-09-15 01:39:00,0.08382,0.08387,0.08382,0.08386,84721.0,7104.37583
2026-09-15 01:40:00,0.08387,0.08388,0.08382,0.08385,195650.0,16406.50272
2026-09-15 01:41:00,0.08385,0.08387,0.08384,0.08387,55559.0,4658.9701
2026-09-15 01:42:00,0.08386,0.08388,0.08386,0.08387,7218.0,605.38199
2026-09-15 01:43:00,0.08388,0.08393,0.08388,0.08393,403132.0,33819.03326
2026-09-15 01:44:00,0.08393,0.08393,0.08391,0.08392,70039.0,5877.34683
2026-09-15 01:45:00,0.08392,0.08392,0.08377,0.08384,673121.0,56451.19902
2026-09-15 01:46:00,0.08384,0.08388,0.08383,0.08386,26130.0,2191.16252
2026-09-15 01:47:00,0.08387,0.0839,0.08387,0.0839,57182.0,4797.02242
2026-09-15 01:48:00,0.0839,0.08392,0.08389,0.08391,165058.0,13849.93309
2026-09-15 01:49:00,0.08392,0.08399,0.08392,0.08395,405235.0,34023.56244
2026-09-15 01:50:00,0.08395,0.08396,0.08392,0.08392,84651.0,7105.00021
2026-09-15 01:51:00,0.08392,0.08393,0.08384,0.08384,74477.0,6248.90495
2026-09-15 01:52:00,0.08384,0.08386,0.08384,0.08386,97875.0,8206.86428
2026-09-15 01:53:00,0.08386,0.08387,0.08386,0.08387,47985.0,4024.19472
2026-09-15 01:54:00,0.08387,0.08387,0.08385,0.08386,24611.0,2063.738
2026-09-15 01:55:00,0.08385,0.08387,0.08385,0.08387,103247.0,8657.47654
2026-09-15 01:56:00,0.08386,0.08387,0.08385,0.08386,35300.0,2960.12276
2026-09-15 01:57:00,0.08385,0.08386,0.08379,0.08379,45351.0,3801.45878
2026-09-15 01:58:00,0.08378,0.0838,0.08377,0.08378,40552.0,3397.31472
2026-09-15 01:59:00,0.08379,0.08379,0.08378,0.08379,13634.0,1142.27675
2026-09-15 02:00:00,0.08378,0.08382,0.08376,0.0838,200611.0,16809.55264
2026-09-15 02:01:00,0.08381,0.08382,0.08378,0.08381,79996.0,6703.10073
2026-09-15 02:02:00,0.08382,0.08388,0.08382,0.08388,86306.0,7236.45495
2026-09-15 02:03:00,0.08387,0.08387,0.08382,0.08385,35388.0,2967.06171
2026-09-15 02:04:00,0.08384,0.08385,0.0838,0.08381,130423.0,10932.72311
2026-09-15 02:05:00,0.08382,0.08386,0.08381,0.08385,63318.0,5308.52174
2026-09-15 02:06:00,0.08384,0.08384,0.08378,0.08378,239024.0,20032.52673
2026-09-15 02:07:00,0.08378,0.08378,0.08372,0.08374,80120.0,6709.26015
2026-09-15 02:08:00,0.08373,0.0838,0.08373,0.0838,66123.0,5539.15095
2026-09-15 02:09:00,0.0838,0.08385,0.0838,0.08385,26583.0,2228.43452
2026-09-15 02:10:00,0.08385,0.08385,0.08382,0.08383,11035.0,925.08307
2026-09-15 02:11:00,0.08383,0.08388,0.0838,0.08387,457035.0,38313.87918
2026-09-15 02:12:00,0.08387,0.08392,0.08387,0.08388,77780.0,6525.55391
2026-09-15 02:13:00,0.08388,0.08391,0.08386,0.08388,542883.0,45541.79598
2026-09-15 02:14:00,0.08388,0.08388,0.08385,0.08387,356382.0,29888.0652
2026-09-15 02:15:00,0.08387,0.08387,0.08384,0.08385,24494.0,2053.84839
2026-09-15 02:16:00,0.08385,0.0839,0.08384,0.0839,27813.0,2332.76441
2026-09-15 02:17:00,0.08389,0.0839,0.08388,0.0839,14022.0,1176.32086
2026-09-15 02:18:00,0.0839,0.0839,0.08386,0.08388,33727.0,2829.0027
2026-09-15 02:19:00,0.08388,0.08389,0.08384,0.08387,64386.0,5399.39427
2026-09-15 02:20:00,0.08387,0.08388,0.08384,0.08385,235390.0,19740.7529
2026-09-15 02:21:00,0.08385,0.08388,0.08382,0.08383,84654.0,7098.53704
2026-09-15 02:22:00,0.08383,0.08383,0.08382,0.08383,37573.0,3149.38115
2026-09-15 02:23:00,0.08382,0.08385,0.08382,0.08384,107350.0,8998.90529
2026-09-15 02:24:00,0.08384,0.08385,0.08384,0.08384,3834.0,321.44374
2026-09-15 02:25:00,0.08385,0.0839,0.08384,0.0839,55799.0,4678.9649
2026-09-15 02:26:00,0.0839,0.08393,0.0839,0.08391,42717.0,3584.48636
2026-09-15 02:27:00,0.08391,0.08391,0.0839,0.0839,18518.0,1553.84426
2026-09-15 02:28:00,0.0839,0.08391,0.08383,0.08383,62020.0,5201.43646
2026-09-15 02:29:00,0.08384,0.08385,0.08384,0.08384,3574.0,299.66257
2026-09-15 02:30:00,0.08384,0.08384,0.0838,0.08383,30790.0,2580.65861
2026-09-15 02:31:00,0.08383,0.08386,0.08383,0.08384,4754.0,398.60168
2026-09-15 02:32:00,0.08385,0.08385,0.08382,0.08382,26254.0,2200.92727
2026-09-15 02:33:00,0.08381,0.08391,0.08381,0.08389,576377.0,48340.7797
2026-09-15 02:34:00,0.0839,0.08391,0.08388,0.08388,23195.0,1946.04039
2026-09-15 02:35:00,0.08388,0.08389,0.08386,0.08388,79474.0,6665.15046
2026-09-15 02:36:00,0.08387,0.08387,0.08382,0.08383,26350.0,2209.15975
2026-09-15 02:37:00,0.08383,0.08383,0.08382,0.08382,18203.0,1525.87463
2026-09-15 02:38:00,0.08382,0.08383,0.08374,0.08376,551000.0,46154.63468
2026-09-15 02:39:00,0.08376,0.08381,0.08375,0.08381,113490.0,9507.59604
2026-09-15 02:40:00,0.08381,0.08383,0.08379,0.08379,20576.0,1724.43363
2026-09-15 02:41:00,0.08378,0.08379,0.08377,0.08377,35749.0,2995.03996
2026-09-15 02:42:00,0.08377,0.08379,0.08375,0.08378,11914.0,997.90295
2026-09-15 02:43:00,0.08378,0.08382,0.08378,0.08381,205081.0,17189.16569
2026-09-15 02:44:00,0.08382,0.08386,0.0838,0.0838,261295.0,21903.95279
2026-09-15 02:45:00,0.08379,0.08381,0.08379,0.0838,61997.0,5195.24499
2026-09-15 02:46:00,0.08381,0.08381,0.0838,0.0838,3631.0,304.31074
2026-09-15 02:47:00,0.08381,0.08381,0.08376,0.08379,419743.0,35169.69479
2026-09-15 02:48:00,0.08378,0.08378,0.08376,0.08376,80522.0,6745.15566
2026-09-15 02:49:00,0.08377,0.08377,0.08374,0.08374,103088.0,8633.77775
2026-09-15 02:50:00,0.08373,0.08384,0.08373,0.08381,671050.0,56227.08369
2026-09-15 02:51:00,0.08381,0.08381,0.08374,0.08378,240085.0,20113.326
2026-09-15 02:52:00,0.08377,0.0838,0.08377,0.0838,73109.0,6125.54579
2026-09-15 02:53:00,0.08379,0.08382,0.08379,0.08381,77565.0,6501.2657
2026-09-15 02:54:00,0.08381,0.08382,0.08378,0.08379,64005.0,5363.43106
2026-09-15 02:55:00,0.0838,0.08387,0.0838,0.08386,129284.0,10837.82894
2026-09-15 02:56:00,0.08387,0.08389,0.08378,0.08381,1251522.0,104898.87252
2026-09-15 02:57:00,0.08381,0.08382,0.08379,0.0838,135033.0,11315.51768
2026-09-15 02:58:00,0.0838,0.08383,0.0838,0.08382,51657.0,4329.36194
2026-09-15 02:59:00,0.08382,0.08383,0.0838,0.0838,447358.0,37492.84298
2026-09-15 03:00:00,0.0838,0.08381,0.0838,0.08381,2436748.0,204199.48771
2026-09-15 03:01:00,0.0838,0.08381,0.08368,0.08368,5385474.0,451254.56324
2026-09-15 03:02:00,0.08367,0.08368,0.08358,0.0836,1156164.0,96674.75156
2026-09-15 03:03:00,0.0836,0.08372,0.08355,0.08368,1005730.0,84149.05709
2026-09-15 03:04:00,0.08369,0.0837,0.0836,0.08364,53045.0,4437.60594
2026-09-15 03:05:00,0.08365,0.08369,0.08364,0.08364,154165.0,12896.72249
2026-09-15 03:06:00,0.08364,0.08364,0.08362,0.08362,11663.0,975.35841
2026-09-15 03:07:00,0.08361,0.08368,0.08357,0.08365,213970.0,17894.34793
2026-09-15 03:08:00,0.08366,0.08366,0.0836,0.08361,99794.0,8346.61076
2026-09-15 03:09:00,0.08361,0.08361,0.08351,0.08355,339771.0,28387.86986
2026-09-15 03:10:00,0.08356,0.08359,0.08339,0.08345,1305619.0,108968.93433
2026-09-15 03:11:00,0.08346,0.08346,0.08337,0.08341,396293.0,33055.1102
2026-09-15 03:12:00,0.0834,0.08346,0.08337,0.08346,463332.0,38643.35028
2026-09-15 03:13:00,0.08346,0.0835,0.08341,0.08344,146729.0,12247.30587
2026-09-15 03:14:00,0.08343,0.08343,0.0834,0.08342,59912.0,4997.93385
2026-09-15 03:15:00,0.08343,0.08345,0.08342,0.08343,203469.0,16977.00664
2026-09-15 03:16:00,0.08342,0.08343,0.08336,0.08338,535749.0,44673.45718
2026-09-15 03:17:00,0.08338,0.08345,0.08338,0.08342,215769.0,17998.91403
2026-09-15 03:18:00,0.08342,0.08344,0.08337,0.08344,407874.0,34016.82652
2026-09-15 03:19:00,0.08345,0.08348,0.08345,0.08346,139995.0,11683.62474
2026-09-15 03:20:00,0.08345,0.08351,0.08345,0.0835,139375.0,11636.09469
2026-09-15 03:21:00,0.08351,0.08353,0.08347,0.08351,585300.0,48874.29255
2026-09-15 03:22:00,0.08351,0.08351,0.08346,0.08348,81091.0,6770.65873
2026-09-15 03:23:00,0.08348,0.0835,0.08347,0.08347,15575.0,1300.29953
2026-09-15 03:24:00,0.08347,0.08347,0.08344,0.08344,65655.0,5478.88275
2026-09-15 03:25:00,0.08344,0.08345,0.08342,0.08343,61839.0,5159.74465
2026-09-15 03:26:00,0.08342,0.08344,0.08342,0.08343,227805.0,19005.15558
2026-09-15 03:27:00,0.08343,0.08348,0.08343,0.08345,185737.0,15502.0849
2026-09-15 03:28:00,0.08346,0.08346,0.08337,0.0834,850320.0,70920.53472
2026-09-15 03:29:00,0.0834,0.08345,0.0834,0.08345,281419.0,23479.63855
2026-09-15 03:30:00,0.08346,0.0835,0.08345,0.0835,123439.0,10303.09374
2026-09-15 03:31:00,0.0835,0.08352,0.08349,0.08351,10205.0,852.1221
2026-09-15 03:32:00,0.08351,0.08358,0.0835,0.08356,440752.0,36814.97875
2026-09-15 03:33:00,0.08357,0.08366,0.08357,0.08357,473279.0,39573.16793
2026-09-15 03:34:00,0.08358,0.08358,0.08357,0.08357,11833.0,988.92253
2026-09-15 03:35:00,0.08358,0.0836,0.08358,0.08358,4918.0,411.07645
2026-09-15 03:36:00,0.08359,0.08361,0.08358,0.08358,26278.0,2196.65584
2026-09-15 03:37:00,0.08359,0.08363,0.08356,0.08359,1174454.0,98172.40456
2026-09-15 03:38:00,0.08359,0.08361,0.08359,0.0836,510175.0,42651.45902
2026-09-15 03:39:00,0.08359,0.08359,0.08347,0.08347,1073370.0,89662.16974
2026-09-15 03:40:00,0.08347,0.0835,0.08347,0.0835,180047.0,15029.93887
2026-09-15 03:41:00,0.08349,0.0835,0.08349,0.0835,102638.0,8569.4923
2026-09-15 03:42:00,0.08351,0.08351,0.08348,0.08348,99016.0,8266.7691
2026-09-15 03:43:00,0.08348,0.08349,0.08347,0.08348,37894.0,3163.09554
2026-09-15 03:44:00,0.08347,0.08349,0.08345,0.08349,135564.0,11315.49935
2026-09-15 03:45:00,0.08349,0.08349,0.08346,0.08347,524850.0,43813.3455
2026-09-15 03:46:00,0.08347,0.0835,0.08346,0.08349,198733.0,16588.77372
2026-09-15 03:47:00,0.08349,0.08349,0.08344,0.08346,373723.0,31189.65926
2026-09-15 03:48:00,0.08345,0.08346,0.08343,0.08344,76437.0,6378.16653
2026-09-15 03:49:00,0.08343,0.08344,0.0834,0.0834,113703.0,9485.87287
2026-09-15 03:50:00,0.08341,0.08341,0.08337,0.08337,103122.0,8597.53637
2026-09-15 03:51:00,0.08337,0.08349,0.08337,0.08343,1384959.0,115544.92117
2026-09-15 03:52:00,0.08344,0.08344,0.08341,0.08344,548745.0,45780.36586
2026-09-15 03:53:00,0.08343,0.08343,0.08342,0.08343,2973.0,248.03703
2026-09-15 03:54:00,0.08343,0.08343,0.08336,0.08336,421947.0,35189.76276
2026-09-15 03:55:00,0.08336,0.08336,0.08333,0.08333,412728.0,34397.28942
2026-09-15 03:56:00,0.08334,0.08334,0.08331,0.08333,419622.0,34967.25546
2026-09-15 03:57:00,0.08333,0.08333,0.08332,0.08333,134247.0,11186.46106
2026-09-15 03:58:00,0.08333,0.08333,0.08331,0.08333,52963.0,4413.21497
2026-09-15 03:59:00,0.08332,0.08333,0.08329,0.08331,146376.0,12194.01425
2026-09-15 04:00:00,0.08331,0.08338,0.08328,0.08333,565811.0,47140.51329
2026-09-15 04:01:00,0.08333,0.08334,0.08333,0.08334,70869.0,5905.67221
2026-09-15 04:02:00,0.08334,0.08335,0.08334,0.08334,32873.0,2739.68829
2026-09-15 04:03:00,0.08333,0.08335,0.08329,0.08335,129780.0,10812.92763
2026-09-15 04:04:00,0.08335,0.08342,0.08334,0.08342,45741.0,3813.9428
2026-09-15 04:05:00,0.08342,0.08342,0.08341,0.08342,26577.0,2217.05168
2026-09-15 04:06:00,0.08342,0.08343,0.08341,0.08343,17580.0,1466.53228
2026-09-15 04:07:00,0.08343,0.08343,0.08327,0.08327,1240784.0,103420.62327
2026-09-15 04:08:00,0.08328,0.08334,0.08327,0.08332,282588.0,23539.48883
2026-09-15 04:09:00,0.08332,0.08336,0.08331,0.08336,59330.0,4944.52598
2026-09-15 04:10:00,0.08335,0.08336,0.08332,0.08335,115793.0,9650.86494
2026-09-15 04:11:00,0.08335,0.08336,0.08334,0.08336,27735.0,2311.82506
2026-09-15 04:12:00,0.08335,0.08336,0.08329,0.08331,187751.0,15641.17612
2026-09-15 04:13:00,0.0833,0.08332,0.08329,0.08331,186058.0,15499.11201
2026-09-15 04:14:00,0.08331,0.08331,0.08329,0.08329,61655.0,5135.70812
2026-09-15 04:15:00,0.08329,0.08331,0.08329,0.08331,79967.0,6661.62389
2026-09-15 04:16:00,0.08331,0.08333,0.08329,0.08333,121321.0,10107.71332
2026-09-15 04:17:00,0.08332,0.08332,0.08329,0.08331,43463.0,3620.95498
2026-09-15 04:18:00,0.0833,0.08334,0.0833,0.08333,56487.0,4705.6986
2026-09-15 04:19:00,0.08333,0.08339,0.08332,0.08339,1709133.0,142476.19495
2026-09-15 04:20:00,0.08338,0.0834,0.08338,0.0834,124787.0,10406.11021
2026-09-15 04:21:00,0.0834,0.08341,0.08337,0.08338,207312.0,17288.20923
2026-09-15 04:22:00,0.08338,0.08339,0.08335,0.08337,88926.0,7413.61621
2026-09-15 04:23:00,0.08337,0.08337,0.0833,0.08333,370031.0,30833.24534
2026-09-15 04:24:00,0.08333,0.08333,0.0833,0.08331,75056.0,6253.13021
2026-09-15 04:25:00,0.08331,0.08331,0.08321,0.08325,639382.0,53231.52518
2026-09-15 04:26:00,0.08325,0.08328,0.08323,0.08326,94192.0,7841.23798
2026-09-15 04:27:00,0.08326,0.08326,0.08325,0.08326,61390.0,5111.22297
2026-09-15 04:28:00,0.08326,0.08329,0.08323,0.08329,120518.0,10034.75803
2026-09-15 04:29:00,0.08328,0.08329,0.08321,0.08326,513800.0,42774.08995
2026-09-15 04:30:00,0.08325,0.0833,0.08325,0.08328,190666.0,15878.6342
2026-09-15 04:31:00,0.08328,0.08329,0.08327,0.08329,27328.0,2275.924
2026-09-15 04:32:00,0.08328,0.0833,0.08323,0.08323,209593.0,17450.72896
2026-09-15 04:33:00,0.08324,0.08324,0.08315,0.08316,497179.0,41354.52191
2026-09-15 04:34:00,0.08315,0.08324,0.08311,0.08321,1353911.0,112598.11181
2026-09-15 04:35:00,0.08322,0.08325,0.08313,0.08317,441348.0,36715.94466
2026-09-15 04:36:00,0.08318,0.08319,0.08316,0.08317,80734.0,6715.39164
2026-09-15 04:37:00,0.08317,0.08318,0.08312,0.08314,125258.0,10415.46046
2026-09-15 04:38:00,0.08315,0.08318,0.08313,0.08318,74432.0,6188.62588
2026-09-15 04:39:00,0.08318,0.08323,0.08311,0.08316,1541475.0,128193.18165
2026-09-15 04:40:00,0.08316,0.0832,0.08316,0.0832,230531.0,19173.5606
2026-09-15 04:41:00,0.08319,0.08323,0.08319,0.08323,241535.0,20100.08344
2026-09-15 04:42:00,0.08322,0.08325,0.08322,0.08324,134250.0,11174.69289
2026-09-15 04:43:00,0.08324,0.08325,0.08321,0.08321,68350.0,5688.37561
2026-09-15 04:44:00,0.08321,0.08324,0.08321,0.08322,169012.0,14065.73175
2026-09-15 04:45:00,0.08321,0.08322,0.08319,0.0832,109236.0,9088.09357
2026-09-15 04:46:00,0.0832,0.08329,0.08319,0.08328,797674.0,66410.02361
2026-09-15 04:47:00,0.08328,0.08328,0.08323,0.08324,151759.0,12633.12807
2026-09-15 04:48:00,0.08325,0.08328,0.08324,0.08326,235458.0,19605.4227
2026-09-15 04:49:00,0.08326,0.08328,0.08323,0.08323,300189.0,24988.76096
2026-09-15 04:50:00,0.08323,0.08327,0.08322,0.08322,167350.0,13930.32771
2026-09-15 04:51:00,0.08322,0.08323,0.08319,0.08322,295890.0,24619.6877
2026-09-15 04:52:00,0.08322,0.08323,0.08321,0.08323,113732.0,9465.66923
2026-09-15 04:53:00,0.08322,0.08324,0.08322,0.08323,63727.0,5303.85435
2026-09-15 04:54:00,0.08323,0.08326,0.08323,0.08326,71227.0,5929.68357
2026-09-15 04:55:00,0.08325,0.08326,0.08325,0.08325,15849.0,1319.49087
2026-09-15 04:56:00,0.08326,0.08326,0.0832,0.08321,410961.0,34208.05347
2026-09-15 04:57:00,0.08321,0.08323,0.0832,0.0832,289853.0,24120.78012
2026-09-15 04:58:00,0.08321,0.08324,0.08321,0.08321,107811.0,8971.78799
2026-09-15 04:59:00,0.08322,0.08323,0.08312,0.08318,1033647.0,85967.28864
2026-09-15 05:00:00,0.08318,0.0832,0.08317,0.08319,861454.0,71657.52863
2026-09-15 05:01:00,0.0832,0.0832,0.08319,0.0832,154029.0,12814.27388
2026-09-15 05:02:00,0.0832,0.08324,0.08319,0.08323,168758.0,14040.8553
2026-09-15 05:03:00,0.08322,0.08323,0.08321,0.08321,20768.0,1728.31243
2026-09-15 05:04:00,0.08322,0.08322,0.08321,0.08322,1088.0,90.53857
2026-09-15 05:05:00,0.08321,0.08325,0.0832,0.08324,139506.0,11609.86329
2026-09-15 05:06:00,0.08323,0.08324,0.08321,0.08321,23183.0,1929.46478
2026-09-15 05:07:00,0.08321,0.08322,0.08316,0.08318,177425.0,14757.68447
2026-09-15 05:08:00,0.08317,0.08325,0.08314,0.08321,824932.0,68632.01815
2026-09-15 05:09:00,0.08321,0.08321,0.08311,0.08313,615508.0,51175.34102
2026-09-15 05:10:00,0.08313,0.08313,0.08276,0.08284,3194823.0,264999.73618
2026-09-15 05:11:00,0.08285,0.08296,0.08283,0.08291,549130.0,45522.21915
2026-09-15 05:12:00,0.08292,0.08292,0.08284,0.08288,114440.0,9483.32753
2026-09-15 05:13:00,0.08287,0.08287,0.08276,0.08279,1266299.0,104869.27913
2026-09-15 05:14:00,0.08279,0.08287,0.08268,0.08286,719760.0,59551.54184
2026-09-15 05:15:00,0.08287,0.08291,0.08282,0.0829,497598.0,41232.47016
2026-09-15 05:16:00,0.08291,0.08291,0.08282,0.08285,474587.0,39325.9448
2026-09-15 05:17:00,0.08285,0.08285,0.08267,0.0827,455139.0,37662.1774
2026-09-15 05:18:00,0.0827,0.08281,0.08268,0.08276,1633394.0,135163.51378
2026-09-15 05:19:00,0.08276,0.0828,0.08272,0.08272,190686.0,15780.46577
2026-09-15 05:20:00,0.08273,0.08306,0.08272,0.0828,7750749.0,642408.51815
2026-09-15 05:21:00,0.08281,0.08287,0.08281,0.08283,622988.0,51608.24777
2026-09-15 05:22:00,0.08283,0.08283,0.08272,0.08277,612953.0,50744.86487
2026-09-15 05:23:00,0.08277,0.08277,0.08269,0.08272,206840.0,17107.52899
2026-09-15 05:24:00,0.08272,0.08276,0.08271,0.08272,291478.0,24114.39775
2026-09-15 05:25:00,0.08272,0.08274,0.08272,0.08274,67987.0,5624.34485
2026-09-15 05:26:00,0.08273,0.08281,0.08273,0.08281,179245.0,14836.60248
2026-09-15 05:27:00,0.08282,0.08285,0.08281,0.08283,788591.0,65318.9786
2026-09-15 05:28:00,0.08283,0.08286,0.08283,0.08284,187565.0,15538.93983
2026-09-15 05:29:00,0.08285,0.08289,0.08285,0.08286,245056.0,20306.47804
2026-09-15 05:30:00,0.08286,0.08287,0.08282,0.08286,257239.0,21311.44448
2026-09-15 05:31:00,0.08286,0.08286,0.08281,0.08284,159419.0,13204.12022
2026-09-15 05:32:00,0.08285,0.08285,0.0828,0.08284,176001.0,14577.59704
2026-09-15 05:33:00,0.08284,0.08288,0.08282,0.08287,87215.0,7225.89481
2026-09-15 05:34:00,0.08287,0.08288,0.08284,0.08288,389338.0,32257.8944
2026-09-15 05:35:00,0.08287,0.08287,0.08282,0.08286,104987.0,8697.81476
2026-09-15 05:36:00,0.08286,0.08288,0.08285,0.08287,52600.0,4358.65624
2026-09-15 05:37:00,0.08287,0.08287,0.08283,0.08284,180086.0,14920.15898
2026-09-15 05:38:00,0.08284,0.08286,0.08279,0.0828,138014.0,11430.0512
2026-09-15 05:39:00,0.08281,0.08285,0.0828,0.08285,96456.0,7988.60809
2026-09-15 05:40:00,0.08285,0.08292,0.08284,0.0829,114378.0,9480.44501
2026-09-15 05:41:00,0.0829,0.08294,0.08287,0.08294,256118.0,21233.56599
2026-09-15 05:42:00,0.08294,0.08298,0.08291,0.08296,665124.0,55173.48319
2026-09-15 05:43:00,0.08296,0.08298,0.08294,0.08296,392358.0,32550.3812
2026-09-15 05:44:00,0.08297,0.083,0.08296,0.08299,114022.0,9461.90871
2026-09-15 05:45:00,0.08299,0.08306,0.08299,0.08304,283223.0,23514.78915
2026-09-15 05:46:00,0.08305,0.08306,0.08301,0.08303,341765.0,28377.46894
2026-09-15 05:47:00,0.08303,0.08305,0.08301,0.08303,263322.0,21861.66077
2026-09-15 05:48:00,0.08303,0.08312,0.08303,0.08308,325664.0,27056.57532
2026-09-15 05:49:00,0.08308,0.0831,0.08308,0.08308,55533.0,4614.07196
2026-09-15 05:50:00,0.08309,0.08312,0.08307,0.08312,241866.0,20097.8588
2026-09-15 05:51:00,0.08312,0.08319,0.08312,0.08317,223829.0,18614.69238
2026-09-15 05:52:00,0.08317,0.08322,0.08317,0.08319,158940.0,13222.43161
2026-09-15 05:53:00,0.08319,0.08326,0.08319,0.08324,156548.0,13031.0838
2026-09-15 05:54:00,0.08324,0.08326,0.08323,0.08325,140416.0,11688.38225
2026-09-15 05:55:00,0.08326,0.08336,0.08326,0.08328,1530503.0,127486.72291
2026-09-15 05:56:00,0.08328,0.08331,0.08326,0.0833,212349.0,17683.62345
2026-09-15 05:57:00,0.08331,0.08333,0.08327,0.08327,213191.0,17761.65734
2026-09-15 05:58:00,0.08327,0.08327,0.08323,0.08323,241020.0,20065.22422
2026-09-15 05:59:00,0.08323,0.08323,0.08318,0.08319,241743.0,20114.45052
2026-09-15 06:00:00,0.08318,0.08323,0.08318,0.08321,166022.0,13812.16075
2026-09-15 06:01:00,0.08321,0.08326,0.0832,0.08324,284975.0,23721.39688
2026-09-15 06:02:00,0.08324,0.08328,0.08322,0.08327,288869.0,24047.45373
2026-09-15 06:03:00,0.08326,0.08329,0.08322,0.08329,343229.0,28573.5832
2026-09-15 06:04:00,0.08329,0.0833,0.08328,0.0833,186667.0,15548.53806
2026-09-15 06:05:00,0.0833,0.0833,0.08327,0.08327,120126.0,10005.61362
2026-09-15 06:06:00,0.08327,0.08329,0.08327,0.08327,686033.0,57128.479
2026-09-15 06:07:00,0.08327,0.08327,0.08321,0.08324,505140.0,42055.5367
2026-09-15 06:08:00,0.08323,0.08324,0.08321,0.08322,111004.0,9237.66582
2026-09-15 06:09:00,0.08322,0.08322,0.08318,0.0832,182100.0,15150.7571
2026-09-15 06:10:00,0.0832,0.0832,0.08318,0.08318,21279.0,1770.31021
2026-09-15 06:11:00,0.08318,0.08319,0.08312,0.08313,311828.0,25924.42243
2026-09-15 06:12:00,0.08313,0.08316,0.08312,0.08315,841476.0,69954.22834
2026-09-15 06:13:00,0.08314,0.08316,0.08314,0.08316,10159.0,844.66427
2026-09-15 06:14:00,0.08315,0.08317,0.08315,0.08316,112544.0,9359.1866
2026-09-15 06:15:00,0.08315,0.08317,0.08314,0.08314,93274.0,7755.81893
2026-09-15 06:16:00,0.08314,0.08315,0.08314,0.08315,37046.0,3080.17473
2026-09-15 06:17:00,0.08316,0.08317,0.08315,0.08315,49000.0,4074.74331
2026-09-15 06:18:00,0.08316,0.08316,0.08312,0.08312,51643.0,4293.38084
2026-09-15 06:19:00,0.08312,0.08313,0.08308,0.08308,68700.0,5708.63898
2026-09-15 06:20:00,0.08308,0.08308,0.08302,0.08304,676468.0,56186.23674
2026-09-15 06:21:00,0.08305,0.08306,0.083,0.083,408628.0,33933.75703
2026-09-15 06:22:00,0.08301,0.08302,0.08298,0.08301,483850.0,40161.59775
2026-09-15 06:23:00,0.08301,0.08301,0.08299,0.083,173771.0,14422.10125
2026-09-15 06:24:00,0.08299,0.08299,0.08295,0.08295,101961.0,8458.5789
2026-09-15 06:25:00,0.08296,0.08296,0.08295,0.08295,224157.0,18595.80417
2026-09-15 06:26:00,0.08296,0.08296,0.08292,0.08292,77281.0,6409.43026
2026-09-15 06:27:00,0.08292,0.08292,0.0829,0.08291,35444.0,2938.62103
2026-09-15 06:28:00,0.08292,0.08294,0.08291,0.08293,160807.0,13335.76855
2026-09-15 06:29:00,0.08294,0.08297,0.08292,0.08293,426299.0,35360.11346
2026-09-15 06:30:00,0.08293,0.08295,0.08291,0.08292,90668.0,7518.36656
2026-09-15 06:31:00,0.08292,0.08294,0.08292,0.08294,11027.0,914.40094
2026-09-15 06:32:00,0.08293,0.08299,0.08291,0.08299,509002.0,42226.97375
2026-09-15 06:33:00,0.08299,0.08299,0.08295,0.08295,240401.0,19948.77762
2026-09-15 06:34:00,0.08295,0.08298,0.08294,0.08298,7924.0,657.37289
2026-09-15 06:35:00,0.08297,0.08298,0.08296,0.08296,48132.0,3993.34507
2026-09-15 06:36:00,0.08296,0.08299,0.08294,0.08299,397137.0,32947.33919
2026-09-15 06:37:00,0.08299,0.08299,0.08298,0.08298,28815.0,2391.34545
2026-09-15 06:38:00,0.08299,0.08301,0.08299,0.08301,203615.0,16899.69223
2026-09-15 06:39:00,0.08301,0.08301,0.0829,0.0829,862164.0,71513.56285
2026-09-15 06:40:00,0.08291,0.08292,0.08287,0.08292,316107.0,26202.64072
2026-09-15 06:41:00,0.08292,0.08294,0.08291,0.08292,45261.0,3752.87376
2026-09-15 06:42:00,0.08293,0.08294,0.08291,0.08292,16889.0,1400.58738
2026-09-15 06:43:00,0.08293,0.08293,0.08289,0.0829,89261.0,7399.98857
2026-09-15 06:44:00,0.08289,0.08299,0.08289,0.08295,928818.0,77032.92665
2026-09-15 06:45:00,0.08295,0.08298,0.08291,0.08292,279340.0,23167.41729
2026-09-15 06:46:00,0.08291,0.08292,0.0829,0.0829,119204.0,9883.16449
2026-09-15 06:47:00,0.0829,0.08291,0.08288,0.08288,187363.0,15530.36897
2026-09-15 06:48:00,0.08288,0.08289,0.08281,0.08282,176541.0,14626.79774
2026-09-15 06:49:00,0.08282,0.08283,0.08282,0.08282,45693.0,3784.63285
2026-09-15 06:50:00,0.08283,0.08285,0.08263,0.08271,1755108.0,145190.95626
2026-09-15 06:51:00,0.08271,0.08273,0.08266,0.0827,419062.0,34653.41781
2026-09-15 06:52:00,0.08269,0.0827,0.08256,0.08261,850880.0,70297.86851
2026-09-15 06:53:00,0.08261,0.08262,0.08253,0.08254,302390.0,24968.66313
2026-09-15 06:54:00,0.08253,0.08258,0.08253,0.08254,348394.0,28760.67459
2026-09-15 06:55:00,0.08253,0.08255,0.08248,0.08249,691293.0,57039.70494
2026-09-15 06:56:00,0.08249,0.08266,0.08247,0.08266,1291351.0,106624.59916
2026-09-15 06:57:00,0.08267,0.08269,0.08266,0.08269,158923.0,13140.5356
2026-09-15 06:58:00,0.08269,0.08272,0.08267,0.08267,232662.0,19239.11146
2026-09-15 06:59:00,0.08268,0.0827,0.08268,0.08269,171467.0,14179.13497
2026-09-15 07:00:00,0.0827,0.08271,0.08268,0.08271,149972.0,12401.40531
2026-09-15 07:01:00,0.08271,0.08272,0.08268,0.08272,136541.0,11292.02296
2026-09-15 07:02:00,0.08273,0.08275,0.08261,0.08263,1349113.0,111547.14075
2026-09-15 07:03:00,0.08264,0.08268,0.08261,0.08268,184500.0,15245.38565
2026-09-15 07:04:00,0.08268,0.08272,0.08268,0.08272,105178.0,8699.36119
2026-09-15 07:05:00,0.08272,0.08273,0.08267,0.08268,82969.0,6863.0169
2026-09-15 07:06:00,0.08268,0.08271,0.08266,0.08267,84422.0,6980.48899
2026-09-15 07:07:00,0.08267,0.08267,0.0826,0.08262,27578.0,2278.6115
2026-09-15 07:08:00,0.08262,0.08265,0.08261,0.08265,124393.0,10277.87397
2026-09-15 07:09:00,0.08266,0.08274,0.08264,0.08274,78189.0,6465.85456
2026-09-15 07:10:00,0.08274,0.08274,0.08269,0.08269,52658.0,4355.47293
2026-09-15 07:11:00,0.08268,0.0827,0.08265,0.08267,353965.0,29261.93052
2026-09-15 07:12:00,0.08266,0.08267,0.08263,0.08264,80978.0,6693.4475
2026-09-15 07:13:00,0.08263,0.08278,0.08263,0.08275,1637731.0,135486.85837
2026-09-15 07:14:00,0.08275,0.08275,0.08268,0.08273,786210.0,65029.72237
2026-09-15 07:15:00,0.08274,0.08279,0.08273,0.08279,31885.0,2638.73677
2026-09-15 07:16:00,0.08278,0.08279,0.08272,0.08274,414965.0,34339.30529
2026-09-15 07:17:00,0.08273,0.08278,0.08267,0.08278,316770.0,26212.12953
2026-09-15 07:18:00,0.08278,0.08283,0.08278,0.08283,108644.0,8995.99622
2026-09-15 07:19:00,0.08284,0.08289,0.08277,0.08288,1876959.0,155450.42019
2026-09-15 07:20:00,0.08289,0.08294,0.08289,0.08293,184037.0,15257.93426
2026-09-15 07:21:00,0.08293,0.08297,0.08278,0.08284,1766790.0,146455.33402
2026-09-15 07:22:00,0.08284,0.08288,0.08283,0.08284,190125.0,15751.84333
2026-09-15 07:23:00,0.08283,0.08287,0.08282,0.08286,141154.0,11695.63417
2026-09-15 07:24:00,0.08286,0.08288,0.0828,0.08288,268036.0,22204.84407
2026-09-15 07:25:00,0.08288,0.0829,0.08288,0.08288,37684.0,3123.60137
2026-09-15 07:26:00,0.08288,0.08288,0.08287,0.08287,92350.0,7653.26639
2026-09-15 07:27:00,0.08287,0.08288,0.08286,0.08288,94445.0,7826.17242
2026-09-15 07:28:00,0.08288,0.08288,0.08287,0.08288,11017.0,913.08843
2026-09-15 07:29:00,0.08287,0.08289,0.08287,0.08288,47956.0,3974.56164
2026-09-15 07:30:00,0.08287,0.08288,0.08285,0.08285,121174.0,10040.63977
2026-09-15 07:31:00,0.08285,0.08287,0.08282,0.08282,609158.0,50463.58179
2026-09-15 07:32:00,0.08283,0.08283,0.08273,0.08274,247870.0,20513.36553
2026-09-15 07:33:00,0.08274,0.08277,0.08273,0.08274,426394.0,35280.55821
2026-09-15 07:34:00,0.08274,0.08274,0.08263,0.08263,340122.0,28119.78903
2026-09-15 07:35:00,0.08263,0.08275,0.08256,0.08275,1951209.0,161267.86549
2026-09-15 07:36:00,0.08275,0.08275,0.08269,0.08275,275647.0,22801.58529
2026-09-15 07:37:00,0.08276,0.08276,0.08271,0.08273,123407.0,10207.9986
2026-09-15 07:38:00,0.08272,0.08272,0.08263,0.08267,29867.0,2468.98332
2026-09-15 07:39:00,0.08268,0.0827,0.08265,0.08266,236498.0,19552.08758
2026-09-15 07:40:00,0.08267,0.08271,0.08267,0.08271,70981.0,5869.37046
2026-09-15 07:41:00,0.08271,0.08272,0.08265,0.08265,124083.0,10259.66589
2026-09-15 07:42:00,0.08265,0.08266,0.08263,0.08264,42633.0,3523.242
2026-09-15 07:43:00,0.08263,0.08267,0.08263,0.08266,120006.0,9917.746
2026-09-15 07:44:00,0.08265,0.08266,0.08262,0.08263,49433.0,4084.88154
2026-09-15 07:45:00,0.08263,0.08271,0.08257,0.0827,611729.0,50550.10264
2026-09-15 07:46:00,0.0827,0.0827,0.08264,0.08264,267429.0,22108.79604
2026-09-15 07:47:00,0.08265,0.08269,0.08264,0.08266,178504.0,14756.20701
2026-09-15 07:48:00,0.08265,0.08267,0.08263,0.08267,39937.0,3300.73195
2026-09-15 07:49:00,0.08267,0.08267,0.08261,0.08261,400977.0,33127.50409
2026-09-15 07:50:00,0.08262,0.08262,0.08257,0.08258,364193.0,30078.00528
2026-09-15 07:51:00,0.08258,0.08258,0.08252,0.08254,109047.0,9002.43511
2026-09-15 07:52:00,0.08254,0.08254,0.08247,0.08249,2524745.0,208308.8187
2026-09-15 07:53:00,0.08249,0.08249,0.08245,0.08246,331076.0,27303.2941
2026-09-15 07:54:00,0.08246,0.08248,0.08246,0.08248,176544.0,14558.60976
2026-09-15 07:55:00,0.08248,0.08252,0.08247,0.08252,435940.0,35967.97305
2026-09-15 07:56:00,0.08252,0.08253,0.08243,0.08251,1094735.0,90297.72531
2026-09-15 07:57:00,0.08252,0.08252,0.08248,0.08249,30146.0,2487.3913
2026-09-15 07:58:00,0.08248,0.08253,0.08248,0.08252,71692.0,5915.59513
2026-09-15 07:59:00,0.08253,0.08255,0.08251,0.08254,285366.0,23549.31626
2026-09-15 08:00:00,0.08254,0.08255,0.0825,0.0825,119738.0,9882.59858
2026-09-15 08:01:00,0.0825,0.08251,0.08246,0.08247,204560.0,16871.66151
2026-09-15 08:02:00,0.08247,0.08247,0.08234,0.08241,1042862.0,85918.38528
2026-09-15 08:03:00,0.0824,0.08255,0.0824,0.08248,1192588.0,98390.71177
2026-09-15 08:04:00,0.08248,0.08248,0.08244,0.08245,27140.0,2237.7422
2026-09-15 08:05:00,0.08246,0.08247,0.08244,0.08247,295923.0,24401.33064
2026-09-15 08:06:00,0.08247,0.08247,0.0824,0.08241,940081.0,77507.26093
2026-09-15 08:07:00,0.08241,0.08241,0.08238,0.08239,172237.0,14191.68314
2026-09-15 08:08:00,0.08239,0.0824,0.08231,0.08234,2237074.0,184259.99595
2026-09-15 08:09:00,0.08235,0.08239,0.08234,0.08238,126020.0,10377.92763
2026-09-15 08:10:00,0.08238,0.08238,0.08232,0.08234,144841.0,11925.73582
2026-09-15 08:11:00,0.08234,0.08239,0.08233,0.08235,473684.0,39010.64848
2026-09-15 08:12:00,0.08235,0.0824,0.08233,0.0824,454534.0,37439.0886
2026-09-15 08:13:00,0.08239,0.08247,0.08239,0.08246,198223.0,16337.66671
2026-09-15 08:14:00,0.08247,0.08253,0.08247,0.08252,148472.0,12249.28355
2026-09-15 08:15:00,0.08253,0.08261,0.08253,0.08256,628994.0,51939.93478
2026-09-15 08:16:00,0.08256,0.08256,0.08246,0.08246,171967.0,14188.28124
2026-09-15 08:17:00,0.08247,0.08251,0.08245,0.08248,181936.0,15004.43977
2026-09-15 08:18:00,0.08249,0.08256,0.08247,0.08256,190065.0,15680.36623
2026-09-15 08:19:00,0.08257,0.08258,0.08255,0.08258,176262.0,14552.13988
2026-09-15 08:20:00,0.08259,0.08265,0.08258,0.08262,182560.0,15083.3768
2026-09-15 08:21:00,0.08262,0.08262,0.08254,0.08256,177856.0,14688.84891
2026-09-15 08:22:00,0.08256,0.08257,0.08242,0.08256,1339465.0,110478.19558
2026-09-15 08:23:00,0.08256,0.08257,0.08251,0.08252,245860.0,20295.53156
2026-09-15 08:24:00,0.08252,0.08254,0.08251,0.08251,130825.0,10795.833
2026-09-15 08:25:00,0.08251,0.08252,0.08246,0.08248,138898.0,11456.86898
2026-09-15 08:26:00,0.08248,0.08251,0.08248,0.08248,134496.0,11094.78285
2026-09-15 08:27:00,0.08248,0.0825,0.08247,0.08247,72315.0,5964.75367
2026-09-15 08:28:00,0.08247,0.08248,0.08241,0.08244,479613.0,39546.8376
2026-09-15 08:29:00,0.08244,0.08246,0.08241,0.08242,410920.0,33874.14677
2026-09-15 08:30:00,0.08242,0.08251,0.08239,0.08249,1109259.0,91454.64407
2026-09-15 08:31:00,0.08248,0.08249,0.08246,0.08247,251964.0,20781.09125
2026-09-15 08:32:00,0.08247,0.08248,0.08244,0.08245,184397.0,15205.70885
2026-09-15 08:33:00,0.08245,0.08247,0.08244,0.08246,382464.0,31535.24342
2026-09-15 08:34:00,0.08245,0.08248,0.08245,0.08248,117547.0,9693.1984
2026-09-15 08:35:00,0.08247,0.08249,0.08244,0.08249,51460.0,4243.57527
2026-09-15 08:36:00,0.08249,0.08249,0.08248,0.08249,79763.0,6579.64656
2026-09-15 08:37:00,0.08248,0.08249,0.08245,0.08245,67683.0,5581.53433
2026-09-15 08:38:00,0.08245,0.08247,0.08244,0.08244,72218.0,5954.80699
2026-09-15 08:39:00,0.08245,0.08246,0.08243,0.08244,72952.0,6014.39234
2026-09-15 08:40:00,0.08244,0.08244,0.08241,0.08242,370727.0,30553.75022
2026-09-15 08:41:00,0.08243,0.08244,0.08243,0.08244,107454.0,8857.8901
2026-09-15 08:42:00,0.08243,0.08248,0.08243,0.08248,52349.0,4316.46829
2026-09-15 08:43:00,0.08247,0.08248,0.08247,0.08247,48630.0,4010.7705
2026-09-15 08:44:00,0.08248,0.08249,0.08244,0.08245,472692.0,38984.56693
2026-09-15 08:45:00,0.08245,0.0825,0.08244,0.0825,165722.0,13667.72058
2026-09-15 08:46:00,0.0825,0.08256,0.0825,0.08255,335616.0,27701.59517
2026-09-15 08:47:00,0.08254,0.08256,0.08254,0.08256,29160.0,2407.15843
2026-09-15 08:48:00,0.08255,0.08259,0.08255,0.08258,819810.0,67706.06062
2026-09-15 08:49:00,0.08258,0.08264,0.08249,0.08253,1675326.0,138294.14124
2026-09-15 08:50:00,0.08252,0.08256,0.08246,0.08256,626518.0,51697.70799
2026-09-15 08:51:00,0.08256,0.08256,0.08251,0.08253,178704.0,14748.28606
2026-09-15 08:52:00,0.08252,0.08256,0.08252,0.08255,69225.0,5713.39541
2026-09-15 08:53:00,0.08256,0.08262,0.08256,0.08262,127447.0,10527.35789
2026-09-15 08:54:00,0.08261,0.08262,0.08259,0.08261,260212.0,21494.64652
2026-09-15 08:55:00,0.08261,0.08263,0.08261,0.08263,88048.0,7274.16592
2026-09-15 08:56:00,0.08264,0.08265,0.08261,0.08265,236369.0,19530.54722
2026-09-15 08:57:00,0.08264,0.08266,0.08263,0.08265,118524.0,9795.33101
2026-09-15 08:58:00,0.08265,0.08267,0.08263,0.08263,128690.0,10634.95717
2026-09-15 08:59:00,0.08264,0.08266,0.08264,0.08266,24809.0,2050.62122
2026-09-15 09:00:00,0.08265,0.08266,0.0826,0.0826,166958.0,13794.72081
2026-09-15 09:01:00,0.0826,0.08261,0.0826,0.08261,80127.0,6619.07019
2026-09-15 09:02:00,0.0826,0.0826,0.08257,0.08259,282506.0,23332.06443
2026-09-15 09:03:00,0.08258,0.08262,0.08258,0.08261,100248.0,8281.96634
2026-09-15 09:04:00,0.08261,0.08262,0.08259,0.08259,56649.0,4679.08863
2026-09-15 09:05:00,0.08259,0.08261,0.08258,0.08259,711400.0,58747.67823
2026-09-15 09:06:00,0.08258,0.08264,0.08258,0.0826,402546.0,33253.79962
2026-09-15 09:07:00,0.08261,0.08261,0.08258,0.08258,112827.0,9318.78595
2026-09-15 09:08:00,0.08259,0.08262,0.08259,0.08261,109133.0,9014.45027
2026-09-15 09:09:00,0.08262,0.08267,0.08261,0.08265,90546.0,7482.97071
2026-09-15 09:10:00,0.08265,0.08265,0.08261,0.08261,214165.0,17696.69755
2026-09-15 09:11:00,0.08262,0.08265,0.0826,0.08264,162412.0,13420.29212
2026-09-15 09:12:00,0.08264,0.08264,0.08261,0.08263,51092.0,4221.35148
2026-09-15 09:13:00,0.08262,0.08262,0.08258,0.08258,268887.0,22206.64699
2026-09-15 09:14:00,0.08258,0.08262,0.08258,0.08261,41852.0,3456.70306
2026-09-15 09:15:00,0.08261,0.08264,0.08259,0.08264,96296.0,7954.57826
2026-09-15 09:16:00,0.08263,0.08264,0.0826,0.0826,95081.0,7855.34254
2026-09-15 09:17:00,0.0826,0.08261,0.08255,0.08256,289392.0,23897.00759
2026-09-15 09:18:00,0.08255,0.08256,0.08254,0.08255,59964.0,4950.00047
2026-09-15 09:19:00,0.08255,0.08255,0.08254,0.08255,16392.0,1353.07689
2026-09-15 09:20:00,0.08255,0.08256,0.08254,0.08256,106765.0,8813.19198
2026-09-15 09:21:00,0.08255,0.08256,0.08254,0.08256,75780.0,6255.59205
2026-09-15 09:22:00,0.08257,0.08257,0.08255,0.08256,168097.0,13877.15669
2026-09-15 09:23:00,0.08257,0.08262,0.08255,0.08256,248465.0,20520.20003
2026-09-15 09:24:00,0.08256,0.08258,0.08256,0.08257,55698.0,4598.68942
2026-09-15 09:25:00,0.08257,0.08257,0.08255,0.08256,100837.0,8324.92853
2026-09-15 09:26:00,0.08256,0.08258,0.08255,0.08256,54945.0,4536.3497
2026-09-15 09:27:00,0.08256,0.08259,0.08256,0.08258,121133.0,10001.7435
2026-09-15 09:28:00,0.08257,0.08258,0.08256,0.08257,101884.0,8412.04775
2026-09-15 09:29:00,0.08257,0.08265,0.08257,0.08261,1120945.0,92602.32116
2026-09-15 09:30:00,0.08262,0.08262,0.08261,0.08261,2902.0,239.74496
2026-09-15 09:31:00,0.08261,0.08262,0.0826,0.08262,22989.0,1899.06207
2026-09-15 09:32:00,0.08262,0.08263,0.08261,0.08263,37664.0,3111.77114
2026-09-15 09:33:00,0.08262,0.08263,0.0826,0.08261,277427.0,22918.38311
2026-09-15 09:34:00,0.08261,0.08274,0.0826,0.08272,419420.0,34670.33417
2026-09-15 09:35:00,0.08271,0.08273,0.0827,0.08271,420633.0,34793.76714
2026-09-15 09:36:00,0.08271,0.08273,0.08259,0.08264,2073968.0,171405.53911
2026-09-15 09:37:00,0.08264,0.08265,0.08264,0.08265,16023.0,1324.20934
2026-09-15 09:38:00,0.08265,0.08266,0.08262,0.08266,156677.0,12948.62078
2026-09-15 09:39:00,0.08266,0.08269,0.08266,0.08269,33189.0,2743.9686
2026-09-15 09:40:00,0.08268,0.08268,0.08264,0.08264,207705.0,17168.0453
2026-09-15 09:41:00,0.08264,0.08265,0.08262,0.08262,107066.0,8847.64374
2026-09-15 09:42:00,0.08262,0.08263,0.08261,0.08262,137471.0,11357.17644
2026-09-15 09:43:00,0.08261,0.08263,0.0826,0.08261,230575.0,19048.52799
2026-09-15 09:44:00,0.08261,0.08272,0.08261,0.0827,1267672.0,104805.03085
2026-09-15 09:45:00,0.08271,0.08272,0.08271,0.08272,61005.0,5046.21604
2026-09-15 09:46:00,0.08271,0.08273,0.08266,0.08268,1134225.0,93798.74891
2026-09-15 09:47:00,0.08267,0.08272,0.08267,0.08271,371042.0,30685.47288
2026-09-15 09:48:00,0.08271,0.08279,0.08271,0.08277,237521.0,19659.35874
2026-09-15 09:49:00,0.08277,0.08277,0.08275,0.08276,130818.0,10826.77913
2026-09-15 09:50:00,0.08275,0.08275,0.0827,0.08273,182227.0,15076.74747
2026-09-15 09:51:00,0.08274,0.08278,0.08274,0.08276,188607.0,15609.92994
2026-09-15 09:52:00,0.08275,0.08277,0.08275,0.08276,110138.0,9115.2844
2026-09-15 09:53:00,0.08277,0.08288,0.08276,0.08283,1192616.0,98786.83328
2026-09-15 09:54:00,0.08284,0.08288,0.08283,0.08285,474441.0,39307.28711
2026-09-15 09:55:00,0.08286,0.08287,0.08272,0.08275,1412323.0,116930.18578
2026-09-15 09:56:00,0.08275,0.08276,0.08275,0.08276,66186.0,5477.45038
2026-09-15 09:57:00,0.08276,0.08277,0.08268,0.08269,281884.0,23312.9453
2026-09-15 09:58:00,0.08269,0.08269,0.08264,0.08265,162793.0,13455.61715
2026-09-15 09:59:00,0.08264,0.08266,0.08261,0.08264,616302.0,50929.50263
2026-09-15 10:00:00,0.08264,0.08267,0.08264,0.08266,280530.0,23187.10485
2026-09-15 10:01:00,0.08266,0.08266,0.08263,0.08264,351444.0,29044.24994
2026-09-15 10:02:00,0.08263,0.08266,0.08261,0.08262,363615.0,30050.16316
2026-09-15 10:03:00,0.08262,0.0828,0.08262,0.0828,1699625.0,140558.51487
2026-09-15 10:04:00,0.0828,0.0828,0.08272,0.08272,616473.0,51010.33606
2026-09-15 10:05:00,0.08273,0.08273,0.0827,0.0827,167071.0,13818.45548
2026-09-15 10:06:00,0.0827,0.0827,0.08268,0.0827,52737.0,4361.17158
2026-09-15 10:07:00,0.08271,0.08271,0.08265,0.08267,284335.0,23505.6332
2026-09-15 10:08:00,0.08267,0.08278,0.08267,0.08275,505717.0,41848.566
2026-09-15 10:09:00,0.08275,0.08276,0.08274,0.08275,214476.0,17747.87374
2026-09-15 10:10:00,0.08275,0.08275,0.0827,0.0827,85725.0,7090.95122
2026-09-15 10:11:00,0.0827,0.08277,0.08269,0.08274,425385.0,35191.7359
2026-09-15 10:12:00,0.08273,0.08273,0.0827,0.08271,28742.0,2377.48018
2026-09-15 10:13:00,0.08271,0.08271,0.0827,0.0827,39749.0,3287.37454
2026-09-15 10:14:00,0.0827,0.0827,0.08269,0.0827,33165.0,2742.46406
2026-09-15 10:15:00,0.08269,0.08271,0.08268,0.0827,76436.0,6320.76894
2026-09-15 10:16:00,0.08271,0.08272,0.0827,0.0827,123821.0,10240.91379
2026-09-15 10:17:00,0.0827,0.08271,0.0827,0.08271,73461.0,6075.77997
2026-09-15 10:18:00,0.08272,0.08273,0.08271,0.08272,50256.0,4157.12651
2026-09-15 10:19:00,0.08272,0.08272,0.08268,0.08268,315732.0,26111.73075
2026-09-15 10:20:00,0.08268,0.08268,0.08266,0.08266,62389.0,5157.58676
2026-09-15 10:21:00,0.08266,0.08266,0.08263,0.08263,115599.0,9553.34869
2026-09-15 10:22:00,0.08264,0.08264,0.08263,0.08263,85026.0,7025.85229
2026-09-15 10:23:00,0.08264,0.08267,0.08263,0.08266,103087.0,8520.70083
2026-09-15 10:24:00,0.08267,0.08271,0.08267,0.08271,132192.0,10932.13853
2026-09-15 10:25:00,0.0827,0.08271,0.08267,0.08267,49369.0,4082.70582
2026-09-15 10:26:00,0.08268,0.08268,0.08266,0.08267,53872.0,4453.56463
2026-09-15 10:27:00,0.08267,0.08269,0.08263,0.08264,508238.0,42013.11596
2026-09-15 10:28:00,0.08263,0.08264,0.08262,0.08263,264175.0,21828.88367
2026-09-15 10:29:00,0.08264,0.08264,0.08261,0.08261,269917.0,22302.27972
2026-09-15 10:30:00,0.08261,0.08261,0.08255,0.08256,295854.0,24430.46148
2026-09-15 10:31:00,0.08256,0.08258,0.08253,0.08255,836939.0,69088.09964
2026-09-15 10:32:00,0.08255,0.08263,0.08255,0.08263,537667.0,44409.39839
2026-09-15 10:33:00,0.08262,0.0827,0.08262,0.08265,1373601.0,113550.58631
2026-09-15 10:34:00,0.08266,0.08268,0.08266,0.08267,64095.0,5298.85762
2026-09-15 10:35:00,0.08268,0.0827,0.08267,0.08269,433578.0,35848.33522
2026-09-15 10:36:00,0.0827,0.08271,0.08269,0.08271,46356.0,3833.66519
2026-09-15 10:37:00,0.08271,0.08272,0.0827,0.08272,117238.0,9697.62326
2026-09-15 10:38:00,0.08272,0.08274,0.0826,0.08265,1509253.0,124761.02646
2026-09-15 10:39:00,0.08265,0.08268,0.08264,0.08267,37188.0,3073.87643
2026-09-15 10:40:00,0.08267,0.08271,0.08264,0.0827,153880.0,12721.0783
2026-09-15 10:41:00,0.08271,0.08271,0.08268,0.08269,151998.0,12570.30053
2026-09-15 10:42:00,0.08269,0.08276,0.08269,0.08275,171662.0,14200.19088
2026-09-15 10:43:00,0.08274,0.08275,0.08273,0.08273,29316.0,2425.52779
2026-09-15 10:44:00,0.08272,0.08281,0.08272,0.08279,1053516.0,87216.99946
2026-09-15 10:45:00,0.08279,0.08282,0.08278,0.08281,202576.0,16771.13618
2026-09-15 10:46:00,0.08281,0.08281,0.08279,0.0828,207252.0,17159.37691
2026-09-15 10:47:00,0.0828,0.08283,0.0828,0.08281,186570.0,15451.1905
2026-09-15 10:48:00,0.08281,0.08282,0.08277,0.08278,267211.0,22120.6736
2026-09-15 10:49:00,0.08277,0.08285,0.08277,0.08285,97990.0,8113.82098
2026-09-15 10:50:00,0.08284,0.08285,0.08282,0.08284,287666.0,23828.11805
2026-09-15 10:51:00,0.08284,0.08286,0.08283,0.08285,247115.0,20473.34444
2026-09-15 10:52:00,0.08285,0.08286,0.08276,0.08278,391171.0,32395.96998
2026-09-15 10:53:00,0.08277,0.08278,0.08272,0.08274,272371.0,22536.61641
2026-09-15 10:54:00,0.08275,0.08276,0.08272,0.08273,285866.0,23652.83836
2026-09-15 10:55:00,0.08273,0.0828,0.08273,0.08279,172097.0,14243.08198
2026-09-15 10:56:00,0.08279,0.08279,0.08276,0.08277,37994.0,3144.98559
2026-09-15 10:57:00,0.08276,0.08284,0.08276,0.0828,315055.0,26089.40319
2026-09-15 10:58:00,0.0828,0.0828,0.08277,0.08279,315925.0,26153.20479
2026-09-15 10:59:00,0.08278,0.08279,0.08278,0.08278,30255.0,2504.52153
2026-09-15 11:00:00,0.08279,0.08279,0.08275,0.08275,25625.0,2120.74913
2026-09-15 11:01:00,0.08276,0.08279,0.08275,0.08279,57652.0,4771.82181
2026-09-15 11:02:00,0.08279,0.08282,0.08278,0.08281,163553.0,13543.12992
2026-09-15 11:03:00,0.08282,0.0829,0.08282,0.08284,1413494.0,117108.60133
2026-09-15 11:04:00,0.08284,0.08285,0.08283,0.08284,125329.0,10382.14915
2026-09-15 11:05:00,0.08283,0.08285,0.08282,0.08285,173896.0,14404.66017
2026-09-15 11:06:00,0.08285,0.08286,0.08284,0.08284,118244.0,9796.38123
2026-09-15 11:07:00,0.08284,0.08286,0.08284,0.08284,107897.0,8938.72012
2026-09-15 11:08:00,0.08285,0.08287,0.08282,0.08286,371496.0,30776.93748
2026-09-15 11:09:00,0.08286,0.08292,0.08286,0.08292,105654.0,8757.09838
2026-09-15 11:10:00,0.08292,0.08292,0.08288,0.08291,253837.0,21040.94708
2026-09-15 11:11:00,0.08291,0.08291,0.08288,0.08288,44957.0,3726.65886
2026-09-15 11:12:00,0.08288,0.08289,0.0828,0.08282,916554.0,75916.2057
2026-09-15 11:13:00,0.08281,0.08282,0.0828,0.0828,524606.0,43439.53558
2026-09-15 11:14:00,0.0828,0.08281,0.08271,0.08273,1864658.0,154337.46161
2026-09-15 11:15:00,0.08274,0.08279,0.08274,0.08276,315982.0,26152.51432
2026-09-15 11:16:00,0.08276,0.08284,0.08276,0.0828,330983.0,27402.73273
2026-09-15 11:17:00,0.08281,0.08283,0.0828,0.08283,227143.0,18812.11316
2026-09-15 11:18:00,0.08283,0.08284,0.08271,0.08276,955842.0,79118.29312
2026-09-15 11:19:00,0.08276,0.0828,0.08271,0.08273,341376.0,28248.2666
2026-09-15 11:20:00,0.08274,0.08277,0.08268,0.08274,336484.0,27836.01146
2026-09-15 11:21:00,0.08274,0.08274,0.08267,0.08267,143312.0,11852.06978
2026-09-15 11:22:00,0.08267,0.08268,0.08265,0.08265,355562.0,29390.38237
2026-09-15 11:23:00,0.08265,0.08267,0.08265,0.08265,124840.0,10318.33919
2026-09-15 11:24:00,0.08265,0.08266,0.08261,0.08261,361584.0,29877.61485
2026-09-15 11:25:00,0.08262,0.08264,0.08261,0.08263,52137.0,4307.76606
2026-09-15 11:26:00,0.08263,0.08264,0.08263,0.08264,20412.0,1686.68494
2026-09-15 11:27:00,0.08264,0.08264,0.08261,0.08261,80142.0,6621.01199
2026-09-15 11:28:00,0.08261,0.08263,0.08254,0.08256,494140.0,40802.05426
2026-09-15 11:29:00,0.08255,0.08256,0.08252,0.08253,198021.0,16342.47658
2026-09-15 11:30:00,0.08253,0.08256,0.08252,0.08254,208500.0,17207.76086
2026-09-15 11:31:00,0.08254,0.08254,0.08248,0.08252,307446.0,25366.82289
2026-09-15 11:32:00,0.08252,0.08252,0.08247,0.08247,161885.0,13355.23672
2026-09-15 11:33:00,0.08248,0.08248,0.08241,0.08242,131541.0,10845.9347
2026-09-15 11:34:00,0.08242,0.08242,0.08237,0.0824,336685.0,27739.14682
2026-09-15 11:35:00,0.08241,0.08244,0.0824,0.0824,272795.0,22484.56936
2026-09-15 11:36:00,0.0824,0.08241,0.08238,0.08239,87343.0,7196.32344
2026-09-15 11:37:00,0.08238,0.0824,0.08235,0.08236,214610.0,17678.38608
2026-09-15 11:38:00,0.08236,0.08236,0.08228,0.08232,576290.0,47434.23315
2026-09-15 11:39:00,0.08231,0.08253,0.0823,0.08249,3160811.0,260416.89132
2026-09-15 11:40:00,0.08249,0.0825,0.08241,0.08241,160068.0,13201.67464
2026-09-15 11:41:00,0.0824,0.08248,0.08239,0.08244,480770.0,39635.65498
2026-09-15 11:42:00,0.08244,0.08247,0.08243,0.08247,77713.0,6407.23671
2026-09-15 11:43:00,0.08246,0.08253,0.08246,0.0825,742169.0,61237.99483
2026-09-15 11:44:00,0.08249,0.08249,0.08246,0.08249,134728.0,11111.30782
2026-09-15 11:45:00,0.08248,0.08249,0.08246,0.08248,82927.0,6839.21098
2026-09-15 11:46:00,0.08247,0.08248,0.0824,0.08241,961817.0,79275.54872
2026-09-15 11:47:00,0.0824,0.08242,0.08239,0.0824,51502.0,4243.64452
2026-09-15 11:48:00,0.0824,0.0824,0.08238,0.08239,77488.0,6383.54991
2026-09-15 11:49:00,0.08239,0.0824,0.08237,0.08239,46143.0,3801.70861
2026-09-15 11:50:00,0.0824,0.08243,0.08239,0.08241,159862.0,13174.90714
2026-09-15 11:51:00,0.08242,0.08249,0.08241,0.08248,258329.0,21304.7569
2026-09-15 11:52:00,0.08248,0.08249,0.08246,0.08249,114729.0,9462.0693
2026-09-15 11:53:00,0.08249,0.08251,0.08247,0.08247,12807.0,1056.39381
2026-09-15 11:54:00,0.08248,0.08248,0.08244,0.08245,81041.0,6682.3888
2026-09-15 11:55:00,0.08245,0.08247,0.08244,0.08247,117090.0,9654.21961
2026-09-15 11:56:00,0.08248,0.08249,0.08246,0.08248,192955.0,15913.98262
2026-09-15 11:57:00,0.08248,0.08251,0.08247,0.08251,102759.0,8476.07367
2026-09-15 11:58:00,0.08252,0.08256,0.08251,0.08252,138604.0,11440.36707
2026-09-15 11:59:00,0.08251,0.08252,0.08251,0.08251,70881.0,5848.46669
2026-09-15 12:00:00,0.08251,0.08255,0.0825,0.08255,32792.0,2706.59268
2026-09-15 12:01:00,0.08255,0.08255,0.0825,0.08251,160957.0,13285.04267
2026-09-15 12:02:00,0.08251,0.08251,0.08247,0.08249,56704.0,4677.33475
2026-09-15 12:03:00,0.08248,0.08251,0.08247,0.0825,33910.0,2797.06734
2026-09-15 12:04:00,0.08249,0.08258,0.08249,0.08258,70670.0,5834.62233
2026-09-15 12:05:00,0.08258,0.08259,0.0825,0.08253,1545988.0,127630.95515
2026-09-15 12:06:00,0.08253,0.08254,0.08252,0.08253,124089.0,10240.66338
2026-09-15 12:07:00,0.08253,0.08255,0.08252,0.08254,32348.0,2669.79984
2026-09-15 12:08:00,0.08255,0.08257,0.08254,0.08256,94538.0,7805.49654
2026-09-15 12:09:00,0.08256,0.08256,0.08251,0.08252,55287.0,4562.54886
2026-09-15 12:10:00,0.08251,0.08263,0.0825,0.0826,890084.0,73495.86333
2026-09-15 12:11:00,0.0826,0.08265,0.0826,0.08262,36482.0,3014.21281
2026-09-15 12:12:00,0.08263,0.08265,0.08263,0.08265,25966.0,2146.05326
2026-09-15 12:13:00,0.08265,0.08268,0.08263,0.08263,120277.0,9942.80738
2026-09-15 12:14:00,0.08263,0.08264,0.08262,0.08264,183714.0,15179.9322
2026-09-15 12:15:00,0.08264,0.08264,0.08257,0.08259,1480239.0,122268.61263
2026-09-15 12:16:00,0.08259,0.08267,0.08259,0.08267,126393.0,10441.46372
2026-09-15 12:17:00,0.08267,0.0827,0.08267,0.0827,318388.0,26325.11979
2026-09-15 12:18:00,0.08271,0.08272,0.08269,0.08269,158732.0,13128.58487
2026-09-15 12:19:00,0.0827,0.0827,0.08267,0.08268,306902.0,25374.95253
2026-09-15 12:20:00,0.08268,0.08269,0.08264,0.08265,140119.0,11582.51595
2026-09-15 12:21:00,0.08264,0.08277,0.08264,0.0827,1801736.0,149023.24872
2026-09-15 12:22:00,0.0827,0.08275,0.0827,0.08275,76448.0,6324.50668
2026-09-15 12:23:00,0.08275,0.08276,0.08274,0.08274,76525.0,6332.66865
2026-09-15 12:24:00,0.08274,0.08274,0.08269,0.0827,31471.0,2603.32018
2026-09-15 12:25:00,0.08271,0.08274,0.0827,0.08274,155504.0,12864.14829
2026-09-15 12:26:00,0.08274,0.08278,0.08273,0.08277,197445.0,16337.53163
2026-09-15 12:27:00,0.08278,0.08282,0.08271,0.08273,1111548.0,91994.78131
2026-09-15 12:28:00,0.08272,0.08273,0.08268,0.08269,158358.0,13096.00193
2026-09-15 12:29:00,0.08269,0.08274,0.08268,0.08274,49000.0,4052.81758
2026-09-15 12:30:00,0.08273,0.08274,0.0827,0.08271,31128.0,2575.22501
2026-09-15 12:31:00,0.0827,0.0827,0.08266,0.08266,128723.0,10643.0409
2026-09-15 12:32:00,0.08266,0.08266,0.08261,0.08262,195032.0,16113.90482
2026-09-15 12:33:00,0.08262,0.0827,0.08258,0.08266,1523405.0,125885.80446
2026-09-15 12:34:00,0.08267,0.08278,0.08266,0.08274,366923.0,30349.94847
2026-09-15 12:35:00,0.08273,0.08274,0.08265,0.08269,362790.0,29994.74422
2026-09-15 12:36:00,0.08269,0.08274,0.08268,0.0827,464624.0,38431.11252
2026-09-15 12:37:00,0.0827,0.08271,0.08269,0.08271,234085.0,19360.44811
2026-09-15 12:38:00,0.08271,0.08273,0.0827,0.08271,152883.0,12645.0218
2026-09-15 12:39:00,0.0827,0.08274,0.0827,0.08273,124109.0,10266.53627
2026-09-15 12:40:00,0.08272,0.08273,0.0827,0.08271,15110.0,1249.79882
2026-09-15 12:41:00,0.08271,0.08271,0.08263,0.08264,568905.0,47024.2026
2026-09-15 12:42:00,0.08265,0.08268,0.08263,0.08267,263309.0,21765.51345
2026-09-15 12:43:00,0.08267,0.08267,0.0826,0.08264,842399.0,69605.85969
2026-09-15 12:44:00,0.08264,0.08267,0.08264,0.08267,196109.0,16211.58818
2026-09-15 12:45:00,0.08266,0.08268,0.08263,0.08266,145767.0,12047.92002
2026-09-15 12:46:00,0.08266,0.0827,0.08265,0.0827,676712.0,55946.91634
2026-09-15 12:47:00,0.08271,0.08272,0.08269,0.08271,115395.0,9544.53415
2026-09-15 12:48:00,0.08271,0.0828,0.0827,0.0828,307325.0,25425.67913
2026-09-15 12:49:00,0.0828,0.08288,0.08279,0.08282,174634.0,14464.90353
2026-09-15 12:50:00,0.08281,0.0829,0.08281,0.08287,266933.0,22117.26328
2026-09-15 12:51:00,0.08287,0.08292,0.08287,0.08292,112366.0,9315.69585
2026-09-15 12:52:00,0.08293,0.08294,0.08289,0.08294,262335.0,21749.15775
2026-09-15 12:53:00,0.08294,0.08297,0.08292,0.08295,283762.0,23536.76858
2026-09-15 12:54:00,0.08295,0.08305,0.08295,0.08301,805043.0,66823.96425
2026-09-15 12:55:00,0.08301,0.08304,0.08294,0.08296,908722.0,75399.06542
2026-09-15 12:56:00,0.08296,0.08298,0.08292,0.08292,249193.0,20672.08092
2026-09-15 12:57:00,0.08292,0.08292,0.08281,0.08281,172160.0,14264.43799
2026-09-15 12:58:00,0.08282,0.08282,0.08275,0.08277,246075.0,20370.65662
2026-09-15 12:59:00,0.08277,0.08287,0.08277,0.08283,102838.0,8518.16245
2026-09-15 13:00:00,0.08283,0.08294,0.08281,0.08292,182848.0,15157.07733
2026-09-15 13:01:00,0.08291,0.08293,0.08287,0.08288,153543.0,12729.11764
2026-09-15 13:02:00,0.08288,0.08291,0.08284,0.08291,837480.0,69398.12176
2026-09-15 13:03:00,0.0829,0.08295,0.0829,0.08295,249401.0,20683.4601
2026-09-15 13:04:00,0.08295,0.08314,0.08295,0.08308,1632534.0,135635.76912
2026-09-15 13:05:00,0.08309,0.08331,0.08309,0.0833,431180.0,35891.10078
2026-09-15 13:06:00,0.0833,0.08338,0.08327,0.08334,744223.0,62021.12843
2026-09-15 13:07:00,0.08334,0.08341,0.08314,0.08315,868896.0,72307.22864
2026-09-15 13:08:00,0.08315,0.08324,0.08314,0.0832,1097395.0,91300.64003
2026-09-15 13:09:00,0.08319,0.08322,0.08317,0.08319,74275.0,6179.39869
2026-09-15 13:10:00,0.08319,0.0832,0.08314,0.08314,221233.0,18403.9068
2026-09-15 13:11:00,0.08314,0.08318,0.08314,0.08317,140158.0,11654.42208
2026-09-15 13:12:00,0.08317,0.0832,0.08309,0.0831,1123210.0,93365.36373
2026-09-15 13:13:00,0.0831,0.0831,0.08303,0.08304,652171.0,54169.84922
2026-09-15 13:14:00,0.08304,0.08304,0.08298,0.08304,228854.0,18996.01242
2026-09-15 13:15:00,0.08304,0.08305,0.08297,0.08298,272004.0,22580.63879
2026-09-15 13:16:00,0.08299,0.08303,0.08299,0.08301,188015.0,15608.60715
2026-09-15 13:17:00,0.08302,0.08306,0.083,0.08303,144346.0,11985.70474
2026-09-15 13:18:00,0.08304,0.08304,0.08292,0.08293,285630.0,23698.91587
2026-09-15 13:19:00,0.08293,0.08301,0.08293,0.083,152850.0,12683.90212
2026-09-15 13:20:00,0.08301,0.08303,0.08299,0.08299,51283.0,4256.98809
2026-09-15 13:21:00,0.08299,0.08303,0.08297,0.08301,166523.0,13822.2074
2026-09-15 13:22:00,0.08301,0.08304,0.08297,0.08301,190168.0,15787.12719
2026-09-15 13:23:00,0.08301,0.08304,0.08299,0.08302,164883.0,13686.76493
2026-09-15 13:24:00,0.08302,0.08306,0.08302,0.08304,217318.0,18047.93869
2026-09-15 13:25:00,0.08303,0.08311,0.083,0.08309,201783.0,16764.98209
2026-09-15 13:26:00,0.08309,0.0831,0.08302,0.08304,40381.0,3354.66995
2026-09-15 13:27:00,0.08304,0.08307,0.08302,0.08304,646705.0,53709.0969
2026-09-15 13:28:00,0.08304,0.08311,0.08304,0.08311,121265.0,10072.36835
2026-09-15 13:29:00,0.0831,0.08311,0.08305,0.08305,620073.0,51523.14334
2026-09-15 13:30:00,0.08305,0.08306,0.08285,0.08285,234192.0,19418.57425
2026-09-15 13:31:00,0.08286,0.083,0.08276,0.08284,1049359.0,86958.94343
2026-09-15 13:32:00,0.08285,0.08297,0.08277,0.08283,1206976.0,99998.5572
2026-09-15 13:33:00,0.08284,0.08286,0.08272,0.08279,540490.0,44745.16777
2026-09-15 13:34:00,0.08279,0.08283,0.08275,0.08279,339164.0,28080.22819
2026-09-15 13:35:00,0.0828,0.08281,0.08254,0.08273,1492829.0,123347.59614
2026-09-15 13:36:00,0.08273,0.08276,0.08258,0.08259,712741.0,58939.2372
2026-09-15 13:37:00,0.08259,0.08261,0.08243,0.08254,977318.0,80671.74522
2026-09-15 13:38:00,0.08254,0.08254,0.08231,0.08235,1924938.0,158608.68691
2026-09-15 13:39:00,0.08235,0.08236,0.082,0.0823,3547249.0,291362.03982
2026-09-15 13:40:00,0.0823,0.08272,0.08223,0.08262,1252836.0,103371.28169
2026-09-15 13:41:00,0.08262,0.08262,0.08246,0.08255,363741.0,30014.60758
2026-09-15 13:42:00,0.08254,0.08257,0.08244,0.08247,278266.0,22954.56808
2026-09-15 13:43:00,0.08246,0.08254,0.08237,0.08251,265015.0,21848.2259
2026-09-15 13:44:00,0.08251,0.08265,0.08249,0.08256,354918.0,29309.12501
2026-09-15 13:45:00,0.08257,0.08265,0.08237,0.0824,462565.0,38141.33734
2026-09-15 13:46:00,0.0824,0.0825,0.08238,0.08245,434037.0,35770.44527
2026-09-15 13:47:00,0.08245,0.08252,0.08241,0.08244,208427.0,17192.30357
2026-09-15 13:48:00,0.08245,0.08252,0.08242,0.08252,525891.0,43361.73152
2026-09-15 13:49:00,0.08251,0.08257,0.08249,0.08251,320652.0,26464.89535
2026-09-15 13:50:00,0.0825,0.0825,0.08231,0.08231,74115.0,6107.20905
2026-09-15 13:51:00,0.0823,0.08237,0.08228,0.08229,1233226.0,101503.91143
2026-09-15 13:52:00,0.08229,0.08243,0.08227,0.08238,344514.0,28372.61693
2026-09-15 13:53:00,0.08239,0.08246,0.08236,0.08246,364445.0,30033.20454
2026-09-15 13:54:00,0.08246,0.08248,0.08237,0.08247,319349.0,26324.00014
2026-09-15 13:55:00,0.08247,0.08258,0.08246,0.08256,123151.0,10164.24811
2026-09-15 13:56:00,0.08257,0.08267,0.08256,0.08267,104885.0,8665.40691
2026-09-15 13:57:00,0.08267,0.08279,0.08266,0.08272,596180.0,49325.01743
2026-09-15 13:58:00,0.08273,0.08278,0.08268,0.0827,117458.0,9717.3086
2026-09-15 13:59:00,0.08271,0.08284,0.08271,0.08283,161499.0,13366.61162
2026-09-15 14:00:00,0.08283,0.08296,0.08281,0.08285,619215.0,51332.51177
2026-09-15 14:01:00,0.08285,0.08285,0.08273,0.08276,474983.0,39317.2162
2026-09-15 14:02:00,0.08275,0.08281,0.08266,0.08266,198420.0,16421.40303
2026-09-15 14:03:00,0.08266,0.0828,0.08266,0.08273,321777.0,26616.23249
2026-09-15 14:04:00,0.08274,0.08283,0.08259,0.08259,315554.0,26099.18672
2026-09-15 14:05:00,0.08259,0.0826,0.08248,0.08253,547773.0,45202.79515
2026-09-15 14:06:00,0.08253,0.08264,0.08253,0.08257,138705.0,11455.35519
2026-09-15 14:07:00,0.08256,0.08259,0.08253,0.08255,75786.0,6256.13001
2026-09-15 14:08:00,0.08255,0.08263,0.08251,0.08263,63681.0,5257.98258
2026-09-15 14:09:00,0.08263,0.08279,0.08263,0.08279,71733.0,5934.01405
2026-09-15 14:10:00,0.08279,0.08287,0.08276,0.08277,420531.0,34818.03023
2026-09-15 14:11:00,0.08278,0.0828,0.08271,0.08271,360311.0,29822.48871
2026-09-15 14:12:00,0.0827,0.08273,0.08268,0.08269,136419.0,11280.57706
2026-09-15 14:13:00,0.08269,0.0827,0.08266,0.08269,119957.0,9918.03061
2026-09-15 14:14:00,0.0827,0.0827,0.08263,0.08264,58021.0,4796.10535
2026-09-15 14:15:00,0.08264,0.08275,0.08264,0.08275,926502.0,76621.94062
2026-09-15 14:16:00,0.08275,0.08276,0.08259,0.0826,197206.0,16311.33456
2026-09-15 14:17:00,0.08261,0.08267,0.08257,0.08265,180960.0,14948.42142
2026-09-15 14:18:00,0.08265,0.08265,0.08261,0.08262,81456.0,6730.05048
2026-09-15 14:19:00,0.08263,0.08274,0.08263,0.08272,262831.0,21732.10522
2026-09-15 14:20:00,0.08273,0.08278,0.08268,0.08278,124763.0,10320.57479
2026-09-15 14:21:00,0.08278,0.08282,0.08274,0.08282,161828.0,13398.37108
2026-09-15 14:22:00,0.08282,0.08282,0.08269,0.08269,393666.0,32588.11431
2026-09-15 14:23:00,0.08268,0.08268,0.08254,0.08263,342905.0,28321.12517
2026-09-15 14:24:00,0.08262,0.08275,0.08262,0.08271,269470.0,22281.16105
2026-09-15 14:25:00,0.08271,0.08271,0.08264,0.08268,279223.0,23086.1016
2026-09-15 14:26:00,0.08268,0.08271,0.08267,0.08268,80777.0,6678.92609
2026-09-15 14:27:00,0.08267,0.08271,0.08267,0.08271,123647.0,10223.37256
2026-09-15 14:28:00,0.08271,0.08271,0.08265,0.08266,130925.0,10825.03838
2026-09-15 14:29:00,0.08265,0.08265,0.08251,0.08252,105371.0,8701.55605
2026-09-15 14:30:00,0.08252,0.08252,0.08241,0.08242,217859.0,17968.33445
2026-09-15 14:31:00,0.08242,0.08247,0.08232,0.08241,4272222.0,351911.06597
2026-09-15 14:32:00,0.0824,0.0824,0.08225,0.08229,670251.0,55176.93395
2026-09-15 14:33:00,0.08229,0.08233,0.08226,0.0823,185830.0,15292.60406
2026-09-15 14:34:00,0.08229,0.0823,0.08224,0.08225,438348.0,36060.0858
2026-09-15 14:35:00,0.08226,0.08229,0.08201,0.08218,3459528.0,284238.83725
2026-09-15 14:36:00,0.08218,0.08218,0.08202,0.08214,545106.0,44751.07182
2026-09-15 14:37:00,0.08215,0.08218,0.08205,0.08211,4284616.0,351964.88486
2026-09-15 14:38:00,0.08211,0.08211,0.08168,0.08175,10885261.0,891449.66952
2026-09-15 14:39:00,0.08175,0.08181,0.08146,0.08166,8779174.0,716857.87886
2026-09-15 14:40:00,0.08166,0.08166,0.08132,0.0814,4337924.0,353310.01194
2026-09-15 14:41:00,0.08141,0.08143,0.08132,0.08138,4985225.0,405710.44399
2026-09-15 14:42:00,0.08138,0.08156,0.08133,0.08141,12030949.0,979675.6564
2026-09-15 14:43:00,0.08141,0.08145,0.08136,0.08144,4505514.0,366750.22476
2026-09-15 14:44:00,0.08143,0.08154,0.0814,0.08147,1602309.0,130515.88059
2026-09-15 14:45:00,0.08147,0.08152,0.08123,0.08125,1717747.0,139761.50282
2026-09-15 14:46:00,0.08125,0.08138,0.08118,0.08119,1856163.0,150808.1828
2026-09-15 14:47:00,0.08119,0.08127,0.08114,0.0812,1843744.0,149732.76694
2026-09-15 14:48:00,0.0812,0.08129,0.08108,0.08119,3802437.0,308569.63863
2026-09-15 14:49:00,0.08119,0.08124,0.08113,0.08115,2084407.0,169223.08957
2026-09-15 14:50:00,0.08115,0.08117,0.081,0.08109,2831656.0,229516.14008
2026-09-15 14:51:00,0.08109,0.08114,0.08055,0.08062,7721265.0,624670.59439
2026-09-15 14:52:00,0.08062,0.08086,0.08053,0.08084,7592895.0,611964.98149
2026-09-15 14:53:00,0.08085,0.08106,0.08071,0.081,2555937.0,206923.33638
2026-09-15 14:54:00,0.081,0.08122,0.081,0.08113,6896118.0,559401.54836
2026-09-15 14:55:00,0.08113,0.08125,0.08102,0.08105,1183478.0,95994.99546
2026-09-15 14:56:00,0.08106,0.08106,0.08099,0.08106,1174160.0,95119.14061
2026-09-15 14:57:00,0.08107,0.08128,0.08107,0.08127,1132891.0,92003.26552
2026-09-15 14:58:00,0.08126,0.08133,0.08118,0.08132,504579.0,41008.57532
2026-09-15 14:59:00,0.08131,0.08131,0.08125,0.08129,190896.0,15514.11101
2026-09-15 15:00:00,0.08128,0.08145,0.08113,0.08114,2094263.0,170148.84936
2026-09-15 15:01:00,0.08115,0.08139,0.08112,0.08138,769891.0,62549.89391
2026-09-15 15:02:00,0.08138,0.08138,0.08119,0.08127,793014.0,64455.77385
2026-09-15 15:03:00,0.08128,0.08145,0.08127,0.08145,313283.0,25482.58678
2026-09-15 15:04:00,0.08145,0.08163,0.08145,0.08163,1485846.0,121153.66947
2026-09-15 15:05:00,0.08163,0.08171,0.08158,0.08162,987837.0,80670.58722
2026-09-15 15:06:00,0.08161,0.08183,0.08158,0.08178,841706.0,68800.52045
2026-09-15 15:07:00,0.08179,0.08181,0.08172,0.08177,319401.0,26115.60584
2026-09-15 15:08:00,0.08178,0.0818,0.08169,0.08176,309852.0,25323.99982
2026-09-15 15:09:00,0.08176,0.08178,0.08169,0.08174,174344.0,14247.83302
2026-09-15 15:10:00,0.08173,0.08174,0.08167,0.08167,279296.0,22815.8867
2026-09-15 15:11:00,0.08168,0.08172,0.08164,0.08166,472833.0,38625.38812
2026-09-15 15:12:00,0.08167,0.08168,0.08161,0.08166,249923.0,20402.61927
2026-09-15 15:13:00,0.08167,0.08169,0.08164,0.08165,156390.0,12773.07834
2026-09-15 15:14:00,0.08166,0.08171,0.08163,0.0817,176919.0,14450.67335
2026-09-15 15:15:00,0.08169,0.08175,0.08166,0.08166,198788.0,16241.54468
2026-09-15 15:16:00,0.08165,0.08175,0.08161,0.08166,191955.0,15676.58743
2026-09-15 15:17:00,0.08167,0.08177,0.08167,0.08177,257017.0,21011.19232
2026-09-15 15:18:00,0.08176,0.08177,0.0817,0.08176,282026.0,23054.30109
2026-09-15 15:19:00,0.08176,0.08179,0.0817,0.0817,270012.0,22073.11361
2026-09-15 15:20:00,0.0817,0.08174,0.08169,0.08174,109503.0,8948.86028
2026-09-15 15:21:00,0.08175,0.08176,0.0817,0.0817,150157.0,12272.78593
2026-09-15 15:22:00,0.0817,0.08182,0.0817,0.08175,1034083.0,84549.18365
2026-09-15 15:23:00,0.08175,0.08182,0.08175,0.08182,29432.0,2407.76868
2026-09-15 15:24:00,0.08182,0.08205,0.08181,0.082,470018.0,38528.04613
2026-09-15 15:25:00,0.08201,0.08217,0.08201,0.08212,861380.0,70687.18747
2026-09-15 15:26:00,0.08211,0.08213,0.08191,0.08193,2666018.0,218676.86555
2026-09-15 15:27:00,0.08193,0.08201,0.08193,0.08195,778748.0,63833.98858
2026-09-15 15:28:00,0.08196,0.08206,0.08196,0.08201,191239.0,15684.35338
2026-09-15 15:29:00,0.082,0.08204,0.08197,0.08197,175763.0,14414.69205
2026-09-15 15:30:00,0.08197,0.08198,0.08183,0.08192,1004055.0,82224.3267
2026-09-15 15:31:00,0.08191,0.08192,0.08182,0.08183,2644387.0,216561.77844
2026-09-15 15:32:00,0.08183,0.08186,0.08176,0.08182,608355.0,49767.14326
2026-09-15 15:33:00,0.08181,0.08192,0.08181,0.08188,263324.0,21559.42829
2026-09-15 15:34:00,0.08188,0.08192,0.0818,0.08192,102384.0,8379.14035
2026-09-15 15:35:00,0.08192,0.08192,0.08187,0.08188,193666.0,15859.86572
2026-09-15 15:36:00,0.08189,0.08193,0.08188,0.08193,745461.0,61057.63625
2026-09-15 15:37:00,0.08193,0.08193,0.08173,0.08173,2743556.0,224426.0405
2026-09-15 15:38:00,0.08173,0.08184,0.08173,0.0818,689707.0,56391.68713
2026-09-15 15:39:00,0.08179,0.08185,0.08179,0.08182,50015.0,4092.28543
2026-09-15 15:40:00,0.08183,0.08184,0.08179,0.0818,159997.0,13090.27394
2026-09-15 15:41:00,0.08181,0.08183,0.08177,0.08178,68455.0,5599.41604
2026-09-15 15:42:00,0.08178,0.08185,0.08173,0.08182,1921287.0,157170.39053
2026-09-15 15:43:00,0.08182,0.08186,0.0818,0.08184,259513.0,21235.63991
2026-09-15 15:44:00,0.08183,0.08186,0.08181,0.08182,93822.0,7677.61681
2026-09-15 15:45:00,0.08182,0.08184,0.08181,0.08182,65311.0,5344.10528
2026-09-15 15:46:00,0.08183,0.08183,0.08178,0.0818,238391.0,19499.23321
2026-09-15 15:47:00,0.08181,0.08183,0.08173,0.08173,685250.0,56034.84828
2026-09-15 15:48:00,0.08174,0.0818,0.08174,0.08179,1721614.0,140766.41007
2026-09-15 15:49:00,0.08179,0.08181,0.08163,0.08169,1733078.0,141607.79762
2026-09-15 15:50:00,0.08168,0.08188,0.08166,0.08188,804561.0,65786.05195
2026-09-15 15:51:00,0.08188,0.08188,0.08171,0.08175,646934.0,52902.67949
2026-09-15 15:52:00,0.08175,0.08184,0.08171,0.08171,337176.0,27570.18984
2026-09-15 15:53:00,0.08171,0.08178,0.08171,0.08173,91114.0,7447.86707
2026-09-15 15:54:00,0.08173,0.08173,0.08152,0.08153,1214209.0,99106.96432
2026-09-15 15:55:00,0.08154,0.08177,0.08154,0.08177,2150536.0,175526.44181
2026-09-15 15:56:00,0.08178,0.08178,0.08164,0.08166,317088.0,25901.92797
2026-09-15 15:57:00,0.08167,0.08176,0.08167,0.0817,227191.0,18566.48908
2026-09-15 15:58:00,0.08171,0.08175,0.08167,0.08168,552307.0,45126.10453
2026-09-15 15:59:00,0.08168,0.08171,0.08167,0.08169,194791.0,15913.64932
2026-09-15 16:00:00,0.08168,0.08171,0.08158,0.08159,336766.0,27495.39323
2026-09-15 16:01:00,0.0816,0.08171,0.0816,0.08166,113183.0,9243.25406
2026-09-15 16:02:00,0.08166,0.08171,0.08162,0.08165,602520.0,49209.328
2026-09-15 16:03:00,0.08165,0.08165,0.08144,0.08153,2745819.0,223783.92282
2026-09-15 16:04:00,0.08153,0.08155,0.08145,0.08151,565357.0,46071.93678
2026-09-15 16:05:00,0.08151,0.08154,0.08146,0.08149,261537.0,21314.98869
2026-09-15 16:06:00,0.08149,0.08157,0.08148,0.08153,353541.0,28825.35157
2026-09-15 16:07:00,0.08154,0.08156,0.08145,0.08145,266909.0,21763.15374
2026-09-15 16:08:00,0.08145,0.08147,0.08144,0.08144,66294.0,5399.86367
2026-09-15 16:09:00,0.08144,0.08145,0.08132,0.08133,1162382.0,94566.75587
2026-09-15 16:10:00,0.08132,0.08144,0.08132,0.08137,196605.0,16000.79692
2026-09-15 16:11:00,0.08138,0.08145,0.08138,0.08144,57571.0,4687.64321
2026-09-15 16:12:00,0.08144,0.08144,0.0813,0.08131,188471.0,15333.15803
2026-09-15 16:13:00,0.08132,0.08136,0.08131,0.08134,224959.0,18299.52334
2026-09-15 16:14:00,0.08135,0.08136,0.08131,0.08133,2034718.0,165505.04498
2026-09-15 16:15:00,0.08133,0.08139,0.08133,0.08139,298397.0,24274.53718
2026-09-15 16:16:00,0.08139,0.08146,0.08139,0.08143,338679.0,27578.05082
2026-09-15 16:17:00,0.08144,0.08153,0.08143,0.08153,63668.0,5186.9264
2026-09-15 16:18:00,0.08153,0.08165,0.08153,0.08164,304340.0,24826.71515
2026-09-15 16:19:00,0.08164,0.08164,0.08154,0.08156,157703.0,12866.45983
2026-09-15 16:20:00,0.08157,0.08163,0.08155,0.08161,113250.0,9241.50709
2026-09-15 16:21:00,0.08162,0.08172,0.08162,0.08169,210892.0,17228.81581
2026-09-15 16:22:00,0.08169,0.08173,0.08168,0.08172,144693.0,11823.18646
2026-09-15 16:23:00,0.08172,0.08179,0.08171,0.08174,40993.0,3351.47134
2026-09-15 16:24:00,0.08174,0.08179,0.0817,0.0817,161472.0,13200.15391
2026-09-15 16:25:00,0.08169,0.08172,0.08161,0.08162,77707.0,6345.56446
2026-09-15 16:26:00,0.08162,0.08175,0.08161,0.08175,747753.0,61065.55151
2026-09-15 16:27:00,0.08174,0.08176,0.0817,0.0817,327102.0,26735.16126
2026-09-15 16:28:00,0.08169,0.08176,0.08168,0.08176,33910.0,2770.55049
2026-09-15 16:29:00,0.08176,0.08177,0.08174,0.08176,247063.0,20195.83994
2026-09-15 16:30:00,0.08175,0.08177,0.08166,0.08168,1187766.0,97057.42664
2026-09-15 16:31:00,0.08167,0.08168,0.08157,0.0816,216802.0,17696.64413
2026-09-15 16:32:00,0.0816,0.08169,0.08158,0.08168,140330.0,11457.22565
2026-09-15 16:33:00,0.08167,0.08168,0.08164,0.08167,126268.0,10311.60068
2026-09-15 16:34:00,0.08167,0.08167,0.08159,0.0816,216945.0,17707.86937
2026-09-15 16:35:00,0.0816,0.08165,0.08157,0.08164,79787.0,6511.7004
2026-09-15 16:36:00,0.08164,0.08169,0.08164,0.08167,41686.0,3404.72676
2026-09-15 16:37:00,0.08167,0.08168,0.08162,0.08166,100435.0,8201.52816
2026-09-15 16:38:00,0.08167,0.08167,0.0816,0.08161,19092.0,1558.54535
2026-09-15 16:39:00,0.0816,0.0816,0.08157,0.0816,48778.0,3979.41984
2026-09-15 16:40:00,0.08159,0.0816,0.08157,0.08159,166982.0,13623.10655
2026-09-15 16:41:00,0.08159,0.08159,0.08153,0.08156,351717.0,28686.82738
2026-09-15 16:42:00,0.08157,0.0816,0.08157,0.08158,57324.0,4676.58587
2026-09-15 16:43:00,0.08157,0.0816,0.08157,0.0816,106789.0,8712.25863
2026-09-15 16:44:00,0.0816,0.08161,0.08158,0.08161,42297.0,3451.4126
2026-09-15 16:45:00,0.08161,0.08167,0.0816,0.08166,58809.0,4801.50285
2026-09-15 16:46:00,0.08165,0.08173,0.08165,0.08171,174456.0,14254.26789
2026-09-15 16:47:00,0.0817,0.08172,0.08167,0.08167,82763.0,6761.45033
2026-09-15 16:48:00,0.08166,0.08167,0.0816,0.08162,92161.0,7523.44288
2026-09-15 16:49:00,0.08161,0.08166,0.08161,0.08166,182028.0,14859.02757
2026-09-15 16:50:00,0.08165,0.08171,0.08165,0.08171,175885.0,14366.95664
2026-09-15 16:51:00,0.08171,0.08174,0.08169,0.08173,123003.0,10052.10969
2026-09-15 16:52:00,0.08173,0.0818,0.08173,0.08179,42005.0,3434.68996
2026-09-15 16:53:00,0.0818,0.08184,0.0817,0.08171,352877.0,28862.51318
2026-09-15 16:54:00,0.08171,0.08179,0.08168,0.08178,1031796.0,84331.06225
2026-09-15 16:55:00,0.08178,0.08178,0.08174,0.08174,103765.0,8483.78723
2026-09-15 16:56:00,0.08174,0.08178,0.0817,0.08171,259047.0,21174.89341
2026-09-15 16:57:00,0.0817,0.08172,0.08168,0.08172,112808.0,9215.61593
2026-09-15 16:58:00,0.08172,0.08173,0.08168,0.08171,608622.0,49726.88184
2026-09-15 16:59:00,0.08171,0.08172,0.08158,0.08162,1371789.0,112001.49399
2026-09-15 17:00:00,0.08161,0.08162,0.08157,0.0816,238267.0,19441.19475
2026-09-15 17:01:00,0.08159,0.08164,0.08159,0.08161,125827.0,10267.76511
2026-09-15 17:02:00,0.08161,0.08163,0.08152,0.08153,410264.0,33473.79354
2026-09-15 17:03:00,0.08152,0.08155,0.08147,0.08154,454189.0,37022.01783
2026-09-15 17:04:00,0.08153,0.08153,0.08143,0.08144,114907.0,9359.67141
2026-09-15 17:05:00,0.08143,0.08151,0.08138,0.08146,1424108.0,115991.70542
2026-09-15 17:06:00,0.08147,0.08147,0.0814,0.0814,141343.0,11509.41803
2026-09-15 17:07:00,0.0814,0.08141,0.08132,0.08133,162757.0,13244.57967
2026-09-15 17:08:00,0.08134,0.08134,0.08123,0.08126,343487.0,27916.99833
2026-09-15 17:09:00,0.08126,0.08126,0.08122,0.08125,97987.0,7960.4409
2026-09-15 17:10:00,0.08124,0.0813,0.08124,0.0813,190653.0,15497.21059
2026-09-15 17:11:00,0.0813,0.08134,0.08127,0.08128,69051.0,5614.76234
2026-09-15 17:12:00,0.08129,0.08132,0.08127,0.08129,158581.0,12892.53785
2026-09-15 17:13:00,0.08129,0.08134,0.08128,0.08133,211797.0,17220.5082
2026-09-15 17:14:00,0.08134,0.08136,0.0813,0.08134,287660.0,23395.00473
2026-09-15 17:15:00,0.08133,0.08134,0.08129,0.08129,31948.0,2598.23474
2026-09-15 17:16:00,0.0813,0.08135,0.08128,0.08135,156505.0,12724.1285
2026-09-15 17:17:00,0.08134,0.08138,0.08133,0.08133,42805.0,3482.43511
2026-09-15 17:18:00,0.08134,0.08135,0.0813,0.08133,188488.0,15329.91534
2026-09-15 17:19:00,0.08132,0.08136,0.08131,0.08135,212786.0,17305.75466
2026-09-15 17:20:00,0.08136,0.08145,0.08135,0.0814,75913.0,6178.97794
2026-09-15 17:21:00,0.08141,0.08142,0.08139,0.0814,104616.0,8515.86397
2026-09-15 17:22:00,0.08139,0.0814,0.08138,0.08139,37220.0,3029.47927
2026-09-15 17:23:00,0.0814,0.08148,0.08138,0.08147,68061.0,5542.14314
2026-09-15 17:24:00,0.08147,0.08147,0.08144,0.08145,325070.0,26478.78456
2026-09-15 17:25:00,0.08144,0.08146,0.08142,0.08144,96780.0,7881.72006
2026-09-15 17:26:00,0.08144,0.08153,0.08143,0.08153,45634.0,3718.67066
2026-09-15 17:27:00,0.08153,0.08156,0.08153,0.08155,24982.0,2037.15458
2026-09-15 17:28:00,0.08155,0.08159,0.08153,0.08158,32679.0,2665.328
2026-09-15 17:29:00,0.08159,0.08159,0.08158,0.08158,33786.0,2756.46856
2026-09-15 17:30:00,0.08157,0.08162,0.08156,0.08159,170777.0,13934.13523
2026-09-15 17:31:00,0.08159,0.08189,0.08158,0.08188,651436.0,53265.4014
2026-09-15 17:32:00,0.08189,0.08195,0.08175,0.08181,944815.0,77355.98186
2026-09-15 17:33:00,0.08181,0.08206,0.08181,0.08205,297999.0,24426.78416
2026-09-15 17:34:00,0.08206,0.08216,0.08199,0.08208,1065501.0,87478.32774
2026-09-15 17:35:00,0.08208,0.08249,0.08207,0.08246,1859478.0,153093.94716
2026-09-15 17:36:00,0.08247,0.08256,0.08222,0.08227,1908150.0,157302.67151
2026-09-15 17:37:00,0.08227,0.08247,0.08226,0.08236,4674614.0,385205.03079
2026-09-15 17:38:00,0.08236,0.08239,0.08212,0.08215,713837.0,58710.92694
2026-09-15 17:39:00,0.08215,0.08215,0.0821,0.08211,111257.0,9136.71292
2026-09-15 17:40:00,0.08211,0.08213,0.08198,0.08211,920507.0,75532.08629
2026-09-15 17:41:00,0.08211,0.08213,0.08206,0.08211,251811.0,20672.70083
2026-09-15 17:42:00,0.0821,0.0821,0.08197,0.08197,349536.0,28672.93451
2026-09-15 17:43:00,0.08197,0.08203,0.0819,0.08194,754100.0,61814.55166
2026-09-15 17:44:00,0.08195,0.08199,0.08194,0.08198,71230.0,5837.96502
2026-09-15 17:45:00,0.08197,0.08212,0.08197,0.0821,347335.0,28506.68986
2026-09-15 17:46:00,0.08209,0.08215,0.08208,0.08214,248046.0,20370.07191
2026-09-15 17:47:00,0.08214,0.08232,0.08213,0.08232,398758.0,32800.53124
2026-09-15 17:48:00,0.08232,0.08237,0.08231,0.08236,114146.0,9397.58588
2026-09-15 17:49:00,0.08235,0.08237,0.08229,0.08231,383097.0,31532.29534
2026-09-15 17:50:00,0.08231,0.08239,0.08226,0.08238,334633.0,27544.53882
2026-09-15 17:51:00,0.08238,0.08241,0.08232,0.08236,192123.0,15820.15923
2026-09-15 17:52:00,0.08235,0.08235,0.08227,0.0823,102475.0,8433.22776
2026-09-15 17:53:00,0.08231,0.08234,0.08224,0.08224,97262.0,8004.17397
2026-09-15 17:54:00,0.08223,0.08228,0.08222,0.08227,55752.0,4584.73832
2026-09-15 17:55:00,0.08227,0.08227,0.08211,0.08211,732628.0,60231.96721
2026-09-15 17:56:00,0.08211,0.08215,0.08208,0.08215,240072.0,19714.42015
2026-09-15 17:57:00,0.08215,0.08217,0.08213,0.08214,119074.0,9781.5914
2026-09-15 17:58:00,0.08214,0.08215,0.08211,0.08213,88404.0,7260.71314
2026-09-15 17:59:00,0.08213,0.08215,0.0821,0.0821,64641.0,5309.52056
2026-09-15 18:00:00,0.0821,0.08212,0.082,0.08205,319972.0,26255.24327
2026-09-15 18:01:00,0.08204,0.08213,0.08202,0.08212,1250523.0,102625.70679
2026-09-15 18:02:00,0.08212,0.08217,0.08211,0.08217,30684.0,2520.59641
2026-09-15 18:03:00,0.08218,0.0822,0.0821,0.08212,267633.0,21982.34243
2026-09-15 18:04:00,0.08212,0.08212,0.08199,0.08202,196547.0,16122.77187
2026-09-15 18:05:00,0.08202,0.08206,0.08195,0.08206,91361.0,7491.50538
2026-09-15 18:06:00,0.08205,0.08218,0.08204,0.08218,253301.0,20801.73432
2026-09-15 18:07:00,0.08217,0.08217,0.08192,0.08196,1623792.0,133258.76749
2026-09-15 18:08:00,0.08196,0.08203,0.08189,0.08201,377713.0,30954.79465
2026-09-15 18:09:00,0.08202,0.08203,0.08197,0.08203,60524.0,4962.64057
2026-09-15 18:10:00,0.08203,0.0821,0.082,0.08201,165817.0,13605.33794
2026-09-15 18:11:00,0.08201,0.08204,0.08199,0.08201,130858.0,10732.32566
2026-09-15 18:12:00,0.082,0.08204,0.08198,0.08201,133556.0,10952.08713
2026-09-15 18:13:00,0.08201,0.08213,0.08197,0.08212,1061979.0,87115.27433
2026-09-15 18:14:00,0.08212,0.08212,0.08203,0.08204,768340.0,63059.09231
2026-09-15 18:15:00,0.08204,0.0821,0.08199,0.08201,137398.0,11274.90414
2026-09-15 18:16:00,0.08202,0.08202,0.08173,0.08173,700393.0,57360.58957
2026-09-15 18:17:00,0.08172,0.08177,0.08162,0.08168,1236383.0,100981.57634
2026-09-15 18:18:00,0.08167,0.08179,0.08158,0.08177,1003808.0,82035.18897
2026-09-15 18:19:00,0.08178,0.08197,0.08175,0.08179,1665220.0,136320.13763
2026-09-15 18:20:00,0.0818,0.08184,0.08174,0.08174,605594.0,49539.87556
2026-09-15 18:21:00,0.08174,0.08183,0.08173,0.08177,3596847.0,294036.52755
2026-09-15 18:22:00,0.08177,0.08181,0.08172,0.08179,389346.0,31826.19947
2026-09-15 18:23:00,0.08179,0.08179,0.08173,0.08173,3343568.0,273272.51106
2026-09-15 18:24:00,0.08173,0.08174,0.08167,0.08171,2209336.0,180567.03734
2026-09-15 18:25:00,0.0817,0.0817,0.08163,0.08163,251678.0,20556.29636
2026-09-15 18:26:00,0.08164,0.08171,0.08162,0.08168,4155194.0,339238.02726
2026-09-15 18:27:00,0.08167,0.08167,0.08162,0.08164,254859.0,20810.42057
2026-09-15 18:28:00,0.08165,0.08184,0.0816,0.08184,2287125.0,186825.43191
2026-09-15 18:29:00,0.08185,0.08246,0.08185,0.08209,4287604.0,352328.27853
2026-09-15 18:30:00,0.08209,0.08211,0.08178,0.08192,540313.0,44286.40361
2026-09-15 18:31:00,0.08192,0.08194,0.08182,0.08193,317823.0,26027.83995
2026-09-15 18:32:00,0.08193,0.08198,0.08188,0.08195,352464.0,28879.87859
2026-09-15 18:33:00,0.08194,0.08194,0.08149,0.08152,1376530.0,112412.89811
2026-09-15 18:34:00,0.08152,0.08199,0.08152,0.08191,1884702.0,154013.16499
2026-09-15 18:35:00,0.08192,0.08197,0.08185,0.08189,712836.0,58391.1578
2026-09-15 18:36:00,0.08189,0.08189,0.08151,0.08156,3934379.0,321384.68375
2026-09-15 18:37:00,0.08155,0.08158,0.08072,0.08146,15640142.0,1267787.00735
2026-09-15 18:38:00,0.08146,0.08162,0.08116,0.08134,3289444.0,267592.40098
2026-09-15 18:39:00,0.08134,0.08145,0.08125,0.08134,2027564.0,164983.05884
2026-09-15 18:40:00,0.08135,0.08137,0.08067,0.0808,5216999.0,422076.90846
2026-09-15 18:41:00,0.0808,0.08095,0.08036,0.08076,6993107.0,563517.83844
2026-09-15 18:42:00,0.08076,0.08082,0.08028,0.08041,4230115.0,340455.21219
2026-09-15 18:43:00,0.08041,0.08066,0.08024,0.08062,2860846.0,230157.36967
2026-09-15 18:44:00,0.08062,0.08066,0.08036,0.08036,1234574.0,99378.87844
2026-09-15 18:45:00,0.08036,0.08039,0.07903,0.07943,36543956.0,2914794.18752
2026-09-15 18:46:00,0.07944,0.07963,0.07877,0.07915,17222788.0,1363034.55633
2026-09-15 18:47:00,0.07915,0.07978,0.07879,0.07943,12755994.0,1011273.12947
2026-09-15 18:48:00,0.07942,0.07942,0.07861,0.07892,7257032.0,573052.23026
2026-09-15 18:49:00,0.07892,0.07902,0.07841,0.0786,9271033.0,729491.24465
2026-09-15 18:50:00,0.0786,0.07929,0.07852,0.07908,9283844.0,731822.05343
2026-09-15 18:51:00,0.07909,0.07944,0.0789,0.07932,4463480.0,353680.25533
2026-09-15 18:52:00,0.07933,0.07995,0.07933,0.07983,5212898.0,415314.45131
2026-09-15 18:53:00,0.07984,0.08028,0.07984,0.08021,3192186.0,255661.78512
2026-09-15 18:54:00,0.08021,0.08049,0.0801,0.08039,1298732.0,104234.36247
2026-09-15 18:55:00,0.08039,0.0808,0.08032,0.08075,1595006.0,128455.07553
2026-09-15 18:56:00,0.08075,0.08087,0.08051,0.08062,1634718.0,131928.34786
2026-09-15 18:57:00,0.08062,0.08075,0.08055,0.08068,1099842.0,88689.63422
2026-09-15 18:58:00,0.08068,0.08083,0.08063,0.0808,946593.0,76432.13097
2026-09-15 18:59:00,0.0808,0.08085,0.08061,0.08082,799236.0,64522.58945
2026-09-15 19:00:00,0.08082,0.08092,0.08059,0.08083,1398462.0,112920.44417
2026-09-15 19:01:00,0.08084,0.08099,0.08051,0.08055,1879621.0,151795.62078
2026-09-15 19:02:00,0.08054,0.08087,0.08046,0.08087,1921967.0,155119.2566
2026-09-15 19:03:00,0.08087,0.08123,0.08087,0.08095,1055674.0,85568.50321
2026-09-15 19:04:00,0.08096,0.08123,0.08091,0.081,3217266.0,260734.71572
2026-09-15 19:05:00,0.08099,0.08114,0.08083,0.08085,650326.0,52675.32263
2026-09-15 19:06:00,0.08085,0.08109,0.08085,0.08105,639501.0,51789.36522
2026-09-15 19:07:00,0.08105,0.08105,0.08073,0.08082,532129.0,43047.94321
2026-09-15 19:08:00,0.08083,0.08094,0.08066,0.0808,842102.0,68051.54498
2026-09-15 19:09:00,0.08081,0.08103,0.08079,0.0809,508266.0,41107.30444
2026-09-15 19:10:00,0.0809,0.08111,0.08087,0.081,1654853.0,134053.12525
2026-09-15 19:11:00,0.081,0.081,0.08088,0.08095,3075074.0,248908.91405
2026-09-15 19:12:00,0.08096,0.08097,0.08081,0.08087,1021257.0,82601.11592
2026-09-15 19:13:00,0.08088,0.08089,0.0807,0.08077,405492.0,32749.73894
2026-09-15 19:14:00,0.08077,0.0808,0.08066,0.08074,983168.0,79355.75709
2026-09-15 19:15:00,0.08074,0.08093,0.08069,0.0807,1550127.0,125269.58041
2026-09-15 19:16:00,0.08069,0.08099,0.08061,0.08092,1155063.0,93349.02573
2026-09-15 19:17:00,0.08092,0.08117,0.08092,0.08109,510982.0,41420.98679
2026-09-15 19:18:00,0.08109,0.08117,0.08094,0.08101,1120213.0,90791.28874
2026-09-15 19:19:00,0.08102,0.08124,0.08092,0.08094,1854164.0,150356.11025
2026-09-15 19:20:00,0.08094,0.08097,0.08076,0.08078,618370.0,49992.41037
2026-09-15 19:21:00,0.08078,0.08096,0.08076,0.08085,1586786.0,128333.83546
2026-09-15 19:22:00,0.08084,0.08095,0.08079,0.08095,342324.0,27688.81587
2026-09-15 19:23:00,0.08095,0.08116,0.08093,0.08101,1381835.0,111991.58762
2026-09-15 19:24:00,0.081,0.08101,0.08084,0.08091,484809.0,39223.29277
2026-09-15 19:25:00,0.08092,0.08102,0.08086,0.08095,340695.0,27581.7205
2026-09-15 19:26:00,0.08095,0.08098,0.0808,0.08082,1067655.0,86396.11164
2026-09-15 19:27:00,0.08082,0.08086,0.08081,0.08082,292109.0,23611.98008
2026-09-15 19:28:00,0.08081,0.08085,0.08066,0.08069,261338.0,21112.96917
2026-09-15 19:29:00,0.08069,0.08074,0.0806,0.08069,543937.0,43891.28006
2026-09-15 19:30:00,0.08069,0.08088,0.08057,0.08072,2415508.0,195010.5513
2026-09-15 19:31:00,0.08072,0.0809,0.08069,0.08077,1812129.0,146482.49909
2026-09-15 19:32:00,0.08077,0.08083,0.08062,0.08065,1799412.0,145241.45831
2026-09-15 19:33:00,0.08066,0.08093,0.08053,0.08083,5061925.0,408816.15252
2026-09-15 19:34:00,0.08084,0.08091,0.08073,0.08078,1460403.0,117998.64164
2026-09-15 19:35:00,0.08078,0.08078,0.08068,0.08072,482883.0,38981.95711
2026-09-15 19:36:00,0.08072,0.08077,0.08066,0.08075,451004.0,36405.82008
2026-09-15 19:37:00,0.08075,0.08075,0.08061,0.08065,416242.0,33577.47851
2026-09-15 19:38:00,0.08065,0.08086,0.08064,0.08086,336167.0,27130.01842
2026-09-15 19:39:00,0.08085,0.08086,0.08077,0.08086,485788.0,39258.82405
2026-09-15 19:40:00,0.08087,0.08097,0.08082,0.08095,416072.0,33667.66313
2026-09-15 19:41:00,0.08095,0.08096,0.08067,0.08069,2563471.0,207303.80237
2026-09-15 19:42:00,0.08068,0.08069,0.08063,0.08065,237323.0,19142.08884
2026-09-15 19:43:00,0.08066,0.08071,0.08059,0.08065,337851.0,27247.41894
2026-09-15 19:44:00,0.08065,0.08068,0.08063,0.08063,442869.0,35717.46959
2026-09-15 19:45:00,0.08063,0.08077,0.08059,0.08072,583038.0,47031.62343
2026-09-15 19:46:00,0.08072,0.08073,0.08067,0.0807,234763.0,18945.42097
2026-09-15 19:47:00,0.08069,0.0808,0.08069,0.08079,198838.0,16060.8459
2026-09-15 19:48:00,0.08078,0.08084,0.08078,0.08079,134187.0,10842.62189
2026-09-15 19:49:00,0.0808,0.08083,0.08075,0.0808,59296.0,4790.86018
2026-09-15 19:50:00,0.0808,0.08086,0.08072,0.08078,464761.0,37545.14108
2026-09-15 19:51:00,0.08078,0.08082,0.08076,0.08078,228119.0,18429.33871
2026-09-15 19:52:00,0.08079,0.08084,0.08076,0.08076,134941.0,10902.82671
2026-09-15 19:53:00,0.08076,0.08093,0.08075,0.08091,352924.0,28540.0268
2026-09-15 19:54:00,0.08092,0.08097,0.0809,0.08095,166749.0,13497.35894
2026-09-15 19:55:00,0.08095,0.08098,0.08087,0.08089,334409.0,27062.06521
2026-09-15 19:56:00,0.0809,0.08099,0.08089,0.08098,332787.0,26931.3821
2026-09-15 19:57:00,0.08097,0.08104,0.08096,0.08103,260946.0,21133.77527
2026-09-15 19:58:00,0.08102,0.08102,0.08093,0.08093,157563.0,12759.76435
2026-09-15 19:59:00,0.08094,0.08094,0.08082,0.0809,830854.0,67203.79661
2026-09-15 20:00:00,0.08089,0.08103,0.08086,0.08101,433941.0,35115.05463
2026-09-15 20:01:00,0.08101,0.08101,0.08093,0.08094,283046.0,22911.34215
2026-09-15 20:02:00,0.08093,0.08093,0.08082,0.08082,167730.0,13564.45087
2026-09-15 20:03:00,0.08081,0.08081,0.08064,0.08065,802536.0,64782.85464
2026-09-15 20:04:00,0.08064,0.08065,0.08052,0.08053,590581.0,47578.7547
2026-09-15 20:05:00,0.08053,0.08055,0.08041,0.08045,358798.0,28871.35648
2026-09-15 20:06:00,0.08045,0.08045,0.08021,0.08029,3573368.0,286989.2551
2026-09-15 20:07:00,0.08029,0.08037,0.08023,0.08033,339103.0,27233.89935
2026-09-15 20:08:00,0.08034,0.08043,0.08032,0.08034,475502.0,38233.81905
2026-09-15 20:09:00,0.08034,0.08038,0.08033,0.08036,456340.0,36668.9418
2026-09-15 20:10:00,0.08035,0.0806,0.08034,0.08054,856234.0,68838.82246
2026-09-15 20:11:00,0.08054,0.08057,0.08042,0.08044,148717.0,11962.99025
2026-09-15 20:12:00,0.08044,0.08055,0.08043,0.08043,81315.0,6545.75546
2026-09-15 20:13:00,0.08042,0.08048,0.08042,0.08044,258074.0,20763.16007
2026-09-15 20:14:00,0.08045,0.08056,0.08045,0.08055,124075.0,9991.20082
2026-09-15 20:15:00,0.08055,0.08056,0.08041,0.0805,258751.0,20820.88001
2026-09-15 20:16:00,0.0805,0.0806,0.0805,0.08058,117722.0,9484.05678
2026-09-15 20:17:00,0.08058,0.08058,0.0805,0.08054,53553.0,4313.28133
2026-09-15 20:18:00,0.08053,0.08053,0.0804,0.08041,97152.0,7817.11172
2026-09-15 20:19:00,0.08041,0.08046,0.08032,0.08034,2018771.0,162267.48359
2026-09-15 20:20:00,0.08035,0.08041,0.08026,0.08026,315626.0,25356.60775
2026-09-15 20:21:00,0.08026,0.08028,0.08,0.08004,945863.0,75761.17922
2026-09-15 20:22:00,0.08004,0.08021,0.08004,0.08021,485521.0,38897.20652
2026-09-15 20:23:00,0.0802,0.08027,0.08018,0.08027,445678.0,35761.92775
2026-09-15 20:24:00,0.08028,0.08035,0.08027,0.08035,139528.0,11204.55343
2026-09-15 20:25:00,0.08035,0.08043,0.08028,0.08028,941486.0,75655.55503
2026-09-15 20:26:00,0.08028,0.08028,0.08016,0.08016,232012.0,18601.47053
2026-09-15 20:27:00,0.08017,0.08017,0.08014,0.08014,338473.0,27129.46922
2026-09-15 20:28:00,0.08015,0.08016,0.08004,0.08009,356433.0,28545.43503
2026-09-15 20:29:00,0.08008,0.08008,0.07993,0.07994,766582.0,61322.82064
2026-09-15 20:30:00,0.07993,0.08004,0.07984,0.07998,958880.0,76645.60988
2026-09-15 20:31:00,0.07998,0.08016,0.07997,0.0801,2293166.0,183601.54334
2026-09-15 20:32:00,0.0801,0.08012,0.0799,0.07991,1663203.0,133078.06038
2026-09-15 20:33:00,0.07991,0.07992,0.07983,0.07989,254209.0,20302.41372
2026-09-15 20:34:00,0.07989,0.07996,0.07989,0.07996,185308.0,14813.58153
2026-09-15 20:35:00,0.07997,0.08006,0.07996,0.08006,487436.0,38994.21194
2026-09-15 20:36:00,0.08006,0.08018,0.08002,0.08017,323187.0,25883.67959
2026-09-15 20:37:00,0.08017,0.08024,0.08017,0.08019,326452.0,26184.35325
2026-09-15 20:38:00,0.0802,0.08036,0.08018,0.08022,1897364.0,152319.35039
2026-09-15 20:39:00,0.08022,0.08022,0.08004,0.0801,698136.0,55931.77212
2026-09-15 20:40:00,0.0801,0.08026,0.0801,0.08025,546194.0,43798.2365
2026-09-15 20:41:00,0.08024,0.08024,0.0802,0.08021,39019.0,3130.26761
2026-09-15 20:42:00,0.08021,0.08023,0.08015,0.08015,272409.0,21845.24738
2026-09-15 20:43:00,0.08016,0.08021,0.08015,0.08018,435717.0,34938.62496
2026-09-15 20:44:00,0.08017,0.08026,0.08011,0.08025,291108.0,23341.76416
2026-09-15 20:45:00,0.08026,0.08035,0.08026,0.08033,640926.0,51471.70061
2026-09-15 20:46:00,0.08033,0.08038,0.08027,0.08037,480705.0,38610.06077
2026-09-15 20:47:00,0.08037,0.08051,0.08036,0.08037,807957.0,64983.17502
2026-09-15 20:48:00,0.08038,0.08047,0.08038,0.08045,168437.0,13545.88277
2026-09-15 20:49:00,0.08046,0.08072,0.08046,0.08071,276015.0,22259.90018
2026-09-15 20:50:00,0.08072,0.08072,0.08057,0.08065,418674.0,33761.30347
2026-09-15 20:51:00,0.08064,0.08064,0.0805,0.08054,297573.0,23964.43768
2026-09-15 20:52:00,0.08055,0.08055,0.08042,0.08045,80186.0,6451.5657
2026-09-15 20:53:00,0.08044,0.08048,0.08044,0.08047,53014.0,4265.60289
2026-09-15 20:54:00,0.08047,0.08059,0.08047,0.08059,188533.0,15189.6689
2026-09-15 20:55:00,0.08058,0.08066,0.08055,0.08064,84137.0,6782.20268
2026-09-15 20:56:00,0.08064,0.08064,0.0805,0.08051,111656.0,8996.16484
2026-09-15 20:57:00,0.08052,0.08052,0.08051,0.08052,8791.0,707.80416
2026-09-15 20:58:00,0.08051,0.08052,0.08046,0.08051,272735.0,21953.39135
2026-09-15 20:59:00,0.08052,0.08054,0.0805,0.0805,86508.0,6966.3866
2026-09-15 21:00:00,0.0805,0.0805,0.08035,0.08035,161665.0,13001.684
2026-09-15 21:01:00,0.08036,0.08043,0.08017,0.0802,664815.0,53362.89989
2026-09-15 21:02:00,0.0802,0.08028,0.08016,0.08028,784955.0,62963.56911
2026-09-15 21:03:00,0.08028,0.08038,0.08024,0.08037,407042.0,32682.28229
2026-09-15 21:04:00,0.08036,0.08036,0.08025,0.08025,194584.0,15626.11441
2026-09-15 21:05:00,0.08026,0.08037,0.08021,0.08033,1376435.0,110506.32359
2026-09-15 21:06:00,0.08032,0.08032,0.08025,0.08025,249553.0,20032.99739
2026-09-15 21:07:00,0.08026,0.08026,0.08018,0.08019,1236556.0,99162.79848
2026-09-15 21:08:00,0.08018,0.08027,0.08017,0.08026,222343.0,17834.64854
2026-09-15 21:09:00,0.08026,0.08028,0.08022,0.08023,103844.0,8333.68856
2026-09-15 21:10:00,0.08022,0.08028,0.08019,0.08027,313460.0,25144.54322
2026-09-15 21:11:00,0.08028,0.08034,0.08026,0.08031,265015.0,21284.14425
2026-09-15 21:12:00,0.08031,0.08034,0.08031,0.08034,70954.0,5699.10074
2026-09-15 21:13:00,0.08034,0.0805,0.08034,0.08049,494838.0,39805.17069
2026-09-15 21:14:00,0.08049,0.08051,0.08029,0.08031,447743.0,36000.06211
2026-09-15 21:15:00,0.08031,0.08033,0.08023,0.08023,385509.0,30945.74861
2026-09-15 21:16:00,0.08023,0.08038,0.08021,0.08034,1303931.0,104666.63073
2026-09-15 21:17:00,0.08034,0.0804,0.08033,0.08039,80736.0,6490.17261
2026-09-15 21:18:00,0.08039,0.08039,0.08031,0.08031,77349.0,6215.037
2026-09-15 21:19:00,0.08031,0.08047,0.08031,0.08047,91382.0,7346.9823
2026-09-15 21:20:00,0.08046,0.08046,0.0804,0.08041,160052.0,12872.03212
2026-09-15 21:21:00,0.08041,0.08041,0.08018,0.08018,1155231.0,92746.28372
2026-09-15 21:22:00,0.08019,0.08019,0.08013,0.08013,138102.0,11073.10218
2026-09-15 21:23:00,0.08014,0.08018,0.0801,0.08017,97468.0,7809.67755
2026-09-15 21:24:00,0.08018,0.08019,0.08015,0.08015,60149.0,4821.93672
2026-09-15 21:25:00,0.08015,0.08015,0.07995,0.08004,1525600.0,122109.46221
2026-09-15 21:26:00,0.08004,0.08007,0.07985,0.07987,3397354.0,271638.81056
2026-09-15 21:27:00,0.07987,0.07992,0.07987,0.07988,221890.0,17724.34902
2026-09-15 21:28:00,0.07989,0.07989,0.07973,0.07973,531513.0,42410.43484
2026-09-15 21:29:00,0.07974,0.07985,0.07972,0.07985,440650.0,35146.59086
2026-09-15 21:30:00,0.07985,0.07994,0.07984,0.07989,134336.0,10729.91169
2026-09-15 21:31:00,0.07989,0.07997,0.07987,0.07997,342806.0,27391.97209
2026-09-15 21:32:00,0.07996,0.08003,0.07992,0.08002,344474.0,27553.20728
2026-09-15 21:33:00,0.08001,0.08004,0.08001,0.08004,103382.0,8272.02211
2026-09-15 21:34:00,0.08003,0.08004,0.07981,0.07988,1972292.0,157626.55925
2026-09-15 21:35:00,0.07988,0.07988,0.07976,0.07986,366156.0,29220.73395
2026-09-15 21:36:00,0.07987,0.0799,0.07979,0.0799,445339.0,35558.31542
2026-09-15 21:37:00,0.07989,0.08008,0.07989,0.08008,154584.0,12370.26793
2026-09-15 21:38:00,0.08007,0.08007,0.07996,0.08001,208661.0,16695.85699
2026-09-15 21:39:00,0.08001,0.08006,0.08,0.08001,37149.0,2973.46079
2026-09-15 21:40:00,0.08001,0.08012,0.08001,0.08009,159305.0,12754.37885
2026-09-15 21:41:00,0.08009,0.0801,0.08004,0.08007,176357.0,14120.21805
2026-09-15 21:42:00,0.08007,0.08009,0.08005,0.08007,48049.0,3846.906
2026-09-15 21:43:00,0.08007,0.08013,0.08007,0.08011,465379.0,37279.88278
2026-09-15 21:44:00,0.08011,0.08011,0.08007,0.08009,86280.0,6910.16149
2026-09-15 21:45:00,0.0801,0.0801,0.08007,0.08007,274924.0,22015.91074
2026-09-15 21:46:00,0.08007,0.0801,0.07994,0.07999,114406.0,9154.29512
2026-09-15 21:47:00,0.07999,0.0801,0.07996,0.08009,50308.0,4025.0549
2026-09-15 21:48:00,0.08009,0.08009,0.07999,0.07999,105137.0,8413.61733
2026-09-15 21:49:00,0.07999,0.07999,0.07993,0.07994,196456.0,15708.43287
2026-09-15 21:50:00,0.07993,0.07998,0.07991,0.07994,51493.0,4116.73335
2026-09-15 21:51:00,0.07993,0.07994,0.07971,0.07983,440080.0,35100.99639
2026-09-15 21:52:00,0.07983,0.07984,0.07981,0.07983,37816.0,3018.49999
2026-09-15 21:53:00,0.07982,0.07985,0.07981,0.07985,51951.0,4146.67069
2026-09-15 21:54:00,0.07984,0.07984,0.07979,0.07981,465151.0,37128.44215
2026-09-15 21:55:00,0.07982,0.07982,0.07972,0.07976,68791.0,5487.11528
2026-09-15 21:56:00,0.07975,0.07976,0.07972,0.07974,588273.0,46901.33248
2026-09-15 21:57:00,0.07973,0.07976,0.0797,0.07976,53292.0,4248.86537
2026-09-15 21:58:00,0.07976,0.07976,0.07961,0.07962,175090.0,13949.57397
2026-09-15 21:59:00,0.07961,0.07968,0.07946,0.07958,1396054.0,111092.35267
2026-09-15 22:00:00,0.07958,0.07977,0.07954,0.07969,637594.0,50765.38243
2026-09-15 22:01:00,0.07968,0.07972,0.0796,0.07972,157816.0,12572.42397
2026-09-15 22:02:00,0.07971,0.07997,0.07966,0.07991,2612514.0,208598.40154
2026-09-15 22:03:00,0.07992,0.07999,0.07978,0.07982,846921.0,67646.4753
2026-09-15 22:04:00,0.07983,0.07987,0.07978,0.0798,344246.0,27478.24927
2026-09-15 22:05:00,0.0798,0.0798,0.07964,0.07971,523463.0,41737.23854
2026-09-15 22:06:00,0.0797,0.07973,0.07963,0.07969,326600.0,26021.97287
2026-09-15 22:07:00,0.07969,0.07974,0.07969,0.07973,48031.0,3828.29998
2026-09-15 22:08:00,0.07974,0.07981,0.07968,0.07968,64955.0,5179.13981
2026-09-15 22:09:00,0.07969,0.07969,0.0796,0.07964,261510.0,20824.79994
2026-09-15 22:10:00,0.07964,0.07974,0.07955,0.07973,539596.0,42974.93327
2026-09-15 22:11:00,0.07973,0.07975,0.07963,0.07968,171297.0,13648.78497
2026-09-15 22:12:00,0.07968,0.07968,0.07957,0.07962,117616.0,9362.76099
2026-09-15 22:13:00,0.07962,0.07965,0.07957,0.07959,180227.0,14343.77091
2026-09-15 22:14:00,0.07959,0.07969,0.07955,0.07961,1312500.0,104488.9051
2026-09-15 22:15:00,0.07961,0.07965,0.07952,0.07952,547337.0,43565.91838
2026-09-15 22:16:00,0.07952,0.07955,0.07946,0.0795,368030.0,29253.86177
2026-09-15 22:17:00,0.07949,0.07949,0.0794,0.07945,468227.0,37189.87047
2026-09-15 22:18:00,0.07945,0.07947,0.07939,0.07943,682536.0,54213.21534
2026-09-15 22:19:00,0.07942,0.07949,0.07942,0.07945,562483.0,44689.24977
2026-09-15 22:20:00,0.07946,0.07955,0.07946,0.07952,288227.0,22919.72887
2026-09-15 22:21:00,0.07951,0.07951,0.07941,0.07951,261936.0,20816.9256
2026-09-15 22:22:00,0.07951,0.07954,0.0795,0.07952,148362.0,11797.04477
2026-09-15 22:23:00,0.07951,0.07951,0.07941,0.07946,169418.0,13459.32457
2026-09-15 22:24:00,0.07947,0.07953,0.07946,0.07947,164666.0,13089.47879
2026-09-15 22:25:00,0.07946,0.07967,0.07945,0.07967,1026588.0,81649.79141
2026-09-15 22:26:00,0.07966,0.07995,0.07966,0.07995,687191.0,54835.95495
2026-09-15 22:27:00,0.07994,0.08001,0.07991,0.08001,455237.0,36401.40368
2026-09-15 22:28:00,0.08,0.08,0.07991,0.07998,601554.0,48084.4387
2026-09-15 22:29:00,0.07999,0.08009,0.07988,0.07988,1828813.0,146332.94823
2026-09-15 22:30:00,0.07987,0.07998,0.07987,0.07997,123384.0,9858.36737
2026-09-15 22:31:00,0.07998,0.08001,0.07992,0.08,178125.0,14245.67282
2026-09-15 22:32:00,0.08,0.08,0.07994,0.07996,232901.0,18628.23244
2026-09-15 22:33:00,0.07997,0.08003,0.07985,0.07999,1039760.0,83130.4464
2026-09-15 22:34:00,0.07999,0.08004,0.07996,0.08002,190579.0,15243.69234
2026-09-15 22:35:00,0.08001,0.08001,0.07993,0.07993,54659.0,4371.07623
2026-09-15 22:36:00,0.07994,0.07997,0.07989,0.07997,299214.0,23918.20158
2026-09-15 22:37:00,0.07997,0.08004,0.07995,0.08002,164206.0,13135.12864
2026-09-15 22:38:00,0.08003,0.08009,0.08003,0.08008,307626.0,24633.06435
2026-09-15 22:39:00,0.08007,0.08013,0.07996,0.08002,1877775.0,150291.1993
2026-09-15 22:40:00,0.08001,0.08001,0.07995,0.07996,60796.0,4862.75111
2026-09-15 22:41:00,0.07996,0.08001,0.07995,0.07998,657764.0,52602.40509
2026-09-15 22:42:00,0.07998,0.08,0.07995,0.07996,659136.0,52708.0177
2026-09-15 22:43:00,0.07997,0.08002,0.07991,0.07993,1954573.0,156299.07803
2026-09-15 22:44:00,0.07993,0.07997,0.07993,0.07996,237385.0,18979.15234
2026-09-15 22:45:00,0.07995,0.08001,0.07994,0.08,212034.0,16952.55025
2026-09-15 22:46:00,0.08001,0.08012,0.08001,0.08012,925893.0,74130.05305
2026-09-15 22:47:00,0.08012,0.0802,0.08005,0.0801,497940.0,39906.90237
2026-09-15 22:48:00,0.0801,0.08019,0.0801,0.08018,78915.0,6326.71546
2026-09-15 22:49:00,0.08018,0.0802,0.08016,0.08019,1094441.0,87752.10794
2026-09-15 22:50:00,0.08019,0.08023,0.08018,0.08023,174337.0,13981.59824
2026-09-15 22:51:00,0.08023,0.08027,0.08023,0.08027,27108.0,2175.50314
2026-09-15 22:52:00,0.08028,0.08032,0.08028,0.08028,223146.0,17917.2978
2026-09-15 22:53:00,0.08028,0.08033,0.08028,0.08029,175189.0,14068.22034
2026-09-15 22:54:00,0.08029,0.08032,0.08029,0.08032,146854.0,11793.62732
2026-09-15 22:55:00,0.08031,0.08032,0.08027,0.08027,1659961.0,133280.26945
2026-09-15 22:56:00,0.08027,0.08029,0.0802,0.08027,458201.0,36766.46151
2026-09-15 22:57:00,0.08028,0.08031,0.08028,0.0803,125961.0,10114.34916
2026-09-15 22:58:00,0.08031,0.08031,0.08025,0.08025,131403.0,10550.09716
2026-09-15 22:59:00,0.08025,0.08027,0.08018,0.08022,525949.0,42184.33104
2026-09-15 23:00:00,0.08022,0.08029,0.08021,0.08029,105377.0,8456.05445
2026-09-15 23:01:00,0.0803,0.08031,0.08027,0.08031,91000.0,7306.34204
2026-09-15 23:02:00,0.0803,0.0803,0.08025,0.08028,112012.0,8993.22367
2026-09-15 23:03:00,0.08028,0.08035,0.08027,0.08033,560012.0,44975.96435
2026-09-15 23:04:00,0.08034,0.08036,0.08033,0.08033,675931.0,54302.18188
2026-09-15 23:05:00,0.08033,0.08035,0.08031,0.08034,821761.0,66009.42272
2026-09-15 23:06:00,0.08033,0.08037,0.08033,0.08036,1019628.0,81933.4905
2026-09-15 23:07:00,0.08037,0.08037,0.08029,0.08033,1165725.0,93654.86262
2026-09-15 23:08:00,0.08033,0.08037,0.08033,0.08037,136235.0,10944.96962
2026-09-15 23:09:00,0.08038,0.08043,0.08036,0.0804,291577.0,23443.57649
2026-09-15 23:10:00,0.0804,0.08043,0.0804,0.08042,141581.0,11384.4827
2026-09-15 23:11:00,0.08043,0.0806,0.08043,0.08053,1664409.0,134076.45487
2026-09-15 23:12:00,0.08054,0.08056,0.0805,0.08054,100407.0,8086.42036
2026-09-15 23:13:00,0.08053,0.08057,0.08051,0.08053,118316.0,9527.60922
2026-09-15 23:14:00,0.08053,0.08063,0.08053,0.08062,266594.0,21480.17066
2026-09-15 23:15:00,0.08062,0.08064,0.0806,0.0806,178568.0,14396.05777
2026-09-15 23:16:00,0.08061,0.08066,0.0806,0.08064,506140.0,40810.27543
2026-09-15 23:17:00,0.08064,0.08064,0.08058,0.08062,254093.0,20482.57891
2026-09-15 23:18:00,0.08062,0.08063,0.08055,0.08058,114206.0,9203.05513
2026-09-15 23:19:00,0.08059,0.08064,0.08059,0.08062,75514.0,6088.47179
2026-09-15 23:20:00,0.08061,0.08061,0.08059,0.08061,61894.0,4988.70549
2026-09-15 23:21:00,0.08061,0.08061,0.08057,0.08059,160697.0,12950.66573
2026-09-15 23:22:00,0.0806,0.08064,0.08055,0.08056,951691.0,76693.70131
2026-09-15 23:23:00,0.08056,0.08057,0.08056,0.08057,1549.0,124.80084
2026-09-15 23:24:00,0.08057,0.08059,0.08056,0.08058,56685.0,4567.22448
2026-09-15 23:25:00,0.08057,0.08057,0.08053,0.08054,122425.0,9862.75285
2026-09-15 23:26:00,0.08053,0.08053,0.0805,0.0805,35165.0,2831.22325
2026-09-15 23:27:00,0.08049,0.08049,0.08045,0.08045,178695.0,14378.4891
2026-09-15 23:28:00,0.08045,0.08057,0.08044,0.08053,1206618.0,97154.65363
2026-09-15 23:29:00,0.08053,0.08056,0.08046,0.08047,583599.0,47000.72376
2026-09-15 23:30:00,0.08046,0.08046,0.08031,0.08035,217258.0,17464.58195
2026-09-15 23:31:00,0.08036,0.08036,0.0803,0.0803,94722.0,7608.98386
2026-09-15 23:32:00,0.08031,0.08031,0.08022,0.08028,146163.0,11731.80991
2026-09-15 23:33:00,0.08028,0.08038,0.08028,0.08038,47991.0,3854.67248
2026-09-15 23:34:00,0.08037,0.08045,0.08034,0.08035,1764486.0,141851.51106
2026-09-15 23:35:00,0.08034,0.08034,0.08027,0.08029,169927.0,13649.53423
2026-09-15 23:36:00,0.08029,0.08029,0.0802,0.08021,217612.0,17458.59627
2026-09-15 23:37:00,0.08021,0.08021,0.08014,0.08016,148434.0,11902.05797
2026-09-15 23:38:00,0.08015,0.08015,0.08007,0.08009,181083.0,14504.16458
2026-09-15 23:39:00,0.0801,0.0801,0.08005,0.08005,117057.0,9371.57183
2026-09-15 23:40:00,0.08006,0.0802,0.08004,0.08018,1510728.0,121049.06533
2026-09-15 23:41:00,0.08019,0.08022,0.08017,0.08021,340079.0,27276.08333
2026-09-15 23:42:00,0.08021,0.08021,0.08017,0.0802,334960.0,26861.68793
2026-09-15 23:43:00,0.0802,0.08028,0.0802,0.08026,165499.0,13283.11337
2026-09-15 23:44:00,0.08026,0.08029,0.08026,0.08029,63069.0,5063.52568
2026-09-15 23:45:00,0.08029,0.0803,0.08026,0.0803,306400.0,24597.15327
2026-09-15 23:46:00,0.08029,0.08034,0.08029,0.08033,1394425.0,111976.3503
2026-09-15 23:47:00,0.08033,0.08033,0.08019,0.08019,2084738.0,167300.66347
2026-09-15 23:48:00,0.0802,0.08022,0.08019,0.0802,119732.0,9602.54208
2026-09-15 23:49:00,0.08019,0.0802,0.08018,0.08019,36042.0,2890.22581
2026-09-15 23:50:00,0.08018,0.08023,0.08016,0.08022,149981.0,12025.25035
2026-09-15 23:51:00,0.08023,0.08029,0.08017,0.08019,580708.0,46576.31257
2026-09-15 23:52:00,0.0802,0.0802,0.08016,0.08017,133922.0,10737.74766
2026-09-15 23:53:00,0.08016,0.08023,0.08016,0.08022,41062.0,3292.87423
2026-09-15 23:54:00,0.08021,0.08021,0.08017,0.0802,28201.0,2261.75152
2026-09-15 23:55:00,0.0802,0.08021,0.08016,0.0802,282629.0,22661.98924
2026-09-15 23:56:00,0.0802,0.0802,0.08002,0.0801,1137412.0,91078.45674
2026-09-15 23:57:00,0.0801,0.08013,0.0801,0.08012,118957.0,9530.10482
2026-09-15 23:58:00,0.08013,0.08014,0.08012,0.08012,224986.0,18027.90402
2026-09-15 23:59:00,0.08013,0.08013,0.08008,0.08008,543175.0,43507.11754
2026-09-16 00:00:00,0.08009,0.0801,0.08003,0.08005,165656.0,13261.12916
2026-09-16 00:01:00,0.08005,0.08006,0.08002,0.08004,385156.0,30826.86376
2026-09-16 00:02:00,0.08005,0.08014,0.08001,0.08014,509936.0,40819.63739
2026-09-16 00:03:00,0.08014,0.08022,0.08014,0.08017,242704.0,19463.04496
2026-09-16 00:04:00,0.08017,0.08023,0.08016,0.08023,159358.0,12779.32743
2026-09-16 00:05:00,0.08023,0.08029,0.08021,0.08027,347201.0,27864.06849
2026-09-16 00:06:00,0.08027,0.08029,0.08025,0.08028,205532.0,16498.41586
2026-09-16 00:07:00,0.08029,0.08029,0.08022,0.08023,252304.0,20251.61147
2026-09-16 00:08:00,0.08024,0.08027,0.08022,0.08025,78470.0,6296.88543
2026-09-16 00:09:00,0.08025,0.08027,0.08018,0.08019,29387.0,2358.35809
2026-09-16 00:10:00,0.08019,0.08019,0.08011,0.08011,182138.0,14600.44418
2026-09-16 00:11:00,0.08012,0.08017,0.08011,0.08017,101769.0,8155.02656
2026-09-16 00:12:00,0.08017,0.08017,0.08012,0.08016,436392.0,34971.28692
2026-09-16 00:13:00,0.08015,0.08015,0.08001,0.08004,114390.0,9160.51927
2026-09-16 00:14:00,0.08004,0.08008,0.08003,0.08006,57056.0,4568.13793
2026-09-16 00:15:00,0.08006,0.08008,0.08,0.08008,74812.0,5987.60821
2026-09-16 00:16:00,0.08009,0.08016,0.08006,0.08014,283198.0,22686.99064
2026-09-16 00:17:00,0.08014,0.08018,0.08014,0.08016,142252.0,11404.24189
2026-09-16 00:18:00,0.08015,0.08017,0.08014,0.08016,33837.0,2712.10214
2026-09-16 00:19:00,0.08016,0.08016,0.08012,0.08015,42933.0,3440.56643
2026-09-16 00:20:00,0.08015,0.08016,0.08011,0.08011,284791.0,22825.95814
2026-09-16 00:21:00,0.08011,0.08015,0.08008,0.08009,126020.0,10098.25255
2026-09-16 00:22:00,0.0801,0.08014,0.08005,0.08008,1424972.0,114132.38788
2026-09-16 00:23:00,0.08008,0.08018,0.08008,0.08018,45641.0,3656.96415
2026-09-16 00:24:00,0.08019,0.0802,0.08017,0.08017,196250.0,15735.616
2026-09-16 00:25:00,0.08017,0.08019,0.08016,0.08019,95745.0,7677.15054
2026-09-16 00:26:00,0.08019,0.08021,0.08019,0.0802,67290.0,5396.70633
2026-09-16 00:27:00,0.08021,0.08022,0.08018,0.08018,146465.0,11747.89539
2026-09-16 00:28:00,0.08017,0.08022,0.08008,0.08014,1412495.0,113220.83812
2026-09-16 00:29:00,0.08015,0.08021,0.08015,0.0802,59731.0,4789.85277
2026-09-16 00:30:00,0.08021,0.08023,0.08019,0.0802,98189.0,7875.74878
2026-09-16 00:31:00,0.0802,0.0802,0.08016,0.08016,79074.0,6339.42876
2026-09-16 00:32:00,0.08015,0.08021,0.08015,0.08019,192564.0,15442.93751
2026-09-16 00:33:00,0.08019,0.08022,0.08017,0.08017,41453.0,3324.3622
2026-09-16 00:34:00,0.08018,0.0802,0.08012,0.08012,24655.0,1976.54901
2026-09-16 00:35:00,0.08012,0.08013,0.08011,0.08013,15779.0,1264.25362
2026-09-16 00:36:00,0.08013,0.08019,0.08012,0.08014,64533.0,5172.25512
2026-09-16 00:37:00,0.08015,0.0802,0.08015,0.08019,82945.0,6651.0724
2026-09-16 00:38:00,0.08019,0.08023,0.08019,0.08023,58532.0,4695.26472
2026-09-16 00:39:00,0.08023,0.08028,0.08022,0.08027,5120.0,410.91467
2026-09-16 00:40:00,0.08027,0.08027,0.08019,0.0802,93933.0,7536.21512
2026-09-16 00:41:00,0.0802,0.08022,0.08019,0.08019,403087.0,32331.30194
2026-09-16 00:42:00,0.0802,0.0802,0.08015,0.08015,123530.0,9902.90394
2026-09-16 00:43:00,0.08015,0.08016,0.08011,0.08012,78768.0,6312.42451
2026-09-16 00:44:00,0.08012,0.08016,0.08012,0.08016,76988.0,6170.26573
2026-09-16 00:45:00,0.08016,0.08021,0.08011,0.08012,550934.0,44157.01384
2026-09-16 00:46:00,0.08011,0.08013,0.08006,0.08006,220676.0,17670.43747
2026-09-16 00:47:00,0.08007,0.08016,0.08007,0.08016,1198459.0,95999.03157
2026-09-16 00:48:00,0.08015,0.08026,0.08013,0.08025,95715.0,7676.60824
2026-09-16 00:49:00,0.08025,0.08025,0.08017,0.0802,60899.0,4885.34572
2026-09-16 00:50:00,0.08019,0.0802,0.08015,0.08016,110367.0,8849.03086
2026-09-16 00:51:00,0.08016,0.08019,0.08015,0.08019,219911.0,17634.38663
2026-09-16 00:52:00,0.08019,0.08026,0.0801,0.08011,1899076.0,152255.25984
2026-09-16 00:53:00,0.08012,0.08014,0.08008,0.08008,162971.0,13055.88919
2026-09-16 00:54:00,0.08007,0.0801,0.08007,0.08008,96616.0,7736.72213
2026-09-16 00:55:00,0.08008,0.08012,0.08008,0.0801,123252.0,9871.98676
2026-09-16 00:56:00,0.0801,0.08011,0.08008,0.08008,111866.0,8959.56446
2026-09-16 00:57:00,0.08008,0.08009,0.08003,0.08004,71198.0,5699.12567
2026-09-16 00:58:00,0.08004,0.08017,0.08003,0.08017,1648521.0,132041.8149
2026-09-16 00:59:00,0.08016,0.08018,0.08011,0.08011,74811.0,5996.96995
2026-09-16 01:00:00,0.08011,0.08016,0.08011,0.08013,84078.0,6739.25936
2026-09-16 01:01:00,0.08014,0.08021,0.08013,0.08013,344959.0,27660.88609
2026-09-16 01:02:00,0.08013,0.08015,0.08009,0.08009,654557.0,52440.30198
2026-09-16 01:03:00,0.08008,0.08011,0.08005,0.08006,416145.0,33327.01624
2026-09-16 01:04:00,0.08005,0.08005,0.07991,0.07995,1375521.0,109998.43939
2026-09-16 01:05:00,0.07995,0.07996,0.07992,0.07996,185100.0,14796.5434
2026-09-16 01:06:00,0.07995,0.08005,0.07995,0.08005,299557.0,23969.42132
2026-09-16 01:07:00,0.08005,0.08006,0.07999,0.07999,158270.0,12666.39958
2026-09-16 01:08:00,0.07999,0.08,0.07995,0.07997,358644.0,28681.06104
2026-09-16 01:09:00,0.07997,0.08001,0.07997,0.08001,135903.0,10871.36789
2026-09-16 01:10:00,0.08001,0.08008,0.07999,0.08008,233338.0,18677.2781
2026-09-16 01:11:00,0.08008,0.0801,0.08007,0.08007,49468.0,3961.78133
2026-09-16 01:12:00,0.08007,0.08007,0.07995,0.07999,530610.0,42464.33708
2026-09-16 01:13:00,0.07999,0.08003,0.07997,0.08003,264971.0,21196.86678
2026-09-16 01:14:00,0.08003,0.08009,0.08003,0.08008,190637.0,15266.49058
2026-09-16 01:15:00,0.08007,0.08007,0.08001,0.08005,54944.0,4397.86921
2026-09-16 01:16:00,0.08005,0.0801,0.08005,0.08009,21993.0,1761.19167
2026-09-16 01:17:00,0.08009,0.08009,0.08006,0.08009,18839.0,1508.49022
2026-09-16 01:18:00,0.08009,0.08011,0.08006,0.08011,311869.0,24976.6589
2026-09-16 01:19:00,0.08011,0.08013,0.08011,0.08013,40020.0,3206.58604
2026-09-16 01:20:00,0.08013,0.08015,0.08011,0.08015,23360.0,1871.88453
2026-09-16 01:21:00,0.08016,0.08022,0.08016,0.08017,314887.0,25245.87939
2026-09-16 01:22:00,0.08016,0.08018,0.08014,0.08015,1173791.0,94081.49099
2026-09-16 01:23:00,0.08015,0.08023,0.08013,0.08018,1122819.0,90041.8239
2026-09-16 01:24:00,0.08019,0.08025,0.08019,0.08025,161670.0,12969.87616
2026-09-16 01:25:00,0.08025,0.08029,0.08025,0.08028,150985.0,12117.80546
2026-09-16 01:26:00,0.08028,0.08028,0.08019,0.08019,154404.0,12391.73789
2026-09-16 01:27:00,0.08019,0.08021,0.08016,0.08021,205260.0,16458.13724
2026-09-16 01:28:00,0.0802,0.08024,0.0802,0.08024,72191.0,5790.50288
2026-09-16 01:29:00,0.08024,0.08024,0.0801,0.08011,1344661.0,107799.29154
2026-09-16 01:30:00,0.0801,0.08011,0.08006,0.08007,47937.0,3839.37361
2026-09-16 01:31:00,0.08006,0.08008,0.08002,0.08002,113206.0,9063.02158
2026-09-16 01:32:00,0.08003,0.08005,0.07998,0.08,261868.0,20950.90882
2026-09-16 01:33:00,0.07999,0.08001,0.07984,0.07987,246005.0,19654.92222
2026-09-16 01:34:00,0.07987,0.07988,0.07984,0.07984,88694.0,7083.17994
2026-09-16 01:35:00,0.07985,0.07998,0.07981,0.07994,2355793.0,188256.06989
2026-09-16 01:36:00,0.07993,0.07993,0.07977,0.07977,292980.0,23383.60908
2026-09-16 01:37:00,0.07977,0.07984,0.07973,0.07973,1422590.0,113476.70591
2026-09-16 01:38:00,0.07972,0.07977,0.07971,0.07976,147175.0,11734.35397
2026-09-16 01:39:00,0.07977,0.07977,0.07967,0.07969,81093.0,6463.39195
2026-09-16 01:40:00,0.07969,0.07978,0.07969,0.07978,123665.0,9860.20049
2026-09-16 01:41:00,0.07978,0.07985,0.07977,0.07981,466381.0,37224.65042
2026-09-16 01:42:00,0.07982,0.07984,0.0798,0.0798,149618.0,11943.18419
2026-09-16 01:43:00,0.07981,0.07984,0.07981,0.07981,84488.0,6743.94328
2026-09-16 01:44:00,0.0798,0.07982,0.0798,0.07982,107200.0,8555.81333
2026-09-16 01:45:00,0.07981,0.0799,0.07979,0.07987,236669.0,18897.43448
2026-09-16 01:46:00,0.07987,0.07991,0.07978,0.07981,335155.0,26768.3966
2026-09-16 01:47:00,0.07981,0.07983,0.07967,0.07969,1399469.0,111586.29682
2026-09-16 01:48:00,0.0797,0.07973,0.07968,0.0797,53164.0,4237.46611
2026-09-16 01:49:00,0.07969,0.0797,0.07967,0.07968,75919.0,6049.57801
2026-09-16 01:50:00,0.07968,0.07968,0.07957,0.07958,254134.0,20231.84613
2026-09-16 01:51:00,0.07958,0.07961,0.07957,0.07958,64460.0,5130.38016
2026-09-16 01:52:00,0.07959,0.0796,0.07957,0.0796,112282.0,8936.43221
2026-09-16 01:53:00,0.0796,0.0796,0.07955,0.07956,532120.0,42332.51398
2026-09-16 01:54:00,0.07956,0.07958,0.07952,0.07954,146792.0,11675.84857
2026-09-16 01:55:00,0.07955,0.07958,0.07953,0.07954,164040.0,13047.28235
2026-09-16 01:56:00,0.07953,0.07955,0.07951,0.07951,295287.0,23486.55548
2026-09-16 01:57:00,0.07951,0.07952,0.0795,0.07951,62828.0,4995.74435
2026-09-16 01:58:00,0.07952,0.07956,0.07951,0.07953,452835.0,36016.03426
2026-09-16 01:59:00,0.07953,0.07953,0.07948,0.07949,155627.0,12372.64116
2026-09-16 02:00:00,0.07949,0.0796,0.07946,0.07953,1418431.0,112840.4089
2026-09-16 02:01:00,0.07953,0.0796,0.07953,0.0796,102865.0,8183.28254
2026-09-16 02:02:00,0.0796,0.07975,0.0796,0.07975,972491.0,77418.74027
2026-09-16 02:03:00,0.07975,0.07981,0.0797,0.0797,207327.0,16536.62887
2026-09-16 02:04:00,0.0797,0.07971,0.07966,0.07969,168994.0,13466.04307
2026-09-16 02:05:00,0.07969,0.07973,0.07967,0.07973,187453.0,14940.26237
2026-09-16 02:06:00,0.07973,0.07975,0.07962,0.07967,1261681.0,100528.96926
2026-09-16 02:07:00,0.07967,0.07967,0.07958,0.07961,57662.0,4591.78512
2026-09-16 02:08:00,0.07962,0.07966,0.07961,0.07963,65177.0,5189.36651
2026-09-16 02:09:00,0.07963,0.07963,0.07955,0.07961,382812.0,30464.86334
2026-09-16 02:10:00,0.07961,0.07966,0.07959,0.07963,224718.0,17894.81934
2026-09-16 02:11:00,0.07962,0.07962,0.07955,0.07955,97828.0,7784.92359
2026-09-16 02:12:00,0.07954,0.07962,0.07948,0.07955,2016711.0,160448.35583
2026-09-16 02:13:00,0.07956,0.07971,0.07956,0.0797,133095.0,10597.48466
2026-09-16 02:14:00,0.0797,0.0797,0.07965,0.07968,406119.0,32355.65851
2026-09-16 02:15:00,0.07968,0.07979,0.07967,0.07976,66097.0,5270.45521
2026-09-16 02:16:00,0.07977,0.07985,0.07975,0.07983,251042.0,20032.30143
2026-09-16 02:17:00,0.07984,0.07994,0.07981,0.0799,1545332.0,123438.49236
2026-09-16 02:18:00,0.0799,0.07992,0.07983,0.07986,74098.0,5919.49932
2026-09-16 02:19:00,0.07987,0.07993,0.07987,0.07993,86111.0,6881.28522
2026-09-16 02:20:00,0.07992,0.07997,0.07991,0.07997,367389.0,29365.17633
2026-09-16 02:21:00,0.07997,0.07999,0.07994,0.07996,340246.0,27207.19743
2026-09-16 02:22:00,0.07997,0.08,0.07996,0.07999,522491.0,41794.71512
2026-09-16 02:23:00,0.07998,0.07998,0.07995,0.07997,329331.0,26337.0794
2026-09-16 02:24:00,0.07996,0.08,0.07996,0.07998,464029.0,37112.37014
2026-09-16 02:25:00,0.07998,0.08001,0.07998,0.07999,589846.0,47182.26626
2026-09-16 02:26:00,0.07998,0.08,0.07997,0.08,40272.0,3220.92242
2026-09-16 02:27:00,0.08,0.08002,0.07999,0.08001,474855.0,37990.64048
2026-09-16 02:28:00,0.08002,0.08007,0.08001,0.08005,633555.0,50711.84356
2026-09-16 02:29:00,0.08006,0.08009,0.08006,0.08009,58340.0,4671.753
2026-09-16 02:30:00,0.0801,0.08028,0.0801,0.08022,291678.0,23385.92583
2026-09-16 02:31:00,0.08023,0.08027,0.08021,0.08026,457053.0,36670.62951
2026-09-16 02:32:00,0.08026,0.0803,0.08022,0.08022,473078.0,37976.08721
2026-09-16 02:33:00,0.08023,0.08023,0.08018,0.08018,61968.0,4969.85481
2026-09-16 02:34:00,0.08018,0.08027,0.08018,0.08026,160733.0,12892.30912
2026-09-16 02:35:00,0.08026,0.08032,0.08026,0.08031,106937.0,8585.78729
2026-09-16 02:36:00,0.08032,0.08042,0.08032,0.08034,535377.0,43032.99804
2026-09-16 02:37:00,0.08034,0.08034,0.08028,0.0803,422693.0,33947.36261
2026-09-16 02:38:00,0.08031,0.08036,0.08031,0.08033,455996.0,36635.22509
2026-09-16 02:39:00,0.08033,0.08039,0.08033,0.08033,212365.0,17064.26325
2026-09-16 02:40:00,0.08034,0.08035,0.08025,0.08025,306123.0,24576.25173
2026-09-16 02:41:00,0.08025,0.08032,0.08025,0.08028,216151.0,17354.69752
2026-09-16 02:42:00,0.08029,0.08029,0.08023,0.08023,234909.0,18851.22206
2026-09-16 02:43:00,0.08022,0.08027,0.08021,0.08022,76226.0,6115.2732
2026-09-16 02:44:00,0.08021,0.08021,0.08018,0.08018,72051.0,5778.39974
2026-09-16 02:45:00,0.08018,0.08019,0.08014,0.08015,103842.0,8322.99956
2026-09-16 02:46:00,0.08016,0.08019,0.08016,0.08019,451280.0,36185.76249
2026-09-16 02:47:00,0.0802,0.08021,0.08018,0.0802,78467.0,6292.99211
2026-09-16 02:48:00,0.0802,0.0802,0.08018,0.08019,105234.0,8438.49679
2026-09-16 02:49:00,0.08019,0.08023,0.08019,0.08021,270302.0,21679.50282
2026-09-16 02:50:00,0.08021,0.08021,0.08016,0.08018,104692.0,8394.97878
2026-09-16 02:51:00,0.08018,0.0802,0.08016,0.08016,73177.0,5867.55425
2026-09-16 02:52:00,0.08016,0.08017,0.08015,0.08016,31160.0,2497.89512
2026-09-16 02:53:00,0.08015,0.08016,0.08015,0.08016,17535.0,1405.50066
2026-09-16 02:54:00,0.08016,0.08016,0.08008,0.08008,101794.0,8153.89429
2026-09-16 02:55:00,0.08008,0.08009,0.08006,0.08007,148045.0,11855.26425
2026-09-16 02:56:00,0.08007,0.0801,0.07999,0.08,275168.0,22021.53624
2026-09-16 02:57:00,0.08001,0.08008,0.07998,0.08006,1275378.0,102080.04767
2026-09-16 02:58:00,0.08007,0.0801,0.08007,0.0801,58929.0,4719.05671
2026-09-16 02:59:00,0.08011,0.08011,0.08008,0.08009,43762.0,3504.96527
2026-09-16 03:00:00,0.08009,0.08012,0.08006,0.08012,100071.0,8013.42092
2026-09-16 03:01:00,0.08013,0.08021,0.08013,0.08021,567182.0,45471.459
2026-09-16 03:02:00,0.08021,0.08022,0.08018,0.08022,157426.0,12625.98091
2026-09-16 03:03:00,0.08021,0.08022,0.08006,0.08011,1657688.0,132849.34979
2026-09-16 03:04:00,0.08012,0.08014,0.08006,0.08009,70353.0,5633.95864
2026-09-16 03:05:00,0.08009,0.08009,0.08005,0.08007,14366.0,1150.35406
2026-09-16 03:06:00,0.08008,0.08009,0.08006,0.08006,14503.0,1161.30393
2026-09-16 03:07:00,0.08005,0.08006,0.07998,0.07999,53732.0,4299.12665
2026-09-16 03:08:00,0.07999,0.08002,0.07998,0.07998,224071.0,17925.70094
2026-09-16 03:09:00,0.07998,0.08007,0.07995,0.08005,1614536.0,129185.83656
2026-09-16 03:10:00,0.08005,0.08008,0.08005,0.08006,256486.0,20532.40919
2026-09-16 03:11:00,0.08006,0.08016,0.08006,0.08015,130777.0,10479.97001
2026-09-16 03:12:00,0.08016,0.08019,0.08016,0.08016,35537.0,2849.49498
2026-09-16 03:13:00,0.08016,0.08024,0.08016,0.08024,579849.0,46487.59606
2026-09-16 03:14:00,0.08024,0.08027,0.08024,0.08026,310058.0,24884.72871
2026-09-16 03:15:00,0.08026,0.08032,0.08026,0.0803,653792.0,52497.40924
2026-09-16 03:16:00,0.08031,0.08038,0.08031,0.08037,460737.0,37023.46144
2026-09-16 03:17:00,0.08036,0.08039,0.08034,0.08039,382495.0,30738.44313
2026-09-16 03:18:00,0.0804,0.0804,0.08037,0.08038,718378.0,57748.17588
2026-09-16 03:19:00,0.08039,0.08044,0.08025,0.08025,2397296.0,192647.79792
2026-09-16 03:20:00,0.08026,0.08028,0.08025,0.08028,45522.0,3654.19024
2026-09-16 03:21:00,0.08027,0.0803,0.08023,0.08028,438516.0,35197.32081
2026-09-16 03:22:00,0.08028,0.0803,0.08024,0.08027,223853.0,17971.23162
2026-09-16 03:23:00,0.08027,0.0803,0.08025,0.08025,66913.0,5371.01449
2026-09-16 03:24:00,0.08025,0.08025,0.08019,0.0802,118440.0,9499.937
2026-09-16 03:25:00,0.0802,0.0802,0.08017,0.08017,42572.0,3413.54955
2026-09-16 03:26:00,0.08018,0.08019,0.08016,0.08016,29668.0,2378.6559
2026-09-16 03:27:00,0.08017,0.08018,0.0801,0.0801,185891.0,14898.56646
2026-09-16 03:28:00,0.08009,0.08018,0.08009,0.0801,1013053.0,81185.56389
2026-09-16 03:29:00,0.0801,0.0801,0.08003,0.08003,76771.0,6147.57885
2026-09-16 03:30:00,0.08004,0.08006,0.08,0.08,366573.0,29332.18483
2026-09-16 03:31:00,0.08,0.08011,0.07994,0.08008,2601966.0,208218.71767
2026-09-16 03:32:00,0.08008,0.08013,0.08008,0.08013,77328.0,6194.85463
2026-09-16 03:33:00,0.08013,0.08013,0.08006,0.08006,115910.0,9284.31944
2026-09-16 03:34:00,0.08007,0.08009,0.08005,0.08005,238427.0,19086.48295
2026-09-16 03:35:00,0.08005,0.08005,0.08,0.08001,61920.0,4955.09709
2026-09-16 03:36:00,0.08001,0.08002,0.07998,0.07999,88030.0,7043.12328
2026-09-16 03:37:00,0.07999,0.07999,0.07995,0.07997,254181.0,20325.83674
2026-09-16 03:38:00,0.07997,0.07997,0.07991,0.07994,42079.0,3363.27878
2026-09-16 03:39:00,0.07993,0.08,0.07993,0.07999,61482.0,4917.22257
2026-09-16 03:40:00,0.07999,0.08004,0.07999,0.08004,92992.0,7441.66741
2026-09-16 03:41:00,0.08004,0.08006,0.08,0.08004,392356.0,31404.35975
2026-09-16 03:42:00,0.08003,0.08004,0.07997,0.07999,571773.0,45733.93459
2026-09-16 03:43:00,0.07999,0.08005,0.07998,0.08005,81943.0,6556.17212
2026-09-16 03:44:00,0.08006,0.08006,0.08001,0.08004,282321.0,22597.62658
2026-09-16 03:45:00,0.08004,0.08005,0.07993,0.08001,1349767.0,107963.83871
2026-09-16 03:46:00,0.08001,0.08001,0.07996,0.07998,22885.0,1830.3648
2026-09-16 03:47:00,0.07998,0.07998,0.07995,0.07995,214557.0,17154.48585
2026-09-16 03:48:00,0.07994,0.07997,0.07994,0.07997,351662.0,28115.71814
2026-09-16 03:49:00,0.07997,0.07998,0.07995,0.07997,6425.0,513.8
2026-09-16 03:50:00,0.07998,0.07998,0.07993,0.07995,101460.0,8112.46551
2026-09-16 03:51:00,0.07995,0.07996,0.07994,0.07994,29686.0,2373.43422
2026-09-16 03:52:00,0.07994,0.07996,0.07991,0.07996,246983.0,19740.67164
2026-09-16 03:53:00,0.07995,0.08001,0.07995,0.07997,27496.0,2199.03367
2026-09-16 03:54:00,0.07997,0.07997,0.07995,0.07997,70406.0,5629.3223
2026-09-16 03:55:00,0.07996,0.08001,0.07996,0.08,127515.0,10200.94134
2026-09-16 03:56:00,0.08,0.08004,0.07999,0.08004,34796.0,2784.21248
2026-09-16 03:57:00,0.08004,0.08004,0.08002,0.08002,22297.0,1784.45417
2026-09-16 03:58:00,0.08003,0.08007,0.08002,0.08005,42274.0,3384.17974
2026-09-16 03:59:00,0.08005,0.08006,0.08003,0.08003,28302.0,2265.67387
2026-09-16 04:00:00,0.08004,0.08008,0.08004,0.08008,35216.0,2819.24206
2026-09-16 04:01:00,0.08008,0.08008,0.08002,0.08003,727639.0,58245.61274
2026-09-16 04:02:00,0.08002,0.08008,0.08002,0.08006,35144.0,2813.06959
2026-09-16 04:03:00,0.08007,0.08013,0.08006,0.08013,166692.0,13352.45144
2026-09-16 04:04:00,0.08014,0.08021,0.08014,0.08021,25648.0,2056.67156
2026-09-16 04:05:00,0.08021,0.08021,0.08016,0.0802,252307.0,20231.14991
2026-09-16 04:06:00,0.0802,0.08025,0.08019,0.08021,326454.0,26191.55101
2026-09-16 04:07:00,0.08021,0.08023,0.0802,0.0802,122281.0,9808.94528
2026-09-16 04:08:00,0.0802,0.08024,0.0802,0.08021,225977.0,18128.44636
2026-09-16 04:09:00,0.08021,0.08022,0.08017,0.08017,217372.0,17432.43643
2026-09-16 04:10:00,0.08017,0.08024,0.08017,0.08023,715792.0,57418.04792
2026-09-16 04:11:00,0.08022,0.08027,0.08021,0.08027,58332.0,4680.15867
2026-09-16 04:12:00,0.08026,0.08027,0.08019,0.0802,555262.0,44543.86511
2026-09-16 04:13:00,0.0802,0.08024,0.0802,0.08024,26295.0,2109.371
2026-09-16 04:14:00,0.08024,0.08025,0.08024,0.08025,15991.0,1283.14495
2026-09-16 04:15:00,0.08024,0.08024,0.08021,0.08022,60344.0,4840.83377
2026-09-16 04:16:00,0.08022,0.08023,0.08021,0.08022,11470.0,920.10833
2026-09-16 04:17:00,0.08021,0.08024,0.08021,0.08023,158948.0,12751.19178
2026-09-16 04:18:00,0.08023,0.08024,0.08022,0.08024,7731.0,620.26451
2026-09-16 04:19:00,0.08023,0.08023,0.08017,0.08017,119224.0,9560.75056
2026-09-16 04:20:00,0.08017,0.08039,0.08017,0.08039,1060573.0,85137.97809
2026-09-16 04:21:00,0.08039,0.08059,0.08039,0.08054,1685351.0,135693.97256
2026-09-16 04:22:00,0.08053,0.08064,0.08044,0.08059,929986.0,74921.72
2026-09-16 04:23:00,0.0806,0.08077,0.0806,0.08065,829256.0,66916.49143
2026-09-16 04:24:00,0.08066,0.08075,0.08064,0.08064,1335692.0,107780.85872
2026-09-16 04:25:00,0.08065,0.08065,0.08057,0.08059,331810.0,26744.87416
2026-09-16 04:26:00,0.08058,0.0806,0.08055,0.08058,403331.0,32496.48924
2026-09-16 04:27:00,0.08059,0.08059,0.08043,0.08043,1116335.0,89857.1119
2026-09-16 04:28:00,0.08044,0.08045,0.08038,0.08039,176061.0,14158.44475
2026-09-16 04:29:00,0.0804,0.08044,0.08039,0.08042,254215.0,20442.10802
2026-09-16 04:30:00,0.08041,0.08041,0.08033,0.08035,533524.0,42881.4586
2026-09-16 04:31:00,0.08036,0.08037,0.08033,0.08033,222226.0,17858.14205
2026-09-16 04:32:00,0.08034,0.08037,0.08032,0.08032,67418.0,5416.90419
2026-09-16 04:33:00,0.08033,0.08033,0.08022,0.08027,1037338.0,83250.84404
2026-09-16 04:34:00,0.08028,0.08046,0.08027,0.08043,1753023.0,140868.82996
2026-09-16 04:35:00,0.08044,0.08046,0.08043,0.08045,13886.0,1117.02175
2026-09-16 04:36:00,0.08045,0.08046,0.0804,0.08046,297356.0,23915.16623
2026-09-16 04:37:00,0.08046,0.08046,0.08042,0.08045,334912.0,26942.98392
2026-09-16 04:38:00,0.08044,0.08048,0.08044,0.08045,91250.0,7342.50414
2026-09-16 04:39:00,0.08045,0.0805,0.08044,0.0805,47812.0,3847.44946
2026-09-16 04:40:00,0.0805,0.08052,0.08049,0.08052,109544.0,8818.7289
2026-09-16 04:41:00,0.08051,0.08058,0.0805,0.08055,321510.0,25897.24029
2026-09-16 04:42:00,0.08056,0.08071,0.08055,0.08062,1271119.0,102485.44723
2026-09-16 04:43:00,0.08062,0.08062,0.0804,0.08042,4116441.0,331328.65205
2026-09-16 04:44:00,0.08042,0.08042,0.08037,0.08037,82701.0,6647.99745
2026-09-16 04:45:00,0.08038,0.08044,0.08036,0.08044,297099.0,23884.46884
2026-09-16 04:46:00,0.08043,0.08044,0.0804,0.08041,79590.0,6400.63675
2026-09-16 04:47:00,0.08041,0.08041,0.08038,0.08038,54847.0,4409.30186
2026-09-16 04:48:00,0.08038,0.08038,0.08035,0.08035,37215.0,2990.45399
2026-09-16 04:49:00,0.08034,0.08035,0.08033,0.08035,52865.0,4247.0412
2026-09-16 04:50:00,0.08035,0.08035,0.08031,0.08031,21367.0,1716.10957
2026-09-16 04:51:00,0.08031,0.08031,0.08028,0.08028,41436.0,3327.07704
2026-09-16 04:52:00,0.08028,0.08029,0.08026,0.08027,55126.0,4424.71588
2026-09-16 04:53:00,0.08028,0.08028,0.08027,0.08028,8968.0,719.90044
2026-09-16 04:54:00,0.08028,0.08029,0.08024,0.08025,121971.0,9791.26148
2026-09-16 04:55:00,0.08024,0.08024,0.08021,0.08022,143907.0,11544.37245
2026-09-16 04:56:00,0.08023,0.08025,0.08018,0.08018,218475.0,17521.24876
2026-09-16 04:57:00,0.08018,0.08035,0.08018,0.08029,2459453.0,197441.10547
2026-09-16 04:58:00,0.0803,0.08036,0.0803,0.08036,133219.0,10701.6652
2026-09-16 04:59:00,0.08036,0.08036,0.08027,0.08027,85494.0,6865.95802
2026-09-16 05:00:00,0.08027,0.08032,0.08027,0.0803,47031.0,3776.72339
2026-09-16 05:01:00,0.08031,0.08031,0.0802,0.0802,97720.0,7843.74031
2026-09-16 05:02:00,0.0802,0.0802,0.08002,0.08003,859244.0,68816.72316
2026-09-16 05:03:00,0.08003,0.08007,0.08,0.08005,315204.0,25224.06674
2026-09-16 05:04:00,0.08005,0.08008,0.07998,0.08007,1129876.0,90429.99367
2026-09-16 05:05:00,0.08007,0.08013,0.08001,0.08001,230337.0,18442.68951
2026-09-16 05:06:00,0.08002,0.08006,0.07999,0.08004,534592.0,42778.17
2026-09-16 05:07:00,0.08004,0.08008,0.08003,0.08007,293330.0,23482.74048
2026-09-16 05:08:00,0.08007,0.08012,0.08005,0.08009,24192.0,1937.59073
2026-09-16 05:09:00,0.08009,0.08016,0.08009,0.08015,23530.0,1885.08115
2026-09-16 05:10:00,0.08015,0.08018,0.08013,0.08014,138033.0,11065.0918
2026-09-16 05:11:00,0.08014,0.08018,0.08012,0.08016,177664.0,14241.30486
2026-09-16 05:12:00,0.08016,0.0802,0.08015,0.08015,143802.0,11530.8715
2026-09-16 05:13:00,0.08014,0.08017,0.08013,0.08017,38750.0,3105.55841
2026-09-16 05:14:00,0.08018,0.0802,0.08017,0.08017,15202.0,1218.96932
2026-09-16 05:15:00,0.08016,0.08018,0.08014,0.08018,91467.0,7332.61495
2026-09-16 05:16:00,0.08018,0.08019,0.08013,0.08019,104708.0,8393.18383
2026-09-16 05:17:00,0.08019,0.08022,0.08019,0.0802,66590.0,5341.0333
2026-09-16 05:18:00,0.08021,0.08024,0.08017,0.08021,410528.0,32934.35237
2026-09-16 05:19:00,0.08022,0.08024,0.08021,0.08024,52451.0,4207.40319
2026-09-16 05:20:00,0.08023,0.08024,0.08019,0.08019,35157.0,2820.07583
2026-09-16 05:21:00,0.0802,0.08035,0.0802,0.08033,194414.0,15611.21516
2026-09-16 05:22:00,0.08034,0.08034,0.0802,0.08022,85362.0,6855.42045
2026-09-16 05:23:00,0.08023,0.08026,0.0802,0.08025,88070.0,7067.43279
2026-09-16 05:24:00,0.08026,0.08028,0.08026,0.08026,367794.0,29521.58214
2026-09-16 05:25:00,0.08027,0.08029,0.08025,0.08027,38107.0,3059.11198
2026-09-16 05:26:00,0.08027,0.08027,0.08022,0.08024,116567.0,9353.378
2026-09-16 05:27:00,0.08024,0.08024,0.0802,0.08021,27325.0,2192.02381
2026-09-16 05:28:00,0.0802,0.08022,0.08018,0.0802,30126.0,2415.89047
2026-09-16 05:29:00,0.08021,0.08025,0.08021,0.08024,123680.0,9921.92732
2026-09-16 05:30:00,0.08024,0.08025,0.08017,0.08018,66200.0,5309.98335
2026-09-16 05:31:00,0.08018,0.08019,0.08015,0.08018,85172.0,6828.05473
2026-09-16 05:32:00,0.08018,0.0802,0.08017,0.0802,8508.0,682.20478
2026-09-16 05:33:00,0.0802,0.08023,0.08018,0.08021,21611.0,1733.27826
2026-09-16 05:34:00,0.08021,0.08023,0.08018,0.08019,46305.0,3713.8674
2026-09-16 05:35:00,0.08019,0.08023,0.08018,0.08023,64465.0,5171.64428
2026-09-16 05:36:00,0.08023,0.08029,0.08022,0.08022,299011.0,23993.62705
2026-09-16 05:37:00,0.08022,0.08023,0.08016,0.0802,415067.0,33282.82295
2026-09-16 05:38:00,0.08021,0.08024,0.0802,0.08024,76387.0,6128.55378
2026-09-16 05:39:00,0.08024,0.08025,0.08022,0.08022,5869.0,470.90958
2026-09-16 05:40:00,0.08023,0.08026,0.08023,0.08025,69960.0,5613.88096
2026-09-16 05:41:00,0.08025,0.08026,0.08022,0.08023,94514.0,7583.70232
2026-09-16 05:42:00,0.08023,0.08023,0.08013,0.08019,882026.0,70723.56871
2026-09-16 05:43:00,0.08018,0.08032,0.08018,0.08026,1651663.0,132556.08624
2026-09-16 05:44:00,0.08026,0.08027,0.08023,0.08025,296569.0,23798.00857
2026-09-16 05:45:00,0.08026,0.08027,0.08021,0.08022,89888.0,7213.20851
2026-09-16 05:46:00,0.08023,0.08024,0.08021,0.08024,170196.0,13653.48655
2026-09-16 05:47:00,0.08024,0.08024,0.0802,0.08021,20532.0,1647.01319
2026-09-16 05:48:00,0.08021,0.08021,0.08,0.08007,2367626.0,189615.7659
2026-09-16 05:49:00,0.08008,0.0801,0.07999,0.08,894399.0,71577.18166
2026-09-16 05:50:00,0.08001,0.08002,0.07999,0.08,354944.0,28396.73668
2026-09-16 05:51:00,0.08,0.08,0.07997,0.07998,146101.0,11685.82785
2026-09-16 05:52:00,0.07997,0.07999,0.07993,0.07996,234570.0,18754.96804
2026-09-16 05:53:00,0.07996,0.07998,0.07995,0.07996,194372.0,15541.84095
2026-09-16 05:54:00,0.07995,0.07996,0.07992,0.07993,281665.0,22513.59682
2026-09-16 05:55:00,0.07994,0.07999,0.07994,0.07995,470511.0,37624.79137
2026-09-16 05:56:00,0.07994,0.08011,0.07994,0.08007,1632788.0,130675.56455
2026-09-16 05:57:00,0.08006,0.08009,0.08006,0.08009,110220.0,8825.30617
2026-09-16 05:58:00,0.08009,0.08013,0.08009,0.08012,484167.0,38784.47174
2026-09-16 05:59:00,0.08012,0.08014,0.08012,0.08013,34111.0,2733.30783
2026-09-16 06:00:00,0.08014,0.08023,0.08014,0.08023,237598.0,19049.70266
2026-09-16 06:01:00,0.08023,0.08026,0.08023,0.08024,130477.0,10470.10085
2026-09-16 06:02:00,0.08024,0.08026,0.08021,0.08021,193410.0,15516.70369
2026-09-16 06:03:00,0.08022,0.08023,0.08019,0.08019,676039.0,54223.92505
2026-09-16 06:04:00,0.08019,0.08023,0.08008,0.08009,3010409.0,241237.11318
2026-09-16 06:05:00,0.08009,0.08011,0.08009,0.08011,44991.0,3603.60717
2026-09-16 06:06:00,0.08011,0.08011,0.08007,0.0801,6081.0,487.04278
2026-09-16 06:07:00,0.08011,0.08012,0.08009,0.0801,54097.0,4333.45879
2026-09-16 06:08:00,0.08011,0.08013,0.0801,0.0801,25955.0,2079.50584
2026-09-16 06:09:00,0.0801,0.08011,0.08009,0.08011,26198.0,2098.58093
2026-09-16 06:10:00,0.08012,0.08012,0.08009,0.08009,75490.0,6046.80319
2026-09-16 06:11:00,0.0801,0.0801,0.08006,0.0801,112786.0,9032.52193
2026-09-16 06:12:00,0.0801,0.08014,0.0801,0.08014,30032.0,2406.09349
2026-09-16 06:13:00,0.08014,0.08019,0.08014,0.08017,214031.0,17154.11282
2026-09-16 06:14:00,0.08016,0.08017,0.08013,0.08013,12324.0,987.85422
2026-09-16 06:15:00,0.08012,0.08012,0.08008,0.08008,26684.0,2137.14688
2026-09-16 06:16:00,0.08008,0.08013,0.08007,0.08013,23091.0,1849.17679
2026-09-16 06:17:00,0.08013,0.08017,0.08013,0.08015,35589.0,2852.15659
2026-09-16 06:18:00,0.08014,0.08017,0.08013,0.08017,126302.0,10124.87132
2026-09-16 06:19:00,0.08017,0.08018,0.08015,0.08018,94084.0,7542.05305
2026-09-16 06:20:00,0.08019,0.08022,0.08019,0.0802,224247.0,17986.85798
2026-09-16 06:21:00,0.08021,0.08021,0.08017,0.08017,46655.0,3741.44017
2026-09-16 06:22:00,0.08016,0.08016,0.08013,0.08016,60322.0,4834.51312
2026-09-16 06:23:00,0.08016,0.08016,0.08013,0.08014,19433.0,1557.34418
2026-09-16 06:24:00,0.08014,0.08014,0.0801,0.08012,136616.0,10944.39984
2026-09-16 06:25:00,0.08011,0.08012,0.0801,0.08012,283965.0,22748.44994
2026-09-16 06:26:00,0.08013,0.08016,0.08012,0.08016,20945.0,1678.45811
2026-09-16 06:27:00,0.08016,0.08016,0.08009,0.08009,38521.0,3086.05156
2026-09-16 06:28:00,0.0801,0.08013,0.0801,0.08012,134263.0,10757.3892
2026-09-16 06:29:00,0.08013,0.08013,0.08009,0.08011,25794.0,2066.1182
2026-09-16 06:30:00,0.08012,0.08013,0.08006,0.08008,565009.0,45250.58262
2026-09-16 06:31:00,0.08008,0.08009,0.08003,0.08003,247647.0,19829.83334
2026-09-16 06:32:00,0.08004,0.08005,0.08003,0.08004,5576.0,446.32426
2026-09-16 06:33:00,0.08005,0.0801,0.08005,0.0801,295434.0,23654.63333
2026-09-16 06:34:00,0.0801,0.0801,0.08003,0.08005,130244.0,10427.02845
2026-09-16 06:35:00,0.08004,0.08005,0.08002,0.08002,26695.0,2136.41834
2026-09-16 06:36:00,0.08002,0.08004,0.08001,0.08002,125598.0,10050.54512
2026-09-16 06:37:00,0.08001,0.08001,0.07995,0.07996,181140.0,14488.64169
2026-09-16 06:38:00,0.07996,0.07997,0.07992,0.07994,81162.0,6488.09316
2026-09-16 06:39:00,0.07994,0.07999,0.07993,0.07999,91424.0,7309.01298
2026-09-16 06:40:00,0.07999,0.08002,0.07998,0.08002,91449.0,7315.46739
2026-09-16 06:41:00,0.08002,0.08002,0.08001,0.08001,9354.0,748.41997
2026-09-16 06:42:00,0.08,0.08003,0.07999,0.08002,42112.0,3369.03337
2026-09-16 06:43:00,0.08001,0.08004,0.08,0.08003,49821.0,3986.67359
2026-09-16 06:44:00,0.08004,0.0801,0.08004,0.08009,145798.0,11676.40518
2026-09-16 06:45:00,0.08008,0.08011,0.08008,0.08011,113595.0,9098.70561
2026-09-16 06:46:00,0.0801,0.08011,0.0801,0.08011,100188.0,8025.19846
2026-09-16 06:47:00,0.0801,0.08011,0.0801,0.08011,3528974.0,282705.34938
2026-09-16 06:48:00,0.08011,0.08011,0.08005,0.08009,218562.0,17505.03955
2026-09-16 06:49:00,0.0801,0.08011,0.08007,0.08008,125770.0,10074.17514
2026-09-16 06:50:00,0.08007,0.08009,0.08004,0.08004,103733.0,8306.66387
2026-09-16 06:51:00,0.08005,0.08007,0.08005,0.08006,53166.0,4256.5837
2026-09-16 06:52:00,0.08006,0.08009,0.08006,0.08007,23893.0,1913.09238
2026-09-16 06:53:00,0.08007,0.08008,0.08005,0.08007,313879.0,25130.4003
2026-09-16 06:54:00,0.08008,0.08008,0.08007,0.08008,27591.0,2209.23472
2026-09-16 06:55:00,0.08008,0.0801,0.08007,0.08009,22091.0,1769.24942
2026-09-16 06:56:00,0.08009,0.08011,0.08008,0.08008,149323.0,11959.21567
2026-09-16 06:57:00,0.08008,0.08009,0.08006,0.08007,332594.0,26631.76452
2026-09-16 06:58:00,0.08008,0.08018,0.08008,0.08013,4222262.0,338247.54247
2026-09-16 06:59:00,0.08013,0.08026,0.08012,0.08024,628270.0,50387.04732
2026-09-16 07:00:00,0.08023,0.08028,0.08019,0.08027,120760.0,9689.85901
2026-09-16 07:01:00,0.08028,0.08032,0.08028,0.08031,341491.0,27420.9736
2026-09-16 07:02:00,0.08031,0.08035,0.0803,0.08035,127660.0,10253.04738
2026-09-16 07:03:00,0.08035,0.08041,0.08033,0.08035,692831.0,55686.36591
2026-09-16 07:04:00,0.08035,0.08044,0.0803,0.08035,1540204.0,123761.41584
2026-09-16 07:05:00,0.08035,0.08037,0.08029,0.08035,643783.0,51714.17422
2026-09-16 07:06:00,0.08034,0.08034,0.08023,0.08025,61508.0,4937.45583
2026-09-16 07:07:00,0.08025,0.0803,0.08024,0.08028,463773.0,37225.21782
2026-09-16 07:08:00,0.08027,0.08027,0.0802,0.08021,59648.0,4786.5418
2026-09-16 07:09:00,0.0802,0.0802,0.08013,0.08014,230615.0,18487.26238
2026-09-16 07:10:00,0.08013,0.08013,0.08,0.08006,2134839.0,170892.87431
2026-09-16 07:11:00,0.08005,0.08005,0.07997,0.08,609426.0,48760.22828
2026-09-16 07:12:00,0.08001,0.08001,0.07998,0.08,179771.0,14381.7776
2026-09-16 07:13:00,0.08,0.08001,0.07999,0.08,131143.0,10491.37465
2026-09-16 07:14:00,0.08,0.08004,0.07995,0.08003,212302.0,16982.56618
2026-09-16 07:15:00,0.08003,0.08008,0.08003,0.08005,205450.0,16450.42203
2026-09-16 07:16:00,0.08006,0.08007,0.07995,0.07997,1535802.0,122861.11526
2026-09-16 07:17:00,0.07998,0.08,0.07996,0.07996,45073.0,3604.72425
2026-09-16 07:18:00,0.07997,0.07998,0.07992,0.07994,127298.0,10178.24973
2026-09-16 07:19:00,0.07994,0.07995,0.07988,0.07988,80567.0,6438.12366
2026-09-16 07:20:00,0.07988,0.07991,0.07988,0.07991,46340.0,3702.36153
2026-09-16 07:21:00,0.0799,0.07992,0.07983,0.07983,239363.0,19120.39687
2026-09-16 07:22:00,0.07983,0.07984,0.0798,0.07982,223773.0,17860.29901
2026-09-16 07:23:00,0.07983,0.07987,0.07982,0.07985,128701.0,10276.55098
2026-09-16 07:24:00,0.07985,0.07996,0.07983,0.07991,1707074.0,136401.86761
2026-09-16 07:25:00,0.07991,0.07996,0.07989,0.07991,78843.0,6300.94104
2026-09-16 07:26:00,0.07991,0.07992,0.0799,0.0799,45918.0,3669.23946
2026-09-16 07:27:00,0.0799,0.0799,0.07984,0.07985,217094.0,17340.18056
2026-09-16 07:28:00,0.07986,0.07986,0.07981,0.07982,104144.0,8313.33782
2026-09-16 07:29:00,0.07982,0.07984,0.07981,0.07983,55181.0,4404.71304
2026-09-16 07:30:00,0.07984,0.07985,0.0798,0.07982,111827.0,8926.947
2026-09-16 07:31:00,0.07983,0.07985,0.07977,0.07981,155052.0,12377.14414
2026-09-16 07:32:00,0.07982,0.07987,0.07982,0.07986,75114.0,5997.50856
2026-09-16 07:33:00,0.07985,0.07986,0.07981,0.07983,51403.0,4104.07453
2026-09-16 07:34:00,0.07982,0.07986,0.07982,0.07984,99109.0,7913.40554
2026-09-16 07:35:00,0.07984,0.07984,0.07981,0.07982,158018.0,12613.73306
2026-09-16 07:36:00,0.07983,0.07983,0.07982,0.07983,39918.0,3186.31779
2026-09-16 07:37:00,0.07983,0.07986,0.07983,0.07984,87024.0,6948.407
2026-09-16 07:38:00,0.07984,0.07986,0.0798,0.07981,404781.0,32316.65319
2026-09-16 07:39:00,0.07981,0.07986,0.0798,0.07985,65856.0,5257.37636
2026-09-16 07:40:00,0.07986,0.07987,0.07985,0.07987,5963.0,476.22734
2026-09-16 07:41:00,0.07987,0.07987,0.07983,0.07985,136474.0,10897.57889
2026-09-16 07:42:00,0.07985,0.07985,0.07982,0.07983,104863.0,8371.68936
2026-09-16 07:43:00,0.07983,0.07983,0.07975,0.07976,106930.0,8531.49913
2026-09-16 07:44:00,0.07975,0.07976,0.07971,0.07976,334648.0,26684.70082
2026-09-16 07:45:00,0.07976,0.07977,0.07974,0.07975,155441.0,12396.60389
2026-09-16 07:46:00,0.07975,0.07976,0.07974,0.07976,71814.0,5727.36485
2026-09-16 07:47:00,0.07976,0.07978,0.07975,0.07977,51952.0,4143.9164
2026-09-16 07:48:00,0.07977,0.07977,0.07969,0.0797,384743.0,30677.40566
2026-09-16 07:49:00,0.07969,0.07971,0.07964,0.07971,157375.0,12537.51043
2026-09-16 07:50:00,0.0797,0.07971,0.07966,0.07966,78017.0,6216.28167
2026-09-16 07:51:00,0.07966,0.07966,0.07965,0.07966,53599.0,4269.35393
2026-09-16 07:52:00,0.07966,0.07969,0.07963,0.07964,375369.0,29899.89406
2026-09-16 07:53:00,0.07964,0.07966,0.07964,0.07964,66011.0,5257.66573
2026-09-16 07:54:00,0.07964,0.07965,0.07963,0.07964,40386.0,3216.35068
2026-09-16 07:55:00,0.07965,0.07968,0.07964,0.07968,78424.0,6247.73328
2026-09-16 07:56:00,0.07968,0.07969,0.07962,0.07963,255919.0,20383.86654
2026-09-16 07:57:00,0.07964,0.07967,0.07962,0.07966,96696.0,7701.55186
2026-09-16 07:58:00,0.07966,0.07968,0.07966,0.07967,13040.0,1038.86104
2026-09-16 07:59:00,0.07967,0.0797,0.07966,0.07967,104575.0,8332.11635
2026-09-16 08:00:00,0.07967,0.07969,0.07964,0.07964,39715.0,3163.72529
2026-09-16 08:01:00,0.07965,0.07965,0.07961,0.07963,89001.0,7087.35266
2026-09-16 08:02:00,0.07964,0.07964,0.07954,0.07955,622427.0,49531.5772
2026-09-16 08:03:00,0.07955,0.07955,0.07944,0.07947,1784288.0,141819.2228
2026-09-16 08:04:00,0.07947,0.07947,0.07943,0.07943,290679.0,23093.10956
2026-09-16 08:05:00,0.07943,0.07946,0.07938,0.07945,473888.0,37639.88916
2026-09-16 08:06:00,0.07944,0.07944,0.07932,0.07943,771820.0,61283.45012
2026-09-16 08:07:00,0.07942,0.07942,0.07928,0.07929,680915.0,54023.15736
2026-09-16 08:08:00,0.07929,0.07932,0.07926,0.0793,218602.0,17331.83344
2026-09-16 08:09:00,0.0793,0.07941,0.07922,0.07938,1852991.0,147043.46008
2026-09-16 08:10:00,0.07938,0.07943,0.07937,0.07939,342717.0,27213.96157
2026-09-16 08:11:00,0.07938,0.0794,0.07935,0.07937,242221.0,19224.98753
2026-09-16 08:12:00,0.07938,0.07943,0.07938,0.07943,194036.0,15410.84586
2026-09-16 08:13:00,0.07943,0.07946,0.07936,0.07937,667807.0,53029.82881
2026-09-16 08:14:00,0.07938,0.0794,0.07936,0.0794,208148.0,16522.58575
2026-09-16 08:15:00,0.07939,0.07951,0.07938,0.0795,379178.0,30130.29627
2026-09-16 08:16:00,0.07949,0.07954,0.07949,0.07953,197385.0,15695.04519
2026-09-16 08:17:00,0.07953,0.07959,0.07944,0.07949,2085522.0,165819.552
2026-09-16 08:18:00,0.07949,0.07952,0.07939,0.07939,119376.0,9488.01488
2026-09-16 08:19:00,0.07939,0.07947,0.07932,0.0794,1346607.0,106922.28072
2026-09-16 08:20:00,0.0794,0.0794,0.07929,0.07929,661305.0,52473.0658
2026-09-16 08:21:00,0.0793,0.07938,0.07925,0.07933,186985.0,14831.68274
2026-09-16 08:22:00,0.07933,0.07939,0.07932,0.07936,242063.0,19208.29563
2026-09-16 08:23:00,0.07936,0.07936,0.07923,0.07925,397864.0,31539.98908
2026-09-16 08:24:00,0.07925,0.07926,0.07919,0.07922,754428.0,59765.78863
2026-09-16 08:25:00,0.07922,0.07932,0.07916,0.07929,2169576.0,171911.81753
2026-09-16 08:26:00,0.0793,0.0793,0.07919,0.07921,386831.0,30648.67063
2026-09-16 08:27:00,0.07921,0.07925,0.07921,0.07923,134586.0,10663.64151
2026-09-16 08:28:00,0.07922,0.07925,0.0792,0.07925,118248.0,9369.01782
2026-09-16 08:29:00,0.07924,0.07926,0.07919,0.07921,766971.0,60764.20165
2026-09-16 08:30:00,0.07921,0.07925,0.07919,0.07925,304292.0,24103.64106
2026-09-16 08:31:00,0.07925,0.07928,0.07921,0.07928,294347.0,23324.63445
2026-09-16 08:32:00,0.07928,0.07929,0.07923,0.07928,326332.0,25863.66754
2026-09-16 08:33:00,0.07928,0.07928,0.07921,0.07921,217282.0,17221.10516
2026-09-16 08:34:00,0.07922,0.07926,0.07921,0.07925,223071.0,17674.47714
2026-09-16 08:35:00,0.07925,0.07926,0.07922,0.07925,166239.0,13173.43044
2026-09-16 08:36:00,0.07924,0.07928,0.07923,0.07928,161719.0,12817.34513
2026-09-16 08:37:00,0.07927,0.0793,0.07925,0.07929,62256.0,4935.36849
2026-09-16 08:38:00,0.07928,0.07932,0.07928,0.07931,40112.0,3180.94208
2026-09-16 08:39:00,0.07932,0.07932,0.0793,0.07931,58022.0,4601.68493
2026-09-16 08:40:00,0.07931,0.07934,0.07929,0.0793,154497.0,12253.48032
2026-09-16 08:41:00,0.07931,0.07932,0.07927,0.07929,358454.0,28425.15993
2026-09-16 08:42:00,0.0793,0.0793,0.07927,0.07929,91953.0,7289.99724
2026-09-16 08:43:00,0.07929,0.07933,0.07929,0.07932,102245.0,8108.28607
2026-09-16 08:44:00,0.07933,0.07934,0.07932,0.07934,17788.0,1411.09935
2026-09-16 08:45:00,0.07933,0.07933,0.0793,0.07933,88313.0,7004.90633
2026-09-16 08:46:00,0.07932,0.07934,0.07932,0.07932,14801.0,1174.13952
2026-09-16 08:47:00,0.07933,0.07933,0.07928,0.07929,71595.0,5677.7628
2026-09-16 08:48:00,0.07929,0.07929,0.07927,0.07929,121345.0,9620.49458
2026-09-16 08:49:00,0.07929,0.07932,0.07928,0.0793,131510.0,10429.59466
2026-09-16 08:50:00,0.0793,0.07933,0.07928,0.07929,267023.0,21176.85425
2026-09-16 08:51:00,0.07928,0.07929,0.07927,0.07927,122479.0,9709.73746
2026-09-16 08:52:00,0.07927,0.0793,0.07927,0.0793,79614.0,6311.68344
2026-09-16 08:53:00,0.07931,0.07931,0.07929,0.0793,49796.0,3948.5435
2026-09-16 08:54:00,0.07931,0.07937,0.0793,0.07937,114152.0,9056.50493
2026-09-16 08:55:00,0.07938,0.07941,0.07937,0.07941,43257.0,3434.19288
2026-09-16 08:56:00,0.0794,0.0795,0.0794,0.07947,191804.0,15243.61815
2026-09-16 08:57:00,0.07946,0.07952,0.07946,0.07952,23693.0,1883.46676
2026-09-16 08:58:00,0.07952,0.07954,0.07949,0.07951,437519.0,34792.04712
2026-09-16 08:59:00,0.0795,0.07954,0.0795,0.07954,19871.0,1579.86097
2026-09-16 09:00:00,0.07953,0.07959,0.07953,0.07958,102953.0,8190.88581
2026-09-16 09:01:00,0.07959,0.07963,0.07957,0.07963,37489.0,2984.6601
2026-09-16 09:02:00,0.07964,0.07966,0.07961,0.07965,282502.0,22499.14416
2026-09-16 09:03:00,0.07966,0.07971,0.07965,0.0797,61975.0,4938.36721
2026-09-16 09:04:00,0.0797,0.07974,0.07969,0.07973,140259.0,11180.30365
2026-09-16 09:05:00,0.07973,0.07979,0.07972,0.07977,222707.0,17764.25786
2026-09-16 09:06:00,0.07977,0.07977,0.07966,0.07974,1062216.0,84689.26422
2026-09-16 09:07:00,0.07974,0.07974,0.07962,0.07963,323563.0,25774.52646
2026-09-16 09:08:00,0.07962,0.07964,0.0796,0.07962,125728.0,10010.86375
2026-09-16 09:09:00,0.07963,0.07969,0.07963,0.07969,89547.0,7133.3781
2026-09-16 09:10:00,0.0797,0.07971,0.07965,0.07968,463064.0,36897.80782
2026-09-16 09:11:00,0.07968,0.0797,0.07966,0.0797,73640.0,5867.86695
2026-09-16 09:12:00,0.0797,0.0797,0.0796,0.07966,1501856.0,119612.05879
2026-09-16 09:13:00,0.07965,0.07966,0.07961,0.07963,31405.0,2500.76859
2026-09-16 09:14:00,0.07962,0.07965,0.07962,0.07963,35463.0,2824.12902
2026-09-16 09:15:00,0.07963,0.07972,0.07962,0.07972,937902.0,74720.00926
2026-09-16 09:16:00,0.07972,0.07975,0.0797,0.0797,180550.0,14393.40071
2026-09-16 09:17:00,0.07969,0.07974,0.07961,0.07971,1556676.0,124048.34614
2026-09-16 09:18:00,0.07971,0.07974,0.0797,0.0797,187670.0,14961.12103
2026-09-16 09:19:00,0.07971,0.07972,0.07967,0.07971,19757.0,1574.5212
2026-09-16 09:20:00,0.07972,0.07977,0.07972,0.07976,55245.0,4406.36381
2026-09-16 09:21:00,0.07976,0.07976,0.07973,0.07974,21573.0,1720.37779
2026-09-16 09:22:00,0.07975,0.07978,0.07975,0.07976,67015.0,5345.76099
2026-09-16 09:23:00,0.07977,0.0798,0.07976,0.07979,121534.0,9696.13199
2026-09-16 09:24:00,0.0798,0.07983,0.0798,0.07982,105127.0,8390.59443
2026-09-16 09:25:00,0.07983,0.07983,0.0797,0.07976,1691831.0,134932.67998
2026-09-16 09:26:00,0.07975,0.07979,0.07974,0.07974,98323.0,7842.17571
2026-09-16 09:27:00,0.07974,0.07979,0.07969,0.07977,197638.0,15757.84408
2026-09-16 09:28:00,0.07977,0.07977,0.07975,0.07977,29697.0,2368.73798
2026-09-16 09:29:00,0.07976,0.07977,0.07975,0.07975,97134.0,7747.17301
2026-09-16 09:30:00,0.07975,0.07976,0.07975,0.07975,16368.0,1305.39075
2026-09-16 09:31:00,0.07976,0.07976,0.07971,0.07975,171937.0,13709.86224
2026-09-16 09:32:00,0.07975,0.07978,0.07974,0.07977,70317.0,5609.08492
2026-09-16 09:33:00,0.07978,0.07978,0.07975,0.07976,41420.0,3303.73723
2026-09-16 09:34:00,0.07976,0.07978,0.07973,0.07974,168295.0,13423.98095
2026-09-16 09:35:00,0.07975,0.07976,0.07974,0.07974,69538.0,5545.96688
2026-09-16 09:36:00,0.07975,0.07983,0.07975,0.07983,183654.0,14653.67931
2026-09-16 09:37:00,0.07983,0.0799,0.07983,0.07986,99208.0,7922.94605
2026-09-16 09:38:00,0.07986,0.07987,0.07983,0.07984,51074.0,4078.80734
2026-09-16 09:39:00,0.07983,0.07985,0.07981,0.07984,56342.0,4497.91015
2026-09-16 09:40:00,0.07984,0.07987,0.07983,0.07985,67876.0,5420.13827
2026-09-16 09:41:00,0.07985,0.07989,0.07985,0.07987,159484.0,12737.99314
2026-09-16 09:42:00,0.07987,0.07987,0.07984,0.07985,31873.0,2545.13512
2026-09-16 09:43:00,0.07985,0.07985,0.07984,0.07984,25791.0,2059.1956
2026-09-16 09:44:00,0.07985,0.07988,0.07984,0.07988,132006.0,10541.2937
2026-09-16 09:45:00,0.07987,0.07988,0.07984,0.07985,33260.0,2656.07242
2026-09-16 09:46:00,0.07985,0.07985,0.07984,0.07985,56332.0,4497.74952
2026-09-16 09:47:00,0.07984,0.07987,0.07984,0.07987,53299.0,4256.46481
2026-09-16 09:48:00,0.07986,0.07992,0.07986,0.0799,557070.0,44503.38272
2026-09-16 09:49:00,0.0799,0.07996,0.07989,0.07993,780704.0,62396.29954
2026-09-16 09:50:00,0.07993,0.07996,0.07992,0.07994,57292.0,4580.74916
2026-09-16 09:51:00,0.07995,0.07996,0.07993,0.07995,94430.0,7550.19623
2026-09-16 09:52:00,0.07996,0.07997,0.07993,0.07993,151926.0,12146.39348
2026-09-16 09:53:00,0.07993,0.07994,0.07992,0.07993,40330.0,3223.55085
2026-09-16 09:54:00,0.07993,0.07996,0.07992,0.07995,124126.0,9923.63763
2026-09-16 09:55:00,0.07995,0.07996,0.07993,0.07993,109776.0,8776.65512
2026-09-16 09:56:00,0.07993,0.07997,0.07992,0.07993,202292.0,16172.95791
2026-09-16 09:57:00,0.07993,0.07993,0.0799,0.07991,25700.0,2053.79667
2026-09-16 09:58:00,0.07992,0.07993,0.07992,0.07992,55120.0,4405.41298
2026-09-16 09:59:00,0.07992,0.07993,0.0799,0.07992,40042.0,3200.05382
2026-09-16 10:00:00,0.07991,0.07995,0.0799,0.07995,388108.0,31016.77903
2026-09-16 10:01:00,0.07994,0.07995,0.0799,0.07992,315385.0,25209.31327
2026-09-16 10:02:00,0.07991,0.07992,0.07988,0.07988,94439.0,7546.44378
2026-09-16 10:03:00,0.07989,0.07991,0.07988,0.07989,64366.0,5142.82574
2026-09-16 10:04:00,0.0799,0.0799,0.07985,0.07985,424451.0,33903.61088
2026-09-16 10:05:00,0.07986,0.07986,0.07978,0.07979,209183.0,16698.73096
2026-09-16 10:06:00,0.07979,0.07989,0.07979,0.07985,1380952.0,110276.89465
2026-09-16 10:07:00,0.07984,0.07985,0.07983,0.07984,11091.0,885.52263
2026-09-16 10:08:00,0.07985,0.07985,0.07981,0.07981,21125.0,1686.32382
2026-09-16 10:09:00,0.07982,0.07986,0.07982,0.07985,14902.0,1189.83129
2026-09-16 10:10:00,0.07984,0.07988,0.07984,0.07986,114779.0,9167.19327
2026-09-16 10:11:00,0.07985,0.07987,0.07976,0.0798,1390475.0,110975.61697
2026-09-16 10:12:00,0.07981,0.07981,0.07976,0.07976,27047.0,2158.05592
2026-09-16 10:13:00,0.07977,0.07977,0.07972,0.07974,167726.0,13374.58785
2026-09-16 10:14:00,0.07974,0.07975,0.07973,0.07975,33519.0,2672.77435
2026-09-16 10:15:00,0.07974,0.07977,0.07974,0.07975,69337.0,5530.10862
2026-09-16 10:16:00,0.07976,0.07976,0.07973,0.07974,64095.0,5110.73267
2026-09-16 10:17:00,0.07974,0.07986,0.07973,0.07982,893244.0,71284.4481
2026-09-16 10:18:00,0.07982,0.07985,0.07982,0.07984,58778.0,4692.81093
2026-09-16 10:19:00,0.07983,0.07989,0.07983,0.07989,84978.0,6785.78072
2026-09-16 10:20:00,0.07989,0.07992,0.07988,0.07989,189883.0,15171.82123
2026-09-16 10:21:00,0.07988,0.0799,0.07988,0.0799,57343.0,4581.05565
2026-09-16 10:22:00,0.0799,0.0799,0.0798,0.0798,417112.0,33304.17133
2026-09-16 10:23:00,0.0798,0.0798,0.07975,0.07977,42227.0,3368.17126
2026-09-16 10:24:00,0.07976,0.07977,0.07974,0.07975,136024.0,10848.99269
2026-09-16 10:25:00,0.07975,0.07977,0.07975,0.07977,79373.0,6330.80498
2026-09-16 10:26:00,0.07976,0.07985,0.07976,0.07982,275835.0,22018.00187
2026-09-16 10:27:00,0.07982,0.07983,0.0798,0.07981,18365.0,1465.75788
2026-09-16 10:28:00,0.07981,0.07981,0.07978,0.07979,48135.0,3841.06625
2026-09-16 10:29:00,0.0798,0.07984,0.07978,0.07983,395961.0,31602.5109
2026-09-16 10:30:00,0.07983,0.07986,0.07983,0.07985,20131.0,1607.37776
2026-09-16 10:31:00,0.07985,0.07986,0.07981,0.07984,39294.0,3137.0639
2026-09-16 10:32:00,0.07984,0.07985,0.07983,0.07983,21260.0,1697.22499
2026-09-16 10:33:00,0.07984,0.07985,0.07983,0.07984,54902.0,4383.46732
2026-09-16 10:34:00,0.07984,0.07991,0.07983,0.07986,504829.0,40330.67755
2026-09-16 10:35:00,0.07985,0.07986,0.07984,0.07986,39591.0,3161.39259
2026-09-16 10:36:00,0.07986,0.07988,0.07985,0.07988,66675.0,5325.597
2026-09-16 10:37:00,0.07987,0.07997,0.07987,0.07995,977437.0,78128.56523
2026-09-16 10:38:00,0.07994,0.07995,0.0799,0.07992,85553.0,6838.46019
2026-09-16 10:39:00,0.07991,0.07992,0.07988,0.0799,49228.0,3933.10774
2026-09-16 10:40:00,0.0799,0.0799,0.07989,0.07989,56323.0,4499.82741
2026-09-16 10:41:00,0.07989,0.07991,0.07987,0.07988,144619.0,11553.37625
2026-09-16 10:42:00,0.07988,0.07991,0.07988,0.07991,159868.0,12771.27505
2026-09-16 10:43:00,0.07991,0.07994,0.0799,0.07994,313378.0,25048.6945
2026-09-16 10:44:00,0.07995,0.07996,0.07992,0.07994,288355.0,23048.98626
2026-09-16 10:45:00,0.07995,0.07999,0.07993,0.07998,975630.0,78000.67643
2026-09-16 10:46:00,0.07998,0.07999,0.07995,0.07995,124778.0,9978.61511
2026-09-16 10:47:00,0.07995,0.07995,0.07991,0.07992,170697.0,13642.39716
2026-09-16 10:48:00,0.07991,0.07993,0.0799,0.07992,90626.0,7242.34083
2026-09-16 10:49:00,0.07993,0.07993,0.07992,0.07993,96954.0,7749.04322
2026-09-16 10:50:00,0.07992,0.07994,0.07992,0.07994,57934.0,4630.57256
2026-09-16 10:51:00,0.07993,0.07994,0.0799,0.07991,328158.0,26226.37826
2026-09-16 10:52:00,0.07991,0.07991,0.0799,0.0799,93819.0,7496.39146
2026-09-16 10:53:00,0.07991,0.07992,0.0799,0.07991,94144.0,7523.37752
2026-09-16 10:54:00,0.07991,0.07993,0.07991,0.07991,88730.0,7090.77642
2026-09-16 10:55:00,0.07992,0.07992,0.07989,0.0799,91067.0,7276.54245
2026-09-16 10:56:00,0.07991,0.07991,0.07988,0.0799,280331.0,22395.62184
2026-09-16 10:57:00,0.07989,0.07994,0.07988,0.07993,816887.0,65273.03983
2026-09-16 10:58:00,0.07992,0.08,0.07992,0.07997,666847.0,53320.49027
2026-09-16 10:59:00,0.07998,0.08005,0.07997,0.08005,1034622.0,82772.39211
2026-09-16 11:00:00,0.08005,0.08016,0.08004,0.08015,865364.0,69298.91434
2026-09-16 11:01:00,0.08016,0.08016,0.07998,0.07998,260583.0,20858.35645
2026-09-16 11:02:00,0.07998,0.08003,0.07998,0.08003,566809.0,45350.38356
2026-09-16 11:03:00,0.08002,0.08011,0.08002,0.08011,15576.0,1246.98901
2026-09-16 11:04:00,0.08011,0.08012,0.08006,0.08007,24411.0,1955.05771
2026-09-16 11:05:00,0.08007,0.08008,0.08005,0.08006,21296.0,1705.17935
2026-09-16 11:06:00,0.08005,0.08006,0.08005,0.08006,11635.0,931.4079
2026-09-16 11:07:00,0.08005,0.08005,0.07999,0.08,608325.0,48672.19501
2026-09-16 11:08:00,0.07999,0.08,0.07995,0.07995,83523.0,6680.59201
2026-09-16 11:09:00,0.07996,0.07999,0.07994,0.07998,35229.0,2816.87014
2026-09-16 11:10:00,0.07997,0.07998,0.07996,0.07997,48575.0,3884.36292
2026-09-16 11:11:00,0.07997,0.07998,0.07996,0.07997,31003.0,2479.44729
2026-09-16 11:12:00,0.07996,0.07997,0.07993,0.07994,126051.0,10078.19305
2026-09-16 11:13:00,0.07994,0.07995,0.07992,0.07993,32009.0,2558.69268
2026-09-16 11:14:00,0.07992,0.07993,0.0799,0.07991,319379.0,25523.48989
2026-09-16 11:15:00,0.07991,0.07991,0.07988,0.07989,550624.0,43989.93119
2026-09-16 11:16:00,0.07989,0.08001,0.07989,0.07999,900553.0,72015.98473
2026-09-16 11:17:00,0.08,0.08,0.07998,0.07999,25115.0,2008.9974
2026-09-16 11:18:00,0.07999,0.08003,0.07999,0.08002,100482.0,8039.53051
2026-09-16 11:19:00,0.08003,0.08005,0.08002,0.08003,51581.0,4128.08669
2026-09-16 11:20:00,0.08002,0.08004,0.08002,0.08004,89638.0,7174.20606
2026-09-16 11:21:00,0.08004,0.08013,0.08004,0.08007,819981.0,65672.49884
2026-09-16 11:22:00,0.08006,0.08007,0.07998,0.08002,858772.0,68728.45548
2026-09-16 11:23:00,0.08001,0.08002,0.07997,0.07998,37977.0,3037.93285
2026-09-16 11:24:00,0.07998,0.07998,0.07995,0.07997,88295.0,7060.80455
2026-09-16 11:25:00,0.07996,0.08001,0.07996,0.08,81271.0,6501.56193
2026-09-16 11:26:00,0.08001,0.08009,0.08,0.08008,553839.0,44339.97635
2026-09-16 11:27:00,0.08009,0.08009,0.08008,0.08008,9046.0,724.45058
2026-09-16 11:28:00,0.08008,0.08009,0.08004,0.08005,62797.0,5027.41187
2026-09-16 11:29:00,0.08005,0.08007,0.08005,0.08005,59089.0,4730.50667
2026-09-16 11:30:00,0.08005,0.08009,0.08003,0.08008,155783.0,12473.19429
2026-09-16 11:31:00,0.08007,0.08016,0.08006,0.08014,108004.0,8653.69764
2026-09-16 11:32:00,0.08014,0.08022,0.08002,0.08012,880248.0,70513.24776
2026-09-16 11:33:00,0.08012,0.08015,0.0801,0.08012,169883.0,13612.9815
2026-09-16 11:34:00,0.08013,0.08014,0.08011,0.08012,164873.0,13209.15656
2026-09-16 11:35:00,0.08012,0.08014,0.0801,0.08013,177319.0,14207.47941
2026-09-16 11:36:00,0.08013,0.08019,0.08011,0.08019,115736.0,9274.91516
2026-09-16 11:37:00,0.08019,0.08028,0.08013,0.08013,1461291.0,117245.80495
2026-09-16 11:38:00,0.08014,0.08014,0.08007,0.08009,227686.0,18235.6235
2026-09-16 11:39:00,0.08009,0.08013,0.08009,0.08011,10211.0,818.04658
2026-09-16 11:40:00,0.08012,0.08019,0.08005,0.08012,1209336.0,96891.1856
2026-09-16 11:41:00,0.08013,0.0802,0.08013,0.08017,352134.0,28236.21962
2026-09-16 11:42:00,0.08018,0.08029,0.08017,0.08029,349098.0,28006.07121
2026-09-16 11:43:00,0.08028,0.08038,0.08025,0.08037,319578.0,25661.22846
2026-09-16 11:44:00,0.08037,0.08041,0.0803,0.08033,187718.0,15083.18134
2026-09-16 11:45:00,0.08033,0.08038,0.08025,0.08026,656394.0,52732.59271
2026-09-16 11:46:00,0.08027,0.0803,0.08022,0.08024,137962.0,11071.92551
2026-09-16 11:47:00,0.08024,0.08029,0.08023,0.08029,227629.0,18268.61084
2026-09-16 11:48:00,0.08028,0.08028,0.08023,0.08023,144420.0,11591.64588
2026-09-16 11:49:00,0.08023,0.08025,0.08022,0.08024,67248.0,5395.34688
2026-09-16 11:50:00,0.08023,0.08037,0.08023,0.08031,704863.0,56623.60161
2026-09-16 11:51:00,0.08032,0.08034,0.08027,0.08027,167124.0,13420.66484
2026-09-16 11:52:00,0.08027,0.08029,0.08024,0.08027,254126.0,20397.32705
2026-09-16 11:53:00,0.08027,0.08028,0.08025,0.08025,243491.0,19545.76782
2026-09-16 11:54:00,0.08025,0.08025,0.08019,0.08021,322530.0,25869.05798
2026-09-16 11:55:00,0.08022,0.08023,0.0802,0.08021,74526.0,5978.10525
2026-09-16 11:56:00,0.0802,0.08022,0.08017,0.08018,144090.0,11555.68613
2026-09-16 11:57:00,0.08019,0.08022,0.08017,0.08021,171835.0,13778.42766
2026-09-16 11:58:00,0.08021,0.08023,0.08019,0.08022,178710.0,14333.74876
2026-09-16 11:59:00,0.08022,0.08024,0.08021,0.08021,133749.0,10729.43213
2026-09-16 12:00:00,0.08022,0.08022,0.08016,0.08018,94702.0,7594.93404
2026-09-16 12:01:00,0.08017,0.08029,0.08017,0.08023,679658.0,54542.23522
2026-09-16 12:02:00,0.08023,0.08023,0.08018,0.08019,93274.0,7480.72513
2026-09-16 12:03:00,0.08019,0.08028,0.08019,0.08026,273794.0,21966.84732
2026-09-16 12:04:00,0.08025,0.08032,0.08024,0.08032,147778.0,11864.81321
2026-09-16 12:05:00,0.08032,0.08032,0.08021,0.08021,236707.0,18992.51708
2026-09-16 12:06:00,0.08021,0.08023,0.08019,0.0802,104252.0,8362.48457
2026-09-16 12:07:00,0.08021,0.08025,0.0802,0.0802,49574.0,3976.87835
2026-09-16 12:08:00,0.0802,0.08021,0.08015,0.08017,101087.0,8104.41413
2026-09-16 12:09:00,0.08017,0.08017,0.08015,0.08015,95040.0,7618.57729
2026-09-16 12:10:00,0.08015,0.08015,0.08009,0.08009,179412.0,14375.7794
2026-09-16 12:11:00,0.08009,0.08013,0.08001,0.08003,714233.0,57186.16756
2026-09-16 12:12:00,0.08003,0.08003,0.08,0.08001,181615.0,14533.3039
2026-09-16 12:13:00,0.08,0.08001,0.07982,0.07988,2209648.0,176581.88574
2026-09-16 12:14:00,0.07989,0.07989,0.07988,0.07988,36367.0,2905.01606
2026-09-16 12:15:00,0.07988,0.07992,0.07987,0.0799,149411.0,11937.81488
2026-09-16 12:16:00,0.07991,0.07996,0.0799,0.07995,278491.0,22261.25468
2026-09-16 12:17:00,0.07996,0.08002,0.07996,0.07999,241004.0,19279.10676
2026-09-16 12:18:00,0.07998,0.07998,0.07988,0.07988,74235.0,5932.24874
2026-09-16 12:19:00,0.07989,0.08,0.07987,0.07993,1141944.0,91281.53622
2026-09-16 12:20:00,0.07992,0.07992,0.07985,0.07988,156007.0,12460.69857
2026-09-16 12:21:00,0.07988,0.07991,0.07987,0.0799,60386.0,4824.25946
2026-09-16 12:22:00,0.07989,0.07991,0.07988,0.0799,97787.0,7813.02072
2026-09-16 12:23:00,0.0799,0.07991,0.07986,0.07987,1400476.0,111895.14477
2026-09-16 12:24:00,0.07987,0.07987,0.07979,0.07979,435090.0,34733.04973
2026-09-16 12:25:00,0.07979,0.07984,0.07976,0.07977,71335.0,5692.09277
2026-09-16 12:26:00,0.07976,0.07977,0.07975,0.07976,95340.0,7604.33073
2026-09-16 12:27:00,0.07976,0.07977,0.07972,0.07972,140290.0,11186.53694
2026-09-16 12:28:00,0.07972,0.07972,0.07955,0.07955,2541766.0,202317.9355
2026-09-16 12:29:00,0.07956,0.07961,0.07954,0.0796,1406174.0,111880.37321
2026-09-16 12:30:00,0.07961,0.07963,0.07948,0.07953,1222891.0,97266.58246
2026-09-16 12:31:00,0.07952,0.07955,0.07943,0.07943,1282088.0,101897.46664
2026-09-16 12:32:00,0.07943,0.07943,0.07927,0.07932,1151414.0,91340.6126
2026-09-16 12:33:00,0.07933,0.07957,0.07933,0.07956,424318.0,33705.26673
2026-09-16 12:34:00,0.07956,0.07959,0.07954,0.07959,211768.0,16847.25309
2026-09-16 12:35:00,0.07959,0.07961,0.07955,0.07958,157003.0,12496.62535
2026-09-16 12:36:00,0.07957,0.07958,0.07943,0.07944,256515.0,20390.1378
2026-09-16 12:37:00,0.07945,0.07949,0.07944,0.07945,389625.0,30966.19373
2026-09-16 12:38:00,0.07946,0.07946,0.07938,0.07942,94574.0,7512.89462
2026-09-16 12:39:00,0.07941,0.07944,0.07935,0.0794,216575.0,17195.63446
2026-09-16 12:40:00,0.0794,0.07943,0.07939,0.07941,216063.0,17159.65725
2026-09-16 12:41:00,0.07941,0.07946,0.07941,0.07944,48849.0,3880.76499
2026-09-16 12:42:00,0.07943,0.07943,0.07938,0.07938,80091.0,6359.44202
2026-09-16 12:43:00,0.07939,0.0794,0.07938,0.07939,37841.0,3004.22494
2026-09-16 12:44:00,0.07939,0.0794,0.07933,0.07933,339428.0,26937.6368
2026-09-16 12:45:00,0.07933,0.07935,0.07927,0.07935,312180.0,24753.25485
2026-09-16 12:46:00,0.07936,0.07944,0.07936,0.07944,343778.0,27298.3741
2026-09-16 12:47:00,0.07943,0.07945,0.07941,0.07944,63302.0,5028.03549
2026-09-16 12:48:00,0.07943,0.07947,0.07942,0.07945,109377.0,8689.5083
2026-09-16 12:49:00,0.07946,0.07951,0.07946,0.07949,27006.0,2147.01393
2026-09-16 12:50:00,0.0795,0.07952,0.07947,0.0795,165219.0,13135.04253
2026-09-16 12:51:00,0.07951,0.07951,0.07946,0.07949,76885.0,6111.18484
2026-09-16 12:52:00,0.0795,0.0795,0.07946,0.07946,66893.0,5317.01635
2026-09-16 12:53:00,0.07946,0.07951,0.07942,0.07942,209767.0,16670.82303
2026-09-16 12:54:00,0.07941,0.07944,0.07939,0.0794,116082.0,9218.06401
2026-09-16 12:55:00,0.07939,0.07939,0.07929,0.07937,1515846.0,120213.38964
2026-09-16 12:56:00,0.07938,0.07947,0.07938,0.07946,103723.0,8238.43849
2026-09-16 12:57:00,0.07947,0.07947,0.07942,0.07942,287556.0,22844.59066
2026-09-16 12:58:00,0.07942,0.07944,0.07939,0.07941,72265.0,5738.48394
2026-09-16 12:59:00,0.0794,0.07941,0.07929,0.07937,883284.0,70073.99637
2026-09-16 13:00:00,0.07936,0.07939,0.07932,0.07933,110291.0,8750.39388
2026-09-16 13:01:00,0.07932,0.07932,0.07922,0.07922,816303.0,64717.38681
2026-09-16 13:02:00,0.07921,0.07923,0.07901,0.07906,2592627.0,205018.1654
2026-09-16 13:03:00,0.07906,0.07907,0.07892,0.07896,2157141.0,170377.93141
2026-09-16 13:04:00,0.07896,0.07902,0.07887,0.07902,818626.0,64608.36234
2026-09-16 13:05:00,0.07903,0.07918,0.07902,0.07912,228634.0,18086.62853
2026-09-16 13:06:00,0.07912,0.07915,0.07909,0.07911,185394.0,14666.76207
2026-09-16 13:07:00,0.07912,0.07914,0.07907,0.07913,232864.0,18422.89501
2026-09-16 13:08:00,0.07913,0.07914,0.0791,0.07911,313981.0,24842.02608
2026-09-16 13:09:00,0.07911,0.07911,0.07909,0.07911,101245.0,8008.72448
2026-09-16 13:10:00,0.0791,0.0791,0.07897,0.07899,255588.0,20192.11574
2026-09-16 13:11:00,0.079,0.07903,0.07898,0.07903,129162.0,10204.13244
2026-09-16 13:12:00,0.07902,0.0791,0.07894,0.07898,1959177.0,154846.979
2026-09-16 13:13:00,0.07899,0.07914,0.07899,0.07911,1040246.0,82271.8463
2026-09-16 13:14:00,0.07911,0.07916,0.07911,0.07916,111909.0,8856.74465
2026-09-16 13:15:00,0.07915,0.07924,0.0791,0.07923,454712.0,35985.28828
2026-09-16 13:16:00,0.07923,0.07928,0.07918,0.07919,285768.0,22641.76956
2026-09-16 13:17:00,0.0792,0.07924,0.07916,0.07923,170062.0,13468.86923
2026-09-16 13:18:00,0.07923,0.07932,0.07922,0.0793,202557.0,16061.07534
2026-09-16 13:19:00,0.07931,0.07932,0.07916,0.07921,1741163.0,137976.82429
2026-09-16 13:20:00,0.0792,0.0792,0.07906,0.07911,951910.0,75289.36852
2026-09-16 13:21:00,0.07912,0.07921,0.07911,0.07918,127782.0,10114.148
2026-09-16 13:22:00,0.07918,0.07922,0.07914,0.07914,258450.0,20466.42243
2026-09-16 13:23:00,0.07913,0.07914,0.07906,0.07907,1569508.0,124147.64812
2026-09-16 13:24:00,0.07908,0.07912,0.07907,0.07909,40418.0,3196.57819
2026-09-16 13:25:00,0.07909,0.07921,0.07907,0.07916,1875943.0,148505.60654
2026-09-16 13:26:00,0.07916,0.07921,0.07916,0.07918,1477870.0,117060.90727
2026-09-16 13:27:00,0.07918,0.07928,0.07918,0.07926,8522372.0,675135.25885
2026-09-16 13:28:00,0.07926,0.07926,0.07921,0.07921,338899.0,26852.07062
2026-09-16 13:29:00,0.07921,0.07921,0.07916,0.07917,428559.0,33934.55268
2026-09-16 13:30:00,0.07916,0.07926,0.07913,0.07919,968959.0,76739.32882
2026-09-16 13:31:00,0.0792,0.07927,0.07912,0.07926,2363429.0,187210.30284
2026-09-16 13:32:00,0.07926,0.07929,0.0791,0.07916,3364434.0,266430.91801
2026-09-16 13:33:00,0.07916,0.07926,0.07914,0.07919,279650.0,22155.56571
2026-09-16 13:34:00,0.0792,0.07923,0.07915,0.0792,315204.0,24962.54441
2026-09-16 13:35:00,0.07921,0.07931,0.0792,0.07922,489810.0,38813.583
2026-09-16 13:36:00,0.07922,0.07922,0.07915,0.07916,179440.0,14208.95371
2026-09-16 13:37:00,0.07915,0.07916,0.07906,0.07907,331310.0,26212.0871
2026-09-16 13:38:00,0.07908,0.0791,0.07903,0.07909,83619.0,6611.56152
2026-09-16 13:39:00,0.0791,0.07921,0.07904,0.07904,199577.0,15795.35324
2026-09-16 13:40:00,0.07904,0.07908,0.07903,0.07906,616507.0,48734.75094
2026-09-16 13:41:00,0.07906,0.07925,0.07906,0.07919,222623.0,17626.66874
2026-09-16 13:42:00,0.07919,0.0792,0.0791,0.07915,98887.0,7826.52441
2026-09-16 13:43:00,0.07916,0.0792,0.07913,0.0792,34973.0,2768.90047
2026-09-16 13:44:00,0.07921,0.07928,0.07921,0.07925,66211.0,5247.97812
2026-09-16 13:45:00,0.07924,0.07931,0.07919,0.07923,1131621.0,89684.51487
2026-09-16 13:46:00,0.07923,0.07935,0.07917,0.07932,1752650.0,138899.60112
2026-09-16 13:47:00,0.07933,0.07955,0.07932,0.07954,724423.0,57521.41592
2026-09-16 13:48:00,0.07955,0.07959,0.07948,0.07949,220455.0,17533.72492
2026-09-16 13:49:00,0.07948,0.07952,0.07943,0.07952,195746.0,15555.62463
2026-09-16 13:50:00,0.07952,0.07957,0.07942,0.07944,306717.0,24386.42497
2026-09-16 13:51:00,0.07944,0.07944,0.07934,0.07936,305251.0,24239.95096
2026-09-16 13:52:00,0.07937,0.07941,0.07932,0.07932,91553.0,7265.97803
2026-09-16 13:53:00,0.07932,0.07937,0.07926,0.07936,235770.0,18698.73376
2026-09-16 13:54:00,0.07936,0.07937,0.07929,0.07932,135959.0,10785.69758
2026-09-16 13:55:00,0.07932,0.0794,0.07931,0.07936,309808.0,24589.39356
2026-09-16 13:56:00,0.07936,0.07936,0.0793,0.07934,212644.0,16868.57022
2026-09-16 13:57:00,0.07933,0.07937,0.07931,0.07934,109555.0,8693.58961
2026-09-16 13:58:00,0.07935,0.07936,0.07931,0.07931,426219.0,33814.36015
2026-09-16 13:59:00,0.07931,0.07931,0.07926,0.07929,48632.0,3855.75245
2026-09-16 14:00:00,0.07929,0.07932,0.07926,0.07927,64371.0,5103.59146
2026-09-16 14:01:00,0.07928,0.07932,0.07925,0.07926,300170.0,23791.77761
2026-09-16 14:02:00,0.07925,0.07925,0.07913,0.07915,483209.0,38261.46473
2026-09-16 14:03:00,0.07914,0.07918,0.07907,0.07909,509632.0,40318.25451
2026-09-16 14:04:00,0.07908,0.0791,0.07899,0.07909,767553.0,60667.7217
2026-09-16 14:05:00,0.07908,0.07915,0.07906,0.07914,28622.0,2264.55793
