timestamp,open,high,low,close,volume,quote_volume
2026-09-14 12:06:00,2510.49,2510.79,2509.4,2509.4,141.334,354761.143546
2026-09-14 12:07:00,2509.4,2510.7,2509.4,2510.69,187.7563,471307.075042
2026-09-14 12:08:00,2510.69,2511.96,2510.69,2510.91,118.0131,296389.539328
2026-09-14 12:09:00,2510.92,2511.02,2510.43,2510.83,45.758,114887.264682
2026-09-14 12:10:00,2510.82,2512.8,2510.81,2512.11,329.554,827899.642154
2026-09-14 12:11:00,2512.11,2513.09,2512.11,2512.4,289.4761,727340.819769
2026-09-14 12:12:00,2512.41,2513.0,2512.25,2512.5,291.5247,732513.994548
2026-09-14 12:13:00,2512.51,2513.0,2511.4,2511.41,314.9651,791383.383425
2026-09-14 12:14:00,2511.4,2512.14,2510.43,2512.13,57.8655,145305.572289
2026-09-14 12:15:00,2512.13,2513.59,2511.96,2513.59,319.654,803287.794999
2026-09-14 12:16:00,2513.58,2514.35,2511.27,2512.54,211.3572,531215.949148
2026-09-14 12:17:00,2512.54,2514.53,2512.14,2514.52,75.4037,189537.775868
2026-09-14 12:18:00,2514.52,2514.58,2513.7,2513.77,76.7513,192973.873559
2026-09-14 12:19:00,2513.76,2515.41,2513.76,2514.63,151.8048,381719.778444
2026-09-14 12:20:00,2514.63,2515.02,2512.14,2512.15,265.4064,667193.848371
2026-09-14 12:21:00,2512.15,2512.44,2511.68,2512.4,71.7397,180219.588924
2026-09-14 12:22:00,2512.39,2514.64,2512.39,2514.4,57.3373,144142.414645
2026-09-14 12:23:00,2514.4,2515.03,2514.24,2514.88,49.1539,123606.33784
2026-09-14 12:24:00,2514.87,2515.29,2514.59,2515.29,134.9438,339388.516009
2026-09-14 12:25:00,2515.29,2515.29,2513.48,2514.05,118.8279,298762.852953
2026-09-14 12:26:00,2514.05,2514.23,2512.42,2512.43,54.303,136481.229121
2026-09-14 12:27:00,2512.42,2513.72,2512.14,2512.82,323.7681,813621.998856
2026-09-14 12:28:00,2512.83,2514.44,2512.83,2514.43,50.7797,127646.539155
2026-09-14 12:29:00,2514.43,2516.02,2514.42,2515.93,123.1177,309708.270954
2026-09-14 12:30:00,2515.92,2516.15,2514.82,2515.74,173.5188,436515.775415
2026-09-14 12:31:00,2515.74,2517.8,2515.61,2517.79,157.7799,397060.021273
2026-09-14 12:32:00,2517.8,2518.0,2517.05,2518.0,93.591,235610.577001
2026-09-14 12:33:00,2517.99,2518.33,2517.53,2517.93,211.5202,532544.425197
2026-09-14 12:34:00,2517.94,2518.71,2516.16,2516.4,532.4273,1340543.557499
2026-09-14 12:35:00,2516.39,2516.39,2507.33,2509.95,440.9125,1107304.973369
2026-09-14 12:36:00,2509.95,2511.43,2506.81,2508.38,388.9233,975703.986349
2026-09-14 12:37:00,2508.42,2508.42,2506.22,2507.69,179.7901,450760.78404
2026-09-14 12:38:00,2507.7,2510.57,2507.01,2509.88,191.7952,481306.319061
2026-09-14 12:39:00,2509.89,2512.15,2509.88,2511.88,133.7738,335924.986964
2026-09-14 12:40:00,2511.88,2511.89,2510.05,2511.41,114.1951,286709.692151
2026-09-14 12:41:00,2511.4,2511.4,2507.06,2510.68,354.2698,889152.547376
2026-09-14 12:42:00,2510.68,2511.5,2509.51,2511.09,119.5579,300151.767982
2026-09-14 12:43:00,2511.1,2514.16,2511.1,2513.75,158.1864,397554.868567
2026-09-14 12:44:00,2513.75,2514.06,2512.2,2512.21,134.79,338784.03517
2026-09-14 12:45:00,2512.2,2514.22,2512.1,2512.91,131.5543,330585.284708
2026-09-14 12:46:00,2512.92,2512.92,2509.79,2510.68,77.5083,194628.451773
2026-09-14 12:47:00,2510.67,2511.09,2509.9,2510.72,45.7436,114841.971619
2026-09-14 12:48:00,2510.72,2510.73,2509.41,2509.45,76.9142,193051.45485
2026-09-14 12:49:00,2509.44,2509.44,2508.71,2509.06,62.084,155771.813566
2026-09-14 12:50:00,2509.06,2509.53,2506.71,2507.47,287.81,721758.758521
2026-09-14 12:51:00,2507.46,2507.47,2506.0,2506.0,44.2379,110893.118773
2026-09-14 12:52:00,2506.0,2506.44,2505.44,2506.38,159.9439,400822.37951
2026-09-14 12:53:00,2506.38,2507.21,2505.47,2505.48,113.063,283369.409403
2026-09-14 12:54:00,2505.47,2505.47,2503.71,2503.99,515.3048,1290629.257301
2026-09-14 12:55:00,2504.0,2506.14,2499.53,2503.95,3032.2627,7588765.592711
2026-09-14 12:56:00,2503.95,2504.72,2503.36,2504.08,112.0691,280629.106236
2026-09-14 12:57:00,2504.07,2505.0,2504.07,2504.71,54.3815,136205.564818
2026-09-14 12:58:00,2504.71,2505.01,2504.71,2504.89,114.2036,286064.030158
2026-09-14 12:59:00,2504.89,2505.68,2504.37,2505.67,172.3909,431805.44907
2026-09-14 13:00:00,2505.68,2505.68,2503.28,2504.38,224.1783,561531.374178
2026-09-14 13:01:00,2504.39,2504.39,2501.89,2502.07,354.6767,887736.858229
2026-09-14 13:02:00,2502.07,2502.85,2498.65,2499.05,860.7372,2151902.637786
2026-09-14 13:03:00,2499.05,2502.81,2498.7,2499.12,464.5803,1161857.40897
2026-09-14 13:04:00,2499.13,2500.46,2496.63,2497.7,327.6672,818484.353618
2026-09-14 13:05:00,2497.7,2499.61,2497.7,2498.73,95.7382,239221.317579
2026-09-14 13:06:00,2498.72,2498.72,2491.77,2493.28,779.083,1943019.76289
2026-09-14 13:07:00,2493.28,2494.17,2492.47,2493.54,260.024,648304.1234
2026-09-14 13:08:00,2493.54,2494.24,2487.84,2490.15,1070.9093,2666719.499648
2026-09-14 13:09:00,2490.15,2493.42,2489.49,2493.41,139.0696,346393.01123
2026-09-14 13:10:00,2493.42,2497.82,2493.42,2497.82,209.0567,521787.825953
2026-09-14 13:11:00,2497.83,2498.9,2496.52,2497.86,195.0711,487223.074833
2026-09-14 13:12:00,2497.87,2498.97,2497.76,2498.8,138.8353,346833.163366
2026-09-14 13:13:00,2498.83,2501.75,2497.56,2498.54,379.7284,949263.471979
2026-09-14 13:14:00,2498.55,2500.28,2498.54,2498.73,75.6015,188928.552152
2026-09-14 13:15:00,2498.74,2501.73,2498.74,2501.27,120.567,301494.032212
2026-09-14 13:16:00,2501.26,2502.79,2501.15,2502.11,405.3452,1014129.682271
2026-09-14 13:17:00,2502.1,2504.47,2502.07,2504.27,190.4474,476692.412632
2026-09-14 13:18:00,2504.26,2505.11,2503.64,2504.81,189.8336,475428.227319
2026-09-14 13:19:00,2504.8,2504.8,2500.2,2500.59,162.7272,407198.176388
2026-09-14 13:20:00,2500.59,2502.33,2500.58,2501.49,52.2771,130763.061121
2026-09-14 13:21:00,2501.5,2502.77,2500.28,2501.88,107.5272,268990.384719
2026-09-14 13:22:00,2501.89,2501.89,2500.58,2500.65,80.758,202017.454354
2026-09-14 13:23:00,2500.64,2501.28,2500.64,2501.28,116.5079,291394.474964
2026-09-14 13:24:00,2501.28,2501.28,2500.2,2500.2,111.4449,278707.161242
2026-09-14 13:25:00,2500.2,2501.04,2500.0,2501.04,113.5869,284004.113892
2026-09-14 13:26:00,2501.08,2501.43,2500.31,2500.89,44.0895,110258.768091
2026-09-14 13:27:00,2500.9,2502.17,2500.89,2501.83,71.2967,178363.274389
2026-09-14 13:28:00,2501.83,2503.67,2501.82,2502.99,169.2881,423744.164165
2026-09-14 13:29:00,2503.0,2504.28,2502.99,2504.18,285.0308,713680.71071
2026-09-14 13:30:00,2504.18,2509.72,2503.16,2508.26,760.9885,1907032.707751
2026-09-14 13:31:00,2508.25,2512.73,2507.16,2510.79,698.809,1753757.220669
2026-09-14 13:32:00,2510.8,2515.34,2509.32,2514.36,1562.9857,3927296.836144
2026-09-14 13:33:00,2514.36,2515.28,2510.72,2512.91,369.9851,929604.329372
2026-09-14 13:34:00,2512.92,2517.77,2512.92,2515.47,503.5773,1267151.345587
2026-09-14 13:35:00,2515.5,2516.42,2509.01,2509.01,742.8442,1866616.45801
2026-09-14 13:36:00,2509.0,2509.0,2496.62,2500.94,1505.4621,3767239.886697
2026-09-14 13:37:00,2500.94,2506.66,2496.59,2506.55,556.1683,1391010.356426
2026-09-14 13:38:00,2506.53,2510.84,2505.63,2508.24,453.2225,1137159.834971
2026-09-14 13:39:00,2508.25,2508.49,2505.63,2505.63,203.082,509101.384573
2026-09-14 13:40:00,2505.6,2506.83,2503.84,2504.11,183.4594,459585.541715
2026-09-14 13:41:00,2504.11,2504.53,2499.77,2501.99,460.1129,1150999.42513
2026-09-14 13:42:00,2501.99,2505.08,2501.89,2504.3,123.9792,310372.766913
2026-09-14 13:43:00,2504.3,2507.83,2503.45,2507.75,406.3472,1018424.517101
2026-09-14 13:44:00,2507.75,2509.25,2506.4,2508.84,264.9578,664514.97731
2026-09-14 13:45:00,2508.83,2511.23,2507.49,2510.06,217.2076,545181.76596
2026-09-14 13:46:00,2510.06,2513.02,2510.06,2512.59,249.2322,625991.612519
2026-09-14 13:47:00,2512.58,2515.38,2512.58,2513.87,371.0035,932746.04759
2026-09-14 13:48:00,2513.86,2515.23,2511.97,2512.37,193.2918,485855.353737
2026-09-14 13:49:00,2512.38,2516.28,2511.36,2515.76,417.6552,1050125.735605
2026-09-14 13:50:00,2515.75,2516.38,2512.74,2513.27,497.103,1249868.488591
2026-09-14 13:51:00,2513.28,2514.51,2506.3,2506.61,784.1936,1968675.969034
2026-09-14 13:52:00,2506.6,2509.53,2504.61,2507.32,449.6609,1127066.4982
2026-09-14 13:53:00,2507.32,2508.09,2504.48,2508.06,246.0671,616628.831647
2026-09-14 13:54:00,2508.05,2508.13,2504.98,2504.98,390.4491,978798.848257
2026-09-14 13:55:00,2504.98,2506.24,2502.89,2504.35,312.0507,781354.024795
2026-09-14 13:56:00,2504.36,2504.49,2499.31,2501.46,510.1201,1276047.53325
2026-09-14 13:57:00,2501.45,2501.7,2497.27,2497.29,484.0098,1209482.161545
2026-09-14 13:58:00,2497.29,2500.98,2496.42,2500.98,320.1453,799713.806787
2026-09-14 13:59:00,2500.98,2503.83,2500.46,2500.64,333.5261,834366.765755
2026-09-14 14:00:00,2500.63,2503.93,2500.0,2502.72,398.7016,997752.772459
2026-09-14 14:01:00,2502.71,2506.1,2502.71,2505.6,144.3712,361576.237489
2026-09-14 14:02:00,2505.59,2506.1,2504.38,2505.39,185.1999,463968.385722
2026-09-14 14:03:00,2505.39,2510.52,2505.39,2508.49,423.2124,1061716.985922
2026-09-14 14:04:00,2508.49,2512.8,2508.48,2511.46,245.0774,615489.23953
2026-09-14 14:05:00,2511.46,2511.46,2506.93,2506.93,387.7558,972900.98388
2026-09-14 14:06:00,2506.93,2508.54,2506.66,2508.53,147.2539,369211.939568
2026-09-14 14:07:00,2508.53,2510.01,2507.5,2508.34,518.5613,1301384.944083
2026-09-14 14:08:00,2508.33,2510.03,2506.84,2507.45,211.25,529887.757128
2026-09-14 14:09:00,2507.45,2508.95,2506.55,2506.55,116.0485,291011.767781
2026-09-14 14:10:00,2506.55,2513.04,2506.54,2513.04,194.9365,489513.768338
2026-09-14 14:11:00,2513.05,2514.1,2511.52,2511.75,462.3563,1161985.425325
2026-09-14 14:12:00,2511.76,2512.68,2510.16,2510.4,229.8557,577387.148695
2026-09-14 14:13:00,2510.4,2514.78,2510.17,2514.78,162.9076,409273.432007
2026-09-14 14:14:00,2514.77,2515.7,2513.09,2514.39,389.9732,980672.659382
2026-09-14 14:15:00,2514.39,2515.55,2514.2,2514.28,279.1759,702154.10906
2026-09-14 14:16:00,2514.28,2515.55,2514.15,2515.0,377.9981,950604.803757
2026-09-14 14:17:00,2515.0,2518.0,2513.52,2514.18,787.9156,1982972.952859
2026-09-14 14:18:00,2514.18,2514.19,2510.36,2512.06,318.8165,800850.719752
2026-09-14 14:19:00,2512.06,2515.77,2512.05,2515.76,97.7357,245715.88951
2026-09-14 14:20:00,2515.76,2515.76,2513.0,2513.0,1660.369,4174117.093529
2026-09-14 14:21:00,2513.0,2513.0,2505.0,2507.05,1550.0137,3892069.587918
2026-09-14 14:22:00,2507.06,2508.5,2506.43,2506.46,471.9431,1183079.969132
2026-09-14 14:23:00,2506.47,2506.47,2503.84,2505.05,1088.433,2727039.358481
2026-09-14 14:24:00,2505.05,2505.47,2500.76,2500.82,528.7427,1323407.435055
2026-09-14 14:25:00,2500.81,2502.51,2500.61,2502.26,1075.5803,2690600.153397
2026-09-14 14:26:00,2502.26,2502.26,2495.0,2496.73,1256.7354,3138783.474559
2026-09-14 14:27:00,2496.74,2502.39,2496.73,2502.39,436.6852,1091821.1228
2026-09-14 14:28:00,2502.39,2507.43,2502.39,2507.09,374.4291,938133.700583
2026-09-14 14:29:00,2507.1,2507.1,2504.06,2505.29,613.857,1537937.577367
2026-09-14 14:30:00,2505.29,2509.28,2504.36,2508.61,691.5921,1733970.095187
2026-09-14 14:31:00,2508.61,2513.15,2508.61,2512.44,876.9488,2202052.832413
2026-09-14 14:32:00,2512.44,2512.72,2509.99,2511.45,355.2046,891838.808791
2026-09-14 14:33:00,2511.44,2511.62,2509.87,2510.19,201.5958,506188.656773
2026-09-14 14:34:00,2510.2,2513.0,2510.19,2511.01,243.9041,612589.76727
2026-09-14 14:35:00,2511.01,2511.01,2506.99,2507.11,502.2872,1259944.043852
2026-09-14 14:36:00,2507.11,2507.56,2503.78,2504.37,531.6562,1332109.562465
2026-09-14 14:37:00,2504.37,2504.49,2502.48,2502.98,316.4271,792187.444328
2026-09-14 14:38:00,2502.97,2502.97,2500.4,2502.6,334.6246,837175.793409
2026-09-14 14:39:00,2502.6,2503.21,2499.59,2500.24,593.3251,1483889.909309
2026-09-14 14:40:00,2500.25,2501.2,2498.65,2499.38,309.2477,773155.741915
2026-09-14 14:41:00,2499.37,2501.1,2498.0,2498.7,590.0448,1474526.958971
2026-09-14 14:42:00,2498.7,2500.48,2498.7,2500.36,190.9774,477352.38219
2026-09-14 14:43:00,2500.35,2501.17,2496.75,2497.59,563.4046,1407589.811201
2026-09-14 14:44:00,2497.6,2500.11,2496.84,2500.11,300.4932,750650.078561
2026-09-14 14:45:00,2500.11,2507.79,2500.11,2506.51,570.8959,1430693.409658
2026-09-14 14:46:00,2506.51,2508.58,2504.99,2505.86,553.7287,1388128.532002
2026-09-14 14:47:00,2505.86,2505.86,2503.53,2504.57,53.1825,133190.835802
2026-09-14 14:48:00,2504.57,2506.24,2504.57,2504.79,91.4578,229141.985483
2026-09-14 14:49:00,2504.79,2509.0,2504.79,2508.96,317.5468,796221.554742
2026-09-14 14:50:00,2508.95,2509.37,2506.48,2506.48,134.9848,338636.170744
2026-09-14 14:51:00,2506.48,2506.9,2504.8,2506.41,128.2173,321285.254003
2026-09-14 14:52:00,2506.41,2506.41,2502.35,2502.96,168.6219,422195.644763
2026-09-14 14:53:00,2502.95,2504.15,2502.1,2502.11,65.3591,163603.243946
2026-09-14 14:54:00,2502.1,2506.64,2501.21,2506.27,404.2065,1011534.731353
2026-09-14 14:55:00,2506.26,2506.26,2500.85,2500.93,337.9347,845583.85315
2026-09-14 14:56:00,2500.93,2501.37,2500.0,2500.42,618.2578,1545912.626104
2026-09-14 14:57:00,2500.42,2501.65,2500.0,2501.22,235.6404,589337.225684
2026-09-14 14:58:00,2501.22,2504.4,2501.22,2503.22,139.864,350097.119799
2026-09-14 14:59:00,2503.23,2503.68,2501.73,2501.74,147.6168,369438.772985
2026-09-14 15:00:00,2501.75,2501.75,2499.41,2500.24,855.8878,2139729.185797
2026-09-14 15:01:00,2500.24,2500.25,2496.49,2499.58,645.506,1612883.743067
2026-09-14 15:02:00,2499.59,2503.27,2498.87,2501.18,239.9698,600161.838697
2026-09-14 15:03:00,2501.17,2501.43,2499.25,2500.53,139.5001,348795.481066
2026-09-14 15:04:00,2500.53,2501.42,2498.64,2498.91,180.8588,452153.368424
2026-09-14 15:05:00,2498.91,2505.91,2498.1,2504.05,777.4569,1945138.444834
2026-09-14 15:06:00,2504.05,2509.78,2504.05,2508.16,1007.069,2526061.404346
2026-09-14 15:07:00,2508.16,2508.16,2505.57,2506.35,89.543,224463.107728
2026-09-14 15:08:00,2506.35,2509.0,2506.25,2508.1,145.8603,365731.524847
2026-09-14 15:09:00,2508.1,2509.35,2505.85,2505.86,157.2384,394375.107834
2026-09-14 15:10:00,2505.86,2507.01,2505.64,2506.67,77.8509,195107.694719
2026-09-14 15:11:00,2506.67,2506.67,2502.47,2503.07,190.6571,477295.640408
2026-09-14 15:12:00,2503.07,2504.42,2502.48,2504.42,87.5988,219314.568366
2026-09-14 15:13:00,2504.42,2505.61,2504.4,2505.09,29.1547,73032.737979
2026-09-14 15:14:00,2505.09,2505.15,2504.48,2504.58,27.1279,67948.511297
2026-09-14 15:15:00,2504.59,2504.75,2503.36,2503.6,65.1309,163085.673571
2026-09-14 15:16:00,2503.6,2505.86,2502.83,2505.86,65.8608,164891.26402
2026-09-14 15:17:00,2505.86,2508.42,2505.47,2505.47,146.8659,368278.194618
2026-09-14 15:18:00,2505.48,2505.87,2504.01,2504.02,131.9031,330459.9831
2026-09-14 15:19:00,2504.01,2507.2,2504.01,2506.86,53.824,134873.560229
2026-09-14 15:20:00,2506.85,2506.86,2505.01,2505.01,61.2565,153498.013172
2026-09-14 15:21:00,2505.01,2505.85,2504.21,2505.0,53.9124,135045.016217
2026-09-14 15:22:00,2505.01,2505.79,2504.1,2504.1,71.0487,177987.982627
2026-09-14 15:23:00,2504.1,2504.37,2502.92,2503.28,68.0235,170287.792166
2026-09-14 15:24:00,2503.29,2505.14,2501.25,2504.08,569.0154,1424448.369191
2026-09-14 15:25:00,2504.08,2505.12,2502.89,2502.89,132.2616,331210.033395
2026-09-14 15:26:00,2502.9,2504.13,2502.59,2502.88,128.0487,320543.086844
2026-09-14 15:27:00,2502.89,2502.89,2499.78,2500.01,216.9344,542566.776948
2026-09-14 15:28:00,2500.01,2502.05,2500.01,2502.05,47.9608,119964.253695
2026-09-14 15:29:00,2502.05,2502.05,2500.85,2500.91,26.8403,67128.143298
2026-09-14 15:30:00,2500.91,2502.49,2500.32,2502.48,224.8065,562282.000705
2026-09-14 15:31:00,2502.48,2502.49,2499.43,2499.65,190.6888,476763.451691
2026-09-14 15:32:00,2499.64,2504.34,2498.86,2504.11,505.3658,1263822.908834
2026-09-14 15:33:00,2504.11,2508.0,2503.67,2507.72,267.9725,671555.43052
2026-09-14 15:34:00,2507.72,2508.99,2506.89,2506.9,412.5009,1034516.299553
2026-09-14 15:35:00,2506.9,2507.34,2503.54,2503.54,59.9912,150335.615612
2026-09-14 15:36:00,2503.54,2503.83,2500.83,2501.77,184.2591,461035.217635
2026-09-14 15:37:00,2501.77,2505.86,2501.77,2505.86,83.4699,208972.435526
2026-09-14 15:38:00,2505.86,2506.45,2503.99,2503.99,93.6815,234761.916579
2026-09-14 15:39:00,2503.99,2507.52,2503.99,2505.91,249.6107,625506.881476
2026-09-14 15:40:00,2505.9,2508.22,2505.04,2507.13,551.1556,1381716.751261
2026-09-14 15:41:00,2507.13,2510.86,2506.95,2510.77,331.5834,831970.783722
2026-09-14 15:42:00,2510.76,2511.84,2508.61,2509.56,425.1943,1067337.060174
2026-09-14 15:43:00,2509.56,2512.73,2509.56,2512.72,291.0971,731168.227895
2026-09-14 15:44:00,2512.72,2513.32,2510.5,2510.5,161.1499,404783.830072
2026-09-14 15:45:00,2510.51,2510.65,2507.43,2507.66,266.8926,669519.469801
2026-09-14 15:46:00,2507.66,2507.66,2505.85,2505.85,86.1446,215963.169177
2026-09-14 15:47:00,2505.86,2505.86,2503.98,2504.1,156.723,392594.75473
2026-09-14 15:48:00,2504.1,2506.76,2504.1,2506.32,82.828,207532.462294
2026-09-14 15:49:00,2506.32,2508.71,2506.32,2507.27,170.5149,427582.849364
2026-09-14 15:50:00,2507.27,2507.96,2506.35,2507.31,279.9519,701843.03388
2026-09-14 15:51:00,2507.31,2509.28,2507.2,2507.91,228.3986,572902.271472
2026-09-14 15:52:00,2507.91,2510.49,2507.91,2509.59,372.3443,934532.882437
2026-09-14 15:53:00,2509.59,2511.25,2508.6,2510.24,1255.4982,3151757.842421
2026-09-14 15:54:00,2510.24,2510.35,2508.46,2509.14,167.984,421516.970255
2026-09-14 15:55:00,2509.14,2510.61,2508.24,2509.47,432.6163,1085463.162341
2026-09-14 15:56:00,2509.48,2509.67,2508.54,2509.5,59.2615,148699.991311
2026-09-14 15:57:00,2509.51,2510.48,2509.12,2509.59,56.9908,143042.830381
2026-09-14 15:58:00,2509.58,2509.58,2507.94,2507.96,67.2321,168670.351948
2026-09-14 15:59:00,2507.95,2508.65,2507.74,2508.48,78.4228,196694.176039
2026-09-14 16:00:00,2508.49,2510.08,2508.36,2508.37,111.8845,280784.827357
2026-09-14 16:01:00,2508.37,2508.57,2506.03,2506.03,167.2004,419209.952539
2026-09-14 16:02:00,2506.04,2506.55,2505.19,2505.19,153.493,384645.521156
2026-09-14 16:03:00,2505.18,2505.86,2504.83,2505.21,46.1721,115663.593664
2026-09-14 16:04:00,2505.21,2505.43,2504.48,2504.48,61.1772,153233.963987
2026-09-14 16:05:00,2504.48,2505.74,2504.48,2505.5,56.7242,142109.806084
2026-09-14 16:06:00,2505.5,2506.41,2505.5,2506.04,49.9544,125185.23025
2026-09-14 16:07:00,2506.04,2506.65,2505.37,2506.26,46.0942,115519.189391
2026-09-14 16:08:00,2506.25,2506.25,2504.68,2504.68,47.1549,118143.743432
2026-09-14 16:09:00,2504.68,2507.34,2504.67,2507.34,50.4755,126459.761242
2026-09-14 16:10:00,2507.34,2509.01,2507.22,2509.01,54.8227,137500.839794
2026-09-14 16:11:00,2509.0,2509.29,2508.36,2509.22,36.6096,91846.567113
2026-09-14 16:12:00,2509.22,2509.69,2509.08,2509.69,82.5755,207206.523314
2026-09-14 16:13:00,2509.68,2509.69,2509.05,2509.31,52.7104,132270.495518
2026-09-14 16:14:00,2509.31,2509.31,2507.24,2507.83,81.2824,203877.90453
2026-09-14 16:15:00,2507.84,2513.0,2507.84,2513.0,349.723,877966.790348
2026-09-14 16:16:00,2513.0,2516.37,2513.0,2514.8,898.2365,2259204.254197
2026-09-14 16:17:00,2514.8,2516.58,2512.79,2516.58,370.5776,931710.690465
2026-09-14 16:18:00,2516.58,2526.6,2516.57,2526.3,2208.005,5567863.975224
2026-09-14 16:19:00,2526.3,2529.63,2523.68,2523.69,1092.6336,2761399.454051
2026-09-14 16:20:00,2523.69,2524.72,2520.1,2521.04,781.5676,1971071.546753
2026-09-14 16:21:00,2521.03,2524.35,2520.0,2524.35,328.415,828213.013733
2026-09-14 16:22:00,2524.35,2528.0,2524.35,2526.42,509.4666,1287114.57562
2026-09-14 16:23:00,2526.41,2527.86,2526.17,2527.07,198.4388,501455.433969
2026-09-14 16:24:00,2527.07,2532.0,2527.07,2527.7,1441.4058,3646277.167108
2026-09-14 16:25:00,2527.71,2527.73,2522.99,2523.54,443.0492,1118842.718401
2026-09-14 16:26:00,2523.53,2523.53,2520.47,2520.69,512.7131,1292978.028864
2026-09-14 16:27:00,2520.69,2521.27,2518.45,2520.5,301.9113,760740.453986
2026-09-14 16:28:00,2520.49,2522.76,2520.25,2521.7,111.8173,281936.502496
2026-09-14 16:29:00,2521.71,2523.18,2521.4,2521.41,273.3548,689508.638158
2026-09-14 16:30:00,2521.41,2522.88,2521.4,2522.86,93.864,236750.662253
2026-09-14 16:31:00,2522.86,2526.72,2522.35,2524.76,570.2633,1439564.153326
2026-09-14 16:32:00,2524.75,2526.28,2523.75,2524.19,153.8384,388409.630813
2026-09-14 16:33:00,2524.19,2525.74,2524.19,2524.73,142.525,359887.70311
2026-09-14 16:34:00,2524.72,2524.72,2522.11,2522.23,108.3253,273327.54498
2026-09-14 16:35:00,2522.24,2523.15,2521.33,2522.77,99.5447,251052.064748
2026-09-14 16:36:00,2522.77,2522.78,2521.11,2521.24,124.8266,314797.870627
2026-09-14 16:37:00,2521.25,2522.76,2521.23,2521.35,428.8803,1081567.756487
2026-09-14 16:38:00,2521.35,2522.28,2520.96,2522.25,84.7444,213688.308755
2026-09-14 16:39:00,2522.26,2524.72,2522.09,2523.61,242.315,611542.559878
2026-09-14 16:40:00,2523.61,2523.9,2522.75,2523.23,156.171,394077.677043
2026-09-14 16:41:00,2523.23,2523.35,2522.1,2522.1,53.5389,135058.060314
2026-09-14 16:42:00,2522.09,2522.2,2521.45,2522.2,76.3025,192426.443614
2026-09-14 16:43:00,2522.19,2522.95,2522.19,2522.95,52.5349,132521.323938
2026-09-14 16:44:00,2522.95,2522.95,2522.63,2522.63,94.4877,238367.048241
2026-09-14 16:45:00,2522.64,2525.25,2522.64,2525.24,132.0737,333326.804029
2026-09-14 16:46:00,2525.25,2526.0,2524.8,2525.24,73.6565,185996.66174
2026-09-14 16:47:00,2525.24,2530.32,2525.24,2530.17,711.3854,1799071.309115
2026-09-14 16:48:00,2530.17,2531.99,2528.91,2530.84,582.0471,1473034.313766
2026-09-14 16:49:00,2530.83,2532.34,2530.76,2532.0,230.7818,584301.454098
2026-09-14 16:50:00,2532.0,2532.02,2530.2,2531.87,127.3476,322300.279069
2026-09-14 16:51:00,2531.87,2533.72,2531.09,2533.72,260.4901,659661.259896
2026-09-14 16:52:00,2533.72,2537.69,2533.72,2536.96,967.9514,2454549.844604
2026-09-14 16:53:00,2536.95,2537.1,2533.28,2533.28,163.6942,415079.942379
2026-09-14 16:54:00,2533.29,2535.77,2533.29,2533.78,648.351,1643203.639127
2026-09-14 16:55:00,2533.79,2534.49,2532.06,2532.06,214.9561,544650.604131
2026-09-14 16:56:00,2532.07,2532.29,2530.19,2530.99,201.419,509817.637705
2026-09-14 16:57:00,2530.99,2532.01,2529.67,2529.67,150.3154,380394.667104
2026-09-14 16:58:00,2529.67,2529.67,2528.17,2528.37,131.8903,333546.324318
2026-09-14 16:59:00,2528.38,2529.05,2528.38,2529.05,85.4039,215969.109572
2026-09-14 17:00:00,2529.04,2529.04,2527.85,2528.5,173.2959,438155.063926
2026-09-14 17:01:00,2528.5,2528.5,2526.86,2527.22,86.5541,218745.354061
2026-09-14 17:02:00,2527.21,2529.43,2527.16,2528.68,64.5097,163105.607794
2026-09-14 17:03:00,2528.68,2528.68,2526.9,2527.85,178.997,452452.031169
2026-09-14 17:04:00,2527.85,2527.86,2527.85,2527.86,32.6349,82496.184859
2026-09-14 17:05:00,2527.86,2527.86,2526.45,2526.73,117.4745,296867.555264
2026-09-14 17:06:00,2526.74,2529.61,2526.74,2527.28,173.5856,438850.937572
2026-09-14 17:07:00,2527.29,2527.29,2525.43,2525.65,87.2169,220329.278741
2026-09-14 17:08:00,2525.65,2527.09,2525.65,2527.09,32.5457,82212.155164
2026-09-14 17:09:00,2527.1,2527.1,2525.83,2526.49,99.4117,251169.578428
2026-09-14 17:10:00,2526.49,2527.82,2526.49,2527.82,108.3904,273921.140724
2026-09-14 17:11:00,2527.82,2530.48,2527.82,2530.0,74.766,189133.515193
2026-09-14 17:12:00,2530.0,2531.94,2530.0,2531.94,144.7281,366296.894304
2026-09-14 17:13:00,2531.94,2532.14,2531.08,2532.14,199.9439,506217.356025
2026-09-14 17:14:00,2532.14,2533.45,2532.13,2533.04,364.9552,924375.546341
2026-09-14 17:15:00,2533.04,2533.26,2532.64,2532.99,210.6363,533503.908574
2026-09-14 17:16:00,2532.99,2533.26,2532.28,2533.15,292.6626,741210.86584
2026-09-14 17:17:00,2533.15,2534.95,2532.92,2533.83,292.1386,740287.048381
2026-09-14 17:18:00,2533.83,2533.86,2529.14,2530.39,436.1,1103811.340747
2026-09-14 17:19:00,2530.4,2531.0,2530.08,2530.78,79.2393,200507.26167
2026-09-14 17:20:00,2530.78,2534.0,2530.78,2534.0,169.424,429152.746838
2026-09-14 17:21:00,2533.99,2535.57,2530.82,2530.83,341.3534,865108.832845
2026-09-14 17:22:00,2530.83,2532.12,2530.68,2531.92,233.3806,590744.538996
2026-09-14 17:23:00,2531.92,2534.5,2531.51,2533.3,196.4209,497607.556764
2026-09-14 17:24:00,2533.28,2535.57,2533.07,2533.9,189.1127,479352.62016
2026-09-14 17:25:00,2533.9,2534.12,2531.18,2531.86,216.2796,547676.881072
2026-09-14 17:26:00,2531.86,2533.65,2531.86,2532.82,292.2021,740009.393296
2026-09-14 17:27:00,2532.82,2533.44,2531.91,2531.92,326.116,825955.607611
2026-09-14 17:28:00,2531.91,2531.91,2530.3,2530.8,146.9931,372014.503995
2026-09-14 17:29:00,2530.81,2531.0,2529.56,2530.5,399.8068,1011613.921341
2026-09-14 17:30:00,2530.5,2530.8,2528.8,2529.76,160.2928,405472.089306
2026-09-14 17:31:00,2529.76,2530.48,2527.5,2527.69,298.2701,754076.732899
2026-09-14 17:32:00,2527.7,2528.74,2526.82,2526.83,181.1337,457820.122528
2026-09-14 17:33:00,2526.82,2526.83,2522.84,2523.47,390.5237,985963.304482
2026-09-14 17:34:00,2523.45,2524.63,2523.2,2524.14,88.7438,224003.608558
2026-09-14 17:35:00,2524.15,2528.39,2524.15,2526.0,292.6045,739288.598176
2026-09-14 17:36:00,2525.99,2526.63,2525.63,2526.58,92.1667,232815.687781
2026-09-14 17:37:00,2526.58,2526.74,2525.66,2526.0,61.1362,154440.684905
2026-09-14 17:38:00,2525.99,2527.26,2525.99,2526.76,76.7651,193964.564826
2026-09-14 17:39:00,2526.76,2526.77,2525.53,2525.54,73.2464,185006.509012
2026-09-14 17:40:00,2525.53,2526.03,2525.21,2525.37,50.2484,126911.216947
2026-09-14 17:41:00,2525.37,2525.38,2524.09,2525.27,95.2005,240367.920596
2026-09-14 17:42:00,2525.27,2527.15,2524.84,2527.09,242.0333,611413.44792
2026-09-14 17:43:00,2527.09,2527.22,2525.9,2526.94,169.9421,429408.132885
2026-09-14 17:44:00,2526.94,2527.03,2526.2,2526.57,117.919,297972.617563
2026-09-14 17:45:00,2526.57,2527.37,2526.57,2526.67,68.8666,174023.090192
2026-09-14 17:46:00,2526.67,2530.0,2526.67,2529.76,137.0199,346528.161025
2026-09-14 17:47:00,2529.76,2529.99,2528.02,2529.33,267.4383,676329.970335
2026-09-14 17:48:00,2529.34,2531.47,2529.34,2531.45,220.566,558168.820283
2026-09-14 17:49:00,2531.46,2532.0,2530.84,2530.84,133.6185,338242.958932
2026-09-14 17:50:00,2530.84,2530.85,2528.47,2528.48,123.9458,313524.45138
2026-09-14 17:51:00,2528.47,2530.0,2528.41,2529.49,114.5519,289762.539978
2026-09-14 17:52:00,2529.49,2530.58,2529.48,2530.5,85.9673,217480.050702
2026-09-14 17:53:00,2530.51,2531.9,2529.12,2531.8,328.4475,831277.240604
2026-09-14 17:54:00,2531.8,2533.4,2531.79,2533.21,437.6116,1108405.18498
2026-09-14 17:55:00,2533.21,2535.13,2533.21,2534.3,271.4257,687852.878877
2026-09-14 17:56:00,2534.3,2534.3,2532.44,2533.11,283.5702,718306.374036
2026-09-14 17:57:00,2533.11,2533.16,2532.15,2532.55,162.7756,412272.089269
2026-09-14 17:58:00,2532.55,2533.89,2531.22,2531.52,578.4852,1465095.346251
2026-09-14 17:59:00,2531.52,2533.37,2531.29,2533.37,81.1026,205367.361378
2026-09-14 18:00:00,2533.37,2535.67,2532.14,2532.66,337.399,854764.774762
2026-09-14 18:01:00,2532.66,2533.34,2532.25,2533.29,157.0802,397853.128777
2026-09-14 18:02:00,2533.28,2534.7,2533.02,2533.04,310.0724,785754.915676
2026-09-14 18:03:00,2533.04,2534.08,2531.62,2533.79,592.6464,1501030.363189
2026-09-14 18:04:00,2533.78,2534.8,2533.75,2534.25,180.1078,456428.169078
2026-09-14 18:05:00,2534.24,2534.25,2531.96,2531.97,199.2809,504730.69603
2026-09-14 18:06:00,2531.97,2534.53,2531.96,2534.53,195.512,495461.569871
2026-09-14 18:07:00,2534.53,2535.91,2534.04,2535.9,233.6924,592369.116835
2026-09-14 18:08:00,2535.91,2536.68,2535.31,2535.96,382.7529,970631.806248
2026-09-14 18:09:00,2535.96,2537.0,2535.06,2535.66,662.1381,1679231.757865
2026-09-14 18:10:00,2535.66,2536.17,2533.61,2533.61,209.7075,531692.549964
2026-09-14 18:11:00,2533.62,2534.61,2530.92,2530.92,218.3877,553147.129319
2026-09-14 18:12:00,2530.91,2533.31,2530.91,2532.99,116.9331,296106.307921
2026-09-14 18:13:00,2533.0,2533.1,2531.73,2532.2,104.1665,263803.359394
2026-09-14 18:14:00,2532.2,2532.2,2530.91,2530.97,124.4094,314936.846533
2026-09-14 18:15:00,2530.97,2533.93,2530.91,2533.93,533.6944,1351251.897099
2026-09-14 18:16:00,2533.92,2533.93,2531.09,2531.1,275.715,698240.959702
2026-09-14 18:17:00,2531.1,2531.9,2531.01,2531.9,84.498,213889.126991
2026-09-14 18:18:00,2531.89,2532.36,2529.78,2532.36,230.9495,584492.733992
2026-09-14 18:19:00,2532.35,2536.5,2532.35,2536.27,153.5943,389390.572996
2026-09-14 18:20:00,2536.28,2537.5,2535.04,2536.62,334.2387,847787.79353
2026-09-14 18:21:00,2536.62,2537.35,2535.47,2535.77,452.7285,1148259.205301
2026-09-14 18:22:00,2535.77,2539.64,2535.36,2538.46,512.437,1300677.329705
2026-09-14 18:23:00,2538.46,2540.0,2536.32,2536.32,456.0054,1157730.751751
2026-09-14 18:24:00,2536.33,2538.53,2535.46,2537.81,418.2478,1061191.006549
2026-09-14 18:25:00,2537.8,2537.8,2533.95,2534.87,371.4411,941735.336826
2026-09-14 18:26:00,2534.87,2537.44,2534.87,2537.37,201.7401,511771.956422
2026-09-14 18:27:00,2537.37,2539.48,2537.31,2539.12,272.934,692938.38308
2026-09-14 18:28:00,2539.13,2539.83,2538.91,2539.65,414.8559,1053531.329569
2026-09-14 18:29:00,2539.64,2539.95,2539.23,2539.68,602.2825,1529454.615922
2026-09-14 18:30:00,2539.68,2541.35,2539.27,2539.59,3115.4237,7913313.84436
2026-09-14 18:31:00,2539.58,2539.99,2538.4,2539.75,263.7715,669769.952118
2026-09-14 18:32:00,2539.75,2542.3,2539.75,2541.83,709.5138,1803016.938399
2026-09-14 18:33:00,2541.83,2543.49,2541.77,2541.81,808.8145,2056654.695613
2026-09-14 18:34:00,2541.8,2542.99,2541.19,2542.99,432.5961,1099693.762934
2026-09-14 18:35:00,2542.98,2542.98,2540.67,2540.74,448.2483,1139467.338322
2026-09-14 18:36:00,2540.74,2543.46,2540.28,2540.73,731.4107,1859292.102075
2026-09-14 18:37:00,2540.72,2541.43,2539.67,2540.0,461.4432,1172206.782804
2026-09-14 18:38:00,2540.0,2541.17,2539.59,2540.13,511.8753,1300386.660304
2026-09-14 18:39:00,2540.13,2540.67,2539.63,2540.47,469.714,1193171.487378
2026-09-14 18:40:00,2540.47,2540.47,2537.29,2537.4,563.6137,1430854.315321
2026-09-14 18:41:00,2537.4,2537.88,2536.63,2536.72,205.0156,520192.045971
2026-09-14 18:42:00,2536.72,2538.97,2534.94,2538.96,372.7604,945362.474392
2026-09-14 18:43:00,2538.97,2541.91,2538.97,2540.99,370.7574,942025.212636
2026-09-14 18:44:00,2540.98,2541.0,2539.26,2539.27,347.3738,882497.761106
2026-09-14 18:45:00,2539.27,2542.49,2539.26,2541.72,530.3926,1348090.474361
2026-09-14 18:46:00,2541.72,2542.7,2539.39,2542.63,480.0952,1220091.296468
2026-09-14 18:47:00,2542.63,2543.33,2542.32,2542.64,639.1651,1625293.305933
2026-09-14 18:48:00,2542.64,2544.66,2542.27,2544.24,554.3615,1409808.900165
2026-09-14 18:49:00,2544.23,2544.24,2541.77,2541.88,336.8892,856730.056083
2026-09-14 18:50:00,2541.88,2543.13,2541.88,2543.13,236.7505,601908.190986
2026-09-14 18:51:00,2543.12,2543.12,2539.98,2540.83,300.1391,762666.533895
2026-09-14 18:52:00,2540.83,2541.14,2540.0,2540.99,250.8338,637291.518856
2026-09-14 18:53:00,2541.0,2541.0,2539.29,2540.06,376.1426,955399.640952
2026-09-14 18:54:00,2540.06,2540.06,2536.94,2537.54,438.2081,1112327.20566
2026-09-14 18:55:00,2537.55,2539.39,2537.01,2538.83,534.5297,1356832.774722
2026-09-14 18:56:00,2538.84,2539.38,2537.64,2537.88,93.0135,236102.841758
2026-09-14 18:57:00,2537.88,2539.54,2537.88,2538.77,92.0988,233810.603644
2026-09-14 18:58:00,2538.78,2539.09,2538.43,2539.09,55.9404,142020.603529
2026-09-14 18:59:00,2539.09,2539.09,2538.49,2538.86,71.1259,180573.497193
2026-09-14 19:00:00,2538.86,2538.96,2535.99,2537.69,600.4256,1523292.171165
2026-09-14 19:01:00,2537.7,2538.65,2536.88,2537.79,394.8217,1001907.995574
2026-09-14 19:02:00,2537.79,2537.94,2536.5,2536.52,447.2256,1134763.280538
2026-09-14 19:03:00,2536.53,2537.03,2535.0,2535.0,276.7956,701945.740817
2026-09-14 19:04:00,2535.01,2535.57,2534.56,2535.18,108.8225,275876.012775
2026-09-14 19:05:00,2535.19,2536.15,2535.0,2536.15,151.2965,383584.793694
2026-09-14 19:06:00,2536.15,2537.46,2535.87,2535.87,130.7274,331626.341789
2026-09-14 19:07:00,2535.87,2538.53,2535.87,2538.2,327.482,830940.309046
2026-09-14 19:08:00,2538.2,2538.2,2535.25,2535.25,291.746,740027.420855
2026-09-14 19:09:00,2535.25,2535.57,2535.05,2535.56,123.4778,313060.546322
2026-09-14 19:10:00,2535.56,2537.92,2535.04,2535.19,268.2597,680271.14233
2026-09-14 19:11:00,2535.19,2538.03,2535.18,2537.98,239.7518,608179.812003
2026-09-14 19:12:00,2537.99,2540.0,2537.98,2539.99,109.0405,276806.532699
2026-09-14 19:13:00,2540.0,2540.37,2539.07,2539.33,198.2843,503594.650459
2026-09-14 19:14:00,2539.34,2539.88,2538.88,2538.88,62.3456,158325.210079
2026-09-14 19:15:00,2538.88,2540.28,2538.54,2538.54,153.494,389761.30046
2026-09-14 19:16:00,2538.55,2539.85,2538.55,2539.84,108.0202,274282.374411
2026-09-14 19:17:00,2539.85,2541.05,2539.6,2540.16,245.6653,624113.012449
2026-09-14 19:18:00,2540.15,2541.99,2540.15,2540.67,203.9784,518349.63133
2026-09-14 19:19:00,2540.67,2544.42,2540.67,2544.41,186.9458,475344.531347
2026-09-14 19:20:00,2544.41,2544.41,2543.51,2543.86,182.6491,464653.256202
2026-09-14 19:21:00,2543.86,2544.19,2543.49,2544.0,103.6654,263704.853331
2026-09-14 19:22:00,2544.0,2544.0,2542.0,2542.0,342.8747,871900.07185
2026-09-14 19:23:00,2542.01,2544.42,2542.0,2544.42,90.1726,229269.888238
2026-09-14 19:24:00,2544.42,2547.14,2544.41,2545.85,659.6266,1679262.504978
2026-09-14 19:25:00,2545.86,2546.67,2543.58,2545.53,323.9181,824430.544546
2026-09-14 19:26:00,2545.53,2546.33,2545.21,2546.2,140.1237,356714.517514
2026-09-14 19:27:00,2546.19,2549.61,2545.59,2547.52,1042.6289,2656552.174176
2026-09-14 19:28:00,2547.51,2548.17,2545.54,2546.3,239.2438,609362.087106
2026-09-14 19:29:00,2546.3,2546.3,2544.62,2545.24,184.5274,469665.550293
2026-09-14 19:30:00,2545.25,2545.25,2541.0,2541.73,400.7288,1019079.687128
2026-09-14 19:31:00,2541.73,2545.69,2541.73,2544.01,232.5452,591621.709286
2026-09-14 19:32:00,2544.02,2545.0,2543.62,2544.52,125.625,319608.7175
2026-09-14 19:33:00,2544.51,2545.7,2544.03,2544.46,162.8619,414464.763519
2026-09-14 19:34:00,2544.45,2544.59,2541.5,2543.96,358.3814,911320.662026
2026-09-14 19:35:00,2543.96,2543.96,2541.68,2542.03,127.9967,325427.893772
2026-09-14 19:36:00,2542.03,2542.14,2538.83,2538.84,379.0365,962914.413719
2026-09-14 19:37:00,2538.84,2539.78,2537.79,2539.42,284.8526,723220.778181
2026-09-14 19:38:00,2539.41,2539.41,2536.5,2536.69,275.5232,699177.332942
2026-09-14 19:39:00,2536.69,2536.98,2536.05,2536.98,136.9687,347417.780017
2026-09-14 19:40:00,2536.98,2539.6,2536.98,2539.34,158.1568,401539.982477
2026-09-14 19:41:00,2539.35,2540.52,2539.02,2540.27,142.2437,361291.25146
2026-09-14 19:42:00,2540.27,2540.45,2540.27,2540.3,88.8967,225825.349366
2026-09-14 19:43:00,2540.3,2543.11,2540.02,2542.49,154.6192,392996.49706
2026-09-14 19:44:00,2542.5,2544.47,2542.13,2544.46,295.3024,751035.226763
2026-09-14 19:45:00,2544.46,2544.97,2543.46,2544.85,211.9808,539307.801239
2026-09-14 19:46:00,2544.85,2544.97,2544.03,2544.03,180.6275,459625.058804
2026-09-14 19:47:00,2544.03,2545.99,2543.5,2544.81,215.3135,547902.340561
2026-09-14 19:48:00,2544.82,2544.93,2543.51,2544.13,456.0194,1160208.336048
2026-09-14 19:49:00,2544.13,2544.61,2543.0,2544.25,88.5592,225270.767552
2026-09-14 19:50:00,2544.25,2544.25,2543.0,2544.03,282.1513,717738.259244
2026-09-14 19:51:00,2544.04,2544.04,2543.36,2543.36,98.6885,251021.015773
2026-09-14 19:52:00,2543.36,2544.27,2542.5,2542.51,137.5823,349909.224378
2026-09-14 19:53:00,2542.51,2542.51,2541.71,2541.78,121.5815,309057.504436
2026-09-14 19:54:00,2541.79,2542.18,2541.5,2542.08,115.5221,293645.239335
2026-09-14 19:55:00,2542.08,2542.08,2540.5,2540.5,220.5899,560625.505429
2026-09-14 19:56:00,2540.5,2540.82,2539.5,2539.5,143.6152,364811.992607
2026-09-14 19:57:00,2539.51,2539.72,2539.22,2539.22,147.3139,374102.792709
2026-09-14 19:58:00,2539.22,2540.94,2539.22,2540.71,118.2471,300338.008944
2026-09-14 19:59:00,2540.7,2541.51,2540.0,2540.0,212.2146,539209.113927
2026-09-14 20:00:00,2540.01,2541.91,2540.0,2540.58,447.1364,1136293.953262
2026-09-14 20:01:00,2540.58,2541.75,2540.0,2540.55,70.6536,179539.589816
2026-09-14 20:02:00,2540.55,2542.55,2540.54,2542.46,152.5675,387777.742916
2026-09-14 20:03:00,2542.47,2543.15,2542.47,2543.15,49.7046,126391.140289
2026-09-14 20:04:00,2543.15,2543.5,2542.84,2543.49,40.3721,102667.052861
2026-09-14 20:05:00,2543.49,2544.77,2543.49,2544.23,49.4919,125929.479451
2026-09-14 20:06:00,2544.23,2544.77,2544.23,2544.35,61.8984,157500.429568
2026-09-14 20:07:00,2544.36,2544.58,2543.01,2544.57,47.1772,120000.965186
2026-09-14 20:08:00,2544.58,2544.58,2543.95,2543.95,30.1541,76722.351634
2026-09-14 20:09:00,2543.96,2544.24,2543.95,2544.05,31.9167,81199.686192
2026-09-14 20:10:00,2544.05,2544.77,2543.76,2544.76,64.6062,164364.484421
2026-09-14 20:11:00,2544.76,2548.0,2544.76,2547.99,325.8244,829697.503623
2026-09-14 20:12:00,2547.99,2573.17,2547.99,2569.68,6643.1011,17008639.060331
2026-09-14 20:13:00,2569.68,2572.88,2560.07,2563.81,1878.8085,4823383.272841
2026-09-14 20:14:00,2563.8,2566.83,2561.63,2565.28,650.3292,1667537.775329
2026-09-14 20:15:00,2565.27,2578.46,2565.19,2574.87,2175.1453,5596777.192859
2026-09-14 20:16:00,2574.87,2581.94,2571.97,2581.63,1755.4892,4527368.908649
2026-09-14 20:17:00,2581.63,2588.79,2578.76,2586.68,1532.5145,3960431.266096
2026-09-14 20:18:00,2586.68,2592.65,2585.31,2589.17,2025.3537,5245355.820307
2026-09-14 20:19:00,2589.17,2593.85,2587.01,2592.71,962.6544,2494001.331063
2026-09-14 20:20:00,2592.71,2596.0,2591.7,2596.0,1007.2009,2613817.981437
2026-09-14 20:21:00,2596.0,2597.27,2590.83,2595.06,672.1876,1743641.411608
2026-09-14 20:22:00,2595.07,2599.98,2594.34,2597.99,1199.8766,3117270.493808
2026-09-14 20:23:00,2597.99,2615.0,2595.91,2607.12,4492.5249,11710428.847946
2026-09-14 20:24:00,2607.12,2614.38,2604.24,2605.41,1821.8567,4754236.433277
2026-09-14 20:25:00,2605.41,2606.77,2600.01,2603.14,1468.5643,3823238.793483
2026-09-14 20:26:00,2603.14,2603.47,2598.2,2600.29,742.4471,1930569.403377
2026-09-14 20:27:00,2600.29,2600.84,2592.87,2597.9,1124.1469,2919464.322133
2026-09-14 20:28:00,2597.9,2600.39,2594.07,2600.38,455.9533,1183987.148834
2026-09-14 20:29:00,2600.38,2601.96,2598.23,2599.05,750.5262,1951274.545423
2026-09-14 20:30:00,2599.06,2602.8,2596.18,2596.18,726.968,1889983.815115
2026-09-14 20:31:00,2596.19,2598.83,2595.69,2596.88,373.1337,969023.422575
2026-09-14 20:32:00,2596.88,2596.88,2590.02,2592.71,408.3,1058539.690932
2026-09-14 20:33:00,2592.71,2593.0,2589.49,2590.74,1183.6424,3066217.01863
2026-09-14 20:34:00,2590.75,2600.5,2590.74,2599.52,1571.2956,4080123.016584
2026-09-14 20:35:00,2599.51,2599.84,2592.85,2595.42,653.3113,1695865.54548
2026-09-14 20:36:00,2595.42,2598.04,2592.43,2597.07,422.9049,1097581.125828
2026-09-14 20:37:00,2597.06,2597.8,2593.98,2594.75,439.1305,1140043.57743
2026-09-14 20:38:00,2594.74,2596.2,2592.96,2596.2,348.8727,904972.302081
2026-09-14 20:39:00,2596.2,2596.66,2591.07,2591.3,228.2081,591788.436301
2026-09-14 20:40:00,2591.29,2593.3,2591.08,2593.3,363.3019,941660.668562
2026-09-14 20:41:00,2593.3,2595.31,2593.17,2594.74,290.9087,754819.364347
2026-09-14 20:42:00,2594.75,2595.05,2592.15,2592.15,143.6365,372575.079317
2026-09-14 20:43:00,2592.15,2593.26,2589.17,2589.18,337.4638,874403.334729
2026-09-14 20:44:00,2589.17,2589.91,2585.93,2587.42,526.297,1361685.684121
2026-09-14 20:45:00,2587.43,2589.07,2585.42,2589.07,548.4649,1418994.644709
2026-09-14 20:46:00,2589.07,2592.0,2587.51,2589.3,472.2425,1223231.542227
2026-09-14 20:47:00,2589.3,2589.88,2586.32,2586.32,189.9393,491607.50478
2026-09-14 20:48:00,2586.32,2586.32,2584.9,2585.25,303.6109,784934.723006
2026-09-14 20:49:00,2585.24,2585.75,2582.1,2582.7,462.1701,1193954.67975
2026-09-14 20:50:00,2582.7,2582.87,2579.23,2579.44,528.7412,1364705.773192
2026-09-14 20:51:00,2579.45,2582.67,2578.68,2579.94,369.4277,953298.040655
2026-09-14 20:52:00,2579.94,2583.1,2579.93,2580.15,232.455,600142.575209
2026-09-14 20:53:00,2580.14,2580.96,2579.66,2580.54,191.0235,492872.78312
2026-09-14 20:54:00,2580.54,2580.55,2576.91,2578.11,401.9102,1036225.360664
2026-09-14 20:55:00,2578.11,2578.11,2574.13,2574.17,377.3293,971976.176184
2026-09-14 20:56:00,2574.17,2574.96,2568.51,2571.36,1533.3205,3943521.503531
2026-09-14 20:57:00,2571.36,2572.88,2568.75,2569.88,334.6022,860393.640304
2026-09-14 20:58:00,2569.89,2569.89,2567.33,2568.17,242.5583,622992.729185
2026-09-14 20:59:00,2568.16,2570.64,2568.16,2570.64,285.2383,732950.637182
2026-09-14 21:00:00,2570.64,2571.64,2567.68,2567.69,386.2309,992440.175044
2026-09-14 21:01:00,2567.68,2567.68,2559.37,2560.15,1600.9598,4103183.408963
2026-09-14 21:02:00,2560.15,2560.15,2537.98,2549.34,4516.816,11515941.962575
2026-09-14 21:03:00,2549.34,2555.55,2548.37,2553.38,525.5576,1341539.989846
2026-09-14 21:04:00,2553.37,2557.13,2550.68,2557.01,554.5199,1416332.818532
2026-09-14 21:05:00,2557.03,2561.76,2556.0,2559.71,931.3929,2383933.795449
2026-09-14 21:06:00,2559.71,2561.09,2556.74,2559.99,494.3096,1265152.031549
2026-09-14 21:07:00,2560.0,2562.0,2557.99,2562.0,565.0802,1446652.247376
2026-09-14 21:08:00,2562.0,2562.66,2560.41,2562.21,290.6083,744492.267426
2026-09-14 21:09:00,2562.21,2562.21,2558.04,2558.62,219.3986,561617.135913
2026-09-14 21:10:00,2558.62,2558.62,2555.54,2558.15,300.3907,768095.008356
2026-09-14 21:11:00,2558.14,2559.9,2553.8,2553.81,604.1175,1544525.427344
2026-09-14 21:12:00,2553.81,2556.66,2553.81,2554.8,131.5258,336125.142863
2026-09-14 21:13:00,2554.8,2555.93,2554.04,2555.93,98.5631,251847.723505
2026-09-14 21:14:00,2555.92,2555.92,2548.02,2551.95,859.6492,2192484.042967
2026-09-14 21:15:00,2551.94,2552.79,2548.29,2551.66,549.1768,1400823.97745
2026-09-14 21:16:00,2551.66,2554.02,2550.93,2552.26,142.2436,363124.789549
2026-09-14 21:17:00,2552.25,2552.52,2549.72,2551.8,218.919,558463.307574
2026-09-14 21:18:00,2551.81,2558.38,2551.38,2558.38,720.8,1841337.505034
2026-09-14 21:19:00,2558.38,2559.26,2556.35,2556.84,219.6997,562023.457883
2026-09-14 21:20:00,2556.84,2558.42,2555.42,2558.25,129.5507,331252.694879
2026-09-14 21:21:00,2558.24,2559.25,2557.64,2558.6,176.0576,450432.008826
2026-09-14 21:22:00,2558.6,2558.6,2558.0,2558.15,45.6637,116818.030587
2026-09-14 21:23:00,2558.16,2560.2,2558.15,2558.63,173.8401,444949.441392
2026-09-14 21:24:00,2558.62,2559.31,2558.16,2558.73,108.0081,276384.039912
2026-09-14 21:25:00,2558.72,2558.72,2554.65,2555.39,251.134,641957.67362
2026-09-14 21:26:00,2555.4,2557.98,2555.4,2557.12,154.0465,393939.571184
2026-09-14 21:27:00,2557.11,2557.42,2557.02,2557.22,93.0355,237914.269569
2026-09-14 21:28:00,2557.21,2558.97,2557.21,2558.04,81.9815,209726.510027
2026-09-14 21:29:00,2558.04,2558.62,2555.28,2555.99,413.5715,1057643.97979
2026-09-14 21:30:00,2556.0,2558.57,2555.83,2558.57,88.8073,227075.46692
2026-09-14 21:31:00,2558.58,2559.53,2558.08,2559.08,84.811,216999.671835
2026-09-14 21:32:00,2559.08,2559.09,2555.01,2555.39,173.7726,444209.845667
2026-09-14 21:33:00,2555.38,2555.38,2552.07,2553.02,460.3654,1175577.092973
2026-09-14 21:34:00,2553.02,2554.76,2553.01,2554.02,141.6438,361786.334828
2026-09-14 21:35:00,2554.03,2554.03,2550.72,2550.72,305.855,780700.320669
2026-09-14 21:36:00,2550.71,2550.71,2547.86,2547.86,321.8326,820297.380334
2026-09-14 21:37:00,2547.87,2547.87,2543.65,2546.83,719.0383,1830450.58214
2026-09-14 21:38:00,2546.83,2547.12,2543.85,2546.0,189.8322,483198.459886
2026-09-14 21:39:00,2546.03,2548.78,2546.03,2546.78,204.4989,521020.422071
2026-09-14 21:40:00,2546.78,2548.92,2546.4,2547.9,293.357,747392.033313
2026-09-14 21:41:00,2547.89,2550.11,2547.88,2549.76,115.489,294353.975321
2026-09-14 21:42:00,2549.76,2549.86,2548.32,2549.27,72.8617,185729.268516
2026-09-14 21:43:00,2549.27,2550.22,2548.96,2549.59,98.9715,252343.258072
2026-09-14 21:44:00,2549.59,2549.59,2547.52,2547.53,120.158,306211.315265
2026-09-14 21:45:00,2547.52,2549.81,2546.56,2549.75,465.3009,1185520.726298
2026-09-14 21:46:00,2549.74,2549.75,2546.4,2546.4,124.3371,316788.536666
2026-09-14 21:47:00,2546.4,2547.96,2545.61,2547.95,84.2961,214670.335972
2026-09-14 21:48:00,2547.95,2547.96,2546.45,2546.89,130.2927,331840.671535
2026-09-14 21:49:00,2546.88,2549.95,2546.86,2549.32,152.5819,388771.732713
2026-09-14 21:50:00,2549.32,2550.44,2548.8,2549.44,176.6677,450456.765094
2026-09-14 21:51:00,2549.44,2549.44,2547.16,2547.49,155.2959,395642.714876
2026-09-14 21:52:00,2547.5,2547.5,2545.0,2546.13,126.2928,321578.501358
2026-09-14 21:53:00,2546.14,2548.7,2546.04,2547.46,122.3315,311652.087941
2026-09-14 21:54:00,2547.45,2548.31,2547.0,2548.3,119.6,304685.867233
2026-09-14 21:55:00,2548.3,2548.31,2548.3,2548.31,15.7849,40224.721303
2026-09-14 21:56:00,2548.3,2549.11,2547.14,2548.01,87.9126,224021.190607
2026-09-14 21:57:00,2548.0,2549.46,2548.0,2548.35,111.03,282992.268261
2026-09-14 21:58:00,2548.35,2548.35,2547.34,2547.35,48.4192,123367.85662
2026-09-14 21:59:00,2547.35,2547.36,2546.14,2547.13,56.2512,143254.548525
2026-09-14 22:00:00,2547.14,2547.98,2544.33,2544.34,290.4919,739705.735234
2026-09-14 22:01:00,2544.34,2545.96,2543.11,2545.0,240.6551,612382.824029
2026-09-14 22:02:00,2544.99,2546.09,2544.26,2544.26,138.2896,351990.489245
2026-09-14 22:03:00,2544.26,2544.26,2542.43,2543.97,102.371,260333.197475
2026-09-14 22:04:00,2543.97,2544.74,2542.71,2544.73,114.5631,291402.020349
2026-09-14 22:05:00,2544.73,2549.04,2544.73,2548.8,247.4742,630384.377653
2026-09-14 22:06:00,2548.79,2549.95,2548.69,2549.83,106.4277,271319.366672
2026-09-14 22:07:00,2549.82,2549.82,2546.61,2547.86,205.3295,523235.977224
2026-09-14 22:08:00,2547.87,2552.75,2547.87,2552.69,258.3417,659162.254047
2026-09-14 22:09:00,2552.7,2553.96,2552.18,2553.6,125.1633,319536.49813
2026-09-14 22:10:00,2553.6,2556.0,2552.86,2553.27,437.6557,1118053.318376
2026-09-14 22:11:00,2553.27,2553.27,2551.16,2552.6,107.717,274954.344354
2026-09-14 22:12:00,2552.6,2554.37,2552.6,2553.84,392.8254,1003151.374062
2026-09-14 22:13:00,2553.83,2556.53,2553.72,2555.29,365.4493,933765.408553
2026-09-14 22:14:00,2555.29,2555.29,2554.66,2554.87,100.6889,257252.539457
2026-09-14 22:15:00,2554.87,2555.28,2553.38,2553.38,39.3176,100443.179625
2026-09-14 22:16:00,2553.38,2553.7,2552.72,2552.72,46.7649,119412.508729
2026-09-14 22:17:00,2552.72,2552.72,2550.41,2550.42,105.5385,269238.051222
2026-09-14 22:18:00,2550.41,2550.73,2548.93,2550.73,100.2249,255543.492789
2026-09-14 22:19:00,2550.72,2550.72,2546.0,2546.01,354.9012,904309.543841
2026-09-14 22:20:00,2546.01,2546.56,2546.0,2546.18,22.2418,56634.399428
2026-09-14 22:21:00,2546.18,2546.18,2544.72,2545.45,245.8204,625782.344654
2026-09-14 22:22:00,2545.45,2545.95,2543.42,2545.95,162.3248,413060.201652
2026-09-14 22:23:00,2545.94,2545.95,2544.91,2544.91,184.0937,468617.833228
2026-09-14 22:24:00,2544.91,2544.91,2543.27,2543.43,112.2837,285646.560751
2026-09-14 22:25:00,2543.42,2545.96,2542.4,2545.96,381.0868,969250.512041
2026-09-14 22:26:00,2545.95,2546.54,2544.33,2544.33,87.1528,221884.158517
2026-09-14 22:27:00,2544.34,2544.43,2543.09,2543.09,71.9316,182990.769349
2026-09-14 22:28:00,2543.1,2543.1,2541.8,2543.09,72.7964,185072.647002
2026-09-14 22:29:00,2543.1,2544.54,2542.41,2544.53,108.1844,275133.218916
2026-09-14 22:30:00,2544.54,2544.54,2542.89,2542.89,40.8434,103918.470099
2026-09-14 22:31:00,2542.89,2542.89,2538.51,2538.6,829.5927,2107814.147175
2026-09-14 22:32:00,2538.59,2541.0,2538.52,2541.0,166.7528,423446.664879
2026-09-14 22:33:00,2541.0,2541.0,2538.61,2539.17,125.2099,317994.280184
2026-09-14 22:34:00,2539.18,2540.06,2535.19,2539.11,547.29,1388844.068779
2026-09-14 22:35:00,2539.1,2539.58,2538.08,2539.48,70.0289,177784.339779
2026-09-14 22:36:00,2539.49,2541.45,2538.96,2541.44,62.8938,159747.577482
2026-09-14 22:37:00,2541.44,2541.45,2539.49,2539.49,72.3709,183872.602667
2026-09-14 22:38:00,2539.48,2539.48,2536.39,2538.38,190.4595,483274.791468
2026-09-14 22:39:00,2538.37,2539.64,2536.8,2537.28,132.6045,336603.17414
2026-09-14 22:40:00,2537.29,2539.15,2537.28,2538.75,93.0135,236081.326534
2026-09-14 22:41:00,2538.74,2538.75,2537.19,2537.61,69.2878,175870.60862
2026-09-14 22:42:00,2537.62,2540.24,2537.61,2540.05,92.0831,233799.363516
2026-09-14 22:43:00,2540.05,2541.38,2539.53,2539.83,80.6761,204950.601246
2026-09-14 22:44:00,2539.83,2539.83,2538.8,2539.39,108.683,275971.084509
2026-09-14 22:45:00,2539.4,2539.4,2537.23,2537.58,78.2052,198491.144748
2026-09-14 22:46:00,2537.59,2537.99,2535.16,2536.8,159.5638,404704.636146
2026-09-14 22:47:00,2536.8,2536.82,2533.04,2535.75,783.5873,1986496.985937
2026-09-14 22:48:00,2535.76,2536.64,2533.66,2535.39,243.7078,617960.487455
2026-09-14 22:49:00,2535.38,2536.98,2534.82,2535.47,276.7559,701806.660624
2026-09-14 22:50:00,2535.46,2535.81,2534.93,2534.93,76.7718,194651.500187
2026-09-14 22:51:00,2534.93,2535.77,2533.53,2534.22,81.4531,206476.300047
2026-09-14 22:52:00,2534.21,2534.45,2533.17,2533.55,205.4544,520620.479536
2026-09-14 22:53:00,2533.55,2534.04,2533.03,2534.03,49.1261,124452.236127
2026-09-14 22:54:00,2534.04,2534.2,2533.58,2533.88,61.8134,156637.649538
2026-09-14 22:55:00,2533.88,2534.16,2533.68,2534.16,43.2914,109695.935406
2026-09-14 22:56:00,2534.16,2534.17,2532.68,2532.97,120.0518,304154.710802
2026-09-14 22:57:00,2532.97,2532.97,2532.56,2532.95,58.2679,147578.446879
2026-09-14 22:58:00,2532.94,2532.94,2532.72,2532.73,40.0348,101402.276797
2026-09-14 22:59:00,2532.73,2533.27,2532.73,2533.27,35.1672,89081.177201
2026-09-14 23:00:00,2533.27,2534.7,2532.13,2533.02,389.6812,987137.953401
2026-09-14 23:01:00,2533.01,2533.01,2530.62,2530.63,208.6404,528201.964063
2026-09-14 23:02:00,2530.63,2531.75,2530.01,2530.04,216.2161,547170.254153
2026-09-14 23:03:00,2530.04,2530.39,2528.04,2529.0,593.5282,1501282.837967
2026-09-14 23:04:00,2528.99,2528.99,2527.6,2528.37,315.7682,798321.016611
2026-09-14 23:05:00,2528.39,2529.42,2527.82,2528.4,159.8601,404232.778609
2026-09-14 23:06:00,2528.41,2528.42,2525.75,2526.48,401.4943,1014567.731793
2026-09-14 23:07:00,2526.49,2529.22,2526.24,2528.6,106.1365,268279.368157
2026-09-14 23:08:00,2528.6,2528.65,2527.81,2527.81,48.5373,122720.191008
2026-09-14 23:09:00,2527.8,2528.23,2526.44,2527.63,178.8062,451930.894308
2026-09-14 23:10:00,2527.63,2527.63,2526.69,2527.09,95.8511,242224.061627
2026-09-14 23:11:00,2527.09,2527.09,2526.48,2526.54,65.0627,164400.966684
2026-09-14 23:12:00,2526.54,2526.88,2525.91,2526.0,126.0017,318333.072164
2026-09-14 23:13:00,2526.0,2526.0,2524.61,2524.61,226.7498,572653.716894
2026-09-14 23:14:00,2524.61,2525.6,2524.61,2524.82,62.0569,156712.53899
2026-09-14 23:15:00,2524.82,2526.97,2524.28,2526.4,342.4185,864824.11732
2026-09-14 23:16:00,2526.39,2526.94,2525.0,2526.47,98.4584,248712.456516
2026-09-14 23:17:00,2526.46,2526.46,2525.13,2525.53,106.5678,269131.020099
2026-09-14 23:18:00,2525.53,2525.87,2525.0,2525.0,31.8235,80373.668056
2026-09-14 23:19:00,2525.01,2525.01,2523.03,2523.72,198.5041,501009.18404
2026-09-14 23:20:00,2523.72,2524.82,2523.72,2524.68,137.4735,347049.071921
2026-09-14 23:21:00,2524.68,2524.82,2524.13,2524.19,57.8723,146109.600936
2026-09-14 23:22:00,2524.18,2524.99,2524.0,2524.87,120.7733,304888.442781
2026-09-14 23:23:00,2524.86,2525.34,2524.86,2525.34,20.6544,52155.178927
2026-09-14 23:24:00,2525.33,2525.34,2524.95,2525.33,101.3549,255936.852791
2026-09-14 23:25:00,2525.33,2526.12,2525.33,2525.57,173.3148,437769.282811
2026-09-14 23:26:00,2525.56,2526.08,2525.56,2526.07,68.0978,171991.485345
2026-09-14 23:27:00,2526.06,2526.07,2523.03,2524.74,578.4118,1460278.257304
2026-09-14 23:28:00,2524.74,2525.44,2524.0,2525.44,114.6114,289350.663127
2026-09-14 23:29:00,2525.43,2526.15,2525.21,2525.31,142.0755,358823.442306
2026-09-14 23:30:00,2525.3,2525.3,2520.39,2520.44,425.7692,1073852.158974
2026-09-14 23:31:00,2520.45,2521.9,2520.44,2520.48,187.4281,472507.523669
2026-09-14 23:32:00,2520.48,2521.74,2520.22,2521.36,101.2401,255234.463225
2026-09-14 23:33:00,2521.36,2521.44,2520.83,2521.09,48.7964,123022.638608
2026-09-14 23:34:00,2521.09,2521.1,2520.0,2520.7,348.5193,878332.852569
2026-09-14 23:35:00,2520.7,2520.81,2518.88,2518.89,202.339,509766.778731
2026-09-14 23:36:00,2518.89,2518.98,2518.25,2518.37,178.6614,449984.517881
2026-09-14 23:37:00,2518.36,2518.37,2515.16,2515.16,468.7566,1179776.978381
2026-09-14 23:38:00,2515.17,2517.87,2514.65,2517.86,248.5774,625321.180344
2026-09-14 23:39:00,2517.87,2519.8,2517.86,2518.77,157.7476,397325.149041
2026-09-14 23:40:00,2518.77,2520.24,2518.76,2520.24,52.0482,131133.748277
2026-09-14 23:41:00,2520.24,2521.14,2520.0,2520.69,141.2521,356055.625311
2026-09-14 23:42:00,2520.69,2521.45,2520.48,2520.48,160.4814,404595.720462
2026-09-14 23:43:00,2520.48,2520.82,2520.14,2520.34,36.9414,93107.887556
2026-09-14 23:44:00,2520.33,2520.34,2519.5,2519.71,50.3571,126899.443955
2026-09-14 23:45:00,2519.71,2519.71,2518.63,2518.7,126.6375,318999.481352
2026-09-14 23:46:00,2518.69,2519.24,2518.14,2518.67,119.4369,300836.334523
2026-09-14 23:47:00,2518.67,2518.67,2516.28,2517.05,100.3348,252545.779111
2026-09-14 23:48:00,2517.04,2517.46,2516.59,2516.81,89.6346,225614.687012
2026-09-14 23:49:00,2516.82,2517.81,2516.81,2516.88,190.1786,478776.768247
2026-09-14 23:50:00,2516.88,2516.88,2515.0,2515.01,157.0387,395079.467202
2026-09-14 23:51:00,2515.01,2515.37,2514.04,2514.13,174.324,438393.740109
2026-09-14 23:52:00,2514.13,2515.38,2513.45,2515.37,188.621,474198.091508
2026-09-14 23:53:00,2515.37,2517.84,2515.16,2517.7,118.7467,298786.337276
2026-09-14 23:54:00,2517.69,2517.69,2516.45,2517.44,138.8893,349579.203367
2026-09-14 23:55:00,2517.44,2517.44,2515.71,2515.95,129.7338,326477.923791
2026-09-14 23:56:00,2515.95,2516.05,2514.9,2514.98,89.5875,225355.883835
2026-09-14 23:57:00,2514.98,2515.68,2514.53,2515.67,90.9842,228803.241016
2026-09-14 23:58:00,2515.67,2515.67,2513.8,2514.71,158.1691,397768.906423
2026-09-14 23:59:00,2514.7,2516.15,2514.52,2515.75,83.9209,211113.844039
2026-09-15 00:00:00,2515.72,2516.3,2514.93,2515.88,162.4685,408659.322552
2026-09-15 00:01:00,2515.87,2515.88,2513.88,2513.88,227.025,570930.795355
2026-09-15 00:02:00,2513.89,2514.64,2513.83,2514.0,90.7256,228126.543208
2026-09-15 00:03:00,2514.0,2514.6,2512.68,2514.6,309.4701,778015.224325
2026-09-15 00:04:00,2514.6,2514.6,2513.42,2513.42,57.9946,145816.484422
2026-09-15 00:05:00,2513.43,2513.88,2511.9,2511.9,270.1749,678909.039367
2026-09-15 00:06:00,2511.91,2513.81,2510.73,2511.19,380.7279,956407.525692
2026-09-15 00:07:00,2511.2,2514.23,2511.03,2514.22,127.4099,320068.448886
2026-09-15 00:08:00,2514.23,2514.6,2514.0,2514.6,558.1662,1403511.794649
2026-09-15 00:09:00,2514.59,2517.31,2514.59,2517.31,1412.1744,3551331.38258
2026-09-15 00:10:00,2517.32,2517.46,2515.32,2516.67,149.2993,375726.929296
2026-09-15 00:11:00,2516.66,2516.67,2514.71,2515.05,210.3694,529215.663972
2026-09-15 00:12:00,2515.05,2515.46,2514.01,2514.01,212.7528,535152.303618
2026-09-15 00:13:00,2514.0,2514.54,2512.7,2512.71,108.4866,272722.925615
2026-09-15 00:14:00,2512.7,2512.78,2512.37,2512.67,132.1398,332014.758794
2026-09-15 00:15:00,2512.67,2512.74,2511.32,2512.43,145.6192,365802.257599
2026-09-15 00:16:00,2512.43,2512.43,2510.73,2510.74,92.9339,233415.342151
2026-09-15 00:17:00,2510.73,2510.74,2510.49,2510.49,36.7607,92291.146988
2026-09-15 00:18:00,2510.5,2511.44,2509.98,2510.17,294.0601,738213.123652
2026-09-15 00:19:00,2510.16,2510.44,2508.53,2508.91,292.7539,734609.35338
2026-09-15 00:20:00,2508.92,2509.07,2506.8,2508.37,340.2334,853367.040663
2026-09-15 00:21:00,2508.37,2509.42,2507.68,2509.42,150.5047,377498.40614
2026-09-15 00:22:00,2509.42,2509.42,2508.46,2509.12,115.7887,290489.623681
2026-09-15 00:23:00,2509.12,2511.71,2509.12,2510.6,269.8632,677594.364858
2026-09-15 00:24:00,2510.6,2510.61,2507.45,2507.73,163.886,411130.777764
2026-09-15 00:25:00,2507.74,2509.46,2507.19,2509.46,154.7313,388159.564864
2026-09-15 00:26:00,2509.45,2510.95,2509.21,2510.94,68.4945,171917.664823
2026-09-15 00:27:00,2510.94,2510.94,2509.26,2509.27,39.4947,99140.970318
2026-09-15 00:28:00,2509.27,2510.31,2509.04,2509.77,147.9562,371327.208618
2026-09-15 00:29:00,2509.77,2510.35,2509.31,2509.86,103.0215,258567.508437
2026-09-15 00:30:00,2509.86,2510.55,2509.86,2510.54,48.1006,120741.725952
2026-09-15 00:31:00,2510.55,2512.48,2510.55,2511.89,250.5391,629309.143064
2026-09-15 00:32:00,2511.89,2512.3,2511.2,2511.2,96.9481,243517.679729
2026-09-15 00:33:00,2511.2,2512.39,2510.49,2512.09,135.0988,339333.654873
2026-09-15 00:34:00,2512.09,2514.9,2512.09,2514.37,317.6585,798512.466675
2026-09-15 00:35:00,2514.36,2516.12,2514.36,2516.11,1092.6137,2748263.862203
2026-09-15 00:36:00,2516.12,2516.6,2511.44,2515.01,473.064,1189459.589924
2026-09-15 00:37:00,2515.0,2515.25,2514.0,2514.59,131.0124,329454.54863
2026-09-15 00:38:00,2514.59,2515.43,2514.59,2514.72,56.4857,142066.785504
2026-09-15 00:39:00,2514.72,2515.23,2514.72,2515.22,25.5101,64160.332521
2026-09-15 00:40:00,2515.23,2515.23,2514.97,2514.97,62.315,156732.068041
2026-09-15 00:41:00,2514.98,2516.34,2514.98,2515.51,224.6176,564997.304837
2026-09-15 00:42:00,2515.51,2515.52,2511.43,2511.85,192.859,484790.491336
2026-09-15 00:43:00,2511.85,2513.36,2510.18,2513.36,153.3072,385021.666931
2026-09-15 00:44:00,2513.36,2514.74,2513.36,2513.79,57.5001,144578.608148
2026-09-15 00:45:00,2513.78,2515.31,2513.78,2514.73,218.2859,548944.220444
2026-09-15 00:46:00,2514.73,2515.07,2513.98,2514.06,85.6455,215374.683196
2026-09-15 00:47:00,2514.05,2514.05,2512.77,2513.2,111.5598,280392.149775
2026-09-15 00:48:00,2513.2,2514.05,2512.4,2513.79,283.4386,712277.900013
2026-09-15 00:49:00,2513.78,2515.51,2513.77,2515.02,71.7509,180444.569493
2026-09-15 00:50:00,2515.02,2516.21,2514.77,2516.2,114.7594,288679.776253
2026-09-15 00:51:00,2516.21,2516.59,2515.65,2516.23,107.0042,269250.421631
2026-09-15 00:52:00,2516.22,2516.98,2516.0,2516.01,116.0897,292148.939066
2026-09-15 00:53:00,2516.01,2516.36,2515.82,2515.96,118.2255,297465.581597
2026-09-15 00:54:00,2515.96,2515.96,2514.4,2514.4,98.115,246751.276762
2026-09-15 00:55:00,2514.4,2515.26,2514.06,2515.25,119.945,301618.027343
2026-09-15 00:56:00,2515.25,2516.13,2514.57,2514.58,110.1067,276969.492487
2026-09-15 00:57:00,2514.58,2514.98,2514.21,2514.37,105.0404,264138.209706
2026-09-15 00:58:00,2514.37,2515.79,2514.37,2515.62,68.9825,173514.540753
2026-09-15 00:59:00,2515.62,2516.74,2515.62,2515.93,82.9481,208706.533381
2026-09-15 01:00:00,2515.93,2515.94,2512.4,2512.74,159.9718,402185.759052
2026-09-15 01:01:00,2512.75,2514.61,2512.09,2513.36,346.0512,869680.733286
2026-09-15 01:02:00,2513.36,2514.48,2512.62,2513.98,85.8742,215874.4253
2026-09-15 01:03:00,2513.98,2514.38,2512.68,2513.22,152.8307,384153.196608
2026-09-15 01:04:00,2513.22,2513.83,2512.64,2512.64,78.5532,197437.023498
2026-09-15 01:05:00,2512.65,2512.65,2511.54,2511.73,94.6512,237746.689701
2026-09-15 01:06:00,2511.74,2513.38,2511.43,2512.41,132.1272,331950.215845
2026-09-15 01:07:00,2512.41,2512.42,2511.0,2511.0,143.7825,361136.211824
2026-09-15 01:08:00,2511.01,2511.29,2509.99,2510.16,407.572,1023181.368449
2026-09-15 01:09:00,2510.15,2510.15,2508.19,2508.64,249.8552,626876.497591
2026-09-15 01:10:00,2508.63,2510.75,2508.19,2510.14,163.2298,409668.389435
2026-09-15 01:11:00,2510.14,2513.7,2510.14,2512.83,58.5776,147199.196866
2026-09-15 01:12:00,2512.84,2513.7,2512.18,2513.02,93.7657,235645.029519
2026-09-15 01:13:00,2513.03,2513.33,2511.52,2513.33,119.0751,299164.897138
2026-09-15 01:14:00,2513.33,2513.55,2511.57,2512.13,173.7932,436730.949526
2026-09-15 01:15:00,2512.13,2512.8,2510.36,2512.4,339.5355,852767.240859
2026-09-15 01:16:00,2512.4,2513.73,2511.61,2513.73,137.3748,345183.32298
2026-09-15 01:17:00,2513.73,2514.75,2513.16,2514.75,155.6678,391343.898942
2026-09-15 01:18:00,2514.75,2514.75,2511.32,2511.56,128.2217,322228.147544
2026-09-15 01:19:00,2511.56,2512.83,2511.32,2512.81,87.3213,219396.025904
2026-09-15 01:20:00,2512.81,2514.58,2512.8,2514.46,281.7261,708225.96778
2026-09-15 01:21:00,2514.46,2515.6,2513.37,2514.31,151.3625,380603.930218
2026-09-15 01:22:00,2514.31,2517.45,2514.31,2517.34,105.967,266656.263925
2026-09-15 01:23:00,2517.34,2518.24,2516.97,2517.35,153.678,386869.050496
2026-09-15 01:24:00,2517.36,2518.45,2515.73,2518.42,550.0346,1384741.353243
2026-09-15 01:25:00,2518.42,2518.77,2517.9,2517.93,341.7669,860689.381049
2026-09-15 01:26:00,2517.94,2518.21,2516.03,2516.34,156.9994,395220.989281
2026-09-15 01:27:00,2516.34,2516.34,2512.66,2513.5,1245.4643,3133208.432471
2026-09-15 01:28:00,2513.51,2513.51,2508.29,2508.5,970.8123,2437518.359432
2026-09-15 01:29:00,2508.5,2511.84,2508.5,2511.3,370.4713,930302.440975
2026-09-15 01:30:00,2511.29,2511.98,2510.0,2511.05,169.4918,425538.802113
2026-09-15 01:31:00,2511.05,2515.17,2510.48,2514.53,383.8897,964930.211096
2026-09-15 01:32:00,2514.53,2516.66,2514.53,2516.65,176.2404,443327.246004
2026-09-15 01:33:00,2516.65,2516.65,2514.02,2514.77,98.3045,247248.347546
2026-09-15 01:34:00,2514.78,2515.19,2513.61,2513.94,110.3035,277360.795007
2026-09-15 01:35:00,2513.94,2514.29,2512.72,2514.19,137.7426,346256.317015
2026-09-15 01:36:00,2514.18,2514.32,2513.55,2513.79,85.8708,215886.527184
2026-09-15 01:37:00,2513.78,2513.8,2513.11,2513.46,138.7084,348632.87605
2026-09-15 01:38:00,2513.47,2515.03,2513.47,2514.45,56.9447,143185.936654
2026-09-15 01:39:00,2514.44,2515.21,2514.44,2514.93,67.1595,168905.348785
2026-09-15 01:40:00,2514.92,2514.98,2513.21,2514.34,127.5182,320631.665012
2026-09-15 01:41:00,2514.34,2514.93,2514.07,2514.92,50.4062,126745.63988
2026-09-15 01:42:00,2514.92,2515.11,2514.52,2515.11,57.6993,145099.777364
2026-09-15 01:43:00,2515.1,2516.66,2515.1,2516.65,70.8079,178127.223175
2026-09-15 01:44:00,2516.66,2516.84,2516.66,2516.83,113.2767,285089.183875
2026-09-15 01:45:00,2516.83,2517.24,2513.49,2515.86,488.5442,1229025.553252
2026-09-15 01:46:00,2515.87,2517.57,2515.86,2517.42,139.1496,350236.66874
2026-09-15 01:47:00,2517.43,2518.61,2517.24,2517.98,211.1803,531776.814699
2026-09-15 01:48:00,2517.99,2518.34,2517.42,2518.34,88.241,222189.56175
2026-09-15 01:49:00,2518.33,2520.0,2518.33,2519.16,185.3007,466777.748034
2026-09-15 01:50:00,2519.17,2519.43,2518.17,2518.23,131.072,330178.296019
2026-09-15 01:51:00,2518.22,2518.55,2516.49,2516.49,98.5418,248082.099891
2026-09-15 01:52:00,2516.48,2517.37,2516.47,2516.84,62.5202,157358.156609
2026-09-15 01:53:00,2516.84,2517.9,2516.83,2517.9,23.9534,60296.555644
2026-09-15 01:54:00,2517.89,2518.39,2517.29,2517.44,117.5281,295903.925794
2026-09-15 01:55:00,2517.43,2518.09,2517.43,2518.08,53.9682,135866.857805
2026-09-15 01:56:00,2518.09,2518.23,2517.0,2517.47,289.567,729041.762734
2026-09-15 01:57:00,2517.46,2517.56,2515.21,2515.21,280.391,705647.909697
2026-09-15 01:58:00,2515.21,2515.65,2515.0,2515.04,78.8378,198297.424853
2026-09-15 01:59:00,2515.04,2515.37,2515.04,2515.36,20.3621,51215.300379
2026-09-15 02:00:00,2515.36,2516.64,2514.62,2516.11,137.1297,344976.202713
2026-09-15 02:01:00,2516.12,2517.1,2515.56,2516.67,117.3418,295242.556163
2026-09-15 02:02:00,2516.67,2518.54,2516.67,2518.05,73.4336,184899.328015
2026-09-15 02:03:00,2518.05,2518.36,2516.54,2518.06,254.4145,640428.140026
2026-09-15 02:04:00,2518.07,2518.85,2517.5,2518.72,115.9053,291876.321225
2026-09-15 02:05:00,2518.72,2519.52,2518.2,2518.2,94.3076,237551.158696
2026-09-15 02:06:00,2518.2,2518.2,2516.4,2516.4,58.9405,148364.187342
2026-09-15 02:07:00,2516.4,2516.4,2514.85,2515.35,119.9693,301801.677595
2026-09-15 02:08:00,2515.35,2517.18,2515.17,2517.17,90.8389,228558.072934
2026-09-15 02:09:00,2517.17,2519.06,2517.17,2519.06,81.6845,205686.318759
2026-09-15 02:10:00,2519.05,2519.05,2517.74,2518.05,81.5257,205316.770823
2026-09-15 02:11:00,2518.05,2519.55,2518.05,2519.47,103.7145,261287.6098
2026-09-15 02:12:00,2519.47,2519.92,2518.56,2518.7,103.91,261803.574998
2026-09-15 02:13:00,2518.7,2519.11,2518.45,2518.68,52.5664,132401.565828
2026-09-15 02:14:00,2518.69,2518.69,2518.08,2518.19,108.9727,274424.612588
2026-09-15 02:15:00,2518.2,2518.27,2517.57,2517.95,59.542,149918.927159
2026-09-15 02:16:00,2517.96,2519.85,2517.95,2519.63,92.6056,233276.094434
2026-09-15 02:17:00,2519.63,2519.64,2518.8,2519.45,117.2174,295330.111904
2026-09-15 02:18:00,2519.44,2519.45,2518.5,2519.04,109.0772,274755.289252
2026-09-15 02:19:00,2519.05,2519.42,2518.27,2518.89,116.804,294217.516748
2026-09-15 02:20:00,2518.89,2518.9,2517.7,2517.89,42.6404,107374.311577
2026-09-15 02:21:00,2517.9,2518.8,2517.34,2517.35,100.9357,254145.765047
2026-09-15 02:22:00,2517.35,2517.5,2516.98,2517.5,48.225,121390.00093
2026-09-15 02:23:00,2517.5,2518.39,2516.61,2517.5,248.2148,624815.66956
2026-09-15 02:24:00,2517.49,2517.97,2517.48,2517.97,51.3774,129347.311853
2026-09-15 02:25:00,2517.97,2518.88,2517.66,2518.88,86.1598,216955.096639
2026-09-15 02:26:00,2518.87,2519.27,2518.08,2518.76,90.7938,228691.617967
2026-09-15 02:27:00,2518.77,2518.88,2518.0,2518.0,91.52,230502.024123
2026-09-15 02:28:00,2518.0,2518.01,2515.88,2516.0,63.2318,159159.404211
2026-09-15 02:29:00,2516.01,2516.76,2516.01,2516.54,30.4456,76616.161431
2026-09-15 02:30:00,2516.55,2516.91,2515.59,2516.0,103.3355,260001.989131
2026-09-15 02:31:00,2516.0,2516.9,2516.0,2516.66,33.1075,83321.592726
2026-09-15 02:32:00,2516.65,2516.75,2516.25,2516.25,41.2459,103800.314592
2026-09-15 02:33:00,2516.25,2517.63,2516.25,2517.46,177.9057,447780.794998
2026-09-15 02:34:00,2517.47,2517.47,2516.42,2516.42,43.0245,108297.895962
2026-09-15 02:35:00,2516.42,2516.43,2515.25,2515.96,96.9752,243958.993473
2026-09-15 02:36:00,2515.95,2515.95,2514.26,2514.45,345.5948,869185.698866
2026-09-15 02:37:00,2514.44,2514.45,2513.52,2514.02,108.1757,271936.483891
2026-09-15 02:38:00,2514.01,2514.01,2511.0,2512.77,431.0482,1082865.203662
2026-09-15 02:39:00,2512.77,2513.91,2512.77,2513.91,50.9239,127972.726175
2026-09-15 02:40:00,2513.91,2514.18,2513.27,2513.27,116.2661,292286.480971
2026-09-15 02:41:00,2513.27,2513.28,2512.34,2512.34,49.8986,125389.51829
2026-09-15 02:42:00,2512.35,2513.0,2512.03,2513.0,60.3623,151652.511531
2026-09-15 02:43:00,2512.99,2514.0,2512.61,2513.99,99.3937,249788.980394
2026-09-15 02:44:00,2513.99,2513.99,2512.37,2512.6,91.4988,229940.954179
2026-09-15 02:45:00,2512.6,2513.01,2512.56,2513.0,56.9354,143071.613528
2026-09-15 02:46:00,2513.01,2513.05,2512.99,2513.05,36.1879,90940.714074
2026-09-15 02:47:00,2513.04,2513.04,2511.5,2511.76,120.1146,301776.130767
2026-09-15 02:48:00,2511.76,2511.76,2511.68,2511.69,33.3695,83814.193657
2026-09-15 02:49:00,2511.68,2511.74,2511.08,2511.15,96.3825,242065.755647
2026-09-15 02:50:00,2511.15,2512.2,2510.98,2511.17,229.7901,577112.632541
2026-09-15 02:51:00,2511.16,2511.17,2509.48,2510.76,342.8322,860593.196406
2026-09-15 02:52:00,2510.77,2512.22,2510.44,2512.21,80.2349,201486.14742
2026-09-15 02:53:00,2512.22,2513.12,2512.21,2512.35,48.7718,122545.554438
2026-09-15 02:54:00,2512.36,2512.47,2511.28,2511.9,124.3084,312281.497447
2026-09-15 02:55:00,2511.9,2513.33,2511.59,2513.14,161.5819,405906.105871
2026-09-15 02:56:00,2513.15,2513.27,2511.5,2512.48,290.7627,730575.127294
2026-09-15 02:57:00,2512.48,2512.63,2512.03,2512.57,68.4479,171972.020482
2026-09-15 02:58:00,2512.57,2512.76,2512.34,2512.34,50.5856,127101.823334
2026-09-15 02:59:00,2512.35,2512.58,2512.34,2512.57,20.1371,50594.779143
2026-09-15 03:00:00,2512.58,2512.58,2510.54,2510.71,280.417,704346.354902
2026-09-15 03:01:00,2510.71,2510.78,2507.09,2507.37,409.2475,1026774.070024
2026-09-15 03:02:00,2507.37,2507.74,2503.3,2505.28,875.9523,2194688.009706
2026-09-15 03:03:00,2505.28,2507.28,2503.99,2507.19,355.6201,891145.566684
2026-09-15 03:04:00,2507.19,2507.61,2504.0,2505.28,169.6138,424951.398032
2026-09-15 03:05:00,2505.28,2506.3,2505.1,2505.1,111.7022,279882.224145
2026-09-15 03:06:00,2505.09,2505.09,2504.2,2504.2,101.9172,255261.357559
2026-09-15 03:07:00,2504.2,2505.71,2502.93,2504.75,295.8331,740895.423632
2026-09-15 03:08:00,2504.75,2504.87,2502.15,2502.16,224.497,562026.926614
2026-09-15 03:09:00,2502.16,2502.56,2501.2,2501.57,247.8416,620123.866776
2026-09-15 03:10:00,2501.57,2502.51,2499.0,2501.26,1986.9307,4967745.463888
2026-09-15 03:11:00,2501.27,2501.27,2496.32,2498.08,606.8247,1516107.945976
2026-09-15 03:12:00,2498.09,2499.99,2496.0,2499.99,341.1479,852085.993836
2026-09-15 03:13:00,2500.0,2501.22,2499.02,2499.5,161.908,404753.108136
2026-09-15 03:14:00,2499.5,2499.5,2498.63,2498.66,97.9549,244796.628834
2026-09-15 03:15:00,2498.66,2499.11,2497.73,2498.24,141.5425,353649.623049
2026-09-15 03:16:00,2498.24,2498.42,2497.14,2497.45,113.344,283101.668273
2026-09-15 03:17:00,2497.44,2499.33,2497.44,2498.49,510.4553,1275421.546817
2026-09-15 03:18:00,2498.5,2500.63,2498.1,2500.63,87.0131,217412.752787
2026-09-15 03:19:00,2500.63,2501.28,2500.14,2500.2,134.5877,336567.29339
2026-09-15 03:20:00,2500.2,2502.07,2500.2,2502.07,150.3228,376047.207835
2026-09-15 03:21:00,2502.07,2502.17,2501.16,2501.17,91.0897,227888.139662
2026-09-15 03:22:00,2501.16,2501.68,2500.2,2501.07,264.4336,661322.22383
2026-09-15 03:23:00,2501.07,2501.76,2501.07,2501.67,179.4975,449006.75235
2026-09-15 03:24:00,2501.67,2501.68,2501.06,2501.06,135.1669,338106.712415
2026-09-15 03:25:00,2501.07,2501.36,2501.06,2501.35,50.004,125071.344099
2026-09-15 03:26:00,2501.35,2501.35,2501.21,2501.21,67.5997,169085.103843
2026-09-15 03:27:00,2501.21,2502.12,2501.21,2502.11,93.5828,234089.433703
2026-09-15 03:28:00,2502.12,2502.12,2502.09,2502.1,97.3441,243564.503871
2026-09-15 03:29:00,2502.1,2502.78,2502.09,2502.77,85.8388,214818.231783
2026-09-15 03:30:00,2502.78,2502.78,2502.28,2502.28,79.3036,198459.843454
2026-09-15 03:31:00,2502.28,2502.29,2501.32,2501.33,81.9176,204949.779361
2026-09-15 03:32:00,2501.32,2503.56,2501.32,2503.55,68.9761,172632.440655
2026-09-15 03:33:00,2503.55,2504.12,2503.37,2504.11,84.9991,212823.74887
2026-09-15 03:34:00,2504.12,2504.97,2504.11,2504.94,88.5265,221717.555888
2026-09-15 03:35:00,2504.95,2505.13,2504.83,2505.12,197.226,494049.525592
2026-09-15 03:36:00,2505.13,2505.69,2504.79,2504.79,174.8807,438159.68089
2026-09-15 03:37:00,2504.8,2504.88,2504.27,2504.27,152.9187,383021.241622
2026-09-15 03:38:00,2504.28,2505.54,2504.27,2505.54,179.5383,449688.553669
2026-09-15 03:39:00,2505.54,2505.54,2503.64,2503.65,127.1074,318340.63783
2026-09-15 03:40:00,2503.64,2504.52,2503.58,2504.13,55.9591,140123.349394
2026-09-15 03:41:00,2504.12,2504.32,2504.12,2504.31,64.3436,161136.123272
2026-09-15 03:42:00,2504.32,2504.64,2503.53,2503.53,292.0902,731536.798652
2026-09-15 03:43:00,2503.53,2503.83,2503.18,2503.23,76.624,191821.063132
2026-09-15 03:44:00,2503.22,2504.1,2503.22,2504.1,55.3707,138631.271228
2026-09-15 03:45:00,2504.09,2504.1,2503.44,2503.8,146.8004,367564.89867
2026-09-15 03:46:00,2503.81,2505.31,2503.8,2504.99,116.4234,291560.302009
2026-09-15 03:47:00,2504.99,2504.99,2504.06,2504.06,138.6243,347168.178006
2026-09-15 03:48:00,2504.06,2504.07,2503.04,2503.05,71.1555,178151.46753
2026-09-15 03:49:00,2503.05,2503.37,2502.12,2502.12,121.9018,305076.861022
2026-09-15 03:50:00,2502.13,2502.48,2501.46,2501.46,50.2431,125703.513351
2026-09-15 03:51:00,2501.47,2503.14,2501.46,2502.39,222.0666,555687.287581
2026-09-15 03:52:00,2502.38,2502.38,2501.57,2501.58,41.3835,103546.892939
2026-09-15 03:53:00,2501.57,2501.94,2501.42,2501.94,38.5151,96356.361131
2026-09-15 03:54:00,2501.94,2502.34,2500.75,2500.76,141.1005,352992.767
2026-09-15 03:55:00,2500.75,2500.76,2500.17,2500.17,149.2726,373247.728247
2026-09-15 03:56:00,2500.18,2500.32,2498.88,2498.88,527.9362,1319636.929375
2026-09-15 03:57:00,2498.89,2499.0,2498.84,2498.99,124.4732,311045.653212
2026-09-15 03:58:00,2498.99,2499.51,2498.99,2499.19,1163.3517,2907248.163077
2026-09-15 03:59:00,2499.19,2499.19,2497.8,2498.62,556.5586,1390594.462549
2026-09-15 04:00:00,2498.63,2500.04,2496.81,2499.34,704.1444,1759191.489759
2026-09-15 04:01:00,2499.33,2500.03,2499.33,2500.01,110.9283,277291.406297
2026-09-15 04:02:00,2500.02,2500.02,2498.99,2498.99,82.8214,207021.503406
2026-09-15 04:03:00,2498.99,2499.0,2498.0,2498.63,145.1526,362652.104339
2026-09-15 04:04:00,2498.64,2500.39,2498.63,2500.38,84.9007,212243.949469
2026-09-15 04:05:00,2500.38,2500.39,2499.87,2500.17,109.6936,274250.57886
2026-09-15 04:06:00,2500.17,2500.56,2500.14,2500.52,240.035,600177.726065
2026-09-15 04:07:00,2500.52,2500.53,2497.49,2497.49,570.6013,1426336.146528
2026-09-15 04:08:00,2497.5,2498.61,2496.13,2498.26,385.3549,962483.894677
2026-09-15 04:09:00,2498.25,2500.34,2498.25,2500.33,184.7491,461688.798071
2026-09-15 04:10:00,2500.34,2500.34,2499.18,2499.84,91.2346,228076.638899
2026-09-15 04:11:00,2499.84,2499.86,2499.55,2499.55,43.9096,109760.733127
2026-09-15 04:12:00,2499.56,2499.86,2498.58,2499.08,170.8185,426904.329721
2026-09-15 04:13:00,2499.08,2499.89,2499.05,2499.87,138.5305,346278.45562
2026-09-15 04:14:00,2499.86,2499.86,2498.53,2498.53,168.6207,421405.730374
2026-09-15 04:15:00,2498.54,2499.36,2498.53,2499.35,52.323,130746.748123
2026-09-15 04:16:00,2499.35,2499.35,2498.53,2499.32,135.4415,338467.258142
2026-09-15 04:17:00,2499.32,2499.32,2498.01,2498.15,84.7722,211791.754855
2026-09-15 04:18:00,2498.15,2499.45,2497.98,2498.46,228.2604,570279.339615
2026-09-15 04:19:00,2498.46,2499.72,2498.45,2499.71,63.5405,158799.568053
2026-09-15 04:20:00,2499.72,2500.32,2499.71,2499.98,56.2504,140634.264283
2026-09-15 04:21:00,2499.97,2500.16,2499.51,2499.52,129.3151,323268.912682
2026-09-15 04:22:00,2499.51,2499.52,2497.88,2497.89,107.8647,269546.985649
2026-09-15 04:23:00,2497.89,2497.89,2496.24,2496.95,200.3063,500130.334958
2026-09-15 04:24:00,2496.96,2496.96,2495.52,2495.53,223.7421,558472.062094
2026-09-15 04:25:00,2495.52,2495.52,2493.93,2493.94,306.3693,764316.385285
2026-09-15 04:26:00,2493.95,2494.22,2493.6,2494.11,258.2496,644031.302861
2026-09-15 04:27:00,2494.1,2494.11,2493.6,2493.61,182.9251,456159.177002
2026-09-15 04:28:00,2493.6,2494.78,2493.2,2494.78,337.4364,841451.287026
2026-09-15 04:29:00,2494.78,2494.78,2493.43,2493.71,188.7905,470867.932081
2026-09-15 04:30:00,2493.71,2495.21,2493.34,2494.39,177.1238,441814.47171
2026-09-15 04:31:00,2494.39,2494.39,2494.04,2494.39,58.7633,146572.456535
2026-09-15 04:32:00,2494.38,2494.39,2493.34,2493.74,207.0382,516376.294998
2026-09-15 04:33:00,2493.74,2493.75,2491.01,2491.29,1237.1071,3083382.446966
2026-09-15 04:34:00,2491.3,2493.56,2491.29,2493.55,243.3936,606635.61503
2026-09-15 04:35:00,2493.56,2493.56,2491.41,2491.67,201.7576,503023.042167
2026-09-15 04:36:00,2491.66,2492.43,2491.0,2491.58,285.5674,711554.856815
2026-09-15 04:37:00,2491.58,2491.58,2490.1,2490.27,382.7905,953341.564671
2026-09-15 04:38:00,2490.28,2491.82,2490.0,2491.45,456.426,1136705.787019
2026-09-15 04:39:00,2491.45,2492.99,2490.31,2491.68,525.3378,1309103.801839
2026-09-15 04:40:00,2491.68,2492.6,2491.67,2492.6,143.2304,356914.420877
2026-09-15 04:41:00,2492.6,2494.09,2492.59,2494.04,187.1243,466548.159942
2026-09-15 04:42:00,2494.05,2495.37,2494.01,2494.98,147.9352,369078.867739
2026-09-15 04:43:00,2494.99,2494.99,2494.31,2494.31,58.6184,146245.784561
2026-09-15 04:44:00,2494.32,2494.82,2494.03,2494.24,102.7388,256272.677954
2026-09-15 04:45:00,2494.24,2494.24,2493.03,2493.03,26.9368,67171.968879
2026-09-15 04:46:00,2493.04,2494.55,2492.97,2494.1,341.737,852139.648624
2026-09-15 04:47:00,2494.09,2494.3,2493.39,2493.99,64.1955,160093.916538
2026-09-15 04:48:00,2493.99,2494.54,2493.59,2494.16,185.2031,461914.44907
2026-09-15 04:49:00,2494.19,2494.19,2493.68,2493.91,49.3037,122960.758963
2026-09-15 04:50:00,2493.91,2494.49,2492.98,2492.98,109.4803,273039.538811
2026-09-15 04:51:00,2492.98,2492.98,2492.17,2492.19,31.1411,77628.63099
2026-09-15 04:52:00,2492.18,2492.74,2492.14,2492.31,50.7824,126569.188493
2026-09-15 04:53:00,2492.32,2492.67,2492.15,2492.67,45.8661,114308.730869
2026-09-15 04:54:00,2492.67,2493.23,2492.67,2493.23,22.5672,56261.712504
2026-09-15 04:55:00,2493.23,2493.23,2492.76,2492.76,72.2911,180217.430758
2026-09-15 04:56:00,2492.77,2492.83,2492.2,2492.2,38.2007,95215.867922
2026-09-15 04:57:00,2492.2,2492.49,2491.69,2491.71,191.1092,476262.674791
2026-09-15 04:58:00,2491.72,2491.72,2491.38,2491.72,91.0917,226963.78123
2026-09-15 04:59:00,2491.72,2491.95,2490.71,2490.72,103.2881,257328.794054
2026-09-15 05:00:00,2490.71,2491.6,2490.05,2491.59,247.7838,617147.182861
2026-09-15 05:01:00,2491.59,2492.74,2491.58,2492.65,101.2355,252292.705781
2026-09-15 05:02:00,2492.64,2493.0,2492.18,2492.92,63.3312,157863.287547
2026-09-15 05:03:00,2492.92,2492.92,2492.23,2492.29,49.5843,123600.092711
2026-09-15 05:04:00,2492.3,2492.3,2492.19,2492.2,20.7501,51714.011151
2026-09-15 05:05:00,2492.2,2494.21,2492.2,2493.64,121.0989,301979.100122
2026-09-15 05:06:00,2493.65,2493.65,2492.56,2492.56,70.5312,175850.311588
2026-09-15 05:07:00,2492.56,2492.91,2491.72,2491.72,42.3748,105609.292028
2026-09-15 05:08:00,2491.73,2492.29,2491.06,2491.07,115.9571,288934.102167
2026-09-15 05:09:00,2491.06,2491.12,2489.12,2489.55,542.8869,1351808.053199
2026-09-15 05:10:00,2489.55,2489.55,2484.54,2486.56,3015.861,7498435.54599
2026-09-15 05:11:00,2486.55,2487.95,2485.97,2486.53,220.2855,547846.171189
2026-09-15 05:12:00,2486.54,2486.54,2483.21,2484.47,445.46,1106780.209695
2026-09-15 05:13:00,2484.48,2484.48,2482.11,2482.12,662.6017,1645143.511895
2026-09-15 05:14:00,2482.11,2484.31,2479.2,2484.1,1619.6129,4017470.488198
2026-09-15 05:15:00,2484.11,2484.75,2482.43,2484.64,393.3442,976832.649544
2026-09-15 05:16:00,2484.64,2484.64,2483.0,2483.25,296.0378,735213.062469
2026-09-15 05:17:00,2483.24,2483.25,2479.65,2479.65,181.7768,451068.407488
2026-09-15 05:18:00,2479.66,2481.78,2479.65,2481.62,553.547,1373269.205014
2026-09-15 05:19:00,2481.63,2482.5,2480.0,2480.79,259.8827,644851.831862
2026-09-15 05:20:00,2480.78,2484.05,2480.78,2484.05,154.8566,384457.287167
2026-09-15 05:21:00,2484.05,2485.65,2484.04,2484.96,296.4679,736698.632883
2026-09-15 05:22:00,2484.95,2484.95,2483.25,2484.16,193.3727,480224.584803
2026-09-15 05:23:00,2484.16,2484.17,2483.61,2483.72,59.2303,147122.906742
2026-09-15 05:24:00,2483.72,2485.13,2483.72,2484.51,161.9206,402333.660377
2026-09-15 05:25:00,2484.5,2486.0,2484.5,2485.83,99.6664,247700.261487
2026-09-15 05:26:00,2485.83,2487.15,2485.48,2487.14,192.9998,479825.056999
2026-09-15 05:27:00,2487.15,2488.78,2487.14,2488.77,174.7992,434842.609872
2026-09-15 05:28:00,2488.77,2489.51,2488.49,2489.45,171.6555,427255.309774
2026-09-15 05:29:00,2489.45,2490.2,2488.68,2488.68,88.1186,219377.867757
2026-09-15 05:30:00,2488.69,2489.85,2488.68,2489.61,115.195,286778.018579
2026-09-15 05:31:00,2489.6,2489.6,2488.09,2488.71,78.6613,195744.205843
2026-09-15 05:32:00,2488.72,2488.98,2488.24,2488.96,60.3774,150258.921964
2026-09-15 05:33:00,2488.96,2489.92,2488.05,2489.61,127.9477,318499.898012
2026-09-15 05:34:00,2489.62,2489.62,2488.53,2489.4,111.3867,277257.136878
2026-09-15 05:35:00,2489.41,2489.41,2488.19,2488.91,55.0115,136910.207095
2026-09-15 05:36:00,2488.9,2489.03,2486.86,2487.56,271.2365,674980.949548
2026-09-15 05:37:00,2487.56,2487.91,2486.31,2486.97,89.8257,223407.694954
2026-09-15 05:38:00,2486.98,2487.12,2486.0,2486.01,71.5128,177826.584685
2026-09-15 05:39:00,2486.01,2487.51,2486.01,2487.51,82.7333,205742.464258
2026-09-15 05:40:00,2487.51,2489.34,2487.26,2488.75,71.707,178432.04682
2026-09-15 05:41:00,2488.75,2489.78,2488.09,2489.78,99.9371,248739.437806
2026-09-15 05:42:00,2489.78,2490.77,2489.38,2490.21,333.1932,829595.11132
2026-09-15 05:43:00,2490.21,2490.21,2488.8,2489.85,178.1528,443539.323449
2026-09-15 05:44:00,2489.85,2490.72,2489.85,2490.72,69.5939,173325.484338
2026-09-15 05:45:00,2490.72,2491.49,2490.72,2491.19,104.1552,259471.026737
2026-09-15 05:46:00,2491.19,2491.41,2490.99,2491.41,52.994,132014.707963
2026-09-15 05:47:00,2491.4,2491.41,2491.21,2491.28,30.0782,74933.579461
2026-09-15 05:48:00,2491.29,2492.62,2491.29,2492.61,120.8388,301145.393027
2026-09-15 05:49:00,2492.62,2493.35,2492.33,2492.59,179.9352,448584.463486
2026-09-15 05:50:00,2492.6,2494.23,2492.6,2494.23,189.3052,472001.971974
2026-09-15 05:51:00,2494.24,2495.64,2494.24,2494.67,121.2753,302590.742924
2026-09-15 05:52:00,2494.67,2496.66,2494.67,2495.79,88.4401,220748.853826
2026-09-15 05:53:00,2495.78,2496.94,2495.58,2496.91,88.0894,219902.404966
2026-09-15 05:54:00,2496.91,2497.22,2496.67,2496.76,144.3976,360541.16773
2026-09-15 05:55:00,2496.75,2497.08,2496.12,2497.07,133.6661,333719.838513
2026-09-15 05:56:00,2497.08,2497.63,2496.63,2497.63,205.4097,512917.956647
2026-09-15 05:57:00,2497.62,2498.0,2497.31,2497.75,306.3065,765054.954967
2026-09-15 05:58:00,2497.76,2497.76,2496.29,2496.31,174.3427,435355.62627
2026-09-15 05:59:00,2496.31,2496.65,2496.3,2496.53,146.2453,365099.345825
2026-09-15 06:00:00,2496.53,2498.0,2496.52,2497.44,240.9398,601685.211398
2026-09-15 06:01:00,2497.44,2499.24,2497.43,2498.53,332.4987,830723.592907
2026-09-15 06:02:00,2498.53,2501.02,2498.52,2500.0,309.9154,774762.287754
2026-09-15 06:03:00,2500.0,2500.0,2498.72,2499.48,173.0335,432499.149687
2026-09-15 06:04:00,2499.48,2500.31,2499.48,2500.31,273.1154,682797.228794
2026-09-15 06:05:00,2500.31,2500.4,2499.69,2499.69,186.534,466356.330241
2026-09-15 06:06:00,2499.7,2499.7,2499.13,2499.18,147.1867,367852.08191
2026-09-15 06:07:00,2499.18,2499.18,2498.72,2499.09,206.2689,515463.081751
2026-09-15 06:08:00,2499.08,2499.08,2497.99,2498.35,446.6924,1115918.3358
2026-09-15 06:09:00,2498.36,2498.69,2498.0,2498.0,70.1789,175337.209733
2026-09-15 06:10:00,2498.0,2498.01,2497.08,2497.09,40.6755,101593.648323
2026-09-15 06:11:00,2497.09,2497.09,2496.35,2496.36,116.2274,290177.90753
2026-09-15 06:12:00,2496.35,2497.1,2496.26,2496.26,119.597,298599.336322
2026-09-15 06:13:00,2496.26,2496.75,2496.17,2496.32,39.4467,98474.770602
2026-09-15 06:14:00,2496.31,2496.31,2496.07,2496.22,157.0218,391954.857027
2026-09-15 06:15:00,2496.22,2496.22,2495.16,2495.16,85.2534,212762.28587
2026-09-15 06:16:00,2495.17,2495.5,2494.6,2495.5,180.6902,450785.89016
2026-09-15 06:17:00,2495.49,2495.49,2494.98,2495.1,152.0727,379450.538855
2026-09-15 06:18:00,2495.1,2495.1,2495.02,2495.09,328.631,819959.776544
2026-09-15 06:19:00,2495.08,2495.09,2494.14,2494.14,36.2376,90400.608392
2026-09-15 06:20:00,2494.15,2494.15,2492.32,2492.98,171.7418,428154.183552
2026-09-15 06:21:00,2492.98,2492.99,2491.33,2491.36,305.1057,760299.698329
2026-09-15 06:22:00,2491.35,2491.86,2491.12,2491.47,97.273,242344.881701
2026-09-15 06:23:00,2491.46,2491.96,2491.24,2491.25,72.831,181457.867876
2026-09-15 06:24:00,2491.24,2491.75,2490.71,2490.72,130.5335,325199.836049
2026-09-15 06:25:00,2490.72,2490.97,2490.39,2490.56,122.1795,304284.803059
2026-09-15 06:26:00,2490.56,2490.57,2489.23,2489.32,154.8777,385635.175325
2026-09-15 06:27:00,2489.32,2489.33,2488.56,2488.67,158.621,394786.612718
2026-09-15 06:28:00,2488.67,2489.91,2488.67,2489.9,118.1158,294010.129606
2026-09-15 06:29:00,2489.91,2489.91,2489.04,2489.05,60.1585,149775.528872
2026-09-15 06:30:00,2489.04,2489.49,2488.46,2488.47,56.1496,139766.930611
2026-09-15 06:31:00,2488.46,2489.75,2488.2,2489.72,143.2506,356511.59208
2026-09-15 06:32:00,2489.72,2490.61,2488.97,2490.02,198.6024,494519.536048
2026-09-15 06:33:00,2490.01,2490.02,2488.36,2488.37,60.8928,151573.977298
2026-09-15 06:34:00,2488.36,2489.19,2487.99,2488.77,398.2459,990875.900102
2026-09-15 06:35:00,2488.76,2488.95,2487.99,2488.37,1533.3824,3815168.29332
2026-09-15 06:36:00,2488.37,2488.58,2488.0,2488.57,126.2557,314130.083538
2026-09-15 06:37:00,2488.57,2488.85,2488.29,2488.85,129.9674,323427.88292
2026-09-15 06:38:00,2488.86,2489.43,2488.86,2489.42,42.9738,106973.5045
2026-09-15 06:39:00,2489.42,2489.42,2488.0,2488.01,343.4156,854516.133191
2026-09-15 06:40:00,2488.01,2488.01,2488.0,2488.0,202.4991,503818.097261
2026-09-15 06:41:00,2488.01,2488.83,2488.0,2488.83,79.6826,198258.777036
2026-09-15 06:42:00,2488.82,2489.77,2488.42,2489.77,351.5991,875162.522722
2026-09-15 06:43:00,2489.77,2489.77,2488.43,2488.43,817.8894,2036044.174956
2026-09-15 06:44:00,2488.43,2489.98,2488.04,2489.98,225.8767,562164.128882
2026-09-15 06:45:00,2489.98,2490.52,2488.92,2488.94,196.6217,489500.116207
2026-09-15 06:46:00,2488.93,2489.13,2488.55,2488.55,78.7633,196035.978583
2026-09-15 06:47:00,2488.53,2488.54,2488.0,2488.0,263.5411,655699.795601
2026-09-15 06:48:00,2488.0,2488.01,2487.0,2487.01,377.9074,940190.571994
2026-09-15 06:49:00,2487.0,2487.41,2486.88,2486.88,149.6718,372247.798698
2026-09-15 06:50:00,2486.88,2487.41,2486.0,2486.01,319.9036,795546.752373
2026-09-15 06:51:00,2486.01,2486.63,2485.07,2485.41,246.2424,612094.555781
2026-09-15 06:52:00,2485.41,2485.41,2483.93,2484.31,374.1115,929588.494915
2026-09-15 06:53:00,2484.32,2484.32,2482.06,2482.41,213.2434,529414.718347
2026-09-15 06:54:00,2482.42,2483.69,2482.41,2482.86,198.4824,492831.683087
2026-09-15 06:55:00,2482.87,2482.87,2481.83,2481.83,117.9867,292869.998792
2026-09-15 06:56:00,2481.84,2484.36,2481.72,2484.36,338.1788,839579.548733
2026-09-15 06:57:00,2484.36,2485.47,2484.35,2485.47,449.6757,1117575.508506
2026-09-15 06:58:00,2485.47,2485.68,2485.46,2485.68,869.7612,2161766.575123
2026-09-15 06:59:00,2485.67,2486.05,2485.48,2486.05,146.919,365219.554979
2026-09-15 07:00:00,2486.06,2486.06,2485.06,2485.06,99.6242,247627.828227
2026-09-15 07:01:00,2485.07,2485.77,2484.51,2485.44,81.0845,201515.829798
2026-09-15 07:02:00,2485.44,2485.45,2482.79,2482.94,359.3741,892898.491304
2026-09-15 07:03:00,2482.94,2484.58,2482.56,2484.58,107.119,266026.251219
2026-09-15 07:04:00,2484.57,2486.04,2484.57,2485.82,56.7829,141123.940901
2026-09-15 07:05:00,2485.83,2486.02,2483.94,2483.94,54.2741,134891.217484
2026-09-15 07:06:00,2483.94,2483.95,2483.39,2483.39,64.2939,159682.840694
2026-09-15 07:07:00,2483.38,2483.39,2480.38,2481.48,326.3527,809785.458795
2026-09-15 07:08:00,2481.48,2481.58,2480.5,2481.47,128.7367,319427.665538
2026-09-15 07:09:00,2481.46,2482.86,2480.51,2482.86,101.4032,251660.322006
2026-09-15 07:10:00,2482.86,2483.15,2481.83,2481.84,83.7422,207917.731462
2026-09-15 07:11:00,2481.83,2481.95,2481.4,2481.4,56.7454,140830.130272
2026-09-15 07:12:00,2481.41,2481.41,2479.8,2479.81,551.0842,1366869.964774
2026-09-15 07:13:00,2479.81,2482.29,2479.35,2481.65,570.6973,1415570.409377
2026-09-15 07:14:00,2481.64,2481.65,2480.05,2481.14,107.7653,267348.286165
2026-09-15 07:15:00,2481.15,2482.78,2481.14,2482.78,85.371,211849.138586
2026-09-15 07:16:00,2482.78,2483.29,2480.81,2480.81,287.5991,713865.699936
2026-09-15 07:17:00,2480.8,2481.15,2477.57,2481.14,1279.545,3171886.373119
2026-09-15 07:18:00,2481.15,2482.84,2481.15,2482.74,121.8531,302483.397177
2026-09-15 07:19:00,2482.73,2483.02,2482.7,2483.01,58.8079,146006.368317
2026-09-15 07:20:00,2483.02,2484.69,2483.01,2484.65,170.4429,423376.225362
2026-09-15 07:21:00,2484.65,2484.69,2481.44,2482.01,452.1066,1122851.585727
2026-09-15 07:22:00,2482.0,2483.01,2482.0,2482.68,60.6976,150695.25974
2026-09-15 07:23:00,2482.69,2483.88,2482.68,2483.83,50.9654,126561.307257
2026-09-15 07:24:00,2483.84,2484.0,2483.78,2483.99,34.1177,84741.569834
2026-09-15 07:25:00,2484.0,2484.49,2483.99,2484.14,59.8293,148639.131996
2026-09-15 07:26:00,2484.14,2484.14,2484.08,2484.09,20.914,51952.949507
2026-09-15 07:27:00,2484.09,2484.15,2484.08,2484.14,18.8146,46737.731478
2026-09-15 07:28:00,2484.14,2484.71,2484.01,2484.02,292.1412,725744.414179
2026-09-15 07:29:00,2484.01,2484.01,2483.78,2483.78,82.7688,205588.975314
2026-09-15 07:30:00,2483.79,2483.79,2483.45,2483.49,83.2114,206662.250058
2026-09-15 07:31:00,2483.5,2483.5,2482.01,2482.02,162.7296,404016.738707
2026-09-15 07:32:00,2482.02,2482.02,2479.24,2479.9,159.9618,396766.115256
2026-09-15 07:33:00,2479.9,2479.9,2479.53,2479.85,119.0959,295327.431774
2026-09-15 07:34:00,2479.85,2479.85,2477.57,2477.57,155.1072,384463.501877
2026-09-15 07:35:00,2477.57,2480.8,2475.65,2480.11,811.2724,2009985.891164
2026-09-15 07:36:00,2480.11,2480.3,2478.45,2480.09,227.9462,565181.533757
2026-09-15 07:37:00,2480.09,2480.09,2479.27,2479.66,191.8559,475743.70101
2026-09-15 07:38:00,2479.67,2479.67,2476.74,2477.52,189.3333,469230.349307
2026-09-15 07:39:00,2477.52,2478.12,2477.52,2477.56,123.2326,305339.959372
2026-09-15 07:40:00,2477.57,2479.6,2477.56,2479.36,107.0876,265433.910748
2026-09-15 07:41:00,2479.36,2479.98,2477.85,2478.16,636.0279,1576612.799946
2026-09-15 07:42:00,2478.16,2479.43,2477.59,2479.17,274.3396,679994.485463
2026-09-15 07:43:00,2479.17,2479.17,2478.62,2478.63,149.1816,369823.080362
2026-09-15 07:44:00,2478.63,2478.63,2477.64,2478.35,199.7609,495018.203234
2026-09-15 07:45:00,2478.36,2481.67,2478.36,2481.56,306.2093,759343.845831
2026-09-15 07:46:00,2481.56,2481.96,2480.69,2480.69,215.3738,534466.263302
2026-09-15 07:47:00,2480.7,2482.02,2480.69,2481.21,235.1004,583357.389738
2026-09-15 07:48:00,2481.21,2481.21,2477.73,2479.05,201.3593,499232.241103
2026-09-15 07:49:00,2479.06,2479.06,2477.88,2477.89,150.1797,372206.392651
2026-09-15 07:50:00,2477.89,2478.19,2476.0,2476.0,238.9772,591968.10167
2026-09-15 07:51:00,2476.01,2476.01,2473.63,2474.25,838.6623,2075479.504055
2026-09-15 07:52:00,2474.25,2474.6,2473.25,2473.63,333.8155,825850.336709
2026-09-15 07:53:00,2473.63,2473.63,2471.13,2471.18,1770.7212,4377436.73974
2026-09-15 07:54:00,2471.18,2472.21,2471.09,2471.85,495.9293,1225766.557371
2026-09-15 07:55:00,2471.85,2472.45,2471.31,2471.32,312.3793,772109.482554
2026-09-15 07:56:00,2471.32,2472.5,2471.0,2472.21,696.0329,1720064.391126
2026-09-15 07:57:00,2472.22,2472.5,2471.78,2471.78,166.8942,412622.525176
2026-09-15 07:58:00,2471.79,2473.84,2471.79,2473.32,178.8424,442228.331437
2026-09-15 07:59:00,2473.32,2474.63,2473.11,2474.3,139.8034,345846.07099
2026-09-15 08:00:00,2474.29,2474.29,2471.64,2472.15,286.7576,709175.990491
2026-09-15 08:01:00,2472.16,2472.41,2470.62,2470.63,231.0342,570939.666196
2026-09-15 08:02:00,2470.63,2470.63,2470.0,2470.01,288.2981,712159.508371
2026-09-15 08:03:00,2470.0,2472.71,2470.0,2470.28,429.6713,1061903.046773
2026-09-15 08:04:00,2470.28,2470.28,2468.88,2468.9,818.8617,2022377.259172
2026-09-15 08:05:00,2468.9,2469.7,2468.8,2469.7,244.0796,602678.925987
2026-09-15 08:06:00,2469.7,2469.71,2468.0,2468.0,97.0344,239536.543871
2026-09-15 08:07:00,2468.0,2468.23,2467.26,2467.28,371.4918,916742.098843
2026-09-15 08:08:00,2467.28,2467.29,2465.6,2465.6,703.2698,1734295.250344
2026-09-15 08:09:00,2465.6,2467.0,2465.6,2466.99,431.2513,1063623.495543
2026-09-15 08:10:00,2467.0,2467.0,2465.77,2466.04,236.7793,583980.470102
2026-09-15 08:11:00,2466.03,2467.58,2465.61,2465.82,383.9176,946824.094572
2026-09-15 08:12:00,2465.81,2468.41,2465.62,2467.64,372.6635,919425.91207
2026-09-15 08:13:00,2467.64,2470.43,2467.53,2470.42,168.5072,416063.584405
2026-09-15 08:14:00,2470.43,2472.09,2470.41,2471.74,315.2854,779089.916758
2026-09-15 08:15:00,2471.74,2473.01,2470.41,2470.41,325.7982,805302.910834
2026-09-15 08:16:00,2470.4,2470.4,2467.29,2467.49,160.2023,395461.967161
2026-09-15 08:17:00,2467.49,2469.98,2467.49,2469.03,186.113,459480.852324
2026-09-15 08:18:00,2469.03,2471.23,2469.03,2471.23,94.3798,233113.970605
2026-09-15 08:19:00,2471.24,2472.17,2470.78,2472.16,84.8903,209797.052567
2026-09-15 08:20:00,2472.17,2474.4,2472.17,2473.99,234.0129,578868.370284
2026-09-15 08:21:00,2473.98,2473.98,2472.13,2472.62,104.3885,258160.741234
2026-09-15 08:22:00,2472.63,2474.28,2471.88,2473.85,124.8256,308652.630929
2026-09-15 08:23:00,2473.85,2474.27,2473.04,2473.71,110.4328,273191.578856
2026-09-15 08:24:00,2473.72,2474.35,2473.37,2473.45,98.9282,244710.775635
2026-09-15 08:25:00,2473.44,2473.44,2472.14,2472.18,57.2894,141654.38082
2026-09-15 08:26:00,2472.18,2474.27,2472.18,2474.19,154.3734,381856.500429
2026-09-15 08:27:00,2474.2,2474.71,2473.8,2473.8,118.2975,292677.596515
2026-09-15 08:28:00,2473.81,2474.16,2472.65,2473.26,325.5014,805074.881171
2026-09-15 08:29:00,2473.27,2473.27,2472.48,2472.48,190.4273,470945.386983
2026-09-15 08:30:00,2472.49,2473.54,2470.46,2472.43,265.8292,656998.166348
2026-09-15 08:31:00,2472.42,2473.26,2471.86,2472.94,171.2328,423411.399854
2026-09-15 08:32:00,2472.95,2473.06,2472.4,2473.06,66.8678,165345.631898
2026-09-15 08:33:00,2473.06,2474.99,2472.89,2473.06,323.881,801137.42162
2026-09-15 08:34:00,2473.06,2473.65,2473.06,2473.19,131.6015,325499.245245
2026-09-15 08:35:00,2473.18,2473.38,2473.06,2473.36,76.3544,188844.473625
2026-09-15 08:36:00,2473.36,2473.84,2473.32,2473.32,192.5799,476340.527225
2026-09-15 08:37:00,2473.32,2473.33,2471.75,2471.76,335.6266,830013.654019
2026-09-15 08:38:00,2471.75,2473.57,2471.75,2472.57,91.0989,225264.90746
2026-09-15 08:39:00,2472.57,2473.44,2472.57,2473.44,35.6417,88144.857907
2026-09-15 08:40:00,2473.43,2473.58,2472.91,2472.92,77.2596,191080.472787
2026-09-15 08:41:00,2472.91,2473.54,2472.85,2473.54,72.5066,179323.594284
2026-09-15 08:42:00,2473.53,2474.6,2473.53,2474.44,119.0268,294515.608084
2026-09-15 08:43:00,2474.45,2476.23,2474.44,2474.49,245.6244,607938.029588
2026-09-15 08:44:00,2474.49,2474.49,2472.81,2472.99,276.6407,684290.392578
2026-09-15 08:45:00,2472.98,2473.9,2472.98,2473.9,95.9697,237351.350155
2026-09-15 08:46:00,2473.91,2475.01,2473.9,2474.62,75.8546,187709.781172
2026-09-15 08:47:00,2474.63,2475.87,2474.63,2475.86,186.3346,461231.707142
2026-09-15 08:48:00,2475.87,2476.66,2475.73,2475.74,294.9416,730340.154572
2026-09-15 08:49:00,2475.73,2476.48,2473.31,2473.81,421.2112,1042448.181244
2026-09-15 08:50:00,2473.81,2474.96,2473.0,2474.09,246.8836,610712.817316
2026-09-15 08:51:00,2474.1,2474.1,2473.54,2473.58,56.6549,140161.34086
2026-09-15 08:52:00,2473.59,2474.56,2473.58,2474.49,40.5602,100343.796212
2026-09-15 08:53:00,2474.49,2476.73,2474.48,2475.31,146.5082,362701.856885
2026-09-15 08:54:00,2475.31,2475.73,2475.31,2475.73,62.9959,155942.591904
2026-09-15 08:55:00,2475.72,2476.61,2475.72,2476.6,100.124,247921.911194
2026-09-15 08:56:00,2476.61,2477.08,2476.4,2476.41,101.4208,251209.171174
2026-09-15 08:57:00,2476.4,2477.53,2476.01,2477.01,160.3221,397106.70263
2026-09-15 08:58:00,2477.0,2477.31,2476.56,2476.57,156.1388,386754.985629
2026-09-15 08:59:00,2476.56,2477.58,2476.56,2477.36,195.8755,485182.548134
2026-09-15 09:00:00,2477.37,2477.37,2475.31,2475.31,77.3439,191508.028819
2026-09-15 09:01:00,2475.31,2475.31,2475.0,2475.27,79.9003,197759.336006
2026-09-15 09:02:00,2475.27,2475.27,2474.0,2474.54,145.216,359363.037994
2026-09-15 09:03:00,2474.54,2475.22,2474.53,2474.63,81.7579,202332.652311
2026-09-15 09:04:00,2474.63,2475.58,2474.17,2474.64,76.8596,190201.495423
2026-09-15 09:05:00,2474.64,2474.64,2474.05,2474.06,69.1676,171149.811092
2026-09-15 09:06:00,2474.05,2474.5,2473.95,2474.06,121.4181,300406.627361
2026-09-15 09:07:00,2474.05,2474.06,2473.92,2473.92,23.2649,57557.208032
2026-09-15 09:08:00,2473.93,2474.3,2473.92,2474.15,114.7156,283806.358512
2026-09-15 09:09:00,2474.14,2475.16,2474.0,2474.44,77.7773,192471.885515
2026-09-15 09:10:00,2474.44,2474.44,2473.6,2473.61,293.8381,726931.537065
2026-09-15 09:11:00,2473.6,2473.81,2473.6,2473.8,89.9667,222548.481609
2026-09-15 09:12:00,2473.81,2474.3,2473.8,2473.84,51.0323,126256.515643
2026-09-15 09:13:00,2473.84,2473.84,2473.2,2473.2,151.4503,374621.062793
2026-09-15 09:14:00,2473.21,2474.34,2473.2,2474.33,59.315,146725.767169
2026-09-15 09:15:00,2474.34,2475.65,2474.03,2475.65,38.4771,95207.527157
2026-09-15 09:16:00,2475.64,2475.97,2475.48,2475.57,54.8563,135807.573783
2026-09-15 09:17:00,2475.56,2475.65,2474.73,2474.84,36.545,90453.595048
2026-09-15 09:18:00,2474.84,2474.86,2474.35,2474.35,49.6227,122791.871169
2026-09-15 09:19:00,2474.35,2474.35,2473.61,2473.62,88.3397,218549.216649
2026-09-15 09:20:00,2473.62,2474.05,2473.61,2474.04,92.5279,228892.989872
2026-09-15 09:21:00,2474.04,2474.72,2474.04,2474.72,33.4373,82738.356376
2026-09-15 09:22:00,2474.71,2474.72,2474.41,2474.45,24.4914,60606.894356
2026-09-15 09:23:00,2474.46,2475.82,2474.45,2474.72,120.9204,299261.103535
2026-09-15 09:24:00,2474.71,2474.71,2474.31,2474.31,44.9586,111246.855944
2026-09-15 09:25:00,2474.31,2474.32,2473.75,2473.75,46.9874,116255.729783
2026-09-15 09:26:00,2473.75,2474.53,2473.6,2474.53,87.4666,216399.473239
2026-09-15 09:27:00,2474.53,2474.77,2474.24,2474.25,42.1688,104344.850294
2026-09-15 09:28:00,2474.25,2474.48,2473.72,2473.96,46.0329,113893.912334
2026-09-15 09:29:00,2473.96,2475.41,2473.95,2475.4,152.7817,378070.480774
2026-09-15 09:30:00,2475.4,2475.41,2474.78,2475.38,116.8969,289342.33842
2026-09-15 09:31:00,2475.38,2475.39,2475.0,2475.0,31.2894,77444.663447
2026-09-15 09:32:00,2475.01,2475.12,2475.0,2475.0,47.1125,116605.188049
2026-09-15 09:33:00,2475.01,2475.01,2474.28,2474.63,49.3802,122194.794204
2026-09-15 09:34:00,2474.63,2477.11,2474.63,2477.11,64.4961,159653.84763
2026-09-15 09:35:00,2477.1,2477.54,2476.8,2477.53,111.6042,276455.627993
2026-09-15 09:36:00,2477.53,2477.59,2475.08,2475.84,308.6536,764353.928576
2026-09-15 09:37:00,2475.83,2476.01,2475.82,2475.82,44.6843,110634.642283
2026-09-15 09:38:00,2475.81,2475.81,2474.82,2475.26,51.8796,128404.5838
2026-09-15 09:39:00,2475.26,2475.81,2475.26,2475.8,52.1282,129043.858031
2026-09-15 09:40:00,2475.8,2475.81,2475.74,2475.74,40.4237,100079.996849
2026-09-15 09:41:00,2475.74,2475.75,2475.73,2475.73,19.3007,47783.550232
2026-09-15 09:42:00,2475.74,2475.74,2475.34,2475.4,25.28,62583.083509
2026-09-15 09:43:00,2475.4,2475.4,2474.27,2474.62,50.1417,124081.909584
2026-09-15 09:44:00,2474.62,2476.3,2474.54,2476.3,238.9838,591589.356531
2026-09-15 09:45:00,2476.29,2476.34,2476.25,2476.25,33.6491,83325.098513
2026-09-15 09:46:00,2476.25,2476.46,2475.36,2475.6,215.3733,533277.032414
2026-09-15 09:47:00,2475.6,2476.55,2475.59,2476.55,99.41,246163.142674
2026-09-15 09:48:00,2476.54,2478.01,2476.54,2478.0,80.2723,198861.444888
2026-09-15 09:49:00,2478.01,2479.17,2478.0,2479.16,168.316,417205.904584
2026-09-15 09:50:00,2479.16,2479.16,2477.4,2477.51,204.8875,507694.306132
2026-09-15 09:51:00,2477.51,2478.26,2477.51,2477.84,89.7684,222431.59504
2026-09-15 09:52:00,2477.84,2478.56,2477.84,2478.56,60.2708,149380.533068
2026-09-15 09:53:00,2478.56,2479.71,2478.55,2479.7,94.9664,235424.139192
2026-09-15 09:54:00,2479.7,2480.5,2479.7,2480.5,212.9942,528270.746162
2026-09-15 09:55:00,2480.5,2480.5,2477.67,2478.48,543.8681,1348175.252788
2026-09-15 09:56:00,2478.47,2478.52,2478.01,2478.02,43.8854,108759.596036
2026-09-15 09:57:00,2478.01,2478.02,2475.36,2475.36,140.1686,347174.59913
2026-09-15 09:58:00,2475.37,2475.37,2474.43,2474.43,69.845,172856.88506
2026-09-15 09:59:00,2474.43,2474.47,2473.67,2474.33,79.0666,195615.872495
2026-09-15 10:00:00,2474.34,2475.34,2474.34,2475.26,133.4568,330307.438755
2026-09-15 10:01:00,2475.25,2475.61,2473.38,2473.76,517.4417,1280633.508044
2026-09-15 10:02:00,2473.76,2474.09,2472.54,2472.61,227.6896,563165.236511
2026-09-15 10:03:00,2472.61,2477.83,2472.0,2477.07,887.767,2196909.727705
2026-09-15 10:04:00,2477.07,2477.07,2475.3,2475.3,218.9066,542046.300967
2026-09-15 10:05:00,2475.31,2475.31,2474.67,2474.76,90.1146,223028.022474
2026-09-15 10:06:00,2474.77,2475.05,2474.54,2475.03,85.0202,210414.318228
2026-09-15 10:07:00,2475.04,2475.66,2474.97,2475.66,73.3211,181486.120733
2026-09-15 10:08:00,2475.66,2478.22,2475.66,2478.21,82.8704,205299.906981
2026-09-15 10:09:00,2478.22,2478.57,2478.21,2478.56,100.8397,249919.085677
2026-09-15 10:10:00,2478.56,2478.56,2476.84,2476.84,115.195,285389.299276
2026-09-15 10:11:00,2476.84,2479.22,2476.59,2478.66,173.1715,429158.718775
2026-09-15 10:12:00,2478.66,2479.09,2476.71,2476.83,153.7634,381065.811583
2026-09-15 10:13:00,2476.83,2477.08,2475.54,2475.54,101.5354,251446.071032
2026-09-15 10:14:00,2475.55,2475.65,2475.3,2475.41,51.8168,128273.977242
2026-09-15 10:15:00,2475.42,2475.7,2474.76,2475.7,121.1291,299814.237121
2026-09-15 10:16:00,2475.69,2476.18,2475.69,2475.69,83.6169,207019.005257
2026-09-15 10:17:00,2475.7,2476.37,2475.69,2476.36,41.2632,102160.42781
2026-09-15 10:18:00,2476.36,2477.97,2476.36,2477.25,97.255,240923.987584
2026-09-15 10:19:00,2477.25,2477.25,2475.75,2476.69,81.0868,200818.180711
2026-09-15 10:20:00,2476.69,2476.7,2476.0,2476.11,31.0541,76897.905671
2026-09-15 10:21:00,2476.12,2476.12,2475.08,2475.28,73.2392,181301.916129
2026-09-15 10:22:00,2475.29,2476.03,2475.0,2475.1,133.5544,330616.151666
2026-09-15 10:23:00,2475.1,2476.62,2475.1,2476.62,50.0262,123845.549782
2026-09-15 10:24:00,2476.62,2477.3,2476.62,2477.3,40.0909,99302.050756
2026-09-15 10:25:00,2477.3,2477.31,2477.02,2477.02,84.4187,209114.128939
2026-09-15 10:26:00,2477.02,2477.03,2476.71,2476.95,58.2355,144245.3057
2026-09-15 10:27:00,2476.95,2477.37,2475.13,2475.13,126.3871,312958.597723
2026-09-15 10:28:00,2475.14,2475.66,2474.27,2475.32,106.6567,263955.617394
2026-09-15 10:29:00,2475.32,2476.08,2474.44,2474.44,144.2907,357161.046484
2026-09-15 10:30:00,2474.45,2474.85,2473.73,2473.77,98.2185,242999.750321
2026-09-15 10:31:00,2473.77,2474.41,2473.76,2474.4,58.7723,145409.619402
2026-09-15 10:32:00,2474.4,2475.76,2474.4,2475.12,82.1128,203224.402995
2026-09-15 10:33:00,2475.12,2476.07,2474.6,2475.67,144.7907,358376.154433
2026-09-15 10:34:00,2475.68,2475.71,2475.48,2475.56,125.2079,309962.087453
2026-09-15 10:35:00,2475.56,2476.09,2475.51,2475.62,175.2116,433775.616267
2026-09-15 10:36:00,2475.62,2476.39,2475.62,2476.07,150.5708,372817.429229
2026-09-15 10:37:00,2476.08,2476.08,2475.7,2475.7,31.9282,79047.670945
2026-09-15 10:38:00,2475.71,2476.45,2474.77,2475.47,468.9715,1161007.026453
2026-09-15 10:39:00,2475.48,2476.01,2475.0,2475.84,39.3302,97357.755841
2026-09-15 10:40:00,2475.84,2476.07,2475.4,2476.07,28.6085,70827.894706
2026-09-15 10:41:00,2476.07,2476.9,2475.96,2476.54,24.5198,60724.386157
2026-09-15 10:42:00,2476.53,2477.77,2476.53,2477.76,130.6531,323632.673267
2026-09-15 10:43:00,2477.76,2478.04,2477.53,2477.92,67.5683,167421.886219
2026-09-15 10:44:00,2477.92,2480.15,2477.92,2479.21,341.1754,845763.244332
2026-09-15 10:45:00,2479.21,2480.41,2479.2,2480.41,165.8542,411273.359279
2026-09-15 10:46:00,2480.41,2481.03,2480.41,2481.02,101.4085,251569.939299
2026-09-15 10:47:00,2481.02,2481.77,2480.7,2481.68,86.7417,215234.811832
2026-09-15 10:48:00,2481.67,2481.68,2481.0,2481.0,116.2512,288443.600186
2026-09-15 10:49:00,2481.0,2484.07,2481.0,2483.75,499.1057,1239226.154007
2026-09-15 10:50:00,2483.75,2484.24,2482.76,2483.21,417.7424,1037388.082713
2026-09-15 10:51:00,2483.22,2484.75,2483.21,2484.48,221.4391,550072.726133
2026-09-15 10:52:00,2484.47,2486.33,2483.73,2483.79,389.6482,968374.365265
2026-09-15 10:53:00,2483.79,2483.79,2482.43,2483.31,110.5969,274635.936629
2026-09-15 10:54:00,2483.31,2483.31,2482.96,2482.96,42.7619,106184.794281
2026-09-15 10:55:00,2482.96,2484.87,2482.96,2484.28,603.643,1499244.994974
2026-09-15 10:56:00,2484.27,2484.28,2483.42,2483.94,72.2941,179566.045597
2026-09-15 10:57:00,2483.93,2485.74,2483.93,2484.9,74.4767,185076.184851
2026-09-15 10:58:00,2484.9,2484.91,2483.49,2483.5,95.1572,236409.201718
2026-09-15 10:59:00,2483.49,2484.0,2483.49,2483.68,37.6346,93478.742096
2026-09-15 11:00:00,2483.68,2483.96,2483.68,2483.95,30.4659,75673.387904
2026-09-15 11:01:00,2483.95,2485.51,2483.95,2485.51,41.2178,102416.985661
2026-09-15 11:02:00,2485.5,2486.92,2485.5,2486.16,110.4306,274574.58347
2026-09-15 11:03:00,2486.15,2486.16,2484.64,2485.24,128.3206,318920.771397
2026-09-15 11:04:00,2485.25,2485.25,2484.45,2485.01,37.9504,94302.427314
2026-09-15 11:05:00,2485.02,2485.43,2484.12,2485.43,78.3141,194595.460065
2026-09-15 11:06:00,2485.43,2485.46,2485.07,2485.07,54.0922,134428.508711
2026-09-15 11:07:00,2485.08,2485.46,2484.85,2484.91,91.0879,226365.250892
2026-09-15 11:08:00,2484.9,2486.41,2484.9,2486.2,44.3089,110131.739318
2026-09-15 11:09:00,2486.2,2488.18,2486.2,2488.12,87.4865,217612.950606
2026-09-15 11:10:00,2488.11,2488.12,2487.2,2487.44,145.6659,362390.104954
2026-09-15 11:11:00,2487.43,2487.44,2486.18,2486.18,63.2084,157172.447082
2026-09-15 11:12:00,2486.18,2486.25,2483.95,2483.97,209.5357,520751.078478
2026-09-15 11:13:00,2483.97,2483.97,2482.64,2482.8,78.5726,195142.889689
2026-09-15 11:14:00,2482.79,2482.8,2481.6,2482.39,116.442,289029.437585
2026-09-15 11:15:00,2482.4,2483.4,2482.4,2482.67,136.3574,338562.691946
2026-09-15 11:16:00,2482.68,2484.03,2482.55,2483.8,113.6064,282116.774779
2026-09-15 11:17:00,2483.8,2484.96,2483.79,2484.89,138.8798,345014.489261
2026-09-15 11:18:00,2484.9,2485.57,2482.77,2484.02,462.561,1148883.89192
2026-09-15 11:19:00,2484.01,2485.21,2483.93,2483.94,103.9086,258189.390224
2026-09-15 11:20:00,2483.94,2483.94,2482.32,2483.14,110.3379,273961.734246
2026-09-15 11:21:00,2483.13,2483.6,2482.04,2482.04,57.4816,142739.207705
2026-09-15 11:22:00,2482.04,2482.05,2481.06,2481.06,85.7452,212778.052222
2026-09-15 11:23:00,2481.06,2481.5,2480.72,2480.72,73.3408,181967.816314
2026-09-15 11:24:00,2480.73,2480.73,2480.0,2480.45,49.9821,123979.328411
2026-09-15 11:25:00,2480.44,2481.35,2480.44,2480.91,30.2135,74957.604331
2026-09-15 11:26:00,2480.91,2481.2,2480.39,2480.4,35.266,87488.644901
2026-09-15 11:27:00,2480.39,2480.4,2480.0,2480.2,17.7287,43970.23519
2026-09-15 11:28:00,2480.2,2480.33,2480.19,2480.31,36.959,91668.975249
2026-09-15 11:29:00,2480.32,2480.59,2480.32,2480.39,73.9101,183325.968218
2026-09-15 11:30:00,2480.39,2481.29,2480.0,2480.27,139.8974,347037.815995
2026-09-15 11:31:00,2480.27,2480.31,2478.24,2478.25,324.4253,804393.36272
2026-09-15 11:32:00,2478.24,2478.25,2477.2,2477.2,216.4896,536424.673203
2026-09-15 11:33:00,2477.2,2477.21,2476.0,2476.4,142.2902,352370.210519
2026-09-15 11:34:00,2476.4,2476.69,2475.11,2476.04,474.3261,1174238.602201
2026-09-15 11:35:00,2476.04,2476.76,2476.04,2476.54,43.9851,108923.44357
2026-09-15 11:36:00,2476.54,2476.58,2476.1,2476.56,79.1233,195938.748419
2026-09-15 11:37:00,2476.56,2476.57,2475.37,2475.38,85.0778,210662.676351
2026-09-15 11:38:00,2475.37,2475.38,2474.38,2474.39,439.8288,1088549.393435
2026-09-15 11:39:00,2474.38,2477.52,2473.95,2476.61,424.8175,1051444.537571
2026-09-15 11:40:00,2476.61,2476.86,2474.14,2474.58,119.8846,296727.136252
2026-09-15 11:41:00,2474.58,2475.7,2473.83,2474.09,295.3969,730914.302445
2026-09-15 11:42:00,2474.08,2474.88,2473.86,2474.28,226.8899,561364.390866
2026-09-15 11:43:00,2474.27,2475.34,2474.27,2474.91,84.8185,209907.063894
2026-09-15 11:44:00,2474.9,2475.42,2474.59,2475.42,253.4598,627297.505341
2026-09-15 11:45:00,2475.42,2475.73,2475.35,2475.73,109.9698,272233.106396
2026-09-15 11:46:00,2475.72,2475.72,2475.47,2475.61,62.1394,153835.477865
2026-09-15 11:47:00,2475.61,2475.61,2473.37,2473.37,292.3298,723295.070986
2026-09-15 11:48:00,2473.36,2473.74,2472.56,2473.44,224.7887,555877.525382
2026-09-15 11:49:00,2473.44,2473.69,2473.01,2473.01,74.5708,184432.226323
2026-09-15 11:50:00,2473.01,2473.91,2473.01,2473.1,168.8127,417552.654179
2026-09-15 11:51:00,2473.11,2476.04,2473.1,2476.03,93.3359,230959.747677
2026-09-15 11:52:00,2476.03,2476.16,2475.76,2476.15,73.9977,183212.533797
2026-09-15 11:53:00,2476.15,2476.7,2475.9,2476.05,118.9706,294589.7633
2026-09-15 11:54:00,2476.04,2476.05,2475.33,2475.33,58.5443,144944.09471
2026-09-15 11:55:00,2475.33,2476.14,2475.27,2476.14,66.3915,164346.973709
2026-09-15 11:56:00,2476.15,2476.39,2475.61,2476.06,167.9184,415744.887501
2026-09-15 11:57:00,2476.06,2476.88,2476.05,2476.88,72.864,180440.975764
2026-09-15 11:58:00,2476.87,2476.98,2476.59,2476.79,95.9901,237748.983713
2026-09-15 11:59:00,2476.79,2476.8,2476.4,2476.41,54.3718,134656.899077
2026-09-15 12:00:00,2476.41,2477.67,2476.12,2477.67,160.6915,397914.142623
2026-09-15 12:01:00,2477.67,2477.97,2476.08,2476.09,109.8967,272180.775738
2026-09-15 12:02:00,2476.08,2476.09,2475.33,2475.48,98.0951,242854.851854
2026-09-15 12:03:00,2475.48,2476.36,2475.15,2476.32,110.2588,272962.762558
2026-09-15 12:04:00,2476.31,2479.04,2476.3,2479.04,161.0037,398940.493
2026-09-15 12:05:00,2479.04,2479.68,2477.8,2477.82,350.4856,868670.17436
2026-09-15 12:06:00,2477.82,2478.33,2477.2,2478.33,147.7287,366054.570458
2026-09-15 12:07:00,2478.33,2478.6,2478.32,2478.59,181.4884,449818.511034
2026-09-15 12:08:00,2478.59,2479.1,2478.59,2478.59,144.6471,358572.652975
2026-09-15 12:09:00,2478.59,2478.59,2477.22,2477.29,411.0431,1018459.700865
2026-09-15 12:10:00,2477.28,2479.66,2477.28,2479.66,228.9679,567497.338044
2026-09-15 12:11:00,2479.65,2480.76,2479.65,2480.16,223.9906,555544.774598
2026-09-15 12:12:00,2480.17,2481.51,2480.17,2481.13,160.5326,398313.359974
2026-09-15 12:13:00,2481.13,2481.3,2480.41,2480.42,192.115,476616.755286
2026-09-15 12:14:00,2480.41,2480.46,2479.36,2480.26,145.8812,361790.508541
2026-09-15 12:15:00,2480.25,2480.4,2478.6,2478.6,247.28,613212.444896
2026-09-15 12:16:00,2478.6,2480.93,2478.52,2480.92,135.4563,335884.809183
2026-09-15 12:17:00,2480.93,2481.64,2480.12,2480.7,189.4303,469923.690238
2026-09-15 12:18:00,2480.69,2480.9,2479.2,2479.2,92.7216,229942.812693
2026-09-15 12:19:00,2479.2,2479.2,2478.96,2479.11,143.0503,354629.76128
2026-09-15 12:20:00,2479.11,2479.11,2477.37,2477.37,76.2284,188916.913669
2026-09-15 12:21:00,2477.37,2479.35,2477.37,2478.32,349.633,866428.06304
2026-09-15 12:22:00,2478.33,2479.99,2478.33,2479.98,131.972,327211.218654
2026-09-15 12:23:00,2479.99,2480.47,2479.55,2479.75,57.8167,143386.302026
2026-09-15 12:24:00,2479.75,2479.75,2478.0,2478.0,86.2746,213815.756425
2026-09-15 12:25:00,2478.01,2479.11,2477.76,2479.1,73.407,181930.284136
2026-09-15 12:26:00,2479.1,2479.86,2479.1,2479.85,149.832,371504.336405
2026-09-15 12:27:00,2479.86,2481.56,2479.2,2479.23,477.9325,1185492.470834
2026-09-15 12:28:00,2479.23,2479.23,2478.05,2478.2,115.6046,286532.624223
2026-09-15 12:29:00,2478.2,2479.6,2478.2,2479.22,93.6432,232087.413176
2026-09-15 12:30:00,2479.22,2479.69,2478.38,2478.38,112.6046,279159.878573
2026-09-15 12:31:00,2478.38,2478.39,2476.66,2476.66,111.2711,275684.50148
2026-09-15 12:32:00,2476.66,2476.92,2475.86,2476.33,185.7002,459858.476736
2026-09-15 12:33:00,2476.33,2477.87,2475.02,2476.69,351.7697,871036.654386
2026-09-15 12:34:00,2476.69,2478.88,2476.68,2478.87,55.0075,136300.792771
2026-09-15 12:35:00,2478.87,2478.88,2476.18,2477.03,313.1808,775858.590512
2026-09-15 12:36:00,2477.04,2478.48,2477.04,2477.36,184.3051,456659.268299
2026-09-15 12:37:00,2477.37,2477.65,2476.82,2477.41,107.2247,265640.468744
2026-09-15 12:38:00,2477.41,2477.54,2476.74,2477.07,254.2658,629886.507972
2026-09-15 12:39:00,2477.07,2477.57,2477.07,2477.37,70.1086,173677.20299
2026-09-15 12:40:00,2477.37,2477.56,2476.87,2477.33,63.5382,157394.834148
2026-09-15 12:41:00,2477.33,2477.34,2475.68,2475.89,225.9282,559491.035709
2026-09-15 12:42:00,2475.89,2476.26,2475.56,2476.26,113.7977,281750.139813
2026-09-15 12:43:00,2476.25,2476.26,2476.09,2476.1,77.0956,190899.384092
2026-09-15 12:44:00,2476.09,2476.25,2475.74,2476.24,206.1611,510484.127995
2026-09-15 12:45:00,2476.24,2476.25,2475.03,2476.16,154.7093,383025.361123
2026-09-15 12:46:00,2476.15,2477.46,2475.33,2477.45,532.8455,1319412.926456
2026-09-15 12:47:00,2477.46,2477.99,2476.48,2477.23,157.9871,391376.943187
2026-09-15 12:48:00,2477.22,2479.67,2477.0,2479.67,109.7799,271988.641949
2026-09-15 12:49:00,2479.67,2481.56,2479.29,2480.72,258.0485,640050.247139
2026-09-15 12:50:00,2480.72,2482.32,2480.71,2482.32,180.9788,449115.84784
2026-09-15 12:51:00,2482.31,2483.89,2481.98,2483.89,168.8027,419136.804499
2026-09-15 12:52:00,2483.88,2483.89,2482.23,2483.41,281.9858,700171.996447
2026-09-15 12:53:00,2483.4,2484.7,2483.4,2484.59,216.3015,537304.239046
2026-09-15 12:54:00,2484.59,2485.99,2484.58,2485.81,227.3599,565109.965262
2026-09-15 12:55:00,2485.8,2485.92,2482.8,2483.84,415.3956,1032067.416217
2026-09-15 12:56:00,2483.84,2484.46,2482.9,2482.9,158.7277,394239.561821
2026-09-15 12:57:00,2482.9,2482.91,2479.29,2479.3,349.7016,867453.508593
2026-09-15 12:58:00,2479.29,2479.3,2477.62,2478.37,157.8721,391256.733422
2026-09-15 12:59:00,2478.36,2480.48,2478.36,2479.19,127.1874,315374.634362
2026-09-15 13:00:00,2479.18,2482.4,2479.0,2481.24,218.3775,541740.597414
2026-09-15 13:01:00,2481.24,2482.32,2480.49,2481.29,136.3803,338406.485231
2026-09-15 13:02:00,2481.29,2482.5,2481.29,2481.95,135.5672,336459.517428
2026-09-15 13:03:00,2481.96,2482.45,2481.56,2481.96,124.1779,308204.044395
2026-09-15 13:04:00,2481.96,2484.51,2481.96,2483.72,303.4661,753630.736391
2026-09-15 13:05:00,2483.72,2485.2,2483.72,2485.19,152.2971,378342.347016
2026-09-15 13:06:00,2485.2,2486.45,2483.76,2484.47,501.1048,1245379.55668
2026-09-15 13:07:00,2484.47,2484.55,2481.23,2481.36,361.255,896839.328713
2026-09-15 13:08:00,2481.37,2482.32,2480.44,2481.2,449.9844,1116488.907764
2026-09-15 13:09:00,2481.19,2481.68,2481.1,2481.11,140.8349,349460.942539
2026-09-15 13:10:00,2481.1,2481.11,2480.13,2480.35,116.7549,289619.644438
2026-09-15 13:11:00,2480.36,2481.02,2480.0,2480.26,111.0046,275334.732782
2026-09-15 13:12:00,2480.27,2481.09,2480.0,2480.0,124.4004,308604.969861
2026-09-15 13:13:00,2480.0,2480.01,2477.45,2477.79,313.7741,777666.693328
2026-09-15 13:14:00,2477.78,2478.68,2476.71,2478.68,238.8912,591850.144709
2026-09-15 13:15:00,2478.67,2479.23,2477.55,2477.71,118.8399,294560.678174
2026-09-15 13:16:00,2477.71,2479.16,2477.71,2479.15,92.761,229899.051918
2026-09-15 13:17:00,2479.16,2479.8,2479.16,2479.79,75.8342,188033.708931
2026-09-15 13:18:00,2479.79,2479.8,2477.69,2477.69,164.2786,407174.809774
2026-09-15 13:19:00,2477.7,2478.91,2477.69,2478.89,80.6807,199959.349086
2026-09-15 13:20:00,2478.89,2479.53,2478.57,2478.79,186.8263,463126.066237
2026-09-15 13:21:00,2478.8,2479.72,2478.61,2479.66,109.4925,271459.176823
2026-09-15 13:22:00,2479.67,2479.67,2478.58,2478.83,97.1441,240822.193965
2026-09-15 13:23:00,2478.84,2479.44,2478.57,2479.43,162.4974,402841.157066
2026-09-15 13:24:00,2479.43,2479.44,2479.42,2479.42,60.7635,150658.378599
2026-09-15 13:25:00,2479.43,2479.87,2478.0,2479.57,202.1432,501112.981697
2026-09-15 13:26:00,2479.58,2479.58,2477.99,2478.48,77.7087,192617.740201
2026-09-15 13:27:00,2478.47,2478.96,2478.16,2478.52,62.0043,153670.282396
2026-09-15 13:28:00,2478.53,2479.7,2478.53,2479.57,153.8905,381527.17397
2026-09-15 13:29:00,2479.57,2479.57,2478.56,2478.57,87.6138,217203.217286
2026-09-15 13:30:00,2478.56,2478.57,2472.36,2472.54,598.0092,1479844.494167
2026-09-15 13:31:00,2472.53,2475.1,2469.0,2470.05,1057.9717,2614666.281313
2026-09-15 13:32:00,2470.05,2475.01,2470.05,2471.37,434.8649,1075098.340398
2026-09-15 13:33:00,2471.38,2473.19,2468.91,2472.13,218.4004,539760.688729
2026-09-15 13:34:00,2472.13,2472.85,2469.52,2470.87,200.2019,494745.676132
2026-09-15 13:35:00,2470.88,2470.88,2456.65,2465.04,7156.6027,17611751.413832
2026-09-15 13:36:00,2465.03,2465.61,2454.0,2455.14,1855.2767,4560678.273477
2026-09-15 13:37:00,2455.13,2456.59,2449.8,2452.44,4295.9378,10532113.1585
2026-09-15 13:38:00,2452.44,2453.03,2443.8,2445.01,2921.1604,7148426.670269
2026-09-15 13:39:00,2445.0,2445.01,2433.0,2440.08,4139.6679,10093694.412993
2026-09-15 13:40:00,2440.1,2451.37,2437.0,2449.33,2929.6723,7154235.573814
2026-09-15 13:41:00,2449.32,2449.33,2444.89,2447.64,898.9525,2199674.146896
2026-09-15 13:42:00,2447.64,2449.8,2445.11,2446.06,1638.551,4010923.945225
2026-09-15 13:43:00,2446.07,2447.15,2443.03,2446.99,535.4221,1308927.203774
2026-09-15 13:44:00,2446.98,2452.0,2446.48,2450.2,703.6117,1723827.702142
2026-09-15 13:45:00,2450.19,2453.5,2447.68,2448.12,937.6303,2297538.471331
2026-09-15 13:46:00,2448.12,2449.85,2446.67,2448.69,1116.4644,2732988.711869
2026-09-15 13:47:00,2448.7,2449.3,2446.34,2446.78,387.3749,948044.026364
2026-09-15 13:48:00,2446.78,2449.64,2446.05,2449.63,389.7383,953722.956977
2026-09-15 13:49:00,2449.63,2449.96,2447.19,2448.43,441.6162,1081304.901044
2026-09-15 13:50:00,2448.42,2448.42,2441.16,2441.16,679.0032,1659824.72661
2026-09-15 13:51:00,2441.15,2443.71,2440.0,2441.02,478.1696,1167601.415368
2026-09-15 13:52:00,2441.02,2445.31,2440.26,2444.93,393.4126,960925.958734
2026-09-15 13:53:00,2444.92,2446.15,2444.07,2445.97,606.3392,1482534.826359
2026-09-15 13:54:00,2445.98,2446.39,2442.67,2445.38,384.6381,940264.488617
2026-09-15 13:55:00,2445.37,2447.43,2444.85,2446.86,267.9024,655439.581272
2026-09-15 13:56:00,2446.87,2449.88,2446.03,2449.88,322.9181,790387.091447
2026-09-15 13:57:00,2449.87,2452.35,2449.19,2450.99,312.3388,765523.174106
2026-09-15 13:58:00,2450.99,2451.73,2449.44,2450.32,301.3237,738355.386313
2026-09-15 13:59:00,2450.33,2454.05,2450.32,2454.04,339.6769,833011.077786
2026-09-15 14:00:00,2454.05,2458.0,2453.19,2454.43,800.3325,1965488.859005
2026-09-15 14:01:00,2454.44,2454.44,2450.76,2451.51,698.0433,1711564.364363
2026-09-15 14:02:00,2451.51,2454.26,2450.63,2451.58,393.1622,964357.92792
2026-09-15 14:03:00,2451.59,2455.67,2451.59,2454.25,321.2201,788177.73273
2026-09-15 14:04:00,2454.25,2456.83,2449.65,2449.7,506.8588,1243554.771131
2026-09-15 14:05:00,2449.71,2450.0,2445.83,2447.16,741.8827,1815549.23989
2026-09-15 14:06:00,2447.15,2450.94,2447.15,2447.88,434.4448,1063892.283703
2026-09-15 14:07:00,2447.85,2448.13,2446.45,2447.1,239.8472,587030.25014
2026-09-15 14:08:00,2447.11,2448.95,2446.43,2448.95,245.5231,600810.981207
2026-09-15 14:09:00,2448.94,2453.17,2448.91,2452.38,302.8613,742306.717052
2026-09-15 14:10:00,2452.38,2453.82,2451.37,2451.4,274.9336,674291.002212
2026-09-15 14:11:00,2451.39,2452.07,2449.19,2449.5,308.0987,755103.633953
2026-09-15 14:12:00,2449.5,2449.69,2448.32,2448.41,207.9389,509257.368768
2026-09-15 14:13:00,2448.41,2449.32,2447.91,2449.32,294.9475,722148.43717
2026-09-15 14:14:00,2449.31,2449.31,2446.47,2446.86,446.5102,1092963.558307
2026-09-15 14:15:00,2446.87,2449.81,2446.48,2449.81,589.675,1443188.365031
2026-09-15 14:16:00,2449.82,2450.2,2444.95,2445.19,604.2461,1478578.468964
2026-09-15 14:17:00,2445.18,2445.8,2443.86,2445.3,468.9105,1146413.851243
2026-09-15 14:18:00,2445.3,2445.3,2443.02,2443.47,386.4184,944269.367996
2026-09-15 14:19:00,2443.48,2445.05,2442.73,2443.97,614.3583,1501304.855821
2026-09-15 14:20:00,2443.97,2444.68,2442.1,2444.25,253.2684,618831.031242
2026-09-15 14:21:00,2444.25,2445.69,2442.85,2445.69,228.213,557754.04687
2026-09-15 14:22:00,2445.7,2445.7,2442.22,2442.22,469.4399,1147062.022769
2026-09-15 14:23:00,2442.22,2442.22,2435.92,2438.24,1687.3718,4115062.606526
2026-09-15 14:24:00,2438.24,2442.67,2437.64,2441.66,503.281,1228321.537165
2026-09-15 14:25:00,2441.66,2442.0,2439.2,2440.47,386.5937,943462.425605
2026-09-15 14:26:00,2440.47,2442.05,2439.94,2441.97,174.8321,426802.245657
2026-09-15 14:27:00,2441.96,2443.86,2441.96,2443.86,275.8922,673882.771735
2026-09-15 14:28:00,2443.86,2444.11,2442.62,2443.11,214.9835,525296.413796
2026-09-15 14:29:00,2443.11,2443.11,2439.0,2439.21,369.589,902112.572897
2026-09-15 14:30:00,2439.21,2439.21,2434.69,2435.16,739.7075,1801971.109631
2026-09-15 14:31:00,2435.15,2438.66,2433.52,2435.7,522.5699,1272777.285306
2026-09-15 14:32:00,2435.7,2435.92,2433.0,2434.72,539.1159,1312422.194499
2026-09-15 14:33:00,2434.72,2436.18,2433.4,2435.52,411.0167,1000678.373044
2026-09-15 14:34:00,2435.53,2435.53,2433.33,2433.98,330.8995,805458.691279
2026-09-15 14:35:00,2433.98,2433.98,2426.08,2431.0,2308.3343,5608181.040742
2026-09-15 14:36:00,2430.99,2431.31,2425.02,2425.64,1046.9601,2541076.96594
2026-09-15 14:37:00,2425.63,2429.08,2423.48,2427.85,921.686,2235963.487296
2026-09-15 14:38:00,2427.85,2427.94,2420.05,2420.86,1467.1265,3554359.515061
2026-09-15 14:39:00,2420.86,2421.37,2417.0,2418.6,1603.6993,3879745.728397
2026-09-15 14:40:00,2418.61,2418.61,2411.76,2414.99,1947.9998,4702883.279984
2026-09-15 14:41:00,2414.98,2414.98,2411.63,2413.45,1146.9994,2767346.223769
2026-09-15 14:42:00,2413.45,2416.08,2411.29,2412.94,895.8275,2162106.879826
2026-09-15 14:43:00,2412.93,2417.44,2411.94,2416.8,811.8447,1960333.839531
2026-09-15 14:44:00,2416.79,2420.29,2415.96,2416.82,1007.2723,2435585.491771
2026-09-15 14:45:00,2416.82,2418.36,2412.84,2413.27,728.171,1758752.511655
2026-09-15 14:46:00,2413.28,2413.5,2407.76,2407.77,1670.4063,4026293.549977
2026-09-15 14:47:00,2407.78,2412.22,2407.78,2409.36,767.334,1849207.584414
2026-09-15 14:48:00,2409.43,2411.34,2405.53,2408.65,1468.2527,3535702.430495
2026-09-15 14:49:00,2408.64,2409.45,2406.47,2406.98,755.6024,1819057.368727
2026-09-15 14:50:00,2406.99,2407.62,2402.48,2404.82,1098.8712,2642142.479127
2026-09-15 14:51:00,2404.81,2406.1,2390.06,2390.06,4730.04,11341498.834014
2026-09-15 14:52:00,2390.07,2395.68,2389.72,2394.36,2003.7691,4793487.678495
2026-09-15 14:53:00,2394.46,2398.98,2391.03,2395.33,1378.6257,3303835.254434
2026-09-15 14:54:00,2395.34,2402.37,2395.34,2401.45,1372.1181,3292353.328193
2026-09-15 14:55:00,2401.46,2404.11,2398.61,2400.18,1892.6078,4545351.569309
2026-09-15 14:56:00,2400.19,2400.7,2397.41,2400.7,645.9224,1549194.820359
2026-09-15 14:57:00,2400.71,2404.5,2400.43,2404.47,866.2069,2081649.108741
2026-09-15 14:58:00,2404.47,2409.27,2402.52,2409.26,1109.4091,2669357.948058
2026-09-15 14:59:00,2409.27,2410.34,2407.06,2408.39,698.9172,1683408.669648
2026-09-15 15:00:00,2408.38,2412.32,2403.13,2403.49,810.9153,1952170.033595
2026-09-15 15:01:00,2403.51,2405.87,2398.0,2405.87,1165.9791,2799755.093089
2026-09-15 15:02:00,2405.88,2406.12,2403.23,2404.67,393.4619,946245.940528
2026-09-15 15:03:00,2404.67,2408.04,2404.67,2408.04,419.7493,1010017.671555
2026-09-15 15:04:00,2408.04,2411.82,2407.92,2410.81,843.6789,2033277.760305
2026-09-15 15:05:00,2410.81,2413.37,2409.73,2410.66,384.6638,927802.106167
2026-09-15 15:06:00,2410.67,2413.68,2409.74,2413.58,284.5992,686535.957619
2026-09-15 15:07:00,2413.59,2414.12,2411.15,2412.68,329.2694,794420.60089
2026-09-15 15:08:00,2412.67,2413.28,2410.94,2413.28,176.4446,425593.847126
2026-09-15 15:09:00,2413.28,2413.8,2412.0,2413.28,417.0675,1006373.874392
2026-09-15 15:10:00,2413.28,2413.97,2412.0,2412.18,417.5685,1007438.212602
2026-09-15 15:11:00,2412.19,2414.12,2411.66,2412.9,407.5521,983167.178103
2026-09-15 15:12:00,2412.9,2414.11,2411.78,2413.3,302.8312,730648.893875
2026-09-15 15:13:00,2413.31,2414.0,2412.38,2413.36,268.4028,647731.880003
2026-09-15 15:14:00,2413.37,2414.37,2411.39,2413.43,402.4279,970927.602796
2026-09-15 15:15:00,2413.42,2415.54,2412.33,2412.34,358.51,865565.315025
2026-09-15 15:16:00,2412.34,2415.51,2410.71,2413.86,353.4252,852709.456285
2026-09-15 15:17:00,2413.92,2416.54,2413.92,2415.83,247.3981,597596.281787
2026-09-15 15:18:00,2415.83,2416.34,2414.57,2416.33,244.9799,591723.971202
2026-09-15 15:19:00,2416.34,2417.03,2413.77,2413.84,415.49,1003590.066833
2026-09-15 15:20:00,2413.85,2415.73,2413.7,2415.03,195.3609,471749.829958
2026-09-15 15:21:00,2415.03,2415.94,2414.01,2414.38,121.299,292906.572676
2026-09-15 15:22:00,2414.38,2416.41,2414.2,2415.43,267.1873,645330.583715
2026-09-15 15:23:00,2415.43,2418.01,2415.42,2417.96,338.5837,818400.876169
2026-09-15 15:24:00,2417.97,2426.16,2417.37,2424.44,1014.9684,2458104.687906
2026-09-15 15:25:00,2424.45,2428.04,2423.84,2426.53,617.3613,1497707.725776
2026-09-15 15:26:00,2426.54,2428.49,2425.35,2426.16,737.2634,1789445.434722
2026-09-15 15:27:00,2426.17,2429.91,2426.12,2427.79,365.1391,886662.151983
2026-09-15 15:28:00,2427.79,2429.99,2427.79,2428.4,503.194,1222074.098305
2026-09-15 15:29:00,2428.39,2429.43,2425.52,2425.52,338.0191,820400.083682
2026-09-15 15:30:00,2425.52,2428.35,2425.0,2426.7,310.7204,754112.383248
2026-09-15 15:31:00,2426.69,2428.7,2425.43,2426.42,600.9041,1458528.810502
2026-09-15 15:32:00,2426.41,2427.13,2423.76,2425.82,304.7008,739138.830448
2026-09-15 15:33:00,2425.82,2429.4,2425.82,2428.82,164.2207,398708.385884
2026-09-15 15:34:00,2428.83,2429.95,2426.52,2429.95,366.6856,890510.657373
2026-09-15 15:35:00,2429.96,2430.28,2428.4,2428.53,199.5009,484690.428631
2026-09-15 15:36:00,2428.53,2431.44,2428.53,2431.14,273.008,663578.026941
2026-09-15 15:37:00,2431.14,2431.14,2426.69,2426.85,385.8233,936979.503109
2026-09-15 15:38:00,2426.86,2430.18,2426.86,2428.0,163.964,398242.319413
2026-09-15 15:39:00,2428.0,2429.15,2428.0,2428.55,94.1577,228672.310135
2026-09-15 15:40:00,2428.56,2428.56,2427.4,2428.12,160.5193,389746.328841
2026-09-15 15:41:00,2428.13,2428.34,2426.61,2427.12,129.7995,315073.691572
2026-09-15 15:42:00,2427.11,2428.23,2425.64,2427.88,460.3898,1117186.64184
2026-09-15 15:43:00,2427.87,2429.27,2427.53,2428.65,135.6398,329378.674155
2026-09-15 15:44:00,2428.65,2429.18,2427.37,2427.38,683.4885,1659776.875403
2026-09-15 15:45:00,2427.37,2428.92,2427.37,2428.92,921.6966,2237887.10045
2026-09-15 15:46:00,2428.92,2428.92,2427.71,2428.21,125.2007,304024.731342
2026-09-15 15:47:00,2428.22,2429.19,2426.4,2426.47,214.573,520925.306458
2026-09-15 15:48:00,2426.47,2428.35,2426.47,2428.35,166.6223,404526.510813
2026-09-15 15:49:00,2428.34,2429.25,2426.0,2426.62,647.8901,1572437.664332
2026-09-15 15:50:00,2426.62,2432.27,2426.35,2432.27,610.7679,1483546.326805
2026-09-15 15:51:00,2432.27,2432.27,2427.62,2427.88,446.2166,1084146.196075
2026-09-15 15:52:00,2427.88,2429.76,2427.84,2427.84,237.1796,576005.961026
2026-09-15 15:53:00,2427.85,2429.5,2427.84,2427.98,143.2975,348017.504545
2026-09-15 15:54:00,2427.98,2427.98,2422.79,2423.33,665.1515,1613188.125222
2026-09-15 15:55:00,2423.34,2429.3,2423.34,2429.29,660.6605,1602768.24036
2026-09-15 15:56:00,2429.29,2429.3,2426.09,2426.75,212.0906,514765.826139
2026-09-15 15:57:00,2426.74,2428.0,2426.49,2426.5,86.1533,209106.698456
2026-09-15 15:58:00,2426.49,2426.8,2424.65,2424.88,83.8362,203360.646265
2026-09-15 15:59:00,2424.87,2425.18,2424.1,2424.46,105.1936,255057.363027
2026-09-15 16:00:00,2424.47,2424.78,2422.05,2422.08,326.9955,792381.180802
2026-09-15 16:01:00,2422.08,2425.51,2422.06,2424.37,181.0602,438894.264328
2026-09-15 16:02:00,2424.38,2425.22,2424.37,2424.92,98.4598,238743.238049
2026-09-15 16:03:00,2424.92,2425.12,2422.62,2423.62,156.8246,380175.673073
2026-09-15 16:04:00,2423.63,2424.13,2422.15,2422.34,142.577,345415.436386
2026-09-15 16:05:00,2422.34,2423.35,2422.0,2422.3,170.0444,411900.96402
2026-09-15 16:06:00,2422.3,2422.98,2421.8,2421.8,222.7029,539410.043324
2026-09-15 16:07:00,2421.81,2422.46,2420.85,2420.85,188.8783,457432.222125
2026-09-15 16:08:00,2420.86,2421.23,2419.46,2419.46,390.3899,944891.159568
2026-09-15 16:09:00,2419.46,2419.63,2415.0,2415.7,547.5717,1323547.647171
2026-09-15 16:10:00,2415.7,2419.89,2415.7,2417.87,275.9117,667122.219731
2026-09-15 16:11:00,2417.88,2419.23,2417.76,2419.22,161.9503,391662.299489
2026-09-15 16:12:00,2419.22,2419.22,2413.92,2413.98,284.453,687361.176142
2026-09-15 16:13:00,2413.98,2415.62,2413.95,2415.21,108.8643,262880.720418
2026-09-15 16:14:00,2415.2,2415.64,2412.87,2413.75,227.4061,548998.371867
2026-09-15 16:15:00,2413.76,2416.26,2413.76,2416.25,96.5021,233094.683029
2026-09-15 16:16:00,2416.25,2417.95,2415.75,2416.79,177.8022,429672.508124
2026-09-15 16:17:00,2416.8,2420.0,2416.79,2419.99,211.4836,511367.950416
2026-09-15 16:18:00,2419.99,2421.26,2418.92,2421.19,274.365,664006.468229
2026-09-15 16:19:00,2421.19,2421.19,2417.98,2418.15,133.8375,323772.487516
2026-09-15 16:20:00,2418.14,2419.55,2417.7,2418.98,72.6587,175735.136899
2026-09-15 16:21:00,2418.98,2422.08,2418.82,2422.08,122.4239,296416.321609
2026-09-15 16:22:00,2422.08,2423.62,2422.07,2423.6,202.4805,490603.468711
2026-09-15 16:23:00,2423.6,2425.08,2423.41,2423.59,130.6166,316632.245747
2026-09-15 16:24:00,2423.59,2425.08,2423.59,2423.65,146.1362,354295.073188
2026-09-15 16:25:00,2423.65,2423.66,2420.92,2420.92,225.234,545506.40134
2026-09-15 16:26:00,2420.92,2423.03,2420.92,2422.88,237.7508,575810.141247
2026-09-15 16:27:00,2422.88,2424.49,2422.78,2423.38,267.9005,649393.507594
2026-09-15 16:28:00,2423.38,2425.34,2423.07,2425.26,208.2985,505039.964373
2026-09-15 16:29:00,2425.25,2425.41,2424.22,2424.33,148.895,361039.197287
2026-09-15 16:30:00,2424.33,2425.32,2423.26,2423.26,474.1424,1149493.678761
2026-09-15 16:31:00,2423.26,2423.71,2421.23,2421.88,284.1867,688265.418675
2026-09-15 16:32:00,2421.87,2422.5,2421.39,2422.49,94.9391,229936.358306
2026-09-15 16:33:00,2422.49,2423.3,2421.33,2422.99,255.5825,618945.292166
2026-09-15 16:34:00,2422.98,2422.98,2420.37,2420.57,276.6427,669801.079037
2026-09-15 16:35:00,2420.58,2421.3,2419.86,2421.3,117.4257,284227.623434
2026-09-15 16:36:00,2421.3,2422.74,2421.29,2422.32,122.8474,297532.050362
2026-09-15 16:37:00,2422.32,2422.92,2421.38,2422.89,203.1733,492084.110272
2026-09-15 16:38:00,2422.89,2423.29,2420.92,2420.92,122.3065,296255.077972
2026-09-15 16:39:00,2420.92,2420.94,2420.41,2420.62,50.295,121747.668262
2026-09-15 16:40:00,2420.61,2420.61,2419.08,2419.26,114.2151,276356.960832
2026-09-15 16:41:00,2419.26,2419.26,2417.7,2417.74,255.909,618810.535956
2026-09-15 16:42:00,2417.74,2418.84,2417.58,2418.84,126.0367,304783.22347
2026-09-15 16:43:00,2418.83,2419.85,2418.59,2419.62,168.9554,408746.684361
2026-09-15 16:44:00,2419.63,2420.0,2419.34,2420.0,129.5693,313529.433023
2026-09-15 16:45:00,2419.99,2421.2,2419.89,2420.6,197.5362,478141.827304
2026-09-15 16:46:00,2420.6,2422.35,2420.6,2422.1,136.5946,330813.209566
2026-09-15 16:47:00,2422.09,2423.26,2421.91,2421.92,156.7565,379770.402178
2026-09-15 16:48:00,2421.92,2422.62,2421.0,2421.12,124.0651,300431.041999
2026-09-15 16:49:00,2421.11,2422.2,2420.53,2422.18,95.4552,231109.439972
2026-09-15 16:50:00,2422.18,2424.09,2422.18,2424.09,80.5821,195295.7735
2026-09-15 16:51:00,2424.08,2424.61,2423.4,2424.21,89.5193,216989.698118
2026-09-15 16:52:00,2424.21,2425.7,2424.2,2425.43,149.0442,361439.23761
2026-09-15 16:53:00,2425.43,2425.85,2423.45,2423.77,123.1955,298747.90277
2026-09-15 16:54:00,2423.76,2425.33,2423.46,2425.0,295.6445,716798.021971
2026-09-15 16:55:00,2425.01,2425.64,2425.01,2425.47,186.0294,451205.690667
2026-09-15 16:56:00,2425.47,2425.82,2423.95,2423.99,115.275,279484.897602
2026-09-15 16:57:00,2424.0,2424.0,2423.29,2423.73,91.7146,222273.924052
2026-09-15 16:58:00,2423.74,2423.74,2423.52,2423.68,89.6155,217193.063832
2026-09-15 16:59:00,2423.68,2423.85,2421.86,2422.34,275.3815,667282.849501
2026-09-15 17:00:00,2422.34,2422.35,2421.19,2421.69,116.9311,283173.923784
2026-09-15 17:01:00,2421.69,2423.88,2421.68,2423.87,124.5372,301760.632656
2026-09-15 17:02:00,2423.87,2423.87,2420.0,2420.37,117.2658,283943.39615
2026-09-15 17:03:00,2420.37,2421.83,2419.41,2421.46,112.6875,272771.818307
2026-09-15 17:04:00,2421.46,2421.46,2418.85,2418.86,105.8841,256220.86107
2026-09-15 17:05:00,2418.85,2419.95,2417.99,2419.13,271.1749,655892.524265
2026-09-15 17:06:00,2419.12,2419.15,2417.79,2417.8,124.6861,301530.649262
2026-09-15 17:07:00,2417.79,2418.13,2416.45,2416.45,123.3489,298178.851574
2026-09-15 17:08:00,2416.46,2416.46,2413.01,2414.18,320.6394,774225.578116
2026-09-15 17:09:00,2414.19,2414.41,2413.2,2413.44,170.0914,410545.727647
2026-09-15 17:10:00,2413.45,2414.29,2413.45,2414.22,91.616,221138.452857
2026-09-15 17:11:00,2414.23,2414.77,2413.01,2413.37,75.4857,182212.696747
2026-09-15 17:12:00,2413.37,2414.28,2413.14,2413.75,95.4431,230384.036892
2026-09-15 17:13:00,2413.76,2416.25,2413.75,2416.24,92.7854,224093.018
2026-09-15 17:14:00,2416.24,2417.89,2415.32,2416.88,76.1687,184093.621018
2026-09-15 17:15:00,2416.88,2416.89,2415.34,2415.56,64.2363,155212.923641
2026-09-15 17:16:00,2415.57,2417.26,2415.25,2417.26,77.931,188289.906216
2026-09-15 17:17:00,2417.25,2418.07,2417.01,2417.55,137.8191,333173.212851
2026-09-15 17:18:00,2417.54,2417.55,2415.94,2416.17,50.8923,122994.439417
2026-09-15 17:19:00,2416.16,2416.68,2415.9,2416.66,130.6024,315564.483486
2026-09-15 17:20:00,2416.66,2418.87,2416.66,2418.45,74.7383,180719.750505
2026-09-15 17:21:00,2418.46,2418.59,2417.58,2417.58,46.6149,112723.492368
2026-09-15 17:22:00,2417.58,2417.95,2416.83,2417.78,70.8196,171188.587194
2026-09-15 17:23:00,2417.77,2419.08,2416.87,2419.07,112.6469,272369.892812
2026-09-15 17:24:00,2419.08,2419.48,2418.64,2418.64,88.5865,214293.222091
2026-09-15 17:25:00,2418.61,2419.8,2418.17,2419.56,86.8564,210129.978668
2026-09-15 17:26:00,2419.56,2422.53,2419.51,2422.12,181.2663,438779.966316
2026-09-15 17:27:00,2422.12,2423.33,2422.12,2422.88,105.2361,254982.81729
2026-09-15 17:28:00,2422.89,2425.57,2422.88,2424.97,226.3337,548712.368572
2026-09-15 17:29:00,2424.96,2425.53,2424.96,2425.1,115.8818,281051.271421
2026-09-15 17:30:00,2425.1,2427.36,2423.61,2424.07,183.6149,445375.388857
2026-09-15 17:31:00,2424.07,2429.4,2424.06,2428.92,296.4791,719712.531585
2026-09-15 17:32:00,2428.91,2433.18,2428.32,2429.62,754.7427,1834454.951408
2026-09-15 17:33:00,2429.62,2435.96,2429.62,2435.81,313.0018,761468.676672
2026-09-15 17:34:00,2435.82,2438.77,2435.45,2437.83,447.316,1090094.829704
2026-09-15 17:35:00,2437.84,2448.48,2437.84,2445.81,1106.9906,2705238.9219
2026-09-15 17:36:00,2445.81,2449.0,2439.45,2440.08,752.338,1838930.37426
2026-09-15 17:37:00,2440.1,2445.11,2439.46,2443.05,2222.3379,5425262.785505
2026-09-15 17:38:00,2443.06,2443.5,2436.44,2437.04,1036.7077,2530173.246857
2026-09-15 17:39:00,2437.03,2437.04,2434.58,2435.22,1092.809,2661414.801743
2026-09-15 17:40:00,2435.22,2435.22,2430.85,2433.74,831.8044,2023741.519055
2026-09-15 17:41:00,2433.74,2434.81,2433.09,2433.56,239.4595,582820.095664
2026-09-15 17:42:00,2433.55,2433.55,2429.63,2429.64,393.8303,957377.930818
2026-09-15 17:43:00,2429.64,2430.14,2428.14,2428.18,296.7009,720758.235527
2026-09-15 17:44:00,2428.18,2430.0,2428.01,2429.58,719.6894,1748636.385366
2026-09-15 17:45:00,2429.59,2434.39,2429.58,2434.39,1588.8734,3862220.060827
2026-09-15 17:46:00,2434.38,2436.13,2433.98,2435.83,309.9053,754540.105994
2026-09-15 17:47:00,2435.83,2439.24,2435.43,2439.23,338.1536,824405.012764
2026-09-15 17:48:00,2439.24,2441.41,2439.23,2441.1,305.0876,744431.88353
2026-09-15 17:49:00,2441.1,2441.73,2440.0,2440.83,239.1563,583727.564701
2026-09-15 17:50:00,2440.84,2445.0,2440.2,2444.76,340.1705,831101.026957
2026-09-15 17:51:00,2444.76,2445.0,2441.52,2443.46,276.5122,675586.75903
2026-09-15 17:52:00,2443.46,2443.47,2441.44,2443.21,198.5325,484881.917406
2026-09-15 17:53:00,2443.21,2444.0,2442.25,2442.31,149.6814,365721.994982
2026-09-15 17:54:00,2442.3,2443.12,2442.05,2443.0,120.6501,294687.321546
2026-09-15 17:55:00,2443.0,2443.0,2438.14,2438.15,405.9033,990114.679216
2026-09-15 17:56:00,2438.16,2441.12,2438.16,2441.11,105.4244,257166.939347
2026-09-15 17:57:00,2441.11,2442.1,2441.11,2441.94,115.802,282729.387469
2026-09-15 17:58:00,2441.94,2442.65,2441.64,2441.78,275.5121,672827.179956
2026-09-15 17:59:00,2441.79,2442.79,2440.77,2441.21,161.7818,395040.211374
2026-09-15 18:00:00,2441.2,2441.44,2436.87,2437.81,192.25,468822.41149
2026-09-15 18:01:00,2437.81,2440.75,2437.55,2440.75,327.0545,797576.035422
2026-09-15 18:02:00,2440.75,2441.94,2440.0,2441.92,100.1832,244536.716469
2026-09-15 18:03:00,2441.92,2443.01,2440.49,2441.03,158.9717,388164.793498
2026-09-15 18:04:00,2441.02,2441.03,2437.68,2438.58,112.7109,274963.856465
2026-09-15 18:05:00,2438.59,2438.76,2437.89,2438.76,77.385,188700.376428
2026-09-15 18:06:00,2438.75,2440.83,2438.38,2440.82,113.3874,276621.219912
2026-09-15 18:07:00,2440.82,2440.83,2434.85,2434.86,454.3948,1107862.377098
2026-09-15 18:08:00,2434.85,2436.6,2433.76,2436.36,329.917,803276.28898
2026-09-15 18:09:00,2436.36,2437.05,2435.77,2437.05,49.4943,120579.786664
2026-09-15 18:10:00,2437.06,2438.32,2436.2,2436.26,89.7928,218857.371487
2026-09-15 18:11:00,2436.25,2437.06,2435.76,2436.17,106.7758,260130.924622
2026-09-15 18:12:00,2436.17,2436.96,2434.5,2435.27,128.7026,313453.427227
2026-09-15 18:13:00,2435.27,2436.6,2434.0,2436.6,255.6305,622406.947021
2026-09-15 18:14:00,2436.33,2437.3,2435.95,2436.06,140.915,343323.71528
2026-09-15 18:15:00,2436.07,2436.94,2435.45,2435.45,74.4779,181437.470781
2026-09-15 18:16:00,2435.45,2435.46,2428.2,2428.25,337.5706,820920.194276
2026-09-15 18:17:00,2428.26,2428.82,2424.54,2424.55,582.5511,1413776.540834
2026-09-15 18:18:00,2424.54,2428.63,2422.67,2428.44,434.8688,1054890.067703
2026-09-15 18:19:00,2428.45,2431.7,2426.88,2428.22,615.4652,1495098.184453
2026-09-15 18:20:00,2428.22,2430.0,2427.77,2427.92,167.509,406874.156559
2026-09-15 18:21:00,2427.93,2429.56,2427.92,2429.25,190.6583,463115.876375
2026-09-15 18:22:00,2429.25,2429.25,2426.54,2427.9,138.5996,336498.858797
2026-09-15 18:23:00,2427.9,2427.9,2426.41,2426.45,117.4579,285066.878123
2026-09-15 18:24:00,2426.46,2428.44,2426.1,2427.81,174.0191,422311.065907
2026-09-15 18:25:00,2427.81,2427.82,2425.42,2425.42,216.126,524444.237286
2026-09-15 18:26:00,2425.41,2429.1,2425.41,2428.49,127.3973,309221.064172
2026-09-15 18:27:00,2428.5,2428.5,2427.0,2427.0,110.4174,268060.28504
2026-09-15 18:28:00,2427.01,2431.99,2425.85,2431.99,566.9435,1376230.367313
2026-09-15 18:29:00,2431.99,2446.88,2431.99,2435.84,2735.3858,6673029.544616
2026-09-15 18:30:00,2435.84,2437.04,2427.58,2430.96,619.5883,1506693.500432
2026-09-15 18:31:00,2430.96,2432.89,2428.61,2432.89,200.9422,488453.119453
2026-09-15 18:32:00,2432.89,2433.56,2431.3,2432.5,358.3366,871763.78368
2026-09-15 18:33:00,2432.45,2432.45,2418.0,2419.92,1118.5861,2711581.310403
2026-09-15 18:34:00,2419.95,2432.57,2419.95,2431.25,703.4007,1707246.653319
2026-09-15 18:35:00,2431.26,2432.51,2428.19,2428.97,423.6166,1029532.020842
2026-09-15 18:36:00,2428.95,2428.95,2419.69,2420.88,1305.7446,3163442.256686
2026-09-15 18:37:00,2420.86,2420.86,2380.0,2411.76,10424.24,25001539.924089
2026-09-15 18:38:00,2411.77,2415.72,2404.44,2408.35,2253.2721,5428519.405765
2026-09-15 18:39:00,2408.36,2413.64,2405.94,2409.0,3846.7732,9270950.375563
2026-09-15 18:40:00,2408.91,2409.75,2390.05,2395.17,3034.9528,7281659.779208
2026-09-15 18:41:00,2395.17,2401.74,2384.57,2399.18,3352.2798,8023067.828711
2026-09-15 18:42:00,2399.19,2400.24,2381.35,2385.89,2518.9721,6018522.079713
2026-09-15 18:43:00,2385.73,2395.66,2381.59,2394.26,2822.9064,6744441.257683
2026-09-15 18:44:00,2394.26,2394.75,2387.27,2387.33,1214.7484,2904775.483922
2026-09-15 18:45:00,2387.33,2389.58,2373.69,2379.68,5068.729,12065010.817642
2026-09-15 18:46:00,2379.69,2386.36,2369.87,2373.5,4010.2848,9529380.179261
2026-09-15 18:47:00,2373.49,2381.32,2370.27,2375.12,2063.0335,4900091.947956
2026-09-15 18:48:00,2375.12,2375.12,2363.0,2365.64,2872.8455,6803889.744625
2026-09-15 18:49:00,2365.64,2366.39,2358.88,2360.66,2687.3464,6346173.122848
2026-09-15 18:50:00,2360.66,2376.25,2358.88,2373.07,2103.6346,4980988.549458
2026-09-15 18:51:00,2373.07,2384.97,2369.71,2384.84,3196.6338,7603654.361871
2026-09-15 18:52:00,2384.84,2394.41,2381.86,2392.65,2723.6504,6504724.115622
2026-09-15 18:53:00,2392.65,2401.78,2392.65,2398.55,1972.083,4727524.206204
2026-09-15 18:54:00,2398.54,2405.08,2396.49,2404.37,1899.1815,4561014.544072
2026-09-15 18:55:00,2404.38,2417.58,2400.4,2412.65,2324.4627,5596711.072296
2026-09-15 18:56:00,2412.66,2415.29,2401.35,2403.0,1379.8452,3322424.44931
2026-09-15 18:57:00,2403.0,2405.3,2396.99,2402.17,1387.3803,3329706.65189
2026-09-15 18:58:00,2402.18,2405.19,2401.05,2404.54,463.6641,1114200.817868
2026-09-15 18:59:00,2404.55,2404.55,2401.02,2403.14,465.0965,1117570.019696
2026-09-15 19:00:00,2403.14,2406.43,2398.4,2404.66,1194.6348,2869542.343524
2026-09-15 19:01:00,2404.67,2407.27,2398.81,2399.47,1027.3794,2467572.566711
2026-09-15 19:02:00,2399.47,2404.14,2398.0,2403.36,835.6648,2006066.885339
2026-09-15 19:03:00,2403.35,2412.18,2403.35,2408.26,993.2347,2392787.050095
2026-09-15 19:04:00,2408.27,2413.73,2407.52,2407.52,646.4156,1558567.87186
2026-09-15 19:05:00,2407.5,2410.05,2402.53,2402.98,880.7778,2117994.609696
2026-09-15 19:06:00,2402.99,2409.3,2402.63,2408.58,231.2537,556450.973062
2026-09-15 19:07:00,2408.56,2408.87,2402.8,2404.16,513.638,1235454.248772
2026-09-15 19:08:00,2404.16,2406.24,2402.01,2404.97,373.4899,897922.381489
2026-09-15 19:09:00,2404.97,2407.59,2404.79,2405.56,215.3861,518187.23571
2026-09-15 19:10:00,2405.56,2408.54,2404.3,2407.17,351.4439,845808.928359
2026-09-15 19:11:00,2407.17,2407.53,2403.77,2407.13,353.4851,850425.70062
2026-09-15 19:12:00,2407.2,2407.67,2404.77,2406.12,366.163,880899.732417
2026-09-15 19:13:00,2406.13,2406.22,2403.3,2405.84,603.4481,1451091.075615
2026-09-15 19:14:00,2405.85,2406.12,2403.0,2405.58,206.8106,497367.098418
2026-09-15 19:15:00,2405.59,2409.89,2405.0,2405.0,482.4507,1161492.768471
2026-09-15 19:16:00,2405.01,2411.36,2403.33,2410.06,433.5929,1043994.618158
2026-09-15 19:17:00,2410.05,2420.13,2410.05,2417.48,988.6709,2388911.242746
2026-09-15 19:18:00,2417.48,2417.59,2413.28,2414.34,691.3874,1669835.121912
2026-09-15 19:19:00,2414.33,2416.5,2411.42,2411.91,3121.9275,7536231.767056
2026-09-15 19:20:00,2411.91,2412.28,2406.71,2407.37,899.9645,2167855.222332
2026-09-15 19:21:00,2407.37,2410.3,2405.51,2406.39,519.7755,1251742.869224
2026-09-15 19:22:00,2406.38,2409.18,2405.39,2409.17,317.2028,763632.370904
2026-09-15 19:23:00,2409.17,2415.16,2409.05,2410.99,574.5615,1386370.449109
2026-09-15 19:24:00,2410.99,2411.33,2408.3,2410.0,302.537,729078.268663
2026-09-15 19:25:00,2410.0,2410.33,2408.5,2409.74,203.574,490490.044899
2026-09-15 19:26:00,2409.74,2409.77,2406.02,2406.08,417.7655,1006100.196832
2026-09-15 19:27:00,2406.08,2406.57,2405.57,2405.85,182.1146,438177.885119
2026-09-15 19:28:00,2405.85,2407.47,2404.79,2404.8,297.0929,714867.535795
2026-09-15 19:29:00,2404.8,2405.95,2402.19,2404.92,526.9448,1266786.833788
2026-09-15 19:30:00,2404.92,2407.28,2402.26,2404.85,355.6209,855154.0009
2026-09-15 19:31:00,2404.85,2407.12,2404.35,2405.46,202.8731,488124.023416
2026-09-15 19:32:00,2405.47,2406.1,2401.81,2402.24,278.5844,669590.810074
2026-09-15 19:33:00,2402.26,2407.72,2400.0,2406.05,946.5267,2275701.202295
2026-09-15 19:34:00,2406.08,2407.12,2404.08,2404.66,246.5207,592986.533638
2026-09-15 19:35:00,2404.67,2404.67,2403.09,2403.84,181.2747,435736.457457
2026-09-15 19:36:00,2403.85,2406.3,2403.0,2406.11,182.5334,438914.566763
2026-09-15 19:37:00,2406.12,2406.29,2403.59,2403.59,168.5803,405431.057131
2026-09-15 19:38:00,2403.58,2409.25,2403.47,2409.25,213.0307,512602.849184
2026-09-15 19:39:00,2409.24,2409.25,2407.2,2409.04,197.9053,476606.939948
2026-09-15 19:40:00,2409.05,2409.88,2408.12,2408.5,196.1417,472522.748342
2026-09-15 19:41:00,2408.49,2408.51,2403.76,2404.2,451.5268,1086710.98875
2026-09-15 19:42:00,2404.21,2405.4,2403.19,2404.54,367.7953,884245.514336
2026-09-15 19:43:00,2404.54,2406.15,2403.77,2405.23,219.6144,528193.128239
2026-09-15 19:44:00,2405.23,2406.36,2404.2,2404.52,298.2888,717493.327988
2026-09-15 19:45:00,2404.52,2405.83,2403.93,2405.05,125.2587,301249.7624
2026-09-15 19:46:00,2405.05,2405.28,2403.11,2403.97,92.8961,223364.023145
2026-09-15 19:47:00,2403.98,2406.62,2403.97,2406.33,83.5463,200958.014525
2026-09-15 19:48:00,2406.33,2406.75,2405.51,2405.73,86.9165,209154.20521
2026-09-15 19:49:00,2405.72,2406.63,2404.67,2406.44,125.0841,300921.461799
2026-09-15 19:50:00,2406.44,2407.29,2404.86,2406.37,254.6964,612877.949691
2026-09-15 19:51:00,2406.37,2407.11,2405.56,2406.65,255.1521,614013.953895
2026-09-15 19:52:00,2406.64,2407.52,2406.55,2406.68,195.1108,469615.252835
2026-09-15 19:53:00,2406.67,2410.57,2406.67,2410.26,214.3068,516358.16933
2026-09-15 19:54:00,2410.26,2411.4,2409.3,2411.04,207.9986,501390.025255
2026-09-15 19:55:00,2411.03,2412.0,2410.66,2411.7,158.6372,382550.596698
2026-09-15 19:56:00,2411.7,2414.12,2411.37,2414.09,184.6039,445401.657972
2026-09-15 19:57:00,2414.1,2415.94,2413.39,2415.73,417.7425,1008664.375642
2026-09-15 19:58:00,2415.72,2415.92,2414.96,2415.42,197.177,476264.026195
2026-09-15 19:59:00,2415.42,2416.77,2414.53,2416.65,421.1438,1017285.867409
2026-09-15 20:00:00,2416.66,2418.63,2414.52,2418.04,232.3324,561528.88017
2026-09-15 20:01:00,2418.06,2418.06,2416.06,2416.56,80.5432,194680.996427
2026-09-15 20:02:00,2416.56,2416.56,2414.46,2414.46,93.5574,225978.889389
2026-09-15 20:03:00,2414.46,2414.46,2411.87,2412.97,142.9008,344842.352125
2026-09-15 20:04:00,2412.98,2412.98,2409.34,2409.88,317.5328,765462.992363
2026-09-15 20:05:00,2409.89,2410.59,2407.49,2408.35,242.0435,582958.411891
2026-09-15 20:06:00,2408.34,2408.74,2407.54,2408.53,152.3427,366868.911075
2026-09-15 20:07:00,2408.53,2410.15,2407.49,2409.39,230.2219,554640.007071
2026-09-15 20:08:00,2409.39,2409.4,2405.98,2405.98,183.2671,441284.846621
2026-09-15 20:09:00,2405.99,2407.4,2405.98,2407.4,118.5249,285217.135534
2026-09-15 20:10:00,2407.39,2412.47,2407.09,2411.72,273.9822,660096.693638
2026-09-15 20:11:00,2411.72,2411.72,2408.86,2409.09,75.1178,180991.090963
2026-09-15 20:12:00,2409.1,2411.3,2408.67,2408.67,150.6617,363070.002812
2026-09-15 20:13:00,2408.67,2408.67,2408.15,2408.54,164.1268,395290.693836
2026-09-15 20:14:00,2408.54,2410.21,2408.54,2410.1,50.4223,121496.32754
2026-09-15 20:15:00,2410.11,2410.11,2406.95,2407.55,196.0508,472073.185582
2026-09-15 20:16:00,2407.56,2408.81,2407.2,2407.56,76.1571,183398.614766
2026-09-15 20:17:00,2407.56,2407.77,2406.37,2407.33,147.2445,354410.968384
2026-09-15 20:18:00,2407.33,2407.33,2404.29,2404.29,170.0947,409186.781512
2026-09-15 20:19:00,2404.29,2404.41,2403.0,2403.21,401.4728,965035.990721
2026-09-15 20:20:00,2403.21,2403.85,2402.15,2402.15,151.2196,363434.131691
2026-09-15 20:21:00,2402.15,2402.16,2398.69,2398.96,919.2411,2206370.304423
2026-09-15 20:22:00,2398.97,2402.92,2398.97,2402.65,298.9241,717648.155251
2026-09-15 20:23:00,2402.65,2403.37,2402.24,2403.37,92.9093,223212.685714
2026-09-15 20:24:00,2403.36,2405.39,2403.36,2405.39,105.1302,252778.121938
2026-09-15 20:25:00,2405.39,2406.48,2403.13,2403.6,338.02,812958.564533
2026-09-15 20:26:00,2403.6,2403.6,2402.14,2402.56,98.3007,236199.788541
2026-09-15 20:27:00,2402.56,2402.56,2401.6,2401.65,132.9471,319335.031689
2026-09-15 20:28:00,2401.66,2403.25,2400.69,2402.5,248.2522,596253.338103
2026-09-15 20:29:00,2402.51,2402.51,2399.52,2399.53,265.3912,637155.638798
2026-09-15 20:30:00,2399.52,2401.65,2395.65,2401.36,1225.9449,2940816.339217
2026-09-15 20:31:00,2401.37,2405.05,2401.22,2403.78,795.8505,1912511.230828
2026-09-15 20:32:00,2403.77,2404.24,2398.48,2398.64,313.7446,753704.200293
2026-09-15 20:33:00,2398.65,2399.94,2397.01,2399.78,535.3167,1283669.268091
2026-09-15 20:34:00,2399.78,2400.45,2399.73,2400.04,100.1956,240471.882191
2026-09-15 20:35:00,2400.05,2401.0,2399.28,2400.84,157.9758,379159.763264
2026-09-15 20:36:00,2400.85,2402.73,2400.0,2402.04,260.3429,625248.074429
2026-09-15 20:37:00,2402.05,2404.0,2402.05,2403.69,192.6413,463021.526431
2026-09-15 20:38:00,2403.68,2405.78,2402.32,2402.87,355.9614,855827.549765
2026-09-15 20:39:00,2402.87,2402.87,2401.07,2402.85,425.3464,1021543.030429
2026-09-15 20:40:00,2402.84,2406.0,2402.84,2405.88,218.9891,526778.157339
2026-09-15 20:41:00,2405.88,2405.88,2404.6,2404.74,66.1787,159166.746054
2026-09-15 20:42:00,2404.74,2405.17,2403.84,2403.85,81.6576,196350.498347
2026-09-15 20:43:00,2403.84,2404.6,2403.84,2403.93,73.4111,176488.714661
2026-09-15 20:44:00,2403.93,2405.89,2402.99,2405.88,129.2934,310846.367364
2026-09-15 20:45:00,2405.89,2407.95,2405.72,2407.67,314.0631,755952.442714
2026-09-15 20:46:00,2407.68,2408.18,2405.74,2407.4,277.6561,668286.103796
2026-09-15 20:47:00,2407.39,2409.53,2406.61,2406.62,237.4305,571910.014041
2026-09-15 20:48:00,2406.62,2407.6,2406.62,2407.15,62.9072,151438.851957
2026-09-15 20:49:00,2407.14,2410.41,2407.14,2410.41,233.1597,561806.305735
2026-09-15 20:50:00,2410.41,2410.41,2408.6,2409.89,185.7802,447551.688773
2026-09-15 20:51:00,2409.89,2409.89,2408.1,2409.34,38.6125,93020.261606
2026-09-15 20:52:00,2409.34,2409.35,2408.1,2408.1,44.1572,106359.617628
2026-09-15 20:53:00,2408.1,2408.33,2408.09,2408.33,33.498,80668.495129
2026-09-15 20:54:00,2408.33,2410.23,2408.32,2410.23,34.6374,83447.400974
2026-09-15 20:55:00,2410.23,2410.88,2409.99,2410.83,414.6152,999283.632679
2026-09-15 20:56:00,2410.82,2410.82,2408.55,2408.6,86.2711,207877.718449
2026-09-15 20:57:00,2408.59,2408.6,2407.76,2408.05,112.2803,270368.467321
2026-09-15 20:58:00,2408.05,2408.05,2406.87,2407.45,158.8219,382343.65799
2026-09-15 20:59:00,2407.44,2408.06,2407.44,2407.96,36.453,87771.623276
2026-09-15 21:00:00,2407.97,2407.97,2404.24,2404.47,121.2443,291712.286389
2026-09-15 21:01:00,2404.47,2405.42,2399.74,2400.46,610.5474,1466712.404565
2026-09-15 21:02:00,2400.46,2401.55,2399.73,2401.55,235.3586,565029.459961
2026-09-15 21:03:00,2401.54,2403.35,2401.0,2403.07,238.569,573063.937961
2026-09-15 21:04:00,2403.06,2403.06,2400.83,2400.83,102.9581,247316.169964
2026-09-15 21:05:00,2400.84,2403.15,2400.83,2402.6,158.868,381626.383565
2026-09-15 21:06:00,2402.59,2402.59,2401.43,2401.63,49.5591,119039.683718
2026-09-15 21:07:00,2401.63,2401.64,2400.23,2400.23,31.3564,75281.651006
2026-09-15 21:08:00,2400.23,2401.12,2400.0,2401.06,83.5051,200454.897704
2026-09-15 21:09:00,2401.07,2401.07,2400.0,2400.0,31.5471,75726.814044
2026-09-15 21:10:00,2400.01,2400.87,2399.49,2400.87,408.3347,979983.095959
2026-09-15 21:11:00,2400.87,2403.9,2400.76,2403.62,219.5442,527474.911114
2026-09-15 21:12:00,2403.62,2403.96,2403.39,2403.96,26.2295,63045.717339
2026-09-15 21:13:00,2403.96,2406.45,2403.96,2406.18,192.1006,462124.021397
2026-09-15 21:14:00,2406.17,2406.18,2401.5,2401.67,246.7322,593042.253761
2026-09-15 21:15:00,2401.66,2401.66,2400.03,2400.04,69.6947,167334.961695
2026-09-15 21:16:00,2400.03,2402.0,2399.05,2402.0,284.3162,682368.961581
2026-09-15 21:17:00,2402.0,2403.19,2401.99,2403.18,58.5587,140696.881695
2026-09-15 21:18:00,2403.19,2403.19,2402.27,2402.28,43.8114,105274.464211
2026-09-15 21:19:00,2402.27,2404.85,2402.27,2404.84,75.4315,181292.175
2026-09-15 21:20:00,2404.84,2404.84,2403.8,2403.81,53.6783,129059.664155
2026-09-15 21:21:00,2403.81,2403.81,2400.0,2400.0,235.2304,564843.030089
2026-09-15 21:22:00,2400.0,2400.76,2399.0,2399.34,187.1903,449203.087612
2026-09-15 21:23:00,2399.34,2400.45,2399.01,2400.45,129.3573,310393.88214
2026-09-15 21:24:00,2400.45,2400.58,2399.87,2399.87,44.7252,107360.984937
2026-09-15 21:25:00,2399.87,2399.87,2398.4,2398.7,142.5685,342006.484057
2026-09-15 21:26:00,2398.7,2400.44,2398.59,2399.55,201.4011,483250.172295
2026-09-15 21:27:00,2399.55,2399.56,2398.68,2398.86,107.5572,258028.94805
2026-09-15 21:28:00,2398.86,2398.86,2396.45,2397.15,760.7262,1823808.859357
2026-09-15 21:29:00,2397.16,2398.41,2397.11,2398.41,234.745,562836.465857
2026-09-15 21:30:00,2398.4,2398.92,2398.4,2398.6,71.5828,171703.329855
2026-09-15 21:31:00,2398.61,2398.61,2397.89,2398.04,105.1383,252142.548927
2026-09-15 21:32:00,2398.04,2400.19,2398.04,2400.18,142.8058,342670.587338
2026-09-15 21:33:00,2400.19,2400.31,2400.18,2400.3,104.0504,249747.663534
2026-09-15 21:34:00,2400.3,2400.31,2397.02,2397.3,271.2426,650614.030648
2026-09-15 21:35:00,2397.3,2398.35,2396.32,2398.03,502.0839,1203476.152422
2026-09-15 21:36:00,2398.03,2398.04,2396.38,2397.8,127.8778,306535.272494
2026-09-15 21:37:00,2397.81,2401.14,2397.81,2401.14,106.7995,256288.91118
2026-09-15 21:38:00,2401.13,2402.1,2400.14,2400.81,271.3085,651555.151845
2026-09-15 21:39:00,2400.81,2401.69,2400.44,2400.82,228.9928,549812.64848
2026-09-15 21:40:00,2400.82,2402.09,2400.57,2401.88,144.2331,346351.013042
2026-09-15 21:41:00,2401.89,2401.89,2401.18,2401.47,70.8146,170062.181433
2026-09-15 21:42:00,2401.47,2401.47,2401.43,2401.44,23.2226,55767.826814
2026-09-15 21:43:00,2401.44,2402.62,2401.42,2401.91,111.9788,268953.345855
2026-09-15 21:44:00,2401.9,2402.1,2401.63,2401.73,42.8668,102959.553719
2026-09-15 21:45:00,2401.73,2401.74,2401.23,2401.5,36.9554,88749.291528
2026-09-15 21:46:00,2401.5,2401.51,2397.63,2398.4,227.8406,546686.791962
2026-09-15 21:47:00,2398.4,2399.2,2398.38,2399.19,49.8563,119590.071517
2026-09-15 21:48:00,2399.19,2399.58,2399.0,2399.34,29.3605,70447.138122
2026-09-15 21:49:00,2399.34,2399.34,2397.01,2397.65,101.3135,242892.040373
2026-09-15 21:50:00,2397.65,2398.38,2397.4,2397.91,45.5909,109319.05848
2026-09-15 21:51:00,2397.91,2397.91,2393.89,2396.51,571.3915,1368582.965958
2026-09-15 21:52:00,2396.52,2397.27,2396.3,2396.67,239.4509,573880.112525
2026-09-15 21:53:00,2396.67,2397.47,2396.02,2397.46,211.1026,505957.60851
2026-09-15 21:54:00,2397.45,2397.46,2397.44,2397.44,27.9572,67025.903309
2026-09-15 21:55:00,2397.44,2397.45,2395.07,2395.08,264.6713,634110.242945
2026-09-15 21:56:00,2395.08,2395.08,2393.98,2394.35,251.3398,601779.50243
2026-09-15 21:57:00,2394.34,2394.55,2393.51,2394.55,198.7228,475706.085183
2026-09-15 21:58:00,2394.54,2394.55,2392.32,2392.42,131.5931,314983.332189
2026-09-15 21:59:00,2392.42,2392.42,2390.41,2390.83,392.8857,939521.724562
2026-09-15 22:00:00,2390.83,2392.68,2388.97,2390.83,275.5586,658739.359309
2026-09-15 22:01:00,2390.84,2390.84,2387.88,2389.21,128.9867,308150.6437
2026-09-15 22:02:00,2389.21,2397.69,2389.21,2395.64,1350.1841,3234172.125047
2026-09-15 22:03:00,2395.65,2398.05,2393.48,2393.66,304.277,728912.971454
2026-09-15 22:04:00,2393.69,2394.12,2392.04,2392.51,190.5151,455987.173967
2026-09-15 22:05:00,2392.51,2392.51,2390.08,2390.32,98.1104,234633.217347
2026-09-15 22:06:00,2390.31,2390.56,2388.21,2389.78,155.0597,370498.78046
2026-09-15 22:07:00,2389.77,2391.37,2389.63,2391.37,109.0328,260646.542829
2026-09-15 22:08:00,2391.39,2392.22,2391.21,2391.21,101.3407,242377.711766
2026-09-15 22:09:00,2391.21,2391.22,2388.02,2388.03,117.5277,280833.360791
2026-09-15 22:10:00,2388.03,2391.35,2386.67,2391.35,320.5706,765688.036474
2026-09-15 22:11:00,2391.34,2392.22,2389.09,2390.32,200.8431,480036.497744
2026-09-15 22:12:00,2390.32,2390.32,2387.51,2389.04,94.452,225608.978848
2026-09-15 22:13:00,2389.03,2389.09,2388.09,2388.12,127.0712,303500.260271
2026-09-15 22:14:00,2388.11,2389.06,2387.15,2388.28,238.0852,568601.955482
2026-09-15 22:15:00,2388.28,2388.89,2385.53,2386.09,282.2908,673718.413969
2026-09-15 22:16:00,2386.1,2386.55,2384.06,2384.53,360.4709,859825.058241
2026-09-15 22:17:00,2384.53,2384.99,2382.98,2384.69,311.7853,743170.29366
2026-09-15 22:18:00,2384.69,2384.69,2381.92,2382.9,414.4496,987723.412807
2026-09-15 22:19:00,2382.91,2384.33,2382.31,2383.32,162.1122,386347.101291
2026-09-15 22:20:00,2383.33,2385.07,2383.27,2383.89,109.0439,259989.942923
2026-09-15 22:21:00,2383.89,2385.05,2381.99,2385.01,88.7529,211554.430495
2026-09-15 22:22:00,2385.0,2385.41,2384.53,2385.15,82.9089,197741.581804
2026-09-15 22:23:00,2385.15,2385.26,2381.78,2383.13,174.2444,415293.391285
2026-09-15 22:24:00,2383.13,2385.42,2383.13,2384.27,129.443,308684.774522
2026-09-15 22:25:00,2384.27,2388.0,2383.68,2387.99,173.4541,413865.494799
2026-09-15 22:26:00,2388.0,2395.85,2388.0,2395.85,634.7929,1518295.191981
2026-09-15 22:27:00,2395.84,2398.2,2395.37,2396.39,387.9434,929756.876556
2026-09-15 22:28:00,2396.39,2396.39,2394.25,2396.38,257.2816,616183.549175
2026-09-15 22:29:00,2396.38,2396.4,2393.52,2394.03,206.7039,495122.484648
2026-09-15 22:30:00,2394.03,2397.35,2393.91,2397.31,168.2489,402989.510793
2026-09-15 22:31:00,2397.31,2400.01,2396.65,2399.78,290.1368,696000.605958
2026-09-15 22:32:00,2399.77,2399.77,2397.77,2398.25,105.5911,253293.543507
2026-09-15 22:33:00,2398.24,2398.75,2395.49,2398.74,235.5284,564551.87007
2026-09-15 22:34:00,2398.73,2399.77,2397.49,2399.36,518.338,1243109.30683
2026-09-15 22:35:00,2399.35,2399.35,2396.43,2396.43,47.594,114127.710648
2026-09-15 22:36:00,2396.42,2397.77,2395.46,2397.76,84.4845,202496.707313
2026-09-15 22:37:00,2397.76,2399.77,2397.25,2399.28,220.7585,529523.555487
2026-09-15 22:38:00,2399.28,2401.08,2399.28,2400.86,469.712,1127341.986577
2026-09-15 22:39:00,2400.85,2402.32,2398.74,2399.31,415.2989,997130.717861
2026-09-15 22:40:00,2399.31,2399.32,2397.85,2398.12,168.2427,403514.764482
2026-09-15 22:41:00,2398.12,2399.09,2397.34,2397.35,88.0276,211142.637942
2026-09-15 22:42:00,2397.35,2397.7,2395.72,2395.89,96.5579,231380.188872
2026-09-15 22:43:00,2395.89,2397.27,2395.38,2395.42,242.7531,581756.382277
2026-09-15 22:44:00,2395.41,2396.87,2395.41,2396.19,153.3151,367401.924169
2026-09-15 22:45:00,2396.18,2397.96,2395.92,2397.95,179.5377,430322.964014
2026-09-15 22:46:00,2397.95,2399.09,2397.89,2398.61,107.1431,256982.360455
2026-09-15 22:47:00,2398.6,2398.61,2396.25,2397.25,112.91,270705.017387
2026-09-15 22:48:00,2397.25,2399.36,2397.2,2399.35,136.7842,328140.972079
2026-09-15 22:49:00,2399.35,2399.36,2398.9,2398.9,45.6919,109628.118222
2026-09-15 22:50:00,2398.9,2399.57,2398.9,2399.57,54.6448,131101.081598
2026-09-15 22:51:00,2399.57,2400.68,2399.56,2400.68,72.0895,173022.390028
2026-09-15 22:52:00,2400.68,2401.52,2400.67,2401.0,101.21,243008.756398
2026-09-15 22:53:00,2400.99,2401.0,2400.23,2400.24,88.1265,211567.107418
2026-09-15 22:54:00,2400.24,2401.5,2400.23,2401.02,69.996,168071.040965
2026-09-15 22:55:00,2401.01,2401.02,2400.04,2400.04,52.6965,126500.346904
2026-09-15 22:56:00,2400.04,2400.04,2397.59,2399.41,421.4568,1010828.102321
2026-09-15 22:57:00,2399.42,2400.27,2399.04,2400.27,63.3977,152119.201589
2026-09-15 22:58:00,2400.26,2400.67,2399.35,2399.37,137.626,330288.509647
2026-09-15 22:59:00,2399.36,2399.36,2395.57,2396.95,252.6739,605567.69345
2026-09-15 23:00:00,2396.94,2399.5,2396.58,2399.5,99.9767,239698.609794
2026-09-15 23:01:00,2399.5,2400.53,2399.5,2400.53,70.0836,168191.623107
2026-09-15 23:02:00,2400.52,2400.94,2398.54,2399.97,140.3483,336794.522268
2026-09-15 23:03:00,2399.98,2401.69,2399.92,2401.54,58.2584,139872.544349
2026-09-15 23:04:00,2401.54,2403.3,2401.53,2402.7,174.4596,419181.074861
2026-09-15 23:05:00,2402.7,2403.62,2401.9,2403.55,204.3794,491072.515915
2026-09-15 23:06:00,2403.56,2403.94,2402.54,2402.76,97.3092,233867.266402
2026-09-15 23:07:00,2402.76,2403.5,2402.76,2403.05,64.1159,154079.911007
2026-09-15 23:08:00,2403.05,2404.66,2403.05,2404.16,114.1404,274411.282563
2026-09-15 23:09:00,2404.16,2407.1,2403.81,2405.51,390.2593,938793.12418
2026-09-15 23:10:00,2405.51,2405.89,2405.36,2405.54,58.5049,140742.407254
2026-09-15 23:11:00,2405.54,2408.35,2405.54,2408.35,158.6128,381806.649127
2026-09-15 23:12:00,2408.34,2409.13,2406.58,2406.99,248.5402,598350.591126
2026-09-15 23:13:00,2407.0,2408.48,2406.62,2407.58,103.3424,248793.330081
2026-09-15 23:14:00,2407.58,2409.98,2407.58,2409.72,217.0552,522810.838147
2026-09-15 23:15:00,2409.72,2409.73,2408.36,2408.5,89.8445,216411.573537
2026-09-15 23:16:00,2408.5,2411.49,2408.38,2410.09,475.3656,1145717.492645
2026-09-15 23:17:00,2410.08,2411.2,2408.96,2410.88,120.364,290112.502165
2026-09-15 23:18:00,2410.89,2411.1,2409.68,2411.1,62.2591,150072.766502
2026-09-15 23:19:00,2411.1,2412.75,2411.09,2412.46,117.7132,283915.334151
2026-09-15 23:20:00,2412.46,2412.46,2410.37,2410.93,110.713,266925.201522
2026-09-15 23:21:00,2410.93,2410.93,2409.4,2410.52,142.5297,343521.401455
2026-09-15 23:22:00,2410.52,2412.43,2410.52,2410.74,289.0043,696919.808523
2026-09-15 23:23:00,2410.74,2411.52,2410.33,2410.74,66.0447,159224.343192
2026-09-15 23:24:00,2410.74,2410.75,2410.01,2410.23,79.8138,192379.455524
2026-09-15 23:25:00,2410.23,2410.23,2408.95,2409.31,52.0593,125424.08385
2026-09-15 23:26:00,2409.3,2409.4,2408.63,2409.19,94.8027,228360.041895
2026-09-15 23:27:00,2409.19,2409.19,2408.06,2408.32,198.5058,478115.498554
2026-09-15 23:28:00,2408.33,2410.4,2408.29,2409.54,238.3718,574289.750332
2026-09-15 23:29:00,2409.55,2409.55,2405.99,2406.24,150.6655,362658.970153
2026-09-15 23:30:00,2406.24,2406.24,2400.9,2402.51,460.6338,1107054.906596
2026-09-15 23:31:00,2402.52,2402.89,2400.44,2400.57,153.1026,367705.16564
2026-09-15 23:32:00,2400.57,2400.9,2398.61,2400.67,1241.8966,2980448.076195
2026-09-15 23:33:00,2400.67,2403.8,2400.67,2403.8,69.5192,166990.751337
2026-09-15 23:34:00,2403.8,2405.67,2402.06,2402.07,238.8751,574416.07517
2026-09-15 23:35:00,2402.06,2402.51,2400.15,2402.19,100.1656,240549.81358
2026-09-15 23:36:00,2402.18,2402.19,2400.44,2400.73,133.7843,321188.353262
2026-09-15 23:37:00,2400.74,2400.74,2398.67,2399.09,120.4897,289118.153193
2026-09-15 23:38:00,2399.1,2399.52,2398.67,2399.52,44.7941,107465.007834
2026-09-15 23:39:00,2399.52,2399.52,2398.38,2398.78,60.5938,145347.597348
2026-09-15 23:40:00,2398.78,2400.89,2397.3,2400.88,410.0764,983731.088609
2026-09-15 23:41:00,2400.88,2401.76,2400.44,2401.22,175.3125,420977.087257
2026-09-15 23:42:00,2401.21,2401.4,2399.71,2400.53,304.4202,730665.941199
2026-09-15 23:43:00,2400.52,2402.06,2400.52,2401.49,70.8043,170046.404362
2026-09-15 23:44:00,2401.49,2401.95,2400.87,2401.28,48.3003,115981.792076
2026-09-15 23:45:00,2401.27,2401.28,2400.67,2401.28,53.2179,127772.468092
2026-09-15 23:46:00,2401.27,2402.0,2401.27,2402.0,41.6974,100147.52149
2026-09-15 23:47:00,2401.99,2402.44,2400.0,2400.07,225.2559,540943.196097
2026-09-15 23:48:00,2400.08,2400.7,2400.07,2400.7,15.9194,38212.702975
2026-09-15 23:49:00,2400.71,2400.71,2400.44,2400.45,43.9704,105553.285534
2026-09-15 23:50:00,2400.44,2402.01,2400.08,2402.01,29.8524,71670.33924
2026-09-15 23:51:00,2402.01,2402.47,2400.4,2400.57,162.8621,391102.851409
2026-09-15 23:52:00,2400.56,2400.92,2400.07,2400.85,66.6277,159936.318002
2026-09-15 23:53:00,2400.85,2402.4,2400.85,2401.28,68.4265,164355.296113
2026-09-15 23:54:00,2401.27,2401.34,2400.74,2401.33,22.881,54935.381348
2026-09-15 23:55:00,2401.34,2401.34,2400.91,2401.34,30.0269,72097.731108
2026-09-15 23:56:00,2401.33,2401.33,2399.55,2399.89,44.4828,106778.618175
2026-09-15 23:57:00,2399.88,2400.65,2399.88,2400.48,38.7434,92993.4653
2026-09-15 23:58:00,2400.48,2400.66,2400.48,2400.65,22.4294,53844.579367
2026-09-15 23:59:00,2400.65,2400.65,2398.12,2398.26,123.288,295715.551086
2026-09-16 00:00:00,2398.26,2399.57,2397.44,2399.39,286.664,687480.574822
2026-09-16 00:01:00,2399.39,2399.39,2397.93,2398.26,53.5204,128370.618174
2026-09-16 00:02:00,2398.25,2400.35,2397.63,2400.35,115.3874,276735.328712
2026-09-16 00:03:00,2400.36,2402.84,2400.36,2402.24,77.9915,187333.463599
2026-09-16 00:04:00,2402.24,2404.02,2402.23,2404.02,70.6615,169821.389085
2026-09-16 00:05:00,2404.01,2405.24,2403.25,2404.59,198.5782,477474.667919
2026-09-16 00:06:00,2404.59,2404.89,2402.57,2403.24,92.5534,222468.748661
2026-09-16 00:07:00,2403.25,2403.31,2401.8,2402.88,131.32,315518.127566
2026-09-16 00:08:00,2402.89,2403.29,2402.5,2402.5,59.0827,141962.853551
2026-09-16 00:09:00,2402.49,2402.82,2401.04,2401.33,81.2739,195169.538207
2026-09-16 00:10:00,2401.33,2402.07,2400.94,2401.02,69.1078,165949.763155
2026-09-16 00:11:00,2401.03,2403.31,2401.03,2403.31,68.4,164269.914742
2026-09-16 00:12:00,2403.3,2403.65,2402.55,2403.31,65.6789,157845.883362
2026-09-16 00:13:00,2403.31,2403.31,2401.12,2401.34,110.9002,266430.664128
2026-09-16 00:14:00,2401.35,2401.86,2401.34,2401.36,21.546,51742.112636
2026-09-16 00:15:00,2401.35,2403.26,2400.76,2403.13,47.0984,113119.061002
2026-09-16 00:16:00,2403.13,2404.77,2402.51,2404.45,129.7124,311768.596236
2026-09-16 00:17:00,2404.45,2404.91,2404.44,2404.44,34.0164,81801.562149
2026-09-16 00:18:00,2404.44,2405.75,2404.43,2405.01,204.4817,491833.532757
2026-09-16 00:19:00,2405.0,2405.36,2403.87,2405.35,63.284,152178.677423
2026-09-16 00:20:00,2405.36,2405.36,2403.55,2403.55,50.7275,121969.604941
2026-09-16 00:21:00,2403.48,2403.87,2402.64,2403.0,122.2507,293801.877376
2026-09-16 00:22:00,2403.0,2403.3,2401.68,2402.51,112.2861,269761.678663
2026-09-16 00:23:00,2402.51,2404.56,2402.49,2404.39,53.0293,127424.446737
2026-09-16 00:24:00,2404.39,2405.35,2404.39,2404.4,48.7485,117233.696503
2026-09-16 00:25:00,2404.4,2404.4,2403.62,2403.73,67.4987,162264.565501
2026-09-16 00:26:00,2403.73,2404.59,2403.72,2404.56,28.5344,68608.659933
2026-09-16 00:27:00,2404.56,2405.1,2403.95,2403.95,51.9449,124920.114196
2026-09-16 00:28:00,2403.94,2404.18,2402.28,2403.68,116.8309,280786.942287
2026-09-16 00:29:00,2403.67,2404.84,2403.67,2404.84,18.6696,44881.766944
2026-09-16 00:30:00,2404.83,2405.35,2404.45,2404.75,77.4439,186256.433745
2026-09-16 00:31:00,2404.76,2404.76,2404.0,2404.04,76.269,183364.195807
2026-09-16 00:32:00,2404.04,2405.14,2403.08,2403.6,84.7753,203820.267786
2026-09-16 00:33:00,2403.6,2404.69,2403.6,2404.34,114.3113,274838.564961
2026-09-16 00:34:00,2404.34,2404.34,2402.9,2403.13,40.5285,97417.410064
2026-09-16 00:35:00,2403.13,2403.13,2402.12,2402.74,54.4769,130887.75007
2026-09-16 00:36:00,2402.73,2404.2,2402.57,2402.82,26.949,64769.927787
2026-09-16 00:37:00,2402.83,2404.19,2402.83,2403.83,29.2653,70342.433172
2026-09-16 00:38:00,2403.83,2404.96,2403.82,2404.59,61.1824,147108.292696
2026-09-16 00:39:00,2404.59,2406.0,2404.59,2405.99,83.8249,201617.48716
2026-09-16 00:40:00,2405.98,2405.98,2404.09,2404.09,130.7675,314515.297799
2026-09-16 00:41:00,2404.09,2405.14,2403.98,2403.98,34.9666,84074.775218
2026-09-16 00:42:00,2403.98,2403.98,2402.55,2402.55,26.5786,63870.854303
2026-09-16 00:43:00,2402.56,2402.72,2402.1,2402.49,76.6783,184222.080619
2026-09-16 00:44:00,2402.48,2403.78,2402.44,2403.73,71.1647,170986.538744
2026-09-16 00:45:00,2403.73,2404.38,2402.58,2402.58,51.1841,123023.94541
2026-09-16 00:46:00,2402.59,2402.84,2400.37,2400.91,496.4412,1192119.693175
2026-09-16 00:47:00,2400.96,2402.97,2400.0,2402.84,252.0021,605117.420617
2026-09-16 00:48:00,2402.84,2405.52,2402.15,2405.52,136.0599,327025.249801
2026-09-16 00:49:00,2405.51,2405.52,2403.15,2403.81,23.2433,55891.139158
2026-09-16 00:50:00,2403.8,2403.8,2402.47,2402.72,70.488,169380.544293
2026-09-16 00:51:00,2402.72,2403.28,2402.35,2402.5,78.0656,187562.158076
2026-09-16 00:52:00,2402.5,2404.37,2401.01,2401.74,271.7622,652991.521857
2026-09-16 00:53:00,2401.75,2402.1,2400.64,2400.64,65.8913,158258.984158
2026-09-16 00:54:00,2400.61,2400.61,2400.0,2400.04,130.7992,313929.377241
2026-09-16 00:55:00,2400.03,2401.04,2400.01,2400.59,50.4239,121040.681057
2026-09-16 00:56:00,2400.58,2401.04,2400.56,2400.57,30.5819,73419.169751
2026-09-16 00:57:00,2400.56,2400.57,2398.83,2399.25,144.2506,346160.989366
2026-09-16 00:58:00,2399.24,2401.68,2398.82,2401.37,303.8218,729112.912031
2026-09-16 00:59:00,2401.37,2401.85,2399.14,2399.15,46.0763,110612.942825
2026-09-16 01:00:00,2399.14,2401.62,2399.14,2400.95,110.6395,265524.33623
2026-09-16 01:01:00,2400.95,2403.41,2400.68,2400.69,57.6268,138419.291056
2026-09-16 01:02:00,2400.69,2401.73,2399.55,2399.55,100.0135,240128.71506
2026-09-16 01:03:00,2399.55,2400.89,2399.53,2399.53,90.3357,216826.300151
2026-09-16 01:04:00,2399.52,2399.52,2395.71,2396.89,274.9685,659183.894486
2026-09-16 01:05:00,2396.89,2397.45,2396.7,2396.99,45.7744,109718.585736
2026-09-16 01:06:00,2397.0,2398.83,2396.91,2398.83,54.1312,129794.41219
2026-09-16 01:07:00,2398.83,2399.56,2397.71,2397.71,38.9418,93422.695515
2026-09-16 01:08:00,2397.71,2398.0,2397.0,2397.99,66.4125,159222.558202
2026-09-16 01:09:00,2398.0,2398.79,2397.75,2398.42,51.3381,123117.423267
2026-09-16 01:10:00,2398.4,2400.68,2397.88,2400.68,79.735,191325.614332
2026-09-16 01:11:00,2400.7,2401.25,2400.69,2400.69,26.055,62559.921166
2026-09-16 01:12:00,2400.69,2400.78,2396.87,2397.89,211.4519,507433.61399
2026-09-16 01:13:00,2397.9,2399.4,2397.52,2399.18,124.9355,299695.065792
2026-09-16 01:14:00,2399.19,2401.17,2399.19,2400.38,57.4248,137855.552936
2026-09-16 01:15:00,2400.38,2400.38,2398.55,2399.47,46.2172,110901.019939
2026-09-16 01:16:00,2399.46,2401.0,2399.46,2401.0,35.7093,85709.549419
2026-09-16 01:17:00,2400.99,2401.18,2400.25,2401.17,145.6813,349732.146326
2026-09-16 01:18:00,2401.17,2402.05,2400.73,2402.05,79.9019,191875.594341
2026-09-16 01:19:00,2402.06,2402.94,2402.06,2402.78,53.1224,127635.393165
2026-09-16 01:20:00,2402.76,2402.99,2402.2,2402.99,29.5509,70998.466788
2026-09-16 01:21:00,2403.0,2405.36,2403.0,2403.81,172.3853,414414.047432
2026-09-16 01:22:00,2403.81,2404.22,2402.78,2402.78,159.126,382470.073865
2026-09-16 01:23:00,2402.79,2404.59,2402.79,2404.29,156.6057,376468.849677
2026-09-16 01:24:00,2404.29,2407.0,2404.29,2406.99,243.0594,584723.709716
2026-09-16 01:25:00,2407.0,2407.59,2406.46,2406.53,134.7369,324281.165306
2026-09-16 01:26:00,2406.53,2406.8,2404.68,2404.68,50.4183,121314.463214
2026-09-16 01:27:00,2404.68,2404.87,2404.25,2404.56,32.9497,79231.178265
2026-09-16 01:28:00,2404.55,2406.1,2404.43,2406.09,78.0073,187614.686395
2026-09-16 01:29:00,2406.1,2406.1,2403.35,2403.88,242.328,582753.621808
2026-09-16 01:30:00,2403.88,2403.88,2402.5,2402.71,52.4137,125963.687694
2026-09-16 01:31:00,2402.72,2403.35,2401.57,2401.57,70.6138,169641.208108
2026-09-16 01:32:00,2401.57,2402.55,2401.25,2402.53,36.9591,88772.364231
2026-09-16 01:33:00,2402.53,2402.53,2398.01,2399.04,244.3468,586418.319185
2026-09-16 01:34:00,2399.04,2399.04,2398.0,2398.01,225.988,542014.299223
2026-09-16 01:35:00,2398.0,2399.79,2396.63,2398.81,380.9236,913608.526537
2026-09-16 01:36:00,2398.8,2398.8,2394.95,2394.96,209.9895,503178.323349
2026-09-16 01:37:00,2394.95,2396.74,2393.97,2395.14,268.4168,642973.779918
2026-09-16 01:38:00,2395.14,2395.92,2394.47,2395.92,200.8511,481089.619255
2026-09-16 01:39:00,2395.91,2395.91,2393.48,2393.64,160.9974,385434.374921
2026-09-16 01:40:00,2393.74,2395.59,2393.74,2395.59,64.305,153994.00132
2026-09-16 01:41:00,2395.58,2397.65,2395.58,2397.16,136.1726,326409.933993
2026-09-16 01:42:00,2397.16,2397.79,2397.0,2397.0,61.0978,146474.48731
2026-09-16 01:43:00,2397.01,2398.56,2397.01,2398.21,47.5274,113970.150801
2026-09-16 01:44:00,2398.21,2398.68,2398.05,2398.05,88.805,212985.031203
2026-09-16 01:45:00,2398.05,2400.3,2397.78,2399.1,145.88,350061.896682
2026-09-16 01:46:00,2399.1,2400.44,2397.78,2398.0,94.9733,227850.317842
2026-09-16 01:47:00,2397.99,2398.6,2395.9,2396.54,367.0953,880114.623139
2026-09-16 01:48:00,2396.53,2396.95,2396.14,2396.88,52.5508,125935.019454
2026-09-16 01:49:00,2396.88,2396.99,2395.99,2396.14,106.4517,255104.884856
2026-09-16 01:50:00,2396.14,2396.14,2393.0,2393.4,122.6217,293588.646883
2026-09-16 01:51:00,2393.4,2393.81,2393.0,2393.25,52.3246,125238.631553
2026-09-16 01:52:00,2393.26,2393.6,2393.0,2393.59,59.8955,143342.283405
2026-09-16 01:53:00,2393.6,2394.0,2392.56,2392.77,71.6511,171470.721287
2026-09-16 01:54:00,2392.77,2392.84,2391.56,2391.97,148.9531,356315.144181
2026-09-16 01:55:00,2391.97,2392.72,2390.93,2390.94,141.2199,337771.205029
2026-09-16 01:56:00,2390.94,2391.34,2390.56,2390.8,90.8051,217108.902118
2026-09-16 01:57:00,2390.81,2390.97,2390.55,2390.84,54.2971,129814.476861
2026-09-16 01:58:00,2390.85,2392.44,2390.85,2392.2,71.4349,170828.421651
2026-09-16 01:59:00,2392.2,2392.21,2391.0,2391.0,217.5601,520326.899907
2026-09-16 02:00:00,2391.0,2392.39,2390.04,2390.41,232.1461,555148.378198
2026-09-16 02:01:00,2390.41,2392.73,2390.41,2392.72,45.7977,109533.451105
2026-09-16 02:02:00,2392.73,2395.47,2392.73,2395.47,44.0493,105447.050896
2026-09-16 02:03:00,2395.46,2396.74,2394.28,2394.28,187.4542,449008.628097
2026-09-16 02:04:00,2394.27,2394.45,2393.34,2394.45,59.0485,141361.54481
2026-09-16 02:05:00,2394.46,2395.19,2394.0,2395.19,73.9931,177183.359386
2026-09-16 02:06:00,2395.18,2395.44,2393.53,2393.85,421.3347,1008936.541714
2026-09-16 02:07:00,2393.85,2393.86,2392.38,2393.33,45.9392,109931.285234
2026-09-16 02:08:00,2393.33,2394.59,2393.32,2393.58,139.6001,334181.904739
2026-09-16 02:09:00,2393.58,2393.58,2392.82,2392.82,89.5346,214268.666828
2026-09-16 02:10:00,2392.82,2394.08,2392.5,2393.53,148.6713,355863.557378
2026-09-16 02:11:00,2393.53,2393.53,2390.77,2390.93,98.4695,235512.202461
2026-09-16 02:12:00,2390.92,2391.36,2388.21,2391.35,576.8379,1378740.178357
2026-09-16 02:13:00,2391.35,2394.46,2391.35,2394.39,58.0389,138893.170011
2026-09-16 02:14:00,2394.39,2394.39,2392.62,2393.6,97.5926,233588.2025
2026-09-16 02:15:00,2393.6,2396.33,2393.14,2395.91,105.8348,253501.933358
2026-09-16 02:16:00,2395.91,2397.53,2395.48,2397.04,88.6839,212551.985117
2026-09-16 02:17:00,2397.04,2399.77,2396.65,2398.8,352.1973,844788.461025
2026-09-16 02:18:00,2398.79,2398.88,2396.99,2397.53,69.8033,167401.587175
2026-09-16 02:19:00,2397.52,2399.62,2397.48,2398.99,70.4884,169087.898258
2026-09-16 02:20:00,2398.99,2399.88,2398.84,2399.82,112.801,270647.039232
2026-09-16 02:21:00,2399.81,2400.0,2399.53,2399.63,70.0959,168219.165741
2026-09-16 02:22:00,2399.64,2399.78,2398.72,2399.02,60.6114,145434.533309
2026-09-16 02:23:00,2399.03,2399.24,2398.46,2398.74,66.3051,159064.762695
2026-09-16 02:24:00,2398.75,2399.25,2398.08,2398.9,156.3534,375101.429055
2026-09-16 02:25:00,2398.9,2400.45,2398.89,2399.82,108.9622,261495.744214
2026-09-16 02:26:00,2399.82,2399.82,2398.75,2399.72,53.01,127184.259076
2026-09-16 02:27:00,2399.73,2400.26,2399.73,2400.24,71.6412,171947.695688
2026-09-16 02:28:00,2400.24,2401.13,2399.9,2400.64,115.3204,276846.549489
2026-09-16 02:29:00,2400.64,2402.37,2400.64,2402.37,52.2657,125522.656944
2026-09-16 02:30:00,2402.37,2406.47,2402.05,2405.7,446.5959,1073913.403185
2026-09-16 02:31:00,2405.7,2407.69,2405.0,2405.94,198.698,478163.215736
2026-09-16 02:32:00,2405.94,2407.15,2405.44,2405.44,166.0561,399626.714964
2026-09-16 02:33:00,2405.43,2405.43,2404.32,2404.66,46.179,111045.110871
2026-09-16 02:34:00,2404.66,2407.23,2404.66,2407.1,52.6146,126612.467945
2026-09-16 02:35:00,2407.1,2409.54,2407.1,2409.21,231.6962,558097.031018
2026-09-16 02:36:00,2409.21,2411.31,2408.55,2408.88,396.5796,955813.944538
2026-09-16 02:37:00,2408.87,2408.88,2407.4,2407.92,135.1078,325338.21977
2026-09-16 02:38:00,2407.91,2409.22,2407.8,2409.22,206.8349,498200.272615
2026-09-16 02:39:00,2409.21,2410.46,2408.29,2409.94,164.9731,397413.63017
2026-09-16 02:40:00,2409.94,2410.44,2408.28,2408.36,56.4092,135914.293708
2026-09-16 02:41:00,2408.36,2410.0,2408.3,2409.32,44.5892,107409.042724
2026-09-16 02:42:00,2409.32,2409.33,2406.61,2407.09,47.3839,114090.849967
2026-09-16 02:43:00,2407.08,2408.28,2406.74,2407.27,82.5649,198780.819898
2026-09-16 02:44:00,2407.27,2407.27,2405.99,2406.44,160.5883,386445.612258
2026-09-16 02:45:00,2406.43,2406.44,2405.08,2405.09,92.2932,222014.969245
2026-09-16 02:46:00,2405.09,2406.67,2405.08,2406.48,47.627,114582.355341
2026-09-16 02:47:00,2406.47,2406.48,2405.25,2405.75,284.7301,685012.793248
2026-09-16 02:48:00,2405.75,2406.0,2405.57,2405.99,37.4054,89989.562266
2026-09-16 02:49:00,2405.99,2407.68,2405.86,2407.31,66.7018,160538.156511
2026-09-16 02:50:00,2407.3,2407.56,2406.27,2406.6,59.4957,143186.488025
2026-09-16 02:51:00,2406.59,2407.57,2406.29,2406.3,51.2013,123252.433508
2026-09-16 02:52:00,2406.29,2406.3,2405.88,2405.88,41.0881,98866.244887
2026-09-16 02:53:00,2405.88,2406.08,2405.79,2406.08,53.5629,128870.637693
2026-09-16 02:54:00,2406.07,2406.08,2404.47,2404.55,40.8895,98334.677856
2026-09-16 02:55:00,2404.55,2404.72,2404.07,2404.24,151.9905,365445.24349
2026-09-16 02:56:00,2404.24,2404.53,2400.31,2400.41,327.9211,787851.187778
2026-09-16 02:57:00,2400.41,2401.76,2400.0,2401.76,161.9154,388678.232826
2026-09-16 02:58:00,2401.78,2403.13,2401.77,2403.04,79.3381,190613.59711
2026-09-16 02:59:00,2403.04,2403.24,2403.0,2403.0,56.3407,135388.233357
2026-09-16 03:00:00,2403.01,2404.08,2402.57,2404.07,173.0297,415878.516513
2026-09-16 03:01:00,2404.08,2406.12,2404.08,2406.12,65.0169,156372.759106
2026-09-16 03:02:00,2406.12,2407.09,2405.14,2407.09,346.4678,833484.195717
2026-09-16 03:03:00,2407.09,2407.09,2403.32,2404.72,471.8499,1134883.26197
2026-09-16 03:04:00,2404.73,2406.14,2403.91,2404.85,29.0469,69857.344046
2026-09-16 03:05:00,2404.85,2405.32,2403.92,2404.81,29.3867,70666.021684
2026-09-16 03:06:00,2404.81,2405.24,2404.1,2404.1,124.7025,299906.517118
2026-09-16 03:07:00,2404.1,2404.45,2402.25,2402.25,45.3475,108987.042781
2026-09-16 03:08:00,2402.25,2402.64,2401.46,2401.69,117.4672,282151.044691
2026-09-16 03:09:00,2401.7,2402.72,2400.59,2402.22,483.9229,1162050.775672
2026-09-16 03:10:00,2402.22,2402.7,2402.01,2402.31,56.9509,136830.959545
2026-09-16 03:11:00,2402.31,2405.17,2402.31,2405.16,27.7127,66631.419968
2026-09-16 03:12:00,2405.17,2405.93,2404.88,2405.01,36.418,87606.173507
2026-09-16 03:13:00,2405.0,2406.44,2405.0,2406.12,26.4139,63546.557579
2026-09-16 03:14:00,2406.12,2406.8,2406.12,2406.79,69.0574,166192.485314
2026-09-16 03:15:00,2406.8,2407.57,2406.64,2407.57,95.3528,229520.072337
2026-09-16 03:16:00,2407.58,2409.25,2407.57,2409.25,179.2989,431826.383377
2026-09-16 03:17:00,2409.24,2410.74,2409.24,2410.73,120.2412,289752.523303
2026-09-16 03:18:00,2410.74,2411.0,2410.16,2410.59,67.2233,162047.770256
2026-09-16 03:19:00,2410.59,2411.4,2408.28,2409.08,497.8539,1199696.436217
2026-09-16 03:20:00,2409.08,2409.84,2409.08,2409.84,33.056,79647.797512
2026-09-16 03:21:00,2409.83,2410.16,2408.67,2409.91,263.7604,635582.690097
2026-09-16 03:22:00,2409.91,2411.41,2409.73,2410.83,143.8073,346680.209176
2026-09-16 03:23:00,2410.82,2411.53,2410.82,2410.89,34.9124,84183.848315
2026-09-16 03:24:00,2410.89,2410.89,2410.19,2410.48,32.2991,77855.634557
2026-09-16 03:25:00,2410.49,2410.49,2409.28,2409.29,101.2412,243966.877894
2026-09-16 03:26:00,2409.28,2410.2,2408.67,2408.67,33.6391,81052.746204
2026-09-16 03:27:00,2408.67,2408.85,2406.62,2406.63,38.2201,92026.101442
2026-09-16 03:28:00,2406.63,2407.06,2406.2,2406.21,71.2734,171535.001565
2026-09-16 03:29:00,2406.21,2406.56,2404.75,2404.75,136.8599,329251.588605
2026-09-16 03:30:00,2404.76,2405.29,2403.54,2403.55,97.8504,235273.196532
2026-09-16 03:31:00,2403.54,2406.12,2403.29,2405.45,526.037,1265007.095508
2026-09-16 03:32:00,2405.45,2406.46,2405.18,2406.46,79.7235,191809.63782
2026-09-16 03:33:00,2406.46,2406.68,2404.89,2404.89,147.5312,354970.82737
2026-09-16 03:34:00,2404.89,2404.9,2403.92,2403.92,22.2759,53567.229346
2026-09-16 03:35:00,2403.92,2403.93,2403.5,2403.59,78.8174,189449.383931
2026-09-16 03:36:00,2403.58,2403.74,2401.89,2402.14,69.2676,166450.21069
2026-09-16 03:37:00,2402.15,2402.29,2401.37,2401.37,46.0112,110511.261056
2026-09-16 03:38:00,2401.38,2401.38,2400.56,2401.38,64.3966,154610.882721
2026-09-16 03:39:00,2401.38,2402.87,2401.35,2401.52,99.956,240100.578614
2026-09-16 03:40:00,2401.53,2402.93,2401.53,2402.38,32.4089,77858.517237
2026-09-16 03:41:00,2402.38,2402.39,2401.25,2401.88,69.0723,165893.31298
2026-09-16 03:42:00,2401.88,2401.88,2400.15,2400.71,588.4251,1412682.241834
2026-09-16 03:43:00,2400.71,2401.92,2400.71,2401.91,41.9071,100620.663567
2026-09-16 03:44:00,2401.91,2402.68,2401.56,2401.79,117.9805,283429.246138
2026-09-16 03:45:00,2401.8,2403.4,2401.8,2403.28,43.7501,105110.068933
2026-09-16 03:46:00,2403.27,2403.28,2401.75,2402.18,26.7921,64372.742868
2026-09-16 03:47:00,2402.18,2402.64,2401.45,2401.53,69.3639,166601.283016
2026-09-16 03:48:00,2401.52,2401.94,2401.34,2401.93,19.708,47333.424932
2026-09-16 03:49:00,2401.93,2402.51,2401.93,2402.13,32.6065,78325.754556
2026-09-16 03:50:00,2402.13,2402.13,2401.0,2401.77,47.9704,115206.28319
2026-09-16 03:51:00,2401.76,2401.77,2401.34,2401.34,21.2215,50964.964048
2026-09-16 03:52:00,2401.35,2401.35,2400.52,2400.91,140.6776,337753.540616
2026-09-16 03:53:00,2400.92,2401.76,2400.92,2401.0,23.9701,57560.921724
2026-09-16 03:54:00,2401.01,2401.01,2400.65,2400.65,42.3572,101689.340573
2026-09-16 03:55:00,2400.65,2401.54,2400.65,2401.54,30.3966,72979.143778
2026-09-16 03:56:00,2401.54,2401.99,2401.32,2401.93,31.0279,74514.882557
2026-09-16 03:57:00,2401.92,2401.92,2401.73,2401.83,24.7693,59492.428109
2026-09-16 03:58:00,2401.84,2402.81,2401.83,2402.63,46.9372,112761.739539
2026-09-16 03:59:00,2402.64,2402.72,2401.95,2401.96,124.8751,300021.832391
2026-09-16 04:00:00,2401.96,2402.94,2401.96,2402.94,51.8352,124518.20947
2026-09-16 04:01:00,2402.94,2403.16,2402.32,2402.32,234.6165,563720.836124
2026-09-16 04:02:00,2402.32,2403.43,2402.31,2403.39,20.1076,48313.734847
2026-09-16 04:03:00,2403.38,2404.56,2403.11,2404.08,48.4002,116341.975291
2026-09-16 04:04:00,2404.08,2405.76,2404.08,2405.27,40.229,96760.666778
2026-09-16 04:05:00,2405.28,2405.28,2403.79,2404.34,48.7616,117251.999525
2026-09-16 04:06:00,2404.34,2405.16,2403.85,2403.85,127.3433,306216.995149
2026-09-16 04:07:00,2403.86,2404.08,2403.47,2403.47,44.6622,107359.790555
2026-09-16 04:08:00,2403.48,2404.19,2403.48,2404.0,92.5372,222459.972982
2026-09-16 04:09:00,2404.0,2404.0,2402.51,2402.63,61.9285,148844.072941
2026-09-16 04:10:00,2402.63,2403.57,2402.56,2403.44,168.2355,404304.915146
2026-09-16 04:11:00,2403.44,2404.32,2403.19,2404.32,118.902,285759.958609
2026-09-16 04:12:00,2404.32,2404.32,2403.0,2403.01,106.5375,256094.220833
2026-09-16 04:13:00,2403.0,2403.79,2403.0,2403.79,32.1029,77150.163779
2026-09-16 04:14:00,2403.79,2404.0,2403.79,2404.0,26.7407,64279.60549
2026-09-16 04:15:00,2403.99,2403.99,2402.53,2402.53,82.8428,199090.896992
2026-09-16 04:16:00,2402.54,2402.54,2402.12,2402.3,29.4473,70740.915139
2026-09-16 04:17:00,2402.3,2403.11,2402.3,2403.11,19.4114,46637.46041
2026-09-16 04:18:00,2403.1,2403.1,2402.75,2402.83,23.7831,57147.167876
2026-09-16 04:19:00,2402.84,2402.84,2402.16,2402.16,34.3341,82484.425045
2026-09-16 04:20:00,2402.17,2404.81,2402.16,2404.81,48.7394,117119.558658
2026-09-16 04:21:00,2404.81,2409.57,2404.8,2407.9,394.8197,950535.362718
2026-09-16 04:22:00,2407.9,2407.91,2406.08,2407.7,119.2836,287110.266839
2026-09-16 04:23:00,2407.71,2409.03,2407.61,2407.89,126.3813,304341.552685
2026-09-16 04:24:00,2407.88,2408.2,2407.57,2407.58,53.0592,127771.250194
2026-09-16 04:25:00,2407.58,2407.64,2407.17,2407.47,31.7766,76499.025414
2026-09-16 04:26:00,2407.46,2407.93,2407.17,2407.93,76.5779,184348.198264
2026-09-16 04:27:00,2407.92,2408.0,2405.76,2405.94,233.3243,561597.03831
2026-09-16 04:28:00,2405.94,2405.95,2404.08,2404.63,55.3991,133241.992896
2026-09-16 04:29:00,2404.63,2405.76,2404.49,2404.49,109.8452,264216.847524
2026-09-16 04:30:00,2404.48,2404.61,2404.07,2404.08,28.9058,69496.505381
2026-09-16 04:31:00,2404.09,2404.6,2404.09,2404.56,13.3371,32068.694436
2026-09-16 04:32:00,2404.56,2404.56,2403.24,2403.25,58.544,140735.217823
2026-09-16 04:33:00,2403.24,2403.29,2402.57,2402.57,113.3423,272368.62466
2026-09-16 04:34:00,2402.58,2405.26,2402.45,2405.26,327.0703,786090.668343
2026-09-16 04:35:00,2405.27,2406.0,2405.25,2405.9,13.271,31927.01499
2026-09-16 04:36:00,2405.9,2405.9,2404.51,2405.84,43.0021,103435.301693
2026-09-16 04:37:00,2405.85,2406.18,2404.99,2405.7,27.0753,65137.108565
2026-09-16 04:38:00,2405.7,2406.11,2405.22,2405.41,195.065,469254.316643
2026-09-16 04:39:00,2405.41,2407.5,2405.41,2407.5,130.8504,314841.704973
2026-09-16 04:40:00,2407.5,2408.77,2407.5,2408.77,77.4627,186520.340415
2026-09-16 04:41:00,2408.78,2410.0,2408.66,2409.6,102.6553,247340.583767
2026-09-16 04:42:00,2409.6,2410.45,2409.34,2410.45,64.5454,155560.482249
2026-09-16 04:43:00,2410.44,2410.45,2407.01,2407.1,606.6938,1460891.730788
2026-09-16 04:44:00,2407.09,2407.09,2406.07,2406.11,26.0442,62669.718193
2026-09-16 04:45:00,2406.11,2408.51,2406.11,2408.51,75.4802,181692.52087
2026-09-16 04:46:00,2408.5,2408.5,2406.61,2406.61,42.2654,101773.572263
2026-09-16 04:47:00,2406.62,2406.75,2406.4,2406.48,26.4888,63748.451195
2026-09-16 04:48:00,2406.48,2406.49,2405.81,2405.81,90.37,217457.88222
2026-09-16 04:49:00,2405.8,2405.92,2405.8,2405.92,30.4988,73374.28829
2026-09-16 04:50:00,2405.91,2406.08,2405.33,2405.34,239.6759,576562.968674
2026-09-16 04:51:00,2405.33,2405.34,2404.25,2404.44,72.7596,174951.210822
2026-09-16 04:52:00,2404.44,2404.45,2403.73,2403.74,47.2816,113668.423035
2026-09-16 04:53:00,2403.73,2403.8,2403.73,2403.74,28.3703,68196.038184
2026-09-16 04:54:00,2403.73,2404.34,2403.73,2403.73,33.1547,79702.043354
2026-09-16 04:55:00,2403.74,2403.87,2403.19,2403.86,35.9964,86519.223672
2026-09-16 04:56:00,2403.86,2404.08,2402.87,2402.88,43.3704,104248.115405
2026-09-16 04:57:00,2402.88,2405.01,2402.88,2404.33,432.8165,1040595.434634
2026-09-16 04:58:00,2404.33,2405.71,2403.95,2405.71,88.7989,213512.656595
2026-09-16 04:59:00,2405.7,2405.71,2403.88,2403.89,116.1132,279180.360087
2026-09-16 05:00:00,2403.88,2404.78,2403.75,2404.44,147.252,354061.165559
2026-09-16 05:01:00,2404.43,2404.43,2402.81,2402.81,90.5024,217501.083321
2026-09-16 05:02:00,2402.8,2402.8,2395.92,2396.57,509.6924,1222630.461842
2026-09-16 05:03:00,2396.57,2398.66,2395.99,2397.7,267.6473,641630.033941
2026-09-16 05:04:00,2397.67,2398.62,2395.26,2398.28,381.81,915072.496921
2026-09-16 05:05:00,2398.28,2399.64,2395.48,2395.5,126.9315,304314.394717
2026-09-16 05:06:00,2395.51,2396.91,2393.61,2395.65,207.0043,495864.158895
2026-09-16 05:07:00,2395.65,2397.92,2395.65,2397.92,61.2561,146817.848749
2026-09-16 05:08:00,2397.93,2398.79,2397.92,2398.78,41.9962,100716.859448
2026-09-16 05:09:00,2398.79,2401.08,2398.78,2401.08,30.871,74093.392648
2026-09-16 05:10:00,2401.07,2401.08,2400.44,2400.72,73.2859,175945.07918
2026-09-16 05:11:00,2400.72,2401.06,2400.0,2400.93,41.4107,99409.857402
2026-09-16 05:12:00,2400.92,2401.06,2399.91,2399.91,27.5539,66145.909012
2026-09-16 05:13:00,2399.91,2400.16,2399.5,2400.16,32.4114,77773.936594
2026-09-16 05:14:00,2400.16,2401.02,2400.15,2400.45,52.6035,126285.103276
2026-09-16 05:15:00,2400.44,2401.08,2400.18,2401.08,29.5604,70962.903203
2026-09-16 05:16:00,2401.08,2401.08,2400.19,2400.92,328.9258,789558.565672
2026-09-16 05:17:00,2400.92,2401.74,2400.91,2401.71,42.8358,102865.254793
2026-09-16 05:18:00,2401.71,2401.93,2401.05,2401.4,158.9793,381795.691933
2026-09-16 05:19:00,2401.4,2402.05,2401.39,2401.9,24.2335,58204.9692
2026-09-16 05:20:00,2401.89,2401.89,2401.04,2401.24,34.5212,82906.319958
2026-09-16 05:21:00,2401.24,2404.6,2401.23,2403.86,185.3025,445322.05658
2026-09-16 05:22:00,2403.86,2403.95,2401.61,2401.85,80.7623,194128.755538
2026-09-16 05:23:00,2401.86,2403.23,2401.55,2403.2,53.3633,128187.918593
2026-09-16 05:24:00,2403.21,2403.59,2403.18,2403.58,65.9961,158609.206139
2026-09-16 05:25:00,2403.58,2404.49,2403.42,2404.38,43.1411,103708.561111
2026-09-16 05:26:00,2404.37,2404.38,2403.54,2403.96,50.3324,121000.423476
2026-09-16 05:27:00,2403.96,2403.96,2403.54,2403.55,13.6502,32813.062782
2026-09-16 05:28:00,2403.55,2404.06,2403.01,2403.32,55.3092,132931.919118
2026-09-16 05:29:00,2403.33,2404.41,2403.32,2404.41,51.1153,122872.385616
2026-09-16 05:30:00,2404.4,2404.41,2403.18,2403.37,16.2742,39119.987462
2026-09-16 05:31:00,2403.38,2403.78,2402.95,2403.56,248.1634,596357.058184
2026-09-16 05:32:00,2403.56,2404.08,2403.43,2403.83,82.0003,197107.271151
2026-09-16 05:33:00,2403.82,2404.49,2403.75,2404.01,29.7188,71446.460337
2026-09-16 05:34:00,2404.0,2404.59,2403.05,2403.67,80.4494,193395.271214
2026-09-16 05:35:00,2403.67,2404.75,2403.67,2404.75,14.8064,35595.129194
2026-09-16 05:36:00,2404.75,2405.98,2404.74,2405.31,183.5863,441616.751136
2026-09-16 05:37:00,2405.3,2405.71,2404.71,2405.17,34.9826,84141.465393
2026-09-16 05:38:00,2405.16,2405.9,2405.16,2405.89,43.3993,104401.096288
2026-09-16 05:39:00,2405.89,2405.91,2405.39,2405.64,130.0878,312953.250759
2026-09-16 05:40:00,2405.63,2406.17,2405.6,2405.89,60.348,145192.130923
2026-09-16 05:41:00,2405.88,2405.88,2404.91,2404.92,42.1426,101367.734466
2026-09-16 05:42:00,2404.92,2404.92,2404.29,2404.57,49.4771,118973.214833
2026-09-16 05:43:00,2404.57,2406.17,2404.38,2406.16,225.9009,543406.835158
2026-09-16 05:44:00,2406.17,2406.83,2406.16,2406.74,74.3977,179042.591723
2026-09-16 05:45:00,2406.75,2407.05,2406.49,2406.49,45.7767,110178.364505
2026-09-16 05:46:00,2406.5,2406.68,2406.49,2406.68,14.4564,34789.568061
2026-09-16 05:47:00,2406.69,2406.83,2405.62,2405.77,55.2115,132856.671241
2026-09-16 05:48:00,2405.77,2406.54,2405.32,2406.06,157.6369,379253.331243
2026-09-16 05:49:00,2406.06,2406.58,2404.19,2405.09,213.1064,512637.378619
2026-09-16 05:50:00,2405.1,2405.49,2405.01,2405.41,17.002,40894.046067
2026-09-16 05:51:00,2405.41,2405.51,2404.95,2404.95,28.0648,67507.446684
2026-09-16 05:52:00,2404.96,2405.12,2404.03,2404.03,25.4295,61152.123814
2026-09-16 05:53:00,2404.03,2404.4,2404.03,2404.4,18.77,45129.399884
2026-09-16 05:54:00,2404.39,2404.67,2403.96,2404.31,119.3158,286878.268206
2026-09-16 05:55:00,2404.31,2405.88,2404.26,2404.46,319.5474,768545.798798
2026-09-16 05:56:00,2404.45,2407.04,2404.45,2406.38,272.4019,655346.318601
2026-09-16 05:57:00,2406.38,2406.65,2406.17,2406.18,22.0754,53124.070945
2026-09-16 05:58:00,2406.18,2407.03,2406.17,2407.02,27.5242,66233.507761
2026-09-16 05:59:00,2407.02,2407.42,2406.65,2407.37,44.3376,106722.842248
2026-09-16 06:00:00,2407.37,2408.67,2407.36,2408.67,47.6661,114778.167819
2026-09-16 06:01:00,2408.68,2409.0,2408.21,2408.7,129.4012,311695.616602
2026-09-16 06:02:00,2408.7,2408.85,2407.83,2408.11,76.3171,183780.097218
2026-09-16 06:03:00,2408.11,2408.12,2407.2,2407.35,74.5727,179559.61771
2026-09-16 06:04:00,2407.35,2407.93,2405.8,2405.89,301.1421,724886.132621
2026-09-16 06:05:00,2405.9,2406.13,2405.12,2406.13,63.1712,151951.392373
2026-09-16 06:06:00,2406.13,2406.13,2405.75,2406.07,24.5148,58981.063273
2026-09-16 06:07:00,2406.07,2406.44,2405.6,2405.61,24.2835,58428.464426
2026-09-16 06:08:00,2405.6,2406.5,2405.6,2406.01,23.5181,56585.489476
2026-09-16 06:09:00,2406.01,2406.01,2405.38,2405.66,17.1331,41216.995028
2026-09-16 06:10:00,2405.67,2405.67,2405.1,2405.26,55.7064,133989.637079
2026-09-16 06:11:00,2405.27,2405.27,2403.64,2404.61,41.4584,99695.539495
2026-09-16 06:12:00,2404.61,2405.4,2404.61,2405.4,15.995,38471.826335
2026-09-16 06:13:00,2405.39,2406.24,2405.39,2405.59,79.3621,190936.543981
2026-09-16 06:14:00,2405.58,2405.58,2404.24,2404.24,66.8929,160890.342634
2026-09-16 06:15:00,2404.25,2404.25,2402.66,2402.66,178.524,429010.734161
2026-09-16 06:16:00,2402.66,2403.69,2402.66,2403.69,26.7392,64254.436893
2026-09-16 06:17:00,2403.69,2405.05,2403.69,2404.04,76.4586,183858.820285
2026-09-16 06:18:00,2404.03,2404.14,2403.81,2404.13,45.1198,108466.354861
2026-09-16 06:19:00,2404.13,2404.53,2403.45,2404.53,84.748,203717.657615
2026-09-16 06:20:00,2404.54,2405.03,2404.54,2404.77,25.1941,60585.91141
2026-09-16 06:21:00,2404.77,2404.77,2403.36,2403.36,59.2973,142530.830196
2026-09-16 06:22:00,2403.36,2403.36,2402.66,2402.76,27.101,65116.745396
2026-09-16 06:23:00,2402.77,2402.77,2402.09,2402.28,27.1976,65336.333843
2026-09-16 06:24:00,2402.29,2402.43,2401.83,2401.84,43.7498,105094.255144
2026-09-16 06:25:00,2401.83,2402.1,2401.31,2401.74,41.7593,100298.132231
2026-09-16 06:26:00,2401.74,2402.11,2401.73,2402.1,18.826,45220.326925
2026-09-16 06:27:00,2402.1,2402.11,2401.34,2401.34,11.0354,26504.193732
2026-09-16 06:28:00,2401.34,2401.57,2401.11,2401.57,25.5164,61273.581082
2026-09-16 06:29:00,2401.57,2401.57,2401.01,2401.44,43.9917,105641.475329
2026-09-16 06:30:00,2401.44,2401.44,2400.99,2400.99,27.5043,66042.154301
2026-09-16 06:31:00,2400.99,2401.23,2398.95,2398.96,390.0113,936061.712743
2026-09-16 06:32:00,2398.96,2399.4,2398.95,2399.29,74.5734,178908.432129
2026-09-16 06:33:00,2399.29,2400.82,2399.29,2400.82,43.7381,104958.883605
2026-09-16 06:34:00,2400.82,2400.83,2398.95,2398.95,268.3376,644020.937122
2026-09-16 06:35:00,2398.95,2399.1,2397.91,2397.91,228.6205,548306.536934
2026-09-16 06:36:00,2397.92,2398.44,2397.1,2397.1,91.2862,218894.044336
2026-09-16 06:37:00,2397.1,2397.1,2395.0,2395.01,240.0011,575056.894158
2026-09-16 06:38:00,2395.01,2395.33,2393.78,2394.9,226.9504,543532.148577
2026-09-16 06:39:00,2394.9,2396.19,2394.49,2396.19,53.2436,127514.386953
2026-09-16 06:40:00,2396.19,2397.33,2396.19,2397.33,17.7194,42466.52238
2026-09-16 06:41:00,2397.32,2397.33,2397.05,2397.05,100.4674,240844.848202
2026-09-16 06:42:00,2397.05,2397.19,2396.61,2397.19,51.0425,122344.748517
2026-09-16 06:43:00,2397.18,2397.68,2397.18,2397.68,22.2817,53418.626674
2026-09-16 06:44:00,2397.67,2399.13,2397.67,2398.69,67.6494,162280.792555
2026-09-16 06:45:00,2398.69,2399.0,2398.69,2399.0,31.8427,76381.01474
2026-09-16 06:46:00,2398.99,2399.0,2398.86,2398.86,40.223,96492.564554
2026-09-16 06:47:00,2398.87,2400.89,2398.86,2400.89,111.04,266476.337508
2026-09-16 06:48:00,2400.89,2401.0,2399.48,2400.35,93.0814,223414.549933
2026-09-16 06:49:00,2400.36,2401.0,2399.67,2399.68,80.6286,193556.086112
2026-09-16 06:50:00,2399.67,2399.74,2398.74,2398.75,43.0325,103254.636953
2026-09-16 06:51:00,2398.75,2399.24,2398.75,2399.23,79.6422,191062.31436
2026-09-16 06:52:00,2399.24,2399.75,2399.11,2399.11,40.6741,97595.252092
2026-09-16 06:53:00,2399.11,2399.12,2399.04,2399.05,18.6154,44659.408539
2026-09-16 06:54:00,2399.04,2399.3,2399.04,2399.3,16.5871,39793.784977
2026-09-16 06:55:00,2399.29,2400.26,2399.29,2400.26,41.174,98813.395307
2026-09-16 06:56:00,2400.26,2401.05,2400.26,2400.86,57.0824,137051.10921
2026-09-16 06:57:00,2400.85,2400.86,2400.36,2400.37,34.32,82392.895263
2026-09-16 06:58:00,2400.36,2401.74,2400.36,2401.35,221.8412,532616.371852
2026-09-16 06:59:00,2401.35,2407.66,2401.35,2406.77,559.1001,1344266.937539
2026-09-16 07:00:00,2406.77,2407.24,2404.67,2406.95,175.8161,423047.122752
2026-09-16 07:01:00,2406.94,2409.25,2406.61,2406.61,167.36,402991.404104
2026-09-16 07:02:00,2406.61,2406.62,2405.71,2406.44,47.7183,114814.587464
2026-09-16 07:03:00,2406.44,2408.35,2406.44,2407.21,332.1016,799449.927109
2026-09-16 07:04:00,2407.21,2411.25,2407.2,2409.35,505.6308,1218441.908382
2026-09-16 07:05:00,2409.35,2409.57,2407.58,2408.56,88.8484,214012.797494
2026-09-16 07:06:00,2408.56,2408.95,2406.62,2407.36,79.3121,190958.941118
2026-09-16 07:07:00,2407.37,2407.76,2406.64,2407.47,106.411,256144.143686
2026-09-16 07:08:00,2407.47,2407.48,2406.68,2406.68,25.9735,62517.412565
2026-09-16 07:09:00,2406.69,2406.99,2404.82,2404.83,262.2397,630906.461957
2026-09-16 07:10:00,2404.83,2404.83,2399.17,2400.5,735.3896,1765756.353456
2026-09-16 07:11:00,2400.5,2400.71,2399.15,2400.3,224.2632,538240.596603
2026-09-16 07:12:00,2400.31,2400.4,2399.52,2400.28,56.222,134932.890458
2026-09-16 07:13:00,2400.28,2400.29,2399.76,2400.15,75.4034,180965.554031
2026-09-16 07:14:00,2400.14,2402.5,2399.88,2402.5,56.6951,136107.450836
2026-09-16 07:15:00,2402.5,2404.83,2402.5,2404.27,68.8176,165429.406329
2026-09-16 07:16:00,2404.26,2404.7,2402.16,2403.11,235.0161,564918.729865
2026-09-16 07:17:00,2403.12,2403.66,2402.62,2402.78,27.1312,65203.263737
2026-09-16 07:18:00,2402.79,2402.79,2400.64,2400.65,101.1109,242842.885058
2026-09-16 07:19:00,2400.64,2400.99,2398.7,2398.81,97.1504,233113.767184
2026-09-16 07:20:00,2398.81,2399.57,2398.81,2399.4,27.1987,65259.665231
2026-09-16 07:21:00,2399.39,2400.31,2399.28,2399.29,47.1184,113063.088369
2026-09-16 07:22:00,2399.3,2399.3,2398.88,2398.88,42.7343,102518.135721
2026-09-16 07:23:00,2398.89,2399.75,2398.89,2398.96,147.6857,354334.682479
2026-09-16 07:24:00,2398.96,2401.05,2398.95,2400.4,703.5198,1687985.219572
2026-09-16 07:25:00,2400.4,2402.66,2400.34,2401.64,105.659,253757.629412
2026-09-16 07:26:00,2401.64,2402.26,2401.63,2401.97,46.0497,110604.409709
2026-09-16 07:27:00,2401.96,2401.96,2400.35,2400.75,252.202,605521.4
2026-09-16 07:28:00,2400.74,2400.75,2398.73,2399.0,107.5886,258143.692911
2026-09-16 07:29:00,2399.0,2399.4,2398.78,2399.39,40.0281,96026.309706
2026-09-16 07:30:00,2399.4,2400.08,2399.01,2399.59,142.106,340987.685552
2026-09-16 07:31:00,2399.6,2400.57,2398.48,2398.98,205.881,494032.458338
2026-09-16 07:32:00,2398.99,2400.34,2398.99,2399.73,128.9597,309519.018776
2026-09-16 07:33:00,2399.73,2400.27,2398.76,2399.17,133.0238,319201.05366
2026-09-16 07:34:00,2399.18,2400.12,2399.17,2399.81,133.5552,320473.183544
2026-09-16 07:35:00,2399.82,2400.12,2399.46,2399.75,138.4863,332343.877308
2026-09-16 07:36:00,2399.76,2400.53,2399.54,2400.47,147.2644,353471.093888
2026-09-16 07:37:00,2400.48,2400.79,2400.17,2400.67,135.918,326282.044074
2026-09-16 07:38:00,2400.67,2401.49,2400.67,2400.92,128.5709,308703.96544
2026-09-16 07:39:00,2400.92,2401.5,2400.62,2401.5,112.9223,271136.241118
2026-09-16 07:40:00,2401.5,2401.72,2401.37,2401.67,98.658,236939.203227
2026-09-16 07:41:00,2401.67,2401.67,2400.9,2401.0,118.9576,285647.367147
2026-09-16 07:42:00,2401.01,2401.04,2400.21,2400.49,75.8202,182019.752272
2026-09-16 07:43:00,2400.48,2400.6,2398.81,2398.82,145.1022,348188.505619
2026-09-16 07:44:00,2398.81,2399.43,2398.51,2399.41,279.1477,669746.1918
2026-09-16 07:45:00,2399.41,2399.41,2398.23,2399.01,252.4638,605576.365911
2026-09-16 07:46:00,2399.01,2399.02,2398.56,2398.99,281.7399,675831.003507
2026-09-16 07:47:00,2398.99,2400.13,2398.99,2399.81,476.8472,1144058.104113
2026-09-16 07:48:00,2399.8,2399.81,2398.74,2398.8,197.7682,474508.575977
2026-09-16 07:49:00,2398.8,2399.16,2397.97,2399.15,361.8844,867957.602924
2026-09-16 07:50:00,2399.16,2399.65,2397.77,2397.78,530.2085,1272032.572809
2026-09-16 07:51:00,2397.78,2398.55,2397.77,2398.46,169.0139,405291.417205
2026-09-16 07:52:00,2398.45,2398.46,2397.54,2397.83,200.3159,480387.785452
2026-09-16 07:53:00,2397.84,2398.82,2397.83,2398.3,259.8488,623243.440155
2026-09-16 07:54:00,2398.3,2398.3,2397.0,2397.71,340.9504,817452.736542
2026-09-16 07:55:00,2397.71,2398.22,2397.7,2398.15,462.1642,1108318.520241
2026-09-16 07:56:00,2398.16,2398.44,2396.99,2397.21,302.2605,724783.103109
2026-09-16 07:57:00,2397.21,2397.51,2396.72,2397.5,372.7105,893432.548398
2026-09-16 07:58:00,2397.51,2397.57,2397.23,2397.23,477.8952,1145684.00037
2026-09-16 07:59:00,2397.24,2397.73,2396.95,2396.96,662.7574,1588948.865204
2026-09-16 08:00:00,2396.96,2397.32,2396.21,2396.4,376.0663,901338.117569
2026-09-16 08:01:00,2396.39,2396.5,2396.37,2396.5,55.6662,133398.052732
2026-09-16 08:02:00,2396.5,2396.89,2395.32,2395.44,304.5124,729645.346541
2026-09-16 08:03:00,2395.44,2395.46,2393.75,2394.31,593.5536,1421380.975174
2026-09-16 08:04:00,2394.31,2394.31,2391.0,2391.0,571.7418,1367692.181576
2026-09-16 08:05:00,2391.0,2391.94,2390.13,2391.69,533.7977,1276446.193887
2026-09-16 08:06:00,2391.69,2391.69,2388.93,2391.34,390.604,933628.808161
2026-09-16 08:07:00,2391.33,2391.33,2386.36,2386.45,1099.3038,2624917.581467
2026-09-16 08:08:00,2386.45,2387.52,2385.25,2386.56,1131.4293,2699852.125754
2026-09-16 08:09:00,2386.56,2387.97,2382.7,2387.35,1214.2764,2896599.751256
2026-09-16 08:10:00,2387.35,2387.84,2386.86,2387.08,189.9542,453520.79989
2026-09-16 08:11:00,2387.07,2387.49,2386.45,2387.14,275.6088,657838.47243
2026-09-16 08:12:00,2387.14,2389.48,2387.14,2389.48,428.549,1023696.865786
2026-09-16 08:13:00,2389.47,2389.67,2386.68,2387.57,353.5249,844403.993438
2026-09-16 08:14:00,2387.58,2388.09,2386.58,2387.71,351.8736,840124.746573
2026-09-16 08:15:00,2387.72,2390.39,2387.66,2390.39,255.155,609507.560715
2026-09-16 08:16:00,2390.39,2391.39,2390.38,2391.38,180.5971,431760.656212
2026-09-16 08:17:00,2391.39,2393.18,2390.84,2392.17,591.225,1414118.452751
2026-09-16 08:18:00,2392.17,2392.53,2389.56,2389.7,256.8171,613937.503593
2026-09-16 08:19:00,2389.7,2392.44,2388.54,2390.77,867.9542,2074277.707056
2026-09-16 08:20:00,2390.77,2392.18,2389.9,2390.09,261.8662,626149.856994
2026-09-16 08:21:00,2390.09,2393.52,2390.09,2392.49,251.9336,602631.528069
2026-09-16 08:22:00,2392.48,2393.27,2391.54,2392.89,205.5642,491781.9418
2026-09-16 08:23:00,2392.88,2392.97,2390.11,2390.12,200.7193,479982.350642
2026-09-16 08:24:00,2390.11,2390.12,2388.36,2389.09,226.2259,540439.349543
2026-09-16 08:25:00,2389.09,2389.94,2387.0,2389.43,707.2599,1689172.962228
2026-09-16 08:26:00,2389.43,2389.62,2385.41,2386.38,419.5679,1001461.779719
2026-09-16 08:27:00,2386.38,2388.04,2386.37,2387.86,189.4912,452428.596961
2026-09-16 08:28:00,2387.87,2388.86,2387.01,2388.86,154.8537,369843.225181
2026-09-16 08:29:00,2388.86,2390.14,2388.6,2388.79,811.4357,1938709.298014
2026-09-16 08:30:00,2388.78,2390.5,2388.6,2390.49,303.6274,725439.9092
2026-09-16 08:31:00,2390.49,2390.94,2389.23,2390.93,299.6106,716074.788039
2026-09-16 08:32:00,2390.93,2391.07,2389.71,2390.51,235.1451,562060.930137
2026-09-16 08:33:00,2390.52,2391.01,2389.51,2389.51,256.4551,613069.333152
2026-09-16 08:34:00,2389.52,2390.92,2389.52,2390.63,122.0309,291665.528974
2026-09-16 08:35:00,2390.64,2390.89,2389.92,2390.88,124.4101,297386.383719
2026-09-16 08:36:00,2390.89,2391.01,2390.23,2391.01,129.5732,309759.256439
2026-09-16 08:37:00,2391.0,2391.9,2391.0,2391.71,246.8916,590461.016117
2026-09-16 08:38:00,2391.71,2391.84,2391.71,2391.84,44.5492,106553.987961
2026-09-16 08:39:00,2391.83,2392.28,2391.83,2392.26,544.6615,1302894.293623
2026-09-16 08:40:00,2392.26,2393.0,2392.22,2392.23,282.9861,677063.162003
2026-09-16 08:41:00,2392.23,2392.71,2392.22,2392.23,63.8548,152771.094723
2026-09-16 08:42:00,2392.22,2392.49,2391.85,2392.11,420.8286,1006650.412816
2026-09-16 08:43:00,2392.31,2394.03,2392.3,2393.22,158.1715,378560.281093
2026-09-16 08:44:00,2393.23,2394.03,2393.22,2394.02,90.1382,215779.979014
2026-09-16 08:45:00,2394.02,2394.02,2393.44,2393.8,74.9609,179435.020038
2026-09-16 08:46:00,2393.8,2394.6,2393.8,2394.56,129.8109,310815.590685
2026-09-16 08:47:00,2394.57,2394.64,2394.08,2394.08,93.3385,223494.661439
2026-09-16 08:48:00,2394.09,2394.57,2393.6,2394.57,94.154,225410.498894
2026-09-16 08:49:00,2394.56,2395.32,2394.44,2394.56,120.0445,287521.069946
2026-09-16 08:50:00,2394.57,2395.28,2394.56,2395.1,99.3443,237928.201708
2026-09-16 08:51:00,2395.1,2395.32,2395.1,2395.14,308.5609,739071.957294
2026-09-16 08:52:00,2395.15,2395.81,2395.03,2395.61,239.7886,574395.994929
2026-09-16 08:53:00,2395.62,2395.85,2395.33,2395.85,189.1147,453034.880936
2026-09-16 08:54:00,2395.85,2398.98,2395.84,2398.79,712.4771,1707999.756109
2026-09-16 08:55:00,2398.79,2400.55,2398.57,2400.54,248.2833,595808.593992
2026-09-16 08:56:00,2400.54,2403.52,2400.54,2401.77,419.4237,1007573.375895
2026-09-16 08:57:00,2401.77,2403.22,2401.77,2403.21,84.7553,203637.049487
2026-09-16 08:58:00,2403.21,2403.22,2401.79,2402.28,101.958,244958.744659
2026-09-16 08:59:00,2402.29,2402.98,2402.27,2402.97,41.101,98740.613024
2026-09-16 09:00:00,2402.97,2403.16,2402.29,2403.15,126.7799,304621.723653
2026-09-16 09:01:00,2403.16,2404.14,2402.66,2404.07,84.9532,204197.805157
2026-09-16 09:02:00,2404.07,2404.68,2403.44,2404.67,174.2966,419056.890924
2026-09-16 09:03:00,2404.68,2405.19,2404.68,2405.18,69.1173,166227.265617
2026-09-16 09:04:00,2405.19,2406.11,2405.06,2406.1,175.9196,423182.473425
2026-09-16 09:05:00,2406.1,2407.05,2405.74,2406.45,200.5975,482764.232841
2026-09-16 09:06:00,2406.44,2406.44,2402.63,2403.92,255.2222,613556.775772
2026-09-16 09:07:00,2403.92,2403.93,2401.22,2401.77,164.3499,394778.030263
2026-09-16 09:08:00,2401.77,2401.91,2401.63,2401.64,13.9686,33548.005621
2026-09-16 09:09:00,2401.63,2403.0,2401.63,2403.0,76.4498,183655.574411
2026-09-16 09:10:00,2403.01,2403.01,2401.82,2402.28,117.4736,282208.695478
2026-09-16 09:11:00,2402.27,2403.12,2402.27,2403.12,29.4018,70649.223394
2026-09-16 09:12:00,2403.12,2403.13,2401.64,2402.62,241.4381,580049.553048
2026-09-16 09:13:00,2402.62,2402.62,2401.45,2401.92,38.8129,93223.106443
2026-09-16 09:14:00,2401.92,2401.93,2401.53,2401.53,36.2339,87023.721806
2026-09-16 09:15:00,2401.52,2402.26,2401.37,2402.26,98.4517,236448.657359
2026-09-16 09:16:00,2402.26,2402.7,2400.9,2400.92,38.1642,91667.314521
2026-09-16 09:17:00,2400.92,2401.44,2399.12,2401.04,345.8177,830020.24934
2026-09-16 09:18:00,2401.04,2402.28,2401.04,2402.28,98.0523,235509.340496
2026-09-16 09:19:00,2402.27,2402.53,2401.09,2402.41,67.6724,162543.513932
2026-09-16 09:20:00,2402.41,2403.02,2402.4,2402.99,45.6013,109566.412983
2026-09-16 09:21:00,2402.99,2403.3,2402.32,2403.29,45.8969,110288.43387
2026-09-16 09:22:00,2403.29,2404.08,2403.08,2403.09,58.5565,140753.788208
2026-09-16 09:23:00,2403.09,2404.47,2402.87,2404.19,86.9464,208965.246777
2026-09-16 09:24:00,2404.18,2405.0,2404.18,2404.28,48.9019,117587.561225
2026-09-16 09:25:00,2404.28,2404.76,2402.0,2403.33,318.8464,766236.702606
2026-09-16 09:26:00,2403.33,2404.27,2402.73,2402.87,119.012,286017.301866
2026-09-16 09:27:00,2402.87,2404.8,2401.92,2404.1,229.4885,551644.199207
2026-09-16 09:28:00,2404.09,2404.09,2403.53,2403.59,81.9072,196877.274705
2026-09-16 09:29:00,2403.58,2403.59,2402.11,2402.12,78.8066,189366.483031
2026-09-16 09:30:00,2402.12,2403.88,2402.12,2402.74,279.434,671510.079467
2026-09-16 09:31:00,2402.74,2402.96,2402.47,2402.49,40.7466,97901.092839
2026-09-16 09:32:00,2402.49,2403.34,2402.48,2403.33,52.1511,125318.668961
2026-09-16 09:33:00,2403.34,2403.34,2401.98,2402.32,79.1736,190233.838346
2026-09-16 09:34:00,2402.33,2402.33,2401.35,2401.56,86.1041,206824.103001
2026-09-16 09:35:00,2401.57,2402.09,2401.57,2401.79,28.8077,69190.074667
2026-09-16 09:36:00,2401.79,2404.08,2401.79,2404.07,135.7983,326353.609642
2026-09-16 09:37:00,2404.08,2404.58,2403.94,2403.94,46.3759,111495.488136
2026-09-16 09:38:00,2403.94,2403.95,2402.91,2402.91,50.7234,121923.609756
2026-09-16 09:39:00,2402.9,2403.84,2402.71,2403.5,74.4807,179013.928282
2026-09-16 09:40:00,2403.5,2404.08,2403.49,2404.07,18.7071,44967.085814
2026-09-16 09:41:00,2404.08,2404.92,2404.07,2404.19,56.8692,136735.840144
2026-09-16 09:42:00,2404.19,2404.19,2402.92,2402.93,64.3887,154777.490588
2026-09-16 09:43:00,2402.93,2403.08,2402.92,2403.07,42.0352,101008.583297
2026-09-16 09:44:00,2403.08,2403.69,2402.72,2403.47,113.8895,273698.703539
2026-09-16 09:45:00,2403.47,2403.48,2402.46,2402.46,66.1175,158896.582751
2026-09-16 09:46:00,2402.46,2402.46,2401.89,2402.05,48.4504,116376.868076
2026-09-16 09:47:00,2402.05,2402.74,2402.04,2402.7,17.9815,43199.967692
2026-09-16 09:48:00,2402.69,2403.92,2401.82,2403.92,240.6114,578072.156804
2026-09-16 09:49:00,2403.91,2403.92,2403.49,2403.5,35.8641,86213.280085
2026-09-16 09:50:00,2403.5,2404.59,2403.49,2403.96,60.456,145345.393485
2026-09-16 09:51:00,2403.96,2404.24,2402.79,2403.75,110.5242,265631.158313
2026-09-16 09:52:00,2403.75,2404.8,2403.75,2404.55,56.8403,136674.592736
2026-09-16 09:53:00,2404.56,2404.86,2404.51,2404.76,93.4394,224688.584532
2026-09-16 09:54:00,2404.77,2406.0,2404.77,2405.92,177.5782,427123.04542
2026-09-16 09:55:00,2405.92,2405.92,2404.99,2405.04,93.8199,225690.960343
2026-09-16 09:56:00,2405.03,2405.9,2405.03,2405.76,61.3972,147700.623812
2026-09-16 09:57:00,2405.77,2405.99,2405.42,2405.99,79.3249,190834.38342
2026-09-16 09:58:00,2405.99,2406.6,2405.99,2406.32,272.5003,655650.310827
2026-09-16 09:59:00,2406.31,2406.32,2405.54,2405.93,75.4378,181495.696179
2026-09-16 10:00:00,2405.93,2406.59,2405.71,2406.37,106.2198,255569.437551
2026-09-16 10:01:00,2406.37,2406.37,2404.99,2405.2,108.0274,259860.464166
2026-09-16 10:02:00,2405.19,2405.52,2403.95,2404.19,109.2923,262840.97135
2026-09-16 10:03:00,2404.2,2405.01,2404.19,2404.66,30.6403,73682.03087
2026-09-16 10:04:00,2404.67,2404.67,2403.54,2403.65,45.5147,109422.192638
2026-09-16 10:05:00,2403.66,2403.66,2401.85,2401.85,119.6836,287531.232631
2026-09-16 10:06:00,2401.85,2404.06,2401.85,2403.44,209.8687,504332.514333
2026-09-16 10:07:00,2403.43,2403.43,2402.8,2403.35,92.4378,222125.470258
2026-09-16 10:08:00,2403.35,2403.74,2403.01,2403.07,49.2123,118277.582736
2026-09-16 10:09:00,2403.08,2404.09,2403.08,2403.79,27.3749,65800.560517
2026-09-16 10:10:00,2403.78,2404.57,2403.77,2403.78,84.731,203702.645306
2026-09-16 10:11:00,2403.78,2403.78,2401.68,2402.87,154.685,371639.494913
2026-09-16 10:12:00,2402.87,2403.27,2401.92,2401.93,164.4607,395155.810529
2026-09-16 10:13:00,2401.93,2402.69,2400.13,2400.14,326.1269,783178.648947
2026-09-16 10:14:00,2400.13,2400.13,2398.53,2399.9,230.9865,554221.913099
2026-09-16 10:15:00,2399.9,2400.45,2399.04,2400.28,146.3196,351120.663336
2026-09-16 10:16:00,2400.29,2400.45,2400.0,2400.45,39.0812,93799.10269
2026-09-16 10:17:00,2400.45,2402.51,2400.14,2402.51,182.3838,437971.28777
2026-09-16 10:18:00,2402.5,2402.5,2402.28,2402.48,51.2356,123090.164382
2026-09-16 10:19:00,2402.48,2404.06,2402.48,2404.06,94.3504,226729.193243
2026-09-16 10:20:00,2404.06,2404.06,2403.15,2403.16,119.1374,286382.320212
2026-09-16 10:21:00,2403.16,2403.9,2403.15,2403.84,51.063,122723.800522
2026-09-16 10:22:00,2403.83,2403.84,2401.15,2401.43,551.751,1325281.695315
2026-09-16 10:23:00,2401.42,2401.42,2400.24,2400.79,127.8885,307026.302765
2026-09-16 10:24:00,2400.79,2400.79,2400.38,2400.38,48.0912,115445.054241
2026-09-16 10:25:00,2400.39,2400.73,2400.39,2400.72,54.0225,129684.611134
2026-09-16 10:26:00,2400.73,2402.56,2400.72,2402.43,140.969,338551.836118
2026-09-16 10:27:00,2402.43,2402.67,2402.03,2402.04,66.6607,160148.736304
2026-09-16 10:28:00,2402.04,2402.41,2402.0,2402.01,82.4891,198156.884508
2026-09-16 10:29:00,2402.0,2402.58,2402.0,2402.58,19.1718,46053.080544
2026-09-16 10:30:00,2402.57,2403.38,2402.57,2403.38,40.6897,97774.96698
2026-09-16 10:31:00,2403.37,2403.38,2402.56,2402.57,54.6782,131394.268525
2026-09-16 10:32:00,2402.56,2402.57,2402.0,2402.05,42.2859,101573.799541
2026-09-16 10:33:00,2402.05,2403.2,2402.05,2403.2,36.8844,88624.668313
2026-09-16 10:34:00,2403.2,2403.55,2403.02,2403.12,71.7963,172550.931477
2026-09-16 10:35:00,2403.13,2403.52,2402.7,2402.89,98.6412,237031.07491
2026-09-16 10:36:00,2402.88,2403.84,2402.74,2403.73,106.1975,255248.524382
2026-09-16 10:37:00,2403.73,2404.81,2403.72,2404.81,140.5964,338011.048568
2026-09-16 10:38:00,2404.8,2404.81,2403.97,2403.97,57.0805,137235.920212
2026-09-16 10:39:00,2403.98,2404.29,2403.73,2404.29,61.9815,149003.8878
2026-09-16 10:40:00,2404.28,2405.05,2404.28,2404.86,70.6801,169964.735632
2026-09-16 10:41:00,2404.86,2406.0,2404.86,2405.75,236.4829,568803.043622
2026-09-16 10:42:00,2405.74,2406.42,2405.74,2406.15,134.8932,324550.09852
2026-09-16 10:43:00,2406.14,2407.04,2406.14,2407.03,120.2386,289372.585358
2026-09-16 10:44:00,2407.03,2407.21,2406.49,2406.5,85.0233,204645.410636
2026-09-16 10:45:00,2406.5,2406.89,2406.0,2406.76,88.4243,212789.44611
2026-09-16 10:46:00,2406.76,2406.76,2406.22,2406.22,63.241,152188.494561
2026-09-16 10:47:00,2406.23,2406.23,2405.53,2405.95,142.4274,342652.352944
2026-09-16 10:48:00,2405.95,2405.95,2405.91,2405.91,50.4181,121302.799568
2026-09-16 10:49:00,2405.92,2405.92,2405.27,2405.44,104.3178,250949.853587
2026-09-16 10:50:00,2405.43,2405.44,2405.33,2405.33,24.097,57962.76779
2026-09-16 10:51:00,2405.33,2405.34,2405.33,2405.33,17.8623,42964.863376
2026-09-16 10:52:00,2405.33,2405.34,2404.98,2404.98,88.1918,212112.713348
2026-09-16 10:53:00,2404.99,2404.99,2404.56,2404.57,54.9081,132033.225594
2026-09-16 10:54:00,2404.58,2404.58,2403.36,2403.36,43.1337,103691.622645
2026-09-16 10:55:00,2403.35,2403.35,2402.3,2402.3,45.1149,108406.344202
2026-09-16 10:56:00,2402.3,2403.13,2401.76,2402.6,90.9435,218492.017648
2026-09-16 10:57:00,2402.59,2402.72,2402.47,2402.71,26.0497,62587.910923
2026-09-16 10:58:00,2402.71,2405.07,2402.71,2404.86,127.7876,307233.597478
2026-09-16 10:59:00,2404.85,2406.58,2404.58,2406.55,104.9917,252544.817929
2026-09-16 11:00:00,2406.55,2409.15,2405.32,2409.15,465.3646,1120474.971852
2026-09-16 11:01:00,2409.14,2409.15,2405.31,2405.31,131.5348,316695.184977
2026-09-16 11:02:00,2405.3,2406.88,2405.3,2406.64,53.5818,128933.362838
2026-09-16 11:03:00,2406.64,2409.16,2406.64,2409.16,120.3188,289678.622856
2026-09-16 11:04:00,2409.16,2409.16,2408.3,2408.3,29.253,70464.317056
2026-09-16 11:05:00,2408.31,2408.56,2407.87,2408.52,88.7426,213718.070992
2026-09-16 11:06:00,2408.52,2408.53,2408.52,2408.52,37.2471,89710.441151
2026-09-16 11:07:00,2408.52,2408.53,2407.04,2407.05,67.8022,163251.023242
2026-09-16 11:08:00,2407.05,2407.05,2405.5,2405.5,95.4756,229757.054184
2026-09-16 11:09:00,2405.49,2406.08,2405.12,2406.08,63.9543,153830.464691
2026-09-16 11:10:00,2406.07,2406.5,2406.01,2406.5,28.0717,67543.803218
2026-09-16 11:11:00,2406.5,2406.97,2406.48,2406.89,89.0028,214206.440575
2026-09-16 11:12:00,2406.88,2406.88,2406.39,2406.4,47.1435,113457.491635
2026-09-16 11:13:00,2406.4,2406.4,2406.18,2406.19,27.3667,65853.27623
2026-09-16 11:14:00,2406.18,2406.18,2404.67,2404.67,58.4089,140504.032958
2026-09-16 11:15:00,2404.67,2404.68,2402.99,2403.28,104.2285,250533.112396
2026-09-16 11:16:00,2403.28,2405.76,2403.27,2405.66,128.212,308303.837248
2026-09-16 11:17:00,2405.65,2405.66,2404.61,2404.97,57.9533,139381.647729
2026-09-16 11:18:00,2404.88,2406.83,2404.87,2406.2,781.1732,1879610.855862
2026-09-16 11:19:00,2406.2,2406.54,2406.2,2406.54,40.7098,97963.690172
2026-09-16 11:20:00,2406.54,2406.68,2406.53,2406.58,53.6521,129119.689018
2026-09-16 11:21:00,2406.59,2407.28,2406.58,2406.67,170.0604,409331.642029
2026-09-16 11:22:00,2406.66,2406.66,2404.83,2405.51,145.4105,349796.625786
2026-09-16 11:23:00,2405.51,2405.99,2404.83,2405.96,340.4446,818935.157425
2026-09-16 11:24:00,2405.96,2405.96,2404.21,2404.36,91.6785,220482.705946
2026-09-16 11:25:00,2404.35,2405.7,2404.35,2405.68,78.3852,188530.370929
2026-09-16 11:26:00,2405.68,2407.52,2405.68,2407.51,326.6919,786214.98859
2026-09-16 11:27:00,2407.51,2407.81,2407.51,2407.8,32.9026,79214.005848
2026-09-16 11:28:00,2407.79,2407.8,2406.94,2407.04,89.3894,215188.590698
2026-09-16 11:29:00,2407.04,2407.51,2407.04,2407.51,55.4106,133388.801443
2026-09-16 11:30:00,2407.51,2408.14,2406.86,2408.13,254.1915,612007.720211
2026-09-16 11:31:00,2408.13,2411.76,2408.12,2411.76,331.9701,800054.150161
2026-09-16 11:32:00,2411.75,2414.26,2408.8,2410.87,532.8713,1285294.075422
2026-09-16 11:33:00,2410.88,2412.07,2410.73,2411.68,106.6914,257291.555925
2026-09-16 11:34:00,2411.68,2412.07,2411.37,2411.56,89.397,215590.669889
2026-09-16 11:35:00,2411.56,2413.1,2411.55,2412.7,90.393,218062.028039
2026-09-16 11:36:00,2412.71,2414.89,2412.69,2414.55,212.4536,512823.827408
2026-09-16 11:37:00,2414.55,2417.95,2413.7,2414.09,796.8867,1925425.635167
2026-09-16 11:38:00,2414.09,2415.39,2413.15,2413.92,182.5125,440562.162414
2026-09-16 11:39:00,2413.92,2415.07,2413.91,2415.07,54.4235,131411.533455
2026-09-16 11:40:00,2415.06,2415.31,2413.02,2414.31,244.4875,590258.028011
2026-09-16 11:41:00,2414.32,2417.24,2414.32,2416.14,248.2069,599681.612938
2026-09-16 11:42:00,2416.14,2422.79,2416.13,2422.69,1475.3764,3570545.557723
2026-09-16 11:43:00,2422.69,2428.76,2421.69,2428.71,988.5448,2396977.7778
2026-09-16 11:44:00,2428.7,2430.0,2424.22,2426.05,555.4428,1348033.654145
2026-09-16 11:45:00,2426.04,2427.2,2423.61,2423.78,345.3598,837460.691369
2026-09-16 11:46:00,2423.8,2424.0,2421.53,2422.43,213.9576,518307.137754
2026-09-16 11:47:00,2422.43,2424.18,2422.23,2424.17,539.0824,1306196.534594
2026-09-16 11:48:00,2424.17,2424.17,2421.74,2422.51,528.4909,1280330.23687
2026-09-16 11:49:00,2422.52,2423.07,2421.73,2422.51,433.512,1050089.169622
2026-09-16 11:50:00,2422.51,2423.88,2422.51,2423.11,165.9068,402025.130697
2026-09-16 11:51:00,2423.1,2424.86,2422.0,2422.0,232.544,563619.770647
2026-09-16 11:52:00,2422.0,2422.01,2420.91,2421.28,178.9948,433397.208416
2026-09-16 11:53:00,2421.28,2422.14,2421.13,2421.36,115.4835,279637.751388
2026-09-16 11:54:00,2421.35,2421.35,2419.48,2420.34,185.4201,448746.860847
2026-09-16 11:55:00,2420.34,2420.99,2420.33,2420.8,75.521,182815.904151
2026-09-16 11:56:00,2420.8,2421.0,2420.29,2420.65,176.307,426794.328936
2026-09-16 11:57:00,2420.64,2421.63,2420.64,2420.77,149.8074,362725.877104
2026-09-16 11:58:00,2420.78,2421.91,2420.75,2421.56,230.6343,558426.745868
2026-09-16 11:59:00,2421.57,2423.08,2421.56,2422.61,128.4718,311206.991988
2026-09-16 12:00:00,2422.6,2423.0,2420.55,2420.84,189.8521,459820.273521
2026-09-16 12:01:00,2420.84,2423.68,2420.76,2422.82,290.5082,703777.09328
2026-09-16 12:02:00,2422.82,2422.82,2420.01,2420.02,93.5999,226679.952927
2026-09-16 12:03:00,2420.01,2422.87,2420.01,2421.6,102.5964,248420.955086
2026-09-16 12:04:00,2421.6,2423.41,2421.6,2422.82,61.8944,149960.830208
2026-09-16 12:05:00,2422.82,2422.82,2419.65,2419.65,59.1789,143249.803435
2026-09-16 12:06:00,2419.64,2420.52,2419.52,2419.52,163.7385,396230.274905
2026-09-16 12:07:00,2419.52,2420.04,2418.76,2418.99,230.6123,557952.840694
2026-09-16 12:08:00,2418.99,2418.99,2416.66,2417.03,231.0136,558504.538618
2026-09-16 12:09:00,2417.02,2417.29,2416.2,2416.51,166.7672,403033.817732
2026-09-16 12:10:00,2416.51,2417.34,2415.16,2415.7,179.0534,432598.489494
2026-09-16 12:11:00,2415.71,2416.12,2415.24,2415.24,86.4539,208852.868899
2026-09-16 12:12:00,2415.24,2415.24,2414.7,2415.17,161.0811,389014.391443
2026-09-16 12:13:00,2415.17,2415.29,2412.81,2414.15,456.7812,1102676.870004
2026-09-16 12:14:00,2414.14,2414.15,2413.55,2413.71,67.0818,161919.862751
2026-09-16 12:15:00,2413.71,2414.39,2413.08,2413.91,154.3446,372515.073359
2026-09-16 12:16:00,2413.92,2414.9,2413.56,2414.83,154.2491,372442.903879
2026-09-16 12:17:00,2414.83,2418.43,2414.83,2416.37,1131.5593,2735321.817593
2026-09-16 12:18:00,2416.37,2416.37,2412.61,2412.88,187.1311,451812.466301
2026-09-16 12:19:00,2412.89,2415.07,2412.89,2414.51,230.8336,557210.805883
2026-09-16 12:20:00,2414.51,2414.51,2412.64,2413.93,145.519,351217.314045
2026-09-16 12:21:00,2413.92,2413.93,2412.8,2413.34,274.8619,663360.291679
2026-09-16 12:22:00,2413.33,2413.7,2413.18,2413.19,93.4569,225540.926358
2026-09-16 12:23:00,2413.19,2413.19,2410.95,2411.09,326.252,786826.083394
2026-09-16 12:24:00,2411.08,2411.09,2408.73,2409.48,894.5816,2155571.898108
2026-09-16 12:25:00,2409.49,2410.68,2407.85,2407.86,196.8556,474205.665125
2026-09-16 12:26:00,2407.87,2408.74,2407.42,2407.43,141.6978,341233.061699
2026-09-16 12:27:00,2407.42,2408.27,2407.29,2407.39,87.1752,209897.903547
2026-09-16 12:28:00,2407.39,2407.44,2406.11,2406.61,124.463,299528.488241
2026-09-16 12:29:00,2406.6,2407.24,2405.94,2407.23,67.5963,162651.771631
2026-09-16 12:30:00,2407.24,2407.24,2404.2,2405.88,326.5841,785725.775809
2026-09-16 12:31:00,2405.87,2406.8,2405.41,2406.06,136.9751,329572.180469
2026-09-16 12:32:00,2406.07,2406.07,2402.99,2404.39,575.5316,1383835.363944
2026-09-16 12:33:00,2404.39,2409.61,2404.39,2409.59,715.9525,1723777.524746
2026-09-16 12:34:00,2409.58,2410.56,2408.07,2410.55,189.4489,456404.728864
2026-09-16 12:35:00,2410.55,2410.92,2409.84,2410.2,555.1937,1338231.939082
2026-09-16 12:36:00,2410.2,2410.2,2406.95,2407.99,123.4739,297433.030364
2026-09-16 12:37:00,2407.99,2408.08,2407.24,2407.56,52.8702,127294.589571
2026-09-16 12:38:00,2407.56,2407.57,2405.52,2406.89,63.187,152044.306721
2026-09-16 12:39:00,2406.9,2407.92,2405.78,2406.45,55.7185,134125.32278
2026-09-16 12:40:00,2406.45,2407.88,2406.45,2407.5,27.6419,66544.161841
2026-09-16 12:41:00,2407.51,2408.41,2407.5,2408.2,83.0963,200094.046949
2026-09-16 12:42:00,2408.16,2408.16,2406.66,2406.97,48.9112,117737.397476
2026-09-16 12:43:00,2406.96,2408.11,2406.96,2407.53,33.0262,79513.616342
2026-09-16 12:44:00,2407.53,2408.06,2406.9,2406.9,26.8972,64760.432451
2026-09-16 12:45:00,2406.9,2407.72,2405.76,2407.71,124.3925,299375.111094
2026-09-16 12:46:00,2407.72,2408.61,2407.68,2408.25,121.3924,292328.871749
2026-09-16 12:47:00,2408.24,2408.24,2407.32,2407.72,41.8621,100790.809379
2026-09-16 12:48:00,2407.71,2407.8,2407.24,2407.54,166.2681,400328.086165
2026-09-16 12:49:00,2407.54,2408.98,2407.54,2408.97,110.9311,267184.096287
2026-09-16 12:50:00,2408.98,2409.65,2408.21,2409.02,737.9003,1777691.414808
2026-09-16 12:51:00,2409.01,2409.28,2408.0,2408.97,209.0865,503623.368427
2026-09-16 12:52:00,2408.97,2408.97,2408.1,2408.31,63.0702,151913.595223
2026-09-16 12:53:00,2408.3,2410.11,2407.63,2407.64,290.1133,698900.053141
2026-09-16 12:54:00,2407.64,2407.64,2406.59,2406.6,41.0834,98894.186214
2026-09-16 12:55:00,2406.6,2406.6,2403.78,2405.76,193.3442,464925.917947
2026-09-16 12:56:00,2405.76,2408.33,2405.62,2408.27,199.7843,480902.435089
2026-09-16 12:57:00,2408.27,2408.27,2405.8,2405.8,143.7328,345983.733476
2026-09-16 12:58:00,2405.81,2406.22,2405.01,2405.76,33.3206,80151.514952
2026-09-16 12:59:00,2405.76,2406.77,2404.57,2406.77,147.3382,354393.76256
2026-09-16 13:00:00,2406.76,2406.77,2405.01,2405.02,63.7154,153285.975504
2026-09-16 13:01:00,2405.01,2405.01,2402.38,2402.64,169.6117,407640.636219
2026-09-16 13:02:00,2402.64,2402.66,2400.57,2401.32,307.7921,739133.508141
2026-09-16 13:03:00,2401.35,2401.52,2397.09,2397.76,1777.7597,4266160.491117
2026-09-16 13:04:00,2397.77,2400.3,2397.18,2400.3,419.5361,1006182.726168
2026-09-16 13:05:00,2400.3,2401.73,2400.3,2400.38,142.5924,342330.426209
2026-09-16 13:06:00,2400.38,2400.98,2399.3,2400.56,207.6811,498465.332795
2026-09-16 13:07:00,2400.57,2400.99,2399.9,2400.55,60.28,144695.5043
2026-09-16 13:08:00,2400.55,2400.55,2400.01,2400.15,82.1955,197289.502491
2026-09-16 13:09:00,2400.15,2400.16,2399.34,2400.0,65.3903,156921.290473
2026-09-16 13:10:00,2400.0,2400.0,2396.83,2396.98,112.9965,270921.404793
2026-09-16 13:11:00,2396.98,2397.59,2396.83,2397.57,147.1117,352671.244482
2026-09-16 13:12:00,2397.57,2397.57,2395.29,2396.19,160.0758,383534.648119
2026-09-16 13:13:00,2396.19,2401.57,2396.19,2401.16,622.2392,1492770.383267
2026-09-16 13:14:00,2401.17,2402.22,2400.99,2401.88,140.6106,337698.441967
2026-09-16 13:15:00,2401.88,2404.45,2400.48,2404.45,182.4095,438280.104518
2026-09-16 13:16:00,2404.45,2405.97,2403.2,2403.35,555.1229,1335158.725171
2026-09-16 13:17:00,2403.36,2404.08,2402.3,2404.07,64.1874,154243.564973
2026-09-16 13:18:00,2404.07,2405.0,2403.68,2404.92,199.5322,479818.902999
2026-09-16 13:19:00,2404.91,2404.92,2402.06,2403.34,311.1463,747764.638906
2026-09-16 13:20:00,2403.33,2403.34,2400.0,2401.06,57.0432,136956.500207
2026-09-16 13:21:00,2401.06,2403.09,2400.73,2402.53,56.5757,135885.521156
2026-09-16 13:22:00,2402.53,2403.34,2402.36,2402.37,36.7079,88202.450094
2026-09-16 13:23:00,2402.37,2402.37,2399.54,2399.89,99.6181,239108.368816
2026-09-16 13:24:00,2399.89,2400.54,2399.78,2399.78,84.4987,202827.962584
2026-09-16 13:25:00,2399.79,2401.58,2398.56,2400.57,575.4786,1381205.692028
2026-09-16 13:26:00,2400.58,2403.31,2400.57,2402.19,168.0893,403889.591129
2026-09-16 13:27:00,2402.19,2403.97,2402.19,2403.72,42.8529,102975.407485
2026-09-16 13:28:00,2403.72,2403.73,2402.65,2402.73,38.9898,93702.002174
2026-09-16 13:29:00,2402.74,2402.74,2400.98,2400.98,26.5728,63824.286137
2026-09-16 13:30:00,2400.98,2402.4,2398.38,2398.4,183.2968,440003.953131
2026-09-16 13:31:00,2398.4,2400.66,2396.2,2399.18,671.656,1610848.78423
2026-09-16 13:32:00,2399.19,2400.59,2396.48,2398.11,489.8841,1175175.26294
2026-09-16 13:33:00,2398.11,2399.68,2397.23,2398.15,295.5027,708791.662654
2026-09-16 13:34:00,2398.15,2398.66,2395.59,2396.01,272.6866,653700.138861
2026-09-16 13:35:00,2396.01,2399.09,2396.01,2397.01,417.8195,1001516.61342
2026-09-16 13:36:00,2397.01,2397.01,2395.1,2395.11,143.7454,344376.568527
2026-09-16 13:37:00,2395.1,2395.7,2391.88,2392.99,306.1956,732907.080545
2026-09-16 13:38:00,2392.98,2393.39,2390.0,2393.38,445.8823,1066357.405138
2026-09-16 13:39:00,2393.39,2396.5,2391.3,2391.3,176.3603,422340.322369
2026-09-16 13:40:00,2391.3,2394.0,2390.72,2393.58,135.6306,324527.979173
2026-09-16 13:41:00,2393.57,2398.39,2393.1,2397.84,188.9655,452875.456345
2026-09-16 13:42:00,2397.83,2398.13,2395.16,2397.48,205.4308,492475.119571
2026-09-16 13:43:00,2397.49,2398.5,2396.61,2398.5,126.7853,303968.235313
2026-09-16 13:44:00,2398.5,2400.08,2398.49,2399.12,235.8265,565923.459477
2026-09-16 13:45:00,2399.12,2399.12,2396.32,2396.67,361.7431,867111.89518
2026-09-16 13:46:00,2396.68,2396.98,2392.07,2394.01,181.6559,434912.874331
2026-09-16 13:47:00,2394.02,2402.51,2393.82,2402.31,351.8333,843748.787133
2026-09-16 13:48:00,2402.31,2402.84,2399.75,2399.75,139.9903,336174.203178
2026-09-16 13:49:00,2399.58,2400.79,2398.01,2400.79,173.7893,416992.253792
2026-09-16 13:50:00,2400.79,2404.31,2399.68,2400.06,197.4289,474276.605543
2026-09-16 13:51:00,2400.07,2400.23,2396.88,2397.93,138.4674,332164.602281
2026-09-16 13:52:00,2397.93,2398.99,2395.94,2395.95,111.9229,268375.273835
2026-09-16 13:53:00,2395.95,2397.86,2394.32,2397.86,167.9991,402474.750172
2026-09-16 13:54:00,2397.85,2398.5,2395.45,2396.4,144.0556,345356.258305
2026-09-16 13:55:00,2396.39,2398.81,2396.32,2398.68,71.9721,172579.847421
2026-09-16 13:56:00,2398.68,2398.68,2396.6,2397.37,146.0736,350199.759274
2026-09-16 13:57:00,2397.37,2398.73,2396.89,2398.44,63.9448,153339.870906
2026-09-16 13:58:00,2398.44,2398.73,2395.76,2395.77,30.0892,72153.427342
2026-09-16 13:59:00,2395.76,2395.76,2392.56,2394.01,146.072,349660.565811
2026-09-16 14:00:00,2394.01,2394.5,2391.75,2391.95,151.4482,362382.432323
2026-09-16 14:01:00,2391.95,2394.63,2391.84,2392.52,72.0705,172455.952455
2026-09-16 14:02:00,2392.52,2392.53,2388.05,2388.66,862.2843,2060952.198527
2026-09-16 14:03:00,2388.66,2389.99,2387.6,2387.99,567.8368,1356152.655743
2026-09-16 14:04:00,2387.99,2391.58,2386.05,2391.2,727.1455,1736751.745625
2026-09-16 14:05:00,2391.2,2393.06,2389.92,2392.83,71.4337,170874.633468
