timestamp,open,high,low,close,volume,quote_volume
2025-05-04 16:00:00,14.1,14.13,13.96,14.01,243653.47,3418482.3147
2025-05-04 20:00:00,14.02,14.19,13.81,13.86,299691.24,4192504.7975
2025-05-05 00:00:00,13.86,14.03,13.77,13.88,427872.7,5960768.2826
2025-05-05 04:00:00,13.89,14.2,13.85,14.12,215583.04,3028661.0623
2025-05-05 08:00:00,14.12,14.15,13.66,13.74,521561.11,7233658.514
2025-05-05 12:00:00,13.74,13.83,13.52,13.56,746752.24,10220450.0351
2025-05-05 16:00:00,13.57,13.82,13.55,13.64,291918.28,3998006.3349
2025-05-05 20:00:00,13.63,13.77,13.48,13.65,244711.98,3334669.3761
2025-05-06 00:00:00,13.65,13.68,13.4,13.59,260647.02,3532634.3049
2025-05-06 04:00:00,13.59,13.63,13.49,13.52,214852.57,2913324.7498
2025-05-06 08:00:00,13.52,13.53,13.22,13.28,451536.62,6031240.9925
2025-05-06 12:00:00,13.29,13.51,13.2,13.39,364399.47,4864144.881
2025-05-06 16:00:00,13.39,13.7,13.32,13.61,401088.59,5417423.8634
2025-05-06 20:00:00,13.62,13.89,13.32,13.82,474387.79,6479418.2134
2025-05-07 00:00:00,13.82,14.09,13.78,13.93,448640.76,6257748.3952
2025-05-07 04:00:00,13.93,14.01,13.71,13.93,299620.97,4147492.5445
2025-05-07 08:00:00,13.93,13.99,13.77,13.87,309414.23,4293350.0398
2025-05-07 12:00:00,13.87,13.88,13.57,13.59,220398.17,3026455.832
2025-05-07 16:00:00,13.6,13.71,13.46,13.56,367957.48,4997478.1044
2025-05-07 20:00:00,13.56,13.92,13.54,13.82,227305.71,3122898.2468
2025-05-08 00:00:00,13.81,14.51,13.81,14.5,682895.41,9687521.0105
2025-05-08 04:00:00,14.5,14.74,14.46,14.69,684532.12,9965180.5404
2025-05-08 08:00:00,14.69,14.97,14.67,14.89,614355.24,9110895.5137
2025-05-08 12:00:00,14.9,15.43,14.8,15.23,1295062.25,19501605.7591
2025-05-08 16:00:00,15.23,15.6,15.17,15.55,1104355.7,16930103.7851
2025-05-08 20:00:00,15.55,15.99,15.48,15.88,1294837.49,20397231.8512
2025-05-09 00:00:00,15.89,15.96,15.64,15.69,810520.53,12827747.2163
2025-05-09 04:00:00,15.68,16.29,15.58,16.11,1339704.94,21304963.5261
2025-05-09 08:00:00,16.11,16.73,15.85,16.22,2509463.59,40848658.4518
2025-05-09 12:00:00,16.23,16.39,15.76,15.96,1069333.08,17167464.2802
2025-05-09 16:00:00,15.97,16.2,15.74,16.01,614454.74,9816188.7149
2025-05-09 20:00:00,16.01,16.09,15.91,16.01,559212.84,8951945.4311
2025-05-10 00:00:00,16.01,16.3,15.86,16.05,746506.41,12003729.4373
2025-05-10 04:00:00,16.06,16.42,15.89,16.36,693713.11,11233133.0458
2025-05-10 08:00:00,16.35,16.5,16.03,16.1,894890.82,14594171.3783
2025-05-10 12:00:00,16.1,16.51,16.09,16.42,720616.57,11799211.7391
2025-05-10 16:00:00,16.43,17.0,16.4,16.79,1134196.79,19023233.3719
2025-05-10 20:00:00,16.78,17.47,16.64,17.34,1040412.43,17868302.836
2025-05-11 00:00:00,17.34,17.42,16.79,16.94,1118598.04,19060067.338
2025-05-11 04:00:00,16.95,17.04,16.3,16.45,871237.63,14529039.2723
2025-05-11 08:00:00,16.46,16.69,16.38,16.67,534844.36,8855485.0272
2025-05-11 12:00:00,16.66,16.84,16.41,16.61,984722.25,16382143.2036
2025-05-11 16:00:00,16.62,17.07,16.43,16.95,699586.76,11732859.5601
2025-05-11 20:00:00,16.95,17.16,16.85,17.1,615663.74,10453474.0343
2025-05-12 00:00:00,17.1,17.35,16.79,17.16,781888.85,13362992.6488
2025-05-12 04:00:00,17.16,17.98,16.94,17.51,1086783.97,18997716.8398
2025-05-12 08:00:00,17.51,17.64,17.1,17.14,980603.73,17042859.5102
2025-05-12 12:00:00,17.13,17.59,16.69,16.84,1508579.49,25858843.4445
2025-05-12 16:00:00,16.83,17.03,16.03,16.53,1702801.09,28093607.871
2025-05-12 20:00:00,16.53,16.84,16.4,16.74,425179.85,7085879.6536
2025-05-13 00:00:00,16.74,16.74,16.05,16.08,826647.47,13501364.3553
2025-05-13 04:00:00,16.07,16.57,16.03,16.41,455879.18,7448369.7564
2025-05-13 08:00:00,16.42,16.78,16.36,16.66,521777.9,8650477.5067
2025-05-13 12:00:00,16.66,16.9,16.53,16.87,1183667.12,19779111.0997
2025-05-13 16:00:00,16.87,17.81,16.83,17.62,1240582.67,21455279.5878
2025-05-13 20:00:00,17.61,17.75,17.35,17.39,912211.08,15993552.2428
2025-05-14 00:00:00,17.4,17.53,17.06,17.23,824908.57,14262235.0279
2025-05-14 04:00:00,17.22,17.45,17.09,17.19,459157.97,7926443.6182
2025-05-14 08:00:00,17.19,17.25,16.81,17.11,661619.92,11266865.8487
2025-05-14 12:00:00,17.11,17.27,16.77,17.01,908000.81,15424593.0264
2025-05-14 16:00:00,17.0,17.1,16.67,17.01,496356.8,8398121.0028
2025-05-14 20:00:00,17.02,17.12,16.8,17.01,389112.8,6601501.8341
2025-05-15 00:00:00,17.02,17.21,16.68,16.71,418849.58,7093295.1473
2025-05-15 04:00:00,16.72,16.83,16.18,16.2,631545.66,10438134.1038
2025-05-15 08:00:00,16.21,16.56,16.08,16.32,737099.28,12023151.4904
2025-05-15 12:00:00,16.32,16.48,15.85,16.45,1052740.3,17044033.8274
2025-05-15 16:00:00,16.44,16.72,15.99,16.17,865108.06,14164730.8112
2025-05-15 20:00:00,16.18,16.32,15.69,16.04,894297.44,14321282.6003
2025-05-16 00:00:00,16.04,16.34,15.92,16.29,716385.75,11582365.7385
2025-05-16 04:00:00,16.3,16.5,16.15,16.35,414042.59,6761788.0005
2025-05-16 08:00:00,16.35,16.54,16.03,16.35,525546.67,8571028.4258
2025-05-16 12:00:00,16.35,16.39,16.08,16.25,538598.56,8755387.7965
2025-05-16 16:00:00,16.26,16.34,15.98,16.06,356536.16,5738853.743
2025-05-16 20:00:00,16.07,16.09,15.61,15.76,486217.96,7692943.4895
2025-05-17 00:00:00,15.76,15.79,15.24,15.51,730701.24,11305911.8525
2025-05-17 04:00:00,15.52,15.63,15.33,15.4,224120.58,3472080.123
2025-05-17 08:00:00,15.41,15.48,15.25,15.31,396308.6,6083794.3598
2025-05-17 12:00:00,15.31,15.42,15.12,15.3,362713.53,5540914.3649
2025-05-17 16:00:00,15.3,15.44,15.07,15.24,502209.22,7677558.9214
2025-05-17 20:00:00,15.24,15.49,15.14,15.32,418515.66,6414787.0068
2025-05-18 00:00:00,15.33,15.44,15.26,15.36,403530.87,6200547.6776
2025-05-18 04:00:00,15.37,15.75,15.36,15.73,373844.22,5827702.8096
2025-05-18 08:00:00,15.73,15.88,15.63,15.63,379636.04,5986077.9657
2025-05-18 12:00:00,15.63,16.36,15.55,16.35,680985.45,10870789.8988
2025-05-18 16:00:00,16.35,16.4,15.18,15.19,1241115.22,19598287.6483
2025-05-18 20:00:00,15.18,15.97,14.88,15.88,1207767.07,18472066.8385
2025-05-19 00:00:00,15.88,16.01,15.12,15.14,692296.96,10718299.92
2025-05-19 04:00:00,15.15,15.29,14.84,15.18,670242.39,10100589.6321
2025-05-19 08:00:00,15.19,15.31,15.1,15.21,434787.79,6613553.3262
2025-05-19 12:00:00,15.21,15.51,15.01,15.47,738618.86,11299448.9977
2025-05-19 16:00:00,15.47,15.92,15.35,15.78,1282448.38,20086212.8749
2025-05-19 20:00:00,15.77,15.85,15.65,15.78,512425.01,8070331.9987
2025-05-20 00:00:00,15.79,16.42,15.66,16.13,1044221.23,16788390.0427
2025-05-20 04:00:00,16.13,16.3,15.89,15.95,786018.59,12667379.0428
2025-05-20 08:00:00,15.94,16.04,15.53,15.67,690821.76,10924778.6334
2025-05-20 12:00:00,15.67,15.68,15.42,15.54,725433.14,11258386.592
2025-05-20 16:00:00,15.53,15.68,15.24,15.6,601321.06,9307023.3812
2025-05-20 20:00:00,15.6,15.82,15.5,15.71,541453.32,8482099.0056
2025-05-21 00:00:00,15.71,15.93,15.52,15.86,568213.47,8947947.5613
2025-05-21 04:00:00,15.87,16.09,15.79,15.84,847496.17,13513454.4016
2025-05-21 08:00:00,15.85,16.25,15.57,15.87,1077255.3,17167813.9014
2025-05-21 12:00:00,15.88,16.17,15.62,16.11,1041454.38,16599334.3404
2025-05-21 16:00:00,16.12,16.49,15.54,15.96,1840549.75,29244010.3407
2025-05-21 20:00:00,15.96,16.33,15.76,16.1,718493.0,11526277.992
2025-05-22 00:00:00,16.1,16.52,16.04,16.42,705386.08,11453787.0561
2025-05-22 04:00:00,16.41,16.49,16.21,16.42,670357.43,10964529.4052
2025-05-22 08:00:00,16.41,16.75,16.39,16.61,934683.16,15497634.52
2025-05-22 12:00:00,16.62,16.9,16.38,16.8,1199534.12,19994335.8372
2025-05-22 16:00:00,16.81,16.91,16.61,16.65,536637.65,8996991.8288
2025-05-22 20:00:00,16.66,16.78,16.53,16.74,496285.92,8266263.8226
2025-05-23 00:00:00,16.74,17.16,16.59,17.12,966431.12,16291280.0431
2025-05-23 04:00:00,17.13,17.15,16.56,16.67,837141.56,14066285.0076
2025-05-23 08:00:00,16.68,17.12,16.21,16.3,1186958.3,19839493.8534
2025-05-23 12:00:00,16.31,16.48,15.78,16.2,1892240.14,30577936.747
2025-05-23 16:00:00,16.2,16.38,16.03,16.04,555127.79,8969432.2207
2025-05-23 20:00:00,16.04,16.05,15.42,15.53,752733.88,11855471.7266
2025-05-24 00:00:00,15.53,15.82,15.44,15.74,627592.64,9813210.2889
2025-05-24 04:00:00,15.74,15.88,15.64,15.68,391870.66,6174371.6554
2025-05-24 08:00:00,15.69,15.91,15.62,15.76,402286.01,6343499.5958
2025-05-24 12:00:00,15.76,15.8,15.58,15.65,418091.66,6557281.9239
2025-05-24 16:00:00,15.65,15.69,15.42,15.5,311877.42,4848783.1427
2025-05-24 20:00:00,15.51,15.51,15.24,15.34,450021.15,6909682.1578
2025-05-25 00:00:00,15.34,15.51,15.11,15.47,491803.91,7519717.9005
2025-05-25 04:00:00,15.47,15.47,15.26,15.29,220337.7,3384176.9031
2025-05-25 08:00:00,15.3,15.3,15.06,15.15,314541.64,4764569.323
2025-05-25 12:00:00,15.15,15.31,14.86,15.03,563991.15,8501509.4206
2025-05-25 16:00:00,15.02,15.18,14.88,15.13,262436.51,3940795.849
2025-05-25 20:00:00,15.13,15.56,15.0,15.54,383006.77,5878809.6676
2025-05-26 00:00:00,15.54,15.8,15.49,15.69,406930.98,6361679.1111
2025-05-26 04:00:00,15.69,15.94,15.58,15.93,286683.97,4525940.7075
2025-05-26 08:00:00,15.93,15.96,15.69,15.74,340260.35,5382888.6595
2025-05-26 12:00:00,15.75,15.81,15.42,15.77,487407.44,7605564.0739
2025-05-26 16:00:00,15.77,15.83,15.4,15.49,294424.79,4576797.1971
2025-05-26 20:00:00,15.48,15.68,15.4,15.54,327929.71,5091387.3282
2025-05-27 00:00:00,15.54,15.6,15.15,15.45,457322.64,7024877.1029
2025-05-27 04:00:00,15.46,15.9,15.44,15.84,495968.78,7797718.6061
2025-05-27 08:00:00,15.85,15.98,15.82,15.95,459345.67,7302176.2284
2025-05-27 12:00:00,15.96,16.11,15.72,16.0,558632.01,8903385.9365
2025-05-27 16:00:00,16.0,16.13,15.87,15.93,269134.46,4304351.5903
2025-05-27 20:00:00,15.93,16.02,15.78,15.91,273046.66,4344621.7561
2025-05-28 00:00:00,15.91,16.06,15.71,16.04,270550.46,4300466.9388
2025-05-28 04:00:00,16.03,16.16,15.78,15.87,256929.48,4097863.5072
2025-05-28 08:00:00,15.88,16.01,15.73,15.98,280122.09,4449593.9813
2025-05-28 12:00:00,15.98,16.1,15.43,15.45,746704.82,11760328.5519
2025-05-28 16:00:00,15.45,15.68,15.31,15.32,390594.2,6051275.0827
2025-05-28 20:00:00,15.32,15.77,15.31,15.69,342384.37,5315761.463
2025-05-29 00:00:00,15.69,16.19,15.58,16.03,905952.59,14464044.6216
2025-05-29 04:00:00,16.02,16.07,15.68,15.79,500053.02,7914077.1173
2025-05-29 08:00:00,15.8,15.93,15.71,15.85,348663.98,5523598.2517
2025-05-29 12:00:00,15.86,15.86,15.31,15.36,729022.97,11299763.8244
2025-05-29 16:00:00,15.35,15.49,15.14,15.19,532111.79,8152995.5137
2025-05-29 20:00:00,15.19,15.3,15.0,15.05,454624.34,6888060.3231
2025-05-30 00:00:00,15.05,15.12,14.19,14.7,2344625.63,34218173.5902
2025-05-30 04:00:00,14.7,14.76,14.43,14.49,555198.42,8108534.709
2025-05-30 08:00:00,14.5,14.59,14.29,14.54,820130.58,11859256.9636
2025-05-30 12:00:00,14.53,14.6,14.23,14.25,771571.83,11110505.4483
2025-05-30 16:00:00,14.25,14.35,13.81,14.26,1065001.99,14966634.1436
2025-05-30 20:00:00,14.26,14.28,13.76,13.9,549568.3,7705800.7118
2025-05-31 00:00:00,13.89,13.94,13.39,13.56,1148085.84,15659664.986
2025-05-31 04:00:00,13.56,13.76,13.42,13.71,578184.94,7880849.0617
2025-05-31 08:00:00,13.71,13.9,13.62,13.67,367617.19,5053262.767
2025-05-31 12:00:00,13.67,14.02,13.65,13.87,448741.43,6237976.4942
2025-05-31 16:00:00,13.88,14.18,13.83,14.12,345039.34,4843410.9516
2025-05-31 20:00:00,14.13,14.19,13.95,13.97,354208.83,4992729.6349
2025-06-01 00:00:00,13.97,13.98,13.75,13.84,291496.05,4042860.7693
2025-06-01 04:00:00,13.85,14.0,13.8,13.87,170485.85,2367810.9359
2025-06-01 08:00:00,13.87,13.89,13.58,13.81,420721.03,5776449.9319
2025-06-01 12:00:00,13.82,13.97,13.7,13.95,210790.14,2922266.9724
2025-06-01 16:00:00,13.94,14.1,13.78,14.0,359307.55,5024502.8442
2025-06-01 20:00:00,14.01,14.13,13.94,14.06,220636.8,3100408.4774
2025-06-02 00:00:00,14.06,14.09,13.81,13.87,207241.7,2894999.0631
2025-06-02 04:00:00,13.87,13.99,13.78,13.89,144917.47,2010872.0491
2025-06-02 08:00:00,13.89,13.97,13.64,13.68,310148.23,4261364.4896
2025-06-02 12:00:00,13.68,13.83,13.63,13.71,392596.54,5383601.2546
2025-06-02 16:00:00,13.71,13.85,13.59,13.68,300724.22,4123894.6373
2025-06-02 20:00:00,13.68,14.12,13.68,14.07,448042.32,6256570.9566
2025-06-03 00:00:00,14.08,14.45,14.03,14.15,626414.34,8909420.1416
2025-06-03 04:00:00,14.14,14.23,14.04,14.13,299332.23,4234590.0021
2025-06-03 08:00:00,14.13,14.17,14.0,14.09,274641.08,3866016.6226
2025-06-03 12:00:00,14.08,14.45,14.04,14.33,703578.47,10044563.5522
2025-06-03 16:00:00,14.33,14.41,14.22,14.35,236259.09,3380347.4545
2025-06-03 20:00:00,14.36,14.36,13.98,14.11,257145.46,3632342.7048
2025-06-04 00:00:00,14.12,14.4,14.05,14.33,250678.59,3580960.2059
2025-06-04 04:00:00,14.34,14.41,14.23,14.28,196691.74,2812564.2055
2025-06-04 08:00:00,14.29,14.48,14.19,14.19,287627.16,4125791.3725
2025-06-04 12:00:00,14.2,14.24,13.96,14.18,424991.73,5995709.2181
2025-06-04 16:00:00,14.17,14.18,13.89,13.9,220580.42,3094572.6443
2025-06-04 20:00:00,13.9,13.95,13.7,13.83,317640.73,4389482.998
2025-06-05 00:00:00,13.84,13.96,13.74,13.88,338281.31,4682241.305
2025-06-05 04:00:00,13.89,13.94,13.71,13.74,316331.87,4366918.0932
2025-06-05 08:00:00,13.75,13.84,13.63,13.77,330820.18,4546333.5229
2025-06-05 12:00:00,13.77,14.04,13.52,13.72,642776.17,8856642.6333
2025-06-05 16:00:00,13.71,13.73,13.08,13.19,1105220.98,14732247.4674
2025-06-05 20:00:00,13.19,13.24,12.64,12.89,1591761.28,20478414.0218
2025-06-06 00:00:00,12.89,13.2,12.82,13.19,395648.92,5141580.9649
2025-06-06 04:00:00,13.19,13.27,13.09,13.18,304236.37,4013804.4738
2025-06-06 08:00:00,13.18,13.28,13.15,13.21,337474.42,4456598.8239
2025-06-06 12:00:00,13.22,13.69,13.19,13.54,1238177.35,16676613.2156
2025-06-06 16:00:00,13.53,13.62,13.41,13.47,413414.06,5587290.2219
2025-06-06 20:00:00,13.48,13.62,13.44,13.56,203303.68,2755034.573
2025-06-07 00:00:00,13.57,13.84,13.48,13.8,275178.55,3759884.4481
2025-06-07 04:00:00,13.8,14.07,13.74,14.02,366892.84,5115349.7542
2025-06-07 08:00:00,14.02,14.08,13.91,13.99,380698.79,5324693.7324
2025-06-07 12:00:00,13.99,14.08,13.89,13.94,362914.17,5077664.9093
2025-06-07 16:00:00,13.93,13.96,13.76,13.82,198891.17,2752125.0187
2025-06-07 20:00:00,13.81,13.92,13.76,13.83,212331.57,2937592.6052
2025-06-08 00:00:00,13.82,13.86,13.74,13.79,182748.95,2522186.4663
2025-06-08 04:00:00,13.79,13.83,13.72,13.74,122034.18,1680091.5539
2025-06-08 08:00:00,13.74,13.78,13.55,13.76,298138.58,4074383.9954
2025-06-08 12:00:00,13.77,13.88,13.68,13.76,210088.37,2892391.3577
2025-06-08 16:00:00,13.76,13.91,13.75,13.91,208799.96,2890637.8538
2025-06-08 20:00:00,13.91,13.98,13.66,13.73,279821.29,3865958.9905
2025-06-09 00:00:00,13.73,13.8,13.62,13.72,202799.99,2781610.617
2025-06-09 04:00:00,13.71,13.73,13.54,13.67,178218.73,2427754.6574
2025-06-09 08:00:00,13.66,13.96,13.56,13.9,559717.47,7706976.2686
2025-06-09 12:00:00,13.9,14.01,13.76,13.93,336592.84,4680083.7511
2025-06-09 16:00:00,13.93,14.1,13.93,14.01,361184.58,5071536.3023
2025-06-09 20:00:00,14.02,14.4,14.02,14.36,501077.56,7154057.5045
2025-06-10 00:00:00,14.36,14.63,14.32,14.48,453851.67,6580717.0569
2025-06-10 04:00:00,14.48,14.57,14.32,14.48,324164.57,4683019.3157
2025-06-10 08:00:00,14.48,15.23,14.42,15.17,953757.91,14179457.4566
2025-06-10 12:00:00,15.17,15.35,14.81,15.09,1170107.29,17689966.0245
2025-06-10 16:00:00,15.09,15.53,15.04,15.27,1285736.23,19645722.4948
2025-06-10 20:00:00,15.28,15.46,15.13,15.45,422629.13,6474179.6839
2025-06-11 00:00:00,15.45,15.52,15.13,15.3,455232.77,6960292.961
2025-06-11 04:00:00,15.3,15.45,15.19,15.39,306329.7,4690798.1719
2025-06-11 08:00:00,15.39,15.51,15.07,15.18,952608.95,14522452.5215
2025-06-11 12:00:00,15.18,15.66,15.08,15.61,1310473.59,20200233.0445
2025-06-11 16:00:00,15.62,15.64,15.09,15.15,774537.28,11885548.3778
2025-06-11 20:00:00,15.15,15.25,14.77,14.89,543514.28,8123844.8015
2025-06-12 00:00:00,14.89,14.93,14.58,14.65,438151.31,6467339.4529
2025-06-12 04:00:00,14.65,14.68,14.42,14.42,424407.51,6179542.1638
2025-06-12 08:00:00,14.43,14.48,14.05,14.13,1168159.76,16645433.1172
2025-06-12 12:00:00,14.12,14.51,14.09,14.26,716278.6,10256488.6991
2025-06-12 16:00:00,14.25,14.58,14.08,14.13,496998.68,7133474.1159
2025-06-12 20:00:00,14.13,14.19,13.83,13.97,713938.92,10003823.8467
2025-06-13 00:00:00,13.98,13.99,12.75,13.26,3165139.89,41632141.0902
2025-06-13 04:00:00,13.26,13.3,13.02,13.24,799724.8,10558319.1847
2025-06-13 08:00:00,13.24,13.41,13.13,13.33,502729.84,6655707.0906
2025-06-13 12:00:00,13.33,13.49,13.11,13.41,893413.88,11874118.759
2025-06-13 16:00:00,13.41,13.6,13.03,13.13,867105.8,11484492.6776
2025-06-13 20:00:00,13.14,13.46,13.09,13.44,301565.11,4009765.7099
2025-06-14 00:00:00,13.45,13.46,13.24,13.26,322025.22,4295775.7208
2025-06-14 04:00:00,13.26,13.34,13.13,13.21,196573.18,2603579.988
2025-06-14 08:00:00,13.21,13.22,13.09,13.16,315407.29,4146813.1687
2025-06-14 12:00:00,13.16,13.2,12.9,13.0,429968.05,5615581.9229
2025-06-14 16:00:00,13.0,13.08,12.83,13.0,385628.23,4998614.5037
2025-06-14 20:00:00,13.0,13.21,12.92,13.15,199475.32,2613259.4105
2025-06-15 00:00:00,13.16,13.27,13.14,13.23,119431.15,1578458.526
2025-06-15 04:00:00,13.23,13.33,13.11,13.16,225988.28,2984570.1492
2025-06-15 08:00:00,13.16,13.17,13.02,13.08,154710.74,2024474.3746
2025-06-15 12:00:00,13.08,13.31,13.05,13.17,388566.09,5132914.2464
2025-06-15 16:00:00,13.18,13.24,13.1,13.13,220979.95,2911832.3171
2025-06-15 20:00:00,13.14,13.32,13.0,13.3,348278.14,4587290.1763
2025-06-16 00:00:00,13.3,13.49,13.17,13.38,284977.72,3803039.0107
2025-06-16 04:00:00,13.38,13.74,13.37,13.68,429516.23,5842681.9949
2025-06-16 08:00:00,13.68,13.75,13.55,13.68,232535.54,3174930.2105
2025-06-16 12:00:00,13.68,13.9,13.63,13.8,487285.36,6722956.0094
2025-06-16 16:00:00,13.8,14.09,13.79,14.06,322209.61,4488015.0186
2025-06-16 20:00:00,14.06,14.17,13.52,13.56,1002024.3,13863916.6138
2025-06-17 00:00:00,13.57,13.79,13.31,13.67,1289480.21,17522039.0178
2025-06-17 04:00:00,13.67,13.74,13.47,13.5,419238.82,5696851.237
2025-06-17 08:00:00,13.5,13.52,13.2,13.26,293563.22,3917476.5765
2025-06-17 12:00:00,13.25,13.37,12.93,13.06,692083.62,9112705.5486
2025-06-17 16:00:00,13.06,13.25,12.8,13.16,694598.64,9020325.5699
2025-06-17 20:00:00,13.16,13.2,12.86,12.99,337645.68,4390372.9728
2025-06-18 00:00:00,13.0,13.16,12.97,13.07,261078.16,3408625.1693
2025-06-18 04:00:00,13.08,13.23,13.03,13.09,218902.75,2872684.2129
2025-06-18 08:00:00,13.09,13.14,12.69,12.86,454032.73,5832437.7672
2025-06-18 12:00:00,12.86,13.0,12.63,12.89,658658.94,8445302.4326
2025-06-18 16:00:00,12.9,12.94,12.69,12.77,567924.55,7278656.0221
2025-06-18 20:00:00,12.78,13.15,12.74,13.11,413315.09,5389090.9323
2025-06-19 00:00:00,13.12,13.25,13.02,13.21,260476.11,3421634.1613
2025-06-19 04:00:00,13.21,13.28,13.12,13.13,299626.1,3952416.4744
2025-06-19 08:00:00,13.12,13.38,13.12,13.16,315137.43,4174443.8309
2025-06-19 12:00:00,13.16,13.22,12.94,12.95,407307.92,5313060.6815
2025-06-19 16:00:00,12.95,13.17,12.91,13.03,272118.48,3546156.459
2025-06-19 20:00:00,13.02,13.16,12.99,13.07,296619.79,3879144.0939
2025-06-20 00:00:00,13.07,13.12,12.99,13.0,183331.51,2394249.5761
2025-06-20 04:00:00,13.0,13.19,12.89,13.18,278675.5,3627820.3837
2025-06-20 08:00:00,13.18,13.29,13.07,13.13,369833.79,4869107.8416
2025-06-20 12:00:00,13.14,13.25,12.83,12.9,458546.79,5984189.9767
2025-06-20 16:00:00,12.9,12.92,12.3,12.58,1069591.46,13412067.2702
2025-06-20 20:00:00,12.57,12.73,12.37,12.51,378617.0,4735408.9492
2025-06-21 00:00:00,12.51,12.73,12.49,12.69,130001.04,1640936.6665
2025-06-21 04:00:00,12.69,12.71,12.58,12.63,185795.65,2351446.4047
2025-06-21 08:00:00,12.64,12.75,12.63,12.68,155250.58,1969942.7953
2025-06-21 12:00:00,12.67,12.7,12.39,12.5,254392.42,3186510.6377
2025-06-21 16:00:00,12.49,12.56,12.18,12.2,355267.81,4391017.5191
2025-06-21 20:00:00,12.19,12.33,11.69,12.03,1525072.65,18205542.0271
2025-06-22 00:00:00,12.03,12.2,11.83,11.91,652897.52,7836259.5699
2025-06-22 04:00:00,11.91,12.1,11.87,11.97,310418.88,3727494.9162
2025-06-22 08:00:00,11.96,12.01,11.78,11.89,521180.93,6195634.5725
2025-06-22 12:00:00,11.9,11.97,11.29,11.45,2455896.51,28250569.9036
2025-06-22 16:00:00,11.44,11.58,11.2,11.22,594787.21,6777460.1879
2025-06-22 20:00:00,11.22,11.67,10.94,11.65,1383608.55,15575843.2455
2025-06-23 00:00:00,11.65,11.77,11.55,11.64,468846.21,5469767.4663
2025-06-23 04:00:00,11.63,11.92,11.62,11.85,311046.78,3669577.617
2025-06-23 08:00:00,11.85,11.91,11.75,11.85,297062.69,3516824.0794
2025-06-23 12:00:00,11.85,12.1,11.68,11.76,910022.92,10852254.43
2025-06-23 16:00:00,11.76,12.18,11.39,12.15,1280708.32,15078225.8499
2025-06-23 20:00:00,12.14,12.97,12.12,12.82,1143647.59,14466799.0324
2025-06-24 00:00:00,12.83,13.06,12.78,12.95,571257.96,7374101.2381
2025-06-24 04:00:00,12.95,13.33,12.92,13.03,615006.68,8079134.3958
2025-06-24 08:00:00,13.03,13.27,12.93,13.16,625879.57,8191694.7471
2025-06-24 12:00:00,13.16,13.43,13.06,13.35,1393514.34,18494107.0419
2025-06-24 16:00:00,13.36,13.73,13.27,13.35,727513.45,9826341.4436
2025-06-24 20:00:00,13.35,13.42,13.28,13.42,255194.46,3408270.8743
2025-06-25 00:00:00,13.42,13.51,13.29,13.36,368113.15,4934780.518
2025-06-25 04:00:00,13.36,13.47,13.25,13.46,340689.52,4548157.5529
2025-06-25 08:00:00,13.46,13.48,13.19,13.28,418876.6,5576647.9369
2025-06-25 12:00:00,13.28,13.33,13.02,13.05,807196.97,10634959.2718
2025-06-25 16:00:00,13.06,13.25,12.99,13.23,353927.25,4643638.44
2025-06-25 20:00:00,13.23,13.31,13.04,13.13,182967.54,2411150.2414
2025-06-26 00:00:00,13.14,13.57,13.06,13.34,410048.52,5460530.8236
2025-06-26 04:00:00,13.35,13.44,13.2,13.38,216332.13,2883075.8297
2025-06-26 08:00:00,13.38,13.46,13.14,13.19,308110.88,4091962.757
2025-06-26 12:00:00,13.2,13.21,12.94,13.12,468869.52,6132270.2728
2025-06-26 16:00:00,13.11,13.16,12.99,13.11,192336.64,2516030.8493
2025-06-26 20:00:00,13.11,13.28,12.88,12.94,297649.11,3877797.7846
2025-06-27 00:00:00,12.94,13.17,12.77,13.13,251353.53,3261875.1396
2025-06-27 04:00:00,13.12,13.23,13.0,13.03,169537.71,2224079.3439
2025-06-27 08:00:00,13.02,13.21,13.01,13.04,208709.07,2731560.8944
2025-06-27 12:00:00,13.04,13.12,12.86,13.05,381257.56,4941170.7568
2025-06-27 16:00:00,13.05,13.19,12.73,12.88,397945.3,5156812.2292
2025-06-27 20:00:00,12.88,13.07,12.86,13.05,149402.14,1942430.4291
2025-06-28 00:00:00,13.05,13.18,13.0,13.15,183366.47,2403977.1678
2025-06-28 04:00:00,13.16,13.18,13.08,13.16,176391.73,2315387.9056
2025-06-28 08:00:00,13.17,13.19,13.09,13.09,162716.8,2137183.7198
2025-06-28 12:00:00,13.1,13.29,13.04,13.27,169552.09,2227675.9599
2025-06-28 16:00:00,13.28,13.41,13.22,13.31,327046.28,4355680.3225
2025-06-28 20:00:00,13.31,13.45,13.28,13.39,181040.53,2422160.2666
2025-06-29 00:00:00,13.4,13.44,13.27,13.29,140852.66,1881796.4502
2025-06-29 04:00:00,13.29,13.44,13.26,13.44,109902.76,1466510.0922
2025-06-29 08:00:00,13.44,13.48,13.38,13.44,203747.18,2737189.485
2025-06-29 12:00:00,13.44,13.46,13.26,13.28,181170.55,2419438.4362
2025-06-29 16:00:00,13.29,13.42,13.24,13.34,168851.31,2252749.5523
2025-06-29 20:00:00,13.35,13.88,13.25,13.7,694153.77,9465693.7246
2025-06-30 00:00:00,13.71,13.78,13.48,13.5,406497.39,5539492.8424
2025-06-30 04:00:00,13.5,13.5,13.19,13.34,336734.04,4499309.4086
2025-06-30 08:00:00,13.34,13.37,13.17,13.2,258578.62,3425226.9007
2025-06-30 12:00:00,13.21,13.45,13.12,13.38,762850.58,10125470.3738
2025-06-30 16:00:00,13.37,13.64,13.26,13.62,463015.56,6203524.6943
2025-06-30 20:00:00,13.62,13.67,13.36,13.38,286329.58,3864022.0738
2025-07-01 00:00:00,13.37,13.44,13.23,13.32,212604.3,2830748.3918
2025-07-01 04:00:00,13.32,13.32,13.09,13.23,231379.67,3054514.7622
2025-07-01 08:00:00,13.22,13.27,13.11,13.14,254226.36,3352809.9663
2025-07-01 12:00:00,13.14,13.17,12.94,13.0,449384.45,5861815.9986
2025-07-01 16:00:00,13.01,13.07,12.82,12.82,310354.75,4014452.0665
2025-07-01 20:00:00,12.82,12.93,12.78,12.9,276113.28,3550119.5012
2025-07-02 00:00:00,12.9,12.96,12.73,12.91,308125.36,3962919.2555
2025-07-02 04:00:00,12.91,13.09,12.88,13.04,334356.69,4351999.828
2025-07-02 08:00:00,13.04,13.19,13.04,13.08,204703.18,2682478.938
2025-07-02 12:00:00,13.09,13.38,12.99,13.36,547210.32,7224719.7448
2025-07-02 16:00:00,13.36,13.79,13.36,13.77,1336926.47,18232366.4424
2025-07-02 20:00:00,13.78,13.85,13.54,13.56,532628.44,7306999.5194
2025-07-03 00:00:00,13.55,13.61,13.43,13.46,325421.09,4402471.1431
2025-07-03 04:00:00,13.46,13.91,13.45,13.88,558032.51,7659443.5958
2025-07-03 08:00:00,13.89,13.97,13.72,13.81,393345.98,5450430.2006
2025-07-03 12:00:00,13.81,14.08,13.58,13.62,1245508.48,17231555.0755
2025-07-03 16:00:00,13.61,13.78,13.6,13.7,305545.25,4183272.881
2025-07-03 20:00:00,13.7,13.8,13.64,13.67,233199.95,3199969.5524
2025-07-04 00:00:00,13.66,13.78,13.55,13.6,292193.35,3991288.6309
2025-07-04 04:00:00,13.6,13.62,13.36,13.37,331956.47,4473181.7657
2025-07-04 08:00:00,13.37,13.47,13.22,13.35,596218.76,7965010.9318
2025-07-04 12:00:00,13.34,13.4,13.05,13.08,410299.8,5415912.7827
2025-07-04 16:00:00,13.08,13.11,12.93,13.02,311836.13,4063289.0002
2025-07-04 20:00:00,13.01,13.25,13.0,13.16,203460.26,2669757.8809
2025-07-05 00:00:00,13.16,13.23,13.07,13.2,166592.09,2195785.4679
2025-07-05 04:00:00,13.2,13.27,13.15,13.19,136669.15,1804628.3714
2025-07-05 08:00:00,13.19,13.26,13.1,13.24,113365.62,1493921.1252
2025-07-05 12:00:00,13.24,13.25,13.11,13.12,129798.14,1709399.4278
2025-07-05 16:00:00,13.13,13.17,12.99,13.12,136788.2,1787918.3347
2025-07-05 20:00:00,13.11,13.27,13.1,13.23,217313.34,2869465.2157
2025-07-06 00:00:00,13.23,13.24,13.15,13.21,108425.83,1430770.926
2025-07-06 04:00:00,13.21,13.26,13.14,13.15,122166.77,1611638.0458
2025-07-06 08:00:00,13.15,13.21,13.1,13.21,112576.12,1480551.2768
2025-07-06 12:00:00,13.2,13.5,13.16,13.43,394107.16,5271593.0184
2025-07-06 16:00:00,13.44,13.49,13.28,13.38,251970.9,3381880.1671
2025-07-06 20:00:00,13.39,13.7,13.38,13.48,360308.96,4891548.0395
2025-07-07 00:00:00,13.49,13.67,13.41,13.55,189171.88,2559585.8202
2025-07-07 04:00:00,13.56,13.73,13.49,13.62,474258.44,6449775.0519
2025-07-07 08:00:00,13.62,13.67,13.52,13.57,247385.78,3360576.7493
2025-07-07 12:00:00,13.57,13.69,13.45,13.53,364710.98,4940450.6996
2025-07-07 16:00:00,13.53,13.59,13.31,13.43,368456.77,4952562.1121
2025-07-07 20:00:00,13.43,13.44,13.25,13.44,186724.97,2493320.7494
2025-07-08 00:00:00,13.43,13.47,13.2,13.24,270126.25,3594711.4659
2025-07-08 04:00:00,13.25,13.36,13.2,13.36,155622.35,2069042.878
2025-07-08 08:00:00,13.35,13.54,13.25,13.5,176896.74,2368421.0714
2025-07-08 12:00:00,13.5,13.69,13.42,13.5,620308.15,8409828.1388
2025-07-08 16:00:00,13.5,13.94,13.45,13.92,550880.98,7595582.6458
2025-07-08 20:00:00,13.91,14.0,13.78,13.96,291127.75,4048071.2261
2025-07-09 00:00:00,13.97,13.99,13.83,13.84,248290.04,3450788.1286
2025-07-09 04:00:00,13.85,14.22,13.81,14.15,637951.47,8983072.3914
2025-07-09 08:00:00,14.14,14.19,13.97,14.02,388382.95,5459941.1259
2025-07-09 12:00:00,14.03,14.19,13.9,14.01,715197.56,10057854.71
2025-07-09 16:00:00,14.02,14.37,13.92,14.29,789394.48,11125863.1398
2025-07-09 20:00:00,14.29,14.38,14.1,14.25,608170.9,8667272.9266
2025-07-10 00:00:00,14.25,14.38,14.15,14.32,357595.0,5105336.2033
2025-07-10 04:00:00,14.32,14.49,14.23,14.4,789428.81,11327484.8118
2025-07-10 08:00:00,14.4,14.48,14.29,14.33,247336.5,3555233.9028
2025-07-10 12:00:00,14.32,14.4,14.22,14.34,376770.15,5388997.6695
2025-07-10 16:00:00,14.34,14.75,14.32,14.66,640178.71,9333263.5033
2025-07-10 20:00:00,14.66,15.34,14.64,15.23,1377937.51,20770471.3583
2025-07-11 00:00:00,15.24,15.43,15.01,15.37,701119.25,10699471.3605
2025-07-11 04:00:00,15.36,15.61,15.22,15.27,795611.56,12278337.8883
2025-07-11 08:00:00,15.27,15.6,15.23,15.44,742141.55,11446742.1105
2025-07-11 12:00:00,15.44,15.88,15.41,15.48,1488188.69,23290036.0818
2025-07-11 16:00:00,15.48,15.84,15.42,15.81,644146.51,10074444.6868
2025-07-11 20:00:00,15.8,15.82,15.02,15.28,709443.3,10885881.0096
2025-07-12 00:00:00,15.29,15.48,15.04,15.37,414766.36,6342237.1771
2025-07-12 04:00:00,15.37,15.4,15.11,15.24,354196.13,5397846.2738
2025-07-12 08:00:00,15.24,15.42,15.19,15.26,285572.4,4373911.4858
2025-07-12 12:00:00,15.27,15.31,14.7,14.83,653862.11,9781973.5631
2025-07-12 16:00:00,14.84,15.09,14.76,15.05,204512.14,3060136.8606
2025-07-12 20:00:00,15.05,15.14,14.85,15.11,148010.78,2221507.0948
2025-07-13 00:00:00,15.11,15.21,15.04,15.14,208427.17,3152304.6251
2025-07-13 04:00:00,15.14,15.37,15.09,15.36,266831.1,4067192.6324
2025-07-13 08:00:00,15.37,15.42,15.25,15.42,218717.93,3356539.1386
2025-07-13 12:00:00,15.41,15.95,15.36,15.69,1130525.49,17740268.8799
2025-07-13 16:00:00,15.7,15.92,15.54,15.79,477132.46,7515066.3345
2025-07-13 20:00:00,15.79,15.9,15.47,15.66,462639.62,7242733.2391
2025-07-14 00:00:00,15.66,16.28,15.61,16.15,742611.92,11821463.6958
2025-07-14 04:00:00,16.15,16.3,15.94,16.16,768438.14,12397646.0064
2025-07-14 08:00:00,16.16,16.32,15.93,16.24,699451.46,11295231.215
2025-07-14 12:00:00,16.24,16.47,15.82,15.98,985075.72,15968214.5047
2025-07-14 16:00:00,15.97,16.16,15.69,15.75,562342.76,8943426.6832
2025-07-14 20:00:00,15.75,15.88,15.57,15.75,749667.92,11809546.2661
2025-07-15 00:00:00,15.76,15.89,15.17,15.28,1058071.26,16369108.2005
2025-07-15 04:00:00,15.27,15.52,15.14,15.4,435114.96,6698911.1703
2025-07-15 08:00:00,15.41,15.53,15.28,15.36,390920.4,6016007.203
2025-07-15 12:00:00,15.37,15.73,15.18,15.57,922439.62,14266636.2399
2025-07-15 16:00:00,15.57,16.2,15.56,15.63,1199336.0,19021050.1473
2025-07-15 20:00:00,15.62,16.17,15.57,16.11,638098.7,10145367.748
2025-07-16 00:00:00,16.11,16.22,15.85,15.92,521266.44,8367820.1564
2025-07-16 04:00:00,15.93,16.4,15.82,16.31,536370.09,8652552.3848
2025-07-16 08:00:00,16.31,16.62,16.31,16.4,1333595.12,21963189.3735
2025-07-16 12:00:00,16.4,16.84,16.39,16.61,1150668.64,19081786.1737
2025-07-16 16:00:00,16.61,17.04,16.58,16.87,990543.66,16665357.5653
2025-07-16 20:00:00,16.87,17.03,16.6,16.67,754643.47,12717361.6611
2025-07-17 00:00:00,16.68,16.86,16.32,16.42,580124.29,9607015.1394
2025-07-17 04:00:00,16.42,17.01,16.36,16.99,684395.68,11499228.7634
2025-07-17 08:00:00,16.98,17.28,16.88,17.09,834586.22,14283038.3774
2025-07-17 12:00:00,17.08,17.32,16.79,17.15,974189.5,16646432.183
2025-07-17 16:00:00,17.14,17.33,16.77,17.06,832737.84,14194101.4688
2025-07-17 20:00:00,17.07,18.1,16.83,18.0,1998630.26,35137175.3951
2025-07-18 00:00:00,18.0,18.76,17.85,18.74,2441763.69,44979211.2459
2025-07-18 04:00:00,18.74,19.17,18.49,18.5,1761180.59,33269090.6213
2025-07-18 08:00:00,18.51,18.8,18.25,18.35,1233836.66,22816285.199
2025-07-18 12:00:00,18.34,18.71,17.73,17.92,1793904.98,32680396.914
2025-07-18 16:00:00,17.92,18.15,17.64,17.73,875891.0,15690641.8012
2025-07-18 20:00:00,17.73,17.93,17.32,17.83,1067541.22,18830755.2445
2025-07-19 00:00:00,17.83,18.23,17.53,18.19,680920.3,12212624.6472
2025-07-19 04:00:00,18.19,18.34,17.92,17.95,455270.02,8241920.9918
2025-07-19 08:00:00,17.96,18.01,17.69,17.71,436698.6,7801959.3688
2025-07-19 12:00:00,17.72,17.96,17.59,17.93,464309.05,8241066.4221
2025-07-19 16:00:00,17.93,18.51,17.85,18.36,847477.76,15430213.8278
2025-07-19 20:00:00,18.36,18.55,18.1,18.39,765959.82,14038579.8902
2025-07-20 00:00:00,18.4,18.83,18.32,18.67,519605.94,9630704.0224
2025-07-20 04:00:00,18.68,18.97,18.5,18.81,762923.13,14273730.9631
2025-07-20 08:00:00,18.82,19.65,18.81,19.4,1571036.84,30391921.8314
2025-07-20 12:00:00,19.4,20.01,19.17,19.71,1785195.99,34918740.986
2025-07-20 16:00:00,19.72,19.8,19.19,19.44,1380904.88,26834908.5763
2025-07-20 20:00:00,19.44,19.51,18.88,19.27,891927.66,17147011.894
2025-07-21 00:00:00,19.28,19.59,18.98,19.57,688828.88,13277787.8068
2025-07-21 04:00:00,19.57,19.94,19.38,19.74,720821.12,14204952.3505
2025-07-21 08:00:00,19.74,20.28,19.58,20.05,1145146.39,22861279.1076
2025-07-21 12:00:00,20.06,20.25,19.69,19.79,1389027.91,27772676.8382
2025-07-21 16:00:00,19.79,19.85,19.17,19.26,1149702.9,22412188.8939
2025-07-21 20:00:00,19.25,19.62,19.18,19.5,525922.98,10207411.9081
2025-07-22 00:00:00,19.49,19.99,19.01,19.55,1188772.16,23216618.2878
2025-07-22 04:00:00,19.55,19.56,18.84,19.06,1194677.27,22864350.5188
2025-07-22 08:00:00,19.06,19.33,18.63,19.23,1004976.97,19019037.5046
2025-07-22 12:00:00,19.22,19.48,18.75,19.35,1335424.69,25578921.5533
2025-07-22 16:00:00,19.35,19.57,18.97,19.06,692702.33,13395083.3058
2025-07-22 20:00:00,19.06,19.69,19.01,19.66,438727.34,8502429.416
2025-07-23 00:00:00,19.66,19.76,19.41,19.46,511761.33,10014737.1302
2025-07-23 04:00:00,19.47,19.71,19.0,19.14,461296.79,8924583.0715
2025-07-23 08:00:00,19.15,19.26,18.77,18.91,473731.47,8986912.0542
2025-07-23 12:00:00,18.91,18.95,17.84,18.5,1792746.99,32771242.3724
2025-07-23 16:00:00,18.5,18.5,17.69,17.99,1008022.55,18158859.5649
2025-07-23 20:00:00,17.98,18.29,17.55,18.18,762519.05,13643575.2265
2025-07-24 00:00:00,18.18,18.5,18.05,18.22,601712.47,11009508.6374
2025-07-24 04:00:00,18.23,18.3,17.15,17.73,1228601.17,21631873.5505
2025-07-24 08:00:00,17.73,18.14,17.57,18.07,846969.83,15143732.9981
2025-07-24 12:00:00,18.07,18.69,17.78,18.47,959972.64,17483213.8774
2025-07-24 16:00:00,18.47,18.59,18.09,18.34,538821.65,9903196.031
2025-07-24 20:00:00,18.34,18.43,17.85,17.91,307087.93,5576152.7425
2025-07-25 00:00:00,17.92,17.92,17.23,17.5,707594.08,12431309.2475
2025-07-25 04:00:00,17.49,17.74,17.29,17.5,764761.96,13385403.835
2025-07-25 08:00:00,17.5,18.42,17.43,18.32,718530.05,12920157.1815
2025-07-25 12:00:00,18.32,18.49,17.41,17.61,790171.66,14155332.0453
2025-07-25 16:00:00,17.61,17.87,17.45,17.72,492520.25,8705485.3936
2025-07-25 20:00:00,17.72,18.43,17.68,18.28,558851.61,10162428.4104
2025-07-26 00:00:00,18.29,18.46,18.18,18.37,292899.78,5365760.7827
2025-07-26 04:00:00,18.37,18.41,18.2,18.22,250173.21,4579808.8932
2025-07-26 08:00:00,18.23,18.49,18.22,18.25,330369.56,6060543.9995
2025-07-26 12:00:00,18.26,18.45,18.16,18.4,365797.93,6702853.3169
2025-07-26 16:00:00,18.39,18.59,18.22,18.55,285826.31,5260246.7085
2025-07-26 20:00:00,18.56,18.64,18.33,18.41,524288.11,9683613.0732
2025-07-27 00:00:00,18.41,18.78,18.35,18.7,356029.6,6625923.1701
2025-07-27 04:00:00,18.7,19.07,18.66,18.78,490771.42,9257597.9715
2025-07-27 08:00:00,18.79,19.01,18.55,18.75,520291.4,9779237.6467
2025-07-27 12:00:00,18.76,18.95,18.65,18.85,405977.28,7623032.9192
2025-07-27 16:00:00,18.85,19.11,18.85,19.0,659514.06,12526112.7094
2025-07-27 20:00:00,19.01,19.3,18.9,19.24,505775.95,9645236.1268
2025-07-28 00:00:00,19.24,19.4,18.92,19.14,546146.58,10469204.7185
2025-07-28 04:00:00,19.14,19.56,19.04,19.29,552244.14,10695642.5414
2025-07-28 08:00:00,19.29,19.35,18.93,19.08,495242.53,9477339.35
2025-07-28 12:00:00,19.09,19.12,18.28,18.39,979052.69,18261826.2133
2025-07-28 16:00:00,18.4,18.51,18.08,18.23,631003.93,11529798.1689
2025-07-28 20:00:00,18.22,18.27,17.97,18.12,533027.16,9656240.6365
2025-07-29 00:00:00,18.11,18.31,17.87,18.27,711278.1,12860463.5029
2025-07-29 04:00:00,18.26,18.6,18.1,18.58,495615.73,9081254.9686
2025-07-29 08:00:00,18.58,18.64,18.0,18.14,504084.6,9215252.7288
2025-07-29 12:00:00,18.14,18.35,17.6,17.68,832679.39,14944255.2457
2025-07-29 16:00:00,17.69,17.92,17.47,17.7,795554.63,14076527.4408
2025-07-29 20:00:00,17.7,17.89,17.55,17.83,463320.12,8213457.3101
2025-07-30 00:00:00,17.84,17.95,17.62,17.83,394284.13,7027227.507
2025-07-30 04:00:00,17.84,17.89,17.61,17.7,329128.42,5847154.7121
2025-07-30 08:00:00,17.7,17.82,17.22,17.3,544399.79,9517716.7753
2025-07-30 12:00:00,17.31,17.72,17.2,17.59,589646.77,10281436.5893
2025-07-30 16:00:00,17.6,17.79,16.77,17.47,1283126.14,22089295.2035
2025-07-30 20:00:00,17.47,17.78,17.35,17.71,519268.64,9127675.7782
2025-07-31 00:00:00,17.72,18.11,17.64,18.06,458306.39,8214113.7834
2025-07-31 04:00:00,18.06,18.12,17.94,18.03,285158.76,5139703.5716
2025-07-31 08:00:00,18.03,18.24,17.92,17.98,399588.52,7241253.9112
2025-07-31 12:00:00,17.98,18.01,17.3,17.53,724662.94,12755801.849
2025-07-31 16:00:00,17.52,17.86,17.16,17.22,778109.19,13566825.4336
2025-07-31 20:00:00,17.23,17.29,16.84,16.92,870877.62,14852655.7668
2025-08-01 00:00:00,16.93,17.03,16.44,16.87,1148465.51,19245573.2856
2025-08-01 04:00:00,16.86,16.86,16.5,16.64,834645.86,13899236.3876
2025-08-01 08:00:00,16.63,16.63,16.28,16.61,886334.32,14598993.1737
2025-08-01 12:00:00,16.61,16.8,16.16,16.64,1163733.14,19247916.5586
2025-08-01 16:00:00,16.63,16.75,16.16,16.38,1135855.4,18612751.6777
2025-08-01 20:00:00,16.37,16.43,15.67,16.07,1441512.07,23091307.4855
2025-08-02 00:00:00,16.07,16.27,16.04,16.2,694831.47,11231210.2931
2025-08-02 04:00:00,16.2,16.25,15.78,16.14,440671.3,7063850.8516
2025-08-02 08:00:00,16.14,16.18,15.79,16.03,399683.81,6374742.3455
2025-08-02 12:00:00,16.03,16.09,15.73,15.79,361170.34,5749872.7179
2025-08-02 16:00:00,15.79,15.93,15.43,15.58,864011.55,13530187.9702
2025-08-02 20:00:00,15.59,15.81,15.52,15.65,263025.82,4120601.7379
2025-08-03 00:00:00,15.64,15.93,15.44,15.9,322442.98,5078568.235
2025-08-03 04:00:00,15.9,16.03,15.82,16.02,244552.64,3898439.8055
2025-08-03 08:00:00,16.02,16.24,16.0,16.17,262622.28,4232903.8872
2025-08-03 12:00:00,16.17,16.24,16.08,16.23,303197.31,4898463.6561
2025-08-03 16:00:00,16.23,16.35,16.18,16.27,218213.03,3548307.2441
2025-08-03 20:00:00,16.27,16.4,16.2,16.3,228812.03,3723856.2423
2025-08-04 00:00:00,16.3,16.66,16.27,16.59,337204.76,5570760.9812
2025-08-04 04:00:00,16.59,16.67,16.43,16.63,263406.71,4362311.8802
2025-08-04 08:00:00,16.63,16.75,16.55,16.59,298306.51,4963621.8902
2025-08-04 12:00:00,16.58,16.96,16.54,16.93,909710.57,15276616.8154
2025-08-04 16:00:00,16.92,17.2,16.81,16.85,643368.61,10933057.2611
2025-08-04 20:00:00,16.85,17.17,16.82,17.11,249939.66,4262317.8748
2025-08-05 00:00:00,17.12,17.12,16.76,16.79,338655.51,5738836.3437
2025-08-05 04:00:00,16.78,16.91,16.44,16.51,453309.29,7553718.7469
2025-08-05 08:00:00,16.5,16.98,16.45,16.87,666226.11,11172249.2392
2025-08-05 12:00:00,16.87,16.9,16.2,16.27,1121004.5,18460820.9766
2025-08-05 16:00:00,16.26,16.45,16.21,16.27,227722.2,3722181.4224
2025-08-05 20:00:00,16.27,16.43,16.08,16.38,239247.87,3895784.7369
2025-08-06 00:00:00,16.39,16.39,16.05,16.11,176284.07,2854068.7532
2025-08-06 04:00:00,16.11,16.53,16.03,16.52,332628.42,5446274.7365
2025-08-06 08:00:00,16.51,16.54,16.32,16.4,260499.94,4276051.7906
2025-08-06 12:00:00,16.4,16.81,16.24,16.77,497056.08,8186686.7976
2025-08-06 16:00:00,16.78,16.91,16.61,16.79,241350.29,4042374.9736
2025-08-06 20:00:00,16.79,16.8,16.66,16.67,336210.87,5624693.5522
2025-08-07 00:00:00,16.67,16.81,16.57,16.61,243507.32,4063246.2196
2025-08-07 04:00:00,16.6,16.85,16.59,16.83,530785.06,8896748.36
2025-08-07 08:00:00,16.83,17.42,16.81,17.35,664019.39,11418146.5393
2025-08-07 12:00:00,17.35,18.11,17.3,17.84,2239185.88,39797032.4274
2025-08-07 16:00:00,17.84,18.3,17.62,18.29,1080455.37,19400714.9227
2025-08-07 20:00:00,18.3,18.5,18.18,18.48,813797.58,14958789.8141
2025-08-08 00:00:00,18.47,19.21,18.08,19.21,2813320.56,52207413.5282
2025-08-08 04:00:00,19.2,19.43,18.76,19.33,861825.44,16441969.0168
2025-08-08 08:00:00,19.33,19.52,19.15,19.5,867528.26,16768300.175
2025-08-08 12:00:00,19.5,19.92,19.06,19.21,1526911.66,29829048.001
2025-08-08 16:00:00,19.21,19.76,19.07,19.75,988025.32,19106305.6738
2025-08-08 20:00:00,19.75,19.98,19.53,19.89,605949.39,11989025.8902
2025-08-09 00:00:00,19.89,20.95,19.78,20.88,1909090.69,38990008.5883
2025-08-09 04:00:00,20.87,21.47,20.67,20.8,1797351.81,37803152.2286
2025-08-09 08:00:00,20.8,21.19,20.7,20.89,853903.64,17885828.3124
2025-08-09 12:00:00,20.88,21.42,20.83,21.07,1226015.24,25897155.1805
2025-08-09 16:00:00,21.07,21.45,21.06,21.22,690895.74,14673594.5227
2025-08-09 20:00:00,21.23,21.99,21.13,21.94,1086157.85,23418957.6734
2025-08-10 00:00:00,21.95,22.21,21.24,21.5,1400338.99,30322179.8516
2025-08-10 04:00:00,21.5,22.7,21.38,21.89,2216732.7,49078864.9101
2025-08-10 08:00:00,21.89,22.3,21.53,21.57,1301358.34,28503378.5482
2025-08-10 12:00:00,21.57,22.54,21.15,22.49,1880947.53,41197186.0405
2025-08-10 16:00:00,22.5,22.67,22.01,22.14,1199033.39,26703901.9873
2025-08-10 20:00:00,22.14,22.23,21.78,22.06,657161.61,14477075.0785
2025-08-11 00:00:00,22.07,22.44,21.81,22.32,1299902.9,28784730.5497
2025-08-11 04:00:00,22.33,22.61,21.89,21.95,1169608.85,26067844.3108
2025-08-11 08:00:00,21.96,22.08,21.19,21.28,1153171.22,24954999.974
2025-08-11 12:00:00,21.29,22.08,21.19,21.97,1766385.16,38270389.3557
2025-08-11 16:00:00,21.96,22.26,21.24,21.39,911491.67,19825305.5397
2025-08-11 20:00:00,21.38,21.44,20.84,21.07,795164.49,16821976.1718
2025-08-12 00:00:00,21.07,21.73,21.04,21.45,750141.31,16019376.6943
2025-08-12 04:00:00,21.45,21.74,21.29,21.49,843173.34,18126048.5644
2025-08-12 08:00:00,21.48,21.66,21.0,21.3,1013284.51,21483843.941
2025-08-12 12:00:00,21.29,24.11,21.28,24.02,5474182.61,125020502.9799
2025-08-12 16:00:00,24.03,24.2,23.16,23.42,1858611.93,43921097.5757
2025-08-12 20:00:00,23.42,23.7,23.11,23.6,1435188.59,33639117.5002
2025-08-13 00:00:00,23.6,24.58,23.3,24.55,2842886.0,68000651.6927
2025-08-13 04:00:00,24.54,24.74,23.23,23.41,2340387.61,55954438.9689
2025-08-13 08:00:00,23.41,24.37,23.33,24.18,2204978.25,52601726.3225
2025-08-13 12:00:00,24.18,24.22,23.31,23.61,2081746.7,49320565.5722
2025-08-13 16:00:00,23.62,23.94,23.49,23.78,845104.93,20038861.3478
2025-08-13 20:00:00,23.78,24.17,23.6,23.98,920386.56,22042584.1988
2025-08-14 00:00:00,23.98,24.31,23.77,24.25,1225060.44,29392776.3238
2025-08-14 04:00:00,24.25,24.28,23.41,23.53,1462573.04,34775473.1179
2025-08-14 08:00:00,23.53,23.81,23.2,23.34,1190529.88,27865548.1979
2025-08-14 12:00:00,23.35,23.57,21.51,22.76,4958783.83,112077627.4089
2025-08-14 16:00:00,22.77,22.8,22.09,22.4,1257504.7,28249078.6062
2025-08-14 20:00:00,22.4,22.56,21.84,22.46,743808.86,16499780.7279
2025-08-15 00:00:00,22.45,22.87,22.17,22.8,710416.46,15971082.5094
2025-08-15 04:00:00,22.8,23.04,22.43,22.58,773806.86,17565356.0861
2025-08-15 08:00:00,22.58,22.67,22.14,22.18,688521.57,15407031.0621
2025-08-15 12:00:00,22.18,22.63,21.42,21.58,2000259.89,44213723.7823
2025-08-15 16:00:00,21.58,21.89,21.36,21.45,782308.61,16897569.6943
2025-08-15 20:00:00,21.46,22.04,21.37,21.76,546945.17,11859500.0082
2025-08-16 00:00:00,21.75,22.15,21.68,21.8,492547.28,10802798.5285
2025-08-16 04:00:00,21.81,22.15,21.51,22.05,515911.59,11237421.6475
2025-08-16 08:00:00,22.05,22.17,21.43,21.45,711506.4,15447515.4275
2025-08-16 12:00:00,21.46,22.14,21.39,22.01,1261166.22,27568124.2217
2025-08-16 16:00:00,22.0,22.9,21.94,22.7,1243831.49,27910254.5774
2025-08-16 20:00:00,22.7,22.97,22.56,22.64,622940.23,14160215.2763
2025-08-17 00:00:00,22.64,23.42,22.36,23.39,829460.37,18956215.3474
2025-08-17 04:00:00,23.39,24.55,23.35,24.29,2378188.15,57355826.5996
2025-08-17 08:00:00,24.29,24.83,24.16,24.7,1402634.29,34454471.6656
2025-08-17 12:00:00,24.7,26.31,24.42,26.29,3130810.23,79153216.1735
2025-08-17 16:00:00,26.29,26.33,25.31,25.46,2646843.39,68523385.9231
2025-08-17 20:00:00,25.45,25.95,25.41,25.64,1219305.93,31352029.9562
2025-08-18 00:00:00,25.64,26.5,24.58,25.1,4304000.83,109065398.7617
2025-08-18 04:00:00,25.09,25.13,24.29,24.71,1998018.33,49312514.327
2025-08-18 08:00:00,24.7,25.3,24.37,24.55,1746562.29,43311440.4545
2025-08-18 12:00:00,24.54,25.95,24.47,25.38,3630893.81,91806378.1938
2025-08-18 16:00:00,25.37,25.94,24.8,25.52,1755193.81,44490672.9962
2025-08-18 20:00:00,25.52,26.76,25.12,25.78,2570823.33,66993613.0444
2025-08-19 00:00:00,25.79,25.81,24.07,24.21,2074739.1,51897247.1283
2025-08-19 04:00:00,24.21,24.65,23.89,24.3,2319835.5,56138254.2139
2025-08-19 08:00:00,24.3,24.91,24.08,24.69,1942725.36,47358182.1078
2025-08-19 12:00:00,24.69,24.95,23.87,24.27,2668668.44,65103859.5155
2025-08-19 16:00:00,24.28,24.52,23.42,23.87,2346241.96,56083102.2792
2025-08-19 20:00:00,23.87,24.07,23.45,23.56,1104811.85,26317460.2445
2025-08-20 00:00:00,23.56,24.47,23.36,23.99,1731927.93,41310430.1496
2025-08-20 04:00:00,24.0,24.85,23.98,24.43,1653104.47,40456976.8828
2025-08-20 08:00:00,24.43,25.3,24.35,24.95,2333520.86,58189676.0629
2025-08-20 12:00:00,24.94,26.47,24.57,25.95,4447097.74,113254996.1077
2025-08-20 16:00:00,25.95,26.37,25.44,26.16,2414097.59,62374608.7068
2025-08-20 20:00:00,26.16,26.89,26.03,26.45,2000554.81,52908402.0129
2025-08-21 00:00:00,26.45,26.6,25.78,25.81,1621058.89,42407734.7165
2025-08-21 04:00:00,25.81,25.87,25.49,25.71,1028047.89,26399037.3339
2025-08-21 08:00:00,25.71,26.39,25.61,26.11,1743808.78,45361715.4402
2025-08-21 12:00:00,26.11,26.24,24.98,25.09,2170755.87,55759288.8963
2025-08-21 16:00:00,25.09,25.26,24.7,24.94,1326036.38,33048222.5739
2025-08-21 20:00:00,24.94,25.15,24.63,24.82,690018.62,17186024.2213
2025-08-22 00:00:00,24.82,25.24,24.52,24.67,1126048.62,28032669.8095
2025-08-22 04:00:00,24.67,25.2,24.61,25.04,924901.91,23025160.5446
2025-08-22 08:00:00,25.04,25.3,24.24,24.31,1490754.21,37021493.1552
2025-08-22 12:00:00,24.31,26.75,24.09,26.47,8020796.29,207419146.0924
2025-08-22 16:00:00,26.46,27.87,26.46,27.17,4438116.5,121354359.8422
2025-08-22 20:00:00,27.17,27.34,26.63,26.79,1390503.29,37472856.2159
2025-08-23 00:00:00,26.8,26.83,25.86,25.95,1440528.04,37858528.4603
2025-08-23 04:00:00,25.96,26.25,25.73,25.88,1334907.75,34739582.593
2025-08-23 08:00:00,25.87,26.02,25.59,25.66,1210881.2,31151038.5233
2025-08-23 12:00:00,25.66,26.22,25.52,26.0,1328795.86,34433429.6584
2025-08-23 16:00:00,26.01,26.21,25.83,26.12,561919.36,14638278.548
2025-08-23 20:00:00,26.13,26.38,25.98,26.28,465712.85,12191829.7046
2025-08-24 00:00:00,26.28,26.33,25.71,25.91,870769.53,22616465.0973
2025-08-24 04:00:00,25.91,25.96,25.55,25.6,628591.19,16170152.5859
2025-08-24 08:00:00,25.6,25.76,25.27,25.47,718276.36,18299880.4432
2025-08-24 12:00:00,25.47,25.88,25.46,25.56,832750.1,21364095.3375
2025-08-24 16:00:00,25.56,26.62,25.21,26.08,2988592.82,77621734.2457
2025-08-24 20:00:00,26.08,26.26,25.41,25.82,1398393.67,36166597.4768
2025-08-25 00:00:00,25.82,26.46,25.32,25.94,1535731.45,39878973.7909
2025-08-25 04:00:00,25.94,26.41,24.82,24.97,1669883.39,42813305.2864
2025-08-25 08:00:00,24.98,25.17,24.34,24.59,1758867.57,43547149.2397
2025-08-25 12:00:00,24.59,24.69,24.24,24.41,1492599.79,36563016.2062
2025-08-25 16:00:00,24.42,24.81,23.63,23.65,1532226.17,37077239.7323
2025-08-25 20:00:00,23.66,23.85,23.08,23.38,2092740.99,48866132.8147
2025-08-26 00:00:00,23.38,23.63,23.06,23.16,1187050.39,27683713.7406
2025-08-26 04:00:00,23.16,23.5,22.88,23.15,894478.63,20751010.3707
2025-08-26 08:00:00,23.15,23.76,22.9,23.56,1542099.78,35890807.1738
2025-08-26 12:00:00,23.56,24.53,23.39,24.17,2654548.49,63861305.2259
2025-08-26 16:00:00,24.17,24.46,23.94,24.35,796917.89,19263779.1994
2025-08-26 20:00:00,24.36,24.76,24.21,24.38,944355.64,23117522.7399
2025-08-27 00:00:00,24.37,24.54,24.0,24.34,951796.05,23055583.4949
2025-08-27 04:00:00,24.34,24.69,24.01,24.17,1146725.2,27828707.1745
2025-08-27 08:00:00,24.17,24.66,23.97,24.37,827294.77,20137482.5063
2025-08-27 12:00:00,24.36,24.67,24.07,24.29,1288884.08,31317918.0358
2025-08-27 16:00:00,24.29,24.58,24.02,24.17,747276.44,18184447.7989
2025-08-27 20:00:00,24.18,24.48,23.58,23.78,2267683.12,54479266.7992
2025-08-28 00:00:00,23.78,23.95,23.56,23.92,773049.03,18372212.0718
2025-08-28 04:00:00,23.91,24.37,23.8,24.21,840464.5,20300565.6533
2025-08-28 08:00:00,24.22,24.46,23.59,23.89,1212861.49,29059473.2345
2025-08-28 12:00:00,23.89,26.03,23.78,24.8,7342472.36,184892979.4801
2025-08-28 16:00:00,24.79,25.28,24.48,24.5,1693155.33,42197286.5272
2025-08-28 20:00:00,24.5,25.41,24.42,25.18,1010416.18,25227185.7115
2025-08-29 00:00:00,25.18,25.23,24.12,24.23,1478050.05,36206553.4302
2025-08-29 04:00:00,24.23,24.29,23.17,23.55,2492251.25,59426400.6972
2025-08-29 08:00:00,23.55,23.59,23.23,23.44,1307150.39,30585721.2093
2025-08-29 12:00:00,23.43,24.13,23.11,23.44,3050035.2,71836835.664
2025-08-29 16:00:00,23.45,23.61,23.12,23.35,746755.21,17452143.7334
2025-08-29 20:00:00,23.36,23.51,23.13,23.43,566128.82,13201843.1386
2025-08-30 00:00:00,23.43,23.52,22.83,23.24,931303.65,21513747.9755
2025-08-30 04:00:00,23.25,23.52,23.18,23.36,604848.3,14130575.3603
2025-08-30 08:00:00,23.37,23.5,23.2,23.39,391677.81,9144276.564
2025-08-30 12:00:00,23.4,23.45,22.96,23.41,415506.52,9628939.0222
2025-08-30 16:00:00,23.41,23.46,23.28,23.36,237019.76,5538448.6469
2025-08-30 20:00:00,23.36,23.51,23.27,23.51,179533.5,4202359.1591
2025-08-31 00:00:00,23.51,23.91,23.41,23.88,714031.14,16933659.0021
2025-08-31 04:00:00,23.89,23.96,23.64,23.73,651666.48,15489873.6594
2025-08-31 08:00:00,23.73,23.89,23.55,23.8,423299.41,10046366.0504
2025-08-31 12:00:00,23.8,24.06,23.6,23.77,745126.93,17769028.4692
2025-08-31 16:00:00,23.78,23.88,23.6,23.66,295657.64,7013846.52
2025-08-31 20:00:00,23.66,23.73,23.18,23.2,1391767.46,32739856.9255
2025-09-01 00:00:00,23.2,23.37,22.92,23.06,1489331.69,34432969.8871
2025-09-01 04:00:00,23.06,23.64,22.71,23.59,1676912.26,38540849.2611
2025-09-01 08:00:00,23.6,23.87,23.15,23.22,1194894.01,28155334.6065
2025-09-01 12:00:00,23.23,23.36,22.73,22.79,734506.61,16927105.9331
2025-09-01 16:00:00,22.8,22.85,22.53,22.83,570692.76,12957978.9023
2025-09-01 20:00:00,22.83,22.83,22.09,22.51,1256261.04,28094464.599
2025-09-02 00:00:00,22.52,23.22,22.34,23.13,854096.86,19443572.684
2025-09-02 04:00:00,23.14,23.53,23.09,23.24,739737.56,17244359.0436
2025-09-02 08:00:00,23.23,23.45,23.07,23.1,514150.76,11966661.2381
2025-09-02 12:00:00,23.1,23.54,22.65,22.85,2148966.71,49614692.6596
2025-09-02 16:00:00,22.85,23.16,22.79,23.07,642730.27,14779270.5324
2025-09-02 20:00:00,23.06,23.6,23.01,23.49,671316.49,15725851.4689
2025-09-03 00:00:00,23.49,23.61,23.21,23.41,778924.35,18249817.6148
2025-09-03 04:00:00,23.41,23.5,23.21,23.28,469571.27,10956316.5069
2025-09-03 08:00:00,23.28,23.62,23.22,23.49,502615.64,11782073.8783
2025-09-03 12:00:00,23.49,23.83,23.37,23.82,959039.67,22664964.1896
2025-09-03 16:00:00,23.82,23.91,23.61,23.84,617151.56,14639476.7814
2025-09-03 20:00:00,23.85,23.85,23.66,23.69,366992.88,8717858.58
2025-09-04 00:00:00,23.69,23.97,23.49,23.53,458044.19,10872418.5843
2025-09-04 04:00:00,23.54,23.57,23.14,23.27,472179.75,11009111.3332
2025-09-04 08:00:00,23.27,23.44,23.18,23.29,432024.73,10061885.8588
2025-09-04 12:00:00,23.29,23.39,22.46,22.47,1159294.38,26615647.5035
2025-09-04 16:00:00,22.47,22.56,22.18,22.27,650119.64,14564575.278
2025-09-04 20:00:00,22.26,22.63,22.23,22.32,776190.67,17439138.2805
2025-09-05 00:00:00,22.32,22.5,22.26,22.49,572432.84,12806954.3415
2025-09-05 04:00:00,22.49,23.11,22.39,23.08,817859.61,18597473.4149
2025-09-05 08:00:00,23.07,23.08,22.66,22.82,1081352.64,24666132.1469
2025-09-05 12:00:00,22.82,23.24,22.09,22.23,2784175.72,63250855.8847
2025-09-05 16:00:00,22.23,22.48,22.04,22.47,817823.66,18171915.3261
2025-09-05 20:00:00,22.47,22.55,22.21,22.28,653744.23,14622115.2828
2025-09-06 00:00:00,22.28,22.52,22.25,22.4,368241.06,8254159.1067
2025-09-06 04:00:00,22.4,22.41,22.13,22.22,380582.0,8459762.0263
2025-09-06 08:00:00,22.21,22.29,22.05,22.27,450309.6,9980987.9218
2025-09-06 12:00:00,22.28,22.33,22.03,22.07,503249.28,11163828.503
2025-09-06 16:00:00,22.06,22.29,21.87,21.9,479183.99,10580164.9254
2025-09-06 20:00:00,21.9,22.29,21.89,22.19,305888.78,6768427.2629
2025-09-07 00:00:00,22.2,22.45,22.18,22.38,243975.89,5448753.8143
2025-09-07 04:00:00,22.37,22.47,22.25,22.3,252518.96,5645117.9181
2025-09-07 08:00:00,22.3,22.47,22.13,22.37,518133.37,11562198.7954
2025-09-07 12:00:00,22.37,22.47,22.22,22.4,406445.7,9083600.2433
2025-09-07 16:00:00,22.41,22.41,22.12,22.21,203225.97,4518718.0756
2025-09-07 20:00:00,22.2,22.61,22.16,22.47,267046.18,5985764.0132
2025-09-08 00:00:00,22.47,22.8,22.23,22.6,557382.94,12513285.4915
2025-09-08 04:00:00,22.6,22.62,22.33,22.4,300348.92,6742832.6342
2025-09-08 08:00:00,22.4,23.2,22.36,22.98,1230025.27,28148755.3348
2025-09-08 12:00:00,22.98,23.3,22.9,23.22,805314.84,18610678.5734
2025-09-08 16:00:00,23.21,23.31,22.9,22.99,514991.19,11890254.5648
2025-09-08 20:00:00,23.0,23.18,22.84,23.04,359482.79,8281034.3784
2025-09-09 00:00:00,23.04,23.3,22.86,23.18,778611.93,17963238.9146
2025-09-09 04:00:00,23.18,23.78,23.08,23.67,1030117.78,24205269.5483
2025-09-09 08:00:00,23.68,23.82,23.51,23.52,631822.81,14957847.0072
2025-09-09 12:00:00,23.53,23.76,22.83,22.94,1425571.16,33294236.3761
2025-09-09 16:00:00,22.93,23.11,22.84,23.07,477807.05,10977763.0472
2025-09-09 20:00:00,23.07,23.2,22.96,23.05,289110.89,6668282.2774
2025-09-10 00:00:00,23.05,23.42,22.89,23.39,479250.49,11112341.4517
2025-09-10 04:00:00,23.4,23.67,23.15,23.44,520045.76,12167294.4813
2025-09-10 08:00:00,23.45,23.53,23.28,23.35,302525.3,7081218.0602
2025-09-10 12:00:00,23.36,23.93,23.34,23.68,1246584.69,29547819.6168
2025-09-10 16:00:00,23.67,23.7,23.2,23.32,442499.64,10388420.7386
2025-09-10 20:00:00,23.33,23.62,23.3,23.57,311847.29,7318841.182
2025-09-11 00:00:00,23.57,23.84,23.43,23.81,280642.03,6642903.0597
2025-09-11 04:00:00,23.81,23.9,23.65,23.83,414166.64,9851150.8465
2025-09-11 08:00:00,23.82,23.86,23.68,23.76,284090.04,6754179.6995
2025-09-11 12:00:00,23.77,24.27,23.31,23.52,1773969.81,42135799.1077
2025-09-11 16:00:00,23.52,23.99,23.51,23.94,339610.1,8060252.7874
2025-09-11 20:00:00,23.94,24.5,23.88,24.47,933384.94,22628096.468
2025-09-12 00:00:00,24.47,24.75,24.36,24.69,961205.11,23626674.5771
2025-09-12 04:00:00,24.69,24.83,24.52,24.53,483545.81,11932212.4407
2025-09-12 08:00:00,24.54,24.55,24.29,24.32,513338.62,12535338.4794
2025-09-12 12:00:00,24.32,24.67,24.16,24.49,1026884.81,25131517.5691
2025-09-12 16:00:00,24.49,25.15,24.42,25.12,940830.59,23314382.4509
2025-09-12 20:00:00,25.13,25.33,24.92,25.13,719913.76,18072874.7187
2025-09-13 00:00:00,25.12,25.3,24.93,25.23,663831.54,16664489.5532
2025-09-13 04:00:00,25.23,25.24,25.01,25.16,476792.38,11979102.9261
2025-09-13 08:00:00,25.17,25.64,25.07,25.29,1084062.98,27493175.3964
2025-09-13 12:00:00,25.28,25.41,24.69,24.83,881489.42,22033831.9642
2025-09-13 16:00:00,24.84,24.92,24.44,24.76,721189.37,17810859.3553
2025-09-13 20:00:00,24.76,24.98,24.75,24.88,326890.09,8131495.1811
2025-09-14 00:00:00,24.88,25.02,24.63,24.66,396353.17,9848417.2252
2025-09-14 04:00:00,24.67,24.89,24.47,24.6,408842.04,10085117.5198
2025-09-14 08:00:00,24.6,24.77,24.31,24.37,366395.43,8989823.9359
2025-09-14 12:00:00,24.37,24.49,23.84,24.04,721505.6,17381564.5444
2025-09-14 16:00:00,24.04,24.27,24.0,24.16,364487.14,8805860.9778
2025-09-14 20:00:00,24.16,24.4,24.04,24.09,343559.78,8325932.2186
2025-09-15 00:00:00,24.1,24.32,23.91,24.26,329894.87,7966861.8676
2025-09-15 04:00:00,24.27,24.44,23.76,23.85,619774.18,14933456.9414
2025-09-15 08:00:00,23.85,23.86,23.19,23.42,1254895.76,29449114.9764
2025-09-15 12:00:00,23.42,23.45,22.99,23.17,792056.75,18410294.6742
2025-09-15 16:00:00,23.16,23.41,22.97,23.35,362762.17,8411650.7934
2025-09-15 20:00:00,23.35,23.87,23.32,23.56,339112.21,8007408.8439
2025-09-16 00:00:00,23.56,23.63,23.36,23.36,342397.62,8045682.4878
2025-09-16 04:00:00,23.37,23.58,23.16,23.49,299537.92,7011693.339
2025-09-16 08:00:00,23.5,23.76,23.49,23.62,382639.34,9045320.7575
2025-09-16 12:00:00,23.62,23.7,23.1,23.45,585615.86,13676943.5596
2025-09-16 16:00:00,23.45,23.74,23.24,23.58,546447.74,12850268.3137
2025-09-16 20:00:00,23.58,23.75,23.45,23.48,409371.97,9656861.3066
2025-09-17 00:00:00,23.49,23.63,23.29,23.31,298514.51,7004883.4671
2025-09-17 04:00:00,23.3,23.62,23.19,23.56,296156.53,6933013.0098
2025-09-17 08:00:00,23.56,23.57,23.0,23.08,733895.81,17020477.7854
2025-09-17 12:00:00,23.07,23.11,22.75,22.97,1105065.99,25330695.9264
2025-09-17 16:00:00,22.96,23.5,22.77,23.45,1607316.88,37116150.7099
2025-09-17 20:00:00,23.45,24.24,23.23,23.99,1274629.96,30399916.8396
2025-09-18 00:00:00,24.0,24.19,23.83,24.13,583621.87,14019591.3565
2025-09-18 04:00:00,24.13,24.16,23.68,23.96,443235.12,10603048.5966
2025-09-18 08:00:00,23.97,24.43,23.91,24.2,564272.86,13666267.5812
2025-09-18 12:00:00,24.21,24.5,24.05,24.47,837698.07,20372700.1161
2025-09-18 16:00:00,24.47,24.6,24.34,24.49,500918.73,12267504.6317
2025-09-18 20:00:00,24.48,24.75,24.45,24.62,574685.38,14136423.6263
2025-09-19 00:00:00,24.63,24.89,24.42,24.47,726847.74,17946643.9599
2025-09-19 04:00:00,24.47,24.85,24.23,24.73,977191.28,23931733.2628
2025-09-19 08:00:00,24.73,24.86,23.8,23.85,873043.98,21265744.9365
2025-09-19 12:00:00,23.85,23.99,23.33,23.61,1000419.91,23693558.6151
2025-09-19 16:00:00,23.6,23.72,23.27,23.39,366763.18,8617398.545
2025-09-19 20:00:00,23.38,23.67,23.36,23.47,313792.81,7373763.8806
2025-09-20 00:00:00,23.48,23.66,23.34,23.42,247642.16,5812986.8165
2025-09-20 04:00:00,23.42,23.59,23.36,23.51,277145.37,6500110.2457
2025-09-20 08:00:00,23.51,23.51,23.14,23.29,437691.63,10179259.439
2025-09-20 12:00:00,23.29,23.58,23.09,23.42,386988.66,9026826.5139
2025-09-20 16:00:00,23.43,23.5,23.23,23.3,188831.46,4410563.4717
2025-09-20 20:00:00,23.29,23.46,23.27,23.34,153710.25,3591505.5638
2025-09-21 00:00:00,23.33,23.43,23.24,23.37,153207.03,3576739.6957
2025-09-21 04:00:00,23.38,23.49,23.27,23.36,192866.05,4503776.9119
2025-09-21 08:00:00,23.35,23.4,23.02,23.11,383867.61,8893604.3109
2025-09-21 12:00:00,23.11,23.27,23.04,23.09,190878.62,4417444.817
2025-09-21 16:00:00,23.09,23.2,22.9,23.18,219279.28,5052338.5589
2025-09-21 20:00:00,23.18,23.19,22.91,22.96,181795.16,4185765.2462
2025-09-22 00:00:00,22.95,23.05,21.91,22.17,1911306.86,42722151.4785
2025-09-22 04:00:00,22.18,22.24,20.24,21.28,3374407.04,71265433.3545
2025-09-22 08:00:00,21.28,21.4,21.06,21.21,715809.49,15202212.4738
2025-09-22 12:00:00,21.21,21.61,21.16,21.19,966102.23,20676196.3103
2025-09-22 16:00:00,21.2,21.35,21.11,21.17,807905.59,17163496.7546
2025-09-22 20:00:00,21.17,21.68,21.15,21.65,449126.62,9626742.17
2025-09-23 00:00:00,21.66,21.77,21.17,21.57,661686.69,14234899.8928
2025-09-23 04:00:00,21.57,21.89,21.36,21.8,630100.73,13670780.0834
2025-09-23 08:00:00,21.8,21.88,21.69,21.78,462509.15,10073302.1406
2025-09-23 12:00:00,21.78,22.05,21.72,21.86,663713.18,14508428.5635
2025-09-23 16:00:00,21.86,21.99,21.53,21.58,604724.24,13160844.1427
2025-09-23 20:00:00,21.58,21.82,21.48,21.52,316069.51,6840146.968
2025-09-24 00:00:00,21.52,21.69,21.17,21.29,572249.92,12266642.3343
2025-09-24 04:00:00,21.28,21.81,20.98,21.71,2270367.87,49042773.4693
2025-09-24 08:00:00,21.72,21.88,21.62,21.77,283968.11,6170568.7257
2025-09-24 12:00:00,21.77,21.96,21.55,21.76,493030.16,10721728.4579
2025-09-24 16:00:00,21.77,21.97,21.71,21.82,275378.47,6014327.1962
2025-09-24 20:00:00,21.83,21.85,21.55,21.6,275761.76,5984768.5999
2025-09-25 00:00:00,21.61,21.66,21.13,21.3,752391.42,16063066.1629
2025-09-25 04:00:00,21.29,21.36,20.9,20.96,801089.31,16874317.2158
2025-09-25 08:00:00,20.97,21.16,20.71,20.74,663535.65,13881555.0358
2025-09-25 12:00:00,20.74,21.15,20.37,20.88,1470665.1,30594412.0181
2025-09-25 16:00:00,20.88,20.9,19.82,20.4,1747921.9,35423746.0486
2025-09-25 20:00:00,20.41,20.54,19.98,20.14,785949.93,15912737.9593
2025-09-26 00:00:00,20.15,20.61,20.09,20.55,507884.5,10374956.8406
2025-09-26 04:00:00,20.55,20.65,20.23,20.37,539891.96,11020968.6058
2025-09-26 08:00:00,20.36,20.53,19.93,20.17,674728.04,13612950.3814
2025-09-26 12:00:00,20.17,20.66,20.0,20.6,1201568.27,24505569.5055
2025-09-26 16:00:00,20.59,21.24,20.57,20.96,649392.9,13620218.3859
2025-09-26 20:00:00,20.97,21.13,20.89,21.07,268216.29,5635722.3811
2025-09-27 00:00:00,21.07,21.13,20.96,21.09,216458.91,4556890.8745
2025-09-27 04:00:00,21.08,21.15,20.9,20.95,158732.6,3333840.5176
2025-09-27 08:00:00,20.95,21.11,20.82,20.99,246559.25,5168755.1841
2025-09-27 12:00:00,20.99,21.06,20.85,20.96,157994.66,3312365.6222
2025-09-27 16:00:00,20.96,20.96,20.73,20.84,123648.63,2574271.7952
2025-09-27 20:00:00,20.85,21.1,20.82,20.91,82616.1,1730887.1895
2025-09-28 00:00:00,20.92,20.95,20.64,20.71,152709.7,3168779.3815
2025-09-28 04:00:00,20.72,20.83,20.64,20.73,109138.93,2262872.2473
2025-09-28 08:00:00,20.74,20.79,20.49,20.56,247726.79,5100873.469
2025-09-28 12:00:00,20.56,21.0,20.43,20.99,296262.75,6143822.7784
2025-09-28 16:00:00,20.99,21.33,20.99,21.21,416587.61,8824023.8561
2025-09-28 20:00:00,21.21,21.71,21.18,21.68,377214.82,8109516.2169
2025-09-29 00:00:00,21.68,21.69,21.38,21.49,256339.54,5515802.3191
2025-09-29 04:00:00,21.48,21.49,21.15,21.25,289703.31,6171519.9955
2025-09-29 08:00:00,21.26,21.41,21.06,21.2,314073.22,6677912.5407
2025-09-29 12:00:00,21.2,21.7,20.9,21.39,945344.28,20216072.3287
2025-09-29 16:00:00,21.4,21.75,21.2,21.73,313922.37,6740723.6176
2025-09-29 20:00:00,21.73,21.9,21.67,21.74,377952.95,8241393.2697
2025-09-30 00:00:00,21.73,21.87,21.44,21.48,521350.74,11265001.9756
2025-09-30 04:00:00,21.47,21.7,21.35,21.41,396749.04,8550294.6229
2025-09-30 08:00:00,21.41,21.5,21.23,21.41,441325.96,9427624.5204
2025-09-30 12:00:00,21.41,21.51,20.96,21.1,568317.21,12062892.5583
2025-09-30 16:00:00,21.1,21.55,20.99,21.53,541406.73,11463498.7867
2025-09-30 20:00:00,21.53,21.69,21.28,21.3,414087.85,8889025.7953
2025-10-01 00:00:00,21.31,21.58,21.05,21.17,468536.08,9986633.8975
2025-10-01 04:00:00,21.18,21.4,21.13,21.34,210975.9,4489677.2287
2025-10-01 08:00:00,21.33,22.31,21.31,22.24,1026727.77,22674946.6565
2025-10-01 12:00:00,22.24,22.49,22.12,22.4,588354.0,13118206.7918
2025-10-01 16:00:00,22.41,22.63,22.29,22.54,483873.92,10872379.9012
2025-10-01 20:00:00,22.53,22.61,22.25,22.58,428917.4,9618963.8119
2025-10-02 00:00:00,22.57,22.8,22.41,22.69,586137.62,13257568.0515
2025-10-02 04:00:00,22.69,22.86,22.55,22.57,426539.7,9690123.3403
2025-10-02 08:00:00,22.57,22.63,22.37,22.41,437182.79,9840461.6221
2025-10-02 12:00:00,22.41,22.57,21.93,22.43,1101655.43,24561763.523
2025-10-02 16:00:00,22.43,23.13,22.38,22.93,759991.11,17316511.7842
2025-10-02 20:00:00,22.94,22.98,22.65,22.77,454722.22,10364731.5259
2025-10-03 00:00:00,22.78,22.87,22.54,22.59,461991.7,10474416.788
2025-10-03 04:00:00,22.6,22.7,22.3,22.39,327325.34,7361454.1358
2025-10-03 08:00:00,22.39,22.43,22.23,22.26,343369.74,7668839.8678
2025-10-03 12:00:00,22.27,22.75,22.09,22.72,999666.46,22377682.2815
2025-10-03 16:00:00,22.73,23.09,22.1,22.62,1466910.85,33086596.5686
2025-10-03 20:00:00,22.62,22.71,22.48,22.5,505334.94,11405567.7742
2025-10-04 00:00:00,22.5,22.62,22.15,22.22,411813.66,9185298.8445
2025-10-04 04:00:00,22.22,22.29,22.04,22.08,341396.19,7574869.4399
2025-10-04 08:00:00,22.08,22.08,21.76,21.85,514548.25,11267635.3635
2025-10-04 12:00:00,21.84,22.17,21.77,21.84,484367.59,10634219.6687
2025-10-04 16:00:00,21.83,22.03,21.81,22.0,180833.57,3964032.8071
2025-10-04 20:00:00,22.0,22.14,21.99,22.01,148870.51,3282522.9287
2025-10-05 00:00:00,22.02,22.61,21.93,22.35,433360.28,9683361.149
2025-10-05 04:00:00,22.36,22.85,22.33,22.81,498119.81,11255769.0738
2025-10-05 08:00:00,22.81,22.94,22.49,22.75,633914.89,14405937.505
2025-10-05 12:00:00,22.75,22.76,22.4,22.47,262468.2,5919456.2606
2025-10-05 16:00:00,22.46,22.64,21.89,21.95,510290.69,11334301.6534
2025-10-05 20:00:00,21.94,22.15,21.88,22.0,280123.4,6170882.8036
2025-10-06 00:00:00,22.0,22.2,21.47,21.9,2065843.85,44927877.2212
2025-10-06 04:00:00,21.9,22.16,21.74,21.93,316344.56,6949900.1515
2025-10-06 08:00:00,21.93,22.24,21.93,22.11,350271.54,7750148.5499
2025-10-06 12:00:00,22.12,22.98,22.12,22.82,951397.82,21529012.5827
2025-10-06 16:00:00,22.83,23.52,22.78,23.43,1187301.26,27592340.066
2025-10-06 20:00:00,23.44,23.6,23.26,23.37,738440.62,17313314.8023
2025-10-07 00:00:00,23.37,23.73,23.33,23.34,902295.63,21195797.1781
2025-10-07 04:00:00,23.35,23.65,22.82,22.85,908673.99,21118330.5396
2025-10-07 08:00:00,22.86,22.9,22.56,22.87,938069.69,21342190.0038
2025-10-07 12:00:00,22.86,23.09,21.84,22.0,1818634.47,40722790.4676
2025-10-07 16:00:00,21.99,22.21,21.8,21.88,653684.04,14349491.0906
2025-10-07 20:00:00,21.87,22.19,21.75,21.79,623544.74,13724960.2962
2025-10-08 00:00:00,21.8,22.15,21.66,21.75,481679.66,10567783.7805
2025-10-08 04:00:00,21.74,21.97,21.62,21.91,505566.2,11026075.168
2025-10-08 08:00:00,21.91,22.16,21.86,22.06,495699.6,10917844.6445
2025-10-08 12:00:00,22.07,22.35,21.84,22.0,514505.73,11361005.1052
2025-10-08 16:00:00,22.0,22.58,21.95,22.49,504930.45,11314081.3197
2025-10-08 20:00:00,22.48,22.67,22.4,22.63,288144.59,6495633.2461
2025-10-09 00:00:00,22.63,22.67,21.94,22.27,493175.06,10986430.2405
2025-10-09 04:00:00,22.26,22.49,21.94,21.97,374786.39,8342656.4693
2025-10-09 08:00:00,21.98,21.98,21.59,21.73,622157.99,13510591.2574
2025-10-09 12:00:00,21.72,22.04,21.32,21.49,896395.85,19366721.2089
2025-10-09 16:00:00,21.5,21.91,21.33,21.73,629275.93,13602382.9838
2025-10-09 20:00:00,21.73,22.13,21.69,21.99,305254.5,6687778.0536
2025-10-10 00:00:00,22.0,22.6,21.97,22.4,730774.55,16277240.3001
2025-10-10 04:00:00,22.4,22.62,22.25,22.29,585544.2,13130743.6642
2025-10-10 08:00:00,22.3,22.78,22.27,22.4,624485.79,14070941.3454
2025-10-10 12:00:00,22.41,22.78,21.2,21.37,2027908.04,44470341.1048
2025-10-10 16:00:00,21.37,21.55,20.39,20.5,1906519.28,40162753.7649
2025-10-10 20:00:00,20.49,20.7,7.9,17.31,18044492.0,296201294.88872
2025-10-11 00:00:00,17.31,18.16,16.88,17.48,4072657.62,71226121.9825
2025-10-11 04:00:00,17.49,17.85,17.32,17.73,2173222.15,38226815.4149
2025-10-11 08:00:00,17.74,18.52,17.64,18.05,1424634.42,25838080.9664
2025-10-11 12:00:00,18.05,18.14,17.42,17.98,1046297.17,18565249.019
2025-10-11 16:00:00,17.98,18.15,17.11,17.28,1044496.31,18480308.8718
2025-10-11 20:00:00,17.28,19.0,16.6,17.2,1696920.2,28951027.8223
2025-10-12 00:00:00,17.2,17.25,16.68,17.08,1053468.1,17880589.5792
2025-10-12 04:00:00,17.08,17.52,17.04,17.41,573670.1,9958219.2213
2025-10-12 08:00:00,17.41,17.57,17.18,17.4,485110.01,8433532.4657
2025-10-12 12:00:00,17.4,18.81,17.23,18.77,2469881.96,44606833.1278
2025-10-12 16:00:00,18.78,19.37,18.78,19.36,1877608.38,35853602.5172
2025-10-12 20:00:00,19.36,19.42,18.82,19.0,860583.11,16433253.6222
2025-10-13 00:00:00,19.0,19.26,18.73,19.03,1096767.47,20838247.9066
2025-10-13 04:00:00,19.03,19.68,18.92,19.54,878933.25,16962601.0672
2025-10-13 08:00:00,19.54,19.77,18.94,19.19,1520045.6,29560558.8843
2025-10-13 12:00:00,19.2,19.84,19.06,19.74,2718894.6,53146440.975
2025-10-13 16:00:00,19.74,20.12,19.47,20.04,1322523.7,26114594.178
2025-10-13 20:00:00,20.05,20.19,19.83,19.84,512249.27,10261251.883
2025-10-14 00:00:00,19.84,20.07,19.31,19.46,830939.52,16312914.5724
2025-10-14 04:00:00,19.47,19.54,18.28,18.56,1805398.9,33931220.9938
2025-10-14 08:00:00,18.55,18.76,18.07,18.58,1084538.11,20022712.7092
2025-10-14 12:00:00,18.59,19.05,18.14,19.04,1895799.64,35106844.9517
2025-10-14 16:00:00,19.04,19.37,18.64,18.88,1418173.94,26996534.4484
2025-10-14 20:00:00,18.89,19.18,18.81,19.1,427598.72,8132550.0516
2025-10-15 00:00:00,19.1,19.26,18.84,18.91,744882.11,14159323.1071
2025-10-15 04:00:00,18.92,19.15,18.83,18.87,452806.74,8598133.4844
2025-10-15 08:00:00,18.87,19.25,18.57,18.68,870229.56,16437886.178
2025-10-15 12:00:00,18.68,18.73,17.95,18.12,1138285.74,20942302.8932
2025-10-15 16:00:00,18.12,18.26,17.84,18.03,744082.22,13437814.0013
2025-10-15 20:00:00,18.04,18.13,17.73,18.06,559696.72,10047796.2267
2025-10-16 00:00:00,18.05,18.21,17.91,18.04,520200.73,9406237.4832
2025-10-16 04:00:00,18.04,18.21,17.92,18.06,454765.97,8224191.4363
2025-10-16 08:00:00,18.05,18.5,17.55,18.49,957032.05,17285057.971
2025-10-16 12:00:00,18.49,18.63,17.6,17.65,1217145.04,22051340.6246
2025-10-16 16:00:00,17.65,18.08,17.26,17.39,1357263.81,23964061.0381
2025-10-16 20:00:00,17.4,17.47,17.1,17.43,496940.91,8589900.6577
2025-10-17 00:00:00,17.42,17.69,17.35,17.52,378028.39,6613611.0204
2025-10-17 04:00:00,17.52,17.53,16.17,16.2,2155115.28,36151690.6715
2025-10-17 08:00:00,16.21,16.59,15.69,16.53,2745025.65,44089298.1253
2025-10-17 12:00:00,16.53,16.7,16.15,16.63,1285411.82,21164752.7475
2025-10-17 16:00:00,16.63,16.86,16.25,16.39,803932.33,13296608.3283
2025-10-17 20:00:00,16.38,16.77,16.32,16.61,468332.76,7776081.2545
2025-10-18 00:00:00,16.61,16.9,16.58,16.79,399110.94,6690521.2633
2025-10-18 04:00:00,16.8,17.01,16.57,16.71,501696.02,8414391.8194
2025-10-18 08:00:00,16.71,16.94,16.69,16.87,339592.46,5716235.6415
2025-10-18 12:00:00,16.87,16.97,16.62,16.79,330161.18,5538858.2995
2025-10-18 16:00:00,16.79,16.9,16.63,16.85,182948.06,3069529.354
2025-10-18 20:00:00,16.84,16.96,16.75,16.82,153929.57,2594931.0451
2025-10-19 00:00:00,16.81,16.89,16.64,16.86,272324.31,4556467.1294
2025-10-19 04:00:00,16.86,16.92,16.66,16.8,582374.18,9792225.2837
2025-10-19 08:00:00,16.8,17.3,16.53,17.14,1668860.7,28122150.5729
2025-10-19 12:00:00,17.14,17.54,17.02,17.41,667079.26,11554700.5768
2025-10-19 16:00:00,17.41,17.66,17.31,17.46,449315.46,7855028.1752
2025-10-19 20:00:00,17.45,17.55,17.24,17.29,259329.45,4516754.4554
2025-10-20 00:00:00,17.29,17.68,16.93,17.62,470682.25,8091081.8738
2025-10-20 04:00:00,17.62,18.96,17.58,18.61,2908792.81,53715926.0577
2025-10-20 08:00:00,18.62,19.04,18.56,19.01,1185034.24,22280873.656
2025-10-20 12:00:00,19.0,19.19,18.76,18.76,1152387.58,21890263.6818
2025-10-20 16:00:00,18.77,18.93,18.43,18.85,1216211.64,22702134.6569
2025-10-20 20:00:00,18.85,18.95,18.6,18.66,417661.13,7837981.6408
2025-10-21 00:00:00,18.66,18.96,18.13,18.15,765353.86,14185740.9095
2025-10-21 04:00:00,18.15,18.17,17.66,18.07,1246827.41,22304872.0521
2025-10-21 08:00:00,18.06,18.12,17.8,18.08,507268.73,9113393.3177
2025-10-21 12:00:00,18.07,18.97,17.83,18.8,2541244.33,46949080.0254
2025-10-21 16:00:00,18.8,18.9,18.07,18.18,1312716.14,24174332.6676
2025-10-21 20:00:00,18.18,18.22,17.53,17.61,1022508.85,18255272.4759
2025-10-22 00:00:00,17.6,17.74,17.42,17.63,567004.6,9980962.535
2025-10-22 04:00:00,17.63,17.84,17.43,17.62,572695.53,10086789.9845
2025-10-22 08:00:00,17.62,17.62,17.13,17.41,734985.08,12790013.9425
2025-10-22 12:00:00,17.41,17.61,17.14,17.47,1087608.23,18911845.6338
2025-10-22 16:00:00,17.47,17.51,17.1,17.25,700620.59,12123165.1436
2025-10-22 20:00:00,17.25,17.28,16.71,17.2,1085708.07,18452206.9978
2025-10-23 00:00:00,17.2,17.37,17.17,17.26,276760.58,4778500.2611
2025-10-23 04:00:00,17.27,17.68,17.25,17.57,533368.5,9353806.171
2025-10-23 08:00:00,17.58,17.71,17.25,17.3,939865.84,16377801.1708
2025-10-23 12:00:00,17.29,17.55,17.09,17.4,755213.81,13059244.3696
2025-10-23 16:00:00,17.4,17.79,17.35,17.48,584481.13,10268583.1058
2025-10-23 20:00:00,17.47,17.47,17.18,17.44,257972.5,4473218.2184
2025-10-24 00:00:00,17.44,17.48,17.29,17.35,333123.03,5794749.3878
2025-10-24 04:00:00,17.35,17.74,17.3,17.65,457374.27,8063042.3141
2025-10-24 08:00:00,17.65,17.82,17.54,17.74,576337.56,10200109.0703
2025-10-24 12:00:00,17.74,18.1,17.45,17.56,943797.71,16780533.3353
2025-10-24 16:00:00,17.56,17.85,17.47,17.78,410725.48,7262504.9357
2025-10-24 20:00:00,17.78,17.99,17.76,17.89,386748.33,6917864.6391
2025-10-25 00:00:00,17.89,17.97,17.79,17.81,157113.37,2806210.5662
2025-10-25 04:00:00,17.81,18.02,17.8,17.88,255491.89,4575640.6359
2025-10-25 08:00:00,17.87,18.04,17.87,18.0,214400.02,3849557.0132
2025-10-25 12:00:00,18.0,18.09,17.94,17.98,289668.66,5218074.2528
2025-10-25 16:00:00,17.98,18.2,17.95,18.19,185067.58,3343232.5298
2025-10-25 20:00:00,18.19,18.25,17.98,18.02,233347.18,4219294.506
2025-10-26 00:00:00,18.02,18.02,17.69,17.73,459245.38,8197046.7657
2025-10-26 04:00:00,17.74,17.87,17.72,17.86,400053.05,7115318.2925
2025-10-26 08:00:00,17.85,18.35,17.85,18.32,567008.2,10264369.8778
2025-10-26 12:00:00,18.32,18.49,18.22,18.33,552486.51,10135734.8177
2025-10-26 16:00:00,18.34,18.35,18.08,18.17,570317.23,10361809.6572
2025-10-26 20:00:00,18.17,18.69,18.06,18.55,816141.32,15068592.1953
2025-10-27 00:00:00,18.54,19.05,18.49,18.95,793141.35,14975765.8413
2025-10-27 04:00:00,18.95,19.06,18.69,18.83,655539.48,12395802.8944
2025-10-27 08:00:00,18.83,18.92,18.37,18.49,623893.89,11608158.0668
2025-10-27 12:00:00,18.5,18.51,18.17,18.41,561604.09,10300803.9035
2025-10-27 16:00:00,18.41,18.9,18.41,18.48,717512.11,13400337.2744
2025-10-27 20:00:00,18.49,18.49,18.08,18.22,592270.97,10830509.8526
2025-10-28 00:00:00,18.21,18.41,18.07,18.22,391406.13,7135536.1405
2025-10-28 04:00:00,18.22,18.51,18.02,18.33,396857.31,7244575.4898
2025-10-28 08:00:00,18.33,18.55,18.29,18.39,388265.74,7171944.4523
2025-10-28 12:00:00,18.39,18.83,18.07,18.38,1037542.49,19182028.159
2025-10-28 16:00:00,18.38,18.66,17.88,17.99,677931.31,12424820.488
2025-10-28 20:00:00,18.0,18.0,17.43,17.83,1204930.59,21332732.7026
2025-10-29 00:00:00,17.83,18.01,17.74,17.8,351425.69,6269966.4084
2025-10-29 04:00:00,17.8,17.99,17.77,17.93,286057.02,5111115.9589
2025-10-29 08:00:00,17.92,18.16,17.73,18.11,538518.32,9662273.3533
2025-10-29 12:00:00,18.11,18.32,17.89,18.02,833303.81,15108040.2464
2025-10-29 16:00:00,18.02,18.52,17.54,18.26,2649953.09,47919786.1686
2025-10-29 20:00:00,18.27,18.67,17.98,18.13,757417.79,13899486.2906
2025-10-30 00:00:00,18.14,18.32,18.01,18.17,460510.49,8369773.8273
2025-10-30 04:00:00,18.17,18.43,17.47,18.37,1378198.19,24676011.6404
2025-10-30 08:00:00,18.37,18.39,17.65,17.67,998588.88,17914902.5238
2025-10-30 12:00:00,17.67,17.72,16.85,16.91,1823701.22,31384036.8745
2025-10-30 16:00:00,16.91,17.02,16.34,16.4,1004863.01,16773427.3243
2025-10-30 20:00:00,16.39,16.82,16.32,16.8,733299.7,12190181.8277
2025-10-31 00:00:00,16.8,17.09,16.73,16.94,1090292.16,18420866.7549
2025-10-31 04:00:00,16.94,17.31,16.93,17.22,610449.16,10483152.2926
2025-10-31 08:00:00,17.22,17.35,17.14,17.34,412173.65,7106486.5272
2025-10-31 12:00:00,17.33,17.46,17.09,17.28,666775.82,11520514.0954
2025-10-31 16:00:00,17.29,17.37,16.77,17.31,680752.26,11605220.3146
2025-10-31 20:00:00,17.3,17.36,17.12,17.24,271001.03,4674464.2319
2025-11-01 00:00:00,17.24,17.33,17.06,17.31,329200.44,5659607.7924
2025-11-01 04:00:00,17.32,17.34,17.13,17.33,201711.06,3480266.464
2025-11-01 08:00:00,17.32,17.44,17.24,17.34,302050.67,5240615.3932
2025-11-01 12:00:00,17.35,17.42,17.13,17.25,319327.41,5509558.7679
2025-11-01 16:00:00,17.25,17.34,17.04,17.23,327446.22,5628782.9297
2025-11-01 20:00:00,17.24,17.32,17.05,17.14,274556.51,4712984.3021
2025-11-02 00:00:00,17.15,17.21,17.04,17.16,154393.29,2642018.3472
2025-11-02 04:00:00,17.15,17.6,17.11,17.54,580843.37,10125418.3823
2025-11-02 08:00:00,17.54,17.64,17.25,17.58,358636.16,6261984.0792
2025-11-02 12:00:00,17.58,17.59,17.06,17.13,391902.12,6777265.3087
2025-11-02 16:00:00,17.13,17.29,16.99,17.05,289388.1,4957074.1545
2025-11-02 20:00:00,17.06,17.63,16.99,17.58,406944.91,7048884.0866
2025-11-03 00:00:00,17.59,17.66,16.33,16.36,1134952.19,19201369.7108
2025-11-03 04:00:00,16.36,16.52,15.87,16.13,1059559.27,17150968.8459
2025-11-03 08:00:00,16.13,16.24,15.8,16.07,897966.69,14389877.0872
2025-11-03 12:00:00,16.07,16.34,14.51,15.29,3194893.88,49446054.0279
2025-11-03 16:00:00,15.3,15.86,15.24,15.35,1334485.74,20711214.6807
2025-11-03 20:00:00,15.35,15.43,15.05,15.25,930904.62,14193641.4498
2025-11-04 00:00:00,15.25,15.51,15.11,15.43,716435.46,11008523.8961
2025-11-04 04:00:00,15.43,15.51,14.56,14.63,1698691.91,25303206.3457
2025-11-04 08:00:00,14.64,15.28,14.52,15.06,1399711.29,20906194.5373
2025-11-04 12:00:00,15.06,15.43,14.67,15.12,1665055.57,24955903.3893
2025-11-04 16:00:00,15.11,15.24,14.13,14.29,2495012.77,36319123.7805
2025-11-04 20:00:00,14.29,14.87,13.69,14.68,2875848.72,40924923.1329
2025-11-05 00:00:00,14.69,14.9,13.98,14.85,1689755.74,24569679.2484
2025-11-05 04:00:00,14.85,15.02,14.75,14.91,553855.49,8231105.6944
2025-11-05 08:00:00,14.9,14.9,14.54,14.83,564424.99,8308047.9786
2025-11-05 12:00:00,14.82,15.11,14.74,15.1,841598.27,12575607.7236
2025-11-05 16:00:00,15.1,15.4,14.91,15.25,893265.74,13579523.0527
2025-11-05 20:00:00,15.26,15.36,15.05,15.09,1351131.9,20516163.5278
2025-11-06 00:00:00,15.08,15.21,14.84,15.12,697916.0,10502188.8621
2025-11-06 04:00:00,15.13,15.24,14.82,14.91,541505.58,8106657.7521
2025-11-06 08:00:00,14.9,14.98,14.75,14.94,449684.94,6688797.9466
2025-11-06 12:00:00,14.93,15.1,14.38,14.46,782853.85,11565124.9235
2025-11-06 16:00:00,14.47,14.78,14.24,14.74,881631.91,12802646.2919
2025-11-06 20:00:00,14.74,14.8,14.5,14.74,486341.9,7128386.6965
2025-11-07 00:00:00,14.74,15.04,14.58,14.96,922672.96,13667226.0771
2025-11-07 04:00:00,14.96,15.17,14.83,15.16,495927.92,7449134.4329
2025-11-07 08:00:00,15.17,15.19,14.5,14.68,780830.58,11561067.805
2025-11-07 12:00:00,14.68,15.11,14.31,15.03,1233557.99,18117757.6747
2025-11-07 16:00:00,15.03,16.23,14.95,16.06,1867099.23,29369634.926
2025-11-07 20:00:00,16.07,16.18,15.73,15.79,693144.16,11105008.0348
2025-11-08 00:00:00,15.79,16.03,15.62,15.77,1135220.7,17980855.1306
2025-11-08 04:00:00,15.77,15.93,15.53,15.72,708227.99,11139116.5966
2025-11-08 08:00:00,15.72,15.93,15.6,15.68,835493.45,13166805.725
2025-11-08 12:00:00,15.69,15.73,15.17,15.22,784313.08,12105486.5732
2025-11-08 16:00:00,15.22,15.45,15.12,15.37,411627.25,6295081.3014
2025-11-08 20:00:00,15.36,15.55,15.27,15.51,239573.52,3697935.8352
2025-11-09 00:00:00,15.52,15.53,15.02,15.1,653669.77,9973231.3716
2025-11-09 04:00:00,15.1,15.43,15.05,15.37,340487.4,5189617.643
2025-11-09 08:00:00,15.37,15.5,15.08,15.44,508248.14,7769273.9183
2025-11-09 12:00:00,15.43,15.94,15.39,15.82,732645.35,11498432.7734
2025-11-09 16:00:00,15.83,16.1,15.72,16.09,433964.52,6894857.1981
2025-11-09 20:00:00,16.1,16.13,15.83,15.93,401384.83,6418350.2234
2025-11-10 00:00:00,15.92,16.31,15.79,16.24,648364.63,10465624.4254
2025-11-10 04:00:00,16.24,16.43,16.15,16.36,502295.28,8184606.1871
2025-11-10 08:00:00,16.37,16.65,16.19,16.51,795083.36,13087539.0386
2025-11-10 12:00:00,16.52,16.67,15.98,16.08,1747374.74,28385191.8789
2025-11-10 16:00:00,16.08,16.29,15.93,16.16,482243.95,7766318.7956
2025-11-10 20:00:00,16.15,16.46,15.96,16.36,572053.94,9282321.5335
2025-11-11 00:00:00,16.36,16.8,16.17,16.64,917524.4,15144319.1159
2025-11-11 04:00:00,16.63,16.69,15.99,16.0,688115.04,11159288.3922
2025-11-11 08:00:00,15.99,16.23,15.95,16.2,376123.36,6052716.1292
2025-11-11 12:00:00,16.2,16.3,15.7,15.79,1049514.85,16711558.8323
2025-11-11 16:00:00,15.8,15.89,15.59,15.64,471244.62,7419182.9777
2025-11-11 20:00:00,15.63,15.66,15.25,15.28,640944.16,9873423.6441
2025-11-12 00:00:00,15.28,15.47,15.18,15.4,449231.64,6893895.8906
2025-11-12 04:00:00,15.39,15.55,15.3,15.33,322962.4,4981420.2752
2025-11-12 08:00:00,15.34,16.17,15.34,16.11,870315.45,13801108.8667
2025-11-12 12:00:00,16.11,16.25,15.34,15.38,1229969.14,19505660.4842
2025-11-12 16:00:00,15.37,15.42,14.92,15.09,1118010.0,16968139.2345
2025-11-12 20:00:00,15.08,15.32,15.03,15.15,434084.68,6604212.5141
2025-11-13 00:00:00,15.15,15.65,15.07,15.54,761053.13,11674752.2032
2025-11-13 04:00:00,15.53,16.02,15.43,15.88,767460.0,12128837.378
2025-11-13 08:00:00,15.87,15.96,15.64,15.74,464168.95,7321100.0559
2025-11-13 12:00:00,15.74,15.78,15.24,15.33,953348.79,14798052.9313
2025-11-13 16:00:00,15.32,15.37,14.2,14.29,1731296.78,25456153.6882
2025-11-13 20:00:00,14.28,14.73,14.14,14.54,1271924.49,18263470.981
2025-11-14 00:00:00,14.55,14.61,14.35,14.43,748713.59,10833501.8737
2025-11-14 04:00:00,14.44,14.57,13.9,14.45,1658548.28,23684059.246
2025-11-14 08:00:00,14.45,14.46,14.12,14.19,1054165.71,15046660.2585
2025-11-14 12:00:00,14.18,14.46,13.82,14.29,1783938.3,25180907.3371
2025-11-14 16:00:00,14.3,14.5,14.06,14.3,597675.25,8524579.7954
2025-11-14 20:00:00,14.3,14.31,13.58,13.81,756213.13,10533406.7351
2025-11-15 00:00:00,13.81,14.29,13.79,14.21,470950.61,6638119.6681
2025-11-15 04:00:00,14.21,14.29,14.06,14.08,457541.37,6481874.5036
2025-11-15 08:00:00,14.08,14.11,13.83,14.01,519422.28,7267149.9754
2025-11-15 12:00:00,14.01,14.3,13.97,14.17,389437.14,5519166.8342
2025-11-15 16:00:00,14.17,14.34,14.06,14.21,445717.73,6338582.4521
2025-11-15 20:00:00,14.21,14.22,13.99,14.14,269205.65,3797537.6052
2025-11-16 00:00:00,14.14,14.26,13.85,14.18,441700.58,6202782.6306
2025-11-16 04:00:00,14.19,14.34,14.1,14.34,209900.66,2987188.9035
2025-11-16 08:00:00,14.34,14.54,14.03,14.06,1191860.87,17079597.924
2025-11-16 12:00:00,14.06,14.18,13.76,13.78,1100555.81,15423409.211
2025-11-16 16:00:00,13.79,13.89,13.4,13.62,1621765.84,22105791.8423
2025-11-16 20:00:00,13.63,13.85,13.4,13.73,836096.09,11384343.2682
2025-11-17 00:00:00,13.73,13.99,13.58,13.98,551363.63,7632714.2652
2025-11-17 04:00:00,13.99,14.17,13.92,14.12,393537.35,5517575.9938
2025-11-17 08:00:00,14.13,14.21,14.02,14.17,254197.64,3589207.8327
2025-11-17 12:00:00,14.17,14.29,13.59,13.71,1810965.5,25221957.2272
2025-11-17 16:00:00,13.71,13.8,13.09,13.22,1536311.87,20571801.4551
2025-11-17 20:00:00,13.22,13.36,13.08,13.33,834827.21,11049911.1547
2025-11-18 00:00:00,13.34,13.52,13.06,13.46,1135776.51,15114192.1337
2025-11-18 04:00:00,13.45,13.59,13.24,13.39,902308.84,12088607.558
2025-11-18 08:00:00,13.39,13.6,13.37,13.49,434780.89,5875487.482
2025-11-18 12:00:00,13.49,13.83,13.29,13.71,1354108.84,18312545.069
2025-11-18 16:00:00,13.71,14.0,13.68,13.9,659758.94,9154656.7094
2025-11-18 20:00:00,13.91,13.96,13.7,13.79,416506.68,5766994.9255
2025-11-19 00:00:00,13.8,13.83,13.47,13.5,881046.31,12032384.66
2025-11-19 04:00:00,13.49,13.55,13.12,13.49,638368.34,8525154.1964
2025-11-19 08:00:00,13.48,13.56,13.33,13.4,470794.07,6331159.4823
2025-11-19 12:00:00,13.39,13.51,12.98,13.02,1097862.71,14537505.1575
2025-11-19 16:00:00,13.02,13.14,12.77,12.89,1415998.7,18295564.5655
2025-11-19 20:00:00,12.88,13.58,12.85,13.53,771779.12,10250433.5122
2025-11-20 00:00:00,13.53,13.71,13.46,13.65,486225.52,6612037.2396
2025-11-20 04:00:00,13.65,13.95,13.58,13.94,777027.4,10694081.7517
2025-11-20 08:00:00,13.94,14.0,13.57,13.71,1074484.32,14807887.3387
2025-11-20 12:00:00,13.71,13.92,13.4,13.42,1442381.56,19680453.6767
2025-11-20 16:00:00,13.41,13.44,12.77,13.0,2643873.72,34273436.6122
2025-11-20 20:00:00,13.0,13.34,12.84,12.93,828074.88,10837406.1179
2025-11-21 00:00:00,12.94,13.22,12.79,12.86,917391.84,11922160.1876
2025-11-21 04:00:00,12.86,12.93,11.81,12.28,2646950.87,32810523.0534
2025-11-21 08:00:00,12.27,12.43,11.85,11.89,2068839.33,25163136.2835
2025-11-21 12:00:00,11.9,12.33,11.61,11.91,2263575.59,27202374.899
2025-11-21 16:00:00,11.91,12.37,11.72,12.12,1442867.53,17426177.0778
2025-11-21 20:00:00,12.12,12.25,11.79,12.11,1018805.24,12263525.1566
2025-11-22 00:00:00,12.12,12.25,12.03,12.11,445708.62,5411289.3654
2025-11-22 04:00:00,12.11,12.12,11.84,12.0,829995.17,9917153.1504
2025-11-22 08:00:00,12.0,12.03,11.75,11.96,604916.84,7176652.6796
2025-11-22 12:00:00,11.97,12.01,11.74,11.92,596203.87,7087151.9628
2025-11-22 16:00:00,11.92,12.1,11.91,12.0,497146.87,5965944.4961
2025-11-22 20:00:00,12.01,12.31,11.94,12.17,482932.26,5855706.875
2025-11-23 00:00:00,12.17,12.48,12.11,12.47,671466.67,8280021.335
2025-11-23 04:00:00,12.47,12.6,12.3,12.37,530991.54,6621616.5701
2025-11-23 08:00:00,12.37,12.62,12.36,12.51,1468606.55,18349933.808
2025-11-23 12:00:00,12.51,12.73,12.49,12.68,704090.69,8872906.0133
2025-11-23 16:00:00,12.68,12.75,12.45,12.64,508986.41,6405035.3431
2025-11-23 20:00:00,12.64,12.75,12.49,12.53,449993.7,5687662.6718
2025-11-24 00:00:00,12.52,12.84,12.35,12.69,840332.33,10583901.8916
2025-11-24 04:00:00,12.69,12.85,12.47,12.59,607791.04,7691465.7617
2025-11-24 08:00:00,12.58,12.65,12.35,12.5,407868.2,5085073.6929
2025-11-24 12:00:00,12.49,12.69,12.3,12.62,773486.88,9678107.3555
2025-11-24 16:00:00,12.63,13.21,12.61,13.0,1337538.22,17400607.7932
2025-11-24 20:00:00,13.0,13.16,12.95,12.97,529982.6,6919068.2322
2025-11-25 00:00:00,12.97,13.03,12.87,12.91,525213.27,6799543.7797
2025-11-25 04:00:00,12.9,13.05,12.8,12.81,415933.66,5379294.0283
2025-11-25 08:00:00,12.81,12.88,12.66,12.77,511645.53,6542685.701
2025-11-25 12:00:00,12.78,12.95,12.55,12.74,869245.38,11091811.8868
2025-11-25 16:00:00,12.73,13.15,12.73,12.98,1266580.78,16447906.8994
2025-11-25 20:00:00,12.98,13.22,12.86,13.09,966567.88,12603807.2463
2025-11-26 00:00:00,13.08,13.17,12.93,12.96,444835.18,5822088.051
2025-11-26 04:00:00,12.96,13.08,12.92,13.08,214099.06,2785640.8557
2025-11-26 08:00:00,13.07,13.09,12.79,12.84,698079.5,8984704.4035
2025-11-26 12:00:00,12.84,13.01,12.75,12.87,363235.09,4674723.965
2025-11-26 16:00:00,12.88,13.51,12.88,13.45,949205.61,12630963.4643
2025-11-26 20:00:00,13.45,13.5,13.36,13.46,359533.97,4827801.9757
2025-11-27 00:00:00,13.45,13.57,13.36,13.37,458506.12,6170121.6955
2025-11-27 04:00:00,13.38,13.46,13.28,13.35,232612.1,3108012.5774
2025-11-27 08:00:00,13.36,13.44,13.27,13.35,246412.89,3290348.0403
2025-11-27 12:00:00,13.34,13.48,13.23,13.46,318013.64,4240666.851
2025-11-27 16:00:00,13.46,13.54,13.4,13.47,237586.21,3200357.6247
2025-11-27 20:00:00,13.46,13.52,13.3,13.34,208328.86,2799710.9374
2025-11-28 00:00:00,13.33,13.39,13.14,13.29,339553.04,4496105.3693
2025-11-28 04:00:00,13.29,13.34,13.19,13.22,152319.54,2021479.3153
2025-11-28 08:00:00,13.23,13.55,13.22,13.3,466035.23,6256294.7543
2025-11-28 12:00:00,13.3,13.53,13.25,13.42,398344.95,5341101.053
2025-11-28 16:00:00,13.43,13.43,13.04,13.21,463874.61,6103264.3041
2025-11-28 20:00:00,13.21,13.22,13.07,13.13,303082.4,3985278.1435
2025-11-29 00:00:00,13.12,13.21,13.05,13.08,205639.49,2697942.6669
2025-11-29 04:00:00,13.08,13.16,12.98,13.1,443505.1,5797895.3956
2025-11-29 08:00:00,13.09,13.17,13.02,13.15,208016.88,2721125.9746
2025-11-29 12:00:00,13.16,13.22,13.04,13.17,159604.22,2094646.0741
2025-11-29 16:00:00,13.17,13.18,12.91,13.02,252968.46,3295179.4731
2025-11-29 20:00:00,13.03,13.06,12.95,12.99,146363.84,1902735.2197
2025-11-30 00:00:00,12.99,13.12,12.94,13.11,143968.39,1875031.3607
2025-11-30 04:00:00,13.11,13.11,12.98,13.05,175941.69,2291723.8087
2025-11-30 08:00:00,13.05,13.12,12.99,13.0,207306.56,2705765.8343
2025-11-30 12:00:00,13.01,13.33,12.97,13.24,442068.3,5852217.1281
2025-11-30 16:00:00,13.24,13.42,13.24,13.32,235073.79,3136896.7003
2025-11-30 20:00:00,13.31,13.37,12.93,12.95,296009.63,3901091.4128
2025-12-01 00:00:00,12.95,12.99,12.1,12.15,1966460.1,24468509.917
2025-12-01 04:00:00,12.15,12.28,12.04,12.2,550785.89,6686518.9541
2025-12-01 08:00:00,12.2,12.22,12.11,12.11,288723.15,3513075.4541
2025-12-01 12:00:00,12.12,12.22,11.81,12.0,1318293.02,15873471.1823
2025-12-01 16:00:00,12.0,12.0,11.74,11.84,828198.25,9813637.6559
2025-12-01 20:00:00,11.84,12.17,11.84,12.07,569990.62,6858212.9147
2025-12-02 00:00:00,12.07,12.22,11.98,12.09,404288.97,4883203.3545
2025-12-02 04:00:00,12.1,12.19,12.07,12.13,359061.9,4353701.7192
2025-12-02 08:00:00,12.13,12.28,11.99,12.26,458154.94,5556743.0751
2025-12-02 12:00:00,12.26,13.42,12.19,13.3,1745412.9,22250925.2891
2025-12-02 16:00:00,13.29,13.5,13.23,13.41,1118981.92,14940844.1428
2025-12-02 20:00:00,13.42,13.59,13.27,13.47,883755.36,11870266.4726
2025-12-03 00:00:00,13.47,14.01,13.43,13.95,1208755.87,16619112.1514
2025-12-03 04:00:00,13.95,14.43,13.91,14.38,1537160.34,21855777.421
2025-12-03 08:00:00,14.39,14.6,14.29,14.44,1227441.8,17690144.4346
2025-12-03 12:00:00,14.44,14.7,14.2,14.4,2174684.94,31351770.7827
2025-12-03 16:00:00,14.4,14.57,14.28,14.42,739019.15,10660293.7573
2025-12-03 20:00:00,14.42,14.75,14.35,14.64,981464.63,14255851.359
2025-12-04 00:00:00,14.64,14.93,14.52,14.62,908604.07,13388920.7447
2025-12-04 04:00:00,14.62,14.64,14.35,14.54,556838.86,8065022.5397
2025-12-04 08:00:00,14.54,14.79,14.44,14.49,573749.56,8370886.3601
2025-12-04 12:00:00,14.48,14.59,14.22,14.48,645112.54,9286627.3667
2025-12-04 16:00:00,14.48,14.55,13.97,14.2,801262.07,11426203.5162
2025-12-04 20:00:00,14.2,14.38,14.15,14.25,273202.98,3894982.5812
2025-12-05 00:00:00,14.25,14.4,14.19,14.25,363653.36,5196246.3552
2025-12-05 04:00:00,14.26,14.31,14.14,14.25,197986.84,2818003.3146
2025-12-05 08:00:00,14.25,14.33,13.97,14.06,525930.88,7431612.4722
2025-12-05 12:00:00,14.05,14.17,13.74,13.94,1051413.77,14650372.1753
2025-12-05 16:00:00,13.95,13.95,13.36,13.56,1046972.44,14208263.7588
2025-12-05 20:00:00,13.56,13.66,13.47,13.59,294629.51,4000811.459
2025-12-06 00:00:00,13.59,13.78,13.49,13.67,247295.74,3373862.1262
2025-12-06 04:00:00,13.68,13.69,13.52,13.6,210605.56,2866758.6584
2025-12-06 08:00:00,13.6,13.77,13.5,13.75,262349.88,3585932.277
2025-12-06 12:00:00,13.75,13.94,13.64,13.81,531720.23,7331147.956
2025-12-06 16:00:00,13.81,14.08,13.8,13.88,373128.74,5198233.6106
2025-12-06 20:00:00,13.88,14.02,13.85,13.92,228389.08,3184295.2866
2025-12-07 00:00:00,13.91,14.02,13.88,14.01,162857.61,2271102.6572
2025-12-07 04:00:00,14.01,14.04,13.86,13.92,149096.9,2080263.6045
2025-12-07 08:00:00,13.93,13.94,13.74,13.78,224928.61,3108761.0185
2025-12-07 12:00:00,13.79,13.95,13.17,13.61,1316210.2,17758881.469
2025-12-07 16:00:00,13.6,14.18,13.47,14.05,767303.9,10655689.4812
2025-12-07 20:00:00,14.06,14.12,13.42,13.65,671778.48,9211417.4814
2025-12-08 00:00:00,13.65,14.05,13.58,13.89,492708.69,6822431.0668
2025-12-08 04:00:00,13.89,14.07,13.87,14.01,264712.92,3703985.0986
2025-12-08 08:00:00,14.01,14.29,13.91,13.94,523260.03,7371770.7613
2025-12-08 12:00:00,13.94,14.1,13.67,13.74,678026.54,9415437.6556
2025-12-08 16:00:00,13.75,13.9,13.56,13.7,450036.41,6180204.2927
2025-12-08 20:00:00,13.71,13.92,13.7,13.76,262088.05,3618295.3699
2025-12-09 00:00:00,13.76,13.86,13.53,13.71,326004.36,4460040.9503
2025-12-09 04:00:00,13.72,13.85,13.57,13.83,314431.74,4302969.4338
2025-12-09 08:00:00,13.84,13.87,13.61,13.73,308184.57,4232615.7064
2025-12-09 12:00:00,13.73,14.44,13.64,14.41,887774.37,12448186.6853
2025-12-09 16:00:00,14.41,15.01,14.41,14.65,1430971.96,21134199.2808
2025-12-09 20:00:00,14.65,14.65,14.23,14.41,454957.34,6568234.0362
2025-12-10 00:00:00,14.41,14.46,14.21,14.22,270750.26,3871035.3433
2025-12-10 04:00:00,14.22,14.28,14.11,14.18,272815.32,3870860.3992
2025-12-10 08:00:00,14.18,14.44,14.05,14.18,525576.05,7465308.7503
2025-12-10 12:00:00,14.18,14.19,13.94,14.03,520844.46,7332762.985
2025-12-10 16:00:00,14.03,14.64,13.98,14.49,1363061.99,19546942.5125
2025-12-10 20:00:00,14.5,14.89,14.06,14.1,1310102.52,18954197.5085
2025-12-11 00:00:00,14.09,14.14,13.44,13.52,659870.71,9070978.3515
2025-12-11 04:00:00,13.52,13.69,13.46,13.54,439721.62,5972043.8441
2025-12-11 08:00:00,13.53,13.63,13.42,13.6,340690.82,4610972.3464
2025-12-11 12:00:00,13.6,13.72,13.43,13.52,515316.13,6995348.4424
2025-12-11 16:00:00,13.52,13.86,13.4,13.71,586014.71,8003857.1835
2025-12-11 20:00:00,13.7,14.21,13.7,14.07,797048.9,11195801.7708
2025-12-12 00:00:00,14.06,14.18,13.83,14.01,464961.67,6516613.0689
2025-12-12 04:00:00,14.0,14.21,13.95,14.06,199405.0,2805703.1901
2025-12-12 08:00:00,14.06,14.13,13.93,14.12,264839.17,3717581.4984
2025-12-12 12:00:00,14.11,14.35,13.44,13.53,872930.29,12205144.1865
2025-12-12 16:00:00,13.53,13.67,13.27,13.59,778169.97,10483837.9684
2025-12-12 20:00:00,13.58,13.7,13.54,13.63,192147.13,2617392.9148
2025-12-13 00:00:00,13.64,13.74,13.6,13.71,125360.77,1714119.9501
2025-12-13 04:00:00,13.71,13.8,13.69,13.79,182213.83,2503904.1485
2025-12-13 08:00:00,13.79,13.97,13.78,13.81,334179.37,4644005.9225
2025-12-13 12:00:00,13.81,13.85,13.65,13.81,236035.16,3247780.0089
2025-12-13 16:00:00,13.81,13.87,13.69,13.74,131327.02,1806448.2864
2025-12-13 20:00:00,13.75,13.76,13.62,13.74,129827.39,1778835.3494
2025-12-14 00:00:00,13.74,13.8,13.7,13.71,109447.34,1504021.868
2025-12-14 04:00:00,13.72,13.74,13.62,13.71,112581.81,1540173.082
2025-12-14 08:00:00,13.72,13.76,13.44,13.56,300681.68,4086482.16
2025-12-14 12:00:00,13.57,13.67,13.42,13.47,247331.95,3347519.5652
2025-12-14 16:00:00,13.47,13.57,13.34,13.4,247021.75,3316297.1962
2025-12-14 20:00:00,13.39,13.44,13.09,13.28,427566.06,5676849.0575
2025-12-15 00:00:00,13.28,13.72,13.26,13.54,345630.82,4664430.7107
2025-12-15 04:00:00,13.54,13.69,13.47,13.58,233098.99,3168044.6912
2025-12-15 08:00:00,13.57,13.74,13.55,13.62,235631.96,3212119.9294
2025-12-15 12:00:00,13.62,13.7,12.73,12.78,1487680.92,19543265.4031
2025-12-15 16:00:00,12.79,12.84,12.47,12.75,897938.2,11400110.6995
2025-12-15 20:00:00,12.75,12.9,12.61,12.85,483749.8,6156679.8726
2025-12-16 00:00:00,12.86,12.89,12.67,12.75,399346.57,5101426.4214
2025-12-16 04:00:00,12.75,12.89,12.55,12.69,415572.63,5290093.5499
2025-12-16 08:00:00,12.7,12.99,12.69,12.96,608599.71,7826777.7676
2025-12-16 12:00:00,12.96,13.13,12.69,13.05,1108545.96,14316192.04
2025-12-16 16:00:00,13.05,13.06,12.78,12.94,403948.4,5220541.803
2025-12-16 20:00:00,12.94,13.0,12.87,12.93,143208.96,1852975.3453
2025-12-17 00:00:00,12.93,13.0,12.76,12.82,276540.23,3557244.6224
2025-12-17 04:00:00,12.83,12.84,12.64,12.77,259822.31,3310686.4727
2025-12-17 08:00:00,12.78,12.78,12.58,12.7,209270.3,2649729.3778
2025-12-17 12:00:00,12.7,13.18,12.49,12.57,1400306.35,17924108.0371
2025-12-17 16:00:00,12.57,12.66,12.12,12.28,2031992.65,25243017.3576
2025-12-17 20:00:00,12.28,12.38,12.16,12.27,304835.02,3733861.4822
2025-12-18 00:00:00,12.26,12.3,12.14,12.2,308581.73,3771650.2598
2025-12-18 04:00:00,12.19,12.25,12.06,12.18,313848.71,3810012.4126
2025-12-18 08:00:00,12.18,12.3,12.16,12.29,390651.49,4783970.1695
2025-12-18 12:00:00,12.29,12.88,12.23,12.63,1339986.95,16872506.79
2025-12-18 16:00:00,12.64,12.66,11.74,11.76,1430088.11,17290780.4475
2025-12-18 20:00:00,11.76,12.07,11.74,11.93,574941.13,6858972.4122
2025-12-19 00:00:00,11.93,12.35,11.84,12.22,728329.39,8785805.0507
2025-12-19 04:00:00,12.22,12.51,12.19,12.37,490834.2,6032910.8325
2025-12-19 08:00:00,12.38,12.46,12.34,12.45,567729.59,7041826.2864
2025-12-19 12:00:00,12.45,12.76,12.38,12.47,786022.43,9837895.6603
2025-12-19 16:00:00,12.46,12.7,12.37,12.63,517244.88,6494310.9478
2025-12-19 20:00:00,12.62,12.67,12.52,12.54,156953.02,1977193.1413
2025-12-20 00:00:00,12.54,12.58,12.48,12.55,89688.53,1123300.1742
2025-12-20 04:00:00,12.54,12.63,12.48,12.61,149434.95,1874206.7562
2025-12-20 08:00:00,12.62,12.72,12.59,12.69,212729.49,2693060.2737
2025-12-20 12:00:00,12.68,12.7,12.55,12.61,205950.3,2598753.2756
2025-12-20 16:00:00,12.62,12.65,12.56,12.59,132656.68,1670818.3983
2025-12-20 20:00:00,12.59,12.65,12.54,12.56,141364.33,1778937.0747
2025-12-21 00:00:00,12.55,12.6,12.38,12.49,249614.3,3115706.7329
2025-12-21 04:00:00,12.49,12.56,12.48,12.52,102835.99,1287404.1578
2025-12-21 08:00:00,12.52,12.71,12.48,12.57,235727.9,2973712.0052
2025-12-21 12:00:00,12.57,12.64,12.22,12.34,507871.38,6282340.7573
2025-12-21 16:00:00,12.33,12.44,12.27,12.41,183966.19,2273520.7862
2025-12-21 20:00:00,12.4,12.49,12.28,12.44,185451.77,2294791.2094
2025-12-22 00:00:00,12.44,12.71,12.33,12.55,483667.28,6063068.6288
2025-12-22 04:00:00,12.55,12.65,12.49,12.58,238576.82,3000612.0399
2025-12-22 08:00:00,12.59,12.74,12.56,12.7,379164.99,4800320.0635
2025-12-22 12:00:00,12.7,12.95,12.63,12.8,510799.43,6516942.166
2025-12-22 16:00:00,12.8,12.86,12.42,12.45,324534.98,4107674.9174
2025-12-22 20:00:00,12.45,12.67,12.36,12.58,357049.63,4459138.0363
2025-12-23 00:00:00,12.58,12.7,12.44,12.49,326601.48,4111183.5313
2025-12-23 04:00:00,12.5,12.53,12.23,12.34,505953.19,6244495.4829
2025-12-23 08:00:00,12.33,12.41,12.27,12.37,303016.32,3741029.1253
2025-12-23 12:00:00,12.36,12.36,12.07,12.29,732499.72,8957470.277
2025-12-23 16:00:00,12.28,12.45,12.24,12.36,748294.73,9260195.9822
2025-12-23 20:00:00,12.36,12.52,12.32,12.39,180208.13,2235139.0024
2025-12-24 00:00:00,12.39,12.44,12.17,12.26,245860.49,3023346.4781
2025-12-24 04:00:00,12.26,12.32,12.12,12.19,240395.96,2931732.1413
2025-12-24 08:00:00,12.18,12.25,12.12,12.23,181069.13,2207913.3072
2025-12-24 12:00:00,12.23,12.28,12.01,12.18,421179.93,5113286.4792
2025-12-24 16:00:00,12.18,12.28,12.12,12.25,315377.55,3847070.0409
2025-12-24 20:00:00,12.25,12.38,12.22,12.28,212034.42,2607288.1667
2025-12-25 00:00:00,12.27,12.37,12.23,12.34,152855.47,1879182.388
2025-12-25 04:00:00,12.33,12.36,12.28,12.31,112061.03,1380061.8771
2025-12-25 08:00:00,12.3,12.36,12.11,12.2,252758.47,3087364.9732
2025-12-25 12:00:00,12.19,12.43,12.17,12.37,263639.64,3236324.8264
2025-12-25 16:00:00,12.37,12.43,12.27,12.39,223889.77,2766501.5847
2025-12-25 20:00:00,12.38,12.4,11.99,12.07,328415.77,3982489.2778
2025-12-26 00:00:00,12.06,12.54,12.02,12.39,542218.14,6688987.714
2025-12-26 04:00:00,12.39,12.48,12.32,12.35,226792.32,2814944.9374
2025-12-26 08:00:00,12.35,12.46,12.35,12.42,126942.67,1575731.6527
2025-12-26 12:00:00,12.41,12.51,12.05,12.17,675606.93,8278826.0738
2025-12-26 16:00:00,12.18,12.26,12.12,12.2,224293.1,2734230.2434
2025-12-26 20:00:00,12.19,12.26,12.15,12.19,128384.52,1565135.0034
2025-12-27 00:00:00,12.18,12.27,12.16,12.24,165949.59,2026930.5269
2025-12-27 04:00:00,12.25,12.28,12.18,12.25,128073.76,1565168.0687
2025-12-27 08:00:00,12.26,12.3,12.17,12.26,116414.97,1425344.2767
2025-12-27 12:00:00,12.26,12.35,12.23,12.32,194484.48,2390461.4395
2025-12-27 16:00:00,12.32,12.35,12.26,12.34,112518.54,1384186.8606
2025-12-27 20:00:00,12.33,12.55,12.3,12.52,352225.63,4375033.3724
2025-12-28 00:00:00,12.52,12.55,12.43,12.5,285465.05,3565444.2514
2025-12-28 04:00:00,12.49,12.52,12.41,12.43,148394.57,1849633.1748
2025-12-28 08:00:00,12.42,12.51,12.37,12.45,178534.84,2222669.2905
2025-12-28 12:00:00,12.44,12.57,12.43,12.53,212533.23,2653108.3268
2025-12-28 16:00:00,12.53,12.6,12.33,12.35,291933.24,3631539.1808
2025-12-28 20:00:00,12.35,12.5,12.32,12.5,160426.45,1989465.2958
2025-12-29 00:00:00,12.5,12.99,12.46,12.94,817123.1,10410811.4463
2025-12-29 04:00:00,12.94,13.03,12.73,12.8,584426.96,7538665.6233
2025-12-29 08:00:00,12.79,12.84,12.47,12.51,420387.93,5298377.9923
2025-12-29 12:00:00,12.51,12.51,12.25,12.4,767969.29,9502417.9594
2025-12-29 16:00:00,12.4,12.45,12.28,12.3,220172.35,2723789.5725
2025-12-29 20:00:00,12.3,12.37,12.26,12.3,144774.46,1782383.2845
2025-12-30 00:00:00,12.31,12.42,12.26,12.39,191122.64,2354513.7415
2025-12-30 04:00:00,12.39,12.42,12.3,12.37,182076.4,2250177.3275
2025-12-30 08:00:00,12.37,12.56,12.37,12.49,358721.81,4481033.8331
2025-12-30 12:00:00,12.49,12.61,12.38,12.53,442914.56,5534336.2995
2025-12-30 16:00:00,12.53,12.59,12.34,12.43,313438.31,3904136.0441
2025-12-30 20:00:00,12.42,12.44,12.34,12.42,157835.36,1955967.1559
2025-12-31 00:00:00,12.42,12.47,12.35,12.39,167150.94,2073834.5425
2025-12-31 04:00:00,12.4,12.44,12.34,12.42,183911.29,2278125.1991
2025-12-31 08:00:00,12.42,12.49,12.37,12.48,196370.22,2441474.0367
2025-12-31 12:00:00,12.47,12.55,12.33,12.39,298373.99,3709992.6753
2025-12-31 16:00:00,12.4,12.42,12.19,12.24,503691.01,6185394.3327
2025-12-31 20:00:00,12.24,12.32,12.2,12.21,273506.9,3348298.8437
2026-01-01 00:00:00,12.2,12.28,12.2,12.23,130843.23,1602055.3135
2026-01-01 04:00:00,12.23,12.29,12.15,12.19,155699.04,1901136.9953
2026-01-01 08:00:00,12.19,12.31,12.18,12.3,125531.07,1540298.5786
2026-01-01 12:00:00,12.29,12.44,12.24,12.39,194999.64,2402244.4464
2026-01-01 16:00:00,12.39,12.53,12.33,12.52,294916.67,3669095.3978
2026-01-01 20:00:00,12.52,12.64,12.47,12.6,396327.7,4974854.8366
2026-01-02 00:00:00,12.61,12.94,12.58,12.92,726847.98,9257295.7445
2026-01-02 04:00:00,12.93,12.99,12.83,12.84,650582.21,8404422.6652
2026-01-02 08:00:00,12.83,13.15,12.83,12.94,521945.26,6788503.1231
2026-01-02 12:00:00,12.94,13.19,12.82,13.08,755942.22,9840960.6034
2026-01-02 16:00:00,13.07,13.36,13.06,13.28,767068.21,10163197.0894
2026-01-02 20:00:00,13.28,13.43,13.21,13.27,489698.24,6518213.0245
2026-01-03 00:00:00,13.27,13.37,13.22,13.32,387302.5,5145643.9357
2026-01-03 04:00:00,13.32,13.33,12.97,13.01,445840.77,5856281.2474
2026-01-03 08:00:00,13.01,13.15,12.99,13.07,318306.17,4162632.8284
2026-01-03 12:00:00,13.07,13.18,13.05,13.07,334158.13,4383696.1135
2026-01-03 16:00:00,13.08,13.23,13.07,13.18,163721.44,2156536.9881
2026-01-03 20:00:00,13.17,13.27,13.11,13.23,166226.32,2195287.0383
2026-01-04 00:00:00,13.24,13.39,13.21,13.36,286967.44,3823544.1586
2026-01-04 04:00:00,13.36,13.46,13.27,13.34,332313.96,4440797.5129
2026-01-04 08:00:00,13.35,13.45,13.27,13.44,344576.26,4605998.2319
2026-01-04 12:00:00,13.43,13.57,13.36,13.5,464200.49,6247276.6834
2026-01-04 16:00:00,13.5,13.58,13.31,13.39,316321.38,4256697.8803
2026-01-04 20:00:00,13.39,13.5,13.36,13.43,152153.09,2042991.0175
2026-01-05 00:00:00,13.42,13.88,13.41,13.67,791705.4,10832674.8293
2026-01-05 04:00:00,13.68,13.7,13.4,13.58,432714.59,5858149.729
2026-01-05 08:00:00,13.58,13.62,13.44,13.59,341957.1,4624567.0243
2026-01-05 12:00:00,13.59,13.75,13.4,13.72,744332.54,10099742.3503
2026-01-05 16:00:00,13.72,13.88,13.54,13.77,640001.13,8789283.0099
2026-01-05 20:00:00,13.76,14.13,13.75,13.9,1158763.96,16221320.1401
2026-01-06 00:00:00,13.91,13.96,13.58,13.79,948303.3,13069546.1394
2026-01-06 04:00:00,13.8,13.98,13.68,13.73,576005.87,7971359.054
2026-01-06 08:00:00,13.72,13.91,13.7,13.89,349984.12,4832494.6144
2026-01-06 12:00:00,13.9,14.24,13.82,13.99,1136158.21,15973706.7176
2026-01-06 16:00:00,13.99,14.02,13.47,13.63,1229775.98,16876261.8389
2026-01-06 20:00:00,13.64,14.07,13.63,14.04,525379.91,7315622.2508
2026-01-07 00:00:00,14.03,14.04,13.68,13.81,571526.96,7909882.3971
2026-01-07 04:00:00,13.81,13.89,13.7,13.88,407807.4,5613595.97
2026-01-07 08:00:00,13.87,13.94,13.58,13.69,570725.07,7840796.2331
2026-01-07 12:00:00,13.69,13.73,13.29,13.37,847970.98,11434905.1863
2026-01-07 16:00:00,13.37,13.5,13.31,13.4,454473.3,6088871.2477
2026-01-07 20:00:00,13.4,13.47,13.3,13.44,285458.91,3821944.1064
2026-01-08 00:00:00,13.45,13.56,13.32,13.34,316047.01,4252923.8253
2026-01-08 04:00:00,13.34,13.48,13.07,13.32,478895.47,6351742.3386
2026-01-08 08:00:00,13.32,13.37,13.09,13.22,422997.28,5601676.6285
2026-01-08 12:00:00,13.23,13.31,13.03,13.3,961614.73,12646631.0568
2026-01-08 16:00:00,13.3,13.35,13.15,13.2,304464.72,4036592.3318
2026-01-08 20:00:00,13.2,13.34,13.1,13.21,218496.46,2888520.3721
2026-01-09 00:00:00,13.22,13.38,13.17,13.32,343683.86,4557799.4755
2026-01-09 04:00:00,13.31,13.33,13.19,13.27,275852.56,3655477.423
2026-01-09 08:00:00,13.27,13.3,13.06,13.17,322896.75,4256484.3336
2026-01-09 12:00:00,13.17,13.44,13.03,13.29,658906.84,8707846.7125
2026-01-09 16:00:00,13.29,13.45,13.06,13.09,468724.6,6221828.4396
2026-01-09 20:00:00,13.09,13.19,13.08,13.14,190087.8,2497082.1269
2026-01-10 00:00:00,13.14,13.17,13.07,13.13,149259.9,1957294.7825
2026-01-10 04:00:00,13.14,13.18,13.07,13.17,122404.47,1605827.7302
2026-01-10 08:00:00,13.16,13.23,13.1,13.17,188787.75,2488413.6657
2026-01-10 12:00:00,13.18,13.26,13.13,13.17,167662.05,2212671.311
2026-01-10 16:00:00,13.16,13.22,13.12,13.22,80885.64,1065866.6287
2026-01-10 20:00:00,13.22,13.24,13.08,13.13,322188.35,4246390.8471
2026-01-11 00:00:00,13.14,13.25,13.11,13.24,79339.21,1045750.7983
2026-01-11 04:00:00,13.23,13.28,13.18,13.24,117432.54,1552628.5684
2026-01-11 08:00:00,13.24,13.25,13.18,13.21,108492.15,1433550.6199
2026-01-11 12:00:00,13.21,13.3,13.14,13.21,253111.14,3348024.4915
2026-01-11 16:00:00,13.2,13.37,13.2,13.25,271711.33,3614191.7019
2026-01-11 20:00:00,13.25,13.26,13.05,13.21,347237.77,4569304.3816
2026-01-12 00:00:00,13.21,13.52,13.12,13.36,577081.34,7703916.9753
2026-01-12 04:00:00,13.37,13.46,13.25,13.28,280108.49,3745162.5937
2026-01-12 08:00:00,13.28,13.33,13.1,13.16,348875.24,4601697.4726
2026-01-12 12:00:00,13.17,13.26,12.93,13.25,482568.13,6327330.2475
2026-01-12 16:00:00,13.24,13.33,13.09,13.19,324663.99,4291061.7686
2026-01-12 20:00:00,13.19,13.24,13.0,13.08,164386.54,2151693.4881
2026-01-13 00:00:00,13.08,13.17,13.05,13.12,213447.34,2797360.8697
2026-01-13 04:00:00,13.11,13.3,13.11,13.19,231303.96,3054716.486
2026-01-13 08:00:00,13.2,13.32,13.18,13.27,233184.92,3091811.5
2026-01-13 12:00:00,13.26,13.58,13.23,13.58,749517.58,10045680.789
2026-01-13 16:00:00,13.58,13.71,13.53,13.69,644905.97,8779836.9444
2026-01-13 20:00:00,13.69,14.18,13.68,14.06,1219719.13,17060305.593
2026-01-14 00:00:00,14.06,14.2,14.02,14.13,453857.9,6398089.2969
2026-01-14 04:00:00,14.14,14.17,13.94,14.05,509737.88,7158443.3297
2026-01-14 08:00:00,14.06,14.12,13.85,13.87,366189.37,5135502.4444
2026-01-14 12:00:00,13.88,14.28,13.86,14.24,659516.29,9297297.3964
2026-01-14 16:00:00,14.24,14.4,14.04,14.23,967140.07,13790238.2498
2026-01-14 20:00:00,14.22,14.32,14.08,14.11,437225.61,6204150.7443
2026-01-15 00:00:00,14.11,14.12,13.73,13.76,537189.48,7486613.8429
2026-01-15 04:00:00,13.76,13.97,13.75,13.94,268098.61,3719192.6218
2026-01-15 08:00:00,13.93,14.09,13.86,13.95,347582.37,4863230.2172
2026-01-15 12:00:00,13.96,14.22,13.72,13.96,916024.82,12834724.5397
2026-01-15 16:00:00,13.96,14.0,13.59,13.69,693732.73,9556248.8938
2026-01-15 20:00:00,13.68,13.8,13.56,13.8,311605.51,4265357.4489
2026-01-16 00:00:00,13.8,13.87,13.67,13.68,232327.4,3199752.1866
2026-01-16 04:00:00,13.68,13.82,13.59,13.79,240179.78,3295724.624
2026-01-16 08:00:00,13.8,13.86,13.69,13.73,269534.07,3715262.0722
2026-01-16 12:00:00,13.73,13.79,13.43,13.49,463694.65,6315202.4149
2026-01-16 16:00:00,13.48,13.67,13.46,13.59,380822.09,5164132.5925
2026-01-16 20:00:00,13.6,13.75,13.52,13.73,257204.87,3519293.5595
2026-01-17 00:00:00,13.73,13.75,13.63,13.68,151283.16,2070475.1972
2026-01-17 04:00:00,13.68,13.74,13.65,13.7,90597.12,1241522.463
2026-01-17 08:00:00,13.71,13.79,13.68,13.71,161378.89,2216283.6508
2026-01-17 12:00:00,13.7,13.89,13.69,13.89,241650.76,3333880.0215
2026-01-17 16:00:00,13.89,13.9,13.76,13.79,167905.72,2317608.4754
2026-01-17 20:00:00,13.79,13.82,13.66,13.75,118385.48,1626302.7878
2026-01-18 00:00:00,13.74,13.78,13.62,13.71,142510.06,1950739.4597
2026-01-18 04:00:00,13.71,13.77,13.67,13.74,171571.98,2353821.7296
2026-01-18 08:00:00,13.73,13.83,13.71,13.73,177060.32,2438602.8212
2026-01-18 12:00:00,13.74,13.83,13.7,13.78,375829.04,5174760.057
2026-01-18 16:00:00,13.77,13.88,13.74,13.77,165076.4,2280378.863
2026-01-18 20:00:00,13.77,13.87,13.3,13.32,709342.03,9582240.3476
2026-01-19 00:00:00,13.31,13.32,12.37,12.86,2975445.81,38186650.9057
2026-01-19 04:00:00,12.86,12.86,12.72,12.77,457441.73,5849080.0746
2026-01-19 08:00:00,12.77,12.87,12.74,12.77,372855.05,4771928.5474
2026-01-19 12:00:00,12.78,12.87,12.73,12.76,332894.38,4255856.3918
2026-01-19 16:00:00,12.77,12.97,12.75,12.94,197798.53,2543078.4811
2026-01-19 20:00:00,12.94,13.01,12.78,12.88,283606.43,3658481.5106
2026-01-20 00:00:00,12.88,12.91,12.8,12.87,146080.91,1878792.2283
2026-01-20 04:00:00,12.86,12.88,12.61,12.61,357283.68,4544257.6531
2026-01-20 08:00:00,12.61,12.63,12.48,12.51,458511.19,5751028.937
2026-01-20 12:00:00,12.51,12.61,12.34,12.44,677409.8,8440731.6422
2026-01-20 16:00:00,12.44,12.47,12.18,12.28,481718.76,5919280.3023
2026-01-20 20:00:00,12.28,12.36,12.03,12.12,442313.07,5381887.2322
2026-01-21 00:00:00,12.13,12.36,12.1,12.31,346804.56,4253965.5946
2026-01-21 04:00:00,12.32,12.47,12.29,12.32,163511.51,2023485.27
2026-01-21 08:00:00,12.32,12.34,12.17,12.18,324938.57,3993105.9829
2026-01-21 12:00:00,12.18,12.55,12.06,12.44,705639.64,8672522.7364
2026-01-21 16:00:00,12.44,12.62,11.89,12.6,958176.36,11693150.1295
2026-01-21 20:00:00,12.61,12.66,12.36,12.4,446593.08,5590127.77
2026-01-22 00:00:00,12.4,12.58,12.4,12.45,562006.63,7009588.459
2026-01-22 04:00:00,12.44,12.54,12.4,12.43,253783.24,3170305.0638
2026-01-22 08:00:00,12.43,12.49,12.37,12.38,184250.05,2292593.9105
2026-01-22 12:00:00,12.38,12.48,12.12,12.23,429022.51,5277835.8739
2026-01-22 16:00:00,12.23,12.33,12.19,12.28,245128.02,3007408.3595
2026-01-22 20:00:00,12.28,12.31,12.2,12.27,139876.6,1712855.2412
2026-01-23 00:00:00,12.26,12.35,12.22,12.33,121909.74,1499460.7798
2026-01-23 04:00:00,12.34,12.41,12.25,12.28,178651.08,2204095.3522
2026-01-23 08:00:00,12.27,12.3,12.17,12.27,132182.12,1616309.0165
2026-01-23 12:00:00,12.26,12.28,12.04,12.25,367351.02,4470704.8299
2026-01-23 16:00:00,12.26,12.5,12.2,12.25,397723.84,4910036.3594
2026-01-23 20:00:00,12.25,12.28,12.12,12.22,173571.69,2116866.9842
2026-01-24 00:00:00,12.22,12.28,12.18,12.25,357172.52,4368796.7874
2026-01-24 04:00:00,12.26,12.28,12.21,12.21,60358.57,738728.0348
2026-01-24 08:00:00,12.22,12.25,12.19,12.21,77478.36,946292.8559
2026-01-24 12:00:00,12.21,12.24,12.15,12.15,152415.72,1858138.8836
2026-01-24 16:00:00,12.15,12.24,12.13,12.19,104462.18,1272913.3124
2026-01-24 20:00:00,12.19,12.26,12.18,12.2,122040.48,1491831.8269
2026-01-25 00:00:00,12.21,12.22,12.06,12.08,165723.76,2012473.7242
2026-01-25 04:00:00,12.09,12.13,12.05,12.08,124681.0,1507546.6834
2026-01-25 08:00:00,12.09,12.14,12.01,12.08,206116.54,2487239.5372
2026-01-25 12:00:00,12.08,12.11,11.94,11.97,398501.44,4783568.215
2026-01-25 16:00:00,11.97,11.97,11.38,11.44,1484390.15,17346190.3857
2026-01-25 20:00:00,11.44,11.54,11.36,11.52,562541.35,6444547.8508
2026-01-26 00:00:00,11.53,11.87,11.51,11.7,467680.0,5477976.4101
2026-01-26 04:00:00,11.71,11.88,11.7,11.86,224619.2,2649983.8811
2026-01-26 08:00:00,11.86,11.96,11.76,11.8,257101.77,3045538.5592
2026-01-26 12:00:00,11.8,12.13,11.8,11.92,485382.72,5796006.5089
2026-01-26 16:00:00,11.91,12.03,11.82,11.94,350722.85,4187985.3472
2026-01-26 20:00:00,11.93,12.04,11.87,11.95,247368.24,2959273.843
2026-01-27 00:00:00,11.94,12.06,11.93,12.0,154198.1,1851010.1395
2026-01-27 04:00:00,11.99,12.05,11.94,11.99,106784.72,1279969.3105
2026-01-27 08:00:00,11.98,12.01,11.87,11.9,90487.64,1078703.2566
2026-01-27 12:00:00,11.91,12.01,11.84,12.0,214815.83,2559868.4819
2026-01-27 16:00:00,12.0,12.19,11.86,11.97,690813.73,8304122.9014
2026-01-27 20:00:00,11.98,12.16,11.97,12.03,915477.79,11059010.5301
2026-01-28 00:00:00,12.03,12.07,11.95,11.98,164931.76,1979719.2866
2026-01-28 04:00:00,11.98,12.0,11.88,11.94,183570.92,2190715.4181
2026-01-28 08:00:00,11.94,12.06,11.86,12.05,268274.91,3209254.6056
2026-01-28 12:00:00,12.04,12.04,11.71,11.77,485289.56,5759374.7667
2026-01-28 16:00:00,11.77,11.9,11.69,11.85,317064.58,3738041.4041
2026-01-28 20:00:00,11.85,11.95,11.75,11.84,225351.79,2672193.0631
2026-01-29 00:00:00,11.85,11.87,11.61,11.64,283955.17,3324605.596
2026-01-29 04:00:00,11.64,11.66,11.54,11.63,146343.77,1699982.2214
2026-01-29 08:00:00,11.62,11.67,11.51,11.54,204084.92,2361513.0733
2026-01-29 12:00:00,11.55,11.61,10.86,11.04,1296491.05,14487549.0848
2026-01-29 16:00:00,11.03,11.2,10.83,10.94,1291244.37,14195677.889
2026-01-29 20:00:00,10.95,11.14,10.92,11.13,403938.6,4462646.5104
2026-01-30 00:00:00,11.13,11.17,10.62,10.86,1430318.24,15515885.9249
2026-01-30 04:00:00,10.86,11.0,10.65,10.84,517546.89,5606153.9029
2026-01-30 08:00:00,10.83,10.91,10.73,10.86,526066.9,5674567.692
2026-01-30 12:00:00,10.86,10.88,10.6,10.76,812475.9,8717217.2906
2026-01-30 16:00:00,10.76,11.0,10.51,10.91,836943.48,9029413.5915
2026-01-30 20:00:00,10.9,10.9,10.69,10.79,662835.91,7148404.8785
2026-01-31 00:00:00,10.79,10.84,10.73,10.75,187074.21,2016738.9245
2026-01-31 04:00:00,10.75,10.79,10.55,10.61,238420.26,2548051.4756
2026-01-31 08:00:00,10.62,10.64,10.36,10.5,686534.96,7194506.308
2026-01-31 12:00:00,10.5,10.51,9.92,10.05,1747160.32,17700752.9658
2026-01-31 16:00:00,10.05,10.18,8.97,9.66,5888307.17,56334747.6617
2026-01-31 20:00:00,9.67,10.04,9.56,9.99,976012.05,9545793.4415
2026-02-01 00:00:00,9.99,10.08,9.91,10.04,565300.03,5662289.1669
2026-02-01 04:00:00,10.05,10.08,9.86,9.94,538544.24,5375175.252
2026-02-01 08:00:00,9.94,10.03,9.77,9.87,626255.87,6199297.8723
2026-02-01 12:00:00,9.87,9.91,9.41,9.54,1070707.27,10356560.1786
2026-02-01 16:00:00,9.53,9.72,9.4,9.53,1436853.92,13702401.4729
2026-02-01 20:00:00,9.53,9.66,9.22,9.41,1197738.59,11316949.4491
2026-02-02 00:00:00,9.4,9.64,9.02,9.38,1805118.56,16904252.7197
2026-02-02 04:00:00,9.38,9.49,9.07,9.4,1907242.1,17719119.6129
2026-02-02 08:00:00,9.39,9.65,9.38,9.53,915632.41,8700516.54
2026-02-02 12:00:00,9.53,10.04,9.53,9.93,1404009.74,13750174.8839
2026-02-02 16:00:00,9.93,10.0,9.77,9.79,655894.1,6493415.1658
2026-02-02 20:00:00,9.79,9.87,9.7,9.81,446868.88,4379299.0601
2026-02-03 00:00:00,9.8,9.85,9.58,9.77,484588.28,4718068.4466
2026-02-03 04:00:00,9.78,9.86,9.65,9.73,496743.2,4837831.4746
2026-02-03 08:00:00,9.73,9.76,9.52,9.58,620604.17,5968566.4247
2026-02-03 12:00:00,9.59,9.77,9.49,9.75,876797.6,8454307.0759
2026-02-03 16:00:00,9.75,9.75,9.08,9.48,2082559.17,19475485.364
2026-02-03 20:00:00,9.47,9.9,9.39,9.49,1278993.61,12356666.0205
2026-02-04 00:00:00,9.49,9.78,9.45,9.73,471926.44,4543950.0553
2026-02-04 04:00:00,9.73,9.75,9.58,9.67,446227.98,4308385.732
2026-02-04 08:00:00,9.68,9.74,9.48,9.58,629601.16,6062469.9257
2026-02-04 12:00:00,9.59,9.62,9.13,9.22,1227756.31,11503180.4125
2026-02-04 16:00:00,9.22,9.46,9.02,9.44,1926077.91,17729546.6208
2026-02-04 20:00:00,9.44,9.47,9.05,9.25,681113.42,6303070.6404
2026-02-05 00:00:00,9.26,9.36,9.07,9.1,868683.3,7997838.0321
2026-02-05 04:00:00,9.1,9.23,8.97,9.05,1149035.19,10432497.5547
2026-02-05 08:00:00,9.06,9.27,8.8,8.95,1037661.1,9364684.5169
2026-02-05 12:00:00,8.94,9.07,8.3,8.46,3095259.43,26968547.1213
2026-02-05 16:00:00,8.47,8.67,8.22,8.25,2469137.63,20778749.1039
2026-02-05 20:00:00,8.25,8.33,7.85,7.92,3928407.78,31529058.7026
2026-02-06 00:00:00,7.92,8.24,7.15,8.04,4793428.86,36735326.74758
2026-02-06 04:00:00,8.04,8.37,7.99,8.08,1199291.37,9812239.6313
2026-02-06 08:00:00,8.09,8.36,7.98,8.33,1496446.2,12215342.3584
2026-02-06 12:00:00,8.32,8.64,8.26,8.58,1376175.3,11626972.0993
2026-02-06 16:00:00,8.58,9.0,8.55,8.85,1922692.62,16975988.8171
2026-02-06 20:00:00,8.84,9.01,8.76,8.88,940923.95,8359977.3676
2026-02-07 00:00:00,8.88,8.96,8.78,8.93,614109.01,5445031.5673
2026-02-07 04:00:00,8.93,9.05,8.59,8.69,1142605.48,10115271.1543
2026-02-07 08:00:00,8.69,8.74,8.58,8.66,444663.96,3852650.4075
2026-02-07 12:00:00,8.66,8.94,8.64,8.83,670254.02,5889173.3085
2026-02-07 16:00:00,8.83,9.04,8.78,8.94,3421970.38,30521676.0791
2026-02-07 20:00:00,8.95,9.03,8.85,8.91,345505.65,3093851.2433
2026-02-08 00:00:00,8.91,8.97,8.82,8.83,284433.9,2526931.8638
2026-02-08 04:00:00,8.83,8.88,8.78,8.84,218739.12,1931306.4944
2026-02-08 08:00:00,8.83,9.02,8.8,9.01,627869.72,5598146.9317
2026-02-08 12:00:00,9.01,9.05,8.84,8.88,558499.74,5005541.4508
2026-02-08 16:00:00,8.88,8.98,8.72,8.96,420419.09,3717227.8699
2026-02-08 20:00:00,8.96,9.02,8.75,8.83,426433.65,3777523.5261
2026-02-09 00:00:00,8.83,8.9,8.72,8.89,529159.11,4661465.0328
2026-02-09 04:00:00,8.88,8.88,8.72,8.74,212022.09,1865670.3165
2026-02-09 08:00:00,8.73,8.76,8.44,8.56,617781.08,5291721.5303
2026-02-09 12:00:00,8.56,8.76,8.52,8.76,543970.3,4695262.9284
2026-02-09 16:00:00,8.76,9.0,8.66,8.97,612180.06,5425579.9699
2026-02-09 20:00:00,8.97,9.02,8.79,8.83,295867.78,2631199.3036
2026-02-10 00:00:00,8.84,8.89,8.63,8.69,286552.62,2515755.2631
2026-02-10 04:00:00,8.68,8.73,8.48,8.55,557446.76,4798029.0016
2026-02-10 08:00:00,8.55,8.63,8.49,8.51,318704.74,2726221.9982
2026-02-10 12:00:00,8.51,8.67,8.47,8.57,669040.53,5730112.9334
2026-02-10 16:00:00,8.57,8.65,8.47,8.55,374633.46,3209810.4863
2026-02-10 20:00:00,8.55,8.59,8.48,8.57,216700.33,1850061.6755
2026-02-11 00:00:00,8.57,8.62,8.46,8.53,298244.23,2551636.0344
2026-02-11 04:00:00,8.54,8.55,8.27,8.32,626775.58,5243990.764
2026-02-11 08:00:00,8.32,8.33,8.19,8.28,476817.21,3937613.098
2026-02-11 12:00:00,8.28,8.57,8.13,8.24,1454151.89,12110597.3733
2026-02-11 16:00:00,8.24,8.37,8.14,8.32,539113.7,4461764.4906
2026-02-11 20:00:00,8.31,8.46,8.25,8.33,618339.69,5155164.3312
2026-02-12 00:00:00,8.32,8.46,8.32,8.43,284430.1,2388548.6546
2026-02-12 04:00:00,8.42,8.52,8.35,8.45,245799.64,2074656.1377
2026-02-12 08:00:00,8.46,8.6,8.4,8.56,334881.27,2846092.9326
2026-02-12 12:00:00,8.56,8.58,8.35,8.36,386404.52,3279781.0427
2026-02-12 16:00:00,8.36,8.42,8.17,8.31,596122.88,4929021.9598
2026-02-12 20:00:00,8.31,8.43,8.22,8.41,465257.46,3878790.0947
2026-02-13 00:00:00,8.41,8.45,8.35,8.43,435881.12,3665163.0338
2026-02-13 04:00:00,8.43,8.43,8.3,8.38,257545.34,2157696.9046
2026-02-13 08:00:00,8.38,8.48,8.36,8.44,202150.02,1706070.9956
2026-02-13 12:00:00,8.43,8.83,8.4,8.71,632416.09,5419337.8244
2026-02-13 16:00:00,8.71,8.91,8.69,8.8,542747.81,4789529.601
2026-02-13 20:00:00,8.81,8.87,8.76,8.77,242050.99,2132941.1951
2026-02-14 00:00:00,8.76,8.91,8.75,8.84,921416.8,8151973.2625
2026-02-14 04:00:00,8.85,8.9,8.8,8.89,167893.61,1484828.3915
2026-02-14 08:00:00,8.89,9.05,8.88,9.04,532765.27,4775700.8749
2026-02-14 12:00:00,9.05,9.05,8.9,9.03,329941.19,2962873.3608
2026-02-14 16:00:00,9.04,9.19,8.97,9.17,463514.43,4209987.2957
2026-02-14 20:00:00,9.17,9.21,9.07,9.09,416176.58,3799509.9378
2026-02-15 00:00:00,9.1,9.12,8.93,9.07,400319.14,3617583.7144
2026-02-15 04:00:00,9.06,9.25,9.06,9.2,572493.87,5239829.0387
2026-02-15 08:00:00,9.21,9.25,9.03,9.05,350505.41,3203261.3341
2026-02-15 12:00:00,9.05,9.07,8.77,8.87,661430.1,5894321.7013
2026-02-15 16:00:00,8.86,8.89,8.6,8.65,618192.29,5398734.7168
2026-02-15 20:00:00,8.64,8.8,8.61,8.79,469883.69,4101518.3297
2026-02-16 00:00:00,8.79,8.86,8.7,8.76,347166.55,3045406.9263
2026-02-16 04:00:00,8.76,8.82,8.66,8.76,276693.54,2423435.3134
2026-02-16 08:00:00,8.77,8.89,8.69,8.79,184351.29,1625452.7076
2026-02-16 12:00:00,8.79,8.99,8.65,8.71,581855.66,5117256.6828
2026-02-16 16:00:00,8.71,8.83,8.71,8.79,220809.78,1938421.6705
2026-02-16 20:00:00,8.78,8.97,8.76,8.94,286610.18,2549297.4679
2026-02-17 00:00:00,8.93,9.0,8.86,8.93,256335.1,2291555.4211
2026-02-17 04:00:00,8.93,8.96,8.79,8.87,197724.85,1754507.001
2026-02-17 08:00:00,8.86,8.9,8.73,8.77,177651.82,1563249.8519
2026-02-17 12:00:00,8.77,8.91,8.66,8.78,519633.79,4563812.994
2026-02-17 16:00:00,8.78,8.95,8.69,8.89,491435.9,4347111.5909
2026-02-17 20:00:00,8.89,8.9,8.82,8.82,179264.4,1587814.4431
2026-02-18 00:00:00,8.83,8.91,8.74,8.88,209487.39,1850475.978
2026-02-18 04:00:00,8.89,8.94,8.83,8.92,127142.61,1127572.5743
2026-02-18 08:00:00,8.92,9.0,8.76,8.77,284622.02,2525912.3582
2026-02-18 12:00:00,8.76,8.9,8.66,8.81,469587.61,4108367.2465
2026-02-18 16:00:00,8.81,8.81,8.52,8.57,459373.19,3988664.4793
2026-02-18 20:00:00,8.57,8.62,8.52,8.6,250486.26,2147880.3798
2026-02-19 00:00:00,8.6,8.69,8.57,8.67,192840.61,1666459.2023
2026-02-19 04:00:00,8.67,8.76,8.62,8.7,131309.84,1142059.0501
2026-02-19 08:00:00,8.7,8.7,8.56,8.57,241134.26,2078169.7357
2026-02-19 12:00:00,8.57,8.61,8.37,8.44,659011.98,5576261.6087
2026-02-19 16:00:00,8.44,8.55,8.35,8.51,294450.48,2492614.0369
2026-02-19 20:00:00,8.51,8.58,8.47,8.58,191988.63,1637643.1505
2026-02-20 00:00:00,8.58,8.66,8.57,8.61,206756.78,1780327.5966
2026-02-20 04:00:00,8.6,8.68,8.52,8.66,176403.26,1518855.3006
2026-02-20 08:00:00,8.65,8.73,8.6,8.63,290180.89,2518256.8092
2026-02-20 12:00:00,8.62,8.84,8.45,8.83,1159952.94,10020895.877
2026-02-20 16:00:00,8.83,8.97,8.69,8.91,940228.74,8322010.1649
2026-02-20 20:00:00,8.91,9.02,8.88,8.95,350921.42,3141596.5452
2026-02-21 00:00:00,8.95,8.99,8.85,8.89,408134.12,3631351.2155
2026-02-21 04:00:00,8.89,8.92,8.85,8.87,139805.78,1241502.4871
2026-02-21 08:00:00,8.86,8.98,8.86,8.95,486028.21,4337004.1057
2026-02-21 12:00:00,8.95,9.05,8.89,8.94,360024.2,3229118.1746
2026-02-21 16:00:00,8.94,9.0,8.85,8.94,321467.87,2865642.0029
2026-02-21 20:00:00,8.93,8.96,8.86,8.87,189104.9,1682790.7302
2026-02-22 00:00:00,8.87,8.9,8.79,8.85,244786.75,2165510.6913
2026-02-22 04:00:00,8.84,8.88,8.8,8.85,158577.23,1403051.1037
2026-02-22 08:00:00,8.86,8.87,8.79,8.84,138886.15,1226088.673
2026-02-22 12:00:00,8.84,8.84,8.68,8.72,419857.07,3672141.0967
2026-02-22 16:00:00,8.72,8.72,8.6,8.65,178811.21,1547231.7474
2026-02-22 20:00:00,8.64,8.71,8.6,8.69,169380.92,1466450.4737
2026-02-23 00:00:00,8.69,8.7,8.17,8.25,1952057.33,16201380.4129
2026-02-23 04:00:00,8.25,8.38,8.18,8.35,367861.15,3048268.8455
2026-02-23 08:00:00,8.35,8.56,8.31,8.47,381025.43,3222249.1236
2026-02-23 12:00:00,8.47,8.58,8.4,8.41,504003.53,4273925.8714
2026-02-23 16:00:00,8.42,8.46,8.18,8.23,766677.45,6372666.2249
2026-02-23 20:00:00,8.23,8.35,8.2,8.26,335977.96,2787644.4405
2026-02-24 00:00:00,8.27,8.34,8.11,8.21,676739.09,5576621.7803
2026-02-24 04:00:00,8.21,8.24,8.12,8.16,476392.44,3893678.1278
2026-02-24 08:00:00,8.16,8.21,8.1,8.18,258752.1,2112226.1615
2026-02-24 12:00:00,8.17,8.23,8.05,8.22,443572.5,3611594.9177
2026-02-24 16:00:00,8.22,8.28,8.18,8.23,361695.75,2978670.0423
2026-02-24 20:00:00,8.24,8.26,8.16,8.19,372865.55,3063268.6088
2026-02-25 00:00:00,8.2,8.63,8.18,8.5,887804.41,7559314.8881
2026-02-25 04:00:00,8.5,8.56,8.35,8.47,409355.97,3463117.4849
2026-02-25 08:00:00,8.48,8.67,8.43,8.66,471406.32,4035035.1798
2026-02-25 12:00:00,8.66,9.33,8.64,9.27,1889006.55,17027666.3616
2026-02-25 16:00:00,9.28,9.51,9.28,9.47,1259367.76,11870608.1507
2026-02-25 20:00:00,9.47,9.59,9.18,9.27,765725.1,7207249.7917
2026-02-26 00:00:00,9.27,9.34,9.15,9.22,499232.61,4610084.0535
2026-02-26 04:00:00,9.22,9.34,9.19,9.2,535907.08,4969082.1943
2026-02-26 08:00:00,9.21,9.33,9.17,9.22,482584.18,4463058.9791
2026-02-26 12:00:00,9.21,9.31,9.02,9.12,775019.72,7104855.8909
2026-02-26 16:00:00,9.12,9.14,8.86,9.1,860420.56,7736359.4446
2026-02-26 20:00:00,9.1,9.15,9.04,9.09,215522.87,1961236.9947
2026-02-27 00:00:00,9.1,9.2,9.0,9.19,273428.98,2484355.9458
2026-02-27 04:00:00,9.19,9.3,9.12,9.17,285832.79,2628762.7537
2026-02-27 08:00:00,9.17,9.24,8.81,8.85,455865.42,4111804.6801
2026-02-27 12:00:00,8.84,8.87,8.73,8.82,520451.14,4582834.2485
2026-02-27 16:00:00,8.81,8.82,8.64,8.68,346778.59,3021121.9002
2026-02-27 20:00:00,8.68,8.74,8.55,8.71,304375.89,2638620.0355
2026-02-28 00:00:00,8.71,8.76,8.66,8.68,199344.08,1737610.9814
2026-02-28 04:00:00,8.69,8.7,8.22,8.34,1071717.29,9015089.5109
2026-02-28 08:00:00,8.35,8.35,8.21,8.27,738250.32,6115187.3691
2026-02-28 12:00:00,8.28,8.54,8.27,8.44,956357.79,8042059.3858
2026-02-28 16:00:00,8.43,8.74,8.4,8.69,620870.25,5304237.3706
2026-02-28 20:00:00,8.69,8.95,8.66,8.85,986335.72,8697721.8678
2026-03-01 00:00:00,8.85,9.21,8.74,9.06,918486.83,8258669.9002
2026-03-01 04:00:00,9.05,9.1,8.92,8.97,442379.29,3981092.3066
2026-03-01 08:00:00,8.98,9.0,8.84,8.88,362251.81,3225784.3868
2026-03-01 12:00:00,8.87,9.06,8.78,8.91,561910.29,5026110.2553
2026-03-01 16:00:00,8.92,8.98,8.68,8.7,724119.9,6387676.2078
2026-03-01 20:00:00,8.69,8.79,8.54,8.67,548300.12,4736863.4243
2026-03-02 00:00:00,8.67,8.89,8.66,8.83,368000.11,3230133.1895
2026-03-02 04:00:00,8.83,8.86,8.61,8.67,369269.51,3231837.337
2026-03-02 08:00:00,8.68,8.78,8.59,8.7,426581.75,3703852.6232
2026-03-02 12:00:00,8.69,9.18,8.59,9.11,1118277.74,9969821.0979
2026-03-02 16:00:00,9.11,9.27,8.95,9.04,885126.35,8050043.4982
2026-03-02 20:00:00,9.03,9.12,8.92,8.96,447991.0,4037590.7209
2026-03-03 00:00:00,8.95,9.02,8.84,8.88,432814.2,3866964.4976
2026-03-03 04:00:00,8.89,8.94,8.77,8.8,327821.95,2893256.8594
2026-03-03 08:00:00,8.79,8.81,8.6,8.68,399986.0,3469927.3284
2026-03-03 12:00:00,8.68,8.79,8.56,8.75,538270.86,4666424.7787
2026-03-03 16:00:00,8.75,8.93,8.7,8.8,475586.8,4193054.8762
2026-03-03 20:00:00,8.81,8.89,8.68,8.8,270050.42,2371140.6443
2026-03-04 00:00:00,8.81,8.9,8.68,8.76,528216.64,4644453.8132
2026-03-04 04:00:00,8.75,8.93,8.69,8.91,415295.65,3643107.0196
2026-03-04 08:00:00,8.91,9.3,8.89,9.13,1068263.33,9774528.4262
2026-03-04 12:00:00,9.13,9.51,9.02,9.5,986803.56,9121240.97
2026-03-04 16:00:00,9.5,9.64,9.36,9.53,784337.17,7446938.0741
2026-03-04 20:00:00,9.53,9.57,9.3,9.35,451309.65,4258640.2199
2026-03-05 00:00:00,9.35,9.4,9.23,9.27,527685.73,4909893.366
2026-03-05 04:00:00,9.26,9.36,9.18,9.22,529054.61,4906841.145
2026-03-05 08:00:00,9.22,9.47,9.19,9.4,505887.48,4724486.8887
2026-03-05 12:00:00,9.4,9.49,9.17,9.24,915497.27,8555994.6321
2026-03-05 16:00:00,9.23,9.28,9.07,9.18,556006.36,5089948.3254
2026-03-05 20:00:00,9.18,9.33,9.17,9.21,376959.51,3485687.2669
2026-03-06 00:00:00,9.2,9.3,9.17,9.26,264103.56,2441820.9532
2026-03-06 04:00:00,9.27,9.3,9.15,9.28,244920.08,2258097.2333
2026-03-06 08:00:00,9.28,9.28,9.06,9.08,248865.42,2276331.5028
2026-03-06 12:00:00,9.08,9.14,8.74,8.79,747583.09,6678875.8293
2026-03-06 16:00:00,8.79,8.83,8.67,8.79,458274.88,4017740.7231
2026-03-06 20:00:00,8.79,8.83,8.73,8.8,256554.91,2253200.7141
2026-03-07 00:00:00,8.8,8.86,8.75,8.79,185812.42,1636155.5389
2026-03-07 04:00:00,8.79,8.82,8.73,8.81,131743.67,1156649.2216
2026-03-07 08:00:00,8.8,8.83,8.74,8.8,313379.05,2752766.1732
2026-03-07 12:00:00,8.79,8.82,8.73,8.76,142589.03,1251830.7384
2026-03-07 16:00:00,8.76,8.81,8.65,8.67,256515.81,2236605.7825
2026-03-07 20:00:00,8.66,8.72,8.64,8.7,153275.19,1331295.5484
2026-03-08 00:00:00,8.7,8.72,8.58,8.6,327640.89,2832275.691
2026-03-08 04:00:00,8.61,8.67,8.53,8.64,234563.5,2017421.4749
2026-03-08 08:00:00,8.63,8.78,8.58,8.66,260500.68,2259295.5202
2026-03-08 12:00:00,8.66,8.68,8.54,8.56,484012.57,4163074.3481
2026-03-08 16:00:00,8.56,8.67,8.5,8.65,246747.24,2113131.1776
2026-03-08 20:00:00,8.65,8.7,8.4,8.52,677198.08,5777844.5428
2026-03-09 00:00:00,8.51,8.8,8.51,8.68,652079.82,5617608.8828
2026-03-09 04:00:00,8.68,8.87,8.65,8.74,448418.83,3925810.0121
2026-03-09 08:00:00,8.75,8.86,8.71,8.78,378945.74,3325674.6835
2026-03-09 12:00:00,8.78,8.97,8.77,8.93,861296.06,7665847.4644
2026-03-09 16:00:00,8.93,9.1,8.86,9.01,541249.97,4847534.372
2026-03-09 20:00:00,9.01,9.04,8.85,8.87,345989.18,3098348.0778
2026-03-10 00:00:00,8.87,9.08,8.85,8.93,536818.85,4816548.7094
2026-03-10 04:00:00,8.94,9.09,8.93,9.08,263124.56,2373023.2433
2026-03-10 08:00:00,9.08,9.17,9.06,9.06,602514.05,5494535.4507
2026-03-10 12:00:00,9.07,9.19,8.85,9.14,717110.1,6476647.4731
2026-03-10 16:00:00,9.13,9.18,8.92,8.97,669670.63,6070103.7776
2026-03-10 20:00:00,8.97,9.01,8.9,8.99,369399.94,3311104.9504
2026-03-11 00:00:00,8.98,9.01,8.91,8.93,452947.4,4060072.6076
2026-03-11 04:00:00,8.92,9.04,8.86,8.88,332299.35,2970885.315
2026-03-11 08:00:00,8.89,8.97,8.87,8.92,319498.97,2847525.8207
2026-03-11 12:00:00,8.92,9.18,8.88,9.0,833465.01,7529804.3217
2026-03-11 16:00:00,9.0,9.16,8.97,9.09,618410.64,5608772.4997
2026-03-11 20:00:00,9.09,9.11,8.98,8.99,314361.61,2845124.5538
2026-03-12 00:00:00,8.99,9.02,8.83,8.86,353024.1,3153387.2677
2026-03-12 04:00:00,8.86,8.97,8.84,8.95,293928.75,2615186.7646
2026-03-12 08:00:00,8.95,9.11,8.92,9.03,508506.39,4597591.2558
2026-03-12 12:00:00,9.03,9.1,8.89,9.04,700792.73,6313332.415
2026-03-12 16:00:00,9.03,9.09,8.96,9.04,368586.8,3323746.7525
2026-03-12 20:00:00,9.03,9.09,8.97,9.05,393665.93,3553015.732
2026-03-13 00:00:00,9.06,9.4,9.03,9.29,1126513.41,10427453.2197
2026-03-13 04:00:00,9.28,9.3,9.17,9.19,455003.1,4198583.4664
2026-03-13 08:00:00,9.19,9.33,9.16,9.28,464235.11,4299337.3939
2026-03-13 12:00:00,9.27,9.6,9.23,9.26,1486805.99,14030822.2475
2026-03-13 16:00:00,9.26,9.33,9.08,9.15,761989.89,7008601.9836
2026-03-13 20:00:00,9.15,9.21,9.02,9.08,365695.38,3328353.6622
2026-03-14 00:00:00,9.08,9.13,9.02,9.11,321333.67,2919264.6723
2026-03-14 04:00:00,9.12,9.14,8.96,8.98,480808.78,4342969.6143
2026-03-14 08:00:00,8.97,9.01,8.92,9.0,365981.02,3280483.0919
2026-03-14 12:00:00,8.99,9.02,8.96,9.01,235273.59,2115248.2432
2026-03-14 16:00:00,9.01,9.06,8.98,9.03,164324.88,1482643.7181
2026-03-14 20:00:00,9.02,9.18,9.01,9.17,309060.38,2813163.6436
2026-03-15 00:00:00,9.17,9.26,9.11,9.21,497038.12,4562835.8254
2026-03-15 04:00:00,9.21,9.27,9.18,9.22,320633.22,2956365.6299
2026-03-15 08:00:00,9.22,9.32,9.21,9.28,347433.76,3220895.2576
2026-03-15 12:00:00,9.27,9.28,9.13,9.15,375312.14,3451710.4782
2026-03-15 16:00:00,9.15,9.24,9.12,9.19,290438.53,2664344.8552
2026-03-15 20:00:00,9.19,9.56,9.17,9.5,1197854.15,11239245.6675
2026-03-16 00:00:00,9.5,9.81,9.41,9.7,1350870.99,12963764.1519
2026-03-16 04:00:00,9.7,9.83,9.67,9.69,1704249.57,16599622.5996
2026-03-16 08:00:00,9.69,9.74,9.56,9.66,734619.81,7089028.3878
2026-03-16 12:00:00,9.67,9.83,9.59,9.72,1155585.97,11235238.8765
2026-03-16 16:00:00,9.72,9.98,9.71,9.93,936157.68,9232278.9533
2026-03-16 20:00:00,9.93,10.08,9.86,9.92,792562.45,7900289.5021
2026-03-17 00:00:00,9.92,10.03,9.78,9.83,1046491.68,10389459.3175
2026-03-17 04:00:00,9.83,9.86,9.68,9.79,483575.49,4725377.1086
2026-03-17 08:00:00,9.79,9.83,9.73,9.77,516235.19,5045962.9308
2026-03-17 12:00:00,9.76,9.95,9.71,9.81,858478.17,8414509.7387
2026-03-17 16:00:00,9.81,9.92,9.79,9.8,471784.6,4646143.1581
2026-03-17 20:00:00,9.8,9.92,9.76,9.79,445132.61,4377312.3299
2026-03-18 00:00:00,9.79,9.93,9.75,9.89,298990.81,2941495.0569
2026-03-18 04:00:00,9.89,9.9,9.77,9.82,286240.06,2813646.6257
2026-03-18 08:00:00,9.82,9.9,9.52,9.56,660679.98,6426372.4759
2026-03-18 12:00:00,9.55,9.56,9.12,9.21,1122333.44,10469444.0514
2026-03-18 16:00:00,9.2,9.31,9.09,9.17,665807.34,6125653.9467
2026-03-18 20:00:00,9.17,9.27,9.08,9.22,467416.53,4298100.8852
2026-03-19 00:00:00,9.23,9.34,9.16,9.26,453197.38,4187213.5569
2026-03-19 04:00:00,9.25,9.26,9.03,9.1,601453.55,5509644.2278
2026-03-19 08:00:00,9.1,9.17,9.06,9.09,447169.03,4076943.2867
2026-03-19 12:00:00,9.09,9.1,8.89,8.97,1100379.96,9863737.5621
2026-03-19 16:00:00,8.97,9.1,8.89,9.03,648305.06,5828695.6433
2026-03-19 20:00:00,9.03,9.1,9.01,9.04,512064.81,4639266.5491
2026-03-20 00:00:00,9.05,9.16,9.04,9.12,471322.39,4287866.7579
2026-03-20 04:00:00,9.12,9.16,9.02,9.12,412234.54,3752678.7494
2026-03-20 08:00:00,9.12,9.21,9.05,9.08,379202.68,3457984.8784
2026-03-20 12:00:00,9.08,9.13,8.97,9.03,749801.13,6779548.3103
2026-03-20 16:00:00,9.03,9.07,8.96,9.04,491481.44,4431236.0441
2026-03-20 20:00:00,9.04,9.17,8.98,9.12,321657.7,2922629.6057
2026-03-21 00:00:00,9.11,9.17,9.1,9.13,285392.39,2608743.9697
2026-03-21 04:00:00,9.13,9.16,9.1,9.13,238225.49,2175566.7908
2026-03-21 08:00:00,9.12,9.17,9.09,9.11,130259.74,1188593.2486
2026-03-21 12:00:00,9.11,9.15,9.05,9.11,134009.95,1219586.8569
2026-03-21 16:00:00,9.11,9.11,9.04,9.08,190875.51,1730742.2461
2026-03-21 20:00:00,9.07,9.11,8.76,8.82,562257.9,5022530.0019
2026-03-22 00:00:00,8.82,8.97,8.67,8.91,860144.11,7596517.6642
2026-03-22 04:00:00,8.9,8.95,8.84,8.84,395760.19,3524326.5819
2026-03-22 08:00:00,8.84,8.86,8.74,8.76,484644.94,4263733.4854
2026-03-22 12:00:00,8.75,8.84,8.75,8.79,371467.95,3266447.6213
2026-03-22 16:00:00,8.79,8.81,8.69,8.7,303545.78,2655198.1682
2026-03-22 20:00:00,8.71,8.77,8.57,8.68,696848.48,6036493.4917
2026-03-23 00:00:00,8.69,8.78,8.63,8.7,516037.92,4495013.7812
2026-03-23 04:00:00,8.71,8.79,8.58,8.65,549873.26,4774473.9625
2026-03-23 08:00:00,8.65,9.25,8.58,8.97,2136864.19,19191456.1405
2026-03-23 12:00:00,8.98,9.29,8.91,9.05,1465065.55,13342600.3081
2026-03-23 16:00:00,9.05,9.22,8.99,9.13,936235.27,8519678.0422
2026-03-23 20:00:00,9.13,9.18,9.06,9.11,531620.01,4851355.3982
2026-03-24 00:00:00,9.1,9.15,9.01,9.09,647337.09,5871876.9634
2026-03-24 04:00:00,9.09,9.26,9.01,9.24,657064.21,5995960.0488
2026-03-24 08:00:00,9.24,9.26,9.16,9.25,451248.93,4163405.007
2026-03-24 12:00:00,9.25,9.26,9.04,9.11,792024.93,7245117.2022
2026-03-24 16:00:00,9.12,9.16,9.01,9.05,531785.2,4825244.3621
2026-03-24 20:00:00,9.05,9.27,9.05,9.25,479348.11,4411387.9476
2026-03-25 00:00:00,9.25,9.32,9.17,9.24,378183.74,3496131.7289
2026-03-25 04:00:00,9.25,9.36,9.23,9.28,551804.97,5136799.823
2026-03-25 08:00:00,9.29,9.46,9.29,9.41,526658.31,4941105.5753
2026-03-25 12:00:00,9.42,9.5,9.29,9.37,665971.78,6265632.4862
2026-03-25 16:00:00,9.36,9.47,9.3,9.35,496827.19,4659368.7901
2026-03-25 20:00:00,9.35,9.4,9.27,9.37,326272.75,3049262.9155
2026-03-26 00:00:00,9.37,9.39,9.22,9.26,272028.46,2531842.473
2026-03-26 04:00:00,9.26,9.26,9.06,9.1,481896.61,4401428.6313
2026-03-26 08:00:00,9.11,9.11,8.92,8.95,584692.95,5256982.9518
2026-03-26 12:00:00,8.95,9.03,8.85,8.94,567970.02,5086304.2335
2026-03-26 16:00:00,8.94,8.96,8.81,8.83,434502.43,3858091.4773
2026-03-26 20:00:00,8.84,8.98,8.82,8.91,709049.74,6333252.5545
2026-03-27 00:00:00,8.92,8.98,8.88,8.91,405351.03,3618146.0929
2026-03-27 04:00:00,8.91,8.95,8.84,8.9,374094.69,3327917.124
2026-03-27 08:00:00,8.9,8.93,8.55,8.6,775075.1,6741420.8094
2026-03-27 12:00:00,8.59,8.69,8.52,8.61,650887.53,5587418.1051
2026-03-27 16:00:00,8.61,8.64,8.48,8.54,590324.35,5049627.7229
2026-03-27 20:00:00,8.54,8.58,8.49,8.57,269470.94,2298671.5419
2026-03-28 00:00:00,8.57,8.57,8.5,8.52,206840.2,1764454.9166
2026-03-28 04:00:00,8.52,8.61,8.5,8.6,220678.05,1887814.6643
2026-03-28 08:00:00,8.61,8.62,8.48,8.55,245673.98,2098154.9824
2026-03-28 12:00:00,8.55,8.7,8.51,8.64,514764.55,4434451.9377
2026-03-28 16:00:00,8.64,8.66,8.58,8.61,223275.31,1924642.9322
2026-03-28 20:00:00,8.61,8.63,8.37,8.44,689470.67,5839192.7516
2026-03-29 00:00:00,8.43,8.59,8.41,8.54,287119.48,2436868.2737
2026-03-29 04:00:00,8.55,8.55,8.49,8.52,138795.75,1182890.1455
2026-03-29 08:00:00,8.52,8.54,8.46,8.51,193041.02,1642360.6107
2026-03-29 12:00:00,8.5,8.52,8.39,8.43,224615.78,1896244.8954
2026-03-29 16:00:00,8.43,8.47,8.39,8.42,141201.48,1190399.7822
2026-03-29 20:00:00,8.41,8.49,8.2,8.42,520273.43,4350671.5077
2026-03-30 00:00:00,8.42,8.67,8.4,8.63,519029.83,4436458.3352
2026-03-30 04:00:00,8.63,8.76,8.63,8.75,434180.03,3772276.0691
2026-03-30 08:00:00,8.75,8.9,8.72,8.86,511623.52,4506769.5891
2026-03-30 12:00:00,8.86,8.93,8.77,8.83,650398.51,5764934.1031
2026-03-30 16:00:00,8.83,8.85,8.57,8.63,557292.08,4872411.452
2026-03-30 20:00:00,8.62,8.73,8.58,8.62,306785.14,2652496.8248
2026-03-31 00:00:00,8.63,8.86,8.59,8.74,361385.99,3151610.6568
2026-03-31 04:00:00,8.74,8.78,8.67,8.71,234992.81,2050695.4795
2026-03-31 08:00:00,8.71,8.72,8.5,8.62,469168.81,4033191.0272
2026-03-31 12:00:00,8.62,8.81,8.59,8.63,542360.76,4716164.9015
2026-03-31 16:00:00,8.63,8.89,8.63,8.77,651488.65,5727527.655
2026-03-31 20:00:00,8.78,8.82,8.71,8.78,259704.48,2276549.846
2026-04-01 00:00:00,8.78,8.84,8.74,8.82,244683.79,2150645.139
2026-04-01 04:00:00,8.83,9.2,8.79,9.06,770131.43,6961040.2129
2026-04-01 08:00:00,9.06,9.11,8.98,9.02,439094.19,3972207.4345
2026-04-01 12:00:00,9.03,9.1,8.92,9.01,714838.19,6432746.4406
2026-04-01 16:00:00,9.0,9.14,8.95,9.02,420299.68,3791367.8167
2026-04-01 20:00:00,9.02,9.04,8.92,8.94,532288.67,4778400.5104
2026-04-02 00:00:00,8.94,9.01,8.52,8.56,1006188.53,8794897.9124
2026-04-02 04:00:00,8.56,8.58,8.5,8.56,486083.87,4151062.4953
2026-04-02 08:00:00,8.56,8.57,8.45,8.49,433006.61,3681220.1277
2026-04-02 12:00:00,8.49,8.64,8.42,8.56,711836.47,6071767.8218
2026-04-02 16:00:00,8.57,8.66,8.52,8.61,380490.11,3265829.9192
2026-04-02 20:00:00,8.61,8.66,8.58,8.63,303486.08,2619471.7122
2026-04-03 00:00:00,8.63,8.68,8.59,8.66,247791.86,2139441.1026
2026-04-03 04:00:00,8.66,8.77,8.64,8.72,216262.49,1879055.0665
2026-04-03 08:00:00,8.72,8.75,8.66,8.72,130767.91,1138517.974
2026-04-03 12:00:00,8.73,8.81,8.65,8.69,289302.23,2523174.6769
2026-04-03 16:00:00,8.7,8.73,8.64,8.67,190795.54,1657200.9589
2026-04-03 20:00:00,8.67,8.72,8.64,8.65,159793.22,1386046.5073
2026-04-04 00:00:00,8.65,8.66,8.62,8.64,133449.07,1152888.9996
2026-04-04 04:00:00,8.65,8.69,8.63,8.66,87522.39,757435.1725
2026-04-04 08:00:00,8.66,8.68,8.62,8.66,81710.47,707250.4567
2026-04-04 12:00:00,8.66,8.71,8.61,8.69,175000.48,1515329.5033
2026-04-04 16:00:00,8.69,8.78,8.66,8.72,154186.85,1343185.7699
2026-04-04 20:00:00,8.73,8.73,8.67,8.69,134414.77,1170074.0509
2026-04-05 00:00:00,8.7,8.7,8.64,8.65,140681.2,1219804.5942
2026-04-05 04:00:00,8.65,8.66,8.51,8.54,206570.08,1768943.9986
2026-04-05 08:00:00,8.53,8.58,8.53,8.55,146929.68,1255660.2095
2026-04-05 12:00:00,8.54,8.68,8.47,8.6,254982.02,2180791.8828
2026-04-05 16:00:00,8.6,8.65,8.57,8.63,96904.65,834429.7791
2026-04-05 20:00:00,8.63,8.87,8.56,8.82,498424.78,4344445.1695
2026-04-06 00:00:00,8.83,9.03,8.82,8.92,498841.08,4455458.419
2026-04-06 04:00:00,8.93,9.01,8.9,8.96,432560.71,3871133.4268
2026-04-06 08:00:00,8.96,9.15,8.95,9.05,548836.09,4972911.3804
2026-04-06 12:00:00,9.05,9.09,8.99,9.08,460592.4,4163137.6741
2026-04-06 16:00:00,9.08,9.11,8.94,8.99,252627.04,2278672.6836
2026-04-06 20:00:00,8.99,9.02,8.72,8.81,489002.04,4343529.1552
2026-04-07 00:00:00,8.8,8.85,8.72,8.8,302972.17,2664134.5058
2026-04-07 04:00:00,8.8,8.83,8.73,8.77,243224.2,2133703.329
2026-04-07 08:00:00,8.77,8.9,8.67,8.68,544014.3,4785419.4028
2026-04-07 12:00:00,8.68,8.71,8.57,8.62,911963.87,7882254.8041
2026-04-07 16:00:00,8.61,8.76,8.59,8.75,681273.04,5900252.1869
2026-04-07 20:00:00,8.75,9.42,8.71,9.29,2443149.17,22218823.4597
2026-04-08 00:00:00,9.29,9.34,9.17,9.17,1197820.07,11061617.1645
2026-04-08 04:00:00,9.18,9.28,9.18,9.26,480676.3,4437982.3182
2026-04-08 08:00:00,9.26,9.27,9.15,9.19,292545.36,2696674.0527
2026-04-08 12:00:00,9.19,9.27,8.97,9.03,846663.73,7721450.2839
2026-04-08 16:00:00,9.03,9.12,8.93,8.99,364622.63,3290318.9772
2026-04-08 20:00:00,8.99,9.04,8.84,8.85,507902.24,4537089.0111
2026-04-09 00:00:00,8.85,8.86,8.68,8.75,785049.95,6879169.3425
2026-04-09 04:00:00,8.75,8.8,8.74,8.75,482884.98,4236494.3382
2026-04-09 08:00:00,8.75,8.8,8.74,8.77,456902.13,4007711.9173
2026-04-09 12:00:00,8.77,8.98,8.69,8.95,794664.24,7006763.3107
2026-04-09 16:00:00,8.95,9.04,8.86,9.01,580159.09,5200936.14
2026-04-09 20:00:00,9.01,9.19,8.93,8.95,735620.31,6655005.4556
2026-04-10 00:00:00,8.95,9.01,8.89,8.91,409759.15,3663293.4479
2026-04-10 04:00:00,8.92,9.0,8.88,8.9,250539.64,2241508.7116
2026-04-10 08:00:00,8.9,9.02,8.88,8.99,325661.85,2915016.203
2026-04-10 12:00:00,8.99,9.17,8.97,9.05,748013.96,6784823.2744
2026-04-10 16:00:00,9.06,9.16,9.04,9.16,294342.29,2679280.6867
2026-04-10 20:00:00,9.16,9.18,9.06,9.09,305369.67,2783699.2695
2026-04-11 00:00:00,9.09,9.12,9.03,9.05,191010.54,1733446.4781
2026-04-11 04:00:00,9.06,9.08,8.97,9.01,188631.71,1700579.1448
2026-04-11 08:00:00,9.01,9.06,8.99,9.01,139342.12,1256002.3513
2026-04-11 12:00:00,9.01,9.05,8.95,9.03,243078.76,2186122.3321
2026-04-11 16:00:00,9.03,9.28,9.02,9.27,642202.42,5887338.1393
2026-04-11 20:00:00,9.27,9.27,9.04,9.06,341860.13,3131065.9994
2026-04-12 00:00:00,9.06,9.09,8.75,8.8,987481.43,8756989.0801
2026-04-12 04:00:00,8.8,8.82,8.75,8.79,369450.56,3246484.9924
2026-04-12 08:00:00,8.8,8.81,8.74,8.79,284846.48,2502958.4626
2026-04-12 12:00:00,8.78,8.83,8.68,8.72,512891.96,4485653.3667
2026-04-12 16:00:00,8.72,8.8,8.7,8.77,258870.07,2266022.9284
2026-04-12 20:00:00,8.76,8.84,8.71,8.73,452977.18,3972515.0736
2026-04-13 00:00:00,8.73,8.84,8.72,8.77,478124.04,4199114.2978
2026-04-13 04:00:00,8.78,8.81,8.71,8.72,393338.58,3444097.4474
2026-04-13 08:00:00,8.72,8.76,8.69,8.74,197991.68,1726753.4204
2026-04-13 12:00:00,8.73,8.92,8.69,8.82,540984.27,4762905.8484
2026-04-13 16:00:00,8.82,9.04,8.78,9.02,676383.84,6022791.5096
2026-04-13 20:00:00,9.02,9.44,8.95,9.36,1494798.78,13823460.4053
2026-04-14 00:00:00,9.36,9.39,9.17,9.22,693883.25,6426668.763
2026-04-14 04:00:00,9.22,9.25,9.14,9.21,775195.11,7144916.6983
2026-04-14 08:00:00,9.21,9.26,9.16,9.18,454199.83,4183071.2224
2026-04-14 12:00:00,9.17,9.3,9.06,9.13,799751.86,7328901.7395
2026-04-14 16:00:00,9.13,9.18,8.93,8.99,559037.0,5058008.375
2026-04-14 20:00:00,8.99,9.05,8.97,9.02,327364.96,2949992.9559
2026-04-15 00:00:00,9.02,9.12,9.02,9.07,282872.78,2563900.4759
2026-04-15 04:00:00,9.08,9.12,8.99,9.01,326874.75,2956749.8032
2026-04-15 08:00:00,9.01,9.16,9.0,9.14,267321.17,2428976.0145
2026-04-15 12:00:00,9.15,9.25,9.1,9.17,582828.92,5338286.6996
2026-04-15 16:00:00,9.16,9.37,9.15,9.32,486419.87,4508073.7881
2026-04-15 20:00:00,9.33,9.35,9.22,9.26,388472.34,3605129.03
2026-04-16 00:00:00,9.26,9.34,9.21,9.28,305054.95,2827642.6347
2026-04-16 04:00:00,9.27,9.37,9.25,9.29,539450.9,5022056.3378
2026-04-16 08:00:00,9.3,9.34,9.21,9.28,382497.55,3547856.4897
2026-04-16 12:00:00,9.29,9.47,9.11,9.46,1206028.57,11209701.0858
2026-04-16 16:00:00,9.46,9.66,9.31,9.64,1053362.31,9984416.5037
2026-04-16 20:00:00,9.65,9.68,9.46,9.59,595961.89,5681507.8833
2026-04-17 00:00:00,9.6,9.62,9.39,9.42,481358.05,4569600.4958
2026-04-17 04:00:00,9.41,9.48,9.34,9.47,250096.15,2350531.5776
2026-04-17 08:00:00,9.47,9.61,9.46,9.51,523716.51,4985716.9803
2026-04-17 12:00:00,9.52,9.87,9.46,9.76,1069913.39,10403430.8145
2026-04-17 16:00:00,9.76,9.84,9.63,9.67,522343.22,5082331.0555
2026-04-17 20:00:00,9.67,9.71,9.58,9.62,287904.37,2775945.0985
2026-04-18 00:00:00,9.61,9.65,9.54,9.56,336402.84,3229938.8137
2026-04-18 04:00:00,9.56,9.63,9.54,9.6,234710.01,2252617.7096
2026-04-18 08:00:00,9.61,9.61,9.33,9.41,914663.23,8632520.415
2026-04-18 12:00:00,9.4,9.46,9.32,9.38,585432.5,5497963.7683
2026-04-18 16:00:00,9.39,9.42,9.26,9.29,344481.72,3213081.6316
2026-04-18 20:00:00,9.29,9.35,9.26,9.28,174008.79,1618960.3692
2026-04-19 00:00:00,9.29,9.3,9.16,9.23,570519.81,5264511.2231
2026-04-19 04:00:00,9.22,9.3,9.1,9.17,623526.17,5736040.935
2026-04-19 08:00:00,9.17,9.23,9.11,9.21,257971.97,2364251.1309
2026-04-19 12:00:00,9.21,9.38,9.2,9.29,485428.24,4506274.2623
2026-04-19 16:00:00,9.29,9.3,9.11,9.18,522556.6,4796473.4212
2026-04-19 20:00:00,9.18,9.18,9.0,9.06,502472.65,4560799.7882
2026-04-20 00:00:00,9.06,9.21,9.05,9.19,289581.79,2646926.5208
2026-04-20 04:00:00,9.2,9.36,9.1,9.24,417231.99,3852616.3188
2026-04-20 08:00:00,9.25,9.32,9.15,9.21,646584.5,5972256.71
2026-04-20 12:00:00,9.21,9.3,9.14,9.27,435592.3,4019351.1629
2026-04-20 16:00:00,9.27,9.35,9.2,9.33,330910.82,3077377.2678
2026-04-20 20:00:00,9.32,9.41,9.26,9.29,358231.8,3344084.5847
2026-04-21 00:00:00,9.29,9.36,9.24,9.29,235905.4,2193782.7407
2026-04-21 04:00:00,9.29,9.4,9.27,9.36,271420.55,2535335.8232
2026-04-21 08:00:00,9.37,9.49,9.34,9.42,332363.77,3128319.3947
2026-04-21 12:00:00,9.41,9.47,9.34,9.42,665470.77,6262317.9076
2026-04-21 16:00:00,9.42,9.44,9.24,9.27,489401.83,4570170.9796
2026-04-21 20:00:00,9.26,9.42,9.26,9.4,482734.34,4514695.1569
2026-04-22 00:00:00,9.4,9.53,9.37,9.5,492007.22,4652689.9929
2026-04-22 04:00:00,9.51,9.56,9.47,9.51,452399.13,4306703.1614
2026-04-22 08:00:00,9.5,9.55,9.47,9.53,224559.56,2136646.549
2026-04-22 12:00:00,9.53,9.56,9.46,9.49,552253.08,5251867.9156
2026-04-22 16:00:00,9.49,9.51,9.37,9.41,293449.33,2772107.5504
2026-04-22 20:00:00,9.42,9.42,9.28,9.29,274641.43,2571343.468
2026-04-23 00:00:00,9.29,9.32,9.14,9.18,502486.21,4639802.3695
2026-04-23 04:00:00,9.18,9.27,9.16,9.23,236229.3,2180109.434
2026-04-23 08:00:00,9.23,9.28,9.16,9.26,349582.23,3217809.3157
2026-04-23 12:00:00,9.27,9.39,9.24,9.35,352392.33,3276018.4769
2026-04-23 16:00:00,9.35,9.36,9.15,9.27,655571.75,6058985.0771
2026-04-23 20:00:00,9.27,9.36,9.27,9.35,207860.22,1935785.6967
2026-04-24 00:00:00,9.35,9.39,9.25,9.3,295149.96,2757975.8735
2026-04-24 04:00:00,9.3,9.32,9.24,9.28,148762.91,1380463.2708
2026-04-24 08:00:00,9.28,9.39,9.25,9.35,196151.72,1825992.9042
2026-04-24 12:00:00,9.36,9.4,9.29,9.37,233613.03,2184752.1589
2026-04-24 16:00:00,9.37,9.44,9.32,9.41,181788.5,1703747.7822
2026-04-24 20:00:00,9.41,9.45,9.36,9.38,174842.05,1643124.2894
2026-04-25 00:00:00,9.38,9.43,9.35,9.42,174708.35,1640912.6264
2026-04-25 04:00:00,9.43,9.45,9.39,9.41,83853.14,789803.532
2026-04-25 08:00:00,9.4,9.44,9.37,9.4,130297.1,1226376.1497
2026-04-25 12:00:00,9.4,9.42,9.33,9.35,139181.69,1306824.0812
2026-04-25 16:00:00,9.35,9.37,9.28,9.3,167836.09,1564512.6987
2026-04-25 20:00:00,9.31,9.37,9.29,9.34,137286.23,1281575.1412
2026-04-26 00:00:00,9.35,9.35,9.3,9.32,104627.3,975364.6856
2026-04-26 04:00:00,9.32,9.43,9.31,9.43,203355.64,1910514.0575
2026-04-26 08:00:00,9.43,9.49,9.4,9.47,162049.59,1530457.7705
2026-04-26 12:00:00,9.47,9.5,9.42,9.5,242516.16,2295837.4018
2026-04-26 16:00:00,9.5,9.54,9.43,9.49,255411.15,2422930.7087
2026-04-26 20:00:00,9.48,9.53,9.42,9.48,278488.96,2638736.6937
2026-04-27 00:00:00,9.48,9.6,9.44,9.55,420645.28,4009696.9872
2026-04-27 04:00:00,9.55,9.57,9.3,9.31,428677.88,4028782.1746
2026-04-27 08:00:00,9.31,9.36,9.3,9.33,160750.42,1499439.971
2026-04-27 12:00:00,9.33,9.38,9.15,9.18,498137.46,4618436.1633
2026-04-27 16:00:00,9.18,9.25,9.16,9.21,233750.55,2153477.8906
2026-04-27 20:00:00,9.22,9.34,9.21,9.33,184136.84,1705356.5229
2026-04-28 00:00:00,9.32,9.34,9.24,9.29,225513.9,2096906.5558
2026-04-28 04:00:00,9.28,9.32,9.2,9.26,191336.2,1772476.4829
2026-04-28 08:00:00,9.26,9.28,9.18,9.2,97066.15,895907.0496
2026-04-28 12:00:00,9.21,9.25,9.15,9.23,251210.15,2310663.1924
2026-04-28 16:00:00,9.22,9.29,9.19,9.28,147251.11,1359772.8204
2026-04-28 20:00:00,9.28,9.29,9.22,9.24,210543.89,1947433.2822
2026-04-29 00:00:00,9.24,9.32,9.21,9.3,172093.25,1593203.8424
2026-04-29 04:00:00,9.31,9.4,9.3,9.32,206977.9,1935390.7996
2026-04-29 08:00:00,9.32,9.42,9.26,9.36,180336.87,1687407.566
2026-04-29 12:00:00,9.36,9.36,9.08,9.09,453914.75,4172592.4559
2026-04-29 16:00:00,9.1,9.16,8.91,9.02,606468.71,5467858.1156
2026-04-29 20:00:00,9.02,9.14,9.01,9.11,265275.28,2411937.2916
2026-04-30 00:00:00,9.12,9.19,9.06,9.1,280777.53,2560823.4729
2026-04-30 04:00:00,9.1,9.13,9.02,9.12,254381.24,2308861.6207
2026-04-30 08:00:00,9.13,9.17,9.09,9.12,166882.14,1522905.45
2026-04-30 12:00:00,9.12,9.18,9.08,9.14,257250.21,2349332.4672
2026-04-30 16:00:00,9.14,9.16,9.09,9.13,128332.42,1171837.3121
2026-04-30 20:00:00,9.14,9.15,9.08,9.11,117159.69,1067389.1134
2026-05-01 00:00:00,9.11,9.21,9.1,9.16,151282.76,1383984.8211
2026-05-01 04:00:00,9.16,9.19,9.13,9.16,92688.42,848802.2555
2026-05-01 08:00:00,9.15,9.19,9.11,9.15,104597.04,957388.7299
2026-05-01 12:00:00,9.15,9.28,9.14,9.22,425239.45,3921378.4244
2026-05-01 16:00:00,9.22,9.25,9.17,9.18,260523.16,2397996.987
2026-05-01 20:00:00,9.17,9.18,9.06,9.1,271827.2,2475178.1791
2026-05-02 00:00:00,9.09,9.13,9.08,9.11,177618.0,1617418.6081
2026-05-02 04:00:00,9.12,9.12,9.06,9.08,173023.91,1572435.3583
2026-05-02 08:00:00,9.08,9.11,9.07,9.08,168216.77,1528747.5903
2026-05-02 12:00:00,9.07,9.21,9.07,9.16,382442.43,3492504.8871
2026-05-02 16:00:00,9.17,9.18,9.11,9.17,107322.18,982339.6622
2026-05-02 20:00:00,9.16,9.25,9.16,9.17,255811.74,2353501.024
2026-05-03 00:00:00,9.18,9.19,9.07,9.1,126764.26,1155969.2754
2026-05-03 04:00:00,9.1,9.14,9.07,9.11,129201.24,1175117.7181
2026-05-03 08:00:00,9.11,9.2,9.1,9.18,190121.83,1740020.5471
2026-05-03 12:00:00,9.17,9.21,9.12,9.16,387689.79,3552922.0766
2026-05-03 16:00:00,9.16,9.18,9.13,9.15,194600.84,1781970.1678
2026-05-03 20:00:00,9.16,9.22,9.11,9.13,309770.73,2839235.2924
2026-05-04 00:00:00,9.13,9.36,9.09,9.35,769479.43,7082124.3519
2026-05-04 04:00:00,9.35,9.4,9.25,9.32,337771.18,3149851.6177
2026-05-04 08:00:00,9.32,9.66,9.29,9.43,2880561.93,27170614.1526
2026-05-04 12:00:00,9.42,9.55,9.34,9.42,1103877.56,10411939.4713
2026-05-04 16:00:00,9.42,9.51,9.34,9.4,720737.84,6795554.5249
2026-05-04 20:00:00,9.4,9.43,9.32,9.36,320569.79,3004735.3357
2026-05-05 00:00:00,9.35,9.55,9.35,9.51,426398.72,4037153.5415
2026-05-05 04:00:00,9.5,9.64,9.49,9.6,536902.06,5128907.0516
2026-05-05 08:00:00,9.61,9.74,9.51,9.74,1086275.88,10452179.8915
2026-05-05 12:00:00,9.74,9.82,9.63,9.73,808060.35,7865357.4256
2026-05-05 16:00:00,9.73,9.75,9.66,9.73,205157.86,1990859.2878
2026-05-05 20:00:00,9.73,9.85,9.73,9.76,652839.19,6390377.428
2026-05-06 00:00:00,9.76,9.88,9.75,9.87,639996.68,6281882.7133
2026-05-06 04:00:00,9.87,9.92,9.78,9.88,478709.69,4720433.2286
2026-05-06 08:00:00,9.87,10.26,9.86,10.19,1948322.07,19708801.8236
2026-05-06 12:00:00,10.19,10.22,9.88,10.04,1030148.02,10338423.5242
2026-05-06 16:00:00,10.03,10.09,9.94,10.01,461245.97,4617934.895
2026-05-06 20:00:00,10.02,10.07,9.94,9.99,252394.51,2525307.8309
2026-05-07 00:00:00,9.99,10.01,9.85,9.86,525105.1,5200151.8651
2026-05-07 04:00:00,9.86,10.13,9.86,10.12,533203.14,5342293.8707
2026-05-07 08:00:00,10.11,10.12,9.95,10.03,392732.57,3938515.2114
2026-05-07 12:00:00,10.03,10.08,9.8,9.86,614045.88,6089142.9092
2026-05-07 16:00:00,9.86,9.95,9.81,9.89,311704.75,3081643.2987
2026-05-07 20:00:00,9.89,9.96,9.81,9.85,272513.95,2686860.3208
2026-05-08 00:00:00,9.85,9.89,9.77,9.86,292486.36,2875722.2429
2026-05-08 04:00:00,9.86,9.9,9.79,9.9,222354.58,2189966.6978
2026-05-08 08:00:00,9.9,9.95,9.84,9.93,537713.32,5322889.4705
2026-05-08 12:00:00,9.94,10.1,9.88,10.1,782767.19,7818746.5728
2026-05-08 16:00:00,10.1,10.5,10.03,10.37,2079481.38,21451518.7935
2026-05-08 20:00:00,10.37,10.4,10.27,10.34,649979.08,6718517.6031
2026-05-09 00:00:00,10.34,10.61,10.32,10.54,1084922.52,11408929.5431
2026-05-09 04:00:00,10.54,10.61,10.45,10.47,336111.39,3535437.618
2026-05-09 08:00:00,10.46,10.51,10.4,10.47,230657.49,2410289.9815
2026-05-09 12:00:00,10.46,10.49,10.28,10.34,323570.91,3355457.6669
2026-05-09 16:00:00,10.33,10.46,10.3,10.45,274646.49,2847869.3907
2026-05-09 20:00:00,10.45,10.45,10.35,10.37,157401.52,1636980.5979
2026-05-10 00:00:00,10.38,10.4,10.28,10.35,269319.39,2786549.3493
2026-05-10 04:00:00,10.36,10.46,10.33,10.42,158603.37,1647882.03
2026-05-10 08:00:00,10.42,10.55,10.41,10.48,284917.27,2989177.7108
2026-05-10 12:00:00,10.48,10.63,10.44,10.63,431772.55,4558329.3457
2026-05-10 16:00:00,10.63,10.87,10.59,10.83,863271.39,9272944.277
2026-05-10 20:00:00,10.83,10.87,10.43,10.72,1081156.38,11498511.4176
2026-05-11 00:00:00,10.71,10.76,10.43,10.52,745597.79,7909481.0759
2026-05-11 04:00:00,10.52,10.61,10.46,10.53,405669.38,4275377.9247
2026-05-11 08:00:00,10.53,10.65,10.51,10.57,362628.16,3835009.0015
2026-05-11 12:00:00,10.58,10.6,10.4,10.58,725199.88,7622701.8887
2026-05-11 16:00:00,10.58,10.7,10.53,10.68,499782.5,5314900.0662
2026-05-11 20:00:00,10.69,10.71,10.54,10.6,317103.39,3362781.1613
2026-05-12 00:00:00,10.59,10.6,10.39,10.47,438188.85,4604811.7957
2026-05-12 04:00:00,10.46,10.53,10.39,10.44,245703.32,2571720.2789
2026-05-12 08:00:00,10.44,10.45,10.23,10.27,729042.79,7534535.7792
2026-05-12 12:00:00,10.27,10.36,10.09,10.16,1199799.82,12290826.7744
2026-05-12 16:00:00,10.16,10.33,10.12,10.32,438254.9,4488910.8889
2026-05-12 20:00:00,10.32,10.36,10.28,10.28,190120.63,1961287.0239
2026-05-13 00:00:00,10.29,10.48,10.27,10.46,501475.71,5213919.3754
2026-05-13 04:00:00,10.47,10.59,10.39,10.58,539105.2,5663506.0464
2026-05-13 08:00:00,10.58,10.81,10.48,10.49,973144.45,10368207.4194
2026-05-13 12:00:00,10.49,10.52,10.03,10.06,1746907.13,17857971.1305
2026-05-13 16:00:00,10.07,10.25,10.06,10.17,459495.37,4676464.5774
2026-05-13 20:00:00,10.17,10.24,10.12,10.21,299691.79,3051308.2115
2026-05-14 00:00:00,10.21,10.28,10.09,10.11,448466.96,4577462.0202
2026-05-14 04:00:00,10.11,10.33,10.09,10.23,488935.47,5009283.6881
2026-05-14 08:00:00,10.23,10.3,10.18,10.23,521405.3,5337528.9839
2026-05-14 12:00:00,10.24,10.67,10.2,10.63,1558741.28,16219583.5347
2026-05-14 16:00:00,10.64,10.77,10.56,10.63,1171838.5,12514061.1143
2026-05-14 20:00:00,10.63,10.65,10.46,10.48,375360.13,3964954.9141
2026-05-15 00:00:00,10.48,10.57,10.35,10.41,541307.34,5657847.4576
2026-05-15 04:00:00,10.42,10.42,10.21,10.38,467302.49,4812705.1358
2026-05-15 08:00:00,10.38,10.38,10.25,10.31,279934.37,2885765.5631
2026-05-15 12:00:00,10.3,10.32,9.96,10.03,1044021.77,10523950.977
2026-05-15 16:00:00,10.03,10.14,10.0,10.06,231558.34,2335919.5665
2026-05-15 20:00:00,10.06,10.09,10.02,10.07,156959.31,1578732.9989
2026-05-16 00:00:00,10.07,10.1,10.04,10.06,149412.93,1504798.1378
2026-05-16 04:00:00,10.07,10.07,9.73,9.83,530434.66,5242911.3765
2026-05-16 08:00:00,9.83,9.84,9.61,9.65,809403.62,7842694.6649
2026-05-16 12:00:00,9.65,9.72,9.62,9.71,652935.48,6305161.128
2026-05-16 16:00:00,9.7,9.78,9.7,9.75,249500.74,2432603.1571
2026-05-16 20:00:00,9.75,9.78,9.7,9.72,203845.49,1985050.2166
2026-05-17 00:00:00,9.71,9.73,9.63,9.73,307784.53,2979325.2009
2026-05-17 04:00:00,9.73,9.83,9.72,9.78,199596.14,1951396.2856
2026-05-17 08:00:00,9.77,9.85,9.75,9.79,217765.79,2133430.0606
2026-05-17 12:00:00,9.8,9.85,9.65,9.71,732163.02,7140970.8267
2026-05-17 16:00:00,9.72,9.77,9.65,9.76,209704.59,2033709.2826
2026-05-17 20:00:00,9.76,9.78,9.34,9.57,898801.38,8581977.7628
2026-05-18 00:00:00,9.57,9.59,9.45,9.52,528842.77,5028306.1365
2026-05-18 04:00:00,9.52,9.58,9.42,9.48,381065.19,3619491.5669
2026-05-18 08:00:00,9.48,9.57,9.4,9.51,397904.05,3763960.5412
2026-05-18 12:00:00,9.52,9.61,9.34,9.42,675896.41,6391339.7005
2026-05-18 16:00:00,9.43,9.54,9.31,9.51,601796.45,5666439.0245
2026-05-18 20:00:00,9.52,9.62,9.47,9.6,305838.32,2923790.4937
2026-05-19 00:00:00,9.61,9.73,9.58,9.71,467638.13,4513421.5575
2026-05-19 04:00:00,9.71,9.83,9.66,9.8,375877.29,3664979.5168
2026-05-19 08:00:00,9.8,9.8,9.53,9.54,410582.21,3955548.2205
2026-05-19 12:00:00,9.54,9.62,9.43,9.49,407661.1,3883099.2733
2026-05-19 16:00:00,9.49,9.57,9.45,9.47,242924.2,2310992.6267
2026-05-19 20:00:00,9.47,9.49,9.43,9.45,166575.04,1576891.2838
2026-05-20 00:00:00,9.45,9.52,9.38,9.5,425208.66,4015442.7638
2026-05-20 04:00:00,9.5,9.632,9.46,9.58,296931.11,2844529.44097
2026-05-20 08:00:00,9.58,9.64,9.523,9.546,252494.9,2420937.09491
2026-05-20 12:00:00,9.545,9.655,9.483,9.629,576669.2,5534858.85023
2026-05-20 16:00:00,9.63,9.702,9.561,9.658,561390.36,5416214.67068
2026-05-20 20:00:00,9.658,9.668,9.568,9.636,263935.28,2539286.20719
2026-05-21 00:00:00,9.635,9.769,9.629,9.762,723829.36,7028594.20625
2026-05-21 04:00:00,9.761,9.777,9.624,9.694,358109.62,3471038.206
2026-05-21 08:00:00,9.694,9.762,9.52,9.55,402828.38,3873839.40388
2026-05-21 12:00:00,9.55,9.687,9.524,9.648,320462.11,3074813.34907
2026-05-21 16:00:00,9.649,9.858,9.612,9.801,483762.06,4719582.70547
2026-05-21 20:00:00,9.801,9.815,9.699,9.757,238661.45,2327923.68757
2026-05-22 00:00:00,9.755,9.837,9.712,9.827,248237.87,2427096.64766
2026-05-22 04:00:00,9.828,9.866,9.754,9.824,320177.16,3144444.45996
2026-05-22 08:00:00,9.824,9.895,9.764,9.892,362054.73,3556711.36621
2026-05-22 12:00:00,9.891,10.034,9.739,9.811,926478.41,9185214.09615
2026-05-22 16:00:00,9.81,9.859,9.373,9.467,1005362.08,9681357.72814
2026-05-22 20:00:00,9.467,9.574,9.363,9.42,358115.77,3397770.96961
2026-05-23 00:00:00,9.42,9.44,9.343,9.407,258399.34,2429473.30561
2026-05-23 04:00:00,9.407,9.414,9.059,9.13,741142.02,6838432.7521
2026-05-23 08:00:00,9.128,9.222,9.097,9.186,419875.03,3842931.45078
2026-05-23 12:00:00,9.185,9.368,9.16,9.319,502276.94,4655208.92481
2026-05-23 16:00:00,9.318,9.429,9.284,9.405,333708.81,3121988.97419
2026-05-23 20:00:00,9.406,9.784,9.389,9.565,670809.12,6438899.45493
2026-05-24 00:00:00,9.566,9.63,9.525,9.539,384997.84,3691253.25417
2026-05-24 04:00:00,9.54,9.631,9.495,9.559,494647.7,4731630.32346
2026-05-24 08:00:00,9.56,9.651,9.543,9.596,213121.81,2045949.14502
2026-05-24 12:00:00,9.596,9.597,9.344,9.431,328568.64,3109155.02987
2026-05-24 16:00:00,9.431,9.487,9.412,9.432,127705.27,1207327.4589
2026-05-24 20:00:00,9.432,9.461,9.25,9.431,243759.07,2280281.21171
2026-05-25 00:00:00,9.431,9.494,9.368,9.392,194730.43,1835792.0825
2026-05-25 04:00:00,9.393,9.547,9.387,9.521,358121.87,3399752.51953
2026-05-25 08:00:00,9.522,9.609,9.496,9.533,326530.14,3121733.06726
2026-05-25 12:00:00,9.533,9.664,9.521,9.602,241207.06,2314415.26498
2026-05-25 16:00:00,9.603,9.672,9.525,9.553,170125.04,1631853.89471
2026-05-25 20:00:00,9.552,9.573,9.447,9.506,155895.3,1483412.32543
2026-05-26 00:00:00,9.506,9.509,9.36,9.413,195111.16,1837259.30024
2026-05-26 04:00:00,9.414,9.564,9.407,9.482,259611.75,2466287.13312
2026-05-26 08:00:00,9.483,9.646,9.461,9.573,513943.19,4912508.43988
2026-05-26 12:00:00,9.573,9.686,9.405,9.475,573674.41,5478378.88532
2026-05-26 16:00:00,9.475,9.479,9.341,9.402,495794.46,4667658.34715
2026-05-26 20:00:00,9.403,9.43,9.349,9.386,135322.13,1269976.92118
2026-05-27 00:00:00,9.386,9.475,9.385,9.396,212770.98,2006537.47079
2026-05-27 04:00:00,9.395,9.455,9.285,9.441,213427.7,2005189.50055
2026-05-27 08:00:00,9.441,9.45,9.334,9.361,445060.97,4174591.82644
2026-05-27 12:00:00,9.362,9.484,9.271,9.434,556362.79,5220792.51101
2026-05-27 16:00:00,9.435,9.456,9.222,9.322,287391.69,2678494.57766
2026-05-27 20:00:00,9.321,9.354,9.099,9.136,455719.5,4199534.41294
2026-05-28 00:00:00,9.135,9.153,8.884,8.89,643851.5,5806378.23513
2026-05-28 04:00:00,8.89,8.919,8.762,8.904,686011.25,6068174.91618
2026-05-28 08:00:00,8.904,8.936,8.845,8.868,298114.23,2648795.27165
2026-05-28 12:00:00,8.868,8.966,8.792,8.899,850166.84,7543701.97126
2026-05-28 16:00:00,8.898,9.091,8.864,8.993,347942.26,3131093.70098
2026-05-28 20:00:00,8.994,9.069,8.962,9.004,207111.61,1867410.4128
2026-05-29 00:00:00,9.004,9.05,8.939,8.943,142739.2,1285036.80044
2026-05-29 04:00:00,8.943,9.042,8.91,9.002,168077.89,1510338.21283
2026-05-29 08:00:00,9.002,9.054,8.92,8.945,194505.96,1750148.37376
2026-05-29 12:00:00,8.944,9.146,8.795,9.068,603475.99,5404187.11194
2026-05-29 16:00:00,9.069,9.133,8.923,9.001,438261.96,3966894.61873
2026-05-29 20:00:00,9.002,9.048,8.949,9.022,257301.15,2314980.61233
2026-05-30 00:00:00,9.022,9.315,9.019,9.243,684396.02,6276226.73827
2026-05-30 04:00:00,9.243,9.277,9.087,9.163,396421.05,3632155.25953
2026-05-30 08:00:00,9.164,9.181,9.115,9.14,151723.28,1387389.42367
2026-05-30 12:00:00,9.139,9.241,9.129,9.202,192138.88,1766390.37232
2026-05-30 16:00:00,9.203,9.268,9.19,9.264,174989.21,1615917.28395
2026-05-30 20:00:00,9.264,9.289,9.161,9.191,210556.77,1944909.00606
2026-05-31 00:00:00,9.192,9.301,9.184,9.261,216649.71,2004012.39387
2026-05-31 04:00:00,9.26,9.265,9.175,9.203,264932.95,2444864.92559
2026-05-31 08:00:00,9.203,9.276,9.159,9.229,209129.0,1927977.30533
2026-05-31 12:00:00,9.228,9.266,9.063,9.095,332926.78,3044072.98655
2026-05-31 16:00:00,9.095,9.112,8.993,9.04,244179.61,2207586.33723
2026-05-31 20:00:00,9.041,9.223,9.041,9.148,221538.38,2021927.64768
2026-06-01 00:00:00,9.15,9.214,9.028,9.178,282232.21,2582718.72395
2026-06-01 04:00:00,9.178,9.198,8.956,8.967,429572.36,3889817.61252
2026-06-01 08:00:00,8.967,9.05,8.932,9.0,234708.71,2113034.5782
2026-06-01 12:00:00,9.001,9.037,8.847,8.914,667015.91,5952774.65325
2026-06-01 16:00:00,8.913,9.113,8.862,9.082,422480.43,3814660.82225
2026-06-01 20:00:00,9.083,9.087,8.946,9.057,305885.72,2761072.65415
2026-06-02 00:00:00,9.058,9.073,8.808,9.018,416970.11,3734467.22027
2026-06-02 04:00:00,9.017,9.031,8.791,8.847,501896.12,4462532.92438
2026-06-02 08:00:00,8.848,8.87,8.774,8.817,338281.6,2985768.42526
2026-06-02 12:00:00,8.817,8.876,8.483,8.569,924388.68,8019113.67541
2026-06-02 16:00:00,8.569,8.742,8.38,8.525,666512.26,5713666.20918
2026-06-02 20:00:00,8.525,8.59,8.246,8.374,697231.66,5873557.41624
2026-06-03 00:00:00,8.374,8.438,8.17,8.229,628821.31,5238040.15507
2026-06-03 04:00:00,8.229,8.569,8.228,8.547,739216.19,6265413.48815
2026-06-03 08:00:00,8.547,8.616,8.468,8.538,502009.18,4287192.33277
2026-06-03 12:00:00,8.538,8.562,8.375,8.38,540183.95,4578383.81832
2026-06-03 16:00:00,8.381,8.392,8.188,8.212,718113.54,5950100.3047
2026-06-03 20:00:00,8.212,8.469,8.105,8.334,705293.98,5853394.82198
2026-06-04 00:00:00,8.334,8.399,7.799,8.295,2122053.21,17150655.87702
2026-06-04 04:00:00,8.296,8.335,8.064,8.069,669351.6,5469709.0921
2026-06-04 08:00:00,8.069,8.094,7.807,7.941,1335185.36,10592296.28145
2026-06-04 12:00:00,7.942,8.132,7.904,8.047,1119337.74,9015911.57157
2026-06-04 16:00:00,8.048,8.136,7.956,8.061,768297.01,6179222.28432
2026-06-04 20:00:00,8.061,8.077,7.887,8.018,612670.79,4881746.04213
2026-06-05 00:00:00,8.017,8.041,7.767,7.789,801088.55,6316055.72467
2026-06-05 04:00:00,7.79,7.897,7.338,7.629,1748392.75,13276645.76811
2026-06-05 08:00:00,7.629,7.68,7.502,7.558,836569.15,6351082.7279
2026-06-05 12:00:00,7.559,7.659,7.242,7.293,1753539.67,13047392.42829
2026-06-05 16:00:00,7.293,7.513,7.119,7.305,2046428.47,14990255.51402
2026-06-05 20:00:00,7.304,7.546,7.218,7.366,983732.26,7303965.7103
2026-06-06 00:00:00,7.367,7.455,7.247,7.277,609393.85,4486224.99448
2026-06-06 04:00:00,7.276,7.403,6.996,7.396,1287892.17,9244740.19691
2026-06-06 08:00:00,7.397,7.469,7.196,7.32,794025.15,5834480.34336
2026-06-06 12:00:00,7.32,7.438,7.28,7.382,651904.25,4804838.599
2026-06-06 16:00:00,7.381,7.418,7.294,7.302,435559.12,3197817.76243
2026-06-06 20:00:00,7.301,7.408,7.286,7.394,381447.33,2802315.48042
2026-06-07 00:00:00,7.395,7.61,7.373,7.582,630380.34,4740840.61309
2026-06-07 04:00:00,7.582,7.727,7.531,7.717,521141.17,3986310.75666
2026-06-07 08:00:00,7.716,7.849,7.669,7.762,440162.06,3413355.70873
2026-06-07 12:00:00,7.762,7.797,7.614,7.728,478979.48,3689378.70401
2026-06-07 16:00:00,7.729,7.78,7.555,7.597,371520.14,2851123.20617
2026-06-07 20:00:00,7.596,8.035,7.573,7.918,800002.23,6287615.66709
2026-06-08 00:00:00,7.918,8.02,7.82,7.858,574450.94,4543082.02542
2026-06-08 04:00:00,7.858,7.936,7.722,7.908,403869.73,3160809.45512
2026-06-08 08:00:00,7.908,8.007,7.842,7.968,419110.76,3314181.27777
2026-06-08 12:00:00,7.969,8.112,7.883,8.026,605926.45,4850947.62989
2026-06-08 16:00:00,8.027,8.078,7.965,8.063,389990.99,3128902.13949
2026-06-08 20:00:00,8.063,8.128,7.974,7.998,354471.03,2849823.99251
2026-06-09 00:00:00,7.997,8.017,7.797,7.884,446769.25,3514244.76723
2026-06-09 04:00:00,7.883,8.028,7.853,7.933,414723.36,3302604.68195
2026-06-09 08:00:00,7.933,7.937,7.837,7.886,325630.28,2566492.21254
2026-06-09 12:00:00,7.885,7.954,7.713,7.724,630268.16,4936023.15749
2026-06-09 16:00:00,7.722,7.9,7.65,7.875,507534.14,3943571.88176
2026-06-09 20:00:00,7.875,7.93,7.801,7.838,191481.19,1505644.90817
2026-06-10 00:00:00,7.838,7.876,7.716,7.749,202780.93,1581295.65531
2026-06-10 04:00:00,7.749,7.809,7.657,7.78,193277.39,1493599.87594
2026-06-10 08:00:00,7.781,7.782,7.612,7.646,402885.82,3092238.51284
2026-06-10 12:00:00,7.647,7.901,7.629,7.808,560076.22,4355015.53078
2026-06-10 16:00:00,7.808,7.825,7.599,7.62,348201.28,2674629.44631
2026-06-10 20:00:00,7.619,7.637,7.481,7.561,413917.2,3123470.10442
2026-06-11 00:00:00,7.56,7.833,7.56,7.803,415421.96,3194124.9161
2026-06-11 04:00:00,7.803,7.822,7.747,7.772,221666.01,1725701.3324
2026-06-11 08:00:00,7.772,7.881,7.772,7.857,289417.84,2262748.6538
2026-06-11 12:00:00,7.858,7.859,7.713,7.758,381559.04,2970257.93203
2026-06-11 16:00:00,7.759,7.988,7.688,7.943,487996.07,3835317.23654
2026-06-11 20:00:00,7.944,7.958,7.872,7.887,193321.79,1530554.75786
2026-06-12 00:00:00,7.888,7.935,7.849,7.905,122633.61,967963.43121
2026-06-12 04:00:00,7.905,7.934,7.753,7.813,166312.66,1303298.25588
2026-06-12 08:00:00,7.813,7.942,7.813,7.901,159903.38,1261903.79322
2026-06-12 12:00:00,7.9,8.011,7.784,7.817,478564.15,3779546.72588
2026-06-12 16:00:00,7.817,7.922,7.798,7.84,250673.84,1971583.32488
2026-06-12 20:00:00,7.84,7.876,7.819,7.867,99192.65,778451.16069
2026-06-13 00:00:00,7.867,7.949,7.859,7.893,157799.41,1247713.66495
2026-06-13 04:00:00,7.892,7.971,7.858,7.964,157089.96,1243119.92543
2026-06-13 08:00:00,7.964,7.993,7.945,7.99,129771.88,1033956.75273
2026-06-13 12:00:00,7.99,8.044,7.976,8.026,206613.93,1654350.40547
2026-06-13 16:00:00,8.027,8.029,7.938,7.991,281284.12,2246971.83067
2026-06-13 20:00:00,7.992,8.05,7.957,7.987,168448.33,1347842.99879
2026-06-14 00:00:00,7.987,8.009,7.953,7.965,148303.36,1182296.05935
2026-06-14 04:00:00,7.965,7.967,7.886,7.907,181770.22,1439446.40671
2026-06-14 08:00:00,7.907,7.951,7.881,7.927,115708.32,916847.09668
2026-06-14 12:00:00,7.927,7.932,7.794,7.841,171156.12,1344154.65609
2026-06-14 16:00:00,7.841,7.876,7.783,7.821,150730.13,1180267.78646
2026-06-14 20:00:00,7.822,8.184,7.808,8.181,513981.67,4141547.36308
2026-06-15 00:00:00,8.181,8.219,8.105,8.197,342169.28,2796112.45651
2026-06-15 04:00:00,8.197,8.231,8.152,8.183,213208.61,1746639.35167
2026-06-15 08:00:00,8.184,8.454,8.163,8.307,647007.29,5381778.70859
2026-06-15 12:00:00,8.307,8.6,8.282,8.561,771496.3,6510477.24621
2026-06-15 16:00:00,8.561,8.586,8.374,8.41,425343.93,3611032.25765
2026-06-15 20:00:00,8.41,8.425,8.249,8.3,280055.52,2334662.12098
2026-06-16 00:00:00,8.299,8.338,8.151,8.254,335425.9,2761839.58676
2026-06-16 04:00:00,8.252,8.293,8.18,8.285,184196.73,1516415.30367
2026-06-16 08:00:00,8.285,8.431,8.277,8.333,278562.59,2326614.95836
2026-06-16 12:00:00,8.334,8.484,8.094,8.197,484588.14,4003179.47152
2026-06-16 16:00:00,8.198,8.329,8.164,8.258,215979.81,1781955.56234
2026-06-16 20:00:00,8.258,8.351,8.242,8.277,184963.07,1537034.52558
2026-06-17 00:00:00,8.277,8.418,8.255,8.353,175212.73,1460584.53312
2026-06-17 04:00:00,8.354,8.399,8.262,8.293,148906.29,1240645.22298
2026-06-17 08:00:00,8.293,8.298,8.112,8.157,386095.04,3161903.12766
2026-06-17 12:00:00,8.157,8.3,8.084,8.293,315575.65,2583665.84259
2026-06-17 16:00:00,8.292,8.371,8.006,8.037,721646.57,5903212.98056
2026-06-17 20:00:00,8.036,8.109,7.937,8.092,256396.84,2061851.76974
2026-06-18 00:00:00,8.093,8.137,8.015,8.03,169718.74,1372572.19331
2026-06-18 04:00:00,8.031,8.046,7.89,8.031,377207.61,3002381.20357
2026-06-18 08:00:00,8.032,8.067,7.972,7.989,173641.7,1393107.28197
2026-06-18 12:00:00,7.99,8.128,7.772,7.788,562860.98,4487237.95766
2026-06-18 16:00:00,7.787,7.939,7.78,7.92,484369.05,3797760.94389
2026-06-18 20:00:00,7.92,8.019,7.92,8.016,176484.01,1407998.76947
2026-06-19 00:00:00,8.015,8.044,7.823,7.881,293129.69,2329301.19414
2026-06-19 04:00:00,7.882,7.92,7.811,7.847,254425.74,2001281.8792
2026-06-19 08:00:00,7.848,7.881,7.802,7.813,251428.46,1970063.02747
2026-06-19 12:00:00,7.814,7.953,7.764,7.906,309455.41,2436711.97029
2026-06-19 16:00:00,7.907,7.938,7.85,7.881,163602.57,1291327.60953
2026-06-19 20:00:00,7.881,7.966,7.852,7.95,123623.86,977913.9861
2026-06-20 00:00:00,7.949,7.961,7.864,7.894,196824.03,1554369.98127
2026-06-20 04:00:00,7.895,8.017,7.883,7.963,197640.35,1574157.2047
2026-06-20 08:00:00,7.964,7.985,7.927,7.939,89872.04,714723.29813
2026-06-20 12:00:00,7.939,8.01,7.824,7.968,357473.32,2828334.89849
2026-06-20 16:00:00,7.969,7.971,7.866,7.901,150718.26,1192251.00614
2026-06-20 20:00:00,7.902,8.015,7.89,7.987,108425.38,863047.13817
2026-06-21 00:00:00,7.989,7.994,7.938,7.971,47760.43,380473.95896
2026-06-21 04:00:00,7.972,7.987,7.918,7.95,70514.9,560379.01459
2026-06-21 08:00:00,7.95,8.011,7.898,7.935,154988.9,1233997.44493
2026-06-21 12:00:00,7.936,7.991,7.903,7.988,159437.05,1268477.8448
2026-06-21 16:00:00,7.987,7.994,7.907,7.955,166224.29,1321637.79343
2026-06-21 20:00:00,7.955,7.959,7.769,7.783,211775.14,1659358.28114
2026-06-22 00:00:00,7.784,8.023,7.782,7.87,266033.27,2107562.51724
2026-06-22 04:00:00,7.87,7.995,7.857,7.965,198383.86,1575270.77598
2026-06-22 08:00:00,7.966,8.099,7.948,8.087,359278.32,2882542.41425
2026-06-22 12:00:00,8.088,8.155,7.975,7.987,448891.03,3623825.35312
2026-06-22 16:00:00,7.988,8.0,7.886,7.913,375576.28,2980177.76348
2026-06-22 20:00:00,7.915,7.94,7.821,7.874,163804.5,1289661.79357
2026-06-23 00:00:00,7.873,7.916,7.828,7.902,168209.91,1324949.03963
2026-06-23 04:00:00,7.903,7.907,7.633,7.661,402332.81,3117860.60344
2026-06-23 08:00:00,7.662,7.671,7.479,7.617,445786.98,3368899.06207
2026-06-23 12:00:00,7.616,7.694,7.545,7.623,746638.84,5685519.92468
2026-06-23 16:00:00,7.623,7.668,7.547,7.58,240597.79,1830655.02098
2026-06-23 20:00:00,7.58,7.649,7.574,7.635,134208.95,1021355.18884
2026-06-24 00:00:00,7.636,7.666,7.552,7.586,459584.7,3503964.92747
2026-06-24 04:00:00,7.587,7.672,7.533,7.607,196331.4,1496179.04016
2026-06-24 08:00:00,7.608,7.7,7.538,7.633,402721.78,3050159.34853
2026-06-24 12:00:00,7.633,7.641,7.365,7.368,681689.42,5113334.32181
2026-06-24 16:00:00,7.367,7.454,7.123,7.244,953969.27,6917938.61012
2026-06-24 20:00:00,7.243,7.483,7.234,7.426,373770.52,2763442.56537
2026-06-25 00:00:00,7.427,7.445,7.385,7.404,162968.6,1207111.4733
2026-06-25 04:00:00,7.405,7.553,7.382,7.537,292558.31,2196708.00831
2026-06-25 08:00:00,7.537,7.537,7.425,7.44,180315.78,1346956.49714
2026-06-25 12:00:00,7.441,7.51,7.01,7.216,1229446.17,8877231.94369
2026-06-25 16:00:00,7.217,7.286,7.137,7.18,395782.13,2858307.65647
2026-06-25 20:00:00,7.179,7.301,7.179,7.248,186205.46,1348594.23837
2026-06-26 00:00:00,7.248,7.266,7.016,7.206,509325.06,3630323.44618
2026-06-26 04:00:00,7.205,7.342,7.157,7.328,257268.95,1863217.19796
2026-06-26 08:00:00,7.328,7.336,7.125,7.147,235980.47,1705589.96329
2026-06-26 12:00:00,7.149,7.36,7.056,7.337,673551.94,4867008.87386
2026-06-26 16:00:00,7.338,7.402,7.288,7.328,356226.64,2619948.8239
2026-06-26 20:00:00,7.328,7.389,7.29,7.354,205517.32,1508370.09158
2026-06-27 00:00:00,7.355,7.417,7.324,7.366,150243.7,1108404.50668
2026-06-27 04:00:00,7.366,7.405,7.346,7.386,149110.4,1100080.95711
2026-06-27 08:00:00,7.385,7.388,7.332,7.357,143570.23,1057176.08834
2026-06-27 12:00:00,7.357,7.478,7.342,7.454,159291.92,1180795.43026
2026-06-27 16:00:00,7.456,7.469,7.306,7.325,190296.07,1406939.3692
2026-06-27 20:00:00,7.325,7.347,7.248,7.297,101265.18,739791.81301
2026-06-28 00:00:00,7.296,7.318,7.271,7.307,78354.26,571685.76546
2026-06-28 04:00:00,7.307,7.31,7.22,7.305,170839.65,1241293.07452
2026-06-28 08:00:00,7.305,7.358,7.232,7.289,319173.41,2322878.59395
2026-06-28 12:00:00,7.289,7.332,7.241,7.317,243736.56,1779043.99502
2026-06-28 16:00:00,7.318,7.322,7.197,7.23,186115.49,1347878.03641
2026-06-28 20:00:00,7.229,7.295,7.16,7.268,204638.06,1479309.87308
2026-06-29 00:00:00,7.269,7.367,7.179,7.332,270636.39,1972716.37115
2026-06-29 04:00:00,7.331,7.353,7.221,7.325,330771.52,2414988.06651
2026-06-29 08:00:00,7.325,7.364,7.279,7.307,397637.83,2911212.89855
2026-06-29 12:00:00,7.306,7.413,7.202,7.327,564637.17,4119480.58202
2026-06-29 16:00:00,7.329,7.501,7.281,7.473,439608.03,3254359.15418
2026-06-29 20:00:00,7.473,7.476,7.37,7.38,324252.99,2402279.50766
2026-06-30 00:00:00,7.379,7.397,7.271,7.292,720564.53,5282221.72229
2026-06-30 04:00:00,7.291,7.325,7.268,7.301,193678.32,1414152.03518
2026-06-30 08:00:00,7.3,7.305,7.245,7.259,264681.12,1924471.59489
2026-06-30 12:00:00,7.258,7.271,7.121,7.157,529854.23,3805976.77273
2026-06-30 16:00:00,7.158,7.236,7.124,7.213,212475.5,1526866.52225
2026-06-30 20:00:00,7.212,7.217,7.152,7.201,129331.08,929173.52808
2026-07-01 00:00:00,7.202,7.308,7.076,7.293,325828.03,2346559.59669
2026-07-01 04:00:00,7.294,7.338,7.181,7.206,316293.05,2296053.61109
2026-07-01 08:00:00,7.206,7.268,7.176,7.221,320322.08,2318509.98917
2026-07-01 12:00:00,7.221,7.462,7.19,7.415,621930.4,4550572.05228
2026-07-01 16:00:00,7.416,7.448,7.351,7.38,245973.89,1818426.86831
2026-07-01 20:00:00,7.381,7.539,7.348,7.358,352561.34,2623468.44309
2026-07-02 00:00:00,7.359,7.549,7.306,7.538,618741.72,4591529.46557
2026-07-02 04:00:00,7.539,7.542,7.428,7.453,217190.83,1623704.37756
2026-07-02 08:00:00,7.454,7.667,7.449,7.659,602298.16,4572512.03095
2026-07-02 12:00:00,7.658,7.944,7.643,7.787,694156.88,5417651.00208
2026-07-02 16:00:00,7.787,7.821,7.721,7.747,384807.72,2986926.79255
2026-07-02 20:00:00,7.747,7.761,7.694,7.747,303628.16,2346666.83807
2026-07-03 00:00:00,7.747,7.835,7.721,7.767,492344.97,3825935.89995
2026-07-03 04:00:00,7.767,7.81,7.729,7.767,369853.13,2872688.41281
2026-07-03 08:00:00,7.768,7.881,7.764,7.876,394861.86,3084728.21441
2026-07-03 12:00:00,7.876,7.896,7.81,7.847,258470.18,2029172.07234
2026-07-03 16:00:00,7.848,7.976,7.815,7.947,229958.61,1819749.26118
2026-07-03 20:00:00,7.947,8.04,7.927,7.975,276861.73,2209838.66722
2026-07-04 00:00:00,7.975,7.992,7.898,7.922,232578.8,1843481.24414
2026-07-04 04:00:00,7.922,7.979,7.893,7.924,141217.67,1119864.2559
2026-07-04 08:00:00,7.923,7.948,7.883,7.913,96012.0,759430.77563
2026-07-04 12:00:00,7.913,8.102,7.912,8.088,237472.56,1905484.15128
2026-07-04 16:00:00,8.088,8.176,8.057,8.077,294934.36,2391264.5204
2026-07-04 20:00:00,8.077,8.091,7.974,8.006,113771.89,914058.5009
2026-07-05 00:00:00,8.006,8.009,7.876,7.893,153574.21,1217571.11059
2026-07-05 04:00:00,7.894,7.932,7.85,7.925,150652.04,1189105.97077
2026-07-05 08:00:00,7.926,7.943,7.833,7.89,144428.43,1138369.08766
2026-07-05 12:00:00,7.889,8.01,7.873,7.966,220113.81,1750017.41857
2026-07-05 16:00:00,7.965,8.037,7.941,8.019,105228.53,841039.0901
2026-07-05 20:00:00,8.019,8.151,7.976,8.063,210059.64,1695898.31848
2026-07-06 00:00:00,8.063,8.133,7.972,7.998,164516.47,1324147.26599
2026-07-06 04:00:00,7.997,8.006,7.906,7.953,215347.77,1711226.8518
2026-07-06 08:00:00,7.952,7.987,7.885,7.925,239921.91,1905518.10427
2026-07-06 12:00:00,7.925,8.026,7.76,8.021,615723.82,4838200.96728
2026-07-06 16:00:00,8.022,8.086,7.985,8.003,384328.91,3085884.6501
2026-07-06 20:00:00,8.003,8.172,7.974,8.021,289358.76,2334494.34905
2026-07-07 00:00:00,8.022,8.068,7.876,7.887,126362.25,1006123.94062
2026-07-07 04:00:00,7.886,7.947,7.814,7.908,149218.77,1176354.41678
2026-07-07 08:00:00,7.91,7.959,7.885,7.927,140529.59,1112508.87206
2026-07-07 12:00:00,7.926,8.024,7.796,7.999,381990.55,3019876.93519
2026-07-07 16:00:00,8.0,8.049,7.861,7.928,188483.74,1502043.83666
2026-07-07 20:00:00,7.929,7.942,7.803,7.861,128886.91,1014651.31779
2026-07-08 00:00:00,7.861,7.897,7.666,7.696,327851.12,2541334.06427
2026-07-08 04:00:00,7.697,7.73,7.65,7.703,148480.69,1141670.09771
2026-07-08 08:00:00,7.703,7.723,7.546,7.637,368122.11,2800409.5074
2026-07-08 12:00:00,7.637,7.645,7.522,7.553,254461.4,1931978.64261
2026-07-08 16:00:00,7.553,7.663,7.545,7.643,147196.89,1120408.82089
2026-07-08 20:00:00,7.644,7.662,7.593,7.641,107664.99,820912.74696
2026-07-09 00:00:00,7.641,7.708,7.57,7.625,209939.65,1600837.61398
2026-07-09 04:00:00,7.624,7.785,7.614,7.729,176032.18,1357627.26911
2026-07-09 08:00:00,7.729,7.773,7.705,7.736,190899.61,1477818.37576
2026-07-09 12:00:00,7.736,7.775,7.677,7.703,226338.56,1748411.30484
2026-07-09 16:00:00,7.703,7.811,7.674,7.772,144797.23,1124186.40249
2026-07-09 20:00:00,7.772,7.786,7.724,7.735,67851.58,526426.13605
2026-07-10 00:00:00,7.733,7.937,7.709,7.907,259883.02,2043869.58825
2026-07-10 04:00:00,7.907,7.926,7.876,7.899,104380.14,824920.30741
2026-07-10 08:00:00,7.899,8.017,7.896,7.993,211444.68,1685167.94328
2026-07-10 12:00:00,7.993,8.02,7.854,7.924,279753.4,2222989.99602
2026-07-10 16:00:00,7.925,7.973,7.888,7.917,147942.3,1173428.84776
2026-07-10 20:00:00,7.918,7.972,7.896,7.97,160486.97,1273840.7968
2026-07-11 00:00:00,7.97,8.011,7.94,7.997,109611.52,874476.83018
2026-07-11 04:00:00,7.997,8.021,7.972,7.993,99130.93,792696.7617
2026-07-11 08:00:00,7.992,8.016,7.973,8.004,92104.32,736540.11914
2026-07-11 12:00:00,8.005,8.092,7.998,8.063,244310.47,1968410.37466
2026-07-11 16:00:00,8.063,8.12,8.038,8.08,175880.45,1422291.57216
2026-07-11 20:00:00,8.08,8.083,7.908,7.915,192453.36,1540725.33782
2026-07-12 00:00:00,7.914,8.045,7.861,8.042,147802.25,1174816.74717
2026-07-12 04:00:00,8.042,8.049,7.928,7.976,136780.97,1093088.27597
2026-07-12 08:00:00,7.975,8.036,7.972,8.029,86950.9,697179.93635
2026-07-12 12:00:00,8.028,8.098,8.013,8.07,110459.45,890222.9199
2026-07-12 16:00:00,8.071,8.085,8.021,8.078,232442.14,1871828.99926
2026-07-12 20:00:00,8.078,8.103,7.947,7.997,168281.86,1349517.37874
2026-07-13 00:00:00,7.996,8.136,7.869,7.92,372378.24,2981458.26798
2026-07-13 04:00:00,7.92,7.994,7.885,7.978,135169.09,1073233.92263
2026-07-13 08:00:00,7.979,8.015,7.933,7.935,107901.96,860656.68999
2026-07-13 12:00:00,7.935,7.992,7.853,7.938,273490.57,2165994.80646
2026-07-13 16:00:00,7.937,7.955,7.795,7.906,291856.02,2294321.21491
2026-07-13 20:00:00,7.905,7.913,7.798,7.889,130115.31,1022226.41193
2026-07-14 00:00:00,7.89,7.961,7.866,7.92,90056.04,713095.80511
2026-07-14 04:00:00,7.92,7.993,7.916,7.924,117399.07,933499.24672
2026-07-14 08:00:00,7.924,7.996,7.898,7.991,106957.06,849550.49587
2026-07-14 12:00:00,7.991,8.406,7.951,8.299,987734.31,8123232.38364
2026-07-14 16:00:00,8.3,8.315,8.201,8.292,364451.45,3012993.42397
2026-07-14 20:00:00,8.293,8.353,8.251,8.345,165998.41,1377691.60425
2026-07-15 00:00:00,8.346,8.359,8.268,8.321,198948.94,1653838.74825
2026-07-15 04:00:00,8.32,8.412,8.311,8.334,192406.94,1607821.27383
2026-07-15 08:00:00,8.335,8.437,8.328,8.423,579042.02,4844749.29549
2026-07-15 12:00:00,8.424,8.633,8.402,8.552,656075.98,5602649.76716
2026-07-15 16:00:00,8.554,8.57,8.424,8.503,271391.79,2309613.76111
2026-07-15 20:00:00,8.504,8.58,8.492,8.539,159823.57,1364496.28163
2026-07-16 00:00:00,8.538,8.565,8.451,8.531,214765.49,1828320.22973
2026-07-16 04:00:00,8.532,8.57,8.465,8.517,248293.2,2117850.10996
2026-07-16 08:00:00,8.517,8.522,8.399,8.448,317670.81,2683562.34165
2026-07-16 12:00:00,8.448,8.494,8.373,8.444,335401.07,2830403.29952
2026-07-16 16:00:00,8.444,8.453,8.356,8.406,328370.79,2757634.26361
2026-07-16 20:00:00,8.406,8.461,8.304,8.341,293189.74,2461561.17371
2026-07-17 00:00:00,8.342,8.37,8.256,8.279,248973.33,2067996.45702
2026-07-17 04:00:00,8.28,8.305,8.154,8.172,288766.22,2369767.64375
2026-07-17 08:00:00,8.172,8.225,8.133,8.203,400780.95,3284509.11697
2026-07-17 12:00:00,8.204,8.206,8.006,8.168,513027.02,4156170.45636
2026-07-17 16:00:00,8.168,8.286,8.144,8.249,311061.07,2556936.15193
2026-07-17 20:00:00,8.248,8.282,8.217,8.254,139622.6,1151695.13959
2026-07-18 00:00:00,8.256,8.3,8.237,8.283,156783.05,1295617.31836
2026-07-18 04:00:00,8.284,8.287,8.237,8.252,62813.97,518451.83759
2026-07-18 08:00:00,8.251,8.296,8.211,8.287,137696.97,1136782.73619
2026-07-18 12:00:00,8.287,8.34,8.252,8.274,316517.83,2626038.1456
2026-07-18 16:00:00,8.275,8.362,8.261,8.337,152076.13,1262678.39563
2026-07-18 20:00:00,8.337,8.378,8.328,8.35,115006.37,960694.46909
2026-07-19 00:00:00,8.349,8.393,8.331,8.348,65866.41,550468.7484
2026-07-19 04:00:00,8.348,8.382,8.33,8.369,52839.06,441501.27361
2026-07-19 08:00:00,8.37,8.385,8.324,8.358,87498.49,731652.2048
2026-07-19 12:00:00,8.358,8.392,8.319,8.358,102299.47,854095.9046
2026-07-19 16:00:00,8.358,8.378,8.287,8.338,93341.58,777549.59857
2026-07-19 20:00:00,8.339,8.412,8.32,8.385,115033.13,962423.11883
2026-07-20 00:00:00,8.385,8.536,8.365,8.457,250006.1,2115465.7983
2026-07-20 04:00:00,8.458,8.472,8.289,8.36,166601.79,1391236.35563
2026-07-20 08:00:00,8.36,8.521,8.303,8.511,166167.21,1396551.7414
2026-07-20 12:00:00,8.511,8.571,8.31,8.555,365174.12,3079000.52621
2026-07-20 16:00:00,8.555,8.646,8.506,8.559,315930.1,2705874.75812
2026-07-20 20:00:00,8.559,8.616,8.523,8.593,121898.7,1044348.90739
2026-07-21 00:00:00,8.592,8.666,8.567,8.64,217450.19,1874115.6055
2026-07-21 04:00:00,8.639,8.76,8.625,8.74,444107.56,3867214.30693
2026-07-21 08:00:00,8.74,8.761,8.686,8.706,278327.26,2427341.40362
2026-07-21 12:00:00,8.705,8.741,8.65,8.692,227985.53,1982740.72377
2026-07-21 16:00:00,8.692,8.703,8.595,8.625,196530.63,1697573.03667
2026-07-21 20:00:00,8.625,8.662,8.602,8.659,109781.57,947150.39434
2026-07-22 00:00:00,8.66,8.726,8.654,8.686,128263.15,1116033.8073
2026-07-22 04:00:00,8.685,8.747,8.575,8.583,210244.98,1815895.15319
2026-07-22 08:00:00,8.584,8.685,8.579,8.641,142766.19,1231732.6847
2026-07-22 12:00:00,8.641,8.757,8.575,8.689,252904.18,2191153.11366
2026-07-22 16:00:00,8.689,8.736,8.585,8.628,254114.48,2198603.763
2026-07-22 20:00:00,8.628,8.661,8.585,8.63,137696.5,1188712.64995
2026-07-23 00:00:00,8.631,8.683,8.586,8.588,110065.16,949347.84045
2026-07-23 04:00:00,8.588,8.621,8.526,8.536,132241.33,1132884.42808
2026-07-23 08:00:00,8.535,8.661,8.524,8.639,134762.8,1161215.06282
2026-07-23 12:00:00,8.639,8.642,8.414,8.497,284146.56,2419521.65226
2026-07-23 16:00:00,8.497,8.514,8.433,8.46,182860.95,1549562.566
2026-07-23 20:00:00,8.46,8.527,8.446,8.471,81716.49,693490.54032
2026-07-24 00:00:00,8.471,8.475,8.4,8.456,205039.11,1728175.31383
2026-07-24 04:00:00,8.456,8.58,8.419,8.563,127455.36,1083456.64019
2026-07-24 08:00:00,8.563,8.564,8.43,8.465,104510.66,886942.23594
2026-07-24 12:00:00,8.464,8.489,8.292,8.369,269714.06,2255070.95816
2026-07-24 16:00:00,8.369,8.373,8.312,8.36,97385.21,812751.31167
2026-07-24 20:00:00,8.361,8.368,8.298,8.341,75405.62,628298.54721
2026-07-25 00:00:00,8.342,8.364,8.317,8.342,109049.54,909271.22741
2026-07-25 04:00:00,8.342,8.357,8.292,8.299,53159.85,442550.81002
2026-07-25 08:00:00,8.298,8.319,8.267,8.318,103229.7,855984.3473
2026-07-25 12:00:00,8.319,8.432,8.312,8.388,242636.94,2031425.10157
2026-07-25 16:00:00,8.388,8.438,8.376,8.405,69067.37,580694.57321
2026-07-25 20:00:00,8.404,8.405,8.361,8.384,51744.57,433571.82854
2026-07-26 00:00:00,8.385,8.433,8.379,8.428,49322.74,414552.08376
2026-07-26 04:00:00,8.429,8.479,8.402,8.423,89514.76,755591.60938
2026-07-26 08:00:00,8.424,8.443,8.404,8.437,52325.84,440886.97678
2026-07-26 12:00:00,8.437,8.6,8.424,8.596,184499.3,1567913.76109
2026-07-26 16:00:00,8.598,8.665,8.561,8.584,227309.62,1957084.43666
2026-07-26 20:00:00,8.584,8.843,8.571,8.825,542529.43,4752819.24759
2026-07-27 00:00:00,8.826,8.833,8.723,8.778,253624.07,2225665.66219
2026-07-27 04:00:00,8.778,8.916,8.761,8.811,247432.96,2184187.41341
2026-07-27 08:00:00,8.812,8.825,8.749,8.756,168260.59,1479080.239
2026-07-27 12:00:00,8.756,8.823,8.511,8.577,475986.13,4120064.76449
2026-07-27 16:00:00,8.576,8.661,8.555,8.637,220386.44,1898444.78942
2026-07-27 20:00:00,8.637,8.647,8.348,8.382,473060.19,4008584.96769
2026-07-28 00:00:00,8.382,8.385,8.28,8.336,177344.26,1478187.73981
2026-07-28 04:00:00,8.335,8.379,8.303,8.32,142881.39,1192157.57388
2026-07-28 08:00:00,8.319,8.335,8.271,8.288,138536.85,1150730.77068
2026-07-28 12:00:00,8.288,8.402,8.192,8.382,424238.43,3522437.12089
2026-07-28 16:00:00,8.382,8.419,8.31,8.385,175683.74,1469874.74037
2026-07-28 20:00:00,8.385,8.454,8.358,8.446,196514.83,1649897.47366
2026-07-29 00:00:00,8.447,8.512,8.33,8.336,234519.73,1978640.55392
2026-07-29 04:00:00,8.336,8.443,8.292,8.44,199183.3,1664327.92431
2026-07-29 08:00:00,8.441,8.481,8.377,8.408,132199.86,1114780.47825
2026-07-29 12:00:00,8.407,8.41,8.248,8.276,229398.94,1906382.85705
2026-07-29 16:00:00,8.277,8.444,8.23,8.235,313667.17,2615771.00363
2026-07-29 20:00:00,8.236,8.341,8.162,8.335,218923.33,1804640.69158
2026-07-30 00:00:00,8.334,8.399,8.281,8.339,114557.03,956632.28016
2026-07-30 04:00:00,8.339,8.341,8.263,8.291,91641.14,760067.72877
2026-07-30 08:00:00,8.292,8.47,8.278,8.463,224643.8,1884495.83315
2026-07-30 12:00:00,8.463,8.534,8.416,8.485,363527.37,3082466.51995
2026-07-30 16:00:00,8.485,8.522,8.451,8.49,169622.49,1440876.33537
2026-07-30 20:00:00,8.491,8.53,8.451,8.451,186922.62,1585905.44982
2026-07-31 00:00:00,8.452,8.517,8.322,8.369,182360.86,1535259.14073
2026-07-31 04:00:00,8.368,8.387,8.243,8.3,148142.47,1230619.19968
2026-07-31 08:00:00,8.3,8.332,8.216,8.264,191477.42,1584179.11598
2026-07-31 12:00:00,8.265,8.277,8.021,8.113,568168.47,4622671.26094
2026-07-31 16:00:00,8.113,8.205,8.1,8.173,222841.11,1819622.23034
2026-07-31 20:00:00,8.174,8.185,8.132,8.171,101966.96,832346.93155
2026-08-01 00:00:00,8.173,8.247,8.172,8.209,136108.38,1116810.70568
2026-08-01 04:00:00,8.21,8.243,8.132,8.138,234642.27,1919962.04877
2026-08-01 08:00:00,8.139,8.144,8.083,8.091,101828.25,825974.13939
2026-08-01 12:00:00,8.091,8.119,8.087,8.102,76280.58,618170.14076
2026-08-01 16:00:00,8.102,8.113,7.888,8.004,268451.32,2144893.02776
2026-08-01 20:00:00,8.002,8.085,7.996,8.068,97701.0,785858.12277
2026-08-02 00:00:00,8.069,8.311,8.057,8.292,287934.21,2363641.60582
2026-08-02 04:00:00,8.292,8.421,8.28,8.38,318507.64,2665758.83862
2026-08-02 08:00:00,8.38,8.393,8.266,8.277,288325.73,2406798.74471
2026-08-02 12:00:00,8.278,8.313,8.268,8.277,110158.37,913308.59284
2026-08-02 16:00:00,8.276,8.373,8.251,8.33,96420.22,800883.8209
2026-08-02 20:00:00,8.331,8.455,8.32,8.384,252980.89,2122325.29691
2026-08-03 00:00:00,8.384,8.394,8.234,8.252,174928.39,1452817.72295
2026-08-03 04:00:00,8.251,8.285,8.215,8.22,116794.91,964023.67015
2026-08-03 08:00:00,8.219,8.266,8.162,8.187,151023.14,1239783.63806
2026-08-03 12:00:00,8.187,8.319,8.162,8.248,280528.12,2313345.14494
2026-08-03 16:00:00,8.249,8.288,8.225,8.234,204091.55,1684818.14488
2026-08-03 20:00:00,8.234,8.268,8.167,8.188,129133.21,1060529.04422
2026-08-04 00:00:00,8.188,8.235,8.118,8.196,207566.64,1697012.81521
2026-08-04 04:00:00,8.195,8.264,8.123,8.175,167584.25,1370410.25133
2026-08-04 08:00:00,8.174,8.223,8.126,8.217,220360.24,1799838.00084
2026-08-04 12:00:00,8.216,8.268,8.14,8.196,561902.76,4608918.16952
2026-08-04 16:00:00,8.198,8.252,8.164,8.217,141461.73,1161325.57185
2026-08-04 20:00:00,8.216,8.223,8.143,8.149,93303.85,763522.27037
2026-08-05 00:00:00,8.149,8.199,8.094,8.128,170055.3,1385413.06594
2026-08-05 04:00:00,8.127,8.203,8.123,8.187,66656.18,544370.19087
2026-08-05 08:00:00,8.188,8.206,8.143,8.149,95994.65,784646.09236
2026-08-05 12:00:00,8.151,8.228,8.069,8.114,258694.67,2109448.42609
2026-08-05 16:00:00,8.112,8.258,8.109,8.188,184651.2,1515502.47204
2026-08-05 20:00:00,8.188,8.227,8.13,8.162,110885.25,906268.90683
2026-08-06 00:00:00,8.162,8.197,8.1,8.117,90729.48,738600.38665
2026-08-06 04:00:00,8.118,8.229,8.106,8.191,112875.88,924620.85276
2026-08-06 08:00:00,8.19,8.212,8.068,8.163,290311.59,2356905.10744
2026-08-06 12:00:00,8.162,8.273,8.103,8.224,212933.28,1744049.95229
2026-08-06 16:00:00,8.224,8.343,8.191,8.199,361734.04,2990836.85386
2026-08-06 20:00:00,8.199,8.239,8.163,8.196,138483.96,1135712.37023
2026-08-07 00:00:00,8.196,8.247,8.139,8.141,107640.96,882883.05557
2026-08-07 04:00:00,8.14,8.212,8.106,8.188,136124.56,1110761.75768
2026-08-07 08:00:00,8.188,8.249,8.188,8.219,130707.93,1074794.28027
2026-08-07 12:00:00,8.22,8.312,8.218,8.279,331725.32,2743495.07595
2026-08-07 16:00:00,8.28,8.318,8.164,8.215,202903.53,1669852.06156
2026-08-07 20:00:00,8.216,8.223,8.154,8.189,82103.46,672600.02095
2026-08-08 00:00:00,8.189,8.275,8.166,8.262,165343.4,1356229.57602
2026-08-08 04:00:00,8.263,8.315,8.24,8.262,172888.24,1429007.89322
2026-08-08 08:00:00,8.264,8.36,8.255,8.329,179620.89,1493481.56035
2026-08-08 12:00:00,8.33,8.399,8.304,8.343,158784.07,1325427.60545
2026-08-08 16:00:00,8.343,8.366,8.322,8.332,67482.53,562751.44475
2026-08-08 20:00:00,8.331,8.35,8.294,8.306,80654.2,671669.9229
2026-08-09 00:00:00,8.306,8.337,8.266,8.286,100005.66,830463.28721
2026-08-09 04:00:00,8.284,8.353,8.262,8.342,115456.53,959856.15568
2026-08-09 08:00:00,8.341,8.36,8.292,8.299,92124.6,765456.66851
2026-08-09 12:00:00,8.298,8.367,8.279,8.354,323729.58,2691648.17306
2026-08-09 16:00:00,8.355,8.361,8.309,8.321,107067.55,892481.44251
2026-08-09 20:00:00,8.32,8.392,8.173,8.187,314204.9,2597457.76749
2026-08-10 00:00:00,8.186,8.262,8.165,8.187,233169.23,1911828.1242
2026-08-10 04:00:00,8.187,8.247,8.179,8.223,112625.76,925935.92127
2026-08-10 08:00:00,8.223,8.325,8.201,8.309,246811.58,2038395.045
2026-08-10 12:00:00,8.31,8.372,8.252,8.303,358798.68,2979498.20357
2026-08-10 16:00:00,8.303,8.316,8.208,8.274,174643.19,1443287.51055
2026-08-10 20:00:00,8.275,8.322,8.255,8.3,103242.31,856515.89192
2026-08-11 00:00:00,8.301,8.466,8.291,8.391,605951.35,5087842.69473
2026-08-11 04:00:00,8.392,8.477,8.368,8.476,258425.12,2176405.05819
2026-08-11 08:00:00,8.478,8.715,8.445,8.681,1213601.51,10470371.42011
2026-08-11 12:00:00,8.681,8.702,8.497,8.564,790815.41,6811213.43909
2026-08-11 16:00:00,8.564,8.618,8.532,8.615,320851.46,2750678.15611
2026-08-11 20:00:00,8.615,8.81,8.615,8.779,506379.76,4425546.11645
2026-08-12 00:00:00,8.779,8.823,8.708,8.724,356625.41,3127730.9253
2026-08-12 04:00:00,8.723,8.765,8.681,8.754,253304.97,2210586.80464
2026-08-12 08:00:00,8.753,8.883,8.736,8.878,436355.41,3849612.66834
2026-08-12 12:00:00,8.878,8.896,8.69,8.781,600706.3,5290064.48696
2026-08-12 16:00:00,8.781,8.792,8.718,8.744,256280.7,2245936.72205
2026-08-12 20:00:00,8.744,8.782,8.624,8.674,261086.78,2265114.88618
2026-08-13 00:00:00,8.673,8.737,8.621,8.727,179306.5,1556707.71707
2026-08-13 04:00:00,8.728,8.816,8.727,8.755,168050.34,1473428.97101
2026-08-13 08:00:00,8.755,8.769,8.677,8.693,205927.68,1795609.0259
2026-08-13 12:00:00,8.692,8.866,8.681,8.746,382683.97,3367524.22257
2026-08-13 16:00:00,8.745,8.835,8.68,8.826,255658.39,2239444.26558
2026-08-13 20:00:00,8.826,8.904,8.819,8.887,282738.64,2506353.7468
2026-08-14 00:00:00,8.887,8.891,8.814,8.82,120805.75,1069397.83277
2026-08-14 04:00:00,8.82,8.838,8.748,8.771,143962.51,1265524.57479
2026-08-14 08:00:00,8.771,8.885,8.726,8.832,426672.38,3763066.06806
2026-08-14 12:00:00,8.833,8.887,8.762,8.858,283691.77,2505817.93103
2026-08-14 16:00:00,8.858,9.017,8.829,8.989,611037.12,5454741.17241
2026-08-14 20:00:00,8.989,9.013,8.926,8.97,201391.65,1805472.75444
2026-08-15 00:00:00,8.971,9.746,8.968,9.58,1600991.92,15153888.94853
2026-08-15 04:00:00,9.58,9.61,9.32,9.338,745921.52,7054377.05433
2026-08-15 08:00:00,9.338,9.388,9.226,9.312,439317.51,4087497.0012
2026-08-15 12:00:00,9.311,9.533,9.305,9.512,576154.18,5445774.94305
2026-08-15 16:00:00,9.512,9.633,9.492,9.587,411715.5,3941616.33245
2026-08-15 20:00:00,9.587,9.599,9.462,9.47,200930.53,1917134.15855
2026-08-16 00:00:00,9.47,9.512,9.398,9.4,260423.2,2462902.97774
2026-08-16 04:00:00,9.399,9.41,9.32,9.379,225973.91,2117396.121
2026-08-16 08:00:00,9.378,9.459,9.373,9.415,150907.48,1421409.36204
2026-08-16 12:00:00,9.416,9.42,9.296,9.393,321776.09,3007330.67819
2026-08-16 16:00:00,9.393,9.478,9.369,9.465,282148.49,2657915.96833
2026-08-16 20:00:00,9.465,9.493,9.348,9.39,170993.2,1608330.06166
2026-08-17 00:00:00,9.39,9.568,9.361,9.488,267526.05,2539358.35303
2026-08-17 04:00:00,9.489,9.508,9.409,9.409,193937.99,1833300.05604
2026-08-17 08:00:00,9.409,9.561,9.37,9.516,256029.45,2423430.26802
2026-08-17 12:00:00,9.516,9.574,9.443,9.521,387654.09,3691747.96033
2026-08-17 16:00:00,9.522,9.585,9.464,9.496,284652.56,2713112.07862
2026-08-17 20:00:00,9.497,9.557,9.473,9.543,97521.96,927273.07895
2026-08-18 00:00:00,9.543,9.553,9.33,9.423,247373.63,2333225.20568
2026-08-18 04:00:00,9.423,9.53,9.391,9.434,198515.24,1875175.78376
2026-08-18 08:00:00,9.434,9.499,9.383,9.445,263624.87,2491794.45275
2026-08-18 12:00:00,9.444,9.559,9.401,9.48,319661.55,3030999.29951
2026-08-18 16:00:00,9.48,9.545,9.452,9.503,158436.33,1505246.84943
2026-08-18 20:00:00,9.503,9.559,9.467,9.538,149594.69,1422886.12997
2026-08-19 00:00:00,9.539,9.732,9.487,9.705,366272.04,3520870.84151
2026-08-19 04:00:00,9.704,9.723,9.563,9.699,323084.42,3114889.23437
2026-08-19 08:00:00,9.698,9.84,9.664,9.769,529843.5,5175552.12248
2026-08-19 12:00:00,9.768,10.077,9.658,9.922,1235967.9,12165825.84217
2026-08-19 16:00:00,9.923,10.149,9.849,10.117,1143991.4,11452239.80865
2026-08-19 20:00:00,10.118,10.892,10.102,10.557,1989095.47,21111161.76164
2026-08-20 00:00:00,10.557,10.629,10.365,10.442,520022.5,5467420.03574
2026-08-20 04:00:00,10.442,10.593,10.412,10.548,324428.25,3407145.509
2026-08-20 08:00:00,10.548,10.768,10.54,10.667,743266.12,7924557.17444
2026-08-20 12:00:00,10.667,10.737,10.519,10.714,588004.74,6240876.22432
2026-08-20 16:00:00,10.715,10.876,10.61,10.657,647058.35,6942302.44534
2026-08-20 20:00:00,10.657,10.727,10.5,10.692,372822.19,3957478.64033
2026-08-21 00:00:00,10.693,11.038,10.687,10.906,865117.03,9409648.84348
2026-08-21 04:00:00,10.906,11.857,10.858,11.541,1745743.4,19856154.66829
2026-08-21 08:00:00,11.542,11.752,11.223,11.27,1441782.22,16547331.04999
2026-08-21 12:00:00,11.27,11.631,11.232,11.527,1417725.22,16227842.16505
2026-08-21 16:00:00,11.527,11.684,11.405,11.663,1046557.83,12109803.26294
2026-08-21 20:00:00,11.664,12.4,11.629,11.99,1363307.85,16393289.30171
2026-08-22 00:00:00,11.99,12.451,11.861,12.374,939236.01,11433328.05055
2026-08-22 04:00:00,12.375,12.62,10.936,11.748,2811139.94,33322557.5069
2026-08-22 08:00:00,11.749,11.835,11.35,11.684,1280991.21,14847193.16837
2026-08-22 12:00:00,11.683,11.897,11.476,11.61,1051209.14,12279879.47013
2026-08-22 16:00:00,11.61,11.815,11.519,11.743,610641.73,7141644.70364
2026-08-22 20:00:00,11.744,11.81,11.459,11.648,410142.07,4759125.58802
2026-08-23 00:00:00,11.648,11.745,11.424,11.456,547410.85,6329427.35317
2026-08-23 04:00:00,11.456,11.516,11.0,11.301,1380753.31,15479627.04041
2026-08-23 08:00:00,11.302,11.471,11.248,11.416,756078.45,8596527.7006
2026-08-23 12:00:00,11.415,11.65,11.261,11.46,944212.98,10849458.34834
2026-08-23 16:00:00,11.461,11.602,11.436,11.493,328178.52,3782711.71203
2026-08-23 20:00:00,11.494,11.734,11.439,11.543,541697.95,6274799.34639
2026-08-24 00:00:00,11.543,11.557,11.291,11.349,555346.31,6348862.77069
2026-08-24 04:00:00,11.35,11.68,11.35,11.516,486806.82,5611866.13131
2026-08-24 08:00:00,11.517,11.755,11.361,11.721,483102.85,5582605.86813
2026-08-24 12:00:00,11.721,11.808,11.492,11.574,1223572.96,14274360.4444
2026-08-24 16:00:00,11.574,11.703,11.419,11.556,499707.82,5775329.19186
2026-08-24 20:00:00,11.556,11.684,11.5,11.629,300155.52,3482774.59071
2026-08-25 00:00:00,11.629,11.964,11.591,11.748,695490.78,8201019.01236
2026-08-25 04:00:00,11.749,11.845,11.5,11.59,701373.96,8213392.79688
2026-08-25 08:00:00,11.591,11.696,11.522,11.553,382884.71,4441598.6922
2026-08-25 12:00:00,11.554,11.651,11.363,11.583,846903.38,9770570.61847
2026-08-25 16:00:00,11.583,11.605,11.436,11.456,241027.16,2777610.87414
2026-08-25 20:00:00,11.457,11.478,11.141,11.291,431061.75,4878521.38718
2026-08-26 00:00:00,11.292,11.45,11.235,11.397,226472.64,2571825.4295
2026-08-26 04:00:00,11.396,11.457,11.303,11.335,304566.69,3459861.60329
2026-08-26 08:00:00,11.335,11.489,11.216,11.39,358157.53,4058767.07372
2026-08-26 12:00:00,11.39,11.488,11.066,11.24,491015.5,5517630.80227
2026-08-26 16:00:00,11.24,11.35,11.14,11.307,277391.31,3118926.21989
2026-08-26 20:00:00,11.306,11.632,11.208,11.624,346526.65,3982916.82043
2026-08-27 00:00:00,11.623,11.632,11.45,11.524,290049.82,3348213.24206
2026-08-27 04:00:00,11.525,11.683,11.502,11.674,325574.59,3771677.24796
2026-08-27 08:00:00,11.674,11.924,11.648,11.748,701608.27,8274500.60732
2026-08-27 12:00:00,11.748,11.98,11.685,11.932,859192.63,10170667.268
2026-08-27 16:00:00,11.933,11.96,11.759,11.859,469069.31,5575581.73313
2026-08-27 20:00:00,11.859,11.981,11.838,11.919,260421.92,3103475.61886
2026-08-28 00:00:00,11.919,12.059,11.681,11.715,526015.68,6238851.08474
2026-08-28 04:00:00,11.714,11.853,11.662,11.7,330466.44,3881006.77865
2026-08-28 08:00:00,11.7,11.802,11.624,11.782,306836.23,3589624.58203
2026-08-28 12:00:00,11.783,11.889,11.547,11.567,621758.65,7278787.14816
2026-08-28 16:00:00,11.568,11.584,11.25,11.392,621337.73,7097589.21772
2026-08-28 20:00:00,11.392,11.45,11.304,11.433,168482.89,1919628.02648
2026-08-29 00:00:00,11.434,11.477,11.336,11.34,135424.9,1544256.00534
2026-08-29 04:00:00,11.34,11.397,11.294,11.324,131353.55,1489603.16903
2026-08-29 08:00:00,11.324,11.354,11.28,11.302,162866.24,1842686.82143
2026-08-29 12:00:00,11.303,11.492,11.303,11.389,310731.78,3542120.08086
2026-08-29 16:00:00,11.389,11.472,11.364,11.433,343174.11,3916360.44566
2026-08-29 20:00:00,11.434,11.52,11.41,11.458,158953.39,1820742.79085
2026-08-30 00:00:00,11.458,11.464,11.367,11.39,158334.91,1805597.48229
2026-08-30 04:00:00,11.389,11.448,11.336,11.39,106800.38,1217161.57853
2026-08-30 08:00:00,11.389,11.42,11.335,11.416,113850.45,1295496.01318
2026-08-30 12:00:00,11.416,11.631,11.398,11.565,400026.46,4615769.29939
2026-08-30 16:00:00,11.566,11.8,11.529,11.597,367740.37,4290713.54568
2026-08-30 20:00:00,11.597,11.619,10.992,11.144,521521.69,5886446.87695
2026-08-31 00:00:00,11.144,11.248,11.014,11.165,363936.8,4053235.99537
2026-08-31 04:00:00,11.165,11.322,11.094,11.27,328085.25,3689172.24066
2026-08-31 08:00:00,11.271,11.362,11.215,11.247,190633.9,2150185.21849
2026-08-31 12:00:00,11.247,11.411,11.155,11.385,830925.81,9369769.07771
2026-08-31 16:00:00,11.386,11.502,11.29,11.402,485726.82,5543388.85989
2026-08-31 20:00:00,11.401,11.44,11.242,11.325,734132.92,8324954.42968
2026-09-01 00:00:00,11.325,11.494,11.296,11.433,813508.82,9246959.59132
2026-09-01 04:00:00,11.433,11.521,11.409,11.474,208967.72,2397251.0552
2026-09-01 08:00:00,11.475,11.496,11.297,11.467,259318.91,2951435.66402
2026-09-01 12:00:00,11.468,11.524,11.318,11.429,440613.06,5031216.8471
2026-09-01 16:00:00,11.43,11.45,11.062,11.22,600826.59,6768136.49513
2026-09-01 20:00:00,11.221,11.272,11.104,11.234,320889.98,3592691.49259
2026-09-02 00:00:00,11.235,11.293,11.075,11.209,335207.43,3748409.86557
2026-09-02 04:00:00,11.209,11.313,11.141,11.207,536614.08,6035525.0273
2026-09-02 08:00:00,11.208,11.231,10.908,11.026,587539.85,6490797.7613
2026-09-02 12:00:00,11.026,11.216,10.965,11.087,410445.82,4548385.30691
2026-09-02 16:00:00,11.088,11.184,11.023,11.113,211184.01,2346642.82806
2026-09-02 20:00:00,11.114,11.172,11.028,11.119,224432.81,2495062.9458
2026-09-03 00:00:00,11.119,11.229,11.001,11.198,421516.46,4695775.67501
2026-09-03 04:00:00,11.198,11.28,11.101,11.179,482144.9,5406880.68258
2026-09-03 08:00:00,11.18,11.329,11.115,11.272,300803.86,3376041.69546
2026-09-03 12:00:00,11.272,11.864,11.257,11.782,868974.17,10073896.70046
2026-09-03 16:00:00,11.782,11.873,11.629,11.859,534742.52,6285135.33028
2026-09-03 20:00:00,11.859,11.96,11.771,11.833,386162.12,4585042.39173
2026-09-04 00:00:00,11.832,11.95,11.759,11.887,298144.15,3535499.12132
2026-09-04 04:00:00,11.886,12.005,11.818,11.929,325271.8,3878444.74079
2026-09-04 08:00:00,11.93,12.164,11.886,12.031,608469.91,7323786.12026
2026-09-04 12:00:00,12.032,12.081,11.464,11.657,1143631.29,13344387.46839
2026-09-04 16:00:00,11.656,11.79,11.579,11.712,225063.19,2630060.91374
2026-09-04 20:00:00,11.712,11.72,11.594,11.632,156990.59,1829235.18549
2026-09-05 00:00:00,11.633,11.709,11.592,11.669,239622.62,2789749.84711
2026-09-05 04:00:00,11.67,11.777,11.613,11.742,229265.67,2678238.38125
2026-09-05 08:00:00,11.741,11.872,11.715,11.724,288507.4,3400682.80399
2026-09-05 12:00:00,11.724,11.962,11.724,11.947,349402.56,4144916.4399
2026-09-05 16:00:00,11.948,12.237,11.895,12.009,545017.65,6574086.36476
2026-09-05 20:00:00,12.01,12.107,11.937,12.049,233903.75,2812638.0522
2026-09-06 00:00:00,12.048,12.462,12.041,12.223,515234.97,6316888.48468
2026-09-06 04:00:00,12.224,12.336,12.119,12.211,324906.73,3972499.79974
2026-09-06 08:00:00,12.21,12.321,12.167,12.279,244344.38,2996566.79243
2026-09-06 12:00:00,12.278,12.402,12.073,12.22,492460.85,6035537.17912
2026-09-06 16:00:00,12.22,12.426,12.2,12.38,360814.39,4448950.26222
2026-09-06 20:00:00,12.38,13.356,12.334,13.233,2195176.94,28393371.31375
2026-09-07 00:00:00,13.234,13.333,12.947,13.03,765307.47,10059290.06089
2026-09-07 04:00:00,13.03,13.685,13.021,13.192,1118535.02,14944197.97106
2026-09-07 08:00:00,13.193,13.528,13.14,13.179,569244.96,7585264.23167
2026-09-07 12:00:00,13.178,13.334,12.799,12.872,841689.29,10975002.96418
2026-09-07 16:00:00,12.873,12.969,12.685,12.829,550344.08,7069279.06476
2026-09-07 20:00:00,12.829,12.833,12.606,12.748,384775.71,4900975.87438
2026-09-08 00:00:00,12.749,12.807,12.563,12.66,395127.33,5025016.79578
2026-09-08 04:00:00,12.661,12.728,12.565,12.682,322204.09,4076354.63245
2026-09-08 08:00:00,12.682,12.794,12.465,12.503,352716.4,4452569.60598
2026-09-08 12:00:00,12.504,12.721,12.291,12.692,597419.62,7476597.91086
2026-09-08 16:00:00,12.691,12.795,12.54,12.569,326859.14,4144323.84047
2026-09-08 20:00:00,12.57,12.617,12.442,12.518,206776.26,2591193.17035
2026-09-09 00:00:00,12.517,12.57,12.376,12.396,220319.29,2745438.39699
2026-09-09 04:00:00,12.395,12.691,12.395,12.489,405783.24,5090643.30087
2026-09-09 08:00:00,12.489,12.516,11.916,12.112,1467808.68,17844378.51402
2026-09-09 12:00:00,12.112,12.235,11.82,12.003,809783.47,9796355.66082
2026-09-09 16:00:00,12.002,12.058,11.859,11.866,311634.09,3731774.98411
2026-09-09 20:00:00,11.866,11.897,11.584,11.804,457790.49,5379550.86291
2026-09-10 00:00:00,11.805,11.876,11.646,11.814,324138.28,3817379.40083
2026-09-10 04:00:00,11.813,11.895,11.739,11.783,230047.19,2719619.68745
2026-09-10 08:00:00,11.783,11.893,11.749,11.818,233853.36,2762094.75931
2026-09-10 12:00:00,11.818,11.844,11.5,11.636,566777.67,6604814.89253
2026-09-10 16:00:00,11.637,11.734,11.492,11.616,231727.4,2692104.51964
2026-09-10 20:00:00,11.617,11.648,11.433,11.454,256226.17,2953916.11404
2026-09-11 00:00:00,11.453,11.538,11.4,11.498,316463.75,3631951.90422
2026-09-11 04:00:00,11.498,11.598,11.471,11.478,225736.16,2602600.55143
2026-09-11 08:00:00,11.478,11.547,11.277,11.398,455470.96,5194087.17201
2026-09-11 12:00:00,11.397,12.217,11.253,11.709,1698689.72,20098654.87207
2026-09-11 16:00:00,11.709,11.831,11.508,11.614,515653.5,6016991.80784
2026-09-11 20:00:00,11.615,11.66,11.464,11.551,381032.53,4404100.34049
2026-09-12 00:00:00,11.552,11.572,11.457,11.489,168152.79,1937329.76503
2026-09-12 04:00:00,11.488,11.579,11.482,11.568,120914.45,1393256.59675
2026-09-12 08:00:00,11.569,11.584,11.515,11.573,136323.8,1574964.19616
2026-09-12 12:00:00,11.573,11.626,11.527,11.59,167086.92,1933919.44035
2026-09-12 16:00:00,11.59,11.606,11.453,11.479,117143.19,1349618.20122
2026-09-12 20:00:00,11.479,11.539,11.46,11.508,85507.57,983961.81066
2026-09-13 00:00:00,11.508,11.533,11.466,11.481,78010.75,897422.17871
2026-09-13 04:00:00,11.481,11.57,11.422,11.432,111631.63,1281577.92238
2026-09-13 08:00:00,11.432,11.449,11.253,11.295,223282.56,2532458.8051
2026-09-13 12:00:00,11.295,11.343,11.195,11.261,198162.65,2233622.36554
2026-09-13 16:00:00,11.261,11.502,11.261,11.415,249107.23,2845220.68697
2026-09-13 20:00:00,11.415,11.482,11.159,11.203,292548.09,3302578.59293
2026-09-14 00:00:00,11.203,11.449,11.121,11.379,270994.75,3066726.11979
2026-09-14 04:00:00,11.38,11.472,11.361,11.412,143365.56,1635897.74996
2026-09-14 08:00:00,11.412,11.484,11.316,11.391,254674.13,2903174.28103
2026-09-14 12:00:00,11.391,11.486,11.25,11.463,374579.65,4265729.00395
2026-09-14 16:00:00,11.463,11.763,11.441,11.743,411837.54,4790472.84275
2026-09-14 20:00:00,11.743,11.967,11.503,11.518,406955.16,4780999.78804
2026-09-15 00:00:00,11.518,11.63,11.457,11.507,181349.66,2096682.7308
2026-09-15 04:00:00,11.507,11.514,11.328,11.343,239021.57,2730062.25385
2026-09-15 08:00:00,11.342,11.428,11.304,11.384,177570.34,2018412.52547
2026-09-15 12:00:00,11.384,11.508,11.049,11.274,442313.38,4992775.50952
2026-09-15 16:00:00,11.275,11.408,10.8,11.098,831574.41,9234381.19876
2026-09-15 20:00:00,11.098,11.125,10.82,10.887,426665.52,4672724.17719
2026-09-16 00:00:00,10.888,10.94,10.77,10.826,274972.94,2987091.99892
2026-09-16 04:00:00,10.825,10.91,10.742,10.76,296738.38,3214078.38716
2026-09-16 08:00:00,10.76,10.912,10.679,10.879,265999.07,2870748.03005
2026-09-16 12:00:00,10.879,10.886,10.658,10.661,224306.41,2410533.41056
