timestamp,open,high,low,close,volume,quote_volume
2026-09-14 12:06:00,11.4,11.4,11.392,11.392,930.28,10600.18163
2026-09-14 12:07:00,11.392,11.4,11.392,11.4,172.74,1968.45457
2026-09-14 12:08:00,11.4,11.41,11.4,11.406,285.12,3252.19032
2026-09-14 12:09:00,11.406,11.408,11.405,11.405,131.46,1499.54529
2026-09-14 12:10:00,11.404,11.409,11.403,11.409,293.94,3353.01462
2026-09-14 12:11:00,11.41,11.412,11.395,11.395,3698.51,42163.02293
2026-09-14 12:12:00,11.395,11.395,11.386,11.386,3049.82,34734.27921
2026-09-14 12:13:00,11.386,11.388,11.384,11.386,333.5,3797.22233
2026-09-14 12:14:00,11.385,11.392,11.383,11.392,341.7,3890.77528
2026-09-14 12:15:00,11.393,11.397,11.393,11.397,107.03,1219.51179
2026-09-14 12:16:00,11.397,11.399,11.388,11.392,1036.21,11806.24479
2026-09-14 12:17:00,11.391,11.4,11.391,11.399,667.99,7612.33717
2026-09-14 12:18:00,11.399,11.399,11.396,11.396,222.6,2537.26568
2026-09-14 12:19:00,11.396,11.404,11.396,11.399,440.34,5020.11488
2026-09-14 12:20:00,11.399,11.4,11.387,11.387,1218.74,13888.86393
2026-09-14 12:21:00,11.387,11.387,11.385,11.387,57.37,653.20382
2026-09-14 12:22:00,11.388,11.394,11.388,11.393,185.75,2115.95459
2026-09-14 12:23:00,11.393,11.397,11.392,11.396,230.22,2623.02261
2026-09-14 12:24:00,11.397,11.399,11.396,11.397,155.75,1775.07298
2026-09-14 12:25:00,11.397,11.398,11.394,11.397,463.44,5280.8036
2026-09-14 12:26:00,11.397,11.397,11.39,11.39,514.15,5857.77677
2026-09-14 12:27:00,11.389,11.4,11.388,11.39,2064.86,23526.30563
2026-09-14 12:28:00,11.39,11.395,11.39,11.395,252.55,2876.90679
2026-09-14 12:29:00,11.396,11.401,11.396,11.401,96.75,1102.82194
2026-09-14 12:30:00,11.401,11.402,11.397,11.4,736.54,8395.32726
2026-09-14 12:31:00,11.4,11.403,11.396,11.403,726.4,8280.47854
2026-09-14 12:32:00,11.404,11.404,11.401,11.403,394.51,4498.40288
2026-09-14 12:33:00,11.404,11.407,11.402,11.405,510.26,5819.4136
2026-09-14 12:34:00,11.405,11.411,11.394,11.397,1894.19,21599.15157
2026-09-14 12:35:00,11.396,11.396,11.354,11.363,7558.32,86088.3329
2026-09-14 12:36:00,11.363,11.371,11.349,11.355,2049.39,23273.77693
2026-09-14 12:37:00,11.355,11.355,11.332,11.342,6901.45,78261.93339
2026-09-14 12:38:00,11.343,11.355,11.34,11.35,1170.71,13284.08965
2026-09-14 12:39:00,11.35,11.36,11.35,11.356,1253.36,14231.15793
2026-09-14 12:40:00,11.356,11.356,11.35,11.353,335.55,3809.28342
2026-09-14 12:41:00,11.353,11.36,11.33,11.349,4926.38,55886.74118
2026-09-14 12:42:00,11.349,11.354,11.344,11.351,1205.28,13681.40548
2026-09-14 12:43:00,11.351,11.368,11.351,11.367,1337.82,15202.12451
2026-09-14 12:44:00,11.366,11.366,11.359,11.359,1725.31,19605.42833
2026-09-14 12:45:00,11.358,11.371,11.356,11.363,1092.7,12417.2926
2026-09-14 12:46:00,11.363,11.363,11.35,11.357,1020.03,11584.14214
2026-09-14 12:47:00,11.356,11.357,11.354,11.356,140.48,1595.22398
2026-09-14 12:48:00,11.356,11.356,11.35,11.35,224.86,2552.35042
2026-09-14 12:49:00,11.35,11.35,11.347,11.35,165.22,1874.95007
2026-09-14 12:50:00,11.349,11.351,11.336,11.337,653.48,7411.20689
2026-09-14 12:51:00,11.337,11.337,11.331,11.331,376.95,4272.63662
2026-09-14 12:52:00,11.332,11.333,11.33,11.332,3878.46,43945.112
2026-09-14 12:53:00,11.333,11.337,11.331,11.331,525.61,5956.59569
2026-09-14 12:54:00,11.331,11.331,11.314,11.315,15530.41,175957.13676
2026-09-14 12:55:00,11.316,11.326,11.313,11.315,994.72,11260.05887
2026-09-14 12:56:00,11.314,11.316,11.306,11.313,1436.58,16250.48159
2026-09-14 12:57:00,11.313,11.32,11.313,11.318,543.18,6146.14061
2026-09-14 12:58:00,11.319,11.322,11.319,11.321,203.44,2302.97296
2026-09-14 12:59:00,11.32,11.321,11.319,11.32,153.88,1741.87845
2026-09-14 13:00:00,11.32,11.32,11.308,11.315,866.7,9807.30676
2026-09-14 13:01:00,11.314,11.314,11.304,11.304,1054.67,11924.88027
2026-09-14 13:02:00,11.305,11.307,11.29,11.291,1570.39,17742.01676
2026-09-14 13:03:00,11.29,11.306,11.287,11.29,1547.97,17486.69807
2026-09-14 13:04:00,11.29,11.297,11.283,11.284,880.29,9938.348
2026-09-14 13:05:00,11.285,11.29,11.284,11.287,1195.14,13489.20691
2026-09-14 13:06:00,11.286,11.286,11.259,11.265,1381.97,15569.00114
2026-09-14 13:07:00,11.263,11.266,11.258,11.262,488.61,5502.65545
2026-09-14 13:08:00,11.262,11.264,11.25,11.258,6872.17,77367.34604
2026-09-14 13:09:00,11.258,11.279,11.255,11.279,4822.91,54314.77989
2026-09-14 13:10:00,11.279,11.298,11.279,11.298,669.73,7559.66664
2026-09-14 13:11:00,11.299,11.307,11.299,11.307,439.06,4963.07384
2026-09-14 13:12:00,11.308,11.318,11.308,11.315,370.92,4197.00878
2026-09-14 13:13:00,11.315,11.333,11.309,11.314,1860.96,21069.7391
2026-09-14 13:14:00,11.315,11.324,11.315,11.317,826.23,9353.92412
2026-09-14 13:15:00,11.316,11.335,11.316,11.335,518.5,5871.27935
2026-09-14 13:16:00,11.336,11.346,11.334,11.346,1892.81,21467.73547
2026-09-14 13:17:00,11.345,11.354,11.341,11.354,485.82,5511.60901
2026-09-14 13:18:00,11.353,11.364,11.349,11.362,1194.5,13564.06147
2026-09-14 13:19:00,11.361,11.361,11.333,11.333,1701.87,19300.46659
2026-09-14 13:20:00,11.333,11.342,11.333,11.335,387.09,4388.0277
2026-09-14 13:21:00,11.334,11.335,11.329,11.329,976.47,11065.40557
2026-09-14 13:22:00,11.329,11.334,11.326,11.329,2082.0,23588.80256
2026-09-14 13:23:00,11.33,11.355,11.33,11.349,5602.37,63549.83559
2026-09-14 13:24:00,11.348,11.357,11.336,11.336,4858.57,55151.04785
2026-09-14 13:25:00,11.335,11.34,11.334,11.339,436.06,4943.52521
2026-09-14 13:26:00,11.34,11.342,11.334,11.34,506.59,5743.73939
2026-09-14 13:27:00,11.341,11.342,11.338,11.338,159.04,1803.53595
2026-09-14 13:28:00,11.339,11.347,11.339,11.344,640.65,7266.78588
2026-09-14 13:29:00,11.344,11.347,11.344,11.347,147.28,1671.05971
2026-09-14 13:30:00,11.347,11.373,11.345,11.365,2642.66,30010.04327
2026-09-14 13:31:00,11.365,11.38,11.354,11.367,1659.56,18862.111
2026-09-14 13:32:00,11.366,11.387,11.361,11.383,2168.51,24662.05787
2026-09-14 13:33:00,11.383,11.389,11.378,11.386,586.09,6672.11807
2026-09-14 13:34:00,11.386,11.417,11.386,11.398,5538.99,63197.86025
2026-09-14 13:35:00,11.398,11.401,11.372,11.372,2077.95,23658.38876
2026-09-14 13:36:00,11.371,11.371,11.321,11.339,3910.87,44375.49318
2026-09-14 13:37:00,11.339,11.365,11.317,11.365,1484.73,16837.08776
2026-09-14 13:38:00,11.365,11.39,11.362,11.374,882.93,10045.12969
2026-09-14 13:39:00,11.373,11.379,11.362,11.371,1149.83,13073.20475
2026-09-14 13:40:00,11.368,11.38,11.364,11.365,998.94,11360.39713
2026-09-14 13:41:00,11.366,11.366,11.348,11.355,868.38,9860.76106
2026-09-14 13:42:00,11.356,11.374,11.355,11.369,1515.06,17222.88813
2026-09-14 13:43:00,11.368,11.382,11.364,11.375,1576.4,17928.33297
2026-09-14 13:44:00,11.375,11.383,11.372,11.379,562.42,6398.0724
2026-09-14 13:45:00,11.378,11.396,11.375,11.39,316.68,3605.60699
2026-09-14 13:46:00,11.39,11.405,11.39,11.405,471.1,5371.00374
2026-09-14 13:47:00,11.406,11.418,11.406,11.413,213.02,2431.25485
2026-09-14 13:48:00,11.413,11.42,11.41,11.415,852.04,9726.40465
2026-09-14 13:49:00,11.414,11.434,11.411,11.43,2024.45,23128.09049
2026-09-14 13:50:00,11.43,11.436,11.415,11.42,968.05,11063.17722
2026-09-14 13:51:00,11.42,11.423,11.391,11.394,2102.69,23996.52857
2026-09-14 13:52:00,11.393,11.406,11.382,11.394,1521.29,17335.23489
2026-09-14 13:53:00,11.394,11.399,11.382,11.398,864.14,9843.29478
2026-09-14 13:54:00,11.397,11.397,11.382,11.382,284.06,3235.71756
2026-09-14 13:55:00,11.381,11.385,11.37,11.37,2447.25,27840.02506
2026-09-14 13:56:00,11.371,11.371,11.348,11.358,3468.44,39398.75781
2026-09-14 13:57:00,11.359,11.359,11.344,11.345,516.54,5863.33914
2026-09-14 13:58:00,11.343,11.356,11.34,11.355,709.82,8053.08901
2026-09-14 13:59:00,11.354,11.364,11.346,11.346,689.36,7827.91995
2026-09-14 14:00:00,11.345,11.369,11.345,11.361,2625.65,29820.46185
2026-09-14 14:01:00,11.362,11.381,11.362,11.378,611.4,6951.2779
2026-09-14 14:02:00,11.377,11.379,11.372,11.378,1864.61,21208.88591
2026-09-14 14:03:00,11.378,11.399,11.377,11.393,967.14,11016.62414
2026-09-14 14:04:00,11.393,11.409,11.393,11.398,558.19,6364.04197
2026-09-14 14:05:00,11.399,11.399,11.374,11.374,2082.65,23707.84921
2026-09-14 14:06:00,11.375,11.396,11.375,11.392,6213.71,70750.81353
2026-09-14 14:07:00,11.391,11.394,11.389,11.389,1232.42,14038.57744
2026-09-14 14:08:00,11.388,11.395,11.384,11.385,1278.74,14566.41528
2026-09-14 14:09:00,11.385,11.389,11.378,11.378,3614.25,41141.13752
2026-09-14 14:10:00,11.378,11.408,11.378,11.408,829.07,9445.42559
2026-09-14 14:11:00,11.409,11.43,11.409,11.418,3786.09,43251.5982
2026-09-14 14:12:00,11.418,11.423,11.41,11.41,2822.84,32220.58044
2026-09-14 14:13:00,11.409,11.435,11.409,11.435,14694.42,167950.42134
2026-09-14 14:14:00,11.434,11.446,11.428,11.435,5180.46,59253.76454
2026-09-14 14:15:00,11.435,11.449,11.435,11.438,3084.27,35299.24474
2026-09-14 14:16:00,11.439,11.439,11.43,11.431,1988.74,22736.63339
2026-09-14 14:17:00,11.431,11.447,11.431,11.442,832.81,9525.4154
2026-09-14 14:18:00,11.442,11.442,11.43,11.441,2046.16,23399.59927
2026-09-14 14:19:00,11.441,11.448,11.441,11.446,505.95,5790.27663
2026-09-14 14:20:00,11.446,11.446,11.435,11.435,1344.85,15386.28048
2026-09-14 14:21:00,11.434,11.437,11.404,11.411,4793.54,54769.94776
2026-09-14 14:22:00,11.411,11.416,11.407,11.411,612.63,6990.93415
2026-09-14 14:23:00,11.41,11.41,11.391,11.4,1755.52,20007.69203
2026-09-14 14:24:00,11.399,11.399,11.38,11.38,1019.33,11609.45036
2026-09-14 14:25:00,11.379,11.389,11.377,11.389,1438.55,16373.61794
2026-09-14 14:26:00,11.389,11.389,11.351,11.359,1939.57,22051.77033
2026-09-14 14:27:00,11.36,11.388,11.36,11.387,790.45,8992.58169
2026-09-14 14:28:00,11.388,11.418,11.388,11.416,865.41,9871.36788
2026-09-14 14:29:00,11.415,11.415,11.4,11.41,2900.71,33091.08244
2026-09-14 14:30:00,11.411,11.427,11.407,11.422,1710.17,19528.25748
2026-09-14 14:31:00,11.423,11.445,11.423,11.441,1264.65,14459.80327
2026-09-14 14:32:00,11.441,11.445,11.431,11.439,3265.85,37359.77055
2026-09-14 14:33:00,11.438,11.441,11.429,11.429,838.85,9593.38836
2026-09-14 14:34:00,11.43,11.442,11.43,11.43,726.45,8307.62915
2026-09-14 14:35:00,11.43,11.43,11.41,11.41,2604.06,29734.14132
2026-09-14 14:36:00,11.41,11.411,11.396,11.397,678.47,7739.36979
2026-09-14 14:37:00,11.397,11.4,11.394,11.394,333.56,3801.27884
2026-09-14 14:38:00,11.393,11.393,11.376,11.384,1642.3,18689.24816
2026-09-14 14:39:00,11.384,11.385,11.373,11.38,1043.34,11870.04147
2026-09-14 14:40:00,11.379,11.387,11.375,11.385,877.54,9989.22458
2026-09-14 14:41:00,11.385,11.391,11.371,11.376,2338.54,26607.00607
2026-09-14 14:42:00,11.375,11.386,11.375,11.386,395.73,4503.73298
2026-09-14 14:43:00,11.385,11.385,11.365,11.367,9056.78,103034.62869
2026-09-14 14:44:00,11.368,11.385,11.366,11.384,594.49,6759.72031
2026-09-14 14:45:00,11.385,11.422,11.385,11.411,3052.41,34845.14865
2026-09-14 14:46:00,11.412,11.422,11.406,11.41,2093.59,23900.93617
2026-09-14 14:47:00,11.411,11.411,11.394,11.398,397.6,4532.79567
2026-09-14 14:48:00,11.399,11.408,11.399,11.403,436.91,4982.58052
2026-09-14 14:49:00,11.403,11.428,11.403,11.427,684.21,7808.76108
2026-09-14 14:50:00,11.427,11.428,11.413,11.413,2759.99,31517.00495
2026-09-14 14:51:00,11.412,11.418,11.406,11.417,681.3,7776.16904
2026-09-14 14:52:00,11.416,11.416,11.393,11.396,525.93,5996.65392
2026-09-14 14:53:00,11.395,11.405,11.395,11.396,1185.71,13514.32765
2026-09-14 14:54:00,11.395,11.427,11.394,11.425,2846.92,32479.67384
2026-09-14 14:55:00,11.424,11.424,11.396,11.4,2795.37,31882.5809
2026-09-14 14:56:00,11.4,11.4,11.39,11.393,1311.61,14944.35532
2026-09-14 14:57:00,11.394,11.4,11.391,11.399,1063.37,12118.77234
2026-09-14 14:58:00,11.399,11.411,11.398,11.405,992.95,11321.56478
2026-09-14 14:59:00,11.405,11.413,11.404,11.406,1322.55,15088.78744
2026-09-14 15:00:00,11.405,11.416,11.391,11.392,3097.58,35327.43029
2026-09-14 15:01:00,11.392,11.392,11.377,11.39,1144.37,13028.65357
2026-09-14 15:02:00,11.391,11.412,11.387,11.4,1079.91,12309.1387
2026-09-14 15:03:00,11.399,11.399,11.388,11.396,144.75,1649.13855
2026-09-14 15:04:00,11.396,11.4,11.381,11.387,1101.11,12540.36927
2026-09-14 15:05:00,11.388,11.428,11.387,11.42,5479.0,62522.17561
2026-09-14 15:06:00,11.419,11.448,11.418,11.435,2246.74,25701.18163
2026-09-14 15:07:00,11.434,11.435,11.423,11.432,703.87,8045.36834
2026-09-14 15:08:00,11.432,11.447,11.432,11.442,1569.89,17959.84605
2026-09-14 15:09:00,11.442,11.445,11.431,11.432,298.93,3420.1174
2026-09-14 15:10:00,11.433,11.442,11.433,11.442,513.37,5873.11646
2026-09-14 15:11:00,11.441,11.441,11.409,11.413,2499.74,28558.60167
2026-09-14 15:12:00,11.414,11.425,11.409,11.425,380.68,4344.9358
2026-09-14 15:13:00,11.425,11.432,11.425,11.429,55.45,633.71405
2026-09-14 15:14:00,11.428,11.428,11.426,11.427,74.96,856.57388
2026-09-14 15:15:00,11.427,11.427,11.421,11.423,715.01,8169.17563
2026-09-14 15:16:00,11.422,11.432,11.416,11.432,1416.45,16174.00823
2026-09-14 15:17:00,11.433,11.447,11.431,11.431,1182.05,13524.56886
2026-09-14 15:18:00,11.43,11.431,11.42,11.42,421.67,4818.8663
2026-09-14 15:19:00,11.421,11.441,11.421,11.44,275.77,3152.92536
2026-09-14 15:20:00,11.439,11.44,11.432,11.432,375.51,4294.75743
2026-09-14 15:21:00,11.433,11.437,11.426,11.429,525.75,6009.68787
2026-09-14 15:22:00,11.43,11.435,11.426,11.426,187.22,2139.99596
2026-09-14 15:23:00,11.426,11.427,11.42,11.427,61.87,706.77727
2026-09-14 15:24:00,11.427,11.437,11.421,11.429,1667.24,19055.50126
2026-09-14 15:25:00,11.429,11.433,11.422,11.427,3009.1,34386.16517
2026-09-14 15:26:00,11.427,11.435,11.427,11.431,831.25,9503.8355
2026-09-14 15:27:00,11.43,11.43,11.418,11.418,862.71,9856.77028
2026-09-14 15:28:00,11.418,11.424,11.416,11.423,286.33,3269.39745
2026-09-14 15:29:00,11.422,11.422,11.412,11.412,198.74,2268.44507
2026-09-14 15:30:00,11.411,11.431,11.408,11.431,1983.02,22638.1774
2026-09-14 15:31:00,11.43,11.43,11.414,11.414,791.75,9039.97527
2026-09-14 15:32:00,11.415,11.428,11.409,11.42,7809.39,89185.93984
2026-09-14 15:33:00,11.42,11.438,11.414,11.436,2339.03,26718.79564
2026-09-14 15:34:00,11.436,11.445,11.432,11.435,2271.21,25981.08787
2026-09-14 15:35:00,11.435,11.435,11.413,11.413,1151.12,13153.93842
2026-09-14 15:36:00,11.412,11.415,11.404,11.406,749.91,8555.05559
2026-09-14 15:37:00,11.405,11.43,11.405,11.43,476.73,5443.36048
2026-09-14 15:38:00,11.431,11.435,11.426,11.426,362.36,4142.66038
2026-09-14 15:39:00,11.426,11.441,11.426,11.431,391.15,4472.06657
2026-09-14 15:40:00,11.431,11.45,11.431,11.439,4668.04,53410.88534
2026-09-14 15:41:00,11.44,11.462,11.439,11.462,1709.75,19574.16893
2026-09-14 15:42:00,11.461,11.468,11.459,11.464,1242.15,14238.97349
2026-09-14 15:43:00,11.465,11.476,11.465,11.476,646.06,7412.29924
2026-09-14 15:44:00,11.476,11.481,11.462,11.463,1439.45,16513.42956
2026-09-14 15:45:00,11.464,11.466,11.446,11.447,2068.9,23699.18736
2026-09-14 15:46:00,11.446,11.446,11.434,11.434,333.61,3816.14688
2026-09-14 15:47:00,11.434,11.434,11.426,11.427,171.41,1958.72449
2026-09-14 15:48:00,11.427,11.441,11.425,11.44,1476.06,16879.32925
2026-09-14 15:49:00,11.44,11.45,11.44,11.442,598.37,6847.63092
2026-09-14 15:50:00,11.442,11.453,11.438,11.449,2881.27,32979.66714
2026-09-14 15:51:00,11.449,11.458,11.447,11.447,1013.08,11602.91338
2026-09-14 15:52:00,11.448,11.465,11.448,11.463,193.49,2217.10261
2026-09-14 15:53:00,11.462,11.472,11.456,11.47,337.68,3870.63529
2026-09-14 15:54:00,11.469,11.469,11.455,11.457,497.36,5700.52341
2026-09-14 15:55:00,11.456,11.47,11.451,11.458,2070.12,23719.75903
2026-09-14 15:56:00,11.457,11.457,11.451,11.457,532.65,6100.48859
2026-09-14 15:57:00,11.458,11.486,11.458,11.483,7326.13,84072.80538
2026-09-14 15:58:00,11.483,11.483,11.467,11.467,521.12,5979.84474
2026-09-14 15:59:00,11.467,11.468,11.462,11.463,710.83,8149.95225
2026-09-14 16:00:00,11.463,11.468,11.458,11.458,1297.34,14872.61683
2026-09-14 16:01:00,11.458,11.462,11.455,11.455,550.66,6310.18936
2026-09-14 16:02:00,11.455,11.46,11.45,11.45,434.91,4981.44795
2026-09-14 16:03:00,11.449,11.45,11.448,11.45,208.21,2383.76455
2026-09-14 16:04:00,11.449,11.449,11.441,11.441,264.81,3030.30558
2026-09-14 16:05:00,11.441,11.45,11.441,11.45,748.39,8566.33791
2026-09-14 16:06:00,11.449,11.459,11.449,11.456,364.89,4180.64527
2026-09-14 16:07:00,11.457,11.459,11.454,11.459,311.22,3565.58052
2026-09-14 16:08:00,11.458,11.462,11.458,11.459,263.86,3023.78681
2026-09-14 16:09:00,11.458,11.467,11.454,11.467,144.94,1660.694
2026-09-14 16:10:00,11.466,11.48,11.464,11.48,740.98,8502.25132
2026-09-14 16:11:00,11.48,11.482,11.477,11.481,563.48,6468.53211
2026-09-14 16:12:00,11.481,11.482,11.48,11.48,274.11,3146.84159
2026-09-14 16:13:00,11.481,11.484,11.477,11.479,1615.07,18541.11541
2026-09-14 16:14:00,11.478,11.478,11.471,11.476,409.34,4696.6087
2026-09-14 16:15:00,11.477,11.499,11.477,11.497,1039.15,11938.82163
2026-09-14 16:16:00,11.498,11.511,11.498,11.51,4481.17,51549.09977
2026-09-14 16:17:00,11.51,11.525,11.504,11.525,5097.58,58696.4897
2026-09-14 16:18:00,11.525,11.549,11.525,11.549,8059.93,92981.91948
2026-09-14 16:19:00,11.549,11.568,11.536,11.538,4489.02,51851.24831
2026-09-14 16:20:00,11.538,11.541,11.52,11.52,768.08,8857.85591
2026-09-14 16:21:00,11.521,11.527,11.513,11.526,2084.23,24007.89284
2026-09-14 16:22:00,11.526,11.542,11.526,11.536,2415.47,27858.48818
2026-09-14 16:23:00,11.536,11.538,11.533,11.533,1036.47,11956.74563
2026-09-14 16:24:00,11.533,11.55,11.528,11.528,2657.98,30673.14041
2026-09-14 16:25:00,11.528,11.528,11.505,11.51,1928.78,22207.18027
2026-09-14 16:26:00,11.509,11.509,11.495,11.497,1066.67,12268.93678
2026-09-14 16:27:00,11.496,11.5,11.483,11.494,470.44,5405.47375
2026-09-14 16:28:00,11.493,11.501,11.49,11.492,1365.71,15699.7136
2026-09-14 16:29:00,11.493,11.501,11.493,11.493,636.72,7320.14962
2026-09-14 16:30:00,11.493,11.513,11.493,11.51,1313.87,15116.36732
2026-09-14 16:31:00,11.51,11.524,11.501,11.514,4106.03,47267.28456
2026-09-14 16:32:00,11.514,11.536,11.514,11.515,4793.85,55262.26572
2026-09-14 16:33:00,11.516,11.524,11.516,11.519,326.9,3766.36515
2026-09-14 16:34:00,11.518,11.518,11.507,11.507,3489.37,40179.44907
2026-09-14 16:35:00,11.507,11.509,11.498,11.504,621.59,7148.74678
2026-09-14 16:36:00,11.504,11.504,11.495,11.495,85.1,978.59399
2026-09-14 16:37:00,11.495,11.51,11.494,11.494,2700.32,31060.38602
2026-09-14 16:38:00,11.493,11.5,11.49,11.499,396.66,4558.85405
2026-09-14 16:39:00,11.499,11.512,11.497,11.506,1897.48,21836.43921
2026-09-14 16:40:00,11.505,11.505,11.501,11.501,535.78,6163.30921
2026-09-14 16:41:00,11.501,11.503,11.496,11.496,38.25,439.84953
2026-09-14 16:42:00,11.496,11.498,11.495,11.498,134.1,1541.55967
2026-09-14 16:43:00,11.499,11.502,11.499,11.499,206.89,2379.41263
2026-09-14 16:44:00,11.498,11.498,11.497,11.498,469.24,5395.06233
2026-09-14 16:45:00,11.498,11.511,11.498,11.511,1334.56,15355.98405
2026-09-14 16:46:00,11.51,11.51,11.501,11.503,126.85,1459.38587
2026-09-14 16:47:00,11.504,11.528,11.504,11.528,1983.42,22836.48952
2026-09-14 16:48:00,11.527,11.539,11.522,11.534,1220.35,14072.58144
2026-09-14 16:49:00,11.533,11.537,11.532,11.534,278.4,3211.41506
2026-09-14 16:50:00,11.535,11.538,11.53,11.536,631.19,7279.81027
2026-09-14 16:51:00,11.535,11.544,11.531,11.541,623.34,7191.91041
2026-09-14 16:52:00,11.542,11.553,11.541,11.55,1250.29,14439.05841
2026-09-14 16:53:00,11.551,11.552,11.537,11.541,2898.39,33463.67029
2026-09-14 16:54:00,11.542,11.562,11.542,11.553,1393.86,16106.08646
2026-09-14 16:55:00,11.553,11.554,11.542,11.542,645.58,7456.38992
2026-09-14 16:56:00,11.542,11.542,11.529,11.53,601.63,6937.8811
2026-09-14 16:57:00,11.531,11.533,11.517,11.517,248.47,2864.29867
2026-09-14 16:58:00,11.516,11.516,11.509,11.509,234.04,2694.19324
2026-09-14 16:59:00,11.509,11.512,11.509,11.511,266.74,3070.31703
2026-09-14 17:00:00,11.511,11.513,11.507,11.509,207.62,2389.65197
2026-09-14 17:01:00,11.51,11.51,11.503,11.506,499.8,5750.70643
2026-09-14 17:02:00,11.506,11.513,11.505,11.51,482.3,5550.0331
2026-09-14 17:03:00,11.509,11.512,11.506,11.512,200.1,2302.88268
2026-09-14 17:04:00,11.513,11.516,11.512,11.514,786.8,9059.0513
2026-09-14 17:05:00,11.514,11.515,11.51,11.513,299.86,3452.52752
2026-09-14 17:06:00,11.513,11.522,11.509,11.509,595.2,6854.78001
2026-09-14 17:07:00,11.508,11.509,11.501,11.501,531.79,6117.849
2026-09-14 17:08:00,11.501,11.504,11.5,11.502,448.36,5156.78379
2026-09-14 17:09:00,11.502,11.502,11.497,11.499,420.89,4840.34172
2026-09-14 17:10:00,11.499,11.511,11.499,11.509,2207.4,25394.7872
2026-09-14 17:11:00,11.51,11.516,11.51,11.514,109.18,1257.06323
2026-09-14 17:12:00,11.514,11.52,11.514,11.518,266.06,3064.53704
2026-09-14 17:13:00,11.519,11.523,11.514,11.515,979.39,11279.06106
2026-09-14 17:14:00,11.515,11.523,11.515,11.521,1856.84,21385.01883
2026-09-14 17:15:00,11.521,11.523,11.52,11.52,407.59,4695.8788
2026-09-14 17:16:00,11.52,11.523,11.518,11.522,396.41,4566.49827
2026-09-14 17:17:00,11.521,11.53,11.521,11.528,208.75,2406.23963
2026-09-14 17:18:00,11.527,11.527,11.496,11.504,2373.29,27304.64733
2026-09-14 17:19:00,11.505,11.513,11.505,11.507,653.53,7521.87846
2026-09-14 17:20:00,11.508,11.528,11.508,11.527,1315.63,15149.11907
2026-09-14 17:21:00,11.528,11.539,11.526,11.526,4295.37,49529.1528
2026-09-14 17:22:00,11.526,11.536,11.526,11.536,1073.16,12374.38351
2026-09-14 17:23:00,11.536,11.56,11.536,11.56,2556.93,29528.9512
2026-09-14 17:24:00,11.559,11.57,11.558,11.566,205.53,2377.09401
2026-09-14 17:25:00,11.566,11.574,11.565,11.572,8464.74,97927.90937
2026-09-14 17:26:00,11.572,11.59,11.571,11.586,6896.89,79895.21782
2026-09-14 17:27:00,11.586,11.595,11.58,11.58,1549.76,17963.04837
2026-09-14 17:28:00,11.579,11.58,11.571,11.577,3623.9,41947.16585
2026-09-14 17:29:00,11.576,11.593,11.576,11.592,5995.14,69432.6394
2026-09-14 17:30:00,11.591,11.601,11.583,11.597,7936.55,92044.59798
2026-09-14 17:31:00,11.597,11.6,11.589,11.589,421.52,4887.13775
2026-09-14 17:32:00,11.588,11.593,11.582,11.582,517.95,6002.98699
2026-09-14 17:33:00,11.582,11.584,11.561,11.57,11040.34,127792.2851
2026-09-14 17:34:00,11.57,11.578,11.57,11.57,444.4,5143.95429
2026-09-14 17:35:00,11.57,11.598,11.57,11.581,1511.97,17515.54073
2026-09-14 17:36:00,11.58,11.58,11.573,11.577,314.17,3636.71146
2026-09-14 17:37:00,11.577,11.582,11.569,11.58,261.91,3031.36328
2026-09-14 17:38:00,11.58,11.588,11.58,11.587,1169.33,13546.74638
2026-09-14 17:39:00,11.587,11.589,11.58,11.58,476.5,5518.80063
2026-09-14 17:40:00,11.579,11.583,11.576,11.583,275.28,3187.44021
2026-09-14 17:41:00,11.583,11.583,11.574,11.581,263.69,3052.85467
2026-09-14 17:42:00,11.581,11.6,11.581,11.595,2128.79,24673.18971
2026-09-14 17:43:00,11.594,11.596,11.588,11.591,567.21,6575.66408
2026-09-14 17:44:00,11.591,11.591,11.583,11.588,274.77,3183.93496
2026-09-14 17:45:00,11.588,11.605,11.588,11.601,1367.8,15865.01311
2026-09-14 17:46:00,11.6,11.613,11.599,11.608,907.41,10533.23114
2026-09-14 17:47:00,11.609,11.609,11.59,11.598,2164.55,25105.02486
2026-09-14 17:48:00,11.599,11.612,11.599,11.612,929.13,10784.38653
2026-09-14 17:49:00,11.612,11.623,11.612,11.619,1146.29,13319.29024
2026-09-14 17:50:00,11.618,11.618,11.609,11.609,2840.74,33002.21037
2026-09-14 17:51:00,11.609,11.619,11.606,11.606,1607.07,18660.87582
2026-09-14 17:52:00,11.605,11.609,11.603,11.605,657.25,7628.22896
2026-09-14 17:53:00,11.604,11.619,11.595,11.616,2978.58,34587.27405
2026-09-14 17:54:00,11.618,11.625,11.618,11.624,194.34,2258.80859
2026-09-14 17:55:00,11.624,11.64,11.623,11.631,991.09,11526.18014
2026-09-14 17:56:00,11.632,11.632,11.615,11.616,628.24,7300.98178
2026-09-14 17:57:00,11.614,11.614,11.61,11.61,1708.47,19836.33458
2026-09-14 17:58:00,11.611,11.617,11.601,11.608,3163.49,36725.83233
2026-09-14 17:59:00,11.608,11.611,11.605,11.611,1186.15,13768.09045
2026-09-14 18:00:00,11.611,11.627,11.608,11.608,1280.01,14871.9943
2026-09-14 18:01:00,11.608,11.616,11.587,11.591,3312.46,38415.7098
2026-09-14 18:02:00,11.592,11.594,11.585,11.585,409.72,4749.37757
2026-09-14 18:03:00,11.584,11.607,11.584,11.606,2229.99,25866.26117
2026-09-14 18:04:00,11.605,11.607,11.589,11.591,1103.68,12801.06436
2026-09-14 18:05:00,11.592,11.594,11.585,11.585,498.5,5776.03227
2026-09-14 18:06:00,11.586,11.604,11.586,11.603,620.43,7197.22599
2026-09-14 18:07:00,11.604,11.608,11.599,11.608,614.35,7127.16558
2026-09-14 18:08:00,11.608,11.623,11.605,11.619,2102.68,24413.8072
2026-09-14 18:09:00,11.62,11.633,11.616,11.62,2482.65,28854.89107
2026-09-14 18:10:00,11.62,11.621,11.604,11.605,1161.57,13492.77968
2026-09-14 18:11:00,11.605,11.605,11.592,11.592,1750.2,20300.5626
2026-09-14 18:12:00,11.591,11.614,11.59,11.608,2247.83,26094.02556
2026-09-14 18:13:00,11.609,11.61,11.601,11.604,444.93,5164.07897
2026-09-14 18:14:00,11.603,11.603,11.594,11.596,407.14,4722.31296
2026-09-14 18:15:00,11.596,11.611,11.592,11.608,2991.68,34709.87578
2026-09-14 18:16:00,11.608,11.608,11.598,11.598,812.15,9423.72264
2026-09-14 18:17:00,11.598,11.609,11.597,11.608,436.45,5064.43963
2026-09-14 18:18:00,11.608,11.612,11.593,11.612,1371.92,15915.92907
2026-09-14 18:19:00,11.612,11.644,11.612,11.64,1829.03,21279.42182
2026-09-14 18:20:00,11.639,11.647,11.627,11.639,1359.87,15827.63488
2026-09-14 18:21:00,11.638,11.644,11.638,11.639,437.03,5087.60191
2026-09-14 18:22:00,11.638,11.658,11.637,11.653,1429.19,16651.95679
2026-09-14 18:23:00,11.653,11.661,11.643,11.643,1759.4,20504.77102
2026-09-14 18:24:00,11.643,11.656,11.64,11.653,2203.59,25675.29592
2026-09-14 18:25:00,11.652,11.652,11.633,11.636,423.77,4933.4268
2026-09-14 18:26:00,11.637,11.653,11.637,11.653,600.08,6987.57611
2026-09-14 18:27:00,11.653,11.667,11.653,11.665,446.75,5209.19552
2026-09-14 18:28:00,11.665,11.668,11.664,11.666,484.36,5650.54347
2026-09-14 18:29:00,11.666,11.672,11.66,11.669,2515.38,29347.05634
2026-09-14 18:30:00,11.67,11.68,11.67,11.672,5304.88,61932.70983
2026-09-14 18:31:00,11.671,11.673,11.67,11.673,447.48,5223.08534
2026-09-14 18:32:00,11.674,11.681,11.67,11.68,1231.56,14379.57465
2026-09-14 18:33:00,11.68,11.69,11.679,11.686,1222.02,14281.82487
2026-09-14 18:34:00,11.686,11.695,11.686,11.691,2248.42,26284.7491
2026-09-14 18:35:00,11.691,11.691,11.673,11.682,1427.52,16672.98042
2026-09-14 18:36:00,11.682,11.695,11.677,11.68,2902.69,33923.2606
2026-09-14 18:37:00,11.681,11.685,11.677,11.681,947.99,11073.41444
2026-09-14 18:38:00,11.681,11.688,11.679,11.686,671.02,7839.98502
2026-09-14 18:39:00,11.685,11.685,11.681,11.685,621.62,7262.18682
2026-09-14 18:40:00,11.685,11.689,11.678,11.683,1402.37,16386.82818
2026-09-14 18:41:00,11.684,11.684,11.676,11.68,956.86,11175.8543
2026-09-14 18:42:00,11.679,11.695,11.669,11.695,1841.23,21506.07693
2026-09-14 18:43:00,11.696,11.72,11.695,11.702,3809.71,44602.72487
2026-09-14 18:44:00,11.703,11.712,11.689,11.689,2991.2,35002.10507
2026-09-14 18:45:00,11.69,11.715,11.689,11.708,2506.91,29350.84709
2026-09-14 18:46:00,11.707,11.715,11.695,11.711,2599.28,30424.68407
2026-09-14 18:47:00,11.711,11.717,11.71,11.71,716.42,8391.36837
2026-09-14 18:48:00,11.71,11.72,11.707,11.719,1804.42,21139.69639
2026-09-14 18:49:00,11.718,11.718,11.703,11.703,2402.92,28138.42964
2026-09-14 18:50:00,11.702,11.704,11.699,11.702,640.32,7492.83976
2026-09-14 18:51:00,11.703,11.706,11.695,11.703,804.35,9411.92024
2026-09-14 18:52:00,11.703,11.707,11.7,11.707,1130.5,13230.06613
2026-09-14 18:53:00,11.707,11.707,11.698,11.705,531.26,6217.73219
2026-09-14 18:54:00,11.704,11.704,11.696,11.698,751.55,8793.49893
2026-09-14 18:55:00,11.699,11.711,11.697,11.704,1743.9,20408.01235
2026-09-14 18:56:00,11.703,11.704,11.698,11.698,233.27,2729.55344
2026-09-14 18:57:00,11.697,11.709,11.694,11.701,1298.3,15192.64551
2026-09-14 18:58:00,11.701,11.703,11.697,11.703,1796.03,21016.56816
2026-09-14 18:59:00,11.703,11.706,11.7,11.704,1040.18,12173.242
2026-09-14 19:00:00,11.705,11.705,11.682,11.686,2294.89,26838.52969
2026-09-14 19:01:00,11.685,11.686,11.679,11.679,1039.52,12144.66825
2026-09-14 19:02:00,11.679,11.686,11.669,11.678,4370.86,51022.32989
2026-09-14 19:03:00,11.679,11.685,11.676,11.676,1754.74,20494.92028
2026-09-14 19:04:00,11.676,11.676,11.665,11.666,1974.08,23044.83954
2026-09-14 19:05:00,11.665,11.665,11.653,11.656,3541.6,41279.61857
2026-09-14 19:06:00,11.655,11.665,11.655,11.661,1979.61,23082.8306
2026-09-14 19:07:00,11.661,11.683,11.661,11.677,2740.86,31988.68958
2026-09-14 19:08:00,11.676,11.676,11.665,11.665,1224.61,14294.05607
2026-09-14 19:09:00,11.664,11.664,11.651,11.658,2310.18,26929.59262
2026-09-14 19:10:00,11.658,11.672,11.656,11.664,1670.25,19477.97129
2026-09-14 19:11:00,11.663,11.672,11.662,11.672,401.05,4679.27262
2026-09-14 19:12:00,11.672,11.692,11.67,11.689,1021.03,11926.16513
2026-09-14 19:13:00,11.688,11.691,11.684,11.684,418.88,4895.64412
2026-09-14 19:14:00,11.685,11.691,11.685,11.69,744.44,8701.95543
2026-09-14 19:15:00,11.691,11.695,11.69,11.69,462.55,5408.5724
2026-09-14 19:16:00,11.689,11.701,11.689,11.701,609.65,7130.97423
2026-09-14 19:17:00,11.701,11.706,11.697,11.7,1528.08,17883.18197
2026-09-14 19:18:00,11.701,11.709,11.701,11.706,562.39,6583.50875
2026-09-14 19:19:00,11.705,11.727,11.705,11.727,5112.06,59876.49795
2026-09-14 19:20:00,11.727,11.734,11.726,11.73,2523.07,29597.1193
2026-09-14 19:21:00,11.73,11.734,11.728,11.729,1187.93,13935.59058
2026-09-14 19:22:00,11.728,11.731,11.726,11.731,2057.66,24131.80128
2026-09-14 19:23:00,11.73,11.73,11.721,11.725,799.42,9372.92783
2026-09-14 19:24:00,11.724,11.731,11.722,11.731,886.73,10397.95473
2026-09-14 19:25:00,11.73,11.734,11.723,11.733,1205.18,14137.15641
2026-09-14 19:26:00,11.732,11.746,11.731,11.745,994.38,11671.95005
2026-09-14 19:27:00,11.745,11.763,11.74,11.75,5454.56,64105.51432
2026-09-14 19:28:00,11.749,11.75,11.741,11.743,761.95,8949.7955
2026-09-14 19:29:00,11.743,11.743,11.736,11.738,800.86,9400.44975
2026-09-14 19:30:00,11.737,11.737,11.721,11.722,3383.57,39700.85614
2026-09-14 19:31:00,11.723,11.748,11.723,11.734,1492.03,17513.6331
2026-09-14 19:32:00,11.734,11.738,11.731,11.734,503.86,5912.66822
2026-09-14 19:33:00,11.734,11.756,11.733,11.741,2852.29,33508.46487
2026-09-14 19:34:00,11.741,11.741,11.716,11.732,2483.17,29120.87757
2026-09-14 19:35:00,11.731,11.731,11.721,11.726,504.88,5920.21573
2026-09-14 19:36:00,11.726,11.726,11.711,11.711,1690.8,19814.86843
2026-09-14 19:37:00,11.711,11.711,11.703,11.71,1486.4,17403.19972
2026-09-14 19:38:00,11.71,11.711,11.69,11.691,1661.13,19434.72938
2026-09-14 19:39:00,11.691,11.7,11.691,11.7,272.72,3190.12895
2026-09-14 19:40:00,11.701,11.725,11.701,11.72,4878.52,57185.08642
2026-09-14 19:41:00,11.721,11.731,11.721,11.731,1750.24,20524.4718
2026-09-14 19:42:00,11.73,11.73,11.722,11.726,1297.06,15211.10158
2026-09-14 19:43:00,11.726,11.734,11.726,11.733,428.47,5026.02099
2026-09-14 19:44:00,11.733,11.733,11.723,11.73,19058.29,223548.44588
2026-09-14 19:45:00,11.729,11.741,11.728,11.737,15578.81,182749.78606
2026-09-14 19:46:00,11.737,11.752,11.737,11.748,3194.62,37529.61285
2026-09-14 19:47:00,11.748,11.749,11.739,11.743,3073.44,36088.05567
2026-09-14 19:48:00,11.742,11.746,11.739,11.74,1989.91,23363.55293
2026-09-14 19:49:00,11.741,11.742,11.734,11.74,1653.31,19408.82217
2026-09-14 19:50:00,11.74,11.744,11.737,11.74,2910.25,34167.01734
2026-09-14 19:51:00,11.739,11.739,11.736,11.737,805.21,9451.56686
2026-09-14 19:52:00,11.737,11.74,11.733,11.736,2792.37,32769.80878
2026-09-14 19:53:00,11.736,11.736,11.732,11.732,2677.53,31415.9702
2026-09-14 19:54:00,11.732,11.741,11.728,11.741,3892.39,45680.58709
2026-09-14 19:55:00,11.74,11.74,11.731,11.731,1654.89,19422.91006
2026-09-14 19:56:00,11.731,11.734,11.725,11.728,1274.68,14951.61056
2026-09-14 19:57:00,11.728,11.732,11.721,11.721,2165.39,25394.40753
2026-09-14 19:58:00,11.721,11.731,11.72,11.731,1168.87,13701.44663
2026-09-14 19:59:00,11.732,11.743,11.728,11.743,2411.06,28297.47831
2026-09-14 20:00:00,11.743,11.759,11.742,11.751,5724.98,67256.54287
2026-09-14 20:01:00,11.751,11.755,11.747,11.753,1308.77,15380.57332
2026-09-14 20:02:00,11.753,11.761,11.75,11.761,345.36,4059.63695
2026-09-14 20:03:00,11.761,11.764,11.753,11.761,1801.17,21176.6653
2026-09-14 20:04:00,11.762,11.77,11.761,11.766,912.98,10742.90796
2026-09-14 20:05:00,11.767,11.77,11.761,11.763,1142.34,13443.19469
2026-09-14 20:06:00,11.763,11.779,11.763,11.776,4486.24,52817.60821
2026-09-14 20:07:00,11.776,11.776,11.764,11.77,852.04,10027.77222
2026-09-14 20:08:00,11.77,11.773,11.763,11.772,659.52,7760.76602
2026-09-14 20:09:00,11.772,11.775,11.771,11.774,724.8,8533.25938
2026-09-14 20:10:00,11.774,11.779,11.774,11.779,523.02,6159.9368
2026-09-14 20:11:00,11.779,11.788,11.776,11.787,763.39,8993.35436
2026-09-14 20:12:00,11.788,11.855,11.788,11.847,9373.81,110818.40904
2026-09-14 20:13:00,11.846,11.858,11.805,11.82,4696.96,55568.22511
2026-09-14 20:14:00,11.819,11.837,11.814,11.837,1733.42,20494.2886
2026-09-14 20:15:00,11.837,11.883,11.837,11.87,2680.66,31815.50622
2026-09-14 20:16:00,11.869,11.889,11.861,11.884,12977.61,154171.5431
2026-09-14 20:17:00,11.883,11.898,11.876,11.896,4068.4,48358.21504
2026-09-14 20:18:00,11.897,11.921,11.893,11.911,11090.36,132041.4819
2026-09-14 20:19:00,11.911,11.918,11.896,11.914,6076.05,72367.45026
2026-09-14 20:20:00,11.913,11.92,11.906,11.92,3314.13,39482.26615
2026-09-14 20:21:00,11.92,11.929,11.905,11.919,7328.65,87351.90912
2026-09-14 20:22:00,11.919,11.93,11.913,11.925,2785.65,33213.65907
2026-09-14 20:23:00,11.924,11.967,11.909,11.944,9745.02,116399.80209
2026-09-14 20:24:00,11.945,11.966,11.94,11.946,4147.93,49592.53005
2026-09-14 20:25:00,11.946,11.953,11.927,11.932,3621.95,43242.95984
2026-09-14 20:26:00,11.932,11.934,11.907,11.909,2590.91,30879.00693
2026-09-14 20:27:00,11.91,11.921,11.887,11.91,3268.54,38907.15669
2026-09-14 20:28:00,11.911,11.911,11.895,11.907,2640.97,31429.31308
2026-09-14 20:29:00,11.908,11.915,11.902,11.907,4526.02,53900.02546
2026-09-14 20:30:00,11.907,11.922,11.905,11.915,2131.96,25396.45695
2026-09-14 20:31:00,11.914,11.931,11.914,11.924,2021.53,24099.51775
2026-09-14 20:32:00,11.923,11.927,11.906,11.914,2299.19,27403.80269
2026-09-14 20:33:00,11.913,11.914,11.895,11.906,2969.32,35333.8336
2026-09-14 20:34:00,11.906,11.942,11.906,11.931,3698.8,44126.49567
2026-09-14 20:35:00,11.93,11.93,11.897,11.908,4676.62,55708.24392
2026-09-14 20:36:00,11.907,11.926,11.892,11.922,1707.41,20342.03231
2026-09-14 20:37:00,11.921,11.926,11.904,11.909,2470.94,29445.5366
2026-09-14 20:38:00,11.91,11.91,11.891,11.9,956.41,11382.99132
2026-09-14 20:39:00,11.901,11.901,11.879,11.879,5984.6,71144.95523
2026-09-14 20:40:00,11.879,11.88,11.871,11.875,693.35,8232.65799
2026-09-14 20:41:00,11.876,11.896,11.876,11.896,742.53,8827.61898
2026-09-14 20:42:00,11.897,11.899,11.889,11.889,3225.44,38358.2677
2026-09-14 20:43:00,11.889,11.891,11.877,11.877,339.49,4034.8313
2026-09-14 20:44:00,11.877,11.878,11.858,11.863,1461.95,17345.01909
2026-09-14 20:45:00,11.863,11.865,11.85,11.858,3626.75,42997.99091
2026-09-14 20:46:00,11.858,11.873,11.851,11.855,1560.22,18499.81706
2026-09-14 20:47:00,11.855,11.855,11.842,11.842,2160.94,25601.79369
2026-09-14 20:48:00,11.842,11.842,11.824,11.826,2888.29,34170.35308
2026-09-14 20:49:00,11.825,11.825,11.819,11.822,1098.94,12990.88383
2026-09-14 20:50:00,11.821,11.824,11.812,11.813,1828.99,21620.26818
2026-09-14 20:51:00,11.813,11.822,11.807,11.809,592.55,6999.93975
2026-09-14 20:52:00,11.809,11.821,11.809,11.813,3728.6,44054.3303
2026-09-14 20:53:00,11.812,11.818,11.81,11.81,736.01,8696.82238
2026-09-14 20:54:00,11.81,11.817,11.803,11.806,3719.7,43939.41913
2026-09-14 20:55:00,11.806,11.808,11.793,11.793,1108.67,13081.60657
2026-09-14 20:56:00,11.792,11.793,11.776,11.783,11210.78,132145.67949
2026-09-14 20:57:00,11.783,11.787,11.771,11.772,1842.48,21708.92178
2026-09-14 20:58:00,11.771,11.771,11.76,11.763,2354.39,27695.466
2026-09-14 20:59:00,11.763,11.763,11.753,11.754,1603.17,18852.04264
2026-09-14 21:00:00,11.754,11.758,11.744,11.745,3954.43,46470.08099
2026-09-14 21:01:00,11.745,11.745,11.692,11.697,9475.22,111051.13648
2026-09-14 21:02:00,11.697,11.697,11.645,11.686,15804.31,184530.46039
2026-09-14 21:03:00,11.686,11.704,11.683,11.692,3066.95,35865.37957
2026-09-14 21:04:00,11.691,11.709,11.682,11.709,4864.24,56854.96562
2026-09-14 21:05:00,11.708,11.731,11.702,11.723,2854.54,33458.59027
2026-09-14 21:06:00,11.724,11.737,11.718,11.731,2084.15,24443.78076
2026-09-14 21:07:00,11.73,11.742,11.725,11.742,780.56,9156.36993
2026-09-14 21:08:00,11.742,11.745,11.737,11.743,1627.82,19113.09944
2026-09-14 21:09:00,11.743,11.743,11.722,11.728,8435.82,99003.97167
2026-09-14 21:10:00,11.727,11.73,11.714,11.73,8946.76,104847.89821
2026-09-14 21:11:00,11.729,11.734,11.708,11.708,2272.19,26631.11764
2026-09-14 21:12:00,11.708,11.712,11.705,11.706,642.97,7528.668
2026-09-14 21:13:00,11.705,11.707,11.7,11.701,898.55,10515.20371
2026-09-14 21:14:00,11.701,11.701,11.676,11.685,865.37,10110.34787
2026-09-14 21:15:00,11.685,11.685,11.678,11.68,1804.77,21081.42596
2026-09-14 21:16:00,11.68,11.689,11.677,11.683,770.28,9000.9462
2026-09-14 21:17:00,11.683,11.684,11.669,11.672,763.26,8911.7405
2026-09-14 21:18:00,11.673,11.702,11.672,11.702,5132.14,59971.02159
2026-09-14 21:19:00,11.703,11.714,11.696,11.696,816.48,9557.64086
2026-09-14 21:20:00,11.695,11.704,11.691,11.704,181.54,2123.17718
2026-09-14 21:21:00,11.705,11.707,11.703,11.703,406.2,4754.64436
2026-09-14 21:22:00,11.703,11.703,11.697,11.697,165.65,1938.26219
2026-09-14 21:23:00,11.696,11.708,11.696,11.707,828.57,9697.68888
2026-09-14 21:24:00,11.706,11.707,11.703,11.707,1595.02,18669.4951
2026-09-14 21:25:00,11.706,11.706,11.687,11.688,356.18,4164.68717
2026-09-14 21:26:00,11.689,11.705,11.689,11.7,229.31,2682.71789
2026-09-14 21:27:00,11.699,11.701,11.699,11.7,136.42,1596.19405
2026-09-14 21:28:00,11.7,11.718,11.7,11.715,855.84,10018.12386
2026-09-14 21:29:00,11.716,11.722,11.691,11.697,2009.89,23528.01964
2026-09-14 21:30:00,11.698,11.716,11.698,11.716,114.34,1338.41972
2026-09-14 21:31:00,11.716,11.726,11.716,11.724,50.0,586.15867
2026-09-14 21:32:00,11.723,11.723,11.699,11.699,803.97,9418.1763
2026-09-14 21:33:00,11.698,11.698,11.684,11.689,559.79,6542.79577
2026-09-14 21:34:00,11.689,11.705,11.689,11.697,390.58,4570.00432
2026-09-14 21:35:00,11.697,11.698,11.677,11.677,512.4,5992.07094
2026-09-14 21:36:00,11.676,11.676,11.664,11.665,1200.62,14010.03388
2026-09-14 21:37:00,11.664,11.664,11.65,11.66,1183.39,13795.30344
2026-09-14 21:38:00,11.66,11.661,11.657,11.658,862.24,10051.85825
2026-09-14 21:39:00,11.658,11.668,11.658,11.661,840.52,9802.46279
2026-09-14 21:40:00,11.662,11.671,11.662,11.671,2201.68,25692.27588
2026-09-14 21:41:00,11.671,11.677,11.671,11.674,618.81,7224.18555
2026-09-14 21:42:00,11.674,11.674,11.669,11.67,43.65,509.48372
2026-09-14 21:43:00,11.67,11.67,11.663,11.665,588.45,6865.17751
2026-09-14 21:44:00,11.666,11.666,11.665,11.665,31.54,367.94507
2026-09-14 21:45:00,11.665,11.67,11.665,11.67,92.38,1077.95818
2026-09-14 21:46:00,11.672,11.672,11.646,11.646,1057.92,12328.6987
2026-09-14 21:47:00,11.646,11.659,11.643,11.658,2678.6,31209.46256
2026-09-14 21:48:00,11.659,11.659,11.653,11.653,85.07,991.52952
2026-09-14 21:49:00,11.653,11.663,11.653,11.663,240.41,2802.36255
2026-09-14 21:50:00,11.663,11.665,11.661,11.663,1476.75,17222.06969
2026-09-14 21:51:00,11.662,11.662,11.65,11.65,257.99,3007.43377
2026-09-14 21:52:00,11.649,11.649,11.639,11.642,622.74,7249.14754
2026-09-14 21:53:00,11.642,11.645,11.636,11.638,682.22,7940.71402
2026-09-14 21:54:00,11.638,11.645,11.637,11.644,865.26,10073.3557
2026-09-14 21:55:00,11.643,11.644,11.641,11.643,273.19,3180.54667
2026-09-14 21:56:00,11.643,11.648,11.643,11.648,373.58,4350.58007
2026-09-14 21:57:00,11.648,11.649,11.648,11.649,32.28,375.99871
2026-09-14 21:58:00,11.648,11.648,11.643,11.643,162.15,1888.24908
2026-09-14 21:59:00,11.642,11.645,11.642,11.645,1222.66,14235.66712
2026-09-14 22:00:00,11.646,11.651,11.63,11.63,815.54,9493.50414
2026-09-14 22:01:00,11.63,11.63,11.614,11.628,3486.22,40510.52184
2026-09-14 22:02:00,11.627,11.636,11.627,11.628,1139.55,13254.96998
2026-09-14 22:03:00,11.627,11.627,11.616,11.62,588.97,6843.70048
2026-09-14 22:04:00,11.619,11.629,11.619,11.629,2439.56,28352.50161
2026-09-14 22:05:00,11.629,11.651,11.629,11.651,1579.17,18388.79927
2026-09-14 22:06:00,11.651,11.655,11.651,11.655,241.45,2813.6782
2026-09-14 22:07:00,11.655,11.655,11.64,11.641,370.1,4310.83017
2026-09-14 22:08:00,11.642,11.669,11.642,11.667,540.49,6300.92455
2026-09-14 22:09:00,11.668,11.673,11.667,11.672,156.6,1827.41827
2026-09-14 22:10:00,11.672,11.676,11.659,11.66,1636.3,19093.495
2026-09-14 22:11:00,11.66,11.664,11.651,11.659,225.73,2631.34487
2026-09-14 22:12:00,11.659,11.679,11.659,11.675,749.96,8754.29049
2026-09-14 22:13:00,11.674,11.695,11.674,11.689,2714.48,31723.53994
2026-09-14 22:14:00,11.689,11.69,11.685,11.688,673.82,7875.61356
2026-09-14 22:15:00,11.688,11.694,11.686,11.686,147.68,1726.34169
2026-09-14 22:16:00,11.686,11.692,11.679,11.679,1189.95,13910.30077
2026-09-14 22:17:00,11.679,11.679,11.667,11.667,760.81,8879.73843
2026-09-14 22:18:00,11.666,11.666,11.65,11.659,4352.65,50736.70345
2026-09-14 22:19:00,11.659,11.66,11.631,11.631,6773.86,78936.96902
2026-09-14 22:20:00,11.631,11.633,11.63,11.63,199.82,2324.1235
2026-09-14 22:21:00,11.629,11.63,11.617,11.626,1371.26,15938.51206
2026-09-14 22:22:00,11.626,11.626,11.616,11.625,869.03,10099.29777
2026-09-14 22:23:00,11.624,11.631,11.619,11.622,929.06,10800.50611
2026-09-14 22:24:00,11.622,11.622,11.616,11.616,320.6,3724.70059
2026-09-14 22:25:00,11.616,11.628,11.591,11.627,7751.3,89959.737
2026-09-14 22:26:00,11.627,11.628,11.619,11.619,1600.21,18595.75765
2026-09-14 22:27:00,11.619,11.622,11.615,11.615,1863.7,21653.93556
2026-09-14 22:28:00,11.615,11.615,11.606,11.614,1336.6,15516.34009
2026-09-14 22:29:00,11.615,11.616,11.609,11.615,537.61,6242.57109
2026-09-14 22:30:00,11.616,11.616,11.611,11.611,546.8,6351.20394
2026-09-14 22:31:00,11.611,11.611,11.596,11.598,1828.57,21217.90629
2026-09-14 22:32:00,11.599,11.609,11.597,11.609,962.57,11169.71921
2026-09-14 22:33:00,11.609,11.609,11.595,11.597,404.51,4694.10203
2026-09-14 22:34:00,11.598,11.603,11.588,11.599,963.11,11165.81991
2026-09-14 22:35:00,11.598,11.599,11.593,11.599,140.87,1633.39327
2026-09-14 22:36:00,11.597,11.606,11.597,11.606,603.95,7007.28969
2026-09-14 22:37:00,11.606,11.606,11.6,11.6,182.9,2122.33905
2026-09-14 22:38:00,11.6,11.602,11.588,11.601,434.43,5037.71222
2026-09-14 22:39:00,11.6,11.608,11.591,11.591,933.08,10827.59433
2026-09-14 22:40:00,11.591,11.597,11.589,11.595,1113.73,12910.8298
2026-09-14 22:41:00,11.596,11.597,11.594,11.596,228.11,2645.04498
2026-09-14 22:42:00,11.596,11.605,11.595,11.603,351.29,4075.02241
2026-09-14 22:43:00,11.603,11.607,11.6,11.601,577.82,6704.21234
2026-09-14 22:44:00,11.601,11.602,11.595,11.596,946.63,10979.24966
2026-09-14 22:45:00,11.596,11.596,11.594,11.596,149.49,1733.35627
2026-09-14 22:46:00,11.596,11.6,11.587,11.588,3434.94,39823.69946
2026-09-14 22:47:00,11.588,11.588,11.573,11.58,1275.64,14772.53369
2026-09-14 22:48:00,11.58,11.587,11.571,11.579,826.78,9574.78298
2026-09-14 22:49:00,11.579,11.584,11.57,11.581,2220.64,25707.62081
2026-09-14 22:50:00,11.581,11.587,11.581,11.586,94.92,1099.64536
2026-09-14 22:51:00,11.586,11.59,11.585,11.586,492.2,5702.70111
2026-09-14 22:52:00,11.586,11.586,11.578,11.578,574.52,6654.63348
2026-09-14 22:53:00,11.579,11.581,11.578,11.58,379.5,4394.58585
2026-09-14 22:54:00,11.58,11.58,11.575,11.576,198.71,2300.39889
2026-09-14 22:55:00,11.577,11.578,11.575,11.575,590.38,6834.32518
2026-09-14 22:56:00,11.576,11.577,11.568,11.568,444.36,5141.87319
2026-09-14 22:57:00,11.568,11.571,11.568,11.57,425.44,4922.33462
2026-09-14 22:58:00,11.57,11.572,11.57,11.57,183.1,2118.72579
2026-09-14 22:59:00,11.569,11.571,11.567,11.571,115.38,1334.65052
2026-09-14 23:00:00,11.571,11.585,11.566,11.577,2580.94,29877.9683
2026-09-14 23:01:00,11.576,11.576,11.568,11.568,543.56,6290.71874
2026-09-14 23:02:00,11.568,11.57,11.557,11.559,458.85,5304.64406
2026-09-14 23:03:00,11.559,11.559,11.551,11.558,559.52,6465.5326
2026-09-14 23:04:00,11.559,11.561,11.556,11.558,3603.9,41646.91901
2026-09-14 23:05:00,11.559,11.567,11.559,11.56,565.78,6542.86987
2026-09-14 23:06:00,11.559,11.559,11.541,11.541,3740.01,43192.90865
2026-09-14 23:07:00,11.541,11.555,11.54,11.553,3902.62,45069.46542
2026-09-14 23:08:00,11.552,11.552,11.55,11.55,31.43,363.03878
2026-09-14 23:09:00,11.549,11.552,11.548,11.552,322.65,3726.28844
2026-09-14 23:10:00,11.553,11.559,11.553,11.557,374.45,4327.83447
2026-09-14 23:11:00,11.556,11.556,11.554,11.554,79.36,917.0596
2026-09-14 23:12:00,11.553,11.56,11.553,11.56,368.94,4264.14791
2026-09-14 23:13:00,11.559,11.559,11.551,11.551,322.68,3728.52487
2026-09-14 23:14:00,11.55,11.553,11.548,11.549,228.73,2641.95606
2026-09-14 23:15:00,11.548,11.561,11.542,11.557,1673.07,19324.49778
2026-09-14 23:16:00,11.556,11.556,11.552,11.555,295.9,3418.97142
2026-09-14 23:17:00,11.555,11.555,11.548,11.55,259.11,2993.28494
2026-09-14 23:18:00,11.55,11.552,11.548,11.548,198.98,2298.32425
2026-09-14 23:19:00,11.547,11.554,11.542,11.543,1110.84,12828.51428
2026-09-14 23:20:00,11.543,11.547,11.543,11.547,190.7,2201.91843
2026-09-14 23:21:00,11.548,11.548,11.541,11.541,179.06,2067.05342
2026-09-14 23:22:00,11.542,11.55,11.542,11.55,459.48,5304.35495
2026-09-14 23:23:00,11.551,11.557,11.55,11.557,320.51,3702.37961
2026-09-14 23:24:00,11.557,11.565,11.556,11.565,519.28,6004.08449
2026-09-14 23:25:00,11.565,11.577,11.565,11.571,585.55,6776.2838
2026-09-14 23:26:00,11.57,11.571,11.567,11.571,3094.99,35811.86289
2026-09-14 23:27:00,11.571,11.571,11.552,11.558,1854.52,21446.966
2026-09-14 23:28:00,11.559,11.56,11.551,11.556,215.7,2492.29198
2026-09-14 23:29:00,11.556,11.557,11.548,11.548,1328.66,15349.64399
2026-09-14 23:30:00,11.547,11.547,11.534,11.534,1016.6,11732.98997
2026-09-14 23:31:00,11.534,11.538,11.532,11.532,1806.67,20841.31013
2026-09-14 23:32:00,11.532,11.538,11.531,11.537,1100.34,12691.355
2026-09-14 23:33:00,11.537,11.538,11.532,11.535,564.37,6509.90512
2026-09-14 23:34:00,11.536,11.536,11.532,11.534,117.32,1353.28401
2026-09-14 23:35:00,11.535,11.535,11.519,11.522,857.77,9886.00421
2026-09-14 23:36:00,11.522,11.524,11.521,11.521,145.88,1680.87976
2026-09-14 23:37:00,11.521,11.521,11.513,11.517,1097.51,12639.20018
2026-09-14 23:38:00,11.516,11.528,11.514,11.528,195.33,2249.76561
2026-09-14 23:39:00,11.528,11.537,11.528,11.53,330.54,3811.99116
2026-09-14 23:40:00,11.531,11.537,11.53,11.537,112.98,1303.07127
2026-09-14 23:41:00,11.537,11.54,11.535,11.536,132.46,1528.08707
2026-09-14 23:42:00,11.536,11.539,11.535,11.535,38.08,439.36491
2026-09-14 23:43:00,11.535,11.535,11.534,11.535,89.15,1028.33953
2026-09-14 23:44:00,11.536,11.536,11.53,11.531,536.1,6182.28572
2026-09-14 23:45:00,11.532,11.532,11.522,11.522,301.47,3475.44326
2026-09-14 23:46:00,11.522,11.527,11.522,11.527,25.47,293.54036
2026-09-14 23:47:00,11.527,11.527,11.518,11.52,129.56,1492.72955
2026-09-14 23:48:00,11.519,11.522,11.517,11.519,537.72,6193.47531
2026-09-14 23:49:00,11.52,11.524,11.518,11.519,532.54,6135.75516
2026-09-14 23:50:00,11.519,11.519,11.519,11.519,23.19,267.12561
2026-09-14 23:51:00,11.518,11.518,11.508,11.509,1180.05,13583.48213
2026-09-14 23:52:00,11.509,11.51,11.503,11.51,1664.02,19145.17763
2026-09-14 23:53:00,11.51,11.516,11.51,11.516,85.85,988.54647
2026-09-14 23:54:00,11.516,11.516,11.512,11.514,168.68,1942.26972
2026-09-14 23:55:00,11.514,11.514,11.513,11.514,142.22,1637.51957
2026-09-14 23:56:00,11.514,11.514,11.51,11.511,87.61,1008.58894
2026-09-14 23:57:00,11.51,11.512,11.51,11.512,170.16,1958.74545
2026-09-14 23:58:00,11.513,11.515,11.513,11.515,346.94,3994.5108
2026-09-14 23:59:00,11.515,11.52,11.512,11.518,360.08,4146.21855
2026-09-15 00:00:00,11.518,11.523,11.514,11.523,243.47,2804.30535
2026-09-15 00:01:00,11.524,11.53,11.521,11.526,2735.05,31524.15
2026-09-15 00:02:00,11.526,11.526,11.523,11.523,93.08,1072.70251
2026-09-15 00:03:00,11.523,11.523,11.516,11.522,694.35,7999.25438
2026-09-15 00:04:00,11.522,11.523,11.514,11.514,88.43,1018.715
2026-09-15 00:05:00,11.513,11.513,11.511,11.511,234.26,2696.90883
2026-09-15 00:06:00,11.51,11.516,11.509,11.511,491.17,5654.17476
2026-09-15 00:07:00,11.511,11.52,11.506,11.52,440.65,5072.62152
2026-09-15 00:08:00,11.52,11.527,11.52,11.527,140.53,1619.68709
2026-09-15 00:09:00,11.528,11.54,11.528,11.539,124.52,1436.23212
2026-09-15 00:10:00,11.539,11.539,11.532,11.537,717.05,8272.98845
2026-09-15 00:11:00,11.536,11.536,11.528,11.53,117.86,1358.96295
2026-09-15 00:12:00,11.53,11.533,11.528,11.528,234.11,2699.36113
2026-09-15 00:13:00,11.528,11.529,11.523,11.523,422.03,4864.68641
2026-09-15 00:14:00,11.524,11.526,11.524,11.526,157.44,1814.52394
2026-09-15 00:15:00,11.527,11.531,11.525,11.531,386.52,4455.06098
2026-09-15 00:16:00,11.531,11.531,11.527,11.527,1140.91,13153.63798
2026-09-15 00:17:00,11.526,11.526,11.516,11.522,2731.58,31467.8617
2026-09-15 00:18:00,11.521,11.523,11.521,11.522,19.88,229.04729
2026-09-15 00:19:00,11.522,11.524,11.52,11.52,264.32,3045.72774
2026-09-15 00:20:00,11.52,11.52,11.516,11.52,170.95,1969.16418
2026-09-15 00:21:00,11.52,11.522,11.517,11.522,563.88,6495.57778
2026-09-15 00:22:00,11.522,11.522,11.517,11.52,690.09,7948.73825
2026-09-15 00:23:00,11.521,11.543,11.521,11.537,1546.3,17831.92943
2026-09-15 00:24:00,11.537,11.537,11.525,11.525,154.34,1779.6741
2026-09-15 00:25:00,11.525,11.536,11.52,11.536,579.38,6677.83497
2026-09-15 00:26:00,11.536,11.539,11.534,11.539,240.19,2770.72477
2026-09-15 00:27:00,11.539,11.539,11.534,11.534,107.19,1236.71088
2026-09-15 00:28:00,11.534,11.54,11.533,11.54,3937.44,45431.71945
2026-09-15 00:29:00,11.538,11.538,11.536,11.536,86.66,999.7161
2026-09-15 00:30:00,11.537,11.541,11.537,11.54,154.52,1782.96191
2026-09-15 00:31:00,11.541,11.549,11.541,11.549,1045.41,12072.22653
2026-09-15 00:32:00,11.549,11.55,11.546,11.546,1266.3,14624.33873
2026-09-15 00:33:00,11.545,11.553,11.542,11.553,394.69,4556.8424
2026-09-15 00:34:00,11.554,11.565,11.554,11.565,208.4,2408.49531
2026-09-15 00:35:00,11.565,11.573,11.565,11.573,69.02,798.51636
2026-09-15 00:36:00,11.572,11.575,11.545,11.558,3486.62,40312.3535
2026-09-15 00:37:00,11.558,11.572,11.557,11.567,532.65,6160.17878
2026-09-15 00:38:00,11.566,11.567,11.563,11.563,206.81,2391.67241
2026-09-15 00:39:00,11.564,11.565,11.564,11.564,425.3,4918.3487
2026-09-15 00:40:00,11.564,11.564,11.552,11.552,649.5,7508.18162
2026-09-15 00:41:00,11.553,11.556,11.552,11.553,301.19,3480.01007
2026-09-15 00:42:00,11.552,11.552,11.539,11.539,211.08,2437.33335
2026-09-15 00:43:00,11.539,11.546,11.536,11.546,1380.85,15936.97073
2026-09-15 00:44:00,11.546,11.55,11.546,11.548,229.12,2646.08495
2026-09-15 00:45:00,11.548,11.559,11.548,11.558,181.42,2096.08676
2026-09-15 00:46:00,11.558,11.559,11.549,11.549,181.61,2098.67358
2026-09-15 00:47:00,11.548,11.548,11.536,11.537,682.82,7878.42692
2026-09-15 00:48:00,11.536,11.544,11.534,11.544,270.69,3122.9975
2026-09-15 00:49:00,11.545,11.556,11.545,11.556,249.43,2881.31781
2026-09-15 00:50:00,11.555,11.563,11.554,11.563,186.0,2149.61599
2026-09-15 00:51:00,11.563,11.571,11.563,11.571,372.17,4305.28373
2026-09-15 00:52:00,11.572,11.578,11.572,11.575,107.55,1245.06616
2026-09-15 00:53:00,11.575,11.58,11.575,11.579,242.2,2804.30295
2026-09-15 00:54:00,11.579,11.579,11.574,11.574,473.65,5483.9818
2026-09-15 00:55:00,11.574,11.577,11.571,11.577,254.34,2943.66421
2026-09-15 00:56:00,11.577,11.579,11.567,11.567,281.79,3261.8121
2026-09-15 00:57:00,11.566,11.566,11.557,11.56,437.07,5052.17008
2026-09-15 00:58:00,11.56,11.567,11.56,11.566,180.35,2085.48547
2026-09-15 00:59:00,11.567,11.569,11.567,11.569,76.96,890.27172
2026-09-15 01:00:00,11.569,11.574,11.561,11.562,632.64,7319.4287
2026-09-15 01:01:00,11.563,11.568,11.56,11.563,326.53,3776.103
2026-09-15 01:02:00,11.563,11.565,11.556,11.564,3902.72,45112.20812
2026-09-15 01:03:00,11.564,11.568,11.561,11.566,427.53,4943.67633
2026-09-15 01:04:00,11.566,11.576,11.566,11.57,497.46,5757.00698
2026-09-15 01:05:00,11.569,11.569,11.561,11.561,54.66,632.14379
2026-09-15 01:06:00,11.561,11.575,11.561,11.57,747.37,8644.78569
2026-09-15 01:07:00,11.569,11.571,11.561,11.561,398.06,4604.42831
2026-09-15 01:08:00,11.561,11.563,11.56,11.56,218.87,2530.42427
2026-09-15 01:09:00,11.56,11.56,11.546,11.546,438.65,5067.75749
2026-09-15 01:10:00,11.545,11.554,11.544,11.544,649.12,7495.51159
2026-09-15 01:11:00,11.544,11.561,11.544,11.56,1680.39,19400.40504
2026-09-15 01:12:00,11.561,11.564,11.559,11.563,242.08,2798.96117
2026-09-15 01:13:00,11.562,11.562,11.553,11.561,576.72,6665.60536
2026-09-15 01:14:00,11.562,11.563,11.557,11.558,108.86,1258.38161
2026-09-15 01:15:00,11.557,11.569,11.553,11.563,1638.05,18940.64277
2026-09-15 01:16:00,11.562,11.572,11.558,11.572,235.32,2721.49078
2026-09-15 01:17:00,11.572,11.575,11.561,11.572,984.42,11388.71996
2026-09-15 01:18:00,11.573,11.576,11.558,11.558,167.82,1941.42854
2026-09-15 01:19:00,11.558,11.569,11.558,11.567,545.7,6311.34723
2026-09-15 01:20:00,11.567,11.585,11.567,11.585,326.57,3780.79113
2026-09-15 01:21:00,11.584,11.584,11.57,11.577,1217.58,14096.13689
2026-09-15 01:22:00,11.577,11.597,11.577,11.597,1617.43,18738.9813
2026-09-15 01:23:00,11.596,11.596,11.594,11.595,195.45,2266.21335
2026-09-15 01:24:00,11.595,11.598,11.583,11.594,2066.76,23955.31078
2026-09-15 01:25:00,11.595,11.603,11.595,11.6,776.29,9005.83536
2026-09-15 01:26:00,11.599,11.599,11.588,11.59,571.91,6631.06921
2026-09-15 01:27:00,11.59,11.59,11.566,11.574,642.93,7439.58537
2026-09-15 01:28:00,11.573,11.573,11.55,11.55,254.61,2943.26948
2026-09-15 01:29:00,11.549,11.559,11.547,11.557,1071.62,12381.83453
2026-09-15 01:30:00,11.557,11.561,11.553,11.56,512.41,5922.15036
2026-09-15 01:31:00,11.559,11.589,11.558,11.585,4114.2,47619.63558
2026-09-15 01:32:00,11.586,11.594,11.585,11.586,333.65,3866.32063
2026-09-15 01:33:00,11.586,11.586,11.577,11.58,78.54,909.61851
2026-09-15 01:34:00,11.58,11.583,11.576,11.577,654.75,7582.65141
2026-09-15 01:35:00,11.576,11.577,11.572,11.577,59.78,691.89437
2026-09-15 01:36:00,11.578,11.58,11.575,11.575,581.75,6734.30989
2026-09-15 01:37:00,11.575,11.575,11.569,11.569,93.45,1081.413
2026-09-15 01:38:00,11.569,11.58,11.569,11.579,2204.14,25522.25688
2026-09-15 01:39:00,11.578,11.591,11.578,11.587,426.04,4937.03002
2026-09-15 01:40:00,11.587,11.587,11.58,11.586,927.58,10743.46366
2026-09-15 01:41:00,11.586,11.589,11.583,11.589,366.88,4250.90458
2026-09-15 01:42:00,11.588,11.588,11.585,11.585,239.49,2774.95289
2026-09-15 01:43:00,11.584,11.593,11.584,11.591,465.8,5397.94268
2026-09-15 01:44:00,11.59,11.595,11.587,11.591,2223.82,25780.83651
2026-09-15 01:45:00,11.59,11.59,11.569,11.582,5708.24,66098.24395
2026-09-15 01:46:00,11.583,11.588,11.582,11.587,443.29,5136.33769
2026-09-15 01:47:00,11.588,11.591,11.583,11.585,514.95,5965.99962
2026-09-15 01:48:00,11.585,11.6,11.584,11.596,6186.04,71730.68671
2026-09-15 01:49:00,11.596,11.612,11.596,11.612,1359.42,15777.27587
2026-09-15 01:50:00,11.612,11.614,11.607,11.607,474.22,5506.55324
2026-09-15 01:51:00,11.606,11.612,11.597,11.597,637.3,7396.89127
2026-09-15 01:52:00,11.596,11.6,11.594,11.6,355.14,4119.0057
2026-09-15 01:53:00,11.601,11.602,11.598,11.602,149.55,1734.84349
2026-09-15 01:54:00,11.601,11.612,11.597,11.606,1014.38,11771.41358
2026-09-15 01:55:00,11.605,11.608,11.603,11.608,97.04,1126.13951
2026-09-15 01:56:00,11.609,11.611,11.603,11.605,123.85,1437.53231
2026-09-15 01:57:00,11.604,11.604,11.587,11.591,1728.52,20033.37349
2026-09-15 01:58:00,11.59,11.594,11.587,11.591,434.15,5031.68137
2026-09-15 01:59:00,11.59,11.596,11.59,11.596,416.32,4825.91468
2026-09-15 02:00:00,11.596,11.601,11.593,11.599,158.45,1837.52636
2026-09-15 02:01:00,11.599,11.604,11.594,11.599,350.23,4061.82957
2026-09-15 02:02:00,11.6,11.61,11.6,11.607,271.59,3152.0928
2026-09-15 02:03:00,11.607,11.614,11.601,11.614,520.33,6039.54492
2026-09-15 02:04:00,11.614,11.622,11.609,11.614,2198.51,25538.7728
2026-09-15 02:05:00,11.613,11.618,11.609,11.61,1068.94,12413.81913
2026-09-15 02:06:00,11.61,11.611,11.598,11.598,134.94,1565.89742
2026-09-15 02:07:00,11.597,11.597,11.591,11.595,192.44,2231.20082
2026-09-15 02:08:00,11.594,11.601,11.594,11.601,804.65,9332.11832
2026-09-15 02:09:00,11.601,11.618,11.601,11.618,804.71,9342.32574
2026-09-15 02:10:00,11.619,11.619,11.613,11.615,473.33,5498.41182
2026-09-15 02:11:00,11.616,11.63,11.616,11.625,503.29,5851.15016
2026-09-15 02:12:00,11.626,11.629,11.621,11.621,449.25,5223.26254
2026-09-15 02:13:00,11.621,11.627,11.619,11.622,3037.51,35308.24166
2026-09-15 02:14:00,11.622,11.624,11.616,11.623,436.8,5075.47081
2026-09-15 02:15:00,11.624,11.625,11.616,11.62,190.79,2217.16228
2026-09-15 02:16:00,11.619,11.628,11.618,11.625,262.49,3050.55596
2026-09-15 02:17:00,11.625,11.628,11.625,11.628,127.38,1480.97218
2026-09-15 02:18:00,11.627,11.627,11.619,11.621,405.82,4716.49839
2026-09-15 02:19:00,11.621,11.621,11.616,11.618,334.62,3888.19543
2026-09-15 02:20:00,11.618,11.618,11.612,11.612,91.09,1057.97804
2026-09-15 02:21:00,11.611,11.618,11.61,11.611,381.68,4432.50675
2026-09-15 02:22:00,11.61,11.612,11.608,11.612,169.81,1971.51314
2026-09-15 02:23:00,11.613,11.622,11.613,11.616,778.87,9050.99338
2026-09-15 02:24:00,11.616,11.617,11.613,11.617,75.96,882.26684
2026-09-15 02:25:00,11.617,11.625,11.615,11.625,148.59,1726.45394
2026-09-15 02:26:00,11.626,11.627,11.622,11.627,1520.55,17676.66115
2026-09-15 02:27:00,11.627,11.627,11.623,11.623,148.38,1725.17175
2026-09-15 02:28:00,11.622,11.622,11.607,11.607,81.42,945.70094
2026-09-15 02:29:00,11.608,11.613,11.608,11.611,498.38,5786.84957
2026-09-15 02:30:00,11.61,11.61,11.598,11.604,696.57,8081.39412
2026-09-15 02:31:00,11.604,11.612,11.604,11.612,495.65,5753.55338
2026-09-15 02:32:00,11.611,11.615,11.611,11.611,88.16,1023.76673
2026-09-15 02:33:00,11.611,11.623,11.609,11.622,1446.83,16809.34015
2026-09-15 02:34:00,11.622,11.626,11.617,11.617,597.59,6945.86919
2026-09-15 02:35:00,11.616,11.617,11.609,11.61,932.16,10825.37146
2026-09-15 02:36:00,11.609,11.61,11.605,11.606,182.37,2116.99143
2026-09-15 02:37:00,11.606,11.606,11.601,11.601,54.48,632.14874
2026-09-15 02:38:00,11.603,11.603,11.589,11.592,2556.76,29652.42179
2026-09-15 02:39:00,11.592,11.602,11.591,11.602,276.14,3201.7092
2026-09-15 02:40:00,11.603,11.606,11.599,11.599,665.03,7716.03873
2026-09-15 02:41:00,11.599,11.605,11.598,11.602,589.15,6835.68499
2026-09-15 02:42:00,11.602,11.603,11.594,11.596,717.94,8327.54297
2026-09-15 02:43:00,11.596,11.612,11.596,11.61,1729.14,20058.21959
2026-09-15 02:44:00,11.61,11.61,11.604,11.604,85.92,997.20983
2026-09-15 02:45:00,11.604,11.611,11.602,11.609,253.73,2944.9322
2026-09-15 02:46:00,11.608,11.608,11.6,11.605,549.67,6378.17194
2026-09-15 02:47:00,11.605,11.605,11.594,11.595,460.83,5344.44738
2026-09-15 02:48:00,11.595,11.595,11.591,11.591,38.96,451.68099
2026-09-15 02:49:00,11.59,11.59,11.581,11.581,177.47,2056.082
2026-09-15 02:50:00,11.581,11.592,11.581,11.589,944.29,10941.12628
2026-09-15 02:51:00,11.589,11.592,11.577,11.58,1109.79,12856.48371
2026-09-15 02:52:00,11.581,11.583,11.581,11.583,149.77,1734.63237
2026-09-15 02:53:00,11.583,11.585,11.578,11.579,326.52,3782.44354
2026-09-15 02:54:00,11.58,11.58,11.574,11.578,3469.21,40166.13865
2026-09-15 02:55:00,11.579,11.589,11.578,11.589,2385.84,27632.07166
2026-09-15 02:56:00,11.588,11.589,11.564,11.58,4991.66,57779.95951
2026-09-15 02:57:00,11.579,11.579,11.57,11.571,220.7,2554.22027
2026-09-15 02:58:00,11.572,11.572,11.568,11.569,19.43,224.80066
2026-09-15 02:59:00,11.569,11.57,11.563,11.563,250.59,2898.84267
2026-09-15 03:00:00,11.562,11.562,11.55,11.553,289.52,3344.99522
2026-09-15 03:01:00,11.553,11.554,11.542,11.542,620.18,7160.50108
2026-09-15 03:02:00,11.542,11.542,11.525,11.528,2163.6,24952.50678
2026-09-15 03:03:00,11.528,11.54,11.518,11.535,4755.75,54821.8832
2026-09-15 03:04:00,11.536,11.547,11.531,11.537,1190.98,13744.56328
2026-09-15 03:05:00,11.538,11.544,11.536,11.536,477.83,5514.4921
2026-09-15 03:06:00,11.537,11.538,11.533,11.535,643.19,7419.64338
2026-09-15 03:07:00,11.535,11.544,11.529,11.541,541.24,6243.65547
2026-09-15 03:08:00,11.541,11.541,11.53,11.531,351.8,4058.61685
2026-09-15 03:09:00,11.531,11.531,11.519,11.519,287.06,3308.58444
2026-09-15 03:10:00,11.519,11.524,11.499,11.507,2597.73,29894.3222
2026-09-15 03:11:00,11.507,11.508,11.485,11.491,1256.36,14437.81291
2026-09-15 03:12:00,11.49,11.5,11.486,11.495,955.06,10979.83548
2026-09-15 03:13:00,11.496,11.503,11.491,11.494,364.23,4187.52417
2026-09-15 03:14:00,11.494,11.494,11.488,11.488,343.97,3952.43976
2026-09-15 03:15:00,11.489,11.489,11.457,11.462,2698.87,30969.32147
2026-09-15 03:16:00,11.461,11.469,11.461,11.462,731.94,8391.94165
2026-09-15 03:17:00,11.463,11.475,11.463,11.469,952.24,10923.23288
2026-09-15 03:18:00,11.47,11.482,11.469,11.482,393.98,4520.29383
2026-09-15 03:19:00,11.483,11.488,11.483,11.484,96.77,1111.50094
2026-09-15 03:20:00,11.484,11.492,11.481,11.492,485.07,5571.65463
2026-09-15 03:21:00,11.493,11.495,11.491,11.491,320.39,3682.20058
2026-09-15 03:22:00,11.49,11.492,11.487,11.492,201.88,2319.56459
2026-09-15 03:23:00,11.492,11.497,11.489,11.491,296.35,3406.08732
2026-09-15 03:24:00,11.49,11.49,11.483,11.484,180.39,2072.06465
2026-09-15 03:25:00,11.484,11.498,11.484,11.497,417.63,4799.68193
2026-09-15 03:26:00,11.496,11.496,11.491,11.493,407.08,4678.635
2026-09-15 03:27:00,11.494,11.501,11.494,11.499,73.8,848.58412
2026-09-15 03:28:00,11.499,11.501,11.499,11.501,11.71,134.66361
2026-09-15 03:29:00,11.502,11.507,11.502,11.507,300.42,3456.44956
2026-09-15 03:30:00,11.506,11.508,11.502,11.506,2923.94,33640.20357
2026-09-15 03:31:00,11.507,11.512,11.507,11.51,1614.65,18584.64825
2026-09-15 03:32:00,11.511,11.535,11.511,11.533,676.13,7797.10001
2026-09-15 03:33:00,11.533,11.54,11.533,11.54,198.3,2287.83459
2026-09-15 03:34:00,11.54,11.547,11.54,11.547,88.95,1026.87602
2026-09-15 03:35:00,11.548,11.559,11.548,11.557,1340.32,15488.91425
2026-09-15 03:36:00,11.556,11.558,11.547,11.547,1132.3,13084.58351
2026-09-15 03:37:00,11.546,11.551,11.544,11.549,1554.08,17947.41869
2026-09-15 03:38:00,11.549,11.555,11.549,11.555,2368.15,27360.72246
2026-09-15 03:39:00,11.555,11.555,11.536,11.536,217.89,2516.43317
2026-09-15 03:40:00,11.536,11.541,11.536,11.54,260.41,3004.73782
2026-09-15 03:41:00,11.54,11.543,11.54,11.542,354.81,4095.16066
2026-09-15 03:42:00,11.542,11.545,11.54,11.54,810.26,9350.59926
2026-09-15 03:43:00,11.54,11.54,11.534,11.535,2234.11,25780.8852
2026-09-15 03:44:00,11.535,11.544,11.535,11.541,650.44,7504.78897
2026-09-15 03:45:00,11.542,11.542,11.536,11.539,109.11,1258.93894
2026-09-15 03:46:00,11.54,11.549,11.539,11.544,909.37,10498.48741
2026-09-15 03:47:00,11.543,11.543,11.54,11.54,127.38,1470.04094
2026-09-15 03:48:00,11.539,11.539,11.532,11.532,158.21,1824.93419
2026-09-15 03:49:00,11.533,11.534,11.524,11.525,87.56,1009.41278
2026-09-15 03:50:00,11.525,11.525,11.519,11.519,409.33,4715.9432
2026-09-15 03:51:00,11.52,11.536,11.52,11.529,2504.61,28878.54348
2026-09-15 03:52:00,11.53,11.53,11.519,11.519,109.23,1258.75162
2026-09-15 03:53:00,11.52,11.52,11.517,11.52,590.35,6800.32434
2026-09-15 03:54:00,11.521,11.522,11.504,11.504,679.66,7829.94227
2026-09-15 03:55:00,11.504,11.506,11.501,11.506,516.31,5939.70426
2026-09-15 03:56:00,11.505,11.507,11.5,11.501,373.26,4293.92706
2026-09-15 03:57:00,11.501,11.502,11.499,11.502,62.4,717.65175
2026-09-15 03:58:00,11.502,11.505,11.502,11.502,120.1,1381.50329
2026-09-15 03:59:00,11.502,11.507,11.502,11.507,245.92,2829.19527
2026-09-15 04:00:00,11.507,11.514,11.5,11.507,812.32,9348.16708
2026-09-15 04:01:00,11.507,11.511,11.507,11.509,282.11,3246.90718
2026-09-15 04:02:00,11.509,11.514,11.509,11.509,180.61,2079.21509
2026-09-15 04:03:00,11.508,11.508,11.499,11.501,327.31,3764.76684
2026-09-15 04:04:00,11.501,11.513,11.501,11.512,374.91,4314.5881
2026-09-15 04:05:00,11.512,11.512,11.509,11.51,617.93,7112.14427
2026-09-15 04:06:00,11.51,11.512,11.509,11.511,420.66,4842.05702
2026-09-15 04:07:00,11.512,11.512,11.482,11.483,2482.64,28532.92868
2026-09-15 04:08:00,11.484,11.489,11.484,11.485,1017.22,11682.9232
2026-09-15 04:09:00,11.485,11.492,11.482,11.492,221.96,2549.50328
2026-09-15 04:10:00,11.492,11.492,11.483,11.489,206.75,2374.89452
2026-09-15 04:11:00,11.488,11.488,11.486,11.488,131.85,1514.59665
2026-09-15 04:12:00,11.487,11.487,11.48,11.483,412.9,4741.04582
2026-09-15 04:13:00,11.482,11.491,11.48,11.491,908.78,10435.24915
2026-09-15 04:14:00,11.491,11.491,11.482,11.482,450.93,5179.54787
2026-09-15 04:15:00,11.482,11.488,11.482,11.488,435.84,5004.77366
2026-09-15 04:16:00,11.487,11.49,11.485,11.49,459.01,5272.68913
2026-09-15 04:17:00,11.49,11.49,11.485,11.485,141.82,1629.02943
2026-09-15 04:18:00,11.485,11.491,11.485,11.49,399.75,4592.6638
2026-09-15 04:19:00,11.489,11.493,11.489,11.493,218.22,2507.50413
2026-09-15 04:20:00,11.494,11.5,11.493,11.5,1230.86,14148.82806
2026-09-15 04:21:00,11.499,11.502,11.495,11.495,412.98,4749.29875
2026-09-15 04:22:00,11.494,11.494,11.486,11.488,198.9,2285.08161
2026-09-15 04:23:00,11.487,11.487,11.481,11.485,935.83,10747.78954
2026-09-15 04:24:00,11.485,11.485,11.479,11.479,334.85,3844.6931
2026-09-15 04:25:00,11.48,11.48,11.469,11.469,637.78,7318.6915
2026-09-15 04:26:00,11.469,11.473,11.468,11.473,786.18,9017.64252
2026-09-15 04:27:00,11.472,11.473,11.469,11.47,108.56,1245.3377
2026-09-15 04:28:00,11.47,11.475,11.468,11.475,344.33,3949.22055
2026-09-15 04:29:00,11.474,11.474,11.456,11.463,2604.15,29857.33019
2026-09-15 04:30:00,11.464,11.468,11.463,11.466,379.21,4347.85634
2026-09-15 04:31:00,11.465,11.465,11.46,11.463,259.89,2979.10917
2026-09-15 04:32:00,11.464,11.466,11.459,11.46,951.01,10900.5611
2026-09-15 04:33:00,11.46,11.46,11.444,11.449,979.88,11220.78325
2026-09-15 04:34:00,11.45,11.463,11.447,11.459,3296.81,37755.64407
2026-09-15 04:35:00,11.459,11.46,11.448,11.45,556.49,6375.9056
2026-09-15 04:36:00,11.451,11.454,11.45,11.451,602.03,6894.44536
2026-09-15 04:37:00,11.45,11.45,11.433,11.435,1282.09,14664.0714
2026-09-15 04:38:00,11.435,11.447,11.434,11.445,3146.03,36002.73994
2026-09-15 04:39:00,11.444,11.454,11.437,11.446,3042.12,34811.93223
2026-09-15 04:40:00,11.446,11.45,11.446,11.446,296.02,3388.65191
2026-09-15 04:41:00,11.446,11.456,11.444,11.454,385.16,4409.76827
2026-09-15 04:42:00,11.455,11.464,11.455,11.463,321.25,3682.04993
2026-09-15 04:43:00,11.464,11.464,11.459,11.459,622.31,7133.10218
2026-09-15 04:44:00,11.459,11.461,11.458,11.459,97.96,1122.56651
2026-09-15 04:45:00,11.459,11.459,11.452,11.452,402.26,4608.36257
2026-09-15 04:46:00,11.452,11.465,11.451,11.46,1781.57,20416.81332
2026-09-15 04:47:00,11.46,11.461,11.457,11.461,577.15,6613.84243
2026-09-15 04:48:00,11.461,11.465,11.46,11.462,300.0,3438.90322
2026-09-15 04:49:00,11.463,11.465,11.458,11.458,650.33,7454.20686
2026-09-15 04:50:00,11.458,11.461,11.454,11.454,655.55,7511.23978
2026-09-15 04:51:00,11.454,11.454,11.451,11.451,154.72,1771.98603
2026-09-15 04:52:00,11.452,11.453,11.45,11.452,278.77,3192.43087
2026-09-15 04:53:00,11.451,11.452,11.448,11.452,326.36,3736.75546
2026-09-15 04:54:00,11.453,11.462,11.453,11.459,362.85,4157.76318
2026-09-15 04:55:00,11.458,11.458,11.454,11.455,65.98,755.9069
2026-09-15 04:56:00,11.455,11.455,11.454,11.455,249.79,2861.19981
2026-09-15 04:57:00,11.454,11.458,11.454,11.456,74.42,852.55666
2026-09-15 04:58:00,11.456,11.461,11.456,11.458,1100.05,12606.11225
2026-09-15 04:59:00,11.458,11.459,11.453,11.453,177.87,2037.93674
2026-09-15 05:00:00,11.452,11.459,11.451,11.459,188.12,2154.61647
2026-09-15 05:01:00,11.459,11.461,11.457,11.461,127.66,1462.78013
2026-09-15 05:02:00,11.461,11.463,11.459,11.462,687.05,7874.27136
2026-09-15 05:03:00,11.461,11.461,11.456,11.456,305.13,3496.28021
2026-09-15 05:04:00,11.455,11.455,11.454,11.455,127.49,1460.32915
2026-09-15 05:05:00,11.456,11.46,11.456,11.46,928.35,10638.0443
2026-09-15 05:06:00,11.459,11.459,11.453,11.453,98.99,1134.18702
2026-09-15 05:07:00,11.453,11.453,11.443,11.445,1551.97,17770.43453
2026-09-15 05:08:00,11.445,11.45,11.442,11.446,433.73,4964.64247
2026-09-15 05:09:00,11.445,11.445,11.437,11.437,201.23,2302.439
2026-09-15 05:10:00,11.437,11.437,11.391,11.403,11346.95,129386.63373
2026-09-15 05:11:00,11.404,11.427,11.404,11.42,3027.23,34573.87731
2026-09-15 05:12:00,11.42,11.42,11.408,11.414,468.16,5343.13042
2026-09-15 05:13:00,11.414,11.414,11.4,11.4,1092.03,12455.41074
2026-09-15 05:14:00,11.4,11.417,11.392,11.417,5828.84,66446.60299
2026-09-15 05:15:00,11.417,11.418,11.41,11.418,327.66,3739.90637
2026-09-15 05:16:00,11.418,11.418,11.406,11.411,452.34,5161.63019
2026-09-15 05:17:00,11.41,11.411,11.391,11.394,4220.36,48140.13135
2026-09-15 05:18:00,11.394,11.405,11.39,11.4,5790.47,65987.50656
2026-09-15 05:19:00,11.401,11.407,11.396,11.401,2585.68,29476.98769
2026-09-15 05:20:00,11.402,11.413,11.401,11.412,1605.04,18311.27953
2026-09-15 05:21:00,11.413,11.422,11.413,11.414,477.82,5456.39203
2026-09-15 05:22:00,11.413,11.413,11.402,11.405,426.61,4865.26028
2026-09-15 05:23:00,11.405,11.405,11.4,11.4,88.76,1012.13983
2026-09-15 05:24:00,11.4,11.409,11.399,11.403,1126.05,12840.24501
2026-09-15 05:25:00,11.402,11.407,11.401,11.407,596.53,6801.33752
2026-09-15 05:26:00,11.406,11.417,11.406,11.417,390.33,4452.56461
2026-09-15 05:27:00,11.418,11.421,11.418,11.421,213.87,2442.21886
2026-09-15 05:28:00,11.422,11.425,11.422,11.425,233.48,2667.36099
2026-09-15 05:29:00,11.425,11.429,11.423,11.423,115.6,1320.8162
2026-09-15 05:30:00,11.422,11.425,11.418,11.422,254.87,2911.01423
2026-09-15 05:31:00,11.421,11.421,11.411,11.412,986.34,11258.38185
2026-09-15 05:32:00,11.412,11.416,11.41,11.416,254.95,2909.65992
2026-09-15 05:33:00,11.416,11.424,11.412,11.422,188.07,2147.53622
2026-09-15 05:34:00,11.421,11.421,11.415,11.42,176.51,2015.44701
2026-09-15 05:35:00,11.42,11.42,11.416,11.419,211.3,2412.71943
2026-09-15 05:36:00,11.419,11.419,11.412,11.413,589.04,6722.82394
2026-09-15 05:37:00,11.413,11.415,11.41,11.411,202.08,2306.15226
2026-09-15 05:38:00,11.411,11.413,11.408,11.409,122.44,1397.23943
2026-09-15 05:39:00,11.41,11.419,11.41,11.419,56.22,641.73231
2026-09-15 05:40:00,11.42,11.43,11.42,11.428,869.83,9936.20709
2026-09-15 05:41:00,11.427,11.431,11.422,11.431,627.88,7174.08344
2026-09-15 05:42:00,11.432,11.441,11.432,11.44,131.58,1504.80307
2026-09-15 05:43:00,11.439,11.439,11.431,11.432,176.23,2014.80192
2026-09-15 05:44:00,11.433,11.443,11.433,11.443,498.12,5699.27132
2026-09-15 05:45:00,11.443,11.448,11.443,11.448,178.15,2039.07978
2026-09-15 05:46:00,11.449,11.453,11.449,11.452,894.53,10242.64312
2026-09-15 05:47:00,11.453,11.453,11.45,11.451,684.8,7842.29547
2026-09-15 05:48:00,11.451,11.454,11.451,11.454,81.66,935.13408
2026-09-15 05:49:00,11.455,11.47,11.455,11.46,2448.11,28070.5167
2026-09-15 05:50:00,11.46,11.466,11.459,11.466,128.01,1467.20983
2026-09-15 05:51:00,11.467,11.478,11.467,11.472,581.51,6672.29631
2026-09-15 05:52:00,11.473,11.482,11.473,11.48,319.28,3664.97436
2026-09-15 05:53:00,11.481,11.488,11.481,11.488,148.74,1708.20736
2026-09-15 05:54:00,11.489,11.495,11.489,11.495,247.66,2846.57394
2026-09-15 05:55:00,11.496,11.496,11.491,11.495,568.74,6536.53173
2026-09-15 05:56:00,11.496,11.5,11.493,11.5,382.89,4401.2883
2026-09-15 05:57:00,11.5,11.509,11.498,11.505,1684.96,19383.05581
2026-09-15 05:58:00,11.504,11.504,11.491,11.496,2199.45,25291.87207
2026-09-15 05:59:00,11.495,11.496,11.486,11.487,1103.67,12683.70596
2026-09-15 06:00:00,11.488,11.497,11.488,11.495,855.87,9837.6545
2026-09-15 06:01:00,11.495,11.503,11.495,11.503,379.36,4363.07256
2026-09-15 06:02:00,11.504,11.512,11.504,11.509,548.34,6310.79276
2026-09-15 06:03:00,11.509,11.513,11.506,11.513,269.73,3103.93412
2026-09-15 06:04:00,11.513,11.514,11.512,11.514,79.03,909.82562
2026-09-15 06:05:00,11.514,11.514,11.503,11.503,154.87,1782.36878
2026-09-15 06:06:00,11.503,11.503,11.497,11.497,149.39,1717.95103
2026-09-15 06:07:00,11.497,11.497,11.493,11.494,223.65,2570.68986
2026-09-15 06:08:00,11.494,11.494,11.488,11.49,118.07,1356.76726
2026-09-15 06:09:00,11.49,11.49,11.484,11.484,369.75,4246.96955
2026-09-15 06:10:00,11.483,11.484,11.481,11.482,118.19,1357.08128
2026-09-15 06:11:00,11.481,11.481,11.473,11.474,1013.43,11633.7031
2026-09-15 06:12:00,11.475,11.479,11.475,11.475,75.71,868.88676
2026-09-15 06:13:00,11.475,11.477,11.47,11.47,322.32,3698.23134
2026-09-15 06:14:00,11.469,11.471,11.468,11.471,273.41,3135.70548
2026-09-15 06:15:00,11.47,11.471,11.468,11.47,479.84,5503.05765
2026-09-15 06:16:00,11.469,11.472,11.468,11.472,67.06,769.16146
2026-09-15 06:17:00,11.473,11.476,11.473,11.476,91.74,1052.66927
2026-09-15 06:18:00,11.476,11.476,11.474,11.474,21.64,248.32556
2026-09-15 06:19:00,11.474,11.474,11.465,11.465,275.36,3158.43379
2026-09-15 06:20:00,11.465,11.465,11.452,11.452,534.74,6126.37548
2026-09-15 06:21:00,11.453,11.458,11.45,11.45,3036.74,34782.52598
2026-09-15 06:22:00,11.451,11.453,11.448,11.45,920.49,10540.08159
2026-09-15 06:23:00,11.45,11.452,11.449,11.451,656.44,7516.96096
2026-09-15 06:24:00,11.45,11.45,11.447,11.45,3038.82,34792.88584
2026-09-15 06:25:00,11.451,11.451,11.441,11.45,4050.11,46365.4629
2026-09-15 06:26:00,11.45,11.45,11.443,11.445,5770.74,66073.30871
2026-09-15 06:27:00,11.444,11.444,11.438,11.438,342.66,3920.23363
2026-09-15 06:28:00,11.438,11.439,11.429,11.43,919.04,10505.01094
2026-09-15 06:29:00,11.43,11.436,11.43,11.435,967.96,11066.00107
2026-09-15 06:30:00,11.434,11.438,11.43,11.43,214.14,2448.55745
2026-09-15 06:31:00,11.43,11.434,11.428,11.433,288.03,3292.56708
2026-09-15 06:32:00,11.432,11.444,11.429,11.441,1502.23,17180.48713
2026-09-15 06:33:00,11.44,11.44,11.435,11.435,239.66,2741.01321
2026-09-15 06:34:00,11.435,11.443,11.435,11.443,89.3,1021.48344
2026-09-15 06:35:00,11.443,11.444,11.44,11.441,170.29,1948.43589
2026-09-15 06:36:00,11.44,11.442,11.437,11.442,51.8,592.56701
2026-09-15 06:37:00,11.443,11.45,11.443,11.45,325.04,3721.38254
2026-09-15 06:38:00,11.449,11.45,11.449,11.45,13.63,156.0626
2026-09-15 06:39:00,11.45,11.45,11.436,11.439,1348.02,15426.70178
2026-09-15 06:40:00,11.438,11.438,11.436,11.436,73.3,838.34269
2026-09-15 06:41:00,11.436,11.442,11.436,11.441,2037.22,23302.5837
2026-09-15 06:42:00,11.44,11.442,11.439,11.439,150.05,1716.57388
2026-09-15 06:43:00,11.44,11.442,11.429,11.429,645.04,7377.21338
2026-09-15 06:44:00,11.429,11.441,11.427,11.439,2664.15,30466.75761
2026-09-15 06:45:00,11.439,11.446,11.435,11.435,2435.42,27863.46051
2026-09-15 06:46:00,11.434,11.434,11.423,11.429,2741.65,31329.23566
2026-09-15 06:47:00,11.428,11.428,11.425,11.425,111.6,1275.28242
2026-09-15 06:48:00,11.424,11.424,11.415,11.416,348.45,3979.53581
2026-09-15 06:49:00,11.416,11.417,11.414,11.416,935.63,10680.36079
2026-09-15 06:50:00,11.417,11.422,11.411,11.412,2526.54,28847.02488
2026-09-15 06:51:00,11.411,11.416,11.41,11.413,138.99,1586.17244
2026-09-15 06:52:00,11.413,11.413,11.402,11.406,184.89,2109.01428
2026-09-15 06:53:00,11.406,11.407,11.386,11.395,2626.14,29921.92006
2026-09-15 06:54:00,11.395,11.398,11.392,11.395,3555.0,40509.05914
2026-09-15 06:55:00,11.394,11.394,11.379,11.383,2233.82,25432.23915
2026-09-15 06:56:00,11.384,11.399,11.376,11.399,5105.96,58147.34261
2026-09-15 06:57:00,11.399,11.408,11.399,11.408,380.55,4340.41054
2026-09-15 06:58:00,11.408,11.412,11.407,11.41,658.48,7513.48424
2026-09-15 06:59:00,11.41,11.415,11.409,11.415,38.66,441.19324
2026-09-15 07:00:00,11.416,11.42,11.416,11.42,305.82,3492.14736
2026-09-15 07:01:00,11.419,11.419,11.414,11.419,799.98,9132.98405
2026-09-15 07:02:00,11.42,11.422,11.404,11.408,4987.44,56923.40102
2026-09-15 07:03:00,11.408,11.413,11.404,11.413,683.24,7794.16358
2026-09-15 07:04:00,11.414,11.422,11.414,11.42,414.54,4734.49977
2026-09-15 07:05:00,11.421,11.423,11.41,11.41,277.22,3165.02689
2026-09-15 07:06:00,11.409,11.412,11.409,11.412,833.05,9505.61813
2026-09-15 07:07:00,11.411,11.411,11.398,11.399,680.14,7753.7631
2026-09-15 07:08:00,11.399,11.401,11.397,11.4,204.55,2331.91902
2026-09-15 07:09:00,11.4,11.409,11.397,11.409,681.13,7766.74904
2026-09-15 07:10:00,11.41,11.411,11.403,11.403,491.2,5604.13042
2026-09-15 07:11:00,11.403,11.404,11.4,11.4,55.11,628.36136
2026-09-15 07:12:00,11.4,11.4,11.396,11.396,494.69,5638.93732
2026-09-15 07:13:00,11.395,11.416,11.394,11.413,4761.97,54330.62102
2026-09-15 07:14:00,11.412,11.412,11.406,11.411,220.6,2516.90822
2026-09-15 07:15:00,11.41,11.417,11.408,11.417,1047.96,11958.1221
2026-09-15 07:16:00,11.418,11.418,11.408,11.408,823.88,9403.35301
2026-09-15 07:17:00,11.407,11.409,11.398,11.409,1370.1,15619.89605
2026-09-15 07:18:00,11.409,11.424,11.409,11.421,722.43,8248.00702
2026-09-15 07:19:00,11.422,11.424,11.421,11.424,401.94,4590.96286
2026-09-15 07:20:00,11.424,11.437,11.424,11.437,1212.18,13852.81912
2026-09-15 07:21:00,11.438,11.439,11.416,11.418,3854.45,44061.28738
2026-09-15 07:22:00,11.418,11.424,11.418,11.419,599.39,6845.027
2026-09-15 07:23:00,11.418,11.428,11.417,11.428,346.62,3958.95937
2026-09-15 07:24:00,11.428,11.43,11.426,11.43,99.26,1134.30383
2026-09-15 07:25:00,11.43,11.435,11.427,11.427,239.43,2737.12335
2026-09-15 07:26:00,11.426,11.426,11.425,11.425,251.44,2872.75298
2026-09-15 07:27:00,11.426,11.428,11.418,11.42,880.53,10058.83506
2026-09-15 07:28:00,11.42,11.421,11.419,11.421,58.39,666.81528
2026-09-15 07:29:00,11.42,11.42,11.41,11.41,1441.93,16458.17297
2026-09-15 07:30:00,11.409,11.411,11.407,11.407,378.42,4317.27255
2026-09-15 07:31:00,11.407,11.407,11.397,11.398,1339.52,15269.47085
2026-09-15 07:32:00,11.398,11.398,11.383,11.386,946.28,10778.7775
2026-09-15 07:33:00,11.386,11.386,11.379,11.381,490.11,5579.36568
2026-09-15 07:34:00,11.381,11.381,11.369,11.369,608.56,6923.3675
2026-09-15 07:35:00,11.369,11.401,11.36,11.399,10588.98,120545.05683
2026-09-15 07:36:00,11.398,11.398,11.388,11.398,321.03,3657.57502
2026-09-15 07:37:00,11.398,11.398,11.393,11.394,951.87,10846.72704
2026-09-15 07:38:00,11.393,11.394,11.382,11.386,1259.45,14344.70612
2026-09-15 07:39:00,11.387,11.388,11.38,11.38,547.55,6233.5916
2026-09-15 07:40:00,11.38,11.385,11.38,11.383,1046.37,11910.82499
2026-09-15 07:41:00,11.383,11.384,11.37,11.37,648.99,7384.28521
2026-09-15 07:42:00,11.371,11.375,11.367,11.375,151.95,1727.77844
2026-09-15 07:43:00,11.375,11.376,11.37,11.37,409.6,4658.58568
2026-09-15 07:44:00,11.37,11.373,11.367,11.373,1185.47,13479.25632
2026-09-15 07:45:00,11.374,11.378,11.364,11.372,4010.69,45607.38878
2026-09-15 07:46:00,11.372,11.374,11.368,11.37,1215.88,13826.9442
2026-09-15 07:47:00,11.371,11.379,11.371,11.376,2651.5,30164.34642
2026-09-15 07:48:00,11.376,11.376,11.366,11.372,667.43,7589.68488
2026-09-15 07:49:00,11.372,11.372,11.367,11.368,469.72,5340.98623
2026-09-15 07:50:00,11.368,11.368,11.356,11.359,971.31,11035.82818
2026-09-15 07:51:00,11.36,11.361,11.35,11.353,1830.51,20784.09346
2026-09-15 07:52:00,11.353,11.353,11.343,11.347,4153.22,47119.68993
2026-09-15 07:53:00,11.348,11.348,11.339,11.339,632.77,7176.86928
2026-09-15 07:54:00,11.339,11.342,11.336,11.337,1140.25,12929.09662
2026-09-15 07:55:00,11.337,11.337,11.335,11.337,364.77,4134.86011
2026-09-15 07:56:00,11.337,11.337,11.328,11.334,2362.07,26768.42028
2026-09-15 07:57:00,11.335,11.336,11.33,11.335,151.51,1717.10348
2026-09-15 07:58:00,11.335,11.342,11.333,11.339,2844.06,32236.25817
2026-09-15 07:59:00,11.339,11.345,11.339,11.343,1947.92,22096.75396
2026-09-15 08:00:00,11.342,11.345,11.331,11.332,2305.76,26138.49222
2026-09-15 08:01:00,11.332,11.332,11.326,11.33,539.46,6111.93189
2026-09-15 08:02:00,11.33,11.33,11.32,11.32,970.69,10993.80201
2026-09-15 08:03:00,11.321,11.344,11.317,11.326,4151.19,47048.76593
2026-09-15 08:04:00,11.326,11.326,11.32,11.32,559.82,6338.04707
2026-09-15 08:05:00,11.321,11.324,11.32,11.324,1177.59,13332.53466
2026-09-15 08:06:00,11.325,11.326,11.317,11.318,843.64,9551.78935
2026-09-15 08:07:00,11.318,11.319,11.314,11.314,830.35,9396.60037
2026-09-15 08:08:00,11.314,11.314,11.304,11.306,1231.91,13930.30626
2026-09-15 08:09:00,11.306,11.315,11.306,11.315,1706.78,19304.80611
2026-09-15 08:10:00,11.314,11.315,11.309,11.313,644.71,7293.88259
2026-09-15 08:11:00,11.313,11.327,11.309,11.322,3636.14,41152.74757
2026-09-15 08:12:00,11.322,11.332,11.319,11.332,448.46,5078.94169
2026-09-15 08:13:00,11.333,11.349,11.333,11.349,619.73,7029.09575
2026-09-15 08:14:00,11.348,11.358,11.347,11.358,725.91,8238.21951
2026-09-15 08:15:00,11.358,11.37,11.355,11.356,2588.74,29424.06432
2026-09-15 08:16:00,11.356,11.356,11.342,11.342,395.47,4488.22472
2026-09-15 08:17:00,11.341,11.35,11.336,11.348,2356.84,26732.21613
2026-09-15 08:18:00,11.348,11.362,11.348,11.362,59.48,675.34586
2026-09-15 08:19:00,11.363,11.364,11.361,11.364,140.75,1599.24308
2026-09-15 08:20:00,11.365,11.383,11.365,11.372,4166.81,47388.46283
2026-09-15 08:21:00,11.371,11.371,11.36,11.363,207.34,2356.52748
2026-09-15 08:22:00,11.364,11.383,11.364,11.383,884.9,10059.46491
2026-09-15 08:23:00,11.383,11.387,11.381,11.384,553.48,6301.11325
2026-09-15 08:24:00,11.384,11.385,11.383,11.384,565.28,6435.44996
2026-09-15 08:25:00,11.384,11.384,11.374,11.378,333.17,3791.40496
2026-09-15 08:26:00,11.378,11.382,11.378,11.38,778.39,8858.22164
2026-09-15 08:27:00,11.379,11.381,11.378,11.378,188.07,2140.03771
2026-09-15 08:28:00,11.378,11.378,11.366,11.371,1377.48,15665.09157
2026-09-15 08:29:00,11.371,11.371,11.369,11.37,348.75,3965.25157
2026-09-15 08:30:00,11.37,11.384,11.363,11.374,2244.74,25529.02023
2026-09-15 08:31:00,11.373,11.378,11.371,11.378,219.41,2495.80009
2026-09-15 08:32:00,11.378,11.379,11.374,11.378,204.64,2328.16456
2026-09-15 08:33:00,11.378,11.381,11.377,11.379,204.99,2332.5751
2026-09-15 08:34:00,11.38,11.38,11.378,11.379,278.53,3169.5435
2026-09-15 08:35:00,11.379,11.38,11.377,11.38,77.43,881.05878
2026-09-15 08:36:00,11.379,11.381,11.379,11.38,20.95,238.41045
2026-09-15 08:37:00,11.38,11.38,11.378,11.378,149.14,1697.15706
2026-09-15 08:38:00,11.379,11.382,11.379,11.38,73.96,841.70395
2026-09-15 08:39:00,11.38,11.381,11.38,11.38,222.73,2534.78415
2026-09-15 08:40:00,11.38,11.38,11.377,11.379,950.79,10818.18093
2026-09-15 08:41:00,11.379,11.384,11.379,11.379,916.86,10435.89247
2026-09-15 08:42:00,11.379,11.384,11.377,11.384,723.29,8230.69289
2026-09-15 08:43:00,11.384,11.389,11.384,11.389,180.22,2052.03024
2026-09-15 08:44:00,11.389,11.389,11.382,11.382,348.59,3968.99763
2026-09-15 08:45:00,11.382,11.387,11.382,11.383,348.88,3971.51047
2026-09-15 08:46:00,11.384,11.4,11.384,11.394,1518.17,17297.58737
2026-09-15 08:47:00,11.394,11.394,11.391,11.394,576.43,6566.79051
2026-09-15 08:48:00,11.394,11.399,11.394,11.397,684.73,7803.86672
2026-09-15 08:49:00,11.397,11.401,11.382,11.383,2867.53,32657.7388
2026-09-15 08:50:00,11.383,11.388,11.374,11.388,1990.68,22654.84635
2026-09-15 08:51:00,11.387,11.387,11.381,11.381,461.57,5255.07715
2026-09-15 08:52:00,11.38,11.383,11.378,11.382,986.88,11230.84898
2026-09-15 08:53:00,11.383,11.394,11.383,11.393,416.51,4744.31435
2026-09-15 08:54:00,11.392,11.392,11.389,11.392,122.94,1400.39217
2026-09-15 08:55:00,11.393,11.396,11.393,11.396,131.8,1501.8041
2026-09-15 08:56:00,11.397,11.406,11.397,11.404,389.91,4446.50273
2026-09-15 08:57:00,11.403,11.404,11.402,11.404,98.61,1124.48713
2026-09-15 08:58:00,11.404,11.405,11.404,11.404,90.19,1028.58683
2026-09-15 08:59:00,11.404,11.409,11.404,11.408,71.64,817.23924
2026-09-15 09:00:00,11.407,11.407,11.4,11.4,287.22,3275.56961
2026-09-15 09:01:00,11.399,11.399,11.397,11.397,83.95,956.90187
2026-09-15 09:02:00,11.397,11.397,11.386,11.386,297.89,3393.46018
2026-09-15 09:03:00,11.386,11.389,11.385,11.388,97.83,1114.05785
2026-09-15 09:04:00,11.387,11.39,11.383,11.384,288.52,3285.55034
2026-09-15 09:05:00,11.385,11.387,11.383,11.384,172.59,1964.74581
2026-09-15 09:06:00,11.384,11.384,11.381,11.381,139.91,1592.43152
2026-09-15 09:07:00,11.381,11.381,11.378,11.378,153.45,1746.18578
2026-09-15 09:08:00,11.377,11.378,11.374,11.375,949.0,10795.43066
2026-09-15 09:09:00,11.374,11.385,11.374,11.382,618.05,7031.88105
2026-09-15 09:10:00,11.382,11.382,11.374,11.374,130.52,1485.21248
2026-09-15 09:11:00,11.375,11.375,11.372,11.374,166.71,1896.18189
2026-09-15 09:12:00,11.374,11.379,11.374,11.378,213.28,2426.23083
2026-09-15 09:13:00,11.378,11.378,11.372,11.372,271.92,3093.0854
2026-09-15 09:14:00,11.373,11.377,11.373,11.377,251.53,2861.01148
2026-09-15 09:15:00,11.377,11.382,11.373,11.382,133.06,1513.69914
2026-09-15 09:16:00,11.381,11.382,11.38,11.381,131.17,1492.86037
2026-09-15 09:17:00,11.381,11.381,11.376,11.378,226.92,2581.93982
2026-09-15 09:18:00,11.378,11.378,11.372,11.372,70.32,799.96059
2026-09-15 09:19:00,11.371,11.371,11.367,11.368,37.75,429.15816
2026-09-15 09:20:00,11.369,11.372,11.369,11.37,388.72,4420.39191
2026-09-15 09:21:00,11.371,11.376,11.371,11.376,343.31,3904.86568
2026-09-15 09:22:00,11.377,11.377,11.376,11.377,30.19,343.45001
2026-09-15 09:23:00,11.377,11.383,11.374,11.374,491.17,5588.72272
2026-09-15 09:24:00,11.374,11.376,11.374,11.375,52.3,594.93859
2026-09-15 09:25:00,11.374,11.374,11.373,11.373,66.01,750.79716
2026-09-15 09:26:00,11.373,11.378,11.373,11.377,116.05,1319.98823
2026-09-15 09:27:00,11.377,11.378,11.377,11.378,60.98,693.81769
2026-09-15 09:28:00,11.377,11.378,11.376,11.376,110.52,1257.38273
2026-09-15 09:29:00,11.376,11.389,11.376,11.385,3553.42,40446.82592
2026-09-15 09:30:00,11.384,11.387,11.384,11.387,442.13,5034.34631
2026-09-15 09:31:00,11.388,11.397,11.388,11.397,363.34,4139.72253
2026-09-15 09:32:00,11.396,11.396,11.394,11.396,134.14,1528.59103
2026-09-15 09:33:00,11.396,11.396,11.39,11.39,232.47,2648.68102
2026-09-15 09:34:00,11.39,11.408,11.39,11.408,173.68,1979.57298
2026-09-15 09:35:00,11.409,11.412,11.403,11.408,690.01,7870.33613
2026-09-15 09:36:00,11.408,11.408,11.385,11.396,1825.12,20798.64962
2026-09-15 09:37:00,11.396,11.396,11.393,11.393,42.61,485.50331
2026-09-15 09:38:00,11.392,11.396,11.388,11.396,669.1,7623.19714
2026-09-15 09:39:00,11.396,11.397,11.396,11.397,76.12,867.5246
2026-09-15 09:40:00,11.397,11.397,11.391,11.392,89.55,1020.29503
2026-09-15 09:41:00,11.392,11.392,11.385,11.385,274.16,3122.19504
2026-09-15 09:42:00,11.385,11.385,11.379,11.38,504.49,5742.30475
2026-09-15 09:43:00,11.38,11.38,11.376,11.377,379.72,4320.07036
2026-09-15 09:44:00,11.377,11.395,11.374,11.395,4540.22,51683.74546
2026-09-15 09:45:00,11.395,11.399,11.395,11.398,587.58,6697.31325
2026-09-15 09:46:00,11.399,11.403,11.393,11.393,1630.21,18582.67468
2026-09-15 09:47:00,11.393,11.4,11.393,11.399,888.68,10127.87772
2026-09-15 09:48:00,11.4,11.414,11.4,11.414,395.64,4513.12133
2026-09-15 09:49:00,11.414,11.419,11.413,11.419,420.08,4794.84313
2026-09-15 09:50:00,11.419,11.419,11.41,11.414,556.0,6346.91665
2026-09-15 09:51:00,11.414,11.419,11.414,11.418,304.23,3473.12269
2026-09-15 09:52:00,11.418,11.421,11.418,11.42,193.32,2207.64756
2026-09-15 09:53:00,11.421,11.424,11.421,11.424,86.08,983.23053
2026-09-15 09:54:00,11.424,11.428,11.424,11.427,88.09,1006.47922
2026-09-15 09:55:00,11.427,11.427,11.404,11.408,4231.41,48298.55227
2026-09-15 09:56:00,11.409,11.411,11.409,11.411,106.3,1212.90304
2026-09-15 09:57:00,11.41,11.41,11.394,11.394,206.41,2353.70456
2026-09-15 09:58:00,11.394,11.395,11.387,11.387,54.92,625.55474
2026-09-15 09:59:00,11.388,11.389,11.384,11.389,298.52,3399.01953
2026-09-15 10:00:00,11.389,11.395,11.389,11.395,286.48,3263.27865
2026-09-15 10:01:00,11.395,11.395,11.383,11.385,477.05,5432.66171
2026-09-15 10:02:00,11.385,11.387,11.379,11.38,200.12,2278.21103
2026-09-15 10:03:00,11.38,11.404,11.375,11.404,5127.98,58391.36094
2026-09-15 10:04:00,11.404,11.404,11.389,11.389,469.78,5353.9739
2026-09-15 10:05:00,11.389,11.389,11.381,11.383,771.37,8781.22056
2026-09-15 10:06:00,11.383,11.385,11.381,11.385,394.54,4491.0804
2026-09-15 10:07:00,11.386,11.386,11.377,11.382,532.22,6057.14295
2026-09-15 10:08:00,11.382,11.39,11.382,11.39,191.06,2175.26697
2026-09-15 10:09:00,11.391,11.391,11.389,11.39,133.63,1522.05698
2026-09-15 10:10:00,11.39,11.39,11.38,11.38,92.85,1057.20119
2026-09-15 10:11:00,11.38,11.389,11.378,11.385,566.11,6444.3407
2026-09-15 10:12:00,11.384,11.386,11.381,11.385,364.28,4146.73218
2026-09-15 10:13:00,11.385,11.385,11.377,11.378,164.2,1868.67719
2026-09-15 10:14:00,11.377,11.377,11.374,11.377,139.23,1583.83897
2026-09-15 10:15:00,11.377,11.38,11.375,11.379,244.93,2786.75978
2026-09-15 10:16:00,11.379,11.381,11.379,11.379,141.19,1606.70221
2026-09-15 10:17:00,11.379,11.381,11.375,11.381,113.85,1295.28441
2026-09-15 10:18:00,11.382,11.387,11.379,11.385,511.62,5822.82033
2026-09-15 10:19:00,11.384,11.385,11.379,11.382,387.46,4409.86529
2026-09-15 10:20:00,11.382,11.386,11.379,11.379,657.33,7482.06785
2026-09-15 10:21:00,11.378,11.378,11.373,11.374,273.03,3105.42846
2026-09-15 10:22:00,11.373,11.375,11.37,11.371,200.21,2277.07766
2026-09-15 10:23:00,11.371,11.385,11.371,11.383,228.74,2602.67905
2026-09-15 10:24:00,11.383,11.385,11.383,11.384,70.13,798.33446
2026-09-15 10:25:00,11.383,11.383,11.378,11.378,179.24,2040.0195
2026-09-15 10:26:00,11.377,11.377,11.375,11.376,163.3,1857.65188
2026-09-15 10:27:00,11.375,11.378,11.369,11.369,248.0,2821.08155
2026-09-15 10:28:00,11.369,11.37,11.366,11.366,166.1,1888.07125
2026-09-15 10:29:00,11.366,11.37,11.366,11.366,125.99,1432.16761
2026-09-15 10:30:00,11.366,11.366,11.359,11.359,172.52,1960.27801
2026-09-15 10:31:00,11.36,11.364,11.36,11.364,789.25,8966.69514
2026-09-15 10:32:00,11.364,11.367,11.364,11.367,26.55,301.76383
2026-09-15 10:33:00,11.366,11.378,11.364,11.375,1576.97,17931.6741
2026-09-15 10:34:00,11.375,11.375,11.374,11.374,2.38,27.07163
2026-09-15 10:35:00,11.375,11.375,11.374,11.374,193.59,2202.01872
2026-09-15 10:36:00,11.375,11.387,11.375,11.384,187.87,2138.75237
2026-09-15 10:37:00,11.384,11.386,11.382,11.386,281.2,3201.20103
2026-09-15 10:38:00,11.386,11.386,11.368,11.371,2336.24,26580.53736
2026-09-15 10:39:00,11.371,11.377,11.367,11.373,1409.14,16027.1624
2026-09-15 10:40:00,11.373,11.381,11.372,11.38,657.0,7474.96107
2026-09-15 10:41:00,11.38,11.383,11.378,11.38,145.77,1658.92008
2026-09-15 10:42:00,11.38,11.388,11.38,11.386,531.26,6048.75662
2026-09-15 10:43:00,11.386,11.388,11.382,11.382,497.88,5668.95306
2026-09-15 10:44:00,11.382,11.392,11.382,11.392,143.18,1630.71722
2026-09-15 10:45:00,11.391,11.394,11.391,11.394,160.16,1824.3977
2026-09-15 10:46:00,11.394,11.396,11.391,11.394,529.61,6034.09175
2026-09-15 10:47:00,11.394,11.399,11.391,11.391,1904.08,21695.43068
2026-09-15 10:48:00,11.392,11.392,11.383,11.383,382.16,4352.55198
2026-09-15 10:49:00,11.383,11.397,11.382,11.397,400.88,4564.68381
2026-09-15 10:50:00,11.397,11.397,11.394,11.394,752.2,8572.43099
2026-09-15 10:51:00,11.394,11.394,11.391,11.393,443.59,5053.38521
2026-09-15 10:52:00,11.394,11.398,11.389,11.389,254.34,2897.9556
2026-09-15 10:53:00,11.388,11.388,11.383,11.383,26.46,301.25894
2026-09-15 10:54:00,11.384,11.386,11.383,11.383,165.22,1880.86161
2026-09-15 10:55:00,11.383,11.391,11.383,11.389,629.58,7169.82834
2026-09-15 10:56:00,11.388,11.388,11.384,11.386,86.59,985.93074
2026-09-15 10:57:00,11.387,11.399,11.386,11.386,2083.18,23732.27857
2026-09-15 10:58:00,11.385,11.385,11.382,11.382,266.21,3030.53331
2026-09-15 10:59:00,11.382,11.385,11.382,11.385,49.03,558.15073
2026-09-15 11:00:00,11.385,11.386,11.382,11.384,191.21,2176.82315
2026-09-15 11:01:00,11.384,11.392,11.384,11.392,226.13,2575.23901
2026-09-15 11:02:00,11.391,11.397,11.391,11.397,141.75,1615.28282
2026-09-15 11:03:00,11.396,11.396,11.389,11.389,327.42,3729.74027
2026-09-15 11:04:00,11.389,11.392,11.387,11.389,1050.98,11970.91146
2026-09-15 11:05:00,11.388,11.388,11.383,11.388,234.76,2672.78659
2026-09-15 11:06:00,11.388,11.389,11.388,11.388,57.98,660.32427
2026-09-15 11:07:00,11.389,11.389,11.386,11.388,504.49,5744.29493
2026-09-15 11:08:00,11.389,11.395,11.388,11.395,281.17,3202.52204
2026-09-15 11:09:00,11.396,11.406,11.396,11.406,120.83,1377.70366
2026-09-15 11:10:00,11.406,11.406,11.404,11.404,103.57,1181.18409
2026-09-15 11:11:00,11.403,11.404,11.403,11.404,507.11,5782.69456
2026-09-15 11:12:00,11.404,11.406,11.393,11.393,539.62,6151.67729
2026-09-15 11:13:00,11.393,11.395,11.388,11.389,234.78,2674.73415
2026-09-15 11:14:00,11.39,11.39,11.384,11.387,182.9,2082.56445
2026-09-15 11:15:00,11.388,11.392,11.388,11.39,345.26,3932.63257
2026-09-15 11:16:00,11.39,11.391,11.388,11.391,561.93,6399.63284
2026-09-15 11:17:00,11.392,11.397,11.392,11.397,88.77,1011.45548
2026-09-15 11:18:00,11.397,11.397,11.381,11.384,1818.83,20715.72815
2026-09-15 11:19:00,11.385,11.39,11.381,11.382,532.4,6060.72039
2026-09-15 11:20:00,11.381,11.381,11.375,11.377,320.94,3651.32168
2026-09-15 11:21:00,11.378,11.378,11.372,11.372,182.83,2079.70745
2026-09-15 11:22:00,11.371,11.371,11.367,11.367,52.13,592.63197
2026-09-15 11:23:00,11.367,11.367,11.36,11.36,274.02,3113.28018
2026-09-15 11:24:00,11.362,11.362,11.355,11.361,300.12,3408.68562
2026-09-15 11:25:00,11.362,11.365,11.36,11.361,245.68,2791.44876
2026-09-15 11:26:00,11.362,11.365,11.362,11.362,434.01,4931.38345
2026-09-15 11:27:00,11.362,11.362,11.362,11.362,195.02,2215.81724
2026-09-15 11:28:00,11.362,11.363,11.362,11.363,89.99,1022.46746
2026-09-15 11:29:00,11.362,11.362,11.359,11.359,150.49,1709.50018
2026-09-15 11:30:00,11.359,11.361,11.359,11.359,417.95,4747.89095
2026-09-15 11:31:00,11.359,11.359,11.357,11.357,431.18,4897.62834
2026-09-15 11:32:00,11.357,11.357,11.347,11.348,829.19,9413.93244
2026-09-15 11:33:00,11.347,11.347,11.331,11.335,1540.24,17464.09363
2026-09-15 11:34:00,11.335,11.336,11.331,11.335,1249.33,14159.5836
2026-09-15 11:35:00,11.335,11.343,11.335,11.343,251.55,2852.32463
2026-09-15 11:36:00,11.343,11.343,11.341,11.341,866.07,9823.48508
2026-09-15 11:37:00,11.341,11.342,11.336,11.338,1733.5,19656.90541
2026-09-15 11:38:00,11.337,11.338,11.332,11.332,879.04,9964.92624
2026-09-15 11:39:00,11.332,11.357,11.331,11.349,8410.33,95397.82228
2026-09-15 11:40:00,11.348,11.349,11.334,11.337,8300.34,94178.38703
2026-09-15 11:41:00,11.337,11.343,11.336,11.34,5792.4,65686.22259
2026-09-15 11:42:00,11.341,11.349,11.341,11.349,637.82,7236.07204
2026-09-15 11:43:00,11.349,11.355,11.349,11.351,3099.4,35181.55429
2026-09-15 11:44:00,11.351,11.353,11.35,11.353,7886.08,89508.58154
2026-09-15 11:45:00,11.353,11.356,11.353,11.356,343.12,3895.58394
2026-09-15 11:46:00,11.355,11.355,11.351,11.351,71.38,810.34932
2026-09-15 11:47:00,11.35,11.35,11.341,11.341,281.5,3194.18716
2026-09-15 11:48:00,11.341,11.341,11.34,11.34,61.54,697.87593
2026-09-15 11:49:00,11.34,11.341,11.335,11.338,330.6,3748.13428
2026-09-15 11:50:00,11.338,11.349,11.338,11.348,1289.94,14635.65398
2026-09-15 11:51:00,11.349,11.367,11.349,11.367,1259.84,14308.46534
2026-09-15 11:52:00,11.366,11.366,11.362,11.363,907.56,10314.2546
2026-09-15 11:53:00,11.363,11.374,11.362,11.371,2008.92,22841.43613
2026-09-15 11:54:00,11.37,11.37,11.365,11.365,426.22,4845.453
2026-09-15 11:55:00,11.366,11.368,11.366,11.368,438.06,4979.61219
2026-09-15 11:56:00,11.369,11.378,11.369,11.373,2122.16,24136.29412
2026-09-15 11:57:00,11.374,11.384,11.374,11.383,271.03,3083.73455
2026-09-15 11:58:00,11.384,11.387,11.384,11.385,382.89,4359.51498
2026-09-15 11:59:00,11.384,11.385,11.382,11.384,719.51,8191.26191
2026-09-15 12:00:00,11.384,11.397,11.382,11.397,218.95,2493.39937
2026-09-15 12:01:00,11.397,11.399,11.375,11.381,771.17,8779.45729
2026-09-15 12:02:00,11.382,11.382,11.375,11.376,159.06,1809.8914
2026-09-15 12:03:00,11.375,11.378,11.373,11.378,141.56,1610.12048
2026-09-15 12:04:00,11.379,11.396,11.379,11.396,259.57,2957.04689
2026-09-15 12:05:00,11.397,11.398,11.383,11.383,1250.93,14249.02748
2026-09-15 12:06:00,11.384,11.388,11.383,11.388,426.49,4856.11302
2026-09-15 12:07:00,11.388,11.388,11.386,11.386,313.54,3570.3752
2026-09-15 12:08:00,11.387,11.392,11.387,11.387,87.34,994.76005
2026-09-15 12:09:00,11.387,11.387,11.377,11.378,254.15,2893.08486
2026-09-15 12:10:00,11.378,11.393,11.377,11.388,1759.7,20036.63412
2026-09-15 12:11:00,11.389,11.392,11.389,11.391,502.81,5727.29912
2026-09-15 12:12:00,11.392,11.403,11.392,11.403,156.56,1784.52709
2026-09-15 12:13:00,11.403,11.409,11.402,11.403,946.61,10797.05774
2026-09-15 12:14:00,11.404,11.409,11.404,11.408,424.75,4845.17283
2026-09-15 12:15:00,11.409,11.411,11.396,11.397,4058.41,46280.05665
2026-09-15 12:16:00,11.397,11.411,11.397,11.411,325.35,3709.55394
2026-09-15 12:17:00,11.411,11.416,11.41,11.416,498.77,5692.68558
2026-09-15 12:18:00,11.416,11.418,11.411,11.411,361.0,4120.66126
2026-09-15 12:19:00,11.411,11.412,11.406,11.409,798.37,9108.86573
2026-09-15 12:20:00,11.409,11.409,11.403,11.404,1063.3,12128.64265
2026-09-15 12:21:00,11.404,11.42,11.403,11.414,2940.7,33563.18453
2026-09-15 12:22:00,11.416,11.422,11.416,11.421,317.54,3626.03426
2026-09-15 12:23:00,11.421,11.427,11.421,11.423,248.33,2837.02033
2026-09-15 12:24:00,11.423,11.423,11.41,11.412,712.44,8132.78098
2026-09-15 12:25:00,11.411,11.417,11.409,11.417,161.58,1844.08107
2026-09-15 12:26:00,11.417,11.426,11.417,11.426,209.01,2386.92195
2026-09-15 12:27:00,11.426,11.435,11.405,11.416,3968.76,45328.70331
2026-09-15 12:28:00,11.417,11.421,11.407,11.407,1333.19,15214.70966
2026-09-15 12:29:00,11.407,11.414,11.405,11.414,540.36,6164.78139
2026-09-15 12:30:00,11.414,11.416,11.405,11.405,325.94,3719.55214
2026-09-15 12:31:00,11.406,11.406,11.394,11.394,475.99,5427.18355
2026-09-15 12:32:00,11.394,11.408,11.39,11.396,4162.37,47455.70099
2026-09-15 12:33:00,11.396,11.411,11.387,11.401,3045.86,34712.58976
2026-09-15 12:34:00,11.401,11.409,11.401,11.407,1601.91,18271.53478
2026-09-15 12:35:00,11.406,11.406,11.389,11.398,1334.88,15211.88529
2026-09-15 12:36:00,11.398,11.409,11.396,11.396,1284.36,14642.03104
2026-09-15 12:37:00,11.396,11.398,11.396,11.397,212.9,2426.41372
2026-09-15 12:38:00,11.397,11.4,11.395,11.395,752.94,8581.24433
2026-09-15 12:39:00,11.394,11.395,11.392,11.395,190.37,2169.00525
2026-09-15 12:40:00,11.394,11.394,11.385,11.386,1158.22,13188.50581
2026-09-15 12:41:00,11.386,11.388,11.38,11.381,831.27,9463.02624
2026-09-15 12:42:00,11.381,11.382,11.379,11.382,769.69,8759.58381
2026-09-15 12:43:00,11.381,11.381,11.379,11.379,38.41,437.11142
2026-09-15 12:44:00,11.378,11.384,11.378,11.381,729.79,8305.61183
2026-09-15 12:45:00,11.38,11.38,11.369,11.374,975.91,11099.59228
2026-09-15 12:46:00,11.373,11.379,11.373,11.378,600.83,6834.27673
2026-09-15 12:47:00,11.377,11.381,11.377,11.38,218.7,2488.5904
2026-09-15 12:48:00,11.381,11.393,11.381,11.393,1032.31,11754.97595
2026-09-15 12:49:00,11.393,11.405,11.393,11.4,758.05,8642.55169
2026-09-15 12:50:00,11.399,11.414,11.399,11.414,437.77,4993.72075
2026-09-15 12:51:00,11.413,11.419,11.413,11.419,415.72,4746.0653
2026-09-15 12:52:00,11.419,11.428,11.414,11.428,13307.47,151971.74244
2026-09-15 12:53:00,11.427,11.435,11.427,11.435,1143.99,13074.42875
2026-09-15 12:54:00,11.434,11.444,11.434,11.443,1362.53,15588.96823
2026-09-15 12:55:00,11.444,11.446,11.431,11.436,4576.95,52353.2351
2026-09-15 12:56:00,11.435,11.45,11.432,11.447,2114.5,24192.35024
2026-09-15 12:57:00,11.446,11.446,11.42,11.42,895.87,10242.83237
2026-09-15 12:58:00,11.42,11.421,11.411,11.413,573.63,6548.99261
2026-09-15 12:59:00,11.413,11.424,11.413,11.416,1283.25,14654.4135
2026-09-15 13:00:00,11.416,11.439,11.416,11.433,496.78,5677.00016
2026-09-15 13:01:00,11.432,11.433,11.423,11.427,2684.46,30676.49145
2026-09-15 13:02:00,11.427,11.435,11.427,11.434,431.97,4938.71593
2026-09-15 13:03:00,11.433,11.435,11.427,11.433,800.23,9148.14127
2026-09-15 13:04:00,11.434,11.461,11.434,11.45,2571.09,29409.98196
2026-09-15 13:05:00,11.451,11.479,11.451,11.47,2217.49,25436.78059
2026-09-15 13:06:00,11.471,11.48,11.47,11.476,2187.03,25097.53249
2026-09-15 13:07:00,11.476,11.479,11.452,11.459,1371.66,15732.14263
2026-09-15 13:08:00,11.458,11.463,11.455,11.457,571.61,6549.61044
2026-09-15 13:09:00,11.458,11.465,11.458,11.463,473.99,5432.68065
2026-09-15 13:10:00,11.463,11.471,11.458,11.465,995.42,11408.80881
2026-09-15 13:11:00,11.464,11.464,11.459,11.459,585.82,6714.18827
2026-09-15 13:12:00,11.46,11.508,11.46,11.493,8571.1,98502.72136
2026-09-15 13:13:00,11.492,11.492,11.464,11.464,986.22,11317.0117
2026-09-15 13:14:00,11.464,11.466,11.45,11.459,2425.15,27792.7769
2026-09-15 13:15:00,11.459,11.461,11.45,11.452,920.05,10538.61144
2026-09-15 13:16:00,11.453,11.479,11.453,11.474,1679.2,19258.69036
2026-09-15 13:17:00,11.475,11.483,11.474,11.482,290.1,3330.27158
2026-09-15 13:18:00,11.482,11.482,11.461,11.461,702.36,8059.77047
2026-09-15 13:19:00,11.461,11.47,11.461,11.47,230.38,2641.3443
2026-09-15 13:20:00,11.471,11.474,11.47,11.47,79.8,915.431
2026-09-15 13:21:00,11.47,11.473,11.466,11.471,848.56,9732.50953
2026-09-15 13:22:00,11.472,11.478,11.471,11.477,633.59,7270.90461
2026-09-15 13:23:00,11.477,11.479,11.475,11.476,278.6,3197.50861
2026-09-15 13:24:00,11.476,11.481,11.476,11.478,86.62,994.18399
2026-09-15 13:25:00,11.477,11.485,11.47,11.483,389.01,4465.4045
2026-09-15 13:26:00,11.482,11.486,11.476,11.483,1096.96,12594.43233
2026-09-15 13:27:00,11.482,11.482,11.477,11.477,267.07,3065.82992
2026-09-15 13:28:00,11.477,11.488,11.476,11.488,567.88,6519.76202
2026-09-15 13:29:00,11.488,11.49,11.481,11.486,2187.14,25122.51932
2026-09-15 13:30:00,11.484,11.484,11.451,11.452,1509.46,17309.88333
2026-09-15 13:31:00,11.453,11.467,11.436,11.438,1771.45,20288.97759
2026-09-15 13:32:00,11.438,11.461,11.435,11.444,1082.82,12394.50232
2026-09-15 13:33:00,11.444,11.45,11.43,11.445,1113.49,12740.93636
2026-09-15 13:34:00,11.445,11.447,11.436,11.442,515.46,5897.03394
2026-09-15 13:35:00,11.443,11.444,11.405,11.43,4817.44,55025.83874
2026-09-15 13:36:00,11.429,11.433,11.385,11.387,1838.39,20966.88601
2026-09-15 13:37:00,11.388,11.39,11.356,11.373,5125.01,58274.00411
2026-09-15 13:38:00,11.373,11.374,11.34,11.356,1963.2,22291.00019
2026-09-15 13:39:00,11.355,11.355,11.301,11.331,2641.83,29913.0233
2026-09-15 13:40:00,11.332,11.376,11.319,11.366,4120.5,46763.78349
2026-09-15 13:41:00,11.365,11.365,11.349,11.362,1288.84,14635.15208
2026-09-15 13:42:00,11.361,11.369,11.351,11.351,570.43,6478.75452
2026-09-15 13:43:00,11.351,11.358,11.336,11.358,660.37,7492.86594
2026-09-15 13:44:00,11.358,11.384,11.346,11.375,3836.69,43579.2093
2026-09-15 13:45:00,11.376,11.394,11.357,11.357,968.71,11027.23448
2026-09-15 13:46:00,11.358,11.373,11.358,11.367,374.92,4260.16238
2026-09-15 13:47:00,11.368,11.371,11.357,11.364,1505.1,17104.71845
2026-09-15 13:48:00,11.363,11.376,11.36,11.376,927.36,10539.57054
2026-09-15 13:49:00,11.376,11.378,11.362,11.362,423.23,4812.30748
2026-09-15 13:50:00,11.361,11.361,11.333,11.334,1464.25,16611.19162
2026-09-15 13:51:00,11.334,11.35,11.328,11.334,868.23,9842.34121
2026-09-15 13:52:00,11.333,11.351,11.333,11.348,556.75,6314.89929
2026-09-15 13:53:00,11.346,11.346,11.33,11.342,3585.62,40643.72355
2026-09-15 13:54:00,11.343,11.345,11.331,11.345,661.71,7502.55307
2026-09-15 13:55:00,11.346,11.36,11.346,11.355,569.11,6461.60304
2026-09-15 13:56:00,11.356,11.368,11.352,11.367,672.73,7642.90232
2026-09-15 13:57:00,11.367,11.382,11.366,11.376,374.59,4260.42709
2026-09-15 13:58:00,11.376,11.381,11.369,11.37,624.68,7105.64697
2026-09-15 13:59:00,11.37,11.388,11.37,11.388,1263.52,14373.50671
2026-09-15 14:00:00,11.389,11.413,11.386,11.39,2586.99,29477.35458
2026-09-15 14:01:00,11.39,11.39,11.366,11.371,1453.35,16540.29491
2026-09-15 14:02:00,11.37,11.377,11.355,11.355,532.1,6048.45525
2026-09-15 14:03:00,11.354,11.375,11.353,11.371,845.06,9607.19811
2026-09-15 14:04:00,11.37,11.382,11.346,11.346,860.4,9776.17905
2026-09-15 14:05:00,11.345,11.345,11.331,11.338,3121.0,35367.57807
2026-09-15 14:06:00,11.338,11.349,11.331,11.331,1081.66,12265.54826
2026-09-15 14:07:00,11.331,11.333,11.326,11.331,730.12,8271.66037
2026-09-15 14:08:00,11.33,11.334,11.32,11.334,1762.43,19959.20162
2026-09-15 14:09:00,11.334,11.355,11.333,11.353,1143.46,12968.41812
2026-09-15 14:10:00,11.352,11.361,11.344,11.344,799.03,9072.34948
2026-09-15 14:11:00,11.344,11.348,11.335,11.335,287.47,3260.98469
2026-09-15 14:12:00,11.335,11.339,11.333,11.333,149.37,1693.14369
2026-09-15 14:13:00,11.333,11.336,11.331,11.336,162.38,1840.28955
2026-09-15 14:14:00,11.336,11.336,11.325,11.326,881.14,9981.93205
2026-09-15 14:15:00,11.325,11.342,11.324,11.342,262.89,2978.5016
2026-09-15 14:16:00,11.341,11.341,11.316,11.317,842.73,9544.94042
2026-09-15 14:17:00,11.316,11.326,11.312,11.326,254.56,2880.97762
2026-09-15 14:18:00,11.325,11.325,11.314,11.315,558.4,6318.87325
2026-09-15 14:19:00,11.316,11.333,11.316,11.327,1040.17,11780.59322
2026-09-15 14:20:00,11.328,11.339,11.321,11.339,1465.11,16597.22763
2026-09-15 14:21:00,11.339,11.345,11.334,11.345,1047.65,11878.40325
2026-09-15 14:22:00,11.345,11.345,11.322,11.322,510.72,5789.58197
2026-09-15 14:23:00,11.321,11.321,11.291,11.296,9912.23,112007.4822
2026-09-15 14:24:00,11.296,11.324,11.294,11.316,1183.95,13387.42822
2026-09-15 14:25:00,11.315,11.317,11.309,11.311,794.06,8982.51382
2026-09-15 14:26:00,11.312,11.316,11.309,11.312,668.65,7564.00332
2026-09-15 14:27:00,11.311,11.325,11.311,11.325,375.33,4247.89456
2026-09-15 14:28:00,11.324,11.324,11.311,11.315,494.11,5591.55532
2026-09-15 14:29:00,11.314,11.314,11.3,11.3,1485.72,16791.87542
2026-09-15 14:30:00,11.3,11.305,11.29,11.29,7357.81,83140.34943
2026-09-15 14:31:00,11.289,11.308,11.285,11.299,667.9,7543.87384
2026-09-15 14:32:00,11.298,11.298,11.287,11.294,566.54,6398.29048
2026-09-15 14:33:00,11.294,11.299,11.288,11.297,1309.82,14792.2292
2026-09-15 14:34:00,11.295,11.299,11.29,11.292,531.55,6003.80361
2026-09-15 14:35:00,11.291,11.291,11.25,11.279,10111.95,113974.08807
2026-09-15 14:36:00,11.278,11.278,11.259,11.266,1052.27,11858.85605
2026-09-15 14:37:00,11.265,11.283,11.258,11.28,1872.01,21095.58752
2026-09-15 14:38:00,11.28,11.28,11.242,11.25,3165.11,35634.02366
2026-09-15 14:39:00,11.249,11.249,11.222,11.226,6290.94,70679.77262
2026-09-15 14:40:00,11.225,11.226,11.172,11.182,15769.91,176453.21967
2026-09-15 14:41:00,11.183,11.183,11.167,11.177,2846.88,31807.84505
2026-09-15 14:42:00,11.178,11.194,11.174,11.181,3130.48,35010.06183
2026-09-15 14:43:00,11.182,11.198,11.174,11.198,3682.63,41181.19581
2026-09-15 14:44:00,11.198,11.218,11.192,11.2,3226.64,36139.74497
2026-09-15 14:45:00,11.2,11.211,11.189,11.19,2738.05,30664.29223
2026-09-15 14:46:00,11.189,11.189,11.15,11.15,3201.93,35763.18899
2026-09-15 14:47:00,11.151,11.161,11.15,11.155,1178.22,13142.48177
2026-09-15 14:48:00,11.155,11.156,11.138,11.14,4472.78,49865.8215
2026-09-15 14:49:00,11.141,11.145,11.127,11.138,4584.21,51050.7245
2026-09-15 14:50:00,11.138,11.141,11.084,11.097,19180.1,212991.12886
2026-09-15 14:51:00,11.096,11.112,11.049,11.051,16844.95,186608.33445
2026-09-15 14:52:00,11.052,11.088,11.052,11.085,4223.55,46732.30136
2026-09-15 14:53:00,11.085,11.108,11.065,11.097,5193.58,57607.6467
2026-09-15 14:54:00,11.096,11.13,11.094,11.12,5005.16,55620.53731
2026-09-15 14:55:00,11.121,11.138,11.112,11.119,4778.55,53163.96781
2026-09-15 14:56:00,11.118,11.12,11.108,11.119,1338.34,14875.22432
2026-09-15 14:57:00,11.118,11.157,11.118,11.151,3433.8,38242.57852
2026-09-15 14:58:00,11.15,11.186,11.144,11.183,2325.72,25959.24393
2026-09-15 14:59:00,11.184,11.186,11.173,11.182,1924.8,21515.35013
2026-09-15 15:00:00,11.182,11.213,11.157,11.157,3098.56,34685.66883
2026-09-15 15:01:00,11.157,11.189,11.146,11.189,1864.05,20813.5348
2026-09-15 15:02:00,11.189,11.198,11.171,11.181,3968.42,44400.25758
2026-09-15 15:03:00,11.182,11.206,11.18,11.206,2166.93,24246.30279
2026-09-15 15:04:00,11.206,11.212,11.198,11.212,4470.26,50090.8684
2026-09-15 15:05:00,11.212,11.225,11.21,11.214,1134.19,12725.77371
2026-09-15 15:06:00,11.214,11.237,11.209,11.236,3515.44,39481.5112
2026-09-15 15:07:00,11.236,11.239,11.218,11.221,582.44,6540.67572
2026-09-15 15:08:00,11.221,11.221,11.207,11.215,395.3,4431.31164
2026-09-15 15:09:00,11.216,11.218,11.203,11.21,709.61,7956.42404
2026-09-15 15:10:00,11.21,11.21,11.204,11.207,215.6,2416.26218
2026-09-15 15:11:00,11.207,11.214,11.201,11.208,738.91,8282.91303
2026-09-15 15:12:00,11.208,11.208,11.201,11.205,1268.72,14214.77398
2026-09-15 15:13:00,11.205,11.208,11.195,11.2,1094.83,12268.24986
2026-09-15 15:14:00,11.2,11.206,11.193,11.201,962.37,10777.3493
2026-09-15 15:15:00,11.202,11.214,11.191,11.192,2509.79,28113.66449
2026-09-15 15:16:00,11.191,11.205,11.184,11.194,1023.8,11460.80145
2026-09-15 15:17:00,11.194,11.215,11.194,11.209,725.6,8129.83219
2026-09-15 15:18:00,11.208,11.208,11.198,11.205,776.4,8697.78639
2026-09-15 15:19:00,11.206,11.211,11.202,11.204,1256.6,14084.08598
2026-09-15 15:20:00,11.203,11.212,11.2,11.211,1395.57,15640.92606
2026-09-15 15:21:00,11.211,11.222,11.211,11.215,4063.34,45578.22652
2026-09-15 15:22:00,11.215,11.226,11.21,11.217,4245.01,47619.06428
2026-09-15 15:23:00,11.217,11.233,11.217,11.233,460.23,5167.62574
2026-09-15 15:24:00,11.232,11.272,11.232,11.266,2013.69,22667.66424
2026-09-15 15:25:00,11.267,11.302,11.267,11.295,5645.9,63722.02792
2026-09-15 15:26:00,11.296,11.298,11.282,11.282,1613.26,18214.07984
2026-09-15 15:27:00,11.281,11.293,11.28,11.288,1496.04,16884.86398
2026-09-15 15:28:00,11.289,11.299,11.289,11.289,1145.16,12934.47923
2026-09-15 15:29:00,11.289,11.292,11.279,11.28,5409.56,61048.24367
2026-09-15 15:30:00,11.283,11.293,11.279,11.286,928.81,10486.3933
2026-09-15 15:31:00,11.287,11.293,11.274,11.274,2920.22,32961.1728
2026-09-15 15:32:00,11.274,11.277,11.263,11.276,377.22,4251.89525
2026-09-15 15:33:00,11.276,11.291,11.276,11.287,191.58,2162.23824
2026-09-15 15:34:00,11.287,11.297,11.276,11.296,1404.63,15859.86311
2026-09-15 15:35:00,11.297,11.297,11.289,11.29,304.01,3433.19875
2026-09-15 15:36:00,11.291,11.303,11.29,11.3,354.47,4005.04625
2026-09-15 15:37:00,11.3,11.301,11.271,11.275,3206.87,36172.15104
2026-09-15 15:38:00,11.276,11.287,11.276,11.284,222.93,2515.53466
2026-09-15 15:39:00,11.284,11.287,11.283,11.283,46.49,524.68239
2026-09-15 15:40:00,11.284,11.286,11.281,11.286,60.27,680.02602
2026-09-15 15:41:00,11.285,11.285,11.274,11.274,396.44,4470.93694
2026-09-15 15:42:00,11.275,11.283,11.266,11.281,3923.77,44229.67515
2026-09-15 15:43:00,11.28,11.293,11.276,11.288,2076.87,23445.40276
2026-09-15 15:44:00,11.287,11.288,11.28,11.28,227.62,2568.79994
2026-09-15 15:45:00,11.279,11.283,11.278,11.282,437.73,4938.09474
2026-09-15 15:46:00,11.281,11.281,11.27,11.276,2137.82,24102.51527
2026-09-15 15:47:00,11.277,11.278,11.268,11.269,378.16,4263.29051
2026-09-15 15:48:00,11.27,11.283,11.27,11.283,315.81,3561.55581
2026-09-15 15:49:00,11.284,11.291,11.263,11.269,2393.19,26987.67983
2026-09-15 15:50:00,11.269,11.312,11.267,11.312,9749.47,110116.90761
2026-09-15 15:51:00,11.311,11.311,11.279,11.284,1417.13,16010.08747
2026-09-15 15:52:00,11.285,11.298,11.284,11.284,251.8,2843.06494
2026-09-15 15:53:00,11.284,11.292,11.277,11.277,637.74,7195.76663
2026-09-15 15:54:00,11.279,11.282,11.246,11.246,2169.85,24460.53656
2026-09-15 15:55:00,11.247,11.298,11.246,11.298,6254.63,70472.74725
2026-09-15 15:56:00,11.298,11.298,11.267,11.27,1916.55,21629.13298
2026-09-15 15:57:00,11.271,11.284,11.271,11.278,184.59,2081.71065
2026-09-15 15:58:00,11.279,11.283,11.27,11.272,605.6,6828.03719
2026-09-15 15:59:00,11.273,11.28,11.271,11.274,411.2,4637.14809
2026-09-15 16:00:00,11.275,11.28,11.265,11.267,918.18,10352.06895
2026-09-15 16:01:00,11.268,11.284,11.268,11.28,704.42,7943.93445
2026-09-15 16:02:00,11.281,11.292,11.281,11.287,414.18,4674.41857
2026-09-15 16:03:00,11.287,11.287,11.262,11.263,335.94,3788.83406
2026-09-15 16:04:00,11.264,11.266,11.252,11.252,776.15,8736.13387
2026-09-15 16:05:00,11.253,11.258,11.246,11.246,139.54,1570.07398
2026-09-15 16:06:00,11.247,11.266,11.242,11.261,1173.27,13204.03115
2026-09-15 16:07:00,11.261,11.261,11.249,11.249,39.1,440.06988
2026-09-15 16:08:00,11.249,11.249,11.231,11.246,4515.31,50733.90093
2026-09-15 16:09:00,11.245,11.249,11.223,11.225,1342.85,15081.58303
2026-09-15 16:10:00,11.226,11.242,11.226,11.229,1262.21,14179.68765
2026-09-15 16:11:00,11.23,11.238,11.23,11.235,176.97,1988.12686
2026-09-15 16:12:00,11.234,11.234,11.215,11.215,400.25,4492.92132
2026-09-15 16:13:00,11.215,11.215,11.192,11.205,3146.74,35247.01189
2026-09-15 16:14:00,11.206,11.21,11.196,11.198,472.92,5296.2565
2026-09-15 16:15:00,11.199,11.214,11.199,11.213,592.71,6643.04035
2026-09-15 16:16:00,11.214,11.23,11.214,11.227,684.21,7678.85665
2026-09-15 16:17:00,11.227,11.241,11.227,11.241,556.3,6247.77957
2026-09-15 16:18:00,11.242,11.264,11.242,11.264,2065.31,23238.16433
2026-09-15 16:19:00,11.264,11.264,11.244,11.245,288.09,3242.35059
2026-09-15 16:20:00,11.246,11.252,11.242,11.243,1521.63,17111.35063
2026-09-15 16:21:00,11.244,11.261,11.244,11.26,514.07,5786.24094
2026-09-15 16:22:00,11.261,11.273,11.261,11.272,141.76,1597.36784
2026-09-15 16:23:00,11.272,11.291,11.272,11.279,3658.71,41288.54613
2026-09-15 16:24:00,11.279,11.288,11.276,11.276,242.59,2737.48365
2026-09-15 16:25:00,11.276,11.28,11.268,11.268,1519.04,17125.48535
2026-09-15 16:26:00,11.267,11.28,11.265,11.277,1745.39,19672.01291
2026-09-15 16:27:00,11.278,11.289,11.272,11.272,1130.58,12754.2234
2026-09-15 16:28:00,11.272,11.29,11.272,11.29,835.49,9426.96424
2026-09-15 16:29:00,11.29,11.29,11.284,11.287,243.39,2747.17175
2026-09-15 16:30:00,11.286,11.294,11.278,11.281,2666.38,30089.64724
2026-09-15 16:31:00,11.282,11.282,11.264,11.268,535.07,6031.43103
2026-09-15 16:32:00,11.267,11.274,11.265,11.272,244.98,2760.41639
2026-09-15 16:33:00,11.271,11.276,11.269,11.272,245.36,2765.8367
2026-09-15 16:34:00,11.271,11.271,11.258,11.258,331.94,3737.99122
2026-09-15 16:35:00,11.258,11.27,11.254,11.269,1196.05,13470.92406
2026-09-15 16:36:00,11.269,11.283,11.269,11.277,150.32,1695.11491
2026-09-15 16:37:00,11.277,11.283,11.274,11.283,160.09,1805.68734
2026-09-15 16:38:00,11.284,11.285,11.273,11.273,1550.07,17488.68565
2026-09-15 16:39:00,11.272,11.272,11.267,11.271,41.11,463.23834
2026-09-15 16:40:00,11.271,11.271,11.264,11.264,82.23,926.42473
2026-09-15 16:41:00,11.263,11.263,11.254,11.254,473.29,5328.3951
2026-09-15 16:42:00,11.254,11.259,11.254,11.258,208.36,2345.16545
2026-09-15 16:43:00,11.257,11.262,11.256,11.261,235.58,2652.39048
2026-09-15 16:44:00,11.262,11.267,11.262,11.264,482.18,5432.00265
2026-09-15 16:45:00,11.264,11.268,11.264,11.266,243.41,2742.5457
2026-09-15 16:46:00,11.266,11.279,11.266,11.275,300.57,3388.82855
2026-09-15 16:47:00,11.276,11.284,11.276,11.281,543.19,6127.29597
2026-09-15 16:48:00,11.28,11.281,11.268,11.271,1073.38,12103.88714
2026-09-15 16:49:00,11.272,11.279,11.269,11.279,269.24,3035.3357
2026-09-15 16:50:00,11.279,11.288,11.278,11.287,414.63,4679.56529
2026-09-15 16:51:00,11.287,11.292,11.284,11.292,570.85,6442.07685
2026-09-15 16:52:00,11.293,11.304,11.293,11.304,186.07,2102.3323
2026-09-15 16:53:00,11.304,11.306,11.289,11.289,428.98,4848.66789
2026-09-15 16:54:00,11.289,11.311,11.283,11.305,3153.79,35636.96396
2026-09-15 16:55:00,11.305,11.306,11.303,11.304,289.62,3274.08044
2026-09-15 16:56:00,11.304,11.307,11.289,11.289,1192.47,13473.21114
2026-09-15 16:57:00,11.288,11.288,11.283,11.285,208.62,2354.03755
2026-09-15 16:58:00,11.285,11.285,11.28,11.283,84.64,954.94448
2026-09-15 16:59:00,11.283,11.283,11.263,11.265,2789.48,31440.08179
2026-09-15 17:00:00,11.265,11.265,11.256,11.257,600.56,6762.58905
2026-09-15 17:01:00,11.258,11.273,11.258,11.273,791.75,8919.06064
2026-09-15 17:02:00,11.273,11.273,11.247,11.247,313.01,3524.73899
2026-09-15 17:03:00,11.246,11.248,11.239,11.248,476.99,5363.521
2026-09-15 17:04:00,11.247,11.247,11.23,11.23,362.04,4068.49496
2026-09-15 17:05:00,11.23,11.249,11.225,11.245,4251.73,47782.79492
2026-09-15 17:06:00,11.244,11.244,11.23,11.231,519.94,5843.9485
2026-09-15 17:07:00,11.23,11.23,11.221,11.221,536.32,6020.7828
2026-09-15 17:08:00,11.221,11.221,11.198,11.205,1319.1,14781.73751
2026-09-15 17:09:00,11.204,11.204,11.197,11.203,916.47,10263.62394
2026-09-15 17:10:00,11.203,11.214,11.203,11.214,339.37,3803.57613
2026-09-15 17:11:00,11.215,11.217,11.208,11.216,538.15,6034.63761
2026-09-15 17:12:00,11.216,11.222,11.212,11.217,445.2,4993.72565
2026-09-15 17:13:00,11.216,11.225,11.216,11.225,1169.35,13120.68348
2026-09-15 17:14:00,11.224,11.233,11.222,11.229,515.37,5785.78298
2026-09-15 17:15:00,11.228,11.228,11.216,11.216,253.98,2850.02134
2026-09-15 17:16:00,11.217,11.228,11.217,11.228,341.82,3835.49012
2026-09-15 17:17:00,11.228,11.232,11.226,11.226,300.54,3374.75312
2026-09-15 17:18:00,11.226,11.226,11.217,11.222,533.62,5987.14663
2026-09-15 17:19:00,11.221,11.225,11.218,11.218,200.88,2254.10034
2026-09-15 17:20:00,11.219,11.233,11.219,11.231,467.26,5245.45846
2026-09-15 17:21:00,11.232,11.234,11.219,11.22,1243.03,13954.90217
2026-09-15 17:22:00,11.219,11.219,11.212,11.216,528.42,5926.34269
2026-09-15 17:23:00,11.216,11.229,11.213,11.229,359.06,4028.14668
2026-09-15 17:24:00,11.229,11.231,11.224,11.227,739.5,8303.0722
2026-09-15 17:25:00,11.226,11.23,11.222,11.23,183.76,2062.85743
2026-09-15 17:26:00,11.23,11.242,11.224,11.242,814.73,9147.57422
2026-09-15 17:27:00,11.241,11.247,11.241,11.245,200.29,2251.81503
2026-09-15 17:28:00,11.244,11.255,11.242,11.25,463.42,5213.21812
2026-09-15 17:29:00,11.25,11.257,11.25,11.252,145.55,1637.98308
2026-09-15 17:30:00,11.251,11.262,11.25,11.253,463.5,5216.93924
2026-09-15 17:31:00,11.254,11.284,11.254,11.283,1806.78,20360.2521
2026-09-15 17:32:00,11.283,11.316,11.28,11.293,2609.7,29482.97045
2026-09-15 17:33:00,11.294,11.337,11.294,11.334,22025.85,249538.1433
2026-09-15 17:34:00,11.334,11.358,11.333,11.358,1561.74,17717.33267
2026-09-15 17:35:00,11.358,11.408,11.355,11.39,4394.25,50045.50224
2026-09-15 17:36:00,11.388,11.394,11.35,11.353,1695.03,19290.11063
2026-09-15 17:37:00,11.352,11.375,11.35,11.358,5913.32,67181.60902
2026-09-15 17:38:00,11.359,11.362,11.335,11.342,3600.54,40868.26123
2026-09-15 17:39:00,11.338,11.338,11.326,11.326,709.55,8040.28588
2026-09-15 17:40:00,11.326,11.326,11.307,11.321,620.2,7019.74446
2026-09-15 17:41:00,11.32,11.326,11.315,11.324,486.08,5502.03457
2026-09-15 17:42:00,11.323,11.323,11.303,11.303,1387.78,15696.39954
2026-09-15 17:43:00,11.303,11.304,11.3,11.302,326.94,3695.2842
2026-09-15 17:44:00,11.303,11.313,11.303,11.309,1013.62,11461.07871
2026-09-15 17:45:00,11.31,11.323,11.31,11.323,394.04,4459.10711
2026-09-15 17:46:00,11.322,11.336,11.319,11.331,2952.71,33449.25178
2026-09-15 17:47:00,11.331,11.356,11.331,11.356,455.82,5171.44909
2026-09-15 17:48:00,11.357,11.363,11.353,11.363,1288.86,14635.88109
2026-09-15 17:49:00,11.362,11.369,11.356,11.36,1895.4,21532.97068
2026-09-15 17:50:00,11.36,11.38,11.358,11.377,719.77,8186.39626
2026-09-15 17:51:00,11.376,11.377,11.357,11.362,592.06,6732.39876
2026-09-15 17:52:00,11.362,11.362,11.337,11.349,4045.89,45893.08523
2026-09-15 17:53:00,11.35,11.354,11.341,11.342,355.35,4034.00433
2026-09-15 17:54:00,11.343,11.346,11.338,11.343,526.4,5970.02196
2026-09-15 17:55:00,11.342,11.342,11.315,11.315,3505.44,39698.66547
2026-09-15 17:56:00,11.315,11.32,11.314,11.32,353.85,4004.33908
2026-09-15 17:57:00,11.32,11.325,11.315,11.318,638.03,7222.09531
2026-09-15 17:58:00,11.318,11.321,11.315,11.315,1428.37,16164.46706
2026-09-15 17:59:00,11.316,11.32,11.312,11.313,1576.81,17843.74967
2026-09-15 18:00:00,11.313,11.316,11.288,11.292,1362.08,15390.20295
2026-09-15 18:01:00,11.292,11.314,11.289,11.314,4313.49,48725.93563
2026-09-15 18:02:00,11.314,11.333,11.311,11.333,543.08,6147.24128
2026-09-15 18:03:00,11.334,11.334,11.318,11.32,2128.91,24107.55006
2026-09-15 18:04:00,11.319,11.32,11.299,11.302,1056.24,11943.6429
2026-09-15 18:05:00,11.302,11.302,11.296,11.301,821.28,9280.82805
2026-09-15 18:06:00,11.301,11.315,11.301,11.315,394.96,4466.15948
2026-09-15 18:07:00,11.316,11.332,11.301,11.304,6545.3,74053.87814
2026-09-15 18:08:00,11.303,11.303,11.283,11.297,1104.74,12474.44069
2026-09-15 18:09:00,11.296,11.299,11.291,11.299,911.2,10290.44086
2026-09-15 18:10:00,11.299,11.31,11.299,11.302,1109.71,12544.95378
2026-09-15 18:11:00,11.302,11.305,11.297,11.3,199.1,2250.06397
2026-09-15 18:12:00,11.299,11.304,11.287,11.295,6292.39,71060.59222
2026-09-15 18:13:00,11.295,11.298,11.279,11.298,7667.86,86568.93761
2026-09-15 18:14:00,11.298,11.309,11.293,11.299,2759.04,31170.55937
2026-09-15 18:15:00,11.3,11.308,11.294,11.294,576.58,6515.90034
2026-09-15 18:16:00,11.295,11.295,11.253,11.253,1100.15,12404.65094
2026-09-15 18:17:00,11.253,11.259,11.248,11.254,19750.74,222201.77399
2026-09-15 18:18:00,11.253,11.265,11.24,11.26,495.57,5577.3244
2026-09-15 18:19:00,11.261,11.28,11.255,11.258,2650.57,29866.24942
2026-09-15 18:20:00,11.259,11.278,11.252,11.252,4560.34,51391.27862
2026-09-15 18:21:00,11.253,11.264,11.253,11.262,1207.78,13600.18155
2026-09-15 18:22:00,11.262,11.262,11.25,11.257,599.65,6749.20392
2026-09-15 18:23:00,11.257,11.257,11.246,11.247,243.31,2737.20837
2026-09-15 18:24:00,11.246,11.25,11.244,11.25,129.34,1454.6458
2026-09-15 18:25:00,11.249,11.249,11.236,11.237,696.18,7825.4184
2026-09-15 18:26:00,11.236,11.254,11.236,11.247,1011.71,11375.7057
2026-09-15 18:27:00,11.247,11.249,11.243,11.245,637.74,7171.0427
2026-09-15 18:28:00,11.245,11.272,11.238,11.272,3623.47,40773.04182
2026-09-15 18:29:00,11.273,11.35,11.273,11.305,11127.82,126107.67648
2026-09-15 18:30:00,11.304,11.305,11.256,11.269,1540.36,17366.31258
2026-09-15 18:31:00,11.268,11.272,11.255,11.272,622.11,7005.95601
2026-09-15 18:32:00,11.272,11.278,11.266,11.272,636.62,7176.64676
2026-09-15 18:33:00,11.272,11.272,11.2,11.209,2663.68,29901.23929
2026-09-15 18:34:00,11.209,11.275,11.209,11.266,2479.48,27862.92246
2026-09-15 18:35:00,11.266,11.278,11.256,11.258,2081.52,23455.5911
2026-09-15 18:36:00,11.258,11.258,11.202,11.203,5959.35,66898.06446
2026-09-15 18:37:00,11.204,11.21,11.096,11.164,32252.2,359309.77235
2026-09-15 18:38:00,11.164,11.192,11.14,11.162,6240.99,69659.67166
2026-09-15 18:39:00,11.163,11.176,11.14,11.159,8777.76,97931.6973
2026-09-15 18:40:00,11.158,11.163,11.078,11.089,14952.57,166126.07377
2026-09-15 18:41:00,11.088,11.106,11.028,11.089,12982.86,143635.39851
2026-09-15 18:42:00,11.09,11.099,11.006,11.026,12079.7,133409.89512
2026-09-15 18:43:00,11.025,11.052,11.001,11.039,15808.46,174326.28273
2026-09-15 18:44:00,11.039,11.05,11.013,11.013,4975.46,54900.40039
2026-09-15 18:45:00,11.012,11.028,10.9,10.947,53325.03,584650.2406
2026-09-15 18:46:00,10.946,10.976,10.894,10.907,21592.66,235968.684
2026-09-15 18:47:00,10.906,10.962,10.879,10.913,20769.42,226648.65359
2026-09-15 18:48:00,10.913,10.913,10.842,10.848,31701.6,344614.99068
2026-09-15 18:49:00,10.848,10.86,10.801,10.815,17533.97,189865.17709
2026-09-15 18:50:00,10.816,10.892,10.8,10.878,38737.73,420350.34202
2026-09-15 18:51:00,10.879,10.945,10.853,10.945,11731.71,128022.56854
2026-09-15 18:52:00,10.946,11.015,10.946,11.0,16805.92,184642.71172
2026-09-15 18:53:00,11.0,11.047,11.0,11.047,16449.7,181283.77951
2026-09-15 18:54:00,11.048,11.094,11.034,11.088,6823.37,75476.36757
2026-09-15 18:55:00,11.087,11.143,11.081,11.135,14681.73,163174.85447
2026-09-15 18:56:00,11.132,11.156,11.098,11.105,11933.72,132796.91975
2026-09-15 18:57:00,11.105,11.125,11.087,11.101,6439.26,71507.93388
2026-09-15 18:58:00,11.101,11.123,11.098,11.118,1951.97,21690.08016
2026-09-15 18:59:00,11.118,11.118,11.094,11.105,8685.1,96420.87998
2026-09-15 19:00:00,11.106,11.126,11.063,11.104,13298.03,147510.77156
2026-09-15 19:01:00,11.105,11.123,11.065,11.072,4351.36,48270.29651
2026-09-15 19:02:00,11.071,11.104,11.061,11.104,3906.06,43289.11309
2026-09-15 19:03:00,11.104,11.167,11.104,11.137,4876.95,54359.07427
2026-09-15 19:04:00,11.138,11.179,11.138,11.142,5007.76,55863.30558
2026-09-15 19:05:00,11.141,11.158,11.123,11.129,2406.52,26802.25075
2026-09-15 19:06:00,11.128,11.16,11.123,11.151,2245.14,25014.58903
2026-09-15 19:07:00,11.151,11.155,11.116,11.123,2866.49,31926.09754
2026-09-15 19:08:00,11.123,11.134,11.107,11.113,3568.29,39674.14339
2026-09-15 19:09:00,11.114,11.136,11.114,11.121,2350.18,26135.70062
2026-09-15 19:10:00,11.121,11.149,11.116,11.136,7817.04,87076.14819
2026-09-15 19:11:00,11.136,11.136,11.08,11.118,14039.82,155857.03308
2026-09-15 19:12:00,11.119,11.122,11.097,11.112,2194.12,24372.3383
2026-09-15 19:13:00,11.111,11.114,11.091,11.096,1393.57,15468.1472
2026-09-15 19:14:00,11.097,11.097,11.065,11.084,3690.4,40894.31352
2026-09-15 19:15:00,11.084,11.124,11.082,11.095,4822.61,53558.55878
2026-09-15 19:16:00,11.094,11.126,11.072,11.115,3812.15,42300.01913
2026-09-15 19:17:00,11.114,11.164,11.114,11.149,1914.04,21323.25518
2026-09-15 19:18:00,11.149,11.158,11.127,11.138,6088.9,67810.58624
2026-09-15 19:19:00,11.137,11.16,11.13,11.135,1712.55,19091.59007
2026-09-15 19:20:00,11.134,11.138,11.092,11.093,3363.4,37373.64613
2026-09-15 19:21:00,11.094,11.12,11.092,11.111,5700.25,63311.93441
2026-09-15 19:22:00,11.111,11.143,11.103,11.142,2753.37,30588.95201
2026-09-15 19:23:00,11.142,11.168,11.137,11.14,2298.53,25633.00927
2026-09-15 19:24:00,11.14,11.142,11.11,11.122,2251.29,25033.79479
2026-09-15 19:25:00,11.124,11.134,11.11,11.125,2314.38,25735.24429
2026-09-15 19:26:00,11.125,11.142,11.108,11.113,4510.16,50174.59358
2026-09-15 19:27:00,11.113,11.117,11.107,11.107,954.08,10601.93145
2026-09-15 19:28:00,11.106,11.114,11.092,11.094,949.71,10548.69148
2026-09-15 19:29:00,11.094,11.098,11.077,11.085,802.55,8896.48831
2026-09-15 19:30:00,11.084,11.107,11.072,11.088,1581.58,17534.27659
2026-09-15 19:31:00,11.087,11.109,11.083,11.09,2196.65,24381.77474
2026-09-15 19:32:00,11.091,11.097,11.066,11.067,767.3,8503.62024
2026-09-15 19:33:00,11.068,11.108,11.051,11.096,5140.4,56962.56608
2026-09-15 19:34:00,11.097,11.101,11.074,11.074,2482.95,27517.86931
2026-09-15 19:35:00,11.074,11.082,11.066,11.073,11149.86,123445.56184
2026-09-15 19:36:00,11.075,11.089,11.072,11.087,1485.26,16455.43088
2026-09-15 19:37:00,11.087,11.087,11.068,11.069,2045.96,22665.49081
2026-09-15 19:38:00,11.069,11.099,11.061,11.099,1452.2,16079.9211
2026-09-15 19:39:00,11.098,11.108,11.091,11.107,2069.36,22966.40447
2026-09-15 19:40:00,11.106,11.112,11.097,11.107,4013.36,44558.62423
2026-09-15 19:41:00,11.107,11.111,11.06,11.062,7946.12,88128.44225
2026-09-15 19:42:00,11.061,11.064,11.053,11.06,1925.08,21288.53381
2026-09-15 19:43:00,11.06,11.07,11.051,11.061,2484.15,27476.7897
2026-09-15 19:44:00,11.061,11.067,11.053,11.053,1558.7,17241.39124
2026-09-15 19:45:00,11.053,11.069,11.042,11.061,2194.42,24249.68295
2026-09-15 19:46:00,11.06,11.062,11.049,11.052,929.67,10277.5442
2026-09-15 19:47:00,11.052,11.07,11.052,11.067,2201.19,24347.62821
2026-09-15 19:48:00,11.067,11.075,11.066,11.069,511.89,5666.69902
2026-09-15 19:49:00,11.069,11.074,11.061,11.067,1751.53,19383.34355
2026-09-15 19:50:00,11.067,11.077,11.058,11.061,4087.94,45256.38783
2026-09-15 19:51:00,11.06,11.071,11.055,11.067,1445.38,15993.47525
2026-09-15 19:52:00,11.067,11.074,11.06,11.06,585.19,6475.22871
2026-09-15 19:53:00,11.059,11.083,11.059,11.08,1064.06,11780.68047
2026-09-15 19:54:00,11.08,11.089,11.074,11.087,1218.81,13510.34868
2026-09-15 19:55:00,11.087,11.092,11.076,11.083,1849.55,20507.64402
2026-09-15 19:56:00,11.084,11.102,11.084,11.101,1051.44,11663.80808
2026-09-15 19:57:00,11.102,11.113,11.101,11.11,1152.1,12793.09758
2026-09-15 19:58:00,11.11,11.113,11.104,11.107,1616.96,17961.04887
2026-09-15 19:59:00,11.106,11.106,11.082,11.098,13395.17,148625.72044
2026-09-15 20:00:00,11.098,11.124,11.093,11.124,4182.17,46436.95405
2026-09-15 20:01:00,11.125,11.125,11.106,11.112,1387.23,15421.09455
2026-09-15 20:02:00,11.111,11.111,11.095,11.1,706.01,7838.12288
2026-09-15 20:03:00,11.099,11.099,11.07,11.079,1151.15,12757.10525
2026-09-15 20:04:00,11.078,11.078,11.06,11.062,1088.66,12048.77173
2026-09-15 20:05:00,11.063,11.07,11.048,11.052,1853.89,20499.5674
2026-09-15 20:06:00,11.052,11.052,11.035,11.043,1671.22,18451.00291
2026-09-15 20:07:00,11.042,11.048,11.033,11.045,927.9,10245.71412
2026-09-15 20:08:00,11.044,11.048,11.026,11.026,470.24,5190.7285
2026-09-15 20:09:00,11.026,11.036,11.026,11.036,369.8,4079.58029
2026-09-15 20:10:00,11.036,11.072,10.999,11.062,30242.48,333471.62609
2026-09-15 20:11:00,11.062,11.066,11.045,11.047,1065.72,11786.064
2026-09-15 20:12:00,11.047,11.066,11.042,11.042,982.2,10860.63618
2026-09-15 20:13:00,11.043,11.046,11.037,11.037,540.79,5971.98852
2026-09-15 20:14:00,11.037,11.055,11.037,11.055,1526.12,16857.37456
2026-09-15 20:15:00,11.055,11.055,11.031,11.033,3522.94,38883.80869
2026-09-15 20:16:00,11.033,11.042,11.03,11.037,2732.32,30152.44534
2026-09-15 20:17:00,11.037,11.04,11.028,11.039,818.76,9033.44558
2026-09-15 20:18:00,11.039,11.039,11.028,11.028,562.35,6203.92493
2026-09-15 20:19:00,11.027,11.033,11.018,11.023,2721.38,30008.09204
2026-09-15 20:20:00,11.024,11.028,11.002,11.004,1691.33,18628.69383
2026-09-15 20:21:00,11.004,11.006,10.976,10.977,10267.41,112820.63425
2026-09-15 20:22:00,10.977,10.988,10.943,10.966,29572.04,324168.43559
2026-09-15 20:23:00,10.965,10.975,10.953,10.963,9286.88,101819.23618
2026-09-15 20:24:00,10.964,10.983,10.962,10.979,4541.21,49824.94095
2026-09-15 20:25:00,10.98,10.987,10.956,10.956,6403.85,70276.40311
2026-09-15 20:26:00,10.955,10.96,10.94,10.956,7406.31,81114.9307
2026-09-15 20:27:00,10.954,10.963,10.95,10.954,3054.41,33466.05552
2026-09-15 20:28:00,10.955,10.961,10.94,10.953,4666.23,51093.00027
2026-09-15 20:29:00,10.952,10.952,10.939,10.94,931.9,10199.67427
2026-09-15 20:30:00,10.939,10.96,10.927,10.953,3601.19,39395.58875
2026-09-15 20:31:00,10.953,10.981,10.953,10.969,3782.06,41482.83858
2026-09-15 20:32:00,10.969,10.973,10.935,10.936,1308.36,14335.36133
2026-09-15 20:33:00,10.937,10.938,10.93,10.938,713.61,7802.89222
2026-09-15 20:34:00,10.938,10.949,10.937,10.949,1791.45,19607.35738
2026-09-15 20:35:00,10.949,10.961,10.945,10.961,2531.71,27721.45674
2026-09-15 20:36:00,10.961,10.984,10.953,10.983,2304.23,25271.59498
2026-09-15 20:37:00,10.983,10.998,10.983,10.987,2601.09,28583.9738
2026-09-15 20:38:00,10.988,11.006,10.975,10.985,5973.38,65672.77288
2026-09-15 20:39:00,10.984,10.984,10.946,10.959,2654.39,29075.06983
2026-09-15 20:40:00,10.959,10.98,10.959,10.98,1626.3,17840.59503
2026-09-15 20:41:00,10.98,10.98,10.968,10.971,170.07,1866.63693
2026-09-15 20:42:00,10.971,10.971,10.958,10.958,416.96,4571.70424
2026-09-15 20:43:00,10.958,10.974,10.958,10.965,1552.52,17030.09065
2026-09-15 20:44:00,10.964,10.978,10.957,10.978,523.85,5743.85618
2026-09-15 20:45:00,10.978,10.992,10.978,10.988,1745.53,19175.94106
2026-09-15 20:46:00,10.988,10.995,10.978,10.988,2667.83,29309.62799
2026-09-15 20:47:00,10.989,11.011,10.989,10.991,1628.14,17903.90002
2026-09-15 20:48:00,10.991,11.001,10.991,11.0,227.82,2505.03587
2026-09-15 20:49:00,11.0,11.029,11.0,11.028,734.95,8098.1895
2026-09-15 20:50:00,11.028,11.028,11.015,11.026,518.01,5710.02656
2026-09-15 20:51:00,11.025,11.025,11.009,11.017,1053.34,11605.76981
2026-09-15 20:52:00,11.016,11.016,11.004,11.004,564.96,6220.4037
2026-09-15 20:53:00,11.004,11.004,10.995,10.998,1593.58,17529.11307
2026-09-15 20:54:00,10.997,11.009,10.997,11.006,7165.44,78850.98813
2026-09-15 20:55:00,11.006,11.017,11.004,11.015,819.11,9016.83696
2026-09-15 20:56:00,11.015,11.015,10.997,10.999,1058.22,11644.38917
2026-09-15 20:57:00,10.999,11.0,10.998,10.998,216.9,2385.7118
2026-09-15 20:58:00,10.997,10.997,10.991,10.993,617.99,6794.16026
2026-09-15 20:59:00,10.994,10.999,10.994,10.998,272.58,2997.71188
2026-09-15 21:00:00,10.998,10.998,10.973,10.973,1241.11,13630.19456
2026-09-15 21:01:00,10.974,10.979,10.944,10.95,1259.53,13807.82085
2026-09-15 21:02:00,10.95,10.965,10.943,10.965,2037.53,22315.01802
2026-09-15 21:03:00,10.966,10.985,10.966,10.98,988.48,10847.83072
2026-09-15 21:04:00,10.98,10.98,10.96,10.96,833.27,9136.55554
2026-09-15 21:05:00,10.961,10.98,10.961,10.973,1138.59,12492.71339
2026-09-15 21:06:00,10.973,10.973,10.964,10.964,451.0,4945.88194
2026-09-15 21:07:00,10.964,10.964,10.952,10.956,172.89,1894.21224
2026-09-15 21:08:00,10.955,10.963,10.951,10.962,235.7,2581.69621
2026-09-15 21:09:00,10.962,10.963,10.957,10.957,176.37,1933.09877
2026-09-15 21:10:00,10.957,10.966,10.957,10.966,1126.26,12345.56103
2026-09-15 21:11:00,10.966,10.987,10.965,10.984,1289.51,14149.76522
2026-09-15 21:12:00,10.984,10.987,10.982,10.985,585.33,6429.8181
2026-09-15 21:13:00,10.985,11.004,10.985,11.004,853.35,9385.51343
2026-09-15 21:14:00,11.005,11.007,10.974,10.974,1496.67,16439.27753
2026-09-15 21:15:00,10.976,10.977,10.96,10.96,144.73,1587.73144
2026-09-15 21:16:00,10.959,10.979,10.951,10.976,2602.33,28531.05227
2026-09-15 21:17:00,10.977,10.981,10.974,10.979,583.18,6402.3881
2026-09-15 21:18:00,10.978,10.978,10.964,10.964,1405.52,15417.10769
2026-09-15 21:19:00,10.965,10.988,10.965,10.988,89.1,978.01173
2026-09-15 21:20:00,10.988,10.988,10.978,10.978,193.82,2128.78332
2026-09-15 21:21:00,10.979,10.979,10.949,10.958,3012.82,33020.791
2026-09-15 21:22:00,10.957,10.999,10.939,10.947,24995.26,274199.22295
2026-09-15 21:23:00,10.948,10.955,10.942,10.955,911.35,9977.5993
2026-09-15 21:24:00,10.956,10.956,10.949,10.949,293.53,3215.72864
2026-09-15 21:25:00,10.948,10.948,10.941,10.944,3957.57,43318.23211
2026-09-15 21:26:00,10.943,10.955,10.929,10.941,3118.91,34119.75632
2026-09-15 21:27:00,10.941,10.942,10.929,10.932,4337.79,47418.37108
2026-09-15 21:28:00,10.931,10.932,10.914,10.915,5355.07,58507.57059
2026-09-15 21:29:00,10.915,10.925,10.914,10.925,550.31,6008.32729
2026-09-15 21:30:00,10.925,10.931,10.925,10.927,405.62,4432.2858
2026-09-15 21:31:00,10.926,10.927,10.923,10.927,319.78,3493.39908
2026-09-15 21:32:00,10.928,10.952,10.927,10.948,1628.83,17828.06732
2026-09-15 21:33:00,10.947,10.957,10.946,10.957,319.24,3496.40366
2026-09-15 21:34:00,10.956,10.958,10.92,10.939,3595.29,39325.68754
2026-09-15 21:35:00,10.939,10.939,10.927,10.935,1011.76,11062.30313
2026-09-15 21:36:00,10.934,10.934,10.917,10.934,992.8,10847.95231
2026-09-15 21:37:00,10.934,10.948,10.934,10.948,876.93,9593.01517
2026-09-15 21:38:00,10.948,10.951,10.942,10.945,606.06,6635.05664
2026-09-15 21:39:00,10.946,10.957,10.946,10.954,595.43,6522.14314
2026-09-15 21:40:00,10.954,10.964,10.954,10.959,1581.95,17337.34418
2026-09-15 21:41:00,10.96,10.96,10.953,10.954,2176.55,23845.51197
2026-09-15 21:42:00,10.954,10.955,10.952,10.954,270.21,2959.76137
2026-09-15 21:43:00,10.954,10.958,10.946,10.955,461.98,5060.24115
2026-09-15 21:44:00,10.955,10.955,10.951,10.953,539.52,5909.15597
2026-09-15 21:45:00,10.954,10.954,10.951,10.951,216.94,2376.20434
2026-09-15 21:46:00,10.951,10.951,10.937,10.937,242.47,2653.31359
2026-09-15 21:47:00,10.938,10.943,10.938,10.943,163.48,1788.46388
2026-09-15 21:48:00,10.944,10.946,10.94,10.94,72.01,788.08696
2026-09-15 21:49:00,10.94,10.94,10.92,10.921,1092.89,11941.38579
2026-09-15 21:50:00,10.921,10.921,10.918,10.918,350.08,3822.61073
2026-09-15 21:51:00,10.919,10.921,10.89,10.907,2078.19,22663.06259
2026-09-15 21:52:00,10.908,10.913,10.906,10.907,571.37,6234.54237
2026-09-15 21:53:00,10.907,10.91,10.907,10.909,247.29,2697.68269
2026-09-15 21:54:00,10.909,10.913,10.909,10.913,230.49,2514.78573
2026-09-15 21:55:00,10.914,10.916,10.893,10.896,904.72,9866.08691
2026-09-15 21:56:00,10.895,10.899,10.892,10.899,907.7,9890.05775
2026-09-15 21:57:00,10.898,10.902,10.896,10.9,696.25,7588.40689
2026-09-15 21:58:00,10.901,10.901,10.885,10.885,825.45,8991.94568
2026-09-15 21:59:00,10.886,10.892,10.875,10.883,985.39,10725.88042
2026-09-15 22:00:00,10.883,10.891,10.854,10.887,5124.68,55722.60062
2026-09-15 22:01:00,10.881,10.881,10.868,10.879,740.8,8056.29948
2026-09-15 22:02:00,10.879,10.911,10.879,10.909,3127.81,34079.87213
2026-09-15 22:03:00,10.909,10.916,10.896,10.896,545.52,5947.15863
2026-09-15 22:04:00,10.897,10.904,10.893,10.893,218.6,2382.67283
2026-09-15 22:05:00,10.892,10.893,10.88,10.88,466.18,5074.53376
2026-09-15 22:06:00,10.881,10.881,10.862,10.87,4967.13,53973.29425
2026-09-15 22:07:00,10.87,10.877,10.864,10.877,1239.48,13477.04809
2026-09-15 22:08:00,10.877,10.882,10.863,10.876,731.27,7951.15197
2026-09-15 22:09:00,10.875,10.875,10.864,10.867,534.88,5813.67044
2026-09-15 22:10:00,10.867,10.878,10.86,10.878,2527.02,27462.56282
2026-09-15 22:11:00,10.879,10.884,10.867,10.876,694.89,7557.88126
2026-09-15 22:12:00,10.876,10.876,10.856,10.856,1535.44,16676.03656
2026-09-15 22:13:00,10.858,10.86,10.85,10.854,1823.78,19792.11315
2026-09-15 22:14:00,10.853,10.867,10.848,10.862,1489.95,16174.76045
2026-09-15 22:15:00,10.862,10.864,10.845,10.846,3156.68,34256.98974
2026-09-15 22:16:00,10.846,10.849,10.837,10.844,2255.58,24458.20585
2026-09-15 22:17:00,10.843,10.843,10.831,10.842,1201.45,13020.31648
2026-09-15 22:18:00,10.841,10.842,10.823,10.825,3157.87,34194.45512
2026-09-15 22:19:00,10.825,10.834,10.822,10.826,3627.61,39279.09817
2026-09-15 22:20:00,10.827,10.844,10.827,10.836,2266.34,24556.0651
2026-09-15 22:21:00,10.837,10.842,10.82,10.836,838.38,9082.08187
2026-09-15 22:22:00,10.837,10.842,10.837,10.838,490.01,5311.3047
2026-09-15 22:23:00,10.837,10.837,10.82,10.829,1760.68,19072.27336
2026-09-15 22:24:00,10.829,10.844,10.829,10.833,653.64,7084.18924
2026-09-15 22:25:00,10.832,10.849,10.829,10.849,1071.86,11612.71408
2026-09-15 22:26:00,10.849,10.881,10.848,10.88,2539.91,27599.33102
2026-09-15 22:27:00,10.877,10.889,10.876,10.887,1442.09,15692.75172
2026-09-15 22:28:00,10.886,10.887,10.874,10.884,356.38,3877.61975
2026-09-15 22:29:00,10.885,10.886,10.868,10.868,2270.74,24705.16405
2026-09-15 22:30:00,10.869,10.893,10.867,10.892,1033.69,11245.87084
2026-09-15 22:31:00,10.892,10.897,10.88,10.896,1141.48,12428.99173
2026-09-15 22:32:00,10.895,10.895,10.887,10.892,706.94,7699.49578
2026-09-15 22:33:00,10.893,10.904,10.877,10.9,2572.9,28031.15193
2026-09-15 22:34:00,10.9,10.908,10.894,10.903,779.9,8500.49212
2026-09-15 22:35:00,10.902,10.902,10.893,10.893,337.29,3675.16197
2026-09-15 22:36:00,10.892,10.892,10.882,10.888,437.17,4758.69261
2026-09-15 22:37:00,10.888,10.901,10.884,10.9,286.95,3125.42113
2026-09-15 22:38:00,10.9,10.91,10.9,10.91,938.76,10234.27237
2026-09-15 22:39:00,10.91,10.918,10.896,10.898,2645.28,28851.50455
2026-09-15 22:40:00,10.899,10.901,10.891,10.891,583.99,6363.26035
2026-09-15 22:41:00,10.89,10.894,10.884,10.885,245.75,2676.50961
2026-09-15 22:42:00,10.885,10.887,10.883,10.887,230.91,2513.61057
2026-09-15 22:43:00,10.888,10.897,10.885,10.886,1315.96,14329.84614
2026-09-15 22:44:00,10.887,10.891,10.885,10.885,419.59,4569.1246
2026-09-15 22:45:00,10.884,10.892,10.88,10.892,194.1,2112.47793
2026-09-15 22:46:00,10.892,10.911,10.892,10.911,640.66,6984.52634
2026-09-15 22:47:00,10.912,10.912,10.896,10.899,1142.4,12454.77684
2026-09-15 22:48:00,10.899,10.908,10.899,10.903,1053.42,11488.24646
2026-09-15 22:49:00,10.903,10.906,10.898,10.9,2944.51,32099.1009
2026-09-15 22:50:00,10.899,10.905,10.899,10.905,361.56,3941.6915
2026-09-15 22:51:00,10.905,10.919,10.905,10.919,2671.61,29144.96995
2026-09-15 22:52:00,10.918,10.919,10.914,10.917,1020.78,11141.6748
2026-09-15 22:53:00,10.917,10.918,10.916,10.916,357.91,3907.29527
2026-09-15 22:54:00,10.916,10.921,10.915,10.918,961.89,10500.78233
2026-09-15 22:55:00,10.918,10.919,10.916,10.917,1378.77,15054.41021
2026-09-15 22:56:00,10.917,10.918,10.904,10.914,1135.6,12390.51114
2026-09-15 22:57:00,10.914,10.923,10.913,10.923,1557.56,17005.78659
2026-09-15 22:58:00,10.923,10.929,10.917,10.917,1022.2,11166.11838
2026-09-15 22:59:00,10.917,10.917,10.9,10.902,729.17,7952.4448
2026-09-15 23:00:00,10.903,10.928,10.902,10.928,483.94,5280.61254
2026-09-15 23:01:00,10.928,10.928,10.924,10.927,396.61,4333.41623
2026-09-15 23:02:00,10.927,10.927,10.916,10.921,400.16,4370.30724
2026-09-15 23:03:00,10.922,10.928,10.921,10.928,493.88,5395.22418
2026-09-15 23:04:00,10.928,10.936,10.928,10.936,290.07,3171.26095
2026-09-15 23:05:00,10.936,10.938,10.931,10.937,906.4,9911.85774
2026-09-15 23:06:00,10.936,10.946,10.934,10.944,898.61,9831.97847
2026-09-15 23:07:00,10.945,10.948,10.942,10.942,438.84,4803.50947
2026-09-15 23:08:00,10.941,10.946,10.937,10.945,4196.76,45912.48663
2026-09-15 23:09:00,10.944,10.956,10.942,10.95,2027.52,22205.60678
2026-09-15 23:10:00,10.95,10.955,10.95,10.955,244.65,2679.31645
2026-09-15 23:11:00,10.956,10.978,10.956,10.977,716.23,7856.74947
2026-09-15 23:12:00,10.976,10.98,10.967,10.971,439.25,4819.71243
2026-09-15 23:13:00,10.972,10.979,10.971,10.977,2102.73,23080.24389
2026-09-15 23:14:00,10.978,10.989,10.978,10.987,377.75,4150.1206
2026-09-15 23:15:00,10.988,10.991,10.984,10.988,430.62,4731.63845
2026-09-15 23:16:00,10.987,10.994,10.984,10.99,1080.9,11879.84338
2026-09-15 23:17:00,10.989,10.992,10.984,10.992,724.41,7959.62745
2026-09-15 23:18:00,10.993,10.993,10.983,10.984,447.13,4912.61721
2026-09-15 23:19:00,10.984,10.991,10.984,10.987,446.91,4910.83262
2026-09-15 23:20:00,10.987,10.987,10.979,10.982,369.76,4060.10248
2026-09-15 23:21:00,10.981,10.981,10.976,10.978,257.53,2827.0473
2026-09-15 23:22:00,10.978,10.988,10.975,10.976,1217.1,13367.28219
2026-09-15 23:23:00,10.976,10.978,10.975,10.975,208.33,2286.67345
2026-09-15 23:24:00,10.976,10.976,10.962,10.97,1426.06,15636.40062
2026-09-15 23:25:00,10.97,10.974,10.964,10.965,797.0,8743.18739
2026-09-15 23:26:00,10.964,10.964,10.957,10.957,864.79,9477.59538
2026-09-15 23:27:00,10.957,10.957,10.951,10.951,285.85,3131.01798
2026-09-15 23:28:00,10.95,10.962,10.947,10.957,3403.25,37286.51734
2026-09-15 23:29:00,10.958,10.958,10.937,10.94,1081.2,11830.86576
2026-09-15 23:30:00,10.94,10.94,10.914,10.917,2025.96,22137.96143
2026-09-15 23:31:00,10.917,10.919,10.911,10.911,380.3,4151.9591
2026-09-15 23:32:00,10.91,10.911,10.891,10.908,1649.28,17977.25036
2026-09-15 23:33:00,10.909,10.917,10.909,10.917,427.44,4664.99517
2026-09-15 23:34:00,10.917,10.927,10.908,10.908,3474.97,37940.40637
2026-09-15 23:35:00,10.908,10.91,10.902,10.91,759.37,8281.54449
2026-09-15 23:36:00,10.909,10.909,10.897,10.9,922.8,10059.13739
2026-09-15 23:37:00,10.9,10.9,10.889,10.889,2283.47,24879.86069
2026-09-15 23:38:00,10.89,10.89,10.884,10.886,473.01,5149.48141
2026-09-15 23:39:00,10.887,10.891,10.882,10.885,1940.09,21125.03793
2026-09-15 23:40:00,10.885,10.901,10.881,10.898,4686.9,51050.27086
2026-09-15 23:41:00,10.899,10.912,10.899,10.911,928.29,10124.67933
2026-09-15 23:42:00,10.911,10.912,10.905,10.911,1452.13,15839.45731
2026-09-15 23:43:00,10.912,10.932,10.912,10.925,1784.57,19494.0932
2026-09-15 23:44:00,10.926,10.927,10.921,10.923,2390.85,26115.00354
2026-09-15 23:45:00,10.923,10.925,10.917,10.925,786.06,8583.80754
2026-09-15 23:46:00,10.926,10.929,10.924,10.926,503.1,5496.89966
2026-09-15 23:47:00,10.926,10.926,10.906,10.906,4971.17,54265.67344
2026-09-15 23:48:00,10.906,10.909,10.905,10.909,244.67,2668.29577
2026-09-15 23:49:00,10.908,10.908,10.902,10.902,69.94,762.68593
2026-09-15 23:50:00,10.901,10.904,10.894,10.904,431.35,4701.11165
2026-09-15 23:51:00,10.905,10.909,10.894,10.896,286.08,3118.70348
2026-09-15 23:52:00,10.896,10.896,10.892,10.893,590.45,6432.38369
2026-09-15 23:53:00,10.893,10.903,10.893,10.897,709.86,7736.71515
2026-09-15 23:54:00,10.897,10.897,10.893,10.896,197.63,2153.01152
2026-09-15 23:55:00,10.896,10.896,10.894,10.896,147.62,1608.30796
2026-09-15 23:56:00,10.895,10.895,10.886,10.886,262.12,2853.92963
2026-09-15 23:57:00,10.886,10.891,10.886,10.891,230.99,2515.11636
2026-09-15 23:58:00,10.891,10.897,10.891,10.897,461.59,5029.0898
2026-09-15 23:59:00,10.897,10.897,10.884,10.887,849.85,9255.09482
2026-09-16 00:00:00,10.888,10.891,10.888,10.891,1383.7,15067.39696
2026-09-16 00:01:00,10.891,10.892,10.877,10.882,2483.5,27025.29505
2026-09-16 00:02:00,10.883,10.893,10.878,10.893,1568.63,17075.51806
2026-09-16 00:03:00,10.893,10.908,10.893,10.901,589.28,6424.57679
2026-09-16 00:04:00,10.901,10.914,10.901,10.912,2427.72,26481.08395
2026-09-16 00:05:00,10.911,10.922,10.909,10.922,1074.89,11732.77848
2026-09-16 00:06:00,10.922,10.927,10.916,10.925,1343.51,14672.04139
2026-09-16 00:07:00,10.925,10.925,10.91,10.915,435.81,4757.73415
2026-09-16 00:08:00,10.915,10.918,10.909,10.915,1181.8,12896.50974
2026-09-16 00:09:00,10.914,10.914,10.901,10.901,315.25,3438.93371
2026-09-16 00:10:00,10.901,10.901,10.894,10.896,460.18,5014.70044
2026-09-16 00:11:00,10.896,10.909,10.896,10.909,184.39,2010.2771
2026-09-16 00:12:00,10.909,10.914,10.905,10.914,253.02,2760.44335
2026-09-16 00:13:00,10.913,10.913,10.897,10.898,883.19,9630.00954
2026-09-16 00:14:00,10.899,10.903,10.899,10.9,114.36,1246.55577
2026-09-16 00:15:00,10.9,10.907,10.891,10.907,418.78,4563.80224
2026-09-16 00:16:00,10.907,10.917,10.903,10.917,779.33,8504.81356
2026-09-16 00:17:00,10.918,10.921,10.918,10.918,90.3,986.01212
2026-09-16 00:18:00,10.918,10.922,10.917,10.922,86.98,949.71651
2026-09-16 00:19:00,10.921,10.924,10.917,10.924,228.24,2492.33856
2026-09-16 00:20:00,10.923,10.925,10.922,10.922,145.4,1588.13213
2026-09-16 00:21:00,10.922,10.924,10.915,10.916,383.44,4186.98247
2026-09-16 00:22:00,10.916,10.922,10.909,10.916,2877.75,31414.43428
2026-09-16 00:23:00,10.916,10.93,10.916,10.93,1207.53,13190.26259
2026-09-16 00:24:00,10.93,10.931,10.928,10.928,434.24,4745.6382
2026-09-16 00:25:00,10.928,10.928,10.923,10.926,674.1,7365.1641
2026-09-16 00:26:00,10.926,10.93,10.926,10.93,45.23,494.2431
2026-09-16 00:27:00,10.93,10.935,10.926,10.926,800.47,8751.25442
2026-09-16 00:28:00,10.927,10.927,10.91,10.917,2735.37,29869.96505
2026-09-16 00:29:00,10.918,10.928,10.918,10.928,305.55,3337.56992
2026-09-16 00:30:00,10.929,10.932,10.927,10.929,127.93,1398.23069
2026-09-16 00:31:00,10.93,10.93,10.927,10.927,165.15,1804.90899
2026-09-16 00:32:00,10.926,10.933,10.925,10.929,1089.23,11904.0799
2026-09-16 00:33:00,10.93,10.936,10.929,10.929,1144.92,12518.05148
2026-09-16 00:34:00,10.929,10.931,10.918,10.918,1598.14,17460.19467
2026-09-16 00:35:00,10.918,10.922,10.917,10.92,226.23,2470.00457
2026-09-16 00:36:00,10.92,10.924,10.913,10.916,571.91,6244.49925
2026-09-16 00:37:00,10.917,10.923,10.917,10.922,265.41,2898.68759
2026-09-16 00:38:00,10.922,10.926,10.922,10.923,391.49,4276.4676
2026-09-16 00:39:00,10.923,10.94,10.923,10.94,1021.01,11159.26045
2026-09-16 00:40:00,10.939,10.939,10.925,10.925,633.16,6920.83961
2026-09-16 00:41:00,10.925,10.929,10.922,10.922,742.42,8112.1768
2026-09-16 00:42:00,10.923,10.925,10.919,10.919,508.49,5554.30372
2026-09-16 00:43:00,10.918,10.918,10.913,10.914,231.32,2524.55689
2026-09-16 00:44:00,10.914,10.918,10.914,10.917,144.85,1581.15782
2026-09-16 00:45:00,10.918,10.925,10.911,10.911,587.62,6414.39633
2026-09-16 00:46:00,10.911,10.911,10.899,10.899,468.59,5110.49117
2026-09-16 00:47:00,10.9,10.911,10.899,10.911,1787.66,19494.67983
2026-09-16 00:48:00,10.912,10.927,10.91,10.927,619.23,6758.89611
2026-09-16 00:49:00,10.928,10.928,10.915,10.92,465.69,5084.84312
2026-09-16 00:50:00,10.919,10.919,10.91,10.91,283.75,3097.26626
2026-09-16 00:51:00,10.91,10.917,10.91,10.915,346.09,3777.07662
2026-09-16 00:52:00,10.916,10.925,10.9,10.907,3446.38,37616.98411
2026-09-16 00:53:00,10.908,10.913,10.905,10.905,292.98,3196.3362
2026-09-16 00:54:00,10.905,10.906,10.905,10.906,122.71,1338.18398
2026-09-16 00:55:00,10.905,10.908,10.903,10.908,468.94,5113.8793
2026-09-16 00:56:00,10.908,10.909,10.906,10.908,252.3,2752.04185
2026-09-16 00:57:00,10.909,10.913,10.903,10.903,1174.24,12811.47761
2026-09-16 00:58:00,10.903,10.915,10.903,10.915,3047.62,33246.79865
2026-09-16 00:59:00,10.916,10.918,10.907,10.907,377.61,4121.69653
2026-09-16 01:00:00,10.908,10.922,10.908,10.915,674.81,7365.72229
2026-09-16 01:01:00,10.915,10.93,10.915,10.918,925.42,10109.23787
2026-09-16 01:02:00,10.917,10.919,10.909,10.909,292.12,3188.66504
2026-09-16 01:03:00,10.908,10.911,10.906,10.906,344.92,3762.68287
2026-09-16 01:04:00,10.905,10.905,10.883,10.892,3402.18,37077.60154
2026-09-16 01:05:00,10.892,10.895,10.89,10.893,381.33,4153.57996
2026-09-16 01:06:00,10.894,10.899,10.893,10.899,1057.16,11519.83134
2026-09-16 01:07:00,10.899,10.904,10.894,10.896,2268.75,24727.90438
2026-09-16 01:08:00,10.895,10.895,10.89,10.894,283.02,3082.52262
2026-09-16 01:09:00,10.895,10.896,10.892,10.895,554.1,6036.68023
2026-09-16 01:10:00,10.894,10.905,10.892,10.905,910.8,9925.79726
2026-09-16 01:11:00,10.906,10.914,10.906,10.909,670.27,7312.12701
2026-09-16 01:12:00,10.909,10.909,10.886,10.891,676.85,7376.59991
2026-09-16 01:13:00,10.891,10.9,10.889,10.895,706.84,7700.52044
2026-09-16 01:14:00,10.896,10.909,10.896,10.905,760.99,8298.21665
2026-09-16 01:15:00,10.905,10.905,10.895,10.898,674.37,7350.18557
2026-09-16 01:16:00,10.898,10.902,10.898,10.901,635.63,6928.27575
2026-09-16 01:17:00,10.9,10.9,10.891,10.893,588.91,6414.79656
2026-09-16 01:18:00,10.893,10.895,10.89,10.895,348.18,3792.29811
2026-09-16 01:19:00,10.896,10.899,10.896,10.898,523.86,5708.76465
2026-09-16 01:20:00,10.897,10.898,10.894,10.898,150.34,1637.95592
2026-09-16 01:21:00,10.898,10.909,10.898,10.903,683.42,7452.36156
2026-09-16 01:22:00,10.903,10.909,10.903,10.905,1094.17,11932.78693
2026-09-16 01:23:00,10.905,10.916,10.902,10.906,2289.53,24975.47199
2026-09-16 01:24:00,10.906,10.915,10.906,10.915,687.51,7501.39434
2026-09-16 01:25:00,10.915,10.921,10.915,10.918,584.12,6377.4659
2026-09-16 01:26:00,10.919,10.92,10.91,10.91,359.18,3920.59863
2026-09-16 01:27:00,10.909,10.909,10.906,10.908,112.73,1229.52167
2026-09-16 01:28:00,10.908,10.914,10.907,10.914,536.7,5855.05213
2026-09-16 01:29:00,10.915,10.915,10.895,10.895,2989.1,32598.72587
2026-09-16 01:30:00,10.895,10.897,10.894,10.894,271.4,2956.78163
2026-09-16 01:31:00,10.893,10.896,10.883,10.883,375.33,4087.78317
2026-09-16 01:32:00,10.883,10.883,10.873,10.874,1169.18,12715.70393
2026-09-16 01:33:00,10.874,10.874,10.861,10.862,1045.12,11358.18313
2026-09-16 01:34:00,10.862,10.862,10.859,10.859,220.02,2389.41476
2026-09-16 01:35:00,10.858,10.876,10.856,10.87,4380.79,47604.67235
2026-09-16 01:36:00,10.869,10.869,10.847,10.847,1599.96,17371.21056
2026-09-16 01:37:00,10.847,10.849,10.829,10.83,6082.03,65912.52141
2026-09-16 01:38:00,10.83,10.831,10.827,10.831,1156.04,12518.49528
2026-09-16 01:39:00,10.831,10.835,10.812,10.812,4644.96,50253.91499
2026-09-16 01:40:00,10.813,10.834,10.813,10.834,1310.49,14179.92967
2026-09-16 01:41:00,10.834,10.846,10.834,10.843,1647.38,17861.6135
2026-09-16 01:42:00,10.844,10.846,10.843,10.844,1211.91,13142.02817
2026-09-16 01:43:00,10.843,10.847,10.84,10.847,1490.51,16160.36097
2026-09-16 01:44:00,10.846,10.851,10.845,10.849,351.89,3817.1235
2026-09-16 01:45:00,10.849,10.855,10.846,10.851,851.0,9233.21347
2026-09-16 01:46:00,10.851,10.853,10.834,10.837,576.1,6245.76686
2026-09-16 01:47:00,10.838,10.841,10.82,10.824,5267.23,57036.32153
2026-09-16 01:48:00,10.824,10.826,10.814,10.822,4548.21,49215.39275
2026-09-16 01:49:00,10.821,10.823,10.82,10.822,759.15,8215.19282
2026-09-16 01:50:00,10.822,10.822,10.803,10.805,2684.0,29011.60695
2026-09-16 01:51:00,10.805,10.809,10.801,10.801,1556.82,16822.02205
2026-09-16 01:52:00,10.802,10.805,10.8,10.804,4214.37,45524.43891
2026-09-16 01:53:00,10.805,10.806,10.802,10.805,1136.64,12280.34419
2026-09-16 01:54:00,10.804,10.804,10.77,10.786,9146.23,98711.61658
2026-09-16 01:55:00,10.785,10.795,10.783,10.784,6039.79,65167.17268
2026-09-16 01:56:00,10.784,10.801,10.784,10.795,5836.18,62987.03403
2026-09-16 01:57:00,10.795,10.797,10.793,10.794,809.74,8740.89202
2026-09-16 01:58:00,10.795,10.798,10.793,10.797,1405.69,15175.27534
2026-09-16 01:59:00,10.796,10.796,10.789,10.79,756.62,8165.7545
2026-09-16 02:00:00,10.789,10.803,10.786,10.789,5789.46,62491.69055
2026-09-16 02:01:00,10.788,10.797,10.785,10.797,2090.22,22552.43529
2026-09-16 02:02:00,10.797,10.813,10.794,10.812,1225.88,13241.95063
2026-09-16 02:03:00,10.813,10.821,10.809,10.809,1849.06,19995.36705
2026-09-16 02:04:00,10.808,10.81,10.8,10.81,1050.7,11352.36273
2026-09-16 02:05:00,10.811,10.817,10.805,10.816,2569.74,27787.94917
2026-09-16 02:06:00,10.816,10.821,10.804,10.806,3882.7,41984.14597
2026-09-16 02:07:00,10.806,10.806,10.798,10.802,454.08,4905.29855
2026-09-16 02:08:00,10.802,10.806,10.8,10.8,779.19,8417.55628
2026-09-16 02:09:00,10.801,10.802,10.797,10.801,412.3,4452.58917
2026-09-16 02:10:00,10.8,10.808,10.8,10.802,713.22,7705.59919
2026-09-16 02:11:00,10.801,10.801,10.781,10.787,2089.06,22529.21459
2026-09-16 02:12:00,10.787,10.796,10.778,10.794,3600.95,38844.37818
2026-09-16 02:13:00,10.795,10.817,10.795,10.817,949.24,10255.845
2026-09-16 02:14:00,10.817,10.82,10.814,10.82,628.26,6795.47738
2026-09-16 02:15:00,10.819,10.84,10.818,10.839,712.14,7710.83534
2026-09-16 02:16:00,10.84,10.851,10.839,10.85,301.31,3267.75965
2026-09-16 02:17:00,10.85,10.864,10.848,10.861,3447.34,37425.93085
2026-09-16 02:18:00,10.862,10.865,10.851,10.854,348.49,3784.42753
2026-09-16 02:19:00,10.854,10.871,10.854,10.867,638.49,6936.10417
2026-09-16 02:20:00,10.867,10.871,10.867,10.871,281.11,3055.37199
2026-09-16 02:21:00,10.872,10.872,10.86,10.86,174.09,1892.01301
2026-09-16 02:22:00,10.861,10.863,10.86,10.863,490.53,5327.96214
2026-09-16 02:23:00,10.862,10.862,10.853,10.853,648.59,7042.11036
2026-09-16 02:24:00,10.853,10.862,10.853,10.861,534.67,5805.64118
2026-09-16 02:25:00,10.861,10.868,10.861,10.864,444.21,4826.06027
2026-09-16 02:26:00,10.863,10.864,10.862,10.863,177.04,1923.04294
2026-09-16 02:27:00,10.864,10.868,10.864,10.865,365.71,3973.82116
2026-09-16 02:28:00,10.866,10.87,10.866,10.867,396.32,4307.20277
2026-09-16 02:29:00,10.867,10.876,10.867,10.876,1551.19,16861.40434
2026-09-16 02:30:00,10.876,10.906,10.876,10.9,1727.28,18811.36063
2026-09-16 02:31:00,10.899,10.911,10.899,10.906,1508.84,16454.83708
2026-09-16 02:32:00,10.907,10.915,10.907,10.908,619.75,6762.27693
2026-09-16 02:33:00,10.907,10.907,10.902,10.902,832.92,9082.31232
2026-09-16 02:34:00,10.903,10.915,10.903,10.913,829.52,9046.49473
2026-09-16 02:35:00,10.913,10.923,10.913,10.923,513.19,5603.28311
2026-09-16 02:36:00,10.923,10.937,10.923,10.924,1365.79,14928.94971
2026-09-16 02:37:00,10.923,10.923,10.915,10.916,559.2,6106.0763
2026-09-16 02:38:00,10.916,10.921,10.916,10.921,251.32,2744.02617
2026-09-16 02:39:00,10.921,10.927,10.921,10.923,370.22,4044.66286
2026-09-16 02:40:00,10.924,10.926,10.918,10.918,555.69,6068.34489
2026-09-16 02:41:00,10.917,10.92,10.914,10.918,455.5,4972.89928
2026-09-16 02:42:00,10.918,10.918,10.9,10.9,1035.55,11297.1717
2026-09-16 02:43:00,10.9,10.906,10.898,10.898,646.92,7052.88803
2026-09-16 02:44:00,10.898,10.902,10.894,10.897,1255.5,13681.78787
2026-09-16 02:45:00,10.897,10.898,10.892,10.892,446.71,4866.83699
2026-09-16 02:46:00,10.891,10.898,10.891,10.896,316.5,3448.22028
2026-09-16 02:47:00,10.896,10.896,10.891,10.892,288.89,3146.94888
2026-09-16 02:48:00,10.893,10.895,10.892,10.895,71.53,779.18811
2026-09-16 02:49:00,10.895,10.901,10.895,10.898,450.47,4909.41939
2026-09-16 02:50:00,10.898,10.899,10.888,10.888,2154.81,23464.38381
2026-09-16 02:51:00,10.889,10.892,10.888,10.889,562.78,6128.29122
2026-09-16 02:52:00,10.889,10.889,10.879,10.879,1727.5,18806.71652
2026-09-16 02:53:00,10.879,10.881,10.877,10.881,854.66,9296.85574
2026-09-16 02:54:00,10.88,10.881,10.874,10.875,761.9,8286.48392
2026-09-16 02:55:00,10.874,10.875,10.87,10.87,900.79,9794.01188
2026-09-16 02:56:00,10.87,10.874,10.851,10.853,1341.2,14565.179
2026-09-16 02:57:00,10.853,10.86,10.846,10.859,3567.63,38712.15939
2026-09-16 02:58:00,10.86,10.871,10.86,10.87,761.35,8273.91794
2026-09-16 02:59:00,10.871,10.872,10.865,10.865,2085.49,22666.64657
2026-09-16 03:00:00,10.866,10.872,10.858,10.871,676.91,7354.29097
2026-09-16 03:01:00,10.872,10.887,10.872,10.887,553.15,6018.4799
2026-09-16 03:02:00,10.888,10.891,10.886,10.891,603.83,6574.89392
2026-09-16 03:03:00,10.891,10.891,10.866,10.883,5751.7,62568.85469
2026-09-16 03:04:00,10.884,10.886,10.873,10.875,937.91,10205.89327
2026-09-16 03:05:00,10.875,10.878,10.873,10.876,371.49,4040.26704
2026-09-16 03:06:00,10.877,10.877,10.872,10.872,1526.83,16604.64846
2026-09-16 03:07:00,10.872,10.873,10.862,10.862,811.66,8820.72181
2026-09-16 03:08:00,10.863,10.864,10.857,10.857,728.85,7915.11002
2026-09-16 03:09:00,10.858,10.87,10.853,10.864,3781.65,41081.52819
2026-09-16 03:10:00,10.864,10.873,10.864,10.864,2082.47,22631.55202
2026-09-16 03:11:00,10.864,10.883,10.864,10.883,568.83,6184.97105
2026-09-16 03:12:00,10.884,10.889,10.883,10.887,541.2,5892.26766
2026-09-16 03:13:00,10.887,10.899,10.887,10.899,327.18,3564.41848
2026-09-16 03:14:00,10.899,10.904,10.899,10.904,156.02,1700.61792
2026-09-16 03:15:00,10.904,10.908,10.904,10.907,387.63,4227.82673
2026-09-16 03:16:00,10.908,10.922,10.908,10.922,294.78,3218.05764
2026-09-16 03:17:00,10.922,10.926,10.921,10.926,143.68,1569.42246
2026-09-16 03:18:00,10.926,10.932,10.924,10.925,2342.04,25594.42124
2026-09-16 03:19:00,10.926,10.929,10.909,10.913,4741.73,51770.5612
2026-09-16 03:20:00,10.913,10.916,10.912,10.915,767.23,8373.76087
2026-09-16 03:21:00,10.916,10.92,10.912,10.92,731.47,7984.90803
2026-09-16 03:22:00,10.919,10.929,10.918,10.919,1983.84,21672.19344
2026-09-16 03:23:00,10.919,10.922,10.919,10.921,655.16,7154.98339
2026-09-16 03:24:00,10.92,10.92,10.912,10.913,623.8,6808.59552
2026-09-16 03:25:00,10.914,10.914,10.896,10.899,3723.22,40602.04877
2026-09-16 03:26:00,10.9,10.904,10.898,10.899,1461.18,15928.94346
2026-09-16 03:27:00,10.898,10.898,10.887,10.887,763.37,8315.48326
2026-09-16 03:28:00,10.887,10.892,10.881,10.881,1464.51,15944.82749
2026-09-16 03:29:00,10.881,10.882,10.871,10.872,891.51,9698.65833
2026-09-16 03:30:00,10.872,10.875,10.862,10.862,617.35,6710.92038
2026-09-16 03:31:00,10.862,10.876,10.857,10.873,4734.35,51452.57217
2026-09-16 03:32:00,10.874,10.883,10.874,10.883,142.31,1548.26589
2026-09-16 03:33:00,10.884,10.886,10.874,10.874,300.36,3268.60121
2026-09-16 03:34:00,10.873,10.873,10.864,10.864,411.4,4470.58865
2026-09-16 03:35:00,10.863,10.863,10.858,10.858,52.29,567.84559
2026-09-16 03:36:00,10.857,10.857,10.848,10.848,343.95,3732.38992
2026-09-16 03:37:00,10.847,10.847,10.838,10.838,172.87,1874.25994
2026-09-16 03:38:00,10.838,10.838,10.833,10.834,381.41,4132.76347
2026-09-16 03:39:00,10.835,10.846,10.834,10.835,357.33,3872.9972
2026-09-16 03:40:00,10.834,10.847,10.834,10.844,731.05,7925.76178
2026-09-16 03:41:00,10.843,10.843,10.832,10.833,494.55,5359.00809
2026-09-16 03:42:00,10.832,10.832,10.821,10.823,639.91,6926.16855
2026-09-16 03:43:00,10.822,10.84,10.822,10.84,521.31,5645.03388
2026-09-16 03:44:00,10.841,10.847,10.84,10.84,658.85,7144.34474
2026-09-16 03:45:00,10.841,10.846,10.838,10.844,866.44,9392.90818
2026-09-16 03:46:00,10.843,10.843,10.833,10.835,192.14,2081.95487
2026-09-16 03:47:00,10.834,10.834,10.827,10.828,128.7,1394.17749
2026-09-16 03:48:00,10.827,10.832,10.826,10.832,89.59,970.23052
2026-09-16 03:49:00,10.833,10.837,10.832,10.832,277.6,3007.35153
2026-09-16 03:50:00,10.831,10.832,10.824,10.831,859.17,9302.86337
2026-09-16 03:51:00,10.831,10.831,10.825,10.825,145.96,1580.47392
2026-09-16 03:52:00,10.826,10.827,10.826,10.826,217.52,2354.87583
2026-09-16 03:53:00,10.827,10.838,10.827,10.836,308.29,3340.1847
2026-09-16 03:54:00,10.836,10.836,10.834,10.834,54.89,594.72377
2026-09-16 03:55:00,10.834,10.84,10.834,10.84,345.07,3739.10178
2026-09-16 03:56:00,10.839,10.842,10.838,10.84,197.04,2135.81129
2026-09-16 03:57:00,10.841,10.841,10.84,10.84,194.73,2110.9602
2026-09-16 03:58:00,10.839,10.84,10.825,10.826,4660.85,50481.45373
2026-09-16 03:59:00,10.826,10.83,10.825,10.826,839.04,9084.24225
2026-09-16 04:00:00,10.825,10.828,10.82,10.828,2281.49,24691.51788
2026-09-16 04:01:00,10.828,10.828,10.815,10.815,1668.48,18056.78361
2026-09-16 04:02:00,10.814,10.823,10.814,10.823,461.38,4991.10034
2026-09-16 04:03:00,10.822,10.836,10.822,10.834,933.8,10113.898
2026-09-16 04:04:00,10.834,10.851,10.834,10.849,706.65,7664.56775
2026-09-16 04:05:00,10.848,10.848,10.839,10.841,625.18,6777.21967
2026-09-16 04:06:00,10.841,10.845,10.841,10.843,448.11,4858.60752
2026-09-16 04:07:00,10.843,10.843,10.841,10.841,135.77,1472.01378
2026-09-16 04:08:00,10.842,10.846,10.842,10.846,105.39,1142.85716
2026-09-16 04:09:00,10.847,10.847,10.842,10.842,183.94,1994.6954
2026-09-16 04:10:00,10.842,10.85,10.842,10.85,289.68,3142.01066
2026-09-16 04:11:00,10.85,10.858,10.85,10.858,1441.32,15646.94161
2026-09-16 04:12:00,10.857,10.857,10.846,10.846,1130.35,12264.92373
2026-09-16 04:13:00,10.845,10.854,10.845,10.854,880.2,9547.50882
2026-09-16 04:14:00,10.854,10.857,10.854,10.856,66.25,719.16902
2026-09-16 04:15:00,10.855,10.855,10.833,10.835,4735.3,51329.48813
2026-09-16 04:16:00,10.835,10.838,10.826,10.828,14548.7,157562.27813
2026-09-16 04:17:00,10.828,10.834,10.828,10.834,238.22,2579.92968
2026-09-16 04:18:00,10.834,10.836,10.831,10.831,1092.43,11834.81607
2026-09-16 04:19:00,10.83,10.83,10.81,10.812,4194.8,45366.37465
2026-09-16 04:20:00,10.813,10.837,10.81,10.837,11110.76,120226.31593
2026-09-16 04:21:00,10.837,10.87,10.826,10.854,15410.53,166996.20733
2026-09-16 04:22:00,10.853,10.853,10.837,10.851,1049.5,11381.92912
2026-09-16 04:23:00,10.85,10.869,10.85,10.866,1485.77,16136.79843
2026-09-16 04:24:00,10.865,10.87,10.858,10.864,1111.67,12076.87542
2026-09-16 04:25:00,10.863,10.863,10.855,10.856,1028.02,11162.99166
2026-09-16 04:26:00,10.855,10.857,10.853,10.857,464.21,5038.61907
2026-09-16 04:27:00,10.857,10.857,10.835,10.84,4064.44,44080.16176
2026-09-16 04:28:00,10.84,10.84,10.828,10.831,973.17,10543.72627
2026-09-16 04:29:00,10.832,10.844,10.832,10.838,1401.46,15189.64166
2026-09-16 04:30:00,10.837,10.837,10.828,10.832,348.46,3774.01989
2026-09-16 04:31:00,10.833,10.835,10.83,10.831,364.74,3951.1547
2026-09-16 04:32:00,10.831,10.835,10.828,10.828,2013.72,21811.46118
2026-09-16 04:33:00,10.828,10.828,10.823,10.823,92.53,1001.59048
2026-09-16 04:34:00,10.823,10.843,10.823,10.843,4318.46,46783.38185
2026-09-16 04:35:00,10.843,10.843,10.84,10.842,627.38,6801.46161
2026-09-16 04:36:00,10.843,10.843,10.835,10.842,1092.81,11844.84811
2026-09-16 04:37:00,10.841,10.849,10.839,10.849,1087.27,11787.59294
2026-09-16 04:38:00,10.849,10.857,10.849,10.855,516.01,5599.93985
2026-09-16 04:39:00,10.855,10.869,10.855,10.867,329.14,3575.2143
2026-09-16 04:40:00,10.868,10.873,10.868,10.873,111.85,1215.94835
2026-09-16 04:41:00,10.874,10.881,10.873,10.878,707.71,7698.22564
2026-09-16 04:42:00,10.878,10.882,10.876,10.88,704.63,7665.87834
2026-09-16 04:43:00,10.88,10.88,10.853,10.856,4737.56,51463.54867
2026-09-16 04:44:00,10.856,10.856,10.85,10.852,370.08,4016.07773
2026-09-16 04:45:00,10.853,10.864,10.853,10.864,650.76,7066.38219
2026-09-16 04:46:00,10.864,10.865,10.852,10.852,456.31,4956.85384
2026-09-16 04:47:00,10.852,10.853,10.847,10.849,199.22,2161.9064
2026-09-16 04:48:00,10.849,10.849,10.843,10.843,169.66,1840.08852
2026-09-16 04:49:00,10.843,10.846,10.84,10.846,756.37,8201.83306
2026-09-16 04:50:00,10.847,10.847,10.841,10.841,833.94,9044.03589
2026-09-16 04:51:00,10.84,10.84,10.832,10.833,370.97,4018.89572
2026-09-16 04:52:00,10.833,10.834,10.829,10.832,88.8,961.8132
2026-09-16 04:53:00,10.833,10.834,10.83,10.83,49.93,540.8734
2026-09-16 04:54:00,10.83,10.83,10.827,10.829,394.28,4269.86241
2026-09-16 04:55:00,10.829,10.83,10.827,10.83,256.83,2780.95301
2026-09-16 04:56:00,10.831,10.831,10.825,10.826,195.23,2114.0134
2026-09-16 04:57:00,10.826,10.845,10.826,10.845,5126.62,55555.95655
2026-09-16 04:58:00,10.845,10.853,10.845,10.851,457.6,4965.17552
2026-09-16 04:59:00,10.852,10.852,10.851,10.851,337.2,3658.96264
2026-09-16 05:00:00,10.85,10.855,10.85,10.855,106.09,1151.43009
2026-09-16 05:01:00,10.856,10.856,10.836,10.839,1128.79,12240.58814
2026-09-16 05:02:00,10.839,10.839,10.813,10.814,1303.53,14108.67022
2026-09-16 05:03:00,10.814,10.819,10.808,10.816,473.74,5122.70304
2026-09-16 05:04:00,10.815,10.826,10.806,10.826,1543.02,16684.40155
2026-09-16 05:05:00,10.827,10.834,10.811,10.811,729.3,7896.67682
2026-09-16 05:06:00,10.81,10.814,10.802,10.808,1476.05,15954.66403
2026-09-16 05:07:00,10.808,10.815,10.808,10.814,221.07,2390.18372
2026-09-16 05:08:00,10.815,10.826,10.815,10.822,254.71,2756.01223
2026-09-16 05:09:00,10.823,10.847,10.823,10.847,272.29,2950.14064
2026-09-16 05:10:00,10.848,10.853,10.847,10.849,72.8,789.85613
2026-09-16 05:11:00,10.849,10.853,10.844,10.851,494.17,5361.89911
2026-09-16 05:12:00,10.85,10.852,10.846,10.846,236.72,2568.65045
2026-09-16 05:13:00,10.845,10.851,10.842,10.851,124.04,1345.06607
2026-09-16 05:14:00,10.852,10.855,10.849,10.849,62.65,679.89646
2026-09-16 05:15:00,10.849,10.857,10.847,10.857,1167.94,12671.73032
2026-09-16 05:16:00,10.857,10.861,10.853,10.861,1424.04,15464.27729
2026-09-16 05:17:00,10.861,10.881,10.861,10.878,1311.93,14267.69402
2026-09-16 05:18:00,10.877,10.884,10.87,10.878,1128.46,12273.01564
2026-09-16 05:19:00,10.878,10.879,10.875,10.875,471.94,5133.32869
2026-09-16 05:20:00,10.875,10.875,10.871,10.872,306.39,3331.30014
2026-09-16 05:21:00,10.872,10.903,10.872,10.897,747.52,8143.08878
2026-09-16 05:22:00,10.897,10.905,10.886,10.891,1060.03,11551.55382
2026-09-16 05:23:00,10.891,10.893,10.886,10.893,109.63,1193.8841
2026-09-16 05:24:00,10.893,10.897,10.893,10.897,108.75,1184.93575
2026-09-16 05:25:00,10.897,10.903,10.892,10.899,303.0,3301.87812
2026-09-16 05:26:00,10.9,10.9,10.884,10.891,1166.33,12706.0727
2026-09-16 05:27:00,10.892,10.892,10.884,10.884,281.39,3063.54446
2026-09-16 05:28:00,10.883,10.883,10.873,10.876,191.01,2077.47307
2026-09-16 05:29:00,10.876,10.884,10.876,10.884,350.09,3809.44597
2026-09-16 05:30:00,10.884,10.884,10.87,10.873,169.5,1843.89226
2026-09-16 05:31:00,10.874,10.875,10.87,10.871,120.27,1307.53155
2026-09-16 05:32:00,10.871,10.877,10.87,10.877,293.08,3187.18606
2026-09-16 05:33:00,10.876,10.88,10.87,10.878,95.08,1033.99521
2026-09-16 05:34:00,10.878,10.879,10.871,10.876,207.44,2255.93682
2026-09-16 05:35:00,10.876,10.884,10.875,10.884,514.59,5597.84622
2026-09-16 05:36:00,10.884,10.89,10.879,10.882,2134.97,23235.04722
2026-09-16 05:37:00,10.881,10.889,10.879,10.885,323.03,3514.95789
2026-09-16 05:38:00,10.885,10.889,10.885,10.889,184.44,2008.16567
2026-09-16 05:39:00,10.889,10.892,10.888,10.888,52.05,566.81286
2026-09-16 05:40:00,10.888,10.891,10.888,10.891,47.76,520.11761
2026-09-16 05:41:00,10.89,10.89,10.887,10.887,141.64,1542.22783
2026-09-16 05:42:00,10.888,10.888,10.885,10.887,2859.33,31128.67857
2026-09-16 05:43:00,10.886,10.901,10.884,10.896,5934.52,64629.85784
2026-09-16 05:44:00,10.896,10.91,10.896,10.907,1388.64,15143.43543
2026-09-16 05:45:00,10.907,10.907,10.887,10.896,2072.41,22570.59255
2026-09-16 05:46:00,10.897,10.905,10.896,10.905,1801.51,19636.4657
2026-09-16 05:47:00,10.906,10.906,10.892,10.892,408.07,4447.7756
2026-09-16 05:48:00,10.893,10.896,10.884,10.884,1511.42,16462.15978
2026-09-16 05:49:00,10.883,10.889,10.873,10.876,6277.36,68315.86331
2026-09-16 05:50:00,10.877,10.879,10.875,10.878,103.09,1121.27977
2026-09-16 05:51:00,10.877,10.877,10.875,10.877,85.63,931.32275
2026-09-16 05:52:00,10.877,10.877,10.872,10.872,250.88,2728.11066
2026-09-16 05:53:00,10.872,10.874,10.872,10.873,29.01,315.4319
2026-09-16 05:54:00,10.873,10.873,10.867,10.868,380.77,4139.03801
2026-09-16 05:55:00,10.869,10.877,10.869,10.869,902.63,9814.59376
2026-09-16 05:56:00,10.869,10.887,10.867,10.883,6332.23,68878.65058
2026-09-16 05:57:00,10.882,10.884,10.877,10.878,4570.08,49719.70231
2026-09-16 05:58:00,10.878,10.884,10.871,10.884,3276.97,35637.22095
2026-09-16 05:59:00,10.885,10.888,10.885,10.887,126.41,1376.21601
2026-09-16 06:00:00,10.887,10.904,10.887,10.904,923.63,10059.00339
2026-09-16 06:01:00,10.904,10.909,10.901,10.905,291.44,3177.70764
2026-09-16 06:02:00,10.906,10.906,10.893,10.895,205.82,2243.14506
2026-09-16 06:03:00,10.896,10.896,10.885,10.885,261.71,2850.61588
2026-09-16 06:04:00,10.885,10.886,10.866,10.869,4541.21,49398.78493
2026-09-16 06:05:00,10.868,10.876,10.862,10.876,700.12,7608.08576
2026-09-16 06:06:00,10.876,10.877,10.87,10.877,191.47,2081.99095
2026-09-16 06:07:00,10.877,10.878,10.871,10.872,216.06,2349.54274
2026-09-16 06:08:00,10.872,10.877,10.871,10.871,142.17,1545.86577
2026-09-16 06:09:00,10.871,10.876,10.87,10.876,109.34,1188.66666
2026-09-16 06:10:00,10.876,10.876,10.865,10.865,3116.27,33874.69898
2026-09-16 06:11:00,10.864,10.865,10.86,10.865,1223.68,13291.89292
2026-09-16 06:12:00,10.865,10.876,10.865,10.876,256.0,2782.76291
2026-09-16 06:13:00,10.876,10.888,10.876,10.884,821.43,8939.97958
2026-09-16 06:14:00,10.883,10.883,10.869,10.869,82.69,899.1247
2026-09-16 06:15:00,10.868,10.868,10.86,10.86,256.35,2784.73959
2026-09-16 06:16:00,10.86,10.863,10.859,10.863,176.17,1913.5678
2026-09-16 06:17:00,10.864,10.871,10.864,10.866,398.44,4330.7104
2026-09-16 06:18:00,10.865,10.865,10.862,10.865,80.2,871.21619
2026-09-16 06:19:00,10.865,10.872,10.864,10.872,140.87,1530.74519
2026-09-16 06:20:00,10.873,10.875,10.868,10.872,199.18,2165.43122
2026-09-16 06:21:00,10.872,10.872,10.861,10.861,24.5,266.21927
2026-09-16 06:22:00,10.86,10.86,10.835,10.847,6998.45,75885.81856
2026-09-16 06:23:00,10.846,10.846,10.84,10.84,58.95,639.13574
2026-09-16 06:24:00,10.84,10.84,10.815,10.816,8047.54,87144.37333
2026-09-16 06:25:00,10.816,10.821,10.806,10.811,6466.77,69916.24527
2026-09-16 06:26:00,10.811,10.811,10.795,10.805,8156.7,88108.948
2026-09-16 06:27:00,10.805,10.805,10.8,10.802,956.56,10333.41635
2026-09-16 06:28:00,10.802,10.811,10.802,10.805,847.33,9156.92209
2026-09-16 06:29:00,10.805,10.805,10.795,10.803,1364.93,14742.35935
2026-09-16 06:30:00,10.804,10.804,10.8,10.802,341.12,3684.63012
2026-09-16 06:31:00,10.801,10.808,10.801,10.802,1022.19,11044.15815
2026-09-16 06:32:00,10.801,10.801,10.798,10.798,465.32,5025.22279
2026-09-16 06:33:00,10.799,10.805,10.798,10.805,440.49,4758.07509
2026-09-16 06:34:00,10.805,10.805,10.794,10.794,1328.18,14344.17857
2026-09-16 06:35:00,10.793,10.794,10.789,10.792,548.58,5920.03917
2026-09-16 06:36:00,10.791,10.791,10.785,10.785,440.84,4756.51949
2026-09-16 06:37:00,10.784,10.786,10.773,10.777,1411.53,15217.1823
2026-09-16 06:38:00,10.776,10.779,10.771,10.775,158.99,1713.04648
2026-09-16 06:39:00,10.774,10.778,10.774,10.777,679.69,7323.86417
2026-09-16 06:40:00,10.777,10.778,10.777,10.778,141.07,1520.39744
2026-09-16 06:41:00,10.777,10.777,10.774,10.774,235.98,2542.9127
2026-09-16 06:42:00,10.773,10.776,10.767,10.775,956.45,10302.9082
2026-09-16 06:43:00,10.775,10.778,10.774,10.777,836.18,9010.86737
2026-09-16 06:44:00,10.777,10.788,10.777,10.788,1612.05,17381.76221
2026-09-16 06:45:00,10.788,10.796,10.788,10.796,1249.45,13483.7094
2026-09-16 06:46:00,10.796,10.796,10.791,10.791,697.15,7525.46565
2026-09-16 06:47:00,10.791,10.804,10.791,10.804,261.0,2818.53863
2026-09-16 06:48:00,10.803,10.804,10.786,10.797,640.24,6911.75545
2026-09-16 06:49:00,10.795,10.797,10.785,10.788,361.61,3901.65274
2026-09-16 06:50:00,10.789,10.789,10.78,10.781,308.28,3324.93422
2026-09-16 06:51:00,10.781,10.781,10.78,10.781,321.24,3463.12661
2026-09-16 06:52:00,10.782,10.785,10.776,10.779,770.29,8305.20984
2026-09-16 06:53:00,10.779,10.779,10.777,10.779,155.97,1681.10213
2026-09-16 06:54:00,10.78,10.78,10.777,10.779,413.12,4452.52685
2026-09-16 06:55:00,10.78,10.785,10.78,10.785,752.61,8114.5794
2026-09-16 06:56:00,10.786,10.791,10.786,10.788,603.8,6514.10271
2026-09-16 06:57:00,10.788,10.79,10.784,10.784,301.85,3256.06114
2026-09-16 06:58:00,10.784,10.797,10.784,10.793,3035.75,32755.44001
2026-09-16 06:59:00,10.792,10.826,10.792,10.82,2283.27,24684.20096
2026-09-16 07:00:00,10.819,10.82,10.808,10.819,1068.59,11556.5481
2026-09-16 07:01:00,10.819,10.832,10.819,10.828,377.39,4086.67493
2026-09-16 07:02:00,10.828,10.839,10.826,10.839,207.63,2249.27269
2026-09-16 07:03:00,10.84,10.847,10.834,10.837,1558.67,16898.99725
2026-09-16 07:04:00,10.838,10.854,10.835,10.839,4862.41,52722.10496
2026-09-16 07:05:00,10.839,10.845,10.831,10.843,3770.66,40861.76479
2026-09-16 07:06:00,10.843,10.843,10.826,10.83,1548.04,16778.51264
2026-09-16 07:07:00,10.83,10.836,10.827,10.834,1387.93,15033.54372
2026-09-16 07:08:00,10.834,10.836,10.829,10.829,759.9,8231.14009
2026-09-16 07:09:00,10.829,10.83,10.817,10.817,210.61,2279.62814
2026-09-16 07:10:00,10.816,10.816,10.791,10.796,4217.97,45538.03359
2026-09-16 07:11:00,10.796,10.799,10.785,10.79,1110.98,11989.71907
2026-09-16 07:12:00,10.79,10.793,10.788,10.793,562.18,6065.94399
2026-09-16 07:13:00,10.793,10.793,10.79,10.791,277.46,2994.10068
2026-09-16 07:14:00,10.792,10.806,10.786,10.806,1283.12,13850.28082
2026-09-16 07:15:00,10.806,10.821,10.806,10.815,254.13,2748.75059
2026-09-16 07:16:00,10.814,10.82,10.801,10.801,2971.88,32125.50205
2026-09-16 07:17:00,10.802,10.805,10.801,10.803,209.47,2262.8656
2026-09-16 07:18:00,10.803,10.803,10.795,10.795,140.48,1517.02926
2026-09-16 07:19:00,10.795,10.797,10.785,10.785,76.41,824.67273
2026-09-16 07:20:00,10.785,10.788,10.784,10.785,119.73,1291.31142
2026-09-16 07:21:00,10.786,10.787,10.778,10.78,287.49,3099.66482
2026-09-16 07:22:00,10.78,10.78,10.779,10.78,319.53,3444.27776
2026-09-16 07:23:00,10.78,10.793,10.78,10.787,981.41,10586.59592
2026-09-16 07:24:00,10.786,10.801,10.786,10.8,3723.13,40186.22191
2026-09-16 07:25:00,10.799,10.818,10.799,10.801,422.65,4568.82297
2026-09-16 07:26:00,10.801,10.805,10.798,10.799,1293.36,13971.3005
2026-09-16 07:27:00,10.798,10.798,10.785,10.787,889.5,9599.12088
2026-09-16 07:28:00,10.786,10.786,10.778,10.778,253.0,2727.77719
2026-09-16 07:29:00,10.779,10.781,10.778,10.779,411.16,4431.94395
2026-09-16 07:30:00,10.779,10.785,10.779,10.781,167.34,1804.1216
2026-09-16 07:31:00,10.78,10.785,10.772,10.773,647.42,6977.27787
2026-09-16 07:32:00,10.774,10.787,10.774,10.783,446.14,4810.67119
2026-09-16 07:33:00,10.783,10.783,10.775,10.777,179.97,1939.56309
2026-09-16 07:34:00,10.777,10.785,10.771,10.78,2391.47,25775.0961
2026-09-16 07:35:00,10.779,10.784,10.779,10.781,507.08,5466.67737
2026-09-16 07:36:00,10.78,10.78,10.777,10.778,361.65,3897.77393
2026-09-16 07:37:00,10.778,10.786,10.777,10.782,1132.64,12210.36139
2026-09-16 07:38:00,10.782,10.784,10.779,10.781,620.22,6686.19593
2026-09-16 07:39:00,10.78,10.788,10.778,10.787,327.02,3526.53154
2026-09-16 07:40:00,10.787,10.787,10.786,10.786,151.96,1639.1134
2026-09-16 07:41:00,10.785,10.785,10.775,10.778,357.93,3857.83544
2026-09-16 07:42:00,10.778,10.78,10.775,10.779,353.13,3805.91434
2026-09-16 07:43:00,10.778,10.778,10.772,10.772,235.82,2541.00578
2026-09-16 07:44:00,10.772,10.773,10.766,10.773,1116.68,12026.24833
2026-09-16 07:45:00,10.772,10.772,10.765,10.768,1277.29,13752.29729
2026-09-16 07:46:00,10.768,10.77,10.764,10.77,1023.51,11018.37329
2026-09-16 07:47:00,10.771,10.779,10.768,10.779,468.35,5044.7663
2026-09-16 07:48:00,10.778,10.778,10.764,10.764,549.94,5923.56298
2026-09-16 07:49:00,10.765,10.765,10.742,10.762,9975.98,107237.36454
2026-09-16 07:50:00,10.762,10.762,10.752,10.752,963.86,10368.86364
2026-09-16 07:51:00,10.752,10.757,10.752,10.757,1005.85,10816.39225
2026-09-16 07:52:00,10.757,10.761,10.756,10.757,419.29,4510.50377
2026-09-16 07:53:00,10.758,10.761,10.758,10.758,250.24,2692.52923
2026-09-16 07:54:00,10.758,10.758,10.754,10.756,290.89,3128.88127
2026-09-16 07:55:00,10.756,10.762,10.756,10.761,79.67,857.14265
2026-09-16 07:56:00,10.761,10.764,10.753,10.754,546.31,5877.48608
2026-09-16 07:57:00,10.754,10.76,10.754,10.76,311.43,3349.83757
2026-09-16 07:58:00,10.76,10.764,10.758,10.762,1472.27,15844.25369
2026-09-16 07:59:00,10.761,10.762,10.76,10.76,264.62,2847.64419
2026-09-16 08:00:00,10.76,10.766,10.755,10.756,1223.53,13164.58894
2026-09-16 08:01:00,10.755,10.755,10.751,10.753,196.0,2107.41552
2026-09-16 08:02:00,10.754,10.756,10.748,10.748,256.23,2754.69019
2026-09-16 08:03:00,10.748,10.749,10.731,10.734,5876.5,63083.41924
2026-09-16 08:04:00,10.733,10.733,10.713,10.718,6468.68,69365.85525
2026-09-16 08:05:00,10.717,10.731,10.71,10.73,2392.23,25655.6366
2026-09-16 08:06:00,10.729,10.729,10.71,10.722,1520.84,16299.89234
2026-09-16 08:07:00,10.721,10.721,10.706,10.706,1324.05,14182.09745
2026-09-16 08:08:00,10.707,10.708,10.701,10.707,1239.34,13267.69263
2026-09-16 08:09:00,10.706,10.728,10.694,10.72,8796.95,94208.54751
2026-09-16 08:10:00,10.72,10.727,10.716,10.723,316.1,3388.61974
2026-09-16 08:11:00,10.723,10.723,10.717,10.721,295.19,3164.0543
2026-09-16 08:12:00,10.721,10.728,10.721,10.726,720.11,7723.60752
2026-09-16 08:13:00,10.726,10.731,10.716,10.721,1692.71,18153.25372
2026-09-16 08:14:00,10.721,10.723,10.717,10.723,257.11,2756.21461
2026-09-16 08:15:00,10.723,10.744,10.723,10.742,883.44,9485.70455
2026-09-16 08:16:00,10.741,10.754,10.739,10.75,2462.57,26458.3504
2026-09-16 08:17:00,10.751,10.756,10.739,10.744,3351.03,36019.62814
2026-09-16 08:18:00,10.744,10.748,10.728,10.728,317.27,3407.99287
2026-09-16 08:19:00,10.727,10.744,10.721,10.732,2067.5,22189.06852
2026-09-16 08:20:00,10.732,10.736,10.721,10.721,641.94,6887.40528
2026-09-16 08:21:00,10.72,10.738,10.718,10.727,1325.5,14219.88431
2026-09-16 08:22:00,10.727,10.734,10.724,10.732,698.65,7496.70971
2026-09-16 08:23:00,10.732,10.732,10.715,10.715,378.76,4060.58303
2026-09-16 08:24:00,10.714,10.714,10.705,10.708,289.98,3105.09211
2026-09-16 08:25:00,10.708,10.716,10.697,10.711,6491.5,69516.18242
2026-09-16 08:26:00,10.711,10.711,10.694,10.698,2042.96,21866.56406
2026-09-16 08:27:00,10.698,10.704,10.679,10.681,4163.89,44515.79626
2026-09-16 08:28:00,10.681,10.692,10.681,10.691,793.33,8478.95273
2026-09-16 08:29:00,10.691,10.697,10.689,10.691,1837.37,19647.67413
2026-09-16 08:30:00,10.691,10.694,10.689,10.694,1460.2,15611.98727
2026-09-16 08:31:00,10.695,10.701,10.686,10.701,1987.9,21256.76056
2026-09-16 08:32:00,10.7,10.702,10.69,10.698,2802.48,29976.11494
2026-09-16 08:33:00,10.698,10.698,10.69,10.69,212.52,2272.83628
2026-09-16 08:34:00,10.69,10.697,10.687,10.697,1079.87,11545.75714
2026-09-16 08:35:00,10.697,10.699,10.696,10.699,310.97,3326.35974
2026-09-16 08:36:00,10.698,10.702,10.696,10.702,275.8,2950.74142
2026-09-16 08:37:00,10.701,10.71,10.7,10.703,4487.27,48040.81527
2026-09-16 08:38:00,10.703,10.705,10.697,10.699,1770.98,18947.89134
2026-09-16 08:39:00,10.699,10.703,10.698,10.699,1295.8,13864.72555
2026-09-16 08:40:00,10.699,10.705,10.698,10.704,514.88,5511.2146
2026-09-16 08:41:00,10.705,10.707,10.701,10.702,597.83,6399.34737
2026-09-16 08:42:00,10.701,10.702,10.695,10.701,377.21,4035.6098
2026-09-16 08:43:00,10.702,10.715,10.702,10.712,470.73,5040.86052
2026-09-16 08:44:00,10.711,10.713,10.711,10.713,136.02,1456.9272
2026-09-16 08:45:00,10.712,10.712,10.709,10.711,252.73,2706.74396
2026-09-16 08:46:00,10.711,10.715,10.711,10.712,118.27,1266.91736
2026-09-16 08:47:00,10.711,10.711,10.707,10.708,425.13,4552.39689
2026-09-16 08:48:00,10.707,10.707,10.703,10.705,221.08,2366.66557
2026-09-16 08:49:00,10.706,10.713,10.706,10.711,455.6,4879.99553
2026-09-16 08:50:00,10.711,10.715,10.708,10.708,270.96,2902.28475
2026-09-16 08:51:00,10.709,10.71,10.709,10.71,36.03,385.85976
2026-09-16 08:52:00,10.71,10.711,10.71,10.711,256.21,2744.0533
2026-09-16 08:53:00,10.711,10.713,10.709,10.713,441.06,4723.9328
2026-09-16 08:54:00,10.712,10.721,10.712,10.721,2352.36,25212.27119
2026-09-16 08:55:00,10.722,10.732,10.722,10.732,3340.94,35831.45663
2026-09-16 08:56:00,10.733,10.751,10.733,10.742,2350.7,25253.14653
2026-09-16 08:57:00,10.742,10.753,10.742,10.752,214.46,2305.05702
2026-09-16 08:58:00,10.752,10.763,10.751,10.758,3461.65,37235.08678
2026-09-16 08:59:00,10.757,10.769,10.753,10.769,1970.79,21203.30455
2026-09-16 09:00:00,10.769,10.772,10.766,10.772,695.51,7490.21379
2026-09-16 09:01:00,10.772,10.773,10.759,10.772,1186.94,12778.32756
2026-09-16 09:02:00,10.772,10.779,10.772,10.779,908.41,9790.0422
2026-09-16 09:03:00,10.78,10.8,10.78,10.791,3569.08,38516.56537
2026-09-16 09:04:00,10.79,10.798,10.786,10.798,224.33,2420.71226
2026-09-16 09:05:00,10.798,10.81,10.798,10.809,685.72,7408.98417
2026-09-16 09:06:00,10.81,10.81,10.796,10.804,2039.63,22033.05822
2026-09-16 09:07:00,10.803,10.803,10.798,10.798,666.99,7203.1574
2026-09-16 09:08:00,10.799,10.803,10.799,10.8,178.79,1931.06769
2026-09-16 09:09:00,10.8,10.812,10.8,10.812,231.87,2505.65814
2026-09-16 09:10:00,10.812,10.812,10.803,10.807,1102.07,11909.91892
2026-09-16 09:11:00,10.808,10.816,10.808,10.814,745.91,8065.05881
2026-09-16 09:12:00,10.815,10.815,10.803,10.807,4247.24,45904.26755
2026-09-16 09:13:00,10.807,10.809,10.799,10.802,1303.61,14081.22212
2026-09-16 09:14:00,10.802,10.806,10.796,10.796,499.47,5394.17284
2026-09-16 09:15:00,10.796,10.808,10.795,10.806,1355.1,14638.53383
2026-09-16 09:16:00,10.806,10.81,10.795,10.795,955.24,10320.77557
2026-09-16 09:17:00,10.794,10.794,10.778,10.791,4197.85,45275.99894
2026-09-16 09:18:00,10.791,10.798,10.791,10.798,917.95,9908.0903
2026-09-16 09:19:00,10.798,10.801,10.789,10.801,575.65,6212.17023
2026-09-16 09:20:00,10.801,10.813,10.801,10.813,143.85,1554.9385
2026-09-16 09:21:00,10.812,10.815,10.811,10.814,157.39,1701.80166
2026-09-16 09:22:00,10.815,10.824,10.814,10.814,180.94,1957.80751
2026-09-16 09:23:00,10.814,10.825,10.813,10.823,388.2,4199.28428
2026-09-16 09:24:00,10.823,10.833,10.823,10.828,415.67,4501.97403
2026-09-16 09:25:00,10.828,10.828,10.808,10.816,5129.7,55487.48827
2026-09-16 09:26:00,10.815,10.824,10.815,10.816,395.95,4283.49362
2026-09-16 09:27:00,10.815,10.825,10.808,10.824,1495.82,16175.37061
2026-09-16 09:28:00,10.824,10.829,10.823,10.829,293.47,3177.26476
2026-09-16 09:29:00,10.828,10.828,10.818,10.818,218.94,2369.60669
2026-09-16 09:30:00,10.817,10.822,10.817,10.819,48.54,525.18331
2026-09-16 09:31:00,10.818,10.818,10.814,10.815,109.78,1187.32897
2026-09-16 09:32:00,10.815,10.818,10.809,10.818,1395.07,15084.33683
2026-09-16 09:33:00,10.818,10.818,10.814,10.815,85.21,921.54402
2026-09-16 09:34:00,10.816,10.819,10.813,10.814,344.67,3727.91095
2026-09-16 09:35:00,10.814,10.815,10.814,10.814,66.53,719.47382
2026-09-16 09:36:00,10.814,10.831,10.814,10.83,278.36,3011.91536
2026-09-16 09:37:00,10.831,10.836,10.83,10.831,575.72,6236.31081
2026-09-16 09:38:00,10.83,10.83,10.826,10.826,160.75,1740.46834
2026-09-16 09:39:00,10.826,10.83,10.826,10.83,306.12,3314.29353
2026-09-16 09:40:00,10.83,10.834,10.83,10.832,55.43,600.40681
2026-09-16 09:41:00,10.832,10.832,10.824,10.824,158.02,1711.32085
2026-09-16 09:42:00,10.824,10.824,10.819,10.819,1097.9,11882.2077
2026-09-16 09:43:00,10.819,10.821,10.818,10.821,1696.37,18353.04117
2026-09-16 09:44:00,10.82,10.823,10.818,10.823,192.5,2083.16545
2026-09-16 09:45:00,10.824,10.824,10.819,10.819,69.32,750.15156
2026-09-16 09:46:00,10.819,10.819,10.815,10.815,249.08,2693.92337
2026-09-16 09:47:00,10.815,10.82,10.815,10.819,113.03,1222.67575
2026-09-16 09:48:00,10.82,10.831,10.82,10.831,115.34,1248.78104
2026-09-16 09:49:00,10.83,10.833,10.829,10.829,117.2,1269.31557
2026-09-16 09:50:00,10.829,10.837,10.829,10.837,8272.52,89594.58487
2026-09-16 09:51:00,10.837,10.847,10.837,10.846,2044.51,22164.271
2026-09-16 09:52:00,10.846,10.847,10.843,10.845,208.86,2265.09884
2026-09-16 09:53:00,10.845,10.849,10.842,10.849,248.96,2699.76173
2026-09-16 09:54:00,10.85,10.855,10.85,10.855,151.41,1643.27129
2026-09-16 09:55:00,10.854,10.854,10.846,10.846,1195.76,12976.30825
2026-09-16 09:56:00,10.845,10.851,10.844,10.848,391.33,4244.7136
2026-09-16 09:57:00,10.847,10.847,10.841,10.846,263.48,2857.2553
2026-09-16 09:58:00,10.846,10.847,10.841,10.844,364.09,3947.76578
2026-09-16 09:59:00,10.843,10.845,10.84,10.843,226.27,2453.22944
2026-09-16 10:00:00,10.844,10.85,10.844,10.848,1507.46,16352.57074
2026-09-16 10:01:00,10.848,10.848,10.836,10.837,2289.92,24822.25502
2026-09-16 10:02:00,10.837,10.839,10.832,10.832,172.42,1868.35776
2026-09-16 10:03:00,10.832,10.843,10.832,10.839,664.57,7202.73473
2026-09-16 10:04:00,10.839,10.84,10.829,10.83,638.44,6918.21885
2026-09-16 10:05:00,10.83,10.83,10.816,10.816,67.76,733.40575
2026-09-16 10:06:00,10.816,10.83,10.816,10.821,2761.14,29882.60032
2026-09-16 10:07:00,10.82,10.825,10.82,10.825,161.0,1742.40711
2026-09-16 10:08:00,10.825,10.827,10.82,10.824,299.2,3238.34932
2026-09-16 10:09:00,10.825,10.83,10.825,10.829,1710.64,18525.72991
2026-09-16 10:10:00,10.83,10.835,10.83,10.831,6053.12,65555.97215
2026-09-16 10:11:00,10.83,10.83,10.81,10.822,3682.74,39844.88423
2026-09-16 10:12:00,10.822,10.823,10.811,10.813,341.66,3695.59549
2026-09-16 10:13:00,10.812,10.817,10.81,10.81,794.45,8590.46486
2026-09-16 10:14:00,10.809,10.809,10.803,10.809,387.24,4184.83938
2026-09-16 10:15:00,10.809,10.809,10.804,10.804,189.65,2049.76081
2026-09-16 10:16:00,10.804,10.805,10.803,10.804,105.11,1135.59631
2026-09-16 10:17:00,10.803,10.819,10.799,10.819,2346.14,25359.92095
2026-09-16 10:18:00,10.82,10.825,10.82,10.824,735.41,7960.47128
2026-09-16 10:19:00,10.824,10.828,10.823,10.828,50.18,543.16485
2026-09-16 10:20:00,10.828,10.83,10.825,10.825,443.69,4804.86347
2026-09-16 10:21:00,10.824,10.824,10.823,10.823,55.37,599.27194
2026-09-16 10:22:00,10.823,10.823,10.809,10.809,941.27,10178.56002
2026-09-16 10:23:00,10.808,10.808,10.802,10.805,184.32,1991.14508
2026-09-16 10:24:00,10.804,10.804,10.8,10.8,156.77,1693.41113
2026-09-16 10:25:00,10.8,10.8,10.796,10.796,640.14,6911.98016
2026-09-16 10:26:00,10.797,10.809,10.797,10.808,753.45,8139.70723
2026-09-16 10:27:00,10.809,10.81,10.803,10.804,3951.96,42719.99389
2026-09-16 10:28:00,10.804,10.807,10.801,10.803,208.08,2248.08476
2026-09-16 10:29:00,10.803,10.808,10.802,10.808,188.09,2032.46673
2026-09-16 10:30:00,10.809,10.81,10.806,10.808,513.89,5553.87652
2026-09-16 10:31:00,10.808,10.808,10.8,10.801,200.85,2169.52124
2026-09-16 10:32:00,10.801,10.801,10.796,10.797,107.08,1156.43957
2026-09-16 10:33:00,10.797,10.799,10.797,10.799,191.92,2072.43919
2026-09-16 10:34:00,10.8,10.811,10.8,10.806,1130.22,12212.7147
2026-09-16 10:35:00,10.806,10.806,10.802,10.802,186.24,2011.97079
2026-09-16 10:36:00,10.801,10.807,10.8,10.806,163.9,1770.90533
2026-09-16 10:37:00,10.806,10.813,10.805,10.811,262.51,2837.85423
2026-09-16 10:38:00,10.811,10.812,10.804,10.804,683.88,7392.81248
2026-09-16 10:39:00,10.803,10.803,10.799,10.801,341.8,3691.69189
2026-09-16 10:40:00,10.8,10.802,10.799,10.802,232.05,2506.10695
2026-09-16 10:41:00,10.801,10.806,10.801,10.805,3422.57,36975.02339
2026-09-16 10:42:00,10.805,10.829,10.805,10.829,440.63,4767.62068
2026-09-16 10:43:00,10.83,10.834,10.83,10.832,420.44,4553.81474
2026-09-16 10:44:00,10.832,10.833,10.83,10.831,103.7,1123.19553
2026-09-16 10:45:00,10.831,10.832,10.828,10.83,581.22,6294.51084
2026-09-16 10:46:00,10.83,10.83,10.824,10.824,63.88,691.52601
2026-09-16 10:47:00,10.823,10.823,10.814,10.814,170.19,1841.39621
2026-09-16 10:48:00,10.815,10.821,10.815,10.821,142.36,1540.01594
2026-09-16 10:49:00,10.821,10.823,10.82,10.821,552.84,5982.42255
2026-09-16 10:50:00,10.82,10.82,10.818,10.818,88.69,959.51854
2026-09-16 10:51:00,10.818,10.82,10.815,10.816,481.64,5210.00641
2026-09-16 10:52:00,10.815,10.815,10.813,10.813,72.2,780.70922
2026-09-16 10:53:00,10.813,10.813,10.811,10.811,154.3,1668.42301
2026-09-16 10:54:00,10.811,10.811,10.807,10.807,46.37,501.25755
2026-09-16 10:55:00,10.806,10.806,10.804,10.804,6.19,66.88477
2026-09-16 10:56:00,10.805,10.805,10.799,10.799,178.65,1930.02418
2026-09-16 10:57:00,10.799,10.812,10.799,10.803,5417.32,58545.25272
2026-09-16 10:58:00,10.804,10.818,10.804,10.818,366.9,3966.47216
2026-09-16 10:59:00,10.817,10.827,10.815,10.825,1085.71,11751.17439
2026-09-16 11:00:00,10.825,10.846,10.818,10.845,1732.74,18764.04206
2026-09-16 11:01:00,10.846,10.846,10.818,10.818,670.76,7266.69942
2026-09-16 11:02:00,10.818,10.827,10.818,10.824,185.29,2004.91146
2026-09-16 11:03:00,10.825,10.841,10.825,10.841,280.36,3036.83512
2026-09-16 11:04:00,10.842,10.842,10.836,10.837,33.58,363.93174
2026-09-16 11:05:00,10.836,10.839,10.829,10.831,943.64,10220.94045
2026-09-16 11:06:00,10.83,10.831,10.828,10.831,184.0,1992.51938
2026-09-16 11:07:00,10.83,10.835,10.817,10.819,2201.15,23839.87979
2026-09-16 11:08:00,10.819,10.82,10.813,10.813,163.86,1772.44602
2026-09-16 11:09:00,10.812,10.816,10.81,10.816,148.3,1603.35135
2026-09-16 11:10:00,10.817,10.827,10.817,10.826,70.08,758.40927
2026-09-16 11:11:00,10.826,10.826,10.822,10.824,317.45,3435.74965
2026-09-16 11:12:00,10.823,10.824,10.817,10.819,3362.8,36394.54615
2026-09-16 11:13:00,10.82,10.82,10.818,10.819,48.88,528.82786
2026-09-16 11:14:00,10.819,10.819,10.812,10.812,920.01,9951.09906
2026-09-16 11:15:00,10.812,10.812,10.802,10.803,312.09,3372.44497
2026-09-16 11:16:00,10.803,10.817,10.803,10.812,2247.55,24302.11478
2026-09-16 11:17:00,10.813,10.813,10.81,10.811,248.23,2683.63614
2026-09-16 11:18:00,10.812,10.819,10.812,10.819,323.92,3504.42348
2026-09-16 11:19:00,10.819,10.825,10.819,10.824,82.9,897.15259
2026-09-16 11:20:00,10.825,10.828,10.825,10.827,88.31,956.20059
2026-09-16 11:21:00,10.827,10.835,10.827,10.828,908.87,9843.8367
2026-09-16 11:22:00,10.827,10.827,10.807,10.824,2583.83,27951.09878
2026-09-16 11:23:00,10.825,10.825,10.813,10.819,248.9,2692.61275
2026-09-16 11:24:00,10.818,10.818,10.815,10.815,122.46,1324.6277
2026-09-16 11:25:00,10.815,10.822,10.815,10.822,117.26,1268.62681
2026-09-16 11:26:00,10.821,10.832,10.82,10.832,1814.61,19644.69216
2026-09-16 11:27:00,10.831,10.836,10.831,10.836,124.77,1351.56582
2026-09-16 11:28:00,10.835,10.835,10.828,10.828,2156.36,23357.67743
2026-09-16 11:29:00,10.829,10.834,10.829,10.833,19.94,215.98746
2026-09-16 11:30:00,10.832,10.839,10.83,10.839,521.34,5646.80146
2026-09-16 11:31:00,10.838,10.852,10.835,10.852,692.02,7505.64752
2026-09-16 11:32:00,10.853,10.864,10.839,10.847,2549.08,27668.33918
2026-09-16 11:33:00,10.848,10.856,10.848,10.855,255.28,2770.61341
2026-09-16 11:34:00,10.855,10.855,10.843,10.846,640.57,6947.46872
2026-09-16 11:35:00,10.846,10.852,10.846,10.852,269.48,2923.86675
2026-09-16 11:36:00,10.853,10.865,10.853,10.865,165.34,1795.63297
2026-09-16 11:37:00,10.866,10.879,10.863,10.863,860.12,9352.42261
2026-09-16 11:38:00,10.864,10.864,10.854,10.857,644.28,6996.13326
2026-09-16 11:39:00,10.858,10.863,10.858,10.863,141.26,1534.11116
2026-09-16 11:40:00,10.862,10.867,10.852,10.863,1953.42,21215.4742
2026-09-16 11:41:00,10.864,10.88,10.864,10.871,219.71,2388.68581
2026-09-16 11:42:00,10.872,10.889,10.87,10.889,2824.43,30736.10499
2026-09-16 11:43:00,10.889,10.909,10.887,10.905,5152.43,56149.37718
2026-09-16 11:44:00,10.906,10.909,10.895,10.903,1163.59,12683.07504
2026-09-16 11:45:00,10.904,10.912,10.894,10.894,2469.04,26925.65889
2026-09-16 11:46:00,10.895,10.896,10.877,10.879,1923.96,20931.46789
2026-09-16 11:47:00,10.88,10.892,10.878,10.892,1555.37,16929.97386
2026-09-16 11:48:00,10.891,10.891,10.88,10.88,770.7,8392.31331
2026-09-16 11:49:00,10.879,10.884,10.879,10.884,537.95,5854.459
2026-09-16 11:50:00,10.885,10.898,10.885,10.894,581.97,6338.60072
2026-09-16 11:51:00,10.895,10.899,10.887,10.887,456.3,4970.50407
2026-09-16 11:52:00,10.886,10.886,10.88,10.883,638.28,6946.80179
2026-09-16 11:53:00,10.884,10.89,10.884,10.886,538.92,5867.17292
2026-09-16 11:54:00,10.886,10.886,10.876,10.878,422.5,4596.606
2026-09-16 11:55:00,10.879,10.884,10.877,10.878,541.5,5892.14884
2026-09-16 11:56:00,10.879,10.891,10.872,10.877,10689.1,116370.64774
2026-09-16 11:57:00,10.877,10.879,10.874,10.876,567.06,6168.16805
2026-09-16 11:58:00,10.875,10.876,10.87,10.876,241.96,2630.94833
2026-09-16 11:59:00,10.875,10.886,10.875,10.879,3078.57,33500.21463
2026-09-16 12:00:00,10.879,10.881,10.862,10.864,2543.21,27652.62363
2026-09-16 12:01:00,10.864,10.886,10.863,10.872,2274.64,24745.40831
2026-09-16 12:02:00,10.872,10.872,10.858,10.858,392.77,4267.05801
2026-09-16 12:03:00,10.859,10.874,10.859,10.869,1286.45,13978.42755
2026-09-16 12:04:00,10.869,10.881,10.869,10.877,538.39,5854.97911
2026-09-16 12:05:00,10.878,10.878,10.854,10.854,284.32,3088.93882
2026-09-16 12:06:00,10.855,10.858,10.853,10.853,440.77,4784.83481
2026-09-16 12:07:00,10.853,10.854,10.85,10.85,1120.3,12157.45648
2026-09-16 12:08:00,10.85,10.851,10.834,10.836,2482.91,26903.22217
2026-09-16 12:09:00,10.835,10.844,10.833,10.843,2414.93,26165.96958
2026-09-16 12:10:00,10.842,10.842,10.833,10.835,608.94,6598.96743
2026-09-16 12:11:00,10.835,10.842,10.834,10.834,612.72,6640.15577
2026-09-16 12:12:00,10.833,10.833,10.828,10.829,86.88,941.02137
2026-09-16 12:13:00,10.829,10.829,10.817,10.822,1729.85,18720.11022
2026-09-16 12:14:00,10.822,10.822,10.818,10.819,290.4,3141.84158
2026-09-16 12:15:00,10.818,10.822,10.812,10.822,1313.46,14203.09101
2026-09-16 12:16:00,10.821,10.836,10.821,10.836,936.22,10139.45028
2026-09-16 12:17:00,10.836,10.851,10.835,10.841,3492.08,37875.76185
2026-09-16 12:18:00,10.841,10.841,10.825,10.826,711.25,7706.89613
2026-09-16 12:19:00,10.827,10.836,10.824,10.831,4006.56,43401.92967
2026-09-16 12:20:00,10.831,10.831,10.823,10.827,713.68,7727.28523
2026-09-16 12:21:00,10.828,10.834,10.827,10.829,374.53,4056.5716
2026-09-16 12:22:00,10.83,10.83,10.827,10.829,28.82,312.06604
2026-09-16 12:23:00,10.828,10.828,10.812,10.818,4023.14,43522.33298
2026-09-16 12:24:00,10.817,10.818,10.807,10.81,1541.73,16668.34412
2026-09-16 12:25:00,10.81,10.818,10.802,10.804,588.54,6361.07935
2026-09-16 12:26:00,10.804,10.816,10.804,10.807,2161.53,23373.64782
2026-09-16 12:27:00,10.807,10.81,10.806,10.806,196.7,2125.8735
2026-09-16 12:28:00,10.806,10.806,10.8,10.801,293.1,3165.69659
2026-09-16 12:29:00,10.8,10.8,10.772,10.789,6199.87,66861.02216
2026-09-16 12:30:00,10.79,10.79,10.761,10.77,1835.54,19772.30585
2026-09-16 12:31:00,10.769,10.776,10.764,10.771,1743.4,18779.60538
2026-09-16 12:32:00,10.771,10.771,10.752,10.762,719.22,7738.5619
2026-09-16 12:33:00,10.763,10.803,10.763,10.803,664.63,7169.77979
2026-09-16 12:34:00,10.803,10.807,10.796,10.807,637.87,6888.6356
2026-09-16 12:35:00,10.807,10.811,10.806,10.806,194.04,2097.09095
2026-09-16 12:36:00,10.806,10.806,10.785,10.786,1215.95,13137.04206
2026-09-16 12:37:00,10.787,10.791,10.786,10.786,500.21,5397.0617
2026-09-16 12:38:00,10.785,10.787,10.778,10.78,484.99,5228.59569
2026-09-16 12:39:00,10.781,10.785,10.776,10.781,1241.98,13390.12049
2026-09-16 12:40:00,10.782,10.784,10.777,10.777,618.41,6667.22252
2026-09-16 12:41:00,10.777,10.781,10.777,10.779,752.89,8116.12089
2026-09-16 12:42:00,10.778,10.778,10.772,10.774,718.48,7742.19696
2026-09-16 12:43:00,10.775,10.779,10.775,10.778,369.82,3985.18288
2026-09-16 12:44:00,10.777,10.777,10.775,10.775,352.61,3799.8121
2026-09-16 12:45:00,10.774,10.778,10.77,10.778,1517.49,16345.5867
2026-09-16 12:46:00,10.779,10.785,10.779,10.784,460.56,4965.90206
2026-09-16 12:47:00,10.784,10.784,10.779,10.783,594.15,6405.72444
2026-09-16 12:48:00,10.782,10.784,10.776,10.781,524.75,5657.42452
2026-09-16 12:49:00,10.782,10.784,10.775,10.775,901.82,9720.96097
2026-09-16 12:50:00,10.775,10.775,10.763,10.77,2138.42,23027.33035
2026-09-16 12:51:00,10.77,10.776,10.761,10.771,3107.84,33472.11808
2026-09-16 12:52:00,10.77,10.771,10.769,10.77,377.95,4070.41852
2026-09-16 12:53:00,10.769,10.778,10.764,10.764,2823.85,30421.04354
2026-09-16 12:54:00,10.763,10.764,10.756,10.756,494.8,5324.61353
2026-09-16 12:55:00,10.756,10.756,10.743,10.753,2102.22,22592.83767
2026-09-16 12:56:00,10.753,10.776,10.753,10.772,293.92,3163.79957
2026-09-16 12:57:00,10.772,10.772,10.765,10.765,2459.01,26478.5653
2026-09-16 12:58:00,10.766,10.771,10.762,10.765,707.84,7622.4573
2026-09-16 12:59:00,10.766,10.771,10.759,10.768,926.29,9970.8449
2026-09-16 13:00:00,10.767,10.769,10.759,10.76,591.23,6363.67493
2026-09-16 13:01:00,10.759,10.759,10.742,10.742,284.49,3057.91942
2026-09-16 13:02:00,10.741,10.741,10.726,10.732,1512.74,16235.30442
2026-09-16 13:03:00,10.732,10.733,10.715,10.718,815.35,8744.36448
2026-09-16 13:04:00,10.718,10.724,10.712,10.723,849.53,9103.51194
2026-09-16 13:05:00,10.724,10.735,10.724,10.728,1868.59,20051.90011
2026-09-16 13:06:00,10.728,10.734,10.723,10.731,2543.19,27288.97275
2026-09-16 13:07:00,10.732,10.737,10.728,10.736,1583.45,16996.57366
2026-09-16 13:08:00,10.736,10.736,10.73,10.732,2337.26,25086.13904
2026-09-16 13:09:00,10.732,10.733,10.726,10.731,3599.1,38621.02835
2026-09-16 13:10:00,10.731,10.731,10.704,10.708,3377.32,36188.34134
2026-09-16 13:11:00,10.709,10.713,10.706,10.711,1315.45,14086.67581
2026-09-16 13:12:00,10.71,10.711,10.7,10.701,1762.18,18859.48862
2026-09-16 13:13:00,10.702,10.727,10.702,10.727,6522.22,69894.82238
2026-09-16 13:14:00,10.728,10.729,10.725,10.729,1508.52,16183.00563
2026-09-16 13:15:00,10.728,10.746,10.722,10.745,1971.28,21148.61347
2026-09-16 13:16:00,10.745,10.753,10.741,10.742,2214.82,23801.12406
2026-09-16 13:17:00,10.743,10.743,10.728,10.736,5941.22,63773.44456
2026-09-16 13:18:00,10.735,10.749,10.734,10.744,2773.87,29798.79875
2026-09-16 13:19:00,10.745,10.745,10.72,10.726,3350.18,35951.38536
2026-09-16 13:20:00,10.725,10.728,10.713,10.714,1829.03,19604.8321
2026-09-16 13:21:00,10.714,10.729,10.714,10.728,3874.14,41533.60818
2026-09-16 13:22:00,10.727,10.737,10.727,10.734,529.15,5678.9938
2026-09-16 13:23:00,10.733,10.733,10.719,10.72,1018.12,10917.53069
2026-09-16 13:24:00,10.72,10.733,10.719,10.723,3263.59,35016.93629
2026-09-16 13:25:00,10.722,10.731,10.711,10.729,4175.15,44772.98506
2026-09-16 13:26:00,10.73,10.749,10.73,10.743,1661.99,17857.67194
2026-09-16 13:27:00,10.743,10.751,10.739,10.749,2120.21,22786.77217
2026-09-16 13:28:00,10.749,10.75,10.745,10.746,72.87,783.23781
2026-09-16 13:29:00,10.745,10.745,10.736,10.738,317.33,3407.96145
2026-09-16 13:30:00,10.739,10.754,10.73,10.734,2060.47,22134.08861
2026-09-16 13:31:00,10.734,10.749,10.724,10.74,1435.51,15410.75836
2026-09-16 13:32:00,10.741,10.748,10.718,10.728,4946.37,53098.02981
2026-09-16 13:33:00,10.728,10.741,10.725,10.728,875.76,9399.19708
2026-09-16 13:34:00,10.727,10.728,10.711,10.716,1987.97,21305.309
2026-09-16 13:35:00,10.717,10.732,10.71,10.715,11187.93,119854.2691
2026-09-16 13:36:00,10.715,10.718,10.71,10.71,1321.76,14158.94665
2026-09-16 13:37:00,10.71,10.712,10.697,10.7,4357.83,46651.55595
2026-09-16 13:38:00,10.7,10.703,10.691,10.701,2128.89,22770.75023
2026-09-16 13:39:00,10.701,10.716,10.692,10.693,1217.4,13030.33008
2026-09-16 13:40:00,10.693,10.707,10.691,10.704,1837.52,19662.0225
2026-09-16 13:41:00,10.705,10.723,10.705,10.718,2917.14,31257.52574
2026-09-16 13:42:00,10.718,10.719,10.709,10.719,1706.92,18285.52356
2026-09-16 13:43:00,10.72,10.725,10.715,10.725,607.61,6512.90058
2026-09-16 13:44:00,10.726,10.735,10.726,10.73,364.94,3916.30963
2026-09-16 13:45:00,10.729,10.737,10.721,10.73,2480.69,26616.0461
2026-09-16 13:46:00,10.73,10.731,10.707,10.718,1752.86,18794.2823
2026-09-16 13:47:00,10.719,10.765,10.719,10.761,1130.06,12133.2207
2026-09-16 13:48:00,10.761,10.763,10.747,10.747,664.63,7148.32774
2026-09-16 13:49:00,10.747,10.751,10.734,10.751,1175.62,12624.61459
2026-09-16 13:50:00,10.751,10.764,10.739,10.741,1008.32,10844.61546
2026-09-16 13:51:00,10.741,10.742,10.728,10.73,1029.41,11052.51957
2026-09-16 13:52:00,10.731,10.734,10.717,10.717,777.8,8342.84636
2026-09-16 13:53:00,10.717,10.732,10.711,10.732,909.21,9745.92616
2026-09-16 13:54:00,10.732,10.732,10.719,10.723,174.31,1869.50689
2026-09-16 13:55:00,10.723,10.733,10.722,10.731,861.23,9240.36388
2026-09-16 13:56:00,10.73,10.73,10.718,10.721,560.71,6011.8434
2026-09-16 13:57:00,10.721,10.728,10.72,10.724,311.34,3338.61594
2026-09-16 13:58:00,10.725,10.726,10.713,10.713,196.28,2104.32841
2026-09-16 13:59:00,10.712,10.713,10.703,10.71,7330.21,78519.74303
2026-09-16 14:00:00,10.711,10.714,10.7,10.7,626.71,6709.44845
2026-09-16 14:01:00,10.701,10.714,10.698,10.7,843.78,9030.02772
2026-09-16 14:02:00,10.7,10.7,10.683,10.683,1617.59,17293.5635
2026-09-16 14:03:00,10.683,10.684,10.667,10.676,5764.53,61529.50962
2026-09-16 14:04:00,10.675,10.684,10.663,10.683,5311.59,56686.86793
2026-09-16 14:05:00,10.682,10.691,10.676,10.688,291.53,3115.20008
