timestamp,open,high,low,close,volume,quote_volume
2026-09-14 12:06:00,2.421,2.421,2.416,2.416,4325.3,10461.8806
2026-09-14 12:07:00,2.416,2.416,2.416,2.416,1312.9,3171.9664
2026-09-14 12:08:00,2.417,2.421,2.417,2.417,7118.6,17224.599
2026-09-14 12:09:00,2.417,2.419,2.416,2.417,2507.5,6060.8261
2026-09-14 12:10:00,2.417,2.419,2.417,2.418,1019.3,2463.7925
2026-09-14 12:11:00,2.418,2.419,2.418,2.419,1134.9,2744.4202
2026-09-14 12:12:00,2.42,2.42,2.42,2.42,134.6,325.732
2026-09-14 12:13:00,2.419,2.419,2.418,2.418,3879.6,9384.1173
2026-09-14 12:14:00,2.418,2.42,2.418,2.42,1111.3,2687.4499
2026-09-14 12:15:00,2.42,2.421,2.42,2.42,2434.6,5893.9283
2026-09-14 12:16:00,2.421,2.421,2.418,2.419,30369.4,73515.064
2026-09-14 12:17:00,2.42,2.425,2.419,2.425,5356.8,12977.3499
2026-09-14 12:18:00,2.424,2.428,2.424,2.427,6639.7,16115.6376
2026-09-14 12:19:00,2.428,2.432,2.427,2.428,14535.8,35317.9219
2026-09-14 12:20:00,2.428,2.428,2.423,2.424,20113.5,48779.7168
2026-09-14 12:21:00,2.423,2.424,2.422,2.424,603.1,1461.2665
2026-09-14 12:22:00,2.424,2.425,2.422,2.424,562.1,1361.8236
2026-09-14 12:23:00,2.423,2.423,2.421,2.423,4443.2,10763.0526
2026-09-14 12:24:00,2.424,2.425,2.424,2.424,5370.5,13018.3485
2026-09-14 12:25:00,2.424,2.424,2.421,2.422,6643.6,16099.9516
2026-09-14 12:26:00,2.422,2.422,2.419,2.42,1514.2,3664.7328
2026-09-14 12:27:00,2.419,2.422,2.418,2.42,23531.1,56926.1269
2026-09-14 12:28:00,2.42,2.421,2.42,2.421,1323.3,3203.4716
2026-09-14 12:29:00,2.421,2.423,2.421,2.423,2748.2,6657.1636
2026-09-14 12:30:00,2.423,2.423,2.421,2.423,1177.4,2851.6882
2026-09-14 12:31:00,2.423,2.429,2.423,2.429,2634.0,6391.2196
2026-09-14 12:32:00,2.429,2.432,2.427,2.43,7336.4,17825.9128
2026-09-14 12:33:00,2.429,2.429,2.426,2.426,1980.9,4810.3302
2026-09-14 12:34:00,2.426,2.428,2.422,2.424,18094.8,43891.0051
2026-09-14 12:35:00,2.423,2.423,2.41,2.41,26576.7,64145.3305
2026-09-14 12:36:00,2.411,2.415,2.408,2.412,22397.0,54009.8671
2026-09-14 12:37:00,2.412,2.412,2.406,2.41,7496.9,18057.9653
2026-09-14 12:38:00,2.41,2.416,2.409,2.413,7737.0,18668.2574
2026-09-14 12:39:00,2.414,2.419,2.414,2.417,3467.1,8382.1517
2026-09-14 12:40:00,2.416,2.416,2.413,2.414,3757.3,9074.4616
2026-09-14 12:41:00,2.413,2.416,2.407,2.413,17499.4,42207.6669
2026-09-14 12:42:00,2.413,2.414,2.412,2.413,7030.0,16965.2362
2026-09-14 12:43:00,2.413,2.418,2.413,2.417,2637.7,6374.4422
2026-09-14 12:44:00,2.417,2.417,2.414,2.414,772.3,1865.1663
2026-09-14 12:45:00,2.413,2.416,2.413,2.414,2797.4,6753.9176
2026-09-14 12:46:00,2.414,2.414,2.411,2.411,3087.5,7448.4965
2026-09-14 12:47:00,2.411,2.411,2.41,2.411,1509.3,3638.8427
2026-09-14 12:48:00,2.41,2.41,2.406,2.407,4540.1,10930.6561
2026-09-14 12:49:00,2.406,2.407,2.403,2.406,6173.0,14845.1328
2026-09-14 12:50:00,2.407,2.411,2.405,2.408,4399.3,10597.3972
2026-09-14 12:51:00,2.408,2.408,2.406,2.406,2258.8,5436.1008
2026-09-14 12:52:00,2.407,2.41,2.407,2.408,4365.2,10509.692
2026-09-14 12:53:00,2.409,2.409,2.404,2.404,4866.7,11713.7564
2026-09-14 12:54:00,2.405,2.405,2.4,2.401,9771.6,23468.5932
2026-09-14 12:55:00,2.401,2.403,2.399,2.401,60365.6,144892.3526
2026-09-14 12:56:00,2.4,2.401,2.398,2.398,9897.9,23753.2636
2026-09-14 12:57:00,2.398,2.399,2.397,2.398,4513.9,10827.3363
2026-09-14 12:58:00,2.398,2.398,2.395,2.398,11095.4,26594.2821
2026-09-14 12:59:00,2.398,2.398,2.396,2.397,6052.9,14512.4784
2026-09-14 13:00:00,2.397,2.401,2.396,2.399,13808.5,33120.0874
2026-09-14 13:01:00,2.399,2.399,2.394,2.397,13971.5,33481.7973
2026-09-14 13:02:00,2.397,2.398,2.393,2.397,10122.7,24248.0465
2026-09-14 13:03:00,2.396,2.401,2.396,2.396,10725.8,25724.666
2026-09-14 13:04:00,2.396,2.399,2.395,2.395,14620.3,35032.621
2026-09-14 13:05:00,2.396,2.402,2.396,2.399,3966.7,9515.1929
2026-09-14 13:06:00,2.398,2.398,2.386,2.393,55238.5,132089.4227
2026-09-14 13:07:00,2.392,2.395,2.389,2.391,8925.5,21331.2484
2026-09-14 13:08:00,2.392,2.392,2.385,2.386,31003.9,74072.8961
2026-09-14 13:09:00,2.387,2.393,2.386,2.393,8377.7,20014.2736
2026-09-14 13:10:00,2.393,2.403,2.393,2.402,6146.5,14740.8204
2026-09-14 13:11:00,2.403,2.409,2.403,2.409,19436.1,46777.2484
2026-09-14 13:12:00,2.408,2.415,2.407,2.414,38760.2,93509.1626
2026-09-14 13:13:00,2.414,2.418,2.409,2.412,20463.1,49387.0727
2026-09-14 13:14:00,2.413,2.419,2.412,2.413,10158.9,24543.818
2026-09-14 13:15:00,2.413,2.419,2.413,2.418,5941.4,14349.9735
2026-09-14 13:16:00,2.418,2.42,2.414,2.417,20842.6,50350.4416
2026-09-14 13:17:00,2.417,2.421,2.415,2.42,13106.3,31696.6371
2026-09-14 13:18:00,2.42,2.425,2.42,2.422,20165.4,48858.3953
2026-09-14 13:19:00,2.422,2.423,2.414,2.415,7987.1,19314.0524
2026-09-14 13:20:00,2.415,2.417,2.414,2.416,2321.4,5608.8912
2026-09-14 13:21:00,2.417,2.418,2.415,2.416,5009.2,12106.6613
2026-09-14 13:22:00,2.417,2.418,2.416,2.416,794.7,1920.2305
2026-09-14 13:23:00,2.416,2.417,2.414,2.417,7269.5,17561.9802
2026-09-14 13:24:00,2.418,2.418,2.407,2.412,16028.8,38635.8505
2026-09-14 13:25:00,2.412,2.416,2.411,2.413,3029.0,7311.0639
2026-09-14 13:26:00,2.412,2.412,2.41,2.411,4640.9,11191.9981
2026-09-14 13:27:00,2.411,2.413,2.411,2.411,6957.8,16783.5216
2026-09-14 13:28:00,2.412,2.414,2.412,2.412,3195.3,7707.5987
2026-09-14 13:29:00,2.413,2.414,2.413,2.414,1285.2,3102.2432
2026-09-14 13:30:00,2.414,2.423,2.413,2.421,15671.6,37884.1966
2026-09-14 13:31:00,2.421,2.43,2.421,2.426,24367.9,59101.958
2026-09-14 13:32:00,2.426,2.427,2.422,2.426,37323.7,90480.2516
2026-09-14 13:33:00,2.427,2.427,2.424,2.425,10640.0,25811.4967
2026-09-14 13:34:00,2.426,2.429,2.426,2.428,5105.1,12394.7963
2026-09-14 13:35:00,2.429,2.43,2.42,2.42,11957.1,28990.2217
2026-09-14 13:36:00,2.419,2.419,2.403,2.405,47454.2,114322.2896
2026-09-14 13:37:00,2.406,2.412,2.399,2.412,33221.2,79979.5115
2026-09-14 13:38:00,2.411,2.418,2.41,2.41,11993.1,28955.0071
2026-09-14 13:39:00,2.41,2.41,2.404,2.407,18214.8,43846.0689
2026-09-14 13:40:00,2.406,2.411,2.406,2.408,17301.7,41679.2395
2026-09-14 13:41:00,2.409,2.409,2.403,2.407,8224.2,19783.2522
2026-09-14 13:42:00,2.408,2.414,2.407,2.411,8639.8,20843.5968
2026-09-14 13:43:00,2.411,2.416,2.409,2.411,9617.5,23204.4819
2026-09-14 13:44:00,2.411,2.413,2.41,2.413,3962.7,9555.2693
2026-09-14 13:45:00,2.413,2.416,2.41,2.412,9686.2,23371.2744
2026-09-14 13:46:00,2.412,2.417,2.412,2.416,16444.1,39720.423
2026-09-14 13:47:00,2.417,2.419,2.416,2.419,37547.7,90784.0764
2026-09-14 13:48:00,2.419,2.421,2.418,2.419,20273.8,49055.802
2026-09-14 13:49:00,2.419,2.429,2.416,2.429,22891.3,55445.4599
2026-09-14 13:50:00,2.428,2.436,2.428,2.432,32476.1,78976.1447
2026-09-14 13:51:00,2.432,2.433,2.427,2.429,22339.0,54258.3901
2026-09-14 13:52:00,2.429,2.43,2.418,2.42,30605.9,74196.9947
2026-09-14 13:53:00,2.42,2.421,2.417,2.421,6370.7,15413.9918
2026-09-14 13:54:00,2.421,2.421,2.419,2.42,3088.3,7472.8782
2026-09-14 13:55:00,2.42,2.421,2.417,2.418,26839.3,64940.9019
2026-09-14 13:56:00,2.418,2.418,2.409,2.412,8166.8,19705.4735
2026-09-14 13:57:00,2.413,2.413,2.407,2.408,2626.2,6324.3828
2026-09-14 13:58:00,2.408,2.414,2.407,2.412,12152.5,29292.1244
2026-09-14 13:59:00,2.412,2.416,2.411,2.411,8195.4,19788.8106
2026-09-14 14:00:00,2.412,2.418,2.411,2.413,23459.3,56671.5945
2026-09-14 14:01:00,2.414,2.419,2.414,2.418,4273.7,10325.2286
2026-09-14 14:02:00,2.418,2.42,2.417,2.418,15276.3,36946.0982
2026-09-14 14:03:00,2.417,2.422,2.417,2.419,6854.0,16592.3316
2026-09-14 14:04:00,2.419,2.422,2.419,2.421,7080.7,17138.7587
2026-09-14 14:05:00,2.422,2.422,2.414,2.415,19801.6,47871.9472
2026-09-14 14:06:00,2.415,2.417,2.415,2.417,7017.7,16960.0509
2026-09-14 14:07:00,2.417,2.42,2.416,2.42,2972.0,7188.2542
2026-09-14 14:08:00,2.42,2.423,2.417,2.417,20453.7,49519.6429
2026-09-14 14:09:00,2.417,2.42,2.417,2.419,1128.8,2730.5285
2026-09-14 14:10:00,2.42,2.423,2.42,2.423,11655.7,28230.5971
2026-09-14 14:11:00,2.422,2.427,2.421,2.425,28672.2,69501.8414
2026-09-14 14:12:00,2.426,2.429,2.424,2.424,8188.2,19864.9439
2026-09-14 14:13:00,2.423,2.428,2.423,2.427,2744.8,6659.0973
2026-09-14 14:14:00,2.426,2.428,2.424,2.427,5594.0,13573.2293
2026-09-14 14:15:00,2.427,2.432,2.427,2.429,21987.2,53415.3059
2026-09-14 14:16:00,2.428,2.429,2.425,2.425,6451.0,15654.1415
2026-09-14 14:17:00,2.425,2.429,2.423,2.426,9116.7,22114.4937
2026-09-14 14:18:00,2.427,2.427,2.42,2.422,5833.6,14134.1806
2026-09-14 14:19:00,2.422,2.423,2.421,2.423,5592.6,13547.376
2026-09-14 14:20:00,2.423,2.423,2.417,2.417,3743.6,9057.8791
2026-09-14 14:21:00,2.417,2.417,2.404,2.408,18331.6,44170.4797
2026-09-14 14:22:00,2.407,2.408,2.403,2.405,10135.1,24379.5678
2026-09-14 14:23:00,2.405,2.406,2.403,2.406,6162.7,14818.7973
2026-09-14 14:24:00,2.406,2.406,2.401,2.401,4745.6,11404.0742
2026-09-14 14:25:00,2.401,2.405,2.401,2.404,6590.5,15835.3431
2026-09-14 14:26:00,2.403,2.404,2.396,2.398,31216.1,74886.4032
2026-09-14 14:27:00,2.397,2.4,2.396,2.4,17615.3,42224.7657
2026-09-14 14:28:00,2.401,2.409,2.401,2.407,9829.9,23644.6886
2026-09-14 14:29:00,2.406,2.406,2.402,2.406,9935.0,23878.1543
2026-09-14 14:30:00,2.406,2.412,2.404,2.41,11809.7,28439.2541
2026-09-14 14:31:00,2.41,2.417,2.41,2.415,14022.0,33856.3392
2026-09-14 14:32:00,2.415,2.415,2.41,2.411,6311.5,15220.0734
2026-09-14 14:33:00,2.411,2.412,2.41,2.411,3604.5,8691.7636
2026-09-14 14:34:00,2.411,2.415,2.411,2.411,5961.6,14388.927
2026-09-14 14:35:00,2.41,2.41,2.406,2.406,6663.1,16041.1782
2026-09-14 14:36:00,2.407,2.408,2.404,2.405,9664.8,23250.4746
2026-09-14 14:37:00,2.405,2.406,2.404,2.404,4093.3,9845.647
2026-09-14 14:38:00,2.404,2.404,2.4,2.402,7310.6,17555.9855
2026-09-14 14:39:00,2.402,2.402,2.399,2.402,5837.6,14014.3772
2026-09-14 14:40:00,2.402,2.404,2.401,2.403,6722.8,16151.0628
2026-09-14 14:41:00,2.403,2.404,2.398,2.4,7974.6,19143.5873
2026-09-14 14:42:00,2.4,2.402,2.4,2.402,5595.6,13433.1789
2026-09-14 14:43:00,2.402,2.403,2.4,2.4,2130.3,5116.3368
2026-09-14 14:44:00,2.4,2.403,2.398,2.403,5511.8,13228.6717
2026-09-14 14:45:00,2.403,2.41,2.403,2.408,10420.9,25090.6041
2026-09-14 14:46:00,2.408,2.409,2.404,2.406,18346.3,44166.3003
2026-09-14 14:47:00,2.407,2.407,2.402,2.405,8164.8,19628.9099
2026-09-14 14:48:00,2.405,2.407,2.404,2.405,2062.5,4962.0332
2026-09-14 14:49:00,2.405,2.41,2.405,2.41,5046.8,12154.2609
2026-09-14 14:50:00,2.409,2.412,2.407,2.407,5336.7,12859.8404
2026-09-14 14:51:00,2.406,2.411,2.406,2.41,3594.3,8653.9622
2026-09-14 14:52:00,2.41,2.41,2.404,2.405,2214.6,5327.8832
2026-09-14 14:53:00,2.405,2.405,2.403,2.404,2222.2,5343.8969
2026-09-14 14:54:00,2.403,2.409,2.403,2.407,19219.5,46261.3573
2026-09-14 14:55:00,2.407,2.407,2.401,2.401,12544.4,30156.7209
2026-09-14 14:56:00,2.4,2.4,2.396,2.397,10333.4,24773.1857
2026-09-14 14:57:00,2.397,2.398,2.395,2.396,2376.1,5693.7994
2026-09-14 14:58:00,2.396,2.402,2.396,2.4,14000.6,33573.9391
2026-09-14 14:59:00,2.4,2.403,2.399,2.399,3239.1,7773.8729
2026-09-14 15:00:00,2.4,2.4,2.396,2.396,5249.0,12586.7176
2026-09-14 15:01:00,2.396,2.396,2.389,2.393,30085.5,71933.4015
2026-09-14 15:02:00,2.393,2.399,2.391,2.396,12418.6,29735.4476
2026-09-14 15:03:00,2.395,2.395,2.394,2.395,3888.1,9310.535
2026-09-14 15:04:00,2.395,2.395,2.388,2.389,5768.0,13791.0583
2026-09-14 15:05:00,2.389,2.394,2.379,2.389,116547.2,278010.272
2026-09-14 15:06:00,2.388,2.401,2.388,2.397,11008.8,26380.4462
2026-09-14 15:07:00,2.396,2.396,2.389,2.391,9023.4,21580.3498
2026-09-14 15:08:00,2.391,2.393,2.388,2.391,6410.6,15326.4683
2026-09-14 15:09:00,2.392,2.393,2.387,2.389,7509.9,17943.498
2026-09-14 15:10:00,2.388,2.391,2.388,2.391,9586.5,22914.3441
2026-09-14 15:11:00,2.391,2.391,2.385,2.386,9710.1,23172.01
2026-09-14 15:12:00,2.387,2.39,2.386,2.39,2567.2,6128.4728
2026-09-14 15:13:00,2.39,2.392,2.389,2.389,3102.6,7418.0687
2026-09-14 15:14:00,2.389,2.39,2.388,2.389,1404.4,3355.0712
2026-09-14 15:15:00,2.389,2.392,2.388,2.389,5336.9,12755.8479
2026-09-14 15:16:00,2.389,2.392,2.388,2.392,4454.7,10644.6871
2026-09-14 15:17:00,2.393,2.398,2.391,2.391,9591.6,22965.7303
2026-09-14 15:18:00,2.391,2.392,2.388,2.388,6365.9,15215.2043
2026-09-14 15:19:00,2.389,2.395,2.389,2.395,7205.7,17247.3497
2026-09-14 15:20:00,2.395,2.396,2.392,2.392,4590.0,10989.5094
2026-09-14 15:21:00,2.393,2.395,2.392,2.393,3415.9,8174.7213
2026-09-14 15:22:00,2.394,2.396,2.392,2.392,3200.1,7663.1868
2026-09-14 15:23:00,2.392,2.394,2.392,2.392,4724.0,11306.6625
2026-09-14 15:24:00,2.393,2.396,2.392,2.394,19029.3,45556.8617
2026-09-14 15:25:00,2.394,2.397,2.392,2.393,8635.6,20680.5654
2026-09-14 15:26:00,2.393,2.394,2.391,2.392,2340.1,5599.0105
2026-09-14 15:27:00,2.392,2.393,2.389,2.39,5119.8,12241.2973
2026-09-14 15:28:00,2.39,2.392,2.39,2.392,2026.8,4846.3545
2026-09-14 15:29:00,2.392,2.392,2.389,2.39,1843.0,4404.8048
2026-09-14 15:30:00,2.391,2.395,2.39,2.395,23000.4,55000.133
2026-09-14 15:31:00,2.395,2.395,2.389,2.389,11404.6,27280.4821
2026-09-14 15:32:00,2.39,2.396,2.388,2.394,23963.3,57308.8647
2026-09-14 15:33:00,2.395,2.405,2.393,2.401,25437.6,61059.5794
2026-09-14 15:34:00,2.402,2.404,2.4,2.4,18148.5,43592.0832
2026-09-14 15:35:00,2.4,2.402,2.394,2.394,11599.7,27825.8696
2026-09-14 15:36:00,2.395,2.395,2.389,2.389,6639.0,15871.444
2026-09-14 15:37:00,2.39,2.398,2.39,2.398,6944.1,16629.3404
2026-09-14 15:38:00,2.398,2.4,2.395,2.395,6289.7,15085.0419
2026-09-14 15:39:00,2.396,2.399,2.395,2.396,12046.8,28876.2403
2026-09-14 15:40:00,2.397,2.403,2.396,2.398,46140.4,110765.4595
2026-09-14 15:41:00,2.399,2.407,2.399,2.406,8583.9,20632.5832
2026-09-14 15:42:00,2.407,2.408,2.403,2.406,10152.5,24432.2122
2026-09-14 15:43:00,2.406,2.409,2.406,2.409,4242.9,10211.9348
2026-09-14 15:44:00,2.408,2.408,2.405,2.405,11031.2,26551.6507
2026-09-14 15:45:00,2.406,2.406,2.401,2.401,16504.8,39677.4725
2026-09-14 15:46:00,2.401,2.401,2.398,2.4,3921.7,9408.7929
2026-09-14 15:47:00,2.4,2.4,2.398,2.399,3221.3,7727.5694
2026-09-14 15:48:00,2.399,2.401,2.396,2.4,9317.7,22352.0961
2026-09-14 15:49:00,2.401,2.403,2.396,2.396,13370.6,32076.0841
2026-09-14 15:50:00,2.395,2.4,2.395,2.399,22862.7,54827.1257
2026-09-14 15:51:00,2.399,2.403,2.399,2.399,10278.2,24671.4558
2026-09-14 15:52:00,2.4,2.405,2.4,2.403,5336.5,12824.368
2026-09-14 15:53:00,2.403,2.405,2.401,2.403,3633.9,8731.0896
2026-09-14 15:54:00,2.403,2.403,2.4,2.401,9693.0,23272.7993
2026-09-14 15:55:00,2.4,2.402,2.399,2.399,19451.1,46692.0313
2026-09-14 15:56:00,2.399,2.4,2.396,2.4,8804.6,21113.2211
2026-09-14 15:57:00,2.399,2.401,2.399,2.399,3067.1,7359.4089
2026-09-14 15:58:00,2.398,2.399,2.397,2.398,16507.9,39591.6745
2026-09-14 15:59:00,2.398,2.4,2.397,2.397,2112.6,5065.3253
2026-09-14 16:00:00,2.396,2.399,2.394,2.397,24096.2,57737.3305
2026-09-14 16:01:00,2.397,2.404,2.397,2.401,24118.2,57912.8702
2026-09-14 16:02:00,2.401,2.402,2.401,2.402,3014.6,7239.0533
2026-09-14 16:03:00,2.401,2.402,2.399,2.399,2502.0,6006.9134
2026-09-14 16:04:00,2.399,2.399,2.396,2.398,2795.8,6703.8615
2026-09-14 16:05:00,2.397,2.405,2.397,2.405,11845.9,28436.1985
2026-09-14 16:06:00,2.405,2.407,2.402,2.402,4924.5,11840.3484
2026-09-14 16:07:00,2.403,2.404,2.401,2.404,8639.1,20762.2662
2026-09-14 16:08:00,2.404,2.404,2.404,2.404,829.8,1994.8392
2026-09-14 16:09:00,2.403,2.411,2.403,2.411,3965.5,9549.2167
2026-09-14 16:10:00,2.411,2.416,2.411,2.416,13866.3,33480.7582
2026-09-14 16:11:00,2.417,2.419,2.413,2.418,7136.4,17237.4561
2026-09-14 16:12:00,2.418,2.42,2.416,2.417,4152.5,10041.9877
2026-09-14 16:13:00,2.418,2.418,2.415,2.415,2751.0,6647.7573
2026-09-14 16:14:00,2.414,2.418,2.412,2.418,5403.1,13045.7469
2026-09-14 16:15:00,2.419,2.427,2.418,2.425,36646.6,88804.1096
2026-09-14 16:16:00,2.425,2.427,2.421,2.422,17292.7,41922.1382
2026-09-14 16:17:00,2.421,2.423,2.418,2.423,13118.3,31740.7127
2026-09-14 16:18:00,2.424,2.432,2.424,2.431,18833.4,45719.7168
2026-09-14 16:19:00,2.432,2.435,2.424,2.424,115821.9,281445.0103
2026-09-14 16:20:00,2.424,2.427,2.418,2.422,17059.1,41331.7628
2026-09-14 16:21:00,2.423,2.43,2.423,2.429,8596.1,20864.5797
2026-09-14 16:22:00,2.43,2.433,2.428,2.43,16110.9,39151.7296
2026-09-14 16:23:00,2.43,2.437,2.43,2.435,12508.8,30444.8932
2026-09-14 16:24:00,2.436,2.437,2.429,2.429,11926.8,29027.7557
2026-09-14 16:25:00,2.43,2.43,2.424,2.425,9016.6,21885.3519
2026-09-14 16:26:00,2.425,2.426,2.425,2.425,5200.6,12611.9875
2026-09-14 16:27:00,2.424,2.427,2.423,2.425,3828.7,9279.7511
2026-09-14 16:28:00,2.426,2.426,2.424,2.425,3903.3,9465.6447
2026-09-14 16:29:00,2.425,2.426,2.423,2.425,7881.8,19106.6863
2026-09-14 16:30:00,2.425,2.427,2.425,2.427,2594.6,6295.1505
2026-09-14 16:31:00,2.426,2.426,2.422,2.424,15760.4,38210.7734
2026-09-14 16:32:00,2.424,2.43,2.424,2.427,2816.6,6835.2725
2026-09-14 16:33:00,2.427,2.433,2.427,2.433,6407.4,15571.9186
2026-09-14 16:34:00,2.433,2.434,2.431,2.431,4377.2,10648.2291
2026-09-14 16:35:00,2.431,2.432,2.429,2.432,2769.8,6731.7173
2026-09-14 16:36:00,2.431,2.433,2.431,2.433,4696.0,11419.3222
2026-09-14 16:37:00,2.433,2.438,2.433,2.433,21176.4,51565.7614
2026-09-14 16:38:00,2.432,2.437,2.431,2.435,3209.0,7811.8699
2026-09-14 16:39:00,2.436,2.438,2.435,2.436,8445.0,20571.3304
2026-09-14 16:40:00,2.437,2.442,2.436,2.441,18534.1,45215.187
2026-09-14 16:41:00,2.441,2.446,2.44,2.443,22170.7,54196.0511
2026-09-14 16:42:00,2.443,2.445,2.442,2.443,13072.0,31944.9142
2026-09-14 16:43:00,2.443,2.449,2.438,2.44,61694.8,150732.7681
2026-09-14 16:44:00,2.44,2.44,2.431,2.434,26334.0,64116.4685
2026-09-14 16:45:00,2.434,2.435,2.431,2.434,8887.1,21620.4821
2026-09-14 16:46:00,2.434,2.434,2.429,2.43,7950.4,19324.4579
2026-09-14 16:47:00,2.43,2.439,2.43,2.438,15769.1,38413.7979
2026-09-14 16:48:00,2.438,2.441,2.436,2.44,12064.6,29413.7448
2026-09-14 16:49:00,2.439,2.442,2.439,2.44,4696.7,11459.9442
2026-09-14 16:50:00,2.441,2.442,2.439,2.442,6065.3,14806.0482
2026-09-14 16:51:00,2.441,2.456,2.439,2.453,54563.9,133621.4375
2026-09-14 16:52:00,2.453,2.464,2.452,2.464,37022.5,90963.9002
2026-09-14 16:53:00,2.463,2.463,2.456,2.456,12540.5,30849.379
2026-09-14 16:54:00,2.456,2.473,2.456,2.471,73468.7,181217.436
2026-09-14 16:55:00,2.471,2.473,2.466,2.466,25629.0,63321.9444
2026-09-14 16:56:00,2.466,2.471,2.465,2.47,9366.5,23113.9344
2026-09-14 16:57:00,2.47,2.477,2.468,2.468,11443.4,28294.2635
2026-09-14 16:58:00,2.468,2.47,2.468,2.469,8473.9,20919.4552
2026-09-14 16:59:00,2.469,2.469,2.464,2.466,3566.1,8791.9841
2026-09-14 17:00:00,2.466,2.473,2.463,2.472,10328.3,25498.249
2026-09-14 17:01:00,2.472,2.475,2.468,2.469,15124.4,37367.7837
2026-09-14 17:02:00,2.469,2.478,2.468,2.477,15027.0,37178.9073
2026-09-14 17:03:00,2.477,2.479,2.47,2.475,22749.7,56260.2306
2026-09-14 17:04:00,2.476,2.476,2.468,2.469,18755.9,46328.4248
2026-09-14 17:05:00,2.469,2.47,2.466,2.467,11225.3,27698.4998
2026-09-14 17:06:00,2.467,2.489,2.467,2.479,61354.1,152238.8221
2026-09-14 17:07:00,2.479,2.487,2.477,2.483,25943.2,64372.98
2026-09-14 17:08:00,2.482,2.487,2.482,2.486,20429.6,50771.0434
2026-09-14 17:09:00,2.485,2.498,2.484,2.497,40559.7,101018.7712
2026-09-14 17:10:00,2.497,2.531,2.496,2.531,326239.8,821053.388
2026-09-14 17:11:00,2.53,2.541,2.527,2.536,85384.5,216411.8495
2026-09-14 17:12:00,2.536,2.552,2.531,2.535,144444.8,367074.0684
2026-09-14 17:13:00,2.534,2.54,2.526,2.526,44228.2,112033.1943
2026-09-14 17:14:00,2.526,2.531,2.526,2.527,15156.4,38324.1337
2026-09-14 17:15:00,2.527,2.529,2.523,2.525,22294.6,56288.217
2026-09-14 17:16:00,2.525,2.537,2.52,2.533,29401.7,74329.4328
2026-09-14 17:17:00,2.533,2.543,2.533,2.533,23243.0,59005.8955
2026-09-14 17:18:00,2.533,2.546,2.518,2.545,186991.4,474251.6381
2026-09-14 17:19:00,2.545,2.551,2.533,2.537,331629.6,843526.705
2026-09-14 17:20:00,2.538,2.544,2.535,2.536,34386.6,87310.7382
2026-09-14 17:21:00,2.536,2.539,2.531,2.531,20072.1,50911.4379
2026-09-14 17:22:00,2.532,2.539,2.529,2.538,50630.3,128308.4659
2026-09-14 17:23:00,2.537,2.539,2.528,2.528,22489.7,56964.0603
2026-09-14 17:24:00,2.529,2.533,2.527,2.528,23261.0,58836.1923
2026-09-14 17:25:00,2.528,2.537,2.528,2.534,29963.4,75871.669
2026-09-14 17:26:00,2.535,2.537,2.533,2.534,28968.6,73484.1267
2026-09-14 17:27:00,2.533,2.541,2.531,2.531,20097.9,50978.1692
2026-09-14 17:28:00,2.531,2.536,2.528,2.531,27075.1,68553.5605
2026-09-14 17:29:00,2.53,2.536,2.526,2.533,22640.7,57281.3801
2026-09-14 17:30:00,2.532,2.537,2.531,2.535,12000.7,30413.6826
2026-09-14 17:31:00,2.534,2.534,2.523,2.526,27592.5,69740.1561
2026-09-14 17:32:00,2.527,2.528,2.523,2.525,11945.9,30176.2635
2026-09-14 17:33:00,2.526,2.529,2.523,2.529,17314.4,43724.0693
2026-09-14 17:34:00,2.528,2.531,2.528,2.528,7427.7,18788.587
2026-09-14 17:35:00,2.529,2.541,2.529,2.538,34157.3,86683.365
2026-09-14 17:36:00,2.538,2.54,2.531,2.532,18013.8,45693.6305
2026-09-14 17:37:00,2.533,2.538,2.532,2.535,12168.2,30839.8851
2026-09-14 17:38:00,2.535,2.536,2.533,2.534,1535.0,3890.2414
2026-09-14 17:39:00,2.533,2.535,2.522,2.528,23864.8,60321.3989
2026-09-14 17:40:00,2.529,2.535,2.528,2.533,9301.8,23550.9651
2026-09-14 17:41:00,2.533,2.535,2.531,2.533,4983.7,12624.5601
2026-09-14 17:42:00,2.534,2.546,2.534,2.545,23131.9,58756.0283
2026-09-14 17:43:00,2.546,2.558,2.543,2.555,42100.1,107421.5136
2026-09-14 17:44:00,2.554,2.556,2.548,2.554,20899.3,53340.3445
2026-09-14 17:45:00,2.553,2.555,2.55,2.553,16048.6,40954.5346
2026-09-14 17:46:00,2.553,2.585,2.553,2.577,179746.9,462679.6194
2026-09-14 17:47:00,2.577,2.582,2.574,2.576,70187.5,180953.8042
2026-09-14 17:48:00,2.577,2.579,2.572,2.574,40777.3,105008.0157
2026-09-14 17:49:00,2.574,2.584,2.574,2.584,35368.6,91234.408
2026-09-14 17:50:00,2.584,2.584,2.578,2.581,37020.7,95561.327
2026-09-14 17:51:00,2.582,2.589,2.577,2.587,23950.8,61913.9449
2026-09-14 17:52:00,2.587,2.595,2.58,2.58,59187.6,153188.5598
2026-09-14 17:53:00,2.58,2.58,2.568,2.574,98091.1,252541.9891
2026-09-14 17:54:00,2.574,2.583,2.574,2.579,28861.3,74457.1008
2026-09-14 17:55:00,2.58,2.58,2.574,2.574,31114.5,80183.1732
2026-09-14 17:56:00,2.574,2.579,2.571,2.571,17622.7,45367.6774
2026-09-14 17:57:00,2.572,2.585,2.572,2.583,41549.6,107176.8469
2026-09-14 17:58:00,2.584,2.585,2.576,2.58,21684.0,55944.7748
2026-09-14 17:59:00,2.58,2.582,2.575,2.58,18096.6,46678.9515
2026-09-14 18:00:00,2.58,2.591,2.58,2.586,49463.2,127957.2653
2026-09-14 18:01:00,2.587,2.597,2.587,2.594,14056.0,36439.4595
2026-09-14 18:02:00,2.595,2.595,2.585,2.585,28912.0,74865.5381
2026-09-14 18:03:00,2.585,2.591,2.583,2.589,47928.6,124044.8571
2026-09-14 18:04:00,2.589,2.59,2.587,2.588,25395.4,65744.8572
2026-09-14 18:05:00,2.588,2.588,2.585,2.588,7569.3,19575.4438
2026-09-14 18:06:00,2.587,2.59,2.587,2.588,19960.4,51662.7307
2026-09-14 18:07:00,2.588,2.588,2.584,2.587,5616.1,14524.5122
2026-09-14 18:08:00,2.587,2.592,2.587,2.588,11853.2,30697.9285
2026-09-14 18:09:00,2.587,2.587,2.573,2.576,43550.5,112254.4038
2026-09-14 18:10:00,2.576,2.581,2.572,2.575,39202.6,100950.7419
2026-09-14 18:11:00,2.574,2.583,2.573,2.577,33199.5,85584.4649
2026-09-14 18:12:00,2.578,2.59,2.577,2.587,25531.5,66023.9787
2026-09-14 18:13:00,2.586,2.587,2.583,2.586,62012.5,160306.0977
2026-09-14 18:14:00,2.586,2.587,2.581,2.583,25785.7,66626.0452
2026-09-14 18:15:00,2.583,2.586,2.579,2.586,36415.4,94070.5038
2026-09-14 18:16:00,2.586,2.586,2.578,2.579,23367.9,60371.1015
2026-09-14 18:17:00,2.578,2.581,2.575,2.576,18276.8,47098.6675
2026-09-14 18:18:00,2.576,2.584,2.572,2.583,16115.3,41533.3858
2026-09-14 18:19:00,2.582,2.584,2.58,2.584,10565.1,27272.9604
2026-09-14 18:20:00,2.585,2.585,2.575,2.581,24404.6,62929.6385
2026-09-14 18:21:00,2.58,2.581,2.572,2.572,17699.3,45610.3099
2026-09-14 18:22:00,2.572,2.577,2.567,2.576,23670.7,60844.3641
2026-09-14 18:23:00,2.575,2.575,2.567,2.567,17154.5,44094.9772
2026-09-14 18:24:00,2.567,2.569,2.563,2.567,23419.2,60111.0212
2026-09-14 18:25:00,2.567,2.567,2.555,2.56,47929.7,122658.086
2026-09-14 18:26:00,2.561,2.567,2.561,2.561,15885.1,40744.41
2026-09-14 18:27:00,2.561,2.562,2.554,2.555,26904.2,68836.6443
2026-09-14 18:28:00,2.555,2.556,2.553,2.554,10369.9,26493.2788
2026-09-14 18:29:00,2.554,2.555,2.552,2.555,10982.9,28053.1026
2026-09-14 18:30:00,2.556,2.557,2.549,2.55,24662.5,62933.4544
2026-09-14 18:31:00,2.551,2.558,2.551,2.558,21349.0,54563.4153
2026-09-14 18:32:00,2.558,2.558,2.553,2.553,6263.1,16014.0994
2026-09-14 18:33:00,2.554,2.56,2.551,2.56,11231.7,28708.7064
2026-09-14 18:34:00,2.56,2.568,2.559,2.567,18914.4,48484.2263
2026-09-14 18:35:00,2.567,2.569,2.562,2.563,18217.6,46742.742
2026-09-14 18:36:00,2.562,2.568,2.562,2.564,32228.1,82702.6496
2026-09-14 18:37:00,2.563,2.565,2.561,2.563,11341.1,29066.871
2026-09-14 18:38:00,2.563,2.563,2.558,2.558,16892.3,43247.019
2026-09-14 18:39:00,2.558,2.559,2.552,2.552,22474.3,57378.4852
2026-09-14 18:40:00,2.552,2.559,2.551,2.554,31195.7,79699.6069
2026-09-14 18:41:00,2.553,2.555,2.552,2.552,3747.7,9570.3825
2026-09-14 18:42:00,2.552,2.555,2.549,2.554,12552.2,32037.1687
2026-09-14 18:43:00,2.554,2.559,2.552,2.557,8195.0,20941.0356
2026-09-14 18:44:00,2.557,2.561,2.556,2.558,4923.4,12590.7097
2026-09-14 18:45:00,2.559,2.565,2.557,2.56,21513.8,55109.7239
2026-09-14 18:46:00,2.56,2.561,2.55,2.552,161043.4,410996.2901
2026-09-14 18:47:00,2.552,2.561,2.551,2.558,43842.2,112071.8072
2026-09-14 18:48:00,2.558,2.564,2.556,2.561,23679.6,60610.7958
2026-09-14 18:49:00,2.561,2.565,2.56,2.561,29577.9,75794.0065
2026-09-14 18:50:00,2.561,2.568,2.561,2.566,9336.8,23947.0038
2026-09-14 18:51:00,2.566,2.573,2.565,2.567,20542.1,52756.5358
2026-09-14 18:52:00,2.566,2.578,2.566,2.576,21847.6,56224.9108
2026-09-14 18:53:00,2.575,2.58,2.574,2.575,17679.0,45577.6407
2026-09-14 18:54:00,2.575,2.577,2.572,2.574,13343.0,34343.9407
2026-09-14 18:55:00,2.573,2.574,2.56,2.565,82768.7,212400.2065
2026-09-14 18:56:00,2.566,2.567,2.564,2.565,3622.5,9293.3154
2026-09-14 18:57:00,2.566,2.567,2.564,2.564,5041.8,12936.1247
2026-09-14 18:58:00,2.564,2.566,2.563,2.564,2570.5,6591.8952
2026-09-14 18:59:00,2.564,2.568,2.563,2.566,12163.3,31211.4387
2026-09-14 19:00:00,2.565,2.566,2.557,2.559,28935.0,74062.254
2026-09-14 19:01:00,2.559,2.566,2.558,2.562,17956.0,45991.814
2026-09-14 19:02:00,2.561,2.562,2.559,2.559,4091.2,10476.8349
2026-09-14 19:03:00,2.558,2.559,2.555,2.556,5355.9,13692.1989
2026-09-14 19:04:00,2.555,2.559,2.555,2.555,10370.8,26515.4166
2026-09-14 19:05:00,2.555,2.562,2.553,2.562,8197.8,20956.2399
2026-09-14 19:06:00,2.562,2.563,2.546,2.557,114841.0,293124.7348
2026-09-14 19:07:00,2.557,2.561,2.557,2.561,13638.1,34895.5493
2026-09-14 19:08:00,2.562,2.563,2.558,2.558,6687.9,17124.1796
2026-09-14 19:09:00,2.557,2.557,2.554,2.557,10465.2,26739.1148
2026-09-14 19:10:00,2.556,2.563,2.554,2.558,21569.1,55201.1681
2026-09-14 19:11:00,2.559,2.56,2.557,2.559,4398.3,11254.7787
2026-09-14 19:12:00,2.56,2.563,2.56,2.562,4080.1,10451.3884
2026-09-14 19:13:00,2.561,2.562,2.558,2.559,2503.4,6407.4737
2026-09-14 19:14:00,2.559,2.56,2.557,2.559,4522.3,11570.8982
2026-09-14 19:15:00,2.559,2.56,2.556,2.556,6648.9,17008.0461
2026-09-14 19:16:00,2.557,2.558,2.554,2.557,10331.0,26411.3972
2026-09-14 19:17:00,2.557,2.557,2.552,2.552,8354.1,21335.2667
2026-09-14 19:18:00,2.553,2.556,2.553,2.555,5036.9,12864.9968
2026-09-14 19:19:00,2.555,2.557,2.555,2.556,3043.0,7778.2029
2026-09-14 19:20:00,2.556,2.556,2.546,2.547,15834.5,40374.2729
2026-09-14 19:21:00,2.548,2.548,2.545,2.545,5236.6,13331.3005
2026-09-14 19:22:00,2.544,2.544,2.535,2.541,36048.9,91499.7818
2026-09-14 19:23:00,2.54,2.544,2.54,2.542,3700.2,9407.6604
2026-09-14 19:24:00,2.542,2.546,2.541,2.544,6163.1,15675.9983
2026-09-14 19:25:00,2.544,2.546,2.541,2.543,6958.8,17696.7432
2026-09-14 19:26:00,2.543,2.543,2.538,2.539,5846.8,14850.758
2026-09-14 19:27:00,2.539,2.544,2.538,2.542,13578.5,34520.6584
2026-09-14 19:28:00,2.541,2.542,2.54,2.541,3663.2,9307.9742
2026-09-14 19:29:00,2.54,2.54,2.538,2.539,1452.0,3686.6721
2026-09-14 19:30:00,2.538,2.539,2.527,2.529,35105.2,88827.8104
2026-09-14 19:31:00,2.529,2.531,2.524,2.525,45569.6,115179.4194
2026-09-14 19:32:00,2.525,2.528,2.522,2.524,15829.9,39973.2058
2026-09-14 19:33:00,2.524,2.526,2.523,2.525,13476.0,34023.5525
2026-09-14 19:34:00,2.525,2.526,2.513,2.519,40171.3,101175.2925
2026-09-14 19:35:00,2.52,2.52,2.515,2.518,18976.0,47751.5893
2026-09-14 19:36:00,2.517,2.521,2.517,2.517,6818.0,17174.8522
2026-09-14 19:37:00,2.517,2.518,2.515,2.516,7609.9,19150.1517
2026-09-14 19:38:00,2.516,2.517,2.515,2.516,10184.7,25619.2192
2026-09-14 19:39:00,2.515,2.515,2.512,2.512,9224.1,23192.1601
2026-09-14 19:40:00,2.513,2.525,2.513,2.524,28723.5,72371.95
2026-09-14 19:41:00,2.525,2.526,2.521,2.523,18839.2,47536.4478
2026-09-14 19:42:00,2.523,2.525,2.523,2.524,2483.5,6268.3376
2026-09-14 19:43:00,2.525,2.53,2.524,2.525,10586.9,26750.4337
2026-09-14 19:44:00,2.524,2.527,2.522,2.525,27521.9,69455.6472
2026-09-14 19:45:00,2.524,2.526,2.524,2.526,5690.1,14367.3622
2026-09-14 19:46:00,2.525,2.529,2.524,2.524,9190.2,23213.8215
2026-09-14 19:47:00,2.524,2.529,2.524,2.527,15999.5,40439.8768
2026-09-14 19:48:00,2.527,2.533,2.519,2.531,93383.0,236031.7557
2026-09-14 19:49:00,2.53,2.533,2.53,2.533,3575.8,9050.7247
2026-09-14 19:50:00,2.533,2.54,2.529,2.538,64083.0,162402.6905
2026-09-14 19:51:00,2.538,2.54,2.535,2.536,9009.5,22864.194
2026-09-14 19:52:00,2.537,2.54,2.537,2.538,8955.8,22736.1502
2026-09-14 19:53:00,2.538,2.54,2.534,2.539,14277.5,36222.2046
2026-09-14 19:54:00,2.538,2.538,2.531,2.534,10456.9,26486.651
2026-09-14 19:55:00,2.533,2.533,2.528,2.531,13091.1,33119.3538
2026-09-14 19:56:00,2.531,2.531,2.527,2.528,4558.6,11530.7212
2026-09-14 19:57:00,2.527,2.529,2.526,2.529,4911.0,12413.5232
2026-09-14 19:58:00,2.529,2.532,2.529,2.532,307.6,778.5323
2026-09-14 19:59:00,2.532,2.537,2.532,2.532,7574.4,19197.3746
2026-09-14 20:00:00,2.533,2.54,2.533,2.539,26534.1,67302.7592
2026-09-14 20:01:00,2.539,2.543,2.537,2.542,11765.7,29893.6612
2026-09-14 20:02:00,2.542,2.548,2.541,2.547,23313.6,59336.4591
2026-09-14 20:03:00,2.546,2.546,2.538,2.542,13069.3,33232.681
2026-09-14 20:04:00,2.542,2.543,2.537,2.539,8537.3,21688.4153
2026-09-14 20:05:00,2.54,2.547,2.54,2.547,6844.9,17406.0497
2026-09-14 20:06:00,2.546,2.546,2.54,2.542,9051.1,23009.9002
2026-09-14 20:07:00,2.542,2.55,2.542,2.55,9483.9,24161.8261
2026-09-14 20:08:00,2.55,2.551,2.546,2.549,4513.5,11505.1132
2026-09-14 20:09:00,2.549,2.549,2.544,2.546,8287.6,21102.9321
2026-09-14 20:10:00,2.547,2.548,2.546,2.547,3885.2,9896.2568
2026-09-14 20:11:00,2.547,2.547,2.543,2.547,6547.2,16667.6958
2026-09-14 20:12:00,2.547,2.557,2.547,2.555,32670.8,83386.0208
2026-09-14 20:13:00,2.555,2.56,2.542,2.545,31226.7,79624.4364
2026-09-14 20:14:00,2.545,2.549,2.54,2.549,18736.9,47663.5604
2026-09-14 20:15:00,2.549,2.552,2.547,2.552,13891.8,35419.4266
2026-09-14 20:16:00,2.552,2.555,2.551,2.554,3950.5,10086.0663
2026-09-14 20:17:00,2.554,2.556,2.549,2.552,25199.9,64326.5645
2026-09-14 20:18:00,2.552,2.557,2.552,2.556,9642.0,24629.5725
2026-09-14 20:19:00,2.555,2.562,2.552,2.56,18665.1,47747.2272
2026-09-14 20:20:00,2.56,2.565,2.558,2.565,13504.3,34566.1314
2026-09-14 20:21:00,2.564,2.566,2.559,2.559,11005.5,28215.7402
2026-09-14 20:22:00,2.558,2.57,2.557,2.567,25873.7,66375.0544
2026-09-14 20:23:00,2.567,2.577,2.567,2.572,40009.2,102933.3939
2026-09-14 20:24:00,2.572,2.583,2.572,2.577,31238.7,80578.3388
2026-09-14 20:25:00,2.578,2.58,2.573,2.577,29989.3,77304.3617
2026-09-14 20:26:00,2.577,2.58,2.575,2.576,26108.8,67272.2239
2026-09-14 20:27:00,2.576,2.577,2.569,2.577,12265.9,31574.5013
2026-09-14 20:28:00,2.577,2.584,2.575,2.584,13279.6,34231.2481
2026-09-14 20:29:00,2.583,2.59,2.581,2.586,30393.8,78628.1459
2026-09-14 20:30:00,2.586,2.591,2.583,2.589,18308.9,47367.4445
2026-09-14 20:31:00,2.588,2.589,2.579,2.579,13320.6,34407.5931
2026-09-14 20:32:00,2.578,2.58,2.577,2.577,8989.5,23174.9309
2026-09-14 20:33:00,2.577,2.578,2.572,2.572,16600.4,42720.8174
2026-09-14 20:34:00,2.573,2.579,2.573,2.577,11286.6,29082.2587
2026-09-14 20:35:00,2.577,2.578,2.572,2.575,19666.3,50648.3431
2026-09-14 20:36:00,2.575,2.575,2.571,2.572,9350.4,24058.852
2026-09-14 20:37:00,2.572,2.572,2.563,2.564,11690.3,30000.7689
2026-09-14 20:38:00,2.565,2.569,2.561,2.563,19700.7,50555.8354
2026-09-14 20:39:00,2.562,2.562,2.555,2.556,6820.0,17445.1194
2026-09-14 20:40:00,2.555,2.558,2.551,2.557,14442.5,36893.2835
2026-09-14 20:41:00,2.557,2.562,2.555,2.562,12989.4,33223.4146
2026-09-14 20:42:00,2.562,2.566,2.56,2.56,5806.3,14888.0556
2026-09-14 20:43:00,2.559,2.561,2.556,2.56,7762.9,19858.2104
2026-09-14 20:44:00,2.559,2.561,2.558,2.56,9515.4,24353.3778
2026-09-14 20:45:00,2.561,2.565,2.561,2.564,6600.0,16912.0038
2026-09-14 20:46:00,2.564,2.565,2.559,2.56,6183.5,15837.2146
2026-09-14 20:47:00,2.56,2.56,2.556,2.556,2523.3,6453.0033
2026-09-14 20:48:00,2.556,2.558,2.555,2.555,7298.0,18656.3311
2026-09-14 20:49:00,2.555,2.555,2.553,2.555,5105.0,13038.0967
2026-09-14 20:50:00,2.556,2.56,2.552,2.552,58705.3,150090.953
2026-09-14 20:51:00,2.552,2.552,2.547,2.549,17741.7,45224.9579
2026-09-14 20:52:00,2.55,2.554,2.549,2.552,6684.5,17058.274
2026-09-14 20:53:00,2.551,2.553,2.545,2.545,8578.6,21853.2924
2026-09-14 20:54:00,2.544,2.545,2.541,2.542,14268.5,36282.7032
2026-09-14 20:55:00,2.542,2.543,2.539,2.54,7516.3,19099.9303
2026-09-14 20:56:00,2.539,2.54,2.534,2.539,17169.8,43551.0454
2026-09-14 20:57:00,2.539,2.541,2.538,2.539,2724.2,6918.2421
2026-09-14 20:58:00,2.538,2.539,2.537,2.538,7845.1,19911.2971
2026-09-14 20:59:00,2.537,2.537,2.529,2.53,27297.2,69097.3134
2026-09-14 21:00:00,2.53,2.53,2.525,2.528,16069.1,40612.5316
2026-09-14 21:01:00,2.527,2.528,2.516,2.517,31158.6,78542.0753
2026-09-14 21:02:00,2.517,2.518,2.5,2.509,56787.9,142374.4586
2026-09-14 21:03:00,2.509,2.515,2.508,2.512,12252.5,30764.5798
2026-09-14 21:04:00,2.511,2.511,2.503,2.509,28708.9,71957.831
2026-09-14 21:05:00,2.508,2.521,2.506,2.518,24210.0,60855.6471
2026-09-14 21:06:00,2.518,2.523,2.515,2.515,18397.0,46357.1496
2026-09-14 21:07:00,2.514,2.517,2.513,2.514,9513.2,23926.3571
2026-09-14 21:08:00,2.514,2.514,2.511,2.511,8671.8,21784.3438
2026-09-14 21:09:00,2.511,2.511,2.507,2.508,13764.3,34542.6596
2026-09-14 21:10:00,2.508,2.51,2.504,2.508,22852.4,57302.2101
2026-09-14 21:11:00,2.507,2.51,2.501,2.501,11904.4,29831.7994
2026-09-14 21:12:00,2.501,2.503,2.496,2.496,18380.4,45943.8465
2026-09-14 21:13:00,2.497,2.499,2.497,2.498,4444.6,11100.6737
2026-09-14 21:14:00,2.498,2.498,2.494,2.496,10776.7,26891.7087
2026-09-14 21:15:00,2.497,2.497,2.488,2.496,39316.9,97976.1349
2026-09-14 21:16:00,2.496,2.501,2.494,2.496,7126.9,17800.5385
2026-09-14 21:17:00,2.495,2.496,2.479,2.481,65124.6,161845.7119
2026-09-14 21:18:00,2.481,2.488,2.481,2.488,27579.1,68538.7741
2026-09-14 21:19:00,2.488,2.492,2.486,2.49,15415.7,38368.9636
2026-09-14 21:20:00,2.489,2.494,2.486,2.494,9681.3,24117.391
2026-09-14 21:21:00,2.494,2.501,2.494,2.496,23483.4,58669.9253
2026-09-14 21:22:00,2.496,2.497,2.492,2.492,2950.1,7360.6278
2026-09-14 21:23:00,2.493,2.505,2.493,2.503,18202.6,45517.0072
2026-09-14 21:24:00,2.504,2.506,2.502,2.502,5806.7,14540.5795
2026-09-14 21:25:00,2.501,2.504,2.498,2.503,7481.0,18717.5709
2026-09-14 21:26:00,2.503,2.505,2.502,2.504,4935.9,12358.3875
2026-09-14 21:27:00,2.505,2.51,2.503,2.51,13213.5,33117.5278
2026-09-14 21:28:00,2.51,2.512,2.507,2.51,8027.6,20154.4227
2026-09-14 21:29:00,2.511,2.511,2.504,2.506,22142.8,55520.6648
2026-09-14 21:30:00,2.506,2.51,2.502,2.51,11190.5,28036.311
2026-09-14 21:31:00,2.51,2.514,2.51,2.511,8541.2,21451.9648
2026-09-14 21:32:00,2.511,2.512,2.506,2.506,3207.7,8048.2751
2026-09-14 21:33:00,2.505,2.507,2.504,2.507,5500.4,13777.693
2026-09-14 21:34:00,2.506,2.506,2.494,2.495,18760.9,46825.6249
2026-09-14 21:35:00,2.495,2.496,2.493,2.493,7168.5,17881.1534
2026-09-14 21:36:00,2.492,2.493,2.489,2.49,8031.0,19999.1316
2026-09-14 21:37:00,2.49,2.49,2.487,2.489,13975.0,34773.8988
2026-09-14 21:38:00,2.49,2.493,2.489,2.492,5259.6,13100.1664
2026-09-14 21:39:00,2.492,2.493,2.488,2.493,9819.1,24451.5329
2026-09-14 21:40:00,2.494,2.498,2.494,2.498,11874.0,29633.9688
2026-09-14 21:41:00,2.499,2.504,2.498,2.503,3091.6,7730.3544
2026-09-14 21:42:00,2.503,2.504,2.501,2.503,4150.3,10384.2293
2026-09-14 21:43:00,2.504,2.504,2.5,2.503,12675.7,31717.9496
2026-09-14 21:44:00,2.503,2.503,2.501,2.501,1397.4,3496.6756
2026-09-14 21:45:00,2.502,2.503,2.5,2.5,2145.8,5365.4742
2026-09-14 21:46:00,2.501,2.503,2.5,2.5,6974.9,17446.2397
2026-09-14 21:47:00,2.5,2.503,2.498,2.498,9902.4,24760.7192
2026-09-14 21:48:00,2.499,2.499,2.496,2.497,784.2,1958.1071
2026-09-14 21:49:00,2.498,2.499,2.495,2.497,2542.1,6348.4976
2026-09-14 21:50:00,2.498,2.5,2.498,2.5,2397.8,5992.4483
2026-09-14 21:51:00,2.5,2.502,2.5,2.501,3878.2,9698.7219
2026-09-14 21:52:00,2.501,2.503,2.499,2.502,5892.5,14736.8608
2026-09-14 21:53:00,2.502,2.506,2.502,2.506,5268.2,13193.3871
2026-09-14 21:54:00,2.506,2.506,2.501,2.502,6430.8,16100.839
2026-09-14 21:55:00,2.503,2.505,2.501,2.502,11246.1,28139.6069
2026-09-14 21:56:00,2.502,2.503,2.5,2.5,3511.0,8781.2586
2026-09-14 21:57:00,2.499,2.5,2.499,2.499,1351.5,3377.9068
2026-09-14 21:58:00,2.498,2.499,2.497,2.499,1331.6,3326.3149
2026-09-14 21:59:00,2.499,2.502,2.496,2.502,9986.6,24942.1681
2026-09-14 22:00:00,2.502,2.504,2.502,2.502,3448.9,8630.6196
2026-09-14 22:01:00,2.501,2.502,2.5,2.501,4184.8,10464.3838
2026-09-14 22:02:00,2.5,2.506,2.498,2.504,43670.8,109308.6049
2026-09-14 22:03:00,2.504,2.515,2.504,2.514,40071.1,100586.4622
2026-09-14 22:04:00,2.513,2.515,2.509,2.515,11543.5,28984.3663
2026-09-14 22:05:00,2.516,2.525,2.516,2.524,20546.5,51807.6729
2026-09-14 22:06:00,2.523,2.528,2.522,2.525,5290.1,13361.5506
2026-09-14 22:07:00,2.526,2.526,2.522,2.524,3940.4,9942.9342
2026-09-14 22:08:00,2.524,2.53,2.524,2.526,5087.1,12852.5876
2026-09-14 22:09:00,2.527,2.529,2.526,2.527,8930.4,22573.2738
2026-09-14 22:10:00,2.526,2.526,2.52,2.521,20719.3,52270.3993
2026-09-14 22:11:00,2.52,2.526,2.52,2.521,25113.4,63360.785
2026-09-14 22:12:00,2.522,2.526,2.522,2.525,2954.7,7455.9937
2026-09-14 22:13:00,2.524,2.53,2.524,2.527,10470.8,26463.612
2026-09-14 22:14:00,2.527,2.527,2.524,2.526,4198.1,10600.827
2026-09-14 22:15:00,2.527,2.53,2.526,2.529,18229.0,46088.0442
2026-09-14 22:16:00,2.53,2.533,2.527,2.527,8879.9,22476.2056
2026-09-14 22:17:00,2.527,2.528,2.518,2.521,13810.1,34836.0738
2026-09-14 22:18:00,2.52,2.521,2.516,2.521,7923.6,19963.3964
2026-09-14 22:19:00,2.52,2.52,2.509,2.509,12418.9,31215.7712
2026-09-14 22:20:00,2.508,2.51,2.504,2.505,7075.2,17735.2993
2026-09-14 22:21:00,2.505,2.508,2.503,2.507,9710.9,24337.3281
2026-09-14 22:22:00,2.507,2.512,2.506,2.512,8697.0,21813.4925
2026-09-14 22:23:00,2.512,2.513,2.51,2.51,1911.7,4801.9378
2026-09-14 22:24:00,2.51,2.51,2.506,2.506,2606.9,6536.361
2026-09-14 22:25:00,2.507,2.514,2.506,2.514,18117.3,45457.148
2026-09-14 22:26:00,2.515,2.518,2.512,2.512,8380.2,21082.9065
2026-09-14 22:27:00,2.512,2.512,2.508,2.509,13151.0,33021.4091
2026-09-14 22:28:00,2.508,2.508,2.496,2.497,6455.5,16150.1724
2026-09-14 22:29:00,2.497,2.501,2.494,2.499,35806.0,89375.2166
2026-09-14 22:30:00,2.498,2.5,2.495,2.497,14870.7,37138.879
2026-09-14 22:31:00,2.496,2.496,2.491,2.493,26451.9,65980.4702
2026-09-14 22:32:00,2.494,2.497,2.493,2.496,5949.2,14847.9655
2026-09-14 22:33:00,2.497,2.497,2.489,2.491,10456.2,26044.6748
2026-09-14 22:34:00,2.492,2.498,2.492,2.498,23569.4,58806.8159
2026-09-14 22:35:00,2.497,2.498,2.496,2.497,1790.3,4470.3879
2026-09-14 22:36:00,2.497,2.507,2.497,2.507,9519.5,23824.62
2026-09-14 22:37:00,2.506,2.507,2.504,2.506,3574.8,8958.0497
2026-09-14 22:38:00,2.506,2.507,2.504,2.506,7450.3,18672.2578
2026-09-14 22:39:00,2.507,2.509,2.503,2.503,18973.3,47552.429
2026-09-14 22:40:00,2.504,2.506,2.504,2.504,6201.3,15533.6488
2026-09-14 22:41:00,2.504,2.505,2.501,2.501,8748.2,21886.9622
2026-09-14 22:42:00,2.501,2.504,2.501,2.503,2720.4,6806.0474
2026-09-14 22:43:00,2.503,2.503,2.503,2.503,1362.6,3410.5878
2026-09-14 22:44:00,2.504,2.506,2.503,2.503,4072.1,10199.5728
2026-09-14 22:45:00,2.503,2.503,2.5,2.501,2454.7,6140.2326
2026-09-14 22:46:00,2.502,2.502,2.5,2.5,1475.0,3689.1778
2026-09-14 22:47:00,2.501,2.501,2.497,2.497,13192.3,32964.2972
2026-09-14 22:48:00,2.497,2.5,2.497,2.5,6445.1,16102.3079
2026-09-14 22:49:00,2.5,2.506,2.5,2.503,12364.0,30957.6711
2026-09-14 22:50:00,2.503,2.504,2.501,2.501,1281.9,3208.1196
2026-09-14 22:51:00,2.502,2.503,2.502,2.502,3991.9,9988.5
2026-09-14 22:52:00,2.502,2.502,2.499,2.499,10770.6,26922.1147
2026-09-14 22:53:00,2.498,2.499,2.496,2.496,2284.0,5704.4778
2026-09-14 22:54:00,2.497,2.5,2.496,2.5,2039.3,5092.0047
2026-09-14 22:55:00,2.5,2.5,2.498,2.499,6160.9,15396.8479
2026-09-14 22:56:00,2.499,2.5,2.499,2.499,4260.8,10648.1978
2026-09-14 22:57:00,2.499,2.499,2.498,2.498,2693.7,6728.9048
2026-09-14 22:58:00,2.499,2.499,2.499,2.499,390.9,976.8591
2026-09-14 22:59:00,2.499,2.499,2.496,2.497,1300.2,3247.4742
2026-09-14 23:00:00,2.498,2.501,2.495,2.498,19700.9,49210.1063
2026-09-14 23:01:00,2.499,2.502,2.497,2.499,7510.2,18763.0562
2026-09-14 23:02:00,2.499,2.5,2.498,2.499,2120.7,5299.0934
2026-09-14 23:03:00,2.498,2.498,2.49,2.492,18987.4,47340.9468
2026-09-14 23:04:00,2.492,2.492,2.486,2.489,21770.6,54155.9836
2026-09-14 23:05:00,2.489,2.491,2.485,2.49,12665.2,31516.8636
2026-09-14 23:06:00,2.49,2.49,2.485,2.486,32696.9,81320.0279
2026-09-14 23:07:00,2.486,2.493,2.484,2.492,5347.5,13307.4901
2026-09-14 23:08:00,2.492,2.492,2.486,2.486,4402.5,10964.4143
2026-09-14 23:09:00,2.486,2.49,2.486,2.488,5895.7,14668.3262
2026-09-14 23:10:00,2.489,2.49,2.489,2.49,46.5,115.76
2026-09-14 23:11:00,2.49,2.491,2.49,2.49,2100.0,5229.011
2026-09-14 23:12:00,2.49,2.491,2.489,2.489,4062.9,10117.5628
2026-09-14 23:13:00,2.489,2.489,2.485,2.485,8320.3,20700.4858
2026-09-14 23:14:00,2.485,2.486,2.482,2.485,9475.5,23535.732
2026-09-14 23:15:00,2.484,2.489,2.483,2.486,16983.9,42229.0213
2026-09-14 23:16:00,2.487,2.49,2.482,2.484,18855.1,46904.3363
2026-09-14 23:17:00,2.484,2.484,2.48,2.482,9856.6,24457.1954
2026-09-14 23:18:00,2.483,2.483,2.48,2.481,7484.7,18569.8171
2026-09-14 23:19:00,2.481,2.482,2.479,2.481,7335.3,18195.8819
2026-09-14 23:20:00,2.481,2.482,2.48,2.481,1435.1,3561.1997
2026-09-14 23:21:00,2.482,2.482,2.481,2.481,1929.3,4788.2993
2026-09-14 23:22:00,2.481,2.481,2.479,2.481,3398.9,8430.2247
2026-09-14 23:23:00,2.48,2.482,2.48,2.482,1706.7,4234.3943
2026-09-14 23:24:00,2.483,2.489,2.483,2.489,5083.5,12634.7198
2026-09-14 23:25:00,2.49,2.49,2.483,2.483,12829.9,31896.6607
2026-09-14 23:26:00,2.484,2.486,2.483,2.483,10034.5,24929.1112
2026-09-14 23:27:00,2.483,2.483,2.479,2.481,17270.9,42838.4671
2026-09-14 23:28:00,2.48,2.481,2.479,2.481,2499.3,6198.7198
2026-09-14 23:29:00,2.48,2.481,2.479,2.479,418.2,1036.9279
2026-09-14 23:30:00,2.478,2.478,2.473,2.473,26787.9,66309.5573
2026-09-14 23:31:00,2.473,2.475,2.471,2.474,12278.1,30362.6301
2026-09-14 23:32:00,2.473,2.479,2.473,2.478,53312.1,131971.8706
2026-09-14 23:33:00,2.477,2.477,2.472,2.476,18446.9,45660.8667
2026-09-14 23:34:00,2.476,2.476,2.474,2.475,3461.9,8567.6
2026-09-14 23:35:00,2.475,2.475,2.473,2.474,2590.5,6408.7388
2026-09-14 23:36:00,2.474,2.475,2.472,2.473,32037.5,79232.1186
2026-09-14 23:37:00,2.473,2.473,2.47,2.471,3486.3,8614.0621
2026-09-14 23:38:00,2.47,2.471,2.47,2.471,6027.9,14889.9
2026-09-14 23:39:00,2.472,2.475,2.472,2.472,3231.7,7992.0497
2026-09-14 23:40:00,2.471,2.472,2.47,2.471,8212.5,20292.7583
2026-09-14 23:41:00,2.472,2.472,2.469,2.471,3772.9,9321.5318
2026-09-14 23:42:00,2.471,2.473,2.471,2.471,3364.7,8317.223
2026-09-14 23:43:00,2.472,2.473,2.47,2.472,14864.9,36724.5224
2026-09-14 23:44:00,2.472,2.472,2.471,2.471,1578.2,3900.0981
2026-09-14 23:45:00,2.471,2.472,2.469,2.47,8035.8,19851.7512
2026-09-14 23:46:00,2.469,2.471,2.466,2.469,23107.9,57051.9777
2026-09-14 23:47:00,2.468,2.469,2.466,2.469,5341.3,13179.1841
2026-09-14 23:48:00,2.468,2.469,2.463,2.465,24932.8,61514.0255
2026-09-14 23:49:00,2.465,2.466,2.46,2.462,49136.2,120987.7332
2026-09-14 23:50:00,2.463,2.466,2.462,2.465,4162.6,10256.8703
2026-09-14 23:51:00,2.465,2.466,2.46,2.463,10777.3,26548.6354
2026-09-14 23:52:00,2.464,2.466,2.454,2.458,47213.3,116087.4357
2026-09-14 23:53:00,2.458,2.467,2.458,2.467,16770.3,41274.7246
2026-09-14 23:54:00,2.467,2.469,2.466,2.466,3801.4,9380.3949
2026-09-14 23:55:00,2.465,2.466,2.465,2.465,947.0,2334.492
2026-09-14 23:56:00,2.465,2.465,2.464,2.464,877.1,2161.2524
2026-09-14 23:57:00,2.464,2.468,2.464,2.468,5930.2,14619.7718
2026-09-14 23:58:00,2.469,2.469,2.467,2.468,4000.7,9873.5092
2026-09-14 23:59:00,2.469,2.47,2.468,2.469,1267.5,3129.0674
2026-09-15 00:00:00,2.469,2.471,2.465,2.466,35418.7,87394.3814
2026-09-15 00:01:00,2.466,2.472,2.463,2.471,16965.4,41868.3059
2026-09-15 00:02:00,2.47,2.473,2.47,2.471,3371.4,8331.5403
2026-09-15 00:03:00,2.472,2.472,2.47,2.471,2803.9,6926.7159
2026-09-15 00:04:00,2.47,2.471,2.468,2.468,2585.5,6385.5681
2026-09-15 00:05:00,2.468,2.469,2.468,2.469,996.5,2460.1903
2026-09-15 00:06:00,2.469,2.473,2.469,2.472,2375.9,5872.1239
2026-09-15 00:07:00,2.472,2.474,2.472,2.474,8883.3,21963.3293
2026-09-15 00:08:00,2.474,2.477,2.474,2.477,1713.5,4242.004
2026-09-15 00:09:00,2.478,2.483,2.478,2.483,6025.0,14948.4192
2026-09-15 00:10:00,2.484,2.486,2.48,2.485,5935.4,14730.0401
2026-09-15 00:11:00,2.485,2.487,2.482,2.482,9940.3,24698.2695
2026-09-15 00:12:00,2.482,2.485,2.482,2.485,5866.4,14573.1787
2026-09-15 00:13:00,2.484,2.485,2.484,2.484,1456.7,3618.4663
2026-09-15 00:14:00,2.484,2.485,2.484,2.485,3079.7,7650.0178
2026-09-15 00:15:00,2.485,2.485,2.482,2.485,8811.2,21878.0644
2026-09-15 00:16:00,2.484,2.484,2.48,2.48,4325.3,10737.3395
2026-09-15 00:17:00,2.48,2.481,2.48,2.48,2751.2,6824.5253
2026-09-15 00:18:00,2.48,2.481,2.469,2.471,17219.7,42603.987
2026-09-15 00:19:00,2.471,2.474,2.469,2.472,17693.0,43731.7502
2026-09-15 00:20:00,2.473,2.48,2.472,2.479,16145.1,39998.5373
2026-09-15 00:21:00,2.478,2.479,2.474,2.479,9881.7,24463.1089
2026-09-15 00:22:00,2.478,2.479,2.475,2.477,5290.5,13102.7413
2026-09-15 00:23:00,2.477,2.485,2.477,2.483,14898.5,36977.1491
2026-09-15 00:24:00,2.484,2.484,2.481,2.484,5912.5,14679.3844
2026-09-15 00:25:00,2.483,2.485,2.481,2.485,17797.3,44200.3052
2026-09-15 00:26:00,2.485,2.485,2.48,2.482,18333.2,45525.1129
2026-09-15 00:27:00,2.481,2.481,2.475,2.475,8389.8,20787.5807
2026-09-15 00:28:00,2.475,2.475,2.473,2.473,3647.6,9025.1509
2026-09-15 00:29:00,2.474,2.474,2.471,2.472,5298.5,13096.6256
2026-09-15 00:30:00,2.473,2.473,2.473,2.473,335.5,829.6915
2026-09-15 00:31:00,2.473,2.476,2.473,2.475,2673.7,6617.4319
2026-09-15 00:32:00,2.475,2.475,2.474,2.474,1745.4,4319.3436
2026-09-15 00:33:00,2.473,2.476,2.473,2.475,18061.2,44696.7837
2026-09-15 00:34:00,2.475,2.479,2.474,2.478,2879.0,7129.2021
2026-09-15 00:35:00,2.478,2.48,2.476,2.48,2699.6,6689.7149
2026-09-15 00:36:00,2.48,2.481,2.474,2.481,16823.2,41669.5788
2026-09-15 00:37:00,2.481,2.484,2.481,2.481,4847.9,12033.9378
2026-09-15 00:38:00,2.48,2.48,2.478,2.478,2749.4,6815.6741
2026-09-15 00:39:00,2.477,2.48,2.477,2.48,2052.3,5085.6252
2026-09-15 00:40:00,2.48,2.481,2.479,2.479,257.3,638.0547
2026-09-15 00:41:00,2.478,2.483,2.478,2.48,5645.0,14000.6095
2026-09-15 00:42:00,2.48,2.481,2.477,2.477,2520.1,6244.389
2026-09-15 00:43:00,2.477,2.478,2.476,2.478,4361.7,10803.394
2026-09-15 00:44:00,2.479,2.481,2.479,2.48,1446.6,3586.6753
2026-09-15 00:45:00,2.48,2.482,2.48,2.48,1875.4,4653.1121
2026-09-15 00:46:00,2.48,2.48,2.478,2.478,524.3,1299.4622
2026-09-15 00:47:00,2.478,2.478,2.473,2.474,5899.7,14598.5645
2026-09-15 00:48:00,2.474,2.474,2.472,2.472,3499.3,8655.9961
2026-09-15 00:49:00,2.473,2.478,2.473,2.477,1806.7,4475.0341
2026-09-15 00:50:00,2.478,2.478,2.476,2.476,2919.3,7229.9847
2026-09-15 00:51:00,2.476,2.476,2.475,2.475,1238.6,3066.6481
2026-09-15 00:52:00,2.474,2.477,2.474,2.475,1492.6,3696.1129
2026-09-15 00:53:00,2.475,2.476,2.474,2.475,21899.4,54179.7087
2026-09-15 00:54:00,2.474,2.474,2.472,2.472,2284.4,5650.4262
2026-09-15 00:55:00,2.471,2.473,2.471,2.472,5918.5,14631.6144
2026-09-15 00:56:00,2.472,2.474,2.47,2.471,6950.2,17176.5055
2026-09-15 00:57:00,2.472,2.472,2.471,2.471,5799.8,14332.1537
2026-09-15 00:58:00,2.471,2.472,2.471,2.471,1325.5,3276.2417
2026-09-15 00:59:00,2.472,2.472,2.472,2.472,392.1,969.2712
2026-09-15 01:00:00,2.471,2.471,2.459,2.462,47658.9,117366.6762
2026-09-15 01:01:00,2.463,2.465,2.462,2.465,14993.4,36932.2409
2026-09-15 01:02:00,2.464,2.466,2.462,2.464,7158.3,17636.7611
2026-09-15 01:03:00,2.463,2.466,2.463,2.466,7815.9,19266.0164
2026-09-15 01:04:00,2.466,2.466,2.464,2.465,3219.0,7935.765
2026-09-15 01:05:00,2.464,2.466,2.464,2.466,1914.9,4719.5634
2026-09-15 01:06:00,2.465,2.467,2.463,2.466,1740.3,4290.3041
2026-09-15 01:07:00,2.466,2.466,2.464,2.465,4351.4,10726.9171
2026-09-15 01:08:00,2.464,2.466,2.464,2.464,1331.0,3280.1114
2026-09-15 01:09:00,2.463,2.463,2.457,2.457,12349.6,30375.7071
2026-09-15 01:10:00,2.458,2.459,2.456,2.457,3370.1,8281.0145
2026-09-15 01:11:00,2.457,2.46,2.452,2.452,33278.7,81699.9417
2026-09-15 01:12:00,2.451,2.453,2.448,2.449,16073.7,39384.7257
2026-09-15 01:13:00,2.449,2.454,2.446,2.451,27707.0,67887.1436
2026-09-15 01:14:00,2.451,2.452,2.448,2.448,3239.3,7934.4834
2026-09-15 01:15:00,2.448,2.449,2.445,2.449,16311.7,39923.9017
2026-09-15 01:16:00,2.449,2.45,2.448,2.449,10328.8,25297.8039
2026-09-15 01:17:00,2.449,2.454,2.449,2.451,5184.9,12714.1191
2026-09-15 01:18:00,2.451,2.455,2.451,2.451,11904.5,29188.0218
2026-09-15 01:19:00,2.452,2.454,2.452,2.454,1416.6,3474.3231
2026-09-15 01:20:00,2.454,2.457,2.454,2.456,2209.2,5422.8074
2026-09-15 01:21:00,2.456,2.457,2.452,2.452,4739.9,11631.7047
2026-09-15 01:22:00,2.452,2.455,2.452,2.455,3177.4,7793.934
2026-09-15 01:23:00,2.455,2.456,2.453,2.453,3188.7,7825.7276
2026-09-15 01:24:00,2.454,2.456,2.451,2.452,16408.9,40258.107
2026-09-15 01:25:00,2.452,2.453,2.451,2.451,3868.1,9484.2654
2026-09-15 01:26:00,2.452,2.452,2.45,2.45,2481.9,6082.8529
2026-09-15 01:27:00,2.45,2.45,2.445,2.446,7061.0,17271.7508
2026-09-15 01:28:00,2.445,2.445,2.441,2.441,8527.1,20827.812
2026-09-15 01:29:00,2.441,2.442,2.44,2.44,13132.9,32059.3195
2026-09-15 01:30:00,2.44,2.442,2.439,2.44,5738.6,14005.8092
2026-09-15 01:31:00,2.44,2.446,2.435,2.443,49882.2,121682.2568
2026-09-15 01:32:00,2.444,2.446,2.443,2.445,4785.2,11699.1092
2026-09-15 01:33:00,2.445,2.445,2.444,2.445,2677.6,6546.6731
2026-09-15 01:34:00,2.445,2.448,2.445,2.448,4371.1,10694.8463
2026-09-15 01:35:00,2.448,2.448,2.444,2.445,15200.7,37180.8591
2026-09-15 01:36:00,2.445,2.445,2.439,2.44,14649.6,35771.1645
2026-09-15 01:37:00,2.44,2.441,2.436,2.44,16382.2,39944.9634
2026-09-15 01:38:00,2.439,2.44,2.435,2.437,9661.4,23548.5423
2026-09-15 01:39:00,2.437,2.441,2.437,2.44,11857.6,28922.0492
2026-09-15 01:40:00,2.44,2.443,2.438,2.443,19657.1,47954.7936
2026-09-15 01:41:00,2.442,2.443,2.438,2.439,2830.9,6906.5748
2026-09-15 01:42:00,2.439,2.442,2.439,2.44,5961.6,14546.394
2026-09-15 01:43:00,2.439,2.442,2.439,2.442,3469.4,8466.5762
2026-09-15 01:44:00,2.442,2.443,2.442,2.442,785.1,1917.3127
2026-09-15 01:45:00,2.441,2.441,2.437,2.441,16926.4,41292.7713
2026-09-15 01:46:00,2.44,2.442,2.44,2.442,1422.0,3470.1828
2026-09-15 01:47:00,2.442,2.443,2.442,2.442,1620.3,3957.7814
2026-09-15 01:48:00,2.443,2.444,2.442,2.444,2255.9,5510.9705
2026-09-15 01:49:00,2.445,2.449,2.445,2.449,8330.8,20387.7102
2026-09-15 01:50:00,2.45,2.45,2.447,2.447,2116.2,5182.1716
2026-09-15 01:51:00,2.448,2.45,2.448,2.449,2197.7,5382.8947
2026-09-15 01:52:00,2.448,2.448,2.447,2.447,2531.6,6197.344
2026-09-15 01:53:00,2.448,2.449,2.448,2.449,1072.1,2624.605
2026-09-15 01:54:00,2.449,2.449,2.444,2.444,8357.0,20448.3908
2026-09-15 01:55:00,2.443,2.444,2.443,2.444,1186.6,2899.4789
2026-09-15 01:56:00,2.444,2.444,2.444,2.444,653.5,1597.154
2026-09-15 01:57:00,2.444,2.444,2.44,2.44,2227.5,5437.7564
2026-09-15 01:58:00,2.44,2.441,2.438,2.439,4380.2,10683.4903
2026-09-15 01:59:00,2.438,2.438,2.435,2.437,9070.6,22106.7497
2026-09-15 02:00:00,2.438,2.439,2.436,2.438,14548.6,35472.4165
2026-09-15 02:01:00,2.439,2.44,2.437,2.439,7092.0,17297.6067
2026-09-15 02:02:00,2.44,2.443,2.44,2.441,11950.6,29186.232
2026-09-15 02:03:00,2.441,2.441,2.439,2.441,5127.9,12516.2951
2026-09-15 02:04:00,2.441,2.441,2.437,2.44,3134.0,7644.5679
2026-09-15 02:05:00,2.44,2.441,2.439,2.439,739.0,1803.0778
2026-09-15 02:06:00,2.439,2.439,2.436,2.438,1419.8,3460.6321
2026-09-15 02:07:00,2.438,2.438,2.433,2.434,4211.3,10253.2718
2026-09-15 02:08:00,2.435,2.435,2.434,2.435,1420.8,3459.5595
2026-09-15 02:09:00,2.435,2.441,2.435,2.44,3825.3,9327.4613
2026-09-15 02:10:00,2.441,2.441,2.44,2.44,1481.3,3614.7639
2026-09-15 02:11:00,2.44,2.442,2.44,2.442,1819.6,4441.3945
2026-09-15 02:12:00,2.442,2.447,2.442,2.445,3522.1,8607.2513
2026-09-15 02:13:00,2.445,2.446,2.445,2.445,562.5,1375.3385
2026-09-15 02:14:00,2.445,2.446,2.444,2.446,3147.7,7697.1336
2026-09-15 02:15:00,2.446,2.446,2.443,2.443,745.3,1822.2674
2026-09-15 02:16:00,2.444,2.447,2.443,2.447,863.5,2110.9732
2026-09-15 02:17:00,2.446,2.448,2.446,2.448,4549.4,11131.2771
2026-09-15 02:18:00,2.447,2.447,2.443,2.443,2789.1,6817.9194
2026-09-15 02:19:00,2.443,2.444,2.443,2.444,2413.5,5898.5085
2026-09-15 02:20:00,2.443,2.443,2.44,2.44,1771.8,4324.7854
2026-09-15 02:21:00,2.44,2.44,2.438,2.439,4033.2,9837.4461
2026-09-15 02:22:00,2.438,2.438,2.436,2.437,8844.8,21554.3101
2026-09-15 02:23:00,2.437,2.438,2.437,2.438,2252.1,5489.869
2026-09-15 02:24:00,2.439,2.443,2.439,2.443,6043.0,14760.5396
2026-09-15 02:25:00,2.442,2.447,2.442,2.447,2243.3,5484.1834
2026-09-15 02:26:00,2.446,2.447,2.445,2.446,2406.0,5884.5676
2026-09-15 02:27:00,2.446,2.446,2.446,2.446,851.8,2083.5028
2026-09-15 02:28:00,2.445,2.445,2.443,2.443,1390.7,3399.4162
2026-09-15 02:29:00,2.442,2.447,2.442,2.447,10011.0,24459.3511
2026-09-15 02:30:00,2.447,2.447,2.445,2.445,2642.9,6465.2945
2026-09-15 02:31:00,2.446,2.448,2.446,2.447,313.7,767.6491
2026-09-15 02:32:00,2.447,2.447,2.441,2.441,6465.2,15797.991
2026-09-15 02:33:00,2.441,2.446,2.441,2.444,27705.7,67681.8077
2026-09-15 02:34:00,2.444,2.446,2.444,2.446,1253.9,3066.5319
2026-09-15 02:35:00,2.446,2.449,2.445,2.445,13391.1,32760.6583
2026-09-15 02:36:00,2.444,2.445,2.443,2.445,6384.7,15599.4971
2026-09-15 02:37:00,2.445,2.446,2.445,2.446,4471.8,10934.0382
2026-09-15 02:38:00,2.446,2.45,2.445,2.45,11513.0,28167.2533
2026-09-15 02:39:00,2.449,2.455,2.449,2.454,7285.8,17864.8489
2026-09-15 02:40:00,2.454,2.454,2.452,2.452,7028.0,17239.0606
2026-09-15 02:41:00,2.451,2.451,2.449,2.45,2270.2,5561.9566
2026-09-15 02:42:00,2.449,2.449,2.447,2.447,1629.4,3988.6498
2026-09-15 02:43:00,2.447,2.448,2.447,2.448,603.6,1477.6104
2026-09-15 02:44:00,2.449,2.449,2.444,2.444,6414.0,15684.732
2026-09-15 02:45:00,2.444,2.445,2.444,2.445,1048.8,2563.9258
2026-09-15 02:46:00,2.445,2.446,2.444,2.446,1954.3,4778.7321
2026-09-15 02:47:00,2.446,2.446,2.443,2.443,4526.2,11062.6793
2026-09-15 02:48:00,2.443,2.444,2.443,2.444,2184.7,5338.4036
2026-09-15 02:49:00,2.443,2.444,2.442,2.442,2184.0,5334.8488
2026-09-15 02:50:00,2.443,2.448,2.443,2.445,23510.4,57495.8844
2026-09-15 02:51:00,2.444,2.445,2.443,2.445,2534.7,6194.3626
2026-09-15 02:52:00,2.445,2.447,2.445,2.446,2436.6,5959.4304
2026-09-15 02:53:00,2.446,2.447,2.446,2.446,1469.9,3596.2263
2026-09-15 02:54:00,2.446,2.446,2.444,2.445,2119.0,5181.5501
2026-09-15 02:55:00,2.445,2.445,2.443,2.445,2797.0,6836.9078
2026-09-15 02:56:00,2.445,2.448,2.441,2.446,23892.0,58408.2714
2026-09-15 02:57:00,2.446,2.446,2.443,2.444,5586.2,13655.6627
2026-09-15 02:58:00,2.445,2.445,2.442,2.442,3324.9,8125.2433
2026-09-15 02:59:00,2.442,2.442,2.442,2.442,102.8,251.0376
2026-09-15 03:00:00,2.442,2.442,2.437,2.438,11694.3,28524.6519
2026-09-15 03:01:00,2.438,2.438,2.432,2.434,26706.4,65024.7832
2026-09-15 03:02:00,2.433,2.437,2.433,2.436,21816.4,53112.9972
2026-09-15 03:03:00,2.436,2.436,2.432,2.436,26457.6,64405.1583
2026-09-15 03:04:00,2.436,2.437,2.427,2.429,25754.9,62655.8543
2026-09-15 03:05:00,2.429,2.433,2.426,2.427,12633.1,30682.3723
2026-09-15 03:06:00,2.427,2.427,2.425,2.427,26198.5,63571.4886
2026-09-15 03:07:00,2.427,2.431,2.426,2.43,9038.1,21962.9158
2026-09-15 03:08:00,2.43,2.431,2.429,2.43,13935.5,33861.5627
2026-09-15 03:09:00,2.43,2.431,2.429,2.431,5060.0,12296.1787
2026-09-15 03:10:00,2.431,2.431,2.426,2.429,11520.1,27986.3157
2026-09-15 03:11:00,2.43,2.43,2.424,2.426,6341.5,15383.4113
2026-09-15 03:12:00,2.425,2.428,2.424,2.427,5998.8,14553.7415
2026-09-15 03:13:00,2.427,2.427,2.42,2.422,45340.6,109826.6546
2026-09-15 03:14:00,2.423,2.425,2.423,2.425,6586.6,15966.934
2026-09-15 03:15:00,2.425,2.427,2.425,2.425,4698.8,11398.4259
2026-09-15 03:16:00,2.425,2.425,2.423,2.423,2688.3,6514.9879
2026-09-15 03:17:00,2.424,2.426,2.424,2.425,5289.9,12829.8484
2026-09-15 03:18:00,2.425,2.425,2.424,2.425,5587.3,13547.7765
2026-09-15 03:19:00,2.426,2.427,2.425,2.426,6121.3,14856.0513
2026-09-15 03:20:00,2.426,2.427,2.425,2.427,3309.4,8028.1623
2026-09-15 03:21:00,2.426,2.428,2.426,2.426,5038.3,12228.3187
2026-09-15 03:22:00,2.427,2.43,2.426,2.43,5610.5,13622.234
2026-09-15 03:23:00,2.431,2.432,2.424,2.427,47178.1,114562.6606
2026-09-15 03:24:00,2.427,2.427,2.422,2.423,15578.5,37762.319
2026-09-15 03:25:00,2.423,2.424,2.422,2.424,2763.8,6697.6797
2026-09-15 03:26:00,2.423,2.423,2.421,2.422,811.0,1964.2482
2026-09-15 03:27:00,2.422,2.423,2.421,2.422,3578.8,8667.3627
2026-09-15 03:28:00,2.421,2.423,2.421,2.423,2383.2,5772.1481
2026-09-15 03:29:00,2.424,2.427,2.424,2.426,2391.1,5798.9631
2026-09-15 03:30:00,2.426,2.426,2.425,2.425,742.8,1801.6059
2026-09-15 03:31:00,2.425,2.425,2.423,2.423,7919.1,19194.1517
2026-09-15 03:32:00,2.424,2.428,2.424,2.428,20493.7,49690.896
2026-09-15 03:33:00,2.428,2.432,2.428,2.432,7409.3,18003.3582
2026-09-15 03:34:00,2.432,2.434,2.432,2.432,1778.6,4327.2443
2026-09-15 03:35:00,2.433,2.433,2.433,2.433,222.0,540.126
2026-09-15 03:36:00,2.433,2.436,2.432,2.436,1514.9,3686.9474
2026-09-15 03:37:00,2.435,2.437,2.434,2.435,3322.3,8093.1768
2026-09-15 03:38:00,2.435,2.436,2.435,2.436,1008.5,2456.2981
2026-09-15 03:39:00,2.436,2.436,2.435,2.436,2309.6,5625.8754
2026-09-15 03:40:00,2.435,2.436,2.434,2.436,3071.1,7479.5292
2026-09-15 03:41:00,2.436,2.436,2.436,2.436,30.4,74.0544
2026-09-15 03:42:00,2.437,2.437,2.434,2.434,1826.9,4450.606
2026-09-15 03:43:00,2.433,2.433,2.43,2.432,26741.9,65060.0356
2026-09-15 03:44:00,2.432,2.434,2.432,2.434,3228.4,7851.5063
2026-09-15 03:45:00,2.433,2.433,2.431,2.431,3998.6,9724.7724
2026-09-15 03:46:00,2.431,2.433,2.431,2.431,3541.2,8612.2286
2026-09-15 03:47:00,2.43,2.43,2.43,2.43,739.1,1796.013
2026-09-15 03:48:00,2.43,2.43,2.43,2.43,643.7,1564.191
2026-09-15 03:49:00,2.43,2.43,2.428,2.428,339.9,825.6412
2026-09-15 03:50:00,2.428,2.428,2.427,2.427,3999.7,9709.9098
2026-09-15 03:51:00,2.427,2.432,2.427,2.428,20127.5,48907.1562
2026-09-15 03:52:00,2.428,2.428,2.425,2.426,1899.1,4608.9981
2026-09-15 03:53:00,2.426,2.427,2.426,2.426,504.8,1224.8955
2026-09-15 03:54:00,2.427,2.427,2.425,2.425,3619.7,8782.7357
2026-09-15 03:55:00,2.425,2.426,2.424,2.425,460.9,1117.6803
2026-09-15 03:56:00,2.425,2.425,2.415,2.418,61282.8,148190.0337
2026-09-15 03:57:00,2.417,2.419,2.414,2.419,22587.6,54564.2885
2026-09-15 03:58:00,2.419,2.419,2.417,2.417,3639.7,8802.3739
2026-09-15 03:59:00,2.418,2.419,2.418,2.419,2373.9,5741.9533
2026-09-15 04:00:00,2.42,2.423,2.417,2.42,8361.5,20236.4393
2026-09-15 04:01:00,2.42,2.421,2.418,2.421,11028.4,26683.5026
2026-09-15 04:02:00,2.421,2.422,2.421,2.421,877.6,2125.2404
2026-09-15 04:03:00,2.421,2.423,2.42,2.423,4837.3,11710.8298
2026-09-15 04:04:00,2.423,2.427,2.423,2.424,11020.4,26730.8611
2026-09-15 04:05:00,2.425,2.426,2.425,2.426,1778.8,4313.8367
2026-09-15 04:06:00,2.426,2.429,2.426,2.428,2021.2,4906.9371
2026-09-15 04:07:00,2.428,2.428,2.422,2.422,14062.6,34096.1629
2026-09-15 04:08:00,2.422,2.426,2.421,2.425,11278.2,27326.0385
2026-09-15 04:09:00,2.424,2.424,2.423,2.424,190.1,460.7975
2026-09-15 04:10:00,2.423,2.424,2.423,2.423,1309.7,3173.4596
2026-09-15 04:11:00,2.423,2.424,2.423,2.424,872.8,2115.0785
2026-09-15 04:12:00,2.423,2.423,2.421,2.421,2535.3,6139.1584
2026-09-15 04:13:00,2.421,2.423,2.42,2.423,4144.7,10040.0022
2026-09-15 04:14:00,2.422,2.425,2.422,2.425,5329.9,12921.1374
2026-09-15 04:15:00,2.426,2.428,2.426,2.428,3465.5,8411.2073
2026-09-15 04:16:00,2.427,2.43,2.427,2.43,7795.4,18931.1278
2026-09-15 04:17:00,2.429,2.429,2.428,2.428,1004.5,2439.7558
2026-09-15 04:18:00,2.429,2.431,2.429,2.43,1108.6,2693.4473
2026-09-15 04:19:00,2.43,2.432,2.429,2.431,3273.8,7956.0881
2026-09-15 04:20:00,2.432,2.435,2.432,2.435,1249.7,3041.3657
2026-09-15 04:21:00,2.434,2.435,2.432,2.432,4046.5,9847.0844
2026-09-15 04:22:00,2.431,2.431,2.429,2.43,2988.5,7262.6411
2026-09-15 04:23:00,2.43,2.43,2.428,2.428,708.4,1720.1942
2026-09-15 04:24:00,2.428,2.429,2.425,2.428,8730.7,21188.776
2026-09-15 04:25:00,2.428,2.43,2.428,2.429,1877.6,4560.261
2026-09-15 04:26:00,2.429,2.429,2.428,2.429,2500.1,6071.0277
2026-09-15 04:27:00,2.429,2.43,2.429,2.43,1921.8,4668.5823
2026-09-15 04:28:00,2.43,2.433,2.429,2.433,3125.5,7600.7392
2026-09-15 04:29:00,2.432,2.433,2.429,2.43,20380.8,49536.4518
2026-09-15 04:30:00,2.43,2.432,2.43,2.431,5656.4,13746.726
2026-09-15 04:31:00,2.431,2.434,2.43,2.434,4513.2,10975.6742
2026-09-15 04:32:00,2.434,2.435,2.43,2.434,6360.9,15472.8145
2026-09-15 04:33:00,2.433,2.433,2.426,2.426,10271.8,24969.143
2026-09-15 04:34:00,2.426,2.436,2.426,2.435,18014.6,43827.0036
2026-09-15 04:35:00,2.435,2.436,2.432,2.434,11588.6,28200.512
2026-09-15 04:36:00,2.434,2.439,2.434,2.438,11306.2,27550.0167
2026-09-15 04:37:00,2.438,2.438,2.434,2.436,5155.4,12558.8852
2026-09-15 04:38:00,2.436,2.442,2.435,2.441,9551.7,23290.4035
2026-09-15 04:39:00,2.441,2.445,2.439,2.441,21272.3,51939.3566
2026-09-15 04:40:00,2.441,2.441,2.439,2.441,16501.5,40269.6791
2026-09-15 04:41:00,2.441,2.445,2.441,2.445,4780.3,11675.472
2026-09-15 04:42:00,2.444,2.445,2.443,2.444,4498.7,10996.7698
2026-09-15 04:43:00,2.445,2.445,2.443,2.443,716.5,1751.0967
2026-09-15 04:44:00,2.443,2.444,2.443,2.444,1241.9,3034.5972
2026-09-15 04:45:00,2.445,2.445,2.443,2.443,4504.4,11010.4094
2026-09-15 04:46:00,2.443,2.447,2.443,2.444,18992.9,46449.6554
2026-09-15 04:47:00,2.444,2.445,2.444,2.444,3490.7,8531.2968
2026-09-15 04:48:00,2.445,2.447,2.445,2.445,4035.2,9869.2027
2026-09-15 04:49:00,2.446,2.446,2.444,2.445,7093.8,17345.1829
2026-09-15 04:50:00,2.444,2.444,2.441,2.441,6090.1,14875.6901
2026-09-15 04:51:00,2.44,2.443,2.44,2.442,8948.4,21855.0738
2026-09-15 04:52:00,2.442,2.443,2.441,2.443,5679.7,13869.979
2026-09-15 04:53:00,2.443,2.443,2.442,2.442,2798.3,6836.0421
2026-09-15 04:54:00,2.441,2.441,2.441,2.441,245.8,599.9978
2026-09-15 04:55:00,2.441,2.442,2.441,2.442,736.6,1798.5055
2026-09-15 04:56:00,2.442,2.442,2.442,2.442,0.0,0.0
2026-09-15 04:57:00,2.442,2.442,2.441,2.441,1057.8,2582.4855
2026-09-15 04:58:00,2.441,2.444,2.441,2.443,3795.8,9271.9335
2026-09-15 04:59:00,2.444,2.446,2.443,2.443,14870.3,36349.6013
2026-09-15 05:00:00,2.443,2.446,2.443,2.444,10538.0,25766.9603
2026-09-15 05:01:00,2.444,2.445,2.444,2.444,2165.7,5293.1025
2026-09-15 05:02:00,2.445,2.446,2.444,2.446,2617.8,6400.3494
2026-09-15 05:03:00,2.445,2.451,2.445,2.451,12598.1,30842.0714
2026-09-15 05:04:00,2.451,2.454,2.45,2.454,19853.5,48682.3742
2026-09-15 05:05:00,2.454,2.457,2.453,2.456,7963.8,19550.7426
2026-09-15 05:06:00,2.456,2.457,2.45,2.451,18428.7,45235.8007
2026-09-15 05:07:00,2.451,2.451,2.45,2.45,3103.7,7605.5066
2026-09-15 05:08:00,2.45,2.455,2.45,2.455,12238.7,30040.9781
2026-09-15 05:09:00,2.455,2.455,2.449,2.45,14598.8,35821.626
2026-09-15 05:10:00,2.449,2.449,2.434,2.439,19395.1,47337.612
2026-09-15 05:11:00,2.44,2.441,2.438,2.439,10974.1,26769.7382
2026-09-15 05:12:00,2.439,2.439,2.43,2.433,9361.4,22777.6225
2026-09-15 05:13:00,2.433,2.433,2.43,2.432,17879.1,43477.0559
2026-09-15 05:14:00,2.432,2.438,2.43,2.437,8282.2,20156.72
2026-09-15 05:15:00,2.436,2.444,2.436,2.444,15369.7,37475.4063
2026-09-15 05:16:00,2.443,2.443,2.438,2.438,2875.5,7015.1664
2026-09-15 05:17:00,2.438,2.438,2.432,2.432,4428.9,10785.707
2026-09-15 05:18:00,2.433,2.437,2.432,2.435,22116.6,53847.801
2026-09-15 05:19:00,2.436,2.439,2.435,2.437,6681.6,16288.638
2026-09-15 05:20:00,2.436,2.44,2.436,2.439,3075.6,7497.4976
2026-09-15 05:21:00,2.439,2.441,2.439,2.44,3182.9,7767.4432
2026-09-15 05:22:00,2.44,2.44,2.434,2.434,4852.9,11820.2747
2026-09-15 05:23:00,2.433,2.433,2.422,2.424,30740.7,74599.1083
2026-09-15 05:24:00,2.424,2.424,2.422,2.422,9000.7,21806.3587
2026-09-15 05:25:00,2.422,2.424,2.421,2.423,5052.1,12238.7012
2026-09-15 05:26:00,2.423,2.426,2.422,2.424,10898.3,26419.3517
2026-09-15 05:27:00,2.423,2.427,2.423,2.423,7475.1,18122.5842
2026-09-15 05:28:00,2.423,2.435,2.423,2.435,11420.0,27754.4513
2026-09-15 05:29:00,2.436,2.437,2.433,2.433,3803.3,9261.0896
2026-09-15 05:30:00,2.433,2.433,2.43,2.433,4023.5,9778.781
2026-09-15 05:31:00,2.432,2.432,2.42,2.421,28050.4,67978.2441
2026-09-15 05:32:00,2.421,2.424,2.42,2.424,14730.1,35652.9937
2026-09-15 05:33:00,2.424,2.426,2.423,2.425,3792.0,9196.1883
2026-09-15 05:34:00,2.424,2.424,2.421,2.422,6262.0,15161.8867
2026-09-15 05:35:00,2.423,2.423,2.421,2.421,1606.3,3891.1602
2026-09-15 05:36:00,2.421,2.422,2.421,2.421,2073.7,5020.4833
2026-09-15 05:37:00,2.421,2.423,2.421,2.422,2526.9,6121.3086
2026-09-15 05:38:00,2.422,2.422,2.42,2.421,1196.1,2895.1429
2026-09-15 05:39:00,2.42,2.423,2.42,2.423,2586.0,6259.8062
2026-09-15 05:40:00,2.423,2.424,2.421,2.424,12146.2,29414.7905
2026-09-15 05:41:00,2.424,2.428,2.424,2.428,6884.4,16705.086
2026-09-15 05:42:00,2.428,2.428,2.427,2.428,781.5,1897.4772
2026-09-15 05:43:00,2.427,2.428,2.427,2.427,1047.5,2542.9524
2026-09-15 05:44:00,2.428,2.431,2.428,2.431,985.4,2394.2398
2026-09-15 05:45:00,2.43,2.431,2.43,2.43,161.4,392.337
2026-09-15 05:46:00,2.429,2.429,2.426,2.429,10707.7,25993.4564
2026-09-15 05:47:00,2.429,2.429,2.428,2.428,1114.9,2707.5085
2026-09-15 05:48:00,2.428,2.431,2.428,2.431,5272.4,12815.2731
2026-09-15 05:49:00,2.432,2.434,2.43,2.43,7178.1,17456.0707
2026-09-15 05:50:00,2.429,2.433,2.429,2.433,3757.7,9133.8169
2026-09-15 05:51:00,2.433,2.435,2.431,2.435,8588.7,20900.6849
2026-09-15 05:52:00,2.435,2.436,2.434,2.436,2116.2,5151.7429
2026-09-15 05:53:00,2.436,2.439,2.436,2.439,6406.4,15616.4644
2026-09-15 05:54:00,2.439,2.442,2.439,2.442,3682.9,8989.3125
2026-09-15 05:55:00,2.442,2.442,2.44,2.44,2309.9,5638.6016
2026-09-15 05:56:00,2.44,2.44,2.437,2.439,2248.2,5482.0902
2026-09-15 05:57:00,2.44,2.44,2.439,2.44,1088.2,2654.5119
2026-09-15 05:58:00,2.439,2.439,2.435,2.435,3133.4,7632.7114
2026-09-15 05:59:00,2.434,2.434,2.433,2.434,694.1,1689.3771
2026-09-15 06:00:00,2.434,2.437,2.434,2.436,546.3,1330.7689
2026-09-15 06:01:00,2.435,2.44,2.434,2.44,8770.8,21366.7036
2026-09-15 06:02:00,2.44,2.447,2.44,2.445,62962.8,153845.0966
2026-09-15 06:03:00,2.445,2.446,2.443,2.445,6913.7,16893.928
2026-09-15 06:04:00,2.446,2.449,2.446,2.447,21665.5,53031.1211
2026-09-15 06:05:00,2.448,2.449,2.446,2.446,4757.0,11641.287
2026-09-15 06:06:00,2.445,2.445,2.443,2.443,2027.1,4955.503
2026-09-15 06:07:00,2.442,2.442,2.436,2.437,11320.0,27594.9696
2026-09-15 06:08:00,2.438,2.438,2.437,2.438,29.0,70.692
2026-09-15 06:09:00,2.438,2.44,2.437,2.438,6336.7,15452.8434
2026-09-15 06:10:00,2.437,2.437,2.433,2.433,3328.6,8106.4617
2026-09-15 06:11:00,2.433,2.433,2.431,2.431,3590.4,8731.6451
2026-09-15 06:12:00,2.432,2.434,2.432,2.433,10945.2,26624.3716
2026-09-15 06:13:00,2.433,2.434,2.432,2.432,2966.3,7217.312
2026-09-15 06:14:00,2.431,2.433,2.431,2.432,4097.2,9965.3073
2026-09-15 06:15:00,2.433,2.434,2.432,2.433,1970.0,4792.7521
2026-09-15 06:16:00,2.433,2.434,2.432,2.434,2974.0,7234.3984
2026-09-15 06:17:00,2.435,2.435,2.433,2.434,230.1,560.0615
2026-09-15 06:18:00,2.433,2.434,2.43,2.431,2262.0,5501.0566
2026-09-15 06:19:00,2.43,2.43,2.429,2.429,2956.8,7184.9148
2026-09-15 06:20:00,2.43,2.43,2.428,2.428,2421.0,5881.2735
2026-09-15 06:21:00,2.428,2.429,2.426,2.426,1634.0,3966.2675
2026-09-15 06:22:00,2.425,2.427,2.424,2.426,2590.0,6282.7672
2026-09-15 06:23:00,2.425,2.425,2.412,2.414,62401.7,150836.3591
2026-09-15 06:24:00,2.414,2.416,2.408,2.411,32543.7,78460.5059
2026-09-15 06:25:00,2.411,2.414,2.411,2.413,557.0,1343.8002
2026-09-15 06:26:00,2.413,2.414,2.413,2.414,4243.3,10239.1648
2026-09-15 06:27:00,2.414,2.415,2.413,2.413,6768.9,16339.1236
2026-09-15 06:28:00,2.413,2.415,2.413,2.413,11730.6,28316.7584
2026-09-15 06:29:00,2.413,2.415,2.413,2.413,4582.9,11062.1303
2026-09-15 06:30:00,2.413,2.414,2.411,2.411,7410.4,17883.1352
2026-09-15 06:31:00,2.41,2.411,2.407,2.407,20505.9,49391.1551
2026-09-15 06:32:00,2.408,2.415,2.407,2.415,24656.2,59459.1821
2026-09-15 06:33:00,2.415,2.418,2.414,2.416,3629.9,8767.6529
2026-09-15 06:34:00,2.415,2.417,2.415,2.417,4263.3,10298.2385
2026-09-15 06:35:00,2.418,2.418,2.416,2.418,860.4,2079.4786
2026-09-15 06:36:00,2.418,2.418,2.415,2.415,2015.6,4869.6215
2026-09-15 06:37:00,2.415,2.416,2.415,2.416,1122.3,2711.4742
2026-09-15 06:38:00,2.415,2.415,2.412,2.414,3351.5,8090.4424
2026-09-15 06:39:00,2.414,2.414,2.406,2.409,20142.2,48537.0379
2026-09-15 06:40:00,2.41,2.41,2.404,2.406,16736.0,40269.5064
2026-09-15 06:41:00,2.405,2.406,2.403,2.404,17745.0,42662.7856
2026-09-15 06:42:00,2.404,2.405,2.403,2.404,2898.3,6967.8936
2026-09-15 06:43:00,2.404,2.407,2.401,2.404,17687.1,42501.4964
2026-09-15 06:44:00,2.404,2.406,2.402,2.405,20714.8,49813.468
2026-09-15 06:45:00,2.405,2.405,2.403,2.403,3492.1,8394.4304
2026-09-15 06:46:00,2.402,2.402,2.398,2.402,23587.7,56607.9941
2026-09-15 06:47:00,2.402,2.402,2.397,2.398,10358.0,24841.0652
2026-09-15 06:48:00,2.398,2.398,2.39,2.395,37857.1,90610.4631
2026-09-15 06:49:00,2.394,2.396,2.393,2.394,4668.2,11176.5449
2026-09-15 06:50:00,2.395,2.397,2.388,2.391,41575.2,99466.1636
2026-09-15 06:51:00,2.391,2.392,2.391,2.392,6841.1,16361.5629
2026-09-15 06:52:00,2.391,2.393,2.389,2.393,10449.0,24977.6986
2026-09-15 06:53:00,2.393,2.394,2.39,2.39,7931.1,18972.2411
2026-09-15 06:54:00,2.39,2.395,2.39,2.393,5100.5,12207.248
2026-09-15 06:55:00,2.393,2.394,2.391,2.392,2857.0,6836.3002
2026-09-15 06:56:00,2.392,2.394,2.389,2.394,14926.9,35697.9369
2026-09-15 06:57:00,2.394,2.394,2.392,2.393,9125.8,21836.1984
2026-09-15 06:58:00,2.394,2.395,2.392,2.393,5869.7,14049.7147
2026-09-15 06:59:00,2.393,2.394,2.39,2.391,9959.6,23826.0368
2026-09-15 07:00:00,2.391,2.393,2.391,2.392,7717.0,18461.8212
2026-09-15 07:01:00,2.391,2.392,2.39,2.392,5909.2,14126.8424
2026-09-15 07:02:00,2.391,2.393,2.388,2.389,27419.9,65548.3614
2026-09-15 07:03:00,2.389,2.39,2.389,2.39,1828.0,4368.1925
2026-09-15 07:04:00,2.391,2.393,2.39,2.392,3400.8,8133.3767
2026-09-15 07:05:00,2.391,2.393,2.39,2.39,15642.3,37412.3789
2026-09-15 07:06:00,2.389,2.39,2.376,2.38,73906.3,175986.2806
2026-09-15 07:07:00,2.381,2.383,2.375,2.376,39468.5,93818.094
2026-09-15 07:08:00,2.375,2.379,2.374,2.379,13261.5,31508.3088
2026-09-15 07:09:00,2.378,2.381,2.378,2.381,4585.1,10909.1269
2026-09-15 07:10:00,2.381,2.382,2.38,2.38,4551.0,10834.6533
2026-09-15 07:11:00,2.381,2.381,2.377,2.381,28084.6,66800.2744
2026-09-15 07:12:00,2.381,2.382,2.38,2.38,6844.3,16294.2116
2026-09-15 07:13:00,2.38,2.386,2.38,2.385,23909.2,56967.3504
2026-09-15 07:14:00,2.385,2.386,2.383,2.386,4086.8,9742.6683
2026-09-15 07:15:00,2.385,2.39,2.385,2.389,10832.9,25858.0389
2026-09-15 07:16:00,2.389,2.389,2.385,2.385,11180.8,26686.1631
2026-09-15 07:17:00,2.385,2.387,2.381,2.384,22703.4,54129.0909
2026-09-15 07:18:00,2.383,2.39,2.383,2.39,31068.8,74194.2976
2026-09-15 07:19:00,2.389,2.39,2.386,2.39,30128.2,71950.0439
2026-09-15 07:20:00,2.39,2.39,2.388,2.388,10822.2,25855.5976
2026-09-15 07:21:00,2.388,2.388,2.382,2.384,24283.2,57914.901
2026-09-15 07:22:00,2.385,2.387,2.385,2.386,5834.8,13919.9918
2026-09-15 07:23:00,2.386,2.388,2.386,2.387,8165.4,19494.4618
2026-09-15 07:24:00,2.386,2.387,2.386,2.386,1384.3,3302.961
2026-09-15 07:25:00,2.386,2.387,2.381,2.381,8423.1,20071.6629
2026-09-15 07:26:00,2.381,2.382,2.381,2.381,1816.7,4326.7171
2026-09-15 07:27:00,2.381,2.381,2.38,2.38,2193.2,5220.2361
2026-09-15 07:28:00,2.381,2.381,2.377,2.378,9173.1,21818.6587
2026-09-15 07:29:00,2.377,2.378,2.374,2.374,14224.9,33791.2849
2026-09-15 07:30:00,2.375,2.377,2.373,2.374,19496.4,46307.84
2026-09-15 07:31:00,2.373,2.374,2.363,2.365,91084.2,215642.7942
2026-09-15 07:32:00,2.365,2.366,2.363,2.366,22659.3,53573.5544
2026-09-15 07:33:00,2.366,2.366,2.355,2.356,60001.1,141585.2853
2026-09-15 07:34:00,2.356,2.356,2.351,2.352,36913.8,86864.9649
2026-09-15 07:35:00,2.352,2.357,2.349,2.354,120122.9,282466.1621
2026-09-15 07:36:00,2.355,2.356,2.354,2.356,22329.7,52582.4302
2026-09-15 07:37:00,2.356,2.359,2.355,2.358,14489.7,34150.3696
2026-09-15 07:38:00,2.357,2.358,2.352,2.354,32115.9,75642.5726
2026-09-15 07:39:00,2.355,2.357,2.355,2.356,3942.4,9292.0627
2026-09-15 07:40:00,2.357,2.359,2.357,2.358,5024.7,11847.3407
2026-09-15 07:41:00,2.357,2.357,2.337,2.345,436569.3,1022478.5643
2026-09-15 07:42:00,2.346,2.347,2.345,2.347,7122.9,16711.8871
2026-09-15 07:43:00,2.347,2.349,2.347,2.347,12324.9,28937.848
2026-09-15 07:44:00,2.348,2.353,2.345,2.353,14114.8,33174.2267
2026-09-15 07:45:00,2.352,2.352,2.346,2.348,16866.2,39614.4974
2026-09-15 07:46:00,2.349,2.349,2.345,2.346,6272.1,14724.3012
2026-09-15 07:47:00,2.346,2.35,2.345,2.35,14570.4,34204.2219
2026-09-15 07:48:00,2.35,2.352,2.347,2.35,11261.9,26460.4645
2026-09-15 07:49:00,2.35,2.35,2.347,2.347,3244.0,7615.8746
2026-09-15 07:50:00,2.347,2.347,2.343,2.344,25176.2,59034.5734
2026-09-15 07:51:00,2.344,2.344,2.34,2.34,10672.6,24993.0485
2026-09-15 07:52:00,2.341,2.341,2.338,2.339,24148.2,56490.3471
2026-09-15 07:53:00,2.339,2.341,2.338,2.339,12864.4,30087.9763
2026-09-15 07:54:00,2.339,2.34,2.337,2.337,9978.4,23335.2515
2026-09-15 07:55:00,2.338,2.346,2.338,2.344,19433.0,45485.5267
2026-09-15 07:56:00,2.344,2.35,2.343,2.35,32839.4,77041.5646
2026-09-15 07:57:00,2.35,2.354,2.349,2.354,13653.6,32108.6987
2026-09-15 07:58:00,2.355,2.356,2.353,2.356,7873.0,18537.7958
2026-09-15 07:59:00,2.356,2.358,2.354,2.358,9327.2,21972.4912
2026-09-15 08:00:00,2.357,2.358,2.354,2.354,5603.6,13203.4132
2026-09-15 08:01:00,2.355,2.356,2.352,2.352,8176.2,19247.7499
2026-09-15 08:02:00,2.352,2.354,2.351,2.351,15496.7,36449.3648
2026-09-15 08:03:00,2.352,2.363,2.352,2.361,36180.1,85364.545
2026-09-15 08:04:00,2.36,2.365,2.36,2.365,9489.3,22420.1008
2026-09-15 08:05:00,2.364,2.364,2.36,2.362,6927.8,16362.4597
2026-09-15 08:06:00,2.362,2.363,2.361,2.362,1602.2,3784.451
2026-09-15 08:07:00,2.362,2.362,2.361,2.361,2658.8,6279.9656
2026-09-15 08:08:00,2.362,2.362,2.357,2.36,17400.2,41043.5278
2026-09-15 08:09:00,2.361,2.362,2.361,2.362,4608.6,10884.4209
2026-09-15 08:10:00,2.362,2.362,2.358,2.36,23179.1,54698.7015
2026-09-15 08:11:00,2.36,2.361,2.359,2.361,12754.5,30102.9767
2026-09-15 08:12:00,2.36,2.375,2.358,2.371,344054.6,814946.5909
2026-09-15 08:13:00,2.371,2.373,2.369,2.369,49980.2,118524.0812
2026-09-15 08:14:00,2.369,2.373,2.368,2.371,18209.4,43162.1347
2026-09-15 08:15:00,2.371,2.373,2.371,2.372,14254.8,33816.9553
2026-09-15 08:16:00,2.372,2.372,2.364,2.364,7326.7,17354.7441
2026-09-15 08:17:00,2.364,2.364,2.357,2.358,24068.4,56782.1881
2026-09-15 08:18:00,2.359,2.368,2.357,2.368,12420.1,29305.5444
2026-09-15 08:19:00,2.368,2.369,2.364,2.366,15926.5,37687.9035
2026-09-15 08:20:00,2.367,2.37,2.367,2.368,7158.9,16957.5976
2026-09-15 08:21:00,2.368,2.368,2.359,2.361,17238.4,40712.3344
2026-09-15 08:22:00,2.362,2.364,2.36,2.364,1344.4,3174.7641
2026-09-15 08:23:00,2.363,2.363,2.362,2.363,8132.6,19213.1291
2026-09-15 08:24:00,2.362,2.362,2.36,2.36,2339.4,5522.5489
2026-09-15 08:25:00,2.36,2.36,2.357,2.358,12570.1,29648.1078
2026-09-15 08:26:00,2.358,2.374,2.358,2.371,298446.5,707142.7446
2026-09-15 08:27:00,2.372,2.373,2.371,2.371,7894.0,18724.358
2026-09-15 08:28:00,2.371,2.379,2.37,2.379,33648.3,79871.0897
2026-09-15 08:29:00,2.379,2.379,2.374,2.376,6743.1,16029.6427
2026-09-15 08:30:00,2.376,2.378,2.373,2.375,27045.9,64248.8095
2026-09-15 08:31:00,2.374,2.374,2.373,2.374,3397.8,8064.5861
2026-09-15 08:32:00,2.374,2.376,2.374,2.375,1449.1,3441.3641
2026-09-15 08:33:00,2.374,2.376,2.374,2.374,22172.2,52661.3355
2026-09-15 08:34:00,2.374,2.385,2.374,2.383,31732.1,75494.0785
2026-09-15 08:35:00,2.384,2.385,2.381,2.384,13516.6,32214.4258
2026-09-15 08:36:00,2.383,2.383,2.381,2.382,4112.5,9798.2015
2026-09-15 08:37:00,2.382,2.382,2.381,2.381,3433.2,8175.4477
2026-09-15 08:38:00,2.38,2.381,2.376,2.38,14891.6,35418.232
2026-09-15 08:39:00,2.38,2.381,2.379,2.38,1021.5,2431.1588
2026-09-15 08:40:00,2.38,2.38,2.379,2.38,14394.7,34254.9661
2026-09-15 08:41:00,2.379,2.38,2.377,2.378,4284.6,10190.5769
2026-09-15 08:42:00,2.379,2.38,2.379,2.38,8743.5,20807.6032
2026-09-15 08:43:00,2.38,2.381,2.379,2.381,2769.6,6592.1144
2026-09-15 08:44:00,2.38,2.38,2.379,2.379,2674.8,6365.5557
2026-09-15 08:45:00,2.378,2.381,2.377,2.38,11041.5,26267.8388
2026-09-15 08:46:00,2.38,2.381,2.379,2.381,3263.5,7767.908
2026-09-15 08:47:00,2.381,2.384,2.378,2.379,25696.7,61182.544
2026-09-15 08:48:00,2.379,2.379,2.378,2.379,2940.3,6993.7192
2026-09-15 08:49:00,2.378,2.38,2.375,2.377,32043.2,76167.8684
2026-09-15 08:50:00,2.377,2.392,2.377,2.387,269070.1,642057.8904
2026-09-15 08:51:00,2.388,2.388,2.382,2.387,123396.6,294444.8625
2026-09-15 08:52:00,2.386,2.386,2.382,2.385,151166.6,360527.803
2026-09-15 08:53:00,2.385,2.394,2.385,2.388,236922.7,566517.0281
2026-09-15 08:54:00,2.387,2.387,2.383,2.386,5676.3,13538.5094
2026-09-15 08:55:00,2.386,2.386,2.382,2.382,1766.9,4210.887
2026-09-15 08:56:00,2.383,2.387,2.383,2.387,7113.7,16965.1381
2026-09-15 08:57:00,2.387,2.389,2.387,2.388,3704.4,8847.4615
2026-09-15 08:58:00,2.387,2.387,2.384,2.384,2620.3,6250.993
2026-09-15 08:59:00,2.384,2.387,2.384,2.387,12245.9,29225.3045
2026-09-15 09:00:00,2.388,2.388,2.384,2.385,3229.0,7703.2297
2026-09-15 09:01:00,2.385,2.385,2.383,2.384,3478.1,8291.4097
2026-09-15 09:02:00,2.384,2.384,2.383,2.383,1241.8,2959.6485
2026-09-15 09:03:00,2.383,2.384,2.383,2.384,913.2,2176.9778
2026-09-15 09:04:00,2.383,2.384,2.381,2.381,7560.1,18011.2604
2026-09-15 09:05:00,2.381,2.382,2.381,2.382,491.1,1169.6442
2026-09-15 09:06:00,2.382,2.383,2.381,2.382,794.1,1891.5465
2026-09-15 09:07:00,2.382,2.382,2.378,2.379,3666.6,8727.6755
2026-09-15 09:08:00,2.379,2.382,2.379,2.382,5179.8,12326.9086
2026-09-15 09:09:00,2.382,2.384,2.382,2.384,2062.2,4913.4091
2026-09-15 09:10:00,2.383,2.384,2.382,2.382,1457.6,3473.5169
2026-09-15 09:11:00,2.382,2.383,2.382,2.383,1332.0,3173.7504
2026-09-15 09:12:00,2.382,2.383,2.381,2.381,2151.0,5123.5612
2026-09-15 09:13:00,2.38,2.38,2.38,2.38,366.6,872.508
2026-09-15 09:14:00,2.38,2.38,2.379,2.38,2169.0,5162.1364
2026-09-15 09:15:00,2.381,2.383,2.38,2.383,465.4,1108.4883
2026-09-15 09:16:00,2.383,2.383,2.38,2.38,8800.8,20946.7813
2026-09-15 09:17:00,2.381,2.381,2.38,2.38,504.0,1199.5666
2026-09-15 09:18:00,2.38,2.381,2.38,2.38,162.6,387.066
2026-09-15 09:19:00,2.38,2.381,2.38,2.381,1493.1,3554.2646
2026-09-15 09:20:00,2.381,2.381,2.379,2.38,4939.6,11755.8232
2026-09-15 09:21:00,2.381,2.382,2.381,2.382,886.8,2111.7918
2026-09-15 09:22:00,2.382,2.383,2.381,2.383,2972.8,7080.349
2026-09-15 09:23:00,2.383,2.385,2.382,2.383,5958.7,14201.2731
2026-09-15 09:24:00,2.382,2.385,2.382,2.383,2542.4,6060.2254
2026-09-15 09:25:00,2.384,2.384,2.382,2.382,137.2,326.8485
2026-09-15 09:26:00,2.382,2.385,2.382,2.385,1111.3,2649.2993
2026-09-15 09:27:00,2.385,2.393,2.385,2.392,14176.2,33897.6745
2026-09-15 09:28:00,2.391,2.4,2.391,2.397,30017.4,71957.3739
2026-09-15 09:29:00,2.398,2.4,2.396,2.398,26166.2,62753.2498
2026-09-15 09:30:00,2.399,2.399,2.395,2.396,4785.7,11472.1128
2026-09-15 09:31:00,2.396,2.398,2.395,2.395,7566.0,18126.2241
2026-09-15 09:32:00,2.394,2.397,2.394,2.397,6726.1,16108.3025
2026-09-15 09:33:00,2.397,2.397,2.394,2.394,5071.1,12153.2251
2026-09-15 09:34:00,2.395,2.405,2.395,2.403,22662.2,54422.7605
2026-09-15 09:35:00,2.402,2.402,2.4,2.401,7624.4,18306.675
2026-09-15 09:36:00,2.402,2.402,2.396,2.399,46433.9,111395.8318
2026-09-15 09:37:00,2.399,2.4,2.399,2.4,4331.4,10393.8556
2026-09-15 09:38:00,2.4,2.401,2.399,2.399,7813.9,18754.3332
2026-09-15 09:39:00,2.399,2.4,2.399,2.399,3745.4,8985.2618
2026-09-15 09:40:00,2.399,2.401,2.397,2.397,7376.9,17699.9845
2026-09-15 09:41:00,2.397,2.397,2.396,2.397,725.7,1739.2029
2026-09-15 09:42:00,2.397,2.398,2.394,2.397,22399.4,53662.1943
2026-09-15 09:43:00,2.396,2.396,2.395,2.395,637.0,1526.238
2026-09-15 09:44:00,2.396,2.399,2.395,2.397,18343.4,43978.6853
2026-09-15 09:45:00,2.396,2.396,2.395,2.396,2834.2,6788.7047
2026-09-15 09:46:00,2.396,2.397,2.393,2.394,15391.5,36865.3337
2026-09-15 09:47:00,2.394,2.397,2.394,2.394,11489.9,27528.1061
2026-09-15 09:48:00,2.394,2.4,2.394,2.4,322.0,771.9586
2026-09-15 09:49:00,2.399,2.401,2.399,2.4,516.0,1238.352
2026-09-15 09:50:00,2.4,2.4,2.397,2.4,7544.2,18098.0986
2026-09-15 09:51:00,2.4,2.402,2.4,2.402,2060.1,4946.6562
2026-09-15 09:52:00,2.402,2.403,2.402,2.402,754.3,1811.8311
2026-09-15 09:53:00,2.402,2.403,2.401,2.403,1327.0,3186.6623
2026-09-15 09:54:00,2.402,2.402,2.401,2.402,1595.5,3832.3877
2026-09-15 09:55:00,2.403,2.403,2.397,2.4,27595.4,66230.6799
2026-09-15 09:56:00,2.4,2.4,2.4,2.4,768.2,1843.68
2026-09-15 09:57:00,2.4,2.402,2.397,2.398,14736.3,35373.494
2026-09-15 09:58:00,2.398,2.399,2.396,2.396,3305.1,7923.7615
2026-09-15 09:59:00,2.396,2.399,2.395,2.396,40124.3,96188.4384
2026-09-15 10:00:00,2.397,2.399,2.396,2.399,5158.9,12367.1391
2026-09-15 10:01:00,2.398,2.399,2.398,2.399,3460.4,8301.0308
2026-09-15 10:02:00,2.399,2.401,2.398,2.399,7909.9,18974.8775
2026-09-15 10:03:00,2.399,2.408,2.399,2.405,42729.1,102677.5848
2026-09-15 10:04:00,2.405,2.405,2.403,2.404,6342.1,15247.4405
2026-09-15 10:05:00,2.403,2.403,2.4,2.4,2173.3,5219.6828
2026-09-15 10:06:00,2.4,2.4,2.398,2.398,2712.8,6509.1439
2026-09-15 10:07:00,2.398,2.399,2.395,2.397,3104.8,7441.2612
2026-09-15 10:08:00,2.397,2.399,2.397,2.399,327.1,784.655
2026-09-15 10:09:00,2.4,2.403,2.4,2.402,1629.1,3911.5283
2026-09-15 10:10:00,2.402,2.402,2.4,2.4,6921.1,16614.2673
2026-09-15 10:11:00,2.4,2.404,2.399,2.402,4497.6,10801.234
2026-09-15 10:12:00,2.402,2.402,2.4,2.401,1682.8,4040.4701
2026-09-15 10:13:00,2.4,2.401,2.4,2.4,6216.3,14920.4229
2026-09-15 10:14:00,2.399,2.4,2.398,2.4,477.1,1144.599
2026-09-15 10:15:00,2.399,2.399,2.398,2.398,480.8,1153.2697
2026-09-15 10:16:00,2.398,2.4,2.398,2.398,2857.9,6853.603
2026-09-15 10:17:00,2.399,2.399,2.397,2.399,847.8,2032.5976
2026-09-15 10:18:00,2.399,2.401,2.399,2.4,7756.6,18615.8228
2026-09-15 10:19:00,2.399,2.399,2.399,2.399,3170.7,7606.5093
2026-09-15 10:20:00,2.399,2.399,2.398,2.398,1058.6,2539.4467
2026-09-15 10:21:00,2.398,2.398,2.397,2.398,430.0,1031.0683
2026-09-15 10:22:00,2.397,2.398,2.397,2.398,1088.9,2610.4534
2026-09-15 10:23:00,2.397,2.4,2.397,2.4,9597.9,23029.5201
2026-09-15 10:24:00,2.4,2.401,2.4,2.401,2360.7,5666.6984
2026-09-15 10:25:00,2.401,2.401,2.396,2.396,1937.9,4648.1456
2026-09-15 10:26:00,2.396,2.396,2.394,2.394,2618.1,6268.13
2026-09-15 10:27:00,2.394,2.395,2.393,2.393,7129.5,17073.5442
2026-09-15 10:28:00,2.393,2.393,2.391,2.392,1639.8,3922.8706
2026-09-15 10:29:00,2.393,2.393,2.391,2.391,3345.8,8002.1274
2026-09-15 10:30:00,2.391,2.392,2.39,2.39,6037.0,14433.5441
2026-09-15 10:31:00,2.39,2.391,2.386,2.387,13359.7,31913.1736
2026-09-15 10:32:00,2.388,2.395,2.388,2.393,5331.9,12754.4862
2026-09-15 10:33:00,2.394,2.396,2.393,2.395,14988.2,35900.8767
2026-09-15 10:34:00,2.395,2.395,2.393,2.393,6228.2,14909.9065
2026-09-15 10:35:00,2.392,2.392,2.391,2.391,5938.6,14202.9474
2026-09-15 10:36:00,2.392,2.394,2.392,2.393,23305.0,55781.0035
2026-09-15 10:37:00,2.393,2.393,2.391,2.391,1464.7,3503.4654
2026-09-15 10:38:00,2.391,2.391,2.388,2.389,20226.8,48328.205
2026-09-15 10:39:00,2.389,2.389,2.387,2.389,2022.0,4828.0164
2026-09-15 10:40:00,2.388,2.39,2.388,2.39,3615.5,8637.4556
2026-09-15 10:41:00,2.389,2.39,2.389,2.389,2394.6,5720.7026
2026-09-15 10:42:00,2.389,2.393,2.389,2.392,12229.4,29254.0653
2026-09-15 10:43:00,2.392,2.392,2.391,2.391,649.6,1553.3929
2026-09-15 10:44:00,2.392,2.396,2.392,2.396,3915.6,9378.4787
2026-09-15 10:45:00,2.396,2.397,2.395,2.397,3807.2,9124.7903
2026-09-15 10:46:00,2.397,2.398,2.396,2.397,1134.6,2719.0446
2026-09-15 10:47:00,2.397,2.399,2.396,2.396,4431.9,10625.0771
2026-09-15 10:48:00,2.397,2.397,2.394,2.394,914.3,2190.7424
2026-09-15 10:49:00,2.394,2.396,2.394,2.396,774.0,1854.0878
2026-09-15 10:50:00,2.396,2.396,2.394,2.394,5285.0,12658.6001
2026-09-15 10:51:00,2.395,2.395,2.395,2.395,850.0,2035.75
2026-09-15 10:52:00,2.395,2.395,2.394,2.394,2485.4,5951.4722
2026-09-15 10:53:00,2.393,2.393,2.392,2.392,1458.2,3488.4814
2026-09-15 10:54:00,2.392,2.393,2.391,2.393,2192.7,5245.7935
2026-09-15 10:55:00,2.393,2.394,2.392,2.394,4563.0,10921.3338
2026-09-15 10:56:00,2.393,2.393,2.389,2.391,2990.8,7151.4317
2026-09-15 10:57:00,2.39,2.392,2.39,2.392,8316.4,19884.3056
2026-09-15 10:58:00,2.391,2.391,2.389,2.389,782.7,1870.5295
2026-09-15 10:59:00,2.39,2.39,2.389,2.39,594.1,1419.6538
2026-09-15 11:00:00,2.39,2.391,2.389,2.391,188.2,449.8206
2026-09-15 11:01:00,2.39,2.392,2.389,2.391,2495.1,5963.6354
2026-09-15 11:02:00,2.39,2.395,2.39,2.393,2790.5,6677.5207
2026-09-15 11:03:00,2.393,2.393,2.391,2.391,5406.3,12927.3318
2026-09-15 11:04:00,2.391,2.391,2.386,2.389,17063.6,40739.7991
2026-09-15 11:05:00,2.389,2.394,2.389,2.394,17555.5,41976.4378
2026-09-15 11:06:00,2.394,2.394,2.392,2.394,5992.3,14342.8717
2026-09-15 11:07:00,2.393,2.397,2.393,2.397,6981.0,16728.3915
2026-09-15 11:08:00,2.397,2.398,2.395,2.398,12874.3,30855.4642
2026-09-15 11:09:00,2.399,2.405,2.398,2.404,15594.8,37476.1731
2026-09-15 11:10:00,2.404,2.404,2.402,2.403,1992.6,4788.2254
2026-09-15 11:11:00,2.402,2.404,2.402,2.404,942.0,2262.8124
2026-09-15 11:12:00,2.403,2.403,2.399,2.399,13432.3,32253.8192
2026-09-15 11:13:00,2.399,2.399,2.398,2.398,1294.7,3105.439
2026-09-15 11:14:00,2.397,2.397,2.394,2.396,5369.1,12864.2693
2026-09-15 11:15:00,2.395,2.396,2.393,2.393,831.0,1989.6081
2026-09-15 11:16:00,2.393,2.395,2.393,2.394,5708.7,13664.9096
2026-09-15 11:17:00,2.393,2.395,2.393,2.395,1305.3,3125.2987
2026-09-15 11:18:00,2.396,2.396,2.392,2.394,13703.5,32802.5989
2026-09-15 11:19:00,2.395,2.4,2.395,2.396,4529.6,10861.6049
2026-09-15 11:20:00,2.395,2.396,2.394,2.396,3503.1,8392.0034
2026-09-15 11:21:00,2.396,2.396,2.393,2.394,967.1,2315.6225
2026-09-15 11:22:00,2.393,2.393,2.391,2.391,3132.9,7494.466
2026-09-15 11:23:00,2.391,2.391,2.387,2.387,7107.6,16975.3309
2026-09-15 11:24:00,2.386,2.387,2.38,2.382,13758.7,32777.6397
2026-09-15 11:25:00,2.381,2.381,2.371,2.374,24050.6,57126.3312
2026-09-15 11:26:00,2.373,2.375,2.372,2.374,8514.3,20214.2532
2026-09-15 11:27:00,2.374,2.374,2.372,2.372,3700.4,8783.0785
2026-09-15 11:28:00,2.372,2.372,2.37,2.37,8133.6,19284.3501
2026-09-15 11:29:00,2.37,2.371,2.37,2.37,1685.6,3994.8786
2026-09-15 11:30:00,2.37,2.37,2.366,2.367,14020.0,33189.373
2026-09-15 11:31:00,2.367,2.368,2.363,2.363,15951.3,37736.1532
2026-09-15 11:32:00,2.363,2.365,2.363,2.363,2486.7,5877.6641
2026-09-15 11:33:00,2.362,2.364,2.361,2.364,17617.4,41628.6477
2026-09-15 11:34:00,2.364,2.365,2.362,2.363,8057.0,19038.4674
2026-09-15 11:35:00,2.363,2.365,2.362,2.363,4552.0,10760.587
2026-09-15 11:36:00,2.363,2.363,2.362,2.362,5547.1,13104.9187
2026-09-15 11:37:00,2.362,2.363,2.361,2.361,1410.9,3332.2623
2026-09-15 11:38:00,2.362,2.363,2.361,2.363,4682.5,11062.2377
2026-09-15 11:39:00,2.364,2.368,2.364,2.365,23002.1,54443.887
2026-09-15 11:40:00,2.364,2.365,2.362,2.363,19857.7,46928.5505
2026-09-15 11:41:00,2.363,2.365,2.362,2.364,7945.4,18785.0654
2026-09-15 11:42:00,2.363,2.365,2.362,2.365,13362.5,31579.3372
2026-09-15 11:43:00,2.365,2.37,2.365,2.369,9412.7,22286.0065
2026-09-15 11:44:00,2.368,2.369,2.366,2.368,6423.1,15208.1337
2026-09-15 11:45:00,2.367,2.367,2.366,2.367,217.4,514.454
2026-09-15 11:46:00,2.367,2.368,2.366,2.367,945.5,2237.9306
2026-09-15 11:47:00,2.366,2.368,2.365,2.368,9470.6,22413.0501
2026-09-15 11:48:00,2.368,2.369,2.367,2.369,10603.2,25109.121
2026-09-15 11:49:00,2.369,2.37,2.369,2.369,2979.8,7059.2099
2026-09-15 11:50:00,2.369,2.372,2.369,2.371,6047.6,14331.1384
2026-09-15 11:51:00,2.371,2.377,2.371,2.376,9291.9,22074.7584
2026-09-15 11:52:00,2.376,2.376,2.372,2.373,3916.8,9297.1128
2026-09-15 11:53:00,2.373,2.373,2.371,2.371,1971.8,4678.0275
2026-09-15 11:54:00,2.371,2.372,2.37,2.37,9270.4,21979.9612
2026-09-15 11:55:00,2.371,2.371,2.37,2.371,2468.7,5853.1849
2026-09-15 11:56:00,2.372,2.372,2.37,2.37,958.1,2272.1848
2026-09-15 11:57:00,2.37,2.373,2.37,2.372,1721.5,4082.5472
2026-09-15 11:58:00,2.373,2.374,2.372,2.373,1842.8,4373.2131
2026-09-15 11:59:00,2.373,2.373,2.371,2.372,5413.6,12840.4536
2026-09-15 12:00:00,2.371,2.374,2.37,2.374,4436.4,10523.4585
2026-09-15 12:01:00,2.375,2.375,2.37,2.37,21697.0,51521.047
2026-09-15 12:02:00,2.37,2.37,2.369,2.37,1347.3,3193.0072
2026-09-15 12:03:00,2.369,2.372,2.369,2.372,938.6,2224.6049
2026-09-15 12:04:00,2.371,2.375,2.371,2.374,4423.0,10494.9044
2026-09-15 12:05:00,2.374,2.374,2.37,2.37,11662.3,27649.7973
2026-09-15 12:06:00,2.37,2.371,2.369,2.369,1979.0,4688.796
2026-09-15 12:07:00,2.368,2.368,2.367,2.368,1383.8,3276.8343
2026-09-15 12:08:00,2.367,2.369,2.367,2.369,2762.0,6540.121
2026-09-15 12:09:00,2.368,2.368,2.366,2.366,1152.3,2727.2415
2026-09-15 12:10:00,2.366,2.373,2.365,2.373,23058.3,54635.0722
2026-09-15 12:11:00,2.372,2.373,2.368,2.369,10509.3,24921.1407
2026-09-15 12:12:00,2.37,2.37,2.368,2.369,3145.2,7449.6837
2026-09-15 12:13:00,2.369,2.372,2.369,2.37,10523.7,24937.4661
2026-09-15 12:14:00,2.37,2.373,2.37,2.371,6562.3,15563.8142
2026-09-15 12:15:00,2.372,2.372,2.367,2.367,12289.2,29120.8167
2026-09-15 12:16:00,2.368,2.372,2.368,2.372,3663.5,8680.937
2026-09-15 12:17:00,2.372,2.373,2.37,2.372,12372.8,29341.0439
2026-09-15 12:18:00,2.373,2.375,2.372,2.372,10672.2,25338.3556
2026-09-15 12:19:00,2.371,2.383,2.37,2.383,38316.3,91032.633
2026-09-15 12:20:00,2.382,2.383,2.379,2.38,13276.3,31606.4748
2026-09-15 12:21:00,2.38,2.387,2.38,2.381,18211.8,43404.8285
2026-09-15 12:22:00,2.381,2.383,2.381,2.383,2685.1,6396.1616
2026-09-15 12:23:00,2.382,2.385,2.382,2.383,4430.4,10557.3804
2026-09-15 12:24:00,2.383,2.383,2.378,2.378,13081.5,31142.0435
2026-09-15 12:25:00,2.378,2.381,2.376,2.381,3417.0,8124.2306
2026-09-15 12:26:00,2.38,2.38,2.377,2.379,21778.5,51772.5678
2026-09-15 12:27:00,2.379,2.38,2.375,2.375,14415.8,34264.8487
2026-09-15 12:28:00,2.376,2.378,2.375,2.376,3159.1,7506.9693
2026-09-15 12:29:00,2.376,2.378,2.374,2.378,10763.4,25575.3697
2026-09-15 12:30:00,2.379,2.379,2.376,2.376,1357.5,3227.2206
2026-09-15 12:31:00,2.377,2.378,2.374,2.374,4679.2,11120.9113
2026-09-15 12:32:00,2.374,2.374,2.371,2.373,1869.6,4436.34
2026-09-15 12:33:00,2.373,2.376,2.371,2.375,11805.7,28028.6142
2026-09-15 12:34:00,2.374,2.378,2.374,2.377,1932.8,4593.0965
2026-09-15 12:35:00,2.377,2.377,2.374,2.377,9421.5,22378.0926
2026-09-15 12:36:00,2.377,2.38,2.374,2.377,16186.6,38487.202
2026-09-15 12:37:00,2.376,2.377,2.375,2.376,1490.0,3540.2962
2026-09-15 12:38:00,2.376,2.376,2.375,2.376,909.3,2159.9175
2026-09-15 12:39:00,2.375,2.377,2.375,2.377,1839.9,4371.9782
2026-09-15 12:40:00,2.376,2.376,2.374,2.375,3516.5,8350.4687
2026-09-15 12:41:00,2.375,2.375,2.371,2.371,6150.7,14591.9184
2026-09-15 12:42:00,2.37,2.371,2.369,2.371,6879.1,16305.1711
2026-09-15 12:43:00,2.371,2.374,2.371,2.374,4885.2,11590.3844
2026-09-15 12:44:00,2.374,2.38,2.374,2.379,7072.9,16822.2615
2026-09-15 12:45:00,2.38,2.38,2.373,2.373,7541.0,17916.7115
2026-09-15 12:46:00,2.373,2.374,2.372,2.374,3439.0,8161.5182
2026-09-15 12:47:00,2.374,2.374,2.373,2.373,1694.8,4022.5566
2026-09-15 12:48:00,2.374,2.383,2.374,2.382,10738.3,25527.0415
2026-09-15 12:49:00,2.383,2.386,2.382,2.384,8309.3,19819.3615
2026-09-15 12:50:00,2.384,2.388,2.384,2.386,3399.8,8115.7549
2026-09-15 12:51:00,2.386,2.392,2.386,2.391,5035.0,12027.329
2026-09-15 12:52:00,2.391,2.392,2.388,2.388,23047.4,55055.8004
2026-09-15 12:53:00,2.388,2.388,2.386,2.388,4898.2,11690.3517
2026-09-15 12:54:00,2.388,2.397,2.388,2.396,26400.1,63158.1817
2026-09-15 12:55:00,2.397,2.397,2.39,2.391,68363.8,163669.1077
2026-09-15 12:56:00,2.39,2.393,2.389,2.39,9125.0,21814.1168
2026-09-15 12:57:00,2.389,2.389,2.385,2.385,5683.0,13559.9581
2026-09-15 12:58:00,2.385,2.385,2.381,2.382,5774.1,13752.8031
2026-09-15 12:59:00,2.382,2.385,2.382,2.385,3195.1,7616.9254
2026-09-15 13:00:00,2.384,2.393,2.384,2.392,13945.5,33310.7414
2026-09-15 13:01:00,2.392,2.392,2.391,2.392,3298.2,7888.1373
2026-09-15 13:02:00,2.392,2.394,2.392,2.393,1198.3,2866.9418
2026-09-15 13:03:00,2.393,2.395,2.392,2.393,7250.4,17355.4736
2026-09-15 13:04:00,2.394,2.4,2.394,2.399,12940.2,31029.4575
2026-09-15 13:05:00,2.399,2.403,2.399,2.403,7648.8,18368.9895
2026-09-15 13:06:00,2.404,2.405,2.396,2.4,42777.7,102706.5037
2026-09-15 13:07:00,2.401,2.407,2.398,2.401,9628.8,23122.1271
2026-09-15 13:08:00,2.401,2.405,2.4,2.404,9576.0,23007.4561
2026-09-15 13:09:00,2.403,2.407,2.403,2.405,4156.5,9997.2666
2026-09-15 13:10:00,2.405,2.405,2.402,2.403,4573.5,10990.7399
2026-09-15 13:11:00,2.403,2.403,2.401,2.402,5339.6,12823.4182
2026-09-15 13:12:00,2.402,2.404,2.4,2.401,17468.5,41951.1025
2026-09-15 13:13:00,2.4,2.401,2.399,2.399,4530.1,10870.3216
2026-09-15 13:14:00,2.399,2.399,2.395,2.398,9428.0,22592.5761
2026-09-15 13:15:00,2.399,2.404,2.397,2.397,5261.2,12631.3726
2026-09-15 13:16:00,2.398,2.4,2.398,2.4,488.8,1172.6113
2026-09-15 13:17:00,2.4,2.401,2.4,2.401,643.6,1544.8068
2026-09-15 13:18:00,2.401,2.401,2.399,2.399,259.6,623.0816
2026-09-15 13:19:00,2.399,2.4,2.399,2.399,1227.9,2946.0069
2026-09-15 13:20:00,2.4,2.4,2.399,2.399,1017.5,2441.4192
2026-09-15 13:21:00,2.399,2.402,2.399,2.4,3829.5,9194.7342
2026-09-15 13:22:00,2.401,2.401,2.398,2.398,238.8,572.8611
2026-09-15 13:23:00,2.398,2.398,2.395,2.395,4612.9,11056.0566
2026-09-15 13:24:00,2.396,2.399,2.396,2.398,847.1,2030.5958
2026-09-15 13:25:00,2.397,2.401,2.396,2.4,3882.7,9310.9513
2026-09-15 13:26:00,2.401,2.401,2.397,2.398,3675.9,8816.4268
2026-09-15 13:27:00,2.398,2.398,2.396,2.398,341.6,818.8526
2026-09-15 13:28:00,2.398,2.398,2.396,2.396,1787.2,4285.1973
2026-09-15 13:29:00,2.395,2.396,2.394,2.394,3353.4,8032.4153
2026-09-15 13:30:00,2.394,2.394,2.386,2.39,15811.9,37787.6261
2026-09-15 13:31:00,2.391,2.394,2.384,2.389,16835.9,40204.433
2026-09-15 13:32:00,2.39,2.398,2.39,2.396,14426.1,34537.5955
2026-09-15 13:33:00,2.396,2.398,2.39,2.395,5305.9,12703.6458
2026-09-15 13:34:00,2.394,2.394,2.391,2.394,12491.6,29887.1018
2026-09-15 13:35:00,2.395,2.395,2.386,2.39,19504.9,46590.744
2026-09-15 13:36:00,2.389,2.39,2.385,2.385,6621.5,15811.5281
2026-09-15 13:37:00,2.385,2.385,2.38,2.381,17252.2,41090.3627
2026-09-15 13:38:00,2.382,2.382,2.376,2.378,17440.9,41485.1305
2026-09-15 13:39:00,2.378,2.378,2.36,2.371,103649.8,245328.7566
2026-09-15 13:40:00,2.371,2.385,2.368,2.381,25905.6,61595.5415
2026-09-15 13:41:00,2.381,2.383,2.378,2.382,14672.6,34937.9623
2026-09-15 13:42:00,2.381,2.381,2.374,2.375,11165.7,26559.0052
2026-09-15 13:43:00,2.375,2.378,2.373,2.376,13557.7,32211.7196
2026-09-15 13:44:00,2.376,2.38,2.375,2.379,7389.3,17567.7444
2026-09-15 13:45:00,2.38,2.386,2.379,2.38,9151.1,21807.7302
2026-09-15 13:46:00,2.38,2.385,2.38,2.381,10381.6,24723.2722
2026-09-15 13:47:00,2.382,2.385,2.38,2.384,11037.8,26298.1435
2026-09-15 13:48:00,2.383,2.389,2.383,2.389,5382.5,12840.4083
2026-09-15 13:49:00,2.389,2.394,2.388,2.391,36723.2,87808.5889
2026-09-15 13:50:00,2.391,2.392,2.385,2.385,15020.8,35893.3437
2026-09-15 13:51:00,2.385,2.389,2.382,2.385,15266.0,36427.9715
2026-09-15 13:52:00,2.385,2.385,2.373,2.377,35024.2,83258.1207
2026-09-15 13:53:00,2.376,2.376,2.366,2.367,30983.2,73428.8841
2026-09-15 13:54:00,2.368,2.371,2.362,2.371,22672.7,53632.6818
2026-09-15 13:55:00,2.372,2.378,2.372,2.376,9334.6,22170.0402
2026-09-15 13:56:00,2.377,2.38,2.376,2.38,3643.9,8664.9906
2026-09-15 13:57:00,2.38,2.386,2.38,2.384,9138.8,21783.564
2026-09-15 13:58:00,2.384,2.385,2.381,2.381,4142.9,9874.502
2026-09-15 13:59:00,2.381,2.387,2.38,2.387,3762.7,8971.1456
2026-09-15 14:00:00,2.387,2.394,2.384,2.39,17669.9,42239.5344
2026-09-15 14:01:00,2.39,2.39,2.383,2.384,7357.2,17549.8748
2026-09-15 14:02:00,2.383,2.384,2.377,2.377,5727.8,13645.4963
2026-09-15 14:03:00,2.377,2.387,2.377,2.383,4476.2,10669.7795
2026-09-15 14:04:00,2.383,2.388,2.376,2.377,17259.8,41134.4754
2026-09-15 14:05:00,2.377,2.377,2.372,2.374,4029.6,9565.2626
2026-09-15 14:06:00,2.374,2.378,2.374,2.374,4813.3,11436.4491
2026-09-15 14:07:00,2.373,2.373,2.369,2.37,8396.5,19908.9534
2026-09-15 14:08:00,2.37,2.372,2.367,2.372,14837.5,35150.5963
2026-09-15 14:09:00,2.372,2.376,2.372,2.376,4644.3,11030.2072
2026-09-15 14:10:00,2.376,2.379,2.375,2.375,5217.6,12400.2409
2026-09-15 14:11:00,2.375,2.375,2.37,2.371,4175.4,9913.4615
2026-09-15 14:12:00,2.371,2.373,2.371,2.371,5715.0,13557.4151
2026-09-15 14:13:00,2.371,2.371,2.365,2.368,11170.0,26450.6239
2026-09-15 14:14:00,2.368,2.368,2.364,2.364,2821.0,6674.3636
2026-09-15 14:15:00,2.365,2.368,2.364,2.368,6439.8,15234.0694
2026-09-15 14:16:00,2.369,2.37,2.36,2.365,19634.0,46398.3243
2026-09-15 14:17:00,2.364,2.367,2.362,2.365,26210.4,61962.3224
2026-09-15 14:18:00,2.364,2.364,2.355,2.359,33315.9,78558.138
2026-09-15 14:19:00,2.359,2.363,2.358,2.361,8136.2,19202.7041
2026-09-15 14:20:00,2.362,2.362,2.358,2.359,14595.8,34436.9539
2026-09-15 14:21:00,2.358,2.359,2.356,2.359,2688.4,6337.3337
2026-09-15 14:22:00,2.358,2.359,2.353,2.354,17423.4,41033.4511
2026-09-15 14:23:00,2.353,2.355,2.348,2.353,34403.9,80875.2106
2026-09-15 14:24:00,2.352,2.357,2.352,2.357,12760.2,30045.0056
2026-09-15 14:25:00,2.357,2.359,2.349,2.35,104641.1,246073.868
2026-09-15 14:26:00,2.35,2.351,2.348,2.348,5499.9,12921.0472
2026-09-15 14:27:00,2.348,2.352,2.348,2.352,3230.6,7594.2609
2026-09-15 14:28:00,2.352,2.352,2.35,2.35,4105.3,9651.0354
2026-09-15 14:29:00,2.35,2.35,2.347,2.348,8126.0,19083.6422
2026-09-15 14:30:00,2.348,2.35,2.345,2.346,8699.8,20414.71
2026-09-15 14:31:00,2.346,2.347,2.342,2.347,30975.5,72623.9916
2026-09-15 14:32:00,2.346,2.346,2.344,2.346,5208.7,12217.7722
2026-09-15 14:33:00,2.346,2.348,2.344,2.346,12356.6,28991.1442
2026-09-15 14:34:00,2.346,2.347,2.343,2.346,4723.8,11078.6502
2026-09-15 14:35:00,2.347,2.353,2.342,2.352,29933.9,70221.7399
2026-09-15 14:36:00,2.352,2.353,2.348,2.352,5313.1,12489.6282
2026-09-15 14:37:00,2.352,2.354,2.35,2.354,15340.0,36073.888
2026-09-15 14:38:00,2.353,2.354,2.346,2.346,24011.8,56406.8015
2026-09-15 14:39:00,2.346,2.347,2.341,2.341,22701.3,53201.5273
2026-09-15 14:40:00,2.342,2.343,2.33,2.337,68628.6,160353.4265
2026-09-15 14:41:00,2.338,2.338,2.334,2.334,23154.5,54082.3528
2026-09-15 14:42:00,2.335,2.337,2.334,2.336,31249.5,72991.9999
2026-09-15 14:43:00,2.336,2.337,2.329,2.337,66954.1,156181.0709
2026-09-15 14:44:00,2.338,2.346,2.337,2.344,22808.9,53383.903
2026-09-15 14:45:00,2.344,2.346,2.342,2.342,11295.1,26464.5565
2026-09-15 14:46:00,2.342,2.342,2.337,2.337,14868.0,34793.4805
2026-09-15 14:47:00,2.336,2.34,2.336,2.339,9142.0,21378.8524
2026-09-15 14:48:00,2.339,2.343,2.338,2.341,16213.3,37954.5622
2026-09-15 14:49:00,2.34,2.341,2.336,2.338,19752.3,46200.7111
2026-09-15 14:50:00,2.339,2.339,2.334,2.335,8815.0,20600.7855
2026-09-15 14:51:00,2.335,2.336,2.328,2.329,56754.0,132268.76
2026-09-15 14:52:00,2.329,2.338,2.329,2.338,16399.4,38260.1368
2026-09-15 14:53:00,2.338,2.348,2.337,2.342,45533.5,106652.4832
2026-09-15 14:54:00,2.342,2.35,2.342,2.349,42115.5,98849.0595
2026-09-15 14:55:00,2.349,2.354,2.343,2.346,16966.6,39848.8123
2026-09-15 14:56:00,2.345,2.346,2.34,2.342,21429.8,50183.3969
2026-09-15 14:57:00,2.343,2.353,2.343,2.353,6952.9,16318.6236
2026-09-15 14:58:00,2.353,2.354,2.349,2.35,16153.0,37973.5357
2026-09-15 14:59:00,2.35,2.35,2.341,2.348,51634.8,121042.1942
2026-09-15 15:00:00,2.348,2.358,2.346,2.346,19913.3,46823.0064
2026-09-15 15:01:00,2.346,2.361,2.345,2.36,24238.4,56985.1259
2026-09-15 15:02:00,2.36,2.363,2.358,2.361,24763.9,58452.0109
2026-09-15 15:03:00,2.361,2.372,2.361,2.371,22715.2,53762.6502
2026-09-15 15:04:00,2.37,2.372,2.366,2.369,22203.1,52590.529
2026-09-15 15:05:00,2.369,2.372,2.364,2.365,22789.8,53978.4451
2026-09-15 15:06:00,2.366,2.375,2.366,2.374,11502.1,27286.0534
2026-09-15 15:07:00,2.374,2.374,2.366,2.367,28549.0,67657.3031
2026-09-15 15:08:00,2.367,2.367,2.36,2.362,11652.0,27530.5243
2026-09-15 15:09:00,2.363,2.363,2.357,2.358,8031.3,18946.7241
2026-09-15 15:10:00,2.357,2.358,2.354,2.354,7575.0,17847.6361
2026-09-15 15:11:00,2.355,2.357,2.355,2.356,1532.4,3610.581
2026-09-15 15:12:00,2.356,2.357,2.355,2.357,6707.6,15797.9239
2026-09-15 15:13:00,2.357,2.358,2.356,2.358,2746.4,6472.6502
2026-09-15 15:14:00,2.358,2.359,2.356,2.359,6816.3,16067.2748
2026-09-15 15:15:00,2.358,2.361,2.358,2.36,11260.2,26564.5305
2026-09-15 15:16:00,2.359,2.364,2.359,2.361,9055.2,21376.1588
2026-09-15 15:17:00,2.362,2.363,2.362,2.363,1189.5,2810.2828
2026-09-15 15:18:00,2.362,2.362,2.358,2.362,7523.4,17761.5762
2026-09-15 15:19:00,2.361,2.363,2.36,2.361,62288.0,147120.5168
2026-09-15 15:20:00,2.36,2.361,2.357,2.358,6142.2,14489.0807
2026-09-15 15:21:00,2.358,2.363,2.358,2.361,5788.4,13666.0662
2026-09-15 15:22:00,2.361,2.366,2.361,2.361,14584.8,34472.7339
2026-09-15 15:23:00,2.362,2.363,2.362,2.363,3242.4,7660.816
2026-09-15 15:24:00,2.364,2.371,2.364,2.371,8783.0,20804.1727
2026-09-15 15:25:00,2.371,2.384,2.371,2.382,32287.4,76819.5531
2026-09-15 15:26:00,2.382,2.382,2.375,2.376,17846.9,42442.6591
2026-09-15 15:27:00,2.375,2.378,2.374,2.375,12337.5,29309.5388
2026-09-15 15:28:00,2.375,2.376,2.373,2.373,2977.6,7070.4726
2026-09-15 15:29:00,2.373,2.377,2.371,2.371,6764.8,16063.6009
2026-09-15 15:30:00,2.372,2.372,2.37,2.371,4069.7,9647.2412
2026-09-15 15:31:00,2.372,2.374,2.37,2.371,15711.4,37271.0161
2026-09-15 15:32:00,2.372,2.373,2.37,2.372,4352.2,10323.2924
2026-09-15 15:33:00,2.372,2.379,2.372,2.378,2312.4,5496.6056
2026-09-15 15:34:00,2.377,2.377,2.374,2.375,1342.7,3187.907
2026-09-15 15:35:00,2.375,2.375,2.371,2.371,1650.0,3914.7262
2026-09-15 15:36:00,2.372,2.375,2.371,2.374,2696.9,6403.3868
2026-09-15 15:37:00,2.373,2.373,2.367,2.367,16823.4,39859.0112
2026-09-15 15:38:00,2.368,2.372,2.368,2.372,12639.4,29963.9772
2026-09-15 15:39:00,2.372,2.372,2.371,2.371,1614.7,3829.6625
2026-09-15 15:40:00,2.371,2.371,2.369,2.369,3531.5,8368.8766
2026-09-15 15:41:00,2.368,2.368,2.363,2.363,8813.4,20851.2791
2026-09-15 15:42:00,2.362,2.364,2.36,2.363,25534.6,60296.9975
2026-09-15 15:43:00,2.362,2.365,2.362,2.364,3217.8,7606.3687
2026-09-15 15:44:00,2.363,2.364,2.36,2.36,4294.2,10138.4231
2026-09-15 15:45:00,2.361,2.364,2.361,2.362,9529.9,22511.1841
2026-09-15 15:46:00,2.362,2.363,2.362,2.363,1659.0,3918.9651
2026-09-15 15:47:00,2.364,2.367,2.363,2.364,7381.7,17463.224
2026-09-15 15:48:00,2.364,2.364,2.363,2.364,6020.5,14232.455
2026-09-15 15:49:00,2.365,2.366,2.361,2.366,28812.8,68072.3904
2026-09-15 15:50:00,2.366,2.373,2.365,2.373,19169.0,45402.3393
2026-09-15 15:51:00,2.372,2.372,2.364,2.365,13895.5,32871.3524
2026-09-15 15:52:00,2.366,2.37,2.364,2.364,13786.4,32609.3947
2026-09-15 15:53:00,2.365,2.369,2.365,2.369,7661.7,18132.803
2026-09-15 15:54:00,2.368,2.368,2.362,2.362,5585.2,13204.8872
2026-09-15 15:55:00,2.363,2.37,2.363,2.37,21451.6,50748.9149
2026-09-15 15:56:00,2.371,2.371,2.363,2.363,12447.8,29445.5991
2026-09-15 15:57:00,2.364,2.37,2.364,2.369,16401.9,38840.7364
2026-09-15 15:58:00,2.369,2.371,2.367,2.367,2467.7,5846.5114
2026-09-15 15:59:00,2.367,2.369,2.367,2.369,761.8,1803.3086
2026-09-15 16:00:00,2.369,2.375,2.368,2.37,24000.0,56925.3104
2026-09-15 16:01:00,2.371,2.382,2.371,2.381,26115.7,62098.3133
2026-09-15 16:02:00,2.381,2.381,2.377,2.377,15407.2,36658.6828
2026-09-15 16:03:00,2.376,2.376,2.371,2.371,3382.2,8027.6099
2026-09-15 16:04:00,2.372,2.373,2.368,2.368,3313.0,7855.0503
2026-09-15 16:05:00,2.368,2.37,2.367,2.368,4084.7,9677.3876
2026-09-15 16:06:00,2.368,2.371,2.368,2.37,4732.2,11211.2431
2026-09-15 16:07:00,2.37,2.371,2.367,2.367,5777.7,13685.2169
2026-09-15 16:08:00,2.366,2.366,2.362,2.362,2677.5,6329.1159
2026-09-15 16:09:00,2.363,2.366,2.362,2.363,3180.6,7516.8618
2026-09-15 16:10:00,2.364,2.367,2.364,2.365,4924.9,11651.6419
2026-09-15 16:11:00,2.364,2.365,2.363,2.364,1607.9,3800.4633
2026-09-15 16:12:00,2.363,2.363,2.361,2.361,8082.8,19088.7899
2026-09-15 16:13:00,2.361,2.363,2.361,2.363,7697.0,18178.6915
2026-09-15 16:14:00,2.362,2.362,2.358,2.359,7533.6,17781.8715
2026-09-15 16:15:00,2.359,2.361,2.358,2.359,1457.0,3439.1628
2026-09-15 16:16:00,2.36,2.363,2.36,2.361,2913.6,6881.3684
2026-09-15 16:17:00,2.36,2.361,2.358,2.361,1246.2,2940.5889
2026-09-15 16:18:00,2.361,2.37,2.361,2.37,19695.3,46559.1337
2026-09-15 16:19:00,2.37,2.371,2.367,2.369,9907.1,23471.978
2026-09-15 16:20:00,2.369,2.372,2.368,2.372,8940.9,21195.4997
2026-09-15 16:21:00,2.373,2.377,2.373,2.376,4589.1,10901.5671
2026-09-15 16:22:00,2.377,2.383,2.377,2.382,15076.1,35893.0973
2026-09-15 16:23:00,2.383,2.383,2.38,2.38,11178.6,26625.7045
2026-09-15 16:24:00,2.38,2.383,2.378,2.38,5430.1,12924.3965
2026-09-15 16:25:00,2.38,2.382,2.378,2.378,6505.5,15481.6072
2026-09-15 16:26:00,2.379,2.382,2.379,2.382,17788.7,42348.0069
2026-09-15 16:27:00,2.381,2.383,2.379,2.379,6669.7,15877.5031
2026-09-15 16:28:00,2.378,2.381,2.378,2.381,3922.4,9333.7737
2026-09-15 16:29:00,2.381,2.383,2.38,2.383,4582.4,10911.3237
2026-09-15 16:30:00,2.383,2.384,2.379,2.379,21577.3,51384.4202
2026-09-15 16:31:00,2.38,2.381,2.378,2.378,3293.3,7838.3289
2026-09-15 16:32:00,2.379,2.38,2.379,2.38,2330.3,5545.801
2026-09-15 16:33:00,2.379,2.38,2.378,2.38,2139.7,5090.3252
2026-09-15 16:34:00,2.379,2.38,2.374,2.379,31303.4,74431.7247
2026-09-15 16:35:00,2.378,2.388,2.377,2.382,62082.7,148049.1323
2026-09-15 16:36:00,2.382,2.382,2.378,2.378,4463.2,10623.2259
2026-09-15 16:37:00,2.378,2.382,2.377,2.381,10951.2,26059.9809
2026-09-15 16:38:00,2.382,2.382,2.374,2.374,5973.2,14205.7673
2026-09-15 16:39:00,2.374,2.374,2.371,2.372,2220.3,5268.3049
2026-09-15 16:40:00,2.372,2.373,2.37,2.37,3639.8,8631.0076
2026-09-15 16:41:00,2.369,2.369,2.367,2.367,4227.2,10011.9907
2026-09-15 16:42:00,2.367,2.369,2.367,2.369,2035.6,4820.0935
2026-09-15 16:43:00,2.368,2.371,2.367,2.367,7281.9,17249.972
2026-09-15 16:44:00,2.367,2.368,2.367,2.368,2200.5,5209.5371
2026-09-15 16:45:00,2.368,2.369,2.367,2.368,4573.5,10831.1662
2026-09-15 16:46:00,2.368,2.372,2.368,2.37,21389.1,50703.5451
2026-09-15 16:47:00,2.371,2.375,2.37,2.371,10478.1,24862.9351
2026-09-15 16:48:00,2.37,2.37,2.368,2.37,6194.6,14676.2324
2026-09-15 16:49:00,2.371,2.374,2.371,2.374,6447.5,15300.4068
2026-09-15 16:50:00,2.374,2.379,2.374,2.379,2502.6,5947.0265
2026-09-15 16:51:00,2.38,2.383,2.38,2.383,3940.7,9382.9948
2026-09-15 16:52:00,2.382,2.384,2.381,2.384,2928.4,6977.9558
2026-09-15 16:53:00,2.384,2.386,2.38,2.38,3846.2,9163.6219
2026-09-15 16:54:00,2.379,2.383,2.378,2.382,16741.7,39844.8705
2026-09-15 16:55:00,2.382,2.382,2.38,2.38,1588.0,3781.3627
2026-09-15 16:56:00,2.381,2.381,2.379,2.379,844.1,2009.007
2026-09-15 16:57:00,2.378,2.379,2.375,2.379,2565.5,6097.6252
2026-09-15 16:58:00,2.378,2.378,2.373,2.378,6208.4,14756.2076
2026-09-15 16:59:00,2.378,2.378,2.373,2.375,12293.1,29190.1683
2026-09-15 17:00:00,2.374,2.375,2.372,2.373,2996.5,7111.884
2026-09-15 17:01:00,2.374,2.38,2.374,2.38,3809.1,9059.3328
2026-09-15 17:02:00,2.381,2.381,2.373,2.373,4289.0,10190.2046
2026-09-15 17:03:00,2.373,2.375,2.371,2.375,5587.1,13256.0099
2026-09-15 17:04:00,2.375,2.375,2.372,2.372,2960.5,7028.6579
2026-09-15 17:05:00,2.372,2.375,2.369,2.372,15506.0,36790.1151
2026-09-15 17:06:00,2.372,2.372,2.371,2.371,1413.7,3352.734
2026-09-15 17:07:00,2.372,2.372,2.365,2.366,4502.5,10663.6159
2026-09-15 17:08:00,2.365,2.366,2.363,2.363,5110.2,12080.2727
2026-09-15 17:09:00,2.363,2.364,2.359,2.363,16044.7,37888.5585
2026-09-15 17:10:00,2.364,2.371,2.364,2.371,4717.9,11163.632
2026-09-15 17:11:00,2.371,2.371,2.367,2.368,5611.5,13300.5251
2026-09-15 17:12:00,2.368,2.368,2.367,2.368,4222.8,9999.448
2026-09-15 17:13:00,2.367,2.369,2.367,2.369,1189.2,2816.5614
2026-09-15 17:14:00,2.369,2.369,2.367,2.368,1530.6,3625.8158
2026-09-15 17:15:00,2.368,2.368,2.365,2.365,2119.3,5014.0519
2026-09-15 17:16:00,2.365,2.367,2.365,2.367,177.9,421.0169
2026-09-15 17:17:00,2.367,2.368,2.366,2.368,3493.8,8270.2733
2026-09-15 17:18:00,2.367,2.368,2.365,2.368,1676.4,3966.7025
2026-09-15 17:19:00,2.367,2.368,2.366,2.366,3420.4,8096.6219
2026-09-15 17:20:00,2.368,2.371,2.368,2.37,6713.7,15900.2089
2026-09-15 17:21:00,2.371,2.372,2.371,2.372,1151.2,2730.0188
2026-09-15 17:22:00,2.372,2.372,2.372,2.372,1487.0,3527.164
2026-09-15 17:23:00,2.372,2.376,2.371,2.376,5543.8,13162.3227
2026-09-15 17:24:00,2.376,2.378,2.372,2.372,24129.3,57322.9321
2026-09-15 17:25:00,2.372,2.372,2.37,2.372,3429.2,8133.289
2026-09-15 17:26:00,2.372,2.376,2.372,2.376,2618.9,6219.2921
2026-09-15 17:27:00,2.376,2.379,2.376,2.377,4717.7,11217.1749
2026-09-15 17:28:00,2.376,2.378,2.375,2.375,6569.2,15610.8383
2026-09-15 17:29:00,2.375,2.377,2.375,2.375,8097.6,19238.9737
2026-09-15 17:30:00,2.376,2.38,2.376,2.379,4628.9,11006.8896
2026-09-15 17:31:00,2.38,2.386,2.379,2.386,16813.2,40051.6418
2026-09-15 17:32:00,2.387,2.392,2.385,2.389,25951.3,61985.3495
2026-09-15 17:33:00,2.389,2.397,2.388,2.397,12935.0,30952.9093
2026-09-15 17:34:00,2.397,2.406,2.396,2.403,112678.6,270867.8887
2026-09-15 17:35:00,2.403,2.412,2.403,2.411,50701.5,122088.3009
2026-09-15 17:36:00,2.412,2.42,2.406,2.407,37773.3,91200.2633
2026-09-15 17:37:00,2.407,2.415,2.407,2.415,14058.5,33887.7912
2026-09-15 17:38:00,2.416,2.419,2.413,2.415,34540.5,83474.317
2026-09-15 17:39:00,2.415,2.417,2.412,2.414,18859.9,45541.363
2026-09-15 17:40:00,2.413,2.416,2.413,2.415,5865.8,14159.857
2026-09-15 17:41:00,2.414,2.416,2.412,2.413,9857.6,23803.196
2026-09-15 17:42:00,2.413,2.413,2.402,2.402,11448.1,27558.8199
2026-09-15 17:43:00,2.401,2.402,2.398,2.399,19668.4,47206.2691
2026-09-15 17:44:00,2.4,2.402,2.396,2.398,9398.5,22539.4166
2026-09-15 17:45:00,2.398,2.405,2.398,2.404,6859.6,16482.1074
2026-09-15 17:46:00,2.405,2.409,2.403,2.409,8786.4,21139.6163
2026-09-15 17:47:00,2.408,2.415,2.407,2.415,10375.2,25011.4218
2026-09-15 17:48:00,2.415,2.421,2.414,2.417,23604.4,57060.019
2026-09-15 17:49:00,2.417,2.418,2.416,2.418,10182.0,24609.9771
2026-09-15 17:50:00,2.418,2.419,2.417,2.419,7541.0,18236.7512
2026-09-15 17:51:00,2.418,2.421,2.417,2.42,6994.7,16921.8162
2026-09-15 17:52:00,2.42,2.422,2.419,2.421,9832.0,23799.741
2026-09-15 17:53:00,2.422,2.424,2.412,2.413,30688.7,74209.548
2026-09-15 17:54:00,2.414,2.417,2.413,2.417,4472.3,10802.7014
2026-09-15 17:55:00,2.417,2.417,2.408,2.409,9777.8,23598.9055
2026-09-15 17:56:00,2.409,2.41,2.407,2.408,3552.4,8553.7944
2026-09-15 17:57:00,2.409,2.409,2.407,2.409,1496.4,3604.5097
2026-09-15 17:58:00,2.409,2.409,2.406,2.408,2386.1,5746.6641
2026-09-15 17:59:00,2.408,2.408,2.405,2.406,2637.5,6347.8437
2026-09-15 18:00:00,2.406,2.41,2.399,2.401,22639.4,54389.2334
2026-09-15 18:01:00,2.402,2.409,2.401,2.409,14094.3,33874.9359
2026-09-15 18:02:00,2.408,2.411,2.405,2.411,5139.1,12374.9011
2026-09-15 18:03:00,2.411,2.415,2.41,2.412,10139.5,24468.4781
2026-09-15 18:04:00,2.411,2.413,2.406,2.407,7128.1,17174.3829
2026-09-15 18:05:00,2.408,2.408,2.404,2.408,9939.7,23913.7546
2026-09-15 18:06:00,2.409,2.416,2.409,2.415,8755.2,21126.5375
2026-09-15 18:07:00,2.415,2.415,2.404,2.405,24613.5,59312.8288
2026-09-15 18:08:00,2.404,2.407,2.402,2.406,8100.1,19477.2965
2026-09-15 18:09:00,2.406,2.407,2.402,2.405,1319.8,3172.4649
2026-09-15 18:10:00,2.406,2.406,2.4,2.402,3942.7,9476.7643
2026-09-15 18:11:00,2.402,2.403,2.4,2.4,5712.2,13717.1882
2026-09-15 18:12:00,2.4,2.403,2.4,2.401,2529.9,6076.0528
2026-09-15 18:13:00,2.402,2.403,2.399,2.403,15969.8,38344.0864
2026-09-15 18:14:00,2.403,2.404,2.399,2.402,19761.6,47457.4964
2026-09-15 18:15:00,2.402,2.405,2.4,2.4,2393.4,5749.5517
2026-09-15 18:16:00,2.399,2.4,2.388,2.388,18666.5,44677.6577
2026-09-15 18:17:00,2.389,2.389,2.382,2.384,20489.3,48879.9254
2026-09-15 18:18:00,2.384,2.391,2.382,2.388,9359.3,22327.9115
2026-09-15 18:19:00,2.388,2.394,2.388,2.39,12854.8,30745.95
2026-09-15 18:20:00,2.39,2.39,2.387,2.387,2099.4,5015.3487
2026-09-15 18:21:00,2.386,2.39,2.386,2.389,2601.3,6212.0311
2026-09-15 18:22:00,2.389,2.389,2.383,2.385,4564.6,10894.0111
2026-09-15 18:23:00,2.386,2.388,2.385,2.385,3500.7,8354.4309
2026-09-15 18:24:00,2.385,2.385,2.382,2.382,4189.9,9987.4415
2026-09-15 18:25:00,2.383,2.383,2.377,2.378,88828.5,211336.5563
2026-09-15 18:26:00,2.378,2.381,2.375,2.381,8026.8,19086.5018
2026-09-15 18:27:00,2.38,2.38,2.378,2.378,6633.2,15782.06
2026-09-15 18:28:00,2.379,2.384,2.378,2.384,12174.1,28986.2013
2026-09-15 18:29:00,2.385,2.409,2.385,2.395,136876.9,328456.643
2026-09-15 18:30:00,2.394,2.396,2.381,2.386,28800.3,68775.393
2026-09-15 18:31:00,2.385,2.385,2.382,2.385,11133.9,26536.2109
2026-09-15 18:32:00,2.385,2.386,2.383,2.384,3594.7,8572.7724
2026-09-15 18:33:00,2.384,2.384,2.363,2.365,46006.9,109196.9425
2026-09-15 18:34:00,2.366,2.381,2.366,2.378,24291.3,57658.9476
2026-09-15 18:35:00,2.379,2.383,2.377,2.377,8773.2,20872.6611
2026-09-15 18:36:00,2.376,2.376,2.362,2.363,53690.0,127000.2462
2026-09-15 18:37:00,2.363,2.363,2.336,2.353,235233.3,552221.4178
2026-09-15 18:38:00,2.353,2.36,2.347,2.353,77588.9,182587.0295
2026-09-15 18:39:00,2.353,2.36,2.352,2.357,17005.6,40070.6237
2026-09-15 18:40:00,2.357,2.358,2.342,2.347,48687.1,114299.0043
2026-09-15 18:41:00,2.347,2.349,2.332,2.343,69100.4,161693.3065
2026-09-15 18:42:00,2.344,2.345,2.327,2.335,84038.4,196224.554
2026-09-15 18:43:00,2.334,2.345,2.332,2.344,70649.3,165326.6473
2026-09-15 18:44:00,2.345,2.345,2.336,2.337,28310.1,66245.1668
2026-09-15 18:45:00,2.337,2.34,2.31,2.312,244808.7,567247.4948
2026-09-15 18:46:00,2.312,2.325,2.306,2.314,146159.4,338694.346
2026-09-15 18:47:00,2.314,2.32,2.309,2.313,61018.1,141189.0306
2026-09-15 18:48:00,2.313,2.316,2.304,2.306,55901.7,129054.3747
2026-09-15 18:49:00,2.305,2.306,2.298,2.303,123104.6,283312.9024
2026-09-15 18:50:00,2.302,2.308,2.299,2.307,82951.8,191092.9911
2026-09-15 18:51:00,2.308,2.318,2.303,2.318,74155.6,171476.9748
2026-09-15 18:52:00,2.318,2.337,2.318,2.332,124615.9,290182.4748
2026-09-15 18:53:00,2.333,2.343,2.333,2.342,45156.1,105608.971
2026-09-15 18:54:00,2.342,2.357,2.337,2.356,44671.4,104882.0834
2026-09-15 18:55:00,2.356,2.368,2.354,2.362,54993.2,129861.2115
2026-09-15 18:56:00,2.361,2.37,2.356,2.358,52147.7,123253.0268
2026-09-15 18:57:00,2.358,2.36,2.353,2.359,26201.1,61727.7558
2026-09-15 18:58:00,2.359,2.365,2.357,2.359,36828.7,86956.5941
2026-09-15 18:59:00,2.359,2.362,2.355,2.361,13218.0,31184.4339
2026-09-15 19:00:00,2.361,2.367,2.353,2.361,28625.0,67517.8091
2026-09-15 19:01:00,2.362,2.367,2.351,2.351,44932.6,105929.1832
2026-09-15 19:02:00,2.35,2.359,2.348,2.357,10752.3,25294.021
2026-09-15 19:03:00,2.357,2.371,2.357,2.364,31743.6,75092.594
2026-09-15 19:04:00,2.365,2.37,2.361,2.361,27316.8,64618.5448
2026-09-15 19:05:00,2.361,2.366,2.357,2.357,17726.0,41835.8938
2026-09-15 19:06:00,2.356,2.364,2.356,2.362,10650.7,25133.9878
2026-09-15 19:07:00,2.362,2.363,2.347,2.35,22504.1,52923.3092
2026-09-15 19:08:00,2.349,2.354,2.346,2.35,8003.0,18801.3788
2026-09-15 19:09:00,2.351,2.358,2.351,2.356,9710.6,22854.7264
2026-09-15 19:10:00,2.356,2.363,2.356,2.358,24303.8,57380.1683
2026-09-15 19:11:00,2.357,2.357,2.351,2.353,14244.8,33541.3509
2026-09-15 19:12:00,2.353,2.354,2.345,2.347,19064.7,44805.074
2026-09-15 19:13:00,2.347,2.347,2.342,2.345,18637.1,43672.2593
2026-09-15 19:14:00,2.345,2.345,2.34,2.343,7556.8,17698.4643
2026-09-15 19:15:00,2.343,2.352,2.343,2.344,20506.1,48131.8398
2026-09-15 19:16:00,2.343,2.354,2.338,2.349,22284.7,52288.1157
2026-09-15 19:17:00,2.349,2.36,2.349,2.359,35425.9,83453.691
2026-09-15 19:18:00,2.36,2.363,2.35,2.351,31023.2,73084.0919
2026-09-15 19:19:00,2.352,2.361,2.352,2.354,22920.5,54023.5912
2026-09-15 19:20:00,2.354,2.355,2.348,2.348,13131.3,30876.4713
2026-09-15 19:21:00,2.348,2.351,2.342,2.343,30895.6,72506.4907
2026-09-15 19:22:00,2.343,2.35,2.341,2.346,25001.0,58625.1937
2026-09-15 19:23:00,2.346,2.355,2.346,2.347,22452.3,52771.5004
2026-09-15 19:24:00,2.347,2.347,2.338,2.339,16754.2,39233.6132
2026-09-15 19:25:00,2.339,2.34,2.337,2.337,13040.1,30487.1541
2026-09-15 19:26:00,2.336,2.339,2.332,2.332,14618.2,34134.1637
2026-09-15 19:27:00,2.333,2.333,2.329,2.33,17936.5,41802.7048
2026-09-15 19:28:00,2.33,2.335,2.329,2.33,9986.8,23289.0016
2026-09-15 19:29:00,2.33,2.33,2.325,2.328,10316.3,24011.7136
2026-09-15 19:30:00,2.328,2.337,2.325,2.332,9349.3,21798.5142
2026-09-15 19:31:00,2.331,2.338,2.331,2.333,11391.1,26587.7329
2026-09-15 19:32:00,2.333,2.335,2.328,2.329,5082.6,11850.4843
2026-09-15 19:33:00,2.329,2.338,2.326,2.335,46328.7,108043.2153
2026-09-15 19:34:00,2.336,2.337,2.331,2.331,15776.6,36807.3126
2026-09-15 19:35:00,2.331,2.336,2.329,2.335,4866.5,11349.771
2026-09-15 19:36:00,2.335,2.341,2.335,2.34,9375.1,21916.0416
2026-09-15 19:37:00,2.34,2.34,2.335,2.335,16547.0,38682.391
2026-09-15 19:38:00,2.335,2.343,2.334,2.343,6334.7,14810.4155
2026-09-15 19:39:00,2.343,2.343,2.336,2.339,8317.9,19443.6689
2026-09-15 19:40:00,2.339,2.343,2.337,2.342,3739.0,8750.958
2026-09-15 19:41:00,2.342,2.342,2.328,2.329,25741.9,60166.6451
2026-09-15 19:42:00,2.329,2.329,2.325,2.326,18106.5,42122.254
2026-09-15 19:43:00,2.326,2.327,2.323,2.325,6825.3,15869.4483
2026-09-15 19:44:00,2.325,2.327,2.323,2.324,6207.4,14432.3833
2026-09-15 19:45:00,2.324,2.326,2.32,2.324,23877.0,55429.4861
2026-09-15 19:46:00,2.323,2.324,2.321,2.321,7620.5,17698.7628
2026-09-15 19:47:00,2.322,2.327,2.322,2.325,4171.0,9699.3826
2026-09-15 19:48:00,2.325,2.327,2.325,2.325,7814.9,18176.1014
2026-09-15 19:49:00,2.325,2.325,2.319,2.32,9962.2,23126.9775
2026-09-15 19:50:00,2.32,2.322,2.315,2.317,53693.2,124395.7089
2026-09-15 19:51:00,2.316,2.319,2.315,2.316,12349.3,28614.0767
2026-09-15 19:52:00,2.316,2.321,2.314,2.316,23835.0,55230.4323
2026-09-15 19:53:00,2.316,2.329,2.316,2.328,9414.8,21870.8296
2026-09-15 19:54:00,2.327,2.332,2.327,2.332,8066.9,18791.1151
2026-09-15 19:55:00,2.333,2.333,2.33,2.332,11478.0,26758.9244
2026-09-15 19:56:00,2.332,2.335,2.331,2.335,16343.0,38112.03
2026-09-15 19:57:00,2.334,2.338,2.334,2.337,7002.1,16356.6119
2026-09-15 19:58:00,2.338,2.342,2.338,2.341,5542.4,12970.5495
2026-09-15 19:59:00,2.341,2.341,2.333,2.338,19265.7,45007.4334
2026-09-15 20:00:00,2.337,2.341,2.332,2.339,12239.2,28600.9678
2026-09-15 20:01:00,2.339,2.339,2.335,2.336,6606.7,15441.8236
2026-09-15 20:02:00,2.336,2.336,2.331,2.334,19306.6,45064.1466
2026-09-15 20:03:00,2.333,2.334,2.326,2.329,17131.3,39920.9074
2026-09-15 20:04:00,2.329,2.329,2.323,2.324,12483.7,29030.4905
2026-09-15 20:05:00,2.324,2.324,2.319,2.319,9073.4,21060.3029
2026-09-15 20:06:00,2.319,2.319,2.315,2.316,14054.9,32557.5095
2026-09-15 20:07:00,2.315,2.32,2.313,2.319,6087.9,14101.7963
2026-09-15 20:08:00,2.318,2.318,2.314,2.314,4121.1,9547.0777
2026-09-15 20:09:00,2.314,2.317,2.314,2.317,5220.3,12083.412
2026-09-15 20:10:00,2.317,2.329,2.316,2.326,17714.6,41094.9612
2026-09-15 20:11:00,2.326,2.326,2.321,2.322,6241.2,14491.0255
2026-09-15 20:12:00,2.323,2.328,2.323,2.325,4949.3,11512.3987
2026-09-15 20:13:00,2.325,2.328,2.325,2.327,3430.7,7983.5505
2026-09-15 20:14:00,2.327,2.33,2.327,2.329,2765.6,6439.6186
2026-09-15 20:15:00,2.328,2.328,2.322,2.328,9516.3,22125.4949
2026-09-15 20:16:00,2.329,2.332,2.327,2.327,14011.7,32641.093
2026-09-15 20:17:00,2.326,2.328,2.324,2.327,9001.3,20936.7851
2026-09-15 20:18:00,2.327,2.327,2.32,2.321,1854.1,4306.3294
2026-09-15 20:19:00,2.321,2.323,2.319,2.32,19823.1,46021.826
2026-09-15 20:20:00,2.321,2.322,2.315,2.315,8314.7,19280.2192
2026-09-15 20:21:00,2.315,2.315,2.309,2.309,21210.1,49010.6236
2026-09-15 20:22:00,2.31,2.316,2.31,2.316,12294.5,28415.907
2026-09-15 20:23:00,2.315,2.316,2.314,2.316,3537.7,8188.8145
2026-09-15 20:24:00,2.316,2.321,2.316,2.321,4083.5,9463.1714
2026-09-15 20:25:00,2.321,2.322,2.316,2.319,32949.0,76426.369
2026-09-15 20:26:00,2.318,2.318,2.313,2.316,9327.6,21600.3586
2026-09-15 20:27:00,2.315,2.315,2.311,2.311,5031.6,11640.0153
2026-09-15 20:28:00,2.311,2.313,2.308,2.31,8575.1,19807.6154
2026-09-15 20:29:00,2.31,2.311,2.306,2.306,5986.8,13818.3422
2026-09-15 20:30:00,2.306,2.312,2.304,2.31,22630.8,52186.1189
2026-09-15 20:31:00,2.311,2.316,2.31,2.315,23626.0,54642.4867
2026-09-15 20:32:00,2.315,2.315,2.306,2.306,13354.9,30869.4403
2026-09-15 20:33:00,2.306,2.308,2.303,2.308,8823.2,20341.9719
2026-09-15 20:34:00,2.308,2.311,2.306,2.311,3636.0,8394.8913
2026-09-15 20:35:00,2.311,2.314,2.31,2.314,4361.8,10081.3023
2026-09-15 20:36:00,2.314,2.319,2.312,2.319,4835.9,11196.2973
2026-09-15 20:37:00,2.318,2.321,2.315,2.315,13957.2,32363.5638
2026-09-15 20:38:00,2.316,2.324,2.316,2.317,22085.9,51237.7609
2026-09-15 20:39:00,2.316,2.316,2.312,2.313,8580.6,19861.3665
2026-09-15 20:40:00,2.313,2.319,2.313,2.319,3510.6,8132.4476
2026-09-15 20:41:00,2.318,2.318,2.315,2.316,1790.7,4147.4599
2026-09-15 20:42:00,2.317,2.317,2.309,2.31,72126.5,166733.0836
2026-09-15 20:43:00,2.31,2.314,2.31,2.312,4469.2,10335.4659
2026-09-15 20:44:00,2.311,2.316,2.311,2.315,3227.6,7465.4593
2026-09-15 20:45:00,2.316,2.318,2.316,2.318,7362.0,17057.0728
2026-09-15 20:46:00,2.319,2.322,2.316,2.32,10172.7,23583.4802
2026-09-15 20:47:00,2.32,2.326,2.32,2.321,13451.2,31250.326
2026-09-15 20:48:00,2.321,2.325,2.321,2.322,3681.8,8550.9535
2026-09-15 20:49:00,2.322,2.335,2.322,2.335,8741.7,20365.555
2026-09-15 20:50:00,2.334,2.334,2.326,2.329,5876.6,13689.4919
2026-09-15 20:51:00,2.328,2.328,2.324,2.327,4685.9,10896.8368
2026-09-15 20:52:00,2.327,2.327,2.322,2.322,2956.7,6872.0449
2026-09-15 20:53:00,2.323,2.327,2.321,2.325,8909.3,20696.7391
2026-09-15 20:54:00,2.325,2.333,2.325,2.332,2557.7,5960.2117
2026-09-15 20:55:00,2.331,2.336,2.331,2.335,2637.8,6155.935
2026-09-15 20:56:00,2.335,2.335,2.33,2.332,5456.0,12719.822
2026-09-15 20:57:00,2.332,2.336,2.332,2.333,6005.1,14015.5263
2026-09-15 20:58:00,2.333,2.334,2.333,2.333,2671.6,6233.2553
2026-09-15 20:59:00,2.334,2.334,2.333,2.334,1894.2,4421.0604
2026-09-15 21:00:00,2.333,2.333,2.329,2.329,14116.6,32905.2297
2026-09-15 21:01:00,2.329,2.332,2.323,2.324,20248.4,47111.8709
2026-09-15 21:02:00,2.324,2.331,2.324,2.331,7206.7,16765.1475
2026-09-15 21:03:00,2.331,2.337,2.331,2.336,6422.2,14990.7254
2026-09-15 21:04:00,2.335,2.335,2.331,2.331,2375.1,5539.0712
2026-09-15 21:05:00,2.331,2.336,2.331,2.334,11281.4,26331.9183
2026-09-15 21:06:00,2.334,2.334,2.328,2.33,8735.6,20374.7492
2026-09-15 21:07:00,2.329,2.329,2.326,2.327,3451.4,8031.05
2026-09-15 21:08:00,2.326,2.328,2.326,2.328,2374.0,5523.994
2026-09-15 21:09:00,2.328,2.33,2.327,2.327,3040.7,7078.7143
2026-09-15 21:10:00,2.327,2.329,2.327,2.329,3833.5,8922.9277
2026-09-15 21:11:00,2.329,2.332,2.328,2.331,6397.4,14900.0042
2026-09-15 21:12:00,2.33,2.333,2.33,2.333,6290.9,14664.8879
2026-09-15 21:13:00,2.333,2.342,2.333,2.341,10723.5,25076.5732
2026-09-15 21:14:00,2.34,2.341,2.331,2.333,8945.0,20886.7927
2026-09-15 21:15:00,2.333,2.333,2.329,2.329,3259.0,7596.0383
2026-09-15 21:16:00,2.329,2.335,2.329,2.335,16130.6,37597.157
2026-09-15 21:17:00,2.335,2.338,2.331,2.337,20694.1,48333.5087
2026-09-15 21:18:00,2.336,2.337,2.335,2.335,2330.6,5444.1903
2026-09-15 21:19:00,2.335,2.341,2.335,2.341,2401.1,5613.4645
2026-09-15 21:20:00,2.341,2.341,2.336,2.336,3121.5,7298.4942
2026-09-15 21:21:00,2.337,2.337,2.326,2.326,22187.9,51676.8877
2026-09-15 21:22:00,2.325,2.325,2.32,2.32,5522.2,12830.3476
2026-09-15 21:23:00,2.321,2.323,2.32,2.323,2968.8,6891.3147
2026-09-15 21:24:00,2.323,2.323,2.322,2.322,141.5,328.6985
2026-09-15 21:25:00,2.323,2.324,2.321,2.322,4681.5,10873.1777
2026-09-15 21:26:00,2.323,2.325,2.32,2.32,18684.6,43382.8633
2026-09-15 21:27:00,2.32,2.321,2.317,2.318,2874.1,6663.4934
2026-09-15 21:28:00,2.318,2.319,2.314,2.315,6527.6,15112.3563
2026-09-15 21:29:00,2.314,2.319,2.312,2.319,15833.8,36634.846
2026-09-15 21:30:00,2.32,2.321,2.319,2.321,4827.8,11200.5015
2026-09-15 21:31:00,2.32,2.326,2.32,2.325,4477.9,10406.6506
2026-09-15 21:32:00,2.326,2.33,2.326,2.33,2755.9,6415.8857
2026-09-15 21:33:00,2.33,2.331,2.329,2.329,6306.8,14690.2353
2026-09-15 21:34:00,2.33,2.33,2.32,2.324,25886.2,60150.7064
2026-09-15 21:35:00,2.324,2.324,2.32,2.323,12268.8,28486.235
2026-09-15 21:36:00,2.323,2.323,2.32,2.323,8828.4,20499.5046
2026-09-15 21:37:00,2.324,2.328,2.324,2.327,5627.8,13093.0257
2026-09-15 21:38:00,2.327,2.329,2.324,2.324,7868.7,18304.1945
2026-09-15 21:39:00,2.324,2.325,2.323,2.324,3819.6,8878.0524
2026-09-15 21:40:00,2.324,2.33,2.324,2.328,10810.7,25154.1543
2026-09-15 21:41:00,2.329,2.329,2.327,2.328,1719.6,4003.0965
2026-09-15 21:42:00,2.329,2.33,2.329,2.33,860.5,2004.3638
2026-09-15 21:43:00,2.33,2.33,2.326,2.326,6073.7,14145.3154
2026-09-15 21:44:00,2.325,2.325,2.32,2.322,30226.8,70185.4798
2026-09-15 21:45:00,2.322,2.322,2.32,2.322,4025.3,9342.9696
2026-09-15 21:46:00,2.322,2.324,2.318,2.318,11401.7,26460.4103
2026-09-15 21:47:00,2.319,2.321,2.318,2.321,2981.9,6914.9024
2026-09-15 21:48:00,2.321,2.321,2.316,2.316,3088.5,7161.2575
2026-09-15 21:49:00,2.317,2.318,2.317,2.318,85.2,197.4821
2026-09-15 21:50:00,2.317,2.317,2.314,2.314,1544.7,3578.237
2026-09-15 21:51:00,2.314,2.314,2.309,2.313,13399.6,30980.2409
2026-09-15 21:52:00,2.313,2.314,2.312,2.314,1719.5,3977.2027
2026-09-15 21:53:00,2.313,2.316,2.313,2.316,523.8,1212.9817
2026-09-15 21:54:00,2.315,2.316,2.315,2.316,710.8,1645.6469
2026-09-15 21:55:00,2.316,2.316,2.311,2.314,4140.0,9575.2298
2026-09-15 21:56:00,2.314,2.314,2.312,2.314,2114.1,4889.9899
2026-09-15 21:57:00,2.314,2.316,2.313,2.316,1366.8,3162.872
2026-09-15 21:58:00,2.315,2.315,2.311,2.311,4738.8,10963.4754
2026-09-15 21:59:00,2.31,2.313,2.309,2.311,13289.1,30712.8665
2026-09-15 22:00:00,2.312,2.319,2.31,2.318,12224.2,28293.7845
2026-09-15 22:01:00,2.318,2.318,2.314,2.316,6521.2,15099.8633
2026-09-15 22:02:00,2.316,2.328,2.315,2.326,22551.8,52386.0413
2026-09-15 22:03:00,2.325,2.329,2.322,2.325,5740.4,13350.0968
2026-09-15 22:04:00,2.325,2.325,2.322,2.322,5491.2,12761.3448
2026-09-15 22:05:00,2.322,2.322,2.32,2.32,2308.6,5357.5228
2026-09-15 22:06:00,2.321,2.322,2.319,2.321,5821.6,13508.1962
2026-09-15 22:07:00,2.321,2.323,2.321,2.321,1773.2,4117.0784
2026-09-15 22:08:00,2.322,2.322,2.319,2.319,1917.9,4450.5736
2026-09-15 22:09:00,2.32,2.32,2.316,2.316,2404.2,5570.744
2026-09-15 22:10:00,2.317,2.323,2.315,2.323,10028.7,23239.5559
2026-09-15 22:11:00,2.322,2.324,2.32,2.321,1864.3,4328.6186
2026-09-15 22:12:00,2.321,2.321,2.314,2.318,3515.7,8147.7192
2026-09-15 22:13:00,2.317,2.318,2.314,2.314,6975.7,16162.0002
2026-09-15 22:14:00,2.315,2.317,2.314,2.316,13857.3,32082.0214
2026-09-15 22:15:00,2.316,2.318,2.313,2.313,2236.9,5180.3471
2026-09-15 22:16:00,2.313,2.315,2.312,2.313,8950.7,20707.2376
2026-09-15 22:17:00,2.313,2.313,2.31,2.313,4845.8,11203.7722
2026-09-15 22:18:00,2.313,2.313,2.31,2.311,5917.6,13679.1723
2026-09-15 22:19:00,2.311,2.313,2.311,2.312,5718.0,13218.6738
2026-09-15 22:20:00,2.313,2.317,2.313,2.317,5165.7,11963.7884
2026-09-15 22:21:00,2.317,2.318,2.313,2.318,4890.4,11326.3045
2026-09-15 22:22:00,2.318,2.319,2.317,2.317,3529.1,8178.4751
2026-09-15 22:23:00,2.316,2.316,2.31,2.311,13162.9,30435.0018
2026-09-15 22:24:00,2.311,2.313,2.31,2.31,5222.3,12066.9026
2026-09-15 22:25:00,2.311,2.316,2.31,2.316,2609.6,6035.7874
2026-09-15 22:26:00,2.317,2.326,2.317,2.326,9149.1,21246.0878
2026-09-15 22:27:00,2.327,2.331,2.326,2.328,7531.5,17531.363
2026-09-15 22:28:00,2.328,2.328,2.323,2.325,12055.4,28023.8079
2026-09-15 22:29:00,2.325,2.327,2.323,2.324,8778.8,20415.0143
2026-09-15 22:30:00,2.323,2.329,2.323,2.328,3833.7,8915.2359
2026-09-15 22:31:00,2.329,2.331,2.327,2.33,9361.3,21802.0374
2026-09-15 22:32:00,2.33,2.33,2.325,2.325,8416.5,19578.7386
2026-09-15 22:33:00,2.326,2.329,2.323,2.328,10907.2,25383.1159
2026-09-15 22:34:00,2.328,2.33,2.328,2.329,1347.1,3138.174
2026-09-15 22:35:00,2.328,2.328,2.324,2.325,8036.3,18683.5629
2026-09-15 22:36:00,2.325,2.326,2.323,2.326,918.6,2135.561
2026-09-15 22:37:00,2.326,2.329,2.326,2.329,4462.2,10386.1294
2026-09-15 22:38:00,2.329,2.331,2.329,2.331,1899.5,4427.4053
2026-09-15 22:39:00,2.331,2.333,2.328,2.328,15324.1,35700.9045
2026-09-15 22:40:00,2.329,2.329,2.328,2.328,2316.5,5393.0096
2026-09-15 22:41:00,2.328,2.329,2.328,2.328,1190.9,2772.8139
2026-09-15 22:42:00,2.329,2.33,2.327,2.327,2266.8,5277.7832
2026-09-15 22:43:00,2.328,2.329,2.327,2.327,769.1,1790.4369
2026-09-15 22:44:00,2.327,2.328,2.327,2.328,390.1,908.0079
2026-09-15 22:45:00,2.328,2.329,2.327,2.329,2196.0,5111.4804
2026-09-15 22:46:00,2.329,2.335,2.329,2.335,11562.3,26965.9569
2026-09-15 22:47:00,2.335,2.335,2.332,2.334,4813.8,11230.7737
2026-09-15 22:48:00,2.335,2.337,2.335,2.337,2647.1,6184.4914
2026-09-15 22:49:00,2.337,2.337,2.333,2.333,8301.9,19388.6048
2026-09-15 22:50:00,2.333,2.333,2.331,2.333,2299.5,5362.9997
2026-09-15 22:51:00,2.334,2.335,2.333,2.334,5201.9,12142.7929
2026-09-15 22:52:00,2.335,2.337,2.335,2.336,6540.4,15282.6056
2026-09-15 22:53:00,2.337,2.339,2.337,2.338,6517.5,15240.3653
2026-09-15 22:54:00,2.338,2.34,2.338,2.34,1266.2,2962.6731
2026-09-15 22:55:00,2.34,2.34,2.337,2.337,9358.5,21881.4614
2026-09-15 22:56:00,2.338,2.34,2.335,2.339,11760.0,27469.0289
2026-09-15 22:57:00,2.34,2.341,2.339,2.341,1976.4,4625.6273
2026-09-15 22:58:00,2.341,2.341,2.339,2.339,1966.8,4602.1571
2026-09-15 22:59:00,2.338,2.339,2.336,2.338,5409.0,12644.9141
2026-09-15 23:00:00,2.339,2.343,2.338,2.343,4147.6,9711.7506
2026-09-15 23:01:00,2.343,2.344,2.341,2.342,35779.2,83791.4118
2026-09-15 23:02:00,2.342,2.342,2.339,2.34,6801.8,15911.9075
2026-09-15 23:03:00,2.341,2.344,2.34,2.341,4388.4,10281.4868
2026-09-15 23:04:00,2.341,2.342,2.34,2.34,1896.0,4438.1573
2026-09-15 23:05:00,2.339,2.34,2.338,2.34,1502.9,3514.212
2026-09-15 23:06:00,2.34,2.341,2.339,2.339,8133.6,19027.84
2026-09-15 23:07:00,2.339,2.34,2.338,2.338,6052.0,14155.6197
2026-09-15 23:08:00,2.339,2.341,2.339,2.341,605.7,1416.8893
2026-09-15 23:09:00,2.34,2.344,2.34,2.343,7884.4,18464.9677
2026-09-15 23:10:00,2.343,2.344,2.342,2.344,4078.4,9554.3594
2026-09-15 23:11:00,2.344,2.346,2.341,2.345,13286.8,31142.3992
2026-09-15 23:12:00,2.344,2.348,2.344,2.345,12824.8,30086.6903
2026-09-15 23:13:00,2.345,2.345,2.344,2.345,2720.4,6379.3355
2026-09-15 23:14:00,2.345,2.346,2.345,2.346,438.3,1028.1818
2026-09-15 23:15:00,2.347,2.347,2.344,2.344,5047.0,11834.1275
2026-09-15 23:16:00,2.345,2.345,2.342,2.344,4528.4,10610.9356
2026-09-15 23:17:00,2.344,2.344,2.342,2.344,2934.3,6874.7017
2026-09-15 23:18:00,2.343,2.343,2.343,2.343,783.4,1835.5062
2026-09-15 23:19:00,2.343,2.346,2.343,2.346,366.6,859.7328
2026-09-15 23:20:00,2.345,2.345,2.344,2.344,1045.9,2451.8903
2026-09-15 23:21:00,2.343,2.343,2.342,2.342,3238.6,7585.1202
2026-09-15 23:22:00,2.343,2.343,2.34,2.34,10747.7,25165.814
2026-09-15 23:23:00,2.34,2.341,2.34,2.34,1733.3,4055.9552
2026-09-15 23:24:00,2.341,2.342,2.34,2.342,5890.6,13790.7175
2026-09-15 23:25:00,2.341,2.341,2.339,2.341,24974.0,58456.6173
2026-09-15 23:26:00,2.341,2.341,2.339,2.34,22535.1,52748.6496
2026-09-15 23:27:00,2.339,2.339,2.338,2.338,9027.5,21115.3112
2026-09-15 23:28:00,2.338,2.342,2.338,2.342,16726.6,39150.8626
2026-09-15 23:29:00,2.342,2.342,2.34,2.341,5299.2,12401.9465
2026-09-15 23:30:00,2.341,2.341,2.336,2.337,3101.4,7251.3556
2026-09-15 23:31:00,2.338,2.338,2.336,2.336,1436.7,3356.4691
2026-09-15 23:32:00,2.335,2.335,2.333,2.335,5937.9,13859.1076
2026-09-15 23:33:00,2.336,2.343,2.336,2.342,7317.1,17130.8881
2026-09-15 23:34:00,2.343,2.345,2.342,2.342,7846.7,18391.8574
2026-09-15 23:35:00,2.341,2.341,2.338,2.339,3786.6,8856.2723
2026-09-15 23:36:00,2.338,2.338,2.335,2.335,5075.5,11855.5209
2026-09-15 23:37:00,2.334,2.334,2.331,2.331,21793.9,50845.6657
2026-09-15 23:38:00,2.332,2.333,2.332,2.333,12937.1,30179.6814
2026-09-15 23:39:00,2.333,2.333,2.329,2.329,7935.2,18494.5885
2026-09-15 23:40:00,2.329,2.334,2.327,2.332,20974.3,48867.8538
2026-09-15 23:41:00,2.333,2.338,2.332,2.337,6319.0,14749.3388
2026-09-15 23:42:00,2.337,2.338,2.333,2.338,7229.0,16884.9072
2026-09-15 23:43:00,2.338,2.34,2.338,2.339,2972.6,6951.6448
2026-09-15 23:44:00,2.339,2.34,2.339,2.339,4322.5,10114.246
2026-09-15 23:45:00,2.339,2.339,2.336,2.338,6566.2,15349.9716
2026-09-15 23:46:00,2.339,2.342,2.339,2.34,3893.8,9113.5066
2026-09-15 23:47:00,2.339,2.339,2.335,2.336,13189.4,30822.2677
2026-09-15 23:48:00,2.335,2.336,2.335,2.335,1929.9,4506.4401
2026-09-15 23:49:00,2.335,2.335,2.334,2.334,435.9,1017.4117
2026-09-15 23:50:00,2.335,2.338,2.335,2.338,3894.4,9100.3795
2026-09-15 23:51:00,2.338,2.338,2.336,2.336,2683.1,6271.7779
2026-09-15 23:52:00,2.337,2.337,2.337,2.337,2.2,5.1414
2026-09-15 23:53:00,2.337,2.341,2.337,2.341,7083.2,16565.6683
2026-09-15 23:54:00,2.34,2.34,2.338,2.34,2275.0,5320.1422
2026-09-15 23:55:00,2.339,2.339,2.339,2.339,1206.3,2821.5357
2026-09-15 23:56:00,2.339,2.339,2.336,2.336,1556.6,3638.779
2026-09-15 23:57:00,2.336,2.336,2.336,2.336,3217.0,7514.912
2026-09-15 23:58:00,2.337,2.337,2.337,2.337,1028.6,2403.8382
2026-09-15 23:59:00,2.337,2.337,2.336,2.337,2121.2,4955.9389
2026-09-16 00:00:00,2.337,2.338,2.334,2.337,9177.0,21438.6907
2026-09-16 00:01:00,2.337,2.337,2.332,2.332,14298.8,33375.4726
2026-09-16 00:02:00,2.333,2.337,2.333,2.337,3589.1,8379.3477
2026-09-16 00:03:00,2.338,2.342,2.337,2.34,10648.7,24911.9989
2026-09-16 00:04:00,2.34,2.343,2.34,2.343,2392.6,5604.0984
2026-09-16 00:05:00,2.343,2.349,2.343,2.348,10399.1,24402.0219
2026-09-16 00:06:00,2.347,2.348,2.347,2.348,1864.5,4376.8332
2026-09-16 00:07:00,2.347,2.349,2.345,2.345,2958.8,6943.9395
2026-09-16 00:08:00,2.346,2.346,2.342,2.344,5358.0,12559.6609
2026-09-16 00:09:00,2.344,2.344,2.341,2.341,2204.0,5162.7606
2026-09-16 00:10:00,2.342,2.342,2.34,2.341,2940.0,6884.8681
2026-09-16 00:11:00,2.34,2.342,2.339,2.342,2445.4,5724.3073
2026-09-16 00:12:00,2.343,2.344,2.341,2.342,3395.3,7952.5958
2026-09-16 00:13:00,2.341,2.341,2.338,2.338,3094.6,7240.1966
2026-09-16 00:14:00,2.338,2.339,2.338,2.339,803.4,1879.1327
2026-09-16 00:15:00,2.339,2.34,2.336,2.339,2364.5,5526.5043
2026-09-16 00:16:00,2.339,2.341,2.338,2.341,2469.2,5778.0336
2026-09-16 00:17:00,2.342,2.344,2.341,2.342,1871.2,4384.4864
2026-09-16 00:18:00,2.342,2.344,2.342,2.344,1494.9,3502.1459
2026-09-16 00:19:00,2.344,2.344,2.341,2.342,5548.8,12995.1884
2026-09-16 00:20:00,2.343,2.343,2.342,2.342,1338.5,3136.0035
2026-09-16 00:21:00,2.342,2.344,2.34,2.34,5653.8,13247.3263
2026-09-16 00:22:00,2.341,2.342,2.339,2.341,12874.3,30144.1982
2026-09-16 00:23:00,2.342,2.345,2.342,2.345,2951.9,6921.1465
2026-09-16 00:24:00,2.345,2.345,2.342,2.343,3702.4,8676.9058
2026-09-16 00:25:00,2.344,2.344,2.343,2.343,1670.9,3914.9229
2026-09-16 00:26:00,2.343,2.344,2.343,2.344,29.4,68.8926
2026-09-16 00:27:00,2.344,2.344,2.341,2.341,2251.3,5274.9831
2026-09-16 00:28:00,2.34,2.34,2.336,2.339,9012.3,21073.838
2026-09-16 00:29:00,2.339,2.342,2.339,2.342,1157.8,2709.5354
2026-09-16 00:30:00,2.343,2.344,2.343,2.344,1700.9,3986.4968
2026-09-16 00:31:00,2.343,2.343,2.343,2.343,234.4,549.1992
2026-09-16 00:32:00,2.344,2.346,2.344,2.345,5345.9,12535.7255
2026-09-16 00:33:00,2.344,2.345,2.342,2.342,998.5,2340.0645
2026-09-16 00:34:00,2.342,2.344,2.34,2.34,3518.5,8241.8136
2026-09-16 00:35:00,2.339,2.339,2.339,2.339,463.8,1084.8282
2026-09-16 00:36:00,2.34,2.342,2.338,2.338,2997.7,7016.0321
2026-09-16 00:37:00,2.339,2.341,2.339,2.34,5065.6,11853.4371
2026-09-16 00:38:00,2.341,2.342,2.341,2.342,1506.7,3527.2873
2026-09-16 00:39:00,2.342,2.347,2.342,2.347,3830.9,8977.077
2026-09-16 00:40:00,2.346,2.346,2.344,2.344,3598.9,8437.4714
2026-09-16 00:41:00,2.344,2.345,2.344,2.345,1894.4,4441.7157
2026-09-16 00:42:00,2.345,2.345,2.343,2.343,1486.7,3484.4315
2026-09-16 00:43:00,2.342,2.342,2.342,2.342,580.3,1359.0626
2026-09-16 00:44:00,2.342,2.344,2.342,2.344,346.2,810.9376
2026-09-16 00:45:00,2.344,2.346,2.344,2.344,3020.3,7083.6764
2026-09-16 00:46:00,2.344,2.353,2.344,2.35,45530.5,106994.5831
2026-09-16 00:47:00,2.35,2.354,2.348,2.351,9870.0,23202.8885
2026-09-16 00:48:00,2.351,2.358,2.351,2.358,5248.7,12366.5873
2026-09-16 00:49:00,2.358,2.358,2.352,2.352,3654.2,8602.0472
2026-09-16 00:50:00,2.353,2.354,2.351,2.352,3479.7,8184.6956
2026-09-16 00:51:00,2.352,2.353,2.352,2.353,389.5,916.3527
2026-09-16 00:52:00,2.353,2.358,2.351,2.354,16800.0,39560.2048
2026-09-16 00:53:00,2.354,2.354,2.35,2.35,3834.7,9022.5758
2026-09-16 00:54:00,2.35,2.351,2.349,2.351,3181.9,7479.088
2026-09-16 00:55:00,2.351,2.353,2.35,2.35,5979.4,14064.7254
2026-09-16 00:56:00,2.35,2.35,2.349,2.349,1581.5,3715.0062
2026-09-16 00:57:00,2.349,2.349,2.346,2.346,7536.9,17696.5022
2026-09-16 00:58:00,2.346,2.352,2.346,2.352,14061.1,33032.3191
2026-09-16 00:59:00,2.351,2.352,2.35,2.351,8507.7,19997.593
2026-09-16 01:00:00,2.351,2.354,2.351,2.354,8168.3,19212.8435
2026-09-16 01:01:00,2.354,2.357,2.352,2.352,18442.7,43429.7176
2026-09-16 01:02:00,2.352,2.353,2.348,2.348,10267.8,24139.0769
2026-09-16 01:03:00,2.348,2.349,2.346,2.346,5362.8,12593.9871
2026-09-16 01:04:00,2.345,2.346,2.341,2.341,9027.3,21150.8826
2026-09-16 01:05:00,2.342,2.342,2.34,2.34,7760.7,18162.7686
2026-09-16 01:06:00,2.339,2.343,2.339,2.343,5557.8,13010.1163
2026-09-16 01:07:00,2.343,2.343,2.342,2.342,489.3,1146.3345
2026-09-16 01:08:00,2.341,2.341,2.341,2.341,2051.4,4802.3274
2026-09-16 01:09:00,2.341,2.341,2.339,2.34,2394.9,5605.1218
2026-09-16 01:10:00,2.341,2.345,2.341,2.345,3611.5,8463.7643
2026-09-16 01:11:00,2.346,2.348,2.345,2.347,7864.7,18450.2936
2026-09-16 01:12:00,2.346,2.346,2.341,2.342,2343.9,5492.7847
2026-09-16 01:13:00,2.342,2.345,2.342,2.344,8353.9,19568.9389
2026-09-16 01:14:00,2.345,2.348,2.345,2.347,2475.3,5808.0235
2026-09-16 01:15:00,2.347,2.347,2.344,2.344,7380.3,17306.0138
2026-09-16 01:16:00,2.345,2.347,2.345,2.347,1716.3,4026.0336
2026-09-16 01:17:00,2.346,2.348,2.346,2.348,1291.6,3030.6068
2026-09-16 01:18:00,2.347,2.348,2.347,2.348,2265.1,5316.5357
2026-09-16 01:19:00,2.349,2.351,2.349,2.351,2866.4,6735.48
2026-09-16 01:20:00,2.351,2.352,2.351,2.351,3307.8,7777.726
2026-09-16 01:21:00,2.352,2.354,2.352,2.354,1831.9,4308.9916
2026-09-16 01:22:00,2.353,2.353,2.341,2.345,36274.7,85091.9296
2026-09-16 01:23:00,2.345,2.349,2.344,2.347,11687.8,27420.3779
2026-09-16 01:24:00,2.348,2.351,2.348,2.349,2272.7,5341.1648
2026-09-16 01:25:00,2.351,2.352,2.35,2.35,4707.7,11070.902
2026-09-16 01:26:00,2.349,2.349,2.344,2.344,2510.1,5890.7277
2026-09-16 01:27:00,2.343,2.344,2.343,2.343,3372.9,7903.3664
2026-09-16 01:28:00,2.344,2.348,2.344,2.348,3046.8,7143.8971
2026-09-16 01:29:00,2.347,2.347,2.341,2.342,11194.8,26231.1967
2026-09-16 01:30:00,2.342,2.344,2.342,2.343,7077.9,16581.1473
2026-09-16 01:31:00,2.343,2.347,2.343,2.343,1860.5,4362.3299
2026-09-16 01:32:00,2.342,2.345,2.342,2.344,2087.0,4891.5684
2026-09-16 01:33:00,2.343,2.343,2.338,2.338,8234.1,19262.3288
2026-09-16 01:34:00,2.339,2.339,2.334,2.336,4066.5,9500.233
2026-09-16 01:35:00,2.335,2.338,2.333,2.338,16565.1,38681.1982
2026-09-16 01:36:00,2.337,2.337,2.328,2.328,8634.9,20140.921
2026-09-16 01:37:00,2.328,2.328,2.323,2.325,13916.1,32370.4757
2026-09-16 01:38:00,2.325,2.327,2.323,2.327,6401.3,14876.0225
2026-09-16 01:39:00,2.327,2.327,2.32,2.321,7341.6,17054.5579
2026-09-16 01:40:00,2.321,2.325,2.32,2.325,6318.1,14669.7499
2026-09-16 01:41:00,2.325,2.328,2.325,2.327,1470.3,3421.9824
2026-09-16 01:42:00,2.328,2.329,2.326,2.326,4141.5,9638.4265
2026-09-16 01:43:00,2.326,2.326,2.322,2.322,4352.4,10116.8262
2026-09-16 01:44:00,2.321,2.322,2.32,2.321,8346.7,19378.1277
2026-09-16 01:45:00,2.321,2.323,2.321,2.321,1837.4,4266.4647
2026-09-16 01:46:00,2.32,2.32,2.313,2.314,19122.8,44294.3077
2026-09-16 01:47:00,2.313,2.314,2.305,2.307,34928.7,80605.909
2026-09-16 01:48:00,2.307,2.309,2.305,2.309,15344.2,35397.6546
2026-09-16 01:49:00,2.309,2.309,2.308,2.308,3629.5,8379.0744
2026-09-16 01:50:00,2.308,2.309,2.304,2.306,7085.7,16345.5575
2026-09-16 01:51:00,2.306,2.306,2.304,2.305,2566.5,5915.5499
2026-09-16 01:52:00,2.305,2.307,2.305,2.307,3310.2,7633.2378
2026-09-16 01:53:00,2.307,2.307,2.306,2.306,1209.3,2789.0041
2026-09-16 01:54:00,2.307,2.307,2.303,2.306,18661.9,43015.925
2026-09-16 01:55:00,2.306,2.306,2.304,2.305,1814.0,4182.3625
2026-09-16 01:56:00,2.305,2.306,2.297,2.3,59184.0,136232.723
2026-09-16 01:57:00,2.3,2.301,2.299,2.301,7472.7,17190.3704
2026-09-16 01:58:00,2.301,2.303,2.3,2.303,5245.6,12070.5756
2026-09-16 01:59:00,2.304,2.305,2.304,2.304,2139.9,4930.6923
2026-09-16 02:00:00,2.304,2.31,2.303,2.308,12180.3,28112.2775
2026-09-16 02:01:00,2.308,2.312,2.308,2.312,9718.8,22456.1286
2026-09-16 02:02:00,2.313,2.318,2.312,2.317,10962.1,25385.1682
2026-09-16 02:03:00,2.318,2.321,2.317,2.319,19831.1,45980.301
2026-09-16 02:04:00,2.318,2.32,2.317,2.32,2830.5,6561.3752
2026-09-16 02:05:00,2.32,2.325,2.319,2.324,10713.1,24862.6537
2026-09-16 02:06:00,2.324,2.324,2.32,2.321,19998.7,46436.4772
2026-09-16 02:07:00,2.32,2.32,2.317,2.317,2805.1,6503.0805
2026-09-16 02:08:00,2.318,2.32,2.317,2.318,3329.3,7719.3521
2026-09-16 02:09:00,2.318,2.318,2.315,2.316,2443.1,5658.3895
2026-09-16 02:10:00,2.315,2.317,2.314,2.317,1032.5,2390.9182
2026-09-16 02:11:00,2.316,2.316,2.311,2.311,4455.4,10307.2879
2026-09-16 02:12:00,2.311,2.315,2.31,2.315,12209.9,28252.7144
2026-09-16 02:13:00,2.315,2.317,2.315,2.317,3650.0,8455.741
2026-09-16 02:14:00,2.317,2.317,2.315,2.317,5089.2,11785.0989
2026-09-16 02:15:00,2.316,2.321,2.316,2.321,1856.4,4303.362
2026-09-16 02:16:00,2.321,2.324,2.321,2.322,5050.0,11729.7661
2026-09-16 02:17:00,2.322,2.325,2.322,2.325,10852.4,25210.969
2026-09-16 02:18:00,2.326,2.327,2.322,2.322,3172.4,7374.9788
2026-09-16 02:19:00,2.322,2.324,2.319,2.323,11162.4,25905.1114
2026-09-16 02:20:00,2.324,2.326,2.324,2.326,2510.9,5837.3756
2026-09-16 02:21:00,2.326,2.329,2.326,2.327,12339.5,28718.9533
2026-09-16 02:22:00,2.327,2.328,2.323,2.324,2166.7,5038.0868
2026-09-16 02:23:00,2.323,2.326,2.323,2.324,4935.3,11470.7272
2026-09-16 02:24:00,2.324,2.327,2.324,2.326,5614.2,13056.2776
2026-09-16 02:25:00,2.327,2.327,2.325,2.325,1680.5,3909.6213
2026-09-16 02:26:00,2.325,2.327,2.325,2.327,5558.4,12926.9414
2026-09-16 02:27:00,2.328,2.328,2.326,2.326,5525.8,12858.3624
2026-09-16 02:28:00,2.326,2.328,2.326,2.328,5957.5,13860.7555
2026-09-16 02:29:00,2.328,2.328,2.327,2.328,870.5,2026.5114
2026-09-16 02:30:00,2.329,2.336,2.328,2.333,18489.4,43123.316
2026-09-16 02:31:00,2.333,2.336,2.332,2.333,7899.7,18441.7977
2026-09-16 02:32:00,2.334,2.336,2.334,2.334,2175.4,5079.2444
2026-09-16 02:33:00,2.333,2.333,2.33,2.331,3931.6,9164.8205
2026-09-16 02:34:00,2.331,2.335,2.33,2.335,1171.1,2731.3014
2026-09-16 02:35:00,2.335,2.339,2.335,2.338,6584.5,15395.4493
2026-09-16 02:36:00,2.338,2.343,2.338,2.34,8389.8,19638.8325
2026-09-16 02:37:00,2.34,2.342,2.339,2.34,7607.8,17807.2979
2026-09-16 02:38:00,2.341,2.344,2.341,2.344,1054.7,2471.1829
2026-09-16 02:39:00,2.344,2.347,2.343,2.343,4404.4,10330.0961
2026-09-16 02:40:00,2.343,2.346,2.342,2.342,5771.2,13530.8777
2026-09-16 02:41:00,2.342,2.344,2.342,2.342,3285.0,7696.9186
2026-09-16 02:42:00,2.343,2.343,2.34,2.34,1832.4,4290.7843
2026-09-16 02:43:00,2.34,2.341,2.34,2.341,3830.0,8965.1319
2026-09-16 02:44:00,2.34,2.34,2.338,2.338,1080.7,2527.3441
2026-09-16 02:45:00,2.338,2.338,2.335,2.336,3424.4,8000.4005
2026-09-16 02:46:00,2.336,2.337,2.336,2.336,773.1,1806.7139
2026-09-16 02:47:00,2.336,2.345,2.336,2.34,45591.0,106704.0595
2026-09-16 02:48:00,2.339,2.34,2.338,2.338,4706.4,11009.3398
2026-09-16 02:49:00,2.338,2.34,2.336,2.336,6853.1,16021.8428
2026-09-16 02:50:00,2.337,2.337,2.336,2.336,2200.5,5141.2158
2026-09-16 02:51:00,2.337,2.338,2.336,2.336,2761.6,6452.9056
2026-09-16 02:52:00,2.336,2.336,2.335,2.335,534.1,1247.2834
2026-09-16 02:53:00,2.336,2.337,2.336,2.337,412.6,964.0928
2026-09-16 02:54:00,2.336,2.336,2.333,2.333,9736.1,22736.5607
2026-09-16 02:55:00,2.333,2.334,2.332,2.333,7334.6,17109.5968
2026-09-16 02:56:00,2.334,2.335,2.328,2.33,6546.5,15257.7906
2026-09-16 02:57:00,2.33,2.333,2.329,2.331,10880.0,25363.2718
2026-09-16 02:58:00,2.332,2.334,2.332,2.334,740.4,1727.7765
2026-09-16 02:59:00,2.335,2.335,2.334,2.334,908.5,2121.2977
2026-09-16 03:00:00,2.334,2.336,2.334,2.336,1904.5,4447.9638
2026-09-16 03:01:00,2.337,2.34,2.337,2.34,5652.7,13221.0549
2026-09-16 03:02:00,2.341,2.342,2.341,2.342,639.9,1498.1479
2026-09-16 03:03:00,2.342,2.342,2.336,2.338,24437.3,57148.3325
2026-09-16 03:04:00,2.339,2.339,2.336,2.336,1737.2,4059.3924
2026-09-16 03:05:00,2.337,2.337,2.335,2.336,1302.7,3043.0159
2026-09-16 03:06:00,2.337,2.337,2.336,2.336,1725.5,4032.2021
2026-09-16 03:07:00,2.336,2.339,2.335,2.335,4672.5,10920.6681
2026-09-16 03:08:00,2.336,2.336,2.335,2.336,4872.6,11379.6505
2026-09-16 03:09:00,2.336,2.342,2.336,2.34,23994.4,56141.3992
2026-09-16 03:10:00,2.341,2.342,2.34,2.34,1388.0,3248.1658
2026-09-16 03:11:00,2.341,2.343,2.341,2.343,1946.2,4558.1013
2026-09-16 03:12:00,2.343,2.344,2.343,2.344,1687.8,3955.8508
2026-09-16 03:13:00,2.343,2.347,2.343,2.346,3486.8,8180.3281
2026-09-16 03:14:00,2.346,2.346,2.345,2.346,1431.2,3357.405
2026-09-16 03:15:00,2.346,2.349,2.346,2.349,3215.4,7550.2102
2026-09-16 03:16:00,2.349,2.354,2.349,2.353,16353.0,38460.1563
2026-09-16 03:17:00,2.353,2.357,2.353,2.356,7966.9,18766.7605
2026-09-16 03:18:00,2.357,2.361,2.356,2.36,16668.2,39303.504
2026-09-16 03:19:00,2.36,2.366,2.36,2.362,31652.9,74822.6563
2026-09-16 03:20:00,2.363,2.366,2.36,2.36,7246.8,17127.1121
2026-09-16 03:21:00,2.36,2.36,2.355,2.358,7589.9,17896.496
2026-09-16 03:22:00,2.358,2.359,2.356,2.359,5812.3,13701.6223
2026-09-16 03:23:00,2.358,2.36,2.357,2.359,6717.8,15849.0875
2026-09-16 03:24:00,2.358,2.358,2.355,2.356,7173.8,16903.5103
2026-09-16 03:25:00,2.357,2.358,2.356,2.357,3543.1,8351.143
2026-09-16 03:26:00,2.358,2.359,2.358,2.359,2091.9,4934.5014
2026-09-16 03:27:00,2.358,2.359,2.352,2.353,4792.8,11290.7548
2026-09-16 03:28:00,2.354,2.356,2.354,2.354,9396.0,22126.4192
2026-09-16 03:29:00,2.355,2.355,2.35,2.351,4932.2,11599.3281
2026-09-16 03:30:00,2.351,2.351,2.349,2.349,14384.9,33803.3383
2026-09-16 03:31:00,2.348,2.353,2.347,2.352,43189.1,101520.9508
2026-09-16 03:32:00,2.353,2.356,2.352,2.356,8029.5,18902.0366
2026-09-16 03:33:00,2.356,2.356,2.351,2.351,6151.3,14472.6691
2026-09-16 03:34:00,2.353,2.353,2.351,2.351,1730.6,4071.314
2026-09-16 03:35:00,2.35,2.351,2.35,2.351,3462.5,8138.1294
2026-09-16 03:36:00,2.351,2.352,2.351,2.352,1802.3,4237.2285
2026-09-16 03:37:00,2.352,2.352,2.347,2.347,5735.9,13473.7293
2026-09-16 03:38:00,2.347,2.347,2.344,2.345,2342.3,5493.9763
2026-09-16 03:39:00,2.346,2.348,2.344,2.344,3770.8,8847.5226
2026-09-16 03:40:00,2.345,2.346,2.344,2.345,2305.3,5406.3764
2026-09-16 03:41:00,2.344,2.344,2.341,2.342,4624.9,10834.999
2026-09-16 03:42:00,2.342,2.342,2.338,2.341,24174.4,56566.0146
2026-09-16 03:43:00,2.341,2.345,2.341,2.345,1737.0,4068.3162
2026-09-16 03:44:00,2.345,2.345,2.343,2.343,2552.3,5982.5838
2026-09-16 03:45:00,2.343,2.35,2.343,2.35,29488.3,69246.1623
2026-09-16 03:46:00,2.35,2.35,2.348,2.348,1544.9,3628.1327
2026-09-16 03:47:00,2.348,2.349,2.347,2.348,2048.8,4811.0625
2026-09-16 03:48:00,2.349,2.35,2.348,2.349,1525.4,3584.1081
2026-09-16 03:49:00,2.349,2.35,2.349,2.35,1392.6,3271.7603
2026-09-16 03:50:00,2.35,2.35,2.346,2.346,8696.3,20422.8983
2026-09-16 03:51:00,2.346,2.346,2.346,2.346,0.0,0.0
2026-09-16 03:52:00,2.347,2.347,2.345,2.345,3329.0,7810.9807
2026-09-16 03:53:00,2.345,2.348,2.345,2.347,1894.4,4445.9239
2026-09-16 03:54:00,2.346,2.348,2.345,2.348,1855.5,4353.1494
2026-09-16 03:55:00,2.348,2.349,2.346,2.349,1983.2,4656.1646
2026-09-16 03:56:00,2.349,2.35,2.349,2.35,580.4,1363.4309
2026-09-16 03:57:00,2.349,2.351,2.349,2.35,2135.0,5017.1433
2026-09-16 03:58:00,2.351,2.351,2.348,2.348,8643.1,20301.6821
2026-09-16 03:59:00,2.348,2.351,2.348,2.348,4794.2,11264.8708
2026-09-16 04:00:00,2.348,2.352,2.348,2.352,9190.0,21593.5419
2026-09-16 04:01:00,2.353,2.353,2.348,2.349,9425.8,22159.7915
2026-09-16 04:02:00,2.349,2.351,2.349,2.351,1629.4,3829.8696
2026-09-16 04:03:00,2.351,2.355,2.351,2.355,6809.7,16021.8041
2026-09-16 04:04:00,2.356,2.359,2.356,2.359,3395.2,8004.6448
2026-09-16 04:05:00,2.359,2.359,2.355,2.356,3095.7,7295.5064
2026-09-16 04:06:00,2.356,2.357,2.351,2.351,17027.7,40114.8466
2026-09-16 04:07:00,2.352,2.353,2.351,2.352,2399.1,5642.5719
2026-09-16 04:08:00,2.353,2.357,2.353,2.357,2973.1,7000.6272
2026-09-16 04:09:00,2.357,2.357,2.356,2.356,6369.1,15009.5603
2026-09-16 04:10:00,2.356,2.358,2.356,2.358,2983.2,7030.3784
2026-09-16 04:11:00,2.358,2.36,2.358,2.36,1984.3,4681.952
2026-09-16 04:12:00,2.359,2.359,2.357,2.358,4877.5,11501.765
2026-09-16 04:13:00,2.358,2.359,2.357,2.359,826.6,1949.6606
2026-09-16 04:14:00,2.36,2.361,2.359,2.359,3633.4,8574.1797
2026-09-16 04:15:00,2.359,2.359,2.355,2.355,3309.9,7802.6699
2026-09-16 04:16:00,2.356,2.358,2.356,2.357,2884.7,6799.2237
2026-09-16 04:17:00,2.357,2.357,2.357,2.357,1461.3,3444.2841
2026-09-16 04:18:00,2.357,2.357,2.356,2.357,3550.5,8367.8775
2026-09-16 04:19:00,2.357,2.357,2.355,2.355,1239.4,2918.9875
2026-09-16 04:20:00,2.355,2.361,2.354,2.361,8157.6,19237.658
2026-09-16 04:21:00,2.361,2.368,2.361,2.366,37155.5,87901.3395
2026-09-16 04:22:00,2.365,2.365,2.361,2.364,4096.6,9682.1642
2026-09-16 04:23:00,2.365,2.367,2.365,2.366,1734.4,4104.3907
2026-09-16 04:24:00,2.366,2.368,2.362,2.362,8021.6,18967.9343
2026-09-16 04:25:00,2.363,2.364,2.362,2.363,6136.0,14497.2712
2026-09-16 04:26:00,2.363,2.363,2.362,2.362,1709.9,4040.0727
2026-09-16 04:27:00,2.362,2.362,2.357,2.357,24292.5,57285.8912
2026-09-16 04:28:00,2.356,2.356,2.354,2.354,1618.1,3810.0051
2026-09-16 04:29:00,2.354,2.358,2.354,2.357,3899.6,9190.6008
2026-09-16 04:30:00,2.356,2.357,2.356,2.356,1544.0,3637.77
2026-09-16 04:31:00,2.356,2.356,2.354,2.354,1598.7,3764.6655
2026-09-16 04:32:00,2.355,2.356,2.353,2.353,2111.5,4971.4035
2026-09-16 04:33:00,2.353,2.353,2.352,2.352,3817.9,8980.4727
2026-09-16 04:34:00,2.351,2.356,2.351,2.356,19521.5,45950.2085
2026-09-16 04:35:00,2.356,2.356,2.355,2.355,1166.2,2747.4467
2026-09-16 04:36:00,2.355,2.355,2.353,2.355,5125.4,12064.4025
2026-09-16 04:37:00,2.355,2.355,2.354,2.355,2759.1,6496.4773
2026-09-16 04:38:00,2.355,2.356,2.354,2.354,1284.0,3023.6981
2026-09-16 04:39:00,2.355,2.362,2.355,2.362,21764.3,51340.4707
2026-09-16 04:40:00,2.362,2.364,2.361,2.363,13297.1,31410.5455
2026-09-16 04:41:00,2.363,2.365,2.361,2.362,5924.4,13997.4754
2026-09-16 04:42:00,2.363,2.364,2.361,2.362,8128.5,19209.4925
2026-09-16 04:43:00,2.361,2.361,2.353,2.354,23341.2,54990.7325
2026-09-16 04:44:00,2.354,2.357,2.354,2.356,4326.8,10188.0205
2026-09-16 04:45:00,2.357,2.359,2.357,2.359,12735.6,30027.3876
2026-09-16 04:46:00,2.359,2.359,2.356,2.357,2390.4,5636.072
2026-09-16 04:47:00,2.356,2.356,2.352,2.353,6515.8,15338.5965
2026-09-16 04:48:00,2.352,2.352,2.351,2.351,2938.9,6909.9553
2026-09-16 04:49:00,2.35,2.352,2.35,2.352,1171.3,2754.1289
2026-09-16 04:50:00,2.351,2.352,2.349,2.349,13632.6,32043.2792
2026-09-16 04:51:00,2.349,2.349,2.343,2.345,12284.3,28814.805
2026-09-16 04:52:00,2.345,2.346,2.343,2.346,3316.1,7776.007
2026-09-16 04:53:00,2.346,2.346,2.345,2.345,2360.0,5535.9344
2026-09-16 04:54:00,2.344,2.344,2.344,2.344,535.5,1255.212
2026-09-16 04:55:00,2.343,2.345,2.343,2.345,1462.7,3428.891
2026-09-16 04:56:00,2.344,2.345,2.343,2.345,4982.5,11679.2329
2026-09-16 04:57:00,2.345,2.349,2.345,2.348,19013.3,44623.7169
2026-09-16 04:58:00,2.348,2.351,2.348,2.351,1410.6,3314.175
2026-09-16 04:59:00,2.352,2.352,2.35,2.35,1621.4,3811.0106
2026-09-16 05:00:00,2.35,2.353,2.35,2.352,1007.9,2370.7494
2026-09-16 05:01:00,2.352,2.352,2.346,2.346,3365.1,7905.1042
2026-09-16 05:02:00,2.347,2.347,2.336,2.337,13072.8,30591.5715
2026-09-16 05:03:00,2.337,2.34,2.335,2.339,15311.8,35787.1603
2026-09-16 05:04:00,2.338,2.338,2.334,2.337,9808.2,22909.7686
2026-09-16 05:05:00,2.337,2.339,2.334,2.334,3472.7,8116.2242
2026-09-16 05:06:00,2.334,2.335,2.332,2.333,8581.8,20026.3769
2026-09-16 05:07:00,2.334,2.336,2.333,2.335,1865.9,4356.3678
2026-09-16 05:08:00,2.335,2.338,2.335,2.337,2619.0,6117.8077
2026-09-16 05:09:00,2.336,2.341,2.336,2.341,18196.3,42551.2061
2026-09-16 05:10:00,2.341,2.343,2.34,2.34,2046.7,4793.1823
2026-09-16 05:11:00,2.34,2.341,2.338,2.34,3401.8,7961.1114
2026-09-16 05:12:00,2.34,2.341,2.339,2.339,5086.9,11903.6537
2026-09-16 05:13:00,2.338,2.34,2.338,2.34,1460.8,3416.999
2026-09-16 05:14:00,2.34,2.342,2.339,2.339,1556.1,3642.406
2026-09-16 05:15:00,2.339,2.34,2.339,2.339,5909.9,13824.1855
2026-09-16 05:16:00,2.339,2.342,2.338,2.342,5231.0,12241.7884
2026-09-16 05:17:00,2.342,2.343,2.341,2.341,4564.6,10690.4548
2026-09-16 05:18:00,2.341,2.344,2.341,2.342,9398.6,22020.7747
2026-09-16 05:19:00,2.343,2.345,2.343,2.345,2355.5,5520.0583
2026-09-16 05:20:00,2.344,2.348,2.344,2.347,7186.1,16852.72
2026-09-16 05:21:00,2.347,2.36,2.347,2.359,21056.1,49616.4508
2026-09-16 05:22:00,2.36,2.368,2.36,2.366,22601.0,53425.5933
2026-09-16 05:23:00,2.366,2.37,2.363,2.369,13024.0,30831.8872
2026-09-16 05:24:00,2.368,2.371,2.368,2.369,15964.9,37835.3023
2026-09-16 05:25:00,2.369,2.37,2.365,2.368,5024.4,11894.0458
2026-09-16 05:26:00,2.368,2.374,2.368,2.374,20848.6,49464.7439
2026-09-16 05:27:00,2.374,2.374,2.366,2.368,13737.8,32573.585
2026-09-16 05:28:00,2.367,2.368,2.363,2.366,15470.0,36588.2855
2026-09-16 05:29:00,2.366,2.366,2.364,2.366,3446.4,8150.7702
2026-09-16 05:30:00,2.366,2.367,2.36,2.36,8530.8,20155.8734
2026-09-16 05:31:00,2.36,2.36,2.356,2.356,5456.0,12865.9402
2026-09-16 05:32:00,2.356,2.356,2.354,2.355,2529.2,5956.7921
2026-09-16 05:33:00,2.356,2.357,2.353,2.355,4014.0,9453.695
2026-09-16 05:34:00,2.355,2.356,2.353,2.354,4717.3,11107.6347
2026-09-16 05:35:00,2.353,2.358,2.353,2.358,3948.4,9302.8384
2026-09-16 05:36:00,2.358,2.365,2.355,2.357,37251.6,87927.6079
2026-09-16 05:37:00,2.356,2.358,2.354,2.354,8528.8,20089.5578
2026-09-16 05:38:00,2.355,2.356,2.354,2.354,2560.9,6032.6003
2026-09-16 05:39:00,2.354,2.354,2.353,2.353,2526.5,5946.5836
2026-09-16 05:40:00,2.353,2.356,2.352,2.356,459.0,1080.4561
2026-09-16 05:41:00,2.355,2.356,2.354,2.355,3202.7,7541.5927
2026-09-16 05:42:00,2.355,2.355,2.355,2.355,619.6,1459.158
2026-09-16 05:43:00,2.355,2.36,2.355,2.357,18696.9,44092.3317
2026-09-16 05:44:00,2.358,2.359,2.358,2.359,339.6,801.0697
2026-09-16 05:45:00,2.359,2.361,2.359,2.36,4696.4,11086.0827
2026-09-16 05:46:00,2.361,2.361,2.358,2.358,4270.2,10074.8939
2026-09-16 05:47:00,2.357,2.357,2.349,2.351,11648.4,27395.7525
2026-09-16 05:48:00,2.35,2.35,2.347,2.349,6548.3,15383.1372
2026-09-16 05:49:00,2.348,2.348,2.344,2.346,12019.9,28200.7744
2026-09-16 05:50:00,2.347,2.349,2.347,2.347,4768.3,11195.134
2026-09-16 05:51:00,2.347,2.347,2.344,2.344,1664.6,3904.9175
2026-09-16 05:52:00,2.345,2.345,2.343,2.344,1372.1,3216.1733
2026-09-16 05:53:00,2.343,2.344,2.343,2.344,67.1,157.2747
2026-09-16 05:54:00,2.343,2.344,2.342,2.343,2063.3,4834.369
2026-09-16 05:55:00,2.343,2.346,2.342,2.342,10440.0,24471.2368
2026-09-16 05:56:00,2.342,2.348,2.342,2.346,12604.5,29563.2066
2026-09-16 05:57:00,2.347,2.348,2.347,2.347,742.1,1741.7117
2026-09-16 05:58:00,2.347,2.348,2.346,2.347,1160.8,2724.794
2026-09-16 05:59:00,2.347,2.349,2.347,2.349,3032.3,7120.3199
2026-09-16 06:00:00,2.349,2.35,2.348,2.35,4524.2,10628.2566
2026-09-16 06:01:00,2.351,2.354,2.351,2.353,1965.7,4624.2027
2026-09-16 06:02:00,2.354,2.354,2.351,2.352,2623.1,6169.8766
2026-09-16 06:03:00,2.351,2.351,2.349,2.349,1273.6,2993.5718
2026-09-16 06:04:00,2.349,2.351,2.345,2.347,25551.6,59999.6842
2026-09-16 06:05:00,2.346,2.347,2.344,2.347,2992.7,7019.4069
2026-09-16 06:06:00,2.346,2.346,2.345,2.346,1088.2,2552.6735
2026-09-16 06:07:00,2.347,2.347,2.346,2.346,4050.9,9504.0683
2026-09-16 06:08:00,2.346,2.347,2.344,2.344,1939.2,4549.3369
2026-09-16 06:09:00,2.344,2.344,2.343,2.344,2038.3,4776.1096
2026-09-16 06:10:00,2.344,2.344,2.342,2.342,3419.9,8011.5321
2026-09-16 06:11:00,2.342,2.342,2.34,2.341,8465.0,19817.7517
2026-09-16 06:12:00,2.341,2.344,2.341,2.344,3347.8,7843.9202
2026-09-16 06:13:00,2.344,2.347,2.344,2.347,4543.8,10661.47
2026-09-16 06:14:00,2.347,2.347,2.344,2.344,2186.5,5129.7139
2026-09-16 06:15:00,2.343,2.343,2.342,2.342,837.8,1962.4921
2026-09-16 06:16:00,2.342,2.343,2.342,2.343,6127.2,14352.4487
2026-09-16 06:17:00,2.344,2.347,2.344,2.346,6708.3,15735.3829
2026-09-16 06:18:00,2.345,2.347,2.345,2.347,2015.6,4728.6121
2026-09-16 06:19:00,2.346,2.346,2.345,2.346,427.2,1002.2089
2026-09-16 06:20:00,2.347,2.351,2.347,2.351,5624.5,13215.8776
2026-09-16 06:21:00,2.351,2.351,2.348,2.348,1170.4,2749.9188
2026-09-16 06:22:00,2.348,2.348,2.345,2.347,3292.2,7725.0781
2026-09-16 06:23:00,2.346,2.346,2.345,2.345,797.2,1870.0351
2026-09-16 06:24:00,2.345,2.345,2.342,2.342,2365.5,5542.5818
2026-09-16 06:25:00,2.341,2.342,2.34,2.342,3617.8,8472.4141
2026-09-16 06:26:00,2.342,2.343,2.341,2.342,2643.8,6190.8481
2026-09-16 06:27:00,2.341,2.341,2.34,2.34,999.7,2339.9811
2026-09-16 06:28:00,2.34,2.34,2.338,2.339,14700.7,34391.9031
2026-09-16 06:29:00,2.34,2.34,2.338,2.34,4016.7,9395.9578
2026-09-16 06:30:00,2.339,2.34,2.339,2.339,637.4,1491.3786
2026-09-16 06:31:00,2.339,2.34,2.337,2.337,7086.7,16569.2615
2026-09-16 06:32:00,2.338,2.338,2.336,2.337,1953.7,4566.4055
2026-09-16 06:33:00,2.338,2.343,2.336,2.343,7976.7,18663.4814
2026-09-16 06:34:00,2.342,2.342,2.335,2.339,9500.9,22215.0177
2026-09-16 06:35:00,2.338,2.34,2.337,2.338,5207.6,12177.15
2026-09-16 06:36:00,2.337,2.339,2.337,2.338,1431.9,3347.506
2026-09-16 06:37:00,2.337,2.337,2.333,2.334,5065.4,11828.1269
2026-09-16 06:38:00,2.333,2.334,2.33,2.331,19359.3,45143.169
2026-09-16 06:39:00,2.33,2.334,2.33,2.334,2907.2,6781.5483
2026-09-16 06:40:00,2.334,2.339,2.334,2.339,8397.4,19609.3491
2026-09-16 06:41:00,2.34,2.34,2.339,2.339,1291.9,3021.9839
2026-09-16 06:42:00,2.338,2.342,2.338,2.341,5113.9,11967.7896
2026-09-16 06:43:00,2.34,2.345,2.34,2.343,5194.6,12173.4882
2026-09-16 06:44:00,2.342,2.344,2.342,2.343,1404.0,3290.2838
2026-09-16 06:45:00,2.343,2.351,2.343,2.351,6885.2,16171.7015
2026-09-16 06:46:00,2.35,2.35,2.348,2.349,1811.9,4256.4001
2026-09-16 06:47:00,2.349,2.35,2.348,2.349,7006.2,16459.8744
2026-09-16 06:48:00,2.349,2.349,2.342,2.343,6940.9,16269.7493
2026-09-16 06:49:00,2.344,2.344,2.34,2.34,4452.4,10426.1974
2026-09-16 06:50:00,2.34,2.342,2.336,2.338,11533.3,26977.6725
2026-09-16 06:51:00,2.338,2.34,2.336,2.338,9856.1,23034.4298
2026-09-16 06:52:00,2.338,2.342,2.337,2.337,8441.4,19745.4699
2026-09-16 06:53:00,2.337,2.342,2.336,2.34,9088.8,21257.5436
2026-09-16 06:54:00,2.341,2.343,2.341,2.343,554.7,1299.1944
2026-09-16 06:55:00,2.343,2.343,2.343,2.343,509.3,1193.2899
2026-09-16 06:56:00,2.344,2.352,2.344,2.35,10926.0,25664.352
2026-09-16 06:57:00,2.35,2.35,2.347,2.348,5261.1,12355.3478
2026-09-16 06:58:00,2.349,2.349,2.344,2.347,30224.8,70931.5686
2026-09-16 06:59:00,2.348,2.355,2.348,2.354,8135.4,19138.8265
2026-09-16 07:00:00,2.354,2.355,2.35,2.354,6994.1,16459.4368
2026-09-16 07:01:00,2.355,2.358,2.355,2.357,2881.6,6790.4062
2026-09-16 07:02:00,2.357,2.358,2.357,2.358,3696.3,8714.2308
2026-09-16 07:03:00,2.359,2.363,2.358,2.361,16173.6,38191.4291
2026-09-16 07:04:00,2.361,2.364,2.358,2.358,20298.4,47930.0414
2026-09-16 07:05:00,2.358,2.365,2.355,2.364,8652.0,20428.9804
2026-09-16 07:06:00,2.364,2.375,2.364,2.372,37272.1,88361.7815
2026-09-16 07:07:00,2.372,2.376,2.37,2.37,17667.0,41926.4784
2026-09-16 07:08:00,2.37,2.371,2.363,2.371,27021.7,63931.5944
2026-09-16 07:09:00,2.371,2.373,2.365,2.365,25311.0,59927.1282
2026-09-16 07:10:00,2.366,2.366,2.357,2.36,36945.4,87186.4402
2026-09-16 07:11:00,2.36,2.363,2.358,2.359,11564.0,27290.086
2026-09-16 07:12:00,2.359,2.36,2.356,2.358,6820.2,16075.7943
2026-09-16 07:13:00,2.358,2.358,2.355,2.356,3760.8,8861.6853
2026-09-16 07:14:00,2.355,2.357,2.354,2.357,7150.1,16838.4971
2026-09-16 07:15:00,2.358,2.362,2.358,2.362,3259.4,7694.5827
2026-09-16 07:16:00,2.362,2.362,2.355,2.356,17577.3,41451.706
2026-09-16 07:17:00,2.356,2.357,2.354,2.354,5344.9,12590.1668
2026-09-16 07:18:00,2.354,2.354,2.349,2.35,9239.3,21717.1022
2026-09-16 07:19:00,2.351,2.351,2.345,2.346,5546.3,13026.3437
2026-09-16 07:20:00,2.346,2.349,2.346,2.349,5043.3,11841.699
2026-09-16 07:21:00,2.35,2.351,2.343,2.343,30821.4,72361.6138
2026-09-16 07:22:00,2.343,2.347,2.343,2.347,13694.9,32112.1109
2026-09-16 07:23:00,2.347,2.347,2.345,2.346,5423.9,12724.3601
2026-09-16 07:24:00,2.345,2.35,2.345,2.347,22177.9,52078.1216
2026-09-16 07:25:00,2.347,2.352,2.347,2.348,14344.6,33711.3893
2026-09-16 07:26:00,2.348,2.349,2.347,2.347,22315.6,52415.7693
2026-09-16 07:27:00,2.346,2.346,2.343,2.344,7296.8,17107.109
2026-09-16 07:28:00,2.344,2.344,2.343,2.343,1821.1,4267.3949
2026-09-16 07:29:00,2.342,2.342,2.34,2.342,3263.4,7639.2664
2026-09-16 07:30:00,2.342,2.344,2.34,2.34,4572.9,10710.8752
2026-09-16 07:31:00,2.341,2.343,2.336,2.339,10800.8,25260.9673
2026-09-16 07:32:00,2.34,2.341,2.34,2.34,3512.8,8220.7312
2026-09-16 07:33:00,2.339,2.34,2.336,2.338,2872.7,6712.7999
2026-09-16 07:34:00,2.338,2.341,2.338,2.339,8656.8,20253.6217
2026-09-16 07:35:00,2.339,2.342,2.337,2.342,3551.7,8313.079
2026-09-16 07:36:00,2.341,2.341,2.338,2.34,10297.4,24090.3169
2026-09-16 07:37:00,2.34,2.342,2.34,2.341,3206.2,7504.2567
2026-09-16 07:38:00,2.341,2.341,2.34,2.34,3386.4,7927.3749
2026-09-16 07:39:00,2.34,2.343,2.34,2.343,8365.5,19592.0918
2026-09-16 07:40:00,2.344,2.348,2.344,2.348,1714.9,4024.1279
2026-09-16 07:41:00,2.347,2.347,2.342,2.343,6581.8,15430.2068
2026-09-16 07:42:00,2.342,2.343,2.34,2.341,3040.3,7117.8986
2026-09-16 07:43:00,2.341,2.341,2.336,2.337,2150.2,5026.6851
2026-09-16 07:44:00,2.336,2.336,2.331,2.334,25143.6,58667.3162
2026-09-16 07:45:00,2.333,2.335,2.332,2.334,12144.8,28341.0659
2026-09-16 07:46:00,2.335,2.336,2.333,2.335,4243.2,9903.4488
2026-09-16 07:47:00,2.336,2.336,2.335,2.336,711.1,1660.9299
2026-09-16 07:48:00,2.336,2.336,2.334,2.334,3029.8,7074.1376
2026-09-16 07:49:00,2.333,2.336,2.333,2.336,3684.7,8602.5953
2026-09-16 07:50:00,2.336,2.337,2.332,2.333,3675.7,8577.97
2026-09-16 07:51:00,2.332,2.333,2.331,2.333,412.2,961.2641
2026-09-16 07:52:00,2.333,2.334,2.333,2.333,1134.2,2646.0908
2026-09-16 07:53:00,2.334,2.335,2.334,2.335,2126.2,4964.1901
2026-09-16 07:54:00,2.334,2.335,2.334,2.334,2269.7,5297.6166
2026-09-16 07:55:00,2.334,2.335,2.334,2.334,1292.3,3016.8528
2026-09-16 07:56:00,2.334,2.336,2.333,2.333,2633.5,6148.1828
2026-09-16 07:57:00,2.333,2.334,2.332,2.334,2263.1,5278.9877
2026-09-16 07:58:00,2.335,2.335,2.331,2.333,16237.0,37874.1449
2026-09-16 07:59:00,2.333,2.334,2.333,2.333,2667.8,6225.6782
2026-09-16 08:00:00,2.332,2.333,2.332,2.332,791.5,1846.2408
2026-09-16 08:01:00,2.332,2.332,2.331,2.331,3399.2,7924.1882
2026-09-16 08:02:00,2.332,2.332,2.329,2.329,3270.8,7622.2705
2026-09-16 08:03:00,2.328,2.329,2.324,2.325,20646.3,48029.4234
2026-09-16 08:04:00,2.326,2.326,2.324,2.325,1100.5,2558.3015
2026-09-16 08:05:00,2.324,2.325,2.321,2.323,9348.5,21714.2103
2026-09-16 08:06:00,2.323,2.323,2.317,2.321,11196.6,25970.8684
2026-09-16 08:07:00,2.321,2.321,2.318,2.319,25612.1,59396.0116
2026-09-16 08:08:00,2.319,2.321,2.318,2.321,3711.1,8606.5652
2026-09-16 08:09:00,2.32,2.328,2.32,2.327,23000.3,53472.3124
2026-09-16 08:10:00,2.327,2.329,2.327,2.328,3107.4,7232.6681
2026-09-16 08:11:00,2.328,2.328,2.325,2.327,1270.0,2953.8089
2026-09-16 08:12:00,2.327,2.334,2.327,2.333,12600.1,29385.9745
2026-09-16 08:13:00,2.333,2.333,2.326,2.327,6466.0,15058.7877
2026-09-16 08:14:00,2.327,2.327,2.324,2.325,2428.2,5647.0435
2026-09-16 08:15:00,2.325,2.332,2.325,2.33,9289.2,21628.0145
2026-09-16 08:16:00,2.33,2.33,2.329,2.33,2463.2,5738.8566
2026-09-16 08:17:00,2.331,2.333,2.329,2.331,14475.1,33736.7174
2026-09-16 08:18:00,2.332,2.333,2.328,2.328,7615.8,17755.8225
2026-09-16 08:19:00,2.327,2.332,2.325,2.331,15814.4,36840.8155
2026-09-16 08:20:00,2.33,2.332,2.327,2.328,7569.5,17629.7326
2026-09-16 08:21:00,2.328,2.333,2.327,2.332,3760.9,8761.3424
2026-09-16 08:22:00,2.331,2.333,2.329,2.333,1679.2,3914.3566
2026-09-16 08:23:00,2.333,2.333,2.327,2.327,3652.4,8511.0228
2026-09-16 08:24:00,2.327,2.328,2.327,2.328,2495.4,5807.9775
2026-09-16 08:25:00,2.327,2.33,2.325,2.327,18166.2,42281.7889
2026-09-16 08:26:00,2.327,2.327,2.323,2.324,7665.9,17818.975
2026-09-16 08:27:00,2.325,2.327,2.325,2.326,2156.9,5017.5904
2026-09-16 08:28:00,2.327,2.33,2.326,2.329,4073.3,9483.3847
2026-09-16 08:29:00,2.329,2.329,2.319,2.321,73605.8,170945.5995
2026-09-16 08:30:00,2.321,2.321,2.312,2.318,85124.8,197009.829
2026-09-16 08:31:00,2.319,2.32,2.315,2.315,8167.5,18934.3922
2026-09-16 08:32:00,2.315,2.317,2.313,2.316,9599.4,22221.4907
2026-09-16 08:33:00,2.315,2.315,2.312,2.312,4526.4,10475.088
2026-09-16 08:34:00,2.313,2.318,2.313,2.318,5750.2,13312.2273
2026-09-16 08:35:00,2.319,2.319,2.316,2.316,6003.4,13909.1661
2026-09-16 08:36:00,2.316,2.319,2.315,2.318,4453.2,10318.327
2026-09-16 08:37:00,2.318,2.32,2.317,2.32,16038.1,37198.2275
2026-09-16 08:38:00,2.32,2.32,2.319,2.32,6435.8,14930.673
2026-09-16 08:39:00,2.319,2.325,2.318,2.324,11814.6,27429.2762
2026-09-16 08:40:00,2.324,2.327,2.323,2.327,6811.4,15840.1964
2026-09-16 08:41:00,2.327,2.332,2.327,2.332,2704.7,6301.6443
2026-09-16 08:42:00,2.331,2.333,2.331,2.332,25676.4,59874.0021
2026-09-16 08:43:00,2.332,2.335,2.332,2.335,8586.0,20032.9576
2026-09-16 08:44:00,2.334,2.339,2.334,2.338,6242.7,14591.29
2026-09-16 08:45:00,2.339,2.34,2.338,2.34,2846.1,6655.2754
2026-09-16 08:46:00,2.339,2.346,2.339,2.345,9162.3,21471.1015
2026-09-16 08:47:00,2.344,2.346,2.342,2.342,10409.1,24392.4468
2026-09-16 08:48:00,2.342,2.344,2.338,2.344,12847.0,30078.2067
2026-09-16 08:49:00,2.344,2.347,2.343,2.347,16069.7,37689.2223
2026-09-16 08:50:00,2.347,2.35,2.347,2.349,14311.8,33608.7364
2026-09-16 08:51:00,2.348,2.349,2.344,2.347,12081.4,28349.2732
2026-09-16 08:52:00,2.347,2.349,2.345,2.345,5813.3,13646.6246
2026-09-16 08:53:00,2.346,2.347,2.341,2.343,9824.5,23027.1727
2026-09-16 08:54:00,2.343,2.347,2.341,2.347,15212.7,35646.0503
2026-09-16 08:55:00,2.346,2.347,2.346,2.346,1087.4,2551.43
2026-09-16 08:56:00,2.346,2.351,2.346,2.35,17729.2,41639.2362
2026-09-16 08:57:00,2.35,2.352,2.35,2.352,1734.2,4077.8275
2026-09-16 08:58:00,2.352,2.352,2.351,2.351,1512.1,3555.8164
2026-09-16 08:59:00,2.351,2.352,2.349,2.352,5333.0,12534.0541
2026-09-16 09:00:00,2.352,2.367,2.352,2.363,74159.0,174978.5248
2026-09-16 09:01:00,2.362,2.367,2.362,2.363,24661.0,58290.7102
2026-09-16 09:02:00,2.363,2.364,2.36,2.36,20360.6,48089.5504
2026-09-16 09:03:00,2.359,2.373,2.358,2.37,181796.5,430269.4101
2026-09-16 09:04:00,2.37,2.378,2.37,2.375,45853.6,108816.9083
2026-09-16 09:05:00,2.375,2.377,2.371,2.372,35718.3,84799.8364
2026-09-16 09:06:00,2.372,2.38,2.364,2.38,47972.6,113767.9459
2026-09-16 09:07:00,2.379,2.382,2.372,2.374,20748.2,49328.1322
2026-09-16 09:08:00,2.374,2.374,2.37,2.371,8486.6,20123.8168
2026-09-16 09:09:00,2.372,2.377,2.37,2.377,32503.5,77054.1219
2026-09-16 09:10:00,2.376,2.377,2.373,2.375,7007.9,16644.0161
2026-09-16 09:11:00,2.375,2.381,2.375,2.377,13419.1,31896.8776
2026-09-16 09:12:00,2.378,2.378,2.374,2.375,19405.7,46105.9236
2026-09-16 09:13:00,2.374,2.379,2.374,2.375,11437.1,27171.6846
2026-09-16 09:14:00,2.376,2.38,2.376,2.377,12090.4,28759.4514
2026-09-16 09:15:00,2.376,2.379,2.376,2.379,11902.9,28303.4185
2026-09-16 09:16:00,2.379,2.383,2.379,2.38,10124.8,24113.699
2026-09-16 09:17:00,2.379,2.381,2.376,2.38,14885.0,35405.411
2026-09-16 09:18:00,2.38,2.406,2.38,2.4,148331.5,355543.926
2026-09-16 09:19:00,2.4,2.406,2.399,2.403,45903.3,110310.0974
2026-09-16 09:20:00,2.402,2.411,2.402,2.404,49735.6,119767.8032
2026-09-16 09:21:00,2.403,2.403,2.397,2.398,17810.7,42737.3993
2026-09-16 09:22:00,2.398,2.406,2.398,2.404,22324.6,53638.8128
2026-09-16 09:23:00,2.404,2.404,2.4,2.401,8083.1,19408.9265
2026-09-16 09:24:00,2.401,2.407,2.401,2.407,15701.5,37755.6224
2026-09-16 09:25:00,2.407,2.412,2.404,2.41,40519.2,97565.222
2026-09-16 09:26:00,2.409,2.412,2.406,2.409,35507.1,85537.0558
2026-09-16 09:27:00,2.408,2.408,2.405,2.408,10221.0,24594.8266
2026-09-16 09:28:00,2.408,2.416,2.407,2.412,24480.5,59052.0141
2026-09-16 09:29:00,2.412,2.419,2.41,2.418,136171.5,329110.3299
2026-09-16 09:30:00,2.417,2.42,2.408,2.409,71406.3,172482.187
2026-09-16 09:31:00,2.41,2.416,2.4,2.411,132667.9,319139.9369
2026-09-16 09:32:00,2.411,2.415,2.41,2.412,14611.6,35267.2826
2026-09-16 09:33:00,2.412,2.415,2.407,2.412,53348.0,128656.2721
2026-09-16 09:34:00,2.412,2.417,2.41,2.41,22132.5,53433.8618
2026-09-16 09:35:00,2.41,2.411,2.407,2.41,10075.9,24271.9222
2026-09-16 09:36:00,2.41,2.416,2.41,2.411,13350.5,32220.717
2026-09-16 09:37:00,2.411,2.413,2.408,2.41,8552.0,20619.3395
2026-09-16 09:38:00,2.411,2.417,2.41,2.415,46209.1,111608.4715
2026-09-16 09:39:00,2.414,2.42,2.414,2.419,10791.1,26084.8818
2026-09-16 09:40:00,2.419,2.42,2.416,2.418,19859.7,48019.9804
2026-09-16 09:41:00,2.418,2.419,2.414,2.418,25579.9,61806.5339
2026-09-16 09:42:00,2.418,2.418,2.413,2.413,10200.5,24643.2831
2026-09-16 09:43:00,2.414,2.418,2.413,2.413,8728.3,21084.9036
2026-09-16 09:44:00,2.413,2.418,2.412,2.416,26079.8,62992.0743
2026-09-16 09:45:00,2.416,2.416,2.413,2.413,8102.4,19564.2822
2026-09-16 09:46:00,2.414,2.418,2.412,2.412,22409.4,54135.6932
2026-09-16 09:47:00,2.413,2.414,2.412,2.413,6762.0,16316.1662
2026-09-16 09:48:00,2.414,2.419,2.414,2.418,27853.5,67340.3982
2026-09-16 09:49:00,2.418,2.421,2.414,2.416,25901.2,62633.3673
2026-09-16 09:50:00,2.417,2.422,2.417,2.418,24931.6,60315.4681
2026-09-16 09:51:00,2.418,2.421,2.415,2.419,11746.1,28405.5905
2026-09-16 09:52:00,2.419,2.425,2.418,2.425,11870.7,28754.8966
2026-09-16 09:53:00,2.425,2.428,2.424,2.424,22800.8,55312.6366
2026-09-16 09:54:00,2.424,2.427,2.424,2.427,24223.3,58777.936
2026-09-16 09:55:00,2.428,2.429,2.424,2.425,17481.6,42428.2589
2026-09-16 09:56:00,2.426,2.427,2.424,2.426,9301.4,22563.6188
2026-09-16 09:57:00,2.427,2.427,2.419,2.422,6204.3,15025.3438
2026-09-16 09:58:00,2.423,2.425,2.421,2.422,5479.0,13274.7472
2026-09-16 09:59:00,2.422,2.426,2.422,2.426,6443.9,15617.5337
2026-09-16 10:00:00,2.425,2.427,2.424,2.425,6759.7,16395.0825
2026-09-16 10:01:00,2.424,2.426,2.421,2.425,28764.3,69730.7573
2026-09-16 10:02:00,2.424,2.427,2.422,2.423,21347.5,51754.5961
2026-09-16 10:03:00,2.422,2.427,2.422,2.425,22165.6,53755.3186
2026-09-16 10:04:00,2.425,2.425,2.42,2.422,11152.6,27011.8478
2026-09-16 10:05:00,2.422,2.422,2.415,2.415,17685.4,42769.24
2026-09-16 10:06:00,2.416,2.424,2.416,2.423,31442.0,76106.7401
2026-09-16 10:07:00,2.424,2.434,2.42,2.434,33192.0,80559.6065
2026-09-16 10:08:00,2.434,2.434,2.421,2.422,25080.0,60887.9392
2026-09-16 10:09:00,2.423,2.425,2.408,2.408,40554.2,97950.0375
2026-09-16 10:10:00,2.409,2.411,2.408,2.409,24594.5,59252.2575
2026-09-16 10:11:00,2.408,2.417,2.405,2.414,58336.2,140594.1747
2026-09-16 10:12:00,2.414,2.415,2.407,2.407,17022.9,41040.4699
2026-09-16 10:13:00,2.408,2.412,2.408,2.41,10765.1,25945.1766
2026-09-16 10:14:00,2.41,2.41,2.406,2.409,14278.7,34378.2476
2026-09-16 10:15:00,2.408,2.411,2.407,2.411,7751.7,18674.1452
2026-09-16 10:16:00,2.411,2.417,2.411,2.416,15633.1,37742.1251
2026-09-16 10:17:00,2.415,2.421,2.415,2.419,24851.8,60082.9915
2026-09-16 10:18:00,2.419,2.423,2.413,2.422,32962.6,79699.3397
2026-09-16 10:19:00,2.422,2.425,2.42,2.421,27558.5,66757.9479
2026-09-16 10:20:00,2.422,2.424,2.42,2.421,14932.7,36167.8502
2026-09-16 10:21:00,2.421,2.424,2.421,2.424,5878.3,14242.2802
2026-09-16 10:22:00,2.423,2.425,2.419,2.421,30172.0,73053.948
2026-09-16 10:23:00,2.422,2.422,2.419,2.42,21854.3,52890.0727
2026-09-16 10:24:00,2.42,2.423,2.418,2.419,26635.4,64464.4743
2026-09-16 10:25:00,2.42,2.422,2.419,2.421,17316.9,41917.4208
2026-09-16 10:26:00,2.421,2.428,2.421,2.427,29085.7,70526.1339
2026-09-16 10:27:00,2.427,2.428,2.426,2.427,12194.8,29596.0628
2026-09-16 10:28:00,2.427,2.427,2.424,2.424,14782.2,35855.964
2026-09-16 10:29:00,2.425,2.425,2.421,2.424,17648.7,42763.8614
2026-09-16 10:30:00,2.424,2.428,2.424,2.426,26235.5,63637.8069
2026-09-16 10:31:00,2.425,2.425,2.421,2.424,24898.8,60326.2273
2026-09-16 10:32:00,2.425,2.425,2.424,2.424,5937.1,14391.7419
2026-09-16 10:33:00,2.424,2.43,2.424,2.429,32089.3,77892.591
2026-09-16 10:34:00,2.43,2.435,2.429,2.43,43621.2,106122.8788
2026-09-16 10:35:00,2.43,2.431,2.427,2.427,20400.1,49546.9032
2026-09-16 10:36:00,2.427,2.428,2.425,2.425,8574.1,20809.0824
2026-09-16 10:37:00,2.425,2.427,2.425,2.426,11641.0,28241.2521
2026-09-16 10:38:00,2.427,2.427,2.424,2.426,9635.6,23373.5684
2026-09-16 10:39:00,2.425,2.427,2.424,2.427,19746.7,47907.2329
2026-09-16 10:40:00,2.426,2.427,2.426,2.427,8246.0,20008.3757
2026-09-16 10:41:00,2.427,2.428,2.425,2.427,17950.5,43556.4622
2026-09-16 10:42:00,2.426,2.431,2.426,2.431,15091.2,36655.1879
2026-09-16 10:43:00,2.43,2.432,2.427,2.427,20101.4,48835.9006
2026-09-16 10:44:00,2.428,2.429,2.425,2.428,23154.3,56200.8585
2026-09-16 10:45:00,2.428,2.429,2.427,2.427,11258.2,27332.3084
2026-09-16 10:46:00,2.427,2.427,2.423,2.424,16688.5,40467.9065
2026-09-16 10:47:00,2.424,2.426,2.423,2.425,8050.1,19515.8218
2026-09-16 10:48:00,2.426,2.428,2.425,2.427,7328.8,17786.372
2026-09-16 10:49:00,2.428,2.431,2.426,2.43,17893.6,43453.6868
2026-09-16 10:50:00,2.431,2.436,2.431,2.436,13147.4,31991.9092
2026-09-16 10:51:00,2.435,2.438,2.434,2.437,20735.9,50502.7527
2026-09-16 10:52:00,2.436,2.437,2.434,2.435,16445.7,40051.5796
2026-09-16 10:53:00,2.436,2.442,2.435,2.439,38486.8,93879.5145
2026-09-16 10:54:00,2.438,2.443,2.435,2.435,34703.1,84646.2593
2026-09-16 10:55:00,2.436,2.436,2.43,2.43,17580.7,42783.3927
2026-09-16 10:56:00,2.431,2.433,2.429,2.429,19434.1,47258.0373
2026-09-16 10:57:00,2.43,2.433,2.429,2.433,19283.2,46900.9432
2026-09-16 10:58:00,2.432,2.434,2.431,2.433,14349.6,34907.7342
2026-09-16 10:59:00,2.432,2.442,2.43,2.442,51127.3,124636.864
2026-09-16 11:00:00,2.442,2.453,2.44,2.448,83129.3,203364.5287
2026-09-16 11:01:00,2.448,2.449,2.44,2.44,43343.6,105933.9352
2026-09-16 11:02:00,2.441,2.445,2.44,2.445,35219.9,86023.5149
2026-09-16 11:03:00,2.444,2.446,2.44,2.445,32962.1,80523.8137
2026-09-16 11:04:00,2.445,2.448,2.442,2.444,26438.7,64640.0299
2026-09-16 11:05:00,2.443,2.444,2.439,2.439,29415.8,71824.1798
2026-09-16 11:06:00,2.44,2.44,2.434,2.437,19281.1,46968.7978
2026-09-16 11:07:00,2.436,2.437,2.431,2.433,51410.5,125082.1894
2026-09-16 11:08:00,2.434,2.437,2.432,2.436,18388.3,44753.2777
2026-09-16 11:09:00,2.436,2.436,2.433,2.435,14237.0,34660.8554
2026-09-16 11:10:00,2.435,2.437,2.434,2.437,16893.0,41142.3295
2026-09-16 11:11:00,2.436,2.439,2.436,2.437,11641.5,28378.3324
2026-09-16 11:12:00,2.438,2.438,2.434,2.437,32035.4,78031.9103
2026-09-16 11:13:00,2.437,2.437,2.435,2.436,24342.3,59290.8692
2026-09-16 11:14:00,2.437,2.442,2.436,2.442,13989.5,34124.033
2026-09-16 11:15:00,2.442,2.442,2.433,2.434,33096.8,80674.1784
2026-09-16 11:16:00,2.434,2.443,2.433,2.441,26760.0,65266.5478
2026-09-16 11:17:00,2.442,2.444,2.436,2.443,33372.7,81423.676
2026-09-16 11:18:00,2.442,2.453,2.442,2.45,42810.6,104782.5754
2026-09-16 11:19:00,2.45,2.456,2.449,2.453,33538.2,82277.8765
2026-09-16 11:20:00,2.453,2.458,2.453,2.457,28076.3,68952.5592
2026-09-16 11:21:00,2.456,2.459,2.455,2.455,23623.9,58045.5387
2026-09-16 11:22:00,2.455,2.456,2.452,2.456,18188.9,44637.5485
2026-09-16 11:23:00,2.456,2.459,2.456,2.459,30001.3,73729.7164
2026-09-16 11:24:00,2.458,2.458,2.454,2.454,26015.5,63902.7966
2026-09-16 11:25:00,2.454,2.454,2.449,2.449,28206.8,69112.3393
2026-09-16 11:26:00,2.449,2.452,2.446,2.447,54312.0,133018.888
2026-09-16 11:27:00,2.448,2.448,2.446,2.447,4658.2,11399.6447
2026-09-16 11:28:00,2.448,2.448,2.443,2.443,8637.1,21122.1921
2026-09-16 11:29:00,2.444,2.448,2.444,2.448,20369.4,49804.1455
2026-09-16 11:30:00,2.447,2.453,2.447,2.452,25060.6,61402.1574
2026-09-16 11:31:00,2.451,2.456,2.45,2.453,72049.9,176773.0183
2026-09-16 11:32:00,2.453,2.453,2.445,2.449,37155.5,90980.0843
2026-09-16 11:33:00,2.449,2.451,2.446,2.446,28499.9,69817.1439
2026-09-16 11:34:00,2.447,2.455,2.446,2.455,22770.3,55812.1073
2026-09-16 11:35:00,2.454,2.456,2.45,2.455,19065.0,46757.6323
2026-09-16 11:36:00,2.455,2.456,2.45,2.455,17701.8,43425.7096
2026-09-16 11:37:00,2.455,2.455,2.447,2.449,20492.4,50227.2256
2026-09-16 11:38:00,2.448,2.449,2.446,2.446,11235.7,27497.095
2026-09-16 11:39:00,2.447,2.448,2.446,2.448,12430.0,30422.4686
2026-09-16 11:40:00,2.448,2.45,2.445,2.449,45636.0,111711.1026
2026-09-16 11:41:00,2.448,2.454,2.448,2.454,16053.8,39371.1579
2026-09-16 11:42:00,2.454,2.457,2.453,2.456,16906.4,41506.7893
2026-09-16 11:43:00,2.456,2.459,2.453,2.459,60481.6,148507.4262
2026-09-16 11:44:00,2.458,2.46,2.456,2.459,16469.3,40478.6091
2026-09-16 11:45:00,2.458,2.459,2.453,2.457,32346.2,79459.5443
2026-09-16 11:46:00,2.458,2.464,2.458,2.46,40043.9,98507.2117
2026-09-16 11:47:00,2.461,2.464,2.46,2.46,31413.9,77330.5354
2026-09-16 11:48:00,2.46,2.462,2.457,2.461,32393.0,79667.331
2026-09-16 11:49:00,2.462,2.464,2.462,2.462,34420.4,84774.6931
2026-09-16 11:50:00,2.463,2.47,2.461,2.469,72817.8,179586.8061
2026-09-16 11:51:00,2.469,2.477,2.469,2.474,47842.0,118321.3311
2026-09-16 11:52:00,2.474,2.476,2.471,2.475,26004.7,64341.039
2026-09-16 11:53:00,2.474,2.479,2.474,2.475,43411.5,107518.9269
2026-09-16 11:54:00,2.475,2.477,2.472,2.475,33681.1,83346.7162
2026-09-16 11:55:00,2.475,2.475,2.47,2.473,39205.8,96960.2091
2026-09-16 11:56:00,2.473,2.478,2.472,2.474,24781.1,61331.958
2026-09-16 11:57:00,2.475,2.488,2.475,2.485,74180.2,184226.5596
2026-09-16 11:58:00,2.485,2.485,2.482,2.484,16629.6,41308.5967
2026-09-16 11:59:00,2.484,2.487,2.484,2.486,32963.6,81925.2731
2026-09-16 12:00:00,2.485,2.487,2.482,2.486,48788.5,121220.7163
2026-09-16 12:01:00,2.486,2.495,2.486,2.492,70976.8,176861.4461
2026-09-16 12:02:00,2.492,2.493,2.487,2.487,21251.7,52912.5614
2026-09-16 12:03:00,2.487,2.493,2.483,2.483,43883.1,109204.7361
2026-09-16 12:04:00,2.482,2.484,2.479,2.479,54585.9,135408.7873
2026-09-16 12:05:00,2.48,2.48,2.473,2.479,57238.6,141731.7388
2026-09-16 12:06:00,2.48,2.484,2.473,2.473,25826.7,64017.5361
2026-09-16 12:07:00,2.474,2.478,2.473,2.473,28903.7,71528.0791
2026-09-16 12:08:00,2.474,2.476,2.468,2.471,34061.1,84187.0271
2026-09-16 12:09:00,2.47,2.47,2.463,2.464,14137.2,34870.9471
2026-09-16 12:10:00,2.464,2.465,2.461,2.462,33905.8,83529.4051
2026-09-16 12:11:00,2.462,2.467,2.462,2.465,15262.1,37611.3303
2026-09-16 12:12:00,2.465,2.466,2.462,2.462,15040.7,37061.4421
2026-09-16 12:13:00,2.462,2.464,2.46,2.462,26971.5,66380.6851
2026-09-16 12:14:00,2.462,2.465,2.462,2.464,22018.3,54245.9963
2026-09-16 12:15:00,2.464,2.471,2.464,2.468,38039.2,93854.0825
2026-09-16 12:16:00,2.467,2.469,2.466,2.469,11765.1,29022.6245
2026-09-16 12:17:00,2.469,2.472,2.467,2.468,32413.3,80047.0668
2026-09-16 12:18:00,2.469,2.469,2.464,2.464,26732.1,65943.1503
2026-09-16 12:19:00,2.464,2.468,2.463,2.466,33258.5,81993.9483
2026-09-16 12:20:00,2.467,2.468,2.462,2.464,19051.7,46951.19
2026-09-16 12:21:00,2.463,2.465,2.462,2.465,16647.2,41016.7986
2026-09-16 12:22:00,2.464,2.468,2.463,2.468,15217.1,37528.0381
2026-09-16 12:23:00,2.468,2.468,2.461,2.467,20583.6,50734.0106
2026-09-16 12:24:00,2.466,2.466,2.453,2.456,56383.1,138635.7126
2026-09-16 12:25:00,2.456,2.459,2.455,2.457,28672.1,70457.0982
2026-09-16 12:26:00,2.458,2.462,2.458,2.46,14372.4,35348.2503
2026-09-16 12:27:00,2.46,2.467,2.46,2.464,25401.0,62581.9657
2026-09-16 12:28:00,2.464,2.465,2.456,2.461,28494.0,70105.7022
2026-09-16 12:29:00,2.462,2.467,2.461,2.466,9227.5,22730.3551
2026-09-16 12:30:00,2.466,2.466,2.459,2.46,35306.8,86969.5219
2026-09-16 12:31:00,2.46,2.463,2.457,2.457,24926.2,61295.4185
2026-09-16 12:32:00,2.457,2.457,2.448,2.449,54397.7,133321.9504
2026-09-16 12:33:00,2.45,2.466,2.45,2.466,44569.2,109524.8482
2026-09-16 12:34:00,2.466,2.467,2.463,2.466,33857.5,83444.0395
2026-09-16 12:35:00,2.466,2.471,2.465,2.471,39516.3,97473.3168
2026-09-16 12:36:00,2.471,2.478,2.471,2.476,36177.8,89545.079
2026-09-16 12:37:00,2.476,2.487,2.476,2.48,72386.3,179587.7512
2026-09-16 12:38:00,2.481,2.481,2.473,2.474,24325.1,60215.9728
2026-09-16 12:39:00,2.474,2.478,2.471,2.473,42085.2,104147.5858
2026-09-16 12:40:00,2.474,2.48,2.472,2.478,31808.6,78730.8446
2026-09-16 12:41:00,2.478,2.481,2.477,2.479,30551.6,75740.1491
2026-09-16 12:42:00,2.479,2.479,2.473,2.474,15524.8,38432.1658
2026-09-16 12:43:00,2.474,2.476,2.474,2.476,18521.7,45839.8925
2026-09-16 12:44:00,2.475,2.476,2.469,2.469,12993.0,32134.27
2026-09-16 12:45:00,2.469,2.476,2.469,2.476,24655.4,60934.8208
2026-09-16 12:46:00,2.475,2.477,2.472,2.475,47805.6,118307.1737
2026-09-16 12:47:00,2.475,2.48,2.474,2.478,27664.4,68511.5469
2026-09-16 12:48:00,2.478,2.478,2.474,2.474,9005.7,22300.4366
2026-09-16 12:49:00,2.475,2.477,2.473,2.475,19912.4,49291.1994
2026-09-16 12:50:00,2.476,2.48,2.475,2.48,52344.7,129664.9037
2026-09-16 12:51:00,2.479,2.48,2.471,2.475,62524.9,154681.3109
2026-09-16 12:52:00,2.476,2.479,2.476,2.479,19906.5,49313.1102
2026-09-16 12:53:00,2.478,2.481,2.477,2.478,23919.2,59294.2197
2026-09-16 12:54:00,2.478,2.48,2.477,2.477,44064.8,109196.0852
2026-09-16 12:55:00,2.478,2.478,2.466,2.473,58781.2,145241.8581
2026-09-16 12:56:00,2.473,2.477,2.473,2.476,21139.7,52323.3644
2026-09-16 12:57:00,2.477,2.477,2.472,2.473,24429.8,60464.6015
2026-09-16 12:58:00,2.473,2.477,2.473,2.475,25518.7,63165.2241
2026-09-16 12:59:00,2.475,2.479,2.474,2.478,60766.7,150453.4798
2026-09-16 13:00:00,2.477,2.48,2.472,2.474,51727.3,128055.1613
2026-09-16 13:01:00,2.474,2.474,2.468,2.471,35276.7,87188.9005
2026-09-16 13:02:00,2.471,2.471,2.465,2.467,37772.4,93213.5433
2026-09-16 13:03:00,2.468,2.469,2.462,2.464,55617.3,137154.3556
2026-09-16 13:04:00,2.465,2.465,2.456,2.459,86814.0,213577.7033
2026-09-16 13:05:00,2.459,2.469,2.459,2.467,141279.4,347825.7643
2026-09-16 13:06:00,2.467,2.471,2.465,2.47,54197.9,133789.6818
2026-09-16 13:07:00,2.47,2.473,2.467,2.471,42432.8,104794.4412
2026-09-16 13:08:00,2.471,2.471,2.463,2.465,27234.9,67202.1736
2026-09-16 13:09:00,2.465,2.465,2.462,2.462,18313.0,45120.6982
2026-09-16 13:10:00,2.462,2.463,2.457,2.462,54738.8,134618.3915
2026-09-16 13:11:00,2.461,2.468,2.461,2.468,25862.2,63723.8098
2026-09-16 13:12:00,2.467,2.468,2.458,2.459,91762.5,225812.9808
2026-09-16 13:13:00,2.46,2.469,2.46,2.468,60058.8,148040.9787
2026-09-16 13:14:00,2.468,2.472,2.465,2.472,18074.3,44619.6332
2026-09-16 13:15:00,2.471,2.472,2.465,2.472,21122.1,52123.5378
2026-09-16 13:16:00,2.473,2.475,2.47,2.471,19894.3,49199.206
2026-09-16 13:17:00,2.471,2.471,2.466,2.469,16892.5,41692.5974
2026-09-16 13:18:00,2.47,2.471,2.467,2.468,25816.5,63747.052
2026-09-16 13:19:00,2.467,2.469,2.461,2.463,37995.3,93633.0119
2026-09-16 13:20:00,2.463,2.463,2.46,2.462,30460.7,74974.995
2026-09-16 13:21:00,2.462,2.466,2.461,2.463,44056.7,108538.9693
2026-09-16 13:22:00,2.464,2.467,2.463,2.463,14406.4,35512.5647
2026-09-16 13:23:00,2.463,2.463,2.46,2.461,29073.2,71561.8645
2026-09-16 13:24:00,2.461,2.464,2.461,2.462,15494.7,38163.7042
2026-09-16 13:25:00,2.462,2.466,2.461,2.464,51489.7,126824.4469
2026-09-16 13:26:00,2.464,2.466,2.463,2.463,29826.3,73510.4107
2026-09-16 13:27:00,2.464,2.468,2.464,2.468,83900.8,206865.2961
2026-09-16 13:28:00,2.468,2.468,2.464,2.465,23729.7,58503.8642
2026-09-16 13:29:00,2.464,2.464,2.461,2.463,16723.3,41187.2308
2026-09-16 13:30:00,2.462,2.466,2.452,2.453,60032.2,147577.3809
2026-09-16 13:31:00,2.454,2.461,2.449,2.45,37503.3,92096.4167
2026-09-16 13:32:00,2.451,2.453,2.446,2.448,67730.4,165873.6303
2026-09-16 13:33:00,2.448,2.448,2.436,2.442,88266.9,215486.6849
2026-09-16 13:34:00,2.442,2.449,2.441,2.448,44317.4,108328.06
2026-09-16 13:35:00,2.448,2.455,2.447,2.452,42945.7,105317.6862
2026-09-16 13:36:00,2.452,2.452,2.449,2.449,18224.1,44656.287
2026-09-16 13:37:00,2.449,2.45,2.445,2.446,37086.6,90759.093
2026-09-16 13:38:00,2.447,2.448,2.445,2.448,29109.8,71204.6819
2026-09-16 13:39:00,2.448,2.453,2.448,2.45,46397.9,113687.905
2026-09-16 13:40:00,2.45,2.455,2.449,2.453,26133.6,64103.2792
2026-09-16 13:41:00,2.453,2.467,2.452,2.466,35486.8,87315.6929
2026-09-16 13:42:00,2.466,2.468,2.461,2.467,23195.8,57157.2673
2026-09-16 13:43:00,2.468,2.469,2.467,2.468,18787.2,46368.7733
2026-09-16 13:44:00,2.467,2.472,2.467,2.47,32065.1,79195.662
2026-09-16 13:45:00,2.469,2.482,2.469,2.48,77692.0,192461.9081
2026-09-16 13:46:00,2.481,2.485,2.476,2.481,88667.5,219981.0484
2026-09-16 13:47:00,2.481,2.496,2.48,2.492,115463.5,287456.2024
2026-09-16 13:48:00,2.492,2.494,2.489,2.49,68240.5,170019.2529
2026-09-16 13:49:00,2.49,2.497,2.486,2.497,71561.7,178295.9005
2026-09-16 13:50:00,2.497,2.502,2.492,2.494,108520.6,271081.6106
2026-09-16 13:51:00,2.494,2.495,2.487,2.488,53764.9,133987.4223
2026-09-16 13:52:00,2.489,2.49,2.486,2.487,74119.7,184444.8916
2026-09-16 13:53:00,2.487,2.488,2.476,2.487,61871.8,153592.0527
2026-09-16 13:54:00,2.486,2.486,2.478,2.479,28564.1,70904.509
2026-09-16 13:55:00,2.48,2.482,2.477,2.48,35931.0,89108.8541
2026-09-16 13:56:00,2.479,2.48,2.473,2.474,38077.4,94262.8093
2026-09-16 13:57:00,2.473,2.476,2.472,2.476,29475.1,72917.5527
2026-09-16 13:58:00,2.475,2.477,2.465,2.466,37952.2,93783.3347
2026-09-16 13:59:00,2.466,2.47,2.463,2.47,35349.3,87151.0765
2026-09-16 14:00:00,2.469,2.471,2.462,2.467,44651.6,110195.9429
2026-09-16 14:01:00,2.467,2.473,2.467,2.468,38394.8,94810.9759
2026-09-16 14:02:00,2.468,2.468,2.459,2.459,41770.6,102863.27
2026-09-16 14:03:00,2.459,2.464,2.458,2.459,38068.5,93653.1637
2026-09-16 14:04:00,2.458,2.46,2.453,2.459,60929.1,149623.4184
2026-09-16 14:05:00,2.459,2.466,2.457,2.464,15842.8,38999.3147
