timestamp,open,high,low,close,volume,quote_volume
2025-05-04 16:00:00,146.83,147.81,146.0,146.18,250358.408,36772058.86319
2025-05-04 20:00:00,146.18,147.14,143.5,143.95,307312.225,44673067.73933
2025-05-05 00:00:00,143.94,145.44,142.5,144.91,355187.502,51198335.38017
2025-05-05 04:00:00,144.91,147.36,144.89,146.88,276946.352,40563986.03601
2025-05-05 08:00:00,146.88,147.05,143.56,144.19,274401.447,39859120.82389
2025-05-05 12:00:00,144.18,145.42,143.16,143.76,388956.856,56178887.61462
2025-05-05 16:00:00,143.76,147.14,143.68,146.48,407143.464,59435513.75872
2025-05-05 20:00:00,146.48,147.73,144.95,146.72,328360.18,48175172.63082
2025-05-06 00:00:00,146.72,146.83,143.8,144.63,367296.356,53384172.71994
2025-05-06 04:00:00,144.63,145.88,144.32,145.28,204464.029,29655162.87528
2025-05-06 08:00:00,145.27,145.28,142.0,142.57,424425.083,60885709.88601
2025-05-06 12:00:00,142.57,143.96,141.41,143.18,462147.178,65986049.67097
2025-05-06 16:00:00,143.18,145.28,142.42,144.85,381449.415,54893751.24191
2025-05-06 20:00:00,144.85,147.23,143.52,146.88,512528.874,74653188.92858
2025-05-07 00:00:00,146.89,149.54,145.43,146.24,576871.733,85339292.7147
2025-05-07 04:00:00,146.23,147.32,145.43,147.27,197765.439,28922125.1374
2025-05-07 08:00:00,147.27,148.29,146.93,147.59,275188.956,40636320.6031
2025-05-07 12:00:00,147.6,147.74,145.43,145.75,380726.041,55862339.69867
2025-05-07 16:00:00,145.75,147.34,144.68,145.77,525191.445,76654165.21566
2025-05-07 20:00:00,145.77,148.35,145.48,147.32,484822.67,71495745.49134
2025-05-08 00:00:00,147.32,151.19,147.08,150.87,586318.16,87545791.01223
2025-05-08 04:00:00,150.88,151.97,149.97,151.57,786307.046,118747508.0887
2025-05-08 08:00:00,151.57,155.28,151.53,154.57,695506.267,106985297.02281
2025-05-08 12:00:00,154.57,163.18,154.18,160.24,1803513.916,285417332.21736
2025-05-08 16:00:00,160.23,161.07,158.52,160.53,1104587.546,176395903.33269
2025-05-08 20:00:00,160.54,164.6,159.75,164.46,1064389.683,172294498.31265
2025-05-09 00:00:00,164.46,164.46,161.34,161.37,644843.302,104981915.35756
2025-05-09 04:00:00,161.37,166.91,161.07,165.08,826538.8,135570161.55203
2025-05-09 08:00:00,165.08,176.15,164.3,172.32,2367640.729,401868912.18985
2025-05-09 12:00:00,172.33,173.44,167.36,170.75,1428271.654,243762591.50607
2025-05-09 16:00:00,170.76,172.58,168.59,171.89,672993.851,115004788.0806
2025-05-09 20:00:00,171.9,173.81,171.15,172.78,378286.313,65247461.34016
2025-05-10 00:00:00,172.77,175.19,170.66,171.59,449443.818,77499863.46588
2025-05-10 04:00:00,171.59,172.54,169.76,172.32,387316.261,66360987.83397
2025-05-10 08:00:00,172.32,173.4,168.72,169.0,671046.586,114900346.05229
2025-05-10 12:00:00,169.0,172.03,169.0,171.07,415046.499,70981797.61362
2025-05-10 16:00:00,171.07,173.83,170.86,172.22,523576.162,90189733.33721
2025-05-10 20:00:00,172.22,178.98,171.41,177.89,893271.853,156613979.14275
2025-05-11 00:00:00,177.89,180.26,172.92,175.86,1151356.383,204332839.92486
2025-05-11 04:00:00,175.86,177.7,172.29,172.6,476338.515,83418492.80228
2025-05-11 08:00:00,172.61,175.04,172.58,174.76,320930.122,55821113.0822
2025-05-11 12:00:00,174.76,175.22,169.35,170.48,582839.69,100397313.14856
2025-05-11 16:00:00,170.48,173.43,169.4,172.73,419532.052,72012667.03502
2025-05-11 20:00:00,172.72,173.85,171.26,173.19,259732.758,44772100.13668
2025-05-12 00:00:00,173.2,176.88,171.74,174.9,698943.076,121971973.49778
2025-05-12 04:00:00,174.9,179.79,173.63,176.09,1397760.785,247566414.21089
2025-05-12 08:00:00,176.08,177.01,173.64,174.11,791743.579,138948885.7521
2025-05-12 12:00:00,174.1,181.46,174.0,174.4,1841197.937,326444682.82711
2025-05-12 16:00:00,174.39,176.67,168.31,171.22,1132361.922,195475939.3425
2025-05-12 20:00:00,171.22,174.81,170.41,174.22,383725.678,66342888.63164
2025-05-13 00:00:00,174.22,174.38,166.94,166.97,725687.793,123466589.84933
2025-05-13 04:00:00,166.98,172.44,166.18,171.49,531456.72,90297811.29687
2025-05-13 08:00:00,171.49,175.15,170.93,174.0,444451.876,77030278.92418
2025-05-13 12:00:00,174.0,176.31,172.11,176.09,968525.19,168857199.7512
2025-05-13 16:00:00,176.08,184.45,175.72,182.05,1184464.876,212371895.84588
2025-05-13 20:00:00,182.05,184.83,180.35,183.75,732456.943,133953381.02526
2025-05-14 00:00:00,183.75,184.88,179.11,180.28,892108.183,162223847.0206
2025-05-14 04:00:00,180.28,183.99,179.86,181.72,537256.044,97795672.87258
2025-05-14 08:00:00,181.73,182.62,177.57,181.06,708105.908,127507208.83179
2025-05-14 12:00:00,181.06,181.89,175.6,177.35,766121.297,136748816.70965
2025-05-14 16:00:00,177.34,177.68,173.23,177.06,482846.691,84949771.87834
2025-05-14 20:00:00,177.07,177.69,175.22,176.64,232717.13,41076489.11802
2025-05-15 00:00:00,176.63,178.33,174.06,174.06,426083.866,75079590.80072
2025-05-15 04:00:00,174.06,175.29,169.76,170.4,515629.439,88965581.5577
2025-05-15 08:00:00,170.4,173.06,168.67,171.09,491536.874,83947393.19503
2025-05-15 12:00:00,171.08,172.84,166.98,172.23,967334.357,164439139.51997
2025-05-15 16:00:00,172.23,174.49,167.72,169.76,630724.358,108268293.29145
2025-05-15 20:00:00,169.77,170.66,166.7,169.16,514728.83,86875971.31995
2025-05-16 00:00:00,169.16,173.68,168.69,172.62,601701.173,103153474.75762
2025-05-16 04:00:00,172.62,173.52,170.98,172.13,325723.391,56137551.30657
2025-05-16 08:00:00,172.13,174.21,169.35,172.81,470266.696,80895894.71178
2025-05-16 12:00:00,172.82,174.2,170.85,172.08,572666.991,98851328.5323
2025-05-16 16:00:00,172.09,172.72,169.73,171.44,338527.912,57843168.97137
2025-05-16 20:00:00,171.43,171.43,166.36,167.4,457500.508,77042215.29294
2025-05-17 00:00:00,167.4,168.65,164.01,168.26,718454.782,119296421.52561
2025-05-17 04:00:00,168.26,169.99,166.97,168.55,308739.525,52011548.98008
2025-05-17 08:00:00,168.55,169.38,166.71,167.6,308673.825,51851881.02336
2025-05-17 12:00:00,167.6,168.23,165.82,167.31,246994.126,41333527.90242
2025-05-17 16:00:00,167.31,167.52,164.4,165.25,355959.501,59061075.09457
2025-05-17 20:00:00,165.25,167.93,164.36,165.94,323299.947,53684721.16514
2025-05-18 00:00:00,165.94,167.9,165.85,166.9,257060.17,42908560.39487
2025-05-18 04:00:00,166.91,170.72,166.88,170.68,291793.914,49379704.98908
2025-05-18 08:00:00,170.68,172.0,170.56,170.79,274171.724,46962380.34238
2025-05-18 12:00:00,170.78,176.67,170.2,176.26,564060.339,97919711.72789
2025-05-18 16:00:00,176.26,176.77,166.51,166.65,956928.492,164316645.27814
2025-05-18 20:00:00,166.64,174.28,164.54,173.3,850596.297,143023551.89573
2025-05-19 00:00:00,173.3,173.94,165.0,165.35,833700.651,140416184.12434
2025-05-19 04:00:00,165.35,166.84,159.44,161.89,1070074.648,174245933.42856
2025-05-19 08:00:00,161.9,162.7,160.44,162.19,450687.283,72865889.29612
2025-05-19 12:00:00,162.19,164.76,160.16,164.21,704323.095,114598432.07114
2025-05-19 16:00:00,164.2,167.39,162.78,166.61,655781.865,108422429.65726
2025-05-19 20:00:00,166.6,167.8,165.14,166.86,361785.202,60134597.06922
2025-05-20 00:00:00,166.87,173.11,166.78,169.19,939665.023,159591690.99754
2025-05-20 04:00:00,169.18,170.64,167.08,167.34,438612.635,74055049.9264
2025-05-20 08:00:00,167.35,168.14,165.23,166.47,412925.344,68853723.50178
2025-05-20 12:00:00,166.46,167.36,164.51,166.64,465567.783,77257358.76895
2025-05-20 16:00:00,166.63,169.13,164.56,168.17,493020.493,82151783.40896
2025-05-20 20:00:00,168.16,169.38,166.26,168.59,385629.148,64790550.23955
2025-05-21 00:00:00,168.59,170.92,166.78,169.97,564366.717,95306202.74996
2025-05-21 04:00:00,169.97,171.76,168.32,168.85,588141.319,100203948.53249
2025-05-21 08:00:00,168.85,169.64,167.35,169.34,293404.644,49427089.92984
2025-05-21 12:00:00,169.33,173.65,168.37,172.17,881814.372,151052096.55725
2025-05-21 16:00:00,172.17,174.95,165.51,171.14,1367771.005,231650441.60777
2025-05-21 20:00:00,171.14,175.99,169.12,173.53,705112.343,121549030.002
2025-05-22 00:00:00,173.54,177.52,172.59,176.82,829467.629,144937117.42024
2025-05-22 04:00:00,176.83,178.79,175.26,178.49,658437.282,116379067.08767
2025-05-22 08:00:00,178.49,180.87,177.16,178.08,767226.679,137401284.03147
2025-05-22 12:00:00,178.07,179.89,176.94,179.02,652369.756,116394559.40923
2025-05-22 16:00:00,179.03,180.36,177.5,177.85,417292.692,74689383.82569
2025-05-22 20:00:00,177.86,180.02,177.31,179.68,283428.824,50623366.643
2025-05-23 00:00:00,179.68,185.4,179.28,185.0,1011102.678,185022441.5689
2025-05-23 04:00:00,185.01,185.32,179.99,182.55,682046.52,124134256.15123
2025-05-23 08:00:00,182.56,187.71,177.1,177.91,1214646.339,223033980.17142
2025-05-23 12:00:00,177.91,183.76,173.29,180.66,1875739.145,334787828.2597
2025-05-23 16:00:00,180.67,182.25,178.41,179.14,658649.745,118835826.13406
2025-05-23 20:00:00,179.13,179.26,173.23,174.01,670726.349,118215711.27655
2025-05-24 00:00:00,174.0,176.02,172.5,175.11,567108.51,98921185.40827
2025-05-24 04:00:00,175.11,176.39,173.46,173.92,396774.621,69396354.91666
2025-05-24 08:00:00,173.93,178.33,173.24,176.9,493749.295,86983708.7963
2025-05-24 12:00:00,176.89,177.13,175.05,176.31,333992.827,58879210.8287
2025-05-24 16:00:00,176.32,177.68,175.31,177.14,246176.007,43515380.23267
2025-05-24 20:00:00,177.14,177.91,175.35,175.87,280163.761,49455155.12033
2025-05-25 00:00:00,175.87,176.88,170.36,173.64,655947.136,113370935.74785
2025-05-25 04:00:00,173.64,174.41,171.88,172.34,250997.175,43484277.83709
2025-05-25 08:00:00,172.35,172.36,170.13,171.98,509827.658,87395516.68287
2025-05-25 12:00:00,171.99,172.66,169.14,170.29,453529.841,77602968.65403
2025-05-25 16:00:00,170.29,172.77,169.18,172.52,277011.47,47346072.23334
2025-05-25 20:00:00,172.53,175.91,170.96,175.74,383050.579,66508028.07892
2025-05-26 00:00:00,175.75,177.83,175.04,177.01,561576.419,99174927.39649
2025-05-26 04:00:00,177.02,179.02,176.6,178.16,377490.685,67086948.21072
2025-05-26 08:00:00,178.15,178.36,176.42,177.91,301608.628,53475700.72221
2025-05-26 12:00:00,177.91,178.8,175.89,177.49,394598.5,70007499.33773
2025-05-26 16:00:00,177.49,178.06,173.48,174.05,370308.058,64861904.70444
2025-05-26 20:00:00,174.05,176.04,173.64,174.91,209142.506,36535632.08492
2025-05-27 00:00:00,174.92,175.79,171.24,173.51,442931.777,76553199.4943
2025-05-27 04:00:00,173.5,175.9,172.5,175.46,310159.399,54038164.19593
2025-05-27 08:00:00,175.47,177.17,175.01,176.8,325899.007,57361767.1493
2025-05-27 12:00:00,176.8,179.41,175.02,178.44,784277.643,139350141.43257
2025-05-27 16:00:00,178.45,179.3,177.43,177.5,421320.612,75214256.18179
2025-05-27 20:00:00,177.51,178.64,175.42,176.71,283920.93,50221431.09172
2025-05-28 00:00:00,176.72,177.45,174.22,175.12,378541.176,66409494.55171
2025-05-28 04:00:00,175.13,175.33,173.7,173.89,241431.686,42117511.72539
2025-05-28 08:00:00,173.9,174.53,172.86,174.51,324581.336,56412636.88454
2025-05-28 12:00:00,174.52,175.13,168.92,169.7,873313.272,150046301.02591
2025-05-28 16:00:00,169.71,172.03,169.13,169.42,468085.791,79831712.14869
2025-05-28 20:00:00,169.42,172.66,169.23,172.21,248707.616,42561664.13999
2025-05-29 00:00:00,172.22,175.34,171.35,173.7,553385.443,96005662.14374
2025-05-29 04:00:00,173.69,173.95,170.12,172.23,326839.235,56235615.85104
2025-05-29 08:00:00,172.23,173.46,171.64,172.88,251627.217,43470538.66062
2025-05-29 12:00:00,172.87,172.92,169.03,169.75,598886.916,102203000.2214
2025-05-29 16:00:00,169.76,170.3,166.03,166.84,638605.666,107408920.44326
2025-05-29 20:00:00,166.83,168.55,165.96,166.71,272445.491,45579606.78676
2025-05-30 00:00:00,166.71,167.51,160.13,165.16,870221.324,142493583.0014
2025-05-30 04:00:00,165.15,165.86,162.57,162.68,449616.335,73849963.45784
2025-05-30 08:00:00,162.68,164.16,161.48,163.83,471072.652,76766917.79086
2025-05-30 12:00:00,163.83,163.96,160.1,161.23,615158.386,99503855.74266
2025-05-30 16:00:00,161.23,161.77,156.01,160.81,854414.851,135817694.20474
2025-05-30 20:00:00,160.81,161.03,155.22,156.2,509795.964,80644465.31334
2025-05-31 00:00:00,156.2,157.24,152.14,154.16,765681.06,118212044.185
2025-05-31 04:00:00,154.15,155.86,153.03,154.84,240770.021,37251564.62995
2025-05-31 08:00:00,154.85,155.26,152.62,152.92,320380.365,49297095.72869
2025-05-31 12:00:00,152.92,156.77,152.57,155.63,468158.657,72686639.3199
2025-05-31 16:00:00,155.64,157.97,155.19,157.52,332668.951,52097412.34672
2025-05-31 20:00:00,157.53,158.01,156.31,156.45,224598.698,35340855.73123
2025-06-01 00:00:00,156.45,156.73,153.4,154.72,317942.344,49296559.83165
2025-06-01 04:00:00,154.72,155.94,154.14,154.45,192199.525,29821647.22384
2025-06-01 08:00:00,154.45,154.64,150.59,152.05,453558.121,69002864.79155
2025-06-01 12:00:00,152.05,154.57,150.66,154.17,309017.595,47205932.34657
2025-06-01 16:00:00,154.18,156.73,153.47,155.89,510490.716,79312843.40919
2025-06-01 20:00:00,155.88,157.92,155.18,157.68,258922.74,40576129.83204
2025-06-02 00:00:00,157.68,158.93,155.36,155.46,379930.487,59739874.56415
2025-06-02 04:00:00,155.46,156.73,154.66,155.55,284845.699,44332784.52164
2025-06-02 08:00:00,155.54,156.55,152.95,153.45,492813.738,76000617.14898
2025-06-02 12:00:00,153.44,154.5,151.67,153.16,577659.613,88460235.74446
2025-06-02 16:00:00,153.16,155.13,151.77,152.95,389282.236,59596096.13814
2025-06-02 20:00:00,152.96,157.24,152.92,156.83,377520.418,58712869.10867
2025-06-03 00:00:00,156.83,162.38,156.39,159.44,768092.556,122784415.47596
2025-06-03 04:00:00,159.45,160.2,158.22,159.82,261021.457,41589721.4574
2025-06-03 08:00:00,159.83,161.65,158.28,160.56,374046.947,59815795.5019
2025-06-03 12:00:00,160.56,163.64,159.44,162.2,594658.998,95989396.68383
2025-06-03 16:00:00,162.21,162.41,159.98,160.56,328225.45,52845599.98953
2025-06-03 20:00:00,160.56,160.59,154.14,155.19,523539.737,81979008.5488
2025-06-04 00:00:00,155.19,157.63,154.18,156.56,418735.688,65439944.70864
2025-06-04 04:00:00,156.57,157.02,155.72,156.42,178183.765,27880821.24479
2025-06-04 08:00:00,156.42,157.92,155.72,155.92,245382.814,38470867.96957
2025-06-04 12:00:00,155.92,157.97,154.58,157.13,401742.744,62772333.07557
2025-06-04 16:00:00,157.13,157.57,155.28,155.37,239970.463,37518283.37696
2025-06-04 20:00:00,155.36,155.59,152.94,153.26,506630.95,78192192.70398
2025-06-05 00:00:00,153.27,154.61,153.0,153.83,320665.732,49317826.4575
2025-06-05 04:00:00,153.84,154.15,151.9,152.44,761586.149,116444868.69436
2025-06-05 08:00:00,152.44,153.04,151.28,152.37,322959.042,49164451.2729
2025-06-05 12:00:00,152.38,154.41,148.54,150.9,833077.738,126052965.16041
2025-06-05 16:00:00,150.9,151.11,144.15,146.2,985248.608,145416976.11883
2025-06-05 20:00:00,146.2,146.6,141.53,144.29,1034503.806,148582750.1376
2025-06-06 00:00:00,144.28,146.85,144.11,146.84,359753.145,52350035.73649
2025-06-06 04:00:00,146.84,148.25,146.65,147.4,314776.104,46381190.29216
2025-06-06 08:00:00,147.4,149.61,147.24,149.1,331158.082,49107384.77388
2025-06-06 12:00:00,149.11,152.39,149.11,151.08,652005.603,98527574.20364
2025-06-06 16:00:00,151.09,151.56,148.46,149.09,326373.539,48885228.87673
2025-06-06 20:00:00,149.1,149.97,147.68,147.83,183724.641,27357390.1307
2025-06-07 00:00:00,147.82,149.71,146.84,149.46,242735.582,35977575.00934
2025-06-07 04:00:00,149.47,152.84,148.99,152.38,300726.678,45448354.7451
2025-06-07 08:00:00,152.37,152.72,151.23,151.45,179152.49,27219119.55156
2025-06-07 12:00:00,151.45,152.42,150.71,150.99,318207.437,48283239.55492
2025-06-07 16:00:00,151.0,151.61,150.15,150.58,210222.573,31710198.77847
2025-06-07 20:00:00,150.57,151.49,149.76,150.06,157159.855,23695352.13315
2025-06-08 00:00:00,150.07,150.35,149.15,149.85,219074.514,32812716.14799
2025-06-08 04:00:00,149.85,150.51,149.13,149.31,138677.605,20791031.19266
2025-06-08 08:00:00,149.3,149.71,147.88,149.62,232937.473,34675658.53337
2025-06-08 12:00:00,149.62,151.19,149.02,150.7,225287.801,33822043.34557
2025-06-08 16:00:00,150.69,154.52,150.64,154.46,433260.695,66373865.15758
2025-06-08 20:00:00,154.47,155.3,152.13,152.45,314762.278,48398817.45728
2025-06-09 00:00:00,152.45,153.17,150.79,151.54,288776.062,43878544.72561
2025-06-09 04:00:00,151.54,151.87,149.58,150.88,272080.358,40980778.32842
2025-06-09 08:00:00,150.87,156.61,150.4,155.62,727822.673,112300297.64718
2025-06-09 12:00:00,155.62,155.83,153.07,155.02,541305.262,83760946.20222
2025-06-09 16:00:00,155.02,157.01,155.0,155.75,538679.122,84105638.308
2025-06-09 20:00:00,155.76,161.73,155.72,161.16,711064.788,113079766.51157
2025-06-10 00:00:00,161.16,161.82,158.69,159.17,373703.071,59895099.62955
2025-06-10 04:00:00,159.18,159.61,157.4,158.45,343045.127,54343060.53757
2025-06-10 08:00:00,158.46,161.51,157.15,160.85,537599.279,85530461.55917
2025-06-10 12:00:00,160.85,161.99,156.32,158.02,717430.019,114164232.33478
2025-06-10 16:00:00,158.03,165.48,157.1,163.61,982700.13,159762362.82319
2025-06-10 20:00:00,163.61,165.67,162.86,165.12,635081.537,104349822.42776
2025-06-11 00:00:00,165.12,167.46,163.43,166.67,766347.637,126649970.35738
2025-06-11 04:00:00,166.67,167.15,164.35,166.65,437800.647,72572706.63392
2025-06-11 08:00:00,166.65,167.19,164.0,164.5,533461.191,88330219.94575
2025-06-11 12:00:00,164.5,168.36,163.73,167.26,1038023.646,172868530.06677
2025-06-11 16:00:00,167.27,167.44,162.39,162.64,656756.969,108124461.66112
2025-06-11 20:00:00,162.64,163.86,159.21,160.97,587034.909,94674243.01794
2025-06-12 00:00:00,160.98,161.28,159.28,159.87,426395.638,68322364.49005
2025-06-12 04:00:00,159.87,160.56,158.28,158.8,328952.692,52418900.41273
2025-06-12 08:00:00,158.8,159.92,157.42,157.72,455771.482,72367564.95337
2025-06-12 12:00:00,157.72,160.64,156.44,157.02,613689.262,97304441.68978
2025-06-12 16:00:00,157.02,160.46,154.5,154.84,487995.614,76947096.69326
2025-06-12 20:00:00,154.84,155.47,152.02,152.32,570671.997,87490269.16758
2025-06-13 00:00:00,152.32,152.59,140.21,144.76,2280448.408,330231653.64149
2025-06-13 04:00:00,144.76,145.46,142.58,145.02,711498.216,102578848.39904
2025-06-13 08:00:00,145.02,146.67,143.66,145.45,672915.64,97563858.84597
2025-06-13 12:00:00,145.45,147.78,143.92,147.18,730693.916,106564386.02626
2025-06-13 16:00:00,147.18,148.52,144.3,145.17,627940.565,91712963.50595
2025-06-13 20:00:00,145.17,148.94,144.75,148.6,316286.038,46519402.90905
2025-06-14 00:00:00,148.6,148.7,146.42,146.71,303413.942,44692522.07347
2025-06-14 04:00:00,146.71,147.15,145.54,146.18,221756.179,32464528.4031
2025-06-14 08:00:00,146.17,146.21,144.93,145.86,192168.769,27968444.3946
2025-06-14 12:00:00,145.85,145.95,143.8,144.54,340759.98,49380823.18953
2025-06-14 16:00:00,144.53,145.11,142.92,143.5,341155.243,49144876.90029
2025-06-14 20:00:00,143.51,145.01,141.97,144.64,280740.638,40356321.55418
2025-06-15 00:00:00,144.65,146.05,144.6,145.75,195420.068,28417385.9245
2025-06-15 04:00:00,145.75,148.1,145.68,145.87,365597.827,53641601.103
2025-06-15 08:00:00,145.87,146.71,144.22,146.36,297480.129,43228944.95231
2025-06-15 12:00:00,146.35,152.97,146.16,150.84,928987.126,139217608.66153
2025-06-15 16:00:00,150.84,153.54,150.18,152.23,516532.463,78476359.4667
2025-06-15 20:00:00,152.23,153.0,148.15,152.97,527982.003,79581612.57081
2025-06-16 00:00:00,152.97,157.41,150.99,155.58,938467.777,145231565.245
2025-06-16 04:00:00,155.59,157.95,155.51,157.28,419157.505,65741485.20289
2025-06-16 08:00:00,157.27,157.5,154.81,156.48,519194.024,81149166.32252
2025-06-16 12:00:00,156.48,157.78,154.68,156.58,575446.561,89962773.89877
2025-06-16 16:00:00,156.58,158.8,156.35,157.79,403163.621,63586345.82132
2025-06-16 20:00:00,157.8,157.86,150.3,150.72,717767.297,110607063.57203
2025-06-17 00:00:00,150.73,153.98,147.47,153.36,887864.701,133950893.88176
2025-06-17 04:00:00,153.37,154.33,151.91,152.67,362748.302,55552820.21647
2025-06-17 08:00:00,152.67,152.9,150.18,150.53,427122.512,64619256.02452
2025-06-17 12:00:00,150.53,151.43,146.52,147.62,634730.455,94660420.10718
2025-06-17 16:00:00,147.62,150.39,145.61,148.87,705640.21,104017245.23663
2025-06-17 20:00:00,148.87,149.25,146.26,147.57,377542.679,55857511.75817
2025-06-18 00:00:00,147.58,149.1,146.54,148.37,348215.558,51511355.38474
2025-06-18 04:00:00,148.38,149.28,146.89,147.99,334984.172,49588943.46159
2025-06-18 08:00:00,147.99,148.56,145.34,146.52,359523.159,52802239.86625
2025-06-18 12:00:00,146.52,146.77,143.76,145.74,698361.506,101504932.83242
2025-06-18 16:00:00,145.74,146.51,143.65,144.71,633743.727,91878599.69153
2025-06-18 20:00:00,144.71,147.92,144.09,146.34,426080.858,62570122.48162
2025-06-19 00:00:00,146.35,147.9,144.96,146.58,395349.138,57791126.49751
2025-06-19 04:00:00,146.58,147.16,145.0,145.07,483704.797,70601132.49191
2025-06-19 08:00:00,145.08,146.5,144.85,145.09,282924.398,41217896.7853
2025-06-19 12:00:00,145.1,145.5,142.92,143.16,461435.515,66477910.97063
2025-06-19 16:00:00,143.16,146.04,143.11,145.48,364892.127,52819306.04113
2025-06-19 20:00:00,145.48,147.45,145.03,147.04,297029.754,43490302.51076
2025-06-20 00:00:00,147.04,147.54,145.41,145.44,232426.675,34051887.39112
2025-06-20 04:00:00,145.45,147.78,144.3,147.47,258030.337,37621357.14673
2025-06-20 08:00:00,147.48,148.81,146.91,148.17,407145.424,60229964.33775
2025-06-20 12:00:00,148.17,148.37,142.35,142.86,652353.824,94675526.9476
2025-06-20 16:00:00,142.86,143.0,135.69,139.82,1542973.264,214488539.27832
2025-06-20 20:00:00,139.81,141.71,138.67,140.11,300397.685,42099531.97479
2025-06-21 00:00:00,140.11,141.34,139.54,140.76,259040.426,36366139.64424
2025-06-21 04:00:00,140.75,140.98,139.85,140.64,158434.193,22225879.12801
2025-06-21 08:00:00,140.64,142.6,140.29,142.08,366231.727,51966215.77991
2025-06-21 12:00:00,142.08,142.46,139.15,140.3,444706.75,62635560.44824
2025-06-21 16:00:00,140.29,141.05,137.22,137.28,542044.57,75244217.87536
2025-06-21 20:00:00,137.29,138.9,130.9,135.43,1055966.477,141833786.77222
2025-06-22 00:00:00,135.43,137.62,133.24,135.11,708682.132,95931848.41941
2025-06-22 04:00:00,135.12,136.5,134.6,134.82,309529.393,42001790.61315
2025-06-22 08:00:00,134.82,135.36,131.95,133.25,370187.075,49421160.5639
2025-06-22 12:00:00,133.26,133.88,126.51,128.55,1524658.349,196761095.15341
2025-06-22 16:00:00,128.56,131.48,128.29,129.06,462495.192,59939874.14734
2025-06-22 20:00:00,129.07,132.56,126.0,131.71,876567.882,113801658.63953
2025-06-23 00:00:00,131.71,133.53,131.53,132.67,452520.918,59938375.38952
2025-06-23 04:00:00,132.67,135.01,132.35,134.38,358384.775,48021042.99425
2025-06-23 08:00:00,134.38,134.88,133.25,134.09,260737.337,34935145.5005
2025-06-23 12:00:00,134.1,137.5,132.91,133.43,939109.236,127078541.78855
2025-06-23 16:00:00,133.44,140.27,130.68,139.79,1365362.733,185160576.04875
2025-06-23 20:00:00,139.79,146.92,139.21,144.51,1197032.668,171945898.85551
2025-06-24 00:00:00,144.51,144.77,142.31,143.24,411388.604,58983487.7779
2025-06-24 04:00:00,143.23,146.77,142.84,144.01,550150.127,79720205.97827
2025-06-24 08:00:00,144.01,145.81,143.02,144.57,468516.736,67540292.29407
2025-06-24 12:00:00,144.56,145.7,143.44,144.31,550064.717,79497793.53887
2025-06-24 16:00:00,144.31,146.62,142.84,143.61,481214.156,69591358.23621
2025-06-24 20:00:00,143.61,145.96,143.19,145.92,280474.746,40647323.6251
2025-06-25 00:00:00,145.93,146.9,145.02,145.52,285609.18,41704037.56817
2025-06-25 04:00:00,145.51,147.49,144.88,147.01,294235.674,43019848.76884
2025-06-25 08:00:00,147.01,147.13,145.03,146.26,347865.258,50724285.97335
2025-06-25 12:00:00,146.26,147.95,143.12,143.69,717721.415,104513148.70315
2025-06-25 16:00:00,143.7,144.74,142.82,144.74,339449.357,48800229.32294
2025-06-25 20:00:00,144.74,145.61,142.25,143.57,248721.025,35771996.85927
2025-06-26 00:00:00,143.57,148.0,143.43,145.9,391115.194,57048731.1629
2025-06-26 04:00:00,145.91,146.07,144.02,145.15,313216.464,45411953.7883
2025-06-26 08:00:00,145.16,145.81,143.2,143.65,310581.216,44740025.29491
2025-06-26 12:00:00,143.65,143.96,141.41,143.0,569500.52,81268488.34245
2025-06-26 16:00:00,143.0,143.24,140.89,142.29,359222.786,51026704.40867
2025-06-26 20:00:00,142.28,143.96,138.62,139.06,578871.762,81493159.59389
2025-06-27 00:00:00,139.05,141.58,137.14,141.36,486476.143,67649257.0762
2025-06-27 04:00:00,141.37,142.22,140.18,140.33,272399.69,38406906.17381
2025-06-27 08:00:00,140.33,142.8,140.32,142.15,332706.693,47177829.94513
2025-06-27 12:00:00,142.15,143.85,141.15,143.47,456334.695,64978211.08121
2025-06-27 16:00:00,143.47,144.85,140.12,141.78,525963.654,74968551.89787
2025-06-27 20:00:00,141.77,143.36,141.63,142.09,397966.275,56762749.89105
2025-06-28 00:00:00,142.09,143.55,141.13,143.4,295491.488,42038825.43328
2025-06-28 04:00:00,143.39,146.81,143.08,146.57,417061.842,60358234.03097
2025-06-28 08:00:00,146.56,147.62,145.61,147.15,673383.914,98939138.25354
2025-06-28 12:00:00,147.14,148.67,145.87,148.17,356111.129,52359364.87107
2025-06-28 16:00:00,148.16,152.7,148.1,150.67,729669.414,109634727.38993
2025-06-28 20:00:00,150.67,151.37,150.04,150.72,186118.895,28043447.71175
2025-06-29 00:00:00,150.73,151.08,149.42,149.47,321242.27,48237263.06572
2025-06-29 04:00:00,149.47,150.33,149.36,150.32,168449.037,25235061.60551
2025-06-29 08:00:00,150.33,152.24,149.93,151.68,318094.461,48103375.48613
2025-06-29 12:00:00,151.68,152.55,150.72,150.75,353539.037,53580092.10392
2025-06-29 16:00:00,150.76,152.24,149.72,151.18,291991.889,44083374.0488
2025-06-29 20:00:00,151.19,154.77,150.35,153.32,696709.478,106695499.14073
2025-06-30 00:00:00,153.32,154.08,151.26,151.77,451430.28,68874649.56259
2025-06-30 04:00:00,151.77,152.02,149.7,150.64,349802.726,52781005.41414
2025-06-30 08:00:00,150.63,151.07,149.45,150.38,307902.961,46276238.89002
2025-06-30 12:00:00,150.38,159.99,149.67,157.83,1504747.342,233421681.7168
2025-06-30 16:00:00,157.83,158.46,155.32,157.77,860505.414,135074089.61975
2025-06-30 20:00:00,157.77,157.8,154.5,154.81,397001.612,61914994.17664
2025-07-01 00:00:00,154.82,155.64,153.17,153.94,340192.158,52495046.88493
2025-07-01 04:00:00,153.93,153.93,148.82,150.07,644254.074,97280456.68697
2025-07-01 08:00:00,150.06,150.07,148.14,148.84,470324.364,70121666.03644
2025-07-01 12:00:00,148.85,149.29,146.24,147.22,614792.649,90885177.41733
2025-07-01 16:00:00,147.22,148.45,145.33,145.46,447403.103,65706668.25071
2025-07-01 20:00:00,145.46,147.02,144.85,146.88,253895.826,37099487.48452
2025-07-02 00:00:00,146.87,149.25,145.85,148.87,291945.51,43149011.04612
2025-07-02 04:00:00,148.86,149.92,148.32,149.09,247056.613,36828022.15915
2025-07-02 08:00:00,149.1,149.99,148.39,148.62,287353.961,42882112.20754
2025-07-02 12:00:00,148.61,151.58,147.12,151.31,668722.473,100047777.31847
2025-07-02 16:00:00,151.31,153.64,150.33,153.02,805466.996,122724549.50272
2025-07-02 20:00:00,153.02,154.47,151.97,152.27,352028.726,53935385.35719
2025-07-03 00:00:00,152.28,154.02,151.77,153.42,284069.238,43418484.46779
2025-07-03 04:00:00,153.41,155.95,153.22,155.61,427649.297,66312575.51889
2025-07-03 08:00:00,155.61,156.35,154.13,154.53,355566.232,55228982.0384
2025-07-03 12:00:00,154.53,155.26,149.86,150.18,1053851.969,161142684.76867
2025-07-03 16:00:00,150.18,152.04,149.91,151.81,331389.902,50068646.67886
2025-07-03 20:00:00,151.81,153.26,151.81,152.36,233691.567,35685869.95948
2025-07-04 00:00:00,152.35,153.16,150.9,151.69,219950.28,33454202.17317
2025-07-04 04:00:00,151.7,153.88,150.27,150.48,442284.744,67245342.43678
2025-07-04 08:00:00,150.48,150.98,149.02,150.21,336622.39,50567067.21875
2025-07-04 12:00:00,150.22,151.25,146.29,146.57,618399.498,91715443.43624
2025-07-04 16:00:00,146.56,147.0,145.22,146.72,427611.217,62496530.05332
2025-07-04 20:00:00,146.73,148.37,146.37,147.7,263218.607,38822928.99111
2025-07-05 00:00:00,147.69,148.56,147.2,147.75,162640.995,24080165.80682
2025-07-05 04:00:00,147.76,148.52,146.72,147.86,231282.311,34163023.88104
2025-07-05 08:00:00,147.85,148.55,146.81,148.18,216066.192,31912017.00795
2025-07-05 12:00:00,148.19,148.7,147.05,147.12,186496.906,27583005.35811
2025-07-05 16:00:00,147.11,147.26,145.9,146.89,261454.233,38321796.50742
2025-07-05 20:00:00,146.89,148.02,146.47,147.55,116023.223,17092969.0882
2025-07-06 00:00:00,147.55,147.65,146.85,147.35,132096.927,19446486.92525
2025-07-06 04:00:00,147.35,148.5,147.08,147.9,191658.793,28321369.23228
2025-07-06 08:00:00,147.89,148.04,146.78,147.98,147586.586,21750873.05412
2025-07-06 12:00:00,147.99,152.09,147.86,151.53,978174.8,147368134.21555
2025-07-06 16:00:00,151.53,153.2,150.68,151.27,643531.546,97837903.01358
2025-07-06 20:00:00,151.28,153.89,151.23,151.86,393811.066,60029282.76035
2025-07-07 00:00:00,151.86,152.9,150.24,151.86,261498.31,39611934.86317
2025-07-07 04:00:00,151.86,152.45,150.89,152.38,252161.335,38260245.38339
2025-07-07 08:00:00,152.37,153.6,151.65,152.78,263725.757,40247132.70267
2025-07-07 12:00:00,152.79,153.43,151.02,151.07,420369.75,63930259.87088
2025-07-07 16:00:00,151.07,151.59,148.63,148.97,561944.671,84330370.12191
2025-07-07 20:00:00,148.96,148.96,147.7,148.88,415027.9,61574718.22028
2025-07-08 00:00:00,148.89,150.1,147.85,148.64,291723.602,43433096.86603
2025-07-08 04:00:00,148.64,149.75,148.2,149.66,195490.528,29140116.01936
2025-07-08 08:00:00,149.65,151.67,149.54,151.31,485861.394,73245172.70522
2025-07-08 12:00:00,151.31,152.88,149.77,149.83,606860.361,91981328.28943
2025-07-08 16:00:00,149.84,152.83,149.03,151.63,610032.824,92222824.36911
2025-07-08 20:00:00,151.63,151.94,150.0,151.67,522900.614,78841553.88526
2025-07-09 00:00:00,151.68,152.34,151.06,151.29,203649.988,30877004.70384
2025-07-09 04:00:00,151.29,153.88,150.53,153.01,568484.501,86709487.00901
2025-07-09 08:00:00,153.01,154.43,152.33,153.73,301686.929,46192503.15651
2025-07-09 12:00:00,153.74,155.53,152.87,153.97,744915.802,114777497.60606
2025-07-09 16:00:00,153.98,157.86,153.23,157.27,623183.791,96844093.78337
2025-07-09 20:00:00,157.26,157.93,155.46,157.05,465298.737,73017043.96631
2025-07-10 00:00:00,157.06,159.34,155.93,157.35,337576.402,53193974.01615
2025-07-10 04:00:00,157.35,158.63,156.67,157.89,307194.328,48417853.54256
2025-07-10 08:00:00,157.9,159.17,157.16,157.65,242425.44,38333827.10658
2025-07-10 12:00:00,157.66,158.37,155.64,156.43,522859.232,82075722.70935
2025-07-10 16:00:00,156.44,161.18,156.16,159.34,1013216.636,161108674.7739
2025-07-10 20:00:00,159.34,165.43,159.23,164.34,1005110.311,164175183.61794
2025-07-11 00:00:00,164.33,165.4,161.94,165.22,518721.559,85120091.62131
2025-07-11 04:00:00,165.22,166.8,163.14,163.27,756764.8,124755516.04488
2025-07-11 08:00:00,163.28,165.38,163.28,163.87,412025.879,67709114.39986
2025-07-11 12:00:00,163.88,168.2,161.78,162.34,1345966.159,222653914.01165
2025-07-11 16:00:00,162.34,165.03,161.27,164.58,703844.235,114923280.19247
2025-07-11 20:00:00,164.58,164.83,159.54,162.93,616857.081,99955000.16064
2025-07-12 00:00:00,162.92,163.9,161.78,163.45,283317.854,46213283.81245
2025-07-12 04:00:00,163.46,163.84,162.03,163.22,231949.412,37802331.43323
2025-07-12 08:00:00,163.21,163.43,161.41,161.62,253373.539,41180741.158
2025-07-12 12:00:00,161.62,161.81,157.74,158.14,826526.974,131857330.21039
2025-07-12 16:00:00,158.14,160.75,157.93,160.71,289431.522,46202311.47214
2025-07-12 20:00:00,160.71,160.94,158.94,160.69,158612.641,25391417.63167
2025-07-13 00:00:00,160.7,161.78,160.2,161.21,206427.796,33265367.2468
2025-07-13 04:00:00,161.21,162.98,161.04,162.67,240939.832,39014478.37036
2025-07-13 08:00:00,162.67,162.74,161.57,162.06,169802.196,27528055.36328
2025-07-13 12:00:00,162.06,164.19,161.79,162.04,460783.798,75069946.74029
2025-07-13 16:00:00,162.04,163.55,160.53,162.54,423197.452,68675224.21326
2025-07-13 20:00:00,162.53,163.06,159.63,161.15,428594.777,69011971.66688
2025-07-14 00:00:00,161.15,168.2,160.61,167.11,844220.103,139370605.95428
2025-07-14 04:00:00,167.11,168.65,165.37,167.25,845339.49,141216900.66668
2025-07-14 08:00:00,167.26,168.15,166.04,166.53,513407.239,85792415.72488
2025-07-14 12:00:00,166.53,168.6,163.04,163.96,821594.129,136739655.88274
2025-07-14 16:00:00,163.96,165.35,162.42,164.3,537141.034,88181056.83747
2025-07-14 20:00:00,164.31,164.31,161.67,162.21,412004.538,66964591.54089
2025-07-15 00:00:00,162.21,162.89,158.17,159.15,700903.11,112332127.67914
2025-07-15 04:00:00,159.14,160.87,158.26,159.54,376259.668,60209298.12251
2025-07-15 08:00:00,159.54,160.14,158.39,159.86,359129.829,57246664.36988
2025-07-15 12:00:00,159.87,162.17,157.23,160.47,939668.527,150356838.39174
2025-07-15 16:00:00,160.46,163.7,159.98,160.22,818422.085,132612959.47259
2025-07-15 20:00:00,160.22,164.26,159.71,163.98,470912.534,76315971.86367
2025-07-16 00:00:00,163.98,165.26,161.51,162.5,491283.404,80325005.17008
2025-07-16 04:00:00,162.51,164.64,161.79,164.05,303621.479,49619006.07005
2025-07-16 08:00:00,164.05,167.58,163.81,166.66,775699.801,129060103.27366
2025-07-16 12:00:00,166.66,168.84,165.4,168.45,1075941.567,179948916.30081
2025-07-16 16:00:00,168.45,174.7,168.4,174.16,1541209.535,265734518.39053
2025-07-16 20:00:00,174.15,176.0,172.37,173.63,832532.337,145237350.91522
2025-07-17 00:00:00,173.62,174.85,168.71,169.54,769849.322,131916260.68417
2025-07-17 04:00:00,169.53,174.17,169.24,174.02,552386.659,95162073.16451
2025-07-17 08:00:00,174.02,178.19,172.67,176.17,808987.943,142321927.51033
2025-07-17 12:00:00,176.16,177.54,172.78,174.13,855184.444,149599136.51996
2025-07-17 16:00:00,174.12,175.42,171.21,173.05,620916.809,107698509.70416
2025-07-17 20:00:00,173.05,177.4,171.34,175.87,884230.55,154739314.3843
2025-07-18 00:00:00,175.88,181.15,175.29,180.8,991006.965,177847161.32813
2025-07-18 04:00:00,180.79,184.67,179.86,180.94,1288132.836,235623478.35075
2025-07-18 08:00:00,180.93,181.97,177.1,178.46,660085.162,118421409.91161
2025-07-18 12:00:00,178.45,182.02,174.86,177.02,1101371.576,196616481.62673
2025-07-18 16:00:00,177.02,179.11,176.15,176.99,511602.663,90975088.91321
2025-07-18 20:00:00,176.98,177.62,173.24,177.28,639653.966,112409462.24437
2025-07-19 00:00:00,177.28,177.69,174.0,177.45,354342.522,62534674.11001
2025-07-19 04:00:00,177.45,177.77,176.1,176.99,291461.055,51636472.15423
2025-07-19 08:00:00,176.99,177.81,175.41,176.59,226657.409,40048577.09235
2025-07-19 12:00:00,176.6,177.88,174.8,177.4,472760.528,83513400.63501
2025-07-19 16:00:00,177.41,178.19,176.12,177.04,248145.005,43980718.06777
2025-07-19 20:00:00,177.04,178.61,174.91,176.96,465948.489,82226241.01113
2025-07-20 00:00:00,176.97,179.75,176.33,177.98,729412.703,130276837.7794
2025-07-20 04:00:00,177.97,178.67,176.94,177.94,258410.01,45952148.4605
2025-07-20 08:00:00,177.95,181.51,177.95,180.44,484114.255,87163867.6477
2025-07-20 12:00:00,180.44,183.17,179.96,181.96,814946.359,148039123.45094
2025-07-20 16:00:00,181.97,183.66,180.25,181.99,762318.509,138593183.3169
2025-07-20 20:00:00,182.0,182.39,177.8,181.43,645653.079,116352093.24536
2025-07-21 00:00:00,181.44,187.04,178.25,186.71,938605.848,171998218.73117
2025-07-21 04:00:00,186.71,191.08,185.06,190.07,895269.545,168492808.39455
2025-07-21 08:00:00,190.06,192.99,189.69,191.4,1168585.825,223524242.00096
2025-07-21 12:00:00,191.39,199.28,190.22,196.79,1643494.924,320335385.33343
2025-07-21 16:00:00,196.79,197.25,193.01,194.63,1305545.557,254557057.3177
2025-07-21 20:00:00,194.64,197.78,193.64,195.72,544405.48,106581290.67793
2025-07-22 00:00:00,195.72,204.67,193.75,200.09,2435412.987,487591984.04898
2025-07-22 04:00:00,200.08,201.32,194.1,198.1,1542930.55,305430669.71253
2025-07-22 08:00:00,198.1,200.15,194.05,199.91,1047292.012,206494408.71962
2025-07-22 12:00:00,199.91,204.99,196.95,201.83,1916439.915,386147886.77457
2025-07-22 16:00:00,201.82,204.24,198.39,198.92,1020851.727,206334368.63897
2025-07-22 20:00:00,198.91,206.3,198.39,205.7,672699.982,136386759.26686
2025-07-23 00:00:00,205.7,205.75,200.99,201.39,641791.745,130479672.30446
2025-07-23 04:00:00,201.4,202.26,198.88,199.46,446529.365,89667094.63371
2025-07-23 08:00:00,199.47,200.0,195.86,197.42,573102.72,113378229.8766
2025-07-23 12:00:00,197.41,197.57,187.61,192.72,1924581.79,368650336.511
2025-07-23 16:00:00,192.72,192.75,186.01,188.08,1017136.74,192191750.41033
2025-07-23 20:00:00,188.09,190.04,183.97,189.4,944995.139,176615124.7253
2025-07-24 00:00:00,189.4,191.87,188.48,189.85,505356.649,96306557.73485
2025-07-24 04:00:00,189.85,190.12,179.21,184.21,1272610.88,233474996.44708
2025-07-24 08:00:00,184.2,186.92,182.92,186.4,679593.958,125899799.1415
2025-07-24 12:00:00,186.41,191.76,183.36,188.53,1133457.461,212720335.25306
2025-07-24 16:00:00,188.54,190.04,184.85,187.99,821896.496,154408315.58327
2025-07-24 20:00:00,187.99,189.06,182.01,182.87,804149.427,148692030.02837
2025-07-25 00:00:00,182.88,183.54,175.63,177.71,1090465.703,196378210.06035
2025-07-25 04:00:00,177.72,179.78,175.91,177.51,749156.28,133313508.75308
2025-07-25 08:00:00,177.51,182.08,176.86,181.12,818502.62,147129519.75623
2025-07-25 12:00:00,181.12,181.89,176.24,178.2,796177.263,142352839.673
2025-07-25 16:00:00,178.19,182.84,177.47,182.17,618370.939,111690232.89834
2025-07-25 20:00:00,182.16,186.85,182.08,186.76,408637.635,75545069.15709
2025-07-26 00:00:00,186.75,186.93,184.48,185.97,351534.604,65345162.52571
2025-07-26 04:00:00,185.97,187.14,185.63,186.43,210088.884,39141485.7879
2025-07-26 08:00:00,186.43,189.78,186.42,187.74,426910.756,80375654.40092
2025-07-26 12:00:00,187.75,188.48,186.05,187.52,307043.382,57524213.54725
2025-07-26 16:00:00,187.53,187.8,185.06,186.45,232333.333,43284384.57278
2025-07-26 20:00:00,186.44,186.76,184.29,184.88,245542.916,45564948.79736
2025-07-27 00:00:00,184.89,187.59,184.53,187.19,210948.8,39308278.69342
2025-07-27 04:00:00,187.19,188.33,186.62,187.22,230105.751,43140235.02812
2025-07-27 08:00:00,187.22,188.57,186.18,187.01,268813.946,50370370.18253
2025-07-27 12:00:00,187.02,187.34,184.9,186.47,381338.1,70959976.84012
2025-07-27 16:00:00,186.48,189.76,185.95,186.92,648131.865,121808812.7112
2025-07-27 20:00:00,186.92,190.7,186.44,188.64,493721.671,93032879.94992
2025-07-28 00:00:00,188.64,193.82,187.66,193.35,644448.782,122937814.07604
2025-07-28 04:00:00,193.34,195.26,191.64,192.37,661554.847,127954595.46862
2025-07-28 08:00:00,192.36,193.36,190.63,192.0,362433.148,69660019.77526
2025-07-28 12:00:00,192.0,193.52,186.55,187.18,1015953.296,192508145.11646
2025-07-28 16:00:00,187.18,187.99,183.45,185.26,825859.995,153334661.44231
2025-07-28 20:00:00,185.25,185.53,182.16,183.11,557622.059,102477843.75769
2025-07-29 00:00:00,183.1,184.72,180.67,184.33,592652.608,108370613.53189
2025-07-29 04:00:00,184.34,186.68,183.21,186.05,365000.509,67506654.60861
2025-07-29 08:00:00,186.04,186.51,182.24,182.93,307758.3,56654738.55682
2025-07-29 12:00:00,182.93,184.99,179.23,180.81,610963.148,110932961.84307
2025-07-29 16:00:00,180.81,182.37,178.3,181.11,379320.935,68450045.53605
2025-07-29 20:00:00,181.11,182.0,179.3,181.48,286216.536,51681636.63462
2025-07-30 00:00:00,181.47,182.37,178.81,181.69,343986.519,62218306.43014
2025-07-30 04:00:00,181.69,182.56,179.34,180.83,243801.365,44161743.08229
2025-07-30 08:00:00,180.83,181.49,176.42,177.3,562755.281,100500709.96015
2025-07-30 12:00:00,177.29,180.59,176.65,179.18,689632.126,123002824.91617
2025-07-30 16:00:00,179.17,180.15,170.29,176.12,1115046.789,195730731.10182
2025-07-30 20:00:00,176.12,178.09,174.76,177.77,342028.107,60368767.09606
2025-07-31 00:00:00,177.77,180.55,177.62,180.31,287253.066,51539711.4098
2025-07-31 04:00:00,180.31,181.62,179.81,181.24,314782.379,56894691.65752
2025-07-31 08:00:00,181.24,182.7,180.24,180.74,283519.115,51492750.91278
2025-07-31 12:00:00,180.75,180.89,175.25,177.35,679543.021,120507689.49431
2025-07-31 16:00:00,177.34,179.77,174.75,175.32,538100.344,95337319.53129
2025-07-31 20:00:00,175.31,175.74,171.44,172.22,521643.858,90633237.69576
2025-08-01 00:00:00,172.22,172.26,167.42,171.14,1030707.548,175518495.98845
2025-08-01 04:00:00,171.14,171.14,167.96,169.4,449244.623,76018063.4955
2025-08-01 08:00:00,169.41,169.41,166.19,169.2,539365.528,90575940.06821
2025-08-01 12:00:00,169.19,170.35,164.58,168.57,774051.491,129910976.36108
2025-08-01 16:00:00,168.56,169.75,165.1,166.47,634786.471,105914399.10911
2025-08-01 20:00:00,166.47,166.82,159.2,162.71,889373.654,144292371.84884
2025-08-02 00:00:00,162.71,165.02,162.56,164.36,237465.758,38961824.919
2025-08-02 04:00:00,164.37,165.3,161.82,164.43,251898.353,41201185.00703
2025-08-02 08:00:00,164.44,165.13,162.22,164.51,222570.066,36446449.92111
2025-08-02 12:00:00,164.5,164.94,161.03,161.5,262590.495,42843363.32073
2025-08-02 16:00:00,161.51,162.2,155.83,157.44,847412.892,134435754.08981
2025-08-02 20:00:00,157.45,159.81,157.04,158.48,386237.511,61224431.58002
2025-08-03 00:00:00,158.49,161.07,156.28,160.86,344099.038,54829454.02551
2025-08-03 04:00:00,160.86,161.59,160.03,161.37,225275.137,36201516.21103
2025-08-03 08:00:00,161.37,162.9,160.68,161.47,286152.309,46278413.19512
2025-08-03 12:00:00,161.47,162.35,160.37,162.11,376515.511,60735135.91096
2025-08-03 16:00:00,162.1,162.75,161.12,161.65,535750.889,86727351.15481
2025-08-03 20:00:00,161.64,163.14,160.75,161.97,530116.427,85724495.33321
2025-08-04 00:00:00,161.98,164.98,161.42,162.98,406904.188,66538990.35102
2025-08-04 04:00:00,162.98,163.41,161.26,163.03,283658.722,46043595.45833
2025-08-04 08:00:00,163.04,164.08,161.64,162.38,375487.921,61174560.0628
2025-08-04 12:00:00,162.39,166.91,162.14,165.49,677494.665,111836269.8604
2025-08-04 16:00:00,165.49,169.8,165.0,165.65,540242.329,90546573.5903
2025-08-04 20:00:00,165.64,169.78,165.3,169.55,405166.333,68126455.06473
2025-08-05 00:00:00,169.55,169.97,167.57,167.92,280719.371,47370295.11341
2025-08-05 04:00:00,167.92,169.28,165.78,166.22,320599.334,53697930.04498
2025-08-05 08:00:00,166.21,171.73,165.66,170.89,401901.212,68017472.55509
2025-08-05 12:00:00,170.89,171.04,162.9,163.78,907980.606,150673262.59118
2025-08-05 16:00:00,163.77,164.94,162.28,162.76,432796.162,70918992.32552
2025-08-05 20:00:00,162.76,164.54,161.3,164.09,210961.324,34405089.2767
2025-08-06 00:00:00,164.09,164.17,161.13,161.86,204645.359,33264573.29877
2025-08-06 04:00:00,161.86,164.79,161.25,164.25,216024.256,35340302.07624
2025-08-06 08:00:00,164.26,164.64,162.72,164.2,252055.091,41255362.79754
2025-08-06 12:00:00,164.2,169.42,162.65,169.04,602980.618,100132270.09505
2025-08-06 16:00:00,169.05,169.93,167.18,168.82,360608.53,60787159.26788
2025-08-06 20:00:00,168.82,168.85,167.32,168.09,161177.575,27099935.52242
2025-08-07 00:00:00,168.1,169.0,166.7,166.89,199853.998,33533113.31484
2025-08-07 04:00:00,166.9,170.45,166.76,169.99,366454.602,61875981.19712
2025-08-07 08:00:00,169.99,173.49,169.06,172.82,686547.098,117980159.67137
2025-08-07 12:00:00,172.83,173.18,169.7,170.49,728069.885,124882889.16388
2025-08-07 16:00:00,170.48,171.94,167.0,171.75,486405.746,82358651.40052
2025-08-07 20:00:00,171.76,175.51,171.52,175.36,547331.666,95082132.98992
2025-08-08 00:00:00,175.37,175.92,173.43,174.71,734440.62,128166022.72949
2025-08-08 04:00:00,174.71,177.87,173.88,177.14,447839.862,78625058.73667
2025-08-08 08:00:00,177.13,177.95,174.88,177.65,516005.681,91051510.5766
2025-08-08 12:00:00,177.65,179.14,174.21,175.23,925795.327,163534262.05916
2025-08-08 16:00:00,175.23,179.66,175.01,178.47,810991.136,144082500.6073
2025-08-08 20:00:00,178.46,178.76,176.62,176.78,243718.029,43305508.92055
2025-08-09 00:00:00,176.79,179.02,176.64,177.26,311928.364,55404571.73044
2025-08-09 04:00:00,177.26,182.15,176.94,180.62,853393.777,153705777.92793
2025-08-09 08:00:00,180.62,183.35,180.39,180.79,576042.364,104751088.227
2025-08-09 12:00:00,180.78,182.49,178.92,180.09,607724.28,109810780.23678
2025-08-09 16:00:00,180.1,182.7,179.46,182.14,400314.358,72540317.56952
2025-08-09 20:00:00,182.13,183.45,179.72,179.95,576101.244,104501166.25193
2025-08-10 00:00:00,179.96,185.99,179.81,184.98,1105247.344,203298703.57155
2025-08-10 04:00:00,184.98,186.18,177.66,178.94,913480.456,166267967.45232
2025-08-10 08:00:00,178.94,181.05,177.51,179.97,655245.387,117783637.45184
2025-08-10 12:00:00,179.98,182.4,178.52,181.54,521923.423,94228613.0461
2025-08-10 16:00:00,181.54,183.3,181.21,182.8,330271.285,60188370.12648
2025-08-10 20:00:00,182.8,183.94,181.27,182.66,671119.392,122720487.5147
2025-08-11 00:00:00,182.67,185.8,181.27,185.14,754514.272,138966580.24175
2025-08-11 04:00:00,185.13,186.8,182.79,182.97,680536.454,126101093.43476
2025-08-11 08:00:00,182.97,184.67,178.35,179.08,614257.101,111561993.09034
2025-08-11 12:00:00,179.07,180.52,177.23,180.19,790856.83,141463033.54348
2025-08-11 16:00:00,180.19,181.77,175.54,176.62,610097.078,108826762.75277
2025-08-11 20:00:00,176.62,176.88,173.43,174.84,510481.796,89377577.49448
2025-08-12 00:00:00,174.83,176.74,174.64,175.53,293670.156,51605173.9202
2025-08-12 04:00:00,175.53,176.64,173.6,175.9,381070.522,66799371.62057
2025-08-12 08:00:00,175.9,176.51,173.72,175.23,401457.593,70272738.09533
2025-08-12 12:00:00,175.23,182.1,174.73,181.7,1334137.609,238200208.39113
2025-08-12 16:00:00,181.7,191.14,180.77,190.64,1637090.09,304817600.3789
2025-08-12 20:00:00,190.65,193.76,189.59,191.78,1026922.187,196924292.14039
2025-08-13 00:00:00,191.77,199.54,191.48,197.73,1713090.0,335670333.53214
2025-08-13 04:00:00,197.74,200.1,195.18,198.74,1029526.368,203338440.75076
2025-08-13 08:00:00,198.74,202.71,197.61,201.0,1090204.619,218694809.74056
2025-08-13 12:00:00,201.0,204.96,194.15,197.44,1935714.892,386872373.85654
2025-08-13 16:00:00,197.43,202.2,197.01,202.08,843086.365,167976909.56198
2025-08-13 20:00:00,202.09,203.33,199.83,201.51,537104.035,108093969.85789
2025-08-14 00:00:00,201.51,209.04,200.59,207.94,1571108.834,321829399.24047
2025-08-14 04:00:00,207.94,209.86,204.02,205.66,1258405.183,260707532.45021
2025-08-14 08:00:00,205.67,205.85,201.77,203.62,1039760.828,211649903.07084
2025-08-14 12:00:00,203.61,205.46,186.68,194.85,3492259.235,682791752.48437
2025-08-14 16:00:00,194.86,195.51,190.25,192.91,907917.567,175306982.36918
2025-08-14 20:00:00,192.91,193.24,187.32,192.47,696155.667,132794349.24257
2025-08-15 00:00:00,192.46,195.6,191.94,195.15,517703.825,100270813.02698
2025-08-15 04:00:00,195.14,198.07,194.44,196.95,603957.875,118565885.42785
2025-08-15 08:00:00,196.95,197.59,193.63,194.32,439776.796,85978103.94055
2025-08-15 12:00:00,194.32,196.19,184.36,185.55,1407910.532,266761056.73114
2025-08-15 16:00:00,185.55,186.9,183.3,183.89,855718.072,158253831.24031
2025-08-15 20:00:00,183.88,188.26,183.37,185.72,535220.296,99276014.67258
2025-08-16 00:00:00,185.71,188.36,185.34,187.1,451977.406,84674018.8777
2025-08-16 04:00:00,187.09,189.65,186.11,189.12,347015.956,65134072.21847
2025-08-16 08:00:00,189.12,189.23,185.39,185.74,441804.36,82711284.00485
2025-08-16 12:00:00,185.75,189.47,185.2,188.79,461355.922,86649602.82543
2025-08-16 16:00:00,188.78,189.36,187.08,188.69,208056.105,39166177.72494
2025-08-16 20:00:00,188.68,190.06,187.94,189.6,189608.699,35824765.92369
2025-08-17 00:00:00,189.61,191.94,187.35,191.61,362012.918,68731953.85823
2025-08-17 04:00:00,191.61,193.55,191.33,191.88,372180.764,71670656.36787
2025-08-17 08:00:00,191.89,193.87,191.53,193.58,435766.843,83991809.3428
2025-08-17 12:00:00,193.58,195.49,191.91,195.47,370457.983,71753968.55694
2025-08-17 16:00:00,195.48,195.89,189.94,191.18,450637.822,86869024.65406
2025-08-17 20:00:00,191.17,193.44,190.88,190.99,270499.226,51863840.96438
2025-08-18 00:00:00,191.0,191.33,181.82,182.67,1042225.73,193828873.67681
2025-08-18 04:00:00,182.67,183.51,180.22,180.62,659547.289,119882046.12519
2025-08-18 08:00:00,180.63,181.98,180.0,181.36,444806.83,80481013.4037
2025-08-18 12:00:00,181.37,183.34,180.52,183.1,532070.614,96821051.89487
2025-08-18 16:00:00,183.1,185.7,181.76,183.21,437847.077,80438742.98048
2025-08-18 20:00:00,183.21,185.0,182.07,182.94,257577.157,47341092.81695
2025-08-19 00:00:00,182.94,185.87,178.17,178.52,684011.058,124129395.67146
2025-08-19 04:00:00,178.52,180.59,177.32,180.11,452831.951,81102343.17996
2025-08-19 08:00:00,180.12,182.81,179.11,182.66,362969.525,65807190.53679
2025-08-19 12:00:00,182.67,183.42,177.46,177.98,723498.931,130280510.73084
2025-08-19 16:00:00,177.98,178.78,175.69,176.74,659672.426,117040486.36364
2025-08-19 20:00:00,176.75,179.54,175.88,176.22,377106.068,67120485.67431
2025-08-20 00:00:00,176.22,181.5,176.04,180.49,447004.324,80125027.15396
2025-08-20 04:00:00,180.49,181.7,179.83,180.53,360924.936,65256626.74817
2025-08-20 08:00:00,180.53,182.25,178.32,180.29,459582.274,83209277.27656
2025-08-20 12:00:00,180.28,185.06,177.53,183.03,1056274.772,191393217.75954
2025-08-20 16:00:00,183.02,187.97,182.59,187.59,762490.645,140771877.55324
2025-08-20 20:00:00,187.6,187.95,185.78,187.94,378680.723,70812625.98704
2025-08-21 00:00:00,187.95,190.1,185.51,188.43,847804.628,159329012.85374
2025-08-21 04:00:00,188.43,188.7,185.89,186.98,358402.24,67163910.59628
2025-08-21 08:00:00,186.99,187.04,183.48,184.03,417312.125,77143778.39149
2025-08-21 12:00:00,184.03,186.42,181.44,181.65,653560.088,120302590.65072
2025-08-21 16:00:00,181.65,182.93,179.85,180.15,419791.244,76082750.86981
2025-08-21 20:00:00,180.15,181.86,179.43,180.29,217641.278,39320181.87534
2025-08-22 00:00:00,180.3,183.5,180.0,181.76,357848.232,65183828.81069
2025-08-22 04:00:00,181.76,184.36,181.75,183.98,306794.93,56256124.90192
2025-08-22 08:00:00,183.97,185.1,179.6,179.63,476379.83,86979221.37693
2025-08-22 12:00:00,179.63,195.42,177.27,193.47,3196497.746,601567088.72389
2025-08-22 16:00:00,193.48,199.73,193.48,198.97,1365879.831,268682592.91628
2025-08-22 20:00:00,198.97,202.4,198.38,200.69,890717.82,178217804.05798
2025-08-23 00:00:00,200.69,200.82,195.26,198.16,735618.04,145563814.8942
2025-08-23 04:00:00,198.15,208.62,198.1,205.18,2072364.143,425648147.78297
2025-08-23 08:00:00,205.18,205.66,201.53,201.98,875163.943,177994155.11355
2025-08-23 12:00:00,201.99,203.8,200.58,202.58,625574.666,126615886.2452
2025-08-23 16:00:00,202.57,204.57,202.2,204.09,297304.083,60500556.8107
2025-08-23 20:00:00,204.08,204.86,202.8,204.14,182615.884,37214278.9729
2025-08-24 00:00:00,204.15,211.99,204.14,209.05,1292167.1,269289613.48467
2025-08-24 04:00:00,209.06,210.76,206.6,206.66,876390.499,182987557.47405
2025-08-24 08:00:00,206.67,209.0,203.41,204.48,819520.01,168812189.3029
2025-08-24 12:00:00,204.48,209.35,203.57,205.62,849870.407,175319288.27098
2025-08-24 16:00:00,205.62,211.97,201.44,205.01,1969133.164,408171298.99255
2025-08-24 20:00:00,205.01,207.15,201.09,205.98,1358568.058,277151985.3205
2025-08-25 00:00:00,205.99,213.6,202.23,209.24,1525854.655,319034404.00752
2025-08-25 04:00:00,209.24,209.71,198.69,199.82,1543945.818,314954061.52419
2025-08-25 08:00:00,199.81,200.8,195.0,197.55,1307567.256,258784455.05726
2025-08-25 12:00:00,197.54,199.5,195.56,196.56,1163970.008,230137212.52208
2025-08-25 16:00:00,196.57,198.36,190.98,191.47,921580.475,179400722.93491
2025-08-25 20:00:00,191.47,192.12,185.33,187.2,1490182.541,280107839.39561
2025-08-26 00:00:00,187.19,189.29,185.58,186.9,1032410.688,193653688.08153
2025-08-26 04:00:00,186.9,189.92,186.9,188.92,595369.921,112197334.96201
2025-08-26 08:00:00,188.92,190.37,186.67,187.97,594464.855,111983266.76375
2025-08-26 12:00:00,187.98,192.55,187.18,190.77,1179204.886,224163121.38003
2025-08-26 16:00:00,190.76,197.51,190.58,197.43,753071.616,145987353.21674
2025-08-26 20:00:00,197.43,198.1,195.37,195.86,579897.556,114027592.0327
2025-08-27 00:00:00,195.85,202.81,193.78,201.92,909709.26,180211430.12961
2025-08-27 04:00:00,201.91,205.7,200.81,202.43,1505812.552,306316168.49367
2025-08-27 08:00:00,202.44,205.38,201.48,205.01,813548.353,165863324.80399
2025-08-27 12:00:00,205.01,209.4,202.62,208.66,1438991.466,296414467.59115
2025-08-27 16:00:00,208.66,212.08,205.95,206.4,1446542.131,301966243.61414
2025-08-27 20:00:00,206.4,209.49,202.57,202.95,1720536.392,353771985.65033
2025-08-28 00:00:00,202.95,208.35,201.72,208.15,848839.237,174094624.78857
2025-08-28 04:00:00,208.16,213.33,207.47,213.11,1372623.202,289912374.84717
2025-08-28 08:00:00,213.11,216.5,211.07,213.14,1507240.297,322309027.60741
2025-08-28 12:00:00,213.15,216.89,210.2,211.06,1875626.856,401029003.20382
2025-08-28 16:00:00,211.06,214.0,207.17,209.94,979217.904,206320651.10813
2025-08-28 20:00:00,209.95,215.73,209.64,214.43,663759.05,141748592.20236
2025-08-29 00:00:00,214.43,217.97,212.0,216.86,1361416.3,293160623.85025
2025-08-29 04:00:00,216.86,218.0,207.8,208.77,1869253.172,398977601.38312
2025-08-29 08:00:00,208.78,210.07,205.34,207.62,1315206.12,273062149.07565
2025-08-29 12:00:00,207.61,214.94,203.81,204.46,2207692.114,462915614.56422
2025-08-29 16:00:00,204.46,205.5,201.34,202.95,1121270.227,228123540.2628
2025-08-29 20:00:00,202.95,205.5,199.85,205.08,732648.664,148428720.8718
2025-08-30 00:00:00,205.09,206.65,200.68,205.61,1016056.129,206926956.20345
2025-08-30 04:00:00,205.61,207.06,204.37,205.14,636007.652,130870853.94534
2025-08-30 08:00:00,205.13,205.56,201.65,202.64,568973.963,115577751.72271
2025-08-30 12:00:00,202.64,202.67,197.52,201.05,1012487.733,202180768.84639
2025-08-30 16:00:00,201.05,201.61,199.74,201.25,325752.107,65414224.23733
2025-08-30 20:00:00,201.25,203.33,199.75,202.7,335298.531,67536922.65098
2025-08-31 00:00:00,202.7,206.66,202.69,205.58,719938.555,147607003.15173
2025-08-31 04:00:00,205.57,205.65,202.73,203.55,506583.734,103311823.55806
2025-08-31 08:00:00,203.56,206.0,202.23,203.65,497006.579,101431349.30319
2025-08-31 12:00:00,203.65,204.89,201.5,204.58,558733.153,113562450.88736
2025-08-31 16:00:00,204.58,205.99,203.68,204.62,382702.553,78433162.83603
2025-08-31 20:00:00,204.61,205.78,200.28,200.62,638259.374,129459202.1367
2025-09-01 00:00:00,200.62,202.49,196.03,198.42,1095348.972,218134215.72288
2025-09-01 04:00:00,198.41,202.93,196.61,202.92,723200.706,143906247.08268
2025-09-01 08:00:00,202.92,204.58,198.36,199.4,796310.266,160576256.94164
2025-09-01 12:00:00,199.41,201.13,197.67,198.37,628970.474,125550562.51142
2025-09-01 16:00:00,198.36,200.16,197.27,200.16,430656.417,85506634.11442
2025-09-01 20:00:00,200.16,200.17,194.19,197.32,790280.938,155100817.14201
2025-09-02 00:00:00,197.32,203.36,196.77,201.85,683276.649,136678986.21719
2025-09-02 04:00:00,201.86,204.45,201.39,202.12,573884.452,116592614.20029
2025-09-02 08:00:00,202.12,204.45,201.67,201.98,485173.647,98676041.02113
2025-09-02 12:00:00,201.97,205.15,197.37,200.3,1436972.942,290079301.05678
2025-09-02 16:00:00,200.29,207.0,199.48,205.54,860842.502,175549042.49312
2025-09-02 20:00:00,205.53,209.68,204.91,209.65,854487.357,177677313.25061
2025-09-03 00:00:00,209.64,211.97,207.42,210.03,1074401.43,225459410.94639
2025-09-03 04:00:00,210.02,210.48,207.94,209.36,565061.696,118045370.19934
2025-09-03 08:00:00,209.36,211.34,208.15,210.38,572759.788,120162148.18802
2025-09-03 12:00:00,210.37,213.02,208.69,211.37,1167373.022,246654016.22767
2025-09-03 16:00:00,211.37,211.97,208.83,210.38,388604.335,81718373.98937
2025-09-03 20:00:00,210.38,210.96,208.38,210.77,294991.412,61830073.15881
2025-09-04 00:00:00,210.77,211.94,207.47,208.19,488986.062,102462696.5655
2025-09-04 04:00:00,208.19,208.56,205.68,206.68,353396.148,73080319.77881
2025-09-04 08:00:00,206.68,208.79,206.58,207.22,279470.32,58095404.15001
2025-09-04 12:00:00,207.23,208.5,203.38,203.76,784895.444,161606562.02817
2025-09-04 16:00:00,203.77,205.18,201.84,202.12,401437.473,81743860.11319
2025-09-04 20:00:00,202.11,204.82,201.88,202.32,418593.83,85151857.82931
2025-09-05 00:00:00,202.32,204.05,200.95,203.53,428152.722,86762544.22056
2025-09-05 04:00:00,203.53,208.43,203.0,207.87,678134.358,139478613.42768
2025-09-05 08:00:00,207.87,207.96,204.52,206.67,540095.09,111474738.07171
2025-09-05 12:00:00,206.67,210.0,201.61,203.56,1639974.602,337810379.08809
2025-09-05 16:00:00,203.55,205.55,201.91,205.44,527852.482,107449794.63572
2025-09-05 20:00:00,205.43,205.69,202.7,203.36,307186.001,62718140.51077
2025-09-06 00:00:00,203.37,204.68,203.14,204.07,219743.501,44806974.59397
2025-09-06 04:00:00,204.06,204.07,202.07,203.03,270340.564,54823901.10254
2025-09-06 08:00:00,203.03,203.56,201.8,202.38,226912.717,46010442.72789
2025-09-06 12:00:00,202.38,202.87,201.01,201.26,250379.867,50569485.10691
2025-09-06 16:00:00,201.26,202.37,199.32,199.71,375364.512,75241747.46832
2025-09-06 20:00:00,199.7,201.2,199.7,200.16,138759.836,27815553.12034
2025-09-07 00:00:00,200.17,203.27,200.12,202.86,229169.683,46306410.78711
2025-09-07 04:00:00,202.85,203.3,202.23,202.99,144615.751,29321134.01605
2025-09-07 08:00:00,203.0,203.99,202.72,203.96,203095.962,41308344.61429
2025-09-07 12:00:00,203.96,205.55,203.08,205.2,378157.51,77244112.50711
2025-09-07 16:00:00,205.2,205.48,201.48,203.08,474253.21,96228285.82965
2025-09-07 20:00:00,203.08,207.95,202.58,206.35,788218.647,162357952.51979
2025-09-08 00:00:00,206.35,209.0,205.59,207.65,689936.433,143011641.93604
2025-09-08 04:00:00,207.64,208.87,206.66,207.92,542588.067,112705333.96265
2025-09-08 08:00:00,207.91,215.84,207.39,214.28,1598221.836,339397893.61644
2025-09-08 12:00:00,214.28,216.83,212.8,215.04,1390691.079,298825433.17813
2025-09-08 16:00:00,215.04,217.11,213.88,216.15,1009621.332,217725718.18473
2025-09-08 20:00:00,216.16,216.22,213.55,214.11,498620.188,107089427.93122
2025-09-09 00:00:00,214.11,214.91,210.79,214.63,736262.906,156576570.72795
2025-09-09 04:00:00,214.62,219.79,213.96,219.23,1023258.594,222514861.70532
2025-09-09 08:00:00,219.23,219.5,217.0,217.25,510642.02,111554123.28295
2025-09-09 12:00:00,217.24,218.54,211.69,213.07,1508779.467,324554388.72009
2025-09-09 16:00:00,213.07,216.99,213.0,216.34,721110.055,155389105.62119
2025-09-09 20:00:00,216.35,217.8,215.01,217.21,479251.671,103763859.8975
2025-09-10 00:00:00,217.22,219.65,215.09,219.2,784172.042,170539889.33927
2025-09-10 04:00:00,219.2,222.89,217.82,222.25,832462.629,183434486.2044
2025-09-10 08:00:00,222.25,222.45,218.77,220.25,695044.216,153264677.99136
2025-09-10 12:00:00,220.24,226.0,219.74,223.17,1555217.137,347728021.83232
2025-09-10 16:00:00,223.16,224.13,220.53,221.23,598543.573,133112078.40285
2025-09-10 20:00:00,221.23,224.65,220.95,224.07,358745.615,80066454.43605
2025-09-11 00:00:00,224.06,225.59,222.94,224.17,487255.101,109393013.62879
2025-09-11 04:00:00,224.17,224.29,221.72,223.23,448845.177,100030518.34862
2025-09-11 08:00:00,223.23,225.85,222.28,225.03,545294.32,122388389.06877
2025-09-11 12:00:00,225.04,228.95,222.79,226.82,1631416.502,369521314.74246
2025-09-11 16:00:00,226.82,228.37,225.3,226.71,620031.663,140645220.56187
2025-09-11 20:00:00,226.69,228.94,225.47,228.73,619514.238,140846146.25271
2025-09-12 00:00:00,228.73,235.81,228.11,235.09,1207675.905,280785899.34358
2025-09-12 04:00:00,235.08,239.86,234.22,237.33,1376519.657,327201602.38874
2025-09-12 08:00:00,237.33,239.55,236.72,239.18,491350.401,117096932.02959
2025-09-12 12:00:00,239.18,241.84,237.56,239.31,1160771.078,278085662.94136
2025-09-12 16:00:00,239.32,241.48,237.94,241.0,763911.375,183310166.84715
2025-09-12 20:00:00,241.0,244.04,238.33,242.18,891425.515,215014318.7339
2025-09-13 00:00:00,242.18,244.14,240.68,243.61,711408.504,172736092.21792
2025-09-13 04:00:00,243.62,243.67,241.23,242.46,415512.041,100785666.85348
2025-09-13 08:00:00,242.45,243.72,241.26,241.93,511414.931,124091960.53791
2025-09-13 12:00:00,241.93,243.09,237.93,239.43,733910.291,176357045.8462
2025-09-13 16:00:00,239.43,239.69,235.73,238.98,530973.647,126322091.27016
2025-09-13 20:00:00,238.98,243.18,238.84,242.38,402441.851,97117896.58276
2025-09-14 00:00:00,242.38,249.6,242.2,246.89,1039067.768,255519494.95338
2025-09-14 04:00:00,246.89,248.4,244.5,246.39,540408.995,133375654.61375
2025-09-14 08:00:00,246.4,248.09,245.58,246.09,377330.593,93180079.60141
2025-09-14 12:00:00,246.1,246.77,241.53,243.81,859662.312,209709283.7872
2025-09-14 16:00:00,243.81,248.45,242.13,242.51,757233.741,185893348.17745
2025-09-14 20:00:00,242.5,244.72,239.23,239.76,591467.719,143182894.0051
2025-09-15 00:00:00,239.75,243.41,239.15,242.64,445620.562,107641028.09427
2025-09-15 04:00:00,242.65,244.0,236.17,237.98,711140.007,171051427.42754
2025-09-15 08:00:00,237.98,238.11,231.55,236.45,1451753.3,341128294.20663
2025-09-15 12:00:00,236.46,238.16,231.96,233.0,1120024.664,262787186.58421
2025-09-15 16:00:00,233.0,234.67,230.15,233.0,679264.543,157877962.3135
2025-09-15 20:00:00,232.99,235.37,232.78,234.31,325786.543,76310545.17906
2025-09-16 00:00:00,234.32,235.8,232.87,235.08,406532.065,95395248.82559
2025-09-16 04:00:00,235.09,237.03,232.97,235.77,439716.76,103512474.91849
2025-09-16 08:00:00,235.77,236.93,234.77,235.37,357847.921,84361364.987
2025-09-16 12:00:00,235.36,238.09,231.26,237.79,804674.844,188473202.75
2025-09-16 16:00:00,237.79,240.95,236.24,237.82,843085.465,200905976.73892
2025-09-16 20:00:00,237.82,239.03,236.44,236.96,329770.005,78438841.83172
2025-09-17 00:00:00,236.96,237.85,233.84,234.07,442085.963,104360761.36691
2025-09-17 04:00:00,234.07,238.09,233.2,237.69,574416.426,135197350.45733
2025-09-17 08:00:00,237.69,237.73,233.66,234.17,425306.308,99984754.92404
2025-09-17 12:00:00,234.18,235.99,233.56,233.9,442459.616,103829326.33556
2025-09-17 16:00:00,233.9,239.1,232.23,238.74,1767201.407,416441044.72291
2025-09-17 20:00:00,238.74,246.62,236.01,244.84,1120059.773,271339273.23804
2025-09-18 00:00:00,244.84,247.99,244.16,246.72,716898.945,176411242.84744
2025-09-18 04:00:00,246.71,246.97,242.58,244.75,501792.035,122831499.73692
2025-09-18 08:00:00,244.75,247.17,244.34,245.97,467499.978,115146905.90486
2025-09-18 12:00:00,245.96,248.99,245.01,248.24,755572.778,186829004.36402
2025-09-18 16:00:00,248.25,253.51,247.33,248.36,1081932.43,270971972.96077
2025-09-18 20:00:00,248.36,249.22,245.88,247.5,393194.742,97357128.36696
2025-09-19 00:00:00,247.5,248.57,244.66,245.0,486455.778,120103086.90148
2025-09-19 04:00:00,245.0,245.73,242.83,243.82,591199.43,144459900.23013
2025-09-19 08:00:00,243.81,244.83,240.0,240.91,521484.767,126335302.20414
2025-09-19 12:00:00,240.92,242.71,235.81,237.54,964529.52,230636934.69192
2025-09-19 16:00:00,237.54,238.87,235.12,235.98,552758.243,131134748.54151
2025-09-19 20:00:00,235.98,238.85,235.98,238.53,268557.96,63802236.32104
2025-09-20 00:00:00,238.53,239.96,237.36,238.09,292277.489,69759873.60079
2025-09-20 04:00:00,238.09,239.78,237.73,239.78,188414.615,45042691.86223
2025-09-20 08:00:00,239.77,239.78,236.91,238.14,198950.509,47346356.2873
2025-09-20 12:00:00,238.14,241.22,237.05,240.1,470638.18,112631283.43278
2025-09-20 16:00:00,240.11,241.1,237.97,238.64,230385.504,55166092.64802
2025-09-20 20:00:00,238.64,240.31,238.44,239.48,169822.918,40683561.14303
2025-09-21 00:00:00,239.48,241.79,238.96,241.78,256811.845,61777036.08325
2025-09-21 04:00:00,241.78,241.82,239.45,239.87,212290.486,51060857.9552
2025-09-21 08:00:00,239.87,240.09,237.1,238.64,216475.625,51599535.42149
2025-09-21 12:00:00,238.64,240.28,237.7,237.91,196966.672,47095106.90628
2025-09-21 16:00:00,237.91,238.41,236.08,237.99,249970.647,59300973.49665
2025-09-21 20:00:00,237.99,238.11,235.32,236.16,259922.701,61516073.72714
2025-09-22 00:00:00,236.16,236.96,230.5,232.81,1045277.527,243339908.30512
2025-09-22 04:00:00,232.81,233.16,214.5,221.88,1920590.553,430005635.80958
2025-09-22 08:00:00,221.88,222.78,219.32,221.49,828237.826,183124704.23965
2025-09-22 12:00:00,221.49,224.03,219.91,220.73,772216.741,171408228.10491
2025-09-22 16:00:00,220.73,221.53,216.56,217.1,909206.16,199602893.23268
2025-09-22 20:00:00,217.1,221.1,216.45,220.38,361064.896,79220955.21285
2025-09-23 00:00:00,220.39,221.41,212.34,216.94,909225.517,196726054.80603
2025-09-23 04:00:00,216.94,220.26,214.02,219.0,606280.357,131843706.43286
2025-09-23 08:00:00,219.0,220.86,217.87,219.34,376465.729,82544732.55633
2025-09-23 12:00:00,219.33,220.65,216.97,219.28,495109.161,108509977.99988
2025-09-23 16:00:00,219.27,221.71,214.35,214.52,667060.786,144969742.1135
2025-09-23 20:00:00,214.51,216.68,212.96,213.3,394766.918,84800793.78759
2025-09-24 00:00:00,213.29,216.45,207.41,208.51,1196430.768,253685428.09864
2025-09-24 04:00:00,208.5,211.43,204.81,210.63,1465594.599,305192881.33347
2025-09-24 08:00:00,210.63,212.6,209.83,212.35,424450.64,89597966.86628
2025-09-24 12:00:00,212.36,216.24,211.41,213.61,706125.967,151041448.45603
2025-09-24 16:00:00,213.6,215.51,212.41,213.18,339233.479,72579062.65567
2025-09-24 20:00:00,213.18,213.24,210.72,211.6,295622.073,62627065.54979
2025-09-25 00:00:00,211.61,212.44,206.02,207.3,848925.731,177457503.83782
2025-09-25 04:00:00,207.3,207.63,202.76,204.19,967402.525,197810770.04412
2025-09-25 08:00:00,204.19,205.91,200.69,201.35,729173.977,148032277.37241
2025-09-25 12:00:00,201.34,204.06,197.03,201.15,1358179.897,272045987.45144
2025-09-25 16:00:00,201.14,201.95,193.6,198.09,1824534.378,360110091.24597
2025-09-25 20:00:00,198.09,198.7,191.32,192.74,1033040.783,201418186.69427
2025-09-26 00:00:00,192.73,197.55,192.53,196.47,793835.75,155338368.40221
2025-09-26 04:00:00,196.47,197.42,193.75,196.31,726413.597,142150332.12275
2025-09-26 08:00:00,196.31,196.98,190.8,193.47,786834.274,152165025.69802
2025-09-26 12:00:00,193.46,198.31,192.15,196.02,1577594.807,308445226.52138
2025-09-26 16:00:00,196.02,202.66,195.81,200.68,1192444.925,238761009.52591
2025-09-26 20:00:00,200.68,205.52,199.56,205.17,546079.521,110577597.37735
2025-09-27 00:00:00,205.16,205.43,203.57,203.88,468318.03,95722555.36366
2025-09-27 04:00:00,203.88,204.12,201.52,202.05,377609.353,76600502.89636
2025-09-27 08:00:00,202.05,202.21,199.88,201.71,355448.756,71490225.34505
2025-09-27 12:00:00,201.71,203.77,200.97,203.52,321632.965,65141438.68314
2025-09-27 16:00:00,203.52,203.61,200.85,202.19,373010.573,75294308.02612
2025-09-27 20:00:00,202.19,204.89,201.89,203.46,208913.738,42539331.16583
2025-09-28 00:00:00,203.47,204.07,200.74,201.4,341292.836,69017185.23722
2025-09-28 04:00:00,201.4,202.45,200.38,202.1,182680.133,36826141.10377
2025-09-28 08:00:00,202.1,202.7,199.23,199.86,280341.152,56298207.19759
2025-09-28 12:00:00,199.86,203.55,198.0,203.42,445496.91,89467168.35973
2025-09-28 16:00:00,203.43,206.67,203.26,206.18,432486.691,88625056.54171
2025-09-28 20:00:00,206.18,211.0,206.02,210.83,511962.352,106941482.26319
2025-09-29 00:00:00,210.83,210.89,208.74,210.28,480507.93,100809761.11814
2025-09-29 04:00:00,210.27,210.64,207.37,208.95,382478.561,79963567.03106
2025-09-29 08:00:00,208.94,209.69,206.02,207.07,300697.236,62463034.39835
2025-09-29 12:00:00,207.07,213.5,204.58,210.07,1124784.909,235990001.74831
2025-09-29 16:00:00,210.07,213.5,207.67,212.93,565969.834,118944445.9351
2025-09-29 20:00:00,212.93,214.74,212.43,212.75,358660.381,76622340.56084
2025-09-30 00:00:00,212.74,213.67,209.83,210.71,502259.774,106125964.62579
2025-09-30 04:00:00,210.71,211.72,208.55,209.0,333039.505,69996096.50682
2025-09-30 08:00:00,208.99,209.0,205.53,207.08,508045.926,105178453.77162
2025-09-30 12:00:00,207.07,209.64,204.65,206.0,651944.601,134833003.04864
2025-09-30 16:00:00,205.99,209.21,204.29,208.92,769192.192,158739319.7014
2025-09-30 20:00:00,208.92,210.98,207.42,208.68,500299.487,104774382.46497
2025-10-01 00:00:00,208.68,210.9,206.43,206.69,605455.675,126363284.8158
2025-10-01 04:00:00,206.68,210.34,206.31,210.18,408600.968,85378979.32357
2025-10-01 08:00:00,210.18,217.95,209.86,217.75,1185581.059,255857254.87014
2025-10-01 12:00:00,217.75,220.66,217.16,220.25,889129.102,194903809.38212
2025-10-01 16:00:00,220.24,221.0,217.34,220.05,559762.071,122778199.22737
2025-10-01 20:00:00,220.05,222.77,218.41,222.04,401732.046,88384527.36469
2025-10-02 00:00:00,222.04,225.06,219.52,223.8,766557.324,170465740.43105
2025-10-02 04:00:00,223.81,226.74,222.43,222.9,658529.904,147769372.52654
2025-10-02 08:00:00,222.91,226.7,222.69,225.27,469729.472,105668355.10949
2025-10-02 12:00:00,225.28,227.44,222.61,227.18,971047.694,219106374.30262
2025-10-02 16:00:00,227.19,233.79,226.24,232.3,1156299.686,266246482.93798
2025-10-02 20:00:00,232.29,234.99,230.81,234.74,568532.308,132487622.8438
2025-10-03 00:00:00,234.74,234.84,230.56,232.26,497550.343,115674620.20245
2025-10-03 04:00:00,232.26,233.23,227.68,229.41,512563.868,117964429.42032
2025-10-03 08:00:00,229.42,231.79,227.76,230.78,584160.624,134628607.96914
2025-10-03 12:00:00,230.79,234.98,227.13,234.79,907743.724,209077121.33021
2025-10-03 16:00:00,234.79,237.0,228.33,233.17,1408277.101,328492157.46007
2025-10-03 20:00:00,233.18,233.99,230.72,232.84,306315.954,71281811.70982
2025-10-04 00:00:00,232.84,234.05,227.93,229.25,457226.914,105374463.69405
2025-10-04 04:00:00,229.24,230.53,228.73,229.11,185493.857,42601132.98602
2025-10-04 08:00:00,229.1,229.92,228.21,229.19,234320.616,53659937.50077
2025-10-04 12:00:00,229.19,229.84,224.31,224.88,477348.863,108285656.80987
2025-10-04 16:00:00,224.87,227.02,224.07,226.91,346747.192,78237263.297
2025-10-04 20:00:00,226.91,228.29,226.91,227.86,140273.163,31931213.80664
2025-10-05 00:00:00,227.86,232.29,226.45,230.91,566636.333,130182654.42976
2025-10-05 04:00:00,230.91,236.93,230.9,236.59,804163.627,188669063.77667
2025-10-05 08:00:00,236.58,237.22,230.76,232.66,636400.946,148512948.42542
2025-10-05 12:00:00,232.66,232.67,228.42,230.14,444581.037,102553745.48724
2025-10-05 16:00:00,230.13,231.47,226.72,227.07,397313.916,90929532.8515
2025-10-05 20:00:00,227.07,229.26,226.7,228.56,250537.667,57156078.25085
2025-10-06 00:00:00,228.56,233.3,227.55,232.24,563967.157,130069727.22933
2025-10-06 04:00:00,232.23,234.86,230.17,231.36,446108.941,103725313.90645
2025-10-06 08:00:00,231.37,234.15,231.37,233.02,359815.261,83856360.54402
2025-10-06 12:00:00,233.02,236.67,232.63,235.64,697496.689,163651795.13939
2025-10-06 16:00:00,235.64,237.79,234.05,235.35,534512.908,126115550.69307
2025-10-06 20:00:00,235.34,236.15,231.64,232.35,380027.419,88819182.7951
2025-10-07 00:00:00,232.35,233.98,231.0,233.95,385311.776,89588337.8336
2025-10-07 04:00:00,233.95,235.21,229.41,231.01,622703.027,144572063.95987
2025-10-07 08:00:00,231.01,231.64,228.22,230.44,562991.52,129530170.30018
2025-10-07 12:00:00,230.44,231.59,220.8,223.79,1619389.724,365627074.59234
2025-10-07 16:00:00,223.79,225.31,220.71,221.69,773380.036,172527000.95883
2025-10-07 20:00:00,221.7,224.28,219.7,219.97,437269.674,97228758.76136
2025-10-08 00:00:00,219.98,222.78,217.91,218.31,631534.444,139119080.14617
2025-10-08 04:00:00,218.3,220.98,217.3,220.95,395944.606,86887282.07079
2025-10-08 08:00:00,220.95,222.64,220.65,221.2,364962.179,80884593.25794
2025-10-08 12:00:00,221.2,224.18,218.78,221.19,611449.452,135457853.22949
2025-10-08 16:00:00,221.2,229.67,220.71,229.34,752819.514,170471907.6979
2025-10-08 20:00:00,229.34,229.72,227.42,229.02,347050.45,79348728.23895
2025-10-09 00:00:00,229.03,229.69,223.84,226.19,569902.509,129169701.40269
2025-10-09 04:00:00,226.19,228.87,224.14,224.5,447470.805,101419508.61182
2025-10-09 08:00:00,224.49,224.81,219.32,223.14,587257.341,130308549.34645
2025-10-09 12:00:00,223.14,226.32,218.62,219.11,781057.471,173486542.48678
2025-10-09 16:00:00,219.11,220.14,216.53,218.29,631473.899,137866408.30347
2025-10-09 20:00:00,218.29,221.64,217.56,220.93,255791.406,56192341.83323
2025-10-10 00:00:00,220.93,222.87,219.5,221.65,346629.018,76681476.5868
2025-10-10 04:00:00,221.64,222.9,217.92,218.12,414183.951,91308902.11087
2025-10-10 08:00:00,218.13,221.56,217.4,221.14,407829.681,89574866.47758
2025-10-10 12:00:00,221.15,224.46,209.01,210.7,1721621.409,372990319.07032
2025-10-10 16:00:00,210.69,213.06,203.43,205.32,1157612.956,241995189.50377
2025-10-10 20:00:00,205.31,207.8,168.79,188.43,5574958.414,1061213393.9551
2025-10-11 00:00:00,188.43,191.05,182.16,184.85,1967350.02,366712053.20069
2025-10-11 04:00:00,184.86,186.88,180.0,182.75,1267649.828,232916990.41659
2025-10-11 08:00:00,182.75,189.5,181.76,183.85,1201413.392,222293333.17854
2025-10-11 12:00:00,183.85,185.05,180.77,183.71,975179.346,178601997.77874
2025-10-11 16:00:00,183.71,184.64,176.6,177.57,950768.032,172278931.52588
2025-10-11 20:00:00,177.57,178.78,172.58,177.62,930026.63,163871275.73633
2025-10-12 00:00:00,177.63,178.5,173.0,177.06,778604.574,136621471.96397
2025-10-12 04:00:00,177.06,182.97,176.61,182.55,907355.04,164343502.26204
2025-10-12 08:00:00,182.54,182.8,180.33,180.96,571208.267,103697814.58941
2025-10-12 12:00:00,180.96,191.8,178.2,191.23,1948392.285,362492047.21722
2025-10-12 16:00:00,191.23,196.6,191.22,195.85,1429928.258,277609821.40853
2025-10-12 20:00:00,195.86,199.0,193.12,197.0,851511.297,167268822.86092
2025-10-13 00:00:00,196.99,199.99,194.34,194.81,859440.428,169157611.76766
2025-10-13 04:00:00,194.82,199.5,192.91,196.81,697655.095,136870294.00572
2025-10-13 08:00:00,196.8,198.68,190.02,192.56,901085.761,175671920.28615
2025-10-13 12:00:00,192.56,197.66,191.31,196.42,1268838.45,246668131.64323
2025-10-13 16:00:00,196.42,208.75,196.23,207.1,1914640.531,388039400.39362
2025-10-13 20:00:00,207.1,209.28,206.81,208.69,611501.246,127243572.4026
2025-10-14 00:00:00,208.69,211.25,204.96,205.71,1130894.724,235112588.72247
2025-10-14 04:00:00,205.72,205.95,192.0,194.47,1675002.569,332804177.97194
2025-10-14 08:00:00,194.46,197.58,191.03,195.32,1092499.074,212656170.69034
2025-10-14 12:00:00,195.33,202.64,191.5,202.22,1513523.547,296626375.34918
2025-10-14 16:00:00,202.23,206.48,197.05,198.54,1546766.954,312591721.68875
2025-10-14 20:00:00,198.54,203.42,198.17,202.44,390481.007,78390549.86933
2025-10-15 00:00:00,202.45,205.82,200.89,201.65,734513.941,149041363.83744
2025-10-15 04:00:00,201.65,205.45,200.47,204.66,671527.243,136729144.62665
2025-10-15 08:00:00,204.65,208.91,202.04,202.6,874064.113,179694053.4106
2025-10-15 12:00:00,202.59,204.87,196.18,197.13,1536188.566,308426627.20052
2025-10-15 16:00:00,197.14,198.73,194.18,194.81,860173.691,169225904.84109
2025-10-15 20:00:00,194.81,196.62,192.04,193.84,692687.885,134342857.3755
2025-10-16 00:00:00,193.84,196.19,193.17,193.63,425855.19,82914789.42021
2025-10-16 04:00:00,193.64,195.6,191.38,192.93,653263.775,126293425.08862
2025-10-16 08:00:00,192.93,197.16,186.37,196.81,1147608.123,221348942.04631
2025-10-16 12:00:00,196.82,198.42,186.56,187.61,1249209.158,241530737.04757
2025-10-16 16:00:00,187.61,192.33,183.56,185.04,1260560.744,236849578.61133
2025-10-16 20:00:00,185.05,186.11,182.03,184.85,668143.673,122969979.68706
2025-10-17 00:00:00,184.84,187.55,184.27,187.09,501154.423,93260156.29705
2025-10-17 04:00:00,187.09,187.46,177.34,177.75,1351548.603,245877172.98686
2025-10-17 08:00:00,177.75,182.7,174.06,181.45,1749495.229,311310124.89865
2025-10-17 12:00:00,181.44,182.82,176.25,182.72,1229553.619,221305504.04123
2025-10-17 16:00:00,182.71,185.41,181.42,181.98,848007.258,155512682.25805
2025-10-17 20:00:00,181.98,186.04,181.47,181.96,423149.745,77865739.23327
2025-10-18 00:00:00,181.97,185.54,181.75,184.8,389074.412,71565384.45491
2025-10-18 04:00:00,184.8,188.26,183.11,186.27,558790.528,103947539.89491
2025-10-18 08:00:00,186.26,187.18,184.4,186.1,410950.833,76337257.01951
2025-10-18 12:00:00,186.11,187.4,183.96,185.03,280702.452,52049213.88254
2025-10-18 16:00:00,185.04,186.41,183.2,186.34,286323.985,52902610.83725
2025-10-18 20:00:00,186.35,187.84,185.9,187.56,179998.885,33662624.71561
2025-10-19 00:00:00,187.55,187.87,184.88,187.04,239032.315,44454631.12969
2025-10-19 04:00:00,187.03,187.69,185.19,185.9,179804.387,33524471.05157
2025-10-19 08:00:00,185.89,190.05,183.19,188.99,804874.713,150586128.27011
2025-10-19 12:00:00,189.0,191.7,188.11,190.78,550649.01,104764590.50105
2025-10-19 16:00:00,190.77,192.29,188.33,188.88,416711.876,79289483.69536
2025-10-19 20:00:00,188.88,190.16,186.83,187.86,292892.299,55284047.11828
2025-10-20 00:00:00,187.86,191.75,183.82,191.21,743331.871,138671364.56373
2025-10-20 04:00:00,191.21,194.5,190.6,193.02,564222.729,108711665.05517
2025-10-20 08:00:00,193.02,194.18,191.0,192.2,411838.944,79309287.34019
2025-10-20 12:00:00,192.21,192.99,190.44,190.5,439754.017,84329866.25286
2025-10-20 16:00:00,190.51,190.51,185.56,188.83,726870.7,136660923.66296
2025-10-20 20:00:00,188.83,191.18,188.26,189.71,291983.238,55442132.40146
2025-10-21 00:00:00,189.71,190.21,185.31,185.57,569706.431,106632576.76031
2025-10-21 04:00:00,185.57,185.63,182.72,185.03,617599.587,113687759.35005
2025-10-21 08:00:00,185.04,186.75,183.77,186.29,303743.764,56167523.72749
2025-10-21 12:00:00,186.28,197.15,183.94,196.22,1269186.523,242294742.98829
2025-10-21 16:00:00,196.22,197.71,192.11,193.96,1085050.944,211244464.43723
2025-10-21 20:00:00,193.97,194.22,185.11,185.63,805795.372,152640699.86844
2025-10-22 00:00:00,185.62,187.45,184.14,185.24,556653.945,103435883.15402
2025-10-22 04:00:00,185.23,186.31,183.28,185.01,490383.589,90536093.31111
2025-10-22 08:00:00,185.01,185.98,181.92,185.05,467384.919,86048078.20662
2025-10-22 12:00:00,185.05,186.91,181.28,183.98,965788.671,178134334.02505
2025-10-22 16:00:00,183.99,184.96,177.07,180.2,862504.568,156715416.5352
2025-10-22 20:00:00,180.21,180.78,177.04,180.12,634289.023,113566331.37018
2025-10-23 00:00:00,180.13,183.4,179.68,182.86,333221.726,60513158.60781
2025-10-23 04:00:00,182.87,188.0,182.7,187.48,510146.209,94778965.89207
2025-10-23 08:00:00,187.48,189.49,187.48,187.98,590289.765,111147812.05309
2025-10-23 12:00:00,187.98,192.62,186.6,191.04,1084518.789,206181396.64124
2025-10-23 16:00:00,191.04,193.45,190.1,191.15,566207.586,108550165.41913
2025-10-23 20:00:00,191.14,191.51,188.31,191.35,417575.04,79304629.80727
2025-10-24 00:00:00,191.36,193.85,190.85,191.31,420966.163,80959828.90121
2025-10-24 04:00:00,191.31,194.6,190.82,192.15,504623.968,97442921.46652
2025-10-24 08:00:00,192.15,193.45,190.58,192.13,321280.037,61741937.0345
2025-10-24 12:00:00,192.13,197.0,188.83,189.45,1335784.418,256832969.72268
2025-10-24 16:00:00,189.45,193.64,188.83,193.09,545332.865,104230569.34814
2025-10-24 20:00:00,193.1,194.14,192.84,193.59,228775.175,44295853.33572
2025-10-25 00:00:00,193.58,194.49,192.45,193.47,274729.892,53171924.44363
2025-10-25 04:00:00,193.48,194.91,193.44,193.96,264835.24,51430812.97028
2025-10-25 08:00:00,193.97,195.25,191.19,192.71,374620.98,72326333.59031
2025-10-25 12:00:00,192.7,194.22,191.8,191.89,276863.497,53355907.32252
2025-10-25 16:00:00,191.88,194.65,191.42,194.53,269735.279,52112982.13402
2025-10-25 20:00:00,194.53,194.91,193.76,193.84,166054.05,32267680.41555
2025-10-26 00:00:00,193.84,194.36,191.9,192.97,213438.623,41193189.68055
2025-10-26 04:00:00,192.98,194.31,192.73,193.86,157441.909,30487898.21742
2025-10-26 08:00:00,193.85,197.9,193.73,197.75,604768.068,118382927.68003
2025-10-26 12:00:00,197.74,199.96,196.91,199.53,641967.496,127540983.06053
2025-10-26 16:00:00,199.53,199.67,198.18,198.87,255182.972,50766899.30899
2025-10-26 20:00:00,198.87,202.43,196.86,200.03,704951.062,140749382.48685
2025-10-27 00:00:00,200.03,205.08,199.48,204.33,680006.801,138304561.89209
2025-10-27 04:00:00,204.33,205.33,202.26,202.51,616446.009,125781835.3766
2025-10-27 08:00:00,202.5,202.54,198.02,200.18,754944.259,151030528.57429
2025-10-27 12:00:00,200.18,200.58,198.3,200.11,467154.625,93230540.47954
2025-10-27 16:00:00,200.11,203.25,199.82,200.03,590812.625,119249284.58473
2025-10-27 20:00:00,200.03,200.23,197.34,198.7,406245.068,80739824.50505
2025-10-28 00:00:00,198.71,202.05,198.41,201.27,458190.136,91909898.22326
2025-10-28 04:00:00,201.27,203.0,198.62,202.35,494348.088,99368725.66131
2025-10-28 08:00:00,202.36,203.99,199.14,199.73,521805.505,105198336.03762
2025-10-28 12:00:00,199.73,203.03,196.58,198.85,1138560.2,227697504.80353
2025-10-28 16:00:00,198.86,201.28,194.48,195.35,707786.929,140278382.80022
2025-10-28 20:00:00,195.34,195.36,190.22,194.15,1008479.103,195001391.84182
2025-10-29 00:00:00,194.16,195.09,192.68,193.89,409753.254,79503472.09067
2025-10-29 04:00:00,193.9,196.07,193.75,195.65,217468.131,42416935.11366
2025-10-29 08:00:00,195.65,199.37,193.78,198.74,616444.316,121077462.90154
2025-10-29 12:00:00,198.74,201.7,196.37,196.78,944043.823,188384956.69276
2025-10-29 16:00:00,196.78,198.77,189.37,192.76,1903009.868,369640830.97618
2025-10-29 20:00:00,192.75,197.06,191.92,193.88,530168.437,103272562.59782
2025-10-30 00:00:00,193.89,198.19,192.12,197.1,438846.06,85866124.54967
2025-10-30 04:00:00,197.09,197.18,190.35,195.8,1052876.845,203941371.33598
2025-10-30 08:00:00,195.79,196.11,191.01,191.85,533894.297,103062271.98399
2025-10-30 12:00:00,191.85,192.06,184.49,185.02,1354983.198,253770486.64177
2025-10-30 16:00:00,185.01,186.35,178.65,179.06,936802.787,170708578.36301
2025-10-30 20:00:00,179.05,184.74,178.79,184.69,737135.076,134218540.49603
2025-10-31 00:00:00,184.69,186.91,183.7,185.15,648608.894,120233602.72437
2025-10-31 04:00:00,185.14,187.03,184.77,185.36,440672.765,81857151.90536
2025-10-31 08:00:00,185.36,189.22,184.58,188.89,458602.915,85618234.07047
2025-10-31 12:00:00,188.89,190.26,186.0,188.13,801559.511,150852865.32856
2025-10-31 16:00:00,188.12,189.04,184.38,188.42,589384.971,109662837.74508
2025-10-31 20:00:00,188.41,188.78,186.54,187.21,254564.784,47751046.90145
2025-11-01 00:00:00,187.21,187.48,185.5,187.2,279684.527,52190735.88647
2025-11-01 04:00:00,187.2,187.55,185.0,185.8,204620.722,38080393.97261
2025-11-01 08:00:00,185.79,186.72,185.28,186.22,222733.555,41448022.59191
2025-11-01 12:00:00,186.22,186.65,183.79,186.42,343727.969,63763724.49467
2025-11-01 16:00:00,186.42,187.12,184.87,186.27,274011.508,50913481.89431
2025-11-01 20:00:00,186.28,186.96,184.98,186.35,159726.939,29720380.39032
2025-11-02 00:00:00,186.35,186.37,184.66,185.29,208954.786,38715397.83102
2025-11-02 04:00:00,185.3,188.34,185.02,187.72,289882.073,54262832.7286
2025-11-02 08:00:00,187.72,187.95,184.45,186.15,316944.044,58926587.83005
2025-11-02 12:00:00,186.14,186.5,183.53,183.77,396484.887,73308638.84363
2025-11-02 16:00:00,183.77,184.68,182.0,184.02,281296.922,51639657.56394
2025-11-02 20:00:00,184.02,188.1,183.58,187.71,267734.845,49781199.53628
2025-11-03 00:00:00,187.71,189.13,176.73,177.57,1094378.434,199908483.32194
2025-11-03 04:00:00,177.56,178.75,174.22,176.5,863661.732,152567059.18392
2025-11-03 08:00:00,176.51,176.92,173.0,175.32,1002707.728,175586206.50038
2025-11-03 12:00:00,175.32,176.95,165.0,166.79,2334599.655,396383174.29337
2025-11-03 16:00:00,166.79,171.0,165.61,166.74,1203562.117,202688310.47843
2025-11-03 20:00:00,166.75,167.24,163.15,166.06,828703.397,136916094.2392
2025-11-04 00:00:00,166.06,168.42,164.18,167.66,456279.203,76153156.15657
2025-11-04 04:00:00,167.66,168.13,155.87,157.07,1727235.108,276658941.61445
2025-11-04 08:00:00,157.07,162.25,156.41,161.71,878336.359,140374987.01522
2025-11-04 12:00:00,161.71,165.27,159.32,161.5,1067811.866,173317844.15132
2025-11-04 16:00:00,161.5,162.36,152.26,154.62,1758082.425,274658777.1187
2025-11-04 20:00:00,154.62,155.9,145.85,155.03,2400832.604,363624894.17264
2025-11-05 00:00:00,155.04,157.42,147.29,156.93,1311505.522,200732278.80202
2025-11-05 04:00:00,156.93,158.62,155.66,156.47,618742.279,97204751.32759
2025-11-05 08:00:00,156.47,157.63,153.67,157.48,688517.494,107236436.80823
2025-11-05 12:00:00,157.48,160.57,156.77,160.5,848056.116,134556871.3302
2025-11-05 16:00:00,160.5,163.93,158.57,162.53,793259.484,128452567.95944
2025-11-05 20:00:00,162.53,163.97,161.12,162.37,390450.793,63387400.41593
2025-11-06 00:00:00,162.37,162.91,159.7,162.45,646585.508,104167874.42279
2025-11-06 04:00:00,162.46,162.75,158.25,158.84,375368.033,60018058.37776
2025-11-06 08:00:00,158.84,159.9,157.66,158.85,462417.2,73522458.55756
2025-11-06 12:00:00,158.85,161.51,155.4,155.92,933014.212,147690922.37781
2025-11-06 16:00:00,155.92,158.67,153.8,156.89,768891.367,120039150.3119
2025-11-06 20:00:00,156.89,157.82,153.45,155.28,390477.007,60692298.81336
2025-11-07 00:00:00,155.27,158.62,154.22,156.85,516516.016,80904253.36172
2025-11-07 04:00:00,156.86,158.28,155.24,157.79,343595.132,53918246.29371
2025-11-07 08:00:00,157.79,158.21,151.67,153.85,557571.888,86054054.30146
2025-11-07 12:00:00,153.86,156.27,149.82,155.42,1207437.006,184596809.95922
2025-11-07 16:00:00,155.42,164.48,154.4,164.17,1019600.496,163358273.69081
2025-11-07 20:00:00,164.17,164.41,161.61,161.79,568357.434,92620005.97194
2025-11-08 00:00:00,161.8,164.89,160.59,162.52,546395.306,88989437.59372
2025-11-08 04:00:00,162.52,163.66,159.58,161.06,346943.276,56002069.80791
2025-11-08 08:00:00,161.05,162.34,159.01,159.39,421708.497,67794903.36411
2025-11-08 12:00:00,159.39,159.7,155.9,156.65,572620.926,90359819.6181
2025-11-08 16:00:00,156.65,158.18,155.8,157.36,375927.994,59062347.12707
2025-11-08 20:00:00,157.36,158.44,157.22,158.02,239331.241,37787725.65032
2025-11-09 00:00:00,158.01,158.32,155.11,155.88,306080.487,47965199.44756
2025-11-09 04:00:00,155.89,159.58,155.85,159.3,429866.591,67896746.13748
2025-11-09 08:00:00,159.29,159.94,157.28,159.06,263577.165,41868942.09358
2025-11-09 12:00:00,159.06,163.98,158.59,162.53,1151496.478,185458958.31987
2025-11-09 16:00:00,162.53,166.31,161.23,166.15,628834.464,102851190.7341
2025-11-09 20:00:00,166.16,166.57,163.93,164.53,451934.39,74667025.3629
2025-11-10 00:00:00,164.53,168.76,163.42,168.12,756387.017,126429510.4574
2025-11-10 04:00:00,168.13,168.92,166.38,167.38,429425.483,72003360.43019
2025-11-10 08:00:00,167.38,169.81,166.11,168.33,504546.393,84812980.97943
2025-11-10 12:00:00,168.32,170.48,165.2,166.26,940561.178,157511656.92489
2025-11-10 16:00:00,166.26,168.49,165.25,167.19,599038.76,99774487.15096
2025-11-10 20:00:00,167.19,168.41,164.81,167.31,399002.295,66579113.33549
2025-11-11 00:00:00,167.31,171.94,166.0,169.97,753568.353,127609101.8088
2025-11-11 04:00:00,169.97,170.11,163.57,163.98,922944.548,152933270.95791
2025-11-11 08:00:00,163.98,164.97,162.7,163.69,576448.391,94386913.87683
2025-11-11 12:00:00,163.69,164.37,160.0,160.89,1180837.363,191252696.31844
2025-11-11 16:00:00,160.88,161.22,157.42,157.58,629419.687,100467563.72427
2025-11-11 20:00:00,157.59,157.87,153.93,154.63,638885.871,99800378.86667
2025-11-12 00:00:00,154.63,155.58,153.59,154.57,587229.658,90853016.71454
2025-11-12 04:00:00,154.58,156.57,154.2,155.02,544393.301,84678480.74538
2025-11-12 08:00:00,155.03,161.14,155.0,160.03,813653.125,129156074.87414
2025-11-12 12:00:00,160.03,161.06,155.23,155.73,848259.406,134588062.1486
2025-11-12 16:00:00,155.73,156.21,151.2,153.05,1010302.977,154809538.8039
2025-11-12 20:00:00,153.04,154.68,152.54,153.42,335367.0,51483463.23224
2025-11-13 00:00:00,153.43,155.78,150.42,154.33,674316.17,103336874.45729
2025-11-13 04:00:00,154.33,157.2,153.4,155.31,660873.561,102790706.4774
2025-11-13 08:00:00,155.3,156.5,153.86,156.3,417271.961,64904690.10848
2025-11-13 12:00:00,156.3,156.96,152.26,153.13,862678.228,133390818.97836
2025-11-13 16:00:00,153.12,153.41,142.04,142.73,1600894.008,235768283.0459
2025-11-13 20:00:00,142.73,146.25,141.04,144.73,1202155.769,172354627.8458
2025-11-14 00:00:00,144.74,145.68,142.8,144.28,689700.077,99426634.77319
2025-11-14 04:00:00,144.27,144.48,138.71,142.85,1432639.09,203159828.18906
2025-11-14 08:00:00,142.85,143.19,139.84,140.77,769504.935,108799438.83819
2025-11-14 12:00:00,140.76,143.76,135.76,142.23,2107292.107,293191013.74821
2025-11-14 16:00:00,142.23,144.22,140.57,143.14,685439.553,97709426.38966
2025-11-14 20:00:00,143.14,143.24,137.2,138.92,491849.385,68889299.39289
2025-11-15 00:00:00,138.93,143.35,138.75,142.53,485860.587,68920102.42366
2025-11-15 04:00:00,142.54,143.59,141.81,142.76,321053.134,45822683.45096
2025-11-15 08:00:00,142.75,142.84,139.97,140.22,358754.991,50616240.96775
2025-11-15 12:00:00,140.21,142.26,139.98,141.72,345360.745,48800741.64854
2025-11-15 16:00:00,141.72,144.69,140.81,141.77,451561.081,64413497.24712
2025-11-15 20:00:00,141.78,141.96,138.61,139.61,388887.484,54419782.04522
2025-11-16 00:00:00,139.6,141.52,137.39,141.43,409097.314,57068981.50648
2025-11-16 04:00:00,141.43,142.46,140.73,142.31,249302.74,35318758.14184
2025-11-16 08:00:00,142.31,143.38,139.5,139.92,436307.484,61823545.28514
2025-11-16 12:00:00,139.91,140.85,137.15,137.48,500550.897,69789342.14334
2025-11-16 16:00:00,137.47,138.51,134.42,136.83,1113334.674,151870778.75818
2025-11-16 20:00:00,136.83,138.17,134.91,137.17,676841.175,92488280.82339
2025-11-17 00:00:00,137.17,140.79,136.09,140.28,678176.064,94188508.56046
2025-11-17 04:00:00,140.28,141.85,139.66,141.33,381720.702,53718557.79241
2025-11-17 08:00:00,141.33,142.8,140.94,141.9,530510.527,75229277.85434
2025-11-17 12:00:00,141.9,143.28,136.8,137.16,1374053.29,191963830.94996
2025-11-17 16:00:00,137.16,137.21,129.37,129.65,1876713.067,249176270.70962
2025-11-17 20:00:00,129.64,131.97,128.82,130.99,783547.125,102236265.24184
2025-11-18 00:00:00,131.0,135.23,129.0,134.51,1200360.695,158975993.76878
2025-11-18 04:00:00,134.52,137.81,132.52,136.92,1476375.518,200431191.94336
2025-11-18 08:00:00,136.93,139.12,136.47,137.88,708678.511,97603490.36125
2025-11-18 12:00:00,137.88,142.17,136.84,139.7,1077764.638,149908459.02921
2025-11-18 16:00:00,139.7,142.12,138.77,141.44,657471.269,92517737.49472
2025-11-18 20:00:00,141.45,142.12,139.66,140.69,408198.179,57568427.94988
2025-11-19 00:00:00,140.68,142.84,139.29,139.81,619607.706,87254834.03278
2025-11-19 04:00:00,139.8,141.14,137.12,140.58,661015.288,91679056.12747
2025-11-19 08:00:00,140.57,141.03,138.35,138.56,368670.991,51493071.59365
2025-11-19 12:00:00,138.57,139.23,134.42,134.62,1000992.166,137014517.55797
2025-11-19 16:00:00,134.61,135.45,130.53,131.74,844399.747,112044909.95842
2025-11-19 20:00:00,131.74,137.06,131.36,137.06,773781.146,104225365.63321
2025-11-20 00:00:00,137.06,144.46,136.38,143.18,1377106.515,195560937.10461
2025-11-20 04:00:00,143.18,144.8,142.19,143.8,722228.139,103652522.51048
2025-11-20 08:00:00,143.8,143.96,141.07,142.12,602504.635,85782951.86557
2025-11-20 12:00:00,142.12,143.39,138.35,138.57,1002193.061,141187102.38321
2025-11-20 16:00:00,138.56,138.74,131.11,133.92,2507134.344,334021594.06982
2025-11-20 20:00:00,133.91,136.68,132.66,133.67,837087.53,112463302.86258
2025-11-21 00:00:00,133.67,135.06,131.03,132.62,851377.991,113498927.4036
2025-11-21 04:00:00,132.62,133.1,122.2,127.55,1943288.477,249294107.87766
2025-11-21 08:00:00,127.55,129.45,123.79,124.32,1669518.962,211411583.17923
2025-11-21 12:00:00,124.32,129.61,121.66,125.41,2087383.232,263541735.59646
2025-11-21 16:00:00,125.4,130.62,123.58,128.12,1111016.931,141983420.14212
2025-11-21 20:00:00,128.12,129.36,125.11,128.68,623300.1,79485001.5452
2025-11-22 00:00:00,128.69,129.94,126.82,127.13,476869.742,61219162.4941
2025-11-22 04:00:00,127.13,128.39,125.35,127.74,519649.141,65926410.94077
2025-11-22 08:00:00,127.74,127.74,125.32,126.68,475095.143,60084883.80679
2025-11-22 12:00:00,126.68,127.79,125.08,127.13,440628.354,55721830.54734
2025-11-22 16:00:00,127.13,128.6,126.79,127.2,414704.394,52958608.34345
2025-11-22 20:00:00,127.2,128.92,126.1,127.59,285541.085,36390252.9682
2025-11-23 00:00:00,127.6,130.8,127.56,129.96,491028.466,63498853.74586
2025-11-23 04:00:00,129.95,131.9,128.11,128.86,491253.734,63825837.33375
2025-11-23 08:00:00,128.86,130.99,128.83,129.75,300116.288,38938012.90233
2025-11-23 12:00:00,129.76,133.13,129.65,132.87,760576.743,100007790.81553
2025-11-23 16:00:00,132.88,133.47,130.84,132.38,413285.315,54634600.5837
2025-11-23 20:00:00,132.39,133.54,130.52,130.58,362454.644,47822161.0699
2025-11-24 00:00:00,130.58,134.41,129.31,133.43,667217.445,88045102.41414
2025-11-24 04:00:00,133.42,133.93,130.19,130.34,736429.477,97001399.11918
2025-11-24 08:00:00,130.33,130.76,128.44,129.62,488160.134,63192838.90573
2025-11-24 12:00:00,129.61,132.6,128.54,131.94,865454.321,112839305.96749
2025-11-24 16:00:00,131.93,138.0,131.82,137.24,1171221.116,158563622.58454
2025-11-24 20:00:00,137.24,139.87,137.24,138.44,816374.553,113227587.70978
2025-11-25 00:00:00,138.43,138.99,137.25,137.8,339660.447,46903165.83017
2025-11-25 04:00:00,137.8,138.97,136.3,136.33,283357.024,39044300.2707
2025-11-25 08:00:00,136.33,136.84,134.73,136.29,516734.358,70270790.85835
2025-11-25 12:00:00,136.29,136.98,133.13,134.86,773169.974,104546424.28811
2025-11-25 16:00:00,134.86,138.02,134.24,136.72,571150.898,77823859.06334
2025-11-25 20:00:00,136.73,140.5,135.98,138.96,510747.152,70637783.01977
2025-11-26 00:00:00,138.96,140.68,137.92,138.15,466628.933,64989862.16288
2025-11-26 04:00:00,138.15,139.95,137.72,139.89,422753.327,58754327.46299
2025-11-26 08:00:00,139.88,139.93,136.21,136.87,482180.089,66287844.07334
2025-11-26 12:00:00,136.86,138.29,135.5,136.66,888185.7,121255129.9991
2025-11-26 16:00:00,136.67,144.75,136.46,143.99,1267639.711,179942918.03522
2025-11-26 20:00:00,143.99,144.23,142.51,143.02,494474.91,70864455.49199
2025-11-27 00:00:00,143.01,144.14,142.07,142.52,427643.815,61193328.13765
2025-11-27 04:00:00,142.52,144.29,142.33,143.77,335308.642,48062252.72628
2025-11-27 08:00:00,143.77,143.9,141.51,142.08,325361.224,46301433.67889
2025-11-27 12:00:00,142.08,142.54,140.67,142.15,407380.925,57618403.86663
2025-11-27 16:00:00,142.15,143.15,141.43,142.73,548532.704,77960885.9744
2025-11-27 20:00:00,142.73,142.91,140.47,140.85,287445.879,40781777.34764
2025-11-28 00:00:00,140.85,141.45,138.59,139.68,414090.873,57843256.41126
2025-11-28 04:00:00,139.68,140.6,138.97,138.97,337429.517,47235128.32521
2025-11-28 08:00:00,138.98,142.64,138.95,140.99,614761.359,86901163.25753
2025-11-28 12:00:00,140.99,143.6,140.43,141.61,937180.174,133276015.85094
2025-11-28 16:00:00,141.62,141.65,136.01,137.53,896752.777,123802970.13548
2025-11-28 20:00:00,137.54,138.3,136.59,137.33,302295.331,41540162.90321
2025-11-29 00:00:00,137.33,137.89,136.7,136.83,246755.399,33883423.48174
2025-11-29 04:00:00,136.84,137.72,136.22,137.28,316477.661,43395262.66521
2025-11-29 08:00:00,137.28,137.48,136.39,137.33,265128.876,36302176.48577
2025-11-29 12:00:00,137.33,137.66,136.5,137.58,234356.046,32123199.69896
2025-11-29 16:00:00,137.58,138.1,134.76,135.68,526704.726,71807802.47267
2025-11-29 20:00:00,135.67,136.52,135.33,135.91,269898.463,36661260.82416
2025-11-30 00:00:00,135.92,136.8,135.25,136.4,431086.668,58683124.34052
2025-11-30 04:00:00,136.41,136.95,135.52,136.53,237426.821,32345783.12141
2025-11-30 08:00:00,136.52,137.1,136.12,136.42,254052.047,34726284.9543
2025-11-30 12:00:00,136.43,140.19,136.2,138.33,701970.735,97240155.41823
2025-11-30 16:00:00,138.34,139.82,137.37,137.63,426964.132,59164627.42114
2025-11-30 20:00:00,137.62,137.93,133.26,133.48,556664.926,75722249.41683
2025-12-01 00:00:00,133.48,133.74,126.53,126.97,1614647.797,208972790.00535
2025-12-01 04:00:00,126.97,127.47,125.81,127.42,509645.046,64506004.90244
2025-12-01 08:00:00,127.41,128.09,126.86,127.12,381155.306,48521571.14887
2025-12-01 12:00:00,127.12,127.72,123.11,125.11,1064958.117,133750732.74802
2025-12-01 16:00:00,125.11,125.34,123.27,123.86,828331.629,102891328.09189
2025-12-01 20:00:00,123.86,127.43,123.83,126.66,608766.162,76556402.47697
2025-12-02 00:00:00,126.66,128.54,126.02,127.23,442656.697,56300979.35647
2025-12-02 04:00:00,127.23,127.85,126.44,127.26,303815.075,38620771.98364
2025-12-02 08:00:00,127.26,128.84,126.01,128.31,388778.098,49518060.63999
2025-12-02 12:00:00,128.32,139.87,128.2,137.84,1918984.282,256536914.84193
2025-12-02 16:00:00,137.83,140.88,137.38,140.25,1232076.53,171684192.29863
2025-12-02 20:00:00,140.26,140.38,138.2,138.68,736546.065,102445912.73273
2025-12-03 00:00:00,138.67,140.65,137.76,140.33,591646.275,82272042.99464
2025-12-03 04:00:00,140.33,144.26,140.18,141.88,755059.692,107453677.28064
2025-12-03 08:00:00,141.89,142.67,140.75,141.72,338898.158,48044674.71662
2025-12-03 12:00:00,141.72,143.59,138.78,141.0,747077.707,105443362.35402
2025-12-03 16:00:00,141.0,142.39,139.87,141.28,633714.55,89521325.69004
2025-12-03 20:00:00,141.27,146.08,140.74,144.67,887748.423,127776258.3641
2025-12-04 00:00:00,144.67,146.91,143.64,144.67,440212.323,63875403.38702
2025-12-04 04:00:00,144.68,144.9,142.64,143.47,358054.306,51418490.94389
2025-12-04 08:00:00,143.47,144.2,142.7,143.06,281400.1,40344937.02301
2025-12-04 12:00:00,143.05,144.26,141.44,143.21,633420.385,90369433.74061
2025-12-04 16:00:00,143.2,143.85,137.8,139.67,637344.565,89655116.5662
2025-12-04 20:00:00,139.66,140.5,138.5,139.01,343810.562,47965840.2774
2025-12-05 00:00:00,139.01,140.2,138.3,138.56,357991.819,49929520.9101
2025-12-05 04:00:00,138.55,140.75,137.77,139.68,413520.051,57481502.57118
2025-12-05 08:00:00,139.67,139.67,136.13,137.02,613358.33,84293410.62529
2025-12-05 12:00:00,137.01,137.2,134.41,135.05,801747.685,109032480.74526
2025-12-05 16:00:00,135.04,135.2,130.73,132.5,883797.163,117056534.29516
2025-12-05 20:00:00,132.49,133.43,131.96,133.29,296944.095,39378577.97909
2025-12-06 00:00:00,133.29,134.13,132.8,133.74,194365.776,25943636.56865
2025-12-06 04:00:00,133.73,133.75,132.56,132.72,144527.272,19244326.11755
2025-12-06 08:00:00,132.73,133.29,131.88,133.22,184726.431,24494344.55034
2025-12-06 12:00:00,133.23,133.99,132.21,132.87,278722.107,37128239.82661
2025-12-06 16:00:00,132.88,133.54,131.78,132.06,360865.546,47899466.73553
2025-12-06 20:00:00,132.07,132.93,131.28,132.19,178388.299,23566596.16392
2025-12-07 00:00:00,132.2,133.59,131.93,133.5,186402.891,24765759.88447
2025-12-07 04:00:00,133.5,133.54,131.91,132.08,160470.239,21302437.17357
2025-12-07 08:00:00,132.09,132.59,131.53,132.44,199293.589,26306969.81339
2025-12-07 12:00:00,132.43,133.07,127.7,132.03,1062856.34,138352624.2898
2025-12-07 16:00:00,132.03,136.29,130.49,135.72,933154.236,124912818.88011
2025-12-07 20:00:00,135.73,136.35,129.8,132.24,589627.196,78156506.32547
2025-12-08 00:00:00,132.25,134.71,131.52,134.32,358010.639,47699105.9141
2025-12-08 04:00:00,134.32,136.0,134.07,135.85,370405.378,50087267.18601
2025-12-08 08:00:00,135.85,139.36,135.65,138.37,542414.345,74826940.2526
2025-12-08 12:00:00,138.37,139.32,135.24,135.55,770614.772,105848660.94697
2025-12-08 16:00:00,135.54,136.54,133.02,133.67,655059.641,88445096.71587
2025-12-08 20:00:00,133.66,134.94,132.45,133.25,548610.651,73358567.91282
2025-12-09 00:00:00,133.24,134.42,132.47,134.18,370817.475,49385651.80089
2025-12-09 04:00:00,134.18,134.26,131.77,133.2,383953.547,50931068.12822
2025-12-09 08:00:00,133.21,133.42,132.01,132.95,213047.581,28268899.35658
2025-12-09 12:00:00,132.95,138.5,131.62,138.45,889986.691,119964831.96491
2025-12-09 16:00:00,138.46,144.93,138.45,142.1,1856643.017,264459700.84778
2025-12-09 20:00:00,142.11,142.34,136.71,137.88,794073.723,110523538.69042
2025-12-10 00:00:00,137.87,138.61,137.19,138.15,660905.384,91087688.40632
2025-12-10 04:00:00,138.15,140.22,138.05,139.2,371289.473,51644897.73212
2025-12-10 08:00:00,139.2,139.88,136.33,137.24,512812.667,70764410.22075
2025-12-10 12:00:00,137.23,138.16,135.71,136.17,485961.302,66591519.66308
2025-12-10 16:00:00,136.16,139.64,135.73,138.67,1261516.677,173647924.52418
2025-12-10 20:00:00,138.67,142.57,135.39,136.26,1227744.773,170809565.48079
2025-12-11 00:00:00,136.26,136.43,129.0,129.39,1248018.99,164594488.24366
2025-12-11 04:00:00,129.39,131.52,129.04,131.03,542883.636,70919227.39204
2025-12-11 08:00:00,131.03,131.41,130.15,130.93,321975.149,42146018.22993
2025-12-11 12:00:00,130.93,132.82,129.84,131.18,566748.181,74357944.73474
2025-12-11 16:00:00,131.17,135.58,130.12,133.91,856553.78,114400332.38936
2025-12-11 20:00:00,133.9,137.79,133.82,136.41,841517.3,114844357.20552
2025-12-12 00:00:00,136.41,137.95,135.35,137.08,459234.105,62832505.87962
2025-12-12 04:00:00,137.08,140.12,136.52,139.09,578561.574,80158111.60739
2025-12-12 08:00:00,139.09,139.15,137.19,138.71,429778.284,59349433.92595
2025-12-12 12:00:00,138.72,139.86,132.85,133.49,1072554.749,146731220.77427
2025-12-12 16:00:00,133.48,133.95,130.35,131.27,1096274.013,145077796.84896
2025-12-12 20:00:00,131.27,133.07,131.0,132.27,369205.537,48765497.15321
2025-12-13 00:00:00,132.28,133.0,132.28,132.88,226995.391,30116899.82233
2025-12-13 04:00:00,132.88,133.02,132.33,132.93,148161.676,19664626.40781
2025-12-13 08:00:00,132.94,134.28,132.93,133.32,341456.626,45664393.05024
2025-12-13 12:00:00,133.31,133.68,132.61,133.31,230235.882,30657996.60766
2025-12-13 16:00:00,133.3,133.82,132.11,132.72,306223.432,40598718.87241
2025-12-13 20:00:00,132.73,133.27,131.6,133.14,219410.728,29087930.14743
2025-12-14 00:00:00,133.13,133.66,132.71,132.95,180565.013,24056794.31573
2025-12-14 04:00:00,132.95,133.39,132.08,133.29,166985.072,22142024.20561
2025-12-14 08:00:00,133.28,133.5,130.14,131.47,483157.35,63704156.82015
2025-12-14 12:00:00,131.46,131.9,130.33,130.67,237483.44,31148450.84376
2025-12-14 16:00:00,130.67,131.6,129.4,130.31,292036.324,38041407.28996
2025-12-14 20:00:00,130.3,130.8,127.98,129.4,371387.438,48079971.02634
2025-12-15 00:00:00,129.39,133.25,129.29,131.16,436829.082,57393030.17218
2025-12-15 04:00:00,131.17,132.71,130.88,132.34,278768.459,36786026.05934
2025-12-15 08:00:00,132.34,133.03,132.06,132.26,255593.536,33867379.57539
2025-12-15 12:00:00,132.25,135.43,126.45,126.89,1435432.876,187134915.23735
2025-12-15 16:00:00,126.89,127.3,123.63,125.02,995885.893,125059028.03955
2025-12-15 20:00:00,125.01,127.87,123.88,127.81,519921.154,65332040.19081
2025-12-16 00:00:00,127.81,128.03,124.94,126.51,378647.204,47928973.23588
2025-12-16 04:00:00,126.5,127.48,124.87,125.57,313403.327,39572314.56247
2025-12-16 08:00:00,125.57,129.04,125.43,128.63,442177.138,56309554.74056
2025-12-16 12:00:00,128.62,130.14,126.11,129.75,964353.121,123738784.37095
2025-12-16 16:00:00,129.75,129.85,126.77,127.73,490608.453,62804303.95056
2025-12-16 20:00:00,127.72,129.52,127.43,129.15,295594.755,37964684.30971
2025-12-17 00:00:00,129.15,129.82,128.21,128.24,274681.225,35419019.13195
2025-12-17 04:00:00,128.25,128.57,127.02,128.27,212978.941,27228472.96654
2025-12-17 08:00:00,128.26,128.26,125.96,127.62,348417.329,44275415.76438
2025-12-17 12:00:00,127.62,133.99,126.58,126.77,1751793.852,227884428.95216
2025-12-17 16:00:00,126.76,127.98,121.36,122.39,1509621.617,186873250.69346
2025-12-17 20:00:00,122.39,123.76,121.95,123.27,428087.252,52631986.88263
2025-12-18 00:00:00,123.28,124.16,122.98,123.65,269021.744,33224507.57534
2025-12-18 04:00:00,123.64,124.13,122.21,122.83,274154.785,33735067.21116
2025-12-18 08:00:00,122.83,124.15,122.46,124.07,308080.361,38044530.79606
2025-12-18 12:00:00,124.07,129.05,123.65,127.4,1416724.357,179082890.65472
2025-12-18 16:00:00,127.41,127.5,117.44,117.56,1725114.044,210483992.6739
2025-12-18 20:00:00,117.55,120.2,116.88,119.6,797699.717,94705525.06445
2025-12-19 00:00:00,119.6,122.54,117.61,121.59,620548.236,74434413.50677
2025-12-19 04:00:00,121.58,125.34,121.35,124.44,766760.883,94387781.34053
2025-12-19 08:00:00,124.43,125.74,123.86,125.36,429965.695,53686362.60644
2025-12-19 12:00:00,125.36,127.66,124.68,125.09,1032574.73,129935551.75233
2025-12-19 16:00:00,125.09,126.97,123.59,126.25,787628.9,98711838.26478
2025-12-19 20:00:00,126.25,127.87,126.08,126.27,453070.148,57468645.74759
2025-12-20 00:00:00,126.27,126.49,125.3,126.21,211468.403,26615978.68167
2025-12-20 04:00:00,126.21,126.69,125.87,126.17,171149.665,21609795.59171
2025-12-20 08:00:00,126.18,126.89,125.87,126.47,185508.42,23448185.07527
2025-12-20 12:00:00,126.47,126.67,125.45,126.58,299054.266,37710238.07485
2025-12-20 16:00:00,126.59,126.71,125.75,126.05,171313.72,21610834.46603
2025-12-20 20:00:00,126.05,126.55,125.63,125.81,190859.112,24075581.17586
2025-12-21 00:00:00,125.8,126.11,124.68,125.22,302141.19,37869503.13631
2025-12-21 04:00:00,125.22,125.54,125.07,125.3,88267.393,11061630.47389
2025-12-21 08:00:00,125.29,126.62,124.8,125.48,338562.937,42588352.95367
2025-12-21 12:00:00,125.47,126.06,123.4,125.05,489203.858,60950596.94197
2025-12-21 16:00:00,125.05,126.35,124.37,125.67,392876.601,49281716.94911
2025-12-21 20:00:00,125.67,126.3,124.7,126.03,201051.21,25257525.10887
2025-12-22 00:00:00,126.03,128.56,124.5,126.02,633482.79,80071518.98145
2025-12-22 04:00:00,126.02,126.73,125.56,126.31,210045.452,26520846.59488
2025-12-22 08:00:00,126.3,127.46,125.49,127.01,323742.174,40957003.94421
2025-12-22 12:00:00,127.0,128.78,126.32,128.07,599849.007,76377852.40899
2025-12-22 16:00:00,128.07,128.37,124.64,124.66,544203.633,68874391.13914
2025-12-22 20:00:00,124.66,126.03,124.2,125.93,356266.09,44555372.54777
2025-12-23 00:00:00,125.93,126.93,124.9,125.63,273669.618,34486070.34997
2025-12-23 04:00:00,125.62,126.08,123.77,124.19,334611.578,41690733.10107
2025-12-23 08:00:00,124.19,125.23,123.93,124.86,238892.953,29744889.5626
2025-12-23 12:00:00,124.85,124.93,122.16,123.37,625019.38,77060437.12984
2025-12-23 16:00:00,123.36,124.94,122.78,123.99,591863.216,73437945.31873
2025-12-23 20:00:00,123.99,125.65,123.46,124.01,375974.127,46738614.53823
2025-12-24 00:00:00,124.02,124.3,121.76,122.72,288504.2,35436336.64092
2025-12-24 04:00:00,122.71,123.06,120.63,121.31,296196.669,36023750.59145
2025-12-24 08:00:00,121.32,122.23,121.11,122.04,223635.016,27221198.04871
2025-12-24 12:00:00,122.04,122.94,120.7,122.73,334516.136,40799228.33257
2025-12-24 16:00:00,122.73,123.46,121.77,122.86,282750.284,34675986.43091
2025-12-24 20:00:00,122.86,123.4,122.47,122.53,179848.193,22109834.84455
2025-12-25 00:00:00,122.52,123.15,122.09,122.7,124534.623,15275244.99166
2025-12-25 04:00:00,122.7,122.86,122.1,122.27,192052.356,23500006.36441
2025-12-25 08:00:00,122.27,122.65,121.31,121.65,221848.711,27038303.99729
2025-12-25 12:00:00,121.65,124.1,121.58,123.68,304384.618,37402937.59866
2025-12-25 16:00:00,123.68,124.46,122.8,123.47,456622.365,56515302.51071
2025-12-25 20:00:00,123.47,123.52,119.71,120.06,518882.475,62934217.93337
2025-12-26 00:00:00,120.05,124.39,119.24,122.67,1039854.911,127173284.17623
2025-12-26 04:00:00,122.67,123.99,121.8,122.72,385175.709,47407525.19395
2025-12-26 08:00:00,122.71,124.13,122.29,123.84,447196.921,55123643.92118
2025-12-26 12:00:00,123.83,125.14,120.45,121.55,920653.675,112950676.454
2025-12-26 16:00:00,121.55,122.4,121.17,122.15,340435.318,41514267.6877
2025-12-26 20:00:00,122.16,122.67,121.82,122.26,193200.028,23624392.16774
2025-12-27 00:00:00,122.27,123.8,121.86,123.67,340920.475,41806552.784
2025-12-27 04:00:00,123.67,123.74,122.77,123.16,158392.772,19505715.74061
2025-12-27 08:00:00,123.15,123.34,122.51,122.99,130349.401,16031438.21191
2025-12-27 12:00:00,122.98,123.66,122.74,123.31,128455.593,15820143.1206
2025-12-27 16:00:00,123.32,123.45,122.76,123.28,201980.957,24867407.89235
2025-12-27 20:00:00,123.27,125.08,123.27,124.73,397702.914,49396377.89704
2025-12-28 00:00:00,124.74,124.9,123.9,124.13,188257.144,23392082.77614
2025-12-28 04:00:00,124.12,124.34,123.61,124.23,132623.897,16450541.49108
2025-12-28 08:00:00,124.23,124.84,124.0,124.65,210645.397,26214190.67056
2025-12-28 12:00:00,124.65,125.03,124.3,124.44,246329.397,30711039.11572
2025-12-28 16:00:00,124.44,124.77,123.08,123.3,527227.822,65225149.3286
2025-12-28 20:00:00,123.3,125.64,123.1,125.27,523876.794,65056717.54018
2025-12-29 00:00:00,125.27,130.16,125.01,128.58,1570857.086,201295623.71138
2025-12-29 04:00:00,128.58,129.15,127.2,127.88,540783.503,69312869.97861
2025-12-29 08:00:00,127.88,128.47,125.01,125.08,644155.681,81452883.20962
2025-12-29 12:00:00,125.08,125.41,122.36,123.44,961859.699,118921139.15025
2025-12-29 16:00:00,123.43,123.98,122.63,123.06,366732.972,45220683.31094
2025-12-29 20:00:00,123.07,123.62,122.86,123.28,223206.164,27520105.14825
2025-12-30 00:00:00,123.28,123.93,122.58,123.8,212290.371,26149466.12632
2025-12-30 04:00:00,123.79,124.35,123.2,124.02,292747.345,36279457.14843
2025-12-30 08:00:00,124.02,125.15,124.0,124.3,399345.688,49778285.8273
2025-12-30 12:00:00,124.29,125.35,123.54,125.16,561575.424,69881078.39371
2025-12-30 16:00:00,125.16,126.52,123.78,124.71,695920.332,87020374.14522
2025-12-30 20:00:00,124.71,125.14,123.5,125.01,318752.356,39622115.84164
2025-12-31 00:00:00,125.02,126.09,124.41,125.82,385546.726,48335889.02357
2025-12-31 04:00:00,125.81,126.1,125.38,125.99,204182.586,25681577.5918
2025-12-31 08:00:00,125.99,126.85,125.44,126.73,254276.093,32078458.22865
2025-12-31 12:00:00,126.73,127.44,125.01,125.59,484377.049,60987203.6441
2025-12-31 16:00:00,125.58,125.74,124.31,124.39,323537.14,40423429.85507
2025-12-31 20:00:00,124.38,132.75,122.99,124.65,1289724.064,160987036.35065
2026-01-01 00:00:00,124.64,125.8,124.6,125.21,245926.338,30792108.7002
2026-01-01 04:00:00,125.22,125.32,124.22,124.24,156389.379,19530531.04779
2026-01-01 08:00:00,124.24,125.29,124.15,125.22,343252.977,42883081.07871
2026-01-01 12:00:00,125.23,125.28,124.39,124.96,310752.549,38785419.51889
2026-01-01 16:00:00,124.96,125.79,124.28,125.76,384537.993,48096471.97363
2026-01-01 20:00:00,125.76,127.25,125.31,126.9,292805.742,36981335.83693
2026-01-02 00:00:00,126.91,127.99,125.84,127.53,380568.162,48243816.90087
2026-01-02 04:00:00,127.53,127.72,126.75,127.13,180338.215,22948909.89399
2026-01-02 08:00:00,127.14,129.99,127.13,128.22,625544.285,80602494.89769
2026-01-02 12:00:00,128.21,129.65,126.82,128.98,627670.56,80549779.62521
2026-01-02 16:00:00,128.98,132.3,128.68,131.63,745970.82,97717009.71115
2026-01-02 20:00:00,131.63,133.25,130.83,132.29,364135.33,48151176.55226
2026-01-03 00:00:00,132.28,133.17,132.06,132.83,270844.665,35911237.78781
2026-01-03 04:00:00,132.83,132.93,129.6,130.1,368318.036,48320396.72866
2026-01-03 08:00:00,130.09,131.44,129.8,130.71,253605.01,33170785.96602
2026-01-03 12:00:00,130.71,132.18,130.5,131.47,238562.337,31340211.09128
2026-01-03 16:00:00,131.48,132.12,131.47,131.78,150725.729,19872908.18459
2026-01-03 20:00:00,131.78,133.99,131.35,133.37,238567.722,31680381.79928
2026-01-04 00:00:00,133.37,134.97,133.31,134.62,397085.181,53272337.79869
2026-01-04 04:00:00,134.62,135.0,133.66,133.8,302385.366,40602557.97371
2026-01-04 08:00:00,133.8,134.88,133.2,134.39,263179.193,35308006.93274
2026-01-04 12:00:00,134.39,135.35,133.75,134.91,350770.216,47230596.71699
2026-01-04 16:00:00,134.91,135.54,133.12,133.56,339599.217,45615561.6096
2026-01-04 20:00:00,133.55,134.86,133.4,134.12,156249.94,20956108.51935
2026-01-05 00:00:00,134.12,137.75,134.01,136.64,651880.993,88725072.38784
2026-01-05 04:00:00,136.64,136.79,134.63,135.45,328811.125,44568740.8259
2026-01-05 08:00:00,135.45,136.06,134.75,135.77,342758.224,46426692.77805
2026-01-05 12:00:00,135.77,136.47,133.18,136.13,798861.983,107585173.11454
2026-01-05 16:00:00,136.13,138.82,134.31,138.23,765477.737,104640690.39478
2026-01-05 20:00:00,138.23,139.87,137.72,137.9,439777.422,60964714.76301
2026-01-06 00:00:00,137.91,138.63,136.89,138.38,341713.209,47069579.97733
2026-01-06 04:00:00,138.38,140.08,137.35,137.61,507045.105,70367859.92932
2026-01-06 08:00:00,137.6,139.7,137.4,139.5,416041.928,57541435.46761
2026-01-06 12:00:00,139.5,143.48,138.72,141.6,1164131.173,164801700.92356
2026-01-06 16:00:00,141.59,141.95,136.19,137.53,841636.852,116454819.35992
2026-01-06 20:00:00,137.53,141.99,137.51,141.08,501226.85,70255836.32246
2026-01-07 00:00:00,141.08,141.4,138.52,139.58,365641.21,51093986.1348
2026-01-07 04:00:00,139.59,139.72,138.15,139.39,254909.392,35416290.57593
2026-01-07 08:00:00,139.39,139.8,136.56,137.93,475525.662,65538390.5028
2026-01-07 12:00:00,137.93,138.51,135.25,135.7,569355.221,77942220.63185
2026-01-07 16:00:00,135.7,136.68,134.41,135.76,401993.748,54507491.42299
2026-01-07 20:00:00,135.76,137.05,135.0,136.39,254216.945,34642070.53741
2026-01-08 00:00:00,136.39,138.32,136.0,136.75,382004.008,52423006.61014
2026-01-08 04:00:00,136.74,138.33,133.79,135.9,493314.371,67082791.27567
2026-01-08 08:00:00,135.9,136.22,133.92,134.79,323607.294,43657144.00294
2026-01-08 12:00:00,134.8,136.55,132.67,136.41,663928.576,89170193.22861
2026-01-08 16:00:00,136.41,139.06,136.25,137.53,635387.085,87589046.65627
2026-01-08 20:00:00,137.53,140.07,136.52,138.37,615196.501,85289691.28988
2026-01-09 00:00:00,138.37,141.17,137.74,140.81,657548.768,91636975.09729
2026-01-09 04:00:00,140.81,141.08,139.46,139.54,371513.458,52087555.99697
2026-01-09 08:00:00,139.55,139.68,137.04,138.28,621265.565,86061808.99436
2026-01-09 12:00:00,138.27,140.89,136.13,138.82,965343.639,133386684.53295
2026-01-09 16:00:00,138.82,140.25,135.44,135.81,776742.657,107055990.01914
2026-01-09 20:00:00,135.8,136.45,134.98,135.97,386133.909,52441148.0988
2026-01-10 00:00:00,135.96,136.69,135.68,136.15,206284.98,28085714.01417
2026-01-10 04:00:00,136.15,136.34,135.75,136.09,127461.094,17334673.85025
2026-01-10 08:00:00,136.09,137.05,136.0,136.58,203467.601,27782637.24753
2026-01-10 12:00:00,136.58,137.04,136.01,136.42,180816.347,24666020.11098
2026-01-10 16:00:00,136.42,136.71,135.85,136.22,163655.47,22291662.44222
2026-01-10 20:00:00,136.22,136.27,135.37,135.84,119151.512,16185623.13286
2026-01-11 00:00:00,135.85,136.47,135.75,136.26,140444.874,19121817.61066
2026-01-11 04:00:00,136.26,136.43,135.88,136.2,118593.443,16150568.70725
2026-01-11 08:00:00,136.2,136.91,136.1,136.58,197166.958,26933504.90662
2026-01-11 12:00:00,136.58,139.55,136.52,138.43,474319.406,65493580.44937
2026-01-11 16:00:00,138.44,141.6,138.43,139.43,775597.184,108676774.54759
2026-01-11 20:00:00,139.42,139.77,137.49,139.7,503791.341,69809160.53696
2026-01-12 00:00:00,139.69,144.4,138.92,142.54,1277457.951,180829474.04419
2026-01-12 04:00:00,142.54,143.35,141.36,141.41,430457.211,61294728.76858
2026-01-12 08:00:00,141.42,142.05,139.04,140.03,524699.387,73469912.09312
2026-01-12 12:00:00,140.02,142.74,138.69,142.58,532621.648,74804722.98133
2026-01-12 16:00:00,142.58,144.33,140.58,140.99,859921.736,122552456.78202
2026-01-12 20:00:00,141.0,141.86,138.34,139.22,534962.158,74608415.37136
2026-01-13 00:00:00,139.21,139.58,137.82,138.74,538089.341,74663475.42661
2026-01-13 04:00:00,138.75,140.76,138.39,139.97,420710.949,58878781.71497
2026-01-13 08:00:00,139.97,143.12,139.97,141.84,676254.562,95980782.05155
2026-01-13 12:00:00,141.84,143.84,141.21,143.51,907770.282,129358794.05667
2026-01-13 16:00:00,143.51,144.55,142.43,144.24,533027.793,76492388.28073
2026-01-13 20:00:00,144.24,148.74,143.0,145.51,1119229.541,163338927.85493
2026-01-14 00:00:00,145.52,146.6,144.33,146.29,640347.025,93185625.47519
2026-01-14 04:00:00,146.28,146.46,143.92,144.86,540588.653,78237164.45942
2026-01-14 08:00:00,144.85,145.76,143.53,143.77,379406.477,54951338.19921
2026-01-14 12:00:00,143.76,147.56,143.37,147.07,925906.865,134989798.16043
2026-01-14 16:00:00,147.07,148.44,145.32,146.8,852900.589,125464385.70114
2026-01-14 20:00:00,146.8,147.73,145.84,146.69,355927.769,52259885.86223
2026-01-15 00:00:00,146.7,146.73,143.21,143.49,481901.961,69775357.0919
2026-01-15 04:00:00,143.49,145.29,143.28,144.99,279031.191,40282425.00269
2026-01-15 08:00:00,145.0,146.0,144.02,144.86,293200.656,42550327.76455
2026-01-15 12:00:00,144.85,145.65,141.78,143.48,759898.546,109316346.02642
2026-01-15 16:00:00,143.48,144.2,140.9,141.53,449424.795,64037948.56097
2026-01-15 20:00:00,141.53,142.66,141.02,142.4,198685.99,28187321.2991
2026-01-16 00:00:00,142.41,142.82,141.68,141.97,188314.507,26784468.72736
2026-01-16 04:00:00,141.97,143.63,141.39,142.95,358079.428,51016505.56841
2026-01-16 08:00:00,142.95,143.55,142.71,143.14,220271.618,31526774.64138
2026-01-16 12:00:00,143.14,143.86,140.26,140.78,444575.491,63356540.90989
2026-01-16 16:00:00,140.77,144.52,140.65,144.18,389096.314,55546124.25015
2026-01-16 20:00:00,144.17,145.55,143.49,144.89,300541.668,43528535.48496
2026-01-17 00:00:00,144.9,144.99,144.2,144.37,183972.751,26595302.91622
2026-01-17 04:00:00,144.36,144.5,143.64,143.64,87054.038,12541310.15417
2026-01-17 08:00:00,143.64,144.65,143.32,144.0,162784.035,23454019.49926
2026-01-17 12:00:00,144.0,144.35,143.6,144.33,152306.381,21921582.9436
2026-01-17 16:00:00,144.33,144.55,143.64,144.27,136850.607,19714143.96786
2026-01-17 20:00:00,144.26,144.58,143.51,143.72,112186.949,16164085.64794
2026-01-18 00:00:00,143.73,144.0,141.95,142.83,350824.74,50070768.47695
2026-01-18 04:00:00,142.82,143.04,142.03,142.11,235941.502,33663047.31838
2026-01-18 08:00:00,142.12,142.65,141.93,142.39,161988.896,23051317.79382
2026-01-18 12:00:00,142.39,142.73,141.5,142.0,235486.159,33480958.53702
2026-01-18 16:00:00,141.99,143.25,141.75,142.27,326847.273,46577813.7834
2026-01-18 20:00:00,142.28,143.04,137.74,137.87,566350.128,79573105.3115
2026-01-19 00:00:00,137.87,137.87,130.0,133.94,1659939.961,222211068.7837
2026-01-19 04:00:00,133.93,134.09,132.71,133.47,356148.558,47534152.04848
2026-01-19 08:00:00,133.47,134.37,133.28,134.13,319123.004,42692171.02288
2026-01-19 12:00:00,134.12,134.19,133.27,133.55,237599.599,31777798.76376
2026-01-19 16:00:00,133.55,134.71,133.48,134.45,180405.16,24204621.28382
2026-01-19 20:00:00,134.46,135.16,132.74,133.44,219308.488,29346202.20358
2026-01-20 00:00:00,133.44,134.63,133.07,134.24,246904.288,33044232.83359
2026-01-20 04:00:00,134.25,134.27,130.56,130.62,620942.691,82040929.54169
2026-01-20 08:00:00,130.62,130.8,128.36,128.81,861902.149,111349363.36848
2026-01-20 12:00:00,128.81,129.77,127.24,127.86,681240.951,87554352.36757
2026-01-20 16:00:00,127.86,128.59,126.3,127.25,604031.57,76865067.76936
2026-01-20 20:00:00,127.24,128.08,124.68,125.8,517402.231,65346414.31343
2026-01-21 00:00:00,125.81,127.86,125.75,127.61,281091.101,35732783.80557
2026-01-21 04:00:00,127.61,128.75,127.45,127.62,261374.286,33507858.81455
2026-01-21 08:00:00,127.61,128.19,126.8,126.94,264176.038,33682981.96984
2026-01-21 12:00:00,126.94,131.18,126.17,130.43,921029.372,118696860.69034
2026-01-21 16:00:00,130.43,131.68,125.26,131.5,958735.821,122915783.56392
2026-01-21 20:00:00,131.49,132.17,129.16,129.54,475329.742,62191387.47719
2026-01-22 00:00:00,129.53,130.62,129.53,129.86,193930.579,25233792.62248
2026-01-22 04:00:00,129.85,130.5,129.75,129.81,159631.228,20779888.97147
2026-01-22 08:00:00,129.8,130.35,129.35,130.11,193470.625,25137099.3497
2026-01-22 12:00:00,130.11,130.94,126.73,127.41,623936.658,80237965.43826
2026-01-22 16:00:00,127.42,129.37,126.92,129.26,398309.713,51011552.77135
2026-01-22 20:00:00,129.26,129.76,128.02,128.47,242307.659,31170388.67009
2026-01-23 00:00:00,128.47,128.98,128.08,128.76,182007.469,23402720.29351
2026-01-23 04:00:00,128.76,129.29,127.23,127.93,218313.976,28025308.57669
2026-01-23 08:00:00,127.93,128.0,126.94,127.54,190897.481,24310056.986
2026-01-23 12:00:00,127.54,128.1,125.28,127.9,536316.127,67885869.89371
2026-01-23 16:00:00,127.9,130.2,127.46,128.08,641698.867,82610088.26151
2026-01-23 20:00:00,128.08,128.26,126.54,127.43,274829.157,35009899.96999
2026-01-24 00:00:00,127.43,128.12,127.29,127.91,114727.901,14645366.53472
2026-01-24 04:00:00,127.91,128.11,126.89,127.11,180692.089,23032539.83681
2026-01-24 08:00:00,127.12,127.4,126.93,127.17,120056.338,15266079.43661
2026-01-24 12:00:00,127.17,127.41,126.8,126.85,137033.224,17421714.05529
2026-01-24 16:00:00,126.85,127.51,126.64,127.3,142790.201,18160318.52366
2026-01-24 20:00:00,127.3,127.76,127.1,127.21,112120.242,14278889.9497
2026-01-25 00:00:00,127.22,127.46,126.35,126.64,162322.356,20615845.4871
2026-01-25 04:00:00,126.64,127.0,126.35,126.47,118525.085,15013125.57572
2026-01-25 08:00:00,126.47,127.2,125.98,126.77,197673.019,25022072.986
2026-01-25 12:00:00,126.77,127.12,125.48,125.59,225134.285,28434592.03318
2026-01-25 16:00:00,125.58,125.58,117.15,117.96,2305430.152,279031992.80659
2026-01-25 20:00:00,117.96,119.45,117.38,118.85,1531794.552,181046901.20172
2026-01-26 00:00:00,118.85,122.77,118.53,121.57,478950.112,57899745.99397
2026-01-26 04:00:00,121.58,123.62,121.57,122.89,249077.029,30547528.10071
2026-01-26 08:00:00,122.9,123.59,121.76,122.5,295031.127,36155596.8669
2026-01-26 12:00:00,122.51,125.2,122.35,123.53,594653.174,73443712.48962
2026-01-26 16:00:00,123.53,125.6,123.03,124.31,472340.453,58710657.98618
2026-01-26 20:00:00,124.31,124.88,123.42,124.24,265699.468,33010414.95663
2026-01-27 00:00:00,124.24,125.17,123.73,124.51,222042.734,27647267.89652
2026-01-27 04:00:00,124.51,125.15,124.0,124.52,197767.215,24607473.32537
2026-01-27 08:00:00,124.52,124.79,123.57,124.12,224263.439,27812657.36057
2026-01-27 12:00:00,124.12,125.06,123.12,125.01,297484.055,36880164.66065
2026-01-27 16:00:00,125.01,126.79,123.55,125.85,635375.613,79663476.60449
2026-01-27 20:00:00,125.84,127.84,125.73,127.19,459575.986,58436786.53215
2026-01-28 00:00:00,127.18,127.52,126.65,126.96,197099.29,25038656.12519
2026-01-28 04:00:00,126.96,127.54,126.45,127.1,190954.093,24241718.62257
2026-01-28 08:00:00,127.09,128.34,125.97,128.17,352797.501,44894909.82502
2026-01-28 12:00:00,128.16,128.25,125.52,126.07,516333.673,65532348.6927
2026-01-28 16:00:00,126.06,127.04,125.26,126.01,434021.822,54712505.75297
2026-01-28 20:00:00,126.0,126.68,124.78,125.35,306657.149,38513520.84442
2026-01-29 00:00:00,125.34,125.51,122.7,123.07,379002.267,46986606.92902
2026-01-29 04:00:00,123.07,123.98,122.5,123.78,182453.497,22519362.33139
2026-01-29 08:00:00,123.78,123.93,122.66,122.76,204252.171,25156049.92591
2026-01-29 12:00:00,122.76,123.34,116.12,117.69,1150715.435,137092018.24609
2026-01-29 16:00:00,117.69,119.96,115.39,116.84,1351851.927,158632003.62384
2026-01-29 20:00:00,116.84,117.91,116.56,117.82,462338.176,54211564.39887
2026-01-30 00:00:00,117.82,118.14,112.14,114.43,1234004.18,141328901.14206
2026-01-30 04:00:00,114.44,116.13,113.01,115.78,715888.113,82349702.55082
2026-01-30 08:00:00,115.78,117.28,114.67,117.08,534204.7,61795348.83661
2026-01-30 12:00:00,117.08,117.64,114.58,116.8,718933.599,83621095.93052
2026-01-30 16:00:00,116.8,119.12,114.34,118.3,1049347.959,123175011.30086
2026-01-30 20:00:00,118.29,118.43,116.52,117.59,508628.191,59753427.372
2026-01-31 00:00:00,117.6,118.66,117.39,118.39,320657.229,37856513.27633
2026-01-31 04:00:00,118.39,118.85,117.2,117.37,436088.984,51559652.87326
2026-01-31 08:00:00,117.38,117.53,114.29,116.05,868789.917,100581101.11045
2026-01-31 12:00:00,116.06,116.19,108.23,108.65,1790442.231,199018879.10869
2026-01-31 16:00:00,108.65,109.83,96.4,101.78,4226686.938,436095550.0978
2026-01-31 20:00:00,101.77,106.55,100.4,105.58,924733.027,95470378.83448
2026-02-01 00:00:00,105.58,106.43,104.23,104.97,421440.566,44369084.98666
2026-02-01 04:00:00,104.97,106.02,103.96,105.2,396862.046,41704742.47151
2026-02-01 08:00:00,105.2,106.06,103.59,105.05,462122.883,48504464.06236
2026-02-01 12:00:00,105.06,106.69,100.21,101.69,1033943.978,106848578.34018
2026-02-01 16:00:00,101.7,104.27,100.93,101.94,674420.783,69124803.20358
2026-02-01 20:00:00,101.94,102.88,98.02,100.79,1215465.795,122287889.19016
2026-02-02 00:00:00,100.78,103.14,95.95,100.07,1510943.504,151035671.01726
2026-02-02 04:00:00,100.08,102.43,97.07,101.43,1575814.215,157364900.36586
2026-02-02 08:00:00,101.42,103.45,101.36,102.78,791326.614,81079262.40242
2026-02-02 12:00:00,102.78,106.12,102.39,104.7,886338.746,92423995.27483
2026-02-02 16:00:00,104.69,105.78,103.51,103.89,515713.965,54038542.09404
2026-02-02 20:00:00,103.88,105.2,103.32,104.55,293895.637,30666670.78007
2026-02-03 00:00:00,104.54,104.67,102.18,104.16,412975.486,42733863.72747
2026-02-03 04:00:00,104.17,105.1,102.96,104.7,302547.584,31490637.84876
2026-02-03 08:00:00,104.7,105.04,102.5,103.01,425554.138,44028346.99196
2026-02-03 12:00:00,103.01,103.65,100.41,102.56,816223.896,83424051.9036
2026-02-03 16:00:00,102.56,102.56,96.64,99.02,1469216.052,145564527.36156
2026-02-03 20:00:00,99.01,102.07,97.21,97.89,1087500.959,108623740.39319
2026-02-04 00:00:00,97.89,99.67,97.17,99.13,645253.047,63694110.25907
2026-02-04 04:00:00,99.12,99.35,96.46,97.9,561956.452,54994490.33125
2026-02-04 08:00:00,97.91,97.96,94.71,96.11,1023805.846,98739507.77641
2026-02-04 12:00:00,96.12,96.73,91.31,92.79,1307738.609,122864653.55758
2026-02-04 16:00:00,92.8,94.71,90.0,94.38,1621367.878,149322272.73336
2026-02-04 20:00:00,94.38,94.5,89.3,92.12,1091337.539,100248805.24466
2026-02-05 00:00:00,92.11,92.89,90.24,91.15,850851.31,77958108.8641
2026-02-05 04:00:00,91.14,92.11,89.68,90.54,1143660.878,103892139.36098
2026-02-05 08:00:00,90.55,93.43,88.66,89.98,1061546.234,96676878.75938
2026-02-05 12:00:00,89.98,91.43,83.44,84.61,2217771.524,193505575.41846
2026-02-05 16:00:00,84.61,86.2,81.21,81.68,1963466.057,163857327.76857
2026-02-05 20:00:00,81.68,82.3,77.6,78.35,3006059.477,238898953.33978
2026-02-06 00:00:00,78.34,80.3,67.5,76.71,4857838.166,362408918.28016
2026-02-06 04:00:00,76.71,81.65,76.22,79.59,1318254.13,104620385.98604
2026-02-06 08:00:00,79.6,82.04,78.67,81.36,1054296.776,84781901.41971
2026-02-06 12:00:00,81.36,85.19,80.85,84.49,1705060.251,142051945.09324
2026-02-06 16:00:00,84.48,88.72,83.66,87.09,1733549.251,149891724.05415
2026-02-06 20:00:00,87.09,89.84,86.6,87.46,1142097.192,100553250.48872
2026-02-07 00:00:00,87.45,88.39,85.91,88.1,818660.407,71182862.46229
2026-02-07 04:00:00,88.09,89.04,84.16,85.29,975611.031,84532640.66743
2026-02-07 08:00:00,85.29,85.74,84.51,84.91,448696.289,38186698.92973
2026-02-07 12:00:00,84.9,87.2,84.85,86.57,569529.976,49079884.00987
2026-02-07 16:00:00,86.56,89.19,86.17,88.3,1331970.845,116413691.16188
2026-02-07 20:00:00,88.3,89.2,86.86,87.59,342180.932,30179419.03138
2026-02-08 00:00:00,87.59,88.22,86.7,86.82,222639.846,19469192.58248
2026-02-08 04:00:00,86.82,87.56,86.63,87.42,226616.219,19748407.79193
2026-02-08 08:00:00,87.41,88.99,86.44,88.25,569978.386,50011991.49578
2026-02-08 12:00:00,88.25,88.89,87.35,87.77,517939.822,45687705.46403
2026-02-08 16:00:00,87.78,88.61,85.77,88.41,482648.823,42146852.92891
2026-02-08 20:00:00,88.41,89.08,86.06,86.99,515175.587,45043505.84365
2026-02-09 00:00:00,86.99,87.98,85.75,87.67,527305.418,45839658.29839
2026-02-09 04:00:00,87.67,87.72,85.19,85.5,493099.359,42633035.77424
2026-02-09 08:00:00,85.5,85.64,82.86,83.47,774366.769,65101613.19736
2026-02-09 12:00:00,83.48,85.8,83.45,85.28,637293.722,53826435.01217
2026-02-09 16:00:00,85.28,88.69,84.81,87.97,853076.189,74401730.37246
2026-02-09 20:00:00,87.96,88.31,86.53,86.77,382510.959,33409390.92875
2026-02-10 00:00:00,86.77,87.49,85.26,85.87,402093.534,34764753.46885
2026-02-10 04:00:00,85.86,86.67,84.3,84.63,497685.532,42493032.40506
2026-02-10 08:00:00,84.64,85.09,83.77,83.85,455095.703,38434613.29628
2026-02-10 12:00:00,83.85,85.24,83.2,84.3,798245.638,67137263.72757
2026-02-10 16:00:00,84.3,85.14,82.44,83.08,486935.392,40805349.14122
2026-02-10 20:00:00,83.08,83.23,81.91,82.99,335156.306,27682951.75065
2026-02-11 00:00:00,82.99,84.39,82.59,83.34,317157.796,26494029.28427
2026-02-11 04:00:00,83.34,83.54,80.28,81.0,549886.454,44834408.08757
2026-02-11 08:00:00,81.0,81.47,80.38,81.26,369689.127,29922452.0085
2026-02-11 12:00:00,81.25,83.17,78.56,79.72,1281109.036,103636624.01864
2026-02-11 16:00:00,79.72,80.94,78.04,79.72,711553.118,56567381.97545
2026-02-11 20:00:00,79.72,81.11,78.8,79.3,585517.789,46750515.89022
2026-02-12 00:00:00,79.31,80.79,79.26,80.62,286003.683,22938997.6866
2026-02-12 04:00:00,80.63,80.99,79.5,80.77,278474.154,22415447.7006
2026-02-12 08:00:00,80.77,82.25,80.32,81.87,426871.075,34802905.20744
2026-02-12 12:00:00,81.87,82.13,80.1,80.12,655744.329,53214971.53092
2026-02-12 16:00:00,80.13,80.22,77.03,77.62,927205.54,72586025.92944
2026-02-12 20:00:00,77.62,78.52,76.6,78.4,621931.336,48187371.72185
2026-02-13 00:00:00,78.39,79.48,77.53,79.05,370604.061,29128033.59705
2026-02-13 04:00:00,79.05,79.27,77.85,78.99,343878.437,27027069.22589
2026-02-13 08:00:00,78.99,80.62,78.86,80.31,453099.44,36194174.27355
2026-02-13 12:00:00,80.31,84.34,79.73,83.2,994476.772,81286393.16762
2026-02-13 16:00:00,83.2,85.63,82.92,84.66,834107.956,70475468.90418
2026-02-13 20:00:00,84.65,85.19,84.12,84.33,374223.606,31673302.28403
2026-02-14 00:00:00,84.34,85.3,84.21,85.06,289428.397,24566871.82195
2026-02-14 04:00:00,85.07,85.27,84.35,85.19,156035.425,13244993.33285
2026-02-14 08:00:00,85.19,87.33,85.16,87.29,581740.68,50158074.42334
2026-02-14 12:00:00,87.29,87.69,86.0,87.44,570822.943,49612994.1886
2026-02-14 16:00:00,87.44,88.47,86.99,88.2,665986.607,58461982.56068
2026-02-14 20:00:00,88.21,88.9,87.29,88.06,434593.163,38325626.78166
2026-02-15 00:00:00,88.06,88.78,87.31,88.61,477493.402,42031523.88782
2026-02-15 04:00:00,88.6,90.98,88.35,90.74,806233.048,72154132.0698
2026-02-15 08:00:00,90.74,91.26,89.01,89.17,713517.754,64183646.48003
2026-02-15 12:00:00,89.18,89.63,86.66,87.42,766136.528,67307500.86263
2026-02-15 16:00:00,87.41,87.88,85.2,85.34,714921.002,61867110.63988
2026-02-15 20:00:00,85.35,86.7,84.89,86.16,450783.666,38706787.83995
2026-02-16 00:00:00,86.15,86.63,84.79,85.14,667949.308,57242129.4026
2026-02-16 04:00:00,85.15,85.91,84.47,85.06,346888.912,29502581.15865
2026-02-16 08:00:00,85.07,86.26,84.49,85.52,431369.74,36917542.96556
2026-02-16 12:00:00,85.52,86.93,82.55,83.21,1202171.279,101758706.25604
2026-02-16 16:00:00,83.21,85.16,83.1,84.61,631216.887,53110521.67247
2026-02-16 20:00:00,84.62,86.66,84.5,86.45,280155.685,24015146.08879
2026-02-17 00:00:00,86.45,87.69,85.76,86.37,299751.05,26009823.10069
2026-02-17 04:00:00,86.37,86.8,85.45,86.49,271821.33,23455272.2379
2026-02-17 08:00:00,86.48,86.77,84.75,85.1,286692.036,24526380.024
2026-02-17 12:00:00,85.11,85.58,82.92,83.81,918074.82,77098715.1349
2026-02-17 16:00:00,83.8,85.76,83.13,84.87,672706.801,56868336.29467
2026-02-17 20:00:00,84.86,85.44,84.53,85.08,325609.828,27714967.61112
2026-02-18 00:00:00,85.09,85.49,83.92,85.33,469767.043,39820449.63186
2026-02-18 04:00:00,85.34,85.54,84.68,85.28,191825.649,16330788.90424
2026-02-18 08:00:00,85.28,86.09,82.83,82.86,707916.188,59738986.64407
2026-02-18 12:00:00,82.87,84.01,81.72,83.01,893829.759,74026491.20866
2026-02-18 16:00:00,83.0,83.09,80.48,80.93,615426.553,50329141.8368
2026-02-18 20:00:00,80.93,81.64,80.85,81.61,258838.778,21043973.46017
2026-02-19 00:00:00,81.61,82.07,81.25,81.77,164987.112,13477380.44664
2026-02-19 04:00:00,81.77,82.67,81.38,82.41,578429.861,47324739.31704
2026-02-19 08:00:00,82.4,82.42,80.91,81.24,312028.085,25475121.81537
2026-02-19 12:00:00,81.24,81.32,79.61,80.64,871083.315,69986947.02929
2026-02-19 16:00:00,80.63,82.2,79.92,81.95,569169.832,46165389.99419
2026-02-19 20:00:00,81.94,82.57,81.68,82.5,352579.285,28956200.37374
2026-02-20 00:00:00,82.5,83.54,82.33,83.04,484575.741,40247874.05866
2026-02-20 04:00:00,83.05,83.93,82.38,83.46,352315.371,29336850.22768
2026-02-20 08:00:00,83.45,84.84,83.3,83.58,667959.132,56158745.65983
2026-02-20 12:00:00,83.58,84.78,81.77,84.38,1113123.094,92637353.84053
2026-02-20 16:00:00,84.38,85.49,82.82,84.75,839756.204,70874826.57936
2026-02-20 20:00:00,84.75,85.23,84.12,84.67,296827.217,25096078.11034
2026-02-21 00:00:00,84.68,85.03,84.24,84.35,244834.547,20702587.2482
2026-02-21 04:00:00,84.35,84.78,83.97,84.24,191204.992,16117632.77228
2026-02-21 08:00:00,84.24,85.7,84.19,85.4,253890.125,21584114.94376
2026-02-21 12:00:00,85.4,86.72,85.0,86.58,560131.305,48189928.41728
2026-02-21 16:00:00,86.59,86.72,85.82,86.22,273165.296,23557033.052
2026-02-21 20:00:00,86.21,86.21,85.12,85.17,257522.597,22039425.56864
2026-02-22 00:00:00,85.17,85.6,84.73,85.08,373587.245,31784559.12575
2026-02-22 04:00:00,85.08,85.58,84.81,85.24,156836.219,13361882.68489
2026-02-22 08:00:00,85.25,85.47,84.87,85.27,189820.253,16169660.27782
2026-02-22 12:00:00,85.28,85.33,82.98,83.5,605586.526,50742371.46248
2026-02-22 16:00:00,83.49,83.63,82.82,83.3,206105.59,17146035.32256
2026-02-22 20:00:00,83.3,83.71,82.48,82.79,266916.763,22188425.06626
2026-02-23 00:00:00,82.8,82.85,77.28,77.66,1532442.0,120696564.69379
2026-02-23 04:00:00,77.66,79.69,77.15,79.4,782254.487,61280226.93726
2026-02-23 08:00:00,79.4,80.69,78.53,80.05,565368.231,45067861.58295
2026-02-23 12:00:00,80.06,81.13,79.2,79.4,789672.182,63449787.07546
2026-02-23 16:00:00,79.39,79.8,77.27,78.29,1029792.145,81046897.26001
2026-02-23 20:00:00,78.28,78.92,77.63,77.9,463844.338,36342998.15524
2026-02-24 00:00:00,77.91,78.53,75.74,76.87,803680.301,62180660.1237
2026-02-24 04:00:00,76.88,77.36,76.11,76.84,639815.22,49101427.16702
2026-02-24 08:00:00,76.85,77.2,76.0,76.77,350066.337,26851737.63341
2026-02-24 12:00:00,76.78,77.49,75.63,77.3,738812.029,56676428.6414
2026-02-24 16:00:00,77.3,78.51,77.23,78.38,555440.053,43357227.89308
2026-02-24 20:00:00,78.38,79.62,78.12,78.99,505014.436,39835509.49299
2026-02-25 00:00:00,78.99,82.99,78.73,81.75,1007253.967,82202871.92578
2026-02-25 04:00:00,81.75,82.43,80.98,82.19,522305.824,42719320.194
2026-02-25 08:00:00,82.19,83.42,81.93,83.39,430794.95,35598200.08465
2026-02-25 12:00:00,83.38,86.46,82.89,85.98,1251514.679,105937631.11706
2026-02-25 16:00:00,85.98,89.65,85.97,89.43,1161364.348,102264867.46126
2026-02-25 20:00:00,89.43,92.1,87.07,88.06,1259515.647,112710378.42154
2026-02-26 00:00:00,88.05,89.27,87.53,87.95,809196.666,71513047.16259
2026-02-26 04:00:00,87.95,89.05,87.22,87.24,460862.95,40462226.28461
2026-02-26 08:00:00,87.24,88.71,86.6,86.82,466378.44,40847611.97051
2026-02-26 12:00:00,86.82,88.26,85.27,86.56,621958.742,53986482.5989
2026-02-26 16:00:00,86.57,86.75,84.34,86.47,737319.89,62960947.22969
2026-02-26 20:00:00,86.47,86.87,85.73,85.91,261174.291,22501043.69619
2026-02-27 00:00:00,85.91,87.82,85.19,87.63,331556.019,28593563.41293
2026-02-27 04:00:00,87.63,88.29,86.81,87.31,371654.863,32510658.19266
2026-02-27 08:00:00,87.31,87.93,83.35,83.59,631826.713,54098543.42302
2026-02-27 12:00:00,83.59,83.76,81.95,82.7,917546.351,75997127.35638
2026-02-27 16:00:00,82.7,82.7,81.11,81.57,655568.69,53531382.93133
2026-02-27 20:00:00,81.57,82.11,80.32,81.85,462346.723,37641123.99873
2026-02-28 00:00:00,81.84,82.27,81.55,81.74,195519.451,16024415.00142
2026-02-28 04:00:00,81.75,81.9,77.12,78.71,1158965.034,91553419.67012
2026-02-28 08:00:00,78.7,79.6,77.74,78.78,1076217.7,84641490.23964
2026-02-28 12:00:00,78.78,81.51,78.59,80.92,972036.663,77955591.78861
2026-02-28 16:00:00,80.91,82.91,80.5,82.21,612172.335,49998879.09128
2026-02-28 20:00:00,82.22,85.65,81.97,84.35,722788.696,60844307.52081
2026-03-01 00:00:00,84.35,88.9,84.25,88.02,1243291.938,108276864.81679
2026-03-01 04:00:00,88.02,88.26,86.16,86.63,577621.131,50340161.44297
2026-03-01 08:00:00,86.63,86.83,84.71,85.18,563401.528,48115602.56965
2026-03-01 12:00:00,85.18,86.98,84.51,85.67,647556.015,55637851.35896
2026-03-01 16:00:00,85.67,86.1,83.03,83.23,723186.569,60957518.07414
2026-03-01 20:00:00,83.23,84.12,81.69,83.6,680137.041,56376575.63456
2026-03-02 00:00:00,83.61,86.18,83.46,84.78,654789.29,55414850.27225
2026-03-02 04:00:00,84.78,84.84,82.38,82.95,490483.056,41014166.48698
2026-03-02 08:00:00,82.96,84.29,82.37,83.89,580427.612,48490449.20353
2026-03-02 12:00:00,83.88,88.98,82.78,88.77,1522735.295,131505022.40311
2026-03-02 16:00:00,88.77,90.29,86.39,87.65,1223343.144,108058595.04907
2026-03-02 20:00:00,87.65,88.25,86.35,86.64,651654.863,56982991.86028
2026-03-03 00:00:00,86.65,87.32,85.23,86.31,536255.51,46296790.70209
2026-03-03 04:00:00,86.31,86.82,85.38,85.58,339964.675,29211226.21
2026-03-03 08:00:00,85.58,85.77,83.7,84.21,747390.113,63049886.51993
2026-03-03 12:00:00,84.22,85.37,82.5,85.04,907184.577,76241660.1421
2026-03-03 16:00:00,85.03,87.34,84.15,85.08,1018149.72,87010614.78054
2026-03-03 20:00:00,85.08,87.46,84.17,86.97,587798.15,50597804.32907
2026-03-04 00:00:00,86.98,88.08,85.18,85.77,729459.902,63317223.27697
2026-03-04 04:00:00,85.77,87.52,84.78,87.43,656759.196,56269971.33071
2026-03-04 08:00:00,87.43,91.48,86.98,89.76,1680856.748,150972638.55028
2026-03-04 12:00:00,89.76,93.12,88.69,92.94,1507049.042,136700169.59402
2026-03-04 16:00:00,92.94,94.05,90.66,93.19,1058973.473,97630345.064
2026-03-04 20:00:00,93.19,93.76,90.29,90.85,696833.022,64205455.75999
2026-03-05 00:00:00,90.86,91.42,89.61,90.03,547049.008,49449442.40556
2026-03-05 04:00:00,90.03,91.32,89.7,90.16,403516.555,36471145.7372
2026-03-05 08:00:00,90.16,92.96,89.66,91.84,704543.868,64397532.50957
2026-03-05 12:00:00,91.84,92.22,88.8,89.62,1029533.684,93192743.35135
2026-03-05 16:00:00,89.61,89.63,87.91,88.73,747026.381,66160291.67567
2026-03-05 20:00:00,88.72,89.85,88.54,88.77,322041.112,28709870.92368
2026-03-06 00:00:00,88.78,89.31,88.02,88.41,424326.71,37613819.76795
2026-03-06 04:00:00,88.4,88.92,87.51,88.7,305640.223,26930422.62553
2026-03-06 08:00:00,88.7,88.7,87.1,87.26,362070.476,31772219.9525
2026-03-06 12:00:00,87.25,87.27,83.96,84.65,1218389.068,104219750.57629
2026-03-06 16:00:00,84.65,85.9,83.64,85.21,582148.305,49308629.53838
2026-03-06 20:00:00,85.21,85.47,84.44,84.7,242749.86,20597518.50228
2026-03-07 00:00:00,84.69,85.07,84.32,84.52,227206.854,19237165.80624
2026-03-07 04:00:00,84.53,84.56,83.9,84.32,234003.859,19700445.992
2026-03-07 08:00:00,84.33,84.91,84.12,84.66,213056.237,18014396.06971
2026-03-07 12:00:00,84.66,84.78,83.42,83.75,272791.659,22935309.21558
2026-03-07 16:00:00,83.75,84.08,82.28,82.53,362868.503,30179201.99069
2026-03-07 20:00:00,82.52,83.32,82.51,83.22,155354.609,12897279.79394
2026-03-08 00:00:00,83.22,83.49,82.11,82.34,256730.791,21246395.50629
2026-03-08 04:00:00,82.34,83.1,81.74,82.95,262761.984,21686319.58585
2026-03-08 08:00:00,82.95,84.13,82.51,82.81,340229.954,28328113.60856
2026-03-08 12:00:00,82.81,83.01,81.18,82.06,444407.118,36463739.03579
2026-03-08 16:00:00,82.06,82.65,81.31,82.49,243031.142,19895905.98595
2026-03-08 20:00:00,82.48,82.96,80.26,81.59,555804.698,45375725.09063
2026-03-09 00:00:00,81.6,84.5,81.54,83.16,588325.344,48761034.65192
2026-03-09 04:00:00,83.16,84.61,82.33,83.18,470418.806,39312766.50855
2026-03-09 08:00:00,83.18,84.6,82.94,83.59,501694.054,42090732.15363
2026-03-09 12:00:00,83.58,85.75,83.41,85.05,740176.324,62862536.43804
2026-03-09 16:00:00,85.05,87.06,84.26,85.97,726667.975,62170466.45032
2026-03-09 20:00:00,85.97,86.36,84.84,84.96,566774.786,48565445.21187
2026-03-10 00:00:00,84.95,86.91,84.83,85.55,537148.656,46166255.42062
2026-03-10 04:00:00,85.56,86.99,85.41,86.7,471249.533,40719801.78337
2026-03-10 08:00:00,86.71,87.67,86.58,86.79,532840.809,46392975.65822
2026-03-10 12:00:00,86.8,88.61,84.91,88.33,987019.813,85697725.07219
2026-03-10 16:00:00,88.34,88.8,85.66,86.02,702767.198,61398991.49608
2026-03-10 20:00:00,86.01,86.44,85.01,85.88,412869.125,35371877.82907
2026-03-11 00:00:00,85.88,86.28,85.48,85.63,286257.991,24580490.12391
2026-03-11 04:00:00,85.63,86.88,85.14,85.45,376050.498,32353357.53219
2026-03-11 08:00:00,85.44,85.61,84.39,84.55,403509.896,34325819.56176
2026-03-11 12:00:00,84.54,87.4,84.36,85.4,997150.052,85754173.25725
2026-03-11 16:00:00,85.41,88.09,85.3,87.29,833058.365,72624433.38729
2026-03-11 20:00:00,87.28,87.94,86.46,86.58,286148.937,24945748.44429
2026-03-12 00:00:00,86.58,86.78,84.72,85.01,357699.785,30668335.91994
2026-03-12 04:00:00,85.02,85.9,84.89,85.82,319771.496,27271316.25596
2026-03-12 08:00:00,85.82,87.13,85.39,86.79,448496.154,38729418.26552
2026-03-12 12:00:00,86.8,87.69,85.12,86.58,987466.441,85542513.21805
2026-03-12 16:00:00,86.57,87.09,85.68,86.8,507906.054,43932654.54504
2026-03-12 20:00:00,86.79,87.23,85.96,86.84,292341.218,25317352.34196
2026-03-13 00:00:00,86.83,91.14,86.71,89.69,1419913.112,127460763.13854
2026-03-13 04:00:00,89.7,89.74,88.15,88.68,486847.852,43262966.14964
2026-03-13 08:00:00,88.68,90.45,88.32,90.33,589014.79,52807575.80543
2026-03-13 12:00:00,90.32,92.98,89.3,89.49,1453108.688,132756013.69632
2026-03-13 16:00:00,89.49,90.15,88.37,88.92,611464.125,54496148.9888
2026-03-13 20:00:00,88.91,89.16,87.73,88.18,380030.05,33599394.56862
2026-03-14 00:00:00,88.17,88.62,87.79,88.4,276797.775,24403525.29481
2026-03-14 04:00:00,88.4,88.71,86.92,87.33,331874.026,29127035.40167
2026-03-14 08:00:00,87.32,87.55,86.51,86.96,283476.778,24656713.29095
2026-03-14 12:00:00,86.95,87.36,86.63,86.72,244066.447,21221995.92132
2026-03-14 16:00:00,86.72,87.13,86.62,87.0,122777.32,10675146.12815
2026-03-14 20:00:00,87.01,88.16,86.87,88.03,239150.693,20938634.46756
2026-03-15 00:00:00,88.04,88.65,87.58,87.86,272238.602,23962627.90716
2026-03-15 04:00:00,87.86,88.66,87.85,88.22,284899.88,25166448.52455
2026-03-15 08:00:00,88.22,88.88,88.14,88.55,190655.217,16872440.33245
2026-03-15 12:00:00,88.56,88.56,87.36,87.9,258089.751,22679818.38073
2026-03-15 16:00:00,87.9,88.8,87.45,88.19,265335.37,23394309.43503
2026-03-15 20:00:00,88.19,93.23,87.98,92.3,1343328.285,122691843.92509
2026-03-16 00:00:00,92.31,94.0,91.18,93.16,1014325.143,93879021.74231
2026-03-16 04:00:00,93.17,94.32,92.94,93.56,975084.337,91300997.00749
2026-03-16 08:00:00,93.56,94.02,92.57,93.75,452990.408,42296827.20951
2026-03-16 12:00:00,93.75,95.13,92.37,93.2,1523871.554,142864671.02536
2026-03-16 16:00:00,93.2,95.48,93.13,95.21,833015.474,78587613.62568
2026-03-16 20:00:00,95.21,97.68,95.06,96.2,822363.705,79121003.53144
2026-03-17 00:00:00,96.19,96.95,93.71,94.07,824181.768,78582220.13056
2026-03-17 04:00:00,94.07,94.66,93.2,94.44,389934.678,36626046.30118
2026-03-17 08:00:00,94.43,95.09,93.25,93.66,414284.95,39010823.17322
2026-03-17 12:00:00,93.67,95.13,93.15,93.82,523337.729,49184711.34596
2026-03-17 16:00:00,93.82,95.59,93.72,94.67,396165.869,37549668.1971
2026-03-17 20:00:00,94.66,95.62,94.41,94.62,285652.592,27148245.8065
2026-03-18 00:00:00,94.61,95.65,94.1,95.05,254699.64,24143315.3125
2026-03-18 04:00:00,95.06,95.12,93.72,93.95,325950.604,30705544.56422
2026-03-18 08:00:00,93.95,94.44,91.82,92.0,645779.016,60095899.49711
2026-03-18 12:00:00,92.0,92.03,88.55,89.37,1121595.202,101008707.2864
2026-03-18 16:00:00,89.36,90.86,88.61,89.71,634508.742,56954196.92364
2026-03-18 20:00:00,89.7,90.62,88.99,90.08,311328.354,28009741.80139
2026-03-19 00:00:00,90.07,91.41,89.79,90.74,271818.87,24607529.89821
2026-03-19 04:00:00,90.74,90.74,88.63,89.42,447543.098,40153231.81624
2026-03-19 08:00:00,89.41,90.48,89.09,89.62,348118.639,31254520.06047
2026-03-19 12:00:00,89.62,89.62,87.15,87.63,769220.355,67832755.14635
2026-03-19 16:00:00,87.63,89.26,87.0,88.72,521449.916,45894328.46834
2026-03-19 20:00:00,88.71,89.32,88.37,88.89,251392.046,22357339.49031
2026-03-20 00:00:00,88.9,89.8,88.87,89.57,325453.515,29081569.96569
2026-03-20 04:00:00,89.57,89.75,88.5,89.37,281203.173,25075851.66853
2026-03-20 08:00:00,89.38,90.45,88.61,89.15,528038.845,47222099.84606
2026-03-20 12:00:00,89.15,89.73,88.51,88.94,539218.064,48010767.61524
2026-03-20 16:00:00,88.94,89.23,88.13,88.99,258041.825,22887983.4883
2026-03-20 20:00:00,88.99,90.26,88.65,89.84,269456.116,24142797.45885
2026-03-21 00:00:00,89.85,90.65,89.73,90.45,161696.72,14580894.51119
2026-03-21 04:00:00,90.45,90.81,89.91,90.12,243992.038,22019899.2792
2026-03-21 08:00:00,90.12,90.4,89.81,89.94,153713.834,13842195.51993
2026-03-21 12:00:00,89.95,90.42,89.39,89.82,175297.226,15770048.81988
2026-03-21 16:00:00,89.83,90.0,89.41,89.79,113940.456,10220786.72394
2026-03-21 20:00:00,89.8,90.29,87.14,87.56,393204.951,34822267.47379
2026-03-22 00:00:00,87.55,89.17,86.26,88.68,697228.294,61027809.71202
2026-03-22 04:00:00,88.67,89.2,87.67,87.7,270478.481,23951737.58654
2026-03-22 08:00:00,87.7,87.74,86.84,86.85,303964.7,26532560.36544
2026-03-22 12:00:00,86.84,87.74,86.82,87.57,205979.156,17978982.5294
2026-03-22 16:00:00,87.58,87.71,86.51,86.86,197027.511,17165185.09847
2026-03-22 20:00:00,86.87,87.19,85.14,86.2,463408.989,39903803.77886
2026-03-23 00:00:00,86.21,87.22,85.47,86.4,318814.595,27539434.2207
2026-03-23 04:00:00,86.39,87.33,85.11,85.99,494882.939,42734309.79334
2026-03-23 08:00:00,86.0,91.93,85.19,88.78,1467214.378,131179214.52231
2026-03-23 12:00:00,88.78,92.26,88.33,89.95,1147241.977,104027673.72749
2026-03-23 16:00:00,89.96,91.9,89.4,91.39,802182.925,72847558.65556
2026-03-23 20:00:00,91.38,92.02,90.98,91.43,331369.574,30340521.06499
2026-03-24 00:00:00,91.44,91.68,89.96,90.35,323535.987,29322771.94037
2026-03-24 04:00:00,90.34,91.89,89.99,91.72,371099.482,33630539.72067
2026-03-24 08:00:00,91.71,92.22,91.12,91.77,507240.51,46541086.07824
2026-03-24 12:00:00,91.78,91.86,88.7,89.74,986008.491,88940397.76802
2026-03-24 16:00:00,89.74,89.98,88.42,88.52,451039.88,40201827.00384
2026-03-24 20:00:00,88.53,91.13,88.51,90.8,447118.176,40322928.7804
2026-03-25 00:00:00,90.8,91.95,90.71,91.69,372289.689,33973735.64033
2026-03-25 04:00:00,91.69,92.96,91.59,91.81,636566.52,58795297.1352
2026-03-25 08:00:00,91.82,93.47,91.82,92.99,511796.134,47384344.81173
2026-03-25 12:00:00,92.99,93.43,91.0,91.77,567696.94,52445544.16635
2026-03-25 16:00:00,91.77,92.73,91.4,91.75,320002.539,29441108.60005
2026-03-25 20:00:00,91.76,91.96,91.03,91.7,244182.976,22333279.76571
2026-03-26 00:00:00,91.7,91.98,90.61,91.07,238387.623,21756783.96769
2026-03-26 04:00:00,91.07,91.08,88.81,89.1,823846.485,73683828.24502
2026-03-26 08:00:00,89.1,89.11,87.45,87.58,622106.806,54889432.7763
2026-03-26 12:00:00,87.58,88.24,86.73,87.54,607964.695,53242764.22496
2026-03-26 16:00:00,87.53,87.73,85.45,85.48,570992.644,49393733.36191
2026-03-26 20:00:00,85.48,87.14,85.45,86.53,702894.483,60882178.19452
2026-03-27 00:00:00,86.52,87.04,86.19,86.42,234021.696,20263750.34125
2026-03-27 04:00:00,86.42,86.75,85.69,85.92,436318.572,37558215.88419
2026-03-27 08:00:00,85.92,86.14,82.63,83.39,940535.152,79304293.96294
2026-03-27 12:00:00,83.39,84.03,82.5,83.35,600075.642,49916877.08251
2026-03-27 16:00:00,83.36,83.44,81.86,82.81,428188.403,35379869.86393
2026-03-27 20:00:00,82.81,83.14,82.38,83.11,201422.605,16674147.13243
2026-03-28 00:00:00,83.11,83.11,82.25,82.6,167036.242,13813585.05951
2026-03-28 04:00:00,82.6,83.67,82.38,83.62,226948.916,18823203.52213
2026-03-28 08:00:00,83.62,83.73,82.69,82.94,293830.464,24438490.76615
2026-03-28 12:00:00,82.94,84.29,82.6,83.83,587986.457,49034877.85998
2026-03-28 16:00:00,83.84,83.95,83.04,83.28,158735.499,13256443.20581
2026-03-28 20:00:00,83.28,83.52,81.69,82.09,232472.521,19219752.85004
2026-03-29 00:00:00,82.09,83.24,81.87,83.0,181670.454,14985167.73406
2026-03-29 04:00:00,83.01,83.04,82.23,82.45,208371.618,17219957.59573
2026-03-29 08:00:00,82.45,82.84,81.98,82.58,188587.206,15526599.09903
2026-03-29 12:00:00,82.59,82.65,81.36,81.81,242466.942,19871971.96197
2026-03-29 16:00:00,81.82,82.12,81.12,81.62,159921.606,13055539.40127
2026-03-29 20:00:00,81.62,82.23,78.96,81.44,643655.649,51960021.90488
2026-03-30 00:00:00,81.45,83.94,81.15,83.27,697702.3,57747301.15667
2026-03-30 04:00:00,83.27,84.26,83.26,84.02,448198.483,37515091.72448
2026-03-30 08:00:00,84.01,84.88,83.55,84.24,513690.869,43283668.96778
2026-03-30 12:00:00,84.25,84.99,83.65,84.51,511038.502,43098784.49749
2026-03-30 16:00:00,84.5,84.55,81.96,82.39,511840.073,42493613.13739
2026-03-30 20:00:00,82.38,83.68,82.14,82.54,343384.46,28466516.97452
2026-03-31 00:00:00,82.55,84.62,82.15,83.6,444423.076,37062999.05446
2026-03-31 04:00:00,83.6,83.91,82.68,83.1,414755.16,34549872.79626
2026-03-31 08:00:00,83.1,83.35,80.08,80.85,1334193.196,107958004.80145
2026-03-31 12:00:00,80.85,82.59,80.4,80.86,929630.909,75559208.27998
2026-03-31 16:00:00,80.87,83.47,80.87,82.7,774479.722,63947670.5898
2026-03-31 20:00:00,82.7,83.4,82.33,83.2,375085.363,31090844.74016
2026-04-01 00:00:00,83.19,83.58,82.48,83.43,401305.617,33332568.65985
2026-04-01 04:00:00,83.44,84.74,83.26,83.84,578648.401,48673129.24335
2026-04-01 08:00:00,83.84,84.06,83.07,83.37,412603.121,34448254.74563
2026-04-01 12:00:00,83.37,83.88,82.4,83.63,694205.461,57719439.7521
2026-04-01 16:00:00,83.62,86.65,83.08,83.82,1336245.808,113440807.64913
2026-04-01 20:00:00,83.83,83.88,80.77,81.18,1253727.712,102761300.8804
2026-04-02 00:00:00,81.19,81.77,78.3,79.01,1419298.545,113231684.53102
2026-04-02 04:00:00,79.01,79.67,78.62,79.65,516514.988,40854411.27947
2026-04-02 08:00:00,79.64,79.64,78.2,78.31,411747.946,32508055.87303
2026-04-02 12:00:00,78.32,79.73,76.7,79.03,1100370.689,86006580.17945
2026-04-02 16:00:00,79.03,79.88,78.43,78.98,499900.651,39559249.76597
2026-04-02 20:00:00,78.99,79.37,78.63,78.94,262191.444,20717142.96119
2026-04-03 00:00:00,78.95,79.79,78.85,79.0,367179.718,29091823.96444
2026-04-03 04:00:00,79.0,80.16,78.99,79.96,358252.999,28493204.56908
2026-04-03 08:00:00,79.96,80.47,79.64,80.18,386244.728,30889132.42036
2026-04-03 12:00:00,80.18,80.91,79.17,80.33,501254.565,40089326.38688
2026-04-03 16:00:00,80.33,80.67,79.87,80.21,353827.74,28405233.27057
2026-04-03 20:00:00,80.21,80.73,79.92,80.4,264079.99,21211286.07226
2026-04-04 00:00:00,80.39,80.42,80.06,80.18,206139.619,16532511.43158
2026-04-04 04:00:00,80.18,80.54,80.11,80.32,130479.24,10470192.22452
2026-04-04 08:00:00,80.32,80.4,79.92,80.21,146135.046,11708956.75893
2026-04-04 12:00:00,80.2,81.61,79.57,81.1,445163.652,35930486.06737
2026-04-04 16:00:00,81.1,81.35,80.61,80.85,331318.144,26821160.69325
2026-04-04 20:00:00,80.86,81.06,80.62,80.83,303695.066,24561506.96415
2026-04-05 00:00:00,80.84,80.85,80.37,80.55,122141.938,9842907.63865
2026-04-05 04:00:00,80.55,80.58,79.41,79.6,317730.245,25396048.59656
2026-04-05 08:00:00,79.59,80.24,79.54,79.9,158236.781,12626923.02804
2026-04-05 12:00:00,79.91,80.33,78.52,79.6,389250.698,30889321.3359
2026-04-05 16:00:00,79.59,80.23,79.37,79.83,205479.261,16399027.75782
2026-04-05 20:00:00,79.83,82.13,79.1,81.89,539599.635,43589962.51543
2026-04-06 00:00:00,81.89,82.97,81.66,82.11,683999.279,56312856.81888
2026-04-06 04:00:00,82.11,82.34,80.97,81.82,343134.992,28037541.91622
2026-04-06 08:00:00,81.83,83.2,81.71,82.45,497756.751,41045672.31882
2026-04-06 12:00:00,82.44,82.81,81.73,82.27,427565.337,35178900.57417
2026-04-06 16:00:00,82.28,82.48,81.19,81.9,348382.08,28493471.34636
2026-04-06 20:00:00,81.91,82.15,79.6,80.03,429532.125,34650415.18192
2026-04-07 00:00:00,80.03,80.23,79.38,79.8,361044.768,28818211.97926
2026-04-07 04:00:00,79.8,80.17,79.31,79.87,303809.312,24206711.45126
2026-04-07 08:00:00,79.87,80.59,78.95,79.21,497100.401,39668077.78418
2026-04-07 12:00:00,79.22,79.39,78.38,78.86,531566.964,41940113.9769
2026-04-07 16:00:00,78.86,81.83,78.65,81.63,851596.331,68335125.40271
2026-04-07 20:00:00,81.63,87.02,81.63,85.56,1767480.744,149050996.19032
2026-04-08 00:00:00,85.56,85.9,84.26,84.56,580400.661,49225694.13918
2026-04-08 04:00:00,84.56,85.03,83.89,84.5,451678.961,38192162.10633
2026-04-08 08:00:00,84.51,84.98,84.11,84.45,393181.293,33252347.91582
2026-04-08 12:00:00,84.46,84.98,82.51,83.34,873601.939,73135734.59378
2026-04-08 16:00:00,83.33,84.18,82.77,83.19,341350.333,28468122.02481
2026-04-08 20:00:00,83.19,83.61,82.24,82.57,312545.361,25902716.7557
2026-04-09 00:00:00,82.56,82.67,81.7,82.03,466965.456,38350798.099
2026-04-09 04:00:00,82.02,82.48,81.74,82.29,236036.434,19376565.12537
2026-04-09 08:00:00,82.29,82.71,82.03,82.18,228031.465,18792628.26552
2026-04-09 12:00:00,82.18,83.94,81.4,83.75,526295.677,43491829.69087
2026-04-09 16:00:00,83.75,84.7,82.92,84.17,744217.355,62506433.48803
2026-04-09 20:00:00,84.16,85.95,83.15,83.33,574381.242,48504927.39142
2026-04-10 00:00:00,83.33,83.79,82.62,82.9,336956.631,28015799.89521
2026-04-10 04:00:00,82.89,83.59,82.86,82.95,251334.434,20921464.66809
2026-04-10 08:00:00,82.95,83.74,82.7,83.52,432782.004,36047855.96945
2026-04-10 12:00:00,83.52,85.58,83.36,84.24,693351.471,58541036.16613
2026-04-10 16:00:00,84.25,85.47,84.14,85.44,255382.959,21658346.40896
2026-04-10 20:00:00,85.45,85.67,84.65,84.83,216270.844,18401988.31718
2026-04-11 00:00:00,84.83,84.93,84.31,84.4,151906.978,12856843.19036
2026-04-11 04:00:00,84.4,84.62,83.87,84.28,195743.598,16483357.88697
2026-04-11 08:00:00,84.27,84.8,83.8,84.24,206226.416,17380037.6639
2026-04-11 12:00:00,84.24,84.88,83.84,84.66,308568.982,26031482.99829
2026-04-11 16:00:00,84.67,86.26,84.6,86.01,413520.982,35314411.08716
2026-04-11 20:00:00,86.01,86.19,84.52,84.93,294934.927,25184401.16991
2026-04-12 00:00:00,84.94,85.0,81.84,82.33,630649.642,52355343.50806
2026-04-12 04:00:00,82.32,82.5,82.06,82.27,232256.931,19117982.72883
2026-04-12 08:00:00,82.28,82.41,81.92,82.22,260332.784,21390929.86769
2026-04-12 12:00:00,82.21,82.56,81.27,81.59,518788.007,42468898.19968
2026-04-12 16:00:00,81.59,82.32,81.53,81.99,166707.057,13668899.64317
2026-04-12 20:00:00,81.98,82.88,81.27,81.53,366057.445,30046042.77553
2026-04-13 00:00:00,81.54,82.44,81.4,81.91,244773.3,20071290.29309
2026-04-13 04:00:00,81.9,82.6,81.54,82.17,216328.764,17761473.47351
2026-04-13 08:00:00,82.17,82.32,81.64,81.86,291426.641,23881489.08109
2026-04-13 12:00:00,81.86,83.82,81.82,82.65,681567.622,56533947.51005
2026-04-13 16:00:00,82.66,84.25,82.34,84.09,492483.876,41067657.60609
2026-04-13 20:00:00,84.09,86.81,83.81,86.51,1023810.212,87565185.45024
2026-04-14 00:00:00,86.51,86.75,85.37,86.05,677256.664,58333168.62562
2026-04-14 04:00:00,86.05,86.2,85.43,85.88,365505.31,31379019.03869
2026-04-14 08:00:00,85.88,86.56,85.6,85.78,454441.147,39099787.84619
2026-04-14 12:00:00,85.78,87.67,85.25,85.95,992259.414,85809926.59891
2026-04-14 16:00:00,85.95,86.17,83.71,83.95,570744.162,48404670.14737
2026-04-14 20:00:00,83.94,84.14,83.3,83.72,472777.995,39556597.00171
2026-04-15 00:00:00,83.72,84.06,83.13,83.45,493483.224,41290779.37477
2026-04-15 04:00:00,83.45,83.79,82.65,82.92,363848.672,30239857.09716
2026-04-15 08:00:00,82.92,83.68,82.71,83.61,346599.964,28833320.76747
2026-04-15 12:00:00,83.6,84.49,83.21,84.0,520359.073,43613897.6484
2026-04-15 16:00:00,84.0,85.83,83.9,85.51,487544.423,41391911.48952
2026-04-15 20:00:00,85.51,85.59,84.18,84.9,390613.237,33148692.16286
2026-04-16 00:00:00,84.9,85.58,84.45,85.28,269928.529,22955183.06024
2026-04-16 04:00:00,85.29,85.71,84.99,85.21,242302.556,20690391.21267
2026-04-16 08:00:00,85.21,85.51,84.64,85.07,357699.712,30451585.95483
2026-04-16 12:00:00,85.07,87.13,83.8,86.62,1057312.109,90524606.48323
2026-04-16 16:00:00,86.62,90.16,85.63,90.1,1361241.194,119639119.67647
2026-04-16 20:00:00,90.1,90.53,88.72,89.05,651807.241,58278035.3331
2026-04-17 00:00:00,89.06,89.19,87.48,87.72,366515.357,32333168.35849
2026-04-17 04:00:00,87.73,88.47,87.36,88.12,351013.876,30855730.21714
2026-04-17 08:00:00,88.13,89.53,87.34,88.21,651630.781,57572480.85107
2026-04-17 12:00:00,88.22,90.73,87.91,89.95,2089964.551,186963783.17119
2026-04-17 16:00:00,89.95,90.59,88.88,89.23,489309.488,43885203.0925
2026-04-17 20:00:00,89.24,89.47,88.5,88.76,288774.335,25696917.1076
2026-04-18 00:00:00,88.77,89.16,88.23,88.33,197626.431,17547567.36124
2026-04-18 04:00:00,88.34,88.64,88.16,88.45,306769.028,27118910.16919
2026-04-18 08:00:00,88.45,88.5,86.28,86.53,630736.902,55029749.64804
2026-04-18 12:00:00,86.54,86.98,86.41,86.75,295960.577,25675400.54613
2026-04-18 16:00:00,86.75,86.98,85.78,86.13,278680.98,24071275.31375
2026-04-18 20:00:00,86.12,86.46,85.92,86.16,183416.625,15806322.50034
2026-04-19 00:00:00,86.15,86.38,85.24,85.6,230818.522,19790370.00393
2026-04-19 04:00:00,85.6,85.96,84.43,84.88,430382.114,36653453.66821
2026-04-19 08:00:00,84.88,85.71,84.44,85.6,456198.773,38764048.82116
2026-04-19 12:00:00,85.61,87.12,85.55,86.36,552970.961,47723502.08352
2026-04-19 16:00:00,86.35,86.5,84.88,85.33,349741.831,29898829.73113
2026-04-19 20:00:00,85.33,85.35,82.94,83.47,574736.864,48275218.69531
2026-04-20 00:00:00,83.47,84.62,83.34,84.59,328650.349,27618358.69805
2026-04-20 04:00:00,84.59,85.76,83.75,84.73,386047.821,32662164.1404
2026-04-20 08:00:00,84.74,85.4,84.57,85.07,305061.638,25933237.8434
2026-04-20 12:00:00,85.06,85.88,84.42,85.86,624252.687,53225438.51728
2026-04-20 16:00:00,85.86,86.22,85.25,85.8,374667.838,32174063.01852
2026-04-20 20:00:00,85.8,86.21,85.21,85.28,281666.417,24134442.90952
2026-04-21 00:00:00,85.29,85.83,85.0,85.17,255983.805,21853103.69894
2026-04-21 04:00:00,85.17,85.98,85.02,85.71,318885.851,27281835.42819
2026-04-21 08:00:00,85.71,86.38,85.52,85.85,256797.071,22072937.90243
2026-04-21 12:00:00,85.85,86.89,85.17,86.05,449581.749,38606844.2862
2026-04-21 16:00:00,86.05,86.3,84.31,84.57,441499.185,37671661.19143
2026-04-21 20:00:00,84.57,86.13,84.43,86.03,388839.608,33203502.67758
2026-04-22 00:00:00,86.04,87.87,86.01,87.24,584800.391,50830997.91431
2026-04-22 04:00:00,87.25,88.33,86.97,88.05,615570.181,54089549.82487
2026-04-22 08:00:00,88.06,88.88,87.6,88.31,408342.684,36029015.99412
2026-04-22 12:00:00,88.31,89.32,87.99,88.18,829572.544,73557274.066
2026-04-22 16:00:00,88.19,88.46,87.09,87.37,500634.794,43967937.08157
2026-04-22 20:00:00,87.38,87.72,86.81,86.87,215951.241,18838193.60799
2026-04-23 00:00:00,86.86,87.18,85.48,85.79,443314.671,38267225.50971
2026-04-23 04:00:00,85.78,86.24,85.51,85.9,308456.365,26515307.88244
2026-04-23 08:00:00,85.91,85.94,85.2,85.81,329245.385,28176456.15745
2026-04-23 12:00:00,85.82,86.66,85.55,86.35,587798.057,50582768.38231
2026-04-23 16:00:00,86.36,86.42,84.48,85.3,892045.766,76184111.35953
2026-04-23 20:00:00,85.3,86.25,85.29,86.12,333802.995,28655478.08828
2026-04-24 00:00:00,86.12,86.36,85.4,85.69,224668.287,19306460.57421
2026-04-24 04:00:00,85.69,85.82,85.14,85.51,287361.387,24554837.51696
2026-04-24 08:00:00,85.5,86.28,84.92,86.19,401616.795,34390205.98924
2026-04-24 12:00:00,86.2,86.79,85.53,86.52,469577.266,40486185.44381
2026-04-24 16:00:00,86.52,86.58,85.95,86.33,210273.129,18153663.28693
2026-04-24 20:00:00,86.32,86.94,86.1,86.18,225077.799,19468898.8618
2026-04-25 00:00:00,86.18,86.5,86.03,86.46,96838.828,8352586.57716
2026-04-25 04:00:00,86.46,86.66,86.11,86.36,159702.551,13788267.57899
2026-04-25 08:00:00,86.36,86.8,86.25,86.36,180595.867,15632993.47695
2026-04-25 12:00:00,86.36,86.67,86.1,86.22,134518.908,11632438.49457
2026-04-25 16:00:00,86.22,86.33,85.53,85.68,335731.115,28795776.0277
2026-04-25 20:00:00,85.68,86.2,85.61,86.18,126545.167,10881688.9673
2026-04-26 00:00:00,86.19,86.46,85.84,85.99,162593.658,14004639.68074
2026-04-26 04:00:00,85.99,86.73,85.92,86.62,283104.75,24477882.34046
2026-04-26 08:00:00,86.63,86.76,86.42,86.48,122739.187,10623240.41102
2026-04-26 12:00:00,86.49,86.59,85.9,86.56,324280.069,27967676.45457
2026-04-26 16:00:00,86.55,87.2,86.27,86.88,206047.958,17874848.99549
2026-04-26 20:00:00,86.89,87.32,86.19,86.93,354735.83,30779082.51289
2026-04-27 00:00:00,86.93,88.08,86.53,87.72,801807.898,69954596.39799
2026-04-27 04:00:00,87.72,87.84,85.26,85.27,659179.202,56783515.17814
2026-04-27 08:00:00,85.27,85.63,85.05,85.26,450659.713,38453041.23225
2026-04-27 12:00:00,85.26,85.83,83.63,84.17,611500.311,51830356.09304
2026-04-27 16:00:00,84.17,84.7,83.83,84.19,295300.312,24897286.27019
2026-04-27 20:00:00,84.18,84.9,84.11,84.82,190654.255,16100392.21513
2026-04-28 00:00:00,84.82,84.93,83.9,84.17,182077.197,15370689.54457
2026-04-28 04:00:00,84.18,84.43,83.65,84.02,528349.021,44394882.45942
2026-04-28 08:00:00,84.01,84.19,83.3,83.42,185635.257,15538854.72562
2026-04-28 12:00:00,83.42,84.0,82.98,83.46,371084.657,30938585.58985
2026-04-28 16:00:00,83.46,84.02,83.32,83.89,175320.709,14664928.20066
2026-04-28 20:00:00,83.89,84.15,83.58,84.06,221927.602,18607321.81147
2026-04-29 00:00:00,84.06,84.74,83.81,84.59,237688.436,19998929.80578
2026-04-29 04:00:00,84.6,85.06,84.45,84.71,276091.585,23406505.23433
2026-04-29 08:00:00,84.71,85.56,83.2,84.91,577117.692,49088547.9098
2026-04-29 12:00:00,84.91,84.92,83.0,83.26,566495.94,47472406.87161
2026-04-29 16:00:00,83.25,83.65,81.4,82.19,684401.482,56349873.73474
2026-04-29 20:00:00,82.2,83.22,82.17,83.04,234268.461,19386629.41446
2026-04-30 00:00:00,83.05,84.01,82.7,83.06,318849.929,26610069.03044
2026-04-30 04:00:00,83.06,83.39,82.16,83.35,258316.215,21395067.08746
2026-04-30 08:00:00,83.35,83.55,82.79,83.01,211178.166,17564487.79522
2026-04-30 12:00:00,83.01,83.83,82.69,83.36,287914.246,23965375.6785
2026-04-30 16:00:00,83.36,83.43,82.87,83.04,171900.668,14284590.12434
2026-04-30 20:00:00,83.04,83.19,82.78,83.09,124432.387,10327509.49606
2026-05-01 00:00:00,83.09,84.38,83.08,83.89,263561.957,22051118.75131
2026-05-01 04:00:00,83.9,84.23,83.67,83.96,289752.932,24316933.70721
2026-05-01 08:00:00,83.96,84.3,83.69,84.01,214484.023,18016140.87572
2026-05-01 12:00:00,84.01,84.86,83.89,84.47,517696.742,43674873.0892
2026-05-01 16:00:00,84.46,84.63,83.79,83.9,265797.069,22362384.39784
2026-05-01 20:00:00,83.9,83.93,83.33,83.76,246775.236,20652102.52179
2026-05-02 00:00:00,83.76,84.18,83.44,83.82,166608.571,13964525.7629
2026-05-02 04:00:00,83.82,83.86,83.54,83.74,111014.495,9291747.76271
2026-05-02 08:00:00,83.73,84.17,83.52,83.7,165721.905,13900217.61276
2026-05-02 12:00:00,83.7,84.11,83.67,84.04,183447.034,15400141.52019
2026-05-02 16:00:00,84.04,84.31,83.95,84.22,130231.211,10954728.91415
2026-05-02 20:00:00,84.23,84.97,84.07,84.26,270736.283,22860064.40447
2026-05-03 00:00:00,84.26,84.31,83.58,83.67,246902.036,20704983.83439
2026-05-03 04:00:00,83.66,84.02,83.58,83.88,138015.6,11568738.39234
2026-05-03 08:00:00,83.88,84.2,83.75,83.96,163338.071,13716857.75333
2026-05-03 12:00:00,83.96,84.45,83.95,84.16,199468.678,16797708.67086
2026-05-03 16:00:00,84.16,84.5,84.0,84.38,120424.175,10142278.90491
2026-05-03 20:00:00,84.37,84.97,83.87,83.91,400498.962,33810291.63967
2026-05-04 00:00:00,83.91,85.67,83.35,85.41,948697.547,80384829.55096
2026-05-04 04:00:00,85.4,85.9,84.51,84.87,571740.248,48779934.93865
2026-05-04 08:00:00,84.87,85.2,83.23,83.95,651310.681,54737829.17784
2026-05-04 12:00:00,83.96,85.32,83.59,84.47,705720.66,59630021.33154
2026-05-04 16:00:00,84.47,85.19,83.98,84.44,394682.413,33416549.74548
2026-05-04 20:00:00,84.45,84.56,84.02,84.1,197155.669,16611910.55406
2026-05-05 00:00:00,84.11,84.97,84.04,84.78,257970.468,21801612.07293
2026-05-05 04:00:00,84.77,85.12,84.54,84.87,465709.895,39523152.5399
2026-05-05 08:00:00,84.88,85.01,84.43,84.97,235571.03,19961158.33424
2026-05-05 12:00:00,84.97,86.1,84.9,85.5,663678.586,56820554.18867
2026-05-05 16:00:00,85.5,86.56,85.0,86.49,416842.639,35780139.2828
2026-05-05 20:00:00,86.49,86.98,86.17,86.29,439115.508,38021893.92082
2026-05-06 00:00:00,86.29,87.51,86.1,87.33,458049.992,39794777.2969
2026-05-06 04:00:00,87.34,87.89,86.67,87.7,429209.414,37468200.43261
2026-05-06 08:00:00,87.71,90.03,87.64,89.87,1026165.098,91382290.8632
2026-05-06 12:00:00,89.87,89.97,87.47,88.97,939895.843,83381142.6633
2026-05-06 16:00:00,88.97,89.51,88.5,89.27,365985.513,32567698.67388
2026-05-06 20:00:00,89.27,89.62,88.65,89.16,263950.17,23557653.94144
2026-05-07 00:00:00,89.16,89.27,87.63,87.75,335206.373,29574644.34374
2026-05-07 04:00:00,87.75,90.44,87.69,90.16,578644.42,51579758.85046
2026-05-07 08:00:00,90.17,90.27,88.76,89.57,463543.638,41478853.72819
2026-05-07 12:00:00,89.56,90.1,87.79,88.32,787879.49,69983363.14192
2026-05-07 16:00:00,88.32,89.05,87.96,88.45,388762.635,34403882.66696
2026-05-07 20:00:00,88.45,88.88,87.67,88.42,338143.945,29777782.96226
2026-05-08 00:00:00,88.43,88.65,87.6,88.22,274109.015,24150104.34539
2026-05-08 04:00:00,88.23,88.42,87.65,88.22,340406.889,29975054.15545
2026-05-08 08:00:00,88.23,89.1,88.01,88.64,407490.557,36053312.6496
2026-05-08 12:00:00,88.64,89.6,88.01,89.59,400869.866,35597369.00143
2026-05-08 16:00:00,89.6,92.8,89.34,92.6,887232.361,81105226.5687
2026-05-08 20:00:00,92.61,92.71,91.73,92.01,334326.171,30829143.50768
2026-05-09 00:00:00,92.02,93.91,91.85,93.64,576427.732,53757739.19212
2026-05-09 04:00:00,93.65,94.17,92.84,93.76,496098.362,46439294.64771
2026-05-09 08:00:00,93.76,93.95,93.05,93.62,267175.425,24977414.65582
2026-05-09 12:00:00,93.61,93.74,92.39,93.01,288521.506,26843099.83948
2026-05-09 16:00:00,93.01,93.65,92.69,93.51,234608.811,21854806.75541
2026-05-09 20:00:00,93.51,93.56,93.05,93.13,111440.86,10400979.79887
2026-05-10 00:00:00,93.12,93.51,92.6,93.42,312003.751,29045093.65362
2026-05-10 04:00:00,93.41,93.63,93.24,93.46,148136.227,13839899.4618
2026-05-10 08:00:00,93.46,94.8,92.91,93.55,511703.374,48059352.91681
2026-05-10 12:00:00,93.56,94.73,93.2,94.53,320850.531,30136986.65714
2026-05-10 16:00:00,94.53,97.0,94.18,96.47,655333.729,62762268.29262
2026-05-10 20:00:00,96.47,96.86,93.43,96.47,611141.383,58336972.1031
2026-05-11 00:00:00,96.46,96.67,94.46,94.76,667426.526,63821396.47396
2026-05-11 04:00:00,94.76,96.16,94.43,95.33,317251.408,30259845.37294
2026-05-11 08:00:00,95.34,95.57,94.58,95.25,389420.941,37041870.21279
2026-05-11 12:00:00,95.26,96.8,94.3,96.8,749651.411,71462646.24496
2026-05-11 16:00:00,96.79,98.39,96.5,98.19,694124.811,67710754.51097
2026-05-11 20:00:00,98.19,98.41,97.1,97.37,260174.868,25402869.31066
2026-05-12 00:00:00,97.37,97.68,95.54,96.14,531025.291,51296118.22794
2026-05-12 04:00:00,96.14,97.0,95.82,96.05,258227.355,24878907.01306
2026-05-12 08:00:00,96.05,96.15,94.6,94.98,617423.638,58914119.25736
2026-05-12 12:00:00,94.97,95.56,93.55,93.85,788159.261,74606303.06415
2026-05-12 16:00:00,93.85,95.01,93.6,94.92,452976.884,42741334.51153
2026-05-12 20:00:00,94.92,95.05,94.23,94.28,162224.93,15360709.26196
2026-05-13 00:00:00,94.28,95.59,94.05,95.56,347495.286,33001252.65934
2026-05-13 04:00:00,95.56,95.99,94.88,95.14,307365.716,29331578.38465
2026-05-13 08:00:00,95.14,95.89,94.25,94.33,442947.463,42128681.98941
2026-05-13 12:00:00,94.33,94.64,90.27,90.43,1235684.772,114075718.57977
2026-05-13 16:00:00,90.43,91.41,90.41,90.96,587067.167,53377248.39668
2026-05-13 20:00:00,90.95,91.35,90.64,91.17,272011.398,24769662.8924
2026-05-14 00:00:00,91.17,91.42,89.82,89.93,422008.903,38256506.5949
2026-05-14 04:00:00,89.93,92.02,89.86,90.88,437427.863,39833067.82342
2026-05-14 08:00:00,90.88,91.3,90.59,90.64,241689.981,21975093.5134
2026-05-14 12:00:00,90.64,93.25,90.54,93.16,702641.258,64512351.8664
2026-05-14 16:00:00,93.16,93.68,92.29,92.9,682691.89,63559116.64215
2026-05-14 20:00:00,92.91,93.0,92.11,92.15,222665.913,20623317.96313
2026-05-15 00:00:00,92.16,92.66,91.47,92.06,446397.438,41085475.73769
2026-05-15 04:00:00,92.05,92.05,90.26,91.6,519608.52,47306532.86669
2026-05-15 08:00:00,91.61,91.65,90.92,91.27,356140.517,32497304.14986
2026-05-15 12:00:00,91.26,91.27,88.55,89.04,791150.269,70793472.02664
2026-05-15 16:00:00,89.04,90.09,88.81,89.42,382337.08,34232120.95761
2026-05-15 20:00:00,89.41,89.5,89.0,89.24,180209.807,16085529.76719
2026-05-16 00:00:00,89.23,89.44,88.95,89.05,219272.004,19559019.15432
2026-05-16 04:00:00,89.05,89.09,86.72,87.47,632823.862,55633754.25841
2026-05-16 08:00:00,87.46,87.62,85.52,86.11,569659.112,49144704.98027
2026-05-16 12:00:00,86.12,86.71,86.01,86.5,238479.668,20581558.54693
2026-05-16 16:00:00,86.49,86.97,86.37,86.69,184539.938,16001490.38608
2026-05-16 20:00:00,86.69,86.88,86.45,86.54,118247.01,10246428.09897
2026-05-17 00:00:00,86.53,86.72,85.59,86.53,324090.568,27913850.25112
2026-05-17 04:00:00,86.52,87.29,86.47,86.97,189198.284,16441347.00648
2026-05-17 08:00:00,86.98,87.26,86.6,86.89,293454.721,25508212.51601
2026-05-17 12:00:00,86.89,87.02,85.95,86.46,213222.802,18435875.19925
2026-05-17 16:00:00,86.46,86.94,86.0,86.79,197572.76,17066618.81492
2026-05-17 20:00:00,86.8,86.97,83.5,85.24,696626.109,59347884.61373
2026-05-18 00:00:00,85.23,85.47,84.4,84.85,562074.426,47751208.47586
2026-05-18 04:00:00,84.85,85.36,84.27,84.76,424422.274,35995316.27053
2026-05-18 08:00:00,84.76,85.32,84.08,84.96,355237.711,30068430.93269
2026-05-18 12:00:00,84.97,85.8,83.62,84.2,696578.486,58934180.52875
2026-05-18 16:00:00,84.21,85.23,83.5,84.99,459326.828,38742961.56771
2026-05-18 20:00:00,85.0,85.77,84.79,85.38,274221.619,23402622.34389
2026-05-19 00:00:00,85.38,85.97,84.62,85.07,254191.235,21678210.38192
2026-05-19 04:00:00,85.08,85.64,84.47,85.51,258205.52,21983826.65632
2026-05-19 08:00:00,85.51,85.59,84.27,84.39,323192.796,27420196.21235
2026-05-19 12:00:00,84.39,85.1,83.7,84.37,404560.948,34165281.22843
2026-05-19 16:00:00,84.38,85.04,84.15,84.35,216874.194,18340812.68679
2026-05-19 20:00:00,84.36,84.66,84.0,84.29,205961.523,17380646.83789
2026-05-20 00:00:00,84.3,84.54,83.85,84.1,207008.303,17422314.58437
2026-05-20 04:00:00,84.1,85.13,83.88,84.77,243128.722,20598210.44859
2026-05-20 08:00:00,84.76,85.21,84.58,84.7,220067.159,18694379.86822
2026-05-20 12:00:00,84.7,86.27,84.19,85.92,616479.269,52652940.11872
2026-05-20 16:00:00,85.92,87.09,85.53,86.16,766824.02,66196385.71047
2026-05-20 20:00:00,86.16,86.33,85.55,86.17,311644.965,26787844.34934
2026-05-21 00:00:00,86.17,87.06,86.11,86.85,304116.741,26344681.34176
2026-05-21 04:00:00,86.85,87.22,86.2,86.64,330927.089,28706160.03018
2026-05-21 08:00:00,86.64,87.27,85.57,85.58,424877.763,36675340.11942
2026-05-21 12:00:00,85.58,86.9,85.32,86.46,642052.763,55265268.52754
2026-05-21 16:00:00,86.46,88.0,86.04,87.83,741905.19,64797711.93732
2026-05-21 20:00:00,87.83,87.92,87.02,87.36,210442.354,18408565.5607
2026-05-22 00:00:00,87.35,87.36,86.59,87.03,210496.533,18312309.57571
2026-05-22 04:00:00,87.04,87.38,86.52,86.97,240782.072,20919115.98225
2026-05-22 08:00:00,86.98,87.53,86.72,87.32,271386.651,23646524.22433
2026-05-22 12:00:00,87.33,87.85,86.27,86.77,491653.229,42811464.40753
2026-05-22 16:00:00,86.76,87.19,84.0,84.55,657896.696,56265402.89909
2026-05-22 20:00:00,84.55,85.28,84.0,84.4,336269.482,28510580.15526
2026-05-23 00:00:00,84.4,84.86,84.07,84.68,309468.705,26129697.86098
2026-05-23 04:00:00,84.69,84.72,81.5,82.25,680176.657,56418207.20451
2026-05-23 08:00:00,82.25,82.49,81.63,82.31,408073.937,33506004.47317
2026-05-23 12:00:00,82.3,84.54,82.15,84.1,447324.052,37336688.47514
2026-05-23 16:00:00,84.09,85.14,83.93,84.96,324487.301,27440251.3736
2026-05-23 20:00:00,84.97,87.5,84.8,85.75,803571.059,69358806.55013
2026-05-24 00:00:00,85.76,86.23,85.62,85.81,169164.57,14532987.63812
2026-05-24 04:00:00,85.81,86.7,85.58,86.07,203258.245,17499355.90115
2026-05-24 08:00:00,86.07,87.0,86.01,86.66,396975.856,34359436.45061
2026-05-24 12:00:00,86.67,86.69,84.48,85.31,399780.388,34219948.9443
2026-05-24 16:00:00,85.3,85.88,85.11,85.37,247308.067,21137751.1567
2026-05-24 20:00:00,85.38,85.52,83.7,85.27,670170.277,56796699.06966
2026-05-25 00:00:00,85.27,85.85,84.8,84.95,302541.22,25815856.65302
2026-05-25 04:00:00,84.95,86.19,84.93,85.96,296058.737,25401723.32176
2026-05-25 08:00:00,85.95,86.22,85.7,85.76,191019.632,16422302.14676
2026-05-25 12:00:00,85.77,86.52,85.66,86.26,275060.267,23684840.27169
2026-05-25 16:00:00,86.26,86.44,85.52,85.64,254550.418,21900531.58043
2026-05-25 20:00:00,85.64,85.87,84.71,85.06,243005.191,20708784.96125
2026-05-26 00:00:00,85.06,85.09,83.85,84.22,332787.535,28039579.43582
2026-05-26 04:00:00,84.23,84.97,84.01,84.35,266263.498,22486226.89101
2026-05-26 08:00:00,84.36,85.8,84.29,85.21,392562.559,33408594.54912
2026-05-26 12:00:00,85.22,86.13,84.03,84.49,721984.08,61457977.07335
2026-05-26 16:00:00,84.49,84.57,83.15,83.8,511232.128,42879447.90358
2026-05-26 20:00:00,83.8,83.98,83.54,83.72,133947.63,11223018.65539
2026-05-27 00:00:00,83.73,84.19,83.48,83.63,175200.835,14695022.69326
2026-05-27 04:00:00,83.62,84.21,82.86,84.21,227771.079,19043542.04882
2026-05-27 08:00:00,84.2,84.42,83.6,83.94,252667.177,21227991.06047
2026-05-27 12:00:00,83.95,84.84,82.98,84.44,636298.917,53458047.12225
2026-05-27 16:00:00,84.44,84.75,83.16,83.91,380615.337,31909829.56533
2026-05-27 20:00:00,83.92,84.14,82.1,82.44,446903.018,37047256.99764
2026-05-28 00:00:00,82.43,82.76,80.5,80.7,598957.898,48964629.29744
2026-05-28 04:00:00,80.7,81.3,80.0,81.26,492291.581,39724157.29289
2026-05-28 08:00:00,81.26,81.32,80.6,80.88,239310.649,19396076.71764
2026-05-28 12:00:00,80.88,81.66,80.02,81.14,451157.827,36494567.96226
2026-05-28 16:00:00,81.15,83.01,80.91,82.19,352604.253,28997758.45872
2026-05-28 20:00:00,82.18,82.7,81.78,82.11,172593.272,14203045.923
2026-05-29 00:00:00,82.12,82.48,81.47,81.61,214530.389,17594627.886
2026-05-29 04:00:00,81.62,82.49,81.36,82.24,287971.67,23626654.11646
2026-05-29 08:00:00,82.25,82.65,81.52,81.77,257579.27,21178039.61826
2026-05-29 12:00:00,81.76,83.24,80.35,82.59,709390.782,58000603.78127
2026-05-29 16:00:00,82.58,83.22,81.6,82.06,372311.306,30772308.42996
2026-05-29 20:00:00,82.06,82.4,81.62,82.04,222494.229,18246961.88133
2026-05-30 00:00:00,82.04,83.1,81.94,82.67,179009.035,14795478.27204
2026-05-30 04:00:00,82.67,82.8,81.86,82.37,218404.499,17995933.05943
2026-05-30 08:00:00,82.37,82.55,82.19,82.33,95905.497,7896828.12984
2026-05-30 12:00:00,82.33,82.92,82.25,82.69,226659.412,18709176.53088
2026-05-30 16:00:00,82.68,83.14,82.63,82.99,163056.436,13519401.66392
2026-05-30 20:00:00,82.99,83.17,82.45,82.73,135455.365,11222839.03943
2026-05-31 00:00:00,82.74,83.42,82.62,83.25,163777.358,13608810.49554
2026-05-31 04:00:00,83.24,83.3,82.52,82.66,127597.952,10583172.01162
2026-05-31 08:00:00,82.67,83.05,82.49,82.76,120279.228,9951288.59448
2026-05-31 12:00:00,82.76,83.12,81.79,81.88,249911.435,20561526.57617
2026-05-31 16:00:00,81.88,82.04,81.33,81.58,166343.771,13581872.62759
2026-05-31 20:00:00,81.59,82.92,81.59,82.44,165970.922,13659089.95146
2026-06-01 00:00:00,82.45,83.1,81.63,82.63,291707.823,24097297.0791
2026-06-01 04:00:00,82.63,82.78,80.63,80.74,249279.418,20341075.78318
2026-06-01 08:00:00,80.74,81.29,80.46,80.81,313381.514,25372565.67401
2026-06-01 12:00:00,80.82,81.07,79.2,79.6,720264.874,57662901.24544
2026-06-01 16:00:00,79.61,81.31,79.11,81.2,359132.582,28897802.93528
2026-06-01 20:00:00,81.19,81.65,80.32,81.28,375381.185,30417452.1647
2026-06-02 00:00:00,81.28,81.3,79.41,80.92,306484.207,24664306.75046
2026-06-02 04:00:00,80.92,81.02,79.16,79.67,332672.345,26586549.75083
2026-06-02 08:00:00,79.67,79.8,78.78,78.94,320665.067,25408569.32479
2026-06-02 12:00:00,78.93,79.22,75.58,76.38,1014165.414,78513893.30251
2026-06-02 16:00:00,76.38,77.67,74.5,75.53,828350.482,63098815.20638
2026-06-02 20:00:00,75.53,76.08,72.73,74.23,840199.402,62470643.30314
2026-06-03 00:00:00,74.23,75.13,72.28,72.71,647760.187,48008935.79656
2026-06-03 04:00:00,72.71,75.4,72.69,75.27,568926.469,42411227.18305
2026-06-03 08:00:00,75.26,75.71,74.73,75.12,405011.404,30455941.83775
2026-06-03 12:00:00,75.12,75.37,73.24,73.31,498929.081,37131327.33903
2026-06-03 16:00:00,73.31,74.1,71.71,71.99,746595.479,54262581.92633
2026-06-03 20:00:00,71.99,73.18,70.93,71.61,788023.06,56576265.48574
2026-06-04 00:00:00,71.61,72.09,66.8,71.48,1732539.983,120646275.07731
2026-06-04 04:00:00,71.49,71.8,69.14,69.15,523677.626,36924905.73091
2026-06-04 08:00:00,69.16,69.44,67.37,68.7,839513.769,57404498.62514
2026-06-04 12:00:00,68.69,70.64,68.32,69.64,963759.221,67276495.51988
2026-06-04 16:00:00,69.64,69.89,68.48,69.1,425259.159,29476531.98829
2026-06-04 20:00:00,69.09,69.15,67.57,68.88,443499.732,30294316.23392
2026-06-05 00:00:00,68.87,69.1,66.94,67.09,676499.592,45939019.80059
2026-06-05 04:00:00,67.1,68.1,63.87,66.18,1622506.686,106710177.13556
2026-06-05 08:00:00,66.18,66.8,65.1,66.08,646020.125,42695722.65657
2026-06-05 12:00:00,66.08,66.83,63.78,64.24,1471617.66,95827239.1869
2026-06-05 16:00:00,64.25,66.06,61.48,63.44,1744865.406,111520136.08373
2026-06-05 20:00:00,63.44,65.42,62.64,63.64,880084.019,56509005.38432
2026-06-06 00:00:00,63.64,64.86,62.58,62.84,483893.66,30861525.07007
2026-06-06 04:00:00,62.84,63.35,60.13,62.78,994852.173,61521627.31632
2026-06-06 08:00:00,62.79,63.6,61.2,62.46,562710.602,35091734.3617
2026-06-06 12:00:00,62.46,63.11,61.32,62.03,673721.75,41966556.95973
2026-06-06 16:00:00,62.04,62.4,61.38,61.64,495457.261,30635368.92641
2026-06-06 20:00:00,61.64,62.38,61.38,62.2,360205.61,22260428.18427
2026-06-07 00:00:00,62.21,64.15,61.96,63.84,542641.24,34341593.83552
2026-06-07 04:00:00,63.84,65.02,63.31,64.93,514837.95,33168040.91919
2026-06-07 08:00:00,64.92,66.11,64.46,65.04,482584.632,31441906.51557
2026-06-07 12:00:00,65.05,65.35,63.67,64.99,461401.847,29754162.18201
2026-06-07 16:00:00,64.99,65.62,63.64,63.95,320474.202,20735289.80187
2026-06-07 20:00:00,63.94,67.92,63.75,66.5,619631.502,40815052.59498
2026-06-08 00:00:00,66.5,67.11,65.4,66.37,492224.105,32639536.68044
2026-06-08 04:00:00,66.37,66.42,64.98,66.11,338695.729,22228806.51023
2026-06-08 08:00:00,66.1,67.06,65.45,66.68,507275.676,33627987.59953
2026-06-08 12:00:00,66.69,67.82,65.99,67.18,896729.15,60031818.66438
2026-06-08 16:00:00,67.19,67.82,66.56,67.46,491154.373,33032245.00508
2026-06-08 20:00:00,67.46,68.17,66.65,66.82,332916.334,22420106.43059
2026-06-09 00:00:00,66.82,66.89,65.29,66.01,457007.966,30094296.657
2026-06-09 04:00:00,66.01,67.47,65.83,66.89,636006.462,42600847.44805
2026-06-09 08:00:00,66.9,66.94,65.9,66.11,336582.783,22326376.80279
2026-06-09 12:00:00,66.11,66.52,64.26,64.33,747444.485,48837542.42241
2026-06-09 16:00:00,64.33,65.65,63.54,65.41,654504.027,42338555.50033
2026-06-09 20:00:00,65.42,65.7,64.69,64.96,250604.588,16333153.35458
2026-06-10 00:00:00,64.97,65.32,64.25,64.51,292280.116,18946773.14075
2026-06-10 04:00:00,64.52,64.8,63.83,64.5,242373.363,15579302.69806
2026-06-10 08:00:00,64.5,64.52,62.95,63.49,536332.572,34065251.45134
2026-06-10 12:00:00,63.5,65.77,63.3,65.44,933495.133,60400906.7773
2026-06-10 16:00:00,65.44,65.49,63.36,63.56,525405.088,33719657.24436
2026-06-10 20:00:00,63.56,63.66,62.34,63.19,408031.289,25685768.38216
2026-06-11 00:00:00,63.19,65.48,63.19,65.27,593113.979,38271472.23941
2026-06-11 04:00:00,65.27,65.43,64.77,65.04,328696.884,21401396.62415
2026-06-11 08:00:00,65.04,66.15,65.01,65.88,438214.859,28694957.95588
2026-06-11 12:00:00,65.89,65.93,64.89,65.55,576466.001,37699042.14829
2026-06-11 16:00:00,65.56,67.42,65.05,66.93,715853.724,47615007.60425
2026-06-11 20:00:00,66.93,67.14,66.36,66.93,229215.584,15323161.86113
2026-06-12 00:00:00,66.93,67.3,66.42,67.04,293225.51,19614949.3538
2026-06-12 04:00:00,67.04,67.24,65.95,66.32,339082.427,22558410.54499
2026-06-12 08:00:00,66.32,67.49,66.31,66.93,425921.009,28558136.78223
2026-06-12 12:00:00,66.92,68.82,66.37,67.25,1083646.642,73230988.9983
2026-06-12 16:00:00,67.26,68.22,66.68,66.78,467750.288,31538043.585
2026-06-12 20:00:00,66.79,66.95,66.42,66.82,229960.807,15328236.15946
2026-06-13 00:00:00,66.83,67.51,66.7,66.88,178716.201,11988308.75013
2026-06-13 04:00:00,66.87,67.47,66.59,67.37,229140.529,15346045.94661
2026-06-13 08:00:00,67.38,67.96,67.26,67.9,229723.759,15500020.50111
2026-06-13 12:00:00,67.91,68.71,67.77,68.6,360336.06,24561545.72136
2026-06-13 16:00:00,68.6,68.63,67.83,68.23,212144.32,14449148.46191
2026-06-13 20:00:00,68.24,69.59,68.05,68.94,314953.631,21729068.28452
2026-06-14 00:00:00,68.94,69.11,68.64,68.94,195037.487,13431161.62658
2026-06-14 04:00:00,68.95,69.01,67.88,68.23,361445.599,24692193.95036
2026-06-14 08:00:00,68.23,68.52,67.92,68.11,157511.43,10752227.22239
2026-06-14 12:00:00,68.11,68.17,66.94,67.43,281861.67,19031615.62372
2026-06-14 16:00:00,67.43,67.76,67.19,67.57,109070.249,7366054.9678
2026-06-14 20:00:00,67.57,71.29,67.44,71.28,746895.496,52297919.61813
2026-06-15 00:00:00,71.29,71.73,70.66,71.24,432170.587,30783591.36055
2026-06-15 04:00:00,71.24,71.5,70.81,71.28,235379.745,16764454.21633
2026-06-15 08:00:00,71.28,72.82,70.8,72.61,531480.205,38176801.59558
2026-06-15 12:00:00,72.61,75.26,72.31,75.25,838108.437,61783304.91529
2026-06-15 16:00:00,75.25,76.09,74.58,75.28,692334.257,52140901.07867
2026-06-15 20:00:00,75.27,75.46,73.62,73.98,373304.237,27730329.63705
2026-06-16 00:00:00,73.99,74.42,72.77,73.74,347371.226,25577532.47424
2026-06-16 04:00:00,73.75,74.54,73.19,74.46,270329.098,19986745.95484
2026-06-16 08:00:00,74.45,75.65,74.35,74.66,346883.973,25983636.28636
2026-06-16 12:00:00,74.67,75.53,72.29,73.29,683409.892,50428964.09644
2026-06-16 16:00:00,73.29,74.34,73.01,73.84,359839.781,26500730.07898
2026-06-16 20:00:00,73.85,74.26,73.42,73.52,178071.625,13159470.67923
2026-06-17 00:00:00,73.53,74.47,73.17,73.68,260727.943,19241007.5537
2026-06-17 04:00:00,73.68,74.11,72.99,73.26,245082.087,18012241.98635
2026-06-17 08:00:00,73.27,73.3,71.71,72.04,332561.502,24082792.06333
2026-06-17 12:00:00,72.04,73.87,71.59,73.81,434016.636,31483417.7479
2026-06-17 16:00:00,73.8,74.69,71.43,71.66,883283.168,64664598.63975
2026-06-17 20:00:00,71.66,72.25,70.83,72.05,287568.055,20638978.09268
2026-06-18 00:00:00,72.05,72.68,71.54,71.65,204887.852,14804358.19443
2026-06-18 04:00:00,71.66,71.85,70.64,71.78,253836.086,18072952.69873
2026-06-18 08:00:00,71.77,72.16,70.72,70.94,280585.067,20050944.13144
2026-06-18 12:00:00,70.94,71.8,68.35,68.44,772732.264,54166130.1129
2026-06-18 16:00:00,68.43,69.53,68.23,69.37,521751.574,35889091.80634
2026-06-18 20:00:00,69.38,69.96,69.26,69.71,229919.486,16011482.82535
2026-06-19 00:00:00,69.72,70.09,68.64,69.05,315287.67,21881602.30004
2026-06-19 04:00:00,69.06,69.27,67.98,68.38,437408.876,29986443.93034
2026-06-19 08:00:00,68.37,68.76,68.05,68.25,287751.014,19671579.62523
2026-06-19 12:00:00,68.25,69.58,67.92,69.33,412971.775,28464907.55176
2026-06-19 16:00:00,69.34,69.57,68.63,68.97,231026.583,15972210.91597
2026-06-19 20:00:00,68.97,69.87,68.72,69.74,200124.95,13869516.37523
2026-06-20 00:00:00,69.73,70.12,69.48,70.0,211959.032,14795005.85041
2026-06-20 04:00:00,70.0,72.46,69.89,71.6,457139.888,32717749.308
2026-06-20 08:00:00,71.6,72.1,71.21,71.78,214467.355,15346915.81252
2026-06-20 12:00:00,71.78,72.62,70.47,72.02,663057.406,47544807.98912
2026-06-20 16:00:00,72.03,72.05,71.09,71.86,304517.104,21817352.39839
2026-06-20 20:00:00,71.86,74.3,71.7,73.22,416473.842,30477769.17982
2026-06-21 00:00:00,73.22,73.86,72.88,73.63,252246.07,18485564.1531
2026-06-21 04:00:00,73.63,73.84,73.01,73.21,299426.248,21946878.53204
2026-06-21 08:00:00,73.21,74.4,72.75,73.21,402272.224,29607873.15132
2026-06-21 12:00:00,73.21,74.29,72.93,74.14,432843.773,31881247.39737
2026-06-21 16:00:00,74.14,74.68,73.8,74.42,322000.612,23911073.74057
2026-06-21 20:00:00,74.42,74.55,72.31,72.46,413896.691,30226764.9787
2026-06-22 00:00:00,72.47,74.99,72.46,73.52,472993.64,34944267.8081
2026-06-22 04:00:00,73.53,74.48,73.36,74.1,293964.486,21721477.77526
2026-06-22 08:00:00,74.1,74.44,73.57,74.17,442592.469,32748234.88027
2026-06-22 12:00:00,74.18,75.0,72.98,73.14,718697.513,53245125.66532
2026-06-22 16:00:00,73.15,73.57,72.45,72.71,377129.477,27485173.84163
2026-06-22 20:00:00,72.71,72.97,71.37,71.95,261846.482,18898126.83503
2026-06-23 00:00:00,71.95,72.06,71.31,72.0,237636.993,17060916.84675
2026-06-23 04:00:00,71.99,72.03,69.68,70.01,507028.023,35776686.1953
2026-06-23 08:00:00,70.01,70.11,68.16,69.33,624206.995,43036807.12234
2026-06-23 12:00:00,69.33,69.68,68.4,68.92,431542.181,29807472.98926
2026-06-23 16:00:00,68.93,69.41,68.64,68.84,227099.985,15665481.56972
2026-06-23 20:00:00,68.84,69.84,68.83,69.71,175005.108,12135989.51928
2026-06-24 00:00:00,69.7,70.41,69.1,69.56,263739.255,18424992.0708
2026-06-24 04:00:00,69.57,70.22,69.0,69.38,251886.385,17557625.80841
2026-06-24 08:00:00,69.38,70.44,68.77,69.82,339937.013,23577327.17589
2026-06-24 12:00:00,69.82,69.93,67.24,67.33,668268.346,45933900.7252
2026-06-24 16:00:00,67.32,68.03,64.71,66.13,1338113.18,88776475.48768
2026-06-24 20:00:00,66.13,68.55,65.98,68.11,506723.35,34233194.16038
2026-06-25 00:00:00,68.12,68.32,67.4,67.7,233177.391,15798475.87117
2026-06-25 04:00:00,67.7,69.66,67.5,69.45,499488.658,34459688.05818
2026-06-25 08:00:00,69.44,69.45,68.0,68.18,329991.596,22648852.376
2026-06-25 12:00:00,68.18,68.92,64.04,66.32,1569669.256,104001398.65571
2026-06-25 16:00:00,66.32,67.35,65.65,66.2,676745.947,44933944.60387
2026-06-25 20:00:00,66.19,68.81,66.08,67.72,407828.433,27436348.83013
2026-06-26 00:00:00,67.72,68.5,65.91,68.21,684689.26,45939418.7762
2026-06-26 04:00:00,68.22,70.99,67.96,70.77,887746.047,61597815.57067
2026-06-26 08:00:00,70.78,70.88,68.39,68.61,503215.77,35012595.38519
2026-06-26 12:00:00,68.61,72.24,68.19,72.07,1040581.28,73387646.73917
2026-06-26 16:00:00,72.06,73.93,72.01,73.01,812035.98,59144719.92153
2026-06-26 20:00:00,73.01,73.68,71.41,71.9,494600.379,35762097.32011
2026-06-27 00:00:00,71.9,72.5,71.36,72.27,368000.362,26501639.77046
2026-06-27 04:00:00,72.26,72.59,71.51,72.31,317095.803,22837656.55203
2026-06-27 08:00:00,72.31,72.33,71.53,71.81,184926.87,13301159.28603
2026-06-27 12:00:00,71.81,73.19,71.64,72.84,358291.581,25951796.73162
2026-06-27 16:00:00,72.83,73.01,70.94,71.11,396679.167,28541648.40455
2026-06-27 20:00:00,71.11,71.63,70.25,70.5,296838.777,21057165.32823
2026-06-28 00:00:00,70.49,71.01,70.44,70.87,169734.883,12007083.59572
2026-06-28 04:00:00,70.86,71.09,70.14,71.08,245333.917,17314102.01038
2026-06-28 08:00:00,71.08,72.2,71.06,71.92,337814.196,24215171.50752
2026-06-28 12:00:00,71.92,72.41,71.33,72.09,246304.518,17697496.131
2026-06-28 16:00:00,72.09,72.13,70.25,70.74,294133.919,20974880.10862
2026-06-28 20:00:00,70.73,71.82,69.74,71.38,415953.485,29453681.7673
2026-06-29 00:00:00,71.39,73.33,70.35,72.68,553184.644,39741696.5793
2026-06-29 04:00:00,72.68,73.12,71.03,72.72,367744.393,26528789.28622
2026-06-29 08:00:00,72.72,73.68,72.25,72.52,443879.005,32369260.29807
2026-06-29 12:00:00,72.53,74.55,72.12,73.92,1366136.321,100504664.54814
2026-06-29 16:00:00,73.92,76.49,72.89,75.98,823136.545,61884241.47614
2026-06-29 20:00:00,75.98,76.0,74.89,75.16,307641.192,23201233.16584
2026-06-30 00:00:00,75.17,75.24,74.04,74.19,326692.743,24338704.91384
2026-06-30 04:00:00,74.19,74.26,73.69,74.16,265517.961,19656877.78171
2026-06-30 08:00:00,74.16,75.8,73.3,73.4,452688.812,33350379.3327
2026-06-30 12:00:00,73.41,74.1,71.9,73.13,960183.473,69839760.27259
2026-06-30 16:00:00,73.14,73.97,72.73,73.75,406037.595,29802594.92308
2026-06-30 20:00:00,73.74,73.94,73.19,73.67,257663.519,18959864.65497
2026-07-01 00:00:00,73.67,75.69,72.25,75.48,606723.588,45060941.69644
2026-07-01 04:00:00,75.48,75.87,73.96,74.87,462549.137,34665613.05043
2026-07-01 08:00:00,74.87,75.58,74.46,74.84,493452.245,37052069.34886
2026-07-01 12:00:00,74.84,77.8,74.27,77.43,1052393.689,80087928.84047
2026-07-01 16:00:00,77.43,78.25,76.8,77.0,503230.399,39013994.55446
2026-07-01 20:00:00,77.01,78.96,76.59,77.46,494976.238,38543923.1392
2026-07-02 00:00:00,77.46,78.96,76.9,78.72,441268.976,34433402.15377
2026-07-02 04:00:00,78.71,78.72,77.59,77.99,293551.819,22931422.57994
2026-07-02 08:00:00,78.0,82.78,77.94,82.38,1360405.346,109937800.38721
2026-07-02 12:00:00,82.37,82.45,80.09,80.86,946198.276,76928830.15031
2026-07-02 16:00:00,80.87,81.32,80.15,80.83,460956.211,37260691.71212
2026-07-02 20:00:00,80.84,81.17,80.41,80.73,238123.182,19218491.28012
2026-07-03 00:00:00,80.72,81.69,80.34,80.73,263041.039,21307178.04469
2026-07-03 04:00:00,80.72,81.51,80.44,81.22,244578.799,19799464.44439
2026-07-03 08:00:00,81.23,81.88,80.67,81.58,349702.171,28421081.42705
2026-07-03 12:00:00,81.57,82.06,80.91,81.21,320516.253,26115946.99032
2026-07-03 16:00:00,81.21,83.22,81.08,82.48,343571.496,28237917.60878
2026-07-03 20:00:00,82.47,83.05,82.16,82.34,247807.625,20449814.46714
2026-07-04 00:00:00,82.35,82.85,81.8,82.74,314311.283,25870815.64515
2026-07-04 04:00:00,82.74,83.98,82.26,82.72,540722.828,44914568.94539
2026-07-04 08:00:00,82.72,82.78,81.42,81.82,292710.024,23992360.86089
2026-07-04 12:00:00,81.82,82.42,81.36,82.23,254445.31,20824256.85383
2026-07-04 16:00:00,82.24,82.83,81.71,81.88,259801.408,21367720.99493
2026-07-04 20:00:00,81.88,82.29,81.45,81.8,191799.609,15700302.91051
2026-07-05 00:00:00,81.8,81.84,80.2,80.56,330266.643,26715157.40727
2026-07-05 04:00:00,80.56,80.87,80.24,80.72,141408.02,11391816.86252
2026-07-05 08:00:00,80.72,80.87,79.68,80.57,244060.645,19586409.03312
2026-07-05 12:00:00,80.57,81.75,80.37,81.36,249011.175,20189325.34935
2026-07-05 16:00:00,81.36,81.54,80.81,81.04,149854.907,12157791.48536
2026-07-05 20:00:00,81.04,82.43,80.79,81.59,290880.749,23791556.69692
2026-07-06 00:00:00,81.59,82.33,80.45,80.8,305151.36,24837200.07116
2026-07-06 04:00:00,80.8,81.02,80.15,80.82,223253.418,18000675.30651
2026-07-06 08:00:00,80.83,81.08,80.06,80.39,221770.807,17855820.30782
2026-07-06 12:00:00,80.39,81.54,79.23,81.5,724558.007,58106963.41984
2026-07-06 16:00:00,81.5,82.4,81.29,82.07,526008.258,43088180.75593
2026-07-06 20:00:00,82.08,83.74,81.68,81.94,392865.79,32459854.97142
2026-07-07 00:00:00,81.94,82.5,80.97,81.05,238050.811,19478828.9579
2026-07-07 04:00:00,81.05,81.76,80.46,81.5,270894.805,21975554.60699
2026-07-07 08:00:00,81.51,81.6,80.76,81.32,310571.446,25238941.55022
2026-07-07 12:00:00,81.32,82.36,80.51,82.11,490143.641,39914874.80941
2026-07-07 16:00:00,82.11,82.79,80.78,81.37,312428.022,25585190.81623
2026-07-07 20:00:00,81.38,81.49,80.34,80.58,236900.792,19163165.26809
2026-07-08 00:00:00,80.58,80.78,78.22,78.73,472550.205,37545492.81979
2026-07-08 04:00:00,78.73,78.93,77.8,78.28,403840.132,31605889.95536
2026-07-08 08:00:00,78.29,78.43,76.9,77.56,421883.719,32642365.37997
2026-07-08 12:00:00,77.56,77.66,76.29,76.75,481741.484,37091206.53353
2026-07-08 16:00:00,76.76,77.68,76.76,77.42,242811.91,18743849.88534
2026-07-08 20:00:00,77.42,77.95,76.93,77.83,148575.91,11496142.43645
2026-07-09 00:00:00,77.83,78.78,76.71,77.38,288234.275,22382255.80064
2026-07-09 04:00:00,77.39,78.83,77.22,78.21,285134.96,22283590.97939
2026-07-09 08:00:00,78.22,78.41,77.32,77.61,233675.069,18209287.91436
2026-07-09 12:00:00,77.61,78.49,77.35,77.63,359318.017,27960959.22294
2026-07-09 16:00:00,77.63,78.43,77.26,78.15,185705.056,14471043.26671
2026-07-09 20:00:00,78.16,78.32,77.74,78.04,106370.457,8305748.1756
2026-07-10 00:00:00,78.05,79.45,77.79,79.07,292909.143,23067408.37482
2026-07-10 04:00:00,79.07,79.37,78.75,78.87,218695.467,17278335.4477
2026-07-10 08:00:00,78.87,79.68,78.81,79.36,269721.393,21391463.40979
2026-07-10 12:00:00,79.37,79.56,77.07,78.14,648564.175,50739514.78994
2026-07-10 16:00:00,78.15,78.26,77.33,77.89,257166.899,20006759.21691
2026-07-10 20:00:00,77.9,78.25,77.71,78.13,166674.998,13001687.97705
2026-07-11 00:00:00,78.14,78.14,77.47,77.79,188515.163,14661397.05432
2026-07-11 04:00:00,77.8,78.12,77.6,78.0,158123.53,12319212.69779
2026-07-11 08:00:00,77.99,78.34,77.75,78.13,143126.137,11166694.28539
2026-07-11 12:00:00,78.13,78.88,77.95,78.38,209188.358,16392062.13064
2026-07-11 16:00:00,78.39,78.4,77.63,78.15,423253.248,33016119.63075
2026-07-11 20:00:00,78.15,78.32,76.77,76.79,219262.031,17012660.89574
2026-07-12 00:00:00,76.79,77.09,75.65,77.04,314558.349,24068536.41401
2026-07-12 04:00:00,77.05,77.08,75.85,76.51,161447.662,12346689.02257
2026-07-12 08:00:00,76.52,77.28,76.39,76.95,131018.541,10056634.15746
2026-07-12 12:00:00,76.94,77.71,76.78,77.46,220558.289,17042046.51931
2026-07-12 16:00:00,77.47,77.78,77.23,77.68,115689.288,8966360.41388
2026-07-12 20:00:00,77.67,77.71,76.46,76.92,163742.831,12596847.1733
2026-07-13 00:00:00,76.92,78.2,75.43,75.86,410430.032,31543000.07933
2026-07-13 04:00:00,75.87,76.69,75.72,76.44,263894.537,20114808.4343
2026-07-13 08:00:00,76.45,76.9,76.1,76.34,164774.649,12596822.51282
2026-07-13 12:00:00,76.35,76.41,75.11,75.81,318781.651,24158241.77121
2026-07-13 16:00:00,75.82,76.04,74.52,75.2,242939.915,18227098.87705
2026-07-13 20:00:00,75.19,75.35,74.1,75.01,197827.578,14768324.60129
2026-07-14 00:00:00,75.02,75.56,74.56,75.15,183173.552,13764457.4134
2026-07-14 04:00:00,75.15,75.48,74.91,74.97,158889.644,11951119.10954
2026-07-14 08:00:00,74.98,75.62,74.85,75.4,187574.99,14124581.56805
2026-07-14 12:00:00,75.4,77.95,75.19,77.38,834207.528,64066321.85177
2026-07-14 16:00:00,77.39,77.65,76.81,77.17,218849.427,16902452.83491
2026-07-14 20:00:00,77.18,77.95,76.93,77.87,215284.461,16680533.32802
2026-07-15 00:00:00,77.87,77.92,77.03,77.78,231548.016,17939370.73565
2026-07-15 04:00:00,77.78,78.7,77.4,77.42,353489.062,27608247.11252
2026-07-15 08:00:00,77.42,77.91,77.23,77.52,186955.663,14485260.55136
2026-07-15 12:00:00,77.53,79.04,77.26,78.07,577512.868,45186479.019
2026-07-15 16:00:00,78.06,78.12,76.94,77.18,309252.556,23987431.3351
2026-07-15 20:00:00,77.18,77.74,77.1,77.29,130633.423,10113073.78598
2026-07-16 00:00:00,77.28,77.48,76.7,76.95,211643.587,16298870.1135
2026-07-16 04:00:00,76.95,77.64,76.14,76.41,334544.982,25710674.28548
2026-07-16 08:00:00,76.42,76.48,75.64,76.28,294018.778,22367482.46109
2026-07-16 12:00:00,76.27,76.86,75.69,76.63,298443.711,22779678.27628
2026-07-16 16:00:00,76.63,76.63,75.39,75.81,233812.709,17742576.22678
2026-07-16 20:00:00,75.8,76.08,75.01,75.32,152990.911,11550883.90808
2026-07-17 00:00:00,75.33,75.75,74.75,75.23,205404.177,15452654.01239
2026-07-17 04:00:00,75.23,75.34,74.29,74.61,236186.747,17650838.20172
2026-07-17 08:00:00,74.62,75.0,74.2,74.86,165863.432,12384544.77995
2026-07-17 12:00:00,74.86,74.88,73.39,74.77,451311.278,33461297.0499
2026-07-17 16:00:00,74.78,75.6,74.61,75.2,203989.075,15319951.8623
2026-07-17 20:00:00,75.2,75.24,74.84,75.04,98738.366,7408417.59446
2026-07-18 00:00:00,75.04,75.45,74.99,75.38,86539.935,6508285.86545
2026-07-18 04:00:00,75.37,75.39,74.87,74.97,85873.621,6442806.26434
2026-07-18 08:00:00,74.97,75.04,74.66,74.97,86294.314,6462105.93868
2026-07-18 12:00:00,74.96,75.19,74.5,74.97,120129.919,8989221.51717
2026-07-18 16:00:00,74.96,75.67,74.84,75.44,178522.655,13434042.26521
2026-07-18 20:00:00,75.45,75.64,75.34,75.52,93651.251,7070882.7845
2026-07-19 00:00:00,75.53,76.57,75.45,75.96,264337.593,20068764.07505
2026-07-19 04:00:00,75.95,76.34,75.74,76.14,203583.085,15486235.64157
2026-07-19 08:00:00,76.14,76.53,75.9,76.06,171968.314,13104255.91745
2026-07-19 12:00:00,76.07,76.7,75.76,76.21,184797.024,14074270.02482
2026-07-19 16:00:00,76.22,76.29,75.37,75.88,177260.797,13443139.44983
2026-07-19 20:00:00,75.89,76.57,75.63,76.38,174963.633,13316490.30294
2026-07-20 00:00:00,76.38,77.4,76.13,76.76,330911.62,25411893.84609
2026-07-20 04:00:00,76.76,76.95,75.5,76.22,254086.942,19315588.67393
2026-07-20 08:00:00,76.22,77.24,75.9,77.14,282705.061,21643834.37732
2026-07-20 12:00:00,77.14,77.92,75.79,77.76,464867.53,35718616.91901
2026-07-20 16:00:00,77.77,78.38,77.29,77.63,389522.402,30288229.33734
2026-07-20 20:00:00,77.64,78.05,77.43,77.85,145107.296,11289404.77926
2026-07-21 00:00:00,77.85,78.55,77.66,78.19,159781.914,12479063.5273
2026-07-21 04:00:00,78.2,78.88,78.02,78.56,253842.251,19915181.49006
2026-07-21 08:00:00,78.57,78.75,78.07,78.36,238084.955,18656576.7838
2026-07-21 12:00:00,78.36,78.64,77.79,78.14,325328.807,25455682.98515
2026-07-21 16:00:00,78.15,78.25,77.42,77.87,186159.382,14496689.64406
2026-07-21 20:00:00,77.86,78.2,77.8,78.12,120364.011,9387259.81612
2026-07-22 00:00:00,78.13,78.59,77.81,77.87,155254.548,12158689.23732
2026-07-22 04:00:00,77.87,78.23,77.0,77.1,293299.815,22756530.81545
2026-07-22 08:00:00,77.11,77.82,77.06,77.56,204123.121,15818107.91803
2026-07-22 12:00:00,77.56,78.85,77.02,78.47,373563.485,29111618.51177
2026-07-22 16:00:00,78.46,78.81,77.31,77.66,247410.145,19314890.33883
2026-07-22 20:00:00,77.66,78.12,77.5,77.97,151001.059,11757284.5358
2026-07-23 00:00:00,77.97,78.54,77.4,77.6,200606.537,15648398.31948
2026-07-23 04:00:00,77.6,77.83,77.04,77.16,203939.912,15783769.62413
2026-07-23 08:00:00,77.16,77.87,77.11,77.67,139398.154,10817336.56346
2026-07-23 12:00:00,77.67,77.74,75.86,76.39,441755.037,33880757.58004
2026-07-23 16:00:00,76.39,76.39,75.43,75.75,199464.611,15128275.17437
2026-07-23 20:00:00,75.74,76.28,75.71,75.88,161487.675,12285982.35662
2026-07-24 00:00:00,75.88,76.13,75.3,75.83,169973.304,12877643.3007
2026-07-24 04:00:00,75.84,76.45,75.59,76.07,155993.698,11845109.89477
2026-07-24 08:00:00,76.08,76.11,74.97,75.2,261023.445,19707920.35832
2026-07-24 12:00:00,75.2,75.3,73.61,74.04,471980.863,35052838.73791
2026-07-24 16:00:00,74.04,74.22,73.71,73.97,209972.858,15534934.9554
2026-07-24 20:00:00,73.97,74.03,73.44,73.96,181144.097,13362951.72876
2026-07-25 00:00:00,73.97,74.33,73.94,74.14,113011.05,8373149.99687
2026-07-25 04:00:00,74.14,74.36,73.77,73.79,174535.996,12937588.66515
2026-07-25 08:00:00,73.79,74.05,73.56,73.92,94222.342,6961519.21823
2026-07-25 12:00:00,73.92,74.31,73.78,74.18,119199.112,8820588.32314
2026-07-25 16:00:00,74.18,74.73,74.09,74.57,125033.216,9314897.63098
2026-07-25 20:00:00,74.57,74.6,74.28,74.52,100814.033,7505501.61729
2026-07-26 00:00:00,74.53,75.05,74.47,75.03,124674.047,9329197.12954
2026-07-26 04:00:00,75.04,75.23,74.74,74.87,108603.18,8146682.93818
2026-07-26 08:00:00,74.88,75.28,74.85,74.95,102674.998,7708021.33715
2026-07-26 12:00:00,74.95,75.5,74.75,75.49,135666.822,10183379.03636
2026-07-26 16:00:00,75.48,75.99,75.25,75.34,126014.578,9513858.98745
2026-07-26 20:00:00,75.34,77.1,75.31,76.76,294779.748,22502588.3964
2026-07-27 00:00:00,76.77,76.8,75.98,76.4,211946.545,16201809.30542
2026-07-27 04:00:00,76.41,76.99,76.26,76.47,213868.705,16369051.58965
2026-07-27 08:00:00,76.48,76.69,76.13,76.5,145547.576,11126664.29787
2026-07-27 12:00:00,76.51,77.5,75.03,75.28,530172.899,40439488.96881
2026-07-27 16:00:00,75.29,76.25,75.15,75.98,187039.846,14162102.80962
2026-07-27 20:00:00,75.98,76.14,73.74,74.2,319698.36,23882416.22278
2026-07-28 00:00:00,74.21,74.29,72.86,73.28,373967.797,27450718.81845
2026-07-28 04:00:00,73.28,73.55,73.0,73.3,196017.302,14368558.997
2026-07-28 08:00:00,73.29,73.51,72.89,73.2,252219.256,18464520.97606
2026-07-28 12:00:00,73.2,74.59,72.36,74.35,453954.36,33294638.197
2026-07-28 16:00:00,74.35,74.58,73.56,74.33,183408.086,13581298.29949
2026-07-28 20:00:00,74.32,74.4,73.17,73.83,237658.647,17540472.92007
2026-07-29 00:00:00,73.83,74.2,73.01,73.09,234682.1,17278117.07237
2026-07-29 04:00:00,73.09,74.28,72.73,74.26,240130.006,17660795.42844
2026-07-29 08:00:00,74.25,74.33,73.72,73.96,155735.178,11527873.33109
2026-07-29 12:00:00,73.96,73.96,72.98,73.12,229129.952,16823784.55341
2026-07-29 16:00:00,73.13,74.53,72.73,72.76,452121.11,33351730.34456
2026-07-29 20:00:00,72.76,73.8,72.32,73.68,285855.529,20894564.80489
2026-07-30 00:00:00,73.69,74.2,73.14,73.71,177817.052,13118367.94906
2026-07-30 04:00:00,73.71,73.86,73.39,73.41,147980.823,10895145.11043
2026-07-30 08:00:00,73.42,74.33,73.3,74.23,220405.327,16296373.86006
2026-07-30 12:00:00,74.22,74.9,74.08,74.65,272984.878,20336596.18106
2026-07-30 16:00:00,74.65,74.98,74.42,74.78,194168.542,14496718.90667
2026-07-30 20:00:00,74.78,74.99,74.4,74.51,205506.829,15343746.36755
2026-07-31 00:00:00,74.52,75.29,73.88,74.14,257940.687,19228598.43362
2026-07-31 04:00:00,74.14,74.54,73.51,73.68,272039.255,20114862.80912
2026-07-31 08:00:00,73.68,73.8,73.29,73.57,190748.042,14034589.40929
2026-07-31 12:00:00,73.57,73.82,72.8,73.1,331813.625,24307350.60103
2026-07-31 16:00:00,73.11,73.48,72.92,73.08,145739.221,10668944.28457
2026-07-31 20:00:00,73.08,73.23,72.56,72.87,139717.221,10187540.60986
2026-08-01 00:00:00,72.87,73.16,72.86,73.03,222168.526,16226186.84695
2026-08-01 04:00:00,73.03,73.21,72.86,72.98,117672.48,8592856.5308
2026-08-01 08:00:00,72.98,73.08,72.67,72.89,87113.151,6352045.13978
2026-08-01 12:00:00,72.89,73.05,72.72,72.8,105829.94,7717797.26467
2026-08-01 16:00:00,72.79,72.94,70.58,71.27,450690.27,32313833.89438
2026-08-01 20:00:00,71.26,72.09,71.19,71.95,128044.728,9182177.65849
2026-08-02 00:00:00,71.95,73.4,71.93,73.2,190695.517,13893210.01781
2026-08-02 04:00:00,73.2,73.66,73.2,73.46,170920.624,12558394.70735
2026-08-02 08:00:00,73.46,73.53,72.94,72.99,129983.852,9521148.88185
2026-08-02 12:00:00,72.99,73.23,72.69,73.03,102998.865,7522802.13719
2026-08-02 16:00:00,73.03,73.84,72.92,73.72,105374.355,7735149.13316
2026-08-02 20:00:00,73.72,74.33,73.46,73.63,145373.725,10732483.43903
2026-08-03 00:00:00,73.64,73.67,72.69,72.9,114830.894,8395199.36988
2026-08-03 04:00:00,72.9,73.08,72.43,72.52,171414.259,12465003.76363
2026-08-03 08:00:00,72.52,72.81,71.98,72.45,188160.713,13636526.78611
2026-08-03 12:00:00,72.45,73.83,72.32,73.62,366976.618,26885667.1149
2026-08-03 16:00:00,73.62,74.28,73.23,74.02,243849.038,18005588.26227
2026-08-03 20:00:00,74.03,74.14,73.37,73.56,142610.807,10508552.65726
2026-08-04 00:00:00,73.56,74.13,73.04,73.7,184566.685,13580899.49658
2026-08-04 04:00:00,73.7,74.1,73.2,73.68,172462.6,12694739.69256
2026-08-04 08:00:00,73.68,73.98,73.1,73.95,224891.299,16527385.56138
2026-08-04 12:00:00,73.95,74.2,73.33,73.99,226558.764,16720990.8928
2026-08-04 16:00:00,73.99,74.39,73.61,74.19,203462.771,15068606.06912
2026-08-04 20:00:00,74.19,74.45,73.74,73.75,186626.824,13830062.41315
2026-08-05 00:00:00,73.76,74.49,73.39,73.78,272372.856,20137905.8625
2026-08-05 04:00:00,73.79,74.3,73.62,73.98,258911.524,19143707.08994
2026-08-05 08:00:00,73.98,74.22,73.73,73.77,178314.657,13192106.86579
2026-08-05 12:00:00,73.77,74.38,73.27,73.96,426422.448,31523955.3296
2026-08-05 16:00:00,73.96,74.83,73.94,74.46,240554.263,17904498.29193
2026-08-05 20:00:00,74.47,74.59,73.85,74.04,173252.889,12854030.33316
2026-08-06 00:00:00,74.04,74.26,73.38,73.5,214437.897,15804810.38041
2026-08-06 04:00:00,73.49,74.35,73.4,73.87,226048.381,16740189.76165
2026-08-06 08:00:00,73.87,74.12,73.17,73.46,269108.377,19789978.2195
2026-08-06 12:00:00,73.46,73.63,72.85,73.3,239840.194,17570219.34092
2026-08-06 16:00:00,73.31,73.55,72.55,72.8,151281.187,11051613.04398
2026-08-06 20:00:00,72.81,73.0,72.34,72.7,175488.887,12761122.32914
2026-08-07 00:00:00,72.7,72.93,72.49,72.62,165732.589,12046752.31013
2026-08-07 04:00:00,72.63,73.07,72.43,72.93,155650.489,11336974.04005
2026-08-07 08:00:00,72.92,73.78,72.91,73.62,299243.189,21999088.38559
2026-08-07 12:00:00,73.63,74.35,73.58,73.88,470932.325,34828532.28036
2026-08-07 16:00:00,73.89,74.13,73.17,74.02,302269.831,22233949.75449
2026-08-07 20:00:00,74.02,74.1,73.58,73.66,158848.464,11724432.74905
2026-08-08 00:00:00,73.67,74.99,73.57,74.83,233808.69,17356248.95327
2026-08-08 04:00:00,74.84,75.14,74.49,74.82,206240.337,15415999.75276
2026-08-08 08:00:00,74.83,75.71,74.7,75.6,217992.36,16386483.74124
2026-08-08 12:00:00,75.61,76.81,75.35,76.4,432143.959,32854092.34545
2026-08-08 16:00:00,76.4,76.5,75.97,76.16,172911.595,13184934.85784
2026-08-08 20:00:00,76.15,76.36,75.78,76.01,120315.546,9158232.08597
2026-08-09 00:00:00,76.02,76.1,75.73,75.99,96300.93,7311495.69433
2026-08-09 04:00:00,75.98,76.5,75.88,76.36,121241.594,9240609.52631
2026-08-09 08:00:00,76.36,76.65,76.1,76.5,145863.701,11146377.22023
2026-08-09 12:00:00,76.5,77.47,76.3,77.43,271679.982,20890385.31712
2026-08-09 16:00:00,77.42,77.57,77.07,77.23,163399.878,12629692.26529
2026-08-09 20:00:00,77.22,77.84,76.21,76.27,182281.589,14034329.73599
2026-08-10 00:00:00,76.26,77.17,76.21,76.64,181144.86,13888105.76735
2026-08-10 04:00:00,76.64,77.11,76.43,76.98,121409.549,9326921.5671
2026-08-10 08:00:00,76.99,77.16,76.53,77.05,213161.007,16369024.57259
2026-08-10 12:00:00,77.05,77.13,75.83,75.96,383730.371,29312515.4774
2026-08-10 16:00:00,75.96,76.28,75.58,76.19,242434.759,18399718.99996
2026-08-10 20:00:00,76.19,76.49,75.98,75.99,136357.809,10401240.97977
2026-08-11 00:00:00,76.0,76.25,75.71,76.08,108810.089,8269441.73668
2026-08-11 04:00:00,76.08,76.23,75.42,75.69,180473.79,13684318.33894
2026-08-11 08:00:00,75.7,76.37,75.63,76.24,251813.223,19123626.41488
2026-08-11 12:00:00,76.24,76.26,74.63,74.93,360778.461,27245143.79517
2026-08-11 16:00:00,74.93,75.71,74.79,75.67,167654.351,12599911.63904
2026-08-11 20:00:00,75.67,76.67,75.66,76.3,246264.768,18766320.61381
2026-08-12 00:00:00,76.3,76.6,76.24,76.42,115888.231,8855658.03462
2026-08-12 04:00:00,76.42,76.58,75.94,76.27,126748.547,9659647.14988
2026-08-12 08:00:00,76.26,76.9,76.14,76.84,236267.343,18108123.12532
2026-08-12 12:00:00,76.83,77.33,75.38,75.75,449281.094,34279459.67904
2026-08-12 16:00:00,75.75,76.1,75.57,75.77,114191.423,8659260.36711
2026-08-12 20:00:00,75.76,76.02,75.35,75.63,111772.576,8454598.11194
2026-08-13 00:00:00,75.64,76.33,75.48,76.26,167721.566,12738818.26297
2026-08-13 04:00:00,76.26,76.62,76.03,76.44,137269.923,10484311.07962
2026-08-13 08:00:00,76.44,76.49,75.56,75.67,179581.628,13635530.46345
2026-08-13 12:00:00,75.66,76.59,75.63,75.64,225699.556,17192915.20553
2026-08-13 16:00:00,75.64,76.28,75.1,76.2,245174.186,18564726.89467
2026-08-13 20:00:00,76.2,76.45,76.12,76.28,138061.698,10529835.40909
2026-08-14 00:00:00,76.28,76.33,75.75,75.76,136908.858,10408997.29365
2026-08-14 04:00:00,75.76,76.04,75.5,75.59,141642.341,10728707.18409
2026-08-14 08:00:00,75.6,75.88,75.36,75.54,161809.369,12231701.90034
2026-08-14 12:00:00,75.54,75.78,75.06,75.65,222404.303,16767789.23289
2026-08-14 16:00:00,75.65,75.71,74.69,75.02,266391.611,20020666.36831
2026-08-14 20:00:00,75.02,75.41,74.97,75.4,134708.424,10128519.65997
2026-08-15 00:00:00,75.4,75.71,75.29,75.42,105250.014,7944462.15443
2026-08-15 04:00:00,75.41,75.6,75.17,75.24,121913.651,9193582.3573
2026-08-15 08:00:00,75.23,75.36,75.05,75.26,68077.769,5120270.29849
2026-08-15 12:00:00,75.25,75.59,75.21,75.53,143807.421,10857402.90944
2026-08-15 16:00:00,75.52,75.69,75.41,75.57,77992.302,5893212.87109
2026-08-15 20:00:00,75.57,75.74,75.31,75.35,85072.665,6426763.16496
2026-08-16 00:00:00,75.35,75.66,75.27,75.58,88725.624,6698376.03602
2026-08-16 04:00:00,75.59,75.62,75.28,75.47,62220.851,4693217.74332
2026-08-16 08:00:00,75.47,75.49,75.17,75.29,77920.921,5868252.07975
2026-08-16 12:00:00,75.29,75.64,75.2,75.58,79913.465,6026259.27041
2026-08-16 16:00:00,75.57,75.71,75.03,75.23,184751.415,13933524.39907
2026-08-16 20:00:00,75.22,75.33,74.1,74.61,187881.949,14015678.60918
2026-08-17 00:00:00,74.62,75.6,74.43,75.51,220837.541,16607586.10997
2026-08-17 04:00:00,75.52,76.0,75.36,75.79,173433.698,13128266.70185
2026-08-17 08:00:00,75.79,75.95,75.17,75.71,273340.177,20647989.8542
2026-08-17 12:00:00,75.7,76.22,75.28,76.11,301349.332,22813178.47937
2026-08-17 16:00:00,76.11,76.17,75.7,75.81,168234.268,12777800.40163
2026-08-17 20:00:00,75.81,76.12,75.63,76.02,132659.338,10065218.8457
2026-08-18 00:00:00,76.02,76.09,75.2,75.5,223714.902,16908053.0078
2026-08-18 04:00:00,75.5,76.27,75.41,76.1,259724.996,19706792.69624
2026-08-18 08:00:00,76.1,76.45,75.8,76.31,223294.897,16990454.33187
2026-08-18 12:00:00,76.32,77.33,76.05,77.19,405109.756,31098376.95388
2026-08-18 16:00:00,77.2,77.41,76.85,77.18,163134.935,12582121.58141
2026-08-18 20:00:00,77.18,77.23,76.75,77.05,179883.466,13856508.33148
2026-08-19 00:00:00,77.05,77.12,76.64,77.0,167299.05,12863201.8415
2026-08-19 04:00:00,76.99,77.17,76.63,76.96,156340.863,12028046.2579
2026-08-19 08:00:00,76.96,77.65,76.92,77.55,227321.789,17590073.68221
2026-08-19 12:00:00,77.54,83.0,77.43,81.83,1731782.27,139290434.03173
2026-08-19 16:00:00,81.83,82.5,81.01,82.36,588122.865,48121430.45086
2026-08-19 20:00:00,82.37,87.21,82.28,85.38,1170643.439,99855580.62414
2026-08-20 00:00:00,85.39,85.79,84.01,84.48,590886.272,50222021.04119
2026-08-20 04:00:00,84.48,86.2,84.42,86.18,410160.851,35005738.65144
2026-08-20 08:00:00,86.17,88.1,86.04,87.21,929510.32,81288347.30443
2026-08-20 12:00:00,87.22,87.48,86.16,87.37,851523.0,73961629.06232
2026-08-20 16:00:00,87.37,87.93,86.68,87.31,605472.857,52881940.72448
2026-08-20 20:00:00,87.32,87.99,87.19,87.66,301857.126,26426787.01619
2026-08-21 00:00:00,87.65,90.2,87.57,89.1,1098603.368,97696595.11039
2026-08-21 04:00:00,89.11,91.33,88.88,90.41,890010.441,80275298.64002
2026-08-21 08:00:00,90.42,93.39,89.91,90.29,1534172.878,140333182.19731
2026-08-21 12:00:00,90.3,92.16,89.78,91.37,881233.552,80237017.57857
2026-08-21 16:00:00,91.37,92.06,90.75,90.96,528578.137,48346556.98893
2026-08-21 20:00:00,90.96,94.99,90.59,93.72,908070.732,84694218.42171
2026-08-22 00:00:00,93.72,97.59,92.86,96.79,1139992.44,108556776.33764
2026-08-22 04:00:00,96.8,102.74,87.72,94.46,3371889.568,322025016.14877
2026-08-22 08:00:00,94.46,95.01,91.34,93.3,1139977.837,106348591.63076
2026-08-22 12:00:00,93.29,94.35,92.82,93.07,572311.838,53585128.42959
2026-08-22 16:00:00,93.08,94.8,93.07,94.49,457431.326,43115060.51556
2026-08-22 20:00:00,94.49,94.78,92.58,93.82,413014.457,38685724.52756
2026-08-23 00:00:00,93.83,97.21,93.43,93.7,1077881.531,102800675.89394
2026-08-23 04:00:00,93.71,94.1,91.58,92.49,791554.197,73358283.14858
2026-08-23 08:00:00,92.48,94.82,92.31,94.63,452735.529,42399496.45061
2026-08-23 12:00:00,94.62,95.9,93.4,95.36,807624.312,76686796.78259
2026-08-23 16:00:00,95.37,95.72,94.82,95.07,254390.994,24236724.50948
2026-08-23 20:00:00,95.08,96.25,94.76,95.43,398670.243,38060982.04896
2026-08-24 00:00:00,95.44,95.56,93.47,93.66,620790.883,58632721.37929
2026-08-24 04:00:00,93.66,95.45,93.47,94.11,604818.88,57011645.9485
2026-08-24 08:00:00,94.11,96.33,93.26,95.84,617441.94,58569757.09813
2026-08-24 12:00:00,95.84,97.61,94.18,96.45,1249515.486,119893274.34999
2026-08-24 16:00:00,96.46,97.58,94.81,96.54,861925.813,82741910.33424
2026-08-24 20:00:00,96.54,98.99,95.75,98.97,651301.099,63543938.15549
2026-08-25 00:00:00,98.98,102.77,98.56,101.61,1818155.873,183831354.33008
2026-08-25 04:00:00,101.61,103.08,99.54,100.23,835950.282,84770390.02423
2026-08-25 08:00:00,100.24,101.13,98.49,98.6,666853.652,66504662.50222
2026-08-25 12:00:00,98.61,98.82,96.21,98.38,812096.492,79419746.67665
2026-08-25 16:00:00,98.38,98.83,97.45,97.94,402077.71,39482520.15279
2026-08-25 20:00:00,97.95,98.05,95.32,96.6,437798.421,42409771.67745
2026-08-26 00:00:00,96.6,97.56,96.17,97.06,314644.958,30484680.0077
2026-08-26 04:00:00,97.06,97.33,96.25,96.95,282231.163,27354750.4835
2026-08-26 08:00:00,96.95,97.88,95.78,97.03,336125.511,32571130.28178
2026-08-26 12:00:00,97.04,97.57,94.95,95.94,584364.24,56253498.60791
2026-08-26 16:00:00,95.93,97.25,95.47,96.8,336136.459,32466939.49456
2026-08-26 20:00:00,96.79,102.46,96.3,102.07,783420.844,78198058.80256
2026-08-27 00:00:00,102.08,102.14,100.52,101.08,531703.02,53862728.07426
2026-08-27 04:00:00,101.09,102.29,100.7,101.8,574513.118,58224846.49293
2026-08-27 08:00:00,101.81,105.79,101.73,103.95,1223700.094,127458034.58359
2026-08-27 12:00:00,103.95,108.0,103.93,107.2,1259978.497,133790126.17957
2026-08-27 16:00:00,107.2,109.92,106.69,109.39,993598.86,107675246.51663
2026-08-27 20:00:00,109.39,110.6,108.21,109.14,582498.001,63678117.58506
2026-08-28 00:00:00,109.15,110.0,105.86,106.85,679372.72,73525882.3359
2026-08-28 04:00:00,106.84,107.85,106.26,106.35,372100.067,39826277.40924
2026-08-28 08:00:00,106.35,107.05,104.53,105.84,556423.189,58981353.42793
2026-08-28 12:00:00,105.84,107.94,103.63,105.24,1418037.377,149465771.40382
2026-08-28 16:00:00,105.25,105.72,102.28,103.41,1166099.094,121502976.05205
2026-08-28 20:00:00,103.4,104.39,102.82,104.15,270025.994,28022399.78587
2026-08-29 00:00:00,104.14,104.59,103.66,103.87,242729.585,25265610.82931
2026-08-29 04:00:00,103.88,104.2,103.32,103.74,190715.913,19790904.19798
2026-08-29 08:00:00,103.73,103.73,103.03,103.5,167180.503,17289491.49365
2026-08-29 12:00:00,103.51,105.51,103.38,105.03,324607.15,33952587.00034
2026-08-29 16:00:00,105.03,105.88,104.37,105.35,351632.618,36972913.58494
2026-08-29 20:00:00,105.36,105.78,104.76,105.61,161626.729,17021170.23437
2026-08-30 00:00:00,105.61,105.71,104.96,105.07,174362.605,18357101.49991
2026-08-30 04:00:00,105.07,105.44,104.68,104.85,114643.704,12038709.30833
2026-08-30 08:00:00,104.84,105.32,104.47,105.12,180811.244,18961438.20844
2026-08-30 12:00:00,105.11,107.48,105.08,106.29,487166.686,51862984.60629
2026-08-30 16:00:00,106.29,107.15,105.26,105.82,443810.607,47195378.55031
2026-08-30 20:00:00,105.82,106.03,100.31,101.75,668691.647,69070069.22447
2026-08-31 00:00:00,101.75,102.62,101.12,101.94,371679.369,37842578.77519
2026-08-31 04:00:00,101.95,103.18,100.9,102.98,431439.659,44142137.10002
2026-08-31 08:00:00,102.99,104.17,102.46,103.4,346033.946,35742083.2172
2026-08-31 12:00:00,103.4,103.93,102.18,102.88,422918.844,43552167.4292
2026-08-31 16:00:00,102.88,105.0,102.45,103.61,388402.914,40236450.12935
2026-08-31 20:00:00,103.6,104.29,102.88,103.06,201397.327,20850512.82054
2026-09-01 00:00:00,103.06,104.2,102.74,103.66,249231.479,25756183.95671
2026-09-01 04:00:00,103.66,104.38,102.8,103.15,343077.011,35582961.25766
2026-09-01 08:00:00,103.15,103.22,101.8,102.29,464616.872,47520984.48606
2026-09-01 12:00:00,102.28,102.59,101.01,102.05,476786.287,48590395.82489
2026-09-01 16:00:00,102.05,102.07,98.33,100.08,655444.077,65645551.17493
2026-09-01 20:00:00,100.09,100.35,98.94,100.0,303518.615,30273638.18621
2026-09-02 00:00:00,100.01,100.71,98.52,100.29,375856.525,37467219.3096
2026-09-02 04:00:00,100.3,100.43,99.68,99.85,192855.29,19299151.8626
2026-09-02 08:00:00,99.85,100.02,97.38,98.12,424241.272,41754880.65356
2026-09-02 12:00:00,98.11,99.8,97.65,99.33,406002.855,40136667.72342
2026-09-02 16:00:00,99.33,99.81,98.21,99.43,312416.984,30976325.78485
2026-09-02 20:00:00,99.43,100.53,99.21,100.43,224921.249,22434352.89091
2026-09-03 00:00:00,100.44,101.34,99.23,100.51,395785.729,39749323.83843
2026-09-03 04:00:00,100.52,101.39,99.72,100.41,340798.476,34304831.40902
2026-09-03 08:00:00,100.41,101.13,99.93,100.81,271246.777,27265966.43588
2026-09-03 12:00:00,100.8,105.66,100.63,105.17,989808.866,102224355.26138
2026-09-03 16:00:00,105.17,105.91,103.85,105.28,490528.352,51404448.92755
2026-09-03 20:00:00,105.29,105.72,103.66,103.94,367504.86,38478480.27016
2026-09-04 00:00:00,103.95,104.33,103.24,103.72,319086.903,33098613.23701
2026-09-04 04:00:00,103.72,104.37,103.34,103.6,291105.732,30210697.6969
2026-09-04 08:00:00,103.61,104.79,103.21,104.09,412636.205,42942691.33992
2026-09-04 12:00:00,104.09,104.45,100.21,101.46,901447.286,91595747.01458
2026-09-04 16:00:00,101.45,102.09,101.08,101.69,192918.976,19609264.26382
2026-09-04 20:00:00,101.7,101.98,101.47,101.93,129627.401,13190044.79571
2026-09-05 00:00:00,101.93,102.2,101.7,101.89,168409.679,17160908.73132
2026-09-05 04:00:00,101.89,102.62,101.6,102.23,193576.043,19752545.81239
2026-09-05 08:00:00,102.22,102.82,102.11,102.35,181302.715,18575789.27716
2026-09-05 12:00:00,102.34,103.43,102.29,102.95,408571.746,42030659.43333
2026-09-05 16:00:00,102.95,104.37,102.79,103.41,419130.907,43423558.17879
2026-09-05 20:00:00,103.4,103.99,102.94,103.18,196784.414,20352728.79858
2026-09-06 00:00:00,103.18,107.07,103.17,105.95,491902.664,51656279.83695
2026-09-06 04:00:00,105.95,106.83,104.69,105.23,439377.383,46451439.59563
2026-09-06 08:00:00,105.24,107.3,105.0,106.47,561695.03,59736140.97069
2026-09-06 12:00:00,106.46,107.36,104.93,105.76,626241.306,66538784.97211
2026-09-06 16:00:00,105.75,106.59,105.36,105.48,281303.905,29817677.17672
2026-09-06 20:00:00,105.49,106.77,104.97,106.55,291730.632,30913154.6226
2026-09-07 00:00:00,106.55,107.06,104.93,104.95,461704.71,48836078.14933
2026-09-07 04:00:00,104.95,105.83,103.8,104.48,469977.727,49334145.53612
2026-09-07 08:00:00,104.48,105.18,104.41,104.92,311000.467,32607282.01062
2026-09-07 12:00:00,104.93,105.93,102.96,103.26,486694.676,50875660.52638
2026-09-07 16:00:00,103.27,104.43,103.21,104.35,221729.451,23036531.88624
2026-09-07 20:00:00,104.36,104.41,103.18,103.8,245214.806,25463361.60306
2026-09-08 00:00:00,103.81,104.53,102.74,103.36,347207.03,36003344.47518
2026-09-08 04:00:00,103.36,103.51,102.44,102.95,360113.577,37082323.14322
2026-09-08 08:00:00,102.95,104.09,102.49,102.87,299435.945,30909725.73678
2026-09-08 12:00:00,102.88,104.39,101.72,104.31,421421.641,43395055.61294
2026-09-08 16:00:00,104.3,104.83,102.89,103.24,353700.416,36729250.62423
2026-09-08 20:00:00,103.24,103.8,102.82,103.37,174506.371,18024752.63542
2026-09-09 00:00:00,103.37,104.02,102.92,103.3,224724.882,23268665.80168
2026-09-09 04:00:00,103.31,105.2,103.3,104.58,329647.277,34397654.76074
2026-09-09 08:00:00,104.58,105.05,103.3,104.25,311787.158,32430551.57755
2026-09-09 12:00:00,104.25,104.83,102.07,103.08,564169.718,58429851.50112
2026-09-09 16:00:00,103.08,103.83,102.16,102.35,266830.069,27541084.66456
2026-09-09 20:00:00,102.34,102.68,100.33,101.57,455280.582,46320304.68899
2026-09-10 00:00:00,101.57,102.07,100.5,101.83,293067.2,29714565.46728
2026-09-10 04:00:00,101.83,102.19,100.83,101.31,226036.317,22970815.75736
2026-09-10 08:00:00,101.3,101.54,100.81,101.01,316489.448,32029703.78126
2026-09-10 12:00:00,101.0,101.49,98.5,99.74,727520.16,72560385.2565
2026-09-10 16:00:00,99.74,100.46,98.84,99.69,288044.965,28714438.28232
2026-09-10 20:00:00,99.69,100.15,98.6,98.67,166750.743,16582006.91134
2026-09-11 00:00:00,98.67,99.53,98.6,99.31,271970.42,26967349.87751
2026-09-11 04:00:00,99.32,100.13,99.24,99.75,231183.161,23059021.99271
2026-09-11 08:00:00,99.75,100.29,98.6,99.49,271522.12,26991332.03466
2026-09-11 12:00:00,99.49,105.8,98.0,101.61,1589189.443,162750768.97933
2026-09-11 16:00:00,101.6,102.48,100.38,102.02,506361.364,51440015.26359
2026-09-11 20:00:00,102.02,103.1,101.54,102.46,378168.619,38686650.17628
2026-09-12 00:00:00,102.45,102.59,101.44,101.64,218995.875,22327118.86647
2026-09-12 04:00:00,101.65,101.94,101.41,101.66,161134.895,16383544.78042
2026-09-12 08:00:00,101.66,102.26,101.56,102.13,185494.785,18912512.90844
2026-09-12 12:00:00,102.14,102.42,101.77,102.06,227518.014,23219436.02822
2026-09-12 16:00:00,102.06,102.16,101.23,101.27,157728.263,16052593.51029
2026-09-12 20:00:00,101.28,101.9,101.25,101.76,147780.062,15010105.99784
2026-09-13 00:00:00,101.77,102.34,101.55,101.63,192757.024,19646416.14855
2026-09-13 04:00:00,101.63,101.93,100.67,100.72,174766.093,17711524.24472
2026-09-13 08:00:00,100.72,100.87,99.42,99.83,288401.116,28828638.88629
2026-09-13 12:00:00,99.83,100.89,99.43,100.26,205789.585,20613196.62015
2026-09-13 16:00:00,100.26,101.33,100.25,100.97,191698.295,19351546.872
2026-09-13 20:00:00,100.97,101.62,99.19,99.3,328590.291,32957746.29923
2026-09-14 00:00:00,99.31,101.34,99.0,100.98,291019.681,29186630.23127
2026-09-14 04:00:00,100.99,102.0,100.88,101.61,238297.487,24162396.53227
2026-09-14 08:00:00,101.61,102.34,101.24,101.38,330009.724,33555794.68476
2026-09-14 12:00:00,101.38,102.28,100.67,101.97,446756.051,45398111.70556
2026-09-14 16:00:00,101.96,103.85,101.86,103.25,464992.739,47906603.75628
2026-09-14 20:00:00,103.26,104.82,102.43,102.53,431602.814,44771864.07148
2026-09-15 00:00:00,102.54,102.86,101.19,101.55,256317.012,26179373.95511
2026-09-15 04:00:00,101.55,101.72,100.35,100.44,320631.858,32394744.38406
2026-09-15 08:00:00,100.44,101.11,100.08,100.86,311157.2,31318458.04859
2026-09-15 12:00:00,100.86,101.39,98.02,99.36,684635.059,68355240.46109
2026-09-15 16:00:00,99.37,100.71,95.82,97.9,842099.316,82759518.31564
2026-09-15 20:00:00,97.9,98.09,96.31,96.88,408665.857,39667422.68248
2026-09-16 00:00:00,96.88,97.6,96.38,97.25,308760.739,29971078.91532
2026-09-16 04:00:00,97.26,97.73,96.87,96.98,265163.918,25786996.45638
2026-09-16 08:00:00,96.97,98.32,96.41,98.02,312145.763,30353724.67247
2026-09-16 12:00:00,98.02,98.12,96.82,96.82,216620.047,21094861.36772
