timestamp,open,high,low,close,volume,quote_volume
2025-05-04 16:00:00,3.2763,3.295,3.2465,3.276,4247055.9,13891238.65145
2025-05-04 20:00:00,3.2759,3.3312,3.2395,3.2747,6904543.2,22667352.54151
2025-05-05 00:00:00,3.2748,3.3481,3.2109,3.2865,13831810.0,45374207.37049
2025-05-05 04:00:00,3.2865,3.4291,3.2648,3.4232,19539166.2,65768316.25302
2025-05-05 08:00:00,3.4232,3.4942,3.375,3.4302,22055818.9,75761145.18997
2025-05-05 12:00:00,3.4302,3.4844,3.392,3.4142,17582756.7,60519190.27447
2025-05-05 16:00:00,3.4142,3.4813,3.3874,3.453,10285745.1,35344698.80696
2025-05-05 20:00:00,3.4529,3.4716,3.3856,3.4234,7567726.5,25949514.46546
2025-05-06 00:00:00,3.4231,3.4277,3.2824,3.3315,17143613.5,57367653.57768
2025-05-06 04:00:00,3.3316,3.3943,3.3271,3.3706,7605747.0,25596797.28868
2025-05-06 08:00:00,3.3704,3.3704,3.1513,3.197,23046464.3,74727802.61634
2025-05-06 12:00:00,3.197,3.2816,3.1734,3.2299,15551409.3,50224661.24396
2025-05-06 16:00:00,3.2299,3.2727,3.1891,3.235,8941360.4,28833879.2294
2025-05-06 20:00:00,3.2345,3.3743,3.12,3.3458,20813647.4,67955297.19539
2025-05-07 00:00:00,3.3461,3.4467,3.3297,3.3887,19777151.2,67110063.96458
2025-05-07 04:00:00,3.3888,3.4182,3.3362,3.4052,9550655.6,32293753.89281
2025-05-07 08:00:00,3.4051,3.428,3.3653,3.3967,7470169.1,25369609.21641
2025-05-07 12:00:00,3.3967,3.3997,3.3069,3.3189,11332083.1,37964759.29885
2025-05-07 16:00:00,3.319,3.3674,3.2333,3.2624,15883936.3,52019794.34302
2025-05-07 20:00:00,3.2624,3.3685,3.247,3.3314,7398585.6,24593859.07054
2025-05-08 00:00:00,3.3308,3.6209,3.3157,3.6007,29340478.4,102633177.12958
2025-05-08 04:00:00,3.6008,3.6738,3.5723,3.6403,23959472.1,86654521.4312
2025-05-08 08:00:00,3.6403,3.808,3.6375,3.762,23841335.2,89041974.29563
2025-05-08 12:00:00,3.7619,3.9338,3.7384,3.8932,35930189.8,137722627.2687
2025-05-08 16:00:00,3.8925,3.9686,3.8687,3.9157,23163759.1,90783932.53723
2025-05-08 20:00:00,3.9163,4.1,3.8801,4.0335,27235422.5,108390969.4178
2025-05-09 00:00:00,4.0332,4.048,3.8264,3.8306,24090538.2,95457795.876
2025-05-09 04:00:00,3.8306,4.045,3.8141,3.9801,25761138.3,101615168.6355
2025-05-09 08:00:00,3.9802,4.0771,3.8703,3.9784,35382963.9,140492096.27235
2025-05-09 12:00:00,3.9783,4.0415,3.858,3.9174,24406110.3,96431166.07255
2025-05-09 16:00:00,3.9175,3.9416,3.8511,3.8981,11808650.1,46063018.68476
2025-05-09 20:00:00,3.8982,3.9561,3.8746,3.9504,6946901.4,27224596.01316
2025-05-10 00:00:00,3.9503,4.0272,3.8867,3.9584,10497188.1,41657564.45577
2025-05-10 04:00:00,3.9585,4.003,3.9117,3.9963,9556939.5,37885970.81014
2025-05-10 08:00:00,3.9966,4.0161,3.833,3.8587,16804620.0,65912810.20471
2025-05-10 12:00:00,3.8589,3.983,3.8589,3.9567,12114155.8,47727649.90212
2025-05-10 16:00:00,3.9567,4.0872,3.9556,3.9999,20549480.4,82530881.18089
2025-05-10 20:00:00,4.0,4.158,3.971,4.1214,16245229.6,66126441.31133
2025-05-11 00:00:00,4.1213,4.274,3.9714,4.0152,42549265.3,175716493.93338
2025-05-11 04:00:00,4.0152,4.0451,3.9317,3.9594,11022459.0,43977216.45769
2025-05-11 08:00:00,3.9594,4.0249,3.9364,4.0109,8865438.1,35299493.0137
2025-05-11 12:00:00,4.0109,4.0194,3.8902,3.932,9120232.4,36076499.95564
2025-05-11 16:00:00,3.9319,4.0337,3.8931,4.0081,8358958.6,33153215.23451
2025-05-11 20:00:00,4.0081,4.0515,3.9746,4.0175,5516078.2,22131288.78769
2025-05-12 00:00:00,4.0176,4.187,3.9562,4.0495,21320171.6,86449237.52908
2025-05-12 04:00:00,4.0495,4.2989,4.0352,4.2173,26663710.2,111412052.10842
2025-05-12 08:00:00,4.2171,4.2314,4.0435,4.052,20076409.0,83527835.93013
2025-05-12 12:00:00,4.0518,4.1284,3.8932,3.9356,33003648.0,132369443.26642
2025-05-12 16:00:00,3.9355,4.0098,3.808,3.9245,21381968.9,83407402.41991
2025-05-12 20:00:00,3.9244,3.9914,3.899,3.9632,8071351.7,31860247.29948
2025-05-13 00:00:00,3.9632,3.971,3.815,3.8253,12755825.3,49484808.27902
2025-05-13 04:00:00,3.8251,3.9865,3.8188,3.9579,7587936.4,29765352.38522
2025-05-13 08:00:00,3.9581,4.0182,3.9368,3.9596,8117986.5,32281054.3322
2025-05-13 12:00:00,3.9595,4.08,3.9357,4.0042,14482263.3,57849771.15054
2025-05-13 16:00:00,4.0044,4.1139,3.99,4.0486,12063459.6,48699708.01392
2025-05-13 20:00:00,4.0483,4.109,4.0011,4.0632,9923594.8,40344941.45244
2025-05-14 00:00:00,4.0631,4.0834,3.933,3.9796,13278661.7,52948002.58143
2025-05-14 04:00:00,3.9797,4.047,3.9654,3.9953,5617119.7,22509217.89234
2025-05-14 08:00:00,3.9956,4.019,3.8871,3.9518,10445567.3,41115998.64374
2025-05-14 12:00:00,3.952,3.9655,3.8523,3.9058,10103020.7,39414284.21407
2025-05-14 16:00:00,3.9058,3.9447,3.8664,3.9273,5679880.1,22183973.16052
2025-05-14 20:00:00,3.9275,3.955,3.8881,3.9152,2819236.2,11069665.90733
2025-05-15 00:00:00,3.9154,3.96,3.8364,3.8578,6777518.6,26336351.33898
2025-05-15 04:00:00,3.8578,3.8758,3.6833,3.7051,12634500.5,47752027.19699
2025-05-15 08:00:00,3.7052,3.7889,3.6765,3.7263,11450868.5,42749347.96465
2025-05-15 12:00:00,3.7262,3.8048,3.6358,3.7896,15877214.0,59111249.38122
2025-05-15 16:00:00,3.7898,3.9513,3.7736,3.8907,15058523.9,58284272.35468
2025-05-15 20:00:00,3.8908,3.9244,3.7798,3.8486,10055972.5,38806382.23631
2025-05-16 00:00:00,3.8487,3.9513,3.8175,3.9087,9226269.1,35954417.80475
2025-05-16 04:00:00,3.9087,3.9324,3.8613,3.8853,4998642.8,19447069.69766
2025-05-16 08:00:00,3.8854,3.944,3.8216,3.9122,7217110.0,28090234.59866
2025-05-16 12:00:00,3.9123,3.93,3.8483,3.8775,11365521.6,44167897.60384
2025-05-16 16:00:00,3.8774,3.8991,3.8111,3.8729,5342114.4,20564951.7713
2025-05-16 20:00:00,3.8728,3.882,3.7186,3.7802,7891334.4,29976484.09031
2025-05-17 00:00:00,3.7802,3.8067,3.672,3.7901,8928089.1,33303282.17651
2025-05-17 04:00:00,3.7904,3.8478,3.7717,3.8038,4974200.6,18959026.84604
2025-05-17 08:00:00,3.8037,3.824,3.7469,3.7694,4795416.7,18141322.01087
2025-05-17 12:00:00,3.7694,3.8099,3.7289,3.782,5514375.7,20819672.65316
2025-05-17 16:00:00,3.782,3.8222,3.7083,3.7736,8661081.5,32711085.45133
2025-05-17 20:00:00,3.7734,3.863,3.7605,3.8018,6846743.1,26099052.93247
2025-05-18 00:00:00,3.8016,3.8155,3.7358,3.7487,5673589.7,21416352.80939
2025-05-18 04:00:00,3.7487,3.865,3.747,3.8498,5890862.9,22508673.22403
2025-05-18 08:00:00,3.8498,3.875,3.8247,3.8272,6320616.6,24331217.80447
2025-05-18 12:00:00,3.827,4.0051,3.805,3.9851,17654786.4,69300822.79122
2025-05-18 16:00:00,3.9851,3.9979,3.719,3.7269,22450087.4,86124201.75046
2025-05-18 20:00:00,3.7272,3.9669,3.6888,3.9423,13426832.7,50991241.10637
2025-05-19 00:00:00,3.9423,3.9725,3.754,3.7626,12579352.1,48235077.64442
2025-05-19 04:00:00,3.7623,3.7954,3.652,3.7082,12003465.4,44603787.28694
2025-05-19 08:00:00,3.7082,3.7278,3.6475,3.6572,9794245.4,36000236.08897
2025-05-19 12:00:00,3.6571,3.7789,3.5842,3.7557,20633986.9,76270880.58549
2025-05-19 16:00:00,3.7558,3.84,3.7216,3.7958,11021574.4,41646287.38034
2025-05-19 20:00:00,3.7957,3.849,3.7841,3.8373,5400094.2,20623496.66043
2025-05-20 00:00:00,3.8375,3.9362,3.8235,3.8472,19488903.7,75870098.59884
2025-05-20 04:00:00,3.847,3.9049,3.8281,3.8731,9208876.7,35626153.48017
2025-05-20 08:00:00,3.873,3.8921,3.8213,3.8239,7160043.3,27553888.93383
2025-05-20 12:00:00,3.8238,3.8831,3.7802,3.8659,12105355.6,46223396.83631
2025-05-20 16:00:00,3.866,3.9098,3.8134,3.8848,6784766.2,26226457.99283
2025-05-20 20:00:00,3.8848,3.941,3.8384,3.8542,12780083.3,49699968.58977
2025-05-21 00:00:00,3.8543,3.8842,3.7974,3.8614,6063864.0,23298499.41686
2025-05-21 04:00:00,3.8614,3.9163,3.8225,3.8402,12183354.4,47304941.0586
2025-05-21 08:00:00,3.84,3.8889,3.8,3.8724,6217208.5,23870615.88855
2025-05-21 12:00:00,3.8723,3.99,3.8585,3.9656,16149090.5,63538915.79333
2025-05-21 16:00:00,3.9657,4.0685,3.8326,3.9113,28914832.4,113593862.20747
2025-05-21 20:00:00,3.9113,3.9831,3.8601,3.9286,8028641.1,31422616.07108
2025-05-22 00:00:00,3.9289,4.0743,3.9192,4.0509,14426124.5,57493504.31491
2025-05-22 04:00:00,4.051,4.1769,4.0172,4.1728,15887561.0,64673162.77078
2025-05-22 08:00:00,4.173,4.2,3.9032,4.0374,39971803.2,162205968.44955
2025-05-22 12:00:00,4.0369,4.0449,3.6589,3.9298,82085549.7,318725016.77419
2025-05-22 16:00:00,3.93,3.9393,3.8501,3.8644,16547381.8,64403869.83954
2025-05-22 20:00:00,3.8645,3.89,3.801,3.8898,11581700.5,44491997.12876
2025-05-23 00:00:00,3.8898,3.9599,3.81,3.9339,16969997.5,65969097.41771
2025-05-23 04:00:00,3.9339,3.952,3.8075,3.8212,14171060.5,54833208.79821
2025-05-23 08:00:00,3.8212,3.9059,3.6364,3.6673,28270423.9,106163284.49053
2025-05-23 12:00:00,3.6677,3.7216,3.5293,3.6588,40856770.3,148456705.57791
2025-05-23 16:00:00,3.6587,3.7531,3.63,3.7145,18679432.6,68989501.23871
2025-05-23 20:00:00,3.7144,3.7152,3.5386,3.5816,9315449.2,33731706.86614
2025-05-24 00:00:00,3.5813,3.6963,3.5666,3.6669,7864474.1,28630242.13708
2025-05-24 04:00:00,3.667,3.6957,3.6417,3.6555,4225866.3,15490403.38392
2025-05-24 08:00:00,3.6553,3.6741,3.6232,3.6406,7718607.5,28162618.67707
2025-05-24 12:00:00,3.6408,3.6699,3.6135,3.635,3611946.4,13166123.81615
2025-05-24 16:00:00,3.6351,3.6535,3.6086,3.632,3305571.4,12007907.8791
2025-05-24 20:00:00,3.6321,3.6481,3.5852,3.6258,4318443.6,15608996.05054
2025-05-25 00:00:00,3.6258,3.6664,3.5591,3.6316,8375117.1,30216127.98437
2025-05-25 04:00:00,3.6314,3.645,3.5989,3.6078,4971464.7,18031750.80151
2025-05-25 08:00:00,3.6078,3.6098,3.4274,3.5021,16005781.7,56085419.96752
2025-05-25 12:00:00,3.502,3.5539,3.4323,3.4991,9263568.2,32446161.50218
2025-05-25 16:00:00,3.4991,3.5494,3.4593,3.5331,3674152.9,12888164.52922
2025-05-25 20:00:00,3.5331,3.6227,3.5094,3.6005,7712321.1,27542505.70683
2025-05-26 00:00:00,3.6005,3.6342,3.5815,3.6138,6574965.1,23722789.8091
2025-05-26 04:00:00,3.614,3.6615,3.6088,3.6389,6286175.6,22816678.06855
2025-05-26 08:00:00,3.6389,3.6602,3.5589,3.5699,8363899.4,30173569.93704
2025-05-26 12:00:00,3.5699,3.6061,3.5132,3.5495,12053585.5,42785822.35997
2025-05-26 16:00:00,3.5495,3.5671,3.454,3.4711,6231900.5,21750558.37624
2025-05-26 20:00:00,3.471,3.5093,3.4577,3.4899,4536862.7,15790932.27961
2025-05-27 00:00:00,3.49,3.5154,3.4041,3.4621,7616183.8,26300316.81526
2025-05-27 04:00:00,3.4624,3.4894,3.4126,3.4893,5059654.6,17482333.32107
2025-05-27 08:00:00,3.4894,3.5736,3.4836,3.5596,12748888.2,45013803.53542
2025-05-27 12:00:00,3.5596,3.6886,3.5494,3.6859,22195466.7,80639896.48896
2025-05-27 16:00:00,3.686,3.735,3.6374,3.71,8716757.0,32121818.49568
2025-05-27 20:00:00,3.71,3.726,3.632,3.6722,6883437.8,25303195.79208
2025-05-28 00:00:00,3.6722,3.7262,3.6333,3.7219,5813081.9,21370689.28133
2025-05-28 04:00:00,3.722,3.7325,3.6657,3.7149,5831894.1,21608170.34329
2025-05-28 08:00:00,3.715,3.7448,3.6687,3.6864,5717646.9,21178538.21326
2025-05-28 12:00:00,3.6865,3.7112,3.4807,3.5451,21189623.5,76165073.83233
2025-05-28 16:00:00,3.5451,3.6021,3.5145,3.5215,5735354.6,20434380.35427
2025-05-28 20:00:00,3.5215,3.612,3.5168,3.605,3315616.2,11838781.62126
2025-05-29 00:00:00,3.6052,3.6789,3.5665,3.6434,7126375.5,25880486.46874
2025-05-29 04:00:00,3.6433,3.6646,3.5618,3.6384,5271453.6,19083814.21373
2025-05-29 08:00:00,3.6382,3.7508,3.6208,3.7115,12077550.7,44631191.85916
2025-05-29 12:00:00,3.7116,3.7138,3.5015,3.5629,17819361.0,64088320.30176
2025-05-29 16:00:00,3.5629,3.5989,3.5116,3.5285,5466414.1,19435427.93836
2025-05-29 20:00:00,3.5286,3.5974,3.5147,3.5254,4456159.1,15867740.95691
2025-05-30 00:00:00,3.5255,3.5508,3.34,3.5089,18251264.3,63007024.82607
2025-05-30 04:00:00,3.5089,3.5192,3.401,3.442,10731295.1,37210524.56183
2025-05-30 08:00:00,3.442,3.5055,3.3888,3.4851,13363064.7,46084719.04645
2025-05-30 12:00:00,3.4852,3.511,3.4178,3.4355,6979741.3,24109800.68379
2025-05-30 16:00:00,3.4356,3.4457,3.2402,3.3514,22510352.7,74635159.8585
2025-05-30 20:00:00,3.3512,3.352,3.1702,3.1881,9656351.5,31327111.32434
2025-05-31 00:00:00,3.1878,3.1999,3.053,3.1063,15717445.0,49081549.48848
2025-05-31 04:00:00,3.1065,3.188,3.0757,3.177,8891661.6,27998185.14234
2025-05-31 08:00:00,3.177,3.1843,3.1162,3.1323,5365082.9,16879424.53851
2025-05-31 12:00:00,3.1323,3.3133,3.128,3.2534,13641166.3,43990392.92365
2025-05-31 16:00:00,3.2534,3.3083,3.2231,3.2545,9191724.8,29938690.95325
2025-05-31 20:00:00,3.2544,3.29,3.2414,3.2457,3652697.9,11937848.07027
2025-06-01 00:00:00,3.2457,3.2701,3.1909,3.2641,4154738.8,13424183.51871
2025-06-01 04:00:00,3.264,3.2925,3.2379,3.2525,3162434.7,10344783.67919
2025-06-01 08:00:00,3.2524,3.2744,3.1857,3.2559,5781589.8,18667269.01615
2025-06-01 12:00:00,3.2562,3.3189,3.2243,3.2889,5919998.8,19440291.20502
2025-06-01 16:00:00,3.2889,3.3264,3.2468,3.289,5219727.2,17186481.2695
2025-06-01 20:00:00,3.2891,3.3649,3.2703,3.343,3939860.1,13092292.94198
2025-06-02 00:00:00,3.3431,3.35,3.255,3.271,5347589.9,17675867.59639
2025-06-02 04:00:00,3.2709,3.3099,3.2546,3.2932,3926907.4,12902937.03584
2025-06-02 08:00:00,3.2933,3.3333,3.2377,3.2585,6150705.5,20170499.60932
2025-06-02 12:00:00,3.2582,3.3013,3.2237,3.2874,6898061.2,22526116.60089
2025-06-02 16:00:00,3.2874,3.3258,3.2496,3.2782,5034608.4,16537810.48228
2025-06-02 20:00:00,3.2782,3.3701,3.2782,3.3309,5994376.1,20024111.83662
2025-06-03 00:00:00,3.3308,3.3911,3.293,3.3072,6858372.9,22927892.96201
2025-06-03 04:00:00,3.3071,3.3279,3.2861,3.3127,3057476.6,10119308.09716
2025-06-03 08:00:00,3.3127,3.3306,3.2902,3.3104,3430765.4,11362529.27665
2025-06-03 12:00:00,3.3105,3.341,3.273,3.3225,7388016.2,24452736.36169
2025-06-03 16:00:00,3.3224,3.3339,3.2752,3.317,4957834.6,16382895.67619
2025-06-03 20:00:00,3.3169,3.3199,3.2155,3.2512,6241201.4,20343285.34111
2025-06-04 00:00:00,3.2512,3.2923,3.23,3.2738,5644843.7,18494179.83011
2025-06-04 04:00:00,3.2739,3.2855,3.2352,3.2446,2247195.0,7314966.43026
2025-06-04 08:00:00,3.2445,3.2655,3.1932,3.1944,3896591.2,12564410.453
2025-06-04 12:00:00,3.1947,3.2501,3.1591,3.216,10699001.3,34285626.1066
2025-06-04 16:00:00,3.2161,3.248,3.2017,3.2105,4353641.8,14034064.92876
2025-06-04 20:00:00,3.2105,3.2123,3.1553,3.1632,3652422.7,11620890.95519
2025-06-05 00:00:00,3.1632,3.2159,3.1391,3.1913,4260362.6,13547749.51653
2025-06-05 04:00:00,3.1914,3.2089,3.1472,3.1574,5144699.4,16362253.81435
2025-06-05 08:00:00,3.1574,3.1661,3.1248,3.1619,4035099.0,12695862.43051
2025-06-05 12:00:00,3.1618,3.23,3.1029,3.1299,13911509.5,43935743.75806
2025-06-05 16:00:00,3.1299,3.1384,2.9453,2.997,14417016.9,43792289.17506
2025-06-05 20:00:00,2.9972,3.0051,2.8467,2.9208,20035539.5,58711709.72503
2025-06-06 00:00:00,2.9208,2.9857,2.915,2.983,6652901.8,19629672.13901
2025-06-06 04:00:00,2.9831,3.0279,2.9739,3.0182,6088424.6,18294897.19273
2025-06-06 08:00:00,3.0181,3.1124,3.0143,3.0944,7658966.6,23470276.36733
2025-06-06 12:00:00,3.0944,3.2006,3.0819,3.1834,14404000.8,45529001.4558
2025-06-06 16:00:00,3.1834,3.2,3.1429,3.187,8172552.6,25915141.69931
2025-06-06 20:00:00,3.1871,3.2214,3.1669,3.1939,4648099.0,14836697.56547
2025-06-07 00:00:00,3.1938,3.2932,3.1702,3.2887,7680887.3,24864137.57017
2025-06-07 04:00:00,3.2886,3.2928,3.2384,3.2832,4802542.9,15713615.27522
2025-06-07 08:00:00,3.2831,3.2862,3.2608,3.2653,3099646.1,10140094.67128
2025-06-07 12:00:00,3.2654,3.3131,3.2445,3.2541,4871104.1,15977491.75136
2025-06-07 16:00:00,3.2541,3.256,3.2121,3.2401,4273831.0,13818335.60556
2025-06-07 20:00:00,3.2401,3.2608,3.2275,3.2427,2192857.2,7112570.90468
2025-06-08 00:00:00,3.2427,3.2651,3.2284,3.2323,2067406.2,6703264.16943
2025-06-08 04:00:00,3.2323,3.2502,3.2162,3.2203,2281372.4,7374497.01551
2025-06-08 08:00:00,3.2203,3.2282,3.179,3.2234,4673441.0,14970353.39214
2025-06-08 12:00:00,3.2233,3.2323,3.1832,3.2176,4491153.3,14400978.24702
2025-06-08 16:00:00,3.2177,3.2747,3.2157,3.2729,3854246.4,12502881.51029
2025-06-08 20:00:00,3.2729,3.2822,3.2171,3.2232,3666450.7,11913157.34503
2025-06-09 00:00:00,3.223,3.2443,3.1931,3.2168,3125652.4,10068963.36708
2025-06-09 04:00:00,3.2168,3.2194,3.1828,3.2155,2667848.2,8534833.16906
2025-06-09 08:00:00,3.2156,3.3391,3.2026,3.323,8995638.5,29625696.2467
2025-06-09 12:00:00,3.323,3.3768,3.2944,3.3496,7544351.0,25123952.82156
2025-06-09 16:00:00,3.3496,3.3873,3.3496,3.3693,5342155.9,17995761.20616
2025-06-09 20:00:00,3.3696,3.4687,3.3674,3.4483,9252481.5,31724502.20429
2025-06-10 00:00:00,3.4484,3.4517,3.391,3.3996,5445686.2,18607244.81803
2025-06-10 04:00:00,3.3996,3.409,3.3646,3.3949,4178118.5,14167668.09987
2025-06-10 08:00:00,3.395,3.5203,3.3711,3.4939,8097698.1,27858529.37252
2025-06-10 12:00:00,3.4938,3.5597,3.4002,3.4477,13734483.8,47785133.22957
2025-06-10 16:00:00,3.4477,3.4905,3.3928,3.4497,6443327.5,22135909.62688
2025-06-10 20:00:00,3.4496,3.4937,3.4196,3.4928,4728935.8,16375807.58712
2025-06-11 00:00:00,3.4927,3.4961,3.4352,3.4903,3944853.4,13666814.12147
2025-06-11 04:00:00,3.4906,3.5285,3.453,3.5076,5135443.8,17953895.31422
2025-06-11 08:00:00,3.5076,3.52,3.4446,3.4604,5427546.7,18907841.99262
2025-06-11 12:00:00,3.4603,3.5235,3.4446,3.5126,9325547.8,32568050.78433
2025-06-11 16:00:00,3.5126,3.5161,3.4123,3.4198,5850829.8,20222061.99243
2025-06-11 20:00:00,3.4196,3.4505,3.3387,3.3947,7383121.9,24965532.00356
2025-06-12 00:00:00,3.3949,3.3998,3.3217,3.3352,5434726.2,18248647.36075
2025-06-12 04:00:00,3.3351,3.3555,3.3122,3.3344,4249671.6,14173359.83121
2025-06-12 08:00:00,3.3342,3.3368,3.2531,3.2625,6143775.6,20244891.16483
2025-06-12 12:00:00,3.2627,3.3601,3.249,3.2877,12277748.9,40694710.52192
2025-06-12 16:00:00,3.2878,3.3717,3.2418,3.2568,6241155.0,20698382.57585
2025-06-12 20:00:00,3.2566,3.2736,3.1832,3.2078,8927801.2,28741731.18385
2025-06-13 00:00:00,3.2078,3.2105,2.9186,3.0285,41754100.5,125569464.7198
2025-06-13 04:00:00,3.0287,3.0416,2.9422,3.0272,19514531.4,58477336.22473
2025-06-13 08:00:00,3.0272,3.0673,2.9912,3.0229,8838438.8,26731377.15654
2025-06-13 12:00:00,3.0228,3.0541,2.9711,3.0359,10800864.3,32579965.47794
2025-06-13 16:00:00,3.036,3.076,2.9903,3.0167,15714861.3,47610336.80863
2025-06-13 20:00:00,3.0168,3.0859,3.0068,3.0758,4728992.0,14434907.48495
2025-06-14 00:00:00,3.0759,3.0774,3.0215,3.0312,3739470.2,11378121.64484
2025-06-14 04:00:00,3.0311,3.0576,3.0068,3.0269,2483698.4,7532744.1862
2025-06-14 08:00:00,3.0268,3.0331,3.0053,3.0273,2973507.0,8971159.29851
2025-06-14 12:00:00,3.0272,3.0317,2.9042,2.9243,18992064.5,56250923.95895
2025-06-14 16:00:00,2.9244,2.9367,2.8051,2.8737,16962808.2,48642665.90042
2025-06-14 20:00:00,2.8738,2.9535,2.8512,2.947,4938154.4,14370547.86987
2025-06-15 00:00:00,2.9471,2.9935,2.9433,2.9793,3448239.3,10237298.65389
2025-06-15 04:00:00,2.9791,3.0348,2.9773,2.9926,4652893.2,13990150.8508
2025-06-15 08:00:00,2.9927,2.996,2.9488,2.9612,4207738.9,12510791.7405
2025-06-15 12:00:00,2.9612,3.0298,2.9514,3.0084,6009623.6,17956375.68648
2025-06-15 16:00:00,3.0085,3.043,2.99,3.0188,4299279.4,12959802.19945
2025-06-15 20:00:00,3.0189,3.04,2.9626,3.0233,4789476.8,14383507.04261
2025-06-16 00:00:00,3.0234,3.0878,2.9724,3.0678,6831401.3,20733961.30554
2025-06-16 04:00:00,3.0679,3.1414,3.0504,3.139,6847425.4,21177622.62281
2025-06-16 08:00:00,3.1392,3.1423,3.0693,3.1118,5283979.1,16405266.18248
2025-06-16 12:00:00,3.1117,3.1589,3.0831,3.1068,6761230.6,21111164.62985
2025-06-16 16:00:00,3.1069,3.152,3.0992,3.125,5378254.5,16836909.9218
2025-06-16 20:00:00,3.125,3.1367,2.9283,2.9962,12189891.5,37251366.16234
2025-06-17 00:00:00,2.9963,3.0569,2.9266,3.0415,12755705.7,38203884.85181
2025-06-17 04:00:00,3.0416,3.0455,2.9828,2.9954,5059489.1,15203188.94147
2025-06-17 08:00:00,2.9954,2.9958,2.8908,2.9145,10898215.2,32023602.91027
2025-06-17 12:00:00,2.9145,2.9343,2.8262,2.8601,11333445.1,32642545.05595
2025-06-17 16:00:00,2.8601,2.9036,2.8028,2.8746,11577087.9,32925501.31488
2025-06-17 20:00:00,2.8745,2.8863,2.8201,2.8326,5366132.2,15303475.00634
2025-06-18 00:00:00,2.8326,2.8941,2.8182,2.8809,4408413.7,12600349.89972
2025-06-18 04:00:00,2.8808,2.9181,2.8413,2.8665,5434901.6,15653238.67604
2025-06-18 08:00:00,2.8665,2.8765,2.68,2.7706,18861591.1,52403217.05722
2025-06-18 12:00:00,2.7704,2.8137,2.7172,2.7768,9194882.4,25495982.8544
2025-06-18 16:00:00,2.7767,2.8268,2.7607,2.7702,6323032.3,17634376.3402
2025-06-18 20:00:00,2.7702,2.8473,2.7611,2.828,5591496.6,15790695.13687
2025-06-19 00:00:00,2.8281,2.8679,2.8149,2.8437,3819658.0,10840446.49052
2025-06-19 04:00:00,2.8438,2.857,2.7906,2.8061,5559960.5,15746253.94902
2025-06-19 08:00:00,2.806,2.8227,2.7842,2.8034,3586813.3,10065914.732
2025-06-19 12:00:00,2.8034,2.8301,2.7937,2.822,4187980.6,11755266.08513
2025-06-19 16:00:00,2.8219,2.8586,2.7975,2.8391,5134523.1,14544189.5986
2025-06-19 20:00:00,2.8391,2.8578,2.8189,2.8287,2075625.1,5887680.60206
2025-06-20 00:00:00,2.8288,2.8454,2.7986,2.8022,2243271.1,6323892.19105
2025-06-20 04:00:00,2.8023,2.8527,2.772,2.8503,4883437.8,13731295.07366
2025-06-20 08:00:00,2.8504,2.8852,2.8256,2.8364,5808159.9,16547077.11021
2025-06-20 12:00:00,2.8365,2.861,2.7543,2.768,8471075.2,23784287.02772
2025-06-20 16:00:00,2.7681,2.7696,2.65,2.7252,15005949.9,40565774.13818
2025-06-20 20:00:00,2.7249,2.7807,2.6874,2.7163,3969133.2,10840434.20744
2025-06-21 00:00:00,2.7164,2.7495,2.7062,2.7361,2698080.1,7351799.26072
2025-06-21 04:00:00,2.736,2.7446,2.7197,2.7305,1818501.7,4963918.31384
2025-06-21 08:00:00,2.7306,2.7543,2.7207,2.7245,2504223.9,6848197.42077
2025-06-21 12:00:00,2.7245,2.75,2.6131,2.6372,9982084.7,26650503.14551
2025-06-21 16:00:00,2.6373,2.6521,2.5721,2.5754,8118800.2,21155741.01152
2025-06-21 20:00:00,2.5754,2.6088,2.4568,2.5689,14125525.7,35793159.23664
2025-06-22 00:00:00,2.5689,2.6164,2.5292,2.5578,11527970.1,29625971.97022
2025-06-22 04:00:00,2.5577,2.6011,2.5514,2.5834,7472129.9,19264031.72861
2025-06-22 08:00:00,2.5835,2.5888,2.5184,2.5303,9962833.8,25387839.25177
2025-06-22 12:00:00,2.5302,2.5444,2.3702,2.3939,26802349.4,65144480.83653
2025-06-22 16:00:00,2.3939,2.4277,2.3443,2.3549,9397835.5,22439419.94433
2025-06-22 20:00:00,2.3549,2.4568,2.2937,2.4495,13839065.4,32842367.78954
2025-06-23 00:00:00,2.4495,2.5032,2.4422,2.4844,7628073.0,18910589.14989
2025-06-23 04:00:00,2.4844,2.5344,2.4752,2.5163,6012538.9,15082387.33051
2025-06-23 08:00:00,2.5162,2.523,2.4806,2.4966,5119626.8,12793082.02959
2025-06-23 12:00:00,2.4965,2.5797,2.4663,2.4764,16919940.3,42719935.36983
2025-06-23 16:00:00,2.4765,2.6395,2.3925,2.6329,26748956.7,67253363.86542
2025-06-23 20:00:00,2.6331,2.8562,2.6253,2.8276,27972926.5,77330764.28785
2025-06-24 00:00:00,2.8277,2.8449,2.7578,2.7769,12230670.6,34180288.77739
2025-06-24 04:00:00,2.7768,2.9131,2.7754,2.8042,15736504.6,44861774.84792
2025-06-24 08:00:00,2.8041,2.836,2.7712,2.8031,10296801.3,28794062.79674
2025-06-24 12:00:00,2.8032,2.8144,2.7503,2.7686,9498354.2,26471869.39721
2025-06-24 16:00:00,2.7687,2.8297,2.7331,2.7607,7932980.3,22056229.96286
2025-06-24 20:00:00,2.7605,2.7984,2.7504,2.7984,5275968.5,14683590.95921
2025-06-25 00:00:00,2.7984,2.8332,2.78,2.7942,4508584.3,12654483.33626
2025-06-25 04:00:00,2.7943,2.8222,2.7549,2.8136,9066013.4,25279592.56765
2025-06-25 08:00:00,2.8138,2.8154,2.7599,2.7931,10625063.3,29573780.87179
2025-06-25 12:00:00,2.7932,2.8449,2.7423,2.7523,12638318.1,35381809.39423
2025-06-25 16:00:00,2.7524,2.7834,2.7026,2.7679,7364737.4,20242699.93858
2025-06-25 20:00:00,2.768,2.8062,2.7083,2.7316,5810964.3,16000657.20551
2025-06-26 00:00:00,2.732,2.8053,2.7024,2.7409,10698461.6,29430085.61227
2025-06-26 04:00:00,2.741,2.7445,2.704,2.7159,6272703.1,17081547.14713
2025-06-26 08:00:00,2.7159,2.7364,2.6578,2.6626,8556495.9,23006630.70976
2025-06-26 12:00:00,2.6626,2.6665,2.6126,2.6356,14067269.9,37056170.64691
2025-06-26 16:00:00,2.6355,2.6384,2.5854,2.6095,6434457.9,16806310.45078
2025-06-26 20:00:00,2.6093,2.662,2.5501,2.6012,8729970.2,22790279.89944
2025-06-27 00:00:00,2.6013,2.6511,2.5806,2.6383,5726428.0,15032553.37239
2025-06-27 04:00:00,2.6384,2.6585,2.6131,2.6209,5941123.1,15654954.22511
2025-06-27 08:00:00,2.621,2.6787,2.621,2.6599,5046025.9,13380651.47108
2025-06-27 12:00:00,2.66,2.7489,2.6273,2.7413,19978777.9,53813293.43138
2025-06-27 16:00:00,2.7414,2.7958,2.6857,2.7037,15302051.4,41993238.05741
2025-06-27 20:00:00,2.7035,2.738,2.689,2.7213,5143168.5,13968458.92036
2025-06-28 00:00:00,2.7214,2.7236,2.6794,2.6999,3379608.1,9126014.92243
2025-06-28 04:00:00,2.7,2.726,2.6839,2.7236,3351920.8,9070707.7439
2025-06-28 08:00:00,2.7236,2.7381,2.7133,2.7176,3098041.7,8439609.47737
2025-06-28 12:00:00,2.7177,2.7617,2.717,2.7603,4876788.1,13347067.64585
2025-06-28 16:00:00,2.7603,2.7944,2.7446,2.765,4232779.8,11711662.01732
2025-06-28 20:00:00,2.7653,2.8439,2.7519,2.8018,7489434.0,20960336.43637
2025-06-29 00:00:00,2.8017,2.8236,2.7689,2.7713,4880058.6,13660048.87133
2025-06-29 04:00:00,2.7713,2.7992,2.7686,2.7971,2084527.9,5804293.9967
2025-06-29 08:00:00,2.7971,2.839,2.7876,2.8219,5190479.4,14643025.60849
2025-06-29 12:00:00,2.8218,2.8261,2.7965,2.811,4622442.1,12991341.53792
2025-06-29 16:00:00,2.811,2.8316,2.7883,2.8018,4819144.4,13542711.8515
2025-06-29 20:00:00,2.8018,2.9278,2.7774,2.8997,11074637.5,31787821.37227
2025-06-30 00:00:00,2.8997,2.9106,2.8287,2.8387,5732474.7,16431394.20542
2025-06-30 04:00:00,2.8388,2.8436,2.7845,2.8108,5569356.1,15699627.38686
2025-06-30 08:00:00,2.8107,2.8165,2.7618,2.7702,4751067.5,13220750.42639
2025-06-30 12:00:00,2.7702,2.8208,2.7363,2.7927,8115413.1,22487793.79386
2025-06-30 16:00:00,2.7928,2.8365,2.7855,2.824,6673112.8,18770390.8444
2025-06-30 20:00:00,2.8237,2.8251,2.773,2.7769,3446586.5,9621597.68666
2025-07-01 00:00:00,2.777,2.8021,2.7644,2.8004,3218456.1,8951979.47203
2025-07-01 04:00:00,2.8005,2.8131,2.7664,2.8037,3424407.3,9555000.29424
2025-07-01 08:00:00,2.8037,2.8042,2.7049,2.7169,5653574.6,15467064.10661
2025-07-01 12:00:00,2.717,2.7273,2.6686,2.692,5831423.0,15718581.76643
2025-07-01 16:00:00,2.6919,2.7038,2.6602,2.6747,2814363.6,7551635.68185
2025-07-01 20:00:00,2.6747,2.6996,2.6594,2.672,2578092.4,6905379.24863
2025-07-02 00:00:00,2.6721,2.7077,2.6485,2.6879,3486707.0,9350896.43846
2025-07-02 04:00:00,2.6879,2.7348,2.679,2.7247,3841887.1,10418477.51563
2025-07-02 08:00:00,2.7247,2.7742,2.7247,2.747,3997531.6,10983466.38449
2025-07-02 12:00:00,2.747,2.8326,2.7238,2.8259,6645618.2,18543577.81761
2025-07-02 16:00:00,2.8259,2.95,2.8202,2.9334,19559748.1,56831207.41001
2025-07-02 20:00:00,2.9333,2.9615,2.8926,2.8986,6508742.1,19081205.93616
2025-07-03 00:00:00,2.8986,2.9168,2.874,2.8742,3754165.6,10873896.74775
2025-07-03 04:00:00,2.8742,3.0559,2.872,3.0311,13584991.2,40682115.47199
2025-07-03 08:00:00,3.0312,3.0897,2.9665,3.0153,10233832.7,31130360.11876
2025-07-03 12:00:00,3.0153,3.0799,2.9608,2.9636,15942326.7,48094257.32386
2025-07-03 16:00:00,2.9636,3.0192,2.9623,3.0026,5911386.3,17688849.23141
2025-07-03 20:00:00,3.0026,3.05,3.0005,3.0224,4174693.2,12650125.63592
2025-07-04 00:00:00,3.0225,3.084,2.992,3.0008,5268963.6,15970731.70395
2025-07-04 04:00:00,3.0009,3.0094,2.916,2.9185,5730752.7,16986056.02371
2025-07-04 08:00:00,2.9184,2.9434,2.8984,2.9205,4355075.2,12742600.84934
2025-07-04 12:00:00,2.9206,2.9311,2.8626,2.865,6976522.2,20192341.06811
2025-07-04 16:00:00,2.8649,2.8719,2.7,2.8332,8502644.9,24107251.61248
2025-07-04 20:00:00,2.8332,2.9133,2.8297,2.8755,4998358.0,14386627.58789
2025-07-05 00:00:00,2.8755,2.9143,2.8593,2.8991,2962004.3,8556140.71196
2025-07-05 04:00:00,2.8991,2.924,2.8791,2.9062,2582526.1,7491380.41491
2025-07-05 08:00:00,2.9062,2.9356,2.8974,2.9181,2742841.4,8002163.9557
2025-07-05 12:00:00,2.9181,2.9209,2.8824,2.8851,2704444.2,7848247.97581
2025-07-05 16:00:00,2.8854,2.9046,2.8547,2.8958,3514087.0,10101503.85008
2025-07-05 20:00:00,2.8957,2.9045,2.8811,2.8987,1645367.5,4762896.42128
2025-07-06 00:00:00,2.8988,2.9099,2.8837,2.896,1342423.8,3883646.38147
2025-07-06 04:00:00,2.8957,2.9064,2.8846,2.8869,1265270.3,3663264.04439
2025-07-06 08:00:00,2.8869,2.8977,2.8668,2.8889,3042608.1,8773649.71041
2025-07-06 12:00:00,2.889,2.958,2.8813,2.9052,7251488.9,21194961.26575
2025-07-06 16:00:00,2.9053,2.9252,2.8712,2.8897,3265165.4,9466409.81783
2025-07-06 20:00:00,2.8896,2.9686,2.8873,2.9089,5818958.0,17074436.28682
2025-07-07 00:00:00,2.909,2.9515,2.8852,2.9297,3676191.9,10727546.68414
2025-07-07 04:00:00,2.9297,2.9307,2.8965,2.9218,2864252.0,8346519.58933
2025-07-07 08:00:00,2.9217,2.9238,2.8902,2.9001,2608817.9,7585349.32967
2025-07-07 12:00:00,2.9001,2.9292,2.8667,2.9013,6056792.4,17537344.95926
2025-07-07 16:00:00,2.9013,2.9035,2.802,2.8663,6326113.2,18091323.03593
2025-07-07 20:00:00,2.8664,2.8664,2.8316,2.8579,2974209.9,8466604.16711
2025-07-08 00:00:00,2.858,2.8842,2.8261,2.8505,3533701.5,10080211.01058
2025-07-08 04:00:00,2.8505,2.8795,2.8336,2.8795,2628414.4,7516149.72973
2025-07-08 08:00:00,2.8795,2.8989,2.86,2.8888,2775051.9,7999939.71099
2025-07-08 12:00:00,2.8889,2.919,2.8694,2.8727,4038576.5,11681293.21931
2025-07-08 16:00:00,2.8728,2.934,2.8639,2.9086,4132300.4,12030648.53789
2025-07-08 20:00:00,2.9086,2.9111,2.8827,2.8947,1912057.4,5538769.48485
2025-07-09 00:00:00,2.8947,2.907,2.8783,2.8969,1484364.0,4293539.98388
2025-07-09 04:00:00,2.8968,2.9453,2.8937,2.9252,3402991.7,9950322.44252
2025-07-09 08:00:00,2.9253,2.9556,2.9213,2.9381,2940071.2,8640573.61989
2025-07-09 12:00:00,2.9383,2.9768,2.9207,2.9583,7331834.3,21654179.44486
2025-07-09 16:00:00,2.9584,3.0605,2.9457,3.0461,7756396.6,23277783.01367
2025-07-09 20:00:00,3.0462,3.0995,3.0047,3.0726,8363464.8,25538648.70132
2025-07-10 00:00:00,3.0729,3.1383,3.0594,3.104,5926793.4,18363744.48243
2025-07-10 04:00:00,3.104,3.2443,3.0947,3.2119,15174230.6,48060804.70256
2025-07-10 08:00:00,3.2119,3.2522,3.1922,3.23,7807278.8,25196038.72734
2025-07-10 12:00:00,3.2299,3.276,3.207,3.2367,11398141.4,36886956.16463
2025-07-10 16:00:00,3.2368,3.4423,3.2324,3.4139,14845029.7,49893283.30333
2025-07-10 20:00:00,3.4141,3.5013,3.4045,3.4909,14072444.7,48690804.70527
2025-07-11 00:00:00,3.491,3.5093,3.3876,3.4961,11922544.4,41204839.00944
2025-07-11 04:00:00,3.4961,3.5521,3.4388,3.4846,13756946.9,48102575.79669
2025-07-11 08:00:00,3.4846,3.5426,3.4777,3.5172,8412721.0,29580593.58286
2025-07-11 12:00:00,3.5175,3.5719,3.46,3.4691,16661519.9,58773507.17932
2025-07-11 16:00:00,3.4698,3.5148,3.419,3.5141,12797226.4,44324730.26493
2025-07-11 20:00:00,3.5144,3.5156,3.3,3.3868,12832342.2,43487230.80209
2025-07-12 00:00:00,3.3869,3.4644,3.3551,3.4345,7892766.8,26988438.42066
2025-07-12 04:00:00,3.4342,3.4463,3.3739,3.4335,6790125.9,23149510.43006
2025-07-12 08:00:00,3.4335,3.4745,3.4148,3.4244,4057589.6,13972363.36234
2025-07-12 12:00:00,3.4245,3.4323,3.3094,3.3258,10767345.2,36163399.7007
2025-07-12 16:00:00,3.3259,3.406,3.3136,3.4002,4503247.8,15180275.33111
2025-07-12 20:00:00,3.4003,3.409,3.3434,3.4019,4625039.2,15633309.04707
2025-07-13 00:00:00,3.402,3.425,3.3791,3.4182,3454803.0,11757829.60734
2025-07-13 04:00:00,3.4183,3.45,3.4014,3.4397,3304437.1,11320486.38104
2025-07-13 08:00:00,3.4397,3.4621,3.4056,3.4489,5792982.1,19915754.42967
2025-07-13 12:00:00,3.4489,3.5411,3.4287,3.4734,13525402.1,47184539.52339
2025-07-13 16:00:00,3.4735,3.5316,3.4666,3.4861,4459194.5,15611824.80295
2025-07-13 20:00:00,3.486,3.5103,3.4263,3.4899,6193744.0,21511319.72439
2025-07-14 00:00:00,3.4899,3.8642,3.4878,3.8307,28149090.4,104374921.32694
2025-07-14 04:00:00,3.8307,3.9678,3.796,3.9432,20038134.1,77735522.84678
2025-07-14 08:00:00,3.9433,3.9958,3.8842,3.9496,15152844.3,59645875.54529
2025-07-14 12:00:00,3.9495,4.0017,3.8345,3.8775,21588490.7,84736244.54622
2025-07-14 16:00:00,3.8775,3.9311,3.8221,3.8561,8983297.9,34749604.75412
2025-07-14 20:00:00,3.8562,3.8956,3.8138,3.8892,7196375.7,27765821.15505
2025-07-15 00:00:00,3.8892,3.9403,3.81,3.8923,20100098.2,77741971.858
2025-07-15 04:00:00,3.8923,4.004,3.852,3.8864,18917082.7,74177184.51827
2025-07-15 08:00:00,3.8864,3.988,3.8448,3.9796,12154636.6,47678462.14558
2025-07-15 12:00:00,3.9796,4.05,3.8851,3.9582,25511831.6,101263695.48811
2025-07-15 16:00:00,3.9578,4.1074,3.9501,3.9661,18546953.1,74619641.55696
2025-07-15 20:00:00,3.9659,4.1081,3.939,4.1014,10014114.6,40454535.49392
2025-07-16 00:00:00,4.1015,4.1024,3.9627,4.0186,12247428.4,49464657.27022
2025-07-16 04:00:00,4.0186,4.0226,3.9623,3.9971,5819481.7,23237483.68172
2025-07-16 08:00:00,3.9971,4.0768,3.9832,4.0076,7522920.7,30321994.76197
2025-07-16 12:00:00,4.0077,4.0649,3.9682,3.9997,13148765.1,52755887.7855
2025-07-16 16:00:00,3.9995,4.068,3.9794,4.0148,9961204.4,40063725.08258
2025-07-16 20:00:00,4.0148,4.0683,3.9211,3.9424,11592497.0,46372873.38493
2025-07-17 00:00:00,3.9423,3.992,3.85,3.907,12325040.9,48386381.07829
2025-07-17 04:00:00,3.9069,4.01,3.8823,4.0024,8793809.0,34865798.7988
2025-07-17 08:00:00,4.0025,4.0786,3.983,4.0124,10859000.7,43770111.44563
2025-07-17 12:00:00,4.0122,4.055,3.9212,4.0476,13497275.5,54015281.09029
2025-07-17 16:00:00,4.0475,4.0579,3.9524,3.9576,9152740.4,36651771.16852
2025-07-17 20:00:00,3.9571,4.0644,3.9103,4.0077,11806415.3,47259545.05325
2025-07-18 00:00:00,4.0077,4.0533,3.9389,4.0287,20645765.5,82465192.09449
2025-07-18 04:00:00,4.0286,4.248,3.994,4.0484,35922756.6,148771121.139
2025-07-18 08:00:00,4.048,4.0909,3.9555,3.9886,14050554.2,56538121.43177
2025-07-18 12:00:00,3.9886,4.0395,3.8055,3.8477,24904750.8,97463465.44863
2025-07-18 16:00:00,3.8478,3.917,3.755,3.8057,13728273.6,52756382.69344
2025-07-18 20:00:00,3.8058,3.8061,3.6519,3.7819,13342134.1,49949036.27651
2025-07-19 00:00:00,3.7817,3.8079,3.6914,3.7962,7007661.9,26304542.11974
2025-07-19 04:00:00,3.7962,3.8319,3.7613,3.7716,7266264.8,27585140.66253
2025-07-19 08:00:00,3.7716,3.8135,3.7373,3.7892,6035843.5,22745369.565
2025-07-19 12:00:00,3.7893,3.8067,3.7445,3.7787,5729696.7,21634833.43528
2025-07-19 16:00:00,3.7787,3.8075,3.7611,3.7875,3214960.9,12160235.88368
2025-07-19 20:00:00,3.7874,3.8556,3.774,3.8346,7012443.8,26779934.67176
2025-07-20 00:00:00,3.8348,3.8913,3.81,3.8593,6012339.7,23195982.3525
2025-07-20 04:00:00,3.8592,3.98,3.8431,3.9592,6982406.1,27263765.49856
2025-07-20 08:00:00,3.9593,3.9982,3.9429,3.965,8203452.9,32562688.14018
2025-07-20 12:00:00,3.9648,4.0341,3.9573,4.0074,9562045.4,38218674.22477
2025-07-20 16:00:00,4.0075,4.0211,3.8999,3.9421,11268784.9,44567844.65125
2025-07-20 20:00:00,3.9422,3.9508,3.8082,3.891,10681345.1,41443213.75967
2025-07-21 00:00:00,3.891,3.9959,3.835,3.9769,8855393.1,34670373.88103
2025-07-21 04:00:00,3.9769,4.0239,3.9616,4.002,8388937.8,33509013.53744
2025-07-21 08:00:00,4.002,4.071,3.9656,4.0142,10969028.1,43991132.69874
2025-07-21 12:00:00,4.0144,4.0948,3.9872,3.9987,15668450.5,63167256.81935
2025-07-21 16:00:00,3.9987,4.0112,3.9207,3.9468,11908026.9,47318763.79344
2025-07-21 20:00:00,3.9469,3.9894,3.9309,3.961,5340680.2,21168378.43001
2025-07-22 00:00:00,3.9611,4.0504,3.8657,3.9466,16227693.9,64450560.71757
2025-07-22 04:00:00,3.9464,3.956,3.8119,3.8758,18024808.8,69789279.60159
2025-07-22 08:00:00,3.8759,3.9075,3.8028,3.8944,9189588.1,35360755.62071
2025-07-22 12:00:00,3.8941,3.961,3.8377,3.9246,13423768.7,52418791.56991
2025-07-22 16:00:00,3.9242,3.9905,3.891,3.9297,9239440.3,36414954.3348
2025-07-22 20:00:00,3.9296,4.0233,3.9212,4.0093,6507133.3,25916098.21964
2025-07-23 00:00:00,4.0095,4.025,3.9338,3.9418,6657087.8,26476279.55159
2025-07-23 04:00:00,3.9418,4.0264,3.9204,3.933,9075837.0,36132556.93719
2025-07-23 08:00:00,3.9331,3.9702,3.8666,3.9076,7318358.8,28590572.12347
2025-07-23 12:00:00,3.9078,3.9154,3.673,3.8174,24497271.0,92512727.6836
2025-07-23 16:00:00,3.8174,3.8174,3.6341,3.6987,12383864.4,45889001.38157
2025-07-23 20:00:00,3.6985,3.7309,3.5842,3.7179,11696463.6,42810478.29597
2025-07-24 00:00:00,3.7179,3.7971,3.7061,3.76,5277411.4,19863278.35235
2025-07-24 04:00:00,3.7603,3.7698,3.5125,3.6552,18306388.5,66211358.62082
2025-07-24 08:00:00,3.6551,3.7488,3.6307,3.734,9672034.5,35698934.07225
2025-07-24 12:00:00,3.7337,3.847,3.675,3.8289,14879213.9,56165872.67174
2025-07-24 16:00:00,3.8289,3.8724,3.7476,3.8245,8661377.7,33135587.80065
2025-07-24 20:00:00,3.8244,3.8488,3.6929,3.7205,6560865.1,24636872.35633
2025-07-25 00:00:00,3.7207,3.7253,3.5918,3.62,10943691.3,39992915.20453
2025-07-25 04:00:00,3.6197,3.6871,3.5889,3.6496,9747264.9,35556176.7784
2025-07-25 08:00:00,3.6497,3.7885,3.64,3.7595,8076287.2,29938224.92676
2025-07-25 12:00:00,3.7596,3.7823,3.6442,3.6683,11065102.9,41025091.21593
2025-07-25 16:00:00,3.668,3.8545,3.6522,3.84,9583453.0,36074264.84483
2025-07-25 20:00:00,3.8398,4.0026,3.8,3.948,15879801.7,62640532.32978
2025-07-26 00:00:00,3.9481,3.993,3.9349,3.9819,6686042.8,26517772.55389
2025-07-26 04:00:00,3.9819,4.025,3.9748,3.9867,8923094.6,35676472.82157
2025-07-26 08:00:00,3.9867,4.0777,3.9867,4.0442,9550316.5,38559121.08063
2025-07-26 12:00:00,4.0443,4.2077,4.0283,4.2047,18325014.3,75712639.5898
2025-07-26 16:00:00,4.2047,4.3449,4.1685,4.204,26482562.0,112298064.04139
2025-07-26 20:00:00,4.204,4.2135,4.1412,4.1595,6447345.1,26977376.20683
2025-07-27 00:00:00,4.1597,4.2147,4.1204,4.2058,7403252.1,30842897.85496
2025-07-27 04:00:00,4.2058,4.2555,4.1916,4.2159,8169262.7,34479426.87774
2025-07-27 08:00:00,4.2159,4.3027,4.1615,4.2839,13860501.1,58615068.53725
2025-07-27 12:00:00,4.2839,4.4289,4.2098,4.2306,36980052.7,159357355.31476
2025-07-27 16:00:00,4.2307,4.3688,4.2301,4.3322,12502228.0,53885382.35493
2025-07-27 20:00:00,4.332,4.3776,4.3,4.326,7218864.8,31297012.86714
2025-07-28 00:00:00,4.326,4.4436,4.2436,4.2837,16110461.8,69859310.30995
2025-07-28 04:00:00,4.2835,4.3348,4.2266,4.2481,10369925.1,44383988.46752
2025-07-28 08:00:00,4.248,4.2638,4.2045,4.2327,8372432.8,35443996.14908
2025-07-28 12:00:00,4.2327,4.2488,4.0428,4.062,19869101.8,82451821.5426
2025-07-28 16:00:00,4.062,4.0769,3.9638,3.9824,16731851.2,67059999.23173
2025-07-28 20:00:00,3.9822,3.9939,3.8818,3.9084,12743884.9,50226158.01921
2025-07-29 00:00:00,3.9084,3.9712,3.88,3.946,14789227.6,58053812.9878
2025-07-29 04:00:00,3.946,3.9978,3.9327,3.9928,8367801.6,33189423.30175
2025-07-29 08:00:00,3.9929,4.008,3.8727,3.8962,8126198.7,31975243.22284
2025-07-29 12:00:00,3.8964,3.9241,3.7697,3.7979,23258179.8,89370265.53684
2025-07-29 16:00:00,3.7979,3.8597,3.751,3.8166,7687731.2,29297473.37194
2025-07-29 20:00:00,3.8167,3.8454,3.78,3.8128,4594118.6,17508568.95095
2025-07-30 00:00:00,3.8128,3.8426,3.7568,3.8139,10461828.4,39846073.43088
2025-07-30 04:00:00,3.8139,3.8271,3.7647,3.7793,6663901.0,25302005.26188
2025-07-30 08:00:00,3.7792,3.8018,3.6871,3.7062,11559488.0,43330266.32613
2025-07-30 12:00:00,3.7062,3.8559,3.65,3.7911,15732855.7,58997341.91043
2025-07-30 16:00:00,3.7912,3.8135,3.62,3.766,15183421.6,56725773.72381
2025-07-30 20:00:00,3.7659,3.7914,3.7167,3.758,7823825.6,29385748.30412
2025-07-31 00:00:00,3.7582,3.8777,3.7482,3.8665,6353400.8,24251158.07854
2025-07-31 04:00:00,3.8666,3.9293,3.8268,3.9248,9913588.0,38493820.02732
2025-07-31 08:00:00,3.9247,3.9609,3.8758,3.8875,6893912.4,27029421.73264
2025-07-31 12:00:00,3.8878,3.8901,3.7355,3.7628,15760697.4,59837838.53617
2025-07-31 16:00:00,3.7627,3.8359,3.685,3.6973,8739252.1,32793636.91002
2025-07-31 20:00:00,3.6973,3.7108,3.5896,3.614,8164627.3,29849201.99906
2025-08-01 00:00:00,3.6138,3.6343,3.493,3.6035,30785238.8,109639912.99619
2025-08-01 04:00:00,3.6034,3.6034,3.4974,3.5267,12319100.4,43639614.91608
2025-08-01 08:00:00,3.5266,3.5285,3.435,3.5103,19111092.7,66529883.83714
2025-08-01 12:00:00,3.5102,3.5552,3.4162,3.5482,23723337.5,83176514.49564
2025-08-01 16:00:00,3.5479,3.5972,3.5074,3.5632,12704328.9,45194038.70159
2025-08-01 20:00:00,3.5632,3.5741,3.3543,3.4592,14207313.4,49052614.12692
2025-08-02 00:00:00,3.4591,3.5164,3.4461,3.5015,5986995.3,20913102.71072
2025-08-02 04:00:00,3.5016,3.5346,3.4274,3.5093,5663003.8,19742916.5513
2025-08-02 08:00:00,3.5094,3.514,3.386,3.4205,6674345.8,22962316.09024
2025-08-02 12:00:00,3.4204,3.4466,3.349,3.3614,7168024.1,24317273.04491
2025-08-02 16:00:00,3.3617,3.3939,3.2663,3.316,12625329.8,42009937.86462
2025-08-02 20:00:00,3.3163,3.3727,3.3014,3.3344,5734675.2,19140020.11738
2025-08-03 00:00:00,3.3344,3.4401,3.2803,3.4103,8981924.5,30329199.20966
2025-08-03 04:00:00,3.4104,3.4273,3.3871,3.4248,4563529.1,15534988.49946
2025-08-03 08:00:00,3.4248,3.4832,3.4243,3.4563,8225126.1,28373035.85937
2025-08-03 12:00:00,3.4563,3.4687,3.4056,3.4219,9554821.0,32811418.07007
2025-08-03 16:00:00,3.4219,3.4668,3.4035,3.434,5505739.5,18892594.15724
2025-08-03 20:00:00,3.4339,3.4753,3.4148,3.4466,3931086.0,13540596.02489
2025-08-04 00:00:00,3.4465,3.5203,3.4323,3.4909,7284814.0,25390410.36311
2025-08-04 04:00:00,3.491,3.5089,3.448,3.4848,5687951.5,19794379.42992
2025-08-04 08:00:00,3.4848,3.4993,3.4082,3.4297,7163872.3,24730324.389
2025-08-04 12:00:00,3.4299,3.5616,3.4299,3.5007,14130832.2,49511597.86719
2025-08-04 16:00:00,3.5007,3.6352,3.5001,3.5105,11114833.1,39614629.05691
2025-08-04 20:00:00,3.5104,3.6092,3.5025,3.5893,6216988.9,22208002.0982
2025-08-05 00:00:00,3.5892,3.6023,3.4876,3.4958,5151481.0,18308471.86329
2025-08-05 04:00:00,3.4957,3.524,3.4228,3.4401,6417002.6,22321210.30072
2025-08-05 08:00:00,3.4401,3.5724,3.4356,3.5646,5588089.6,19591529.58988
2025-08-05 12:00:00,3.5646,3.5678,3.369,3.388,13459990.3,46260297.8205
2025-08-05 16:00:00,3.3877,3.4262,3.372,3.3806,5842019.3,19868844.20557
2025-08-05 20:00:00,3.3807,3.4235,3.3432,3.411,3744159.4,12686213.70088
2025-08-06 00:00:00,3.4111,3.4126,3.3449,3.3512,3231445.0,10914708.90176
2025-08-06 04:00:00,3.3514,3.4533,3.3272,3.4512,5710908.3,19455037.56806
2025-08-06 08:00:00,3.4511,3.4601,3.3925,3.4035,6592074.0,22500943.51783
2025-08-06 12:00:00,3.4036,3.5033,3.37,3.4949,9123526.9,31375142.04934
2025-08-06 16:00:00,3.4949,3.5292,3.4546,3.5055,6272013.8,21916981.11662
2025-08-06 20:00:00,3.5055,3.5161,3.4805,3.4986,6202839.0,21713380.49192
2025-08-07 00:00:00,3.4984,3.521,3.447,3.4501,5967417.8,20776460.25733
2025-08-07 04:00:00,3.45,3.5281,3.443,3.515,9604391.3,33583418.47726
2025-08-07 08:00:00,3.515,3.7388,3.4971,3.7089,17755470.2,64558655.67458
2025-08-07 12:00:00,3.709,3.7844,3.7024,3.7329,14052127.8,52524060.27942
2025-08-07 16:00:00,3.7324,3.7551,3.6103,3.7401,9613974.5,35516652.07664
2025-08-07 20:00:00,3.7401,3.7947,3.7208,3.7894,7419600.7,27830754.53931
2025-08-08 00:00:00,3.7894,3.8091,3.7319,3.7737,15127810.9,56977048.72122
2025-08-08 04:00:00,3.7738,3.8811,3.7487,3.8535,9912228.1,37801955.54612
2025-08-08 08:00:00,3.8535,3.8852,3.7732,3.8399,10973639.4,41874313.23698
2025-08-08 12:00:00,3.8398,3.88,3.7131,3.7517,12316507.9,46793752.07267
2025-08-08 16:00:00,3.7516,3.8702,3.7443,3.8593,8262709.6,31579544.19388
2025-08-08 20:00:00,3.8592,3.882,3.8356,3.8387,4196761.1,16191092.4947
2025-08-09 00:00:00,3.8387,3.937,3.8265,3.8787,7071970.6,27455487.11889
2025-08-09 04:00:00,3.8787,3.9812,3.87,3.9107,9331163.4,36629111.24892
2025-08-09 08:00:00,3.9102,3.9629,3.9045,3.9151,5947483.7,23399756.33343
2025-08-09 12:00:00,3.9151,3.9765,3.8778,3.9263,8545557.0,33530966.43564
2025-08-09 16:00:00,3.9263,3.9777,3.912,3.9498,6844405.1,27029874.02965
2025-08-09 20:00:00,3.9498,3.967,3.8857,3.8976,5578598.2,21907267.71744
2025-08-10 00:00:00,3.8977,3.9759,3.8831,3.9565,8294752.9,32573921.01531
2025-08-10 04:00:00,3.9566,4.0,3.8027,3.8237,12373634.8,48234294.72738
2025-08-10 08:00:00,3.8238,3.8598,3.7804,3.8045,8135066.5,31027250.90184
2025-08-10 12:00:00,3.8044,3.8676,3.7938,3.8606,6473341.9,24821799.15205
2025-08-10 16:00:00,3.8606,3.8959,3.8507,3.8914,4827542.2,18720995.72025
2025-08-10 20:00:00,3.8915,3.8962,3.8178,3.8754,4929624.0,19012171.95296
2025-08-11 00:00:00,3.8752,3.9779,3.8532,3.9603,7869495.9,30935278.27133
2025-08-11 04:00:00,3.9604,3.9723,3.8316,3.8326,8278096.1,32489706.35404
2025-08-11 08:00:00,3.8325,3.8729,3.7131,3.7261,12562377.7,47794420.15516
2025-08-11 12:00:00,3.7258,3.779,3.6938,3.7346,13108225.3,48934616.21708
2025-08-11 16:00:00,3.7347,3.7804,3.6475,3.7006,10000346.5,37173146.33528
2025-08-11 20:00:00,3.7004,3.7071,3.6213,3.6535,5924961.8,21688764.61442
2025-08-12 00:00:00,3.6533,3.7158,3.65,3.6772,4118091.0,15180243.46819
2025-08-12 04:00:00,3.6772,3.7035,3.6379,3.6823,3592676.1,13204337.5888
2025-08-12 08:00:00,3.6824,3.692,3.6,3.6422,5779715.0,21042457.76148
2025-08-12 12:00:00,3.6423,3.8184,3.6277,3.8092,20955587.2,78623799.86071
2025-08-12 16:00:00,3.8092,3.9069,3.7854,3.9053,13876667.0,53529001.44531
2025-08-12 20:00:00,3.9053,3.935,3.8627,3.8837,8544775.6,33291611.26408
2025-08-13 00:00:00,3.883,3.9272,3.8152,3.9073,9675206.5,37499043.10483
2025-08-13 04:00:00,3.9072,3.938,3.8429,3.9064,12235744.8,47509357.70861
2025-08-13 08:00:00,3.9064,4.068,3.9038,4.0389,18648567.7,74427682.48646
2025-08-13 12:00:00,4.0389,4.0726,3.9069,3.9496,25251121.2,100843895.99344
2025-08-13 16:00:00,3.9495,4.0062,3.9393,3.9896,6800950.2,27036679.65129
2025-08-13 20:00:00,3.9897,4.0343,3.9593,4.0049,5941099.2,23766691.72104
2025-08-14 00:00:00,4.0047,4.1811,3.9922,4.151,18104975.6,73896936.27436
2025-08-14 04:00:00,4.151,4.1692,3.9853,4.018,14370565.7,58226109.99306
2025-08-14 08:00:00,4.0181,4.0192,3.91,3.9448,9345692.3,36965136.64964
2025-08-14 12:00:00,3.9445,3.979,3.6776,3.8148,35595904.6,135584622.74524
2025-08-14 16:00:00,3.8147,3.8158,3.71,3.7301,11028789.9,41461709.98164
2025-08-14 20:00:00,3.73,3.7682,3.6514,3.7548,11398612.6,42346127.68294
2025-08-15 00:00:00,3.7548,3.8428,3.7458,3.8417,6807745.4,25799788.31855
2025-08-15 04:00:00,3.8417,3.861,3.7949,3.8497,5095241.1,19528219.67124
2025-08-15 08:00:00,3.8496,3.8816,3.8072,3.8213,4476062.4,17202408.80255
2025-08-15 12:00:00,3.8213,3.8786,3.6249,3.6524,22568834.4,85121475.53629
2025-08-15 16:00:00,3.652,3.7103,3.6184,3.6546,11046475.0,40498853.67439
2025-08-15 20:00:00,3.6548,3.7532,3.6421,3.711,4553113.0,16862631.7416
2025-08-16 00:00:00,3.7109,3.7609,3.7031,3.7264,2825037.3,10555791.74381
2025-08-16 04:00:00,3.7264,3.7442,3.6941,3.724,2243169.4,8334652.20354
2025-08-16 08:00:00,3.7241,3.7441,3.6787,3.6809,4285152.2,15892899.70739
2025-08-16 12:00:00,3.6809,3.7752,3.6677,3.7579,6611153.0,24726440.64323
2025-08-16 16:00:00,3.758,3.781,3.7405,3.7567,2131611.5,8013690.7813
2025-08-16 20:00:00,3.7567,3.7777,3.7471,3.7734,1766423.4,6648993.06174
2025-08-17 00:00:00,3.7735,3.7936,3.7393,3.7875,2708257.3,10199977.062
2025-08-17 04:00:00,3.7876,3.8283,3.7864,3.805,3355998.2,12775059.13904
2025-08-17 08:00:00,3.8051,3.8445,3.7906,3.8434,3974405.9,15182320.87829
2025-08-17 12:00:00,3.8435,3.8867,3.8026,3.8841,6448166.9,24830913.72098
2025-08-17 16:00:00,3.8844,3.8946,3.7679,3.7838,7840595.8,29962533.91453
2025-08-17 20:00:00,3.7839,3.827,3.7103,3.7639,6785847.0,25650983.15134
2025-08-18 00:00:00,3.7639,3.776,3.596,3.621,13686143.2,50248278.29602
2025-08-18 04:00:00,3.6208,3.6408,3.544,3.552,9333829.0,33510764.15878
2025-08-18 08:00:00,3.5518,3.5704,3.5202,3.5428,8711274.8,30880796.26283
2025-08-18 12:00:00,3.5427,3.6166,3.5315,3.6138,8632387.5,30818493.40892
2025-08-18 16:00:00,3.6138,3.6591,3.5828,3.621,9705026.9,35209606.47944
2025-08-18 20:00:00,3.6208,3.6722,3.5931,3.6027,4602949.3,16712821.99571
2025-08-19 00:00:00,3.6027,3.6503,3.5116,3.5169,5997350.3,21471744.16709
2025-08-19 04:00:00,3.5168,3.5611,3.4848,3.5227,6442819.1,22688172.19128
2025-08-19 08:00:00,3.5227,3.6766,3.5007,3.6483,7545489.3,27083875.41617
2025-08-19 12:00:00,3.6482,3.6487,3.4862,3.4904,13066804.1,46391404.38931
2025-08-19 16:00:00,3.4905,3.503,3.4196,3.4427,9266149.1,32097414.09985
2025-08-19 20:00:00,3.4427,3.4819,3.4146,3.4222,4423017.6,15260407.39112
2025-08-20 00:00:00,3.422,3.4958,3.4208,3.4661,5482109.0,18961533.62632
2025-08-20 04:00:00,3.4663,3.4997,3.4583,3.4701,5213524.6,18142296.16559
2025-08-20 08:00:00,3.4702,3.5264,3.4224,3.4646,7047862.9,24557382.43926
2025-08-20 12:00:00,3.4647,3.5413,3.3798,3.5002,13374949.8,46362403.02779
2025-08-20 16:00:00,3.5002,3.5885,3.4989,3.5838,6566779.7,23269033.711
2025-08-20 20:00:00,3.5838,3.5848,3.5453,3.5575,3568635.4,12726249.70927
2025-08-21 00:00:00,3.5577,3.5832,3.5107,3.5377,4473968.6,15883631.44304
2025-08-21 04:00:00,3.5377,3.55,3.4862,3.5201,2987428.7,10507125.24309
2025-08-21 08:00:00,3.5202,3.5228,3.4471,3.4591,4099347.5,14226091.19119
2025-08-21 12:00:00,3.459,3.4792,3.3955,3.4005,10778180.3,37022503.84675
2025-08-21 16:00:00,3.4006,3.4362,3.3844,3.4121,4317147.8,14714690.79805
2025-08-21 20:00:00,3.4119,3.4457,3.4005,3.4129,3052013.3,10455432.53331
2025-08-22 00:00:00,3.4126,3.4625,3.3946,3.4045,3769529.6,12914976.55814
2025-08-22 04:00:00,3.4045,3.4568,3.4045,3.4464,5516636.7,18938917.6853
2025-08-22 08:00:00,3.4463,3.4649,3.3544,3.356,4728820.3,16081544.17609
2025-08-22 12:00:00,3.3561,3.6636,3.3047,3.6173,41099509.5,144500204.84234
2025-08-22 16:00:00,3.6172,3.7427,3.6158,3.7309,15841174.8,58695177.97461
2025-08-22 20:00:00,3.7309,3.7796,3.7203,3.7603,9387883.7,35222248.0931
2025-08-23 00:00:00,3.7602,3.7654,3.6058,3.6305,9453242.1,34774090.85031
2025-08-23 04:00:00,3.6305,3.805,3.6286,3.7585,10257561.1,38455852.63047
2025-08-23 08:00:00,3.7586,3.7796,3.711,3.7383,6014536.8,22531309.70893
2025-08-23 12:00:00,3.7384,3.7635,3.703,3.7086,4418549.2,16468557.39561
2025-08-23 16:00:00,3.7087,3.7268,3.6756,3.7214,4287640.8,15849264.56856
2025-08-23 20:00:00,3.7215,3.7426,3.7114,3.7367,3757814.4,13999273.2837
2025-08-24 00:00:00,3.7368,3.7515,3.6964,3.7235,3747476.1,13960348.7797
2025-08-24 04:00:00,3.7236,3.7466,3.6698,3.6699,4476710.0,16610877.20849
2025-08-24 08:00:00,3.6698,3.6949,3.6014,3.6197,7728522.0,28189249.19391
2025-08-24 12:00:00,3.6196,3.6797,3.611,3.6322,4914695.4,17899633.64562
2025-08-24 16:00:00,3.6323,3.8498,3.6286,3.7034,26105676.1,97455841.46436
2025-08-24 20:00:00,3.7034,3.731,3.6222,3.6806,11803882.2,43382121.99529
2025-08-25 00:00:00,3.6806,3.7378,3.5836,3.6894,8851794.2,32423178.45923
2025-08-25 04:00:00,3.6895,3.6963,3.4811,3.4991,11612479.2,41396772.14296
2025-08-25 08:00:00,3.4991,3.5103,3.4397,3.4667,10886897.6,37818788.3125
2025-08-25 12:00:00,3.4666,3.5093,3.4413,3.462,11462551.6,39888816.6634
2025-08-25 16:00:00,3.462,3.493,3.3674,3.3728,9385004.4,32209562.30487
2025-08-25 20:00:00,3.3728,3.3927,3.3122,3.3404,15715241.8,52592565.55703
2025-08-26 00:00:00,3.3405,3.3963,3.3233,3.3657,6844232.2,22985981.47301
2025-08-26 04:00:00,3.366,3.4478,3.366,3.4359,6800784.6,23202690.70025
2025-08-26 08:00:00,3.4358,3.4414,3.3651,3.3846,8010958.4,27234320.96864
2025-08-26 12:00:00,3.3847,3.451,3.3509,3.4028,13022841.0,44367702.70131
2025-08-26 16:00:00,3.4028,3.4908,3.3857,3.483,6017149.9,20658409.56852
2025-08-26 20:00:00,3.4827,3.4912,3.4394,3.453,4844070.7,16785940.65774
2025-08-27 00:00:00,3.4531,3.5054,3.4112,3.4723,4601493.9,15887342.63775
2025-08-27 04:00:00,3.4724,3.5064,3.4156,3.4314,5369582.6,18624846.74474
2025-08-27 08:00:00,3.4315,3.4538,3.4134,3.4477,4011339.1,13786542.00789
2025-08-27 12:00:00,3.4476,3.5171,3.4273,3.4984,9360344.9,32553321.95873
2025-08-27 16:00:00,3.4985,3.5204,3.4487,3.4671,5217131.3,18177659.79883
2025-08-27 20:00:00,3.4671,3.5108,3.4268,3.437,10811656.6,37516428.17944
2025-08-28 00:00:00,3.4371,3.4839,3.4181,3.48,4042264.7,13983930.22024
2025-08-28 04:00:00,3.48,3.5122,3.4726,3.4999,5164437.3,18039040.09053
2025-08-28 08:00:00,3.4999,3.5294,3.4729,3.5008,4456255.3,15597015.07402
2025-08-28 12:00:00,3.5008,3.5265,3.4491,3.467,8387012.5,29359401.55177
2025-08-28 16:00:00,3.4671,3.4845,3.4172,3.4179,4473444.6,15419621.50548
2025-08-28 20:00:00,3.4179,3.5,3.4125,3.4914,3506877.0,12166093.14203
2025-08-29 00:00:00,3.4913,3.4994,3.4212,3.459,5247784.1,18149873.66626
2025-08-29 04:00:00,3.4591,3.4663,3.3472,3.3567,9572033.2,32587472.02758
2025-08-29 08:00:00,3.3564,3.3694,3.287,3.3086,9277700.2,30733138.33968
2025-08-29 12:00:00,3.3085,3.4008,3.2767,3.3029,18168392.2,60594559.67238
2025-08-29 16:00:00,3.3026,3.3155,3.2106,3.2564,9665997.9,31509446.21948
2025-08-29 20:00:00,3.2565,3.3183,3.2175,3.2822,5707023.6,18603395.59372
2025-08-30 00:00:00,3.2823,3.3167,3.2236,3.3053,4950975.7,16196165.7605
2025-08-30 04:00:00,3.3053,3.3445,3.2931,3.343,3116879.8,10351754.61373
2025-08-30 08:00:00,3.343,3.343,3.3127,3.3196,3823524.4,12727382.88119
2025-08-30 12:00:00,3.3196,3.3222,3.2472,3.3146,6759064.7,22158467.14769
2025-08-30 16:00:00,3.3146,3.3146,3.277,3.2923,3071491.3,10116634.93608
2025-08-30 20:00:00,3.2923,3.3099,3.2754,3.3065,1549610.1,5102098.37616
2025-08-31 00:00:00,3.3066,3.3505,3.3032,3.3474,3152509.8,10500433.4755
2025-08-31 04:00:00,3.3474,3.3493,3.3024,3.3131,2372516.9,7870659.48397
2025-08-31 08:00:00,3.3131,3.3355,3.2897,3.3121,2367022.1,7845912.3661
2025-08-31 12:00:00,3.3121,3.3168,3.2802,3.3057,2969851.0,9800488.01808
2025-08-31 16:00:00,3.3057,3.315,3.2822,3.2919,1998320.3,6588839.84449
2025-08-31 20:00:00,3.2919,3.3104,3.2454,3.2494,3447358.1,11312023.26092
2025-09-01 00:00:00,3.2494,3.2557,3.1595,3.1856,7655427.1,24533983.78077
2025-09-01 04:00:00,3.1856,3.29,3.1458,3.288,8650199.1,27682579.94497
2025-09-01 08:00:00,3.2879,3.339,3.2532,3.2594,10613451.3,35034993.3602
2025-09-01 12:00:00,3.2595,3.2797,3.2136,3.2215,5236367.6,17015708.65502
2025-09-01 16:00:00,3.2214,3.2282,3.1939,3.2155,5308856.1,17061696.67749
2025-09-01 20:00:00,3.216,3.2189,3.1101,3.2042,8728661.7,27560936.7211
2025-09-02 00:00:00,3.2043,3.2996,3.1963,3.2766,5139910.6,16655710.38028
2025-09-02 04:00:00,3.2766,3.3024,3.269,3.2773,3069765.6,10090568.75409
2025-09-02 08:00:00,3.2773,3.2972,3.2494,3.2544,2575459.7,8437456.73964
2025-09-02 12:00:00,3.2544,3.3082,3.1908,3.22,10171580.3,33045791.43737
2025-09-02 16:00:00,3.22,3.2749,3.2177,3.2581,3313301.6,10763048.41331
2025-09-02 20:00:00,3.2583,3.3215,3.251,3.3168,5318404.8,17563959.92376
2025-09-03 00:00:00,3.3169,3.3582,3.3105,3.3276,3209970.9,10691383.52527
2025-09-03 04:00:00,3.3276,3.3317,3.2671,3.3001,4051543.3,13352961.36489
2025-09-03 08:00:00,3.3001,3.3612,3.2973,3.3473,4899916.2,16330654.24353
2025-09-03 12:00:00,3.3473,3.4013,3.3416,3.387,6565005.7,22125903.03298
2025-09-03 16:00:00,3.3869,3.4045,3.3504,3.3978,3700646.2,12488187.90801
2025-09-03 20:00:00,3.3977,3.4065,3.377,3.3876,1910156.5,6479775.33545
2025-09-04 00:00:00,3.3876,3.4005,3.333,3.338,2946492.7,9911551.7996
2025-09-04 04:00:00,3.3381,3.3469,3.2892,3.31,3311073.0,10980543.70197
2025-09-04 08:00:00,3.31,3.3347,3.3066,3.3113,3310011.0,10998883.90486
2025-09-04 12:00:00,3.3114,3.3308,3.2534,3.2652,4716220.5,15485988.89906
2025-09-04 16:00:00,3.2653,3.2754,3.2329,3.2461,3120988.4,10165995.88787
2025-09-04 20:00:00,3.2458,3.3194,3.2426,3.2857,3007276.1,9884597.47227
2025-09-05 00:00:00,3.2854,3.3394,3.2742,3.3365,2893589.4,9566736.25597
2025-09-05 04:00:00,3.3365,3.3991,3.3301,3.3945,3853561.7,12976526.71986
2025-09-05 08:00:00,3.3946,3.3961,3.3613,3.3904,3972697.4,13420866.41918
2025-09-05 12:00:00,3.3904,3.4562,3.3321,3.3807,15596927.8,53018217.25297
2025-09-05 16:00:00,3.3807,3.4176,3.3567,3.4173,4523520.9,15290828.20623
2025-09-05 20:00:00,3.4173,3.4258,3.369,3.3743,3066761.1,10416169.8324
2025-09-06 00:00:00,3.3743,3.408,3.3724,3.405,1690523.0,5730126.05708
2025-09-06 04:00:00,3.405,3.405,3.3637,3.3779,2485153.5,8395361.36185
2025-09-06 08:00:00,3.378,3.3817,3.3381,3.3525,2363008.9,7920804.25332
2025-09-06 12:00:00,3.3523,3.3696,3.3382,3.3382,2135444.8,7163543.06523
2025-09-06 16:00:00,3.3381,3.3533,3.3135,3.3164,2255768.7,7523345.46824
2025-09-06 20:00:00,3.3164,3.3416,3.3151,3.3356,1199289.6,3988873.83395
2025-09-07 00:00:00,3.3357,3.3833,3.3342,3.371,1830476.1,6154836.3052
2025-09-07 04:00:00,3.371,3.3849,3.3629,3.3717,1585960.7,5350104.10517
2025-09-07 08:00:00,3.3718,3.4212,3.3718,3.4212,2961375.2,10053575.06502
2025-09-07 12:00:00,3.4212,3.422,3.3924,3.4083,4579172.6,15600877.86171
2025-09-07 16:00:00,3.4083,3.4122,3.3561,3.3797,4395856.4,14854416.02679
2025-09-07 20:00:00,3.3798,3.4185,3.3739,3.3966,3858798.9,13091083.387
2025-09-08 00:00:00,3.3965,3.4353,3.3636,3.409,3246436.7,11028117.07711
2025-09-08 04:00:00,3.409,3.42,3.3813,3.4084,3444550.4,11703600.54813
2025-09-08 08:00:00,3.4085,3.4867,3.4057,3.4737,6507434.7,22462168.66046
2025-09-08 12:00:00,3.4738,3.5137,3.4611,3.5038,6931253.5,24188332.89992
2025-09-08 16:00:00,3.5038,3.5059,3.4427,3.4523,5951040.2,20632189.39666
2025-09-08 20:00:00,3.4524,3.5022,3.4411,3.4997,3134378.9,10888059.07162
2025-09-09 00:00:00,3.4997,3.5185,3.4253,3.4628,6966809.6,24201641.84535
2025-09-09 04:00:00,3.4627,3.6143,3.4554,3.6094,10614384.1,37794787.565
2025-09-09 08:00:00,3.6095,3.6169,3.5685,3.5685,6195196.4,22284528.53574
2025-09-09 12:00:00,3.5687,3.5902,3.4289,3.4492,11827246.6,41466255.10054
2025-09-09 16:00:00,3.4493,3.4761,3.4289,3.4709,4974712.0,17153599.67318
2025-09-09 20:00:00,3.4709,3.4865,3.4542,3.4698,2984753.2,10368884.13372
2025-09-10 00:00:00,3.4698,3.562,3.4557,3.5415,4380838.5,15397498.56756
2025-09-10 04:00:00,3.5415,3.5578,3.5011,3.5446,3991281.3,14074825.27406
2025-09-10 08:00:00,3.5446,3.5585,3.5088,3.5144,4142386.1,14612385.98061
2025-09-10 12:00:00,3.5143,3.6272,3.5137,3.6126,9757760.5,34968031.53435
2025-09-10 16:00:00,3.6127,3.6159,3.5404,3.5538,5072779.8,18169790.87585
2025-09-10 20:00:00,3.5539,3.626,3.5523,3.6197,3001065.1,10798633.86945
2025-09-11 00:00:00,3.6196,3.6411,3.5927,3.6345,3301273.0,11938352.1109
2025-09-11 04:00:00,3.6345,3.6379,3.604,3.622,3602025.7,13045850.57851
2025-09-11 08:00:00,3.6221,3.6477,3.6046,3.6126,3176741.5,11510636.61917
2025-09-11 12:00:00,3.6127,3.71,3.5534,3.5897,12324601.1,44462841.47098
2025-09-11 16:00:00,3.5897,3.62,3.5897,3.6149,1976349.8,7128741.78028
2025-09-11 20:00:00,3.615,3.6746,3.6094,3.6669,4878594.0,17817703.94279
2025-09-12 00:00:00,3.6667,3.7002,3.6451,3.6562,4538287.3,16670467.57363
2025-09-12 04:00:00,3.6562,3.6868,3.6417,3.6744,4545488.2,16674346.11946
2025-09-12 08:00:00,3.6744,3.6882,3.6037,3.607,6551658.5,23890145.30952
2025-09-12 12:00:00,3.607,3.6512,3.5844,3.6326,7048325.9,25555880.4202
2025-09-12 16:00:00,3.6326,3.7083,3.6241,3.7072,5917935.9,21737534.10634
2025-09-12 20:00:00,3.7072,3.7276,3.6696,3.7199,6779802.3,25075813.39642
2025-09-13 00:00:00,3.72,3.7593,3.7052,3.7383,5113833.9,19082530.83647
2025-09-13 04:00:00,3.7382,3.7455,3.7086,3.7299,3206541.7,11942989.92969
2025-09-13 08:00:00,3.7299,3.8349,3.7282,3.8332,11424119.3,43385772.10773
2025-09-13 12:00:00,3.8333,3.8866,3.7491,3.7852,14471233.6,55297480.98905
2025-09-13 16:00:00,3.7852,3.8056,3.7329,3.792,7324807.2,27656910.14053
2025-09-13 20:00:00,3.792,3.8481,3.7867,3.8146,4317241.7,16515935.63106
2025-09-14 00:00:00,3.8146,3.8238,3.7454,3.7584,4977744.7,18838785.56687
2025-09-14 04:00:00,3.7585,3.7898,3.735,3.761,4415930.6,16601304.5986
2025-09-14 08:00:00,3.761,3.805,3.7178,3.724,5456012.0,20542204.84359
2025-09-14 12:00:00,3.7241,3.7383,3.6399,3.6672,8659575.4,31866508.37653
2025-09-14 16:00:00,3.6672,3.7295,3.6546,3.7008,3063596.5,11341495.76946
2025-09-14 20:00:00,3.7007,3.7344,3.6823,3.6861,2641520.8,9801550.15769
2025-09-15 00:00:00,3.6861,3.7105,3.6485,3.706,2527938.7,9323309.91056
2025-09-15 04:00:00,3.706,3.7221,3.5867,3.6028,7368523.0,26891514.92661
2025-09-15 08:00:00,3.6028,3.6029,3.51,3.5354,13576082.6,48072453.12203
2025-09-15 12:00:00,3.5353,3.545,3.4786,3.4991,8433852.1,29639514.42944
2025-09-15 16:00:00,3.4991,3.5065,3.4599,3.4936,5712747.5,19886657.15498
2025-09-15 20:00:00,3.4936,3.5258,3.4909,3.521,3389671.5,11894363.04852
2025-09-16 00:00:00,3.5211,3.5427,3.4976,3.4995,2269181.8,7981997.48954
2025-09-16 04:00:00,3.4996,3.5354,3.4669,3.5331,3692905.0,12952298.62881
2025-09-16 08:00:00,3.5331,3.578,3.5331,3.5726,4531845.5,16144786.18763
2025-09-16 12:00:00,3.5725,3.6546,3.5483,3.6172,13345392.4,48064465.45619
2025-09-16 16:00:00,3.6177,3.65,3.5996,3.6286,5610593.0,20338279.1625
2025-09-16 20:00:00,3.6285,3.643,3.596,3.6003,3281525.5,11891779.21512
2025-09-17 00:00:00,3.6003,3.642,3.5819,3.5969,3508076.1,12662725.65202
2025-09-17 04:00:00,3.5969,3.6259,3.5699,3.6123,4117673.6,14822683.60559
2025-09-17 08:00:00,3.6122,3.6134,3.5572,3.5957,3633015.2,13026390.77656
2025-09-17 12:00:00,3.5958,3.6053,3.5479,3.5602,3398340.4,12149837.39077
2025-09-17 16:00:00,3.5601,3.689,3.5232,3.6745,15388269.5,55432958.20784
2025-09-17 20:00:00,3.6744,3.8011,3.6229,3.7716,14634773.4,54429960.25827
2025-09-18 00:00:00,3.7718,3.8309,3.7672,3.82,9793782.2,37190833.9086
2025-09-18 04:00:00,3.8201,3.8309,3.7521,3.7917,8135429.6,30904322.69172
2025-09-18 08:00:00,3.7916,3.908,3.7855,3.8774,11957395.0,46262186.72299
2025-09-18 12:00:00,3.8775,3.9705,3.8558,3.9549,14104282.3,55209910.18407
2025-09-18 16:00:00,3.9548,3.9765,3.9275,3.9514,9053206.8,35796660.09987
2025-09-18 20:00:00,3.9511,3.9604,3.8621,3.8889,12269107.7,47935483.38389
2025-09-19 00:00:00,3.8888,3.9159,3.8318,3.8379,12264407.8,47564933.57805
2025-09-19 04:00:00,3.8379,3.8648,3.7771,3.7994,12365146.8,47258207.37584
2025-09-19 08:00:00,3.7994,3.823,3.7059,3.7157,11514169.6,43327585.43064
2025-09-19 12:00:00,3.7159,3.7556,3.6416,3.6621,14265295.4,52737398.0285
2025-09-19 16:00:00,3.6621,3.681,3.6327,3.6476,8369588.4,30645877.19392
2025-09-19 20:00:00,3.6479,3.6858,3.6118,3.6367,7123775.5,26016020.47836
2025-09-20 00:00:00,3.6368,3.6946,3.6323,3.6873,3770364.9,13825184.55003
2025-09-20 04:00:00,3.6874,3.7,3.6633,3.6878,3359416.2,12374615.08419
2025-09-20 08:00:00,3.6877,3.6882,3.6189,3.6435,4239156.5,15455265.74906
2025-09-20 12:00:00,3.6434,3.7035,3.6347,3.6935,6818020.0,25043365.44635
2025-09-20 16:00:00,3.6936,3.7096,3.645,3.6555,3802376.7,13970122.76502
2025-09-20 20:00:00,3.6554,3.6851,3.6496,3.6572,1356266.9,4973100.01214
2025-09-21 00:00:00,3.6572,3.6756,3.6374,3.6685,3364918.9,12311116.62212
2025-09-21 04:00:00,3.6685,3.6839,3.6495,3.664,2787222.3,10213518.94297
2025-09-21 08:00:00,3.6638,3.666,3.588,3.6196,4612957.3,16708225.81884
2025-09-21 12:00:00,3.6195,3.672,3.6185,3.6298,2994298.4,10929416.62091
2025-09-21 16:00:00,3.63,3.6446,3.5955,3.6373,2622108.1,9488943.35691
2025-09-21 20:00:00,3.6372,3.6403,3.6002,3.6091,1716502.4,6216395.29928
2025-09-22 00:00:00,3.6089,3.6296,3.467,3.5144,12730065.0,44887641.97073
2025-09-22 04:00:00,3.5145,3.5213,3.235,3.3458,25313649.3,85215026.37421
2025-09-22 08:00:00,3.3459,3.3836,3.3241,3.359,9715389.4,32561626.27189
2025-09-22 12:00:00,3.359,3.4072,3.3452,3.3614,10765090.5,36330170.33368
2025-09-22 16:00:00,3.3614,3.3771,3.3103,3.3171,5595407.0,18710979.63999
2025-09-22 20:00:00,3.3173,3.3685,3.3123,3.3633,4124958.8,13804607.80786
2025-09-23 00:00:00,3.3633,3.3851,3.2782,3.369,6148307.2,20516361.84392
2025-09-23 04:00:00,3.3691,3.404,3.3411,3.3759,4820429.6,16276217.3999
2025-09-23 08:00:00,3.376,3.4017,3.3586,3.3696,4053097.2,13687810.46133
2025-09-23 12:00:00,3.3696,3.3979,3.3424,3.3787,6683334.7,22536835.15527
2025-09-23 16:00:00,3.3788,3.4192,3.3165,3.325,6807506.5,22926263.94343
2025-09-23 20:00:00,3.3249,3.3627,3.309,3.3199,2949391.1,9831562.82049
2025-09-24 00:00:00,3.3199,3.3671,3.275,3.2765,4913187.5,16300469.06726
2025-09-24 04:00:00,3.2765,3.3764,3.2341,3.3671,7284808.0,24135902.36692
2025-09-24 08:00:00,3.3672,3.4017,3.366,3.3944,3381455.4,11445515.24576
2025-09-24 12:00:00,3.3942,3.4402,3.3728,3.4,5108035.0,17380646.9296
2025-09-24 16:00:00,3.4,3.4048,3.3765,3.3917,3485365.2,11816875.91237
2025-09-24 20:00:00,3.3919,3.4004,3.3479,3.3633,6050624.7,20395502.77108
2025-09-25 00:00:00,3.3633,3.3699,3.2877,3.3112,9853387.5,32859464.75518
2025-09-25 04:00:00,3.3112,3.3202,3.2375,3.2424,9762768.6,31863500.41755
2025-09-25 08:00:00,3.2425,3.2626,3.1467,3.1709,11468558.6,36811655.42534
2025-09-25 12:00:00,3.1708,3.2502,3.1235,3.211,16575534.9,52923647.11878
2025-09-25 16:00:00,3.2112,3.217,3.0685,3.1725,17375269.3,54605388.23305
2025-09-25 20:00:00,3.1725,3.178,3.0961,3.1112,7368564.3,23100828.71944
2025-09-26 00:00:00,3.1111,3.1784,3.1099,3.16,5954200.8,18767710.98905
2025-09-26 04:00:00,3.16,3.1647,3.1068,3.1543,7891239.4,24764575.09361
2025-09-26 08:00:00,3.1543,3.189,3.0806,3.1095,7055555.1,22059391.04103
2025-09-26 12:00:00,3.1094,3.1684,3.0719,3.1519,13325497.0,41714737.69079
2025-09-26 16:00:00,3.1519,3.2555,3.1489,3.205,10787932.0,34652513.57463
2025-09-26 20:00:00,3.205,3.2314,3.1972,3.2219,2777401.7,8923271.63824
2025-09-27 00:00:00,3.2219,3.222,3.1955,3.2023,1813920.9,5817461.13567
2025-09-27 04:00:00,3.2023,3.2216,3.1931,3.2029,1635555.4,5243353.90273
2025-09-27 08:00:00,3.2028,3.2306,3.1686,3.2115,3942022.7,12607508.0639
2025-09-27 12:00:00,3.2115,3.2255,3.1885,3.2071,2360763.8,7574457.19468
2025-09-27 16:00:00,3.2072,3.2086,3.15,3.1794,3107245.5,9878520.27841
2025-09-27 20:00:00,3.1795,3.2068,3.1716,3.1781,1858196.0,5917572.40593
2025-09-28 00:00:00,3.1781,3.1885,3.1377,3.1501,3382389.2,10687591.55456
2025-09-28 04:00:00,3.15,3.1526,3.1196,3.138,2253001.0,7073225.01564
2025-09-28 08:00:00,3.1381,3.1448,3.1079,3.117,2807673.9,8765366.28348
2025-09-28 12:00:00,3.117,3.1838,3.095,3.181,6445928.8,20283420.11208
2025-09-28 16:00:00,3.181,3.2105,3.181,3.2094,3075749.9,9830521.27354
2025-09-28 20:00:00,3.2094,3.2852,3.2094,3.2775,4096121.9,13333497.99973
2025-09-29 00:00:00,3.2775,3.2973,3.2581,3.2819,4150852.0,13597666.66252
2025-09-29 04:00:00,3.282,3.3129,3.2603,3.3082,3828230.9,12584406.70127
2025-09-29 08:00:00,3.3081,3.3256,3.2172,3.238,8093423.2,26475284.50242
2025-09-29 12:00:00,3.2379,3.3294,3.2054,3.2807,11028174.1,36158155.01381
2025-09-29 16:00:00,3.2807,3.3021,3.252,3.2902,3914870.8,12808593.91039
2025-09-29 20:00:00,3.2903,3.3224,3.2782,3.2804,2797683.3,9228569.90392
2025-09-30 00:00:00,3.2803,3.2917,3.2385,3.2597,5051203.8,16475188.7072
2025-09-30 04:00:00,3.2597,3.2776,3.2275,3.2382,2770724.5,9015673.39522
2025-09-30 08:00:00,3.2381,3.2435,3.1967,3.2252,3697459.9,11896441.27912
2025-09-30 12:00:00,3.2251,3.2451,3.1586,3.1643,5273918.5,16883981.8181
2025-09-30 16:00:00,3.1642,3.2781,3.1524,3.259,7664877.2,24546723.36422
2025-09-30 20:00:00,3.2592,3.312,3.2414,3.2603,6431731.8,21083205.28207
2025-10-01 00:00:00,3.2603,3.2794,3.2167,3.2191,3127872.5,10180027.19346
2025-10-01 04:00:00,3.2191,3.2639,3.2156,3.256,3546967.0,11519458.98934
2025-10-01 08:00:00,3.2559,3.4202,3.2534,3.4194,15739807.1,53042713.101
2025-10-01 12:00:00,3.4194,3.4909,3.3917,3.4895,10468089.2,35952533.16052
2025-10-01 16:00:00,3.4896,3.5325,3.4377,3.5163,8504875.0,29637421.06505
2025-10-01 20:00:00,3.5162,3.536,3.488,3.5217,7344995.6,25780443.04475
2025-10-02 00:00:00,3.5218,3.5794,3.5091,3.568,6473528.7,22975223.92556
2025-10-02 04:00:00,3.568,3.5935,3.5387,3.555,5433643.3,19382485.95137
2025-10-02 08:00:00,3.5551,3.5781,3.544,3.5573,3564117.3,12696252.40894
2025-10-02 12:00:00,3.5573,3.5924,3.4815,3.5525,8560896.6,30275752.5477
2025-10-02 16:00:00,3.5526,3.6435,3.5245,3.6142,10029338.6,35856030.99728
2025-10-02 20:00:00,3.6142,3.6169,3.5616,3.5869,3625833.2,12995831.12333
2025-10-03 00:00:00,3.5869,3.5877,3.5224,3.5634,4861770.0,17289054.25131
2025-10-03 04:00:00,3.5635,3.6195,3.5597,3.589,5332444.5,19156998.14799
2025-10-03 08:00:00,3.589,3.6299,3.5572,3.5773,4088244.5,14702168.17369
2025-10-03 12:00:00,3.5774,3.6417,3.5432,3.6373,7086320.4,25415628.85292
2025-10-03 16:00:00,3.6375,3.669,3.5476,3.586,12603458.0,45378937.21018
2025-10-03 20:00:00,3.586,3.5981,3.5693,3.5792,2349963.8,8419027.3657
2025-10-04 00:00:00,3.5793,3.5868,3.5237,3.5449,4102998.6,14592506.09385
2025-10-04 04:00:00,3.545,3.5643,3.5368,3.5428,2159315.5,7667703.31084
2025-10-04 08:00:00,3.5428,3.5512,3.4921,3.5017,3881361.6,13632033.87745
2025-10-04 12:00:00,3.5016,3.5799,3.5005,3.5108,5989910.7,21214749.6981
2025-10-04 16:00:00,3.5109,3.5546,3.506,3.541,2679759.2,9465038.17796
2025-10-04 20:00:00,3.541,3.6297,3.541,3.6229,4976392.9,17880668.2187
2025-10-05 00:00:00,3.6229,3.6888,3.5759,3.6438,10575420.5,38442685.03311
2025-10-05 04:00:00,3.6439,3.6901,3.6294,3.6838,7910160.3,28983124.93082
2025-10-05 08:00:00,3.6838,3.6915,3.5811,3.6136,8086322.4,29349053.39539
2025-10-05 12:00:00,3.6136,3.6237,3.5792,3.5932,3241623.4,11668149.19085
2025-10-05 16:00:00,3.5932,3.6047,3.5219,3.5339,4617292.2,16460612.13512
2025-10-05 20:00:00,3.534,3.5729,3.5278,3.5647,3020103.6,10719932.3199
2025-10-06 00:00:00,3.5647,3.5915,3.5388,3.5707,5735585.9,20464844.80464
2025-10-06 04:00:00,3.5707,3.665,3.552,3.6214,7362646.2,26636135.46839
2025-10-06 08:00:00,3.6215,3.6608,3.6099,3.6117,5513637.5,20052184.82249
2025-10-06 12:00:00,3.6117,3.6818,3.605,3.6725,7927172.2,28881175.02699
2025-10-06 16:00:00,3.6724,3.71,3.6409,3.6691,6621147.2,24333069.19237
2025-10-06 20:00:00,3.6692,3.6774,3.6223,3.623,3977394.6,14514172.59417
2025-10-07 00:00:00,3.623,3.6349,3.5966,3.6284,2847921.0,10299754.52894
2025-10-07 04:00:00,3.6283,3.6675,3.5871,3.6002,5214902.6,18905997.64057
2025-10-07 08:00:00,3.6002,3.6033,3.5614,3.5919,5215850.1,18705450.44706
2025-10-07 12:00:00,3.5918,3.6212,3.4742,3.489,12924039.9,45694259.97701
2025-10-07 16:00:00,3.489,3.5171,3.4453,3.4522,7504632.8,26060360.81457
2025-10-07 20:00:00,3.4524,3.4885,3.4403,3.4499,4108655.1,14229447.97114
2025-10-08 00:00:00,3.45,3.4863,3.4275,3.4387,4121491.1,14262714.64789
2025-10-08 04:00:00,3.4387,3.4876,3.4245,3.4737,4568421.7,15814722.57413
2025-10-08 08:00:00,3.4737,3.4994,3.4564,3.4622,3806475.6,13232345.13331
2025-10-08 12:00:00,3.4622,3.4935,3.4292,3.458,6523860.8,22566426.32458
2025-10-08 16:00:00,3.458,3.5649,3.4526,3.5387,6923271.1,24420925.00499
2025-10-08 20:00:00,3.5386,3.5469,3.5133,3.5353,2427135.1,8567247.58923
2025-10-09 00:00:00,3.5352,3.5405,3.4351,3.4839,4363548.8,15217409.97117
2025-10-09 04:00:00,3.4839,3.4976,3.4369,3.441,3053736.0,10600200.49244
2025-10-09 08:00:00,3.441,3.446,3.3747,3.398,11212106.7,38149353.55717
2025-10-09 12:00:00,3.398,3.4525,3.3425,3.3648,7661347.4,25931734.00863
2025-10-09 16:00:00,3.3648,3.4012,3.3267,3.398,3898675.4,13136019.5736
2025-10-09 20:00:00,3.3979,3.4135,3.3778,3.4075,2261425.2,7679772.83597
2025-10-10 00:00:00,3.4074,3.4696,3.4045,3.4428,4002845.9,13736968.3797
2025-10-10 04:00:00,3.4428,3.479,3.4155,3.4182,4506095.1,15536517.6674
2025-10-10 08:00:00,3.4183,3.47,3.4131,3.4675,3637613.6,12553484.70797
2025-10-10 12:00:00,3.4676,3.4786,3.25,3.3028,16276832.2,55042888.22614
2025-10-10 16:00:00,3.3028,3.3415,3.202,3.239,11506386.5,37677640.91292
2025-10-10 20:00:00,3.2391,3.2645,0.5597,2.6047,140310217.7,341184508.32746
2025-10-11 00:00:00,2.6052,2.7905,2.5347,2.7077,44217475.8,117124828.38187
2025-10-11 04:00:00,2.7076,2.7774,2.6767,2.7046,23108360.8,62959205.59884
2025-10-11 08:00:00,2.7045,2.8177,2.6828,2.715,14953684.7,41033510.02959
2025-10-11 12:00:00,2.7149,2.7187,2.6175,2.6632,13886743.9,37071082.56779
2025-10-11 16:00:00,2.6631,2.6913,2.5478,2.5762,10775330.0,28356595.05051
2025-10-11 20:00:00,2.576,2.586,2.4808,2.5412,16944045.3,42957118.16662
2025-10-12 00:00:00,2.5413,2.5462,2.4368,2.4844,16127333.6,40069096.54129
2025-10-12 04:00:00,2.4844,2.5641,2.4778,2.5372,9129938.6,23105307.48419
2025-10-12 08:00:00,2.5371,2.542,2.4679,2.5197,8914657.2,22330773.83778
2025-10-12 12:00:00,2.5197,2.7537,2.485,2.735,31146541.7,81740032.36684
2025-10-12 16:00:00,2.735,2.8514,2.7079,2.8473,25788776.7,71635427.92466
2025-10-12 20:00:00,2.8473,2.8751,2.7397,2.8083,15124099.0,42498724.14791
2025-10-13 00:00:00,2.8084,2.8362,2.7582,2.772,12412645.1,34661814.2697
2025-10-13 04:00:00,2.772,2.8736,2.7459,2.8411,14359819.6,40486808.69205
2025-10-13 08:00:00,2.8411,2.9079,2.773,2.809,21157995.4,60361931.78987
2025-10-13 12:00:00,2.8089,2.9221,2.7873,2.8665,29063226.8,83078629.8957
2025-10-13 16:00:00,2.8665,2.9763,2.84,2.9671,17190252.5,49910916.53267
2025-10-13 20:00:00,2.9672,3.0141,2.9523,2.9907,8799871.5,26305025.8501
2025-10-14 00:00:00,2.9907,2.999,2.8512,2.864,9673148.9,28245282.85933
2025-10-14 04:00:00,2.864,2.8729,2.6722,2.7183,28642569.7,79044104.57685
2025-10-14 08:00:00,2.7182,2.7577,2.6616,2.7228,14845815.1,40344550.70049
2025-10-14 12:00:00,2.7228,2.82,2.6513,2.819,18056779.6,49217007.64533
2025-10-14 16:00:00,2.8191,2.8742,2.7632,2.8042,19302691.9,54563840.07442
2025-10-14 20:00:00,2.8042,2.8431,2.7878,2.8205,3383507.0,9532692.42712
2025-10-15 00:00:00,2.8204,2.8577,2.7843,2.8008,6922960.7,19497575.24489
2025-10-15 04:00:00,2.8009,2.8473,2.7863,2.839,5094163.3,14359490.23689
2025-10-15 08:00:00,2.8389,2.8909,2.7865,2.8065,8718908.1,24683693.92781
2025-10-15 12:00:00,2.8065,2.8175,2.6907,2.7137,16768411.6,46156118.99207
2025-10-15 16:00:00,2.7138,2.7274,2.6817,2.696,7471920.9,20218311.21654
2025-10-15 20:00:00,2.6959,2.712,2.646,2.6799,6958156.8,18628959.77205
2025-10-16 00:00:00,2.6799,2.7183,2.6644,2.6846,3508098.9,9438318.84495
2025-10-16 04:00:00,2.6845,2.7077,2.6572,2.6697,4141669.0,11114681.64382
2025-10-16 08:00:00,2.6698,2.7249,2.5703,2.7163,11825355.1,31506353.05671
2025-10-16 12:00:00,2.7164,2.7424,2.5774,2.5907,16612589.7,44120954.03504
2025-10-16 16:00:00,2.5906,2.6472,2.525,2.5499,18122532.8,46877950.4518
2025-10-16 20:00:00,2.5499,2.5644,2.4976,2.5161,8343065.3,21078208.69151
2025-10-17 00:00:00,2.5161,2.545,2.4769,2.529,8826846.8,22168097.3829
2025-10-17 04:00:00,2.529,2.5396,2.3583,2.3647,22414428.4,54671660.43105
2025-10-17 08:00:00,2.3648,2.4073,2.2804,2.3925,34521874.8,80837949.61601
2025-10-17 12:00:00,2.3925,2.4342,2.3469,2.4323,20915283.1,50047758.42596
2025-10-17 16:00:00,2.4322,2.4734,2.3904,2.4229,11971998.3,29055490.26376
2025-10-17 20:00:00,2.423,2.4694,2.4121,2.4367,5270623.0,12886445.4408
2025-10-18 00:00:00,2.4367,2.4872,2.4314,2.4578,4496310.5,11045031.65991
2025-10-18 04:00:00,2.4578,2.491,2.4175,2.444,5342521.7,13078458.16789
2025-10-18 08:00:00,2.444,2.4877,2.4392,2.4871,4172887.7,10262671.12792
2025-10-18 12:00:00,2.4872,2.5028,2.4463,2.4737,4359162.7,10796366.01939
2025-10-18 16:00:00,2.4738,2.5251,2.4511,2.497,4013189.4,9987784.34426
2025-10-18 20:00:00,2.497,2.5143,2.4862,2.5012,2134382.5,5338487.54552
2025-10-19 00:00:00,2.5012,2.5174,2.4727,2.5087,2395530.8,5955482.11309
2025-10-19 04:00:00,2.5087,2.5114,2.4722,2.4865,2186740.3,5448193.63981
2025-10-19 08:00:00,2.4866,2.6486,2.4418,2.6137,22364490.3,57005761.66007
2025-10-19 12:00:00,2.6137,2.6594,2.5814,2.6269,9229151.6,24182793.77806
2025-10-19 16:00:00,2.6268,2.6424,2.5976,2.6051,7673307.2,20113473.79207
2025-10-19 20:00:00,2.6051,2.6189,2.5734,2.5818,3475960.0,9037366.53866
2025-10-20 00:00:00,2.5817,2.6356,2.521,2.627,6944433.8,17814042.55878
2025-10-20 04:00:00,2.627,2.6796,2.6151,2.6475,7859290.6,20805997.72619
2025-10-20 08:00:00,2.6475,2.666,2.6048,2.6199,5511503.4,14497511.91211
2025-10-20 12:00:00,2.6199,2.6425,2.5968,2.5981,5337109.4,13987643.55485
2025-10-20 16:00:00,2.5981,2.6036,2.5471,2.5885,7784549.1,20028466.69426
2025-10-20 20:00:00,2.5885,2.6045,2.565,2.5747,3012991.9,7785454.32202
2025-10-21 00:00:00,2.5746,2.5764,2.523,2.5288,3719441.1,9469909.77498
2025-10-21 04:00:00,2.5288,2.5288,2.4721,2.5046,8570880.3,21376750.14784
2025-10-21 08:00:00,2.5046,2.5051,2.468,2.4976,4900185.9,12176653.14544
2025-10-21 12:00:00,2.4976,2.6796,2.4864,2.6682,17306260.0,44861132.69699
2025-10-21 16:00:00,2.6681,2.685,2.585,2.5973,13149294.1,34622937.31792
2025-10-21 20:00:00,2.5974,2.6033,2.4789,2.4889,9343844.5,23749565.89847
2025-10-22 00:00:00,2.4888,2.5011,2.4592,2.4724,5854896.5,14537406.52853
2025-10-22 04:00:00,2.4724,2.49,2.3474,2.414,11887157.7,28765466.50092
2025-10-22 08:00:00,2.4139,2.4412,2.3729,2.422,8072339.9,19413822.80941
2025-10-22 12:00:00,2.4221,2.4745,2.3968,2.4433,12712157.0,30906901.48643
2025-10-22 16:00:00,2.4434,2.4577,2.4022,2.4258,8312537.6,20218115.94785
2025-10-22 20:00:00,2.4258,2.4344,2.3383,2.3818,12119300.7,28814520.24478
2025-10-23 00:00:00,2.3819,2.4143,2.3719,2.4027,4405102.0,10555067.25293
2025-10-23 04:00:00,2.4026,2.4723,2.3962,2.4509,5237830.8,12779212.31654
2025-10-23 08:00:00,2.451,2.4749,2.4372,2.4432,4325260.5,10628977.44471
2025-10-23 12:00:00,2.4431,2.48,2.4229,2.4593,7470840.4,18313591.00967
2025-10-23 16:00:00,2.4592,2.5052,2.4499,2.4633,6561923.5,16238103.40537
2025-10-23 20:00:00,2.4632,2.4636,2.4054,2.4296,4967191.9,12063622.92408
2025-10-24 00:00:00,2.4296,2.4396,2.4006,2.4128,4993651.8,12065291.66384
2025-10-24 04:00:00,2.4127,2.491,2.4075,2.4611,7943288.8,19598654.24165
2025-10-24 08:00:00,2.4611,2.4906,2.4465,2.4807,4271385.0,10551630.70305
2025-10-24 12:00:00,2.4808,2.535,2.4423,2.4683,11447731.2,28459858.24541
2025-10-24 16:00:00,2.4683,2.5284,2.4467,2.5105,4401264.7,10966527.45671
2025-10-24 20:00:00,2.5105,2.5255,2.5061,2.5236,2471538.0,6218059.65869
2025-10-25 00:00:00,2.5235,2.5386,2.5124,2.52,3212642.3,8113909.22305
2025-10-25 04:00:00,2.52,2.5393,2.4849,2.4938,3359967.1,8437113.88335
2025-10-25 08:00:00,2.4938,2.5011,2.4662,2.484,3987613.0,9897906.02487
2025-10-25 12:00:00,2.4841,2.5264,2.4825,2.5178,4553352.1,11416837.7844
2025-10-25 16:00:00,2.5178,2.5659,2.5112,2.552,4104179.5,10399120.53629
2025-10-25 20:00:00,2.552,2.5569,2.5271,2.5336,2959128.5,7520136.94949
2025-10-26 00:00:00,2.5336,2.5387,2.4969,2.5084,6054461.1,15235220.18188
2025-10-26 04:00:00,2.5083,2.5392,2.5058,2.5362,2751530.6,6954105.25042
2025-10-26 08:00:00,2.5363,2.6099,2.5363,2.6027,5929300.5,15240757.60853
2025-10-26 12:00:00,2.6027,2.6611,2.5984,2.6404,7472831.8,19661221.88731
2025-10-26 16:00:00,2.6404,2.6433,2.6172,2.632,2989081.3,7866496.54456
2025-10-26 20:00:00,2.6319,2.6833,2.6056,2.6761,5924793.8,15726174.42183
2025-10-27 00:00:00,2.6763,2.7053,2.66,2.6695,6772710.3,18162844.5227
2025-10-27 04:00:00,2.6695,2.7195,2.6378,2.6563,9424056.8,25308679.2982
2025-10-27 08:00:00,2.6562,2.6634,2.6073,2.6358,6759695.7,17797313.49107
2025-10-27 12:00:00,2.6357,2.6365,2.5754,2.6227,6798130.8,17718453.76253
2025-10-27 16:00:00,2.6227,2.6859,2.6227,2.638,6104389.8,16218712.30399
2025-10-27 20:00:00,2.638,2.6388,2.5877,2.6107,5275600.8,13818430.99329
2025-10-28 00:00:00,2.6108,2.633,2.5862,2.5994,3757702.3,9801073.71137
2025-10-28 04:00:00,2.5993,2.643,2.5481,2.6083,7223741.4,18771136.6636
2025-10-28 08:00:00,2.6083,2.6425,2.6077,2.6121,4565375.8,11998045.02703
2025-10-28 12:00:00,2.6121,2.6574,2.5595,2.5949,9581684.0,25044963.06771
2025-10-28 16:00:00,2.5949,2.6189,2.5275,2.5429,7603434.4,19608308.9214
2025-10-28 20:00:00,2.543,2.543,2.4615,2.5055,13045315.5,32644255.82103
2025-10-29 00:00:00,2.5054,2.5151,2.4907,2.4988,3032150.1,7585386.7359
2025-10-29 04:00:00,2.4987,2.5119,2.4919,2.5036,3606871.2,9015902.52564
2025-10-29 08:00:00,2.5036,2.5399,2.479,2.5343,4302200.8,10780732.31121
2025-10-29 12:00:00,2.5343,2.5573,2.4836,2.4945,6408191.0,16163886.46402
2025-10-29 16:00:00,2.4945,2.5807,2.434,2.5493,20206084.2,50898229.14518
2025-10-29 20:00:00,2.5493,2.5922,2.495,2.5119,6953060.7,17750909.22534
2025-10-30 00:00:00,2.512,2.541,2.4835,2.5162,4523509.4,11369952.58105
2025-10-30 04:00:00,2.5162,2.5233,2.4042,2.5114,12091410.5,29716767.26173
2025-10-30 08:00:00,2.5113,2.5127,2.4301,2.4322,5712450.1,14074523.43451
2025-10-30 12:00:00,2.4322,2.4349,2.2811,2.2868,24986168.8,58611317.03847
2025-10-30 16:00:00,2.2868,2.3027,2.2088,2.2146,14960615.6,33778249.67282
2025-10-30 20:00:00,2.2145,2.294,2.2078,2.2907,11431765.2,25781743.05207
2025-10-31 00:00:00,2.2908,2.3457,2.2872,2.3307,8027198.3,18627583.8901
2025-10-31 04:00:00,2.3308,2.3582,2.328,2.338,4951591.7,11610374.2098
2025-10-31 08:00:00,2.338,2.3767,2.3239,2.3736,4275815.2,10054358.32062
2025-10-31 12:00:00,2.3736,2.4006,2.3471,2.3717,6605879.7,15694844.54834
2025-10-31 16:00:00,2.3717,2.3961,2.2989,2.3897,7704622.5,18029006.63236
2025-10-31 20:00:00,2.3896,2.3896,2.3515,2.3636,3191318.2,7557126.39353
2025-11-01 00:00:00,2.3636,2.3847,2.3318,2.3791,3602578.6,8495273.53207
2025-11-01 04:00:00,2.3792,2.3937,2.3485,2.3811,3653513.4,8660154.47565
2025-11-01 08:00:00,2.381,2.3967,2.372,2.3813,2858605.7,6813507.55457
2025-11-01 12:00:00,2.3813,2.3887,2.3428,2.3761,4500113.4,10651016.89837
2025-11-01 16:00:00,2.3761,2.3959,2.3706,2.3855,3463313.1,8251480.01835
2025-11-01 20:00:00,2.3856,2.4034,2.3615,2.3795,2271049.0,5411320.45332
2025-11-02 00:00:00,2.3795,2.3797,2.3461,2.3546,2641119.2,6232233.46795
2025-11-02 04:00:00,2.3546,2.3958,2.3507,2.3926,3546814.5,8408920.01654
2025-11-02 08:00:00,2.3926,2.3967,2.3338,2.3727,4270806.0,10083161.57237
2025-11-02 12:00:00,2.3727,2.3735,2.3025,2.3141,4644365.0,10835240.84694
2025-11-02 16:00:00,2.3141,2.3276,2.283,2.3068,4367929.5,10083893.74126
2025-11-02 20:00:00,2.3068,2.3609,2.2957,2.354,3399330.8,7920889.25316
2025-11-03 00:00:00,2.354,2.3629,2.2017,2.2082,9531733.6,21614313.74141
2025-11-03 04:00:00,2.2081,2.2301,2.1556,2.1943,10150372.3,22277894.12471
2025-11-03 08:00:00,2.1943,2.2259,2.1535,2.1774,6743739.5,14760675.15025
2025-11-03 12:00:00,2.1774,2.1925,1.994,2.0428,28235794.2,59159771.56986
2025-11-03 16:00:00,2.0428,2.1377,2.0327,2.0843,14415049.6,30076549.22013
2025-11-03 20:00:00,2.0844,2.089,2.031,2.0698,9251009.6,19041807.68304
2025-11-04 00:00:00,2.0698,2.1075,2.0421,2.0872,8444270.9,17581902.89825
2025-11-04 04:00:00,2.0872,2.0944,1.9756,1.9903,23095919.7,46731547.69042
2025-11-04 08:00:00,1.9903,2.0764,1.9896,2.0714,16652256.5,33951540.86068
2025-11-04 12:00:00,2.0715,2.0862,2.004,2.0233,14553033.4,29785670.35112
2025-11-04 16:00:00,2.0233,2.0479,1.8886,1.9276,31791912.0,62158466.3607
2025-11-04 20:00:00,1.9277,2.0035,1.8202,1.9754,39336654.3,74973211.76027
2025-11-05 00:00:00,1.9754,2.0328,1.8797,2.0277,20060553.7,39325124.36661
2025-11-05 04:00:00,2.0276,2.0365,2.0048,2.0285,7407139.5,14987913.50016
2025-11-05 08:00:00,2.0285,2.0559,1.9843,2.0495,9240664.5,18671608.29763
2025-11-05 12:00:00,2.0495,2.0698,2.0176,2.0418,11533897.6,23566756.36297
2025-11-05 16:00:00,2.0419,2.0592,2.013,2.0301,11612699.7,23631578.51733
2025-11-05 20:00:00,2.0301,2.0456,2.0141,2.0322,5585683.0,11338931.21757
2025-11-06 00:00:00,2.0321,2.057,1.9948,2.0449,7440386.3,15084218.31295
2025-11-06 04:00:00,2.0449,2.052,1.9833,1.9925,6417221.8,12925372.09036
2025-11-06 08:00:00,1.9925,2.0094,1.9752,1.9928,5552376.5,11064831.26145
2025-11-06 12:00:00,1.9927,2.0117,1.9303,1.9372,15836168.6,31227833.84805
2025-11-06 16:00:00,1.9372,1.976,1.9023,1.9644,10040820.5,19471007.49031
2025-11-06 20:00:00,1.9644,1.9869,1.9397,1.9677,5657633.8,11114545.81609
2025-11-07 00:00:00,1.9677,2.0117,1.9528,2.0061,8273131.5,16419464.3004
2025-11-07 04:00:00,2.0062,2.0286,1.9854,2.021,5163284.9,10388192.87027
2025-11-07 08:00:00,2.021,2.0293,1.948,1.9729,8978598.8,17796425.52927
2025-11-07 12:00:00,1.9729,2.0704,1.9293,2.06,18119820.3,36018488.73487
2025-11-07 16:00:00,2.06,2.1943,2.026,2.1713,21318986.2,45184029.5582
2025-11-07 20:00:00,2.1713,2.1919,2.1351,2.1449,6647288.9,14432737.41793
2025-11-08 00:00:00,2.1449,2.2003,2.1338,2.1427,9275437.6,20081648.87782
2025-11-08 04:00:00,2.1427,2.1786,2.1163,2.1613,10294160.9,22032837.83401
2025-11-08 08:00:00,2.1614,2.167,2.1194,2.1282,5751317.5,12340652.72648
2025-11-08 12:00:00,2.1282,2.1374,2.0613,2.0713,8166646.7,17113115.78276
2025-11-08 16:00:00,2.0714,2.1139,2.0608,2.0999,5271909.0,11018454.48057
2025-11-08 20:00:00,2.0998,2.1261,2.0913,2.1224,2661387.0,5623730.00864
2025-11-09 00:00:00,2.1224,2.1233,2.05,2.0602,4471403.0,9308528.40823
2025-11-09 04:00:00,2.0603,2.113,2.0572,2.1046,3782779.1,7875566.09012
2025-11-09 08:00:00,2.1046,2.1085,2.058,2.0918,5524143.0,11525061.12558
2025-11-09 12:00:00,2.0918,2.1403,2.0871,2.123,9224236.4,19497322.80732
2025-11-09 16:00:00,2.1231,2.167,2.1067,2.1653,6760469.4,14416175.0173
2025-11-09 20:00:00,2.1652,2.1716,2.132,2.1447,5892265.9,12685287.36353
2025-11-10 00:00:00,2.1446,2.1909,2.1276,2.1761,8833805.8,19137870.86222
2025-11-10 04:00:00,2.176,2.1946,2.164,2.1759,5129979.3,11181806.82325
2025-11-10 08:00:00,2.1758,2.231,2.1452,2.1959,7276335.8,15938372.31351
2025-11-10 12:00:00,2.1958,2.2213,2.1357,2.1493,9006140.3,19583274.65054
2025-11-10 16:00:00,2.1492,2.1698,2.1234,2.1499,5523834.9,11867110.39641
2025-11-10 20:00:00,2.1498,2.18,2.1131,2.1631,5271256.2,11327723.03682
2025-11-11 00:00:00,2.1631,2.2064,2.117,2.1927,9261494.0,20059415.05442
2025-11-11 04:00:00,2.1926,2.1956,2.0351,2.0843,9190645.8,19520245.18883
2025-11-11 08:00:00,2.0844,2.1059,2.0715,2.0934,5623949.3,11758161.56492
2025-11-11 12:00:00,2.0935,2.1089,2.0678,2.0788,6906144.6,14413803.80209
2025-11-11 16:00:00,2.0788,2.0951,2.0368,2.0415,5630377.3,11643366.55752
2025-11-11 20:00:00,2.0416,2.0457,2.002,2.0079,5122982.6,10361815.11278
2025-11-12 00:00:00,2.008,2.0345,1.9944,2.0233,4120690.6,8314019.34673
2025-11-12 04:00:00,2.0233,2.0462,2.01,2.0121,3695908.2,7495123.24112
2025-11-12 08:00:00,2.0121,2.0828,2.0121,2.0693,5323288.5,10956867.86378
2025-11-12 12:00:00,2.0693,2.0987,1.9893,1.9974,8361010.0,17094508.23304
2025-11-12 16:00:00,1.9975,2.0051,1.9492,1.9641,9368470.6,18516098.41811
2025-11-12 20:00:00,1.964,1.9891,1.9581,1.9676,3059974.4,6041624.35429
2025-11-13 00:00:00,1.9675,2.0253,1.9497,2.0049,5101555.8,10132357.98395
2025-11-13 04:00:00,2.005,2.0393,1.9898,2.0232,5488676.1,11076141.06805
2025-11-13 08:00:00,2.0232,2.0361,2.005,2.0196,4840974.6,9782172.10062
2025-11-13 12:00:00,2.0196,2.0543,1.9856,1.995,10394268.3,20962888.11881
2025-11-13 16:00:00,1.9949,1.9993,1.8352,1.8435,16527774.6,31386849.85741
2025-11-13 20:00:00,1.8435,1.8907,1.8208,1.8725,11734416.7,21707575.96888
2025-11-14 00:00:00,1.8725,1.8789,1.8349,1.8429,8385763.1,15579743.33171
2025-11-14 04:00:00,1.8429,1.8549,1.7626,1.8433,16947521.1,30746282.50317
2025-11-14 08:00:00,1.8433,1.8437,1.7725,1.79,13150911.1,23759497.84635
2025-11-14 12:00:00,1.79,1.8213,1.7422,1.8006,21011209.5,37342637.80584
2025-11-14 16:00:00,1.8007,1.8208,1.7733,1.8085,8936484.6,16055430.32757
2025-11-14 20:00:00,1.8084,1.8098,1.7054,1.7406,8341595.0,14620283.95319
2025-11-15 00:00:00,1.7407,1.7985,1.7373,1.7918,5228347.4,9263117.32537
2025-11-15 04:00:00,1.7919,1.8071,1.7796,1.7832,3358233.7,6019661.56589
2025-11-15 08:00:00,1.7832,1.7847,1.7434,1.7563,3993339.5,7027925.17707
2025-11-15 12:00:00,1.7563,1.7949,1.7528,1.7847,4068932.7,7255050.46182
2025-11-15 16:00:00,1.7846,1.7962,1.7679,1.7861,3779348.8,6742523.5741
2025-11-15 20:00:00,1.7862,1.7868,1.7536,1.7696,3025751.7,5354213.00131
2025-11-16 00:00:00,1.7697,1.7731,1.7167,1.765,5131810.8,8968453.57265
2025-11-16 04:00:00,1.7651,1.7747,1.7483,1.7658,2464954.1,4345203.00289
2025-11-16 08:00:00,1.7658,1.781,1.709,1.7195,6875944.3,12013462.44677
2025-11-16 12:00:00,1.7194,1.7287,1.667,1.6702,12626467.8,21395083.77119
2025-11-16 16:00:00,1.6701,1.6988,1.642,1.6633,15724752.9,26216920.78441
2025-11-16 20:00:00,1.6633,1.6955,1.6427,1.6792,10034748.1,16702744.13092
2025-11-17 00:00:00,1.6792,1.7058,1.6548,1.7052,8085942.9,13640143.54468
2025-11-17 04:00:00,1.7052,1.7289,1.7021,1.7229,5946178.5,10187000.33261
2025-11-17 08:00:00,1.7229,1.7346,1.7098,1.7233,5569716.1,9595534.19483
2025-11-17 12:00:00,1.7233,1.7353,1.6259,1.6541,22223922.3,37302373.92116
2025-11-17 16:00:00,1.6541,1.6971,1.5861,1.5964,17703740.5,28893265.85178
2025-11-17 20:00:00,1.5964,1.6237,1.5804,1.6181,9804650.1,15702738.08991
2025-11-18 00:00:00,1.6181,1.6564,1.5789,1.6434,14295093.1,23162391.94724
2025-11-18 04:00:00,1.6435,1.6599,1.6147,1.6424,12154858.1,19893549.52245
2025-11-18 08:00:00,1.6424,1.6625,1.6403,1.6504,5313422.9,8777943.35523
2025-11-18 12:00:00,1.6505,1.6788,1.6182,1.6674,10507557.0,17317610.84097
2025-11-18 16:00:00,1.6675,1.6993,1.6618,1.6888,6814705.3,11480784.02855
2025-11-18 20:00:00,1.6887,1.6932,1.6592,1.6686,4739851.5,7958677.15155
2025-11-19 00:00:00,1.6686,1.6793,1.6438,1.649,4504004.8,7483336.05978
2025-11-19 04:00:00,1.6489,1.6611,1.6098,1.6561,6664685.8,10912255.87381
2025-11-19 08:00:00,1.6559,1.6651,1.6415,1.6453,3482015.2,5753337.37215
2025-11-19 12:00:00,1.6454,1.6563,1.5822,1.5837,11264592.0,18234207.77545
2025-11-19 16:00:00,1.5836,1.5915,1.5088,1.5182,15219504.5,23531819.6829
2025-11-19 20:00:00,1.5182,1.6105,1.5113,1.6069,11819632.0,18508470.94562
2025-11-20 00:00:00,1.6068,1.6441,1.5969,1.6302,7533119.3,12236163.27171
2025-11-20 04:00:00,1.6302,1.6455,1.6182,1.6411,4378080.9,7148099.05075
2025-11-20 08:00:00,1.6412,1.6439,1.6147,1.6321,4479508.9,7292921.35472
2025-11-20 12:00:00,1.6321,1.661,1.5792,1.5813,13391534.2,21724600.03324
2025-11-20 16:00:00,1.5813,1.5833,1.4812,1.4984,24811300.9,37559120.55799
2025-11-20 20:00:00,1.4983,1.5507,1.4863,1.4968,7942079.1,12055797.14623
2025-11-21 00:00:00,1.4969,1.5194,1.4688,1.4809,11214155.5,16782244.84982
2025-11-21 04:00:00,1.4808,1.4961,1.3221,1.3912,31014595.1,44091302.52197
2025-11-21 08:00:00,1.3913,1.4129,1.3265,1.337,23534923.7,32218605.16439
2025-11-21 12:00:00,1.3371,1.4144,1.3156,1.3606,36199011.5,49522373.64338
2025-11-21 16:00:00,1.3606,1.4196,1.3378,1.3879,20392307.5,28167158.20563
2025-11-21 20:00:00,1.3878,1.4016,1.343,1.3908,10117399.4,13931449.52264
2025-11-22 00:00:00,1.3908,1.3994,1.3734,1.3781,6134877.3,8507937.64533
2025-11-22 04:00:00,1.3781,1.3794,1.3437,1.3733,7762574.6,10555943.39196
2025-11-22 08:00:00,1.3733,1.3734,1.3302,1.3497,7500745.8,10091859.0251
2025-11-22 12:00:00,1.3498,1.3543,1.3111,1.3233,10427930.4,13897318.55319
2025-11-22 16:00:00,1.3234,1.3501,1.3191,1.3364,6528683.2,8711317.87994
2025-11-22 20:00:00,1.3364,1.3682,1.3182,1.3451,5148660.2,6906134.31448
2025-11-23 00:00:00,1.345,1.3956,1.3415,1.3906,9964756.2,13689698.90908
2025-11-23 04:00:00,1.3907,1.408,1.3469,1.3596,10706331.4,14776940.15704
2025-11-23 08:00:00,1.3596,1.3783,1.3567,1.372,4982730.9,6819922.64263
2025-11-23 12:00:00,1.372,1.3887,1.3516,1.3754,8866393.3,12171026.66731
2025-11-23 16:00:00,1.3754,1.3889,1.3582,1.3818,6634561.9,9116860.08443
2025-11-23 20:00:00,1.3818,1.3975,1.3637,1.3685,7132925.4,9859699.22551
2025-11-24 00:00:00,1.3684,1.4022,1.342,1.3912,10837551.4,14858609.20942
2025-11-24 04:00:00,1.3912,1.4187,1.3675,1.3943,9647612.9,13463320.86863
2025-11-24 08:00:00,1.3942,1.3953,1.355,1.3835,6496093.5,8923914.91366
2025-11-24 12:00:00,1.3835,1.4049,1.3555,1.3993,12754553.9,17593457.35011
2025-11-24 16:00:00,1.3993,1.5672,1.399,1.5241,31116348.3,46586251.37312
2025-11-24 20:00:00,1.5241,1.567,1.5233,1.5273,12618587.2,19469811.83392
2025-11-25 00:00:00,1.5273,1.5555,1.5212,1.5356,7911984.4,12181862.40369
2025-11-25 04:00:00,1.5355,1.5727,1.5236,1.5261,9694032.2,15021508.79747
2025-11-25 08:00:00,1.5262,1.5477,1.4963,1.529,9671131.3,14715201.91243
2025-11-25 12:00:00,1.5291,1.5422,1.4634,1.4868,17112601.0,25670056.76271
2025-11-25 16:00:00,1.4868,1.5132,1.4593,1.4833,11751393.0,17498223.35107
2025-11-25 20:00:00,1.4833,1.6181,1.4833,1.5636,15851147.7,24574262.14498
2025-11-26 00:00:00,1.5637,1.5663,1.5184,1.5211,8098385.9,12528752.41634
2025-11-26 04:00:00,1.5212,1.5421,1.514,1.5417,3987729.4,6091802.17585
2025-11-26 08:00:00,1.5417,1.5424,1.4992,1.5016,6790146.4,10307987.27915
2025-11-26 12:00:00,1.5015,1.5094,1.4698,1.4808,10838047.8,16075250.87208
2025-11-26 16:00:00,1.4808,1.5565,1.4805,1.5452,13202159.7,20127318.45177
2025-11-26 20:00:00,1.5452,1.564,1.5346,1.5434,5087434.8,7870061.71501
2025-11-27 00:00:00,1.5433,1.5784,1.5346,1.548,6616068.5,10300497.30815
2025-11-27 04:00:00,1.548,1.5657,1.5351,1.5436,5257214.4,8135074.43021
2025-11-27 08:00:00,1.5436,1.5543,1.5225,1.5322,5013246.1,7697122.84017
2025-11-27 12:00:00,1.5322,1.5508,1.5174,1.5462,4842955.3,7409377.62233
2025-11-27 16:00:00,1.5461,1.581,1.5451,1.5724,4852557.2,7604607.55527
2025-11-27 20:00:00,1.5725,1.5845,1.5351,1.5431,5081374.6,7911383.69736
2025-11-28 00:00:00,1.5432,1.5504,1.5129,1.5386,4348651.3,6657318.53207
2025-11-28 04:00:00,1.5386,1.5421,1.5107,1.5194,5999084.2,9156551.95817
2025-11-28 08:00:00,1.5194,1.5783,1.5192,1.5408,6509054.3,10107849.84963
2025-11-28 12:00:00,1.5407,1.6002,1.5396,1.5838,10389230.0,16371517.57602
2025-11-28 16:00:00,1.5837,1.584,1.5041,1.5325,9385050.6,14394566.67413
2025-11-28 20:00:00,1.5325,1.5363,1.5122,1.5212,3670291.8,5596823.07882
2025-11-29 00:00:00,1.5213,1.5309,1.5113,1.5134,2135516.6,3243928.49546
2025-11-29 04:00:00,1.5135,1.5254,1.4951,1.5058,2975656.9,4488582.64853
2025-11-29 08:00:00,1.5058,1.5203,1.4927,1.5131,2603420.1,3920572.92041
2025-11-29 12:00:00,1.5131,1.5155,1.4971,1.5123,2626960.6,3957437.95551
2025-11-29 16:00:00,1.5123,1.5126,1.4858,1.494,3528545.2,5282363.99432
2025-11-29 20:00:00,1.494,1.5038,1.4889,1.4989,1656888.2,2481636.38126
2025-11-30 00:00:00,1.4988,1.5187,1.4949,1.5162,2361670.7,3554767.10595
2025-11-30 04:00:00,1.5162,1.5236,1.4974,1.5233,2076144.1,3133713.17163
2025-11-30 08:00:00,1.5232,1.5496,1.519,1.5263,6356934.6,9745657.02549
2025-11-30 12:00:00,1.5264,1.5704,1.5234,1.5444,6476290.7,10031501.96291
2025-11-30 16:00:00,1.5444,1.5553,1.5366,1.5432,2431783.6,3758753.62011
2025-11-30 20:00:00,1.5431,1.5492,1.4951,1.4969,4095539.1,6251396.88621
2025-12-01 00:00:00,1.4968,1.5013,1.3697,1.3742,21095918.8,29858321.198
2025-12-01 04:00:00,1.3742,1.3819,1.3582,1.3712,9495366.6,13011231.7263
2025-12-01 08:00:00,1.3713,1.388,1.3475,1.3502,6984870.2,9566162.0641
2025-12-01 12:00:00,1.3503,1.3646,1.3039,1.3287,13545680.3,18114242.83207
2025-12-01 16:00:00,1.3288,1.3296,1.3072,1.3166,6169464.3,8138794.81447
2025-12-01 20:00:00,1.3166,1.3577,1.3161,1.3453,7912005.2,10602288.12572
2025-12-02 00:00:00,1.3452,1.368,1.3357,1.3517,3633103.1,4903614.69239
2025-12-02 04:00:00,1.3519,1.3646,1.3453,1.3477,2956229.0,4005290.4424
2025-12-02 08:00:00,1.3476,1.3857,1.3318,1.3837,4817489.6,6534149.05372
2025-12-02 12:00:00,1.3838,1.6264,1.3759,1.6047,24906427.0,37495902.01883
2025-12-02 16:00:00,1.6048,1.625,1.5766,1.6043,19482420.7,31145216.16463
2025-12-02 20:00:00,1.6044,1.651,1.5844,1.6279,14240820.0,23046968.55254
2025-12-03 00:00:00,1.6279,1.6899,1.6165,1.6354,12884327.4,21175952.88664
2025-12-03 04:00:00,1.6353,1.7807,1.6345,1.753,25945086.7,44835623.07908
2025-12-03 08:00:00,1.7531,1.7911,1.6942,1.7137,17452026.4,30240261.99175
2025-12-03 12:00:00,1.7136,1.7295,1.6621,1.6944,17363472.1,29435518.0743
2025-12-03 16:00:00,1.6943,1.7081,1.6572,1.6722,9423312.1,15839454.48285
2025-12-03 20:00:00,1.6722,1.7249,1.6678,1.6901,12223692.8,20651455.07501
2025-12-04 00:00:00,1.6901,1.72,1.6653,1.674,7794784.7,13188995.15802
2025-12-04 04:00:00,1.674,1.6797,1.6524,1.6686,5940219.7,9896287.48317
2025-12-04 08:00:00,1.6687,1.685,1.6591,1.6714,4223870.4,7073875.73776
2025-12-04 12:00:00,1.6715,1.7129,1.6421,1.6967,10926388.4,18239699.31777
2025-12-04 16:00:00,1.6967,1.6973,1.6121,1.6439,11808930.0,19572702.09661
2025-12-04 20:00:00,1.6439,1.6708,1.636,1.6585,4374472.0,7233167.04693
2025-12-05 00:00:00,1.6584,1.6772,1.6448,1.6507,4961243.6,8248168.53801
2025-12-05 04:00:00,1.6507,1.6549,1.627,1.6445,5373238.6,8801232.22154
2025-12-05 08:00:00,1.6445,1.6445,1.6062,1.6222,6165899.3,10013453.12929
2025-12-05 12:00:00,1.622,1.6691,1.602,1.6362,13411816.6,21865648.5342
2025-12-05 16:00:00,1.6363,1.6383,1.5372,1.568,17333082.8,27335485.43496
2025-12-05 20:00:00,1.568,1.5715,1.5326,1.5558,5930204.3,9194137.47331
2025-12-06 00:00:00,1.5557,1.5641,1.5432,1.5557,3292191.7,5112110.06636
2025-12-06 04:00:00,1.5557,1.5557,1.5215,1.5244,3991358.4,6133795.66687
2025-12-06 08:00:00,1.5245,1.5367,1.5105,1.5232,6197032.2,9425208.75816
2025-12-06 12:00:00,1.5232,1.5398,1.5114,1.5241,6694519.3,10200831.81428
2025-12-06 16:00:00,1.5241,1.5619,1.5224,1.541,7066885.7,10924144.03992
2025-12-06 20:00:00,1.541,1.5656,1.5402,1.5638,3573223.6,5555638.03837
2025-12-07 00:00:00,1.5637,1.5979,1.5597,1.5934,5796554.6,9167131.4207
2025-12-07 04:00:00,1.5934,1.5952,1.5689,1.573,4613709.6,7296497.20602
2025-12-07 08:00:00,1.573,1.5882,1.5557,1.5682,4275988.3,6711303.10118
2025-12-07 12:00:00,1.5682,1.5995,1.5123,1.5839,14170105.7,21941829.67214
2025-12-07 16:00:00,1.5839,1.6606,1.549,1.6503,18257087.5,29499689.10529
2025-12-07 20:00:00,1.6503,1.6549,1.5441,1.5839,13332960.1,21246133.42539
2025-12-08 00:00:00,1.5841,1.6382,1.5719,1.6082,9403342.2,15111596.94933
2025-12-08 04:00:00,1.6083,1.6358,1.6057,1.6219,5818577.5,9448414.50942
2025-12-08 08:00:00,1.6219,1.6593,1.6151,1.6268,7978108.0,13044143.75168
2025-12-08 12:00:00,1.6268,1.6428,1.5862,1.6106,13258322.5,21390166.41937
2025-12-08 16:00:00,1.6106,1.6302,1.5935,1.6052,8498142.0,13681599.84988
2025-12-08 20:00:00,1.6052,1.6378,1.6048,1.6103,4394123.2,7118878.58875
2025-12-09 00:00:00,1.6104,1.6149,1.5771,1.5969,4643535.6,7393577.16153
2025-12-09 04:00:00,1.597,1.6148,1.5722,1.6133,4103154.5,6524128.03479
2025-12-09 08:00:00,1.6133,1.625,1.5927,1.6048,4423624.8,7114024.56934
2025-12-09 12:00:00,1.6048,1.6614,1.5896,1.658,11443495.3,18562883.94444
2025-12-09 16:00:00,1.658,1.7281,1.658,1.6873,18463275.6,31350288.24542
2025-12-09 20:00:00,1.6872,1.6925,1.6308,1.6595,8182948.8,13585950.05915
2025-12-10 00:00:00,1.6595,1.6731,1.6317,1.6344,5020337.8,8274418.17573
2025-12-10 04:00:00,1.6344,1.6449,1.6168,1.6266,5555830.2,9067563.11096
2025-12-10 08:00:00,1.6267,1.6512,1.5996,1.6125,7955162.8,12889213.31474
2025-12-10 12:00:00,1.6124,1.6208,1.6007,1.6106,5150259.0,8298868.69581
2025-12-10 16:00:00,1.6107,1.6894,1.6064,1.6682,20167336.7,33318059.2076
2025-12-10 20:00:00,1.6683,1.7173,1.6027,1.6147,17421302.9,28866228.47571
2025-12-11 00:00:00,1.6146,1.6203,1.5329,1.5365,11932766.9,18673801.64352
2025-12-11 04:00:00,1.5366,1.5649,1.5294,1.5489,6442067.3,9988579.37525
2025-12-11 08:00:00,1.5489,1.5511,1.5352,1.5451,3799194.2,5863286.30345
2025-12-11 12:00:00,1.5451,1.5614,1.52,1.5417,9168506.4,14116404.40428
2025-12-11 16:00:00,1.5416,1.5807,1.5268,1.5608,8359203.8,13016103.22806
2025-12-11 20:00:00,1.561,1.6355,1.5589,1.6121,13166994.7,21170772.68193
2025-12-12 00:00:00,1.612,1.6452,1.5944,1.628,7101695.3,11529202.35342
2025-12-12 04:00:00,1.6279,1.6648,1.6218,1.6593,6426645.1,10566096.42962
2025-12-12 08:00:00,1.6593,1.6596,1.6264,1.6445,5059690.2,8303074.53346
2025-12-12 12:00:00,1.6444,1.6613,1.5605,1.5655,13515469.5,21810328.05544
2025-12-12 16:00:00,1.5654,1.5779,1.5376,1.5585,12245956.7,19068776.48138
2025-12-12 20:00:00,1.5585,1.5711,1.5522,1.5594,3119329.0,4867262.93881
2025-12-13 00:00:00,1.5595,1.5873,1.5562,1.5789,2723552.1,4286259.6546
2025-12-13 04:00:00,1.5789,1.5907,1.574,1.5854,2531400.2,4000153.17397
2025-12-13 08:00:00,1.5854,1.619,1.5842,1.607,4863604.9,7811936.59494
2025-12-13 12:00:00,1.607,1.6176,1.5953,1.6039,5029122.4,8070767.56486
2025-12-13 16:00:00,1.6039,1.6145,1.5978,1.6122,2849929.0,4582040.10913
2025-12-13 20:00:00,1.6123,1.6134,1.5863,1.6051,3295108.8,5271290.95418
2025-12-14 00:00:00,1.6052,1.63,1.5959,1.606,3458961.3,5580693.34768
2025-12-14 04:00:00,1.6059,1.6121,1.5876,1.5998,2951591.1,4714962.85014
2025-12-14 08:00:00,1.5998,1.6133,1.5704,1.6,6019625.3,9601148.08521
2025-12-14 12:00:00,1.6,1.6431,1.5817,1.5862,12435241.0,20042950.29863
2025-12-14 16:00:00,1.5861,1.6046,1.5564,1.5629,6481840.9,10210270.98254
2025-12-14 20:00:00,1.5629,1.5734,1.5248,1.5535,7581143.4,11759847.62828
2025-12-15 00:00:00,1.5534,1.6046,1.5478,1.5696,6743881.5,10623707.03394
2025-12-15 04:00:00,1.5696,1.5859,1.5577,1.5657,7433687.6,11683063.68673
2025-12-15 08:00:00,1.5657,1.5792,1.5595,1.5655,3045919.1,4780337.7573
2025-12-15 12:00:00,1.5654,1.5803,1.4657,1.4865,20309907.3,30759978.81156
2025-12-15 16:00:00,1.4866,1.4932,1.4305,1.4607,11916081.9,17431668.27849
2025-12-15 20:00:00,1.4606,1.4726,1.4417,1.4708,7331009.2,10679748.00797
2025-12-16 00:00:00,1.4708,1.4775,1.4403,1.4563,5773452.4,8409801.00322
2025-12-16 04:00:00,1.4563,1.482,1.4383,1.4542,4987314.4,7297704.38681
2025-12-16 08:00:00,1.4542,1.5178,1.4535,1.5148,6022339.6,8953230.15157
2025-12-16 12:00:00,1.5147,1.5345,1.4783,1.526,17785203.6,26827981.87057
2025-12-16 16:00:00,1.526,1.5272,1.4978,1.5101,7350130.9,11107884.80308
2025-12-16 20:00:00,1.51,1.5264,1.5023,1.5114,3652471.1,5526977.70357
2025-12-17 00:00:00,1.5113,1.5154,1.4801,1.4904,4918453.0,7363068.0657
2025-12-17 04:00:00,1.4904,1.4937,1.468,1.4853,5490020.5,8130114.9299
2025-12-17 08:00:00,1.4853,1.4853,1.4613,1.4783,3879142.6,5710801.45036
2025-12-17 12:00:00,1.4783,1.5465,1.462,1.474,20073255.7,30159989.44744
2025-12-17 16:00:00,1.4739,1.4849,1.4021,1.4248,19574960.1,28104739.68445
2025-12-17 20:00:00,1.4248,1.4414,1.4108,1.4236,4889975.0,6970261.84255
2025-12-18 00:00:00,1.4237,1.4256,1.3972,1.4086,4778701.9,6746714.52915
2025-12-18 04:00:00,1.4087,1.415,1.3918,1.3978,5084172.0,7124197.42784
2025-12-18 08:00:00,1.3978,1.411,1.3941,1.4014,4874058.2,6839784.00668
2025-12-18 12:00:00,1.4015,1.4748,1.3987,1.4364,19362256.8,27900382.2706
2025-12-18 16:00:00,1.4362,1.4411,1.3268,1.3309,22793698.8,31283274.92501
2025-12-18 20:00:00,1.3308,1.3623,1.3294,1.3466,7035550.4,9480123.72922
2025-12-19 00:00:00,1.3467,1.3967,1.3283,1.3786,10877625.3,14754421.6118
2025-12-19 04:00:00,1.3786,1.4635,1.375,1.4351,10469013.0,14770335.22822
2025-12-19 08:00:00,1.435,1.4406,1.4162,1.429,6286088.0,8972013.04896
2025-12-19 12:00:00,1.4291,1.4798,1.422,1.4359,11412208.5,16497348.50566
2025-12-19 16:00:00,1.4358,1.4904,1.4327,1.4791,10607821.0,15466733.3195
2025-12-19 20:00:00,1.4792,1.4979,1.4657,1.4821,5380665.5,7978793.00696
2025-12-20 00:00:00,1.4821,1.4824,1.4631,1.4732,2633428.3,3873067.40117
2025-12-20 04:00:00,1.4731,1.4747,1.4577,1.4735,3803510.6,5582157.00617
2025-12-20 08:00:00,1.4735,1.4854,1.4635,1.4739,2766811.2,4081319.08633
2025-12-20 12:00:00,1.4739,1.4752,1.4535,1.4626,3342794.3,4886491.77503
2025-12-20 16:00:00,1.4627,1.4649,1.4512,1.4558,1906609.1,2781059.17517
2025-12-20 20:00:00,1.4557,1.4611,1.452,1.4545,1682148.4,2448243.52854
2025-12-21 00:00:00,1.4544,1.4607,1.4354,1.4452,2497887.1,3613546.81829
2025-12-21 04:00:00,1.4452,1.448,1.4393,1.4432,1648842.1,2378317.56233
2025-12-21 08:00:00,1.4431,1.4774,1.4385,1.4593,5306290.9,7756175.44436
2025-12-21 12:00:00,1.4593,1.4686,1.4139,1.4306,8457546.9,12111462.26372
2025-12-21 16:00:00,1.4306,1.4504,1.4236,1.4458,3863258.1,5561871.95387
2025-12-21 20:00:00,1.4458,1.4583,1.4284,1.4453,2768315.4,3990973.29681
2025-12-22 00:00:00,1.4453,1.4832,1.4295,1.4532,7853270.4,11443398.3582
2025-12-22 04:00:00,1.4533,1.4645,1.4451,1.4548,2868353.9,4172631.29097
2025-12-22 08:00:00,1.4548,1.4764,1.453,1.4693,5539014.0,8119729.12048
2025-12-22 12:00:00,1.4694,1.4918,1.4636,1.4819,8024068.1,11846047.62646
2025-12-22 16:00:00,1.4818,1.4899,1.4349,1.4387,5749495.5,8417993.55461
2025-12-22 20:00:00,1.4387,1.4637,1.4317,1.4626,3725993.6,5391380.25633
2025-12-23 00:00:00,1.4626,1.4709,1.4362,1.4482,3275804.7,4765979.89879
2025-12-23 04:00:00,1.4481,1.4535,1.4248,1.4275,3936057.6,5649032.40114
2025-12-23 08:00:00,1.4275,1.4455,1.4259,1.4439,2225785.3,3194386.36352
2025-12-23 12:00:00,1.4439,1.4447,1.4052,1.4319,6832305.8,9755128.36413
2025-12-23 16:00:00,1.4319,1.448,1.42,1.442,5028918.4,7231141.43647
2025-12-23 20:00:00,1.4421,1.4577,1.4262,1.4362,2919201.8,4201295.10299
2025-12-24 00:00:00,1.4363,1.4398,1.3949,1.4144,4784214.3,6765117.08341
2025-12-24 04:00:00,1.4143,1.4183,1.3961,1.4033,4641526.1,6533558.59541
2025-12-24 08:00:00,1.4034,1.417,1.396,1.4123,2738358.3,3851523.52438
2025-12-24 12:00:00,1.4124,1.4235,1.3884,1.4148,5161478.1,7271678.37637
2025-12-24 16:00:00,1.4147,1.4295,1.4075,1.4168,4521904.1,6408597.50628
2025-12-24 20:00:00,1.4169,1.4286,1.4129,1.4155,3259671.1,4626980.23087
2025-12-25 00:00:00,1.4155,1.4223,1.4085,1.4174,1782722.8,2522636.06488
2025-12-25 04:00:00,1.4175,1.4205,1.407,1.4118,1820941.2,2574487.75898
2025-12-25 08:00:00,1.4117,1.4194,1.3902,1.3993,3828389.7,5369198.60417
2025-12-25 12:00:00,1.3992,1.4262,1.394,1.4161,4925560.5,6929786.78735
2025-12-25 16:00:00,1.4161,1.4237,1.4037,1.4115,4036030.1,5705915.22536
2025-12-25 20:00:00,1.4115,1.4129,1.3537,1.3631,6990550.6,9630057.18576
2025-12-26 00:00:00,1.363,1.4194,1.3569,1.4034,8742963.1,12172653.55149
2025-12-26 04:00:00,1.4035,1.4135,1.3927,1.3987,3251858.6,4567557.77291
2025-12-26 08:00:00,1.3986,1.4148,1.398,1.4061,2094527.8,2946523.91341
2025-12-26 12:00:00,1.406,1.4133,1.3702,1.3884,6393292.7,8890767.2165
2025-12-26 16:00:00,1.3885,1.3944,1.3751,1.393,3515681.0,4869724.5976
2025-12-26 20:00:00,1.3929,1.4034,1.39,1.3982,2219658.1,3101889.7061
2025-12-27 00:00:00,1.3983,1.4086,1.3959,1.408,1628508.6,2280907.33147
2025-12-27 04:00:00,1.4079,1.4106,1.3999,1.4016,1890162.1,2655521.22136
2025-12-27 08:00:00,1.4016,1.4164,1.3939,1.4118,2908897.5,4089918.50647
2025-12-27 12:00:00,1.4119,1.4286,1.4094,1.4257,3080269.7,4369880.55056
2025-12-27 16:00:00,1.4258,1.4302,1.4192,1.4218,2603376.1,3707192.60466
2025-12-27 20:00:00,1.4218,1.4584,1.4178,1.4514,4351430.6,6260460.90366
2025-12-28 00:00:00,1.4513,1.4567,1.441,1.4521,2301231.8,3334579.0039
2025-12-28 04:00:00,1.4521,1.4564,1.4452,1.4516,1506830.5,2186568.52556
2025-12-28 08:00:00,1.4516,1.4591,1.4459,1.4559,2831600.0,4112492.42892
2025-12-28 12:00:00,1.4559,1.4683,1.4532,1.4547,3776623.2,5515866.88637
2025-12-28 16:00:00,1.4547,1.4712,1.434,1.437,5091579.5,7381684.20899
2025-12-28 20:00:00,1.4369,1.4491,1.427,1.4466,2806411.6,4035132.20418
2025-12-29 00:00:00,1.4466,1.5032,1.4432,1.498,9075408.2,13398179.64698
2025-12-29 04:00:00,1.4979,1.5165,1.4862,1.4949,8177169.0,12272302.35316
2025-12-29 08:00:00,1.495,1.4988,1.4506,1.4572,7795663.9,11461396.19259
2025-12-29 12:00:00,1.4573,1.4631,1.4342,1.4487,11283463.1,16335136.52435
2025-12-29 16:00:00,1.4487,1.4511,1.4314,1.4417,5044060.0,7269649.24767
2025-12-29 20:00:00,1.4416,1.449,1.4347,1.4398,1907978.8,2750779.83979
2025-12-30 00:00:00,1.4399,1.4413,1.4172,1.4343,3359979.3,4801751.07504
2025-12-30 04:00:00,1.4344,1.4366,1.4194,1.4277,3801234.0,5432281.03148
2025-12-30 08:00:00,1.4278,1.4461,1.4272,1.4375,4243547.9,6110727.66358
2025-12-30 12:00:00,1.4376,1.452,1.4275,1.4459,6517574.4,9378342.26892
2025-12-30 16:00:00,1.446,1.453,1.4248,1.4318,5557794.5,7992487.04365
2025-12-30 20:00:00,1.4317,1.4375,1.4263,1.4343,2367886.4,3388184.54409
2025-12-31 00:00:00,1.4342,1.454,1.4275,1.4447,2765559.7,3991151.72935
2025-12-31 04:00:00,1.4447,1.4471,1.4356,1.446,1893047.5,2729584.39696
2025-12-31 08:00:00,1.4459,1.4518,1.4389,1.4508,2829630.2,4091059.70792
2025-12-31 12:00:00,1.4508,1.4591,1.4257,1.434,5834029.0,8418625.15991
2025-12-31 16:00:00,1.4341,1.4366,1.3955,1.3961,6888750.4,9696736.88253
2025-12-31 20:00:00,1.3961,1.4097,1.388,1.4043,5460071.5,7637254.26702
2026-01-01 00:00:00,1.4044,1.4169,1.4015,1.4022,2517740.0,3547131.46779
2026-01-01 04:00:00,1.4023,1.407,1.3947,1.4031,1944861.6,2724118.29242
2026-01-01 08:00:00,1.403,1.4164,1.4025,1.4133,2194087.9,3094405.81132
2026-01-01 12:00:00,1.4133,1.438,1.4057,1.4311,3070988.1,4361310.31163
2026-01-01 16:00:00,1.431,1.4506,1.4247,1.4505,5321438.7,7661854.44332
2026-01-01 20:00:00,1.4506,1.4766,1.4456,1.4721,4295786.1,6272412.10278
2026-01-02 00:00:00,1.4721,1.502,1.4612,1.4983,6106849.9,9037111.5557
2026-01-02 04:00:00,1.4982,1.5016,1.4821,1.487,4316627.3,6438696.00279
2026-01-02 08:00:00,1.487,1.5292,1.4859,1.5085,8383896.5,12679983.29138
2026-01-02 12:00:00,1.5085,1.5455,1.5029,1.5341,10844694.0,16534003.96842
2026-01-02 16:00:00,1.534,1.5917,1.531,1.5882,13430262.4,21068427.65548
2026-01-02 20:00:00,1.5883,1.6419,1.5883,1.6078,10127018.7,16364476.189
2026-01-03 00:00:00,1.6079,1.6801,1.6079,1.6744,10680806.3,17672987.54738
2026-01-03 04:00:00,1.6744,1.6919,1.6141,1.6245,9876319.2,16325673.72455
2026-01-03 08:00:00,1.6244,1.655,1.6188,1.641,6728700.9,11017182.10585
2026-01-03 12:00:00,1.641,1.6706,1.627,1.6501,5515117.2,9105503.35581
2026-01-03 16:00:00,1.6502,1.6653,1.6476,1.6525,3066772.0,5081845.03864
2026-01-03 20:00:00,1.6524,1.6699,1.6375,1.666,3985134.2,6585833.47879
2026-01-04 00:00:00,1.666,1.715,1.6635,1.7044,9160995.1,15468963.50675
2026-01-04 04:00:00,1.7043,1.7127,1.6811,1.6931,5375477.1,9123448.28387
2026-01-04 08:00:00,1.6931,1.7179,1.6783,1.698,7121870.9,12104625.46121
2026-01-04 12:00:00,1.698,1.7074,1.6835,1.7028,7458563.7,12640970.36934
2026-01-04 16:00:00,1.7029,1.7525,1.6936,1.7076,10041693.3,17259175.2574
2026-01-04 20:00:00,1.7077,1.7313,1.68,1.6923,7899401.4,13447947.08198
2026-01-05 00:00:00,1.6922,1.7447,1.688,1.7041,13230697.7,22664001.83985
2026-01-05 04:00:00,1.704,1.7057,1.6603,1.687,9013413.8,15146305.25316
2026-01-05 08:00:00,1.687,1.7008,1.6732,1.6854,4111350.5,6931002.53594
2026-01-05 12:00:00,1.6853,1.7125,1.6623,1.7103,8347320.9,14067193.46941
2026-01-05 16:00:00,1.7103,1.8384,1.6978,1.8368,20405454.5,36056478.79781
2026-01-05 20:00:00,1.8368,1.9492,1.8352,1.8999,29095990.7,55141070.01364
2026-01-06 00:00:00,1.9,1.9936,1.899,1.9413,21254412.8,41368204.20987
2026-01-06 04:00:00,1.9413,1.99,1.9301,1.9554,11967338.7,23479854.1739
2026-01-06 08:00:00,1.9555,1.9915,1.9462,1.9795,10313609.7,20304113.94881
2026-01-06 12:00:00,1.9796,2.0244,1.9458,1.957,20751923.5,41084679.67108
2026-01-06 16:00:00,1.957,1.96,1.8104,1.8501,25943105.3,48428104.13043
2026-01-06 20:00:00,1.8501,1.911,1.8501,1.9039,12953630.3,24363767.4432
2026-01-07 00:00:00,1.9039,1.9051,1.8516,1.8723,8393472.4,15752973.37994
2026-01-07 04:00:00,1.8723,1.9331,1.8632,1.9331,5154566.2,9714836.46242
2026-01-07 08:00:00,1.9331,1.982,1.9031,1.9099,19379806.5,37514316.48035
2026-01-07 12:00:00,1.9099,1.915,1.8452,1.8507,10166643.4,19053066.07
2026-01-07 16:00:00,1.8506,1.8717,1.8226,1.8391,6599777.7,12196818.15304
2026-01-07 20:00:00,1.8392,1.8421,1.8031,1.8208,5944062.9,10807808.71734
2026-01-08 00:00:00,1.8209,1.8417,1.7866,1.7956,7610262.0,13834137.39979
2026-01-08 04:00:00,1.7955,1.8175,1.7646,1.8131,8280083.8,14857453.24801
2026-01-08 08:00:00,1.8131,1.8327,1.7655,1.7853,8364063.0,15034766.88034
2026-01-08 12:00:00,1.7854,1.8415,1.7411,1.8382,16801124.9,30007016.9212
2026-01-08 16:00:00,1.8382,1.8563,1.8095,1.8339,10195845.7,18713743.78153
2026-01-08 20:00:00,1.8339,1.8513,1.8025,1.8166,5918495.4,10822409.15059
2026-01-09 00:00:00,1.8166,1.8379,1.794,1.8235,5536329.7,10048226.06098
2026-01-09 04:00:00,1.8236,1.8266,1.7996,1.8022,4612074.0,8353604.98911
2026-01-09 08:00:00,1.8023,1.8062,1.7686,1.7963,9037508.0,16191651.50918
2026-01-09 12:00:00,1.7963,1.8475,1.7516,1.8185,16679030.0,30157897.24064
2026-01-09 16:00:00,1.8184,1.8512,1.7876,1.7969,8556459.1,15620279.85142
2026-01-09 20:00:00,1.7968,1.8262,1.792,1.8117,3285946.2,5945865.78781
2026-01-10 00:00:00,1.8116,1.822,1.785,1.7953,2586794.4,4666769.28944
2026-01-10 04:00:00,1.7953,1.8086,1.7847,1.8022,1845235.5,3311070.1784
2026-01-10 08:00:00,1.8021,1.8481,1.7947,1.8294,5534251.2,10117367.63443
2026-01-10 12:00:00,1.8294,1.8361,1.8017,1.8161,3954494.1,7191560.85395
2026-01-10 16:00:00,1.816,1.8198,1.7937,1.8076,3273070.2,5906736.79694
2026-01-10 20:00:00,1.8076,1.8084,1.7782,1.7948,2609491.9,4675574.72105
2026-01-11 00:00:00,1.7947,1.8074,1.7902,1.8027,2001886.0,3602562.48987
2026-01-11 04:00:00,1.8027,1.8213,1.7969,1.8165,3193885.0,5783938.0071
2026-01-11 08:00:00,1.8165,1.8214,1.8085,1.8134,2425419.5,4402881.6055
2026-01-11 12:00:00,1.8135,1.8344,1.7917,1.7996,4311433.5,7833092.32491
2026-01-11 16:00:00,1.7997,1.8253,1.797,1.8153,4410818.3,7987493.03359
2026-01-11 20:00:00,1.8153,1.8153,1.7677,1.7966,6359134.4,11381027.17959
2026-01-12 00:00:00,1.7965,1.8519,1.7634,1.8165,11186603.0,20293765.95253
2026-01-12 04:00:00,1.8166,1.8457,1.7864,1.789,4637170.7,8429816.18223
2026-01-12 08:00:00,1.7889,1.8038,1.7701,1.7855,6177404.7,11024736.01755
2026-01-12 12:00:00,1.7855,1.8101,1.7461,1.8038,8697588.5,15487033.53656
2026-01-12 16:00:00,1.8037,1.8248,1.7774,1.7996,5830025.7,10504788.0623
2026-01-12 20:00:00,1.7996,1.8082,1.7533,1.7624,4777420.8,8477402.88829
2026-01-13 00:00:00,1.7623,1.7745,1.7535,1.7648,2961556.3,5222579.77549
2026-01-13 04:00:00,1.7648,1.8081,1.7642,1.7941,4739224.6,8487768.08248
2026-01-13 08:00:00,1.794,1.8086,1.787,1.7953,4754821.0,8552209.70349
2026-01-13 12:00:00,1.7953,1.8395,1.786,1.8387,12532672.3,22692077.25773
2026-01-13 16:00:00,1.8386,1.8501,1.816,1.8438,10586818.5,19418653.52538
2026-01-13 20:00:00,1.8437,1.943,1.8284,1.8813,17514705.6,32972990.40045
2026-01-14 00:00:00,1.8814,1.8973,1.8584,1.8816,7515780.3,14103737.98913
2026-01-14 04:00:00,1.8816,1.8849,1.8271,1.8467,8083336.9,14929009.99239
2026-01-14 08:00:00,1.8467,1.8514,1.811,1.8192,6546187.5,12003587.74673
2026-01-14 12:00:00,1.8192,1.8577,1.8115,1.8408,11127863.1,20442851.31024
2026-01-14 16:00:00,1.8409,1.938,1.8163,1.8415,27216969.5,51008287.61787
2026-01-14 20:00:00,1.8415,1.8701,1.8344,1.853,7484571.5,13837833.34486
2026-01-15 00:00:00,1.8531,1.8561,1.7786,1.7851,9070763.2,16488763.54383
2026-01-15 04:00:00,1.785,1.8198,1.7824,1.8162,4230021.5,7621744.14893
2026-01-15 08:00:00,1.8162,1.8536,1.8035,1.8388,5194880.1,9512665.98832
2026-01-15 12:00:00,1.8388,1.8491,1.7694,1.8033,14288012.8,25867957.83143
2026-01-15 16:00:00,1.8031,1.8132,1.7559,1.773,10712940.7,19129395.31303
2026-01-15 20:00:00,1.773,1.7954,1.7698,1.7809,4771037.3,8496889.02549
2026-01-16 00:00:00,1.781,1.7981,1.773,1.7748,3051375.1,5442295.96551
2026-01-16 04:00:00,1.7747,1.7929,1.7646,1.7802,4384845.7,7811221.66602
2026-01-16 08:00:00,1.7803,1.7931,1.775,1.7818,3124586.8,5573595.63666
2026-01-16 12:00:00,1.7818,1.7849,1.7087,1.7229,11071768.4,19294841.35856
2026-01-16 16:00:00,1.7228,1.7685,1.7194,1.7657,7891435.9,13778354.941
2026-01-16 20:00:00,1.7658,1.7955,1.7538,1.7888,4957133.2,8829614.40552
2026-01-17 00:00:00,1.7888,1.7899,1.7789,1.7845,2399992.5,4281067.05627
2026-01-17 04:00:00,1.7845,1.8046,1.784,1.7948,2580017.0,4628156.73559
2026-01-17 08:00:00,1.7948,1.8088,1.7868,1.7931,2111300.3,3798550.63108
2026-01-17 12:00:00,1.793,1.8172,1.7916,1.8106,3906196.5,7055607.16796
2026-01-17 16:00:00,1.8105,1.8125,1.7901,1.7939,2769266.8,4979978.72676
2026-01-17 20:00:00,1.794,1.7965,1.7755,1.7864,2117367.2,3780951.16955
2026-01-18 00:00:00,1.7864,1.7946,1.7674,1.7802,2207301.5,3926041.72591
2026-01-18 04:00:00,1.7801,1.7844,1.7728,1.7753,1263911.0,2249419.91175
2026-01-18 08:00:00,1.7754,1.7815,1.7685,1.7743,1309689.1,2323202.32279
2026-01-18 12:00:00,1.7743,1.7842,1.7609,1.7742,1882530.5,3335900.39449
2026-01-18 16:00:00,1.7741,1.7974,1.7665,1.7745,2820532.5,5026559.0344
2026-01-18 20:00:00,1.7745,1.7902,1.6936,1.6962,7304504.3,12707448.34084
2026-01-19 00:00:00,1.6961,1.6961,1.517,1.591,38854226.4,62033092.95743
2026-01-19 04:00:00,1.5909,1.5942,1.5543,1.5632,8079542.5,12692650.11536
2026-01-19 08:00:00,1.5633,1.5808,1.5571,1.5611,7871189.7,12339271.27817
2026-01-19 12:00:00,1.5611,1.5611,1.5418,1.5554,7137330.7,11077888.72024
2026-01-19 16:00:00,1.5553,1.5843,1.5542,1.58,7615769.1,11986523.70288
2026-01-19 20:00:00,1.5799,1.5846,1.5586,1.5682,3905746.6,6132848.50903
2026-01-20 00:00:00,1.5681,1.5741,1.5473,1.5609,5466324.2,8530079.91606
2026-01-20 04:00:00,1.5608,1.5668,1.5327,1.5346,6198058.0,9616463.24209
2026-01-20 08:00:00,1.5345,1.541,1.5109,1.5139,7210663.6,10996856.17545
2026-01-20 12:00:00,1.5139,1.5376,1.5023,1.5163,11613520.7,17629570.92027
2026-01-20 16:00:00,1.5163,1.526,1.484,1.4992,6823504.3,10233276.1289
2026-01-20 20:00:00,1.4991,1.5075,1.4473,1.4697,8557659.5,12636708.75835
2026-01-21 00:00:00,1.4698,1.5175,1.4696,1.5059,7765229.4,11651835.85279
2026-01-21 04:00:00,1.506,1.5256,1.5028,1.5061,3804454.8,5757945.90709
2026-01-21 08:00:00,1.506,1.5066,1.4698,1.4719,5635939.7,8413372.69337
2026-01-21 12:00:00,1.4718,1.5329,1.4549,1.5151,16167346.8,24151852.40823
2026-01-21 16:00:00,1.5152,1.5448,1.4403,1.5409,19344750.4,28761363.80141
2026-01-21 20:00:00,1.5409,1.5484,1.504,1.5109,9501777.8,14496147.6397
2026-01-22 00:00:00,1.5108,1.5374,1.5108,1.521,3707609.5,5659022.72694
2026-01-22 04:00:00,1.5209,1.5333,1.516,1.5209,2598862.2,3961016.83854
2026-01-22 08:00:00,1.5208,1.5367,1.5183,1.5231,3187480.7,4866863.52318
2026-01-22 12:00:00,1.5231,1.5314,1.4817,1.4961,8371630.2,12580792.91703
2026-01-22 16:00:00,1.4961,1.5135,1.4937,1.5072,5116609.5,7700176.55571
2026-01-22 20:00:00,1.5071,1.5096,1.4865,1.4958,3342964.7,5006818.8933
2026-01-23 00:00:00,1.4958,1.5113,1.4894,1.5068,3844132.8,5771460.31905
2026-01-23 04:00:00,1.5068,1.5115,1.4943,1.5009,2144904.7,3225768.60101
2026-01-23 08:00:00,1.5008,1.5031,1.4841,1.4943,3314587.8,4949146.34467
2026-01-23 12:00:00,1.4943,1.5066,1.4623,1.5026,7977751.8,11820094.45564
2026-01-23 16:00:00,1.5026,1.5354,1.4874,1.4952,8962792.5,13551227.77648
2026-01-23 20:00:00,1.4953,1.4985,1.4743,1.4886,4934152.1,7342346.95647
2026-01-24 00:00:00,1.4886,1.498,1.4789,1.494,2421584.1,3603771.40233
2026-01-24 04:00:00,1.494,1.4948,1.4836,1.4845,1331930.3,1983145.68319
2026-01-24 08:00:00,1.4845,1.4952,1.482,1.4887,1519614.3,2261909.99589
2026-01-24 12:00:00,1.4887,1.4942,1.4801,1.4825,1649153.5,2455178.93472
2026-01-24 16:00:00,1.4825,1.4879,1.4753,1.4798,1772565.7,2626684.5737
2026-01-24 20:00:00,1.4798,1.4906,1.4791,1.4847,1042875.4,1548185.61312
2026-01-25 00:00:00,1.4847,1.4939,1.4717,1.4747,2284321.0,3391706.96713
2026-01-25 04:00:00,1.4746,1.4842,1.4644,1.4712,2103227.8,3103812.41706
2026-01-25 08:00:00,1.4712,1.4839,1.4621,1.4743,2702429.5,3978841.6675
2026-01-25 12:00:00,1.4742,1.4749,1.4512,1.4555,3424455.1,5012932.40512
2026-01-25 16:00:00,1.4555,1.4558,1.3695,1.3776,20864795.8,29435517.85199
2026-01-25 20:00:00,1.3777,1.4038,1.3728,1.4003,8567058.3,11884574.5858
2026-01-26 00:00:00,1.4004,1.4419,1.3966,1.4295,6517282.7,9296127.76414
2026-01-26 04:00:00,1.4295,1.452,1.4287,1.4454,4537194.0,6553506.70054
2026-01-26 08:00:00,1.4455,1.4621,1.4296,1.4343,3547491.9,5117259.11786
2026-01-26 12:00:00,1.4343,1.4684,1.4292,1.4412,9518500.2,13769671.32387
2026-01-26 16:00:00,1.4414,1.4599,1.4318,1.445,8186655.5,11846030.27363
2026-01-26 20:00:00,1.445,1.4611,1.4351,1.4438,4253984.9,6159423.43497
2026-01-27 00:00:00,1.4438,1.4554,1.438,1.4476,2385288.1,3454449.0747
2026-01-27 04:00:00,1.4475,1.4556,1.4309,1.4389,2413490.9,3475509.34053
2026-01-27 08:00:00,1.4389,1.4446,1.4324,1.4383,1873479.6,2694717.47638
2026-01-27 12:00:00,1.4382,1.4464,1.419,1.4454,5534716.1,7925393.41147
2026-01-27 16:00:00,1.4454,1.4639,1.4244,1.4343,9423741.1,13597926.71394
2026-01-27 20:00:00,1.4343,1.4617,1.4327,1.4403,10707131.9,15474335.06428
2026-01-28 00:00:00,1.4403,1.4427,1.4272,1.432,3603259.3,5167038.23908
2026-01-28 04:00:00,1.432,1.4412,1.4232,1.4285,4683227.8,6696534.39842
2026-01-28 08:00:00,1.4284,1.4476,1.4178,1.445,5445888.5,7789449.81648
2026-01-28 12:00:00,1.445,1.445,1.3949,1.4043,8416715.1,11961271.98697
2026-01-28 16:00:00,1.4043,1.4215,1.3966,1.414,6157886.6,8673607.02963
2026-01-28 20:00:00,1.4139,1.4261,1.393,1.4074,5125497.8,7224329.73201
2026-01-29 00:00:00,1.4075,1.411,1.3471,1.3665,10271502.2,14118113.95928
2026-01-29 04:00:00,1.3663,1.3718,1.3548,1.3688,3524967.4,4813738.63567
2026-01-29 08:00:00,1.3688,1.3754,1.3485,1.3527,4228430.5,5757829.40679
2026-01-29 12:00:00,1.3527,1.3662,1.2758,1.2967,20885863.1,27354677.03581
2026-01-29 16:00:00,1.2966,1.3387,1.2839,1.3027,17842898.5,23323277.15456
2026-01-29 20:00:00,1.3028,1.3245,1.2981,1.3209,6537916.9,8578798.98688
2026-01-30 00:00:00,1.3209,1.3371,1.257,1.2849,28270968.1,36615948.05242
2026-01-30 04:00:00,1.285,1.3075,1.265,1.2922,7292524.6,9401580.43485
2026-01-30 08:00:00,1.2923,1.3061,1.2752,1.3,6216915.2,8002343.74112
2026-01-30 12:00:00,1.2999,1.303,1.255,1.2775,11710217.1,15009399.69844
2026-01-30 16:00:00,1.2775,1.3104,1.2338,1.296,18424203.0,23575121.63862
2026-01-30 20:00:00,1.296,1.296,1.2654,1.2736,8413299.6,10742077.49484
2026-01-31 00:00:00,1.2737,1.2786,1.2514,1.2561,3114734.4,3944394.14129
2026-01-31 04:00:00,1.2561,1.2619,1.2323,1.2386,4935682.9,6159317.09134
2026-01-31 08:00:00,1.2386,1.241,1.2098,1.2243,12030741.5,14695570.33261
2026-01-31 12:00:00,1.2242,1.2284,1.1432,1.1692,29096992.9,34275758.68986
2026-01-31 16:00:00,1.1693,1.1909,1.0328,1.1091,84561510.7,94314883.58416
2026-01-31 20:00:00,1.1091,1.1601,1.0938,1.1534,13170524.7,14813057.83225
2026-02-01 00:00:00,1.1534,1.1665,1.1422,1.1539,8673326.0,10002102.36196
2026-02-01 04:00:00,1.154,1.1551,1.1337,1.1486,7477710.2,8541175.361
2026-02-01 08:00:00,1.1485,1.161,1.1337,1.1488,7557191.8,8680016.86291
2026-02-01 12:00:00,1.1489,1.1498,1.0854,1.1007,21590561.7,24192930.43401
2026-02-01 16:00:00,1.1008,1.1334,1.0892,1.1127,12182064.5,13530502.54263
2026-02-01 20:00:00,1.1126,1.1275,1.0733,1.1015,15573896.5,17176319.19514
2026-02-02 00:00:00,1.1014,1.1319,1.0612,1.1095,18413966.2,20258284.84401
2026-02-02 04:00:00,1.1096,1.1215,1.0671,1.1039,17396440.4,19054592.19014
2026-02-02 08:00:00,1.1039,1.131,1.1036,1.1205,8603894.7,9622861.28587
2026-02-02 12:00:00,1.1206,1.1648,1.1206,1.1542,13536827.4,15478676.41542
2026-02-02 16:00:00,1.1542,1.1602,1.1415,1.1443,5660810.2,6518135.48952
2026-02-02 20:00:00,1.1443,1.1544,1.1358,1.1493,3351286.4,3841137.87756
2026-02-03 00:00:00,1.1493,1.153,1.118,1.1423,7023572.4,7966959.62992
2026-02-03 04:00:00,1.1424,1.153,1.1314,1.1478,4225590.2,4825164.60756
2026-02-03 08:00:00,1.1479,1.1536,1.1222,1.1347,5817722.5,6607210.21192
2026-02-03 12:00:00,1.1347,1.1572,1.119,1.1537,11215711.6,12775251.6187
2026-02-03 16:00:00,1.1538,1.154,1.0729,1.128,23765593.4,26331619.27753
2026-02-03 20:00:00,1.1279,1.1684,1.103,1.1125,14646425.1,16641697.40422
2026-02-04 00:00:00,1.1125,1.1367,1.1039,1.1313,4958700.1,5575034.90243
2026-02-04 04:00:00,1.1312,1.1368,1.1166,1.1328,3731741.8,4206732.97699
2026-02-04 08:00:00,1.1328,1.1407,1.1044,1.1197,9239125.2,10394911.12425
2026-02-04 12:00:00,1.1198,1.123,1.0581,1.0765,15661519.3,17116762.75931
2026-02-04 16:00:00,1.0766,1.1092,1.0524,1.1073,20846124.4,22370865.37418
2026-02-04 20:00:00,1.1074,1.1092,1.0599,1.0844,8794031.8,9552534.62764
2026-02-05 00:00:00,1.0843,1.0936,1.0616,1.0637,10675466.6,11501945.4943
2026-02-05 04:00:00,1.0637,1.0721,1.0368,1.044,16447417.8,17336195.35715
2026-02-05 08:00:00,1.0441,1.0562,0.9907,1.0095,17014180.4,17419075.05861
2026-02-05 12:00:00,1.0096,1.0193,0.936,0.96,34882623.2,34221517.6426
2026-02-05 16:00:00,0.9599,0.9812,0.9187,0.9245,27102006.3,25671538.69794
2026-02-05 20:00:00,0.9245,0.9317,0.876,0.8829,39916238.6,35883009.86075
2026-02-06 00:00:00,0.8828,0.9156,0.7881,0.8898,65684694.5,55735836.95582
2026-02-06 04:00:00,0.8899,0.9391,0.8771,0.9165,19353051.6,17737873.08262
2026-02-06 08:00:00,0.9166,0.9547,0.9076,0.9492,15635877.2,14539979.2358
2026-02-06 12:00:00,0.9491,0.9885,0.9405,0.9793,24007582.8,23189374.44536
2026-02-06 16:00:00,0.9793,1.0299,0.9749,1.0085,24679019.7,24851609.39626
2026-02-06 20:00:00,1.0085,1.0278,0.9947,1.015,9605478.0,9711693.66425
2026-02-07 00:00:00,1.0149,1.0154,0.996,1.0098,6712669.9,6759297.30659
2026-02-07 04:00:00,1.0097,1.0165,0.9614,0.9713,12881105.3,12731408.10025
2026-02-07 08:00:00,0.9712,0.9865,0.9675,0.9747,5099663.5,4979824.32259
2026-02-07 12:00:00,0.9746,1.0078,0.9736,0.995,8643239.4,8580159.09159
2026-02-07 16:00:00,0.995,1.0217,0.9911,1.008,22143818.0,22290701.08532
2026-02-07 20:00:00,1.0079,1.0202,1.0003,1.0051,5303409.7,5370996.54005
2026-02-08 00:00:00,1.0051,1.0055,0.9863,0.9875,2823483.9,2815306.68185
2026-02-08 04:00:00,0.9874,0.9929,0.9821,0.991,2493799.4,2461866.31385
2026-02-08 08:00:00,0.991,1.009,0.9831,1.002,7812042.5,7791089.14111
2026-02-08 12:00:00,1.002,1.0074,0.984,0.9902,7482641.3,7461998.91084
2026-02-08 16:00:00,0.9902,0.9945,0.9642,0.9932,5337863.9,5232551.86568
2026-02-08 20:00:00,0.9932,0.9989,0.9652,0.9723,5601814.3,5479629.86621
2026-02-09 00:00:00,0.9722,0.9888,0.9641,0.9873,5687553.3,5547228.39666
2026-02-09 04:00:00,0.9872,0.9874,0.9673,0.9694,3785228.3,3701230.61773
2026-02-09 08:00:00,0.9693,0.971,0.9258,0.9396,10675919.2,10086143.01092
2026-02-09 12:00:00,0.9397,0.9603,0.9275,0.9568,9952468.7,9396240.94443
2026-02-09 16:00:00,0.9567,0.9785,0.9472,0.9689,10655599.3,10295308.71582
2026-02-09 20:00:00,0.9688,0.9738,0.9543,0.9627,5564580.8,5374509.25693
2026-02-10 00:00:00,0.9628,0.9744,0.9439,0.9518,4519658.4,4339977.6505
2026-02-10 04:00:00,0.9517,0.9623,0.9305,0.9396,7585040.4,7158366.32348
2026-02-10 08:00:00,0.9396,0.9528,0.9348,0.9368,5261372.5,4961122.24118
2026-02-10 12:00:00,0.9368,0.9405,0.9219,0.9337,8331181.5,7773429.97864
2026-02-10 16:00:00,0.9338,0.9414,0.9146,0.9218,5393724.1,5008389.94275
2026-02-10 20:00:00,0.9217,0.9323,0.9186,0.9302,2651746.2,2452996.79139
2026-02-11 00:00:00,0.9301,0.9378,0.9194,0.9281,2369659.6,2203846.9881
2026-02-11 04:00:00,0.9281,0.929,0.8931,0.8965,7274308.1,6590573.65842
2026-02-11 08:00:00,0.8965,0.8992,0.8837,0.8939,4713751.1,4202431.06367
2026-02-11 12:00:00,0.8938,0.9322,0.875,0.884,15826908.3,14237898.93626
2026-02-11 16:00:00,0.8839,0.8988,0.8753,0.8941,7450142.8,6619279.16313
2026-02-11 20:00:00,0.8941,0.9191,0.8862,0.8942,7372912.6,6642022.80415
2026-02-12 00:00:00,0.8943,0.9145,0.8943,0.9125,3905035.0,3540196.45691
2026-02-12 04:00:00,0.9125,0.9348,0.9046,0.9341,5125442.5,4724239.91301
2026-02-12 08:00:00,0.9341,0.9589,0.9258,0.9482,8331923.0,7853742.51642
2026-02-12 12:00:00,0.9481,0.9492,0.9132,0.9145,9464892.3,8782277.36145
2026-02-12 16:00:00,0.9146,0.926,0.8928,0.9127,10638769.2,9638352.11603
2026-02-12 20:00:00,0.9128,0.9283,0.9015,0.9224,4208277.1,3846087.3654
2026-02-13 00:00:00,0.9224,0.9276,0.9142,0.9152,3728648.0,3432066.40481
2026-02-13 04:00:00,0.9151,0.9204,0.9019,0.9157,3504674.6,3191754.60187
2026-02-13 08:00:00,0.9157,0.9355,0.9136,0.9246,5976807.8,5537519.36321
2026-02-13 12:00:00,0.9246,0.964,0.9175,0.9527,12415496.4,11671735.64413
2026-02-13 16:00:00,0.9528,0.9855,0.9523,0.9742,12278942.1,11954003.53061
2026-02-13 20:00:00,0.9743,0.9798,0.9598,0.9612,3486154.7,3382672.3612
2026-02-14 00:00:00,0.9613,0.9718,0.9583,0.9692,4197772.9,4055286.13157
2026-02-14 04:00:00,0.9691,0.9693,0.9552,0.9666,3188092.2,3071356.88273
2026-02-14 08:00:00,0.9666,1.0077,0.9662,1.0061,7484322.6,7401542.83783
2026-02-14 12:00:00,1.006,1.0126,0.9781,0.9993,8966863.8,8917735.52485
2026-02-14 16:00:00,0.9993,1.0443,0.9897,1.0353,9048347.2,9219401.2725
2026-02-14 20:00:00,1.0353,1.042,1.0188,1.0293,7063564.5,7283810.05239
2026-02-15 00:00:00,1.0293,1.0373,1.003,1.0212,7889991.8,8047873.10412
2026-02-15 04:00:00,1.0212,1.0498,1.0206,1.043,7253301.2,7500230.88118
2026-02-15 08:00:00,1.043,1.049,1.0054,1.007,7318726.7,7481104.87538
2026-02-15 12:00:00,1.007,1.0088,0.9706,0.9885,11805362.0,11656309.17942
2026-02-15 16:00:00,0.9885,0.9903,0.9581,0.9635,10509038.0,10200347.60973
2026-02-15 20:00:00,0.9636,0.9782,0.959,0.9742,4011513.0,3894572.31985
2026-02-16 00:00:00,0.9742,0.9798,0.9611,0.9662,2808968.3,2722450.38292
2026-02-16 04:00:00,0.9662,0.9792,0.9587,0.9623,3411066.5,3296600.03861
2026-02-16 08:00:00,0.9624,0.9736,0.9475,0.9621,3929291.0,3779584.90724
2026-02-16 12:00:00,0.9621,0.9953,0.9542,0.9598,11141540.6,10830934.09591
2026-02-16 16:00:00,0.9599,0.9728,0.9591,0.9677,3756831.3,3629668.43198
2026-02-16 20:00:00,0.9678,1.005,0.9645,0.9926,6793815.6,6721777.24847
2026-02-17 00:00:00,0.9926,0.9992,0.9797,0.9831,3563244.4,3530882.31725
2026-02-17 04:00:00,0.9832,0.9896,0.9668,0.9716,3487892.2,3409334.81261
2026-02-17 08:00:00,0.9715,0.9793,0.9612,0.9688,3797619.0,3681339.59574
2026-02-17 12:00:00,0.9687,0.9825,0.954,0.969,6343573.5,6142474.08396
2026-02-17 16:00:00,0.9691,0.9909,0.9527,0.9686,7919529.2,7703935.83611
2026-02-17 20:00:00,0.9685,0.9749,0.9614,0.9681,2226765.7,2154762.08712
2026-02-18 00:00:00,0.9681,0.9735,0.9581,0.9716,1652195.6,1595602.55939
2026-02-18 04:00:00,0.9716,0.9798,0.9639,0.9765,2963892.5,2875701.97667
2026-02-18 08:00:00,0.9765,0.9863,0.9596,0.9606,6027093.4,5860300.99074
2026-02-18 12:00:00,0.9606,0.9758,0.9445,0.9613,8600508.7,8232481.91759
2026-02-18 16:00:00,0.9613,0.9615,0.9252,0.9328,7697619.0,7265156.86932
2026-02-18 20:00:00,0.9328,0.9376,0.9232,0.9303,4136617.2,3850485.33493
2026-02-19 00:00:00,0.9304,0.9399,0.9266,0.9363,2594662.8,2422716.99972
2026-02-19 04:00:00,0.9363,0.9404,0.9293,0.9333,2750135.3,2570864.67209
2026-02-19 08:00:00,0.9333,0.9333,0.9034,0.9154,8391405.9,7680859.44856
2026-02-19 12:00:00,0.9154,0.9177,0.8958,0.9049,8487412.4,7693261.91908
2026-02-19 16:00:00,0.9048,0.9196,0.8968,0.9165,6026868.3,5482137.18118
2026-02-19 20:00:00,0.9165,0.9294,0.9128,0.9284,4819298.4,4431498.89938
2026-02-20 00:00:00,0.9283,0.9432,0.9244,0.9373,3227544.6,3021185.20771
2026-02-20 04:00:00,0.9373,0.9456,0.9287,0.9399,3599172.7,3377940.82723
2026-02-20 08:00:00,0.9399,0.9593,0.9393,0.9453,4459170.7,4235833.54236
2026-02-20 12:00:00,0.9454,0.9672,0.9158,0.967,12821677.8,12075857.43447
2026-02-20 16:00:00,0.967,0.978,0.9414,0.9556,13631493.0,13101021.03917
2026-02-20 20:00:00,0.9556,0.9594,0.9479,0.9541,2928900.2,2794918.28678
2026-02-21 00:00:00,0.9541,0.955,0.9455,0.9498,2362674.1,2245127.01391
2026-02-21 04:00:00,0.9498,0.9566,0.9448,0.9506,1507924.8,1434108.51209
2026-02-21 08:00:00,0.9506,0.965,0.9479,0.9606,3392713.1,3252348.99189
2026-02-21 12:00:00,0.9607,0.9695,0.9523,0.958,3841513.6,3687723.58809
2026-02-21 16:00:00,0.958,0.9615,0.9441,0.9554,4775087.3,4547956.3943
2026-02-21 20:00:00,0.9553,0.9557,0.9465,0.9496,4551182.6,4328289.03667
2026-02-22 00:00:00,0.9495,0.9495,0.9316,0.938,2986602.1,2808403.64744
2026-02-22 04:00:00,0.9379,0.9408,0.9331,0.9344,2028490.2,1899865.59827
2026-02-22 08:00:00,0.9344,0.9391,0.93,0.9363,2003543.1,1874313.87081
2026-02-22 12:00:00,0.9362,0.9363,0.9165,0.9253,3900188.2,3605172.51014
2026-02-22 16:00:00,0.9252,0.9278,0.9182,0.9205,1834697.2,1692194.74694
2026-02-22 20:00:00,0.9205,0.9269,0.9139,0.9254,1655770.6,1524478.81825
2026-02-23 00:00:00,0.9254,0.9266,0.8613,0.8773,21363634.2,18769179.71489
2026-02-23 04:00:00,0.8773,0.8981,0.868,0.8929,6554603.1,5792860.12716
2026-02-23 08:00:00,0.8928,0.9117,0.8858,0.9041,4163329.6,3751396.55623
2026-02-23 12:00:00,0.9042,0.9157,0.8843,0.8864,6415526.1,5780365.98227
2026-02-23 16:00:00,0.8863,0.8912,0.8654,0.8703,7537547.8,6611722.73969
2026-02-23 20:00:00,0.8703,0.889,0.8669,0.8798,4681835.1,4112395.99604
2026-02-24 00:00:00,0.8798,0.8892,0.8522,0.8582,8320040.2,7256862.07468
2026-02-24 04:00:00,0.8582,0.864,0.85,0.858,4954356.3,4244751.19053
2026-02-24 08:00:00,0.8581,0.8631,0.8526,0.8587,2565235.2,2200426.55578
2026-02-24 12:00:00,0.8586,0.8713,0.8412,0.8666,9219299.6,7889395.9995
2026-02-24 16:00:00,0.8666,0.8755,0.861,0.868,5832982.3,5060139.45804
2026-02-24 20:00:00,0.8679,0.8711,0.8579,0.8597,3512033.1,3030931.71293
2026-02-25 00:00:00,0.8597,0.9056,0.8572,0.881,11881254.7,10556397.42039
2026-02-25 04:00:00,0.881,0.8852,0.8647,0.8775,6004209.6,5253427.82639
2026-02-25 08:00:00,0.8776,0.8982,0.8761,0.8968,4337287.4,3862131.79515
2026-02-25 12:00:00,0.8967,0.9511,0.8953,0.9473,16273961.0,15063476.00563
2026-02-25 16:00:00,0.9473,1.0015,0.9473,0.9991,19134456.6,18699823.6154
2026-02-25 20:00:00,0.9991,1.0259,0.9582,0.9688,21525779.0,21461144.07593
2026-02-26 00:00:00,0.9687,0.9777,0.9497,0.9643,8460754.7,8164883.08685
2026-02-26 04:00:00,0.9642,0.9764,0.9498,0.952,5728227.2,5501294.52413
2026-02-26 08:00:00,0.952,0.9687,0.94,0.9422,7690023.4,7342695.74773
2026-02-26 12:00:00,0.9422,0.9518,0.9325,0.9426,10077086.5,9492665.07155
2026-02-26 16:00:00,0.9427,0.9445,0.9072,0.9324,14244156.5,13136705.24209
2026-02-26 20:00:00,0.9323,0.941,0.9248,0.9375,3560930.6,3321446.58339
2026-02-27 00:00:00,0.9375,0.948,0.9273,0.9446,3632225.3,3394572.09874
2026-02-27 04:00:00,0.9446,0.9588,0.9422,0.9518,4872335.5,4632670.60942
2026-02-27 08:00:00,0.9517,0.9605,0.9128,0.9168,9816985.3,9219273.82844
2026-02-27 12:00:00,0.9168,0.9199,0.9014,0.9143,13423914.9,12232441.33528
2026-02-27 16:00:00,0.9143,0.9155,0.891,0.8941,8340126.6,7521245.75555
2026-02-27 20:00:00,0.894,0.9015,0.8823,0.9,6002668.4,5362451.01718
2026-02-28 00:00:00,0.8999,0.9058,0.89,0.8928,3667821.0,3297373.40524
2026-02-28 04:00:00,0.8928,0.8941,0.8368,0.85,19546454.5,16793080.33587
2026-02-28 08:00:00,0.85,0.85,0.8262,0.8327,16120919.2,13467498.22092
2026-02-28 12:00:00,0.8328,0.8737,0.8323,0.8578,21614284.2,18392544.85726
2026-02-28 16:00:00,0.8578,0.8934,0.8514,0.886,11986611.8,10466364.05633
2026-02-28 20:00:00,0.886,0.9184,0.8831,0.904,12456206.7,11240752.34307
2026-03-01 00:00:00,0.9039,0.9494,0.8896,0.9314,12907700.0,11921278.68067
2026-03-01 04:00:00,0.9314,0.9364,0.9152,0.9244,7093609.8,6565184.85013
2026-03-01 08:00:00,0.9245,0.9286,0.8978,0.9028,5654744.2,5143912.63909
2026-03-01 12:00:00,0.9029,0.925,0.8878,0.9109,11427708.7,10381213.1994
2026-03-01 16:00:00,0.911,0.9182,0.8781,0.8799,16935240.6,15183794.07777
2026-03-01 20:00:00,0.8798,0.8999,0.8663,0.8876,10311429.4,9080528.77658
2026-03-02 00:00:00,0.8877,0.9165,0.8862,0.9098,7014869.8,6330012.19665
2026-03-02 04:00:00,0.9099,0.9134,0.8811,0.8885,5047025.4,4527058.61353
2026-03-02 08:00:00,0.8885,0.9018,0.8799,0.8938,5802001.1,5172706.36888
2026-03-02 12:00:00,0.8939,0.96,0.8827,0.9451,16016854.8,14825672.41898
2026-03-02 16:00:00,0.9452,0.9676,0.9278,0.9371,17058715.3,16088940.8018
2026-03-02 20:00:00,0.937,0.9446,0.9194,0.9233,8005942.3,7454375.2899
2026-03-03 00:00:00,0.9233,0.9283,0.9132,0.9214,5774843.2,5321471.36187
2026-03-03 04:00:00,0.9215,0.9276,0.9093,0.9156,4725875.3,4330616.37565
2026-03-03 08:00:00,0.9156,0.9197,0.8941,0.9003,7048419.9,6357649.92702
2026-03-03 12:00:00,0.9002,0.9137,0.8846,0.9033,9051442.0,8117581.57346
2026-03-03 16:00:00,0.9033,0.9261,0.8986,0.9096,9278804.6,8466781.10803
2026-03-03 20:00:00,0.9097,0.9188,0.894,0.9089,4485338.0,4068110.22111
2026-03-04 00:00:00,0.9089,0.9165,0.8924,0.9026,4553421.1,4123792.54603
2026-03-04 04:00:00,0.9025,0.918,0.8945,0.9153,5173158.2,4674824.7169
2026-03-04 08:00:00,0.9153,0.9582,0.913,0.9335,14409763.6,13504607.0267
2026-03-04 12:00:00,0.9335,0.9789,0.9219,0.9778,15548421.2,14752490.05169
2026-03-04 16:00:00,0.9779,0.9931,0.9562,0.9809,12712500.1,12377285.61056
2026-03-04 20:00:00,0.9808,0.9832,0.9514,0.9571,6658790.0,6448243.48162
2026-03-05 00:00:00,0.9571,0.9591,0.9442,0.9492,5956565.1,5667288.74435
2026-03-05 04:00:00,0.9492,0.959,0.9427,0.9462,5447600.1,5185196.49652
2026-03-05 08:00:00,0.9462,0.976,0.9426,0.9691,6124261.3,5882285.68812
2026-03-05 12:00:00,0.9691,0.9864,0.9441,0.9514,11018462.7,10605885.73158
2026-03-05 16:00:00,0.9513,0.9665,0.924,0.956,10946547.2,10317280.0099
2026-03-05 20:00:00,0.9561,0.9661,0.9519,0.9535,4557705.2,4370332.87348
2026-03-06 00:00:00,0.9536,0.9635,0.9502,0.963,4086785.1,3907267.6727
2026-03-06 04:00:00,0.9629,0.9764,0.9459,0.9744,5090586.9,4885200.95027
2026-03-06 08:00:00,0.9744,0.9744,0.938,0.9403,6054486.4,5750550.86507
2026-03-06 12:00:00,0.9402,0.9426,0.8955,0.8998,18165480.7,16633702.23987
2026-03-06 16:00:00,0.8998,0.9077,0.8909,0.9044,8378198.0,7539027.40319
2026-03-06 20:00:00,0.9044,0.9065,0.8967,0.9017,3281189.2,2957536.30804
2026-03-07 00:00:00,0.9017,0.9093,0.8975,0.9,3578086.4,3229692.68226
2026-03-07 04:00:00,0.9001,0.9048,0.8936,0.9017,8756305.2,7875894.46651
2026-03-07 08:00:00,0.9017,0.9139,0.9011,0.9062,3152804.4,2859275.84424
2026-03-07 12:00:00,0.9062,0.9073,0.8942,0.8985,2515854.7,2267057.99515
2026-03-07 16:00:00,0.8984,0.9059,0.888,0.8911,3126534.7,2804436.78624
2026-03-07 20:00:00,0.891,0.9,0.8887,0.895,1635268.8,1462893.81638
2026-03-08 00:00:00,0.8949,0.8961,0.8756,0.8808,3459717.2,3062373.2429
2026-03-08 04:00:00,0.8809,0.8959,0.8741,0.8933,2701889.6,2391853.56124
2026-03-08 08:00:00,0.8932,0.9106,0.8883,0.9,4128488.6,3717340.22418
2026-03-08 12:00:00,0.8999,0.9046,0.8811,0.8843,4532461.1,4044340.31223
2026-03-08 16:00:00,0.8843,0.8958,0.8768,0.8918,3359760.6,2967939.54949
2026-03-08 20:00:00,0.8919,0.8985,0.8654,0.88,6291663.9,5539411.98227
2026-03-09 00:00:00,0.8799,0.9081,0.8794,0.8956,6052744.1,5400322.16289
2026-03-09 04:00:00,0.8955,0.9192,0.8936,0.9025,7000947.6,6355341.2565
2026-03-09 08:00:00,0.9026,0.9179,0.8971,0.9045,4538395.6,4115041.67249
2026-03-09 12:00:00,0.9047,0.9349,0.9045,0.9313,12537686.8,11601085.82846
2026-03-09 16:00:00,0.9314,0.9881,0.9279,0.9722,15169303.6,14482261.50776
2026-03-09 20:00:00,0.9722,0.9746,0.9389,0.9425,11027583.6,10583171.19883
2026-03-10 00:00:00,0.9424,0.9617,0.9363,0.9418,8109264.5,7693123.39964
2026-03-10 04:00:00,0.9419,0.9555,0.9389,0.9539,7350984.1,6965289.84941
2026-03-10 08:00:00,0.954,0.9791,0.952,0.9697,8102544.8,7851058.11337
2026-03-10 12:00:00,0.9698,1.0103,0.9582,0.9978,17071598.7,16773855.77485
2026-03-10 16:00:00,0.9979,1.0061,0.9577,0.9615,11515276.0,11284747.95786
2026-03-10 20:00:00,0.9614,0.9664,0.9486,0.9573,6714681.9,6432129.76866
2026-03-11 00:00:00,0.9572,0.9622,0.9435,0.9499,6795133.3,6485235.23755
2026-03-11 04:00:00,0.9499,0.9589,0.9436,0.949,4722248.5,4492882.45072
2026-03-11 08:00:00,0.949,0.958,0.9449,0.951,3701973.1,3518247.88564
2026-03-11 12:00:00,0.951,0.9891,0.948,0.9728,13405834.2,13036096.97089
2026-03-11 16:00:00,0.973,0.9984,0.9689,0.9921,8441249.5,8310045.60658
2026-03-11 20:00:00,0.9921,0.9952,0.9767,0.9784,5107230.2,5032629.3579
2026-03-12 00:00:00,0.9784,0.9815,0.9618,0.9651,5064317.7,4916902.51039
2026-03-12 04:00:00,0.9651,0.9799,0.9615,0.9799,3071276.9,2979064.4134
2026-03-12 08:00:00,0.9799,0.987,0.9715,0.9773,5186425.8,5078413.60558
2026-03-12 12:00:00,0.9773,0.9928,0.9589,0.9698,9652054.6,9416161.76538
2026-03-12 16:00:00,0.9697,0.9833,0.9627,0.9793,3234093.1,3152793.43589
2026-03-12 20:00:00,0.9792,0.996,0.9711,0.9909,4301612.4,4234921.03565
2026-03-13 00:00:00,0.9908,1.0306,0.9866,1.0251,14142792.8,14360643.85964
2026-03-13 04:00:00,1.0251,1.0449,1.0227,1.0282,9338698.0,9655886.06529
2026-03-13 08:00:00,1.0282,1.0526,1.0242,1.0406,9944676.7,10350522.77805
2026-03-13 12:00:00,1.0406,1.0565,1.0098,1.0141,17905911.3,18541869.38374
2026-03-13 16:00:00,1.0141,1.0184,0.9936,1.0015,10515092.3,10578776.98239
2026-03-13 20:00:00,1.0015,1.0093,0.9874,0.996,4621707.5,4608008.77118
2026-03-14 00:00:00,0.9959,0.9994,0.9885,0.9982,3423136.0,3402005.54692
2026-03-14 04:00:00,0.9982,1.0035,0.9812,0.9867,5785946.1,5742113.39875
2026-03-14 08:00:00,0.9867,0.9884,0.9791,0.9866,2155473.2,2120606.64721
2026-03-14 12:00:00,0.9866,0.9942,0.9791,0.9875,4943021.4,4872918.64317
2026-03-14 16:00:00,0.9874,0.9969,0.9849,0.9871,2024526.3,2007702.33642
2026-03-14 20:00:00,0.9871,1.003,0.9855,1.0012,2713722.0,2699772.55879
2026-03-15 00:00:00,1.0012,1.0182,0.9953,1.012,4026440.3,4054944.90064
2026-03-15 04:00:00,1.012,1.0173,0.9983,1.0026,3750319.6,3776799.22899
2026-03-15 08:00:00,1.0027,1.0086,1.0006,1.0043,2421612.6,2431796.68537
2026-03-15 12:00:00,1.0044,1.0069,0.9928,1.0005,3586355.2,3585522.22342
2026-03-15 16:00:00,1.0005,1.0139,0.9978,1.0061,3727703.1,3746898.81032
2026-03-15 20:00:00,1.0062,1.0338,1.0011,1.024,8582936.9,8752335.68343
2026-03-16 00:00:00,1.024,1.0499,1.0133,1.0413,9594663.8,9899871.85807
2026-03-16 04:00:00,1.0412,1.0719,1.0407,1.0678,14353126.6,15180363.10622
2026-03-16 08:00:00,1.0677,1.0787,1.0461,1.0491,10364678.2,10971280.55314
2026-03-16 12:00:00,1.0491,1.0583,1.0333,1.0464,13087960.5,13703413.42162
2026-03-16 16:00:00,1.0464,1.0655,1.0458,1.0611,9183378.4,9709945.332
2026-03-16 20:00:00,1.0611,1.0846,1.0565,1.0734,8014718.6,8587091.5222
2026-03-17 00:00:00,1.0735,1.0836,1.0347,1.0399,15821565.8,16713430.43331
2026-03-17 04:00:00,1.0399,1.0427,1.0212,1.0318,8579081.3,8839622.74167
2026-03-17 08:00:00,1.0318,1.0347,1.0182,1.0254,6883790.0,7064766.78038
2026-03-17 12:00:00,1.0254,1.0326,1.0101,1.0215,10356186.3,10550957.37102
2026-03-17 16:00:00,1.0215,1.039,1.0209,1.0291,4593569.3,4732920.83731
2026-03-17 20:00:00,1.0292,1.0438,1.0274,1.0292,3236682.7,3350841.79071
2026-03-18 00:00:00,1.0293,1.049,1.02,1.046,4104787.7,4240197.85437
2026-03-18 04:00:00,1.046,1.0495,1.0227,1.0282,5292613.5,5480988.09148
2026-03-18 08:00:00,1.0282,1.0328,0.996,1.0029,7445160.1,7551185.13664
2026-03-18 12:00:00,1.0028,1.0048,0.969,0.9782,12156098.8,12007115.09775
2026-03-18 16:00:00,0.9781,0.9893,0.9715,0.9779,4825821.0,4728301.42437
2026-03-18 20:00:00,0.978,0.9895,0.9664,0.9882,3442105.0,3375497.10144
2026-03-19 00:00:00,0.9882,0.9949,0.9757,0.9882,3054634.1,3008089.15177
2026-03-19 04:00:00,0.9881,0.9885,0.9533,0.9628,5852985.6,5661296.5718
2026-03-19 08:00:00,0.9628,0.968,0.9562,0.9606,3631436.1,3491509.04187
2026-03-19 12:00:00,0.9606,0.9606,0.9374,0.9486,6755685.8,6409148.09609
2026-03-19 16:00:00,0.9487,0.9637,0.9378,0.9554,4001592.8,3800392.25236
2026-03-19 20:00:00,0.9554,0.9629,0.9547,0.9585,2911657.6,2791526.80596
2026-03-20 00:00:00,0.9585,0.9699,0.9583,0.9661,2631955.6,2536958.93044
2026-03-20 04:00:00,0.966,0.9809,0.9615,0.9758,9251552.9,8994416.29863
2026-03-20 08:00:00,0.9758,0.9855,0.9659,0.9712,5657304.4,5512172.42942
2026-03-20 12:00:00,0.9713,0.9749,0.9543,0.9609,4025567.7,3879251.22127
2026-03-20 16:00:00,0.9609,0.9653,0.9487,0.9583,2502174.7,2395664.51668
2026-03-20 20:00:00,0.9583,0.9718,0.9518,0.9682,2419624.8,2333823.42578
2026-03-21 00:00:00,0.9682,0.9715,0.9634,0.9666,1023173.1,989820.7148
2026-03-21 04:00:00,0.9666,0.9717,0.9619,0.9633,1528956.9,1478216.62546
2026-03-21 08:00:00,0.9633,0.9682,0.9603,0.961,940340.0,905810.86795
2026-03-21 12:00:00,0.961,0.9683,0.959,0.9665,1841615.1,1773334.12752
2026-03-21 16:00:00,0.9666,0.9666,0.9581,0.9618,1186979.0,1141281.33532
2026-03-21 20:00:00,0.9618,0.964,0.9249,0.9326,8121545.3,7689681.53427
2026-03-22 00:00:00,0.9325,0.9464,0.9161,0.9389,7765102.7,7226242.28265
2026-03-22 04:00:00,0.9389,0.9447,0.9288,0.9294,3317952.1,3111312.37735
2026-03-22 08:00:00,0.9294,0.9299,0.9183,0.9188,5242829.7,4842591.53745
2026-03-22 12:00:00,0.9188,0.9291,0.9188,0.9258,2709758.4,2503770.67554
2026-03-22 16:00:00,0.9258,0.9259,0.9075,0.9107,4411510.4,4034304.28615
2026-03-22 20:00:00,0.9107,0.9149,0.8935,0.9053,4635163.3,4189551.89138
2026-03-23 00:00:00,0.9054,0.9189,0.8995,0.9092,3745216.3,3404500.7468
2026-03-23 04:00:00,0.9093,0.9179,0.8907,0.8997,5304965.6,4797191.35736
2026-03-23 08:00:00,0.8997,0.9666,0.8918,0.9409,17741439.8,16597314.43857
2026-03-23 12:00:00,0.941,0.9714,0.9331,0.9522,12958186.8,12355737.12035
2026-03-23 16:00:00,0.9522,0.9667,0.9432,0.956,4533301.3,4335239.80079
2026-03-23 20:00:00,0.9559,0.9631,0.9463,0.953,2570860.5,2454430.59361
2026-03-24 00:00:00,0.953,0.9557,0.9378,0.9419,3028421.8,2857951.84452
2026-03-24 04:00:00,0.9418,0.9593,0.9361,0.9578,3973177.9,3757790.05152
2026-03-24 08:00:00,0.9578,0.9616,0.9483,0.954,2502839.2,2390582.80736
2026-03-24 12:00:00,0.954,0.9542,0.9297,0.9411,6259292.2,5895367.91774
2026-03-24 16:00:00,0.9411,0.9447,0.9285,0.9316,4480063.0,4183347.12754
2026-03-24 20:00:00,0.9315,0.9555,0.9313,0.9527,4548468.5,4313566.89576
2026-03-25 00:00:00,0.9527,0.959,0.9442,0.9536,2861042.3,2725586.73279
2026-03-25 04:00:00,0.9535,0.9651,0.9517,0.9596,3768794.4,3608926.1562
2026-03-25 08:00:00,0.9597,0.9758,0.9587,0.9675,5687431.4,5490701.20813
2026-03-25 12:00:00,0.9676,0.9745,0.9504,0.9557,6340086.3,6113689.28735
2026-03-25 16:00:00,0.9557,0.968,0.9527,0.9667,3120784.7,3001828.77211
2026-03-25 20:00:00,0.9667,0.9747,0.9582,0.9684,3098966.1,2995699.07354
2026-03-26 00:00:00,0.9684,0.9702,0.9494,0.9534,2478147.4,2377662.03475
2026-03-26 04:00:00,0.9533,0.9533,0.9365,0.9403,2871166.0,2708446.10866
2026-03-26 08:00:00,0.9402,0.9418,0.9212,0.9245,5721346.6,5314026.38679
2026-03-26 12:00:00,0.9246,0.9364,0.9103,0.9146,8002050.5,7403050.60535
2026-03-26 16:00:00,0.9146,0.9191,0.909,0.915,5141058.4,4702181.72663
2026-03-26 20:00:00,0.915,0.9335,0.9135,0.9253,5077847.1,4707658.95374
2026-03-27 00:00:00,0.9254,0.933,0.9215,0.9262,2235227.8,2071154.04274
2026-03-27 04:00:00,0.9263,0.93,0.9186,0.9221,2891281.0,2672508.24628
2026-03-27 08:00:00,0.9221,0.9244,0.8867,0.895,6122162.0,5522529.0696
2026-03-27 12:00:00,0.895,0.9009,0.8834,0.8904,6310915.7,5622711.80013
2026-03-27 16:00:00,0.8904,0.8957,0.8718,0.8736,5729431.4,5060830.97193
2026-03-27 20:00:00,0.8737,0.8809,0.87,0.8809,2960266.9,2596654.42161
2026-03-28 00:00:00,0.8808,0.8826,0.8708,0.8765,3089280.6,2708994.92055
2026-03-28 04:00:00,0.8765,0.8845,0.8739,0.8844,2845217.4,2496782.52292
2026-03-28 08:00:00,0.8843,0.889,0.881,0.8836,1903745.4,1683594.52259
2026-03-28 12:00:00,0.8836,0.8993,0.8804,0.8858,11621688.1,10308799.3937
2026-03-28 16:00:00,0.8859,0.8899,0.8815,0.8837,1757354.3,1556497.79553
2026-03-28 20:00:00,0.8838,0.8876,0.8347,0.8594,10605377.5,9123764.62734
2026-03-29 00:00:00,0.8594,0.8714,0.8533,0.8702,3953260.5,3412803.0916
2026-03-29 04:00:00,0.8702,0.8708,0.8634,0.8647,2087124.6,1809149.27928
2026-03-29 08:00:00,0.8646,0.8656,0.8556,0.8608,2300680.1,1982162.45043
2026-03-29 12:00:00,0.8608,0.8608,0.84,0.8459,5606215.2,4757222.31213
2026-03-29 16:00:00,0.8458,0.85,0.8376,0.8387,3891315.7,3281997.11576
2026-03-29 20:00:00,0.8387,0.8478,0.8197,0.8468,6581691.6,5513152.46323
2026-03-30 00:00:00,0.8469,0.8775,0.8464,0.87,5506831.2,4751437.83273
2026-03-30 04:00:00,0.8701,0.8843,0.8693,0.8824,3891073.7,3402660.49013
2026-03-30 08:00:00,0.8824,0.8928,0.8757,0.8857,5382476.2,4747738.68086
2026-03-30 12:00:00,0.8858,0.8911,0.876,0.8817,5012953.0,4434884.15461
2026-03-30 16:00:00,0.8817,0.8839,0.8563,0.8614,4867521.9,4216979.63539
2026-03-30 20:00:00,0.8613,0.872,0.8594,0.8638,2107795.0,1824450.66402
2026-03-31 00:00:00,0.8639,0.8878,0.8609,0.8746,3199686.2,2801192.02379
2026-03-31 04:00:00,0.8747,0.8779,0.867,0.8719,2894766.6,2523176.10149
2026-03-31 08:00:00,0.872,0.8734,0.8527,0.8586,4388122.2,3773183.62845
2026-03-31 12:00:00,0.8586,0.8778,0.8574,0.8586,4716085.0,4083130.25112
2026-03-31 16:00:00,0.8585,0.889,0.8573,0.8779,5436173.3,4765861.10197
2026-03-31 20:00:00,0.8778,0.8816,0.8703,0.8784,2282435.0,1999857.11789
2026-04-01 00:00:00,0.8783,0.8841,0.872,0.8816,2443975.9,2147164.30529
2026-04-01 04:00:00,0.8815,0.9056,0.8782,0.8978,4895376.0,4378189.16373
2026-04-01 08:00:00,0.8979,0.9032,0.8867,0.8918,4648227.5,4161382.65409
2026-04-01 12:00:00,0.8917,0.9017,0.8849,0.9015,6264490.0,5603912.0949
2026-04-01 16:00:00,0.9015,0.9147,0.8918,0.8954,4979100.9,4490178.31255
2026-04-01 20:00:00,0.8955,0.8971,0.8806,0.8821,2812076.4,2496936.07806
2026-04-02 00:00:00,0.882,0.8939,0.8545,0.8589,7527359.1,6559395.13787
2026-04-02 04:00:00,0.8588,0.8706,0.8535,0.8637,4053157.6,3493937.74399
2026-04-02 08:00:00,0.8636,0.8636,0.8457,0.8507,4659724.4,3978637.50885
2026-04-02 12:00:00,0.8506,0.8657,0.842,0.8585,5345400.4,4559313.53629
2026-04-02 16:00:00,0.8584,0.8691,0.8513,0.8605,3896733.5,3348243.73701
2026-04-02 20:00:00,0.8606,0.8671,0.8585,0.8611,1816717.3,1567282.78319
2026-04-03 00:00:00,0.8612,0.868,0.8571,0.865,1573915.6,1357033.02783
2026-04-03 04:00:00,0.865,0.877,0.8628,0.8758,2124720.0,1846950.19672
2026-04-03 08:00:00,0.8758,0.8803,0.8722,0.8779,3276957.4,2872954.72663
2026-04-03 12:00:00,0.8779,0.8854,0.8654,0.8694,4846263.3,4225867.42578
2026-04-03 16:00:00,0.8694,0.8788,0.8691,0.8738,2418682.5,2112883.38167
2026-04-03 20:00:00,0.8737,0.8781,0.8707,0.8739,1611065.8,1409224.29959
2026-04-04 00:00:00,0.8738,0.8749,0.8644,0.8701,1597923.1,1389236.37531
2026-04-04 04:00:00,0.87,0.875,0.8689,0.8714,1283089.3,1118512.67811
2026-04-04 08:00:00,0.8715,0.872,0.8652,0.8719,1069129.9,927912.35956
2026-04-04 12:00:00,0.872,0.8732,0.8616,0.8698,2192298.3,1902975.93784
2026-04-04 16:00:00,0.8699,0.8762,0.8642,0.8703,2302363.5,2004794.17478
2026-04-04 20:00:00,0.8703,0.8799,0.8665,0.8718,2107912.6,1838115.69435
2026-04-05 00:00:00,0.8719,0.8724,0.863,0.8647,1132802.3,982708.73482
2026-04-05 04:00:00,0.8647,0.8647,0.8466,0.8519,3778313.9,3228160.82959
2026-04-05 08:00:00,0.8518,0.8574,0.849,0.8506,2113825.4,1803395.53849
2026-04-05 12:00:00,0.8506,0.8592,0.8414,0.8497,3441469.5,2917071.61029
2026-04-05 16:00:00,0.8498,0.8532,0.8456,0.8494,1294202.4,1099868.57583
2026-04-05 20:00:00,0.8494,0.8727,0.8368,0.8709,5454505.9,4660345.84927
2026-04-06 00:00:00,0.871,0.8937,0.871,0.8868,5213995.5,4600370.31405
2026-04-06 04:00:00,0.8869,0.8981,0.8796,0.8863,4386485.1,3892093.72316
2026-04-06 08:00:00,0.8863,0.9232,0.8849,0.9047,10932536.9,9902928.53538
2026-04-06 12:00:00,0.9048,0.9107,0.8946,0.9005,5710563.5,5155363.67505
2026-04-06 16:00:00,0.9006,0.9029,0.8882,0.8942,4299979.5,3848289.55804
2026-04-06 20:00:00,0.8942,0.8973,0.8692,0.8708,5101858.3,4495415.3833
2026-04-07 00:00:00,0.8707,0.8756,0.8632,0.873,3890674.6,3383612.09719
2026-04-07 04:00:00,0.8729,0.879,0.8657,0.8732,2980955.8,2601369.3792
2026-04-07 08:00:00,0.8732,0.8863,0.8646,0.867,4095263.4,3589003.05414
2026-04-07 12:00:00,0.867,0.8736,0.8588,0.8669,4117704.7,3569782.07737
2026-04-07 16:00:00,0.8668,0.8917,0.8634,0.8913,4066503.9,3567942.99408
2026-04-07 20:00:00,0.8913,0.9816,0.8905,0.9599,22717638.7,21356529.2343
2026-04-08 00:00:00,0.9598,0.9785,0.9528,0.9589,8846206.0,8527054.22027
2026-04-08 04:00:00,0.959,0.9674,0.9491,0.952,5777689.1,5536436.49135
2026-04-08 08:00:00,0.9521,0.955,0.9378,0.9474,3697325.0,3502805.03699
2026-04-08 12:00:00,0.9474,0.9538,0.9203,0.9347,10458398.6,9807391.38545
2026-04-08 16:00:00,0.9346,0.9367,0.9165,0.9222,4967517.6,4611157.66453
2026-04-08 20:00:00,0.9222,0.9293,0.9112,0.9136,3608182.7,3320773.76912
2026-04-09 00:00:00,0.9136,0.914,0.9,0.9091,4233774.8,3838255.63675
2026-04-09 04:00:00,0.909,0.9137,0.9066,0.9089,3024449.9,2753351.70491
2026-04-09 08:00:00,0.9088,0.9165,0.9048,0.9073,2009351.8,1829016.50211
2026-04-09 12:00:00,0.9072,0.9382,0.9044,0.9323,5318495.5,4897620.87683
2026-04-09 16:00:00,0.9324,0.9452,0.9261,0.9406,4991881.8,4674792.33427
2026-04-09 20:00:00,0.9407,0.97,0.9274,0.9306,7356700.7,6960372.45081
2026-04-10 00:00:00,0.9305,0.9374,0.9225,0.9292,3289571.9,3061659.11031
2026-04-10 04:00:00,0.9293,0.9599,0.9273,0.9278,4454615.5,4178020.83678
2026-04-10 08:00:00,0.9279,0.9386,0.9241,0.9349,2516261.6,2348891.94948
2026-04-10 12:00:00,0.9348,0.9532,0.9318,0.9453,6127092.0,5771768.03535
2026-04-10 16:00:00,0.9454,0.9625,0.942,0.9589,4426869.5,4222637.42418
2026-04-10 20:00:00,0.9589,0.96,0.9425,0.9439,3821097.7,3625818.73051
2026-04-11 00:00:00,0.944,0.9449,0.9351,0.937,2631367.4,2473752.51074
2026-04-11 04:00:00,0.937,0.9396,0.9296,0.9333,2542081.5,2373765.33851
2026-04-11 08:00:00,0.9333,0.9376,0.9319,0.9334,2489570.3,2327568.10917
2026-04-11 12:00:00,0.9333,0.9368,0.9272,0.936,2116115.8,1972556.6087
2026-04-11 16:00:00,0.9361,0.963,0.9359,0.9624,5749232.4,5471009.7213
2026-04-11 20:00:00,0.9624,0.9638,0.9378,0.9415,5325319.5,5076233.95457
2026-04-12 00:00:00,0.9416,0.9439,0.9056,0.9123,8969903.2,8244251.37587
2026-04-12 04:00:00,0.9123,0.9167,0.9077,0.9126,2819764.1,2572905.35763
2026-04-12 08:00:00,0.9126,0.9142,0.9062,0.9111,1646697.0,1500037.64594
2026-04-12 12:00:00,0.911,0.9139,0.8969,0.9,4763200.3,4307190.47777
2026-04-12 16:00:00,0.9,0.9117,0.8998,0.9065,1906335.2,1728040.66156
2026-04-12 20:00:00,0.9066,0.9136,0.8987,0.9012,2541538.0,2300054.67354
2026-04-13 00:00:00,0.9013,0.9115,0.9,0.9067,1469705.5,1332378.39843
2026-04-13 04:00:00,0.9067,0.9123,0.8998,0.9017,1779136.6,1610659.92093
2026-04-13 08:00:00,0.9016,0.906,0.8982,0.9041,2075011.5,1871104.69058
2026-04-13 12:00:00,0.9042,0.9234,0.9013,0.913,5062119.2,4624998.96164
2026-04-13 16:00:00,0.9129,0.9382,0.9078,0.9357,4510674.5,4167241.48186
2026-04-13 20:00:00,0.9358,0.9612,0.9266,0.9597,10350607.6,9836329.42132
2026-04-14 00:00:00,0.9598,0.9616,0.9453,0.9493,4455668.2,4242307.06528
2026-04-14 04:00:00,0.9493,0.9509,0.9391,0.9444,2987059.1,2822409.56
2026-04-14 08:00:00,0.9445,0.9536,0.942,0.9481,2761525.6,2622766.4852
2026-04-14 12:00:00,0.9481,0.9632,0.9397,0.9435,7474911.9,7109645.5231
2026-04-14 16:00:00,0.9435,0.9492,0.9244,0.9317,3912105.6,3660506.27485
2026-04-14 20:00:00,0.9318,0.9347,0.9276,0.9326,2180012.1,2029886.88395
2026-04-15 00:00:00,0.9326,0.9443,0.9326,0.9396,2344355.5,2201693.14728
2026-04-15 04:00:00,0.9396,0.9442,0.9261,0.929,2388248.0,2232297.60266
2026-04-15 08:00:00,0.929,0.9489,0.9279,0.9454,2486495.8,2335949.1631
2026-04-15 12:00:00,0.9453,0.9545,0.9416,0.9467,4696249.2,4455070.22921
2026-04-15 16:00:00,0.9466,0.974,0.9447,0.968,5510693.6,5286273.39082
2026-04-15 20:00:00,0.968,0.9737,0.9553,0.9589,4388046.9,4233014.56369
2026-04-16 00:00:00,0.959,0.9777,0.9532,0.975,3548989.4,3428092.14963
2026-04-16 04:00:00,0.9749,0.99,0.963,0.9712,6975518.0,6807325.0186
2026-04-16 08:00:00,0.9711,0.9845,0.9638,0.9698,6524549.1,6347845.73208
2026-04-16 12:00:00,0.9697,0.9947,0.9527,0.9853,11840512.5,11527409.84842
2026-04-16 16:00:00,0.9854,1.0047,0.9705,1.0034,11213181.0,11079019.71295
2026-04-16 20:00:00,1.0033,1.0137,0.984,1.0006,9648707.4,9651376.66028
2026-04-17 00:00:00,1.0005,1.0059,0.982,0.9883,5804051.2,5772979.22327
2026-04-17 04:00:00,0.9884,0.9947,0.9744,0.9927,4719906.7,4645728.07043
2026-04-17 08:00:00,0.9927,1.0058,0.9834,1.0004,8021957.7,7988898.8484
2026-04-17 12:00:00,1.0005,1.0432,0.9963,1.025,17586522.4,18015680.8988
2026-04-17 16:00:00,1.0249,1.0349,1.0093,1.0138,5757498.7,5879913.76832
2026-04-17 20:00:00,1.0139,1.0177,0.9954,0.9968,3828701.9,3855413.72332
2026-04-18 00:00:00,0.9967,1.0023,0.9907,0.9973,4052995.0,4040521.15843
2026-04-18 04:00:00,0.9974,1.0095,0.9949,1.0053,3705827.2,3713473.60553
2026-04-18 08:00:00,1.0053,1.0071,0.957,0.9615,11110096.0,10887009.20345
2026-04-18 12:00:00,0.9614,0.972,0.9593,0.967,6185481.1,5973667.19404
2026-04-18 16:00:00,0.9669,0.9685,0.9503,0.955,5026844.8,4819354.13833
2026-04-18 20:00:00,0.955,0.9642,0.9527,0.9565,3191697.7,3060695.40354
2026-04-19 00:00:00,0.9566,0.9582,0.9425,0.9478,4670090.4,4440193.71872
2026-04-19 04:00:00,0.9478,0.9516,0.9367,0.9448,4723810.0,4462229.55687
2026-04-19 08:00:00,0.9448,0.9557,0.9393,0.9545,3309295.7,3132774.33517
2026-04-19 12:00:00,0.9544,0.9717,0.9465,0.959,7423686.9,7124665.76554
2026-04-19 16:00:00,0.959,0.9601,0.9344,0.9443,5372576.7,5075823.06978
2026-04-19 20:00:00,0.9443,0.9443,0.9167,0.9228,6399661.8,5941085.52236
2026-04-20 00:00:00,0.9229,0.9406,0.9205,0.9388,4331024.7,4036142.10155
2026-04-20 04:00:00,0.9388,0.9543,0.9279,0.9444,4443863.3,4180068.93372
2026-04-20 08:00:00,0.9445,0.9468,0.9341,0.9421,6805080.6,6408277.00719
2026-04-20 12:00:00,0.9421,0.9493,0.9305,0.9443,5940333.1,5596080.57881
2026-04-20 16:00:00,0.9443,0.9538,0.9387,0.9477,4286976.4,4058410.78156
2026-04-20 20:00:00,0.9477,0.9557,0.9415,0.9441,3547581.0,3365516.48391
2026-04-21 00:00:00,0.9441,0.9515,0.9373,0.9419,2637064.8,2491656.55322
2026-04-21 04:00:00,0.9418,0.9516,0.9406,0.9485,2491791.9,2358496.40074
2026-04-21 08:00:00,0.9484,0.9626,0.9476,0.9555,6409677.2,6130044.27645
2026-04-21 12:00:00,0.9556,0.9584,0.9407,0.9465,4790702.5,4544760.38632
2026-04-21 16:00:00,0.9465,0.949,0.9263,0.9295,5693716.6,5334284.65772
2026-04-21 20:00:00,0.9295,0.9504,0.9288,0.9494,3561195.9,3345961.53579
2026-04-22 00:00:00,0.9495,0.9668,0.9438,0.9619,5581685.8,5340998.8817
2026-04-22 04:00:00,0.9619,0.9764,0.956,0.9676,6467062.9,6258703.90741
2026-04-22 08:00:00,0.9676,0.9758,0.9654,0.9709,2961443.6,2872207.52774
2026-04-22 12:00:00,0.971,0.9759,0.9644,0.9706,5841547.4,5670040.63521
2026-04-22 16:00:00,0.9706,0.973,0.953,0.9584,7468119.6,7209047.70653
2026-04-22 20:00:00,0.9586,0.9607,0.9434,0.9445,3494336.9,3328156.58584
2026-04-23 00:00:00,0.9445,0.947,0.928,0.9329,5471688.9,5129147.20679
2026-04-23 04:00:00,0.9329,0.9453,0.9316,0.9392,3307965.6,3105328.66516
2026-04-23 08:00:00,0.9391,0.9427,0.9305,0.9385,3806539.5,3563316.20436
2026-04-23 12:00:00,0.9385,0.9544,0.9361,0.9492,4580665.7,4324250.93102
2026-04-23 16:00:00,0.9493,0.9497,0.9235,0.9342,4969950.5,4643168.59699
2026-04-23 20:00:00,0.9342,0.9477,0.9339,0.9457,2131208.0,2007402.59158
2026-04-24 00:00:00,0.9458,0.9539,0.9384,0.9433,2714178.9,2571705.26427
2026-04-24 04:00:00,0.9434,0.9471,0.9368,0.9428,2304926.7,2171620.43646
2026-04-24 08:00:00,0.9428,0.952,0.9391,0.9499,2739241.4,2591110.91063
2026-04-24 12:00:00,0.95,0.9535,0.9426,0.9527,3255880.9,3086668.76417
2026-04-24 16:00:00,0.9529,0.9535,0.946,0.9508,1761688.7,1674239.13789
2026-04-24 20:00:00,0.9509,0.9558,0.943,0.9458,2072914.9,1967012.38884
2026-04-25 00:00:00,0.9458,0.9528,0.9435,0.9508,1482111.2,1406155.34041
2026-04-25 04:00:00,0.9509,0.9531,0.9418,0.9497,2080117.2,1971108.23723
2026-04-25 08:00:00,0.9496,0.9546,0.9438,0.9458,1584356.3,1505946.65669
2026-04-25 12:00:00,0.9459,0.9481,0.9389,0.941,2885025.2,2725242.9978
2026-04-25 16:00:00,0.941,0.9439,0.9314,0.9328,5103502.2,4770394.53012
2026-04-25 20:00:00,0.9329,0.9395,0.9315,0.9387,1565067.4,1465161.28039
2026-04-26 00:00:00,0.9387,0.9387,0.9324,0.9352,1471169.0,1375823.87511
2026-04-26 04:00:00,0.9352,0.9479,0.9338,0.9479,1882428.4,1773213.50893
2026-04-26 08:00:00,0.9479,0.95,0.9404,0.9481,2842622.3,2688475.74745
2026-04-26 12:00:00,0.9481,0.9489,0.9403,0.9468,1788923.3,1689220.70355
2026-04-26 16:00:00,0.9468,0.95,0.9394,0.946,1565943.1,1480506.95678
2026-04-26 20:00:00,0.9461,0.9509,0.938,0.9456,2969965.9,2805548.04878
2026-04-27 00:00:00,0.9456,0.9612,0.9421,0.9567,3503527.6,3344282.25187
2026-04-27 04:00:00,0.9568,0.9637,0.924,0.925,9514924.9,8936985.71084
2026-04-27 08:00:00,0.925,0.932,0.9222,0.9296,3632770.5,3372366.4856
2026-04-27 12:00:00,0.9296,0.9397,0.9123,0.9212,10034155.1,9268692.06378
2026-04-27 16:00:00,0.9211,0.928,0.9185,0.9231,2298878.0,2123658.62112
2026-04-27 20:00:00,0.9231,0.9362,0.9225,0.9356,1922867.8,1786909.96467
2026-04-28 00:00:00,0.9356,0.9356,0.9251,0.9301,1872575.6,1743385.50854
2026-04-28 04:00:00,0.9301,0.936,0.9207,0.9262,3168586.9,2941271.61852
2026-04-28 08:00:00,0.9263,0.9325,0.9174,0.9188,2528707.7,2339865.80992
2026-04-28 12:00:00,0.9189,0.9265,0.9131,0.9211,4279053.0,3933766.73642
2026-04-28 16:00:00,0.9211,0.9287,0.917,0.9274,2637480.9,2434108.31588
2026-04-28 20:00:00,0.9275,0.9292,0.9226,0.9254,1837454.6,1699516.21562
2026-04-29 00:00:00,0.9255,0.9329,0.9205,0.932,2903605.2,2688051.12884
2026-04-29 04:00:00,0.932,0.9379,0.9278,0.9305,3582634.7,3342192.38745
2026-04-29 08:00:00,0.9306,0.9373,0.9256,0.9298,3273132.3,3051296.84465
2026-04-29 12:00:00,0.9299,0.9301,0.8989,0.902,6366383.9,5818956.0218
2026-04-29 16:00:00,0.9019,0.9103,0.8815,0.8979,8696891.8,7786655.57622
2026-04-29 20:00:00,0.898,0.9096,0.8973,0.907,2936311.4,2652716.17672
2026-04-30 00:00:00,0.9071,0.9186,0.9057,0.9116,3283579.5,2995336.91412
2026-04-30 04:00:00,0.9117,0.9118,0.8988,0.9099,2044107.5,1848258.13567
2026-04-30 08:00:00,0.91,0.9131,0.9029,0.9069,2035450.0,1844854.9754
2026-04-30 12:00:00,0.907,0.9109,0.9014,0.9077,2081618.6,1886709.06574
2026-04-30 16:00:00,0.9077,0.91,0.9045,0.9072,1591613.4,1443399.06766
2026-04-30 20:00:00,0.9071,0.909,0.9041,0.9082,1296350.6,1175513.90912
2026-05-01 00:00:00,0.9083,0.9208,0.9071,0.9163,2528069.0,2309914.47142
2026-05-01 04:00:00,0.9164,0.9199,0.9125,0.9152,2118247.7,1939934.85496
2026-05-01 08:00:00,0.9152,0.9177,0.9094,0.9143,1361037.9,1244381.50865
2026-05-01 12:00:00,0.9143,0.9279,0.9129,0.9251,5950376.3,5480693.92971
2026-05-01 16:00:00,0.9251,0.9273,0.9215,0.924,2343070.2,2165825.07742
2026-05-01 20:00:00,0.9241,0.9251,0.9162,0.9189,2387929.5,2198345.76539
2026-05-02 00:00:00,0.919,0.9234,0.916,0.92,2039089.3,1874200.82381
2026-05-02 04:00:00,0.92,0.9207,0.9143,0.9174,1509458.0,1385257.77594
2026-05-02 08:00:00,0.9174,0.9206,0.9158,0.9166,1501622.4,1378893.9009
2026-05-02 12:00:00,0.9166,0.9289,0.9164,0.9269,3017299.6,2784396.35148
2026-05-02 16:00:00,0.9269,0.9281,0.9208,0.9268,1712606.1,1583888.5027
2026-05-02 20:00:00,0.9269,0.934,0.9252,0.9276,2802349.1,2602618.96163
2026-05-03 00:00:00,0.9277,0.9282,0.9134,0.9169,1839147.7,1688133.39003
2026-05-03 04:00:00,0.9168,0.919,0.9117,0.9172,1298346.0,1189578.88023
2026-05-03 08:00:00,0.9171,0.9249,0.9161,0.9213,1605608.3,1477168.94361
2026-05-03 12:00:00,0.9214,0.9306,0.9214,0.9254,3012837.5,2787851.29472
2026-05-03 16:00:00,0.9255,0.9271,0.9204,0.9252,1099402.5,1015808.77064
2026-05-03 20:00:00,0.9251,0.9302,0.9185,0.9201,2315438.5,2141874.5848
2026-05-04 00:00:00,0.9201,0.9429,0.9125,0.9414,7133552.8,6638280.78437
2026-05-04 04:00:00,0.9415,0.9587,0.9353,0.9405,6642118.9,6286758.21119
2026-05-04 08:00:00,0.9405,0.95,0.9194,0.9272,7937362.9,7393226.80377
2026-05-04 12:00:00,0.9271,0.9414,0.9224,0.9293,6817313.4,6340831.79703
2026-05-04 16:00:00,0.9293,0.9428,0.9241,0.9353,3977045.6,3716476.19367
2026-05-04 20:00:00,0.9354,0.9384,0.9277,0.929,1655466.4,1544369.76823
2026-05-05 00:00:00,0.9291,0.9439,0.9279,0.9413,2683353.0,2512341.19193
2026-05-05 04:00:00,0.9413,0.9504,0.9388,0.9457,2869551.5,2710291.59023
2026-05-05 08:00:00,0.9457,0.9559,0.9451,0.9557,4082404.5,3879546.69007
2026-05-05 12:00:00,0.9557,0.9823,0.9549,0.9628,10817020.7,10485604.90654
2026-05-05 16:00:00,0.9629,0.9678,0.956,0.9622,3837581.5,3685546.27072
2026-05-05 20:00:00,0.9621,0.979,0.9618,0.9664,4865515.5,4725629.8768
2026-05-06 00:00:00,0.9663,0.9905,0.9627,0.9891,5211270.6,5100053.2263
2026-05-06 04:00:00,0.9892,0.9976,0.9772,0.9931,6121231.4,6050763.27335
2026-05-06 08:00:00,0.993,1.0341,0.9913,1.0301,13574761.7,13806888.65196
2026-05-06 12:00:00,1.0301,1.0336,0.9768,0.9918,22838419.7,22845562.91237
2026-05-06 16:00:00,0.9917,0.9997,0.9855,0.9924,6002965.0,5952806.79805
2026-05-06 20:00:00,0.9924,1.0024,0.9854,0.9926,3770076.3,3748965.9328
2026-05-07 00:00:00,0.9926,0.9944,0.9643,0.969,6604602.7,6433425.83695
2026-05-07 04:00:00,0.9691,1.0133,0.9684,1.004,7481566.4,7431235.93118
2026-05-07 08:00:00,1.0038,1.0049,0.9832,0.9932,6416374.8,6382865.16035
2026-05-07 12:00:00,0.9932,1.0026,0.9647,0.9723,8818678.5,8662656.14586
2026-05-07 16:00:00,0.9723,0.9791,0.9609,0.97,5072440.3,4924791.55495
2026-05-07 20:00:00,0.9701,0.9768,0.957,0.9683,4461153.2,4305033.34899
2026-05-08 00:00:00,0.9684,0.9708,0.9575,0.9639,3052318.3,2941989.44963
2026-05-08 04:00:00,0.9638,0.969,0.958,0.9681,2511163.5,2421340.87799
2026-05-08 08:00:00,0.9682,0.985,0.9676,0.9827,7323800.0,7162811.27799
2026-05-08 12:00:00,0.9827,1.015,0.9723,1.0119,10261783.1,10227479.05646
2026-05-08 16:00:00,1.0119,1.0365,1.0027,1.0243,12868111.5,13148727.51623
2026-05-08 20:00:00,1.0243,1.0296,1.0147,1.0218,4475988.0,4577750.74419
2026-05-09 00:00:00,1.0218,1.106,1.019,1.0832,30587037.6,32974383.00692
2026-05-09 04:00:00,1.0832,1.0906,1.0638,1.072,8903816.3,9581563.78255
2026-05-09 08:00:00,1.072,1.0791,1.0388,1.0536,13836054.6,14604237.21207
2026-05-09 12:00:00,1.0537,1.0592,1.0436,1.0491,8408409.7,8845079.75111
2026-05-09 16:00:00,1.0491,1.0723,1.0447,1.0698,7061201.2,7495298.78657
2026-05-09 20:00:00,1.0699,1.0783,1.0636,1.0703,5005517.4,5361148.64746
2026-05-10 00:00:00,1.0702,1.1148,1.0644,1.0881,22090812.6,23990665.86554
2026-05-10 04:00:00,1.0882,1.0972,1.0716,1.0921,6323321.2,6842171.61337
2026-05-10 08:00:00,1.0921,1.1519,1.0912,1.1491,23864203.0,27000074.06734
2026-05-10 12:00:00,1.1492,1.23,1.1201,1.225,28331031.8,32964249.91494
2026-05-10 16:00:00,1.225,1.4223,1.2169,1.3845,89336375.1,118259306.76676
2026-05-10 20:00:00,1.3845,1.3898,1.3114,1.3325,53967130.1,72721526.11062
2026-05-11 00:00:00,1.3325,1.3517,1.2846,1.3103,41059514.1,54149316.60003
2026-05-11 04:00:00,1.3103,1.3197,1.2542,1.2839,33781475.9,43451825.86256
2026-05-11 08:00:00,1.2839,1.2872,1.2461,1.2731,16338272.0,20648226.35269
2026-05-11 12:00:00,1.273,1.2969,1.2531,1.2775,20446886.4,26090464.88797
2026-05-11 16:00:00,1.2775,1.3285,1.2751,1.3097,18395570.3,23983893.46886
2026-05-11 20:00:00,1.3097,1.3158,1.284,1.2909,7228321.6,9388290.0229
2026-05-12 00:00:00,1.2909,1.3138,1.268,1.2877,11888298.7,15323551.59497
2026-05-12 04:00:00,1.2877,1.31,1.2703,1.2772,11569276.6,14895410.76225
2026-05-12 08:00:00,1.2772,1.2838,1.2301,1.2355,14575708.4,18298082.72288
2026-05-12 12:00:00,1.2355,1.2794,1.2139,1.2269,17718822.7,22060963.69936
2026-05-12 16:00:00,1.2269,1.273,1.2222,1.2564,10662623.4,13288749.57727
2026-05-12 20:00:00,1.2563,1.258,1.2339,1.2384,4900996.7,6096405.68107
2026-05-13 00:00:00,1.2383,1.259,1.2314,1.2521,6861945.3,8546989.60102
2026-05-13 04:00:00,1.2521,1.2659,1.2241,1.2509,8805537.9,10964153.08161
2026-05-13 08:00:00,1.251,1.2543,1.2258,1.229,7014638.8,8691463.7097
2026-05-13 12:00:00,1.2289,1.2323,1.1776,1.1857,28800516.7,34614911.61097
2026-05-13 16:00:00,1.1857,1.2284,1.1848,1.2092,9834617.0,11880334.11721
2026-05-13 20:00:00,1.2091,1.2121,1.1903,1.2081,3091449.8,3721962.81796
2026-05-14 00:00:00,1.2081,1.2183,1.1932,1.1959,4364255.3,5268850.35864
2026-05-14 04:00:00,1.1959,1.2269,1.1884,1.1903,7507735.7,9065166.11305
2026-05-14 08:00:00,1.1902,1.2091,1.1849,1.1902,5034420.3,6022020.90233
2026-05-14 12:00:00,1.1902,1.2305,1.1893,1.2164,12858662.5,15616709.82779
2026-05-14 16:00:00,1.2165,1.2256,1.1938,1.2054,10729538.1,12994917.20112
2026-05-14 20:00:00,1.2054,1.2076,1.1862,1.1881,6672960.0,7975783.55892
2026-05-15 00:00:00,1.1881,1.1991,1.1633,1.1769,11266554.3,13331163.56197
2026-05-15 04:00:00,1.177,1.1802,1.1449,1.1547,20195516.8,23318725.0098
2026-05-15 08:00:00,1.1547,1.155,1.1285,1.1321,15906892.6,18113569.28257
2026-05-15 12:00:00,1.1321,1.1344,1.06,1.0884,32388434.2,35661475.54478
2026-05-15 16:00:00,1.0885,1.11,1.0826,1.1014,8659591.2,9522939.13388
2026-05-15 20:00:00,1.1013,1.102,1.0922,1.0997,3203858.5,3513072.00821
2026-05-16 00:00:00,1.0996,1.1073,1.085,1.0933,5527616.7,6052075.13643
2026-05-16 04:00:00,1.0934,1.0956,1.0528,1.07,12270182.1,13163796.5219
2026-05-16 08:00:00,1.0701,1.0734,1.0364,1.0453,10995659.8,11556874.13883
2026-05-16 12:00:00,1.0452,1.0721,1.0429,1.0669,7234624.2,7636258.6002
2026-05-16 16:00:00,1.0668,1.072,1.0612,1.064,2316126.8,2468715.09371
2026-05-16 20:00:00,1.064,1.0717,1.0603,1.061,1553165.7,1654585.44951
2026-05-17 00:00:00,1.061,1.0655,1.0466,1.0591,4371387.7,4609327.23506
2026-05-17 04:00:00,1.059,1.0858,1.0547,1.0731,9724207.4,10385900.28859
2026-05-17 08:00:00,1.0731,1.0897,1.0665,1.0725,8965765.7,9669437.00171
2026-05-17 12:00:00,1.0725,1.0738,1.0561,1.066,4662259.6,4971400.34413
2026-05-17 16:00:00,1.066,1.0746,1.0566,1.0736,3168787.4,3373380.6483
2026-05-17 20:00:00,1.0736,1.0746,1.0108,1.0439,12178528.0,12720310.39729
2026-05-18 00:00:00,1.0438,1.0565,1.0297,1.0435,8237129.5,8583431.09667
2026-05-18 04:00:00,1.0434,1.0517,1.0244,1.0357,6912792.9,7165857.20866
2026-05-18 08:00:00,1.0357,1.0523,1.0264,1.0442,6031365.1,6247977.4526
2026-05-18 12:00:00,1.0442,1.0612,1.0226,1.0318,13852144.5,14442179.34178
2026-05-18 16:00:00,1.0319,1.0531,1.0264,1.0518,5390738.2,5603412.53771
2026-05-18 20:00:00,1.0518,1.0659,1.0471,1.0645,5171269.4,5472565.09604
2026-05-19 00:00:00,1.0646,1.0752,1.0474,1.0595,6342875.1,6739001.59702
2026-05-19 04:00:00,1.0595,1.1026,1.0562,1.087,8676079.6,9362568.7589
2026-05-19 08:00:00,1.087,1.0872,1.0543,1.0578,7091895.2,7578172.95315
2026-05-19 12:00:00,1.0578,1.0831,1.0475,1.0608,9372335.7,9980049.78039
2026-05-19 16:00:00,1.0609,1.0694,1.0541,1.0576,4407357.1,4673674.33241
2026-05-19 20:00:00,1.0577,1.0664,1.0486,1.0521,2904067.4,3071504.36079
2026-05-20 00:00:00,1.0522,1.0534,1.0288,1.0376,8492330.2,8815295.39772
2026-05-20 04:00:00,1.0377,1.0625,1.0329,1.0546,5495443.1,5771257.06633
2026-05-20 08:00:00,1.0546,1.065,1.0473,1.0527,4608186.2,4875568.87828
2026-05-20 12:00:00,1.0526,1.08,1.0376,1.0738,12456688.0,13234530.20267
2026-05-20 16:00:00,1.0739,1.0832,1.0642,1.0746,7997176.7,8593370.11891
2026-05-20 20:00:00,1.0745,1.08,1.0625,1.08,4567459.3,4895463.16667
2026-05-21 00:00:00,1.08,1.1453,1.078,1.1421,27241544.0,30433515.92096
2026-05-21 04:00:00,1.1421,1.1507,1.0985,1.1127,14796340.6,16582707.50839
2026-05-21 08:00:00,1.1128,1.1335,1.0861,1.0862,16409697.8,18175527.8145
2026-05-21 12:00:00,1.0863,1.1289,1.0781,1.1091,17493041.9,19239953.35865
2026-05-21 16:00:00,1.1091,1.165,1.1044,1.1481,22331746.9,25493283.46514
2026-05-21 20:00:00,1.1482,1.1508,1.1096,1.1243,10438076.6,11781586.87197
2026-05-22 00:00:00,1.1244,1.1256,1.0878,1.1088,13936993.2,15390224.84771
2026-05-22 04:00:00,1.1089,1.1245,1.0946,1.103,11279520.9,12510045.91638
2026-05-22 08:00:00,1.103,1.1268,1.0961,1.1101,15269875.6,16910133.51945
2026-05-22 12:00:00,1.1101,1.1329,1.0863,1.0984,20715755.4,23011140.2117
2026-05-22 16:00:00,1.0983,1.1031,1.0517,1.0565,21294984.3,22949705.94666
2026-05-22 20:00:00,1.0565,1.0671,1.0411,1.0484,10290100.5,10879420.65776
2026-05-23 00:00:00,1.0485,1.0509,1.035,1.0444,11365513.0,11859600.12039
2026-05-23 04:00:00,1.0443,1.0444,0.9817,0.9959,17660428.9,17971160.99106
2026-05-23 08:00:00,0.9958,1.0083,0.9929,1.0031,13499972.2,13521516.44897
2026-05-23 12:00:00,1.003,1.0492,1.0002,1.0393,16054541.4,16457342.4111
2026-05-23 16:00:00,1.0393,1.0616,1.0341,1.0551,11419206.1,11981934.07962
2026-05-23 20:00:00,1.0552,1.102,1.0509,1.0673,28665615.0,31051795.00921
2026-05-24 00:00:00,1.0673,1.0749,1.0581,1.0626,6948733.2,7411798.69799
2026-05-24 04:00:00,1.0627,1.0691,1.0529,1.0572,6752577.3,7163918.7242
2026-05-24 08:00:00,1.0572,1.0709,1.0552,1.0654,8076960.8,8589513.21772
2026-05-24 12:00:00,1.0654,1.0656,1.0312,1.0437,11894282.1,12460674.82132
2026-05-24 16:00:00,1.0437,1.0498,1.0369,1.0395,5957438.9,6216176.98626
2026-05-24 20:00:00,1.0395,1.0407,1.0042,1.0328,21875075.5,22416207.80392
2026-05-25 00:00:00,1.0329,1.0386,1.0198,1.0225,5784377.5,5952065.05306
2026-05-25 04:00:00,1.0225,1.0504,1.0208,1.0404,7762909.1,8059998.15304
2026-05-25 08:00:00,1.0403,1.0499,1.0367,1.0441,7127405.3,7433606.17078
2026-05-25 12:00:00,1.0442,1.0601,1.0416,1.0501,9707723.7,10208061.66699
2026-05-25 16:00:00,1.0501,1.064,1.0475,1.0542,6351020.3,6709077.97688
2026-05-25 20:00:00,1.0541,1.0593,1.033,1.043,8623014.5,8999604.03729
2026-05-26 00:00:00,1.043,1.0452,1.0167,1.0249,9203934.7,9442983.44607
2026-05-26 04:00:00,1.0249,1.0472,1.0229,1.0325,8573079.3,8859151.80246
2026-05-26 08:00:00,1.0325,1.0539,1.0294,1.0435,10406229.7,10843666.42485
2026-05-26 12:00:00,1.0436,1.058,1.0188,1.0287,19697328.0,20477632.06192
2026-05-26 16:00:00,1.0287,1.0291,1.0016,1.007,15503962.0,15727538.07483
2026-05-26 20:00:00,1.007,1.0105,0.9982,1.0007,7990200.5,8018767.99104
2026-05-27 00:00:00,1.0008,1.0145,0.9937,0.9985,9004354.5,9039909.8489
2026-05-27 04:00:00,0.9985,1.0082,0.9844,1.0049,8788490.1,8785913.63767
2026-05-27 08:00:00,1.0049,1.0077,0.9921,0.9994,6716478.1,6709019.23159
2026-05-27 12:00:00,0.9995,1.0158,0.9858,1.005,15993408.1,15999576.00383
2026-05-27 16:00:00,1.005,1.0087,0.9688,0.9821,17250662.4,16961829.52783
2026-05-27 20:00:00,0.9821,0.9879,0.9539,0.96,11286724.6,10917942.33557
2026-05-28 00:00:00,0.9599,0.9627,0.9204,0.9221,17460537.7,16469462.22929
2026-05-28 04:00:00,0.9221,0.9274,0.9068,0.9247,18050664.3,16553501.83617
2026-05-28 08:00:00,0.9248,0.9252,0.9104,0.9128,8587004.2,7884417.82729
2026-05-28 12:00:00,0.9128,0.9252,0.9027,0.9179,13358761.7,12224911.81113
2026-05-28 16:00:00,0.9178,0.9463,0.9129,0.9272,8492758.7,7909519.80215
2026-05-28 20:00:00,0.9272,0.9374,0.9223,0.9295,7414036.8,6898984.39352
2026-05-29 00:00:00,0.9295,0.9361,0.9189,0.9195,6894449.5,6401532.59784
2026-05-29 04:00:00,0.9195,0.9331,0.9139,0.9208,7833532.0,7220648.28899
2026-05-29 08:00:00,0.9207,0.9291,0.8968,0.9103,8412190.7,7684021.94213
2026-05-29 12:00:00,0.9103,0.9387,0.8922,0.9239,17562523.5,16010974.1577
2026-05-29 16:00:00,0.924,0.93,0.8948,0.9047,11590787.8,10627410.6399
2026-05-29 20:00:00,0.9047,0.9084,0.8947,0.905,7436330.5,6712154.00335
2026-05-30 00:00:00,0.9051,0.9199,0.9028,0.9063,4958552.7,4516125.19929
2026-05-30 04:00:00,0.9063,0.9095,0.8919,0.9017,4122295.1,3714511.03029
2026-05-30 08:00:00,0.9017,0.9037,0.895,0.8993,3323372.2,2988057.58735
2026-05-30 12:00:00,0.8993,0.9138,0.8964,0.9096,4328542.4,3916731.14781
2026-05-30 16:00:00,0.9096,0.9158,0.9043,0.91,2750693.8,2503890.93042
2026-05-30 20:00:00,0.91,0.9162,0.9012,0.9084,2681287.4,2436317.04564
2026-05-31 00:00:00,0.9085,0.9254,0.9085,0.9155,4264255.8,3906891.02971
2026-05-31 04:00:00,0.9154,0.9211,0.8989,0.9039,3138603.9,2853108.2075
2026-05-31 08:00:00,0.9039,0.9099,0.8997,0.9013,3703787.3,3346146.68706
2026-05-31 12:00:00,0.9012,0.9068,0.85,0.8794,18774823.4,16558457.82473
2026-05-31 16:00:00,0.8794,0.8805,0.8668,0.8767,7670972.6,6703385.95649
2026-05-31 20:00:00,0.8768,0.9035,0.8768,0.8954,4671847.7,4169862.0392
2026-06-01 00:00:00,0.8954,0.9024,0.8798,0.8991,5696107.6,5096274.14135
2026-06-01 04:00:00,0.8991,0.9036,0.8719,0.8746,7748445.2,6847331.01581
2026-06-01 08:00:00,0.8746,0.8841,0.8718,0.8775,7361134.5,6464136.0882
2026-06-01 12:00:00,0.8775,0.897,0.8568,0.8629,20567810.2,17869348.81027
2026-06-01 16:00:00,0.8628,0.8865,0.8584,0.8783,11383376.8,9955821.36127
2026-06-01 20:00:00,0.8783,0.8832,0.8652,0.8794,7434574.0,6511995.04995
2026-06-02 00:00:00,0.8795,0.8805,0.8527,0.8756,10971464.7,9511849.99002
2026-06-02 04:00:00,0.8756,0.878,0.8463,0.8526,14810339.5,12712174.8639
2026-06-02 08:00:00,0.8526,0.8543,0.8365,0.8462,8762670.2,7403698.86009
2026-06-02 12:00:00,0.8462,0.8552,0.81,0.8222,26290677.7,21876756.73021
2026-06-02 16:00:00,0.8222,0.8409,0.8076,0.8251,14572558.7,12046833.72346
2026-06-02 20:00:00,0.8252,0.8363,0.7904,0.8085,20329109.2,16483617.97453
2026-06-03 00:00:00,0.8085,0.8212,0.791,0.7964,14685043.7,11893787.90749
2026-06-03 04:00:00,0.7964,0.8423,0.7961,0.8371,14537525.5,12048723.78764
2026-06-03 08:00:00,0.8371,0.8411,0.8271,0.8293,8990665.5,7499375.55231
2026-06-03 12:00:00,0.8294,0.8377,0.8182,0.826,12557497.3,10413995.53799
2026-06-03 16:00:00,0.8261,0.8322,0.8078,0.8134,14386825.2,11788918.87121
2026-06-03 20:00:00,0.8133,0.844,0.8002,0.8247,27896312.3,22990699.9354
2026-06-04 00:00:00,0.8246,0.8307,0.7477,0.8138,43850640.9,34691226.26242
2026-06-04 04:00:00,0.8138,0.8204,0.7848,0.7856,15271582.1,12236564.43119
2026-06-04 08:00:00,0.7856,0.7912,0.758,0.7678,28952937.3,22304426.44402
2026-06-04 12:00:00,0.7678,0.8071,0.7617,0.7938,22686274.7,17950386.18182
2026-06-04 16:00:00,0.7937,0.7943,0.7719,0.7819,11904348.2,9331449.69363
2026-06-04 20:00:00,0.7818,0.7841,0.758,0.7666,18077837.9,13858917.13935
2026-06-05 00:00:00,0.7666,0.7687,0.7289,0.7307,20816692.0,15644040.0935
2026-06-05 04:00:00,0.7307,0.748,0.6799,0.7126,54767816.6,38651170.44913
2026-06-05 08:00:00,0.7126,0.7232,0.6957,0.7096,13968457.9,9911606.23127
2026-06-05 12:00:00,0.7096,0.7281,0.6881,0.6941,25071027.8,17684998.51323
2026-06-05 16:00:00,0.694,0.7217,0.6706,0.6953,29474365.1,20498083.30022
2026-06-05 20:00:00,0.6953,0.72,0.687,0.7033,15709057.9,11089901.49036
2026-06-06 00:00:00,0.7033,0.7307,0.6914,0.696,12431274.8,8824752.40868
2026-06-06 04:00:00,0.696,0.7079,0.6618,0.7032,20248790.5,13865291.97637
2026-06-06 08:00:00,0.7032,0.7195,0.6869,0.7023,11382689.2,7991783.97418
2026-06-06 12:00:00,0.7024,0.731,0.697,0.7157,14321326.9,10275831.3403
2026-06-06 16:00:00,0.7156,0.7211,0.703,0.7048,6762615.2,4807021.82636
2026-06-06 20:00:00,0.7048,0.7211,0.701,0.7181,4978921.2,3534820.53519
2026-06-07 00:00:00,0.7182,0.758,0.7166,0.753,16582454.9,12318458.39828
2026-06-07 04:00:00,0.7529,0.758,0.7425,0.7529,16114952.1,12121849.38225
2026-06-07 08:00:00,0.7528,0.7657,0.7459,0.7507,17904571.1,13523808.07603
2026-06-07 12:00:00,0.7508,0.7563,0.729,0.7452,12357368.1,9181346.49728
2026-06-07 16:00:00,0.7452,0.752,0.728,0.7314,8796355.2,6521837.23787
2026-06-07 20:00:00,0.7314,0.7807,0.7287,0.7587,15845729.9,11969652.56757
2026-06-08 00:00:00,0.7586,0.767,0.7474,0.7518,10745435.6,8113576.94204
2026-06-08 04:00:00,0.7519,0.7611,0.7286,0.7608,12685570.4,9442109.70868
2026-06-08 08:00:00,0.7608,0.7646,0.7462,0.758,10160601.4,7657110.98207
2026-06-08 12:00:00,0.7581,0.7736,0.7502,0.7629,11874013.6,9058445.55166
2026-06-08 16:00:00,0.763,0.7713,0.7571,0.7597,7195866.6,5488939.08012
2026-06-08 20:00:00,0.7598,0.7692,0.7527,0.7555,5755970.8,4378187.88145
2026-06-09 00:00:00,0.7553,0.7568,0.7291,0.7457,8520930.6,6322312.59269
2026-06-09 04:00:00,0.7456,0.7625,0.7428,0.7545,7002115.2,5292637.64652
2026-06-09 08:00:00,0.7546,0.7551,0.7413,0.7538,5681175.5,4250117.15117
2026-06-09 12:00:00,0.7537,0.7601,0.7327,0.7358,9352788.9,6969007.05367
2026-06-09 16:00:00,0.7357,0.7573,0.7309,0.7535,12709796.0,9495743.19294
2026-06-09 20:00:00,0.7535,0.76,0.7444,0.7495,3403682.4,2558192.01558
2026-06-10 00:00:00,0.7495,0.7573,0.7388,0.7446,3303878.0,2475470.61726
2026-06-10 04:00:00,0.7445,0.753,0.7355,0.7491,3815888.1,2836942.28095
2026-06-10 08:00:00,0.7492,0.7492,0.7319,0.7382,5573902.1,4121927.35742
2026-06-10 12:00:00,0.7383,0.7618,0.7357,0.7556,9496672.8,7144837.01801
2026-06-10 16:00:00,0.7557,0.7582,0.7313,0.7333,6658467.4,4936138.43329
2026-06-10 20:00:00,0.7332,0.737,0.7141,0.7266,7591986.2,5504455.16434
2026-06-11 00:00:00,0.7266,0.7617,0.7266,0.7554,5545913.7,4114981.1236
2026-06-11 04:00:00,0.7554,0.7585,0.7457,0.7486,4890949.3,3676122.88322
2026-06-11 08:00:00,0.7487,0.7566,0.7461,0.7536,5406656.5,4062840.88124
2026-06-11 12:00:00,0.7535,0.7539,0.7422,0.7511,6412251.9,4799438.15755
2026-06-11 16:00:00,0.7512,0.7699,0.7437,0.7633,10938339.7,8289622.54869
2026-06-11 20:00:00,0.7633,0.7662,0.7536,0.7551,5423878.4,4123584.45381
2026-06-12 00:00:00,0.755,0.7598,0.7476,0.7577,4119004.7,3110867.68072
2026-06-12 04:00:00,0.7578,0.7615,0.7453,0.7515,4617972.7,3475308.77967
2026-06-12 08:00:00,0.7516,0.7631,0.7516,0.7574,7811210.9,5931705.52851
2026-06-12 12:00:00,0.7574,0.7708,0.7473,0.7477,10748441.8,8148746.18181
2026-06-12 16:00:00,0.7477,0.7597,0.7454,0.7485,4483196.2,3373194.91112
2026-06-12 20:00:00,0.7485,0.7518,0.746,0.7511,2348619.8,1759012.56816
2026-06-13 00:00:00,0.7511,0.7584,0.7484,0.7509,1977851.6,1489806.66341
2026-06-13 04:00:00,0.7509,0.767,0.7477,0.7622,4153421.9,3145963.72485
2026-06-13 08:00:00,0.7621,0.7704,0.7605,0.7694,6058996.1,4638675.86566
2026-06-13 12:00:00,0.7694,0.7771,0.7662,0.774,7146895.7,5515465.40605
2026-06-13 16:00:00,0.774,0.7744,0.763,0.7659,5010773.3,3847655.95486
2026-06-13 20:00:00,0.7658,0.7748,0.7625,0.7684,3263695.1,2504377.76226
2026-06-14 00:00:00,0.7683,0.7707,0.7635,0.7688,3695646.9,2833926.66356
2026-06-14 04:00:00,0.7688,0.7695,0.7566,0.759,2703690.0,2059035.00272
2026-06-14 08:00:00,0.7591,0.762,0.7553,0.7592,2265314.6,1719935.40776
2026-06-14 12:00:00,0.7593,0.7608,0.7447,0.7486,4051034.5,3049683.49552
2026-06-14 16:00:00,0.7485,0.7528,0.7467,0.7495,1913333.6,1434806.26199
2026-06-14 20:00:00,0.7496,0.8035,0.7478,0.8031,13688970.4,10733030.00835
2026-06-15 00:00:00,0.8031,0.8046,0.7852,0.7997,8303978.9,6597357.16432
2026-06-15 04:00:00,0.7996,0.8049,0.7933,0.7941,6408459.5,5123005.69301
2026-06-15 08:00:00,0.7942,0.8169,0.7888,0.8088,10215910.0,8203344.80136
2026-06-15 12:00:00,0.8089,0.8287,0.8071,0.8246,13825634.3,11315766.06907
2026-06-15 16:00:00,0.8245,0.8277,0.7956,0.8035,9353749.5,7599095.98724
2026-06-15 20:00:00,0.8034,0.806,0.7876,0.7936,5169836.5,4118333.23641
2026-06-16 00:00:00,0.7936,0.7965,0.7771,0.7877,4750553.5,3735954.30902
2026-06-16 04:00:00,0.7877,0.7924,0.7804,0.7909,4787322.7,3767453.19305
2026-06-16 08:00:00,0.7909,0.8104,0.7906,0.7953,6321703.9,5059102.92418
2026-06-16 12:00:00,0.7954,0.8047,0.7722,0.7841,8532136.5,6713529.29586
2026-06-16 16:00:00,0.7841,0.7987,0.7814,0.793,5599733.4,4422681.46283
2026-06-16 20:00:00,0.793,0.8068,0.7911,0.7966,4468698.6,3572960.02906
2026-06-17 00:00:00,0.7966,0.8195,0.7966,0.8073,4554506.1,3683348.90801
2026-06-17 04:00:00,0.8073,0.8132,0.797,0.8001,4428267.4,3562263.2675
2026-06-17 08:00:00,0.8002,0.8007,0.7835,0.7863,4057690.7,3209629.28988
2026-06-17 12:00:00,0.7863,0.8057,0.7813,0.8054,5962319.7,4718208.81403
2026-06-17 16:00:00,0.8053,0.8111,0.7711,0.7738,12438656.7,9856745.66943
2026-06-17 20:00:00,0.7738,0.7806,0.757,0.7673,6841594.8,5271436.52589
2026-06-18 00:00:00,0.7673,0.7726,0.7584,0.7632,5046809.6,3866367.03138
2026-06-18 04:00:00,0.7633,0.7638,0.7386,0.7526,8775798.2,6574285.19339
2026-06-18 08:00:00,0.7527,0.7563,0.7447,0.7466,3456264.7,2595673.52501
2026-06-18 12:00:00,0.7467,0.7518,0.7094,0.7094,13683665.4,9953515.12507
2026-06-18 16:00:00,0.7093,0.7236,0.7074,0.7203,10424546.0,7453617.12319
2026-06-18 20:00:00,0.7203,0.73,0.7193,0.7296,5074241.5,3675862.37506
2026-06-19 00:00:00,0.7297,0.7326,0.7118,0.719,4924446.5,3559072.51996
2026-06-19 04:00:00,0.7191,0.7215,0.707,0.7116,4323944.9,3084989.8416
2026-06-19 08:00:00,0.7116,0.7163,0.7078,0.7108,4353664.9,3097753.58466
2026-06-19 12:00:00,0.7108,0.7208,0.7015,0.7139,6258247.1,4447269.25733
2026-06-19 16:00:00,0.7139,0.717,0.7067,0.7091,3671279.9,2613011.78468
2026-06-19 20:00:00,0.7092,0.7185,0.7071,0.7166,2738488.6,1951680.89953
2026-06-20 00:00:00,0.7165,0.7196,0.7077,0.7105,2068001.9,1473139.61004
2026-06-20 04:00:00,0.7106,0.7218,0.7095,0.7178,3650136.2,2621319.07948
2026-06-20 08:00:00,0.7179,0.7227,0.7148,0.7174,2979150.4,2141151.1829
2026-06-20 12:00:00,0.7174,0.7204,0.6969,0.7102,12813271.3,9068668.57974
2026-06-20 16:00:00,0.7103,0.7105,0.6992,0.7053,5206650.4,3665733.99416
2026-06-20 20:00:00,0.7054,0.7166,0.7034,0.714,4136063.8,2938411.70403
2026-06-21 00:00:00,0.7141,0.7144,0.7085,0.7118,2241249.0,1593347.41815
2026-06-21 04:00:00,0.7119,0.7133,0.7047,0.7109,4014737.6,2844146.8898
2026-06-21 08:00:00,0.7109,0.7138,0.7032,0.7052,4119547.9,2917611.62663
2026-06-21 12:00:00,0.7053,0.715,0.7034,0.7137,4212510.3,2990443.68154
2026-06-21 16:00:00,0.7136,0.7144,0.7056,0.7116,2546215.1,1809239.88178
2026-06-21 20:00:00,0.7116,0.7125,0.6888,0.6934,9071433.1,6344823.35972
2026-06-22 00:00:00,0.6935,0.7146,0.6935,0.6997,7925221.8,5607243.58205
2026-06-22 04:00:00,0.6998,0.7126,0.6981,0.7106,2598497.2,1836715.62924
2026-06-22 08:00:00,0.7107,0.7391,0.7087,0.7387,7512836.5,5423824.77731
2026-06-22 12:00:00,0.7388,0.7449,0.7213,0.723,13587056.7,9971587.3419
2026-06-22 16:00:00,0.723,0.7246,0.7122,0.7195,5722416.7,4115472.44916
2026-06-22 20:00:00,0.7194,0.7297,0.7129,0.7198,3232625.2,2330705.11522
2026-06-23 00:00:00,0.7197,0.7289,0.7123,0.7288,4006049.1,2890449.78135
2026-06-23 04:00:00,0.7287,0.7294,0.677,0.6868,14931837.7,10377392.29197
2026-06-23 08:00:00,0.6869,0.7118,0.673,0.7106,12356635.6,8525523.30675
2026-06-23 12:00:00,0.7106,0.7129,0.6979,0.7035,8066188.1,5681068.58144
2026-06-23 16:00:00,0.7036,0.7111,0.6935,0.6981,3703456.9,2598413.38391
2026-06-23 20:00:00,0.6981,0.7069,0.6973,0.7042,2390155.3,1677642.39314
2026-06-24 00:00:00,0.7043,0.7112,0.6953,0.6983,3615411.0,2545607.33765
2026-06-24 04:00:00,0.6983,0.7098,0.6923,0.7009,3562343.4,2502562.12856
2026-06-24 08:00:00,0.701,0.7105,0.6951,0.7015,3745362.8,2624057.36789
2026-06-24 12:00:00,0.7015,0.7034,0.6721,0.6747,11431039.1,7839256.23761
2026-06-24 16:00:00,0.6746,0.6822,0.6526,0.6739,19906100.0,13271313.85628
2026-06-24 20:00:00,0.6739,0.6914,0.6735,0.6856,5740028.4,3927144.96103
2026-06-25 00:00:00,0.6857,0.687,0.6762,0.6803,2157473.2,1466377.72294
2026-06-25 04:00:00,0.6803,0.7019,0.6786,0.7012,5449432.7,3774937.83984
2026-06-25 08:00:00,0.7012,0.7014,0.6871,0.6892,4926106.4,3421953.37015
2026-06-25 12:00:00,0.6892,0.6995,0.6514,0.6769,23951862.0,16198121.58132
2026-06-25 16:00:00,0.6769,0.6924,0.669,0.6733,8228334.8,5591283.1287
2026-06-25 20:00:00,0.6733,0.6856,0.6713,0.6839,3763507.0,2552374.60615
2026-06-26 00:00:00,0.684,0.6875,0.6586,0.6789,7678669.5,5143668.4594
2026-06-26 04:00:00,0.6788,0.6998,0.6759,0.6961,5497331.1,3783033.53399
2026-06-26 08:00:00,0.6962,0.6977,0.6726,0.6755,6435236.1,4401541.34331
2026-06-26 12:00:00,0.6756,0.6967,0.6678,0.692,10245785.8,7009841.48266
2026-06-26 16:00:00,0.6921,0.7034,0.6868,0.696,7149076.6,4981101.28067
2026-06-26 20:00:00,0.696,0.7042,0.6932,0.6982,3370427.2,2353499.91015
2026-06-27 00:00:00,0.6983,0.7104,0.6949,0.708,4743829.2,3338100.52647
2026-06-27 04:00:00,0.708,0.7179,0.7064,0.71,6904314.6,4916181.6891
2026-06-27 08:00:00,0.71,0.7101,0.6953,0.7005,4735647.9,3322930.3963
2026-06-27 12:00:00,0.7004,0.715,0.6984,0.7106,4220987.3,2982644.60347
2026-06-27 16:00:00,0.7106,0.7123,0.6842,0.6856,6456348.7,4512198.83381
2026-06-27 20:00:00,0.6856,0.6893,0.6783,0.6845,4405403.7,3019322.68693
2026-06-28 00:00:00,0.6845,0.6877,0.6805,0.6842,1628113.4,1114140.66201
2026-06-28 04:00:00,0.6842,0.6862,0.6774,0.6855,2325387.7,1586559.35126
2026-06-28 08:00:00,0.6855,0.6899,0.6818,0.6885,2770867.3,1900657.05807
2026-06-28 12:00:00,0.6886,0.6917,0.683,0.6873,2601856.2,1786266.78974
2026-06-28 16:00:00,0.6874,0.6877,0.676,0.6793,2806928.0,1913228.39945
2026-06-28 20:00:00,0.6793,0.6869,0.6707,0.6814,3554895.0,2413492.62054
2026-06-29 00:00:00,0.6814,0.6944,0.6723,0.6916,4548657.8,3104986.87165
2026-06-29 04:00:00,0.6915,0.6972,0.6795,0.6962,2990763.7,2062638.90485
2026-06-29 08:00:00,0.6961,0.6981,0.6864,0.6896,4590049.1,3170423.03189
2026-06-29 12:00:00,0.6897,0.7015,0.6832,0.6934,7975883.5,5514981.33103
2026-06-29 16:00:00,0.6935,0.7085,0.6894,0.7052,4647865.2,3260338.58551
2026-06-29 20:00:00,0.7052,0.7071,0.6983,0.7027,2738449.8,1925487.76111
2026-06-30 00:00:00,0.7027,0.7034,0.69,0.6954,4764328.8,3309549.64247
2026-06-30 04:00:00,0.6954,0.6987,0.691,0.6974,6053311.3,4205974.48308
2026-06-30 08:00:00,0.6974,0.6978,0.6878,0.6891,4828464.8,3344437.94568
2026-06-30 12:00:00,0.6891,0.6957,0.6772,0.6904,7731842.5,5303743.97398
2026-06-30 16:00:00,0.6905,0.6985,0.6857,0.6961,2404062.6,1665942.78052
2026-06-30 20:00:00,0.6961,0.6972,0.6886,0.6906,1676477.0,1159215.41683
2026-07-01 00:00:00,0.6907,0.7086,0.6778,0.7078,9398789.8,6509374.06033
2026-07-01 04:00:00,0.7078,0.7086,0.6933,0.6971,4322445.6,3035761.64966
2026-07-01 08:00:00,0.697,0.7063,0.692,0.6993,3758696.3,2628574.0174
2026-07-01 12:00:00,0.6993,0.7222,0.6941,0.7158,7005436.6,4965053.84476
2026-07-01 16:00:00,0.7158,0.7218,0.7076,0.7122,3478764.4,2485481.20518
2026-07-01 20:00:00,0.7123,0.7302,0.7099,0.7156,5548170.6,4006051.83
2026-07-02 00:00:00,0.7157,0.7327,0.7102,0.7322,4325955.8,3122075.1892
2026-07-02 04:00:00,0.7321,0.7388,0.7234,0.7272,4344245.2,3170636.86883
2026-07-02 08:00:00,0.7272,0.7466,0.726,0.7412,6153231.8,4545048.19255
2026-07-02 12:00:00,0.7411,0.7536,0.7354,0.7405,8405085.4,6249818.11373
2026-07-02 16:00:00,0.7405,0.7423,0.7336,0.7366,3980996.6,2936743.74399
2026-07-02 20:00:00,0.7365,0.7376,0.7295,0.7354,3184085.8,2335410.17082
2026-07-03 00:00:00,0.7354,0.7451,0.7288,0.7439,5542696.4,4089722.59466
2026-07-03 04:00:00,0.744,0.7449,0.7374,0.7415,4365064.9,3231644.37164
2026-07-03 08:00:00,0.7415,0.753,0.7387,0.7511,5537691.5,4124362.68853
2026-07-03 12:00:00,0.7512,0.76,0.7479,0.7527,5709225.6,4304305.32972
2026-07-03 16:00:00,0.7526,0.7744,0.7497,0.7691,5988199.0,4562416.16897
2026-07-03 20:00:00,0.7691,0.7797,0.7665,0.7692,4535847.1,3502023.47069
2026-07-04 00:00:00,0.7693,0.7736,0.7559,0.7605,3302556.2,2519522.02898
2026-07-04 04:00:00,0.7604,0.7671,0.7536,0.7587,2504328.8,1901984.98726
2026-07-04 08:00:00,0.7587,0.7602,0.7511,0.757,1941935.1,1467944.23009
2026-07-04 12:00:00,0.7569,0.7757,0.7568,0.7721,4578373.9,3510341.58682
2026-07-04 16:00:00,0.7721,0.7828,0.7643,0.7709,4513389.5,3493961.14903
2026-07-04 20:00:00,0.7709,0.7791,0.761,0.762,3194682.8,2456405.01811
2026-07-05 00:00:00,0.7621,0.7625,0.7372,0.7422,6077402.9,4544927.96855
2026-07-05 04:00:00,0.7422,0.7466,0.7412,0.7453,3809514.3,2834892.12522
2026-07-05 08:00:00,0.7453,0.7475,0.7374,0.7431,2429371.0,1804313.903
2026-07-05 12:00:00,0.743,0.7595,0.7405,0.7532,3257528.0,2448349.30352
2026-07-05 16:00:00,0.7532,0.759,0.7517,0.755,2356503.9,1780624.5841
2026-07-05 20:00:00,0.755,0.7665,0.7515,0.7567,3672473.4,2792929.32977
2026-07-06 00:00:00,0.7567,0.7618,0.7471,0.7489,2530774.8,1907931.21286
2026-07-06 04:00:00,0.7489,0.7494,0.7339,0.7413,4351857.0,3218937.58382
2026-07-06 08:00:00,0.7412,0.7448,0.7362,0.7379,2355025.1,1745627.98763
2026-07-06 12:00:00,0.738,0.7446,0.72,0.744,11971362.5,8754057.14747
2026-07-06 16:00:00,0.7441,0.75,0.7406,0.7491,4613714.1,3443052.92021
2026-07-06 20:00:00,0.7492,0.768,0.7463,0.7498,5573174.7,4210453.77252
2026-07-07 00:00:00,0.7498,0.7546,0.7332,0.7353,2933650.1,2176569.48887
2026-07-07 04:00:00,0.7353,0.7434,0.7294,0.7378,2398564.8,1767575.71721
2026-07-07 08:00:00,0.7378,0.7468,0.7364,0.7401,3185829.3,2361157.63314
2026-07-07 12:00:00,0.7401,0.7455,0.7293,0.7425,3923564.6,2898681.51096
2026-07-07 16:00:00,0.7426,0.7512,0.7296,0.7377,4740199.0,3514690.12931
2026-07-07 20:00:00,0.7378,0.7387,0.7195,0.7279,5029956.8,3661412.40829
2026-07-08 00:00:00,0.728,0.7336,0.7091,0.7144,5813317.9,4173521.52593
2026-07-08 04:00:00,0.7145,0.7192,0.7114,0.7181,2488550.2,1779388.30336
2026-07-08 08:00:00,0.7183,0.7198,0.6993,0.7076,7941676.0,5603496.59245
2026-07-08 12:00:00,0.7077,0.7096,0.6964,0.6994,5138703.1,3617523.98758
2026-07-08 16:00:00,0.6994,0.7137,0.6988,0.7128,4341699.8,3072637.39207
2026-07-08 20:00:00,0.7129,0.7136,0.7062,0.7111,1816852.9,1289694.39103
2026-07-09 00:00:00,0.7111,0.7223,0.7077,0.719,3785272.5,2704307.66806
2026-07-09 04:00:00,0.7189,0.7326,0.7187,0.7248,3341484.3,2425688.76093
2026-07-09 08:00:00,0.7248,0.7279,0.7192,0.7231,1625413.4,1174564.23963
2026-07-09 12:00:00,0.7231,0.7235,0.7151,0.717,4226644.0,3038252.13896
2026-07-09 16:00:00,0.717,0.7236,0.7147,0.7192,1851183.6,1331693.65294
2026-07-09 20:00:00,0.7191,0.7211,0.7149,0.7171,1117016.1,802226.40642
2026-07-10 00:00:00,0.7172,0.7291,0.712,0.7257,3000835.8,2167916.6237
2026-07-10 04:00:00,0.7257,0.7273,0.7217,0.7227,1360650.5,985845.17539
2026-07-10 08:00:00,0.7227,0.75,0.7225,0.7381,7281032.1,5382284.89291
2026-07-10 12:00:00,0.7381,0.7465,0.7294,0.7368,6547043.5,4830684.19887
2026-07-10 16:00:00,0.7368,0.74,0.7306,0.7371,2473996.3,1819194.58102
2026-07-10 20:00:00,0.7371,0.7421,0.7337,0.7389,1294982.2,955946.81869
2026-07-11 00:00:00,0.739,0.7454,0.7318,0.7429,1917542.4,1414303.37335
2026-07-11 04:00:00,0.743,0.7548,0.739,0.7441,4327842.7,3235857.88046
2026-07-11 08:00:00,0.744,0.7472,0.7379,0.743,3645992.5,2705520.94794
2026-07-11 12:00:00,0.743,0.7521,0.7398,0.743,3381001.0,2518618.01401
2026-07-11 16:00:00,0.743,0.7508,0.7401,0.7474,2738420.9,2044346.7368
2026-07-11 20:00:00,0.7474,0.7505,0.7283,0.7291,3354781.9,2483724.77766
2026-07-12 00:00:00,0.729,0.7321,0.7216,0.7318,3751370.3,2729426.37346
2026-07-12 04:00:00,0.7317,0.739,0.727,0.7389,2736330.2,2003342.52878
2026-07-12 08:00:00,0.7389,0.7468,0.7377,0.7409,3888336.7,2883150.05368
2026-07-12 12:00:00,0.7408,0.7488,0.7405,0.7449,3679793.7,2737210.962
2026-07-12 16:00:00,0.745,0.746,0.7364,0.7418,1798060.6,1331576.15799
2026-07-12 20:00:00,0.7417,0.7435,0.7328,0.736,1883892.8,1389498.66684
2026-07-13 00:00:00,0.736,0.7471,0.7223,0.7269,4178216.9,3058152.30192
2026-07-13 04:00:00,0.7269,0.7339,0.7252,0.7325,2005042.3,1464920.49193
2026-07-13 08:00:00,0.7325,0.7363,0.7304,0.7309,1317447.2,965792.28029
2026-07-13 12:00:00,0.7309,0.7336,0.7226,0.7282,3063776.4,2230612.99578
2026-07-13 16:00:00,0.7282,0.7293,0.7144,0.7215,2525585.0,1820815.53995
2026-07-13 20:00:00,0.7215,0.7222,0.7074,0.722,1568400.0,1121646.1183
2026-07-14 00:00:00,0.722,0.7289,0.719,0.7243,2236696.3,1620758.31441
2026-07-14 04:00:00,0.7244,0.7355,0.7229,0.731,3426213.6,2501881.18995
2026-07-14 08:00:00,0.731,0.7347,0.7286,0.7302,1631721.9,1193900.63116
2026-07-14 12:00:00,0.7302,0.7677,0.7299,0.7592,17578070.8,13278881.89532
2026-07-14 16:00:00,0.7593,0.764,0.7511,0.7621,5703227.6,4318488.58867
2026-07-14 20:00:00,0.7622,0.7649,0.7563,0.7624,3027051.6,2303160.092
2026-07-15 00:00:00,0.7625,0.7639,0.7492,0.7533,2487836.7,1882325.95434
2026-07-15 04:00:00,0.7533,0.7606,0.7501,0.7526,3217717.0,2430699.3121
2026-07-15 08:00:00,0.7527,0.7568,0.7509,0.7545,1398002.0,1053234.18055
2026-07-15 12:00:00,0.7546,0.768,0.7526,0.7596,7104478.5,5410461.04035
2026-07-15 16:00:00,0.7597,0.7606,0.7443,0.7494,4132521.2,3105790.01458
2026-07-15 20:00:00,0.7495,0.7616,0.7482,0.7552,2077434.0,1568878.21292
2026-07-16 00:00:00,0.7551,0.7658,0.7461,0.7603,4498096.2,3394230.42342
2026-07-16 04:00:00,0.7603,0.7608,0.7397,0.7427,5617480.2,4204129.4098
2026-07-16 08:00:00,0.7426,0.7439,0.733,0.7427,7511318.9,5545894.27531
2026-07-16 12:00:00,0.7426,0.755,0.7379,0.751,6030424.7,4510658.3327
2026-07-16 16:00:00,0.751,0.7535,0.7449,0.7486,2630520.7,1970071.42555
2026-07-16 20:00:00,0.7485,0.7522,0.7353,0.739,3058644.2,2274703.13202
2026-07-17 00:00:00,0.7389,0.7484,0.7351,0.7441,3357864.2,2491253.12218
2026-07-17 04:00:00,0.7441,0.75,0.7296,0.7318,4791864.1,3529627.33022
2026-07-17 08:00:00,0.7319,0.7397,0.7227,0.7365,4019291.6,2932239.8968
2026-07-17 12:00:00,0.7365,0.7375,0.7214,0.7347,6708452.9,4895454.80684
2026-07-17 16:00:00,0.7347,0.7448,0.7323,0.7386,2272631.6,1679030.80906
2026-07-17 20:00:00,0.7385,0.7418,0.7364,0.74,1215494.0,898166.37179
2026-07-18 00:00:00,0.7401,0.7425,0.7383,0.7424,1371626.8,1015639.74712
2026-07-18 04:00:00,0.7425,0.7426,0.7342,0.7365,1094437.6,806488.96813
2026-07-18 08:00:00,0.7364,0.74,0.7332,0.7355,1457539.9,1073238.68308
2026-07-18 12:00:00,0.7356,0.7386,0.7316,0.7354,1504018.7,1105382.02988
2026-07-18 16:00:00,0.7353,0.7432,0.7344,0.7423,2663558.9,1969319.37199
2026-07-18 20:00:00,0.7424,0.7465,0.7392,0.7434,1941687.7,1442954.08035
2026-07-19 00:00:00,0.7435,0.7478,0.741,0.7423,1436697.2,1069063.1986
2026-07-19 04:00:00,0.7423,0.7468,0.7406,0.745,2354073.3,1752879.9096
2026-07-19 08:00:00,0.7451,0.7577,0.7439,0.75,5037394.4,3782471.70542
2026-07-19 12:00:00,0.7499,0.755,0.7478,0.7513,2307706.7,1734632.53134
2026-07-19 16:00:00,0.7513,0.7528,0.7407,0.7494,1776789.9,1325655.13716
2026-07-19 20:00:00,0.7494,0.7537,0.7452,0.7496,1398181.6,1047861.03048
2026-07-20 00:00:00,0.7497,0.7588,0.7476,0.7505,2065324.1,1555332.13777
2026-07-20 04:00:00,0.7505,0.7506,0.7396,0.7472,2513361.8,1868381.57238
2026-07-20 08:00:00,0.7472,0.7557,0.7393,0.7547,4743087.5,3543597.18126
2026-07-20 12:00:00,0.7548,0.7665,0.7476,0.7655,4914227.6,3714817.23782
2026-07-20 16:00:00,0.7656,0.7744,0.759,0.7676,8273006.7,6327185.21155
2026-07-20 20:00:00,0.7676,0.7711,0.7599,0.7648,1676646.5,1284253.48795
2026-07-21 00:00:00,0.7647,0.7711,0.7605,0.7687,1813567.5,1390660.02778
2026-07-21 04:00:00,0.7687,0.7783,0.7656,0.7775,4291190.1,3316012.02684
2026-07-21 08:00:00,0.7775,0.7776,0.7651,0.7694,2813864.7,2172396.23719
2026-07-21 12:00:00,0.7695,0.771,0.7623,0.7673,4801150.3,3685680.50946
2026-07-21 16:00:00,0.7674,0.7702,0.7616,0.7663,3456413.1,2647040.1121
2026-07-21 20:00:00,0.7663,0.7722,0.7659,0.7719,1460863.6,1123010.11865
2026-07-22 00:00:00,0.772,0.7754,0.7633,0.7642,2079992.8,1600742.14016
2026-07-22 04:00:00,0.7641,0.7676,0.7527,0.7559,11734595.8,8901021.46285
2026-07-22 08:00:00,0.7559,0.7623,0.7546,0.7602,4949771.9,3752206.00319
2026-07-22 12:00:00,0.7603,0.7752,0.7564,0.7707,5035652.3,3873222.90209
2026-07-22 16:00:00,0.7706,0.7796,0.7635,0.7662,3655044.8,2819351.78121
2026-07-22 20:00:00,0.7662,0.7676,0.7604,0.7648,1719091.3,1314652.85007
2026-07-23 00:00:00,0.7648,0.7677,0.7591,0.7628,3602891.2,2748190.90866
2026-07-23 04:00:00,0.7628,0.7717,0.762,0.7702,2730332.0,2095497.05755
2026-07-23 08:00:00,0.7703,0.7755,0.7665,0.7668,1964049.6,1514005.36097
2026-07-23 12:00:00,0.7668,0.7681,0.7407,0.7491,6353611.1,4789102.40406
2026-07-23 16:00:00,0.7492,0.7492,0.74,0.7452,3000763.4,2233736.348
2026-07-23 20:00:00,0.7452,0.7507,0.7438,0.7443,2520271.4,1883146.55847
2026-07-24 00:00:00,0.7444,0.7469,0.7378,0.7462,2176896.8,1616211.42161
2026-07-24 04:00:00,0.7462,0.7487,0.7413,0.745,2825902.2,2104104.40304
2026-07-24 08:00:00,0.7451,0.7452,0.7294,0.7311,9290604.7,6834479.37197
2026-07-24 12:00:00,0.7311,0.7326,0.7126,0.718,6816544.6,4916768.55746
2026-07-24 16:00:00,0.718,0.7181,0.7073,0.7103,3416619.1,2432110.24509
2026-07-24 20:00:00,0.7103,0.7127,0.7081,0.711,2930372.2,2083296.70848
2026-07-25 00:00:00,0.711,0.7144,0.7092,0.7119,1767920.6,1257602.84144
2026-07-25 04:00:00,0.7118,0.7154,0.7018,0.7033,3120350.6,2211956.92368
2026-07-25 08:00:00,0.7033,0.7068,0.7021,0.705,2133263.1,1503604.79705
2026-07-25 12:00:00,0.705,0.7114,0.7042,0.7101,1904273.0,1347587.02583
2026-07-25 16:00:00,0.7102,0.7178,0.7101,0.7141,2331273.6,1664933.55039
2026-07-25 20:00:00,0.7141,0.7145,0.7105,0.7111,1382643.9,985452.22318
2026-07-26 00:00:00,0.7111,0.7182,0.7108,0.7178,1464804.2,1045343.38383
2026-07-26 04:00:00,0.7178,0.7269,0.7158,0.7204,2704326.7,1949348.92224
2026-07-26 08:00:00,0.7204,0.7204,0.7162,0.7179,1274944.5,915766.84498
2026-07-26 12:00:00,0.7179,0.7203,0.7147,0.7193,2030448.2,1457603.77034
2026-07-26 16:00:00,0.7193,0.7225,0.7108,0.7119,2273724.1,1626286.71
2026-07-26 20:00:00,0.712,0.726,0.7109,0.7233,2596694.6,1867072.2024
2026-07-27 00:00:00,0.7234,0.7241,0.7135,0.7194,2468237.8,1775748.70758
2026-07-27 04:00:00,0.7195,0.7247,0.7158,0.7172,2629688.7,1891401.05406
2026-07-27 08:00:00,0.7172,0.7195,0.7126,0.7162,2174010.8,1557818.44631
2026-07-27 12:00:00,0.7162,0.7205,0.6945,0.6993,7316824.2,5167271.40448
2026-07-27 16:00:00,0.6992,0.7065,0.698,0.7044,3184799.2,2239146.60094
2026-07-27 20:00:00,0.7044,0.705,0.6741,0.681,8542785.3,5852439.54321
2026-07-28 00:00:00,0.6811,0.6854,0.6738,0.6839,3476196.3,2368187.36086
2026-07-28 04:00:00,0.6839,0.6852,0.6786,0.681,3632031.8,2475920.60261
2026-07-28 08:00:00,0.6809,0.6855,0.6796,0.6825,2858204.1,1951439.09257
2026-07-28 12:00:00,0.6825,0.6927,0.6734,0.6904,6019320.8,4117217.19807
2026-07-28 16:00:00,0.6905,0.6939,0.6861,0.6931,2543714.6,1755313.38006
2026-07-28 20:00:00,0.6932,0.6968,0.6886,0.6926,1777042.6,1231492.52094
2026-07-29 00:00:00,0.6925,0.6969,0.6815,0.682,2547398.2,1756743.43184
2026-07-29 04:00:00,0.6821,0.6888,0.6789,0.6879,2013784.5,1378593.8753
2026-07-29 08:00:00,0.688,0.6918,0.6851,0.6893,1736762.5,1196624.24815
2026-07-29 12:00:00,0.6893,0.6913,0.6806,0.6826,3082466.8,2111896.75414
2026-07-29 16:00:00,0.6826,0.6976,0.6805,0.6821,3891203.8,2677876.25402
2026-07-29 20:00:00,0.6821,0.6877,0.6766,0.6862,2577310.9,1757780.27292
2026-07-30 00:00:00,0.6862,0.692,0.6817,0.688,1752361.8,1205194.77486
2026-07-30 04:00:00,0.6881,0.6897,0.6837,0.6867,1297667.5,890463.70645
2026-07-30 08:00:00,0.6867,0.6954,0.686,0.6933,2303715.6,1592334.41775
2026-07-30 12:00:00,0.6934,0.7015,0.6901,0.6997,3678681.1,2559991.15271
2026-07-30 16:00:00,0.6998,0.7076,0.699,0.6994,3219071.3,2260282.78504
2026-07-30 20:00:00,0.6995,0.702,0.6921,0.6922,2186989.0,1524003.51368
2026-07-31 00:00:00,0.6923,0.6971,0.6855,0.6901,3395545.1,2345354.66836
2026-07-31 04:00:00,0.6901,0.6917,0.6838,0.6904,1613083.6,1110903.42926
2026-07-31 08:00:00,0.6903,0.6919,0.683,0.6882,1808783.6,1245914.83019
2026-07-31 12:00:00,0.6882,0.6906,0.6783,0.6834,3770710.4,2586597.32592
2026-07-31 16:00:00,0.6834,0.6864,0.6768,0.6794,2410688.5,1646926.02126
2026-07-31 20:00:00,0.6795,0.684,0.6793,0.6821,1281775.7,873750.44976
2026-08-01 00:00:00,0.6821,0.6868,0.6821,0.6861,1187629.4,813528.7548
2026-08-01 04:00:00,0.6862,0.6905,0.6833,0.6848,1484096.6,1019513.55346
2026-08-01 08:00:00,0.6847,0.6854,0.6825,0.6847,775883.8,530673.18619
2026-08-01 12:00:00,0.6848,0.6861,0.6826,0.6827,888517.9,608488.56325
2026-08-01 16:00:00,0.6826,0.6847,0.663,0.6716,5096915.8,3428711.09257
2026-08-01 20:00:00,0.6715,0.679,0.671,0.6758,1502585.4,1014247.42875
2026-08-02 00:00:00,0.6758,0.691,0.6758,0.6897,2774648.6,1901099.4271
2026-08-02 04:00:00,0.6897,0.6942,0.6892,0.6914,2776204.1,1919853.05125
2026-08-02 08:00:00,0.6914,0.6919,0.6832,0.6849,2365068.8,1626332.62101
2026-08-02 12:00:00,0.6849,0.6933,0.6849,0.6902,3076902.4,2123686.26993
2026-08-02 16:00:00,0.6902,0.6952,0.6886,0.6928,1464217.1,1012432.49765
2026-08-02 20:00:00,0.6927,0.696,0.6877,0.6898,958813.4,663395.37172
2026-08-03 00:00:00,0.6899,0.6902,0.6843,0.6864,1267807.6,871658.28014
2026-08-03 04:00:00,0.6864,0.6901,0.6839,0.685,1602033.1,1100410.03097
2026-08-03 08:00:00,0.6849,0.6881,0.6792,0.6855,1670212.7,1143083.28368
2026-08-03 12:00:00,0.6856,0.6985,0.684,0.6942,4330709.9,3003101.41825
2026-08-03 16:00:00,0.6943,0.6974,0.6922,0.6936,1752102.4,1217549.45539
2026-08-03 20:00:00,0.6936,0.6958,0.6888,0.6912,1472341.9,1019876.89857
2026-08-04 00:00:00,0.6912,0.6978,0.688,0.6958,1702496.0,1180582.71613
2026-08-04 04:00:00,0.6958,0.6989,0.6895,0.6933,1306362.8,907237.25295
2026-08-04 08:00:00,0.6932,0.6952,0.6896,0.6944,962220.9,665839.49634
2026-08-04 12:00:00,0.6944,0.6967,0.6869,0.6934,2279908.2,1578600.38623
2026-08-04 16:00:00,0.6935,0.7003,0.6921,0.698,1639541.7,1141571.2693
2026-08-04 20:00:00,0.698,0.6991,0.6929,0.6931,1609084.7,1119964.81271
2026-08-05 00:00:00,0.6931,0.6959,0.6875,0.6889,2189829.0,1513352.9341
2026-08-05 04:00:00,0.6888,0.6943,0.6885,0.692,1498517.8,1036428.97425
2026-08-05 08:00:00,0.6922,0.6938,0.6898,0.6906,1874602.2,1296640.01729
2026-08-05 12:00:00,0.6906,0.6955,0.683,0.6873,3870401.5,2667277.24483
2026-08-05 16:00:00,0.6873,0.696,0.6872,0.6921,1726944.2,1196846.18676
2026-08-05 20:00:00,0.6921,0.6958,0.6891,0.6903,1408716.5,973820.87017
2026-08-06 00:00:00,0.6904,0.6926,0.6818,0.6843,2088591.1,1433416.70774
2026-08-06 04:00:00,0.6843,0.689,0.6818,0.6857,2688956.2,1843727.75879
2026-08-06 08:00:00,0.6858,0.6882,0.6684,0.6764,6765900.6,4576404.0823
2026-08-06 12:00:00,0.6765,0.6781,0.6711,0.6743,3533519.8,2384633.2229
2026-08-06 16:00:00,0.6743,0.6815,0.6735,0.6744,1911060.5,1294284.66807
2026-08-06 20:00:00,0.6744,0.6767,0.671,0.6725,1903294.9,1283279.96768
2026-08-07 00:00:00,0.6725,0.679,0.6715,0.6741,1916754.2,1294273.17494
2026-08-07 04:00:00,0.6741,0.6761,0.6696,0.6737,1621258.7,1091236.25699
2026-08-07 08:00:00,0.6737,0.678,0.6727,0.6749,2768320.5,1870186.1915
2026-08-07 12:00:00,0.675,0.6797,0.6643,0.6727,15961759.5,10731430.85764
2026-08-07 16:00:00,0.6728,0.6754,0.6658,0.6738,2448479.7,1643453.29462
2026-08-07 20:00:00,0.6738,0.6744,0.6703,0.6722,1201448.6,807895.87153
2026-08-08 00:00:00,0.6721,0.6805,0.671,0.6798,2070208.1,1401538.70769
2026-08-08 04:00:00,0.6798,0.685,0.6798,0.684,3099845.9,2115563.40976
2026-08-08 08:00:00,0.684,0.6968,0.6834,0.6898,4772401.8,3297341.45279
2026-08-08 12:00:00,0.6897,0.7071,0.6888,0.7006,6680600.9,4673654.19138
2026-08-08 16:00:00,0.7006,0.7012,0.6931,0.696,2966089.6,2066673.15777
2026-08-08 20:00:00,0.696,0.6998,0.6882,0.6922,2549715.0,1771012.71192
2026-08-09 00:00:00,0.6921,0.6931,0.6876,0.69,2026391.7,1398049.59458
2026-08-09 04:00:00,0.69,0.6946,0.6894,0.6925,1899751.0,1315319.18097
2026-08-09 08:00:00,0.6926,0.695,0.6909,0.6925,1158229.0,802221.77368
2026-08-09 12:00:00,0.6925,0.7021,0.6904,0.7014,3205107.8,2233489.54627
2026-08-09 16:00:00,0.7015,0.7054,0.6974,0.6977,3265120.4,2288083.78109
2026-08-09 20:00:00,0.6977,0.7054,0.6835,0.6866,4028589.4,2800404.951
2026-08-10 00:00:00,0.6865,0.697,0.6845,0.6889,2897441.0,1999699.80568
2026-08-10 04:00:00,0.6889,0.6981,0.6874,0.695,3018850.2,2094382.41392
2026-08-10 08:00:00,0.695,0.6968,0.6912,0.696,1875176.4,1301343.87307
2026-08-10 12:00:00,0.696,0.6979,0.6873,0.6909,4068971.3,2817384.70215
2026-08-10 16:00:00,0.6908,0.6974,0.6847,0.6927,3994050.2,2756724.27528
2026-08-10 20:00:00,0.6928,0.6941,0.6821,0.6844,2607861.3,1793477.21964
2026-08-11 00:00:00,0.6844,0.6903,0.6833,0.6876,1182567.6,812870.52042
2026-08-11 04:00:00,0.6875,0.691,0.6842,0.6876,2224573.7,1530964.5514
2026-08-11 08:00:00,0.6877,0.6936,0.6871,0.6924,3080457.5,2128767.10369
2026-08-11 12:00:00,0.6925,0.6928,0.6722,0.6767,8220489.9,5597354.33436
2026-08-11 16:00:00,0.6766,0.6835,0.6752,0.6832,2199131.9,1493875.49433
2026-08-11 20:00:00,0.6833,0.6953,0.683,0.6931,2990867.1,2063876.20539
2026-08-12 00:00:00,0.6931,0.6997,0.6919,0.6931,3019589.9,2099614.79291
2026-08-12 04:00:00,0.6931,0.6938,0.688,0.6912,2097994.6,1449824.04184
2026-08-12 08:00:00,0.6912,0.6932,0.6862,0.6926,1984664.5,1370314.3155
2026-08-12 12:00:00,0.6927,0.6972,0.6828,0.6854,6250451.3,4313301.344
2026-08-12 16:00:00,0.6853,0.6879,0.6825,0.6851,3271556.4,2241953.87616
2026-08-12 20:00:00,0.6851,0.689,0.675,0.6814,2507554.4,1709470.06538
2026-08-13 00:00:00,0.6814,0.692,0.6808,0.6894,2340583.7,1607123.68034
2026-08-13 04:00:00,0.6893,0.6925,0.6867,0.6899,2087129.5,1440257.75926
2026-08-13 08:00:00,0.69,0.6917,0.6857,0.6861,1488507.0,1025418.312
2026-08-13 12:00:00,0.6861,0.6949,0.6852,0.6854,3055177.6,2109791.03603
2026-08-13 16:00:00,0.6854,0.6881,0.6802,0.6862,5694191.6,3896696.67685
2026-08-13 20:00:00,0.6862,0.6904,0.6846,0.6894,1206104.3,829473.56933
2026-08-14 00:00:00,0.6895,0.6908,0.6831,0.6833,1189397.2,817276.48645
2026-08-14 04:00:00,0.6833,0.6852,0.6779,0.6793,1762904.2,1200652.05168
2026-08-14 08:00:00,0.6793,0.6815,0.6744,0.675,2436625.8,1652078.83222
2026-08-14 12:00:00,0.6751,0.6793,0.6712,0.6772,3263957.6,2207141.27965
2026-08-14 16:00:00,0.6772,0.6811,0.6754,0.6792,8576617.5,5820844.71935
2026-08-14 20:00:00,0.6791,0.6829,0.6753,0.6829,1275915.1,865504.5672
2026-08-15 00:00:00,0.6829,0.6888,0.681,0.6856,2022201.5,1384643.48691
2026-08-15 04:00:00,0.6857,0.6877,0.682,0.6826,1453277.4,995587.35232
2026-08-15 08:00:00,0.6827,0.6846,0.681,0.682,774006.6,528492.04015
2026-08-15 12:00:00,0.682,0.6847,0.6816,0.6838,1136836.1,776588.38705
2026-08-15 16:00:00,0.6838,0.6841,0.6782,0.6819,809770.3,551924.11646
2026-08-15 20:00:00,0.6818,0.6818,0.6769,0.6775,996573.3,677567.15399
2026-08-16 00:00:00,0.6774,0.6786,0.6742,0.6762,891270.0,602968.1241
2026-08-16 04:00:00,0.6762,0.6777,0.6727,0.6776,1016200.8,686052.73789
2026-08-16 08:00:00,0.6776,0.6788,0.6754,0.6767,1845331.1,1249259.7067
2026-08-16 12:00:00,0.6767,0.681,0.6759,0.6805,823244.7,558346.91776
2026-08-16 16:00:00,0.6804,0.6818,0.6755,0.6768,680443.4,461556.38337
2026-08-16 20:00:00,0.6769,0.6781,0.6668,0.6712,1920794.4,1290818.59542
2026-08-17 00:00:00,0.6712,0.6801,0.6677,0.6773,1981030.8,1336816.92841
2026-08-17 04:00:00,0.6773,0.6808,0.6753,0.6785,1644755.7,1115102.55441
2026-08-17 08:00:00,0.6785,0.6802,0.6736,0.6779,1754684.6,1187589.16609
2026-08-17 12:00:00,0.6779,0.6788,0.6742,0.6785,1443646.5,976544.13286
2026-08-17 16:00:00,0.6786,0.6795,0.6755,0.6762,1430260.3,968961.73659
2026-08-17 20:00:00,0.6763,0.6798,0.6719,0.6751,3533792.9,2387193.59614
2026-08-18 00:00:00,0.6751,0.6763,0.6354,0.6461,13943970.1,9126966.91341
2026-08-18 04:00:00,0.646,0.6507,0.639,0.6469,12951981.2,8371344.48766
2026-08-18 08:00:00,0.6469,0.6534,0.643,0.6509,4471124.3,2895266.63925
2026-08-18 12:00:00,0.6509,0.6602,0.6507,0.6552,6074319.9,3973759.76048
2026-08-18 16:00:00,0.6552,0.659,0.6521,0.6557,2616842.5,1714969.87976
2026-08-18 20:00:00,0.6557,0.6564,0.647,0.6517,4733898.8,3083705.4111
2026-08-19 00:00:00,0.6518,0.6576,0.6483,0.6571,2346890.2,1532162.9156
2026-08-19 04:00:00,0.6572,0.6587,0.6532,0.6572,2779205.5,1823603.04423
2026-08-19 08:00:00,0.6571,0.6608,0.6557,0.658,3764682.8,2477399.14734
2026-08-19 12:00:00,0.658,0.7025,0.6543,0.68,20503591.7,14011383.16745
2026-08-19 16:00:00,0.6799,0.6967,0.6779,0.6961,9762537.2,6699450.22248
2026-08-19 20:00:00,0.6961,0.7249,0.694,0.706,17965180.9,12786672.70315
2026-08-20 00:00:00,0.706,0.7126,0.6905,0.6991,7201378.4,5077520.21454
2026-08-20 04:00:00,0.6992,0.7066,0.6969,0.7023,4386696.3,3076260.40975
2026-08-20 08:00:00,0.7024,0.735,0.7018,0.728,18579221.2,13446610.27714
2026-08-20 12:00:00,0.7281,0.7419,0.7158,0.7394,11460706.3,8341196.60546
2026-08-20 16:00:00,0.7394,0.7532,0.7217,0.7247,15618367.5,11512671.2179
2026-08-20 20:00:00,0.7248,0.7385,0.7233,0.7335,7219446.7,5278691.54955
2026-08-21 00:00:00,0.7336,0.7495,0.7329,0.7452,11107083.5,8253877.28975
2026-08-21 04:00:00,0.7452,0.7819,0.745,0.7775,23425555.6,18006395.18941
2026-08-21 08:00:00,0.7775,0.814,0.7765,0.7835,33407877.2,26475784.38907
2026-08-21 12:00:00,0.7835,0.8235,0.7807,0.815,20512681.1,16420868.42671
2026-08-21 16:00:00,0.8149,0.8228,0.7902,0.8026,15902787.0,12843575.45403
2026-08-21 20:00:00,0.8025,0.8623,0.7981,0.8438,23657426.2,19897543.04069
2026-08-22 00:00:00,0.8438,0.925,0.8341,0.9128,28057693.9,24772876.91853
2026-08-22 04:00:00,0.9129,0.954,0.7722,0.863,64518619.1,55565668.89511
2026-08-22 08:00:00,0.8631,0.8741,0.8076,0.8291,25066819.6,20963284.54897
2026-08-22 12:00:00,0.829,0.8427,0.8088,0.8153,14391837.6,11890796.09287
2026-08-22 16:00:00,0.8154,0.8412,0.8114,0.8331,14311156.2,11886893.97123
2026-08-22 20:00:00,0.8332,0.8387,0.8036,0.8142,12109597.2,9906782.53173
2026-08-23 00:00:00,0.8142,0.8331,0.7885,0.7928,14291151.8,11591110.46163
2026-08-23 04:00:00,0.7927,0.799,0.7782,0.7918,17442094.0,13761369.62642
2026-08-23 08:00:00,0.7919,0.8201,0.7901,0.8192,13196517.9,10630141.95476
2026-08-23 12:00:00,0.8191,0.8387,0.7981,0.8227,17601639.4,14481704.31931
2026-08-23 16:00:00,0.8228,0.8468,0.8163,0.8327,20769026.5,17244729.76124
2026-08-23 20:00:00,0.8328,0.8575,0.8278,0.8504,19358623.9,16371312.8123
2026-08-24 00:00:00,0.8503,0.8509,0.8143,0.8203,17616510.7,14617612.99138
2026-08-24 04:00:00,0.8203,0.8359,0.8107,0.8161,11998272.9,9890274.6784
2026-08-24 08:00:00,0.8162,0.8379,0.8041,0.8314,12165335.1,9988041.61122
2026-08-24 12:00:00,0.8315,0.8422,0.8106,0.8229,21988222.0,18209581.40296
2026-08-24 16:00:00,0.8229,0.834,0.7976,0.8027,21195504.3,17149715.87361
2026-08-24 20:00:00,0.8028,0.8099,0.7901,0.7999,10175234.9,8143976.42309
2026-08-25 00:00:00,0.7998,0.8349,0.7919,0.8193,23725808.6,19418911.41813
2026-08-25 04:00:00,0.8193,0.8306,0.7978,0.8019,14088273.6,11491523.53705
2026-08-25 08:00:00,0.8018,0.8095,0.795,0.7996,11108085.1,8916478.74968
2026-08-25 12:00:00,0.7996,0.8033,0.7776,0.793,15273536.2,12105967.51562
2026-08-25 16:00:00,0.7931,0.7945,0.7728,0.775,10102149.0,7891682.88943
2026-08-25 20:00:00,0.7749,0.7761,0.7443,0.7574,16075463.9,12227913.70462
2026-08-26 00:00:00,0.7574,0.7674,0.7526,0.7612,7219999.6,5489283.33336
2026-08-26 04:00:00,0.7611,0.7696,0.7576,0.76,9177691.4,7007303.66217
2026-08-26 08:00:00,0.7599,0.7645,0.7487,0.755,7220356.5,5468347.10597
2026-08-26 12:00:00,0.755,0.762,0.7251,0.7357,15578108.7,11559879.8947
2026-08-26 16:00:00,0.7357,0.7451,0.7281,0.7382,8073531.4,5949842.60301
2026-08-26 20:00:00,0.7382,0.7686,0.733,0.7675,9469490.7,7126230.1908
2026-08-27 00:00:00,0.7676,0.7677,0.7469,0.7493,6091729.6,4605741.4288
2026-08-27 04:00:00,0.7494,0.7582,0.7436,0.7582,6524709.3,4896104.33673
2026-08-27 08:00:00,0.7582,0.7826,0.7535,0.7631,21905479.1,16828829.53078
2026-08-27 12:00:00,0.763,0.7939,0.7598,0.7868,20142553.3,15670375.47083
2026-08-27 16:00:00,0.7869,0.7932,0.7687,0.7771,15233423.5,11919648.38194
2026-08-27 20:00:00,0.7772,0.785,0.7715,0.7796,10935876.4,8506630.0231
2026-08-28 00:00:00,0.7796,0.8052,0.7576,0.7635,15560323.0,12120104.03638
2026-08-28 04:00:00,0.7635,0.7679,0.7554,0.7601,6590048.0,5019448.81118
2026-08-28 08:00:00,0.7602,0.7659,0.7475,0.7605,7719472.8,5853951.7056
2026-08-28 12:00:00,0.7604,0.7735,0.7488,0.753,13927541.3,10575987.68264
2026-08-28 16:00:00,0.7529,0.7559,0.7291,0.7359,18130108.9,13477470.21333
2026-08-28 20:00:00,0.7358,0.7439,0.7327,0.7438,3340213.7,2469041.5935
2026-08-29 00:00:00,0.7437,0.7472,0.7362,0.7367,3885337.8,2878455.73885
2026-08-29 04:00:00,0.7368,0.745,0.7343,0.7352,4649998.0,3439338.21027
2026-08-29 08:00:00,0.7351,0.7402,0.7314,0.7343,4812325.8,3537516.7004
2026-08-29 12:00:00,0.7345,0.749,0.734,0.7447,4968333.3,3689389.2393
2026-08-29 16:00:00,0.7446,0.7493,0.74,0.7459,6535008.2,4872354.89178
2026-08-29 20:00:00,0.7459,0.7476,0.7396,0.745,3294066.9,2451446.80425
2026-08-30 00:00:00,0.745,0.7473,0.739,0.7407,3845327.7,2852205.21128
2026-08-30 04:00:00,0.7407,0.747,0.7336,0.7401,3900736.9,2891162.49979
2026-08-30 08:00:00,0.7401,0.7426,0.7351,0.7419,4865980.9,3597295.379
2026-08-30 12:00:00,0.7419,0.7538,0.7402,0.7462,8851760.6,6616788.93184
2026-08-30 16:00:00,0.7463,0.7639,0.7454,0.7562,13228919.0,9996811.75427
2026-08-30 20:00:00,0.7563,0.7578,0.6969,0.7111,24160793.3,17434959.96486
2026-08-31 00:00:00,0.7111,0.7219,0.7063,0.7174,17167910.8,12240802.82073
2026-08-31 04:00:00,0.7173,0.7265,0.7108,0.7237,9996655.7,7190952.89276
2026-08-31 08:00:00,0.7237,0.7312,0.7148,0.7248,11793179.5,8548363.788
2026-08-31 12:00:00,0.7248,0.7289,0.7144,0.7209,10811691.5,7800588.54368
2026-08-31 16:00:00,0.7208,0.7351,0.7176,0.7263,8945612.2,6492144.75598
2026-08-31 20:00:00,0.7263,0.7311,0.7219,0.727,4650962.4,3378975.45618
2026-09-01 00:00:00,0.7269,0.7374,0.726,0.7335,7107996.1,5202786.64169
2026-09-01 04:00:00,0.7335,0.7366,0.7281,0.7301,7064482.8,5172275.67441
2026-09-01 08:00:00,0.7301,0.7346,0.7169,0.7308,8647655.5,6264539.85133
2026-09-01 12:00:00,0.7308,0.738,0.7189,0.7319,9003354.8,6564978.70916
2026-09-01 16:00:00,0.732,0.7349,0.7129,0.7243,15129421.4,10963505.17478
2026-09-01 20:00:00,0.7244,0.7262,0.7117,0.7218,9591891.5,6897624.28864
2026-09-02 00:00:00,0.7218,0.7298,0.7076,0.7234,9268498.7,6671441.62602
2026-09-02 04:00:00,0.7234,0.73,0.7187,0.7242,6547560.8,4741345.69932
2026-09-02 08:00:00,0.7243,0.7268,0.7038,0.7145,8893224.1,6343003.64323
2026-09-02 12:00:00,0.7144,0.7254,0.7101,0.7217,11619563.7,8359097.24273
2026-09-02 16:00:00,0.7217,0.7336,0.717,0.7289,9859484.5,7157045.33194
2026-09-02 20:00:00,0.729,0.7505,0.729,0.7462,12515078.9,9275399.54794
2026-09-03 00:00:00,0.7462,0.7804,0.7384,0.7679,20437641.0,15585388.46195
2026-09-03 04:00:00,0.768,0.7774,0.7569,0.7673,14987435.5,11519467.30295
2026-09-03 08:00:00,0.7674,0.7789,0.7582,0.7681,12468508.1,9568019.59937
2026-09-03 12:00:00,0.7681,0.7898,0.7633,0.789,20253181.1,15721000.9259
2026-09-03 16:00:00,0.789,0.7968,0.7756,0.7895,14689507.8,11565165.69486
2026-09-03 20:00:00,0.7894,0.796,0.7745,0.7833,11426070.7,8974070.54606
2026-09-04 00:00:00,0.7832,0.7869,0.7685,0.7723,9806817.1,7616416.69929
2026-09-04 04:00:00,0.7722,0.7777,0.7637,0.7699,8592789.1,6626847.14677
2026-09-04 08:00:00,0.7699,0.783,0.7675,0.7766,9762994.5,7570923.35295
2026-09-04 12:00:00,0.7766,0.7792,0.739,0.7492,22428452.6,16891144.94747
2026-09-04 16:00:00,0.7492,0.7613,0.7475,0.7588,6155482.8,4642303.52347
2026-09-04 20:00:00,0.7589,0.7601,0.7512,0.7555,4526963.1,3422745.45721
2026-09-05 00:00:00,0.7555,0.771,0.7546,0.7657,10501823.0,8020262.44214
2026-09-05 04:00:00,0.7658,0.7939,0.7617,0.7935,14587026.5,11341683.78532
2026-09-05 08:00:00,0.7934,0.7939,0.7818,0.7848,12231176.8,9616970.2865
2026-09-05 12:00:00,0.7847,0.8072,0.7845,0.7969,21885988.6,17478507.86669
2026-09-05 16:00:00,0.7968,0.813,0.7917,0.8023,20637988.4,16556643.06898
2026-09-05 20:00:00,0.8023,0.8086,0.7921,0.7951,10874105.3,8699670.58817
2026-09-06 00:00:00,0.7952,0.813,0.7933,0.8016,17401637.0,13942533.97372
2026-09-06 04:00:00,0.8016,0.8048,0.782,0.7944,10226404.9,8124801.6098
2026-09-06 08:00:00,0.7944,0.805,0.7913,0.805,11042787.7,8819239.76829
2026-09-06 12:00:00,0.805,0.8075,0.784,0.7923,13121811.8,10430831.20654
2026-09-06 16:00:00,0.7922,0.8036,0.7897,0.7958,7044363.7,5614841.0826
2026-09-06 20:00:00,0.7959,0.8193,0.7955,0.8118,13734987.9,11105028.96672
2026-09-07 00:00:00,0.8119,0.8233,0.792,0.7945,18148841.6,14654375.86409
2026-09-07 04:00:00,0.7945,0.8125,0.7863,0.7964,14400023.9,11511827.75146
2026-09-07 08:00:00,0.7964,0.8175,0.7957,0.81,17466732.7,14167697.94515
2026-09-07 12:00:00,0.81,0.8447,0.8,0.804,30256074.8,24955967.60365
2026-09-07 16:00:00,0.804,0.8338,0.8031,0.8294,10494431.2,8585434.07083
2026-09-07 20:00:00,0.8294,0.8355,0.8054,0.8185,13672211.2,11260623.46641
2026-09-08 00:00:00,0.8186,0.8369,0.8164,0.8239,10870455.4,8984585.8992
2026-09-08 04:00:00,0.8238,0.8261,0.8091,0.8195,13870555.9,11331189.05743
2026-09-08 08:00:00,0.8195,0.8338,0.8055,0.8104,14788488.7,12125804.69316
2026-09-08 12:00:00,0.8103,0.83,0.7955,0.8272,17472072.5,14200851.85248
2026-09-08 16:00:00,0.8272,0.8339,0.8074,0.8122,12473897.5,10232315.17164
2026-09-08 20:00:00,0.8121,0.8224,0.8071,0.8113,7670462.9,6235393.40194
2026-09-09 00:00:00,0.8113,0.824,0.8052,0.8068,11063710.7,9009261.61729
2026-09-09 04:00:00,0.8069,0.8294,0.8066,0.823,12308882.1,10078252.30904
2026-09-09 08:00:00,0.8231,0.8287,0.8022,0.8128,14923603.6,12130786.26519
2026-09-09 12:00:00,0.8129,0.8207,0.7833,0.7945,20314439.7,16366394.52642
2026-09-09 16:00:00,0.7945,0.804,0.7812,0.7855,10976657.4,8730463.96606
2026-09-09 20:00:00,0.7854,0.7888,0.7614,0.7722,12283376.4,9527354.32649
2026-09-10 00:00:00,0.7722,0.7732,0.757,0.7701,11224953.5,8599652.53893
2026-09-10 04:00:00,0.77,0.7732,0.7609,0.7641,5863109.1,4502740.00893
2026-09-10 08:00:00,0.764,0.7668,0.754,0.7603,9161145.8,6984346.54066
2026-09-10 12:00:00,0.7603,0.7663,0.7354,0.7449,19299351.0,14453955.21731
2026-09-10 16:00:00,0.7448,0.7479,0.7325,0.7389,8550785.6,6326184.0993
2026-09-10 20:00:00,0.7389,0.7432,0.7237,0.7276,8392301.9,6166949.26939
2026-09-11 00:00:00,0.7275,0.7388,0.7273,0.7365,9195898.2,6749450.40159
2026-09-11 04:00:00,0.7366,0.7429,0.7359,0.7373,7580308.0,5604515.71541
2026-09-11 08:00:00,0.7373,0.741,0.7087,0.7188,15006076.0,10872957.88273
2026-09-11 12:00:00,0.7188,0.766,0.7072,0.7373,43799155.6,32442947.77187
2026-09-11 16:00:00,0.7373,0.7455,0.7195,0.7269,17977701.5,13155606.70698
2026-09-11 20:00:00,0.7269,0.7323,0.7175,0.7257,8812952.7,6387315.86363
2026-09-12 00:00:00,0.7257,0.7309,0.724,0.7275,6081274.4,4423097.68036
2026-09-12 04:00:00,0.7275,0.7299,0.7204,0.7282,6099675.6,4418486.78893
2026-09-12 08:00:00,0.7283,0.73,0.7245,0.729,6751921.9,4908577.51122
2026-09-12 12:00:00,0.729,0.73,0.7244,0.7284,7316754.7,5320333.611
2026-09-12 16:00:00,0.7284,0.7299,0.7194,0.7213,6181038.2,4476814.01853
2026-09-12 20:00:00,0.7213,0.7263,0.7199,0.725,4639678.1,3356194.83023
2026-09-13 00:00:00,0.725,0.7312,0.721,0.7224,7142760.4,5186905.59193
2026-09-13 04:00:00,0.7224,0.7262,0.7144,0.7167,6715263.4,4840544.01469
2026-09-13 08:00:00,0.7167,0.7182,0.7049,0.711,13844560.0,9826241.46117
2026-09-13 12:00:00,0.7111,0.718,0.7046,0.7111,5934070.1,4227501.94321
2026-09-13 16:00:00,0.7112,0.7255,0.7111,0.7186,4927964.8,3545516.5271
2026-09-13 20:00:00,0.7186,0.7222,0.6977,0.7018,13496361.7,9510870.39367
2026-09-14 00:00:00,0.7017,0.7189,0.6926,0.7168,10453307.1,7395860.26637
2026-09-14 04:00:00,0.7167,0.728,0.7151,0.7246,10637149.8,7685652.92657
2026-09-14 08:00:00,0.7246,0.73,0.7196,0.7245,14853919.2,10762468.86819
2026-09-14 12:00:00,0.7245,0.7283,0.7153,0.7247,12912362.9,9332526.71125
2026-09-14 16:00:00,0.7247,0.7451,0.7234,0.7356,16421805.1,12072500.64062
2026-09-14 20:00:00,0.7357,0.748,0.7202,0.7209,13070030.3,9611898.69846
2026-09-15 00:00:00,0.7209,0.723,0.7151,0.7163,6404819.4,4607094.28152
2026-09-15 04:00:00,0.7163,0.718,0.7044,0.7051,8961902.7,6359852.98072
2026-09-15 08:00:00,0.7052,0.7145,0.7025,0.7075,7036075.2,4989059.4563
2026-09-15 12:00:00,0.7075,0.717,0.6873,0.702,19865552.3,13945028.04794
2026-09-15 16:00:00,0.702,0.712,0.673,0.6912,24096487.9,16717811.67075
2026-09-15 20:00:00,0.6912,0.6925,0.6765,0.6869,10716667.3,7334028.78593
2026-09-16 00:00:00,0.6869,0.6941,0.6808,0.69,7628704.5,5246044.86571
2026-09-16 04:00:00,0.69,0.6973,0.6853,0.6858,7046093.0,4867975.4756
2026-09-16 08:00:00,0.6857,0.6941,0.6814,0.6919,6295679.6,4329300.04568
2026-09-16 12:00:00,0.6919,0.6937,0.683,0.6853,6176441.3,4250230.91875
