timestamp,open,high,low,close,volume,quote_volume
2026-09-14 12:06:00,0.7252,0.7253,0.7247,0.7247,41733.9,30255.41464
2026-09-14 12:07:00,0.7247,0.7251,0.7247,0.7251,5754.8,4172.24847
2026-09-14 12:08:00,0.7251,0.726,0.7251,0.7255,7689.3,5578.91184
2026-09-14 12:09:00,0.7255,0.7257,0.7252,0.7253,21658.5,15713.04904
2026-09-14 12:10:00,0.7253,0.7257,0.7253,0.7257,6931.5,5028.80385
2026-09-14 12:11:00,0.7257,0.7258,0.7257,0.7258,1081.7,785.07427
2026-09-14 12:12:00,0.7258,0.7259,0.7257,0.7258,2020.2,1466.25858
2026-09-14 12:13:00,0.7258,0.7259,0.7256,0.7256,5473.3,3972.28143
2026-09-14 12:14:00,0.7255,0.7257,0.7252,0.7256,5307.7,3850.24273
2026-09-14 12:15:00,0.7257,0.7263,0.7256,0.726,19307.1,14017.87233
2026-09-14 12:16:00,0.726,0.7267,0.7255,0.726,21424.8,15557.72686
2026-09-14 12:17:00,0.7261,0.7266,0.7259,0.7265,10302.2,7482.53527
2026-09-14 12:18:00,0.7265,0.7266,0.7259,0.726,25146.6,18266.61456
2026-09-14 12:19:00,0.726,0.7267,0.7259,0.7264,33393.9,24255.28305
2026-09-14 12:20:00,0.7264,0.7264,0.7251,0.7251,79956.0,58020.88322
2026-09-14 12:21:00,0.725,0.725,0.7248,0.7249,51560.2,37379.82529
2026-09-14 12:22:00,0.7249,0.7258,0.7249,0.7254,10896.6,7903.61774
2026-09-14 12:23:00,0.7255,0.7258,0.7254,0.7255,7427.2,5389.124
2026-09-14 12:24:00,0.7256,0.7258,0.7254,0.7256,13959.4,10130.04524
2026-09-14 12:25:00,0.7256,0.7256,0.7249,0.7252,4042.6,2932.17415
2026-09-14 12:26:00,0.7253,0.7253,0.7248,0.7248,2068.5,1499.35701
2026-09-14 12:27:00,0.7249,0.7261,0.7246,0.7252,124639.7,90423.2224
2026-09-14 12:28:00,0.7252,0.7257,0.7252,0.7256,14378.9,10431.27207
2026-09-14 12:29:00,0.7256,0.726,0.7256,0.726,23374.3,16965.68244
2026-09-14 12:30:00,0.7261,0.7262,0.7257,0.726,10130.1,7353.05049
2026-09-14 12:31:00,0.726,0.7267,0.7259,0.7266,24213.4,17585.9175
2026-09-14 12:32:00,0.7266,0.7271,0.7265,0.7271,29347.4,21332.30199
2026-09-14 12:33:00,0.7272,0.7278,0.7271,0.7278,21053.0,15313.37391
2026-09-14 12:34:00,0.7278,0.7283,0.7265,0.7266,165519.0,120401.51597
2026-09-14 12:35:00,0.7266,0.7266,0.7231,0.7236,224325.1,162429.13799
2026-09-14 12:36:00,0.7235,0.7244,0.7224,0.7231,78932.7,57107.2522
2026-09-14 12:37:00,0.7232,0.7233,0.7221,0.7225,45358.8,32769.94356
2026-09-14 12:38:00,0.7225,0.7233,0.7222,0.723,61759.8,44646.55521
2026-09-14 12:39:00,0.7231,0.7241,0.7231,0.7238,9050.7,6548.95898
2026-09-14 12:40:00,0.7237,0.7239,0.7232,0.7235,14072.8,10180.91816
2026-09-14 12:41:00,0.7234,0.7244,0.7218,0.7238,174384.8,126157.39503
2026-09-14 12:42:00,0.7238,0.7243,0.7235,0.724,17248.5,12487.09082
2026-09-14 12:43:00,0.724,0.7254,0.7239,0.7253,31809.0,23041.40629
2026-09-14 12:44:00,0.7253,0.7253,0.7248,0.725,7669.1,5560.1193
2026-09-14 12:45:00,0.7249,0.7255,0.7246,0.7251,13647.5,9893.74448
2026-09-14 12:46:00,0.725,0.725,0.724,0.7241,5602.9,4057.64884
2026-09-14 12:47:00,0.724,0.7242,0.7237,0.7239,6275.5,4542.80546
2026-09-14 12:48:00,0.7239,0.7239,0.7231,0.7235,47923.2,34666.6783
2026-09-14 12:49:00,0.7234,0.7235,0.723,0.7234,20299.9,14680.29258
2026-09-14 12:50:00,0.7233,0.7239,0.7227,0.7228,34664.5,25076.51478
2026-09-14 12:51:00,0.7228,0.723,0.7226,0.7226,11000.9,7952.40048
2026-09-14 12:52:00,0.7225,0.7226,0.7221,0.7223,30188.3,21806.68027
2026-09-14 12:53:00,0.7224,0.7227,0.7219,0.722,18641.3,13466.40009
2026-09-14 12:54:00,0.722,0.722,0.7209,0.721,36094.0,26040.3397
2026-09-14 12:55:00,0.7211,0.7216,0.7202,0.7206,115835.5,83493.08685
2026-09-14 12:56:00,0.7206,0.7209,0.7201,0.7208,49168.0,35418.07186
2026-09-14 12:57:00,0.7208,0.7214,0.7208,0.7213,1188.3,856.95541
2026-09-14 12:58:00,0.7213,0.7217,0.7212,0.7216,13297.9,9594.03088
2026-09-14 12:59:00,0.7216,0.7216,0.7212,0.7213,21746.0,15686.28962
2026-09-14 13:00:00,0.7213,0.7216,0.7205,0.7212,33984.9,24503.33236
2026-09-14 13:01:00,0.7212,0.7212,0.7201,0.7202,53071.0,38237.81515
2026-09-14 13:02:00,0.7202,0.7205,0.7182,0.719,131686.6,94704.8181
2026-09-14 13:03:00,0.7189,0.7202,0.7188,0.7191,115435.6,83046.56401
2026-09-14 13:04:00,0.719,0.7195,0.718,0.7182,53779.1,38653.48258
2026-09-14 13:05:00,0.7182,0.719,0.7181,0.7187,13276.2,9537.77843
2026-09-14 13:06:00,0.7186,0.7186,0.7159,0.7163,129689.4,92957.56733
2026-09-14 13:07:00,0.7162,0.7164,0.7156,0.7162,45091.2,32283.08648
2026-09-14 13:08:00,0.7163,0.7168,0.7153,0.716,147066.9,105309.12727
2026-09-14 13:09:00,0.7159,0.7176,0.7158,0.7176,29280.0,20985.04199
2026-09-14 13:10:00,0.7177,0.7196,0.7177,0.7196,14829.0,10657.59117
2026-09-14 13:11:00,0.7197,0.7203,0.7197,0.7202,39841.7,28684.76291
2026-09-14 13:12:00,0.7203,0.7204,0.72,0.7201,10444.8,7522.30558
2026-09-14 13:13:00,0.7203,0.7215,0.719,0.7192,109238.8,78664.53918
2026-09-14 13:14:00,0.7192,0.7201,0.719,0.7191,28410.2,20442.34294
2026-09-14 13:15:00,0.7192,0.7206,0.7192,0.7205,29826.5,21462.15409
2026-09-14 13:16:00,0.7205,0.721,0.7203,0.721,114775.5,82718.63947
2026-09-14 13:17:00,0.721,0.7217,0.7205,0.7216,30520.7,22004.11399
2026-09-14 13:18:00,0.7217,0.723,0.7216,0.7225,118100.2,85327.48929
2026-09-14 13:19:00,0.7225,0.7225,0.7208,0.721,42289.8,30505.56225
2026-09-14 13:20:00,0.721,0.722,0.721,0.7212,17288.3,12469.13279
2026-09-14 13:21:00,0.7212,0.7219,0.7208,0.7211,47613.6,34352.56737
2026-09-14 13:22:00,0.7212,0.7212,0.7207,0.7207,12824.7,9245.86262
2026-09-14 13:23:00,0.7208,0.7209,0.7205,0.7207,36446.9,26264.66152
2026-09-14 13:24:00,0.7207,0.7208,0.7201,0.7201,15712.0,11320.67735
2026-09-14 13:25:00,0.7201,0.7203,0.72,0.7202,6556.2,4721.26517
2026-09-14 13:26:00,0.7203,0.7203,0.7194,0.7201,73112.5,52624.36906
2026-09-14 13:27:00,0.7201,0.7202,0.7197,0.72,19243.2,13854.11634
2026-09-14 13:28:00,0.7201,0.7206,0.7199,0.7201,3446.3,2481.74443
2026-09-14 13:29:00,0.7201,0.7205,0.7201,0.7203,2900.5,2089.2404
2026-09-14 13:30:00,0.7203,0.7226,0.7198,0.7222,67766.5,48857.80242
2026-09-14 13:31:00,0.7222,0.7238,0.7219,0.7232,47105.3,34043.06749
2026-09-14 13:32:00,0.7231,0.7238,0.7223,0.7235,59129.7,42749.40682
2026-09-14 13:33:00,0.7235,0.724,0.7233,0.724,46977.7,33993.88805
2026-09-14 13:34:00,0.724,0.7257,0.724,0.7255,43144.8,31290.91231
2026-09-14 13:35:00,0.7256,0.7256,0.723,0.723,67484.0,48897.51951
2026-09-14 13:36:00,0.7231,0.7231,0.7186,0.7198,151448.3,109172.27475
2026-09-14 13:37:00,0.7198,0.7222,0.7181,0.7221,139862.4,100721.91243
2026-09-14 13:38:00,0.722,0.7238,0.7219,0.7224,44187.2,31938.01359
2026-09-14 13:39:00,0.7223,0.7228,0.7217,0.722,64233.6,46392.65152
2026-09-14 13:40:00,0.7221,0.7232,0.7218,0.7223,50413.1,36422.73424
2026-09-14 13:41:00,0.7223,0.7224,0.7206,0.7213,30048.0,21677.14447
2026-09-14 13:42:00,0.7213,0.7229,0.7213,0.7225,29182.4,21068.29459
2026-09-14 13:43:00,0.7225,0.7235,0.7222,0.7234,57667.2,41692.99042
2026-09-14 13:44:00,0.7234,0.7239,0.7227,0.7235,23094.5,16711.68601
2026-09-14 13:45:00,0.7237,0.7248,0.7232,0.7244,34694.0,25125.45795
2026-09-14 13:46:00,0.7245,0.7258,0.7243,0.7258,78449.7,56895.20439
2026-09-14 13:47:00,0.7257,0.7269,0.7257,0.7265,62327.8,45277.57605
2026-09-14 13:48:00,0.7265,0.7269,0.7258,0.726,46664.2,33890.00138
2026-09-14 13:49:00,0.726,0.7267,0.7254,0.7263,45875.5,33309.70494
2026-09-14 13:50:00,0.7264,0.7267,0.7255,0.7259,78204.3,56793.29109
2026-09-14 13:51:00,0.726,0.7263,0.7235,0.7237,31988.1,23186.76308
2026-09-14 13:52:00,0.7237,0.7249,0.7228,0.7241,87310.0,63190.18825
2026-09-14 13:53:00,0.7241,0.7246,0.7232,0.7245,53108.6,38446.44572
2026-09-14 13:54:00,0.7244,0.7244,0.7234,0.7235,28727.8,20794.47685
2026-09-14 13:55:00,0.7234,0.7238,0.7222,0.7233,106194.6,76771.18054
2026-09-14 13:56:00,0.7233,0.7233,0.722,0.7228,17414.5,12586.04436
2026-09-14 13:57:00,0.7227,0.7227,0.722,0.722,9721.1,7020.63661
2026-09-14 13:58:00,0.722,0.7227,0.7215,0.7225,23858.7,17224.02223
2026-09-14 13:59:00,0.7225,0.723,0.7219,0.722,59143.1,42736.75771
2026-09-14 14:00:00,0.722,0.7241,0.7218,0.7238,99086.1,71663.76548
2026-09-14 14:01:00,0.7237,0.7253,0.7236,0.725,31348.1,22708.81896
2026-09-14 14:02:00,0.725,0.7251,0.7242,0.7247,44070.5,31940.41357
2026-09-14 14:03:00,0.7248,0.7263,0.7248,0.7255,46580.3,33811.54045
2026-09-14 14:04:00,0.7257,0.7264,0.7254,0.726,59843.3,43446.65483
2026-09-14 14:05:00,0.7261,0.7261,0.7236,0.7238,149304.5,108202.78712
2026-09-14 14:06:00,0.7239,0.7242,0.7237,0.7241,45840.1,33190.83311
2026-09-14 14:07:00,0.724,0.7243,0.7236,0.7239,17975.6,13014.22482
2026-09-14 14:08:00,0.7239,0.7248,0.7236,0.7236,84454.3,61156.23326
2026-09-14 14:09:00,0.7237,0.7244,0.7232,0.7232,66359.2,48034.05081
2026-09-14 14:10:00,0.7232,0.7255,0.7232,0.7255,25830.1,18710.48504
2026-09-14 14:11:00,0.7255,0.7275,0.7255,0.7266,145060.2,105424.22753
2026-09-14 14:12:00,0.7267,0.7267,0.725,0.725,23388.0,16973.55973
2026-09-14 14:13:00,0.7251,0.7264,0.7251,0.7264,9812.9,7121.41307
2026-09-14 14:14:00,0.7263,0.7265,0.7258,0.7262,50589.2,36742.62322
2026-09-14 14:15:00,0.7262,0.7264,0.726,0.7261,30332.0,22028.9134
2026-09-14 14:16:00,0.726,0.7261,0.7251,0.7256,105773.7,76737.30434
2026-09-14 14:17:00,0.7257,0.7265,0.7257,0.7259,22612.5,16422.42802
2026-09-14 14:18:00,0.7259,0.7259,0.7242,0.7247,87462.0,63392.56112
2026-09-14 14:19:00,0.7247,0.7255,0.7247,0.7254,22422.3,16262.46109
2026-09-14 14:20:00,0.7255,0.7255,0.7244,0.7244,31704.9,22986.36475
2026-09-14 14:21:00,0.7244,0.7244,0.7216,0.7219,61855.5,44669.78583
2026-09-14 14:22:00,0.7219,0.7225,0.7215,0.7218,54398.0,39267.46504
2026-09-14 14:23:00,0.7217,0.7217,0.7209,0.7214,70300.5,50698.37983
2026-09-14 14:24:00,0.7215,0.7215,0.7196,0.7196,88279.0,63615.03384
2026-09-14 14:25:00,0.7196,0.7205,0.7196,0.7205,81139.9,58428.96755
2026-09-14 14:26:00,0.7203,0.7204,0.7179,0.7185,63934.0,45974.02012
2026-09-14 14:27:00,0.7185,0.7206,0.7184,0.7206,61569.2,44306.94652
2026-09-14 14:28:00,0.7206,0.7232,0.7206,0.7229,50083.7,36157.78459
2026-09-14 14:29:00,0.7228,0.723,0.7215,0.7223,91026.2,65745.06248
2026-09-14 14:30:00,0.7223,0.7239,0.722,0.7237,50900.5,36809.03188
2026-09-14 14:31:00,0.7238,0.7256,0.7238,0.7252,65015.2,47130.70169
2026-09-14 14:32:00,0.7253,0.7253,0.7237,0.7242,37638.9,27257.65434
2026-09-14 14:33:00,0.7242,0.7244,0.7234,0.7235,47462.6,34367.27017
2026-09-14 14:34:00,0.7236,0.7246,0.7233,0.7233,48343.7,35001.9074
2026-09-14 14:35:00,0.7233,0.7233,0.7214,0.7216,40858.5,29504.29745
2026-09-14 14:36:00,0.7217,0.7219,0.7207,0.7211,85066.9,61347.61171
2026-09-14 14:37:00,0.7211,0.7215,0.7206,0.7209,56693.5,40876.64959
2026-09-14 14:38:00,0.7208,0.7208,0.7197,0.7207,61268.8,44128.04176
2026-09-14 14:39:00,0.7207,0.7209,0.7195,0.7201,71821.4,51728.69455
2026-09-14 14:40:00,0.72,0.7205,0.7194,0.7203,64797.4,46658.09113
2026-09-14 14:41:00,0.7202,0.7209,0.7195,0.7197,56156.2,40441.88782
2026-09-14 14:42:00,0.7197,0.7203,0.7197,0.7202,23134.4,16658.13067
2026-09-14 14:43:00,0.7202,0.7205,0.7194,0.7195,53506.9,38518.62668
2026-09-14 14:44:00,0.7195,0.7207,0.7193,0.7207,41127.5,29602.61975
2026-09-14 14:45:00,0.7208,0.7234,0.7208,0.7222,130738.9,94456.40473
2026-09-14 14:46:00,0.7223,0.7228,0.7208,0.7213,51020.6,36829.16213
2026-09-14 14:47:00,0.7213,0.7213,0.7199,0.7207,26921.3,19406.87889
2026-09-14 14:48:00,0.7208,0.7215,0.7204,0.7204,47684.1,34378.59298
2026-09-14 14:49:00,0.7204,0.7224,0.7204,0.7223,49434.3,35666.13163
2026-09-14 14:50:00,0.7223,0.7226,0.7211,0.7212,25511.8,18417.21814
2026-09-14 14:51:00,0.7211,0.7213,0.7206,0.7213,61349.5,44223.91536
2026-09-14 14:52:00,0.7213,0.7213,0.7198,0.7199,30884.8,22242.83112
2026-09-14 14:53:00,0.72,0.7206,0.7198,0.7199,50447.3,36327.44736
2026-09-14 14:54:00,0.7199,0.7221,0.7197,0.7218,206931.8,149232.83328
2026-09-14 14:55:00,0.7218,0.7219,0.7198,0.72,87158.9,62831.55052
2026-09-14 14:56:00,0.7199,0.7199,0.7192,0.7193,78323.3,56361.16713
2026-09-14 14:57:00,0.7194,0.7198,0.7192,0.7198,28414.1,20443.62395
2026-09-14 14:58:00,0.7199,0.7208,0.7195,0.7203,76727.2,55245.02742
2026-09-14 14:59:00,0.7204,0.7208,0.7201,0.7203,35379.4,25487.84111
2026-09-14 15:00:00,0.7202,0.7202,0.7191,0.7195,64697.8,46555.68831
2026-09-14 15:01:00,0.7195,0.7197,0.7177,0.7194,126045.1,90613.19699
2026-09-14 15:02:00,0.7195,0.7209,0.7194,0.7197,71626.1,51572.98136
2026-09-14 15:03:00,0.7197,0.7197,0.7187,0.719,60961.4,43839.32324
2026-09-14 15:04:00,0.7189,0.7191,0.7177,0.718,33500.7,24069.46301
2026-09-14 15:05:00,0.7181,0.7204,0.7171,0.7193,251540.4,180760.22504
2026-09-14 15:06:00,0.7193,0.7218,0.7193,0.7211,88837.0,64033.31759
2026-09-14 15:07:00,0.721,0.7213,0.7197,0.7204,48819.7,35171.4615
2026-09-14 15:08:00,0.7204,0.7214,0.7202,0.7212,51221.2,36925.36729
2026-09-14 15:09:00,0.7211,0.7215,0.7207,0.7208,49469.2,35675.30782
2026-09-14 15:10:00,0.7209,0.7215,0.7205,0.7214,41640.9,30019.70198
2026-09-14 15:11:00,0.7214,0.7214,0.7201,0.7204,67319.0,48508.6397
2026-09-14 15:12:00,0.7205,0.721,0.7202,0.721,29309.1,21120.83867
2026-09-14 15:13:00,0.7211,0.7217,0.7211,0.7215,20291.2,14639.46652
2026-09-14 15:14:00,0.7215,0.7216,0.7214,0.7215,13142.2,9481.34269
2026-09-14 15:15:00,0.7215,0.7217,0.7211,0.7214,29398.9,21209.5159
2026-09-14 15:16:00,0.7213,0.7224,0.721,0.7224,58734.2,42391.39094
2026-09-14 15:17:00,0.7225,0.7242,0.7225,0.7229,77742.3,56239.70374
2026-09-14 15:18:00,0.7229,0.7232,0.7225,0.7225,37456.4,27076.86539
2026-09-14 15:19:00,0.7226,0.7241,0.7226,0.7239,19240.3,13923.58288
2026-09-14 15:20:00,0.7238,0.7238,0.7232,0.7233,53186.5,38483.04179
2026-09-14 15:21:00,0.7234,0.7239,0.7229,0.7233,40468.4,29278.26671
2026-09-14 15:22:00,0.7234,0.7238,0.7232,0.7234,80729.2,58409.61892
2026-09-14 15:23:00,0.7234,0.7237,0.7229,0.7234,50733.2,36692.55726
2026-09-14 15:24:00,0.7234,0.724,0.7222,0.7233,151547.3,109602.16853
2026-09-14 15:25:00,0.7232,0.7236,0.7227,0.7227,36205.5,26187.70971
2026-09-14 15:26:00,0.7228,0.7233,0.7228,0.723,41768.1,30200.07334
2026-09-14 15:27:00,0.723,0.723,0.7221,0.7221,25305.3,18284.48166
2026-09-14 15:28:00,0.7221,0.7226,0.7221,0.7226,7206.7,5205.51211
2026-09-14 15:29:00,0.7227,0.7227,0.7217,0.7217,24040.1,17365.32428
2026-09-14 15:30:00,0.7217,0.7233,0.7216,0.7233,161989.3,117037.9198
2026-09-14 15:31:00,0.7232,0.7232,0.7218,0.722,36956.8,26695.99525
2026-09-14 15:32:00,0.722,0.7249,0.7217,0.7245,163875.7,118519.88373
2026-09-14 15:33:00,0.7244,0.7264,0.7238,0.7261,142425.4,103268.6976
2026-09-14 15:34:00,0.726,0.7268,0.7251,0.7254,163835.6,118933.68485
2026-09-14 15:35:00,0.7254,0.7257,0.7237,0.7237,60242.6,43663.8918
2026-09-14 15:36:00,0.7238,0.7241,0.7227,0.7229,34573.9,25003.09273
2026-09-14 15:37:00,0.723,0.725,0.723,0.725,40484.6,29313.84973
2026-09-14 15:38:00,0.7251,0.7259,0.7249,0.725,24783.9,17981.1971
2026-09-14 15:39:00,0.725,0.7261,0.7247,0.7248,37174.2,26969.35863
2026-09-14 15:40:00,0.7249,0.7266,0.7246,0.7255,162319.8,117814.77163
2026-09-14 15:41:00,0.7255,0.7268,0.7253,0.7268,99633.9,72357.53856
2026-09-14 15:42:00,0.7267,0.7271,0.7261,0.7268,82168.4,59703.51585
2026-09-14 15:43:00,0.7268,0.7274,0.7268,0.7274,56855.0,41346.44315
2026-09-14 15:44:00,0.7275,0.7278,0.7268,0.727,116067.1,84409.89639
2026-09-14 15:45:00,0.7271,0.7273,0.725,0.7251,125000.1,90718.70911
2026-09-14 15:46:00,0.725,0.725,0.7234,0.7238,90530.2,65541.64601
2026-09-14 15:47:00,0.7237,0.7237,0.7232,0.7235,22590.8,16341.57191
2026-09-14 15:48:00,0.7234,0.7241,0.7229,0.7238,63385.0,45853.86593
2026-09-14 15:49:00,0.7237,0.7247,0.7236,0.724,65491.8,47424.15398
2026-09-14 15:50:00,0.7239,0.7258,0.7235,0.7249,138837.7,100597.14546
2026-09-14 15:51:00,0.7248,0.7255,0.7241,0.7246,104927.8,76061.11142
2026-09-14 15:52:00,0.7245,0.7261,0.7245,0.7259,95471.0,69290.52161
2026-09-14 15:53:00,0.7258,0.7264,0.7253,0.726,55933.6,40605.95389
2026-09-14 15:54:00,0.726,0.7261,0.7251,0.7254,29977.6,21744.78383
2026-09-14 15:55:00,0.7254,0.7263,0.7246,0.7248,125922.7,91321.20409
2026-09-14 15:56:00,0.7248,0.7256,0.7244,0.7256,50103.6,36328.86784
2026-09-14 15:57:00,0.7257,0.726,0.7253,0.7256,13248.1,9614.3817
2026-09-14 15:58:00,0.7255,0.7255,0.7247,0.7247,28201.4,20442.91714
2026-09-14 15:59:00,0.7247,0.725,0.7246,0.7247,13814.9,10012.87606
2026-09-14 16:00:00,0.7247,0.7252,0.7245,0.7246,12682.4,9192.33214
2026-09-14 16:01:00,0.7245,0.7248,0.7243,0.7243,24502.1,17752.83048
2026-09-14 16:02:00,0.7243,0.7247,0.7242,0.7242,18957.1,13734.90793
2026-09-14 16:03:00,0.7241,0.7241,0.7238,0.7238,10107.8,7317.23796
2026-09-14 16:04:00,0.7238,0.7238,0.7234,0.7237,16478.7,11923.30676
2026-09-14 16:05:00,0.7237,0.7244,0.7237,0.7242,13513.4,9785.29005
2026-09-14 16:06:00,0.7242,0.7249,0.7241,0.7243,21613.1,15661.9721
2026-09-14 16:07:00,0.7244,0.7247,0.7241,0.7246,17462.0,12648.91299
2026-09-14 16:08:00,0.7245,0.7245,0.7238,0.7238,4495.1,3254.88751
2026-09-14 16:09:00,0.7238,0.7246,0.7238,0.7246,5973.1,4324.32235
2026-09-14 16:10:00,0.7247,0.7254,0.7246,0.7252,6286.6,4557.52736
2026-09-14 16:11:00,0.7252,0.7253,0.7249,0.7253,3807.1,2760.77036
2026-09-14 16:12:00,0.7252,0.7253,0.725,0.725,7153.0,5186.94158
2026-09-14 16:13:00,0.7251,0.7252,0.7245,0.7245,8065.1,5846.14253
2026-09-14 16:14:00,0.7246,0.7246,0.7242,0.7245,5862.3,4246.99063
2026-09-14 16:15:00,0.7245,0.7275,0.7245,0.7274,42277.7,30702.19319
2026-09-14 16:16:00,0.7274,0.7276,0.7271,0.7276,26898.6,19565.56671
2026-09-14 16:17:00,0.7275,0.7286,0.727,0.7286,16682.4,12137.92092
2026-09-14 16:18:00,0.7286,0.7298,0.7283,0.7296,152591.4,111275.81051
2026-09-14 16:19:00,0.7296,0.7305,0.729,0.7296,1414191.1,1032314.76836
2026-09-14 16:20:00,0.7297,0.7305,0.7285,0.7286,153147.1,111743.6306
2026-09-14 16:21:00,0.7287,0.73,0.7284,0.73,47925.7,34960.57865
2026-09-14 16:22:00,0.73,0.7311,0.73,0.7309,63695.3,46529.24302
2026-09-14 16:23:00,0.7309,0.732,0.7309,0.7316,55118.9,40320.05181
2026-09-14 16:24:00,0.7316,0.7328,0.7316,0.7318,57851.4,42368.76813
2026-09-14 16:25:00,0.7318,0.7323,0.7301,0.7302,45404.3,33191.06412
2026-09-14 16:26:00,0.7302,0.7303,0.7286,0.7287,59150.8,43149.24318
2026-09-14 16:27:00,0.7287,0.7292,0.728,0.7291,40520.7,29521.01316
2026-09-14 16:28:00,0.7291,0.7296,0.7287,0.7293,28137.2,20517.3911
2026-09-14 16:29:00,0.7293,0.7298,0.7289,0.7293,61111.2,44571.51051
2026-09-14 16:30:00,0.7292,0.73,0.7292,0.7297,46221.9,33724.6544
2026-09-14 16:31:00,0.7298,0.7304,0.729,0.73,94326.9,68836.60372
2026-09-14 16:32:00,0.73,0.7304,0.7295,0.7296,55872.4,40797.70095
2026-09-14 16:33:00,0.7296,0.73,0.7295,0.7295,17656.0,12882.94272
2026-09-14 16:34:00,0.7294,0.7294,0.7284,0.7285,76573.6,55797.50381
2026-09-14 16:35:00,0.7286,0.7287,0.7277,0.728,26626.4,19385.85148
2026-09-14 16:36:00,0.728,0.728,0.7276,0.7277,5235.6,3810.56865
2026-09-14 16:37:00,0.7277,0.729,0.7277,0.7282,132054.5,96176.75974
2026-09-14 16:38:00,0.7281,0.7289,0.7279,0.7289,102048.2,74310.91589
2026-09-14 16:39:00,0.7289,0.7296,0.7287,0.7291,21116.8,15399.74088
2026-09-14 16:40:00,0.7291,0.7292,0.7289,0.7292,32040.3,23356.98774
2026-09-14 16:41:00,0.7292,0.7292,0.7287,0.7288,22108.8,16116.10276
2026-09-14 16:42:00,0.7289,0.729,0.7284,0.729,11656.7,8494.12157
2026-09-14 16:43:00,0.729,0.7291,0.7289,0.7291,5035.6,3671.07537
2026-09-14 16:44:00,0.729,0.729,0.7288,0.7289,7235.7,5273.70756
2026-09-14 16:45:00,0.7289,0.7297,0.7288,0.7297,14886.6,10851.44821
2026-09-14 16:46:00,0.7297,0.7303,0.7297,0.7302,7007.7,5116.50094
2026-09-14 16:47:00,0.7303,0.7322,0.7302,0.7321,86162.3,63042.94727
2026-09-14 16:48:00,0.7321,0.7333,0.7318,0.7326,135640.0,99332.5743
2026-09-14 16:49:00,0.7325,0.7331,0.7323,0.7328,30962.1,22684.68863
2026-09-14 16:50:00,0.7327,0.733,0.7318,0.733,12197.7,8931.89807
2026-09-14 16:51:00,0.733,0.7345,0.733,0.7342,46777.5,34328.71988
2026-09-14 16:52:00,0.7343,0.7351,0.7337,0.7341,112398.6,82536.26092
2026-09-14 16:53:00,0.7343,0.7345,0.7336,0.7337,102319.2,75110.32778
2026-09-14 16:54:00,0.7338,0.735,0.7338,0.7349,26924.4,19775.04687
2026-09-14 16:55:00,0.7348,0.7356,0.7343,0.7343,68473.7,50344.54409
2026-09-14 16:56:00,0.7344,0.7347,0.7331,0.7336,42883.7,31456.86097
2026-09-14 16:57:00,0.7335,0.7337,0.732,0.732,185083.3,135651.97391
2026-09-14 16:58:00,0.732,0.7326,0.7316,0.7321,88359.8,64701.90407
2026-09-14 16:59:00,0.732,0.7321,0.7309,0.7316,35745.0,26141.22177
2026-09-14 17:00:00,0.7317,0.7317,0.7311,0.7316,107854.4,78875.35001
2026-09-14 17:01:00,0.7315,0.7315,0.7303,0.731,124417.9,90940.95579
2026-09-14 17:02:00,0.731,0.7321,0.7309,0.7317,119079.6,87111.06552
2026-09-14 17:03:00,0.7316,0.7316,0.7312,0.7316,43095.9,31521.79144
2026-09-14 17:04:00,0.7317,0.7321,0.7317,0.7317,19911.6,14574.89795
2026-09-14 17:05:00,0.7318,0.7319,0.7316,0.7317,13755.1,10065.09519
2026-09-14 17:06:00,0.7318,0.733,0.7317,0.7319,22711.6,16631.17544
2026-09-14 17:07:00,0.7319,0.7319,0.7312,0.7314,22808.6,16686.72277
2026-09-14 17:08:00,0.7314,0.7318,0.7314,0.7317,22126.9,16189.24184
2026-09-14 17:09:00,0.7316,0.7318,0.7312,0.7314,21620.9,15816.82503
2026-09-14 17:10:00,0.7314,0.733,0.7314,0.7328,139326.9,102017.6605
2026-09-14 17:11:00,0.7329,0.7332,0.7328,0.7328,20808.5,15252.24
2026-09-14 17:12:00,0.7328,0.7334,0.7328,0.7332,10163.6,7450.50072
2026-09-14 17:13:00,0.7331,0.7334,0.733,0.733,19653.6,14410.72529
2026-09-14 17:14:00,0.733,0.7337,0.7329,0.7331,21185.0,15535.23794
2026-09-14 17:15:00,0.7331,0.7333,0.732,0.7324,50657.2,37121.05194
2026-09-14 17:16:00,0.7324,0.7327,0.7321,0.7325,36300.6,26591.51699
2026-09-14 17:17:00,0.7325,0.7333,0.7325,0.733,17351.0,12715.35599
2026-09-14 17:18:00,0.733,0.733,0.7304,0.7312,175564.2,128358.7314
2026-09-14 17:19:00,0.7312,0.7315,0.7306,0.7313,497290.3,363528.2261
2026-09-14 17:20:00,0.7313,0.7333,0.7313,0.7333,41049.5,30058.09551
2026-09-14 17:21:00,0.7332,0.7335,0.7323,0.7323,69821.6,51187.86488
2026-09-14 17:22:00,0.7323,0.7325,0.732,0.7324,25700.1,18820.12953
2026-09-14 17:23:00,0.7324,0.7335,0.7322,0.7334,92056.4,67495.85234
2026-09-14 17:24:00,0.7333,0.7341,0.7331,0.7335,25540.7,18734.73395
2026-09-14 17:25:00,0.7335,0.7337,0.7323,0.7328,99979.3,73259.93629
2026-09-14 17:26:00,0.7327,0.7336,0.7327,0.7332,67799.5,49711.09856
2026-09-14 17:27:00,0.7332,0.7336,0.733,0.7332,34952.3,25631.44999
2026-09-14 17:28:00,0.7332,0.7332,0.7325,0.7327,30886.8,22635.69918
2026-09-14 17:29:00,0.7326,0.7328,0.7321,0.7327,46615.7,34141.77463
2026-09-14 17:30:00,0.7328,0.7331,0.7321,0.7327,129270.3,94719.40743
2026-09-14 17:31:00,0.7327,0.7332,0.7322,0.7325,20815.6,15251.38214
2026-09-14 17:32:00,0.7325,0.733,0.7316,0.7316,22612.8,16569.54237
2026-09-14 17:33:00,0.7317,0.732,0.7295,0.7299,110345.3,80582.12363
2026-09-14 17:34:00,0.7299,0.7303,0.7298,0.7299,32984.8,24081.2728
2026-09-14 17:35:00,0.7299,0.7321,0.7299,0.7307,42097.6,30768.27533
2026-09-14 17:36:00,0.7308,0.7316,0.7305,0.7312,84712.2,61920.79169
2026-09-14 17:37:00,0.7312,0.7314,0.7306,0.7309,17364.2,12694.68951
2026-09-14 17:38:00,0.7309,0.7317,0.7309,0.7316,37909.1,27725.53568
2026-09-14 17:39:00,0.7316,0.7319,0.7315,0.7315,48605.4,35560.63195
2026-09-14 17:40:00,0.7314,0.7319,0.7312,0.7318,42022.2,30739.46345
2026-09-14 17:41:00,0.7318,0.7322,0.7314,0.7319,103375.5,75650.97236
2026-09-14 17:42:00,0.732,0.7338,0.732,0.7335,76811.3,56294.65978
2026-09-14 17:43:00,0.7336,0.7342,0.7335,0.7339,34969.5,25665.11673
2026-09-14 17:44:00,0.7339,0.7342,0.7334,0.7336,50420.9,37006.47569
2026-09-14 17:45:00,0.7337,0.7342,0.7337,0.7342,7050.3,5174.99098
2026-09-14 17:46:00,0.7343,0.7353,0.7343,0.7352,81210.8,59687.08106
2026-09-14 17:47:00,0.7352,0.7355,0.7337,0.7343,137775.2,101192.67638
2026-09-14 17:48:00,0.7343,0.7353,0.7343,0.7353,14590.5,10724.94623
2026-09-14 17:49:00,0.7353,0.7358,0.7351,0.7353,106813.2,78558.61757
2026-09-14 17:50:00,0.7353,0.7354,0.7347,0.7349,70866.1,52089.25673
2026-09-14 17:51:00,0.7348,0.7354,0.7346,0.7351,52145.0,38321.61845
2026-09-14 17:52:00,0.7352,0.7353,0.735,0.7351,14300.4,10512.78492
2026-09-14 17:53:00,0.7351,0.7364,0.7343,0.7361,206691.2,152026.35603
2026-09-14 17:54:00,0.736,0.7366,0.736,0.7363,113363.6,83467.972
2026-09-14 17:55:00,0.7362,0.7372,0.736,0.7362,50242.8,37014.07183
2026-09-14 17:56:00,0.7362,0.7363,0.7356,0.7358,17401.3,12806.09619
2026-09-14 17:57:00,0.7358,0.736,0.7354,0.7357,17464.5,12847.24379
2026-09-14 17:58:00,0.7358,0.7361,0.7344,0.7348,129184.7,94986.7926
2026-09-14 17:59:00,0.7347,0.7352,0.7346,0.7351,22993.0,16895.00725
2026-09-14 18:00:00,0.7351,0.7357,0.7342,0.7342,16720.8,12290.57334
2026-09-14 18:01:00,0.7343,0.7348,0.7342,0.7342,5408.0,3972.56174
2026-09-14 18:02:00,0.7342,0.7343,0.7336,0.7336,7531.2,5528.35164
2026-09-14 18:03:00,0.7336,0.735,0.7333,0.7349,136923.5,100531.07255
2026-09-14 18:04:00,0.735,0.7351,0.7346,0.7349,47676.3,35033.07429
2026-09-14 18:05:00,0.735,0.735,0.7339,0.7339,33449.6,24559.60511
2026-09-14 18:06:00,0.7339,0.735,0.7339,0.735,25414.0,18678.18522
2026-09-14 18:07:00,0.7349,0.7352,0.7347,0.7352,55419.6,40728.99632
2026-09-14 18:08:00,0.7352,0.7359,0.7352,0.7356,40942.3,30116.59635
2026-09-14 18:09:00,0.7356,0.7373,0.7347,0.7353,250951.4,184715.94848
2026-09-14 18:10:00,0.7352,0.7354,0.7342,0.7354,88343.0,64918.17383
2026-09-14 18:11:00,0.7354,0.7375,0.7349,0.736,867514.4,638202.95543
2026-09-14 18:12:00,0.7361,0.7366,0.7356,0.7363,133626.7,98359.94024
2026-09-14 18:13:00,0.7363,0.7366,0.736,0.7361,75306.5,55449.33118
2026-09-14 18:14:00,0.7361,0.7361,0.7352,0.7356,46486.9,34201.21952
2026-09-14 18:15:00,0.7355,0.7373,0.7351,0.7363,137227.9,100998.69445
2026-09-14 18:16:00,0.7362,0.7365,0.7354,0.736,82068.6,60404.38173
2026-09-14 18:17:00,0.736,0.7365,0.7357,0.7364,18768.7,13815.91967
2026-09-14 18:18:00,0.7363,0.7366,0.7355,0.7365,83835.6,61724.76901
2026-09-14 18:19:00,0.7366,0.7382,0.7366,0.738,159715.0,117756.2618
2026-09-14 18:20:00,0.7379,0.7386,0.7374,0.738,105069.0,77551.5789
2026-09-14 18:21:00,0.738,0.7383,0.7377,0.7379,63822.1,47097.83243
2026-09-14 18:22:00,0.7379,0.739,0.7377,0.7386,42040.7,31047.96763
2026-09-14 18:23:00,0.7386,0.7393,0.7384,0.7385,80425.6,59416.9152
2026-09-14 18:24:00,0.7385,0.7391,0.7381,0.739,50052.0,36978.80757
2026-09-14 18:25:00,0.7389,0.7389,0.7373,0.7377,41754.0,30806.61691
2026-09-14 18:26:00,0.7378,0.7381,0.7376,0.738,85234.0,62884.61987
2026-09-14 18:27:00,0.7379,0.7387,0.7378,0.7383,21653.5,15987.68946
2026-09-14 18:28:00,0.7382,0.7382,0.7373,0.7375,43210.8,31873.74465
2026-09-14 18:29:00,0.7375,0.7379,0.7372,0.7378,15268.5,11262.60131
2026-09-14 18:30:00,0.7379,0.7384,0.7377,0.7381,69446.0,51252.55129
2026-09-14 18:31:00,0.7382,0.7384,0.7378,0.7383,27166.3,20052.31838
2026-09-14 18:32:00,0.7383,0.739,0.7383,0.739,23574.0,17415.6603
2026-09-14 18:33:00,0.7389,0.7397,0.7389,0.7393,59525.5,44008.74303
2026-09-14 18:34:00,0.7392,0.7396,0.7391,0.7391,36931.6,27307.05401
2026-09-14 18:35:00,0.739,0.7392,0.7385,0.739,47775.3,35297.56092
2026-09-14 18:36:00,0.739,0.7402,0.739,0.7395,180711.7,133698.71402
2026-09-14 18:37:00,0.7396,0.7405,0.7395,0.7404,36996.0,27378.34459
2026-09-14 18:38:00,0.7403,0.741,0.7402,0.7407,93893.5,69537.69322
2026-09-14 18:39:00,0.7407,0.7408,0.7402,0.7404,81279.7,60190.78932
2026-09-14 18:40:00,0.7404,0.7405,0.7393,0.7398,84055.6,62195.21721
2026-09-14 18:41:00,0.7399,0.7401,0.7395,0.7401,23755.9,17574.96374
2026-09-14 18:42:00,0.7401,0.7409,0.7393,0.7409,20573.6,15225.28882
2026-09-14 18:43:00,0.7408,0.742,0.7408,0.7419,57966.0,42982.07047
2026-09-14 18:44:00,0.7418,0.7418,0.7409,0.7414,48880.8,36234.15835
2026-09-14 18:45:00,0.7414,0.7441,0.7414,0.7438,156380.1,116183.51595
2026-09-14 18:46:00,0.7438,0.7451,0.7429,0.7441,697588.7,519317.10022
2026-09-14 18:47:00,0.7441,0.7445,0.744,0.7444,71834.0,53451.81266
2026-09-14 18:48:00,0.7443,0.7448,0.7435,0.7446,70331.5,52340.8973
2026-09-14 18:49:00,0.7445,0.7451,0.7439,0.744,137254.0,102190.07602
2026-09-14 18:50:00,0.7439,0.7446,0.7433,0.7435,140625.2,104651.39299
2026-09-14 18:51:00,0.7435,0.7437,0.7425,0.7434,39627.9,29450.87095
2026-09-14 18:52:00,0.7434,0.7434,0.7425,0.7425,19906.7,14787.48826
2026-09-14 18:53:00,0.7426,0.7427,0.7417,0.7419,21939.4,16282.7507
2026-09-14 18:54:00,0.7419,0.742,0.7412,0.7417,69607.0,51621.82417
2026-09-14 18:55:00,0.7417,0.7433,0.7415,0.7432,112255.4,83342.89356
2026-09-14 18:56:00,0.7431,0.7432,0.7423,0.7423,16722.5,12423.43367
2026-09-14 18:57:00,0.7424,0.7431,0.7423,0.7426,24336.5,18071.51507
2026-09-14 18:58:00,0.7425,0.7425,0.7423,0.7424,16517.3,12261.97425
2026-09-14 18:59:00,0.7424,0.7429,0.7421,0.7429,14218.3,10556.13706
2026-09-14 19:00:00,0.743,0.743,0.7408,0.7411,143065.8,106121.73096
2026-09-14 19:01:00,0.7412,0.7412,0.7406,0.7407,33599.8,24890.41674
2026-09-14 19:02:00,0.7408,0.7416,0.7406,0.7409,38810.6,28765.75557
2026-09-14 19:03:00,0.741,0.741,0.7402,0.7403,20966.0,15528.41827
2026-09-14 19:04:00,0.7403,0.7404,0.7392,0.7398,134791.0,99690.9876
2026-09-14 19:05:00,0.7399,0.7399,0.7393,0.7398,37313.5,27598.42033
2026-09-14 19:06:00,0.7397,0.7398,0.7386,0.7387,136749.7,101068.01061
2026-09-14 19:07:00,0.7387,0.7397,0.7387,0.7395,289358.5,213983.62068
2026-09-14 19:08:00,0.7394,0.7394,0.7384,0.7385,52722.3,38939.37891
2026-09-14 19:09:00,0.7384,0.7388,0.7384,0.7385,100122.6,73940.7477
2026-09-14 19:10:00,0.7385,0.7387,0.7379,0.7379,45946.3,33922.61457
2026-09-14 19:11:00,0.7379,0.7381,0.7377,0.7379,28400.7,20958.34363
2026-09-14 19:12:00,0.7379,0.7386,0.7379,0.7386,9518.7,7027.03464
2026-09-14 19:13:00,0.7386,0.7388,0.7381,0.7383,19490.9,14392.26312
2026-09-14 19:14:00,0.7384,0.7385,0.7382,0.7382,18580.1,13719.57116
2026-09-14 19:15:00,0.7383,0.7387,0.7383,0.7385,62798.1,46366.42864
2026-09-14 19:16:00,0.7385,0.7388,0.7384,0.7387,40081.2,29602.499
2026-09-14 19:17:00,0.7387,0.7389,0.7384,0.7386,32918.6,24316.21503
2026-09-14 19:18:00,0.7385,0.7391,0.7384,0.7385,30191.2,22300.68287
2026-09-14 19:19:00,0.7385,0.7393,0.7384,0.7393,91311.3,67451.12239
2026-09-14 19:20:00,0.7393,0.7395,0.7391,0.7393,40715.6,30100.46233
2026-09-14 19:21:00,0.7393,0.7394,0.7391,0.7392,39283.5,29041.21918
2026-09-14 19:22:00,0.7391,0.7391,0.7386,0.7387,14460.9,10685.2711
2026-09-14 19:23:00,0.7388,0.7392,0.7388,0.7392,37026.4,27362.65103
2026-09-14 19:24:00,0.7392,0.7393,0.739,0.739,7348.6,5431.19954
2026-09-14 19:25:00,0.739,0.7391,0.7381,0.7386,51281.1,37875.90666
2026-09-14 19:26:00,0.7385,0.7386,0.7383,0.7383,43278.2,31959.89198
2026-09-14 19:27:00,0.7382,0.7396,0.7381,0.7392,87127.2,64389.34742
2026-09-14 19:28:00,0.7391,0.7391,0.7385,0.7386,15176.6,11212.82344
2026-09-14 19:29:00,0.7387,0.7388,0.7381,0.7384,28465.1,21018.9868
2026-09-14 19:30:00,0.7383,0.7384,0.7374,0.7375,20265.2,14952.51738
2026-09-14 19:31:00,0.7374,0.7381,0.7369,0.737,88220.8,65051.79025
2026-09-14 19:32:00,0.737,0.7373,0.7369,0.7372,28980.3,21361.28653
2026-09-14 19:33:00,0.7372,0.7375,0.7372,0.7375,9801.2,7227.12512
2026-09-14 19:34:00,0.7374,0.7374,0.7354,0.7363,173463.5,127676.00826
2026-09-14 19:35:00,0.7363,0.7363,0.7358,0.7359,10867.0,7996.89184
2026-09-14 19:36:00,0.7358,0.736,0.7346,0.735,84160.7,61891.16971
2026-09-14 19:37:00,0.735,0.7354,0.7346,0.7351,42704.6,31389.01121
2026-09-14 19:38:00,0.735,0.7352,0.7343,0.7343,26371.1,19376.80016
2026-09-14 19:39:00,0.7344,0.7348,0.7344,0.7348,20428.4,15005.53488
2026-09-14 19:40:00,0.7348,0.736,0.7348,0.7356,20608.5,15158.49262
2026-09-14 19:41:00,0.7357,0.736,0.7355,0.736,2547.5,1874.23485
2026-09-14 19:42:00,0.736,0.7361,0.736,0.7361,3046.0,2242.05977
2026-09-14 19:43:00,0.7361,0.7371,0.7361,0.7366,72467.3,53402.34061
2026-09-14 19:44:00,0.7366,0.7379,0.7364,0.7374,148786.2,109673.6533
2026-09-14 19:45:00,0.7373,0.7374,0.7372,0.7372,22101.2,16294.3703
2026-09-14 19:46:00,0.7372,0.7373,0.7369,0.7369,24074.1,17746.00204
2026-09-14 19:47:00,0.7369,0.737,0.7365,0.7365,36632.3,26990.77216
2026-09-14 19:48:00,0.7366,0.7366,0.7355,0.7357,56328.7,41455.54493
2026-09-14 19:49:00,0.7357,0.7357,0.7352,0.7353,22447.6,16507.57205
2026-09-14 19:50:00,0.7353,0.7358,0.7351,0.7351,33141.5,24369.16936
2026-09-14 19:51:00,0.7351,0.7353,0.735,0.7352,16072.6,11815.31014
2026-09-14 19:52:00,0.7352,0.7359,0.7348,0.7348,26071.1,19169.63352
2026-09-14 19:53:00,0.7349,0.735,0.7347,0.735,35798.0,26306.00923
2026-09-14 19:54:00,0.7349,0.7352,0.7349,0.7349,40891.0,30056.67561
2026-09-14 19:55:00,0.7349,0.735,0.7346,0.7347,97574.4,71702.51848
2026-09-14 19:56:00,0.7346,0.7349,0.7344,0.7346,47432.5,34844.32599
2026-09-14 19:57:00,0.7345,0.7346,0.7344,0.7345,5021.5,3688.24132
2026-09-14 19:58:00,0.7345,0.7351,0.7345,0.7351,69441.1,51019.49199
2026-09-14 19:59:00,0.7351,0.7356,0.7351,0.7356,11834.6,8702.1319
2026-09-14 20:00:00,0.7357,0.7361,0.7354,0.7354,27632.0,20327.73314
2026-09-14 20:01:00,0.7355,0.7361,0.7355,0.7358,32982.8,24263.42113
2026-09-14 20:02:00,0.7358,0.7363,0.7358,0.7363,5420.9,3989.63274
2026-09-14 20:03:00,0.7363,0.737,0.7363,0.737,28711.7,21147.55787
2026-09-14 20:04:00,0.737,0.7371,0.7367,0.7367,13021.0,9594.63068
2026-09-14 20:05:00,0.7367,0.7376,0.7365,0.7374,41933.4,30910.21125
2026-09-14 20:06:00,0.7374,0.7378,0.7374,0.7377,8025.9,5920.35899
2026-09-14 20:07:00,0.7377,0.7378,0.7374,0.7378,10016.7,7389.52329
2026-09-14 20:08:00,0.7379,0.7383,0.7378,0.7381,9745.5,7191.45575
2026-09-14 20:09:00,0.7381,0.7381,0.7378,0.7379,6099.8,4501.11806
2026-09-14 20:10:00,0.7378,0.7383,0.7378,0.7382,25285.2,18662.18925
2026-09-14 20:11:00,0.7381,0.7385,0.7377,0.7385,29877.8,22050.55946
2026-09-14 20:12:00,0.7386,0.742,0.7386,0.7418,1039594.3,769143.40505
2026-09-14 20:13:00,0.7417,0.7427,0.7394,0.7406,200120.4,148261.73136
2026-09-14 20:14:00,0.7406,0.7414,0.7402,0.7414,82900.9,61384.16161
2026-09-14 20:15:00,0.7414,0.7434,0.7414,0.7431,96795.2,71860.39294
2026-09-14 20:16:00,0.743,0.7448,0.7429,0.7446,132546.4,98568.04525
2026-09-14 20:17:00,0.7445,0.7453,0.7438,0.7449,147194.3,109575.664
2026-09-14 20:18:00,0.7449,0.7462,0.7444,0.7454,131645.4,98102.5085
2026-09-14 20:19:00,0.7453,0.7455,0.7444,0.7454,161861.4,120565.05053
2026-09-14 20:20:00,0.7453,0.7459,0.7451,0.7457,71066.3,52976.92026
2026-09-14 20:21:00,0.7458,0.746,0.7449,0.7454,136853.6,101971.60373
2026-09-14 20:22:00,0.7454,0.7462,0.745,0.7459,76663.1,57157.47139
2026-09-14 20:23:00,0.746,0.748,0.7454,0.7462,155532.8,116141.35084
2026-09-14 20:24:00,0.7463,0.7471,0.7454,0.7455,120998.7,90268.79374
2026-09-14 20:25:00,0.7455,0.7469,0.7445,0.7456,303625.2,226385.75468
2026-09-14 20:26:00,0.7457,0.7458,0.7449,0.7453,77500.0,57772.22644
2026-09-14 20:27:00,0.7454,0.7454,0.7437,0.7446,70504.7,52504.14583
2026-09-14 20:28:00,0.7446,0.745,0.7443,0.745,73342.9,54608.95103
2026-09-14 20:29:00,0.745,0.746,0.7448,0.7457,110800.8,82583.16943
2026-09-14 20:30:00,0.7458,0.7465,0.7454,0.7454,96063.6,71655.28319
2026-09-14 20:31:00,0.7454,0.7463,0.7452,0.746,114813.1,85617.48119
2026-09-14 20:32:00,0.746,0.746,0.7447,0.7452,68274.3,50885.11851
2026-09-14 20:33:00,0.7452,0.7453,0.7441,0.745,80430.4,59886.78319
2026-09-14 20:34:00,0.745,0.7471,0.7449,0.7471,84812.4,63303.91506
2026-09-14 20:35:00,0.7471,0.7473,0.7455,0.7464,166925.5,124595.55236
2026-09-14 20:36:00,0.7464,0.7464,0.7453,0.7463,85860.4,64042.7484
2026-09-14 20:37:00,0.7463,0.7465,0.7454,0.7457,65869.6,49151.13412
2026-09-14 20:38:00,0.7456,0.7456,0.7449,0.7452,26445.6,19709.50554
2026-09-14 20:39:00,0.7452,0.7452,0.7445,0.7445,20059.3,14939.54694
2026-09-14 20:40:00,0.7445,0.7448,0.7442,0.7445,53399.8,39753.24911
2026-09-14 20:41:00,0.7446,0.7455,0.7446,0.7455,36063.0,26874.4332
2026-09-14 20:42:00,0.7456,0.7457,0.745,0.745,33256.6,24789.58102
2026-09-14 20:43:00,0.7449,0.745,0.7443,0.7444,25743.6,19169.16391
2026-09-14 20:44:00,0.7443,0.7443,0.7437,0.744,60318.1,44881.87134
2026-09-14 20:45:00,0.744,0.7448,0.7436,0.7442,53084.7,39504.76346
2026-09-14 20:46:00,0.7443,0.7454,0.744,0.7445,30480.7,22697.70943
2026-09-14 20:47:00,0.7446,0.7446,0.7443,0.7443,57191.8,42580.69232
2026-09-14 20:48:00,0.7443,0.7443,0.7438,0.7439,9571.1,7120.24519
2026-09-14 20:49:00,0.7439,0.7439,0.7432,0.7434,18864.6,14023.10371
2026-09-14 20:50:00,0.7433,0.7435,0.7427,0.7427,31977.7,23765.6194
2026-09-14 20:51:00,0.7427,0.743,0.7422,0.7422,43845.4,32562.54398
2026-09-14 20:52:00,0.7422,0.7433,0.7422,0.7429,36596.4,27178.82997
2026-09-14 20:53:00,0.7429,0.7432,0.7429,0.743,12997.2,9658.25647
2026-09-14 20:54:00,0.7431,0.7431,0.7427,0.7429,32300.0,23995.81961
2026-09-14 20:55:00,0.7429,0.7429,0.7421,0.7421,15226.4,11307.44399
2026-09-14 20:56:00,0.742,0.7421,0.7411,0.7417,106318.9,78842.80165
2026-09-14 20:57:00,0.7418,0.7422,0.7414,0.7415,51091.2,37903.92006
2026-09-14 20:58:00,0.7415,0.7416,0.7409,0.7414,35318.4,26184.21686
2026-09-14 20:59:00,0.7414,0.7415,0.7413,0.7414,17074.2,12659.88956
2026-09-14 21:00:00,0.7415,0.7417,0.74,0.7401,150093.0,111264.40237
2026-09-14 21:01:00,0.7401,0.7401,0.7378,0.7378,218974.9,161794.73009
2026-09-14 21:02:00,0.7378,0.7378,0.7332,0.7358,473504.8,348234.55881
2026-09-14 21:03:00,0.7358,0.7367,0.7352,0.7362,109096.1,80276.35635
2026-09-14 21:04:00,0.7361,0.737,0.7352,0.7368,111169.6,81819.88015
2026-09-14 21:05:00,0.7368,0.7378,0.7356,0.7369,289128.4,213009.48471
2026-09-14 21:06:00,0.737,0.7374,0.7365,0.7372,92499.9,68179.9265
2026-09-14 21:07:00,0.7371,0.7375,0.7364,0.7375,31281.5,23051.27211
2026-09-14 21:08:00,0.7375,0.7375,0.7368,0.7373,47957.8,35354.22823
2026-09-14 21:09:00,0.7372,0.7372,0.7364,0.7364,28661.9,21111.66049
2026-09-14 21:10:00,0.7363,0.7363,0.7352,0.7358,57818.1,42532.46566
2026-09-14 21:11:00,0.7358,0.7361,0.7343,0.7343,174886.1,128551.22431
2026-09-14 21:12:00,0.7343,0.7346,0.7342,0.7343,48366.8,35520.10852
2026-09-14 21:13:00,0.7343,0.7347,0.7341,0.7347,30300.5,22251.21254
2026-09-14 21:14:00,0.7347,0.7347,0.7332,0.7339,103583.8,76023.32934
2026-09-14 21:15:00,0.734,0.7341,0.7332,0.7338,73187.2,53699.01711
2026-09-14 21:16:00,0.7339,0.7352,0.7338,0.735,16874.8,12393.81631
2026-09-14 21:17:00,0.7349,0.7349,0.7336,0.7339,34244.3,25134.05163
2026-09-14 21:18:00,0.734,0.7362,0.734,0.7362,136723.0,100501.0229
2026-09-14 21:19:00,0.7363,0.7365,0.7358,0.736,42617.9,31368.30267
2026-09-14 21:20:00,0.7359,0.7364,0.7355,0.7363,6499.8,4783.0705
2026-09-14 21:21:00,0.7362,0.7367,0.7361,0.7365,12426.8,9150.74487
2026-09-14 21:22:00,0.7366,0.7366,0.7359,0.7359,10597.5,7801.29182
2026-09-14 21:23:00,0.7359,0.7365,0.7358,0.7361,8879.7,6536.83832
2026-09-14 21:24:00,0.7361,0.7362,0.7359,0.7359,13637.1,10036.36086
2026-09-14 21:25:00,0.7358,0.7358,0.7349,0.735,16718.6,12292.53219
2026-09-14 21:26:00,0.735,0.7356,0.735,0.7353,24888.1,18301.20918
2026-09-14 21:27:00,0.7353,0.7353,0.735,0.7351,10066.7,7400.79325
2026-09-14 21:28:00,0.7352,0.7368,0.7352,0.7363,68278.6,50256.43282
2026-09-14 21:29:00,0.7363,0.7366,0.7342,0.7351,214236.4,157537.0114
2026-09-14 21:30:00,0.735,0.7359,0.7349,0.7359,11538.3,8485.63071
2026-09-14 21:31:00,0.7359,0.7363,0.7358,0.7362,18102.5,13322.04864
2026-09-14 21:32:00,0.7361,0.7361,0.735,0.7351,10815.8,7953.23112
2026-09-14 21:33:00,0.7351,0.7351,0.7344,0.7347,24046.0,17667.54687
2026-09-14 21:34:00,0.7347,0.7349,0.7346,0.7347,13253.7,9738.75484
2026-09-14 21:35:00,0.7346,0.7346,0.7335,0.7335,20189.7,14822.87341
2026-09-14 21:36:00,0.7334,0.7335,0.7324,0.7328,76270.4,55899.68617
2026-09-14 21:37:00,0.7327,0.7327,0.7297,0.7313,610590.6,446370.20147
2026-09-14 21:38:00,0.7313,0.7313,0.7292,0.7309,287892.9,210263.7673
2026-09-14 21:39:00,0.7309,0.7317,0.7305,0.7315,108558.1,79371.16716
2026-09-14 21:40:00,0.7315,0.7328,0.7315,0.7327,42439.9,31075.88327
2026-09-14 21:41:00,0.7327,0.7335,0.7327,0.7334,14793.1,10844.21246
2026-09-14 21:42:00,0.7334,0.7335,0.7326,0.7328,32453.6,23785.09255
2026-09-14 21:43:00,0.7328,0.7331,0.7325,0.7331,40003.2,29313.96874
2026-09-14 21:44:00,0.733,0.733,0.7328,0.7328,6828.1,5004.27633
2026-09-14 21:45:00,0.7328,0.7332,0.7328,0.7332,13027.8,9549.01055
2026-09-14 21:46:00,0.7333,0.7333,0.7321,0.7321,12475.9,9144.02202
2026-09-14 21:47:00,0.732,0.732,0.7318,0.732,28778.0,21062.22776
2026-09-14 21:48:00,0.7321,0.7322,0.7309,0.7314,28330.1,20718.21688
2026-09-14 21:49:00,0.7315,0.732,0.7315,0.732,8433.7,6172.31812
2026-09-14 21:50:00,0.732,0.7324,0.732,0.7322,9137.8,6690.90525
2026-09-14 21:51:00,0.7322,0.7323,0.7315,0.7316,15346.5,11233.58503
2026-09-14 21:52:00,0.7315,0.7315,0.7307,0.7312,12751.8,9322.12025
2026-09-14 21:53:00,0.7312,0.7318,0.7312,0.7313,6490.4,4747.20068
2026-09-14 21:54:00,0.7314,0.7315,0.7309,0.731,10785.4,7885.18937
2026-09-14 21:55:00,0.731,0.7312,0.7306,0.7312,19894.4,14540.10946
2026-09-14 21:56:00,0.7312,0.7316,0.7311,0.7312,19554.6,14301.40934
2026-09-14 21:57:00,0.7312,0.7313,0.7308,0.7312,24393.1,17833.14394
2026-09-14 21:58:00,0.7311,0.7312,0.7308,0.7309,11217.9,8201.00044
2026-09-14 21:59:00,0.7309,0.7309,0.7303,0.7307,17442.6,12741.13309
2026-09-14 22:00:00,0.7308,0.7313,0.7291,0.7294,78240.4,57152.16273
2026-09-14 22:01:00,0.7294,0.7304,0.729,0.7303,46684.0,34049.97878
2026-09-14 22:02:00,0.7302,0.7307,0.7299,0.7299,22047.5,16102.33404
2026-09-14 22:03:00,0.7298,0.7299,0.7289,0.7299,133785.2,97563.93899
2026-09-14 22:04:00,0.7299,0.7302,0.7295,0.7302,35000.8,25549.56523
2026-09-14 22:05:00,0.7302,0.7312,0.7302,0.731,32996.1,24117.01467
2026-09-14 22:06:00,0.7309,0.7314,0.7309,0.7314,18294.5,13375.32775
2026-09-14 22:07:00,0.7313,0.7313,0.7305,0.7308,23960.0,17512.45953
2026-09-14 22:08:00,0.7309,0.7322,0.7309,0.7322,21279.3,15576.02895
2026-09-14 22:09:00,0.7322,0.7326,0.7321,0.7326,11327.0,8295.26895
2026-09-14 22:10:00,0.7325,0.7332,0.7315,0.732,119874.2,87790.58437
2026-09-14 22:11:00,0.7319,0.7324,0.7316,0.7323,93954.8,68797.38008
2026-09-14 22:12:00,0.7323,0.7326,0.7323,0.7324,11456.8,8391.55178
2026-09-14 22:13:00,0.7324,0.7337,0.7323,0.7332,81467.4,59737.35293
2026-09-14 22:14:00,0.7331,0.7331,0.7326,0.7326,7502.2,5498.09466
2026-09-14 22:15:00,0.7326,0.7326,0.7324,0.7324,2815.0,2062.14048
2026-09-14 22:16:00,0.7323,0.7323,0.7317,0.7317,1665.5,1219.17505
2026-09-14 22:17:00,0.7316,0.7323,0.731,0.7314,114380.5,83685.87007
2026-09-14 22:18:00,0.7314,0.7314,0.7308,0.7312,15472.1,11310.96575
2026-09-14 22:19:00,0.7312,0.7312,0.7292,0.7292,31695.1,23140.57042
2026-09-14 22:20:00,0.7293,0.7294,0.729,0.7292,17234.0,12566.84743
2026-09-14 22:21:00,0.7292,0.7292,0.7286,0.7287,11297.1,8233.45131
2026-09-14 22:22:00,0.7288,0.7294,0.7285,0.7291,48222.6,35154.09786
2026-09-14 22:23:00,0.7291,0.7291,0.7287,0.7287,9319.9,6794.781
2026-09-14 22:24:00,0.7287,0.7287,0.7278,0.7278,33069.8,24076.41045
2026-09-14 22:25:00,0.7279,0.729,0.727,0.7285,194964.0,141954.51654
2026-09-14 22:26:00,0.7285,0.7285,0.7275,0.7275,20093.4,14629.84377
2026-09-14 22:27:00,0.7275,0.7275,0.7273,0.7273,8808.0,6407.22458
2026-09-14 22:28:00,0.7273,0.7273,0.7261,0.7273,60554.5,43999.23707
2026-09-14 22:29:00,0.7274,0.7276,0.727,0.7276,23859.7,17347.43942
2026-09-14 22:30:00,0.7277,0.7281,0.7275,0.7276,15628.0,11376.46501
2026-09-14 22:31:00,0.7275,0.7275,0.7262,0.7262,66066.0,48024.57149
2026-09-14 22:32:00,0.7262,0.7266,0.7261,0.7266,16953.3,12312.16196
2026-09-14 22:33:00,0.7267,0.7268,0.7257,0.726,35005.0,25415.9193
2026-09-14 22:34:00,0.726,0.7266,0.7251,0.7261,68896.9,50006.07786
2026-09-14 22:35:00,0.726,0.7263,0.7258,0.7263,18448.9,13393.66447
2026-09-14 22:36:00,0.7262,0.7272,0.7261,0.7272,4326.6,3144.48823
2026-09-14 22:37:00,0.7272,0.729,0.727,0.7272,165561.0,120515.48535
2026-09-14 22:38:00,0.7271,0.7272,0.726,0.7268,35436.5,25756.61851
2026-09-14 22:39:00,0.7268,0.7275,0.7261,0.7263,44331.1,32222.24869
2026-09-14 22:40:00,0.7264,0.7266,0.7259,0.7266,64461.3,46820.45797
2026-09-14 22:41:00,0.7266,0.7266,0.7261,0.7262,11995.2,8712.31277
2026-09-14 22:42:00,0.7262,0.7268,0.726,0.7264,21584.2,15679.92537
2026-09-14 22:43:00,0.7264,0.7267,0.7263,0.7264,1642.1,1192.92279
2026-09-14 22:44:00,0.7264,0.7264,0.7261,0.7262,12445.4,9038.65934
2026-09-14 22:45:00,0.7262,0.7262,0.7257,0.7258,26394.9,19159.11556
2026-09-14 22:46:00,0.7259,0.726,0.7252,0.7255,22558.1,16366.46087
2026-09-14 22:47:00,0.7254,0.7255,0.7245,0.7249,58724.5,42565.49755
2026-09-14 22:48:00,0.725,0.7253,0.7242,0.7248,33668.7,24403.85171
2026-09-14 22:49:00,0.7249,0.7257,0.7249,0.7252,82699.5,59981.49262
2026-09-14 22:50:00,0.7251,0.7254,0.7251,0.7253,2757.3,2000.04221
2026-09-14 22:51:00,0.7254,0.7257,0.7253,0.7256,28195.8,20455.5621
2026-09-14 22:52:00,0.7256,0.7261,0.7256,0.7258,29411.0,21346.81315
2026-09-14 22:53:00,0.7258,0.7262,0.7258,0.726,11254.2,8171.07063
2026-09-14 22:54:00,0.7261,0.7261,0.726,0.726,4431.6,3217.65076
2026-09-14 22:55:00,0.726,0.7262,0.726,0.7262,3459.3,2511.86391
2026-09-14 22:56:00,0.7262,0.7262,0.7258,0.7258,14373.4,10434.69388
2026-09-14 22:57:00,0.7257,0.7259,0.725,0.7256,110898.8,80442.48648
2026-09-14 22:58:00,0.7256,0.7261,0.7256,0.7258,20191.8,14658.83426
2026-09-14 22:59:00,0.7257,0.7257,0.7256,0.7256,5170.3,3751.97711
2026-09-14 23:00:00,0.7257,0.7266,0.7254,0.7261,98516.7,71514.00195
2026-09-14 23:01:00,0.7261,0.7261,0.7254,0.7254,15629.2,11340.85265
2026-09-14 23:02:00,0.7253,0.7256,0.7249,0.7249,11263.1,8167.5984
2026-09-14 23:03:00,0.725,0.725,0.7239,0.7243,27177.6,19687.47426
2026-09-14 23:04:00,0.7243,0.7243,0.723,0.7234,197422.2,142790.11857
2026-09-14 23:05:00,0.7234,0.7239,0.7234,0.7237,35202.3,25472.39924
2026-09-14 23:06:00,0.7237,0.7237,0.7225,0.7231,152852.3,110525.12398
2026-09-14 23:07:00,0.7231,0.724,0.7228,0.7238,26162.1,18925.31058
2026-09-14 23:08:00,0.7239,0.7239,0.7235,0.7235,3367.1,2436.3958
2026-09-14 23:09:00,0.7234,0.7235,0.7233,0.7235,17989.0,13014.66219
2026-09-14 23:10:00,0.7236,0.7237,0.7234,0.7236,15713.4,11370.28942
2026-09-14 23:11:00,0.7235,0.7236,0.7234,0.7236,3849.3,2784.77498
2026-09-14 23:12:00,0.7236,0.7239,0.7234,0.7238,9142.2,6615.34666
2026-09-14 23:13:00,0.7237,0.7237,0.7234,0.7235,7596.9,5496.99293
2026-09-14 23:14:00,0.7235,0.7236,0.7235,0.7235,4602.0,3329.68672
2026-09-14 23:15:00,0.7235,0.7243,0.7233,0.7242,66230.3,47940.2416
2026-09-14 23:16:00,0.7241,0.7241,0.7238,0.7239,7384.7,5345.82303
2026-09-14 23:17:00,0.7239,0.7239,0.7233,0.7234,12881.8,9320.77405
2026-09-14 23:18:00,0.7234,0.7236,0.7233,0.7233,2739.9,1982.11647
2026-09-14 23:19:00,0.7233,0.7234,0.723,0.7232,9300.0,6725.60294
2026-09-14 23:20:00,0.7233,0.7236,0.7233,0.7236,5508.7,3985.03944
2026-09-14 23:21:00,0.7236,0.7237,0.7235,0.7235,5650.2,4088.6791
2026-09-14 23:22:00,0.7234,0.7239,0.7232,0.7239,23705.7,17155.07143
2026-09-14 23:23:00,0.7239,0.7247,0.7239,0.7247,3418.2,2476.08843
2026-09-14 23:24:00,0.7247,0.7252,0.7246,0.7252,4745.8,3440.38688
2026-09-14 23:25:00,0.7253,0.726,0.7253,0.7258,31456.9,22830.59973
2026-09-14 23:26:00,0.7257,0.7258,0.7256,0.7258,17959.4,13032.99253
2026-09-14 23:27:00,0.7258,0.7258,0.7241,0.7244,64651.0,46864.26271
2026-09-14 23:28:00,0.7243,0.7245,0.7233,0.7236,39567.2,28636.73753
2026-09-14 23:29:00,0.7237,0.7237,0.7232,0.7232,9716.9,7029.66672
2026-09-14 23:30:00,0.7232,0.7233,0.7229,0.7229,26191.0,18941.23556
2026-09-14 23:31:00,0.7229,0.7231,0.7226,0.7226,18848.9,13623.77122
2026-09-14 23:32:00,0.7225,0.7232,0.7225,0.7231,36848.8,26637.54399
2026-09-14 23:33:00,0.7231,0.7232,0.723,0.7231,4821.3,3486.01697
2026-09-14 23:34:00,0.7231,0.7231,0.7225,0.7228,9711.9,7019.0899
2026-09-14 23:35:00,0.7228,0.7228,0.7222,0.7223,29718.0,21468.01066
2026-09-14 23:36:00,0.7223,0.7224,0.722,0.7221,9602.6,6935.89723
2026-09-14 23:37:00,0.722,0.722,0.7213,0.7217,31731.3,22902.51246
2026-09-14 23:38:00,0.7216,0.722,0.7216,0.722,4721.8,3407.87004
2026-09-14 23:39:00,0.7221,0.7224,0.7219,0.722,13824.8,9985.47498
2026-09-14 23:40:00,0.722,0.7223,0.7218,0.7223,22541.0,16272.4009
2026-09-14 23:41:00,0.7223,0.7224,0.7221,0.7223,6326.7,4569.40019
2026-09-14 23:42:00,0.7224,0.7226,0.7223,0.7224,5328.0,3849.21876
2026-09-14 23:43:00,0.7224,0.7225,0.7221,0.7225,7755.0,5601.65243
2026-09-14 23:44:00,0.7225,0.7226,0.7223,0.7224,6276.5,4534.52191
2026-09-14 23:45:00,0.7223,0.7223,0.7219,0.7219,14371.1,10376.0831
2026-09-14 23:46:00,0.7219,0.7225,0.7219,0.7225,15185.4,10964.74199
2026-09-14 23:47:00,0.7225,0.7225,0.7219,0.722,7681.7,5547.33148
2026-09-14 23:48:00,0.722,0.7222,0.722,0.722,7993.3,5771.49451
2026-09-14 23:49:00,0.722,0.7222,0.7218,0.7218,6683.1,4825.65305
2026-09-14 23:50:00,0.7217,0.7217,0.7202,0.7211,108903.8,78490.4034
2026-09-14 23:51:00,0.721,0.721,0.7202,0.7203,66884.0,48195.51626
2026-09-14 23:52:00,0.7203,0.7204,0.7202,0.7204,9043.8,6514.49391
2026-09-14 23:53:00,0.7205,0.7209,0.7205,0.7209,7574.4,5458.86743
2026-09-14 23:54:00,0.7209,0.7209,0.7207,0.7208,7340.4,5290.84123
2026-09-14 23:55:00,0.7208,0.7208,0.7206,0.7206,3557.7,2564.09011
2026-09-14 23:56:00,0.7206,0.7209,0.7205,0.7206,10270.3,7401.7716
2026-09-14 23:57:00,0.7206,0.7208,0.7205,0.7208,18314.6,13197.97142
2026-09-14 23:58:00,0.7208,0.721,0.7206,0.7206,21385.6,15414.92765
2026-09-14 23:59:00,0.7207,0.7212,0.7206,0.7209,19290.6,13905.54646
2026-09-15 00:00:00,0.7209,0.7213,0.7208,0.7212,13325.8,9607.02635
2026-09-15 00:01:00,0.7212,0.7216,0.7207,0.7213,27366.8,19735.01401
2026-09-15 00:02:00,0.7212,0.7212,0.721,0.721,1920.1,1384.53441
2026-09-15 00:03:00,0.721,0.7213,0.7209,0.7213,6803.5,4905.80491
2026-09-15 00:04:00,0.7213,0.7213,0.7204,0.7204,6094.6,4393.29895
2026-09-15 00:05:00,0.7204,0.7206,0.7201,0.7203,22625.7,16297.32726
2026-09-15 00:06:00,0.7202,0.7206,0.7195,0.7199,134839.7,97090.11456
2026-09-15 00:07:00,0.7199,0.7205,0.7196,0.7205,18950.1,13646.1832
2026-09-15 00:08:00,0.7205,0.7207,0.7203,0.7206,28781.7,20735.68554
2026-09-15 00:09:00,0.7206,0.7212,0.7206,0.7212,31009.7,22351.67552
2026-09-15 00:10:00,0.7212,0.7212,0.7204,0.7207,24223.7,17462.5701
2026-09-15 00:11:00,0.7207,0.7207,0.7197,0.7198,16601.5,11952.96445
2026-09-15 00:12:00,0.7197,0.72,0.7194,0.7194,15355.7,11050.46403
2026-09-15 00:13:00,0.7194,0.7197,0.7192,0.7194,14427.2,10379.94531
2026-09-15 00:14:00,0.7193,0.7194,0.7193,0.7193,3833.6,2757.83051
2026-09-15 00:15:00,0.7193,0.7193,0.7183,0.7186,83543.2,60037.73085
2026-09-15 00:16:00,0.7186,0.7187,0.718,0.718,44167.4,31728.26139
2026-09-15 00:17:00,0.7181,0.7182,0.7179,0.7179,14491.6,10404.73352
2026-09-15 00:18:00,0.7179,0.718,0.7178,0.7179,8605.8,6178.03307
2026-09-15 00:19:00,0.7179,0.7181,0.7178,0.7178,16924.0,12150.47132
2026-09-15 00:20:00,0.7178,0.7178,0.7172,0.7176,44629.2,32022.76182
2026-09-15 00:21:00,0.7176,0.718,0.7175,0.718,12848.0,9220.53313
2026-09-15 00:22:00,0.718,0.7183,0.7179,0.7183,21607.1,15514.30928
2026-09-15 00:23:00,0.7183,0.72,0.7183,0.7194,65038.3,46773.41265
2026-09-15 00:24:00,0.7193,0.7193,0.719,0.719,6942.9,4992.6739
2026-09-15 00:25:00,0.719,0.7196,0.7186,0.7196,39354.0,28301.89332
2026-09-15 00:26:00,0.7196,0.7199,0.7195,0.7199,13270.2,9549.84462
2026-09-15 00:27:00,0.7199,0.7199,0.7192,0.7195,16845.4,12120.22409
2026-09-15 00:28:00,0.7195,0.7195,0.719,0.7191,41662.3,29966.57347
2026-09-15 00:29:00,0.7191,0.7196,0.719,0.7195,33409.4,24028.27006
2026-09-15 00:30:00,0.7195,0.7206,0.7195,0.7205,16286.8,11728.33458
2026-09-15 00:31:00,0.7205,0.721,0.7203,0.7208,22133.9,15950.01269
2026-09-15 00:32:00,0.7208,0.721,0.7207,0.721,17419.4,12557.07632
2026-09-15 00:33:00,0.721,0.7212,0.7206,0.7212,29905.0,21560.22243
2026-09-15 00:34:00,0.7212,0.7217,0.7211,0.7217,20595.7,14857.59921
2026-09-15 00:35:00,0.7217,0.7222,0.7217,0.7222,21632.6,15617.13066
2026-09-15 00:36:00,0.7222,0.7224,0.7198,0.7212,130132.8,93816.71418
2026-09-15 00:37:00,0.7212,0.7212,0.7202,0.7202,25832.6,18616.72623
2026-09-15 00:38:00,0.7202,0.7204,0.7199,0.72,15091.2,10866.66789
2026-09-15 00:39:00,0.72,0.7203,0.7199,0.7203,7130.9,5134.78085
2026-09-15 00:40:00,0.7202,0.7203,0.7201,0.7201,12037.5,8669.48637
2026-09-15 00:41:00,0.7201,0.7205,0.72,0.7202,18474.3,13304.61177
2026-09-15 00:42:00,0.7201,0.7201,0.7191,0.7193,27524.4,19808.93578
2026-09-15 00:43:00,0.7192,0.7194,0.7189,0.7192,16470.5,11842.80386
2026-09-15 00:44:00,0.7192,0.7198,0.7192,0.7197,24580.1,17685.12491
2026-09-15 00:45:00,0.7197,0.7201,0.7194,0.7197,37708.4,27142.46896
2026-09-15 00:46:00,0.7197,0.7197,0.7188,0.7189,57455.1,41309.80759
2026-09-15 00:47:00,0.7189,0.7189,0.7183,0.7185,16603.2,11931.19885
2026-09-15 00:48:00,0.7185,0.7187,0.718,0.7186,41567.0,29855.31384
2026-09-15 00:49:00,0.7187,0.7196,0.7187,0.7193,13998.7,10067.98813
2026-09-15 00:50:00,0.7192,0.7193,0.7188,0.7188,7082.3,5091.38422
2026-09-15 00:51:00,0.7189,0.7197,0.7189,0.7193,69052.0,49675.96561
2026-09-15 00:52:00,0.7194,0.7201,0.7194,0.7199,14470.0,10415.046
2026-09-15 00:53:00,0.7198,0.7204,0.7198,0.72,16332.1,11760.81989
2026-09-15 00:54:00,0.7199,0.7199,0.7196,0.7197,7971.2,5737.08141
2026-09-15 00:55:00,0.7196,0.7198,0.7195,0.7198,9655.8,6948.75072
2026-09-15 00:56:00,0.7198,0.7199,0.7196,0.7197,19729.4,14201.49638
2026-09-15 00:57:00,0.7197,0.7197,0.7192,0.7193,27729.2,19950.22145
2026-09-15 00:58:00,0.7193,0.7196,0.7192,0.7192,12536.2,9018.39666
2026-09-15 00:59:00,0.7193,0.7195,0.7192,0.7192,10799.4,7768.06197
2026-09-15 01:00:00,0.7192,0.7192,0.7185,0.7185,18947.5,13620.10405
2026-09-15 01:01:00,0.7185,0.7189,0.7183,0.7189,26991.8,19395.75948
2026-09-15 01:02:00,0.7189,0.7194,0.7185,0.7187,36547.6,26269.0524
2026-09-15 01:03:00,0.7187,0.7193,0.7187,0.719,273370.5,196491.98571
2026-09-15 01:04:00,0.719,0.7194,0.7189,0.7189,15658.4,11260.68012
2026-09-15 01:05:00,0.7189,0.7189,0.7188,0.7188,7105.4,5107.52898
2026-09-15 01:06:00,0.7188,0.7193,0.7188,0.7191,34858.2,25059.25123
2026-09-15 01:07:00,0.719,0.719,0.7185,0.7186,16870.9,12125.55744
2026-09-15 01:08:00,0.7186,0.7187,0.718,0.7183,44029.4,31630.92908
2026-09-15 01:09:00,0.7184,0.7184,0.7167,0.7172,28578.6,20507.29586
2026-09-15 01:10:00,0.7172,0.7181,0.7171,0.7177,32332.6,23199.57477
2026-09-15 01:11:00,0.7177,0.7185,0.7177,0.7183,22749.4,16337.3821
2026-09-15 01:12:00,0.7184,0.7186,0.7183,0.7184,8141.4,5848.9921
2026-09-15 01:13:00,0.7183,0.7186,0.7176,0.7186,27717.9,19900.6842
2026-09-15 01:14:00,0.7185,0.7185,0.7179,0.7179,3478.1,2497.91843
2026-09-15 01:15:00,0.7179,0.7186,0.7175,0.7184,68518.3,49207.39588
2026-09-15 01:16:00,0.7183,0.7192,0.7181,0.7192,34661.4,24904.12373
2026-09-15 01:17:00,0.7191,0.7192,0.7189,0.719,12567.7,9036.54554
2026-09-15 01:18:00,0.719,0.7192,0.7179,0.7182,35633.1,25599.52964
2026-09-15 01:19:00,0.7182,0.7191,0.7181,0.7189,32436.6,23311.23152
2026-09-15 01:20:00,0.7189,0.7197,0.7189,0.7196,12512.8,9000.40851
2026-09-15 01:21:00,0.7197,0.7201,0.7196,0.72,19258.1,13863.2009
2026-09-15 01:22:00,0.72,0.7215,0.72,0.7211,22791.7,16428.8735
2026-09-15 01:23:00,0.721,0.7213,0.7209,0.7213,9682.7,6981.82899
2026-09-15 01:24:00,0.7212,0.7216,0.7202,0.7209,100304.8,72305.43561
2026-09-15 01:25:00,0.7208,0.7211,0.7207,0.721,22218.1,16019.11042
2026-09-15 01:26:00,0.7209,0.721,0.7199,0.7203,9952.3,7170.78475
2026-09-15 01:27:00,0.7202,0.7202,0.7185,0.719,20807.0,14964.3416
2026-09-15 01:28:00,0.719,0.719,0.7179,0.7179,44229.0,31768.77652
2026-09-15 01:29:00,0.7178,0.7186,0.7177,0.7182,63221.6,45396.54764
2026-09-15 01:30:00,0.7181,0.7185,0.7177,0.7183,14275.9,10250.91947
2026-09-15 01:31:00,0.7182,0.7199,0.7178,0.7197,101948.4,73329.95241
2026-09-15 01:32:00,0.7197,0.7205,0.7197,0.7203,24290.8,17492.03215
2026-09-15 01:33:00,0.7203,0.7203,0.7196,0.7199,18531.7,13341.35782
2026-09-15 01:34:00,0.7199,0.72,0.7193,0.7193,24301.9,17489.53939
2026-09-15 01:35:00,0.7193,0.7195,0.7188,0.7193,17279.7,12426.07344
2026-09-15 01:36:00,0.7192,0.7195,0.7192,0.7193,19628.8,14119.37537
2026-09-15 01:37:00,0.7193,0.7193,0.719,0.7193,9223.3,6632.95136
2026-09-15 01:38:00,0.7193,0.7213,0.7193,0.72,110775.3,79804.81621
2026-09-15 01:39:00,0.72,0.7204,0.72,0.7203,15492.9,11156.45315
2026-09-15 01:40:00,0.7203,0.7203,0.7197,0.7197,22369.4,16106.83498
2026-09-15 01:41:00,0.7198,0.7199,0.7194,0.7199,6439.9,4635.03554
2026-09-15 01:42:00,0.7199,0.7206,0.7199,0.7204,26457.6,19054.84218
2026-09-15 01:43:00,0.7203,0.7207,0.7203,0.7207,6009.0,4329.33658
2026-09-15 01:44:00,0.7207,0.7208,0.7206,0.7207,5793.0,4175.06199
2026-09-15 01:45:00,0.7207,0.7207,0.7193,0.7198,92049.3,66266.34766
2026-09-15 01:46:00,0.7198,0.7202,0.7196,0.7201,13507.5,9723.32292
2026-09-15 01:47:00,0.7202,0.7203,0.7201,0.7201,15850.7,11415.28644
2026-09-15 01:48:00,0.7201,0.7202,0.72,0.7202,5791.4,4170.56563
2026-09-15 01:49:00,0.7203,0.7213,0.7203,0.721,34490.6,24864.16216
2026-09-15 01:50:00,0.721,0.721,0.7205,0.7205,4051.6,2920.33099
2026-09-15 01:51:00,0.7204,0.7206,0.72,0.72,11029.4,7945.11448
2026-09-15 01:52:00,0.72,0.7202,0.72,0.7202,5465.2,3935.22639
2026-09-15 01:53:00,0.7201,0.7203,0.7201,0.7203,4065.9,2928.46021
2026-09-15 01:54:00,0.7203,0.7203,0.7198,0.7198,5970.0,4298.58476
2026-09-15 01:55:00,0.7197,0.7201,0.7197,0.72,11795.1,8491.42094
2026-09-15 01:56:00,0.72,0.7201,0.7198,0.7198,7007.8,5045.10451
2026-09-15 01:57:00,0.7198,0.7198,0.7187,0.7187,13156.6,9460.955
2026-09-15 01:58:00,0.7187,0.7193,0.7187,0.7192,17367.2,12487.55935
2026-09-15 01:59:00,0.7191,0.7194,0.7191,0.7191,6589.2,4739.3203
2026-09-15 02:00:00,0.7191,0.7197,0.7189,0.7197,13214.6,9506.49643
2026-09-15 02:01:00,0.7197,0.7197,0.7194,0.7197,24747.1,17806.92266
2026-09-15 02:02:00,0.7198,0.7208,0.7198,0.7207,9082.1,6541.68723
2026-09-15 02:03:00,0.7206,0.7206,0.7199,0.7202,17022.9,12261.19424
2026-09-15 02:04:00,0.7201,0.7201,0.7198,0.7201,7866.7,5663.80914
2026-09-15 02:05:00,0.72,0.7203,0.7199,0.7199,3282.6,2363.74901
2026-09-15 02:06:00,0.7198,0.7198,0.7191,0.7191,6586.4,4737.92096
2026-09-15 02:07:00,0.719,0.719,0.7183,0.7183,17386.3,12492.21043
2026-09-15 02:08:00,0.7184,0.7191,0.7184,0.7191,10607.3,7623.19495
2026-09-15 02:09:00,0.719,0.7199,0.719,0.7199,18433.7,13262.36217
2026-09-15 02:10:00,0.7198,0.7198,0.7196,0.7196,5397.8,3884.36115
2026-09-15 02:11:00,0.7196,0.7207,0.7196,0.7206,33821.2,24367.25656
2026-09-15 02:12:00,0.7206,0.721,0.7206,0.7207,20771.9,14973.25527
2026-09-15 02:13:00,0.7207,0.721,0.7206,0.7208,15297.3,11025.66458
2026-09-15 02:14:00,0.7208,0.7209,0.7206,0.7209,8977.5,6469.73119
2026-09-15 02:15:00,0.7209,0.7212,0.7205,0.7209,27741.1,19998.54686
2026-09-15 02:16:00,0.7209,0.7213,0.7207,0.7213,9991.0,7202.50758
2026-09-15 02:17:00,0.7213,0.7215,0.7212,0.7214,16060.6,11584.70947
2026-09-15 02:18:00,0.7215,0.7216,0.721,0.7211,6258.0,4513.85928
2026-09-15 02:19:00,0.7211,0.7214,0.721,0.7212,19983.9,14412.20122
2026-09-15 02:20:00,0.7212,0.7212,0.7206,0.7206,12457.8,8981.16594
2026-09-15 02:21:00,0.7207,0.7209,0.7203,0.7203,16188.4,11665.21446
2026-09-15 02:22:00,0.7203,0.7204,0.7202,0.7204,12124.5,8732.47984
2026-09-15 02:23:00,0.7205,0.7208,0.7202,0.7203,23422.8,16874.24043
2026-09-15 02:24:00,0.7203,0.7206,0.7203,0.7206,6048.1,4357.27281
2026-09-15 02:25:00,0.7205,0.7215,0.7205,0.7214,13032.6,9396.89733
2026-09-15 02:26:00,0.7214,0.7214,0.7213,0.7214,4616.5,3330.09204
2026-09-15 02:27:00,0.7214,0.7216,0.7214,0.7215,3801.4,2742.58913
2026-09-15 02:28:00,0.7215,0.7216,0.7207,0.7207,16069.7,11590.73341
2026-09-15 02:29:00,0.7207,0.721,0.7207,0.721,8715.6,6282.05851
2026-09-15 02:30:00,0.7209,0.721,0.7204,0.721,74628.5,53783.93585
2026-09-15 02:31:00,0.721,0.7213,0.721,0.7212,9243.0,6665.91085
2026-09-15 02:32:00,0.7211,0.7212,0.7209,0.7209,4380.5,3158.72824
2026-09-15 02:33:00,0.7209,0.7215,0.7208,0.7214,34186.7,24657.95288
2026-09-15 02:34:00,0.7214,0.7218,0.7214,0.7218,11520.7,8313.40372
2026-09-15 02:35:00,0.7218,0.722,0.7217,0.7219,17967.3,12968.86686
2026-09-15 02:36:00,0.7218,0.7218,0.7211,0.7214,121361.7,87582.77937
2026-09-15 02:37:00,0.7214,0.7214,0.7212,0.7213,10858.0,7831.68123
2026-09-15 02:38:00,0.7214,0.7214,0.7207,0.7211,35446.3,25554.2705
2026-09-15 02:39:00,0.7211,0.7215,0.7209,0.7215,27111.8,19550.1232
2026-09-15 02:40:00,0.7215,0.7217,0.721,0.721,11897.7,8581.33771
2026-09-15 02:41:00,0.721,0.7211,0.7209,0.7209,12022.5,8668.06629
2026-09-15 02:42:00,0.7209,0.7211,0.7207,0.7209,9915.8,7147.99123
2026-09-15 02:43:00,0.7209,0.7212,0.7209,0.7212,6202.8,4472.33639
2026-09-15 02:44:00,0.7212,0.7212,0.721,0.7211,16030.7,11561.29374
2026-09-15 02:45:00,0.721,0.7213,0.7209,0.7213,7900.8,5696.73955
2026-09-15 02:46:00,0.7213,0.7217,0.7213,0.7217,6261.0,4517.4303
2026-09-15 02:47:00,0.7216,0.722,0.7213,0.7215,59133.5,42672.7296
2026-09-15 02:48:00,0.7216,0.7216,0.7214,0.7214,28905.2,20855.2507
2026-09-15 02:49:00,0.7213,0.7213,0.7206,0.7208,13127.4,9463.85582
2026-09-15 02:50:00,0.7209,0.7222,0.7209,0.7213,71802.1,51808.28297
2026-09-15 02:51:00,0.7213,0.7213,0.7207,0.721,10864.0,7832.60468
2026-09-15 02:52:00,0.721,0.7216,0.721,0.7215,6442.8,4647.04822
2026-09-15 02:53:00,0.7216,0.722,0.7216,0.722,16392.5,11832.57672
2026-09-15 02:54:00,0.722,0.722,0.7217,0.722,21183.3,15291.30431
2026-09-15 02:55:00,0.722,0.7229,0.722,0.7229,33454.7,24172.3805
2026-09-15 02:56:00,0.723,0.723,0.7214,0.7223,133170.0,96167.59951
2026-09-15 02:57:00,0.7223,0.7224,0.7221,0.7221,10102.1,7295.37805
2026-09-15 02:58:00,0.7221,0.7221,0.7215,0.7215,7110.7,5132.9728
2026-09-15 02:59:00,0.7214,0.7214,0.7213,0.7213,1347.8,972.26205
2026-09-15 03:00:00,0.7213,0.7213,0.7205,0.7206,11316.7,8159.16134
2026-09-15 03:01:00,0.7206,0.7209,0.7202,0.7202,36478.6,26282.7738
2026-09-15 03:02:00,0.7201,0.7201,0.7191,0.7195,34581.1,24882.95135
2026-09-15 03:03:00,0.7194,0.7207,0.7188,0.7203,89953.2,64758.30974
2026-09-15 03:04:00,0.7203,0.7206,0.7195,0.7197,33060.9,23804.70969
2026-09-15 03:05:00,0.7198,0.7203,0.7196,0.7196,16566.0,11927.88856
2026-09-15 03:06:00,0.7197,0.7197,0.719,0.7192,9940.0,7150.70175
2026-09-15 03:07:00,0.7192,0.7201,0.7186,0.72,23270.6,16737.64169
2026-09-15 03:08:00,0.7199,0.72,0.7192,0.7194,17195.8,12375.68576
2026-09-15 03:09:00,0.7195,0.7195,0.7187,0.719,33187.4,23861.76214
2026-09-15 03:10:00,0.7191,0.7194,0.718,0.7185,67084.9,48210.77017
2026-09-15 03:11:00,0.7185,0.7186,0.7173,0.7175,33449.0,24017.17601
2026-09-15 03:12:00,0.7176,0.7178,0.7171,0.7172,33489.8,24028.10253
2026-09-15 03:13:00,0.7172,0.7176,0.7167,0.7168,49446.4,35456.41415
2026-09-15 03:14:00,0.7168,0.717,0.7164,0.7167,13098.8,9387.67427
2026-09-15 03:15:00,0.7167,0.7167,0.7156,0.716,78990.8,56572.08159
2026-09-15 03:16:00,0.716,0.7163,0.7151,0.7153,55348.6,39603.29656
2026-09-15 03:17:00,0.7154,0.7159,0.7154,0.7157,36014.0,25773.7078
2026-09-15 03:18:00,0.7156,0.7162,0.7153,0.7162,70092.9,50161.14325
2026-09-15 03:19:00,0.7162,0.7165,0.7162,0.7163,14294.4,10239.21599
2026-09-15 03:20:00,0.7162,0.717,0.7159,0.7169,26605.6,19060.32002
2026-09-15 03:21:00,0.7169,0.7171,0.7168,0.717,5600.7,4015.36024
2026-09-15 03:22:00,0.7169,0.717,0.7164,0.717,17587.9,12607.46627
2026-09-15 03:23:00,0.717,0.7176,0.717,0.7172,23926.0,17162.14453
2026-09-15 03:24:00,0.7173,0.7174,0.717,0.7173,12671.6,9088.7109
2026-09-15 03:25:00,0.7172,0.7177,0.7172,0.7176,4585.0,3289.78767
2026-09-15 03:26:00,0.7175,0.7175,0.7164,0.7167,40489.8,29020.77812
2026-09-15 03:27:00,0.7167,0.717,0.7166,0.7167,23965.6,17177.44876
2026-09-15 03:28:00,0.7167,0.7167,0.7164,0.7166,26539.5,19017.09009
2026-09-15 03:29:00,0.7166,0.7168,0.7166,0.7168,3910.3,2802.49226
2026-09-15 03:30:00,0.7168,0.717,0.7165,0.717,25608.6,18353.35383
2026-09-15 03:31:00,0.717,0.7172,0.7169,0.7171,13291.7,9529.99319
2026-09-15 03:32:00,0.7172,0.7183,0.7172,0.7182,16908.8,12137.57553
2026-09-15 03:33:00,0.7182,0.7189,0.7181,0.7189,6195.2,4451.77431
2026-09-15 03:34:00,0.7188,0.7189,0.7185,0.7188,5760.8,4140.44327
2026-09-15 03:35:00,0.7188,0.7192,0.7186,0.7188,64274.9,46200.44829
2026-09-15 03:36:00,0.7187,0.7192,0.7178,0.7191,375850.8,269934.82883
2026-09-15 03:37:00,0.7191,0.7192,0.7189,0.7189,17501.2,12584.66791
2026-09-15 03:38:00,0.7189,0.7194,0.7189,0.7194,15072.0,10837.91203
2026-09-15 03:39:00,0.7194,0.7194,0.7186,0.7186,11042.6,7939.12506
2026-09-15 03:40:00,0.7186,0.7186,0.7184,0.7185,1114.1,800.42938
2026-09-15 03:41:00,0.7185,0.7186,0.7184,0.7186,699.8,502.77633
2026-09-15 03:42:00,0.7185,0.7185,0.7179,0.718,33459.2,24024.84541
2026-09-15 03:43:00,0.718,0.7181,0.7178,0.7179,3777.6,2712.03665
2026-09-15 03:44:00,0.7179,0.7184,0.7179,0.7184,7263.9,5216.3114
2026-09-15 03:45:00,0.7183,0.7183,0.7177,0.7179,7440.8,5342.09275
2026-09-15 03:46:00,0.7179,0.7181,0.7177,0.718,8804.5,6321.67353
2026-09-15 03:47:00,0.7179,0.7179,0.7173,0.7173,32350.7,23217.6466
2026-09-15 03:48:00,0.7172,0.7172,0.7168,0.717,15132.0,10850.60264
2026-09-15 03:49:00,0.717,0.7171,0.7167,0.7167,4280.2,3068.34709
2026-09-15 03:50:00,0.7167,0.7167,0.7163,0.7164,23828.0,17075.12845
2026-09-15 03:51:00,0.7164,0.7177,0.7163,0.7171,86792.4,62244.28238
2026-09-15 03:52:00,0.7171,0.7171,0.7167,0.7168,7340.7,5262.37593
2026-09-15 03:53:00,0.7167,0.7168,0.7166,0.7167,2014.8,1443.91607
2026-09-15 03:54:00,0.7166,0.7169,0.7158,0.7158,19655.7,14083.33575
2026-09-15 03:55:00,0.7159,0.7166,0.7159,0.7164,12529.8,8972.7955
2026-09-15 03:56:00,0.7163,0.7163,0.7158,0.7159,16927.9,12120.44352
2026-09-15 03:57:00,0.7159,0.7161,0.7159,0.7159,2442.4,1748.68663
2026-09-15 03:58:00,0.716,0.7161,0.7159,0.7161,3996.7,2861.69533
2026-09-15 03:59:00,0.716,0.7163,0.7158,0.7163,7126.5,5102.92332
2026-09-15 04:00:00,0.7163,0.7168,0.7158,0.7165,22205.6,15908.73153
2026-09-15 04:01:00,0.7165,0.7167,0.7164,0.7166,8312.2,5955.7413
2026-09-15 04:02:00,0.7167,0.7169,0.7167,0.7168,8286.2,5939.40086
2026-09-15 04:03:00,0.7167,0.7167,0.7164,0.7167,13337.9,9557.3688
2026-09-15 04:04:00,0.7167,0.7175,0.7167,0.7175,14175.5,10166.18079
2026-09-15 04:05:00,0.7176,0.7178,0.7176,0.7178,5242.1,3762.15484
2026-09-15 04:06:00,0.7178,0.718,0.7176,0.718,16303.5,11701.88553
2026-09-15 04:07:00,0.7179,0.7179,0.7158,0.7159,122519.5,87803.58435
2026-09-15 04:08:00,0.7158,0.7165,0.7157,0.7159,33074.5,23684.14149
2026-09-15 04:09:00,0.7158,0.7159,0.7152,0.7157,38948.2,27869.6522
2026-09-15 04:10:00,0.7157,0.7159,0.7154,0.7155,12086.1,8648.74412
2026-09-15 04:11:00,0.7154,0.7155,0.7152,0.7152,24912.7,17818.84218
2026-09-15 04:12:00,0.7152,0.7152,0.7124,0.7138,337816.3,241125.71556
2026-09-15 04:13:00,0.7138,0.7145,0.7138,0.7145,30887.4,22054.87587
2026-09-15 04:14:00,0.7144,0.7145,0.7141,0.7142,13954.1,9967.62334
2026-09-15 04:15:00,0.7142,0.7146,0.7142,0.7143,23596.7,16857.92398
2026-09-15 04:16:00,0.7144,0.7148,0.7143,0.7148,6761.0,4830.90515
2026-09-15 04:17:00,0.7148,0.7148,0.7143,0.7145,14137.1,10102.0399
2026-09-15 04:18:00,0.7144,0.7147,0.7142,0.7144,16142.8,11533.42059
2026-09-15 04:19:00,0.7145,0.7148,0.7145,0.7147,5799.1,4144.06173
2026-09-15 04:20:00,0.7148,0.7151,0.7148,0.715,38642.4,27629.00996
2026-09-15 04:21:00,0.715,0.7151,0.7146,0.7146,11802.4,8438.5011
2026-09-15 04:22:00,0.7147,0.7147,0.7143,0.7143,16501.3,11789.93087
2026-09-15 04:23:00,0.7143,0.7145,0.714,0.7142,27385.8,19559.89392
2026-09-15 04:24:00,0.7141,0.7141,0.7137,0.7137,21272.6,15187.62691
2026-09-15 04:25:00,0.7137,0.7137,0.7133,0.7133,25673.3,18317.18308
2026-09-15 04:26:00,0.7133,0.7134,0.7127,0.7132,179153.9,127736.0018
2026-09-15 04:27:00,0.7132,0.7134,0.7131,0.7133,12660.0,9030.59603
2026-09-15 04:28:00,0.7133,0.7136,0.713,0.7136,15332.3,10936.17592
2026-09-15 04:29:00,0.7137,0.7139,0.7126,0.713,97857.6,69805.26372
2026-09-15 04:30:00,0.713,0.7139,0.713,0.7138,42878.6,30586.77053
2026-09-15 04:31:00,0.7138,0.7139,0.7136,0.7138,5961.4,4254.64233
2026-09-15 04:32:00,0.7138,0.714,0.7133,0.7136,23338.6,16655.51356
2026-09-15 04:33:00,0.7135,0.7135,0.7124,0.7124,49970.7,35607.73502
2026-09-15 04:34:00,0.7125,0.7131,0.7111,0.713,190163.4,135439.76417
2026-09-15 04:35:00,0.713,0.7135,0.7127,0.7131,40294.0,28732.20081
2026-09-15 04:36:00,0.7131,0.7132,0.7127,0.7129,40271.8,28712.99075
2026-09-15 04:37:00,0.713,0.713,0.7124,0.7127,16223.7,11562.83973
2026-09-15 04:38:00,0.7127,0.7134,0.7126,0.7133,12026.2,8574.00209
2026-09-15 04:39:00,0.7133,0.7142,0.7126,0.7135,84538.8,60307.97615
2026-09-15 04:40:00,0.7135,0.7137,0.7134,0.7136,13452.6,9599.19609
2026-09-15 04:41:00,0.7137,0.7141,0.7137,0.7141,18054.5,12890.36522
2026-09-15 04:42:00,0.7141,0.7145,0.7141,0.7144,10246.6,7319.68305
2026-09-15 04:43:00,0.7144,0.7145,0.7142,0.7142,3741.7,2673.02946
2026-09-15 04:44:00,0.7141,0.7143,0.7139,0.7142,20581.4,14696.53498
2026-09-15 04:45:00,0.7142,0.7143,0.714,0.714,25076.4,17908.16902
2026-09-15 04:46:00,0.7141,0.7153,0.7141,0.715,74691.3,53393.86795
2026-09-15 04:47:00,0.7151,0.7151,0.7146,0.7148,12307.4,8797.36708
2026-09-15 04:48:00,0.7149,0.715,0.7148,0.715,16332.8,11676.38213
2026-09-15 04:49:00,0.715,0.715,0.7144,0.7144,6488.8,4637.3985
2026-09-15 04:50:00,0.7145,0.7148,0.7143,0.7143,13090.7,9355.13405
2026-09-15 04:51:00,0.7143,0.7143,0.7138,0.7138,13012.5,9292.00874
2026-09-15 04:52:00,0.7139,0.7142,0.7139,0.7142,22323.8,15939.48874
2026-09-15 04:53:00,0.7141,0.7142,0.7139,0.7141,14413.5,10291.3136
2026-09-15 04:54:00,0.7142,0.7142,0.7137,0.7137,31261.1,22320.92097
2026-09-15 04:55:00,0.7136,0.714,0.7136,0.7137,16904.0,12067.02077
2026-09-15 04:56:00,0.7137,0.7137,0.7133,0.7133,5438.9,3879.78303
2026-09-15 04:57:00,0.7133,0.7137,0.7131,0.7133,30041.5,21433.20509
2026-09-15 04:58:00,0.7132,0.7133,0.713,0.7131,21961.1,15660.33838
2026-09-15 04:59:00,0.7131,0.7132,0.7127,0.7128,16487.8,11757.00123
2026-09-15 05:00:00,0.7127,0.7127,0.7124,0.7126,19443.1,13854.39639
2026-09-15 05:01:00,0.7125,0.7127,0.7124,0.7127,7217.4,5142.84924
2026-09-15 05:02:00,0.7128,0.7132,0.7125,0.7126,20251.8,14436.59334
2026-09-15 05:03:00,0.7125,0.7125,0.7123,0.7123,7169.7,5107.55724
2026-09-15 05:04:00,0.7123,0.7124,0.7121,0.7121,8658.4,6167.12849
2026-09-15 05:05:00,0.7121,0.7127,0.7121,0.7126,22419.3,15969.2318
2026-09-15 05:06:00,0.7125,0.7125,0.7117,0.7117,10555.4,7515.43725
2026-09-15 05:07:00,0.7116,0.7119,0.7114,0.7114,29347.4,20886.53776
2026-09-15 05:08:00,0.7114,0.7123,0.7112,0.7119,30051.3,21392.35955
2026-09-15 05:09:00,0.7119,0.7119,0.7112,0.7112,24458.2,17397.90932
2026-09-15 05:10:00,0.7112,0.7112,0.7087,0.7101,191796.3,136185.19854
2026-09-15 05:11:00,0.7102,0.7109,0.7102,0.7106,36582.1,25993.11303
2026-09-15 05:12:00,0.7106,0.7108,0.71,0.7107,30689.0,21801.08006
2026-09-15 05:13:00,0.7106,0.7116,0.7087,0.7091,175718.4,124818.3531
2026-09-15 05:14:00,0.7091,0.7096,0.7082,0.7094,80604.7,57130.03737
2026-09-15 05:15:00,0.7094,0.7096,0.7086,0.7093,34639.3,24560.68649
2026-09-15 05:16:00,0.7092,0.7092,0.7078,0.7083,43407.7,30738.50843
2026-09-15 05:17:00,0.7082,0.7082,0.7068,0.7068,24234.8,17148.30571
2026-09-15 05:18:00,0.7069,0.7071,0.7057,0.7065,157506.4,111239.49894
2026-09-15 05:19:00,0.7065,0.7069,0.7057,0.7061,41851.0,29557.68775
2026-09-15 05:20:00,0.7061,0.7074,0.7061,0.7074,81421.5,57521.8253
2026-09-15 05:21:00,0.7074,0.7078,0.7073,0.7075,36060.6,25514.38684
2026-09-15 05:22:00,0.7074,0.7076,0.7057,0.7068,151896.9,107332.05085
2026-09-15 05:23:00,0.7068,0.707,0.7065,0.7065,47666.6,33690.73414
2026-09-15 05:24:00,0.7065,0.7069,0.7062,0.7063,29152.9,20596.65857
2026-09-15 05:25:00,0.7063,0.7066,0.7063,0.7066,17877.7,12629.43267
2026-09-15 05:26:00,0.7066,0.7075,0.7066,0.7075,14003.0,9898.41944
2026-09-15 05:27:00,0.7076,0.7079,0.7076,0.7078,17297.9,12241.83345
2026-09-15 05:28:00,0.7078,0.7083,0.7078,0.7082,12164.1,8613.00391
2026-09-15 05:29:00,0.7083,0.7083,0.7078,0.7078,50852.3,36011.10926
2026-09-15 05:30:00,0.7077,0.708,0.7076,0.708,9173.2,6492.39356
2026-09-15 05:31:00,0.7079,0.7079,0.7073,0.7074,19206.1,13588.25217
2026-09-15 05:32:00,0.7075,0.7075,0.7072,0.7073,7616.1,5386.40022
2026-09-15 05:33:00,0.7073,0.7082,0.7071,0.7081,23198.1,16411.76912
2026-09-15 05:34:00,0.7082,0.7082,0.7074,0.7078,10246.6,7252.18911
2026-09-15 05:35:00,0.7077,0.7077,0.7073,0.7076,11543.0,8166.26249
2026-09-15 05:36:00,0.7076,0.7079,0.7075,0.7078,12174.8,8615.82342
2026-09-15 05:37:00,0.7077,0.7077,0.7074,0.7075,13262.2,9384.20254
2026-09-15 05:38:00,0.7075,0.7081,0.7072,0.7072,86894.2,61509.21252
2026-09-15 05:39:00,0.7072,0.7075,0.7069,0.7071,43565.3,30808.26906
2026-09-15 05:40:00,0.7073,0.7079,0.7073,0.7079,16712.1,11827.24861
2026-09-15 05:41:00,0.7078,0.7082,0.7076,0.7082,29761.5,21066.91538
2026-09-15 05:42:00,0.7083,0.7084,0.7076,0.7078,29536.8,20910.40717
2026-09-15 05:43:00,0.7078,0.708,0.7076,0.7077,13358.2,9455.05038
2026-09-15 05:44:00,0.7077,0.7084,0.7077,0.7083,17991.8,12738.65513
2026-09-15 05:45:00,0.7083,0.7092,0.7083,0.7088,22508.7,15953.93979
2026-09-15 05:46:00,0.7088,0.7093,0.7088,0.709,17995.3,12758.44014
2026-09-15 05:47:00,0.7091,0.7091,0.7088,0.7089,8063.2,5716.67251
2026-09-15 05:48:00,0.7089,0.7097,0.7089,0.7097,11374.9,8068.15091
2026-09-15 05:49:00,0.7097,0.7102,0.7096,0.7096,24140.6,17138.01362
2026-09-15 05:50:00,0.7096,0.7104,0.7096,0.7104,18045.5,12809.29003
2026-09-15 05:51:00,0.7104,0.7114,0.7104,0.711,63299.8,45010.31005
2026-09-15 05:52:00,0.711,0.7121,0.711,0.7114,46296.1,32945.4256
2026-09-15 05:53:00,0.7114,0.712,0.7114,0.712,10625.5,7562.62123
2026-09-15 05:54:00,0.712,0.7124,0.712,0.7123,9782.6,6967.34632
2026-09-15 05:55:00,0.7123,0.7126,0.7119,0.7122,16810.9,11974.14946
2026-09-15 05:56:00,0.7121,0.7122,0.7116,0.7122,11812.3,8409.48259
2026-09-15 05:57:00,0.7122,0.7127,0.7122,0.7124,12515.3,8916.26509
2026-09-15 05:58:00,0.7124,0.7124,0.712,0.712,4732.3,3370.23915
2026-09-15 05:59:00,0.712,0.712,0.7117,0.7118,12432.3,8850.20622
2026-09-15 06:00:00,0.7118,0.7124,0.7118,0.7119,61219.8,43599.70645
2026-09-15 06:01:00,0.7119,0.7126,0.7119,0.7126,12105.7,8622.96019
2026-09-15 06:02:00,0.7126,0.7131,0.7126,0.7129,21561.9,15370.30691
2026-09-15 06:03:00,0.7129,0.7129,0.7125,0.7128,29405.7,20959.39679
2026-09-15 06:04:00,0.7128,0.7131,0.7128,0.7131,20382.8,14531.32434
2026-09-15 06:05:00,0.7131,0.7131,0.7124,0.7124,6041.8,4306.91437
2026-09-15 06:06:00,0.7124,0.7125,0.7121,0.7121,10652.0,7587.65075
2026-09-15 06:07:00,0.7121,0.7124,0.7119,0.7124,6041.0,4301.45011
2026-09-15 06:08:00,0.7123,0.7123,0.7121,0.7121,647.4,461.04993
2026-09-15 06:09:00,0.7121,0.7122,0.7117,0.7117,8968.2,6384.87998
2026-09-15 06:10:00,0.7116,0.7116,0.7113,0.7113,7013.2,4988.87559
2026-09-15 06:11:00,0.7113,0.7113,0.7109,0.7111,59625.6,42388.38014
2026-09-15 06:12:00,0.7111,0.7115,0.7111,0.7111,13328.6,9480.98759
2026-09-15 06:13:00,0.7111,0.7114,0.711,0.7112,9592.3,6821.50396
2026-09-15 06:14:00,0.7112,0.7113,0.711,0.7111,1241.3,882.77179
2026-09-15 06:15:00,0.7111,0.7116,0.7111,0.7113,21529.8,15316.08096
2026-09-15 06:16:00,0.7114,0.7114,0.7113,0.7113,5726.2,4073.06011
2026-09-15 06:17:00,0.7113,0.7114,0.7113,0.7114,13775.9,9799.20429
2026-09-15 06:18:00,0.7115,0.7115,0.7113,0.7113,14647.8,10419.95872
2026-09-15 06:19:00,0.7113,0.7113,0.7111,0.7111,3294.6,2342.87768
2026-09-15 06:20:00,0.711,0.711,0.7105,0.7106,46670.7,33168.88661
2026-09-15 06:21:00,0.7106,0.7106,0.7102,0.7102,8962.3,6367.82293
2026-09-15 06:22:00,0.7102,0.7103,0.7099,0.7102,14305.0,10158.83281
2026-09-15 06:23:00,0.7102,0.7103,0.7101,0.7101,6715.1,4768.97866
2026-09-15 06:24:00,0.7101,0.7101,0.7094,0.7094,4807.1,3411.09504
2026-09-15 06:25:00,0.7095,0.7098,0.7094,0.7096,20899.4,14830.53801
2026-09-15 06:26:00,0.7096,0.7096,0.7086,0.7089,40316.8,28581.69571
2026-09-15 06:27:00,0.709,0.709,0.708,0.7086,73206.2,51848.89134
2026-09-15 06:28:00,0.7085,0.7085,0.708,0.7084,71259.7,50467.4185
2026-09-15 06:29:00,0.7085,0.7086,0.7084,0.7085,2392.5,1695.14914
2026-09-15 06:30:00,0.7085,0.7088,0.7082,0.7082,38476.0,27262.19883
2026-09-15 06:31:00,0.7082,0.7084,0.7079,0.7084,6643.9,4704.80765
2026-09-15 06:32:00,0.7083,0.7094,0.7082,0.7093,40282.6,28550.85591
2026-09-15 06:33:00,0.7092,0.7092,0.7088,0.7088,5557.4,3940.38273
2026-09-15 06:34:00,0.7088,0.7099,0.7087,0.7094,45629.4,32371.15603
2026-09-15 06:35:00,0.7094,0.7097,0.7092,0.7094,15286.4,10844.7371
2026-09-15 06:36:00,0.7093,0.7095,0.7091,0.7095,5197.8,3686.86304
2026-09-15 06:37:00,0.7094,0.7097,0.7094,0.7097,3946.9,2800.61495
2026-09-15 06:38:00,0.7097,0.7099,0.7096,0.7098,9023.9,6404.63829
2026-09-15 06:39:00,0.7097,0.7097,0.7083,0.7083,59451.0,42143.85042
2026-09-15 06:40:00,0.7083,0.7084,0.7082,0.7084,5426.5,3843.57857
2026-09-15 06:41:00,0.7083,0.7084,0.7081,0.7082,4573.6,3239.01468
2026-09-15 06:42:00,0.7082,0.709,0.7082,0.7089,29307.6,20764.42073
2026-09-15 06:43:00,0.7088,0.7088,0.7084,0.7084,8404.3,5955.67614
2026-09-15 06:44:00,0.7083,0.7098,0.7083,0.7091,63240.6,44838.14205
2026-09-15 06:45:00,0.7091,0.7096,0.7089,0.7089,21088.8,14955.59217
2026-09-15 06:46:00,0.7089,0.7091,0.7087,0.7089,18776.2,13311.12929
2026-09-15 06:47:00,0.7088,0.7088,0.7086,0.7086,2526.3,1790.17264
2026-09-15 06:48:00,0.7086,0.7086,0.7083,0.7084,4802.1,3401.85234
2026-09-15 06:49:00,0.7085,0.7088,0.7085,0.7087,18432.0,13061.85039
2026-09-15 06:50:00,0.7088,0.7091,0.7074,0.7077,66408.5,47039.55784
2026-09-15 06:51:00,0.7076,0.7079,0.7074,0.7077,20845.8,14749.8889
2026-09-15 06:52:00,0.7077,0.7077,0.707,0.7072,24906.2,17615.32235
2026-09-15 06:53:00,0.7072,0.7072,0.7063,0.7065,34346.5,24272.291
2026-09-15 06:54:00,0.7064,0.7071,0.7064,0.7066,37938.0,26814.62899
2026-09-15 06:55:00,0.7067,0.7068,0.7062,0.7064,7495.1,5294.99702
2026-09-15 06:56:00,0.7064,0.708,0.7061,0.708,122144.0,86362.80463
2026-09-15 06:57:00,0.708,0.7083,0.7078,0.7083,14326.5,10144.4571
2026-09-15 06:58:00,0.7082,0.7082,0.708,0.708,1837.7,1301.28492
2026-09-15 06:59:00,0.708,0.7084,0.708,0.7084,5169.5,3660.96396
2026-09-15 07:00:00,0.7085,0.7088,0.7084,0.7088,3858.8,2734.62143
2026-09-15 07:01:00,0.7087,0.7091,0.7085,0.709,41817.4,29637.48184
2026-09-15 07:02:00,0.7089,0.7093,0.7074,0.7075,157472.1,111601.0957
2026-09-15 07:03:00,0.7075,0.708,0.7073,0.7078,43054.4,30469.82212
2026-09-15 07:04:00,0.7079,0.7086,0.7079,0.7086,15594.4,11045.2642
2026-09-15 07:05:00,0.7086,0.7088,0.7079,0.7079,87569.7,62039.25746
2026-09-15 07:06:00,0.708,0.7082,0.7076,0.7076,40667.7,28794.88679
2026-09-15 07:07:00,0.7076,0.7076,0.707,0.7071,16965.9,12000.12431
2026-09-15 07:08:00,0.7072,0.7075,0.707,0.7073,38578.4,27281.84811
2026-09-15 07:09:00,0.7072,0.708,0.707,0.708,24758.8,17517.86765
2026-09-15 07:10:00,0.7081,0.7082,0.7071,0.7071,34092.8,24129.3454
2026-09-15 07:11:00,0.7071,0.7074,0.7059,0.7065,519016.1,366501.29656
2026-09-15 07:12:00,0.7064,0.7066,0.7062,0.7065,43871.7,30990.80992
2026-09-15 07:13:00,0.7065,0.7081,0.7065,0.7077,144700.3,102359.51792
2026-09-15 07:14:00,0.7078,0.708,0.7073,0.708,28492.4,20160.44114
2026-09-15 07:15:00,0.708,0.7089,0.708,0.7089,23712.2,16796.94889
2026-09-15 07:16:00,0.7088,0.709,0.7083,0.7085,67511.6,47849.36465
2026-09-15 07:17:00,0.7084,0.7091,0.7077,0.709,31245.0,22136.77405
2026-09-15 07:18:00,0.709,0.7097,0.709,0.7097,18078.1,12824.52615
2026-09-15 07:19:00,0.7097,0.7097,0.7095,0.7097,21480.1,15242.50472
2026-09-15 07:20:00,0.7098,0.7108,0.7097,0.7108,53725.8,38163.2337
2026-09-15 07:21:00,0.7108,0.7109,0.7093,0.7098,124654.7,88547.56881
2026-09-15 07:22:00,0.7098,0.7101,0.7098,0.7099,48625.1,34518.92913
2026-09-15 07:23:00,0.7099,0.7104,0.7098,0.7102,46218.9,32818.25409
2026-09-15 07:24:00,0.7103,0.7105,0.7102,0.7105,10844.4,7702.60932
2026-09-15 07:25:00,0.7105,0.7106,0.7101,0.7103,33891.8,24076.31258
2026-09-15 07:26:00,0.7103,0.7108,0.71,0.7105,130132.0,92453.18484
2026-09-15 07:27:00,0.7105,0.7109,0.7103,0.7107,51521.5,36606.71719
2026-09-15 07:28:00,0.7107,0.7107,0.7106,0.7107,3316.3,2356.73322
2026-09-15 07:29:00,0.7106,0.7108,0.7102,0.7102,39030.9,27734.8481
2026-09-15 07:30:00,0.7103,0.7106,0.7099,0.7099,85007.7,60372.40823
2026-09-15 07:31:00,0.7098,0.7098,0.7093,0.7094,27512.0,19523.3413
2026-09-15 07:32:00,0.7094,0.7094,0.7088,0.709,31889.0,22610.48196
2026-09-15 07:33:00,0.709,0.709,0.7089,0.7089,5082.9,3603.77446
2026-09-15 07:34:00,0.7089,0.7089,0.7079,0.708,39026.6,27648.51082
2026-09-15 07:35:00,0.7079,0.7094,0.707,0.7093,233697.4,165536.38031
2026-09-15 07:36:00,0.7093,0.7093,0.7085,0.7092,36626.2,25961.10489
2026-09-15 07:37:00,0.7092,0.7092,0.7089,0.7089,19177.9,13597.12614
2026-09-15 07:38:00,0.7089,0.7089,0.7078,0.7081,16638.9,11787.29115
2026-09-15 07:39:00,0.7082,0.7084,0.7077,0.7078,39188.5,27748.77761
2026-09-15 07:40:00,0.7077,0.7084,0.7076,0.7083,11741.7,8312.76986
2026-09-15 07:41:00,0.7083,0.7083,0.7072,0.7072,40954.4,28986.65488
2026-09-15 07:42:00,0.7072,0.7072,0.7059,0.7062,66402.9,46919.54542
2026-09-15 07:43:00,0.7062,0.7067,0.7062,0.7065,26288.0,18571.21035
2026-09-15 07:44:00,0.7065,0.7067,0.7063,0.7066,24989.3,17653.57013
2026-09-15 07:45:00,0.7065,0.7077,0.7057,0.7072,127991.9,90440.37447
2026-09-15 07:46:00,0.7073,0.7073,0.7066,0.7067,27109.1,19165.13425
2026-09-15 07:47:00,0.7067,0.7072,0.7066,0.7067,33003.3,23331.20264
2026-09-15 07:48:00,0.7067,0.7069,0.7062,0.7069,33532.5,23693.92502
2026-09-15 07:49:00,0.7069,0.7069,0.7061,0.7064,17998.3,12718.42402
2026-09-15 07:50:00,0.7063,0.7063,0.7056,0.7056,56364.6,39785.68149
2026-09-15 07:51:00,0.7056,0.7057,0.7051,0.7053,36448.5,25708.51466
2026-09-15 07:52:00,0.7052,0.7059,0.7051,0.7051,83293.7,58757.30232
2026-09-15 07:53:00,0.7052,0.7054,0.7048,0.7049,80367.4,56660.65871
2026-09-15 07:54:00,0.7048,0.7056,0.7048,0.7051,51360.3,36218.25706
2026-09-15 07:55:00,0.7052,0.7052,0.7048,0.7051,32862.9,23168.69239
2026-09-15 07:56:00,0.7051,0.7053,0.7044,0.7048,91261.0,64318.97672
2026-09-15 07:57:00,0.7048,0.705,0.7047,0.7048,21463.0,15127.7531
2026-09-15 07:58:00,0.7048,0.7052,0.7047,0.7052,28250.9,19915.56473
2026-09-15 07:59:00,0.7051,0.7054,0.705,0.7051,38018.9,26809.65312
2026-09-15 08:00:00,0.7052,0.7053,0.7045,0.7045,49384.2,34815.00804
2026-09-15 08:01:00,0.7045,0.7045,0.7039,0.704,54715.5,38530.70479
2026-09-15 08:02:00,0.704,0.704,0.7032,0.7032,32190.9,22648.89891
2026-09-15 08:03:00,0.7033,0.705,0.7031,0.7043,109929.8,77413.06872
2026-09-15 08:04:00,0.7043,0.7043,0.7038,0.7043,37523.9,26420.35186
2026-09-15 08:05:00,0.7043,0.7046,0.7042,0.7046,29030.6,20449.7763
2026-09-15 08:06:00,0.7047,0.7047,0.704,0.704,20849.5,14683.48762
2026-09-15 08:07:00,0.7041,0.7043,0.704,0.7041,15238.6,10730.30004
2026-09-15 08:08:00,0.704,0.704,0.7027,0.7031,125936.8,88582.08428
2026-09-15 08:09:00,0.7031,0.7035,0.703,0.7035,36282.5,25518.49812
2026-09-15 08:10:00,0.7035,0.7037,0.7031,0.7032,37879.6,26643.85071
2026-09-15 08:11:00,0.7032,0.7036,0.7025,0.7031,69657.9,48980.80298
2026-09-15 08:12:00,0.7031,0.7037,0.7029,0.7036,29419.5,20686.99744
2026-09-15 08:13:00,0.7036,0.7048,0.7036,0.7046,45738.1,32215.87975
2026-09-15 08:14:00,0.7045,0.7053,0.7043,0.7053,18497.0,13038.19854
2026-09-15 08:15:00,0.7054,0.7062,0.7054,0.7055,71246.6,50279.25561
2026-09-15 08:16:00,0.7055,0.7055,0.7041,0.7041,26217.1,18471.82037
2026-09-15 08:17:00,0.7041,0.7048,0.7039,0.7043,40012.7,28182.96488
2026-09-15 08:18:00,0.7043,0.7054,0.7043,0.7054,16954.4,11947.59803
2026-09-15 08:19:00,0.7055,0.7055,0.7053,0.7054,30530.5,21537.11674
2026-09-15 08:20:00,0.7054,0.7065,0.7054,0.7059,34620.8,24446.53164
2026-09-15 08:21:00,0.7059,0.7061,0.7049,0.7051,33277.4,23477.86337
2026-09-15 08:22:00,0.7051,0.7061,0.7049,0.706,42260.3,29805.57104
2026-09-15 08:23:00,0.706,0.7062,0.7057,0.706,36620.3,25855.64839
2026-09-15 08:24:00,0.7059,0.7061,0.7058,0.7059,22616.3,15966.46415
2026-09-15 08:25:00,0.7058,0.7059,0.7054,0.7058,36546.3,25790.39998
2026-09-15 08:26:00,0.7057,0.7062,0.7055,0.7061,26407.7,18640.1627
2026-09-15 08:27:00,0.7061,0.7063,0.7059,0.7061,19721.6,13925.20628
2026-09-15 08:28:00,0.706,0.7062,0.7056,0.7059,26704.0,18848.09478
2026-09-15 08:29:00,0.7059,0.706,0.7055,0.7056,27143.1,19157.42643
2026-09-15 08:30:00,0.7056,0.7067,0.7053,0.7061,82212.9,58058.72729
2026-09-15 08:31:00,0.7061,0.7065,0.7058,0.7063,26611.4,18795.30663
2026-09-15 08:32:00,0.7063,0.7064,0.706,0.7064,18719.3,13219.38922
2026-09-15 08:33:00,0.7064,0.7066,0.7063,0.7063,29407.7,20772.69101
2026-09-15 08:34:00,0.7064,0.707,0.7064,0.7067,27695.3,19573.39836
2026-09-15 08:35:00,0.7067,0.7067,0.7062,0.7067,36688.3,25919.45991
2026-09-15 08:36:00,0.7067,0.707,0.7067,0.7067,20798.5,14700.17827
2026-09-15 08:37:00,0.7067,0.7069,0.7066,0.7067,14347.7,10140.17844
2026-09-15 08:38:00,0.7066,0.7068,0.7064,0.7064,23813.1,16827.19709
2026-09-15 08:39:00,0.7065,0.707,0.7065,0.707,14696.6,10386.27416
2026-09-15 08:40:00,0.707,0.7072,0.7068,0.7071,44083.8,31165.95865
2026-09-15 08:41:00,0.707,0.707,0.7068,0.707,8727.0,6168.87124
2026-09-15 08:42:00,0.707,0.7075,0.7069,0.7075,20103.2,14214.3564
2026-09-15 08:43:00,0.7075,0.7077,0.7074,0.7076,12656.6,8955.00547
2026-09-15 08:44:00,0.7076,0.7076,0.707,0.707,14246.5,10075.24222
2026-09-15 08:45:00,0.707,0.7076,0.7069,0.7076,17810.9,12595.56975
2026-09-15 08:46:00,0.7076,0.7081,0.7074,0.7081,26443.8,18714.70249
2026-09-15 08:47:00,0.708,0.7084,0.7079,0.7084,8591.0,6083.50762
2026-09-15 08:48:00,0.7084,0.7094,0.7084,0.7086,99237.7,70325.95929
2026-09-15 08:49:00,0.7086,0.7094,0.7074,0.7078,201653.4,142839.77736
2026-09-15 08:50:00,0.7078,0.7081,0.7073,0.708,90109.1,63764.83198
2026-09-15 08:51:00,0.7079,0.7079,0.7076,0.7076,3569.5,2526.2737
2026-09-15 08:52:00,0.7075,0.7078,0.7074,0.7078,7945.4,5621.96091
2026-09-15 08:53:00,0.7078,0.7085,0.7078,0.708,28366.9,20087.09365
2026-09-15 08:54:00,0.7079,0.7082,0.7079,0.7081,1887.2,1336.27784
2026-09-15 08:55:00,0.7082,0.7087,0.7082,0.7084,19117.6,13544.17622
2026-09-15 08:56:00,0.7084,0.7089,0.7083,0.7085,32858.4,23285.82823
2026-09-15 08:57:00,0.7084,0.7086,0.7083,0.7085,17499.7,12397.94312
2026-09-15 08:58:00,0.7085,0.7087,0.7084,0.7084,6448.0,4568.65456
2026-09-15 08:59:00,0.7085,0.7093,0.7085,0.7092,25332.3,17960.34157
2026-09-15 09:00:00,0.7091,0.7093,0.7083,0.7085,20398.6,14454.79359
2026-09-15 09:01:00,0.7084,0.7087,0.7082,0.7085,29600.8,20970.01607
2026-09-15 09:02:00,0.7085,0.7085,0.7083,0.7085,7099.4,5028.71791
2026-09-15 09:03:00,0.7085,0.7087,0.7084,0.7087,4628.6,3279.71794
2026-09-15 09:04:00,0.7086,0.709,0.7085,0.7087,12169.9,8623.729
2026-09-15 09:05:00,0.7087,0.7087,0.7087,0.7087,4387.1,3109.13777
2026-09-15 09:06:00,0.7088,0.7089,0.7088,0.7089,5671.6,4020.11321
2026-09-15 09:07:00,0.7088,0.7089,0.7083,0.7085,61661.7,43700.80229
2026-09-15 09:08:00,0.7085,0.7087,0.7085,0.7087,12716.6,9011.70887
2026-09-15 09:09:00,0.7087,0.7093,0.7086,0.709,28042.1,19883.22599
2026-09-15 09:10:00,0.709,0.709,0.7086,0.7086,8518.6,6039.09586
2026-09-15 09:11:00,0.7086,0.7091,0.7086,0.709,7695.9,5454.41114
2026-09-15 09:12:00,0.7089,0.7091,0.7087,0.7088,18910.9,13406.28093
2026-09-15 09:13:00,0.7087,0.7087,0.7083,0.7083,3233.5,2290.91258
2026-09-15 09:14:00,0.7084,0.7089,0.7084,0.7088,8029.9,5689.17307
2026-09-15 09:15:00,0.7088,0.7093,0.7087,0.7093,18004.4,12764.49178
2026-09-15 09:16:00,0.7092,0.7094,0.709,0.7091,9191.2,6518.0642
2026-09-15 09:17:00,0.7091,0.7091,0.7085,0.7085,40849.2,28965.13613
2026-09-15 09:18:00,0.7084,0.7085,0.7083,0.7084,3843.4,2722.63138
2026-09-15 09:19:00,0.7083,0.7083,0.7083,0.7083,1166.4,826.16112
2026-09-15 09:20:00,0.7083,0.7091,0.7083,0.7085,82186.4,58257.22328
2026-09-15 09:21:00,0.7086,0.7089,0.7085,0.7089,7084.5,5021.00569
2026-09-15 09:22:00,0.709,0.7092,0.709,0.7091,15112.5,10715.95524
2026-09-15 09:23:00,0.7091,0.7097,0.7089,0.7091,25151.3,17841.76423
2026-09-15 09:24:00,0.7091,0.7094,0.7089,0.7093,16946.8,12015.8756
2026-09-15 09:25:00,0.7093,0.7095,0.709,0.7091,9576.1,6792.53657
2026-09-15 09:26:00,0.7091,0.7093,0.7091,0.7091,6566.1,4656.64236
2026-09-15 09:27:00,0.7092,0.7095,0.7091,0.7092,6792.2,4817.18718
2026-09-15 09:28:00,0.7092,0.7094,0.7092,0.7094,7903.5,5605.77317
2026-09-15 09:29:00,0.7094,0.7105,0.7093,0.7104,71739.3,50932.73666
2026-09-15 09:30:00,0.7103,0.7104,0.71,0.7102,63645.6,45205.47505
2026-09-15 09:31:00,0.7102,0.7103,0.7101,0.7103,7913.1,5619.92664
2026-09-15 09:32:00,0.7104,0.7109,0.7104,0.7109,6612.5,4699.01739
2026-09-15 09:33:00,0.7109,0.7111,0.7106,0.7109,30417.3,21624.12164
2026-09-15 09:34:00,0.711,0.7119,0.7109,0.7119,39931.8,28407.28028
2026-09-15 09:35:00,0.7119,0.7122,0.7115,0.7122,99811.0,71043.20338
2026-09-15 09:36:00,0.7122,0.7124,0.7109,0.7113,135462.0,96439.89525
2026-09-15 09:37:00,0.7113,0.7114,0.7108,0.7108,5379.9,3826.39086
2026-09-15 09:38:00,0.7108,0.7109,0.7108,0.7109,10827.8,7696.78605
2026-09-15 09:39:00,0.7109,0.7113,0.7109,0.7112,5723.8,4069.89452
2026-09-15 09:40:00,0.7112,0.7112,0.7106,0.7106,16829.4,11964.07884
2026-09-15 09:41:00,0.7107,0.7107,0.7106,0.7107,2791.7,1983.87483
2026-09-15 09:42:00,0.7107,0.7108,0.7107,0.7108,7480.0,5316.12749
2026-09-15 09:43:00,0.7107,0.7107,0.7104,0.7104,4768.9,3388.72379
2026-09-15 09:44:00,0.7105,0.7118,0.7104,0.7115,136662.9,97225.18744
2026-09-15 09:45:00,0.7115,0.7121,0.7115,0.712,20497.1,14588.41874
2026-09-15 09:46:00,0.712,0.7121,0.7115,0.7119,31746.5,22595.30348
2026-09-15 09:47:00,0.7118,0.7123,0.7118,0.7122,12771.4,9093.51002
2026-09-15 09:48:00,0.7122,0.7129,0.7122,0.7129,55598.1,39614.89607
2026-09-15 09:49:00,0.7128,0.7134,0.7128,0.7134,11255.7,8026.53794
2026-09-15 09:50:00,0.7133,0.7133,0.7125,0.7129,17133.7,12215.18518
2026-09-15 09:51:00,0.7129,0.7133,0.7129,0.7131,23138.6,16496.69346
2026-09-15 09:52:00,0.713,0.7136,0.713,0.7135,25520.3,18206.28586
2026-09-15 09:53:00,0.7135,0.7139,0.7135,0.7138,24697.0,17625.84097
2026-09-15 09:54:00,0.7138,0.7141,0.7137,0.7138,21483.2,15337.25225
2026-09-15 09:55:00,0.7137,0.7137,0.7118,0.7123,130203.9,92805.4733
2026-09-15 09:56:00,0.7123,0.7125,0.712,0.712,12581.5,8962.0955
2026-09-15 09:57:00,0.712,0.7122,0.7113,0.7114,18885.1,13444.34236
2026-09-15 09:58:00,0.7114,0.7114,0.7108,0.7109,41404.0,29435.94251
2026-09-15 09:59:00,0.7108,0.711,0.7105,0.7109,33305.0,23671.614
2026-09-15 10:00:00,0.7108,0.7114,0.7108,0.7112,28890.8,20542.74842
2026-09-15 10:01:00,0.7112,0.7113,0.7107,0.7108,29562.3,21017.17265
2026-09-15 10:02:00,0.7108,0.7112,0.7106,0.7106,26091.8,18547.56535
2026-09-15 10:03:00,0.7105,0.7129,0.7101,0.7129,106057.5,75434.36622
2026-09-15 10:04:00,0.7129,0.713,0.7122,0.7122,29345.4,20909.19117
2026-09-15 10:05:00,0.7122,0.7122,0.7119,0.712,13027.9,9275.72012
2026-09-15 10:06:00,0.7119,0.712,0.7116,0.7119,18417.8,13109.92132
2026-09-15 10:07:00,0.7119,0.7121,0.7113,0.7117,26220.1,18659.27822
2026-09-15 10:08:00,0.7116,0.7124,0.7116,0.7122,17455.4,12428.887
2026-09-15 10:09:00,0.7121,0.7122,0.712,0.7121,11065.9,7880.05471
2026-09-15 10:10:00,0.712,0.712,0.7112,0.7112,5134.9,3653.13035
2026-09-15 10:11:00,0.7113,0.7119,0.7112,0.7119,18808.3,13384.42014
2026-09-15 10:12:00,0.7118,0.7118,0.7112,0.7113,7365.2,5241.3176
2026-09-15 10:13:00,0.7114,0.7114,0.7108,0.7108,5223.4,3714.73164
2026-09-15 10:14:00,0.7108,0.7109,0.7107,0.7109,4057.4,2883.9301
2026-09-15 10:15:00,0.7109,0.7112,0.7107,0.7112,9202.5,6541.56143
2026-09-15 10:16:00,0.7111,0.7116,0.711,0.711,6228.5,4430.06618
2026-09-15 10:17:00,0.7111,0.7113,0.711,0.7113,4770.1,3391.72833
2026-09-15 10:18:00,0.7112,0.7115,0.711,0.7112,20039.2,14253.03339
2026-09-15 10:19:00,0.7112,0.7112,0.7106,0.7106,6191.0,4401.30641
2026-09-15 10:20:00,0.7106,0.7106,0.7104,0.7105,7752.6,5508.05061
2026-09-15 10:21:00,0.7104,0.7104,0.7097,0.7098,14886.0,10571.46044
2026-09-15 10:22:00,0.7098,0.71,0.7096,0.7097,15206.0,10793.18996
2026-09-15 10:23:00,0.7098,0.7103,0.7098,0.7103,10247.5,7275.29438
2026-09-15 10:24:00,0.7104,0.7107,0.7102,0.7107,22422.1,15929.99183
2026-09-15 10:25:00,0.7106,0.7106,0.7102,0.7102,6132.9,4356.64475
2026-09-15 10:26:00,0.7101,0.7103,0.71,0.7103,3152.1,2238.69263
2026-09-15 10:27:00,0.7103,0.7104,0.7096,0.7096,15162.9,10768.16886
2026-09-15 10:28:00,0.7096,0.7099,0.7096,0.7099,4619.2,3278.23464
2026-09-15 10:29:00,0.7098,0.7099,0.7095,0.7095,36593.2,25969.34139
2026-09-15 10:30:00,0.7095,0.7095,0.7091,0.7091,6345.4,4500.1946
2026-09-15 10:31:00,0.709,0.7092,0.709,0.7092,11257.6,7982.41057
2026-09-15 10:32:00,0.7091,0.7097,0.7091,0.7096,63082.7,44757.49765
2026-09-15 10:33:00,0.7096,0.7105,0.7095,0.7102,61357.4,43566.22864
2026-09-15 10:34:00,0.7102,0.7104,0.7102,0.7104,1559.4,1107.57045
2026-09-15 10:35:00,0.7105,0.7108,0.7105,0.7106,3567.2,2534.93824
2026-09-15 10:36:00,0.7106,0.711,0.7106,0.7109,3931.5,2793.95368
2026-09-15 10:37:00,0.711,0.7113,0.7108,0.7113,38479.4,27361.25914
2026-09-15 10:38:00,0.7113,0.7114,0.7095,0.7098,89753.4,63750.05207
2026-09-15 10:39:00,0.7098,0.7102,0.7097,0.7102,11951.0,8483.55702
2026-09-15 10:40:00,0.7102,0.7103,0.7098,0.7101,20387.8,14476.0721
2026-09-15 10:41:00,0.7102,0.7102,0.7099,0.7099,3923.9,2786.18999
2026-09-15 10:42:00,0.71,0.7105,0.7099,0.7105,22396.0,15908.2353
2026-09-15 10:43:00,0.7105,0.7106,0.7103,0.7103,16466.9,11699.34884
2026-09-15 10:44:00,0.7102,0.7109,0.7102,0.7107,12232.5,8691.09098
2026-09-15 10:45:00,0.7108,0.7108,0.7105,0.7108,20272.4,14406.59563
2026-09-15 10:46:00,0.7108,0.7109,0.7108,0.7109,11035.9,7844.86244
2026-09-15 10:47:00,0.7109,0.7113,0.7108,0.7112,15442.6,10981.64244
2026-09-15 10:48:00,0.7111,0.7111,0.7105,0.7105,5888.7,4185.81913
2026-09-15 10:49:00,0.7105,0.7113,0.7104,0.7113,13064.2,9285.28551
2026-09-15 10:50:00,0.7113,0.7116,0.7111,0.7114,24087.1,17134.00656
2026-09-15 10:51:00,0.7114,0.7119,0.7113,0.7118,17338.0,12338.14097
2026-09-15 10:52:00,0.7119,0.7119,0.7111,0.7111,61353.1,43662.23232
2026-09-15 10:53:00,0.7111,0.7111,0.7106,0.7106,8914.3,6335.85324
2026-09-15 10:54:00,0.7107,0.7107,0.7105,0.7105,5907.5,4197.64402
2026-09-15 10:55:00,0.7105,0.7112,0.7105,0.711,17147.9,12193.28235
2026-09-15 10:56:00,0.711,0.7112,0.7108,0.7109,14570.9,10360.21797
2026-09-15 10:57:00,0.7108,0.7117,0.7108,0.7113,15773.4,11221.72003
2026-09-15 10:58:00,0.7113,0.7113,0.7106,0.7107,5626.4,3999.56051
2026-09-15 10:59:00,0.7107,0.7109,0.7107,0.7108,4522.1,3214.25957
2026-09-15 11:00:00,0.7109,0.7116,0.7106,0.7108,57524.8,40906.64968
2026-09-15 11:01:00,0.7109,0.7114,0.7108,0.7111,25443.2,18093.87879
2026-09-15 11:02:00,0.7111,0.7114,0.711,0.711,16897.2,12017.90856
2026-09-15 11:03:00,0.711,0.711,0.7105,0.7106,12488.8,8875.07254
2026-09-15 11:04:00,0.7105,0.7109,0.7105,0.7109,11128.3,7907.66971
2026-09-15 11:05:00,0.7109,0.711,0.7107,0.711,7026.2,4994.50348
2026-09-15 11:06:00,0.711,0.711,0.7108,0.7109,2041.5,1451.31129
2026-09-15 11:07:00,0.7108,0.7109,0.7107,0.7107,7150.8,5082.75849
2026-09-15 11:08:00,0.7108,0.7113,0.7106,0.7112,11440.5,8133.25555
2026-09-15 11:09:00,0.7112,0.7142,0.7112,0.7127,445745.6,317785.56687
2026-09-15 11:10:00,0.7128,0.7144,0.7127,0.7129,268159.5,191321.37442
2026-09-15 11:11:00,0.7129,0.7145,0.7126,0.7126,115036.2,82061.01619
2026-09-15 11:12:00,0.7126,0.7126,0.7113,0.7114,8233.5,5863.82354
2026-09-15 11:13:00,0.7114,0.7115,0.7111,0.7111,9675.9,6882.27226
2026-09-15 11:14:00,0.7112,0.7112,0.7108,0.711,10153.3,7218.38414
2026-09-15 11:15:00,0.711,0.7113,0.7109,0.711,23352.4,16606.1597
2026-09-15 11:16:00,0.7109,0.7112,0.7109,0.7111,5899.2,4194.80224
2026-09-15 11:17:00,0.7111,0.7116,0.7111,0.7116,16185.1,11512.56431
2026-09-15 11:18:00,0.7116,0.7118,0.71,0.7105,97041.5,68986.30814
2026-09-15 11:19:00,0.7106,0.7109,0.7103,0.7103,22124.6,15724.93979
2026-09-15 11:20:00,0.7102,0.7107,0.7098,0.7102,47974.2,34073.53122
2026-09-15 11:21:00,0.7102,0.7103,0.7094,0.7095,8504.7,6037.3772
2026-09-15 11:22:00,0.7095,0.7096,0.7089,0.7092,54668.1,38763.35845
2026-09-15 11:23:00,0.7092,0.7093,0.7088,0.7088,2716.4,1926.0431
2026-09-15 11:24:00,0.7089,0.709,0.7074,0.7083,47700.4,33775.16322
2026-09-15 11:25:00,0.7083,0.7085,0.7082,0.7083,15570.6,11029.59529
2026-09-15 11:26:00,0.7083,0.7085,0.7081,0.7081,13021.9,9223.23768
2026-09-15 11:27:00,0.7082,0.7082,0.7079,0.7079,12247.1,8672.12483
2026-09-15 11:28:00,0.708,0.708,0.7077,0.7078,5290.3,3744.55741
2026-09-15 11:29:00,0.7078,0.7079,0.7078,0.7079,859.7,608.50559
2026-09-15 11:30:00,0.7078,0.7079,0.7076,0.7076,18605.6,13167.7342
2026-09-15 11:31:00,0.7075,0.7076,0.7071,0.7072,20855.6,14754.26787
2026-09-15 11:32:00,0.7071,0.7071,0.7064,0.7064,24007.2,16961.46081
2026-09-15 11:33:00,0.7064,0.7064,0.7057,0.7057,24316.1,17167.45607
2026-09-15 11:34:00,0.7057,0.7059,0.7054,0.7057,21554.8,15210.10874
2026-09-15 11:35:00,0.7057,0.7061,0.7057,0.7058,9359.5,6606.81013
2026-09-15 11:36:00,0.7059,0.7059,0.7055,0.7056,3242.1,2287.61328
2026-09-15 11:37:00,0.7055,0.7056,0.7054,0.7055,19699.7,13898.33963
2026-09-15 11:38:00,0.7055,0.7055,0.705,0.7051,16483.0,11624.0988
2026-09-15 11:39:00,0.7051,0.7074,0.7051,0.7067,174665.6,123404.38168
2026-09-15 11:40:00,0.7067,0.7067,0.7055,0.7059,18302.7,12922.84058
2026-09-15 11:41:00,0.7059,0.7064,0.7057,0.7059,80093.3,56547.93828
2026-09-15 11:42:00,0.7059,0.7062,0.7059,0.7062,40948.0,28910.0495
2026-09-15 11:43:00,0.7062,0.7065,0.7062,0.7065,13422.4,9480.97154
2026-09-15 11:44:00,0.7064,0.7065,0.706,0.7063,35185.0,24850.14587
2026-09-15 11:45:00,0.7064,0.7064,0.7061,0.7063,2689.0,1898.90239
2026-09-15 11:46:00,0.7064,0.7064,0.7061,0.7061,11393.9,8046.47011
2026-09-15 11:47:00,0.706,0.706,0.7055,0.7056,20056.0,14153.9854
2026-09-15 11:48:00,0.7055,0.7056,0.7054,0.7056,8786.0,6198.73929
2026-09-15 11:49:00,0.7057,0.7057,0.7053,0.7053,6470.4,4565.40142
2026-09-15 11:50:00,0.7054,0.7059,0.7054,0.7056,11627.9,8206.32566
2026-09-15 11:51:00,0.7056,0.7066,0.7056,0.7066,56881.0,40139.9293
2026-09-15 11:52:00,0.7066,0.7066,0.7064,0.7066,6304.9,4453.95867
2026-09-15 11:53:00,0.7066,0.7071,0.7065,0.7066,19598.4,13851.68516
2026-09-15 11:54:00,0.7065,0.7067,0.7064,0.7064,19630.1,13869.90448
2026-09-15 11:55:00,0.7065,0.7069,0.7065,0.7069,5151.4,3640.47783
2026-09-15 11:56:00,0.707,0.7072,0.7069,0.7071,7218.9,5104.37121
2026-09-15 11:57:00,0.7072,0.7075,0.7072,0.7073,5445.6,3851.81778
2026-09-15 11:58:00,0.7074,0.7079,0.7074,0.7075,11037.2,7810.54361
2026-09-15 11:59:00,0.7074,0.7077,0.7073,0.7075,10586.3,7490.53009
2026-09-15 12:00:00,0.7075,0.7081,0.7074,0.7081,11867.6,8397.66033
2026-09-15 12:01:00,0.7082,0.709,0.708,0.7083,44081.3,31234.29249
2026-09-15 12:02:00,0.7083,0.7084,0.7081,0.7081,6232.4,4413.89331
2026-09-15 12:03:00,0.7081,0.7085,0.708,0.7085,4464.2,3161.49935
2026-09-15 12:04:00,0.7085,0.7093,0.7085,0.7093,25252.1,17904.62532
2026-09-15 12:05:00,0.7093,0.7094,0.7082,0.7083,152655.5,108183.85659
2026-09-15 12:06:00,0.7083,0.7083,0.7078,0.7082,6241.5,4418.92395
2026-09-15 12:07:00,0.7081,0.7085,0.7081,0.7084,7779.0,5509.57554
2026-09-15 12:08:00,0.7084,0.7087,0.7084,0.7085,9286.9,6579.81129
2026-09-15 12:09:00,0.7084,0.7084,0.7076,0.7076,22303.4,15786.92963
2026-09-15 12:10:00,0.7077,0.7093,0.7074,0.7091,132349.0,93776.29841
2026-09-15 12:11:00,0.7091,0.7097,0.7091,0.7094,18087.9,12830.76179
2026-09-15 12:12:00,0.7095,0.7101,0.7094,0.7101,59692.4,42369.38634
2026-09-15 12:13:00,0.7101,0.7104,0.7098,0.71,42617.1,30259.7013
2026-09-15 12:14:00,0.71,0.71,0.7098,0.71,3859.5,2739.9014
2026-09-15 12:15:00,0.71,0.7101,0.709,0.7093,83623.6,59341.11357
2026-09-15 12:16:00,0.7094,0.7101,0.7094,0.7101,22558.9,16011.23609
2026-09-15 12:17:00,0.7102,0.7107,0.7102,0.7106,7175.6,5097.88991
2026-09-15 12:18:00,0.7106,0.7107,0.7101,0.7101,6623.3,4705.74439
2026-09-15 12:19:00,0.71,0.71,0.7098,0.71,56591.4,40174.82458
2026-09-15 12:20:00,0.71,0.71,0.7091,0.7091,1171.6,831.37118
2026-09-15 12:21:00,0.7091,0.7106,0.7091,0.7099,180192.8,127939.4863
2026-09-15 12:22:00,0.71,0.7107,0.71,0.7107,6460.2,4589.2002
2026-09-15 12:23:00,0.7107,0.7108,0.7106,0.7106,10849.3,7710.60257
2026-09-15 12:24:00,0.7105,0.7105,0.71,0.7102,14001.6,9945.62757
2026-09-15 12:25:00,0.7102,0.7105,0.71,0.7103,14989.3,10645.45427
2026-09-15 12:26:00,0.7104,0.7106,0.7103,0.7106,16878.5,11990.35589
2026-09-15 12:27:00,0.7106,0.7108,0.7094,0.7097,89244.7,63386.7589
2026-09-15 12:28:00,0.7096,0.7098,0.7093,0.7094,26191.1,18584.38575
2026-09-15 12:29:00,0.7093,0.7099,0.7092,0.7099,16887.4,11980.10847
2026-09-15 12:30:00,0.7098,0.7107,0.7097,0.7098,72857.6,51744.04417
2026-09-15 12:31:00,0.7098,0.71,0.709,0.709,53989.1,38319.17799
2026-09-15 12:32:00,0.709,0.709,0.7082,0.7083,32813.6,23253.8225
2026-09-15 12:33:00,0.7084,0.7099,0.708,0.7093,105723.3,74951.84615
2026-09-15 12:34:00,0.7093,0.7101,0.7093,0.71,46627.3,33095.28968
2026-09-15 12:35:00,0.71,0.71,0.709,0.7094,39195.5,27800.56883
2026-09-15 12:36:00,0.7094,0.7097,0.7092,0.7094,27144.2,19258.44087
2026-09-15 12:37:00,0.7094,0.7095,0.7093,0.7093,25375.5,18001.50461
2026-09-15 12:38:00,0.7093,0.7096,0.7091,0.7093,23510.9,16675.72947
2026-09-15 12:39:00,0.7093,0.7096,0.7092,0.7095,9464.9,6714.15999
2026-09-15 12:40:00,0.7094,0.7094,0.7091,0.7092,19962.7,14157.51033
2026-09-15 12:41:00,0.7092,0.7094,0.7089,0.709,48616.6,34479.51573
2026-09-15 12:42:00,0.709,0.7092,0.7089,0.7091,9871.0,6998.68335
2026-09-15 12:43:00,0.7091,0.7093,0.7091,0.7091,4931.6,3497.33134
2026-09-15 12:44:00,0.7091,0.7096,0.7091,0.7096,10865.3,7707.21857
2026-09-15 12:45:00,0.7096,0.7097,0.709,0.7093,23188.0,16447.48507
2026-09-15 12:46:00,0.7092,0.71,0.7092,0.7098,65519.3,46498.04216
2026-09-15 12:47:00,0.7098,0.7103,0.7098,0.71,16042.2,11390.10146
2026-09-15 12:48:00,0.7099,0.7108,0.7098,0.7108,4431.2,3146.74043
2026-09-15 12:49:00,0.7109,0.7117,0.7109,0.7113,17328.6,12324.88586
2026-09-15 12:50:00,0.7113,0.7122,0.7113,0.7118,58177.1,41405.34315
2026-09-15 12:51:00,0.7117,0.7126,0.7117,0.7124,19901.0,14173.52389
2026-09-15 12:52:00,0.7124,0.7126,0.7118,0.7126,44565.1,31742.68981
2026-09-15 12:53:00,0.7127,0.7128,0.7122,0.7124,17581.4,12526.82204
2026-09-15 12:54:00,0.7125,0.7134,0.7125,0.7134,16503.5,11768.41073
2026-09-15 12:55:00,0.7135,0.7136,0.7122,0.7124,102807.5,73279.11189
2026-09-15 12:56:00,0.7124,0.7129,0.7122,0.7122,13425.8,9565.7376
2026-09-15 12:57:00,0.7122,0.7122,0.7107,0.7107,50965.4,36243.4899
2026-09-15 12:58:00,0.7106,0.7106,0.7097,0.7101,43799.3,31098.06472
2026-09-15 12:59:00,0.7102,0.7111,0.7102,0.7106,42946.0,30523.62001
2026-09-15 13:00:00,0.7107,0.7123,0.7107,0.7118,60907.6,43332.44318
2026-09-15 13:01:00,0.7118,0.712,0.7115,0.7118,29516.8,21009.13813
2026-09-15 13:02:00,0.7118,0.7121,0.7118,0.7121,16274.5,11586.65069
2026-09-15 13:03:00,0.7122,0.7124,0.7119,0.7124,39476.8,28111.52644
2026-09-15 13:04:00,0.7124,0.7138,0.7124,0.7132,59554.6,42470.24318
2026-09-15 13:05:00,0.7133,0.7153,0.7133,0.7153,107932.5,77086.76934
2026-09-15 13:06:00,0.7154,0.7165,0.7154,0.7165,122038.3,87370.94793
2026-09-15 13:07:00,0.7165,0.717,0.714,0.7145,88720.7,63443.28387
2026-09-15 13:08:00,0.7144,0.7148,0.714,0.7142,79543.8,56823.59015
2026-09-15 13:09:00,0.7142,0.7149,0.714,0.7144,33854.7,24185.45055
2026-09-15 13:10:00,0.7143,0.715,0.7141,0.7143,27968.8,19984.66332
2026-09-15 13:11:00,0.7143,0.7152,0.7143,0.7148,36269.4,25923.25232
2026-09-15 13:12:00,0.7148,0.7153,0.7146,0.7146,46973.0,33576.84416
2026-09-15 13:13:00,0.7145,0.7145,0.7137,0.7138,29199.9,20849.24412
2026-09-15 13:14:00,0.7137,0.7138,0.7131,0.7136,34957.9,24942.82219
2026-09-15 13:15:00,0.7136,0.714,0.7128,0.7131,98048.0,69913.08485
2026-09-15 13:16:00,0.7131,0.7136,0.7131,0.7135,28804.8,20551.33322
2026-09-15 13:17:00,0.7134,0.7137,0.7132,0.7136,9562.0,6821.94403
2026-09-15 13:18:00,0.7136,0.7136,0.7125,0.7126,15578.1,11109.19525
2026-09-15 13:19:00,0.7126,0.7132,0.7126,0.7132,4210.6,3001.74954
2026-09-15 13:20:00,0.7132,0.7137,0.7131,0.7131,34199.3,24398.87887
2026-09-15 13:21:00,0.7131,0.7135,0.7128,0.7132,12688.7,9047.91442
2026-09-15 13:22:00,0.7133,0.7134,0.7128,0.7129,6724.3,4794.23026
2026-09-15 13:23:00,0.7128,0.7133,0.7128,0.713,16095.6,11477.75223
2026-09-15 13:24:00,0.713,0.7135,0.7129,0.7133,29998.0,21395.507
2026-09-15 13:25:00,0.7133,0.7141,0.7128,0.714,33393.9,23827.27268
2026-09-15 13:26:00,0.714,0.7141,0.7134,0.7137,7133.3,5092.01517
2026-09-15 13:27:00,0.7136,0.7137,0.7131,0.7133,9946.1,7095.50462
2026-09-15 13:28:00,0.7133,0.714,0.7133,0.7139,27528.6,19644.08074
2026-09-15 13:29:00,0.7138,0.714,0.7135,0.7136,17464.5,12463.92217
2026-09-15 13:30:00,0.7135,0.7135,0.7114,0.7115,55151.0,39285.45685
2026-09-15 13:31:00,0.7114,0.7124,0.7104,0.7108,56704.2,40319.26228
2026-09-15 13:32:00,0.7108,0.7119,0.7105,0.7108,54983.2,39086.18405
2026-09-15 13:33:00,0.7108,0.7114,0.7098,0.711,37267.6,26483.50734
2026-09-15 13:34:00,0.711,0.7112,0.7105,0.711,20050.5,14255.86782
2026-09-15 13:35:00,0.7112,0.7112,0.7085,0.7102,152866.3,108486.15021
2026-09-15 13:36:00,0.7102,0.7106,0.7083,0.7085,64596.7,45830.99253
2026-09-15 13:37:00,0.7085,0.7089,0.7072,0.7081,109779.3,77728.71437
2026-09-15 13:38:00,0.708,0.708,0.7063,0.7066,114798.7,81164.46725
2026-09-15 13:39:00,0.7066,0.7066,0.7033,0.7054,441635.9,311252.65879
2026-09-15 13:40:00,0.7054,0.7097,0.7048,0.7092,124760.3,88261.60282
2026-09-15 13:41:00,0.7091,0.7091,0.7077,0.7082,55107.5,39042.00143
2026-09-15 13:42:00,0.7082,0.7085,0.7074,0.7076,59482.3,42106.07031
2026-09-15 13:43:00,0.7075,0.7075,0.7066,0.7075,47861.5,33831.46867
2026-09-15 13:44:00,0.7074,0.7092,0.7074,0.7085,57944.8,41060.11697
2026-09-15 13:45:00,0.7086,0.7094,0.7067,0.7068,47965.0,33981.95785
2026-09-15 13:46:00,0.7069,0.708,0.7068,0.7074,41383.0,29280.44364
2026-09-15 13:47:00,0.7075,0.7079,0.7067,0.7073,30364.2,21477.02824
2026-09-15 13:48:00,0.7073,0.7079,0.7071,0.7079,27427.8,19399.99359
2026-09-15 13:49:00,0.7078,0.7083,0.7074,0.7076,24572.8,17391.11606
2026-09-15 13:50:00,0.7075,0.7075,0.7056,0.7056,72210.8,51028.26286
2026-09-15 13:51:00,0.7056,0.7065,0.7047,0.7051,87594.1,61771.38008
2026-09-15 13:52:00,0.705,0.7063,0.7049,0.7055,63835.5,45030.9635
2026-09-15 13:53:00,0.7055,0.7063,0.7054,0.7063,43057.2,30385.57984
2026-09-15 13:54:00,0.7063,0.7072,0.7059,0.7072,18422.0,13012.94041
2026-09-15 13:55:00,0.7073,0.7085,0.7073,0.7084,48999.6,34689.67644
2026-09-15 13:56:00,0.7085,0.7093,0.7083,0.7093,24157.0,17120.62843
2026-09-15 13:57:00,0.7092,0.7102,0.7091,0.7098,32529.2,23087.39159
2026-09-15 13:58:00,0.7098,0.7101,0.7095,0.7096,180684.6,128260.83312
2026-09-15 13:59:00,0.7097,0.7107,0.7097,0.7107,27739.2,19696.54847
2026-09-15 14:00:00,0.7108,0.7121,0.7104,0.7109,64237.5,45679.69776
2026-09-15 14:01:00,0.7108,0.7108,0.7097,0.71,14272.5,10138.38485
2026-09-15 14:02:00,0.71,0.7108,0.7096,0.7096,43010.5,30558.57501
2026-09-15 14:03:00,0.7096,0.7117,0.7096,0.711,52556.1,37337.18908
2026-09-15 14:04:00,0.7111,0.7121,0.7095,0.7095,39771.1,28292.81224
2026-09-15 14:05:00,0.7095,0.7096,0.7081,0.7086,43065.3,30518.90113
2026-09-15 14:06:00,0.7087,0.7101,0.7086,0.7092,18671.4,13243.85056
2026-09-15 14:07:00,0.7091,0.7093,0.7086,0.7089,20716.5,14686.89638
2026-09-15 14:08:00,0.7089,0.7096,0.7085,0.7096,9945.3,7053.00948
2026-09-15 14:09:00,0.7097,0.7113,0.7096,0.7111,27551.6,19567.01508
2026-09-15 14:10:00,0.711,0.712,0.7109,0.711,34243.1,24364.5656
2026-09-15 14:11:00,0.7111,0.7112,0.71,0.7101,11569.6,8221.58919
2026-09-15 14:12:00,0.7102,0.7105,0.7097,0.7098,18347.4,13026.05679
2026-09-15 14:13:00,0.7099,0.7099,0.7096,0.7099,14158.0,10049.66175
2026-09-15 14:14:00,0.7099,0.7099,0.7091,0.7091,9978.7,7078.00195
2026-09-15 14:15:00,0.7091,0.71,0.7089,0.71,26969.2,19135.19673
2026-09-15 14:16:00,0.7101,0.7102,0.708,0.7081,28925.8,20507.60096
2026-09-15 14:17:00,0.708,0.7089,0.7078,0.7089,24715.4,17499.6663
2026-09-15 14:18:00,0.7088,0.7089,0.7083,0.7087,34042.7,24118.06535
2026-09-15 14:19:00,0.7086,0.7099,0.7086,0.7095,62526.9,44349.48183
2026-09-15 14:20:00,0.7095,0.7097,0.709,0.7097,18690.7,13257.99086
2026-09-15 14:21:00,0.7098,0.7103,0.7094,0.7101,16180.4,11487.55118
2026-09-15 14:22:00,0.71,0.7102,0.7088,0.7088,43079.0,30565.33227
2026-09-15 14:23:00,0.7087,0.7087,0.7075,0.7083,33991.5,24065.56781
2026-09-15 14:24:00,0.7082,0.7097,0.7082,0.7094,22999.7,16306.86233
2026-09-15 14:25:00,0.7093,0.7093,0.7086,0.7088,43466.3,30809.78535
2026-09-15 14:26:00,0.7088,0.7092,0.7083,0.7083,47089.5,33377.73893
2026-09-15 14:27:00,0.7084,0.7088,0.708,0.7088,17275.1,12239.07903
2026-09-15 14:28:00,0.7088,0.7088,0.7083,0.7084,20528.2,14543.85126
2026-09-15 14:29:00,0.7083,0.7083,0.7073,0.7073,45894.4,32481.54874
2026-09-15 14:30:00,0.7072,0.7073,0.7058,0.7059,46629.1,32935.27987
2026-09-15 14:31:00,0.7058,0.7065,0.7051,0.7061,66878.1,47189.29167
2026-09-15 14:32:00,0.706,0.706,0.705,0.7055,44179.5,31160.86945
2026-09-15 14:33:00,0.7055,0.706,0.7052,0.7055,36427.0,25697.73369
2026-09-15 14:34:00,0.7055,0.7057,0.7049,0.705,65104.1,45909.36659
2026-09-15 14:35:00,0.7049,0.7054,0.7031,0.7047,164633.2,115943.91414
2026-09-15 14:36:00,0.7046,0.7048,0.7033,0.7043,48975.4,34474.76594
2026-09-15 14:37:00,0.7043,0.7056,0.7039,0.7052,42165.2,29720.39164
2026-09-15 14:38:00,0.7052,0.7054,0.7027,0.7034,151286.9,106447.77046
2026-09-15 14:39:00,0.7034,0.7035,0.7011,0.7015,285612.2,200526.43825
2026-09-15 14:40:00,0.7015,0.7015,0.698,0.6987,2026835.6,1418252.26702
2026-09-15 14:41:00,0.6987,0.6987,0.6961,0.6968,1042488.5,727087.10754
2026-09-15 14:42:00,0.6968,0.6987,0.6962,0.6977,277474.1,193441.87161
2026-09-15 14:43:00,0.6977,0.6992,0.6971,0.6991,59704.1,41675.50807
2026-09-15 14:44:00,0.6991,0.7004,0.6986,0.6996,177659.9,124248.94856
2026-09-15 14:45:00,0.6995,0.7,0.6988,0.699,69720.2,48759.05249
2026-09-15 14:46:00,0.699,0.6995,0.6975,0.6975,99817.0,69723.75645
2026-09-15 14:47:00,0.6975,0.6978,0.696,0.6967,239795.8,167061.12982
2026-09-15 14:48:00,0.6967,0.6974,0.6956,0.6967,190687.2,132784.90833
2026-09-15 14:49:00,0.6968,0.6974,0.6958,0.6971,131399.9,91531.1966
2026-09-15 14:50:00,0.697,0.6974,0.6942,0.6959,307774.4,214114.97669
2026-09-15 14:51:00,0.6958,0.6967,0.6885,0.6892,1445997.6,999536.08036
2026-09-15 14:52:00,0.6892,0.6919,0.6873,0.6919,614777.3,423502.80909
2026-09-15 14:53:00,0.6918,0.6933,0.6905,0.691,398912.0,275930.7991
2026-09-15 14:54:00,0.6911,0.6935,0.6911,0.6923,406690.4,281497.81937
2026-09-15 14:55:00,0.6923,0.6936,0.6918,0.6923,107530.0,74476.19663
2026-09-15 14:56:00,0.6923,0.6928,0.691,0.6927,135270.1,93552.11147
2026-09-15 14:57:00,0.6927,0.6952,0.6927,0.6951,93564.9,64953.67732
2026-09-15 14:58:00,0.6952,0.6967,0.6944,0.6966,155274.0,108002.87347
2026-09-15 14:59:00,0.6964,0.6968,0.6957,0.6967,43439.4,30249.21936
2026-09-15 15:00:00,0.6967,0.699,0.6955,0.6955,127946.7,89137.35587
2026-09-15 15:01:00,0.6956,0.6987,0.6953,0.6987,42093.3,29312.79265
2026-09-15 15:02:00,0.6988,0.6989,0.6972,0.6982,155313.0,108435.18486
2026-09-15 15:03:00,0.6982,0.6999,0.6982,0.6999,83010.3,58041.23176
2026-09-15 15:04:00,0.6998,0.7005,0.6997,0.7003,44977.1,31488.21235
2026-09-15 15:05:00,0.7004,0.7013,0.6999,0.7004,40594.3,28441.97816
2026-09-15 15:06:00,0.7005,0.7012,0.7,0.7012,128839.7,90255.36127
2026-09-15 15:07:00,0.7012,0.7019,0.7008,0.7016,120751.8,84701.1468
2026-09-15 15:08:00,0.7016,0.7017,0.7005,0.7008,13431.8,9416.56687
2026-09-15 15:09:00,0.7009,0.701,0.7,0.7004,51225.8,35887.58446
2026-09-15 15:10:00,0.7004,0.7007,0.7001,0.7001,22447.5,15717.6063
2026-09-15 15:11:00,0.7001,0.7008,0.7,0.7007,21838.2,15295.28311
2026-09-15 15:12:00,0.7007,0.701,0.7003,0.701,12896.5,9033.87853
2026-09-15 15:13:00,0.701,0.7013,0.7005,0.7012,129751.0,90955.80952
2026-09-15 15:14:00,0.7012,0.7021,0.7011,0.7017,224705.0,157642.75881
2026-09-15 15:15:00,0.7018,0.7024,0.7014,0.7014,102988.0,72283.72091
2026-09-15 15:16:00,0.7013,0.7022,0.7004,0.7009,105253.7,73774.75467
2026-09-15 15:17:00,0.701,0.7026,0.701,0.7025,39123.7,27460.81972
2026-09-15 15:18:00,0.7024,0.7028,0.7018,0.7028,9752.3,6849.26701
2026-09-15 15:19:00,0.7027,0.7029,0.702,0.7021,26105.4,18340.27232
2026-09-15 15:20:00,0.702,0.7025,0.7013,0.7021,199430.5,139952.0113
2026-09-15 15:21:00,0.7021,0.7023,0.7014,0.7014,15866.8,11134.62612
2026-09-15 15:22:00,0.7014,0.7026,0.7013,0.7021,94219.5,66145.71839
2026-09-15 15:23:00,0.7021,0.7029,0.7021,0.7029,52353.0,36788.34445
2026-09-15 15:24:00,0.7029,0.7052,0.7028,0.7048,105347.5,74195.2473
2026-09-15 15:25:00,0.7049,0.7066,0.7048,0.7057,51700.0,36483.11482
2026-09-15 15:26:00,0.7057,0.7058,0.704,0.7042,118993.2,83905.3076
2026-09-15 15:27:00,0.7042,0.7051,0.7041,0.7046,195189.1,137505.77028
2026-09-15 15:28:00,0.7046,0.7049,0.7038,0.7044,473886.1,333665.49916
2026-09-15 15:29:00,0.7045,0.7051,0.704,0.7042,44744.7,31524.59159
2026-09-15 15:30:00,0.704,0.704,0.7033,0.7036,65768.0,46277.08348
2026-09-15 15:31:00,0.7035,0.7043,0.703,0.7036,90502.9,63658.50037
2026-09-15 15:32:00,0.7036,0.7039,0.7028,0.7036,94117.1,66174.41598
2026-09-15 15:33:00,0.7036,0.7043,0.7036,0.704,25258.2,17783.01214
2026-09-15 15:34:00,0.7039,0.7042,0.7028,0.7042,22961.2,16153.58963
2026-09-15 15:35:00,0.7042,0.7042,0.7036,0.7037,25387.3,17871.70779
2026-09-15 15:36:00,0.7038,0.7045,0.7035,0.7043,34135.3,24038.06795
2026-09-15 15:37:00,0.7042,0.7042,0.7011,0.7012,107803.1,75722.16522
2026-09-15 15:38:00,0.7012,0.7022,0.7012,0.7018,16803.3,11791.25884
2026-09-15 15:39:00,0.7018,0.7024,0.7018,0.7024,31466.1,22099.52142
2026-09-15 15:40:00,0.7023,0.7023,0.7018,0.702,10400.7,7300.87655
2026-09-15 15:41:00,0.702,0.7021,0.7016,0.7017,10480.4,7356.18514
2026-09-15 15:42:00,0.7018,0.7028,0.7015,0.7026,128710.3,90349.78427
2026-09-15 15:43:00,0.7026,0.7032,0.7025,0.7029,48017.6,33744.48139
2026-09-15 15:44:00,0.7028,0.703,0.7024,0.7024,21617.4,15192.4102
2026-09-15 15:45:00,0.7026,0.703,0.7026,0.7029,23449.6,16480.15734
2026-09-15 15:46:00,0.703,0.703,0.7027,0.7028,23475.4,16499.70887
2026-09-15 15:47:00,0.7029,0.7031,0.7023,0.7024,34127.8,23983.26307
2026-09-15 15:48:00,0.7025,0.7032,0.7025,0.7029,38158.3,26820.87252
2026-09-15 15:49:00,0.7029,0.703,0.7008,0.7011,195619.3,137201.27258
2026-09-15 15:50:00,0.7012,0.7036,0.7007,0.7036,116955.8,82076.39431
2026-09-15 15:51:00,0.7037,0.7038,0.702,0.702,100180.5,70470.96261
2026-09-15 15:52:00,0.7021,0.7031,0.702,0.702,21266.2,14943.92936
2026-09-15 15:53:00,0.7021,0.7028,0.7019,0.7019,5381.3,3779.20591
2026-09-15 15:54:00,0.7018,0.7018,0.7007,0.7008,49020.2,34367.83613
2026-09-15 15:55:00,0.7009,0.7032,0.7005,0.7032,186541.2,130836.20711
2026-09-15 15:56:00,0.7032,0.7032,0.7017,0.7019,13177.5,9252.24524
2026-09-15 15:57:00,0.702,0.7028,0.702,0.7024,5502.2,3865.39364
2026-09-15 15:58:00,0.7024,0.7027,0.702,0.702,5550.3,3898.96811
2026-09-15 15:59:00,0.702,0.7022,0.7017,0.702,16933.3,11886.38757
2026-09-15 16:00:00,0.702,0.7021,0.7011,0.7012,17232.9,12091.77644
2026-09-15 16:01:00,0.7013,0.7025,0.7013,0.702,18411.1,12925.56519
2026-09-15 16:02:00,0.7021,0.7023,0.7019,0.7022,9416.8,6611.21574
2026-09-15 16:03:00,0.7023,0.7023,0.7012,0.7014,12898.8,9053.66108
2026-09-15 16:04:00,0.7014,0.7014,0.7007,0.7011,31073.5,21783.14982
2026-09-15 16:05:00,0.7011,0.7012,0.7004,0.7005,44006.3,30835.62749
2026-09-15 16:06:00,0.7005,0.7009,0.7002,0.7003,54466.2,38162.48763
2026-09-15 16:07:00,0.7004,0.7005,0.6994,0.6995,88781.5,62150.24648
2026-09-15 16:08:00,0.6996,0.6997,0.699,0.6993,25400.4,17758.41725
2026-09-15 16:09:00,0.6994,0.6996,0.6981,0.6985,51616.7,36059.7864
2026-09-15 16:10:00,0.6985,0.6995,0.6985,0.6986,25232.6,17637.06545
2026-09-15 16:11:00,0.6987,0.6992,0.6987,0.6991,35263.9,24644.73259
2026-09-15 16:12:00,0.699,0.699,0.6983,0.6983,16498.6,11526.1686
2026-09-15 16:13:00,0.6984,0.6988,0.6982,0.6985,4236.2,2959.27341
2026-09-15 16:14:00,0.6985,0.6985,0.6977,0.698,13156.8,9184.23381
2026-09-15 16:15:00,0.698,0.6988,0.698,0.6986,27221.7,19017.86352
2026-09-15 16:16:00,0.6986,0.6994,0.6986,0.6993,19344.6,13521.02867
2026-09-15 16:17:00,0.6994,0.7002,0.699,0.7002,48737.5,34090.6702
2026-09-15 16:18:00,0.7002,0.7018,0.7001,0.7018,508118.5,356324.15465
2026-09-15 16:19:00,0.7018,0.7018,0.7008,0.7012,35025.8,24556.96767
2026-09-15 16:20:00,0.7012,0.7019,0.7011,0.7018,26091.6,18304.13691
2026-09-15 16:21:00,0.7018,0.703,0.7018,0.7028,25764.2,18101.93545
2026-09-15 16:22:00,0.7029,0.7034,0.7029,0.7034,28069.8,19740.11229
2026-09-15 16:23:00,0.7033,0.7045,0.7032,0.7038,53052.8,37358.87189
2026-09-15 16:24:00,0.7038,0.7041,0.7032,0.7032,19742.4,13892.19515
2026-09-15 16:25:00,0.7033,0.7033,0.7024,0.7024,10235.6,7195.79814
2026-09-15 16:26:00,0.7024,0.7039,0.7024,0.7031,92010.7,64695.70488
2026-09-15 16:27:00,0.7032,0.7039,0.703,0.703,6098.8,4289.86126
2026-09-15 16:28:00,0.7032,0.704,0.7031,0.704,8996.0,6330.02975
2026-09-15 16:29:00,0.704,0.7042,0.7038,0.704,25450.3,17915.88841
2026-09-15 16:30:00,0.704,0.7044,0.703,0.7033,115253.1,81109.30607
2026-09-15 16:31:00,0.7033,0.7033,0.7023,0.7023,7401.9,5204.08242
2026-09-15 16:32:00,0.7023,0.7028,0.7022,0.7028,9822.3,6900.14613
2026-09-15 16:33:00,0.7028,0.7029,0.7024,0.7029,3732.1,2622.4461
2026-09-15 16:34:00,0.7028,0.7028,0.7015,0.7021,79499.7,55795.5899
2026-09-15 16:35:00,0.702,0.7023,0.7014,0.7023,90764.3,63694.58503
2026-09-15 16:36:00,0.7024,0.7029,0.7024,0.7025,20113.2,14130.48374
2026-09-15 16:37:00,0.7025,0.7027,0.702,0.7026,17382.5,12208.90425
2026-09-15 16:38:00,0.7026,0.7029,0.7022,0.7022,14075.0,9890.24865
2026-09-15 16:39:00,0.7022,0.7022,0.7018,0.702,3393.1,2381.57776
2026-09-15 16:40:00,0.702,0.7021,0.7017,0.7019,5112.6,3588.74616
2026-09-15 16:41:00,0.702,0.702,0.7012,0.7012,28315.2,19862.31059
2026-09-15 16:42:00,0.7012,0.7016,0.7011,0.7013,9946.1,6975.24794
2026-09-15 16:43:00,0.7012,0.7016,0.701,0.7015,5070.7,3556.03905
2026-09-15 16:44:00,0.7015,0.7019,0.7015,0.7019,7513.1,5271.91134
2026-09-15 16:45:00,0.7018,0.7022,0.7017,0.7017,12256.4,8601.31459
2026-09-15 16:46:00,0.7018,0.7027,0.7018,0.7024,6419.1,4508.92405
2026-09-15 16:47:00,0.7025,0.7029,0.7021,0.7021,59434.1,41757.7685
2026-09-15 16:48:00,0.702,0.7022,0.7016,0.7016,28109.2,19730.74057
2026-09-15 16:49:00,0.7016,0.7021,0.7016,0.7021,7975.5,5597.86207
2026-09-15 16:50:00,0.7022,0.703,0.7022,0.7029,4861.1,3415.89396
2026-09-15 16:51:00,0.7029,0.7031,0.7027,0.7031,8022.6,5638.5534
2026-09-15 16:52:00,0.7032,0.7038,0.703,0.7038,4340.6,3052.08148
2026-09-15 16:53:00,0.7038,0.7042,0.7028,0.7029,9230.0,6492.3435
2026-09-15 16:54:00,0.7029,0.704,0.7026,0.7038,75142.9,52857.33301
2026-09-15 16:55:00,0.7038,0.7038,0.7035,0.7035,1762.9,1240.67895
2026-09-15 16:56:00,0.7035,0.7038,0.703,0.7031,13932.3,9801.20776
2026-09-15 16:57:00,0.703,0.703,0.7027,0.7029,440.4,309.5398
2026-09-15 16:58:00,0.703,0.703,0.7024,0.7027,18655.0,13107.45701
2026-09-15 16:59:00,0.7028,0.7028,0.7013,0.7016,88167.9,61894.97291
2026-09-15 17:00:00,0.7016,0.7019,0.7014,0.7018,36723.2,25767.13623
2026-09-15 17:01:00,0.7019,0.7025,0.7019,0.7023,16662.5,11701.97539
2026-09-15 17:02:00,0.7023,0.7023,0.701,0.7011,22322.6,15673.04021
2026-09-15 17:03:00,0.701,0.7014,0.7003,0.7012,18578.9,13016.92559
2026-09-15 17:04:00,0.7011,0.7011,0.7001,0.7002,12921.4,9051.79058
2026-09-15 17:05:00,0.7002,0.7014,0.6999,0.7007,140540.5,98448.60184
2026-09-15 17:06:00,0.7006,0.7006,0.7,0.7001,16844.9,11797.02074
2026-09-15 17:07:00,0.7,0.7002,0.6997,0.6997,20868.6,14609.09047
2026-09-15 17:08:00,0.6997,0.6997,0.6988,0.6992,10634.4,7434.2835
2026-09-15 17:09:00,0.6992,0.6994,0.6991,0.6993,5552.9,3882.97833
2026-09-15 17:10:00,0.6992,0.7003,0.6991,0.7002,8136.5,5693.65693
2026-09-15 17:11:00,0.7002,0.7004,0.6999,0.6999,25659.2,17965.00316
2026-09-15 17:12:00,0.6998,0.7002,0.6997,0.7001,29981.1,20989.13722
2026-09-15 17:13:00,0.7001,0.7006,0.6999,0.7005,14244.7,9977.14761
2026-09-15 17:14:00,0.7005,0.7009,0.7003,0.7006,25047.5,17548.53555
2026-09-15 17:15:00,0.7005,0.7005,0.7001,0.7002,4474.6,3133.49196
2026-09-15 17:16:00,0.7001,0.7009,0.7,0.7009,10832.0,7586.02144
2026-09-15 17:17:00,0.701,0.701,0.7007,0.7007,9664.1,6773.26464
2026-09-15 17:18:00,0.7007,0.7007,0.7004,0.7006,6950.6,4869.73036
2026-09-15 17:19:00,0.7005,0.7009,0.7004,0.7005,9862.4,6908.77405
2026-09-15 17:20:00,0.7006,0.7015,0.7006,0.7014,6777.9,4751.55014
2026-09-15 17:21:00,0.7014,0.7014,0.7012,0.7013,2791.8,1958.00264
2026-09-15 17:22:00,0.7012,0.7012,0.7009,0.7012,5039.7,3533.24557
2026-09-15 17:23:00,0.7013,0.7019,0.701,0.7019,9180.0,6439.65414
2026-09-15 17:24:00,0.702,0.7021,0.7017,0.7017,15439.1,10837.6685
2026-09-15 17:25:00,0.7016,0.702,0.7016,0.7019,4868.9,3416.97258
2026-09-15 17:26:00,0.7019,0.7029,0.7019,0.7029,4024.5,2827.02224
2026-09-15 17:27:00,0.703,0.7034,0.7029,0.7032,15672.8,11019.36857
2026-09-15 17:28:00,0.7032,0.7039,0.7032,0.7039,6207.6,4367.84747
2026-09-15 17:29:00,0.7038,0.7041,0.7037,0.7039,16109.2,11340.4745
2026-09-15 17:30:00,0.7039,0.7044,0.7039,0.7042,27522.7,19378.86463
2026-09-15 17:31:00,0.7043,0.706,0.7043,0.7059,54766.7,38617.96566
2026-09-15 17:32:00,0.7059,0.707,0.7058,0.7063,74816.2,52842.62529
2026-09-15 17:33:00,0.7063,0.7084,0.7063,0.7084,30596.9,21640.09717
2026-09-15 17:34:00,0.7084,0.7091,0.7083,0.7086,24859.3,17618.31448
2026-09-15 17:35:00,0.7087,0.7116,0.7087,0.7115,134614.0,95640.44921
2026-09-15 17:36:00,0.7114,0.712,0.7093,0.7099,74732.7,53148.20127
2026-09-15 17:37:00,0.7098,0.7119,0.7098,0.7103,210884.0,149937.74865
2026-09-15 17:38:00,0.7102,0.7103,0.7077,0.7082,111847.6,79299.79939
2026-09-15 17:39:00,0.7081,0.7081,0.7075,0.7076,49288.6,34887.46154
2026-09-15 17:40:00,0.7075,0.7081,0.7065,0.708,244005.2,172619.39159
2026-09-15 17:41:00,0.708,0.7087,0.7074,0.7077,318912.4,225825.01226
2026-09-15 17:42:00,0.7077,0.7077,0.705,0.7063,481491.2,340019.52454
2026-09-15 17:43:00,0.7063,0.7064,0.7057,0.7058,38692.4,27323.64979
2026-09-15 17:44:00,0.7059,0.7061,0.7056,0.7058,35821.3,25281.21784
2026-09-15 17:45:00,0.7057,0.7067,0.7057,0.7067,10616.4,7498.44952
2026-09-15 17:46:00,0.7067,0.7073,0.7067,0.7073,18536.6,13104.96749
2026-09-15 17:47:00,0.7072,0.7095,0.7072,0.7095,44423.7,31493.96954
2026-09-15 17:48:00,0.7095,0.7104,0.7095,0.7103,30197.9,21439.6492
2026-09-15 17:49:00,0.7103,0.7106,0.7097,0.7098,17747.6,12603.2521
2026-09-15 17:50:00,0.7098,0.7107,0.7096,0.7107,45806.2,32528.79351
2026-09-15 17:51:00,0.7107,0.7111,0.7104,0.711,30138.5,21420.37472
2026-09-15 17:52:00,0.7109,0.7109,0.7099,0.7105,19760.9,14034.33386
2026-09-15 17:53:00,0.7106,0.7109,0.7103,0.7105,37254.3,26472.22206
2026-09-15 17:54:00,0.7105,0.7108,0.7103,0.7107,39339.5,27949.61519
2026-09-15 17:55:00,0.7107,0.7107,0.709,0.7094,945266.1,671151.8868
2026-09-15 17:56:00,0.7093,0.7102,0.7092,0.7102,37464.9,26579.52815
2026-09-15 17:57:00,0.7102,0.7108,0.7102,0.7103,15350.6,10906.73557
2026-09-15 17:58:00,0.7103,0.7104,0.7101,0.7102,7219.3,5127.72849
2026-09-15 17:59:00,0.7102,0.7105,0.7098,0.7101,10867.0,7717.11695
2026-09-15 18:00:00,0.7101,0.7103,0.709,0.7091,85336.2,60567.8397
2026-09-15 18:01:00,0.7092,0.7104,0.7088,0.7104,122625.6,87026.51589
2026-09-15 18:02:00,0.7104,0.7109,0.7102,0.7109,73728.0,52400.61757
2026-09-15 18:03:00,0.7109,0.711,0.71,0.7102,53667.4,38141.21933
2026-09-15 18:04:00,0.7101,0.7101,0.7088,0.709,15075.8,10695.85159
2026-09-15 18:05:00,0.7091,0.7091,0.7078,0.7089,72760.3,51541.42686
2026-09-15 18:06:00,0.709,0.7103,0.7088,0.7103,27645.3,19613.33871
2026-09-15 18:07:00,0.7102,0.7103,0.7079,0.7079,120050.1,85147.31991
2026-09-15 18:08:00,0.7079,0.7083,0.7074,0.708,55730.5,39441.52036
2026-09-15 18:09:00,0.708,0.7083,0.7075,0.7083,26366.7,18663.04456
2026-09-15 18:10:00,0.7084,0.7089,0.7083,0.7083,17775.6,12597.24448
2026-09-15 18:11:00,0.7083,0.7084,0.7079,0.7081,29733.9,21059.62752
2026-09-15 18:12:00,0.7081,0.7086,0.7079,0.7082,44206.7,31301.92263
2026-09-15 18:13:00,0.7082,0.7096,0.7079,0.7096,111737.2,79146.0288
2026-09-15 18:14:00,0.7093,0.7094,0.7085,0.7087,90650.3,64265.58185
2026-09-15 18:15:00,0.7087,0.7093,0.7084,0.7084,63254.3,44841.28917
2026-09-15 18:16:00,0.7083,0.7084,0.7054,0.7056,25368.9,17930.18337
2026-09-15 18:17:00,0.7057,0.7058,0.7037,0.7038,186442.3,131465.72082
2026-09-15 18:18:00,0.7039,0.705,0.7029,0.7048,80950.3,56989.04657
2026-09-15 18:19:00,0.7048,0.7069,0.7046,0.705,161526.3,113985.48256
2026-09-15 18:20:00,0.7051,0.7057,0.7047,0.7047,29726.3,20961.38672
2026-09-15 18:21:00,0.7047,0.7053,0.7047,0.7053,7217.9,5088.35493
2026-09-15 18:22:00,0.7052,0.7053,0.7045,0.7052,15210.9,10722.39247
2026-09-15 18:23:00,0.7051,0.7051,0.7042,0.7042,9969.9,7025.71948
2026-09-15 18:24:00,0.7042,0.7042,0.7037,0.704,23866.9,16801.07197
2026-09-15 18:25:00,0.7039,0.704,0.7029,0.7032,24018.5,16896.45668
2026-09-15 18:26:00,0.7032,0.7042,0.7031,0.7039,43920.7,30901.75538
2026-09-15 18:27:00,0.7038,0.7038,0.7033,0.7034,16717.4,11761.53224
2026-09-15 18:28:00,0.7034,0.7055,0.7031,0.7055,146873.4,103401.71139
2026-09-15 18:29:00,0.7055,0.7112,0.7055,0.7076,156965.3,111326.99502
2026-09-15 18:30:00,0.7075,0.7079,0.7043,0.7056,40899.8,28890.68128
2026-09-15 18:31:00,0.7055,0.7056,0.7046,0.7056,19104.5,13470.15345
2026-09-15 18:32:00,0.7056,0.7059,0.7053,0.7056,22349.8,15772.20117
2026-09-15 18:33:00,0.7057,0.7057,0.7012,0.7017,109326.0,76813.45104
2026-09-15 18:34:00,0.7018,0.7061,0.7018,0.7054,68467.4,48200.42354
2026-09-15 18:35:00,0.7054,0.7061,0.7048,0.7052,32208.9,22722.8246
2026-09-15 18:36:00,0.7052,0.7052,0.7014,0.7015,213490.6,150035.67238
2026-09-15 18:37:00,0.7014,0.7014,0.6937,0.6995,1133775.8,790631.90432
2026-09-15 18:38:00,0.6994,0.701,0.6967,0.6987,208375.5,145573.02348
2026-09-15 18:39:00,0.6987,0.7,0.698,0.699,104618.2,73136.50617
2026-09-15 18:40:00,0.699,0.6993,0.6937,0.6951,344751.9,239916.64863
2026-09-15 18:41:00,0.6951,0.6961,0.6913,0.6948,535132.9,370918.02545
2026-09-15 18:42:00,0.6949,0.6955,0.6886,0.6902,453257.1,313063.20786
2026-09-15 18:43:00,0.6902,0.6923,0.6882,0.6921,248652.0,171646.44408
2026-09-15 18:44:00,0.692,0.692,0.6892,0.6893,187783.7,129723.12042
2026-09-15 18:45:00,0.6893,0.6902,0.6789,0.6822,2438105.0,1665862.54779
2026-09-15 18:46:00,0.6822,0.6837,0.6784,0.6797,744222.4,506502.03263
2026-09-15 18:47:00,0.6797,0.6829,0.6772,0.6811,548050.4,372614.73575
2026-09-15 18:48:00,0.6812,0.6816,0.6763,0.6775,665804.4,451271.70043
2026-09-15 18:49:00,0.6775,0.6791,0.673,0.6748,940235.0,635137.90371
2026-09-15 18:50:00,0.6748,0.6816,0.6736,0.6799,446799.0,302541.90638
2026-09-15 18:51:00,0.68,0.6833,0.6785,0.6828,512458.5,348709.26823
2026-09-15 18:52:00,0.6829,0.6871,0.6829,0.6864,348102.4,238555.08726
2026-09-15 18:53:00,0.6866,0.6896,0.6865,0.6894,222938.6,153452.78806
2026-09-15 18:54:00,0.6894,0.6931,0.6888,0.6927,190001.9,131230.9277
2026-09-15 18:55:00,0.6926,0.6952,0.6917,0.6943,237799.7,164886.59023
2026-09-15 18:56:00,0.6944,0.6954,0.6923,0.6933,106748.1,74052.4605
2026-09-15 18:57:00,0.6934,0.6947,0.6927,0.6937,142822.9,99062.88024
2026-09-15 18:58:00,0.6937,0.6948,0.6933,0.6941,108475.3,75280.95139
2026-09-15 18:59:00,0.6941,0.6943,0.6927,0.6941,65930.6,45737.44703
2026-09-15 19:00:00,0.6941,0.695,0.6914,0.6936,98587.4,68314.03514
2026-09-15 19:01:00,0.6937,0.695,0.6908,0.6911,47842.1,33143.08955
2026-09-15 19:02:00,0.691,0.6936,0.69,0.6927,69609.9,48149.91193
2026-09-15 19:03:00,0.6928,0.6965,0.6928,0.6943,114300.0,79430.86725
2026-09-15 19:04:00,0.6943,0.6971,0.6942,0.6944,209086.6,145378.90065
2026-09-15 19:05:00,0.6943,0.6959,0.6927,0.6928,237903.6,165097.73935
2026-09-15 19:06:00,0.6928,0.6954,0.6927,0.6948,38668.3,26844.58817
2026-09-15 19:07:00,0.6948,0.6949,0.6923,0.6932,36627.8,25393.64737
2026-09-15 19:08:00,0.6932,0.6941,0.692,0.693,54216.2,37562.2562
2026-09-15 19:09:00,0.693,0.6948,0.6929,0.6935,87620.8,60753.35781
2026-09-15 19:10:00,0.6934,0.6955,0.6932,0.6945,135736.5,94302.69392
2026-09-15 19:11:00,0.6944,0.6944,0.6929,0.6935,45535.3,31580.3686
2026-09-15 19:12:00,0.6935,0.6937,0.6917,0.6927,164656.8,114046.37252
2026-09-15 19:13:00,0.6927,0.6928,0.6912,0.692,51405.3,35565.22958
2026-09-15 19:14:00,0.692,0.692,0.6906,0.6914,30140.6,20833.54128
2026-09-15 19:15:00,0.6915,0.6931,0.6906,0.6907,136916.0,94715.71923
2026-09-15 19:16:00,0.6906,0.6937,0.6896,0.6929,82780.7,57296.30919
2026-09-15 19:17:00,0.693,0.6962,0.693,0.695,78245.0,54376.02583
2026-09-15 19:18:00,0.695,0.6961,0.6937,0.6941,139265.1,96799.282
2026-09-15 19:19:00,0.6941,0.6953,0.6928,0.693,82522.0,57300.67213
2026-09-15 19:20:00,0.6931,0.6934,0.6907,0.6909,73298.0,50708.83332
2026-09-15 19:21:00,0.6909,0.6926,0.6903,0.6911,161695.9,111822.00505
2026-09-15 19:22:00,0.6911,0.6923,0.6905,0.6923,136327.0,94310.31969
2026-09-15 19:23:00,0.6923,0.6946,0.692,0.6925,104316.5,72310.34531
2026-09-15 19:24:00,0.6925,0.6927,0.6907,0.6915,27586.3,19081.35923
2026-09-15 19:25:00,0.6916,0.6925,0.6909,0.6921,78420.8,54238.12028
2026-09-15 19:26:00,0.692,0.6925,0.6905,0.6906,125704.2,86894.05638
2026-09-15 19:27:00,0.6905,0.6911,0.6904,0.6904,57378.0,39632.2682
2026-09-15 19:28:00,0.6904,0.6909,0.6898,0.6899,57247.2,39512.16675
2026-09-15 19:29:00,0.6899,0.6902,0.6882,0.6887,90293.9,62198.29064
2026-09-15 19:30:00,0.6886,0.6905,0.6876,0.6893,63310.3,43616.52424
2026-09-15 19:31:00,0.6892,0.691,0.689,0.6899,40330.1,27842.74899
2026-09-15 19:32:00,0.6899,0.6903,0.6878,0.6879,29488.0,20310.7811
2026-09-15 19:33:00,0.688,0.6908,0.6869,0.6898,397234.1,273677.35731
2026-09-15 19:34:00,0.6899,0.6903,0.6882,0.6885,94342.2,64960.76057
2026-09-15 19:35:00,0.6884,0.6885,0.6877,0.6882,17805.8,12251.21729
2026-09-15 19:36:00,0.6882,0.6887,0.6875,0.6885,42287.6,29098.38563
2026-09-15 19:37:00,0.6885,0.6885,0.687,0.6871,54195.2,37279.01506
2026-09-15 19:38:00,0.6871,0.6895,0.687,0.6895,23500.3,16171.02574
2026-09-15 19:39:00,0.6895,0.6896,0.6886,0.6896,25116.8,17309.89546
2026-09-15 19:40:00,0.6895,0.6906,0.6891,0.6903,13042.2,9000.30644
2026-09-15 19:41:00,0.6903,0.6905,0.6876,0.6878,224271.0,154614.07014
2026-09-15 19:42:00,0.6879,0.688,0.6873,0.6877,36724.3,25248.18669
2026-09-15 19:43:00,0.6877,0.688,0.6855,0.6857,254488.3,174705.57603
2026-09-15 19:44:00,0.6855,0.6858,0.6844,0.6847,70469.8,48258.09737
2026-09-15 19:45:00,0.6848,0.686,0.6847,0.6856,62903.0,43110.97945
2026-09-15 19:46:00,0.6855,0.6859,0.6852,0.6856,30636.0,21000.72472
2026-09-15 19:47:00,0.6856,0.6876,0.6856,0.6874,40006.5,27465.29033
2026-09-15 19:48:00,0.6875,0.6882,0.6875,0.6881,57746.9,39732.65204
2026-09-15 19:49:00,0.6881,0.6887,0.6876,0.688,11214.5,7714.24211
2026-09-15 19:50:00,0.688,0.6885,0.6873,0.688,70396.0,48443.99744
2026-09-15 19:51:00,0.6879,0.6884,0.6877,0.688,34211.9,23540.96455
2026-09-15 19:52:00,0.688,0.6888,0.6876,0.6876,17122.6,11781.62018
2026-09-15 19:53:00,0.6877,0.6898,0.6877,0.6896,35897.5,24726.2824
2026-09-15 19:54:00,0.6895,0.6906,0.6895,0.6905,26335.2,18172.66498
2026-09-15 19:55:00,0.6905,0.6908,0.6897,0.69,22196.1,15322.12181
2026-09-15 19:56:00,0.69,0.6916,0.69,0.6916,32976.0,22768.23778
2026-09-15 19:57:00,0.6916,0.6921,0.6916,0.6921,48045.0,33241.94608
2026-09-15 19:58:00,0.6921,0.6921,0.6916,0.6917,13641.4,9437.69131
2026-09-15 19:59:00,0.6918,0.6918,0.6903,0.6912,79560.0,54948.93971
2026-09-15 20:00:00,0.6912,0.6925,0.6904,0.6924,46881.2,32407.49152
2026-09-15 20:01:00,0.6924,0.6924,0.6912,0.6917,24219.4,16752.4447
2026-09-15 20:02:00,0.6916,0.6916,0.6906,0.6907,26712.9,18458.38228
2026-09-15 20:03:00,0.6906,0.6906,0.689,0.6897,63119.6,43531.45256
2026-09-15 20:04:00,0.6897,0.6897,0.6883,0.6886,70897.8,48827.88204
2026-09-15 20:05:00,0.6886,0.6887,0.6872,0.6873,67839.6,46651.35327
2026-09-15 20:06:00,0.6872,0.6872,0.6859,0.686,52900.6,36313.46551
2026-09-15 20:07:00,0.6859,0.6875,0.6853,0.6874,28831.2,19790.766
2026-09-15 20:08:00,0.6874,0.6883,0.6864,0.6864,40059.2,27542.80123
2026-09-15 20:09:00,0.6864,0.6868,0.6862,0.6864,43697.0,29998.81794
2026-09-15 20:10:00,0.6864,0.689,0.6862,0.6885,60099.3,41297.19071
2026-09-15 20:11:00,0.6885,0.689,0.687,0.6872,59315.1,40782.22579
2026-09-15 20:12:00,0.6873,0.6884,0.6872,0.6872,39614.7,27248.34114
2026-09-15 20:13:00,0.6872,0.6877,0.6865,0.6872,164947.0,113321.74702
2026-09-15 20:14:00,0.6873,0.6885,0.6873,0.6884,17108.7,11769.13737
2026-09-15 20:15:00,0.6885,0.6885,0.6868,0.6875,42117.5,28949.38466
2026-09-15 20:16:00,0.6876,0.6885,0.6876,0.6883,19981.5,13748.20026
2026-09-15 20:17:00,0.6883,0.6883,0.6876,0.6881,11727.9,8066.27637
2026-09-15 20:18:00,0.688,0.688,0.6867,0.6867,5961.4,4097.31668
2026-09-15 20:19:00,0.6867,0.6875,0.6861,0.6866,137215.5,94233.23102
2026-09-15 20:20:00,0.6867,0.6873,0.6861,0.6861,31740.3,21802.91021
2026-09-15 20:21:00,0.6861,0.6862,0.6827,0.6831,191037.8,130605.74365
2026-09-15 20:22:00,0.6832,0.6845,0.683,0.6844,108907.6,74451.77612
2026-09-15 20:23:00,0.6844,0.6844,0.6838,0.6842,76365.7,52234.86043
2026-09-15 20:24:00,0.6842,0.6856,0.684,0.6856,28839.0,19747.543
2026-09-15 20:25:00,0.6856,0.6864,0.6847,0.6849,129824.3,88993.77217
2026-09-15 20:26:00,0.6848,0.6848,0.6837,0.684,19741.7,13503.06711
2026-09-15 20:27:00,0.684,0.6841,0.6836,0.6838,5716.0,3908.95573
2026-09-15 20:28:00,0.6838,0.6839,0.6833,0.6835,29069.6,19871.46853
2026-09-15 20:29:00,0.6835,0.6835,0.6821,0.6822,39087.2,26687.27233
2026-09-15 20:30:00,0.6821,0.6836,0.6812,0.683,83012.0,56614.07999
2026-09-15 20:31:00,0.6831,0.6853,0.6831,0.6845,186027.9,127293.63493
2026-09-15 20:32:00,0.6844,0.685,0.6827,0.6827,91756.6,62783.67588
2026-09-15 20:33:00,0.6827,0.6831,0.6822,0.6831,34061.4,23249.26163
2026-09-15 20:34:00,0.6832,0.6838,0.6831,0.6838,33920.9,23181.82535
2026-09-15 20:35:00,0.6839,0.6847,0.6836,0.6845,60557.9,41432.91871
2026-09-15 20:36:00,0.6847,0.686,0.6842,0.6859,49081.3,33630.18313
2026-09-15 20:37:00,0.6859,0.687,0.6859,0.6864,49078.5,33692.09444
2026-09-15 20:38:00,0.6865,0.6878,0.6856,0.686,176326.4,121095.55699
2026-09-15 20:39:00,0.6859,0.6859,0.6843,0.6845,23602.9,16161.53888
2026-09-15 20:40:00,0.6846,0.6862,0.6846,0.6861,14347.4,9839.72518
2026-09-15 20:41:00,0.6861,0.6861,0.6855,0.6855,17505.3,12004.09556
2026-09-15 20:42:00,0.6855,0.6857,0.6848,0.6848,10831.2,7423.14666
2026-09-15 20:43:00,0.6848,0.6855,0.6848,0.6852,14974.9,10261.01748
2026-09-15 20:44:00,0.6852,0.6863,0.6846,0.6863,37481.3,25692.58222
2026-09-15 20:45:00,0.6864,0.6871,0.6862,0.687,45407.3,31180.18037
2026-09-15 20:46:00,0.6869,0.6875,0.6866,0.6875,46347.2,31841.47537
2026-09-15 20:47:00,0.6875,0.6885,0.6871,0.6873,75843.3,52160.16223
2026-09-15 20:48:00,0.6873,0.6882,0.6873,0.6881,8981.1,6177.44891
2026-09-15 20:49:00,0.6881,0.6905,0.6881,0.6905,67118.2,46306.06058
2026-09-15 20:50:00,0.6904,0.6905,0.6891,0.6899,30083.3,20743.87771
2026-09-15 20:51:00,0.6898,0.6898,0.6884,0.6888,21700.9,14950.72675
2026-09-15 20:52:00,0.6888,0.6888,0.688,0.6882,8713.3,5998.36314
2026-09-15 20:53:00,0.6882,0.6884,0.688,0.6881,11604.6,7986.12305
2026-09-15 20:54:00,0.6881,0.6896,0.6881,0.6896,8652.5,5963.15837
2026-09-15 20:55:00,0.6895,0.6901,0.6894,0.6901,18492.6,12757.57575
2026-09-15 20:56:00,0.69,0.69,0.689,0.689,18324.5,12628.29854
2026-09-15 20:57:00,0.689,0.6893,0.689,0.6892,5148.0,3547.72409
2026-09-15 20:58:00,0.6892,0.6892,0.6889,0.6891,24476.1,16865.91564
2026-09-15 20:59:00,0.6892,0.6894,0.6888,0.6889,11862.1,8172.69273
2026-09-15 21:00:00,0.6889,0.689,0.6873,0.6873,15220.7,10473.004
2026-09-15 21:01:00,0.6874,0.688,0.6854,0.6856,92124.6,63252.983
2026-09-15 21:02:00,0.6856,0.6862,0.6851,0.6862,59659.1,40901.20929
2026-09-15 21:03:00,0.6862,0.6871,0.6861,0.6868,55931.5,38391.97931
2026-09-15 21:04:00,0.6868,0.6868,0.6858,0.6858,29507.0,20247.06654
2026-09-15 21:05:00,0.6858,0.687,0.6858,0.6866,54633.1,37502.15601
2026-09-15 21:06:00,0.6866,0.6866,0.686,0.6862,26685.5,18315.52944
2026-09-15 21:07:00,0.6861,0.6863,0.6854,0.6854,14723.0,10096.7919
2026-09-15 21:08:00,0.6853,0.6859,0.6853,0.6856,17585.6,12053.76699
2026-09-15 21:09:00,0.6857,0.6858,0.6855,0.6855,10296.2,7059.38518
2026-09-15 21:10:00,0.6855,0.6858,0.6851,0.6858,7394.7,5067.12514
2026-09-15 21:11:00,0.6859,0.6869,0.6855,0.6867,10014.4,6873.09493
2026-09-15 21:12:00,0.6866,0.687,0.6866,0.687,6234.3,4282.11639
2026-09-15 21:13:00,0.687,0.6886,0.687,0.6885,28304.0,19475.27089
2026-09-15 21:14:00,0.6885,0.6885,0.6866,0.6867,46175.0,31730.6294
2026-09-15 21:15:00,0.6866,0.6866,0.6855,0.6855,48825.2,33482.54011
2026-09-15 21:16:00,0.6856,0.687,0.6852,0.6868,104871.6,71935.63147
2026-09-15 21:17:00,0.6868,0.6873,0.6866,0.6871,21751.0,14942.95577
2026-09-15 21:18:00,0.687,0.6871,0.6864,0.6864,13838.8,9504.72781
2026-09-15 21:19:00,0.6863,0.6883,0.6863,0.6883,11183.7,7687.63909
2026-09-15 21:20:00,0.6883,0.6883,0.6876,0.6876,7465.3,5134.68536
2026-09-15 21:21:00,0.6877,0.6877,0.685,0.6856,177583.5,121834.55177
2026-09-15 21:22:00,0.6855,0.6856,0.6849,0.6849,22117.5,15155.31768
2026-09-15 21:23:00,0.6849,0.6856,0.6846,0.6853,11539.4,7906.25758
2026-09-15 21:24:00,0.6854,0.6859,0.6852,0.6852,11927.2,8178.15039
2026-09-15 21:25:00,0.6851,0.6854,0.6844,0.6846,43022.2,29454.39108
2026-09-15 21:26:00,0.6846,0.6855,0.6838,0.6838,144076.5,98634.93199
2026-09-15 21:27:00,0.6839,0.6842,0.6833,0.6837,12464.9,8522.1072
2026-09-15 21:28:00,0.6838,0.6839,0.6825,0.6825,33857.8,23121.62318
2026-09-15 21:29:00,0.6824,0.6835,0.682,0.6835,50260.1,34317.05017
2026-09-15 21:30:00,0.6835,0.6836,0.6832,0.6834,33608.1,22968.50597
2026-09-15 21:31:00,0.6835,0.6838,0.6832,0.6838,20753.3,14182.77847
2026-09-15 21:32:00,0.6839,0.6847,0.6835,0.6845,48814.0,33399.17598
2026-09-15 21:33:00,0.6845,0.6852,0.6845,0.685,21711.4,14872.01694
2026-09-15 21:34:00,0.6851,0.6852,0.6828,0.6835,126111.5,86259.42145
2026-09-15 21:35:00,0.6834,0.6834,0.6821,0.6827,79960.5,54571.85858
2026-09-15 21:36:00,0.6827,0.6827,0.6814,0.6823,28765.9,19619.25858
2026-09-15 21:37:00,0.6823,0.6842,0.6823,0.6842,24234.5,16561.88977
2026-09-15 21:38:00,0.6841,0.6843,0.6832,0.6838,74719.7,51102.4105
2026-09-15 21:39:00,0.6839,0.6843,0.683,0.6833,207399.1,141726.62249
2026-09-15 21:40:00,0.6834,0.6847,0.6834,0.6847,68267.3,46691.98479
2026-09-15 21:41:00,0.6847,0.6847,0.6837,0.6844,10455.0,7153.61457
2026-09-15 21:42:00,0.6844,0.6845,0.6843,0.6843,2649.6,1813.25365
2026-09-15 21:43:00,0.6844,0.6847,0.6842,0.6846,16061.0,10992.85323
2026-09-15 21:44:00,0.6847,0.6851,0.6847,0.6849,8267.0,5662.59251
2026-09-15 21:45:00,0.685,0.6851,0.685,0.6851,711.6,487.46972
2026-09-15 21:46:00,0.6851,0.6851,0.6837,0.6837,5447.4,3729.09907
2026-09-15 21:47:00,0.6837,0.6842,0.6837,0.6842,4635.9,3170.43057
2026-09-15 21:48:00,0.6842,0.6842,0.6829,0.683,36122.5,24689.65853
2026-09-15 21:49:00,0.6831,0.6831,0.6826,0.6826,2812.0,1920.42738
2026-09-15 21:50:00,0.6825,0.6826,0.6819,0.682,7033.8,4799.48193
2026-09-15 21:51:00,0.6821,0.6821,0.6795,0.681,144615.5,98383.06963
2026-09-15 21:52:00,0.6811,0.6814,0.681,0.6812,10212.8,6957.23219
2026-09-15 21:53:00,0.6812,0.6816,0.6808,0.6808,18322.6,12485.95235
2026-09-15 21:54:00,0.6809,0.6809,0.6808,0.6809,731.1,497.79962
2026-09-15 21:55:00,0.6809,0.6809,0.6781,0.6797,141369.9,96017.34548
2026-09-15 21:56:00,0.6798,0.6803,0.6795,0.6797,223048.8,151704.71636
2026-09-15 21:57:00,0.6796,0.6797,0.6786,0.6797,235701.2,160000.09743
2026-09-15 21:58:00,0.6797,0.6798,0.6788,0.6788,25537.2,17345.1319
2026-09-15 21:59:00,0.6788,0.6793,0.6767,0.6781,231562.7,156922.26633
2026-09-15 22:00:00,0.6782,0.68,0.6777,0.6791,46536.1,31600.33452
2026-09-15 22:01:00,0.6791,0.6794,0.6784,0.6794,48859.5,33173.90263
2026-09-15 22:02:00,0.6795,0.6822,0.679,0.6818,163444.6,111243.2153
2026-09-15 22:03:00,0.6818,0.6827,0.6813,0.6815,55932.4,38133.21865
2026-09-15 22:04:00,0.6816,0.6824,0.6815,0.6819,56708.0,38668.30893
2026-09-15 22:05:00,0.682,0.682,0.6808,0.681,30142.0,20539.52493
2026-09-15 22:06:00,0.6811,0.6812,0.6785,0.6802,66312.7,45090.69989
2026-09-15 22:07:00,0.6802,0.6807,0.6802,0.6806,14800.1,10070.3042
2026-09-15 22:08:00,0.6807,0.6813,0.6804,0.6805,10015.5,6817.1522
2026-09-15 22:09:00,0.6806,0.6806,0.6799,0.6803,19143.7,13022.79851
2026-09-15 22:10:00,0.6803,0.6811,0.6793,0.6811,50270.9,34191.68637
2026-09-15 22:11:00,0.6812,0.6814,0.6802,0.6806,14726.6,10024.82409
2026-09-15 22:12:00,0.6806,0.6806,0.6795,0.6801,45162.7,30691.52948
2026-09-15 22:13:00,0.6802,0.6806,0.6802,0.6803,19989.1,13598.92709
2026-09-15 22:14:00,0.6802,0.6817,0.6799,0.6803,173524.2,118099.55497
2026-09-15 22:15:00,0.6803,0.6807,0.6792,0.6793,28240.0,19207.0113
2026-09-15 22:16:00,0.6794,0.6797,0.6781,0.6786,86272.0,58562.96235
2026-09-15 22:17:00,0.6785,0.6785,0.6773,0.678,39845.8,27010.71772
2026-09-15 22:18:00,0.6781,0.6781,0.6765,0.6777,89840.0,60848.49005
2026-09-15 22:19:00,0.6777,0.6785,0.6774,0.6779,134336.2,91048.64317
2026-09-15 22:20:00,0.6779,0.6785,0.6774,0.6779,124756.0,84573.41375
2026-09-15 22:21:00,0.6779,0.6785,0.6768,0.6783,46644.0,31611.49423
2026-09-15 22:22:00,0.6784,0.6788,0.6781,0.6784,37081.7,25161.2572
2026-09-15 22:23:00,0.6784,0.6784,0.677,0.6778,31297.0,21206.50423
2026-09-15 22:24:00,0.6778,0.6787,0.6776,0.6779,89353.9,60573.17021
2026-09-15 22:25:00,0.6778,0.6795,0.6774,0.6795,51848.7,35168.80179
2026-09-15 22:26:00,0.6796,0.6819,0.6796,0.6819,81500.7,55485.48007
2026-09-15 22:27:00,0.6819,0.6828,0.6818,0.6828,20655.3,14093.09657
2026-09-15 22:28:00,0.6827,0.6827,0.6818,0.6827,35654.5,24327.61772
2026-09-15 22:29:00,0.6828,0.6829,0.6815,0.6815,91825.0,62641.25876
2026-09-15 22:30:00,0.6814,0.6836,0.6813,0.6833,64016.4,43670.6241
2026-09-15 22:31:00,0.6834,0.6836,0.6829,0.6836,42453.5,29007.64536
2026-09-15 22:32:00,0.6835,0.6835,0.683,0.6833,18226.0,12452.4768
2026-09-15 22:33:00,0.6832,0.6838,0.6819,0.6835,172919.5,118134.45638
2026-09-15 22:34:00,0.6835,0.6841,0.683,0.6837,21865.1,14941.20595
2026-09-15 22:35:00,0.6836,0.6837,0.6829,0.6829,29508.1,20164.82607
2026-09-15 22:36:00,0.6829,0.6831,0.6826,0.6831,6271.0,4282.02646
2026-09-15 22:37:00,0.6831,0.6841,0.683,0.6839,10381.1,7096.64507
2026-09-15 22:38:00,0.6839,0.6845,0.6839,0.6844,13085.1,8954.12287
2026-09-15 22:39:00,0.6844,0.6851,0.6836,0.6838,162714.3,111340.12107
2026-09-15 22:40:00,0.6838,0.6838,0.6833,0.6833,30114.9,20581.35465
2026-09-15 22:41:00,0.6833,0.6839,0.6832,0.6835,27466.8,18778.00199
2026-09-15 22:42:00,0.6836,0.6837,0.6834,0.6836,26779.7,18304.26975
2026-09-15 22:43:00,0.6837,0.684,0.6835,0.6836,7548.5,5161.97408
2026-09-15 22:44:00,0.6837,0.6839,0.6837,0.6838,4471.0,3057.20691
2026-09-15 22:45:00,0.6837,0.6842,0.6834,0.6842,6751.3,4615.49999
2026-09-15 22:46:00,0.6842,0.6853,0.6842,0.6852,43649.9,29878.84541
2026-09-15 22:47:00,0.6853,0.6853,0.6845,0.685,15798.9,10819.27569
2026-09-15 22:48:00,0.685,0.6855,0.685,0.6855,21614.1,14811.94301
2026-09-15 22:49:00,0.6854,0.6855,0.6848,0.6848,31029.0,21258.23842
2026-09-15 22:50:00,0.6848,0.6854,0.6844,0.6852,30305.0,20755.30941
2026-09-15 22:51:00,0.6852,0.6859,0.6852,0.6859,16256.6,11146.09505
2026-09-15 22:52:00,0.6858,0.6863,0.6857,0.6859,64474.1,44237.3204
2026-09-15 22:53:00,0.686,0.6864,0.686,0.6862,27095.8,18594.99448
2026-09-15 22:54:00,0.6862,0.6867,0.6862,0.6864,18931.6,12997.00253
2026-09-15 22:55:00,0.6864,0.6865,0.6857,0.6858,78837.0,54082.79864
2026-09-15 22:56:00,0.6857,0.6858,0.6851,0.6858,24348.2,16691.30138
2026-09-15 22:57:00,0.6858,0.6865,0.6858,0.6865,8169.6,5604.72791
2026-09-15 22:58:00,0.6866,0.6869,0.6858,0.6859,45330.7,31121.10257
2026-09-15 22:59:00,0.6859,0.6861,0.685,0.6855,59150.3,40557.46496
2026-09-15 23:00:00,0.6855,0.6865,0.6852,0.6865,23419.1,16057.60334
2026-09-15 23:01:00,0.6865,0.6869,0.6865,0.6869,12868.2,8835.77816
2026-09-15 23:02:00,0.6869,0.687,0.6862,0.6867,10259.1,7044.7153
2026-09-15 23:03:00,0.6868,0.6872,0.6866,0.6871,8536.7,5864.5219
2026-09-15 23:04:00,0.687,0.6873,0.687,0.6872,21747.1,14942.39737
2026-09-15 23:05:00,0.6873,0.6873,0.6866,0.6868,49682.5,34130.16944
2026-09-15 23:06:00,0.6868,0.6872,0.6865,0.6865,42050.6,28889.58937
2026-09-15 23:07:00,0.6866,0.6868,0.6862,0.6864,17786.0,12209.08542
2026-09-15 23:08:00,0.6864,0.6871,0.6864,0.6871,11102.0,7623.72264
2026-09-15 23:09:00,0.6871,0.6876,0.687,0.6874,26318.3,18092.10117
2026-09-15 23:10:00,0.6874,0.6879,0.6874,0.6878,10206.0,7019.16214
2026-09-15 23:11:00,0.6878,0.6888,0.6878,0.6887,16791.9,11562.05712
2026-09-15 23:12:00,0.6886,0.6893,0.6885,0.689,99333.9,68438.72783
2026-09-15 23:13:00,0.689,0.6895,0.6888,0.6894,72626.6,50054.43109
2026-09-15 23:14:00,0.6894,0.69,0.6893,0.69,60484.3,41708.8147
2026-09-15 23:15:00,0.69,0.6901,0.6895,0.6899,68221.4,47059.67705
2026-09-15 23:16:00,0.6899,0.6902,0.6895,0.6897,44746.2,30863.11341
2026-09-15 23:17:00,0.6896,0.6899,0.6893,0.6899,17552.5,12104.13746
2026-09-15 23:18:00,0.6898,0.6898,0.689,0.6893,12706.3,8758.66311
2026-09-15 23:19:00,0.6894,0.6899,0.6894,0.6897,3269.4,2255.14264
2026-09-15 23:20:00,0.6896,0.6898,0.6894,0.6898,9225.3,6362.30783
2026-09-15 23:21:00,0.6898,0.69,0.6895,0.6899,24045.6,16588.54156
2026-09-15 23:22:00,0.69,0.6909,0.6899,0.69,101018.7,69752.72152
2026-09-15 23:23:00,0.69,0.6905,0.6898,0.6905,10068.9,6949.96405
2026-09-15 23:24:00,0.6905,0.6906,0.6899,0.6903,19295.3,13319.04546
2026-09-15 23:25:00,0.6903,0.6905,0.6899,0.6904,35361.9,24406.52412
2026-09-15 23:26:00,0.6903,0.6903,0.6895,0.6895,8752.8,6037.73344
2026-09-15 23:27:00,0.6894,0.6894,0.6891,0.6892,4143.5,2855.67597
2026-09-15 23:28:00,0.6891,0.6904,0.689,0.6902,113252.1,78122.95313
2026-09-15 23:29:00,0.6901,0.6901,0.6892,0.6895,30852.5,21283.55095
2026-09-15 23:30:00,0.6894,0.6894,0.6873,0.6881,66731.1,45906.70148
2026-09-15 23:31:00,0.6881,0.6881,0.6872,0.6873,20720.4,14250.2458
2026-09-15 23:32:00,0.6873,0.6876,0.6864,0.6876,33257.2,22848.35059
2026-09-15 23:33:00,0.6876,0.6891,0.6876,0.689,17080.6,11757.97
2026-09-15 23:34:00,0.6891,0.6901,0.6884,0.6884,93687.7,64598.38421
2026-09-15 23:35:00,0.6885,0.6885,0.6878,0.6882,12986.1,8936.31626
2026-09-15 23:36:00,0.6882,0.6882,0.687,0.6871,7273.5,5000.83302
2026-09-15 23:37:00,0.6872,0.6872,0.6865,0.6865,11300.3,7761.90001
2026-09-15 23:38:00,0.6865,0.6865,0.6861,0.6864,8962.8,6150.94147
2026-09-15 23:39:00,0.6863,0.6863,0.6857,0.686,7056.3,4841.10641
2026-09-15 23:40:00,0.6859,0.6874,0.6858,0.6872,133916.1,91967.54841
2026-09-15 23:41:00,0.6873,0.688,0.6873,0.6879,11177.9,7687.66166
2026-09-15 23:42:00,0.6879,0.6881,0.6873,0.6877,25615.7,17617.40095
2026-09-15 23:43:00,0.6878,0.6886,0.6878,0.6886,11618.3,7998.46161
2026-09-15 23:44:00,0.6886,0.6891,0.6884,0.6891,16514.9,11374.76829
2026-09-15 23:45:00,0.6891,0.6891,0.6886,0.689,22537.7,15526.05539
2026-09-15 23:46:00,0.689,0.6894,0.689,0.6893,23780.7,16391.55849
2026-09-15 23:47:00,0.6893,0.6893,0.6877,0.6877,125980.3,86735.87002
2026-09-15 23:48:00,0.6877,0.6878,0.6876,0.6878,3060.2,2104.51593
2026-09-15 23:49:00,0.6878,0.6878,0.6873,0.6873,16215.7,11149.91076
2026-09-15 23:50:00,0.6874,0.688,0.6872,0.6879,12864.1,8843.90902
2026-09-15 23:51:00,0.6879,0.6882,0.6875,0.6879,10856.0,7466.61979
2026-09-15 23:52:00,0.6878,0.6881,0.6876,0.6879,21249.7,14615.86628
2026-09-15 23:53:00,0.6879,0.6885,0.6879,0.6881,5906.6,4065.42704
2026-09-15 23:54:00,0.6881,0.6884,0.6878,0.6882,4273.9,2940.57073
2026-09-15 23:55:00,0.6881,0.6881,0.6879,0.688,5653.6,3889.76274
2026-09-15 23:56:00,0.6879,0.6879,0.6869,0.6869,15562.4,10695.01506
2026-09-15 23:57:00,0.6869,0.6873,0.6868,0.6872,11014.5,7567.14058
2026-09-15 23:58:00,0.6872,0.6875,0.6871,0.6875,4799.3,3298.4128
2026-09-15 23:59:00,0.6874,0.6874,0.6866,0.6869,17193.5,11808.67156
2026-09-16 00:00:00,0.6869,0.687,0.6864,0.6869,11563.0,7940.96096
2026-09-16 00:01:00,0.6869,0.687,0.6863,0.6863,10872.0,7463.18108
2026-09-16 00:02:00,0.6863,0.6873,0.6859,0.6873,34376.4,23593.04516
2026-09-16 00:03:00,0.6874,0.6882,0.6874,0.6879,9905.5,6815.12003
2026-09-16 00:04:00,0.6879,0.6884,0.6879,0.6883,9933.0,6835.26434
2026-09-16 00:05:00,0.6883,0.6891,0.6882,0.689,24964.6,17189.69593
2026-09-16 00:06:00,0.6889,0.6892,0.6887,0.689,11137.9,7673.30675
2026-09-16 00:07:00,0.6889,0.6889,0.6869,0.6873,45066.6,31012.21298
2026-09-16 00:08:00,0.6873,0.6877,0.6873,0.6873,3336.0,2293.76785
2026-09-16 00:09:00,0.6873,0.6875,0.685,0.6858,158712.4,108863.49747
2026-09-16 00:10:00,0.6857,0.6859,0.685,0.6851,7153.9,4904.47439
2026-09-16 00:11:00,0.6851,0.6863,0.6851,0.6862,8420.1,5776.20433
2026-09-16 00:12:00,0.6861,0.6867,0.686,0.6864,8717.9,5983.09713
2026-09-16 00:13:00,0.6864,0.6864,0.6853,0.6856,22094.0,15147.55083
2026-09-16 00:14:00,0.6855,0.6859,0.6855,0.6858,2112.9,1448.90686
2026-09-16 00:15:00,0.6857,0.6865,0.6853,0.6865,13900.1,9530.36414
2026-09-16 00:16:00,0.6865,0.6871,0.686,0.6871,13775.5,9456.39814
2026-09-16 00:17:00,0.6871,0.6875,0.6869,0.6871,29856.3,20516.76524
2026-09-16 00:18:00,0.6871,0.6871,0.6868,0.6871,3179.1,2184.14041
2026-09-16 00:19:00,0.6871,0.6872,0.6865,0.6872,21222.8,14580.4086
2026-09-16 00:20:00,0.6872,0.6874,0.6869,0.6869,72326.3,49702.20004
2026-09-16 00:21:00,0.6869,0.6875,0.6865,0.6868,12754.2,8761.68156
2026-09-16 00:22:00,0.6869,0.6876,0.6865,0.6871,68063.0,46764.15218
2026-09-16 00:23:00,0.6872,0.6882,0.6872,0.6882,4758.7,3271.39721
2026-09-16 00:24:00,0.6882,0.6899,0.6881,0.6883,181924.0,125379.34095
2026-09-16 00:25:00,0.6883,0.6886,0.688,0.6886,15008.7,10329.35569
2026-09-16 00:26:00,0.6885,0.6887,0.6884,0.6885,3669.0,2526.41339
2026-09-16 00:27:00,0.6886,0.6888,0.6879,0.6879,20591.6,14175.94778
2026-09-16 00:28:00,0.6878,0.6881,0.6869,0.6875,116617.0,80185.08281
2026-09-16 00:29:00,0.6876,0.6898,0.6876,0.6887,232659.8,160208.22442
2026-09-16 00:30:00,0.6887,0.6889,0.6883,0.6888,5848.0,4026.99022
2026-09-16 00:31:00,0.6887,0.6887,0.688,0.6881,28922.5,19910.32651
2026-09-16 00:32:00,0.6882,0.6906,0.6882,0.6889,215691.7,148724.05041
2026-09-16 00:33:00,0.689,0.6892,0.6881,0.6886,143455.2,98805.16299
2026-09-16 00:34:00,0.6885,0.6892,0.688,0.688,56273.6,38754.67176
2026-09-16 00:35:00,0.688,0.688,0.6875,0.6879,42477.9,29217.88023
2026-09-16 00:36:00,0.6879,0.6884,0.6873,0.6876,39034.7,26846.75183
2026-09-16 00:37:00,0.6877,0.6883,0.6877,0.6883,12529.4,8621.00459
2026-09-16 00:38:00,0.6883,0.6887,0.6882,0.6885,10784.7,7424.9958
2026-09-16 00:39:00,0.6884,0.6891,0.6884,0.6891,5085.0,3501.93499
2026-09-16 00:40:00,0.689,0.689,0.6884,0.6884,25075.9,17269.04838
2026-09-16 00:41:00,0.6883,0.6887,0.6883,0.6884,10969.8,7552.40148
2026-09-16 00:42:00,0.6883,0.6883,0.6876,0.6876,10520.9,7238.01979
2026-09-16 00:43:00,0.6877,0.6878,0.6871,0.6872,7194.1,4945.34797
2026-09-16 00:44:00,0.6872,0.6877,0.6872,0.6877,4658.7,3202.67721
2026-09-16 00:45:00,0.6877,0.6881,0.6869,0.6871,15371.4,10564.94352
2026-09-16 00:46:00,0.687,0.687,0.6863,0.6863,11572.3,7946.22746
2026-09-16 00:47:00,0.6864,0.6875,0.6864,0.6875,67463.2,46341.67475
2026-09-16 00:48:00,0.6876,0.6889,0.6873,0.6889,24348.0,16745.40416
2026-09-16 00:49:00,0.6888,0.6888,0.6877,0.6879,14652.4,10083.07229
2026-09-16 00:50:00,0.6879,0.6881,0.6875,0.6876,10463.2,7196.12733
2026-09-16 00:51:00,0.6877,0.688,0.6877,0.6879,7586.4,5218.79236
2026-09-16 00:52:00,0.6879,0.6889,0.687,0.6872,96203.1,66181.60227
2026-09-16 00:53:00,0.6872,0.6873,0.6864,0.6864,5306.4,3645.52203
2026-09-16 00:54:00,0.6865,0.6865,0.6861,0.6861,5252.9,3605.30514
2026-09-16 00:55:00,0.6861,0.6868,0.6861,0.6862,10342.5,7099.88592
2026-09-16 00:56:00,0.6863,0.6865,0.6861,0.6862,16623.1,11407.97398
2026-09-16 00:57:00,0.6863,0.6865,0.686,0.6861,4291.4,2944.7576
2026-09-16 00:58:00,0.6861,0.6874,0.6858,0.687,266210.8,182826.20873
2026-09-16 00:59:00,0.6871,0.6874,0.6864,0.6864,74900.8,51421.5732
2026-09-16 01:00:00,0.6863,0.6871,0.6862,0.687,5200.1,3571.77965
2026-09-16 01:01:00,0.6871,0.6877,0.6865,0.6866,60939.7,41869.11488
2026-09-16 01:02:00,0.6867,0.6868,0.6857,0.6858,33916.8,23282.46427
2026-09-16 01:03:00,0.6859,0.6864,0.6857,0.6857,24734.9,16968.52343
2026-09-16 01:04:00,0.6857,0.6857,0.6837,0.6841,95411.7,65313.89296
2026-09-16 01:05:00,0.6841,0.6842,0.6839,0.6842,5040.6,3448.3289
2026-09-16 01:06:00,0.6843,0.6852,0.6843,0.6852,11800.8,8083.04542
2026-09-16 01:07:00,0.6853,0.6854,0.685,0.685,11241.2,7702.85116
2026-09-16 01:08:00,0.6849,0.6851,0.6845,0.6851,13696.8,9379.3855
2026-09-16 01:09:00,0.6851,0.6856,0.685,0.6856,10425.9,7145.51091
2026-09-16 01:10:00,0.6856,0.6864,0.6855,0.6864,8086.1,5546.32377
2026-09-16 01:11:00,0.6865,0.687,0.6865,0.6865,5026.2,3451.19642
2026-09-16 01:12:00,0.6865,0.6865,0.685,0.6854,16272.9,11164.51676
2026-09-16 01:13:00,0.6855,0.686,0.6852,0.6859,11589.9,7944.87356
2026-09-16 01:14:00,0.686,0.6867,0.686,0.6865,14609.0,10030.18552
2026-09-16 01:15:00,0.6865,0.6865,0.6856,0.6861,21859.6,14999.77443
2026-09-16 01:16:00,0.6862,0.6869,0.6862,0.6866,14248.3,9783.83071
2026-09-16 01:17:00,0.6866,0.6867,0.6863,0.6866,7053.6,4841.33085
2026-09-16 01:18:00,0.6865,0.6866,0.6864,0.6866,2186.3,1500.86324
2026-09-16 01:19:00,0.6867,0.6871,0.6867,0.6871,5794.4,3979.90508
2026-09-16 01:20:00,0.6871,0.6873,0.6868,0.6872,5973.6,4103.8506
2026-09-16 01:21:00,0.6873,0.688,0.6873,0.6879,4737.8,3258.78633
2026-09-16 01:22:00,0.6878,0.6881,0.6875,0.6876,14472.5,9954.63572
2026-09-16 01:23:00,0.6875,0.6885,0.6874,0.6882,56621.8,38950.88141
2026-09-16 01:24:00,0.6882,0.689,0.6882,0.689,8301.8,5715.63029
2026-09-16 01:25:00,0.689,0.689,0.6887,0.689,5089.4,3506.29536
2026-09-16 01:26:00,0.689,0.6894,0.6883,0.6883,27165.1,18723.38211
2026-09-16 01:27:00,0.6883,0.6884,0.6881,0.6884,9323.1,6416.97807
2026-09-16 01:28:00,0.6884,0.6887,0.6883,0.6887,4728.2,3254.69365
2026-09-16 01:29:00,0.6888,0.6888,0.6874,0.6875,90114.7,62003.57615
2026-09-16 01:30:00,0.6875,0.6876,0.6872,0.6873,2518.0,1731.00107
2026-09-16 01:31:00,0.6872,0.6877,0.6872,0.6872,7891.7,5425.10127
2026-09-16 01:32:00,0.6872,0.6873,0.6867,0.6871,7904.9,5430.59312
2026-09-16 01:33:00,0.687,0.687,0.6857,0.6858,15128.4,10385.3442
2026-09-16 01:34:00,0.6857,0.6857,0.6851,0.6851,1229.1,842.42916
2026-09-16 01:35:00,0.6851,0.6868,0.6847,0.686,154208.4,105734.52268
2026-09-16 01:36:00,0.6859,0.6859,0.6841,0.6842,27068.3,18538.29713
2026-09-16 01:37:00,0.6842,0.6852,0.6839,0.6844,26474.5,18128.23046
2026-09-16 01:38:00,0.6844,0.6848,0.6841,0.6847,10182.0,6968.88803
2026-09-16 01:39:00,0.6847,0.6847,0.6836,0.6838,8077.7,5526.29791
2026-09-16 01:40:00,0.6839,0.6849,0.6838,0.6849,12546.6,8586.65743
2026-09-16 01:41:00,0.6849,0.6862,0.6843,0.6851,304689.3,208710.06632
2026-09-16 01:42:00,0.6851,0.6854,0.685,0.6851,9832.4,6737.46614
2026-09-16 01:43:00,0.6851,0.6855,0.6849,0.6849,9015.7,6177.90106
2026-09-16 01:44:00,0.6851,0.6853,0.6849,0.685,10463.9,7169.19596
2026-09-16 01:45:00,0.685,0.6858,0.685,0.6855,6647.8,4557.16818
2026-09-16 01:46:00,0.6856,0.6857,0.684,0.6844,13866.8,9497.86024
2026-09-16 01:47:00,0.6845,0.6845,0.683,0.6834,111723.1,76382.93302
2026-09-16 01:48:00,0.6835,0.684,0.6829,0.6834,35706.9,24407.50956
2026-09-16 01:49:00,0.6833,0.6834,0.683,0.6831,7547.6,5156.47497
2026-09-16 01:50:00,0.6831,0.6831,0.6821,0.6823,11700.8,7984.23368
2026-09-16 01:51:00,0.6824,0.6828,0.6822,0.6826,11976.3,8173.43013
2026-09-16 01:52:00,0.6826,0.6827,0.6823,0.6826,1075.3,733.91436
2026-09-16 01:53:00,0.6826,0.6827,0.6822,0.6823,13394.3,9140.42027
2026-09-16 01:54:00,0.6824,0.6824,0.6818,0.6821,32130.6,21912.5287
2026-09-16 01:55:00,0.682,0.6823,0.6818,0.6818,8260.4,5633.26749
2026-09-16 01:56:00,0.6818,0.6821,0.6813,0.6814,19029.0,12974.23109
2026-09-16 01:57:00,0.6814,0.6815,0.6811,0.6814,29499.5,20096.97733
2026-09-16 01:58:00,0.6815,0.6821,0.6813,0.6819,54707.3,37293.0827
2026-09-16 01:59:00,0.6819,0.6822,0.6816,0.6816,28949.4,19738.71115
2026-09-16 02:00:00,0.6817,0.6832,0.6817,0.6825,68954.2,47071.90788
2026-09-16 02:01:00,0.6826,0.6835,0.6826,0.6835,16161.3,11040.4314
2026-09-16 02:02:00,0.6836,0.6845,0.6835,0.6845,23257.7,15910.68523
2026-09-16 02:03:00,0.6846,0.685,0.6843,0.6843,6288.7,4304.54645
2026-09-16 02:04:00,0.6842,0.6842,0.6837,0.6842,6417.2,4388.57072
2026-09-16 02:05:00,0.6842,0.6843,0.6839,0.6842,5776.7,3951.76162
2026-09-16 02:06:00,0.6842,0.6842,0.6828,0.6832,33671.5,23023.28924
2026-09-16 02:07:00,0.6832,0.6832,0.682,0.6825,10325.4,7047.60578
2026-09-16 02:08:00,0.6825,0.6828,0.6823,0.6824,12621.5,8614.74674
2026-09-16 02:09:00,0.6825,0.6825,0.682,0.6823,7773.6,5303.01224
2026-09-16 02:10:00,0.6822,0.6827,0.682,0.6824,50760.2,34625.88772
2026-09-16 02:11:00,0.6823,0.6823,0.6812,0.6813,5999.2,4088.5769
2026-09-16 02:12:00,0.6813,0.6824,0.6808,0.6821,135200.6,92171.51063
2026-09-16 02:13:00,0.6822,0.6835,0.6822,0.6835,13351.8,9115.7568
2026-09-16 02:14:00,0.6835,0.6837,0.683,0.6833,22763.5,15554.19113
2026-09-16 02:15:00,0.6832,0.6845,0.6831,0.6844,7788.7,5327.21066
2026-09-16 02:16:00,0.6844,0.6852,0.6842,0.6852,6836.9,4681.1499
2026-09-16 02:17:00,0.6852,0.6864,0.6849,0.6857,126206.5,86532.56879
2026-09-16 02:18:00,0.6858,0.6861,0.6851,0.6855,15544.4,10661.13432
2026-09-16 02:19:00,0.6855,0.6865,0.6855,0.6864,13814.9,9478.42371
2026-09-16 02:20:00,0.6864,0.6869,0.6864,0.6869,3595.6,2469.17235
2026-09-16 02:21:00,0.6869,0.6869,0.6867,0.6867,7821.3,5371.20407
2026-09-16 02:22:00,0.6868,0.687,0.6863,0.6864,9011.3,6188.88297
2026-09-16 02:23:00,0.6864,0.6864,0.686,0.6861,16408.9,11260.80621
2026-09-16 02:24:00,0.6861,0.6866,0.6861,0.6866,18209.2,12496.66141
2026-09-16 02:25:00,0.6866,0.687,0.6864,0.6866,45870.6,31491.66132
2026-09-16 02:26:00,0.6865,0.6868,0.6861,0.6868,19964.5,13701.6011
2026-09-16 02:27:00,0.6868,0.687,0.6866,0.6868,13407.7,9207.33933
2026-09-16 02:28:00,0.6869,0.6871,0.6865,0.6868,32777.8,22512.69383
2026-09-16 02:29:00,0.6869,0.6872,0.6868,0.6872,18393.8,12635.7872
2026-09-16 02:30:00,0.6873,0.6889,0.6871,0.6884,41732.8,28702.60526
2026-09-16 02:31:00,0.6884,0.689,0.6883,0.6888,17504.5,12054.39856
2026-09-16 02:32:00,0.6889,0.6891,0.6883,0.6883,22929.3,15792.33378
2026-09-16 02:33:00,0.6882,0.6882,0.6875,0.6879,18430.8,12675.61335
2026-09-16 02:34:00,0.688,0.6898,0.688,0.6891,108087.5,74535.60465
2026-09-16 02:35:00,0.6891,0.6898,0.689,0.6898,2895.6,1996.16402
2026-09-16 02:36:00,0.6898,0.6908,0.6898,0.6899,50344.6,34754.20045
2026-09-16 02:37:00,0.6898,0.6899,0.6895,0.6897,24956.5,17213.34421
2026-09-16 02:38:00,0.6897,0.6898,0.6895,0.6898,21165.9,14597.28393
2026-09-16 02:39:00,0.6899,0.6903,0.6899,0.69,12999.4,8970.55416
2026-09-16 02:40:00,0.69,0.6901,0.6894,0.6894,5046.8,3481.76914
2026-09-16 02:41:00,0.6895,0.6898,0.6894,0.6894,10231.0,7054.9298
2026-09-16 02:42:00,0.6894,0.6894,0.6887,0.6887,22516.2,15512.38405
2026-09-16 02:43:00,0.6887,0.6892,0.6886,0.6886,14223.2,9799.10097
2026-09-16 02:44:00,0.6886,0.6887,0.6883,0.6884,2124.2,1462.53449
2026-09-16 02:45:00,0.6884,0.6884,0.6876,0.6877,7850.7,5400.92402
2026-09-16 02:46:00,0.6878,0.6884,0.6878,0.6882,17916.0,12330.43575
2026-09-16 02:47:00,0.6883,0.6883,0.6879,0.688,14939.8,10279.20309
2026-09-16 02:48:00,0.688,0.6881,0.688,0.6881,2702.7,1859.59485
2026-09-16 02:49:00,0.6881,0.6887,0.6881,0.6885,5807.5,3997.95826
2026-09-16 02:50:00,0.6884,0.6892,0.6881,0.6885,137030.9,94383.22233
2026-09-16 02:51:00,0.6885,0.6899,0.6885,0.6888,161443.3,111279.78347
2026-09-16 02:52:00,0.6889,0.6892,0.6887,0.6887,10723.0,7388.40544
2026-09-16 02:53:00,0.6887,0.6891,0.6887,0.6891,6328.5,4358.96769
2026-09-16 02:54:00,0.689,0.6896,0.688,0.6883,151375.1,104261.48556
2026-09-16 02:55:00,0.6883,0.6886,0.6882,0.6883,19093.1,13143.11424
2026-09-16 02:56:00,0.6883,0.6885,0.6872,0.6873,14549.8,10009.99716
2026-09-16 02:57:00,0.6874,0.6895,0.6874,0.6886,173862.2,119686.06078
2026-09-16 02:58:00,0.6885,0.6905,0.6885,0.689,133690.1,92217.53607
2026-09-16 02:59:00,0.689,0.6891,0.6889,0.689,16046.3,11054.83183
2026-09-16 03:00:00,0.6891,0.6896,0.6888,0.6896,18590.3,12811.15005
2026-09-16 03:01:00,0.6897,0.6906,0.6897,0.6906,32332.4,22315.20631
2026-09-16 03:02:00,0.6907,0.6907,0.6903,0.6907,18418.9,12719.04812
2026-09-16 03:03:00,0.6906,0.6908,0.689,0.6897,158201.8,109171.99681
2026-09-16 03:04:00,0.6897,0.69,0.689,0.6892,104046.8,71759.57438
2026-09-16 03:05:00,0.6893,0.6893,0.6889,0.6891,9712.2,6693.23355
2026-09-16 03:06:00,0.6891,0.6892,0.6887,0.6888,16491.5,11361.53145
2026-09-16 03:07:00,0.6888,0.6889,0.6882,0.6882,6023.4,4147.23138
2026-09-16 03:08:00,0.6883,0.6883,0.688,0.688,1542.9,1061.63248
2026-09-16 03:09:00,0.6881,0.6892,0.6877,0.6887,107937.3,74317.80977
2026-09-16 03:10:00,0.6888,0.6893,0.6888,0.6891,21728.4,14972.5592
2026-09-16 03:11:00,0.6891,0.6902,0.6891,0.6901,11795.6,8137.44451
2026-09-16 03:12:00,0.6902,0.6907,0.69,0.6903,17012.1,11744.89408
2026-09-16 03:13:00,0.6903,0.691,0.6903,0.691,10286.3,7106.50272
2026-09-16 03:14:00,0.691,0.6915,0.691,0.6914,13582.0,9386.99498
2026-09-16 03:15:00,0.6913,0.6917,0.6913,0.6917,15645.1,10818.66082
2026-09-16 03:16:00,0.6917,0.6929,0.6917,0.6927,46128.1,31935.42083
2026-09-16 03:17:00,0.6927,0.6934,0.6927,0.6932,37535.2,26017.76069
2026-09-16 03:18:00,0.6933,0.6938,0.6933,0.6938,20920.8,14508.39952
2026-09-16 03:19:00,0.6937,0.6941,0.6918,0.6928,188361.8,130572.26709
2026-09-16 03:20:00,0.6929,0.6931,0.6926,0.6929,2869.8,1988.53132
2026-09-16 03:21:00,0.693,0.6936,0.6926,0.6935,39501.7,27385.36567
2026-09-16 03:22:00,0.6935,0.6936,0.6928,0.693,6924.5,4798.88299
2026-09-16 03:23:00,0.6931,0.6935,0.6928,0.6929,34572.2,23963.98707
2026-09-16 03:24:00,0.6928,0.6928,0.6919,0.6919,7438.7,5149.62479
2026-09-16 03:25:00,0.692,0.692,0.6915,0.6917,38743.4,26797.88919
2026-09-16 03:26:00,0.6918,0.692,0.6917,0.6917,31378.6,21708.07954
2026-09-16 03:27:00,0.6917,0.6917,0.6908,0.6908,1946.9,1346.10545
2026-09-16 03:28:00,0.6908,0.6915,0.6907,0.6909,58941.3,40737.16202
2026-09-16 03:29:00,0.6909,0.691,0.6903,0.6903,17670.9,12203.86899
2026-09-16 03:30:00,0.6902,0.6906,0.6898,0.6898,38094.5,26291.22463
2026-09-16 03:31:00,0.6897,0.6915,0.6895,0.6907,187153.4,129214.6989
2026-09-16 03:32:00,0.6908,0.6911,0.6908,0.691,4468.7,3087.93203
2026-09-16 03:33:00,0.6911,0.6911,0.6905,0.6905,12787.1,8834.07551
2026-09-16 03:34:00,0.6905,0.6905,0.6901,0.6901,3508.8,2422.06675
2026-09-16 03:35:00,0.6901,0.6901,0.6897,0.6897,8615.9,5944.02638
2026-09-16 03:36:00,0.6898,0.6898,0.6892,0.6892,1196.3,824.84184
2026-09-16 03:37:00,0.6892,0.6893,0.6888,0.6888,9570.5,6592.84087
2026-09-16 03:38:00,0.6888,0.6888,0.6883,0.6885,6686.5,4603.09546
2026-09-16 03:39:00,0.6886,0.6897,0.6886,0.6891,6595.8,4545.86209
2026-09-16 03:40:00,0.6891,0.6897,0.6891,0.6896,3819.9,2633.36884
2026-09-16 03:41:00,0.6895,0.6895,0.689,0.6892,10422.4,7184.32178
2026-09-16 03:42:00,0.6893,0.6893,0.6884,0.6886,33345.0,22969.88783
2026-09-16 03:43:00,0.6885,0.6892,0.6885,0.6892,760.3,523.68717
2026-09-16 03:44:00,0.6892,0.6893,0.6888,0.6888,17191.0,11843.13779
2026-09-16 03:45:00,0.6889,0.6894,0.6886,0.6892,14960.8,10306.46724
2026-09-16 03:46:00,0.6892,0.6892,0.6885,0.6889,3425.7,2359.91026
2026-09-16 03:47:00,0.6889,0.689,0.6884,0.6884,7731.4,5323.36581
2026-09-16 03:48:00,0.6884,0.6887,0.6884,0.6885,11286.3,7770.72809
2026-09-16 03:49:00,0.6885,0.6887,0.6885,0.6887,6533.1,4498.05106
2026-09-16 03:50:00,0.6886,0.6886,0.688,0.6885,7493.9,5158.53935
2026-09-16 03:51:00,0.6885,0.6888,0.6885,0.6886,19150.2,13187.27027
2026-09-16 03:52:00,0.6887,0.689,0.6887,0.6889,4529.1,3119.86271
2026-09-16 03:53:00,0.689,0.6895,0.689,0.6892,9511.9,6555.81643
2026-09-16 03:54:00,0.6891,0.6893,0.689,0.6893,6981.8,4811.21233
2026-09-16 03:55:00,0.6892,0.6895,0.6892,0.6895,7402.4,5103.14567
2026-09-16 03:56:00,0.6896,0.6898,0.6894,0.6897,4327.2,2984.13226
2026-09-16 03:57:00,0.6896,0.6901,0.6896,0.6899,10747.8,7414.47684
2026-09-16 03:58:00,0.6898,0.6901,0.6898,0.6899,14163.6,9772.32296
2026-09-16 03:59:00,0.6899,0.6901,0.6899,0.69,9548.7,6588.92631
2026-09-16 04:00:00,0.69,0.6905,0.6899,0.6905,9415.4,6499.05622
2026-09-16 04:01:00,0.6906,0.6906,0.69,0.69,42670.5,29457.38643
2026-09-16 04:02:00,0.69,0.6904,0.6899,0.6904,6682.7,4612.08746
2026-09-16 04:03:00,0.6905,0.6914,0.6903,0.6914,18659.7,12888.94928
2026-09-16 04:04:00,0.6915,0.6928,0.6915,0.6927,28739.2,19902.48584
2026-09-16 04:05:00,0.6927,0.6928,0.692,0.6921,13160.1,9111.69423
2026-09-16 04:06:00,0.6922,0.6927,0.692,0.6922,22298.6,15439.86858
2026-09-16 04:07:00,0.6922,0.6925,0.6922,0.6923,36588.4,25329.71157
2026-09-16 04:08:00,0.6923,0.6928,0.6922,0.6925,13265.0,9186.04381
2026-09-16 04:09:00,0.6924,0.6924,0.6915,0.6916,57457.4,39760.80336
2026-09-16 04:10:00,0.6916,0.6923,0.6915,0.6922,10544.5,7295.52676
2026-09-16 04:11:00,0.6922,0.6927,0.6921,0.6926,8238.5,5704.03992
2026-09-16 04:12:00,0.6925,0.6925,0.6917,0.6918,24797.5,17159.775
2026-09-16 04:13:00,0.6917,0.6923,0.6917,0.6923,3332.5,2305.98254
2026-09-16 04:14:00,0.6922,0.6922,0.692,0.692,6635.5,4592.01507
2026-09-16 04:15:00,0.6919,0.6919,0.6912,0.6912,5824.0,4028.11868
2026-09-16 04:16:00,0.6913,0.6915,0.6911,0.6912,9023.2,6237.1276
2026-09-16 04:17:00,0.6911,0.6914,0.6911,0.6913,3600.6,2488.76655
2026-09-16 04:18:00,0.6913,0.6913,0.691,0.691,4982.2,3443.5731
2026-09-16 04:19:00,0.691,0.691,0.6906,0.6906,3626.4,2505.06267
2026-09-16 04:20:00,0.6907,0.6935,0.6907,0.6934,43509.5,30112.66465
2026-09-16 04:21:00,0.6934,0.6955,0.6932,0.6947,153067.6,106336.26682
2026-09-16 04:22:00,0.6946,0.6946,0.6936,0.6943,124126.4,86170.82655
2026-09-16 04:23:00,0.6943,0.696,0.6943,0.6956,73817.7,51328.69909
2026-09-16 04:24:00,0.6956,0.6973,0.6953,0.6957,165941.8,115521.4187
2026-09-16 04:25:00,0.6957,0.6957,0.6951,0.6951,8063.1,5607.04857
2026-09-16 04:26:00,0.6952,0.6953,0.6949,0.6952,23257.1,16166.87607
2026-09-16 04:27:00,0.6952,0.6953,0.6937,0.6938,68751.2,47737.55027
2026-09-16 04:28:00,0.6938,0.6938,0.6926,0.6929,15183.8,10520.41485
2026-09-16 04:29:00,0.693,0.6938,0.693,0.6934,22041.6,15284.81534
2026-09-16 04:30:00,0.6933,0.6933,0.693,0.6931,10787.4,7478.50473
2026-09-16 04:31:00,0.6932,0.6932,0.6929,0.6929,2150.5,1490.63625
2026-09-16 04:32:00,0.6928,0.6929,0.6923,0.6924,6246.1,4325.89637
2026-09-16 04:33:00,0.6925,0.6926,0.6922,0.6923,11310.4,7831.4472
2026-09-16 04:34:00,0.6923,0.6935,0.6921,0.6935,163889.6,113563.70086
2026-09-16 04:35:00,0.6935,0.6939,0.6933,0.6937,6876.0,4769.48836
2026-09-16 04:36:00,0.6937,0.694,0.6932,0.694,19620.5,13606.4863
2026-09-16 04:37:00,0.6941,0.6942,0.6936,0.694,16050.2,11134.76663
2026-09-16 04:38:00,0.694,0.6943,0.6939,0.694,4976.6,3454.22079
2026-09-16 04:39:00,0.694,0.6951,0.694,0.6951,9345.1,6491.59883
2026-09-16 04:40:00,0.6951,0.6957,0.6951,0.6951,23663.7,16457.13508
2026-09-16 04:41:00,0.6952,0.6956,0.6951,0.6954,16250.2,11300.53559
2026-09-16 04:42:00,0.6955,0.6958,0.6955,0.6956,30794.6,21420.45608
2026-09-16 04:43:00,0.6956,0.6956,0.6931,0.6936,166346.6,115494.04315
2026-09-16 04:44:00,0.6935,0.6936,0.6931,0.6932,27936.2,19369.30889
2026-09-16 04:45:00,0.6933,0.6941,0.6931,0.6941,24268.0,16828.61698
2026-09-16 04:46:00,0.694,0.694,0.6932,0.6932,9068.1,6287.9448
2026-09-16 04:47:00,0.6932,0.6934,0.6931,0.6931,65041.4,45087.04435
2026-09-16 04:48:00,0.693,0.693,0.6929,0.6929,3493.7,2420.80573
2026-09-16 04:49:00,0.6929,0.693,0.6927,0.6929,15330.8,10621.97981
2026-09-16 04:50:00,0.6929,0.693,0.6928,0.6928,1356.7,940.13501
2026-09-16 04:51:00,0.6927,0.6927,0.6921,0.6922,43001.1,29773.1215
2026-09-16 04:52:00,0.6921,0.6922,0.6919,0.692,1184.3,819.56015
2026-09-16 04:53:00,0.6919,0.6919,0.6917,0.6918,4539.6,3140.55964
2026-09-16 04:54:00,0.6917,0.6919,0.6915,0.6917,6863.6,4748.04428
2026-09-16 04:55:00,0.6916,0.6916,0.6914,0.6916,2227.4,1540.31912
2026-09-16 04:56:00,0.6916,0.6916,0.6911,0.6911,5291.2,3657.91731
2026-09-16 04:57:00,0.6911,0.6934,0.6911,0.6922,222073.4,153646.45302
2026-09-16 04:58:00,0.6922,0.6928,0.6922,0.6928,6276.8,4346.50183
2026-09-16 04:59:00,0.6928,0.6928,0.692,0.692,5401.9,3739.9141
2026-09-16 05:00:00,0.692,0.6927,0.692,0.6924,5254.4,3638.1948
2026-09-16 05:01:00,0.6923,0.6923,0.6913,0.6913,17101.2,11832.44522
2026-09-16 05:02:00,0.6912,0.6912,0.6893,0.6894,71224.7,49140.83674
2026-09-16 05:03:00,0.6893,0.6896,0.689,0.6894,15165.9,10454.09484
2026-09-16 05:04:00,0.6893,0.6898,0.6888,0.6897,28574.5,19694.12293
2026-09-16 05:05:00,0.6898,0.6903,0.6888,0.6889,17550.3,12099.26773
2026-09-16 05:06:00,0.6888,0.6895,0.6885,0.689,36888.4,25414.17481
2026-09-16 05:07:00,0.6891,0.6896,0.689,0.6895,10845.9,7475.98878
2026-09-16 05:08:00,0.6895,0.6903,0.6895,0.6898,9869.7,6807.04555
2026-09-16 05:09:00,0.6898,0.6909,0.6898,0.6909,4213.1,2909.4967
2026-09-16 05:10:00,0.6909,0.6911,0.6906,0.6908,8521.3,5888.14436
2026-09-16 05:11:00,0.6908,0.691,0.6905,0.6908,63262.0,43706.50327
2026-09-16 05:12:00,0.6908,0.691,0.6905,0.6905,2665.7,1841.65646
2026-09-16 05:13:00,0.6905,0.6908,0.6903,0.6908,4925.3,3400.99954
2026-09-16 05:14:00,0.6909,0.691,0.6907,0.6908,11289.9,7800.14147
2026-09-16 05:15:00,0.6907,0.691,0.6906,0.691,3862.0,2667.6669
2026-09-16 05:16:00,0.6909,0.691,0.6904,0.6909,12589.1,8695.00909
2026-09-16 05:17:00,0.6909,0.6916,0.6909,0.6914,50930.9,35217.28918
2026-09-16 05:18:00,0.6913,0.6917,0.6907,0.6914,30789.5,21279.62681
2026-09-16 05:19:00,0.6913,0.6914,0.691,0.6911,56107.6,38779.68145
2026-09-16 05:20:00,0.691,0.6911,0.6907,0.6907,15856.6,10955.79778
2026-09-16 05:21:00,0.6907,0.6923,0.6907,0.692,18252.6,12619.33983
2026-09-16 05:22:00,0.6921,0.6921,0.6904,0.6905,15479.2,10695.4482
2026-09-16 05:23:00,0.6906,0.6913,0.6905,0.6913,14638.2,10112.53494
2026-09-16 05:24:00,0.6913,0.6915,0.6911,0.6914,6479.2,4479.73823
2026-09-16 05:25:00,0.6915,0.6916,0.6911,0.6914,6390.3,4418.64526
2026-09-16 05:26:00,0.6914,0.6915,0.691,0.6912,10708.5,7401.64659
2026-09-16 05:27:00,0.6911,0.6911,0.6907,0.6908,3624.7,2504.40288
2026-09-16 05:28:00,0.6909,0.6911,0.6904,0.6904,17420.4,12035.56917
2026-09-16 05:29:00,0.6905,0.6912,0.6905,0.6911,12664.3,8748.21499
2026-09-16 05:30:00,0.691,0.6912,0.6899,0.6903,9230.5,6372.2246
2026-09-16 05:31:00,0.6903,0.6907,0.6901,0.6905,18898.2,13049.99306
2026-09-16 05:32:00,0.6905,0.691,0.6904,0.691,8011.8,5532.29708
2026-09-16 05:33:00,0.6909,0.6911,0.6908,0.691,7670.4,5299.98777
2026-09-16 05:34:00,0.691,0.691,0.6907,0.6909,3230.7,2232.01644
2026-09-16 05:35:00,0.6909,0.6914,0.6908,0.6914,4909.7,3392.243
2026-09-16 05:36:00,0.6914,0.6923,0.6912,0.6914,74107.0,51264.07352
2026-09-16 05:37:00,0.6913,0.6915,0.6909,0.6912,11926.0,8243.36237
2026-09-16 05:38:00,0.6911,0.6917,0.6911,0.6915,7261.2,5020.80467
2026-09-16 05:39:00,0.6916,0.6916,0.6914,0.6915,10269.7,7101.50649
2026-09-16 05:40:00,0.6915,0.6916,0.6907,0.6914,99838.5,68979.73901
2026-09-16 05:41:00,0.6914,0.6919,0.6912,0.6912,15410.5,10656.64703
2026-09-16 05:42:00,0.6912,0.6912,0.6908,0.6909,7291.2,5038.13825
2026-09-16 05:43:00,0.6908,0.6922,0.6908,0.6919,106791.8,73853.44135
2026-09-16 05:44:00,0.6919,0.6922,0.6918,0.692,12941.6,8955.22416
2026-09-16 05:45:00,0.6921,0.6923,0.692,0.6921,16214.2,11222.02467
2026-09-16 05:46:00,0.6922,0.6924,0.6922,0.6924,3218.5,2227.94197
2026-09-16 05:47:00,0.6925,0.6925,0.6919,0.6919,10346.9,7162.65422
2026-09-16 05:48:00,0.692,0.692,0.6909,0.6911,79659.2,55081.24357
2026-09-16 05:49:00,0.6912,0.6913,0.6902,0.6906,70578.7,48746.13483
2026-09-16 05:50:00,0.6907,0.691,0.6906,0.6907,12004.2,8292.47929
2026-09-16 05:51:00,0.6907,0.6907,0.6904,0.6904,3208.4,2215.29482
2026-09-16 05:52:00,0.6904,0.6905,0.6898,0.6898,8829.1,6093.72176
2026-09-16 05:53:00,0.6898,0.6901,0.6897,0.6898,20649.5,14246.51003
2026-09-16 05:54:00,0.6899,0.69,0.6897,0.6898,12594.6,8687.80503
2026-09-16 05:55:00,0.6898,0.6904,0.6898,0.6899,22256.7,15359.03707
2026-09-16 05:56:00,0.6899,0.692,0.6899,0.6914,167703.8,115856.45082
2026-09-16 05:57:00,0.6914,0.6915,0.6913,0.6913,6690.0,4625.61482
2026-09-16 05:58:00,0.6914,0.6914,0.6911,0.6914,9643.5,6665.60934
2026-09-16 05:59:00,0.6914,0.6917,0.6914,0.6917,1130.0,781.47409
2026-09-16 06:00:00,0.6917,0.6927,0.6917,0.6927,6531.8,4520.16415
2026-09-16 06:01:00,0.6928,0.6932,0.6928,0.693,19768.1,13699.16166
2026-09-16 06:02:00,0.6931,0.6931,0.6923,0.6925,23628.7,16366.67532
2026-09-16 06:03:00,0.6926,0.6926,0.6918,0.6919,18324.5,12683.42105
2026-09-16 06:04:00,0.692,0.6921,0.6902,0.6907,204762.2,141547.23238
2026-09-16 06:05:00,0.6906,0.6906,0.6902,0.6905,24007.2,16574.89955
2026-09-16 06:06:00,0.6904,0.6904,0.6901,0.6903,2387.3,1647.90462
2026-09-16 06:07:00,0.6904,0.6904,0.6901,0.6903,9802.9,6766.78264
2026-09-16 06:08:00,0.6903,0.6907,0.6903,0.6904,3126.2,2158.66967
2026-09-16 06:09:00,0.6903,0.6903,0.6903,0.6903,1504.4,1038.48732
2026-09-16 06:10:00,0.6903,0.6903,0.69,0.6901,31863.9,21989.3012
2026-09-16 06:11:00,0.6901,0.6904,0.69,0.6904,13580.4,9371.75304
2026-09-16 06:12:00,0.6905,0.6908,0.6905,0.6908,4215.1,2911.04087
2026-09-16 06:13:00,0.6908,0.6916,0.6908,0.6914,7794.5,5387.17775
2026-09-16 06:14:00,0.6914,0.6914,0.6907,0.6907,3388.5,2341.62107
2026-09-16 06:15:00,0.6906,0.6906,0.6895,0.6895,12722.1,8781.85412
2026-09-16 06:16:00,0.6896,0.6902,0.6896,0.6902,3876.5,2674.11108
2026-09-16 06:17:00,0.6903,0.6909,0.6903,0.6906,5859.9,4046.45154
2026-09-16 06:18:00,0.6904,0.691,0.6903,0.6909,14829.1,10243.26145
2026-09-16 06:19:00,0.6909,0.6912,0.6908,0.6912,2963.1,2047.18528
2026-09-16 06:20:00,0.6913,0.6918,0.6913,0.6918,5068.7,3504.95675
2026-09-16 06:21:00,0.6918,0.6918,0.6911,0.6911,1324.7,916.03141
2026-09-16 06:22:00,0.6911,0.6913,0.6908,0.6911,14077.3,9727.30079
2026-09-16 06:23:00,0.6911,0.6911,0.6909,0.6909,3415.9,2360.22269
2026-09-16 06:24:00,0.6909,0.6909,0.6905,0.6906,9854.4,6805.63445
2026-09-16 06:25:00,0.6905,0.6905,0.6903,0.6905,8974.7,6195.81612
2026-09-16 06:26:00,0.6904,0.6907,0.6903,0.6905,6673.4,4607.62282
2026-09-16 06:27:00,0.6904,0.6904,0.6899,0.6899,3105.5,2143.06048
2026-09-16 06:28:00,0.6899,0.69,0.6898,0.6899,3229.2,2227.79834
2026-09-16 06:29:00,0.6899,0.6899,0.6888,0.6891,70956.9,48895.38162
2026-09-16 06:30:00,0.6891,0.6892,0.6888,0.6888,27769.4,19130.34925
2026-09-16 06:31:00,0.6889,0.6892,0.6883,0.6887,31239.6,21521.90425
2026-09-16 06:32:00,0.6887,0.6887,0.6884,0.6885,2734.2,1882.7088
2026-09-16 06:33:00,0.6886,0.6893,0.6886,0.6893,22788.2,15699.63033
2026-09-16 06:34:00,0.6893,0.6893,0.6888,0.6889,15756.0,10857.13058
2026-09-16 06:35:00,0.6888,0.6888,0.6884,0.6884,17878.2,12311.13794
2026-09-16 06:36:00,0.6884,0.6884,0.6881,0.6881,6758.8,4652.1477
2026-09-16 06:37:00,0.688,0.6881,0.6871,0.6871,35853.1,24654.42333
2026-09-16 06:38:00,0.6871,0.6872,0.6868,0.687,11490.7,7893.60713
2026-09-16 06:39:00,0.687,0.6875,0.6859,0.6875,74216.3,50961.59527
2026-09-16 06:40:00,0.6876,0.6881,0.6875,0.6881,14538.2,10000.10157
2026-09-16 06:41:00,0.6881,0.6881,0.6875,0.6875,120001.1,82558.35871
2026-09-16 06:42:00,0.6875,0.6882,0.6875,0.6881,3613.7,2485.57941
2026-09-16 06:43:00,0.6881,0.6882,0.6878,0.6881,8934.0,6146.43833
2026-09-16 06:44:00,0.6881,0.689,0.6881,0.689,8241.9,5675.9766
2026-09-16 06:45:00,0.6889,0.6894,0.6889,0.6894,2858.9,1970.50452
2026-09-16 06:46:00,0.6893,0.6894,0.6891,0.6891,4061.7,2799.73822
2026-09-16 06:47:00,0.6891,0.69,0.6891,0.6898,5311.3,3663.79917
2026-09-16 06:48:00,0.6899,0.6899,0.6892,0.6897,3226.5,2224.7111
2026-09-16 06:49:00,0.6897,0.6899,0.6894,0.6894,17957.8,12385.00312
2026-09-16 06:50:00,0.6894,0.6894,0.6891,0.6891,3679.0,2536.00582
2026-09-16 06:51:00,0.6891,0.6892,0.6891,0.6892,3701.3,2550.92168
2026-09-16 06:52:00,0.6891,0.6896,0.6891,0.6892,13345.6,9201.04216
2026-09-16 06:53:00,0.6892,0.6894,0.689,0.6894,5015.9,3456.62687
2026-09-16 06:54:00,0.6894,0.6894,0.6893,0.6893,5266.7,3630.51379
2026-09-16 06:55:00,0.6893,0.6898,0.6893,0.6898,5570.2,3842.05569
2026-09-16 06:56:00,0.6898,0.6904,0.6898,0.69,34773.3,23998.61396
2026-09-16 06:57:00,0.6899,0.69,0.6899,0.69,2977.8,2054.50942
2026-09-16 06:58:00,0.69,0.6911,0.69,0.691,94462.2,65232.15338
2026-09-16 06:59:00,0.691,0.6928,0.691,0.6926,26193.7,18127.19524
2026-09-16 07:00:00,0.6927,0.6932,0.692,0.6932,49318.2,34148.30184
2026-09-16 07:01:00,0.6932,0.694,0.6932,0.6939,35069.0,24326.71869
2026-09-16 07:02:00,0.6938,0.6946,0.6938,0.6946,30958.6,21492.0128
2026-09-16 07:03:00,0.6947,0.6954,0.6945,0.6947,129619.3,90073.17855
2026-09-16 07:04:00,0.6947,0.6958,0.6944,0.6944,81646.4,56732.9066
2026-09-16 07:05:00,0.6945,0.6946,0.6935,0.6944,8769.2,6087.28864
2026-09-16 07:06:00,0.6943,0.6944,0.693,0.6934,9243.1,6412.89589
2026-09-16 07:07:00,0.6934,0.6938,0.6932,0.6934,44817.1,31081.84904
2026-09-16 07:08:00,0.6934,0.6934,0.6924,0.6926,8772.1,6078.0778
2026-09-16 07:09:00,0.6927,0.6927,0.6917,0.6917,15366.0,10638.14805
2026-09-16 07:10:00,0.6916,0.6916,0.6902,0.691,121531.4,83954.58499
2026-09-16 07:11:00,0.6911,0.6913,0.6905,0.6907,37906.5,26186.99408
2026-09-16 07:12:00,0.6908,0.6909,0.6906,0.6908,32808.4,22661.05648
2026-09-16 07:13:00,0.6907,0.6908,0.6905,0.6907,15663.8,10818.69756
2026-09-16 07:14:00,0.6907,0.6916,0.6902,0.6916,25855.3,17863.34897
2026-09-16 07:15:00,0.6917,0.6925,0.6917,0.6921,25450.4,17614.18526
2026-09-16 07:16:00,0.6921,0.6921,0.6905,0.6906,211140.9,145918.29003
2026-09-16 07:17:00,0.6907,0.6909,0.6905,0.6905,35513.4,24528.93144
2026-09-16 07:18:00,0.6905,0.6905,0.6897,0.6897,13173.5,9087.96289
2026-09-16 07:19:00,0.6897,0.6897,0.6888,0.6889,17539.8,12088.68496
2026-09-16 07:20:00,0.689,0.6893,0.689,0.6892,12244.9,8438.24898
2026-09-16 07:21:00,0.6892,0.6895,0.6889,0.689,9417.1,6489.87128
2026-09-16 07:22:00,0.6889,0.6889,0.6882,0.6887,53248.3,36661.11916
2026-09-16 07:23:00,0.6888,0.6893,0.6888,0.6889,18225.7,12559.80392
2026-09-16 07:24:00,0.6889,0.6904,0.6889,0.6899,110964.4,76528.77203
2026-09-16 07:25:00,0.6898,0.6907,0.6898,0.69,5901.9,4073.38604
2026-09-16 07:26:00,0.69,0.6901,0.6899,0.6899,5514.7,3805.04277
2026-09-16 07:27:00,0.6898,0.6898,0.6892,0.6892,59559.6,41060.68808
2026-09-16 07:28:00,0.6891,0.6892,0.6888,0.689,23522.9,16207.00123
2026-09-16 07:29:00,0.6889,0.6889,0.6887,0.6889,18374.3,12655.82866
2026-09-16 07:30:00,0.6889,0.6892,0.6887,0.6888,11208.3,7721.43993
2026-09-16 07:31:00,0.6888,0.689,0.688,0.6882,31196.8,21472.25979
2026-09-16 07:32:00,0.6883,0.6892,0.6883,0.6887,6758.7,4655.92289
2026-09-16 07:33:00,0.6886,0.6886,0.6879,0.688,10849.4,7465.82288
2026-09-16 07:34:00,0.6881,0.6885,0.6879,0.688,94971.1,65348.75043
2026-09-16 07:35:00,0.688,0.6881,0.6878,0.6879,24821.0,17076.49732
2026-09-16 07:36:00,0.6879,0.688,0.6876,0.6879,12867.7,8851.28765
2026-09-16 07:37:00,0.6879,0.688,0.6877,0.6878,4486.5,3085.89485
2026-09-16 07:38:00,0.6878,0.6886,0.6877,0.6879,87173.1,59974.70615
2026-09-16 07:39:00,0.6879,0.6885,0.6878,0.6885,19524.2,13437.77846
2026-09-16 07:40:00,0.6886,0.689,0.6886,0.6888,5120.5,3527.29962
2026-09-16 07:41:00,0.6887,0.6887,0.6882,0.6882,22563.7,15532.78871
2026-09-16 07:42:00,0.6882,0.6885,0.6877,0.6878,96494.9,66399.56453
2026-09-16 07:43:00,0.6877,0.6878,0.6872,0.6873,25094.5,17249.72034
2026-09-16 07:44:00,0.6872,0.6872,0.6866,0.6869,292736.5,201082.89396
2026-09-16 07:45:00,0.6869,0.687,0.6865,0.6869,29068.9,19962.458
2026-09-16 07:46:00,0.6869,0.687,0.6867,0.6869,13488.7,9265.15702
2026-09-16 07:47:00,0.687,0.687,0.6864,0.6869,149118.9,102389.70124
2026-09-16 07:48:00,0.6869,0.6869,0.6862,0.6862,32077.7,22024.12689
2026-09-16 07:49:00,0.6862,0.6862,0.6856,0.6861,40801.1,27985.37157
2026-09-16 07:50:00,0.6861,0.6861,0.6855,0.6856,72013.5,49395.42628
2026-09-16 07:51:00,0.6856,0.6858,0.6855,0.6856,15336.5,10515.32295
2026-09-16 07:52:00,0.6856,0.6857,0.6855,0.6855,7791.8,5341.76928
2026-09-16 07:53:00,0.6855,0.6857,0.6853,0.6855,22284.4,15274.76915
2026-09-16 07:54:00,0.6854,0.6857,0.6853,0.6855,4906.4,3362.93963
2026-09-16 07:55:00,0.6855,0.6859,0.6855,0.6858,9815.1,6730.55631
2026-09-16 07:56:00,0.6859,0.6861,0.6853,0.6856,16848.4,11552.67005
2026-09-16 07:57:00,0.6855,0.6857,0.6853,0.6856,41961.4,28760.2189
2026-09-16 07:58:00,0.6857,0.6858,0.6854,0.6857,5724.5,3923.81824
2026-09-16 07:59:00,0.6857,0.6859,0.6856,0.6858,15395.3,10557.98335
2026-09-16 08:00:00,0.6857,0.686,0.6855,0.6855,18552.7,12723.18603
2026-09-16 08:01:00,0.6856,0.6858,0.6853,0.6856,13191.7,9044.25046
2026-09-16 08:02:00,0.6857,0.6857,0.685,0.685,87489.2,59951.00998
2026-09-16 08:03:00,0.6849,0.685,0.6838,0.6841,226275.5,154913.53098
2026-09-16 08:04:00,0.6841,0.6841,0.6832,0.6835,33207.1,22700.78246
2026-09-16 08:05:00,0.6835,0.6838,0.6831,0.6838,19548.8,13359.51065
2026-09-16 08:06:00,0.6837,0.6837,0.6827,0.6835,50123.3,34234.98332
2026-09-16 08:07:00,0.6835,0.6835,0.6825,0.6825,26871.1,18349.53298
2026-09-16 08:08:00,0.6824,0.6824,0.682,0.6824,60044.7,40960.73393
2026-09-16 08:09:00,0.6824,0.6839,0.6814,0.6834,268260.9,183224.07104
2026-09-16 08:10:00,0.6834,0.6838,0.6831,0.6831,22557.3,15417.87951
2026-09-16 08:11:00,0.6831,0.6833,0.6828,0.6829,9504.5,6492.75709
2026-09-16 08:12:00,0.683,0.6839,0.683,0.6839,19830.2,13555.21312
2026-09-16 08:13:00,0.684,0.6841,0.6833,0.6836,26719.5,18270.25301
2026-09-16 08:14:00,0.6837,0.6838,0.6831,0.6836,15932.0,10889.82897
2026-09-16 08:15:00,0.6835,0.6847,0.6834,0.6846,11200.7,7660.80131
2026-09-16 08:16:00,0.6847,0.685,0.6845,0.6849,7390.0,5060.21842
2026-09-16 08:17:00,0.6848,0.6855,0.6837,0.6844,176195.2,120647.81183
2026-09-16 08:18:00,0.6845,0.6846,0.6834,0.6834,23803.3,16278.50632
2026-09-16 08:19:00,0.6833,0.6846,0.6827,0.6837,118298.4,80905.95249
2026-09-16 08:20:00,0.6837,0.6841,0.6829,0.6829,10043.2,6862.31575
2026-09-16 08:21:00,0.6829,0.6842,0.6826,0.6838,11421.2,7808.24082
2026-09-16 08:22:00,0.6837,0.684,0.6833,0.6837,12473.7,8528.20179
2026-09-16 08:23:00,0.6837,0.6837,0.6828,0.6828,9670.7,6607.94253
2026-09-16 08:24:00,0.6829,0.6829,0.6824,0.6827,2355.4,1607.80143
2026-09-16 08:25:00,0.6827,0.6838,0.6822,0.6833,165132.8,112805.25667
2026-09-16 08:26:00,0.6833,0.6834,0.6824,0.6829,110565.5,75533.7198
2026-09-16 08:27:00,0.683,0.6835,0.6828,0.6828,22497.7,15366.84831
2026-09-16 08:28:00,0.6828,0.6829,0.6826,0.6829,10677.7,7290.54809
2026-09-16 08:29:00,0.6828,0.6829,0.6821,0.6823,46883.1,31993.84179
2026-09-16 08:30:00,0.6823,0.6826,0.6819,0.6826,36904.1,25184.83599
2026-09-16 08:31:00,0.6825,0.6828,0.6821,0.6827,23408.0,15976.70874
2026-09-16 08:32:00,0.6827,0.6827,0.6821,0.6826,4288.6,2926.28351
2026-09-16 08:33:00,0.6825,0.6825,0.682,0.682,7907.8,5395.24929
2026-09-16 08:34:00,0.682,0.6825,0.6819,0.6823,5338.5,3640.87114
2026-09-16 08:35:00,0.6823,0.6826,0.6823,0.6825,4066.7,2775.36688
2026-09-16 08:36:00,0.6824,0.6826,0.6823,0.6826,14298.0,9759.71159
2026-09-16 08:37:00,0.6826,0.683,0.6826,0.6827,12302.5,8400.11317
2026-09-16 08:38:00,0.6827,0.6827,0.6826,0.6827,1047.3,714.99069
2026-09-16 08:39:00,0.6826,0.6828,0.6826,0.6827,2627.1,1793.55246
2026-09-16 08:40:00,0.6826,0.6827,0.6824,0.6826,15976.9,10906.58326
2026-09-16 08:41:00,0.6827,0.6827,0.6824,0.6827,5640.1,3849.56349
2026-09-16 08:42:00,0.6827,0.6827,0.6824,0.6826,16672.0,11380.51913
2026-09-16 08:43:00,0.6825,0.683,0.6825,0.6829,14941.5,10200.24186
2026-09-16 08:44:00,0.6828,0.683,0.6828,0.6829,276.2,188.6177
2026-09-16 08:45:00,0.6828,0.6832,0.6827,0.6831,5176.7,3535.0223
2026-09-16 08:46:00,0.6831,0.6836,0.683,0.6836,6862.9,4688.72543
2026-09-16 08:47:00,0.6836,0.6836,0.6833,0.6833,8339.4,5699.51748
2026-09-16 08:48:00,0.6832,0.6832,0.6829,0.6832,13885.1,9484.38512
2026-09-16 08:49:00,0.6833,0.6836,0.6832,0.6832,15525.1,10610.07897
2026-09-16 08:50:00,0.6832,0.6836,0.683,0.6832,58226.0,39779.94474
2026-09-16 08:51:00,0.6832,0.6833,0.683,0.6833,5586.1,3815.83533
2026-09-16 08:52:00,0.6833,0.6834,0.6833,0.6834,2860.0,1954.25305
2026-09-16 08:53:00,0.6834,0.6834,0.6832,0.6834,8816.9,6024.8768
2026-09-16 08:54:00,0.6834,0.6841,0.6834,0.6841,13402.0,9165.36664
2026-09-16 08:55:00,0.6842,0.685,0.6842,0.6849,37978.3,26006.15732
2026-09-16 08:56:00,0.6849,0.6861,0.6849,0.6853,22805.7,15632.69713
2026-09-16 08:57:00,0.6853,0.6859,0.6853,0.6859,3727.9,2555.82089
2026-09-16 08:58:00,0.6858,0.6858,0.6855,0.6856,3151.7,2161.02147
2026-09-16 08:59:00,0.6856,0.6859,0.6855,0.6859,2169.4,1487.45696
2026-09-16 09:00:00,0.6858,0.6863,0.6858,0.6863,11323.9,7769.02131
2026-09-16 09:01:00,0.6864,0.6868,0.6864,0.6868,23564.0,16179.17475
2026-09-16 09:02:00,0.6868,0.687,0.6865,0.687,10115.1,6945.76064
2026-09-16 09:03:00,0.687,0.6877,0.687,0.6876,48756.0,33515.45071
2026-09-16 09:04:00,0.6876,0.6879,0.6874,0.6879,23889.7,16425.56692
2026-09-16 09:05:00,0.6878,0.6883,0.6878,0.6882,19273.4,13264.66816
2026-09-16 09:06:00,0.6881,0.6881,0.6872,0.6878,88467.5,60838.89395
2026-09-16 09:07:00,0.6878,0.6878,0.6869,0.6869,21501.6,14780.7271
2026-09-16 09:08:00,0.687,0.6871,0.6869,0.6869,3872.7,2660.62688
2026-09-16 09:09:00,0.6869,0.6874,0.6869,0.6874,2333.2,1603.12147
2026-09-16 09:10:00,0.6875,0.6876,0.687,0.6871,39289.9,27005.02788
2026-09-16 09:11:00,0.6871,0.6871,0.687,0.6871,32794.6,22531.9775
2026-09-16 09:12:00,0.6872,0.6873,0.686,0.6867,170459.3,117026.53348
2026-09-16 09:13:00,0.6866,0.6866,0.6858,0.6864,6729.2,4618.69989
2026-09-16 09:14:00,0.6863,0.6863,0.6861,0.6861,11624.0,7977.24972
2026-09-16 09:15:00,0.6862,0.687,0.6862,0.6866,82136.1,56398.12623
2026-09-16 09:16:00,0.6867,0.6869,0.6863,0.6864,10612.5,7287.3049
2026-09-16 09:17:00,0.6864,0.6869,0.6856,0.6867,189322.1,129889.37128
2026-09-16 09:18:00,0.6868,0.6871,0.6868,0.6871,9363.0,6432.59276
2026-09-16 09:19:00,0.6871,0.6873,0.6868,0.6873,30675.3,21074.35685
2026-09-16 09:20:00,0.6873,0.688,0.6873,0.6879,11862.4,8156.09378
2026-09-16 09:21:00,0.6879,0.6879,0.6876,0.6877,20635.6,14192.076
2026-09-16 09:22:00,0.6877,0.6881,0.6875,0.6875,29035.7,19971.52882
2026-09-16 09:23:00,0.6876,0.6883,0.6876,0.6882,18966.5,13044.86822
2026-09-16 09:24:00,0.6883,0.6886,0.6879,0.6885,35264.1,24271.12045
2026-09-16 09:25:00,0.6885,0.6886,0.6866,0.6875,169108.3,116266.11471
2026-09-16 09:26:00,0.6875,0.688,0.6875,0.6875,9479.6,6519.17083
2026-09-16 09:27:00,0.6874,0.688,0.6867,0.6879,21878.7,15036.57282
2026-09-16 09:28:00,0.6879,0.6879,0.6876,0.6876,3497.7,2405.46492
2026-09-16 09:29:00,0.6876,0.6877,0.6873,0.6874,13817.4,9500.24033
2026-09-16 09:30:00,0.6875,0.6876,0.6874,0.6876,864.6,594.44935
2026-09-16 09:31:00,0.6876,0.6877,0.6875,0.6877,6018.4,4137.99795
2026-09-16 09:32:00,0.6877,0.6881,0.6877,0.6881,4461.0,3069.01555
2026-09-16 09:33:00,0.6881,0.6881,0.6877,0.6878,4531.5,3117.35318
2026-09-16 09:34:00,0.6878,0.688,0.6874,0.6875,10552.8,7258.04398
2026-09-16 09:35:00,0.6875,0.6876,0.6871,0.6871,4011.2,2757.37432
2026-09-16 09:36:00,0.6871,0.6881,0.6871,0.6881,9770.0,6717.00841
2026-09-16 09:37:00,0.6881,0.6889,0.688,0.6886,10346.5,7121.87254
2026-09-16 09:38:00,0.6886,0.689,0.6885,0.6886,23313.8,16057.53969
2026-09-16 09:39:00,0.6885,0.6888,0.6883,0.6888,17447.2,12013.21503
2026-09-16 09:40:00,0.6887,0.6893,0.6887,0.6889,5241.2,3611.14447
2026-09-16 09:41:00,0.6889,0.689,0.6886,0.6886,3086.3,2126.01456
2026-09-16 09:42:00,0.6886,0.6886,0.6883,0.6883,7186.1,4948.1844
2026-09-16 09:43:00,0.6882,0.6884,0.6882,0.6884,6893.2,4744.4311
2026-09-16 09:44:00,0.6883,0.6886,0.6883,0.6884,391.7,269.66385
2026-09-16 09:45:00,0.6885,0.6886,0.6882,0.6882,8696.8,5986.41936
2026-09-16 09:46:00,0.6882,0.6882,0.6878,0.688,6253.5,4302.11128
2026-09-16 09:47:00,0.6879,0.6884,0.6879,0.6883,36407.4,25048.61383
2026-09-16 09:48:00,0.6883,0.6889,0.6882,0.6889,12007.5,8264.93242
2026-09-16 09:49:00,0.689,0.6892,0.6889,0.6889,5111.2,3522.26756
2026-09-16 09:50:00,0.6889,0.6895,0.6889,0.6893,17059.5,11759.41976
2026-09-16 09:51:00,0.6893,0.6896,0.689,0.6896,64606.4,44538.49342
2026-09-16 09:52:00,0.6896,0.6899,0.6896,0.6899,10186.2,7026.38112
2026-09-16 09:53:00,0.6899,0.69,0.6896,0.6896,6507.7,4488.44512
2026-09-16 09:54:00,0.6897,0.6904,0.6897,0.6903,63695.9,43958.7782
2026-09-16 09:55:00,0.6903,0.6905,0.6894,0.6894,9186.8,6340.81779
2026-09-16 09:56:00,0.6895,0.6897,0.6895,0.6896,10977.9,7569.79312
2026-09-16 09:57:00,0.6896,0.6897,0.6894,0.6895,3050.6,2103.44879
2026-09-16 09:58:00,0.6896,0.6899,0.6896,0.6898,21696.6,14964.92286
2026-09-16 09:59:00,0.6898,0.69,0.6896,0.6897,27460.7,18944.76999
2026-09-16 10:00:00,0.6897,0.6903,0.6897,0.6903,27799.7,19177.98301
2026-09-16 10:01:00,0.6902,0.6902,0.6898,0.6899,12802.1,8832.96435
2026-09-16 10:02:00,0.6899,0.69,0.6898,0.69,3561.3,2456.89285
2026-09-16 10:03:00,0.69,0.6904,0.69,0.6902,10409.5,7185.46445
2026-09-16 10:04:00,0.6901,0.6901,0.6894,0.6895,13146.6,9066.92381
2026-09-16 10:05:00,0.6895,0.6896,0.689,0.689,14407.9,9930.07707
2026-09-16 10:06:00,0.689,0.6902,0.689,0.6893,100051.6,69002.19838
2026-09-16 10:07:00,0.6892,0.6896,0.6891,0.6896,3081.4,2123.96221
2026-09-16 10:08:00,0.6897,0.6897,0.6893,0.6894,17467.1,12041.38499
2026-09-16 10:09:00,0.6894,0.6901,0.6894,0.69,13777.2,9502.10248
2026-09-16 10:10:00,0.69,0.6903,0.6899,0.6899,8183.8,5647.69212
2026-09-16 10:11:00,0.6898,0.6898,0.6885,0.689,104845.9,72257.36825
2026-09-16 10:12:00,0.689,0.6891,0.6884,0.6884,8023.6,5524.70491
2026-09-16 10:13:00,0.6885,0.6888,0.6883,0.6883,16936.2,11660.5561
2026-09-16 10:14:00,0.6883,0.6883,0.6879,0.6883,11763.5,8094.79242
2026-09-16 10:15:00,0.6883,0.6884,0.6881,0.6881,13765.9,9473.69178
2026-09-16 10:16:00,0.6882,0.6882,0.688,0.6882,12435.9,8556.32983
2026-09-16 10:17:00,0.6881,0.6892,0.6879,0.6891,85573.6,58937.6007
2026-09-16 10:18:00,0.6892,0.6895,0.6892,0.6894,3993.1,2752.55846
2026-09-16 10:19:00,0.6894,0.6897,0.6894,0.6897,1104.9,761.89159
2026-09-16 10:20:00,0.6897,0.6901,0.6897,0.6898,30875.4,21302.59308
2026-09-16 10:21:00,0.6898,0.69,0.6898,0.6899,2620.7,1807.81658
2026-09-16 10:22:00,0.6899,0.6901,0.689,0.689,60696.7,41831.81271
2026-09-16 10:23:00,0.689,0.689,0.6887,0.6888,3734.3,2571.87072
2026-09-16 10:24:00,0.6888,0.6888,0.6886,0.6886,3538.2,2436.81619
2026-09-16 10:25:00,0.6886,0.6887,0.6885,0.6887,7717.6,5314.58545
2026-09-16 10:26:00,0.6888,0.6899,0.6888,0.6898,63613.1,43869.33035
2026-09-16 10:27:00,0.6898,0.6898,0.6893,0.6894,7189.4,4957.28135
2026-09-16 10:28:00,0.6895,0.6895,0.6893,0.6893,1643.7,1133.19595
2026-09-16 10:29:00,0.6894,0.6897,0.6893,0.6897,7105.6,4899.29243
2026-09-16 10:30:00,0.6898,0.6901,0.6898,0.69,6919.9,4774.97935
2026-09-16 10:31:00,0.6899,0.6899,0.6894,0.6896,16616.5,11458.05423
2026-09-16 10:32:00,0.6896,0.6896,0.6894,0.6895,1574.5,1085.62807
2026-09-16 10:33:00,0.6895,0.6896,0.6895,0.6896,4472.4,3083.85936
2026-09-16 10:34:00,0.6897,0.6905,0.6897,0.69,57403.1,39618.32808
2026-09-16 10:35:00,0.69,0.69,0.6899,0.69,6172.1,4258.52373
2026-09-16 10:36:00,0.69,0.6901,0.6899,0.69,746.9,515.36748
2026-09-16 10:37:00,0.69,0.6904,0.69,0.6903,17801.1,12287.33077
2026-09-16 10:38:00,0.6903,0.6903,0.6896,0.6897,31879.9,21993.50742
2026-09-16 10:39:00,0.6896,0.6896,0.6893,0.6896,6253.5,4312.16628
2026-09-16 10:40:00,0.6897,0.6899,0.6897,0.6899,2653.0,1829.95913
2026-09-16 10:41:00,0.6898,0.6902,0.6897,0.6901,11571.4,7983.73195
2026-09-16 10:42:00,0.6901,0.6904,0.6901,0.6903,16449.0,11354.668
2026-09-16 10:43:00,0.6904,0.6906,0.6904,0.6906,753.7,520.4839
2026-09-16 10:44:00,0.6906,0.6907,0.6903,0.6905,5586.7,3857.36111
2026-09-16 10:45:00,0.6906,0.6907,0.6904,0.6907,14742.6,10181.58286
2026-09-16 10:46:00,0.6908,0.6908,0.6902,0.6902,28071.7,19376.97264
2026-09-16 10:47:00,0.6901,0.6901,0.6898,0.6898,3393.4,2341.11158
2026-09-16 10:48:00,0.6899,0.6903,0.6898,0.6903,4540.0,3132.85564
2026-09-16 10:49:00,0.6903,0.6903,0.69,0.69,9222.3,6365.07451
2026-09-16 10:50:00,0.69,0.6901,0.6899,0.6901,2441.7,1684.76684
2026-09-16 10:51:00,0.6901,0.6901,0.6898,0.6898,18843.9,13001.99034
2026-09-16 10:52:00,0.6898,0.6898,0.6895,0.6895,2623.8,1809.35232
2026-09-16 10:53:00,0.6895,0.6896,0.6893,0.6895,9124.7,6290.88624
2026-09-16 10:54:00,0.6894,0.6896,0.6892,0.6892,4691.0,3234.27086
2026-09-16 10:55:00,0.6892,0.6892,0.6889,0.689,4904.0,3379.19556
2026-09-16 10:56:00,0.6889,0.6891,0.6889,0.6891,10806.0,7444.61491
2026-09-16 10:57:00,0.689,0.6893,0.689,0.6892,18861.2,12998.30999
2026-09-16 10:58:00,0.6892,0.6895,0.6891,0.6895,11969.2,8251.25002
2026-09-16 10:59:00,0.6895,0.6904,0.6894,0.6902,8497.9,5862.90163
2026-09-16 11:00:00,0.6902,0.6924,0.69,0.6923,60462.8,41789.85203
2026-09-16 11:01:00,0.6923,0.6923,0.6903,0.6903,14351.3,9921.56442
2026-09-16 11:02:00,0.6903,0.691,0.6903,0.6909,40866.2,28230.11946
2026-09-16 11:03:00,0.691,0.6918,0.691,0.6918,10476.0,7241.11458
2026-09-16 11:04:00,0.6918,0.6918,0.6911,0.6911,33335.7,23056.97064
2026-09-16 11:05:00,0.6911,0.6912,0.6909,0.6909,4746.5,3279.68331
2026-09-16 11:06:00,0.6909,0.6909,0.6906,0.6908,1406.6,971.5949
2026-09-16 11:07:00,0.6908,0.6908,0.69,0.6901,17632.7,12172.09552
2026-09-16 11:08:00,0.6901,0.6901,0.6895,0.6896,1384.3,954.80529
2026-09-16 11:09:00,0.6896,0.6897,0.6895,0.6895,7510.8,5179.44212
2026-09-16 11:10:00,0.6896,0.6897,0.6895,0.6897,2022.1,1394.43793
2026-09-16 11:11:00,0.6898,0.6898,0.6896,0.6896,3709.6,2558.33668
2026-09-16 11:12:00,0.6895,0.6896,0.6891,0.6892,4495.7,3098.9995
2026-09-16 11:13:00,0.6892,0.6892,0.6889,0.689,7200.6,4962.47411
2026-09-16 11:14:00,0.689,0.6895,0.6889,0.689,15540.1,10707.57245
2026-09-16 11:15:00,0.6891,0.6891,0.6884,0.6886,11195.4,7712.71738
2026-09-16 11:16:00,0.6886,0.69,0.6886,0.6896,61962.3,42721.50912
2026-09-16 11:17:00,0.6895,0.6896,0.6894,0.6894,9009.5,6211.68827
2026-09-16 11:18:00,0.6894,0.6899,0.6894,0.6897,16972.1,11708.31435
2026-09-16 11:19:00,0.6898,0.6901,0.6897,0.6901,3625.5,2500.71154
2026-09-16 11:20:00,0.6902,0.6907,0.69,0.6906,14093.4,9729.28587
2026-09-16 11:21:00,0.6906,0.691,0.6903,0.6905,53692.1,37080.30485
2026-09-16 11:22:00,0.6905,0.6905,0.6892,0.6897,66048.8,45566.44641
2026-09-16 11:23:00,0.6898,0.6898,0.6893,0.6893,2674.4,1844.17934
2026-09-16 11:24:00,0.6892,0.6892,0.6888,0.6891,4832.4,3329.06103
2026-09-16 11:25:00,0.6891,0.6896,0.6891,0.6894,13426.6,9254.92969
2026-09-16 11:26:00,0.6894,0.6904,0.6893,0.6902,22755.1,15699.04435
2026-09-16 11:27:00,0.6902,0.6907,0.6902,0.6907,9373.4,6470.92761
2026-09-16 11:28:00,0.6907,0.6907,0.6902,0.6902,8430.3,5820.47015
2026-09-16 11:29:00,0.6903,0.6904,0.6901,0.6902,8759.5,6046.33966
2026-09-16 11:30:00,0.6903,0.691,0.6903,0.6906,29415.8,20315.61782
2026-09-16 11:31:00,0.6906,0.6914,0.6904,0.6914,6244.1,4314.99397
2026-09-16 11:32:00,0.6915,0.6922,0.6904,0.691,43242.3,29911.28866
2026-09-16 11:33:00,0.691,0.6916,0.691,0.6913,5858.3,4050.50204
2026-09-16 11:34:00,0.6914,0.6914,0.691,0.6911,30660.7,21191.70288
2026-09-16 11:35:00,0.691,0.6914,0.691,0.6912,20093.7,13889.31019
2026-09-16 11:36:00,0.6912,0.6918,0.6911,0.6917,16665.9,11522.07044
2026-09-16 11:37:00,0.6918,0.6925,0.6913,0.6913,34867.4,24122.22868
2026-09-16 11:38:00,0.6912,0.6914,0.6904,0.6907,39131.7,27033.93686
2026-09-16 11:39:00,0.6906,0.6909,0.6906,0.6908,37678.1,26028.1405
2026-09-16 11:40:00,0.6909,0.6914,0.6903,0.691,65558.0,45291.9694
2026-09-16 11:41:00,0.6911,0.6922,0.6911,0.6915,29558.1,20444.016
2026-09-16 11:42:00,0.6915,0.6927,0.6914,0.6927,70906.4,49049.89836
2026-09-16 11:43:00,0.6927,0.694,0.6922,0.694,71823.8,49762.59588
2026-09-16 11:44:00,0.694,0.6941,0.6927,0.6934,92826.2,64335.72956
2026-09-16 11:45:00,0.6933,0.6938,0.6926,0.6929,31793.4,22037.46023
2026-09-16 11:46:00,0.6929,0.6932,0.6918,0.6923,120608.0,83513.94675
2026-09-16 11:47:00,0.6923,0.6928,0.6923,0.6926,18212.4,12614.1665
2026-09-16 11:48:00,0.6925,0.6925,0.6921,0.6921,10881.7,7532.54344
2026-09-16 11:49:00,0.692,0.6922,0.6919,0.6922,32678.5,22617.0724
2026-09-16 11:50:00,0.6923,0.6931,0.6922,0.6929,42890.8,29710.09156
2026-09-16 11:51:00,0.6929,0.6933,0.6924,0.6925,22548.1,15624.51557
2026-09-16 11:52:00,0.6924,0.6925,0.6919,0.6923,82872.5,57362.25021
2026-09-16 11:53:00,0.6923,0.6927,0.6922,0.6923,26417.6,18294.53996
2026-09-16 11:54:00,0.6923,0.6923,0.6916,0.6919,5726.7,3962.44919
2026-09-16 11:55:00,0.692,0.6921,0.6917,0.6917,23683.8,16384.9194
2026-09-16 11:56:00,0.6918,0.6918,0.6915,0.6917,40731.1,28171.79512
2026-09-16 11:57:00,0.6917,0.692,0.6914,0.6916,70193.0,48551.13969
2026-09-16 11:58:00,0.6916,0.6918,0.6913,0.6917,21636.1,14961.76763
2026-09-16 11:59:00,0.6917,0.6922,0.6917,0.6919,9236.1,6391.24919
2026-09-16 12:00:00,0.6919,0.6922,0.6915,0.692,65796.6,45525.52387
2026-09-16 12:01:00,0.692,0.6933,0.6919,0.6928,111127.5,76992.7602
2026-09-16 12:02:00,0.6928,0.6929,0.6923,0.6923,15268.1,10574.75828
2026-09-16 12:03:00,0.6923,0.6933,0.6923,0.693,34826.4,24136.27496
2026-09-16 12:04:00,0.6929,0.6937,0.6928,0.6937,80149.3,55565.32563
2026-09-16 12:05:00,0.6937,0.6937,0.6924,0.6924,15060.7,10434.11835
2026-09-16 12:06:00,0.6924,0.6925,0.6923,0.6924,4216.2,2919.3278
2026-09-16 12:07:00,0.6924,0.6926,0.6924,0.6925,7891.0,5464.62513
2026-09-16 12:08:00,0.6925,0.6925,0.6905,0.6916,93315.0,64521.9572
2026-09-16 12:09:00,0.6915,0.6916,0.6914,0.6916,8864.6,6129.54752
2026-09-16 12:10:00,0.6915,0.6915,0.6909,0.6911,16413.4,11346.68691
2026-09-16 12:11:00,0.6911,0.6916,0.691,0.691,42102.0,29102.52299
2026-09-16 12:12:00,0.6911,0.6912,0.6907,0.6911,27695.5,19135.4147
2026-09-16 12:13:00,0.6911,0.6911,0.69,0.6902,76496.2,52817.59231
2026-09-16 12:14:00,0.6902,0.6905,0.6902,0.6905,10883.0,7511.72004
2026-09-16 12:15:00,0.6904,0.6907,0.6903,0.6906,4717.7,3257.32823
2026-09-16 12:16:00,0.6907,0.6912,0.6907,0.691,6955.4,4806.20807
2026-09-16 12:17:00,0.691,0.6918,0.691,0.6913,65050.1,44981.11457
2026-09-16 12:18:00,0.6912,0.6912,0.6904,0.6904,20428.1,14108.92338
2026-09-16 12:19:00,0.6904,0.6915,0.6904,0.6909,114619.5,79191.24359
2026-09-16 12:20:00,0.6908,0.6908,0.6901,0.6903,11726.3,8095.54541
2026-09-16 12:21:00,0.6903,0.6907,0.6902,0.6905,15410.4,10638.55565
2026-09-16 12:22:00,0.6906,0.6906,0.6904,0.6905,6993.1,4829.20861
2026-09-16 12:23:00,0.6904,0.6904,0.6897,0.6899,35997.9,24837.3351
2026-09-16 12:24:00,0.6898,0.6898,0.6889,0.689,51354.1,35391.63186
2026-09-16 12:25:00,0.689,0.6898,0.6888,0.6889,36832.7,25393.91894
2026-09-16 12:26:00,0.6889,0.6892,0.6889,0.689,22057.0,15198.23707
2026-09-16 12:27:00,0.689,0.6892,0.6889,0.6889,10648.8,7337.77738
2026-09-16 12:28:00,0.6888,0.6889,0.6882,0.6882,17355.6,11948.1529
2026-09-16 12:29:00,0.6882,0.6886,0.6882,0.6886,8310.7,5720.89707
2026-09-16 12:30:00,0.6887,0.6888,0.6868,0.6878,55936.5,38485.23839
2026-09-16 12:31:00,0.6879,0.6881,0.6875,0.6877,21585.2,14848.33841
2026-09-16 12:32:00,0.6876,0.6876,0.6864,0.687,23734.9,16308.57272
2026-09-16 12:33:00,0.687,0.6897,0.687,0.6897,11825.8,8144.48577
2026-09-16 12:34:00,0.6896,0.6909,0.6894,0.6901,118919.2,82072.14304
2026-09-16 12:35:00,0.6901,0.6904,0.6901,0.6904,10784.4,7443.38697
2026-09-16 12:36:00,0.6903,0.6904,0.6894,0.6895,7893.6,5447.38187
2026-09-16 12:37:00,0.6896,0.6897,0.6894,0.6894,19055.3,13139.72704
2026-09-16 12:38:00,0.6895,0.6895,0.6885,0.6887,13767.5,9482.56341
2026-09-16 12:39:00,0.6888,0.6892,0.688,0.6887,33087.9,22780.69858
2026-09-16 12:40:00,0.6887,0.6891,0.6886,0.6886,27682.0,19068.40526
2026-09-16 12:41:00,0.6885,0.689,0.6885,0.6889,5027.2,3462.75305
2026-09-16 12:42:00,0.6889,0.6889,0.6885,0.6885,6351.0,4374.2328
2026-09-16 12:43:00,0.6886,0.6888,0.6886,0.6887,14602.5,10056.18351
2026-09-16 12:44:00,0.6887,0.6889,0.6883,0.6883,4749.6,3271.52899
2026-09-16 12:45:00,0.6882,0.6887,0.6877,0.6887,15604.4,10733.52743
2026-09-16 12:46:00,0.6888,0.6892,0.6888,0.6892,2057.4,1417.55117
2026-09-16 12:47:00,0.6892,0.6894,0.689,0.6891,24568.5,16933.61927
2026-09-16 12:48:00,0.689,0.6894,0.689,0.6893,3492.5,2407.28678
2026-09-16 12:49:00,0.6894,0.69,0.6894,0.69,1633.1,1126.62154
2026-09-16 12:50:00,0.6899,0.6902,0.6896,0.69,22820.7,15743.70119
2026-09-16 12:51:00,0.6899,0.69,0.6895,0.69,16398.7,11312.68757
2026-09-16 12:52:00,0.69,0.69,0.6898,0.6898,3734.1,2576.04828
2026-09-16 12:53:00,0.6897,0.6904,0.6894,0.6895,48686.4,33591.52897
2026-09-16 12:54:00,0.6896,0.6898,0.6894,0.6894,4327.6,2983.92294
2026-09-16 12:55:00,0.6893,0.6893,0.6882,0.689,27877.1,19196.57739
2026-09-16 12:56:00,0.689,0.6901,0.689,0.69,6706.0,4625.56325
2026-09-16 12:57:00,0.69,0.69,0.6896,0.6896,10530.9,7264.4633
2026-09-16 12:58:00,0.6896,0.6899,0.6894,0.6899,13873.7,9568.08377
2026-09-16 12:59:00,0.6898,0.6902,0.6892,0.6899,55427.2,38221.31576
2026-09-16 13:00:00,0.6899,0.69,0.6893,0.6893,29050.1,20035.98254
2026-09-16 13:01:00,0.6893,0.6893,0.6884,0.6884,55348.8,38110.59716
2026-09-16 13:02:00,0.6884,0.6884,0.6871,0.6874,49534.3,34090.5135
2026-09-16 13:03:00,0.6874,0.6874,0.6864,0.6864,19133.6,13144.441
2026-09-16 13:04:00,0.6864,0.6869,0.6859,0.6869,19403.9,13317.50686
2026-09-16 13:05:00,0.6868,0.6877,0.6868,0.6871,19790.3,13600.14072
2026-09-16 13:06:00,0.687,0.6872,0.6868,0.6869,13604.5,9345.94766
2026-09-16 13:07:00,0.687,0.687,0.6866,0.6869,16790.5,11531.54333
2026-09-16 13:08:00,0.6868,0.6868,0.6865,0.6865,17002.8,11674.30379
2026-09-16 13:09:00,0.6864,0.6864,0.6862,0.6863,10620.6,7289.34343
2026-09-16 13:10:00,0.6863,0.6863,0.6837,0.6846,362486.7,248090.97945
2026-09-16 13:11:00,0.6845,0.6847,0.683,0.684,425796.2,291101.79055
2026-09-16 13:12:00,0.6839,0.684,0.6832,0.6835,67382.5,46057.59107
2026-09-16 13:13:00,0.6835,0.6858,0.6835,0.6858,233298.2,159760.02913
2026-09-16 13:14:00,0.6857,0.6864,0.6857,0.6864,23834.5,16350.73671
2026-09-16 13:15:00,0.6864,0.6872,0.6859,0.6872,20624.5,14159.37118
2026-09-16 13:16:00,0.6873,0.6885,0.6873,0.6879,93832.1,64585.97586
2026-09-16 13:17:00,0.6878,0.688,0.6874,0.6879,25274.2,17380.0542
2026-09-16 13:18:00,0.6879,0.6887,0.6879,0.6885,47784.1,32891.76831
2026-09-16 13:19:00,0.6885,0.6885,0.6866,0.6867,150043.5,103145.67653
2026-09-16 13:20:00,0.6867,0.6867,0.6856,0.6858,30453.3,20895.88207
2026-09-16 13:21:00,0.6859,0.6866,0.6859,0.686,62439.1,42839.44448
2026-09-16 13:22:00,0.6861,0.6864,0.6861,0.6862,8116.7,5570.36817
2026-09-16 13:23:00,0.6862,0.6862,0.6853,0.6854,46851.0,32123.24119
2026-09-16 13:24:00,0.6855,0.6856,0.6853,0.6853,30695.9,21041.07639
2026-09-16 13:25:00,0.6852,0.6863,0.6846,0.6859,172962.9,118586.56872
2026-09-16 13:26:00,0.6858,0.687,0.6858,0.6869,23567.5,16185.50146
2026-09-16 13:27:00,0.6869,0.688,0.6869,0.6879,45465.6,31268.76536
2026-09-16 13:28:00,0.6879,0.6879,0.6871,0.6874,12284.6,8446.31349
2026-09-16 13:29:00,0.6874,0.6874,0.6868,0.6868,29074.6,19975.64329
2026-09-16 13:30:00,0.6869,0.6881,0.6866,0.687,99733.3,68538.34316
2026-09-16 13:31:00,0.6871,0.6884,0.6861,0.6877,170834.5,117445.72308
2026-09-16 13:32:00,0.6878,0.6884,0.6866,0.6878,179979.9,123733.95208
2026-09-16 13:33:00,0.6877,0.6888,0.6874,0.6882,30409.9,20929.23968
2026-09-16 13:34:00,0.6881,0.6883,0.6875,0.688,43304.3,29796.83239
2026-09-16 13:35:00,0.6879,0.6891,0.6878,0.688,43587.4,30003.73999
2026-09-16 13:36:00,0.688,0.688,0.6872,0.6875,14825.4,10192.96201
2026-09-16 13:37:00,0.6874,0.6875,0.6864,0.6866,34865.4,23947.74961
2026-09-16 13:38:00,0.6865,0.6866,0.6859,0.6866,23321.7,16002.30002
2026-09-16 13:39:00,0.6867,0.6874,0.6862,0.6862,24390.1,16753.40329
2026-09-16 13:40:00,0.6861,0.687,0.6861,0.6868,52321.0,35912.49298
2026-09-16 13:41:00,0.6868,0.69,0.6867,0.6896,497815.7,342948.13205
2026-09-16 13:42:00,0.6896,0.6897,0.6885,0.6893,100132.0,68994.8872
2026-09-16 13:43:00,0.6894,0.6897,0.6889,0.6897,11269.3,7767.01986
2026-09-16 13:44:00,0.6898,0.6905,0.6898,0.6903,23420.0,16166.58839
2026-09-16 13:45:00,0.6902,0.6908,0.6898,0.6903,120684.0,83311.33844
2026-09-16 13:46:00,0.6904,0.6906,0.6898,0.6906,90362.8,62365.85304
2026-09-16 13:47:00,0.6907,0.6937,0.6907,0.6935,26492.8,18352.05828
2026-09-16 13:48:00,0.6935,0.6937,0.6925,0.6925,53318.1,36963.52368
2026-09-16 13:49:00,0.6924,0.6925,0.6912,0.6924,34439.3,23822.40285
2026-09-16 13:50:00,0.6925,0.6936,0.6921,0.6921,53762.3,37252.45799
2026-09-16 13:51:00,0.6922,0.6922,0.6906,0.6909,68591.9,47433.55558
2026-09-16 13:52:00,0.691,0.6912,0.6902,0.6902,22602.1,15608.38636
2026-09-16 13:53:00,0.6903,0.6912,0.6895,0.6912,21777.9,15028.13347
2026-09-16 13:54:00,0.6911,0.6913,0.6906,0.691,12127.8,8378.31532
2026-09-16 13:55:00,0.691,0.6918,0.6909,0.6915,18919.3,13084.17704
2026-09-16 13:56:00,0.6915,0.6915,0.6907,0.691,10376.7,7172.53335
2026-09-16 13:57:00,0.6909,0.6913,0.6907,0.691,32119.0,22197.93191
2026-09-16 13:58:00,0.6909,0.6912,0.6902,0.6902,25979.7,17951.64647
2026-09-16 13:59:00,0.6902,0.6902,0.6894,0.6898,13966.5,9634.21461
2026-09-16 14:00:00,0.6898,0.6901,0.689,0.689,33405.7,23032.21163
2026-09-16 14:01:00,0.689,0.69,0.6889,0.6892,16303.7,11242.82394
2026-09-16 14:02:00,0.6891,0.6891,0.6879,0.688,69221.4,47637.46375
2026-09-16 14:03:00,0.6879,0.6882,0.6874,0.6876,20950.7,14408.20118
2026-09-16 14:04:00,0.6875,0.6877,0.6868,0.6876,34211.9,23519.54983
2026-09-16 14:05:00,0.6876,0.6883,0.6874,0.6882,3078.4,2117.55173
