timestamp,open,high,low,close,volume,quote_volume
2026-09-14 12:06:00,1.3982,1.3983,1.3969,1.3969,92797.1,129689.5448
2026-09-14 12:07:00,1.397,1.398,1.3967,1.3979,199570.9,278868.82394
2026-09-14 12:08:00,1.3979,1.3985,1.3977,1.3977,42126.1,58898.34802
2026-09-14 12:09:00,1.3978,1.3984,1.3975,1.398,65923.0,92166.97458
2026-09-14 12:10:00,1.3979,1.3987,1.3977,1.3985,36066.7,50434.59289
2026-09-14 12:11:00,1.3985,1.3987,1.3982,1.3983,36276.9,50735.15679
2026-09-14 12:12:00,1.3983,1.3984,1.398,1.3982,15747.1,22017.8426
2026-09-14 12:13:00,1.3982,1.3982,1.3971,1.3971,30359.0,42431.0705
2026-09-14 12:14:00,1.3971,1.3977,1.3965,1.3976,31653.6,44216.70091
2026-09-14 12:15:00,1.3976,1.3985,1.3974,1.3984,76952.8,107580.93423
2026-09-14 12:16:00,1.3984,1.399,1.3964,1.3977,153919.5,215171.85879
2026-09-14 12:17:00,1.3976,1.3989,1.3972,1.3985,51435.3,71924.94337
2026-09-14 12:18:00,1.3985,1.3989,1.3983,1.3985,55298.0,77338.40823
2026-09-14 12:19:00,1.3985,1.3996,1.3985,1.3988,85905.6,120166.09932
2026-09-14 12:20:00,1.3987,1.3993,1.3969,1.397,344459.1,481489.52747
2026-09-14 12:21:00,1.3971,1.3977,1.3968,1.3974,62746.4,87662.84775
2026-09-14 12:22:00,1.3974,1.3987,1.3973,1.3987,25453.2,35588.7554
2026-09-14 12:23:00,1.3986,1.3987,1.3979,1.3985,42860.8,59938.64137
2026-09-14 12:24:00,1.3985,1.3991,1.3978,1.398,43387.9,60680.03105
2026-09-14 12:25:00,1.3979,1.398,1.3968,1.3977,27727.0,38740.86951
2026-09-14 12:26:00,1.3977,1.3977,1.3962,1.3963,17563.7,24536.16334
2026-09-14 12:27:00,1.3963,1.3984,1.3955,1.3978,473158.4,661071.51926
2026-09-14 12:28:00,1.3978,1.3984,1.3977,1.3983,22026.2,30794.0296
2026-09-14 12:29:00,1.3983,1.3992,1.3983,1.399,39825.5,55701.34464
2026-09-14 12:30:00,1.399,1.3996,1.3983,1.3992,115270.3,161273.01076
2026-09-14 12:31:00,1.3991,1.4018,1.3991,1.4017,90928.4,127344.07753
2026-09-14 12:32:00,1.4016,1.4024,1.4013,1.4023,116107.1,162785.50896
2026-09-14 12:33:00,1.4024,1.4039,1.4024,1.4036,64039.9,89861.28524
2026-09-14 12:34:00,1.4036,1.4045,1.4008,1.4013,415266.0,582497.48757
2026-09-14 12:35:00,1.4013,1.4013,1.396,1.3975,407393.7,569573.4349
2026-09-14 12:36:00,1.3975,1.4,1.3963,1.398,254077.8,355259.31506
2026-09-14 12:37:00,1.398,1.398,1.3958,1.397,62339.2,87080.70035
2026-09-14 12:38:00,1.3971,1.4006,1.3971,1.3994,144987.4,202939.88459
2026-09-14 12:39:00,1.3995,1.4013,1.3995,1.4005,68265.1,95619.6239
2026-09-14 12:40:00,1.4004,1.4006,1.3993,1.4006,47072.8,65903.44279
2026-09-14 12:41:00,1.4005,1.4026,1.3974,1.4012,384776.0,538988.41047
2026-09-14 12:42:00,1.4012,1.4023,1.4007,1.4019,89470.7,125378.28846
2026-09-14 12:43:00,1.4019,1.4035,1.4019,1.4027,96775.9,135781.63991
2026-09-14 12:44:00,1.4027,1.4033,1.4024,1.4024,21619.7,30330.79328
2026-09-14 12:45:00,1.4023,1.4039,1.4019,1.4029,190759.0,267538.84021
2026-09-14 12:46:00,1.4029,1.4029,1.3997,1.3998,106094.1,148630.94946
2026-09-14 12:47:00,1.3998,1.4002,1.3992,1.3997,47348.7,66279.05113
2026-09-14 12:48:00,1.3996,1.3998,1.3988,1.3991,100917.8,141219.02128
2026-09-14 12:49:00,1.3991,1.3992,1.3985,1.399,48552.3,67914.69489
2026-09-14 12:50:00,1.3989,1.3993,1.3971,1.3973,43482.8,60799.76115
2026-09-14 12:51:00,1.3973,1.3975,1.3959,1.3966,76562.4,106947.15965
2026-09-14 12:52:00,1.3965,1.397,1.3961,1.3965,40080.5,55976.02498
2026-09-14 12:53:00,1.3966,1.3973,1.3955,1.3956,91758.4,128184.59213
2026-09-14 12:54:00,1.3955,1.3956,1.394,1.3943,40820.9,56932.77223
2026-09-14 12:55:00,1.3943,1.3956,1.3926,1.3931,285094.9,397398.88548
2026-09-14 12:56:00,1.393,1.3941,1.3924,1.3936,317239.9,441983.86347
2026-09-14 12:57:00,1.3935,1.3945,1.3935,1.3945,48639.0,67813.89793
2026-09-14 12:58:00,1.3944,1.395,1.3941,1.395,95324.3,132933.85611
2026-09-14 12:59:00,1.3949,1.3953,1.3948,1.3951,43135.8,60175.36
2026-09-14 13:00:00,1.395,1.3956,1.3937,1.3948,233788.0,326054.10312
2026-09-14 13:01:00,1.3947,1.3947,1.393,1.3936,200393.8,279294.99062
2026-09-14 13:02:00,1.3937,1.3939,1.3917,1.3918,266703.7,371350.60375
2026-09-14 13:03:00,1.3918,1.3943,1.3907,1.3918,307284.0,427919.92115
2026-09-14 13:04:00,1.3918,1.3933,1.3899,1.3901,268632.4,373763.62999
2026-09-14 13:05:00,1.3902,1.3914,1.3897,1.3902,375270.9,521706.84328
2026-09-14 13:06:00,1.3902,1.3902,1.3845,1.385,526330.3,729671.16795
2026-09-14 13:07:00,1.3849,1.3856,1.3834,1.3843,220574.7,305398.38174
2026-09-14 13:08:00,1.3842,1.3858,1.3826,1.3846,592828.6,820711.48868
2026-09-14 13:09:00,1.3846,1.3881,1.3843,1.3881,160822.3,222845.18306
2026-09-14 13:10:00,1.3881,1.3916,1.3878,1.3914,125134.1,173917.14983
2026-09-14 13:11:00,1.3914,1.3923,1.3909,1.3919,124008.3,172568.6746
2026-09-14 13:12:00,1.3919,1.3923,1.3917,1.3918,147477.5,205293.83303
2026-09-14 13:13:00,1.3919,1.3938,1.3891,1.3899,391595.4,544749.35337
2026-09-14 13:14:00,1.3899,1.3916,1.3898,1.3902,59061.3,82134.8086
2026-09-14 13:15:00,1.3902,1.3916,1.3899,1.3912,83468.5,116085.58797
2026-09-14 13:16:00,1.3912,1.393,1.3911,1.3927,91735.0,127694.48055
2026-09-14 13:17:00,1.3927,1.3944,1.3922,1.394,97726.0,136150.48307
2026-09-14 13:18:00,1.394,1.3966,1.3935,1.3958,400124.9,558147.57492
2026-09-14 13:19:00,1.3957,1.3957,1.3926,1.3929,206099.7,287400.04117
2026-09-14 13:20:00,1.393,1.3948,1.3928,1.3931,27247.6,37971.27478
2026-09-14 13:21:00,1.3931,1.3946,1.3924,1.3942,95244.2,132721.49733
2026-09-14 13:22:00,1.3941,1.3941,1.3934,1.3935,23536.3,32801.48279
2026-09-14 13:23:00,1.3936,1.3943,1.3935,1.3941,28355.6,39519.8375
2026-09-14 13:24:00,1.3941,1.3942,1.3921,1.3924,145768.7,203057.45996
2026-09-14 13:25:00,1.3924,1.3931,1.3922,1.3931,54665.4,76121.13807
2026-09-14 13:26:00,1.3931,1.3934,1.3915,1.3927,234500.2,326501.11265
2026-09-14 13:27:00,1.3928,1.393,1.3923,1.3924,63875.8,88953.46733
2026-09-14 13:28:00,1.3925,1.3939,1.3925,1.3934,26986.5,37600.91291
2026-09-14 13:29:00,1.3935,1.3941,1.3932,1.3937,32140.5,44795.44018
2026-09-14 13:30:00,1.3938,1.3977,1.3926,1.3969,326220.9,455261.40113
2026-09-14 13:31:00,1.3968,1.3999,1.3963,1.3991,418646.9,585329.79019
2026-09-14 13:32:00,1.399,1.4004,1.3969,1.399,412271.9,576638.70753
2026-09-14 13:33:00,1.399,1.4,1.3988,1.4,61374.2,85886.36543
2026-09-14 13:34:00,1.3999,1.402,1.3999,1.4016,319674.1,447866.09124
2026-09-14 13:35:00,1.4015,1.402,1.3968,1.3968,313897.3,439544.33972
2026-09-14 13:36:00,1.3969,1.397,1.3905,1.3936,327975.4,457377.17594
2026-09-14 13:37:00,1.3937,1.3958,1.39,1.3957,317187.2,441839.50341
2026-09-14 13:38:00,1.3956,1.3977,1.3949,1.3952,157472.4,219936.24896
2026-09-14 13:39:00,1.3953,1.3959,1.3939,1.3945,143347.3,200001.95096
2026-09-14 13:40:00,1.3945,1.3963,1.3939,1.3947,76190.8,106290.41807
2026-09-14 13:41:00,1.3947,1.395,1.3924,1.3934,135624.1,188994.59344
2026-09-14 13:42:00,1.3934,1.3958,1.393,1.3949,54909.6,76588.39647
2026-09-14 13:43:00,1.3948,1.3962,1.3939,1.3953,104816.2,146228.56515
2026-09-14 13:44:00,1.3953,1.3962,1.3945,1.3954,67850.5,94662.184
2026-09-14 13:45:00,1.3954,1.3977,1.3944,1.3975,63133.2,88164.32747
2026-09-14 13:46:00,1.3974,1.3992,1.3974,1.3991,233272.6,326204.98528
2026-09-14 13:47:00,1.3992,1.4015,1.3991,1.4005,174922.8,244989.25203
2026-09-14 13:48:00,1.4005,1.4015,1.4001,1.4007,174139.7,243891.22608
2026-09-14 13:49:00,1.4006,1.4027,1.4,1.4019,167369.9,234491.4325
2026-09-14 13:50:00,1.4018,1.4034,1.4009,1.4011,368927.6,517355.33546
2026-09-14 13:51:00,1.4011,1.4017,1.3975,1.398,182082.5,254699.59195
2026-09-14 13:52:00,1.3979,1.3997,1.3964,1.3984,143969.3,201241.15124
2026-09-14 13:53:00,1.3984,1.3989,1.3965,1.3988,84797.8,118544.30226
2026-09-14 13:54:00,1.3988,1.399,1.397,1.397,64374.2,89986.95013
2026-09-14 13:55:00,1.3971,1.3971,1.3942,1.3958,434951.2,606971.92285
2026-09-14 13:56:00,1.3958,1.3958,1.3936,1.3954,120767.7,168444.17494
2026-09-14 13:57:00,1.3954,1.3954,1.3941,1.3943,60413.5,84265.37631
2026-09-14 13:58:00,1.3942,1.3958,1.3937,1.3956,72010.6,100405.16597
2026-09-14 13:59:00,1.3955,1.3964,1.3944,1.3945,90691.8,126551.7116
2026-09-14 14:00:00,1.3946,1.3989,1.3941,1.3977,471923.8,659527.11887
2026-09-14 14:01:00,1.3977,1.4,1.3977,1.3996,88244.9,123449.97213
2026-09-14 14:02:00,1.3997,1.4,1.3984,1.3996,93769.6,131205.43042
2026-09-14 14:03:00,1.3995,1.4016,1.3991,1.4007,200353.9,280592.33724
2026-09-14 14:04:00,1.4006,1.4019,1.4002,1.4012,129506.9,181450.66901
2026-09-14 14:05:00,1.4011,1.4012,1.3968,1.3971,424142.0,593321.45421
2026-09-14 14:06:00,1.397,1.3978,1.3964,1.3971,88172.2,123170.92617
2026-09-14 14:07:00,1.397,1.398,1.3965,1.3975,77233.7,107908.84742
2026-09-14 14:08:00,1.3974,1.3987,1.397,1.3975,89037.4,124439.31363
2026-09-14 14:09:00,1.3975,1.3988,1.3969,1.3972,45551.6,63672.37272
2026-09-14 14:10:00,1.3971,1.4009,1.3971,1.4009,137979.4,193112.35547
2026-09-14 14:11:00,1.4009,1.4045,1.4008,1.4019,452141.3,634189.99477
2026-09-14 14:12:00,1.4019,1.4025,1.4,1.4004,166752.9,233749.18589
2026-09-14 14:13:00,1.4005,1.402,1.4003,1.4015,71824.5,100639.10202
2026-09-14 14:14:00,1.4015,1.402,1.4008,1.4013,75461.6,105753.35477
2026-09-14 14:15:00,1.4013,1.4019,1.4008,1.4009,56577.6,79295.13599
2026-09-14 14:16:00,1.4009,1.402,1.4009,1.4019,54189.7,75963.66388
2026-09-14 14:17:00,1.402,1.4039,1.402,1.4029,256946.7,360494.32382
2026-09-14 14:18:00,1.4028,1.403,1.4,1.402,152599.9,213871.1911
2026-09-14 14:19:00,1.402,1.4055,1.402,1.4055,390491.9,548180.51972
2026-09-14 14:20:00,1.4055,1.4056,1.4038,1.4043,163867.3,230183.4058
2026-09-14 14:21:00,1.4042,1.4053,1.3997,1.4004,476286.0,668095.04994
2026-09-14 14:22:00,1.4004,1.4016,1.4,1.4009,103026.5,144288.16492
2026-09-14 14:23:00,1.4009,1.4009,1.3976,1.3991,251860.2,352403.98829
2026-09-14 14:24:00,1.3992,1.3994,1.3969,1.3969,164603.8,230098.93344
2026-09-14 14:25:00,1.3969,1.3988,1.3968,1.3988,38083.3,53236.3874
2026-09-14 14:26:00,1.3987,1.3988,1.3946,1.3951,108441.0,151451.06448
2026-09-14 14:27:00,1.3951,1.3989,1.395,1.3989,79263.9,110735.07614
2026-09-14 14:28:00,1.3989,1.4043,1.3989,1.4021,520161.3,728884.5374
2026-09-14 14:29:00,1.402,1.4024,1.3998,1.4007,137894.8,193160.80042
2026-09-14 14:30:00,1.4007,1.403,1.3999,1.4024,132260.0,185391.90446
2026-09-14 14:31:00,1.4024,1.4056,1.4023,1.4051,299719.0,420979.80783
2026-09-14 14:32:00,1.4051,1.4055,1.4021,1.4028,109660.7,153865.15352
2026-09-14 14:33:00,1.4027,1.4034,1.4018,1.4018,122620.4,172016.38678
2026-09-14 14:34:00,1.4019,1.4035,1.4017,1.4018,43145.1,60514.90814
2026-09-14 14:35:00,1.4017,1.4017,1.3978,1.3979,103319.2,144597.38433
2026-09-14 14:36:00,1.3978,1.3983,1.3967,1.3969,127972.4,178818.78498
2026-09-14 14:37:00,1.397,1.3987,1.3966,1.3975,161542.2,225735.59827
2026-09-14 14:38:00,1.3974,1.3982,1.3964,1.3981,144547.5,201975.27031
2026-09-14 14:39:00,1.3981,1.3982,1.3962,1.3974,122688.5,171450.84703
2026-09-14 14:40:00,1.3973,1.3986,1.3968,1.3979,42083.2,58820.74677
2026-09-14 14:41:00,1.398,1.399,1.3966,1.3972,52432.3,73268.72214
2026-09-14 14:42:00,1.3973,1.3982,1.3965,1.3976,91899.7,128417.29136
2026-09-14 14:43:00,1.3977,1.3981,1.3963,1.3966,35256.2,49250.41913
2026-09-14 14:44:00,1.3966,1.3978,1.3957,1.3978,83028.9,115949.2118
2026-09-14 14:45:00,1.3979,1.4018,1.3979,1.3994,320528.8,448874.6199
2026-09-14 14:46:00,1.3994,1.4003,1.3972,1.3987,187119.9,261816.60815
2026-09-14 14:47:00,1.3986,1.3988,1.3971,1.3982,37858.2,52917.45401
2026-09-14 14:48:00,1.3983,1.3996,1.398,1.3986,19279.6,26967.2113
2026-09-14 14:49:00,1.3987,1.4014,1.3985,1.4014,87592.7,122631.44276
2026-09-14 14:50:00,1.4015,1.4016,1.3998,1.3998,29358.1,41129.61777
2026-09-14 14:51:00,1.3997,1.4003,1.3986,1.3998,49732.7,69586.00837
2026-09-14 14:52:00,1.3999,1.3999,1.3975,1.3979,16768.3,23452.29744
2026-09-14 14:53:00,1.398,1.399,1.3974,1.3975,48410.1,67692.9723
2026-09-14 14:54:00,1.3974,1.4014,1.3973,1.4012,491891.4,688641.26517
2026-09-14 14:55:00,1.4011,1.4012,1.3983,1.3988,147592.5,206567.78931
2026-09-14 14:56:00,1.3989,1.3994,1.3984,1.3991,53701.9,75119.56899
2026-09-14 14:57:00,1.399,1.4,1.3986,1.3997,47462.6,66417.85453
2026-09-14 14:58:00,1.3998,1.4009,1.3995,1.4001,56301.9,78830.99515
2026-09-14 14:59:00,1.4,1.4009,1.3999,1.3999,62394.8,87371.73925
2026-09-14 15:00:00,1.3999,1.3999,1.3978,1.3978,106305.5,148709.04985
2026-09-14 15:01:00,1.3978,1.3979,1.396,1.3977,98625.0,137749.91997
2026-09-14 15:02:00,1.3977,1.3997,1.3972,1.398,153455.6,214467.34963
2026-09-14 15:03:00,1.398,1.398,1.3966,1.397,29594.7,41343.23194
2026-09-14 15:04:00,1.397,1.3971,1.3944,1.3947,80564.2,112479.89891
2026-09-14 15:05:00,1.3946,1.398,1.3924,1.3967,556713.3,776721.03069
2026-09-14 15:06:00,1.3968,1.4006,1.3968,1.3988,135742.6,189936.54114
2026-09-14 15:07:00,1.3987,1.3992,1.3973,1.3982,55637.4,77787.56953
2026-09-14 15:08:00,1.3982,1.3992,1.3973,1.3986,57502.5,80394.5323
2026-09-14 15:09:00,1.3985,1.3999,1.3982,1.3986,62700.5,87715.14843
2026-09-14 15:10:00,1.3986,1.3997,1.3983,1.3997,63342.9,88617.32594
2026-09-14 15:11:00,1.3996,1.3996,1.396,1.3964,60007.1,83860.51782
2026-09-14 15:12:00,1.3964,1.3979,1.3957,1.3979,39244.8,54814.50716
2026-09-14 15:13:00,1.3979,1.3988,1.3977,1.3986,23502.9,32860.89836
2026-09-14 15:14:00,1.3986,1.3988,1.398,1.3981,29165.0,40783.00995
2026-09-14 15:15:00,1.3982,1.3982,1.3971,1.3975,28302.2,39561.13166
2026-09-14 15:16:00,1.3975,1.3987,1.3968,1.3987,44854.5,62697.8674
2026-09-14 15:17:00,1.3988,1.4007,1.3988,1.399,54545.9,76349.38987
2026-09-14 15:18:00,1.399,1.3996,1.3981,1.3984,29864.4,41775.81902
2026-09-14 15:19:00,1.3984,1.4008,1.3984,1.4005,55299.3,77418.82283
2026-09-14 15:20:00,1.4005,1.4011,1.3998,1.4003,36124.0,50589.38378
2026-09-14 15:21:00,1.4004,1.4012,1.3993,1.4009,89491.6,125315.87935
2026-09-14 15:22:00,1.4009,1.4015,1.4004,1.4006,66259.2,92830.29373
2026-09-14 15:23:00,1.4005,1.4013,1.3997,1.4012,96860.7,135647.66865
2026-09-14 15:24:00,1.4013,1.4023,1.4,1.4003,420564.7,589173.13524
2026-09-14 15:25:00,1.4002,1.4007,1.3991,1.3998,143015.6,200210.81559
2026-09-14 15:26:00,1.3998,1.4007,1.3998,1.4,35717.3,50012.34531
2026-09-14 15:27:00,1.3999,1.3999,1.3986,1.3986,16404.1,22958.66385
2026-09-14 15:28:00,1.3987,1.4003,1.3987,1.4003,61311.1,85795.8604
2026-09-14 15:29:00,1.4003,1.4003,1.3984,1.3984,27422.7,38380.87265
2026-09-14 15:30:00,1.3983,1.4013,1.3982,1.4013,460503.7,644613.1429
2026-09-14 15:31:00,1.4012,1.4012,1.3992,1.3997,43914.7,61475.32002
2026-09-14 15:32:00,1.3997,1.4034,1.3992,1.4032,414994.9,581488.33875
2026-09-14 15:33:00,1.4032,1.4055,1.4025,1.4051,217611.5,305563.25136
2026-09-14 15:34:00,1.4051,1.406,1.403,1.4037,640874.3,900175.29862
2026-09-14 15:35:00,1.4036,1.4041,1.4016,1.4016,177117.7,248528.01098
2026-09-14 15:36:00,1.4016,1.4026,1.4001,1.4005,91515.8,128224.22372
2026-09-14 15:37:00,1.4004,1.4036,1.4004,1.4036,82293.3,115366.31872
2026-09-14 15:38:00,1.4037,1.404,1.4017,1.4017,63413.7,88993.87711
2026-09-14 15:39:00,1.4017,1.4035,1.4013,1.4013,70806.1,99305.03376
2026-09-14 15:40:00,1.4013,1.4055,1.4013,1.4038,782821.7,1099150.09026
2026-09-14 15:41:00,1.4038,1.4054,1.4034,1.4053,105628.9,148302.94541
2026-09-14 15:42:00,1.4053,1.4061,1.4043,1.4053,124017.8,174272.52419
2026-09-14 15:43:00,1.4053,1.4073,1.4052,1.4071,145965.1,205275.13625
2026-09-14 15:44:00,1.4071,1.4075,1.405,1.4052,171729.7,241530.03381
2026-09-14 15:45:00,1.4053,1.4057,1.402,1.4025,475440.2,667123.25334
2026-09-14 15:46:00,1.4024,1.4026,1.4008,1.4012,90547.2,126902.7192
2026-09-14 15:47:00,1.4013,1.4013,1.4004,1.4008,100053.3,140156.02407
2026-09-14 15:48:00,1.4007,1.4028,1.4007,1.4024,117426.6,164595.04035
2026-09-14 15:49:00,1.4025,1.4039,1.4025,1.4029,109167.5,153178.12194
2026-09-14 15:50:00,1.4028,1.4056,1.4026,1.405,530004.3,744420.54311
2026-09-14 15:51:00,1.405,1.4059,1.4036,1.4041,166582.8,234006.0691
2026-09-14 15:52:00,1.4041,1.4066,1.4041,1.4061,60803.5,85455.47745
2026-09-14 15:53:00,1.4061,1.407,1.4052,1.4065,44904.2,63135.90098
2026-09-14 15:54:00,1.4064,1.4065,1.405,1.4052,50800.2,71392.11034
2026-09-14 15:55:00,1.4051,1.4064,1.4032,1.4038,379190.9,532523.00783
2026-09-14 15:56:00,1.4038,1.4043,1.4034,1.4041,33508.9,47040.15943
2026-09-14 15:57:00,1.4041,1.4045,1.4031,1.4035,48934.7,68697.67866
2026-09-14 15:58:00,1.4034,1.4034,1.4025,1.4029,101785.1,142791.80573
2026-09-14 15:59:00,1.403,1.4038,1.4029,1.4033,88259.0,123855.25289
2026-09-14 16:00:00,1.4033,1.4047,1.4033,1.4035,80709.9,113310.80246
2026-09-14 16:01:00,1.4034,1.4042,1.4033,1.4034,23316.8,32733.40831
2026-09-14 16:02:00,1.4035,1.404,1.4032,1.4032,27924.7,39199.06018
2026-09-14 16:03:00,1.4032,1.4034,1.4029,1.403,8039.7,11280.51854
2026-09-14 16:04:00,1.403,1.4031,1.4015,1.4019,86262.1,120954.41144
2026-09-14 16:05:00,1.4019,1.4031,1.4019,1.4027,51712.2,72530.05763
2026-09-14 16:06:00,1.4028,1.4038,1.4028,1.4036,17509.0,24573.79009
2026-09-14 16:07:00,1.4037,1.4039,1.4026,1.4036,70999.3,99637.21694
2026-09-14 16:08:00,1.4035,1.4037,1.4029,1.4029,36180.6,50771.30397
2026-09-14 16:09:00,1.4029,1.4039,1.4026,1.4039,21858.9,30674.59381
2026-09-14 16:10:00,1.4039,1.4044,1.4038,1.4042,43488.1,61060.18679
2026-09-14 16:11:00,1.4042,1.4043,1.4036,1.4041,12197.1,17126.37678
2026-09-14 16:12:00,1.4042,1.4043,1.4034,1.404,57519.4,80747.55173
2026-09-14 16:13:00,1.404,1.404,1.4029,1.4029,32351.1,45398.83053
2026-09-14 16:14:00,1.4028,1.4029,1.4017,1.4025,23548.8,33022.31023
2026-09-14 16:15:00,1.4025,1.4072,1.4025,1.4072,121604.8,170898.52581
2026-09-14 16:16:00,1.4072,1.4096,1.4072,1.4094,534512.0,752971.38174
2026-09-14 16:17:00,1.4093,1.4116,1.4078,1.4115,357770.3,504397.70571
2026-09-14 16:18:00,1.4115,1.4179,1.4115,1.4162,1296320.3,1834389.21738
2026-09-14 16:19:00,1.4163,1.4187,1.4153,1.4158,368515.0,522170.84514
2026-09-14 16:20:00,1.4158,1.4174,1.4128,1.4139,577698.7,817291.80686
2026-09-14 16:21:00,1.4139,1.4183,1.4128,1.4176,176553.2,249922.89832
2026-09-14 16:22:00,1.4176,1.4195,1.4174,1.4187,322437.1,457332.29072
2026-09-14 16:23:00,1.4187,1.4187,1.417,1.4171,99584.4,141182.27633
2026-09-14 16:24:00,1.417,1.4199,1.417,1.4172,637522.0,904269.32238
2026-09-14 16:25:00,1.4173,1.4178,1.4143,1.4147,149770.9,212030.83929
2026-09-14 16:26:00,1.4147,1.4147,1.412,1.412,90195.1,127539.80818
2026-09-14 16:27:00,1.4121,1.4143,1.4116,1.413,117258.4,165644.3267
2026-09-14 16:28:00,1.413,1.4138,1.4126,1.4126,39553.8,55895.52997
2026-09-14 16:29:00,1.4126,1.4134,1.4116,1.4116,126566.5,178753.04823
2026-09-14 16:30:00,1.4117,1.4142,1.4117,1.4138,140003.4,197802.31756
2026-09-14 16:31:00,1.4138,1.4146,1.4121,1.4134,312826.3,442094.91537
2026-09-14 16:32:00,1.4134,1.4139,1.4121,1.4125,52590.9,74310.33382
2026-09-14 16:33:00,1.4125,1.4129,1.4112,1.4113,157796.1,222851.0762
2026-09-14 16:34:00,1.4114,1.4114,1.41,1.4103,48134.1,67889.84412
2026-09-14 16:35:00,1.4103,1.4107,1.4092,1.4096,32962.0,46468.27584
2026-09-14 16:36:00,1.4097,1.4097,1.4079,1.408,45829.2,64551.30394
2026-09-14 16:37:00,1.4081,1.4118,1.4081,1.411,408755.4,576539.62773
2026-09-14 16:38:00,1.4111,1.4122,1.4108,1.4122,60067.2,84781.96736
2026-09-14 16:39:00,1.4122,1.4131,1.4112,1.4117,174926.9,247009.1187
2026-09-14 16:40:00,1.4117,1.4125,1.4113,1.4121,156411.3,220828.21609
2026-09-14 16:41:00,1.412,1.412,1.4105,1.4105,62121.2,87675.13154
2026-09-14 16:42:00,1.4106,1.4108,1.4103,1.4108,30332.0,42787.61764
2026-09-14 16:43:00,1.4109,1.4109,1.4104,1.4106,30619.5,43194.65149
2026-09-14 16:44:00,1.4106,1.4108,1.4101,1.4102,13508.9,19052.36418
2026-09-14 16:45:00,1.4102,1.412,1.41,1.4118,47458.2,66938.03716
2026-09-14 16:46:00,1.4118,1.4125,1.4117,1.4124,54084.8,76377.99837
2026-09-14 16:47:00,1.4125,1.4164,1.4124,1.4162,198137.4,280383.00444
2026-09-14 16:48:00,1.4161,1.4182,1.4157,1.4174,123562.5,175112.71165
2026-09-14 16:49:00,1.4173,1.418,1.4169,1.4176,41873.2,59347.24667
2026-09-14 16:50:00,1.4177,1.4195,1.4166,1.4195,77109.1,109374.63471
2026-09-14 16:51:00,1.4194,1.4215,1.419,1.4211,346328.1,491938.28562
2026-09-14 16:52:00,1.421,1.4224,1.421,1.4218,283676.7,403304.63197
2026-09-14 16:53:00,1.4217,1.4217,1.419,1.419,146409.4,207945.90595
2026-09-14 16:54:00,1.4191,1.4224,1.4191,1.4218,465653.3,661808.10454
2026-09-14 16:55:00,1.4218,1.4225,1.4209,1.421,119672.0,170158.77399
2026-09-14 16:56:00,1.4209,1.421,1.4197,1.4203,98466.1,139841.59628
2026-09-14 16:57:00,1.4203,1.4211,1.4191,1.4191,56521.3,80259.86753
2026-09-14 16:58:00,1.419,1.4197,1.4187,1.4191,203399.5,288649.49549
2026-09-14 16:59:00,1.4193,1.4195,1.4189,1.4191,58192.8,82583.2993
2026-09-14 17:00:00,1.4191,1.4191,1.4178,1.4184,61721.5,87547.82192
2026-09-14 17:01:00,1.4185,1.4185,1.4167,1.4175,53174.8,75393.66537
2026-09-14 17:02:00,1.4175,1.4202,1.4174,1.4201,72817.9,103338.65472
2026-09-14 17:03:00,1.4201,1.4201,1.4188,1.419,62399.3,88577.74045
2026-09-14 17:04:00,1.4189,1.4194,1.4183,1.4186,59301.7,84134.9413
2026-09-14 17:05:00,1.4186,1.4191,1.418,1.418,27431.0,38911.29528
2026-09-14 17:06:00,1.4181,1.4202,1.418,1.4185,123561.7,175394.14475
2026-09-14 17:07:00,1.4185,1.4186,1.4173,1.4176,29441.9,41747.97273
2026-09-14 17:08:00,1.4175,1.4189,1.4174,1.4189,52972.2,75105.75881
2026-09-14 17:09:00,1.4188,1.4189,1.4173,1.4173,51907.7,73610.71491
2026-09-14 17:10:00,1.4174,1.4198,1.4174,1.4195,194846.7,276411.69844
2026-09-14 17:11:00,1.4195,1.4213,1.4195,1.4211,61897.8,87922.39176
2026-09-14 17:12:00,1.4211,1.4229,1.4211,1.4225,153642.1,218473.23605
2026-09-14 17:13:00,1.4225,1.4233,1.4222,1.4226,194049.9,276066.10179
2026-09-14 17:14:00,1.4226,1.4226,1.4215,1.4215,125679.6,178744.86351
2026-09-14 17:15:00,1.4215,1.4223,1.4212,1.4219,110278.4,156802.96308
2026-09-14 17:16:00,1.422,1.4226,1.4217,1.4223,86300.7,122733.43779
2026-09-14 17:17:00,1.4222,1.4233,1.4221,1.4226,72124.0,102609.36587
2026-09-14 17:18:00,1.4226,1.4226,1.418,1.4191,589007.6,835903.43313
2026-09-14 17:19:00,1.4192,1.4195,1.4186,1.4195,59504.1,84445.98233
2026-09-14 17:20:00,1.4196,1.4229,1.4195,1.4227,95184.1,135330.15848
2026-09-14 17:21:00,1.4226,1.4235,1.421,1.4211,70903.9,100854.17405
2026-09-14 17:22:00,1.421,1.4214,1.4204,1.4213,46601.0,66217.57182
2026-09-14 17:23:00,1.4213,1.4234,1.4213,1.4227,70979.0,100963.5002
2026-09-14 17:24:00,1.4227,1.4236,1.4215,1.4216,45150.0,64236.00258
2026-09-14 17:25:00,1.4217,1.4221,1.4204,1.4211,122494.2,174095.11812
2026-09-14 17:26:00,1.4212,1.4223,1.421,1.4213,130649.8,185753.0729
2026-09-14 17:27:00,1.4214,1.4222,1.4212,1.4216,87134.6,123874.91212
2026-09-14 17:28:00,1.4217,1.4217,1.4209,1.4215,55873.7,79412.04499
2026-09-14 17:29:00,1.4215,1.4244,1.4196,1.4241,325023.8,462252.14641
2026-09-14 17:30:00,1.4241,1.4246,1.4233,1.4242,156521.7,222862.41353
2026-09-14 17:31:00,1.4241,1.426,1.4233,1.4252,272544.7,388319.03613
2026-09-14 17:32:00,1.4251,1.4267,1.4244,1.4245,258091.1,367955.5004
2026-09-14 17:33:00,1.4244,1.4245,1.4212,1.4226,326887.4,465283.0292
2026-09-14 17:34:00,1.4225,1.4239,1.4219,1.422,135989.6,193486.98169
2026-09-14 17:35:00,1.4221,1.4289,1.4221,1.4274,596524.8,851311.04899
2026-09-14 17:36:00,1.4273,1.4278,1.426,1.4271,106297.3,151665.82879
2026-09-14 17:37:00,1.427,1.4276,1.4248,1.4257,52471.4,74835.22871
2026-09-14 17:38:00,1.4257,1.4269,1.4249,1.4269,84272.5,120133.00633
2026-09-14 17:39:00,1.4268,1.4276,1.4261,1.4265,124185.0,177191.91104
2026-09-14 17:40:00,1.4265,1.428,1.4264,1.4279,32721.7,46700.90894
2026-09-14 17:41:00,1.4278,1.4279,1.4262,1.4275,118446.4,169024.94691
2026-09-14 17:42:00,1.4275,1.4317,1.4275,1.4315,684105.2,978430.4077
2026-09-14 17:43:00,1.4315,1.4348,1.4314,1.4343,574881.9,823955.39181
2026-09-14 17:44:00,1.4343,1.4344,1.4322,1.4333,156113.6,223746.6183
2026-09-14 17:45:00,1.4333,1.4356,1.4333,1.434,266637.5,382549.6126
2026-09-14 17:46:00,1.4339,1.4344,1.432,1.4343,279931.9,401199.8167
2026-09-14 17:47:00,1.4342,1.4349,1.4307,1.4317,549912.3,787692.28964
2026-09-14 17:48:00,1.4318,1.433,1.4317,1.4325,194628.5,278754.62178
2026-09-14 17:49:00,1.4324,1.4329,1.4318,1.4325,211124.6,302401.08911
2026-09-14 17:50:00,1.4325,1.4327,1.4306,1.4309,338598.3,484781.5378
2026-09-14 17:51:00,1.431,1.433,1.4307,1.4323,100083.9,143336.60545
2026-09-14 17:52:00,1.4322,1.4351,1.4318,1.4334,242463.1,347557.56206
2026-09-14 17:53:00,1.4333,1.4364,1.4311,1.4362,467237.8,669974.12265
2026-09-14 17:54:00,1.4361,1.4383,1.4361,1.4377,289909.9,416660.70657
2026-09-14 17:55:00,1.4377,1.4402,1.4367,1.4375,614472.7,884374.26821
2026-09-14 17:56:00,1.4374,1.4378,1.4351,1.4354,110095.3,158154.75328
2026-09-14 17:57:00,1.4355,1.4369,1.4351,1.4357,111078.3,159505.13697
2026-09-14 17:58:00,1.4358,1.4382,1.4344,1.4352,729518.9,1047409.22138
2026-09-14 17:59:00,1.4352,1.4353,1.4333,1.4346,73002.6,104691.33067
2026-09-14 18:00:00,1.4346,1.436,1.433,1.433,163577.3,234692.1835
2026-09-14 18:01:00,1.433,1.4337,1.4315,1.4319,147040.8,210623.93503
2026-09-14 18:02:00,1.4319,1.4324,1.4308,1.431,94479.5,135271.24446
2026-09-14 18:03:00,1.4311,1.4357,1.43,1.4356,514924.8,737538.2655
2026-09-14 18:04:00,1.4357,1.4382,1.4357,1.4382,179847.8,258473.9537
2026-09-14 18:05:00,1.4382,1.4383,1.4362,1.4362,75845.7,109002.25556
2026-09-14 18:06:00,1.4363,1.4402,1.4363,1.4391,110625.0,159191.41333
2026-09-14 18:07:00,1.439,1.44,1.4376,1.4399,201009.6,289337.80863
2026-09-14 18:08:00,1.4399,1.4409,1.4394,1.4396,376703.2,542570.4492
2026-09-14 18:09:00,1.4397,1.4402,1.4365,1.4374,531901.5,765089.13692
2026-09-14 18:10:00,1.4373,1.4377,1.4364,1.4365,123210.0,177070.97777
2026-09-14 18:11:00,1.4365,1.4365,1.4334,1.4334,71916.0,103218.80841
2026-09-14 18:12:00,1.4333,1.435,1.4333,1.4347,148892.2,213584.43811
2026-09-14 18:13:00,1.4347,1.4365,1.4346,1.436,177651.2,255037.3552
2026-09-14 18:14:00,1.4359,1.4365,1.4344,1.4345,118195.6,169706.68415
2026-09-14 18:15:00,1.4345,1.4405,1.4343,1.4396,1029682.6,1480194.29518
2026-09-14 18:16:00,1.4395,1.4395,1.4382,1.4383,203167.6,292304.18004
2026-09-14 18:17:00,1.4382,1.4393,1.4377,1.4391,54088.7,77813.5277
2026-09-14 18:18:00,1.4391,1.4404,1.4373,1.4404,117925.0,169709.32347
2026-09-14 18:19:00,1.4404,1.4433,1.4401,1.4429,502838.1,725025.26291
2026-09-14 18:20:00,1.4428,1.4459,1.4417,1.444,620924.7,896932.33925
2026-09-14 18:21:00,1.444,1.4458,1.4436,1.4443,177845.6,256946.45845
2026-09-14 18:22:00,1.4443,1.4474,1.4438,1.4461,369810.8,534839.31554
2026-09-14 18:23:00,1.4461,1.4481,1.4454,1.4466,180463.7,261122.74847
2026-09-14 18:24:00,1.4465,1.449,1.4464,1.448,321620.2,465653.87089
2026-09-14 18:25:00,1.448,1.4489,1.4472,1.4481,195748.7,283456.84774
2026-09-14 18:26:00,1.4481,1.4506,1.4481,1.4483,889464.0,1289543.23472
2026-09-14 18:27:00,1.4482,1.4501,1.4478,1.4492,275269.5,398915.26225
2026-09-14 18:28:00,1.4491,1.45,1.4486,1.4493,272673.3,395250.02453
2026-09-14 18:29:00,1.4493,1.4541,1.449,1.4541,767032.1,1113552.89034
2026-09-14 18:30:00,1.4541,1.4574,1.453,1.4568,782326.2,1138245.28202
2026-09-14 18:31:00,1.4568,1.4595,1.455,1.4591,630527.1,918944.04477
2026-09-14 18:32:00,1.4591,1.4598,1.4559,1.4568,448859.5,654446.72184
2026-09-14 18:33:00,1.4569,1.4589,1.4567,1.4581,315579.1,460129.26635
2026-09-14 18:34:00,1.4582,1.4587,1.4573,1.4582,84705.8,123501.2752
2026-09-14 18:35:00,1.4582,1.4582,1.4563,1.4565,216267.9,315151.1032
2026-09-14 18:36:00,1.4565,1.4644,1.4563,1.4616,1573666.4,2299759.3645
2026-09-14 18:37:00,1.4616,1.4647,1.461,1.4644,346122.7,506259.28601
2026-09-14 18:38:00,1.4643,1.4685,1.4635,1.4653,1037834.0,1521737.8407
2026-09-14 18:39:00,1.4652,1.4672,1.4592,1.4596,692752.9,1013632.36138
2026-09-14 18:40:00,1.4596,1.4613,1.4577,1.4592,700948.4,1023253.11052
2026-09-14 18:41:00,1.4593,1.4593,1.4551,1.459,360903.2,525738.70712
2026-09-14 18:42:00,1.4589,1.4602,1.4567,1.4602,268114.4,390915.40494
2026-09-14 18:43:00,1.4601,1.4663,1.4601,1.4657,312671.0,457853.65783
2026-09-14 18:44:00,1.4657,1.4662,1.464,1.4656,323018.5,473349.4652
2026-09-14 18:45:00,1.4656,1.4758,1.4656,1.4751,1341546.0,1974761.70495
2026-09-14 18:46:00,1.4751,1.4779,1.4726,1.4754,1153075.4,1701371.68906
2026-09-14 18:47:00,1.4753,1.4766,1.4744,1.4759,325774.6,480627.02261
2026-09-14 18:48:00,1.4758,1.4805,1.4735,1.4788,1214731.9,1795355.91379
2026-09-14 18:49:00,1.4787,1.4795,1.4749,1.4756,1008084.1,1489483.82878
2026-09-14 18:50:00,1.4755,1.4768,1.4751,1.4766,267988.2,395544.02959
2026-09-14 18:51:00,1.4766,1.4776,1.4711,1.4766,339301.8,500321.10631
2026-09-14 18:52:00,1.4766,1.4778,1.4742,1.4771,553909.5,817801.03436
2026-09-14 18:53:00,1.477,1.4774,1.4723,1.4753,272321.6,401609.66497
2026-09-14 18:54:00,1.4754,1.476,1.4743,1.4747,348427.7,513961.36884
2026-09-14 18:55:00,1.4747,1.48,1.4741,1.4789,894577.5,1322098.05845
2026-09-14 18:56:00,1.4789,1.4792,1.4755,1.4764,268170.8,396220.58199
2026-09-14 18:57:00,1.4765,1.4795,1.476,1.4784,261813.5,387019.03929
2026-09-14 18:58:00,1.4784,1.4785,1.4771,1.4778,121160.3,179053.86501
2026-09-14 18:59:00,1.4778,1.479,1.4771,1.4772,304771.2,450555.98766
2026-09-14 19:00:00,1.4771,1.4779,1.4664,1.4685,690564.0,1015729.19939
2026-09-14 19:01:00,1.4684,1.4684,1.4602,1.4618,845252.0,1236968.33045
2026-09-14 19:02:00,1.4618,1.4618,1.4574,1.4592,1056674.9,1542690.92791
2026-09-14 19:03:00,1.4591,1.4605,1.4566,1.4571,735918.3,1073756.83733
2026-09-14 19:04:00,1.4571,1.459,1.457,1.4578,311911.8,454717.4089
2026-09-14 19:05:00,1.4577,1.4591,1.4562,1.458,616266.1,898008.71162
2026-09-14 19:06:00,1.458,1.4581,1.4551,1.4551,340258.5,495578.74988
2026-09-14 19:07:00,1.4551,1.461,1.4551,1.4591,609409.0,889087.71029
2026-09-14 19:08:00,1.4591,1.4596,1.4561,1.4579,392354.4,571904.03235
2026-09-14 19:09:00,1.4579,1.4587,1.4564,1.4565,159600.7,232629.18553
2026-09-14 19:10:00,1.4565,1.46,1.4563,1.4574,334274.7,487548.97809
2026-09-14 19:11:00,1.4574,1.4606,1.4573,1.4606,210866.0,307608.82246
2026-09-14 19:12:00,1.4605,1.4623,1.4594,1.462,194072.1,283526.92365
2026-09-14 19:13:00,1.462,1.4628,1.4614,1.4622,158175.9,231283.37501
2026-09-14 19:14:00,1.4621,1.4633,1.462,1.4631,250230.5,366058.74544
2026-09-14 19:15:00,1.4631,1.4666,1.4631,1.465,258822.8,379178.69943
2026-09-14 19:16:00,1.4649,1.4692,1.4649,1.4667,227613.7,334030.75893
2026-09-14 19:17:00,1.4667,1.4687,1.4653,1.4653,349532.0,512860.51108
2026-09-14 19:18:00,1.4653,1.4674,1.4635,1.4642,176237.3,258289.24023
2026-09-14 19:19:00,1.4642,1.4681,1.4631,1.4679,230573.5,337821.2338
2026-09-14 19:20:00,1.4679,1.4705,1.4673,1.4703,546948.2,803620.64094
2026-09-14 19:21:00,1.4702,1.472,1.4696,1.4698,203308.3,298997.73083
2026-09-14 19:22:00,1.4697,1.4697,1.4672,1.4683,300105.6,440598.08058
2026-09-14 19:23:00,1.4682,1.47,1.467,1.4681,249561.5,366444.29353
2026-09-14 19:24:00,1.468,1.4686,1.4662,1.4668,151054.2,221658.43061
2026-09-14 19:25:00,1.4668,1.4677,1.4636,1.4636,294574.4,431702.56086
2026-09-14 19:26:00,1.4636,1.4639,1.4601,1.4603,357242.2,522121.55127
2026-09-14 19:27:00,1.4602,1.4651,1.459,1.4616,597842.7,874113.41003
2026-09-14 19:28:00,1.4616,1.4622,1.46,1.462,209449.1,306022.73561
2026-09-14 19:29:00,1.462,1.4649,1.4618,1.4618,286194.0,418821.24822
2026-09-14 19:30:00,1.4618,1.4618,1.4565,1.4581,669751.6,976907.04091
2026-09-14 19:31:00,1.4582,1.4613,1.4576,1.4589,412076.6,601453.02575
2026-09-14 19:32:00,1.459,1.4608,1.4588,1.4597,169107.2,246843.68351
2026-09-14 19:33:00,1.4597,1.4616,1.4595,1.4605,295536.1,431656.23324
2026-09-14 19:34:00,1.4606,1.4606,1.4551,1.4599,461025.0,671983.96224
2026-09-14 19:35:00,1.46,1.46,1.4582,1.4592,78837.7,115026.04436
2026-09-14 19:36:00,1.4591,1.4591,1.4562,1.457,375492.2,547328.40995
2026-09-14 19:37:00,1.4569,1.457,1.454,1.4554,253239.2,368581.00041
2026-09-14 19:38:00,1.4554,1.4565,1.455,1.4554,161052.9,234446.22415
2026-09-14 19:39:00,1.4554,1.4566,1.4551,1.4558,147529.4,214792.08929
2026-09-14 19:40:00,1.4558,1.4577,1.4556,1.4573,303358.8,441941.95066
2026-09-14 19:41:00,1.4574,1.4581,1.4564,1.4578,321179.7,468133.10382
2026-09-14 19:42:00,1.4578,1.4581,1.4567,1.457,240589.1,350666.76689
2026-09-14 19:43:00,1.4571,1.4581,1.457,1.4577,149028.1,217250.63174
2026-09-14 19:44:00,1.4577,1.4598,1.456,1.4594,531370.3,774860.07658
2026-09-14 19:45:00,1.4595,1.4612,1.4591,1.4606,272650.5,398202.69659
2026-09-14 19:46:00,1.4606,1.4615,1.4595,1.4599,243282.4,355320.76168
2026-09-14 19:47:00,1.4599,1.4616,1.4592,1.46,317471.7,463551.64756
2026-09-14 19:48:00,1.4599,1.4607,1.4588,1.4591,256459.8,374399.84225
2026-09-14 19:49:00,1.459,1.4593,1.4577,1.4587,149610.5,218192.05074
2026-09-14 19:50:00,1.4586,1.4594,1.4578,1.4592,214547.1,312937.52246
2026-09-14 19:51:00,1.4593,1.4599,1.4585,1.4597,90503.8,132088.01499
2026-09-14 19:52:00,1.4597,1.46,1.4573,1.4573,72493.4,105773.25557
2026-09-14 19:53:00,1.4574,1.4582,1.457,1.4572,161071.4,234741.73634
2026-09-14 19:54:00,1.4571,1.4584,1.4571,1.4578,180697.0,263472.05144
2026-09-14 19:55:00,1.4577,1.458,1.457,1.4578,232898.0,339479.69674
2026-09-14 19:56:00,1.4578,1.459,1.4571,1.4585,229072.5,333975.32037
2026-09-14 19:57:00,1.4586,1.4589,1.4569,1.4575,239438.0,349050.07062
2026-09-14 19:58:00,1.4576,1.4609,1.4574,1.4606,186558.0,272207.05075
2026-09-14 19:59:00,1.4606,1.4649,1.4593,1.464,616658.9,901949.15691
2026-09-14 20:00:00,1.464,1.467,1.4633,1.4661,428182.0,627471.63385
2026-09-14 20:01:00,1.4661,1.4707,1.4647,1.4674,619027.1,908955.40536
2026-09-14 20:02:00,1.4674,1.4683,1.4653,1.4671,224572.5,329401.52813
2026-09-14 20:03:00,1.4671,1.4691,1.4664,1.4677,178046.2,261319.48267
2026-09-14 20:04:00,1.4677,1.4681,1.4652,1.4652,138735.6,203551.27597
2026-09-14 20:05:00,1.4653,1.4683,1.4653,1.4675,325407.7,477473.05883
2026-09-14 20:06:00,1.4675,1.4715,1.4675,1.4709,330200.5,485209.62827
2026-09-14 20:07:00,1.4708,1.4721,1.4689,1.4718,220769.0,324755.04396
2026-09-14 20:08:00,1.4717,1.4721,1.4706,1.4711,154695.8,227605.93152
2026-09-14 20:09:00,1.4711,1.4717,1.47,1.4701,109434.4,160974.35079
2026-09-14 20:10:00,1.47,1.4712,1.47,1.4708,239132.6,351743.86044
2026-09-14 20:11:00,1.4709,1.4716,1.4692,1.4714,185335.7,272500.36711
2026-09-14 20:12:00,1.4715,1.4834,1.4715,1.4792,1265488.0,1868911.82056
2026-09-14 20:13:00,1.4792,1.4831,1.4733,1.4768,711694.2,1051638.5874
2026-09-14 20:14:00,1.4768,1.4787,1.4758,1.4774,197036.9,291094.88749
2026-09-14 20:15:00,1.4775,1.4824,1.4774,1.4815,427080.9,632123.33002
2026-09-14 20:16:00,1.4815,1.4834,1.4805,1.481,408882.3,605863.39302
2026-09-14 20:17:00,1.4809,1.49,1.4795,1.4848,679263.9,1008384.26
2026-09-14 20:18:00,1.4847,1.4892,1.4836,1.4876,584777.9,869391.76336
2026-09-14 20:19:00,1.4875,1.4884,1.4857,1.4866,324632.1,482729.72152
2026-09-14 20:20:00,1.4866,1.487,1.4831,1.4838,198132.9,294112.72563
2026-09-14 20:21:00,1.4839,1.4846,1.4819,1.4825,183477.1,272183.00138
2026-09-14 20:22:00,1.4824,1.484,1.4817,1.4839,192096.6,284876.04278
2026-09-14 20:23:00,1.4838,1.4863,1.4826,1.4829,604208.6,896799.67628
2026-09-14 20:24:00,1.4829,1.4845,1.4813,1.4813,234952.4,348405.33868
2026-09-14 20:25:00,1.4814,1.485,1.4814,1.4844,302116.3,448246.62664
2026-09-14 20:26:00,1.4844,1.4857,1.4822,1.4854,253923.8,376797.76164
2026-09-14 20:27:00,1.4853,1.4856,1.4814,1.484,286852.5,425572.02018
2026-09-14 20:28:00,1.484,1.4855,1.4825,1.4855,97001.5,143939.94411
2026-09-14 20:29:00,1.4854,1.4892,1.4842,1.487,321672.2,478098.25423
2026-09-14 20:30:00,1.487,1.4883,1.4855,1.4868,196009.2,291321.75778
2026-09-14 20:31:00,1.4867,1.4885,1.486,1.4861,178173.9,264977.01104
2026-09-14 20:32:00,1.4861,1.4862,1.4836,1.4852,142180.6,211134.75277
2026-09-14 20:33:00,1.4852,1.4857,1.4769,1.4834,1545575.7,2288318.93755
2026-09-14 20:34:00,1.4834,1.4897,1.4832,1.4895,855400.0,1271714.25647
2026-09-14 20:35:00,1.4895,1.4961,1.4868,1.4906,890437.0,1326934.75027
2026-09-14 20:36:00,1.4906,1.4906,1.4858,1.4873,396008.5,589241.20708
2026-09-14 20:37:00,1.4873,1.4875,1.4829,1.4834,128724.3,191210.70306
2026-09-14 20:38:00,1.4833,1.4833,1.4822,1.4829,88973.2,131920.7254
2026-09-14 20:39:00,1.4829,1.4831,1.4786,1.4813,308857.4,457414.99176
2026-09-14 20:40:00,1.4812,1.4826,1.4811,1.4823,115093.3,170550.15591
2026-09-14 20:41:00,1.4823,1.4835,1.4823,1.483,143262.7,212447.31335
2026-09-14 20:42:00,1.483,1.4832,1.481,1.481,59159.7,87678.38829
2026-09-14 20:43:00,1.481,1.481,1.4778,1.479,201711.5,298326.70419
2026-09-14 20:44:00,1.4789,1.4791,1.4769,1.4774,143013.6,211318.13493
2026-09-14 20:45:00,1.4775,1.4778,1.4743,1.4749,259735.0,383152.34848
2026-09-14 20:46:00,1.4748,1.4774,1.4748,1.4766,314293.6,463976.29955
2026-09-14 20:47:00,1.4766,1.4766,1.4744,1.4745,57689.4,85118.03532
2026-09-14 20:48:00,1.4744,1.4744,1.4736,1.4738,72288.3,106557.62793
2026-09-14 20:49:00,1.4737,1.474,1.4721,1.4723,469949.6,692108.94248
2026-09-14 20:50:00,1.4724,1.473,1.4712,1.4722,235870.4,347252.51714
2026-09-14 20:51:00,1.4723,1.473,1.4709,1.4717,119330.6,175682.21318
2026-09-14 20:52:00,1.4717,1.4727,1.4688,1.4688,172242.4,253353.39045
2026-09-14 20:53:00,1.4689,1.4711,1.4688,1.4701,239157.5,351603.27716
2026-09-14 20:54:00,1.4701,1.4708,1.4685,1.469,86514.3,127139.93406
2026-09-14 20:55:00,1.469,1.4691,1.4673,1.4673,216798.0,318291.93106
2026-09-14 20:56:00,1.4672,1.4675,1.4657,1.4667,617953.8,906303.31757
2026-09-14 20:57:00,1.4667,1.4676,1.466,1.4661,149306.2,219011.77192
2026-09-14 20:58:00,1.466,1.4661,1.4633,1.4634,195740.3,286611.6946
2026-09-14 20:59:00,1.4633,1.4642,1.4628,1.4634,356529.6,521732.49839
2026-09-14 21:00:00,1.4634,1.4641,1.4624,1.4625,282027.8,412786.98693
2026-09-14 21:01:00,1.4624,1.4625,1.4565,1.4565,596003.9,870007.62505
2026-09-14 21:02:00,1.4565,1.4566,1.4444,1.4503,1957766.4,2838846.21889
2026-09-14 21:03:00,1.4502,1.4539,1.4492,1.4529,549479.2,798095.09098
2026-09-14 21:04:00,1.4528,1.4544,1.4505,1.4538,357327.4,519180.30451
2026-09-14 21:05:00,1.4538,1.4577,1.4531,1.4561,559799.9,814959.45907
2026-09-14 21:06:00,1.4562,1.4586,1.456,1.4578,363450.1,529676.92714
2026-09-14 21:07:00,1.4577,1.4589,1.4559,1.4589,146396.1,213380.3276
2026-09-14 21:08:00,1.4589,1.459,1.4576,1.4579,68156.9,99399.18342
2026-09-14 21:09:00,1.4579,1.458,1.456,1.4569,342137.8,498529.00075
2026-09-14 21:10:00,1.4568,1.4575,1.4558,1.4574,209623.7,305340.05567
2026-09-14 21:11:00,1.4573,1.4586,1.4532,1.4535,522050.0,759763.40593
2026-09-14 21:12:00,1.4535,1.4545,1.4528,1.4533,195272.0,283879.23253
2026-09-14 21:13:00,1.4533,1.4542,1.4526,1.4531,112534.7,163547.77472
2026-09-14 21:14:00,1.4531,1.4532,1.4495,1.451,333047.1,483289.9413
2026-09-14 21:15:00,1.4511,1.4512,1.4496,1.4501,225683.1,327340.31662
2026-09-14 21:16:00,1.4501,1.4548,1.4501,1.4524,265432.3,385533.85276
2026-09-14 21:17:00,1.4524,1.4525,1.4473,1.4489,551690.4,799200.67636
2026-09-14 21:18:00,1.449,1.4547,1.449,1.4547,681744.3,989840.13736
2026-09-14 21:19:00,1.4548,1.4557,1.4544,1.4547,135087.6,196588.85329
2026-09-14 21:20:00,1.4547,1.4557,1.4531,1.4555,111979.7,162823.74276
2026-09-14 21:21:00,1.4554,1.4565,1.4543,1.456,191418.6,278593.89398
2026-09-14 21:22:00,1.4561,1.4561,1.4543,1.4545,84454.0,122910.13658
2026-09-14 21:23:00,1.4544,1.4557,1.4538,1.4552,58267.4,84756.05174
2026-09-14 21:24:00,1.4551,1.4551,1.4528,1.454,168011.6,244271.91602
2026-09-14 21:25:00,1.4539,1.4539,1.4509,1.4517,118031.2,171437.77058
2026-09-14 21:26:00,1.4518,1.4534,1.4515,1.4519,146362.9,212564.53494
2026-09-14 21:27:00,1.4519,1.4523,1.451,1.451,66841.3,97041.57071
2026-09-14 21:28:00,1.451,1.452,1.451,1.4512,170037.9,246829.00809
2026-09-14 21:29:00,1.4511,1.4538,1.4463,1.4483,833710.7,1208281.14346
2026-09-14 21:30:00,1.4483,1.4492,1.4462,1.4491,303085.2,438666.89202
2026-09-14 21:31:00,1.4491,1.4495,1.4476,1.4478,103614.2,150067.44385
2026-09-14 21:32:00,1.4479,1.4479,1.4433,1.4452,349780.4,505372.02473
2026-09-14 21:33:00,1.4453,1.4453,1.4431,1.4448,155892.9,225144.27157
2026-09-14 21:34:00,1.4448,1.4458,1.4447,1.4454,155132.3,224228.28286
2026-09-14 21:35:00,1.4454,1.4466,1.4446,1.4446,255041.7,368748.97305
2026-09-14 21:36:00,1.4445,1.4461,1.4434,1.4442,428891.8,619596.05712
2026-09-14 21:37:00,1.4441,1.4446,1.4418,1.4445,290400.1,419090.49653
2026-09-14 21:38:00,1.4444,1.4445,1.4431,1.4435,189466.0,273517.46452
2026-09-14 21:39:00,1.4435,1.4451,1.4433,1.4439,210479.7,303993.11049
2026-09-14 21:40:00,1.4439,1.4463,1.4439,1.4457,315638.1,456161.51066
2026-09-14 21:41:00,1.4457,1.448,1.4454,1.4479,281862.6,407634.03045
2026-09-14 21:42:00,1.4479,1.4481,1.4464,1.447,65833.0,95264.19845
2026-09-14 21:43:00,1.4471,1.4475,1.446,1.4462,104953.9,151842.07744
2026-09-14 21:44:00,1.4462,1.4462,1.4449,1.4456,53557.0,77422.57537
2026-09-14 21:45:00,1.4457,1.4472,1.4456,1.4471,121027.3,175058.70695
2026-09-14 21:46:00,1.4471,1.4471,1.4434,1.4434,152607.4,220613.38353
2026-09-14 21:47:00,1.4434,1.4447,1.4433,1.4445,55323.6,79894.86922
2026-09-14 21:48:00,1.4445,1.4445,1.4434,1.4438,20956.5,30257.29642
2026-09-14 21:49:00,1.4439,1.4443,1.4435,1.4435,24579.9,35492.73486
2026-09-14 21:50:00,1.4436,1.4457,1.4435,1.4455,79365.8,114655.6891
2026-09-14 21:51:00,1.4455,1.4458,1.4442,1.4443,13894.6,20079.73745
2026-09-14 21:52:00,1.4443,1.445,1.4429,1.4445,75784.8,109439.94948
2026-09-14 21:53:00,1.4445,1.4456,1.4444,1.4449,19652.9,28398.90017
2026-09-14 21:54:00,1.4449,1.4471,1.4447,1.446,115780.9,167408.51929
2026-09-14 21:55:00,1.4461,1.4461,1.4455,1.4455,31582.4,45662.29424
2026-09-14 21:56:00,1.4455,1.4461,1.445,1.445,59237.0,85631.35482
2026-09-14 21:57:00,1.445,1.445,1.4442,1.4443,82288.5,118868.45817
2026-09-14 21:58:00,1.4443,1.4443,1.4438,1.444,68957.2,99570.78159
2026-09-14 21:59:00,1.444,1.444,1.4427,1.4429,50133.9,72342.23966
2026-09-14 22:00:00,1.4429,1.4436,1.4418,1.4418,143446.7,206980.32942
2026-09-14 22:01:00,1.4419,1.4431,1.4399,1.4429,316194.1,455647.11177
2026-09-14 22:02:00,1.4429,1.443,1.4417,1.4417,109585.2,158066.97347
2026-09-14 22:03:00,1.4417,1.4417,1.4397,1.4412,171099.9,246496.58802
2026-09-14 22:04:00,1.4411,1.4416,1.44,1.4413,193246.1,278449.61949
2026-09-14 22:05:00,1.4413,1.4451,1.4413,1.4448,269647.3,389265.17123
2026-09-14 22:06:00,1.4447,1.4464,1.4443,1.4462,154380.5,223185.00353
2026-09-14 22:07:00,1.4461,1.4461,1.4445,1.4452,113112.3,163517.16599
2026-09-14 22:08:00,1.4453,1.4483,1.4452,1.4482,122747.0,177607.13034
2026-09-14 22:09:00,1.4483,1.4495,1.4481,1.4495,53700.6,77790.29472
2026-09-14 22:10:00,1.4494,1.4499,1.4469,1.4477,292476.6,423661.81311
2026-09-14 22:11:00,1.4476,1.449,1.4475,1.4484,116379.1,168540.82652
2026-09-14 22:12:00,1.4484,1.4494,1.4484,1.4494,31543.6,45701.88999
2026-09-14 22:13:00,1.4493,1.4522,1.4491,1.4515,238955.0,346681.27511
2026-09-14 22:14:00,1.4514,1.4521,1.4509,1.4514,65241.9,94686.69586
2026-09-14 22:15:00,1.4515,1.4521,1.4508,1.4508,45030.1,65368.7168
2026-09-14 22:16:00,1.4508,1.4511,1.4502,1.4502,22782.1,33052.88326
2026-09-14 22:17:00,1.4502,1.4502,1.4476,1.4476,63484.2,91999.91562
2026-09-14 22:18:00,1.4476,1.448,1.446,1.4474,155003.1,224286.13801
2026-09-14 22:19:00,1.4474,1.4474,1.444,1.4441,73314.0,105952.27406
2026-09-14 22:20:00,1.4441,1.4446,1.444,1.4446,23911.3,34535.14084
2026-09-14 22:21:00,1.4445,1.4445,1.4424,1.4437,92152.1,133029.12283
2026-09-14 22:22:00,1.4437,1.4437,1.4419,1.4425,86320.0,124539.12704
2026-09-14 22:23:00,1.4425,1.4425,1.4411,1.4412,73026.9,105288.48657
2026-09-14 22:24:00,1.4411,1.4415,1.4405,1.4413,34152.0,49218.70432
2026-09-14 22:25:00,1.4414,1.445,1.4406,1.4447,346720.1,500229.80618
2026-09-14 22:26:00,1.4446,1.4446,1.4415,1.4424,222572.8,321115.93301
2026-09-14 22:27:00,1.4424,1.4436,1.4424,1.4433,59885.3,86427.44807
2026-09-14 22:28:00,1.4433,1.4433,1.4419,1.4429,71191.2,102689.65485
2026-09-14 22:29:00,1.443,1.443,1.4419,1.4428,73612.3,106194.30679
2026-09-14 22:30:00,1.4429,1.4437,1.4426,1.4426,78914.1,113880.29937
2026-09-14 22:31:00,1.4427,1.4429,1.44,1.4401,251132.2,362005.73664
2026-09-14 22:32:00,1.4401,1.4413,1.44,1.4413,97690.9,140707.79439
2026-09-14 22:33:00,1.4413,1.4413,1.4395,1.4401,113312.0,163214.84594
2026-09-14 22:34:00,1.4401,1.4406,1.439,1.4397,185369.2,266895.76135
2026-09-14 22:35:00,1.4397,1.4406,1.4394,1.4402,91213.8,131362.61292
2026-09-14 22:36:00,1.4403,1.4423,1.44,1.4423,74088.5,106775.88534
2026-09-14 22:37:00,1.4422,1.4426,1.4418,1.4419,24484.2,35309.46136
2026-09-14 22:38:00,1.4418,1.4422,1.4396,1.442,135675.9,195523.62219
2026-09-14 22:39:00,1.4419,1.4429,1.4391,1.4402,240424.5,346400.22752
2026-09-14 22:40:00,1.4403,1.4418,1.4403,1.441,116516.7,167868.29821
2026-09-14 22:41:00,1.4411,1.4415,1.4407,1.4408,72017.5,103789.9546
2026-09-14 22:42:00,1.4408,1.4419,1.4398,1.4413,174979.2,252153.16195
2026-09-14 22:43:00,1.4413,1.4419,1.4412,1.4415,21136.1,30468.24478
2026-09-14 22:44:00,1.4416,1.4416,1.4408,1.441,66882.3,96384.54239
2026-09-14 22:45:00,1.441,1.441,1.44,1.4404,83517.7,120305.44721
2026-09-14 22:46:00,1.4404,1.4406,1.4392,1.4394,42906.3,61771.92478
2026-09-14 22:47:00,1.4393,1.4396,1.4373,1.4384,402606.6,579133.8582
2026-09-14 22:48:00,1.4384,1.4387,1.4363,1.4378,85468.4,122889.92305
2026-09-14 22:49:00,1.4377,1.4391,1.4377,1.4383,62139.7,89382.2439
2026-09-14 22:50:00,1.4383,1.4387,1.438,1.4381,32499.8,46747.19189
2026-09-14 22:51:00,1.4381,1.4385,1.438,1.4381,20437.8,29394.18258
2026-09-14 22:52:00,1.438,1.4385,1.4369,1.4374,93583.7,134532.3508
2026-09-14 22:53:00,1.4373,1.4374,1.437,1.4373,28663.6,41193.74425
2026-09-14 22:54:00,1.4373,1.4376,1.4362,1.4364,119696.8,171961.28877
2026-09-14 22:55:00,1.4364,1.4366,1.4364,1.4366,34503.3,49563.67645
2026-09-14 22:56:00,1.4365,1.4368,1.4365,1.4365,39545.0,56811.14156
2026-09-14 22:57:00,1.4364,1.4364,1.4362,1.4362,11107.1,15952.81791
2026-09-14 22:58:00,1.4363,1.4363,1.4357,1.4358,17940.6,25761.6572
2026-09-14 22:59:00,1.4358,1.4358,1.4346,1.4353,215684.6,309536.07434
2026-09-14 23:00:00,1.4354,1.4377,1.4347,1.4372,320903.9,460904.17591
2026-09-14 23:01:00,1.4371,1.4373,1.4363,1.4363,209890.4,301564.1128
2026-09-14 23:02:00,1.4363,1.4367,1.435,1.4351,77948.0,111916.32994
2026-09-14 23:03:00,1.435,1.4351,1.4315,1.4318,264528.0,379002.58064
2026-09-14 23:04:00,1.4319,1.4319,1.4302,1.4307,262167.6,375095.26217
2026-09-14 23:05:00,1.4308,1.4316,1.4307,1.4312,227254.5,325259.74659
2026-09-14 23:06:00,1.4312,1.4315,1.4275,1.4284,558801.7,798564.16605
2026-09-14 23:07:00,1.4285,1.4318,1.4285,1.4314,278632.2,398417.56668
2026-09-14 23:08:00,1.4314,1.4315,1.4304,1.4304,118642.8,169747.39842
2026-09-14 23:09:00,1.4304,1.4311,1.4301,1.431,99078.7,141736.2751
2026-09-14 23:10:00,1.431,1.4313,1.4304,1.4305,105772.9,151332.6084
2026-09-14 23:11:00,1.4304,1.4305,1.4292,1.4297,68501.8,97946.14945
2026-09-14 23:12:00,1.4298,1.4307,1.4295,1.4303,53337.8,76278.52588
2026-09-14 23:13:00,1.4304,1.4304,1.4295,1.4295,57936.5,82856.70876
2026-09-14 23:14:00,1.4295,1.4301,1.4294,1.4294,83118.5,118839.64941
2026-09-14 23:15:00,1.4295,1.4313,1.4283,1.4312,500883.9,716398.26312
2026-09-14 23:16:00,1.4312,1.4315,1.43,1.43,167369.6,239489.35101
2026-09-14 23:17:00,1.43,1.4303,1.4284,1.4288,65930.2,94218.16607
2026-09-14 23:18:00,1.4288,1.4292,1.4283,1.4286,83936.1,119924.42028
2026-09-14 23:19:00,1.4285,1.4286,1.4267,1.4273,75735.7,108107.40865
2026-09-14 23:20:00,1.4273,1.4274,1.4268,1.4271,48221.0,68815.11707
2026-09-14 23:21:00,1.4271,1.4276,1.4269,1.4269,49269.4,70328.05985
2026-09-14 23:22:00,1.4268,1.4272,1.425,1.4272,247413.3,352855.04362
2026-09-14 23:23:00,1.4272,1.4278,1.4264,1.4274,210097.8,299867.6317
2026-09-14 23:24:00,1.4275,1.4285,1.4275,1.4279,107416.2,153406.03951
2026-09-14 23:25:00,1.4279,1.4289,1.4279,1.4287,84489.2,120705.75075
2026-09-14 23:26:00,1.4287,1.4288,1.4279,1.4282,40732.1,58184.06265
2026-09-14 23:27:00,1.4283,1.4283,1.4246,1.4257,401236.0,572188.20514
2026-09-14 23:28:00,1.4257,1.4262,1.4249,1.4256,88634.7,126362.45744
2026-09-14 23:29:00,1.4256,1.4259,1.4235,1.4235,109925.2,156674.18889
2026-09-14 23:30:00,1.4236,1.4243,1.4223,1.4228,160525.8,228435.18937
2026-09-14 23:31:00,1.4229,1.4231,1.4224,1.4224,85276.7,121335.61062
2026-09-14 23:32:00,1.4225,1.4229,1.4213,1.4222,276025.7,392608.28685
2026-09-14 23:33:00,1.4222,1.4231,1.4221,1.4227,64821.7,92219.22077
2026-09-14 23:34:00,1.4227,1.4229,1.4221,1.4225,55677.3,79197.7303
2026-09-14 23:35:00,1.4224,1.4225,1.421,1.4211,32246.0,45837.96999
2026-09-14 23:36:00,1.4211,1.4214,1.4207,1.4209,55842.6,79350.82479
2026-09-14 23:37:00,1.4209,1.421,1.4205,1.4208,92223.6,131029.78579
2026-09-14 23:38:00,1.4208,1.4223,1.4207,1.4223,142246.0,202195.00515
2026-09-14 23:39:00,1.4222,1.4232,1.4222,1.423,97870.4,139240.87286
2026-09-14 23:40:00,1.423,1.4245,1.4227,1.4245,32022.4,45578.00021
2026-09-14 23:41:00,1.4244,1.4246,1.424,1.4245,40428.4,57586.30941
2026-09-14 23:42:00,1.4244,1.425,1.4243,1.425,34128.0,48615.71322
2026-09-14 23:43:00,1.4249,1.4257,1.4241,1.4253,169266.2,241225.73942
2026-09-14 23:44:00,1.4253,1.4254,1.4231,1.4232,57623.6,82066.11638
2026-09-14 23:45:00,1.4231,1.4232,1.4216,1.4217,83915.1,119337.74626
2026-09-14 23:46:00,1.4218,1.4237,1.4217,1.4237,150739.6,214461.50606
2026-09-14 23:47:00,1.4237,1.4238,1.4223,1.4224,77387.9,110124.70992
2026-09-14 23:48:00,1.4224,1.4227,1.4215,1.4216,15050.2,21401.95464
2026-09-14 23:49:00,1.4217,1.4223,1.4216,1.4216,56531.9,80393.36369
2026-09-14 23:50:00,1.4216,1.4216,1.421,1.4211,19386.3,27554.36678
2026-09-14 23:51:00,1.4211,1.4211,1.4186,1.4187,261203.3,370816.6974
2026-09-14 23:52:00,1.4187,1.4192,1.4185,1.4191,82888.7,117602.29334
2026-09-14 23:53:00,1.4192,1.4211,1.419,1.421,102741.7,145894.93701
2026-09-14 23:54:00,1.421,1.4216,1.4206,1.4216,170122.8,241744.18857
2026-09-14 23:55:00,1.4216,1.4216,1.421,1.4214,65772.8,93478.85957
2026-09-14 23:56:00,1.4215,1.4219,1.421,1.4211,52894.3,75189.64847
2026-09-14 23:57:00,1.4211,1.4217,1.4209,1.4214,57643.5,81933.35392
2026-09-14 23:58:00,1.4214,1.4223,1.4214,1.4223,64538.3,91769.98367
2026-09-14 23:59:00,1.4223,1.4241,1.4223,1.4231,155867.0,221830.07031
2026-09-15 00:00:00,1.4231,1.4263,1.4231,1.4263,229109.3,326541.27714
2026-09-15 00:01:00,1.4262,1.427,1.4248,1.4253,177258.6,252742.01262
2026-09-15 00:02:00,1.4252,1.4256,1.4249,1.4252,111414.5,158779.64584
2026-09-15 00:03:00,1.4252,1.4265,1.4249,1.4261,97582.5,139126.42814
2026-09-15 00:04:00,1.4262,1.4264,1.4247,1.4249,67732.8,96529.41155
2026-09-15 00:05:00,1.4248,1.4249,1.4242,1.4246,54921.7,78246.83726
2026-09-15 00:06:00,1.4245,1.425,1.4228,1.4232,82448.5,117412.38182
2026-09-15 00:07:00,1.4231,1.4246,1.4228,1.4245,77693.6,110592.7365
2026-09-15 00:08:00,1.4245,1.4251,1.4239,1.4246,120901.4,172201.4876
2026-09-15 00:09:00,1.4246,1.4272,1.4246,1.4253,180755.2,257812.26623
2026-09-15 00:10:00,1.4253,1.4258,1.4244,1.4253,104479.0,148873.08234
2026-09-15 00:11:00,1.4254,1.4254,1.4216,1.4226,182436.4,259520.25097
2026-09-15 00:12:00,1.4225,1.4231,1.422,1.422,25769.0,36660.88556
2026-09-15 00:13:00,1.4219,1.4223,1.4216,1.422,44664.0,63504.24743
2026-09-15 00:14:00,1.4219,1.4226,1.4219,1.4224,25744.5,36617.59999
2026-09-15 00:15:00,1.4224,1.4225,1.4207,1.4217,88218.4,125426.47314
2026-09-15 00:16:00,1.4217,1.4217,1.4207,1.4207,86074.0,122297.91865
2026-09-15 00:17:00,1.4206,1.4206,1.4189,1.4192,128731.9,182743.11719
2026-09-15 00:18:00,1.4192,1.4201,1.4192,1.4201,109431.8,155352.81591
2026-09-15 00:19:00,1.4201,1.4205,1.4191,1.4191,107473.5,152595.95132
2026-09-15 00:20:00,1.4191,1.4191,1.4171,1.4173,107451.5,152370.02586
2026-09-15 00:21:00,1.4173,1.4179,1.417,1.4174,42517.5,60261.02023
2026-09-15 00:22:00,1.4173,1.4176,1.417,1.4175,33174.8,47015.42597
2026-09-15 00:23:00,1.4175,1.4203,1.4175,1.4188,233695.2,331619.04621
2026-09-15 00:24:00,1.4188,1.4188,1.4177,1.4178,22026.9,31233.98701
2026-09-15 00:25:00,1.4178,1.4186,1.4171,1.4185,68405.2,96982.34353
2026-09-15 00:26:00,1.4185,1.42,1.4185,1.4192,64233.4,91174.2655
2026-09-15 00:27:00,1.4193,1.4196,1.4185,1.4187,93668.3,132910.35824
2026-09-15 00:28:00,1.4186,1.4186,1.4159,1.4164,157816.3,223622.83049
2026-09-15 00:29:00,1.4164,1.4182,1.4164,1.4182,41153.5,58322.09685
2026-09-15 00:30:00,1.4181,1.4188,1.4181,1.4188,17497.1,24820.08522
2026-09-15 00:31:00,1.4188,1.4199,1.4188,1.4194,87033.9,123549.70105
2026-09-15 00:32:00,1.4194,1.4202,1.4194,1.4196,157654.7,223851.40392
2026-09-15 00:33:00,1.4196,1.4199,1.4185,1.4195,103697.7,147173.588
2026-09-15 00:34:00,1.4196,1.4212,1.4195,1.4208,46991.6,66731.13909
2026-09-15 00:35:00,1.4208,1.4218,1.4208,1.4217,32280.9,45883.52152
2026-09-15 00:36:00,1.4217,1.4224,1.418,1.4198,388588.8,551703.87594
2026-09-15 00:37:00,1.4198,1.4199,1.4185,1.4186,75871.5,107686.8984
2026-09-15 00:38:00,1.4186,1.4189,1.4179,1.4184,55930.3,79327.29063
2026-09-15 00:39:00,1.4185,1.4197,1.4184,1.4194,43602.2,61879.93246
2026-09-15 00:40:00,1.4194,1.4196,1.4182,1.4184,51022.8,72397.71443
2026-09-15 00:41:00,1.4184,1.4192,1.4183,1.4191,48782.6,69203.86027
2026-09-15 00:42:00,1.4192,1.4192,1.417,1.4174,75359.3,106876.7515
2026-09-15 00:43:00,1.4174,1.4181,1.4165,1.4181,63581.7,90104.84316
2026-09-15 00:44:00,1.4182,1.4192,1.4175,1.4177,23953.3,33975.18461
2026-09-15 00:45:00,1.4177,1.4192,1.4177,1.4186,37283.0,52886.68782
2026-09-15 00:46:00,1.4186,1.4186,1.4172,1.4174,27458.5,38930.33862
2026-09-15 00:47:00,1.4173,1.4176,1.4167,1.417,21637.3,30665.06532
2026-09-15 00:48:00,1.417,1.417,1.4158,1.4168,97187.3,137657.24402
2026-09-15 00:49:00,1.4169,1.4189,1.4169,1.4179,70335.2,99754.87293
2026-09-15 00:50:00,1.4179,1.4189,1.4176,1.4189,42167.2,59810.82868
2026-09-15 00:51:00,1.4188,1.4192,1.4184,1.4187,43519.5,61743.00603
2026-09-15 00:52:00,1.4187,1.4201,1.4187,1.4196,18387.5,26101.60903
2026-09-15 00:53:00,1.4196,1.4208,1.4196,1.4201,50171.7,71256.5939
2026-09-15 00:54:00,1.4201,1.4206,1.4195,1.4196,52700.1,74834.18286
2026-09-15 00:55:00,1.4196,1.4205,1.4193,1.4205,33655.5,47785.89404
2026-09-15 00:56:00,1.4204,1.4206,1.4193,1.4194,33807.4,48005.21316
2026-09-15 00:57:00,1.4195,1.4195,1.4185,1.4189,40258.4,57120.15253
2026-09-15 00:58:00,1.419,1.4194,1.4186,1.4187,20883.1,29633.50632
2026-09-15 00:59:00,1.4187,1.4195,1.4187,1.4194,18548.9,26319.99774
2026-09-15 01:00:00,1.4193,1.4201,1.4176,1.4178,26247.5,37241.0636
2026-09-15 01:01:00,1.4179,1.4187,1.4171,1.4183,87843.7,124542.93617
2026-09-15 01:02:00,1.4183,1.4188,1.4176,1.4185,24019.3,34064.72567
2026-09-15 01:03:00,1.4185,1.4191,1.4176,1.4187,298573.8,423596.87082
2026-09-15 01:04:00,1.4187,1.4199,1.4187,1.419,26578.7,37719.91353
2026-09-15 01:05:00,1.419,1.419,1.418,1.4184,28121.8,39890.3771
2026-09-15 01:06:00,1.4184,1.4194,1.4181,1.4188,35936.6,50992.73946
2026-09-15 01:07:00,1.4188,1.4188,1.4173,1.4174,25158.1,35671.04829
2026-09-15 01:08:00,1.4173,1.4179,1.4166,1.4172,24678.4,34974.73567
2026-09-15 01:09:00,1.4171,1.4171,1.4159,1.4161,24422.3,34591.94465
2026-09-15 01:10:00,1.416,1.4169,1.4159,1.4163,32358.2,45829.49152
2026-09-15 01:11:00,1.4163,1.418,1.4163,1.4175,62774.8,88951.79236
2026-09-15 01:12:00,1.4175,1.4176,1.4171,1.4172,12352.8,17508.81646
2026-09-15 01:13:00,1.4172,1.4173,1.4152,1.4173,110490.2,156476.87474
2026-09-15 01:14:00,1.4174,1.4176,1.4158,1.416,31076.8,44030.76354
2026-09-15 01:15:00,1.416,1.4174,1.4151,1.417,143059.6,202636.04454
2026-09-15 01:16:00,1.4171,1.4183,1.4165,1.4182,78764.8,111609.38929
2026-09-15 01:17:00,1.4182,1.4184,1.418,1.4183,57594.5,81677.24633
2026-09-15 01:18:00,1.4183,1.4185,1.416,1.4165,114765.3,162625.12183
2026-09-15 01:19:00,1.4165,1.4186,1.4165,1.4183,21842.1,30963.85529
2026-09-15 01:20:00,1.4183,1.42,1.4183,1.4195,72299.2,102600.462
2026-09-15 01:21:00,1.4195,1.4205,1.4195,1.4203,28466.6,40425.62526
2026-09-15 01:22:00,1.4203,1.4241,1.4203,1.4239,176305.4,250856.00504
2026-09-15 01:23:00,1.4238,1.4259,1.4235,1.4251,178097.0,253724.38157
2026-09-15 01:24:00,1.425,1.4253,1.4208,1.4228,566243.6,805782.08002
2026-09-15 01:25:00,1.4229,1.4233,1.4222,1.4223,73473.0,104537.63006
2026-09-15 01:26:00,1.4222,1.4228,1.4212,1.4214,90100.4,128103.34222
2026-09-15 01:27:00,1.4214,1.4215,1.4186,1.4194,107695.2,152932.60752
2026-09-15 01:28:00,1.4194,1.4196,1.4171,1.4171,161720.7,229459.79958
2026-09-15 01:29:00,1.4171,1.4192,1.4167,1.4191,117621.4,166801.35264
2026-09-15 01:30:00,1.4191,1.4193,1.4176,1.4189,52806.9,74895.98489
2026-09-15 01:31:00,1.4189,1.4232,1.4184,1.4224,326514.0,464108.33745
2026-09-15 01:32:00,1.4224,1.4237,1.4223,1.4234,52482.4,74672.37489
2026-09-15 01:33:00,1.4235,1.4235,1.4217,1.4225,40503.3,57620.36716
2026-09-15 01:34:00,1.4225,1.4226,1.4219,1.4223,52962.9,75327.26989
2026-09-15 01:35:00,1.4223,1.4223,1.4202,1.4209,144329.2,205113.85936
2026-09-15 01:36:00,1.4208,1.4218,1.4205,1.4213,97949.8,139187.30383
2026-09-15 01:37:00,1.4212,1.4213,1.4205,1.4209,22134.2,31451.85765
2026-09-15 01:38:00,1.4208,1.4216,1.4208,1.4216,13242.7,18823.21134
2026-09-15 01:39:00,1.4216,1.4235,1.4216,1.4234,32988.1,46914.17668
2026-09-15 01:40:00,1.4234,1.4236,1.4212,1.4217,147088.8,209225.78118
2026-09-15 01:41:00,1.4218,1.423,1.4217,1.4229,23425.7,33324.36927
2026-09-15 01:42:00,1.4229,1.4247,1.4229,1.424,49822.4,70945.85558
2026-09-15 01:43:00,1.424,1.4256,1.4239,1.4253,39003.5,55583.23938
2026-09-15 01:44:00,1.4254,1.4254,1.4249,1.4251,64877.2,92457.37409
2026-09-15 01:45:00,1.4251,1.4251,1.4214,1.4216,564967.0,803797.19435
2026-09-15 01:46:00,1.4216,1.4233,1.4214,1.423,42837.2,60917.36304
2026-09-15 01:47:00,1.4231,1.4239,1.4229,1.4238,27930.4,39751.836
2026-09-15 01:48:00,1.4239,1.4239,1.4231,1.4237,26894.0,38281.577
2026-09-15 01:49:00,1.4237,1.4254,1.4236,1.4251,119457.4,170208.16457
2026-09-15 01:50:00,1.4251,1.4252,1.4243,1.4251,26241.6,37387.94503
2026-09-15 01:51:00,1.4251,1.4256,1.4239,1.4241,25778.7,36726.41591
2026-09-15 01:52:00,1.4241,1.4242,1.4234,1.4237,24464.8,34831.38226
2026-09-15 01:53:00,1.4237,1.4245,1.4237,1.4242,14559.7,20737.38618
2026-09-15 01:54:00,1.4242,1.4244,1.4233,1.4233,26855.5,38238.40449
2026-09-15 01:55:00,1.4232,1.4245,1.4231,1.4244,72972.4,103868.39698
2026-09-15 01:56:00,1.4244,1.4244,1.4234,1.4239,36886.4,52518.59628
2026-09-15 01:57:00,1.424,1.4241,1.4226,1.4227,92858.3,132184.77035
2026-09-15 01:58:00,1.4226,1.423,1.4221,1.4226,15704.0,22340.48756
2026-09-15 01:59:00,1.4226,1.4226,1.4218,1.4223,22655.1,32220.29147
2026-09-15 02:00:00,1.4223,1.4249,1.4222,1.4243,74126.2,105505.12509
2026-09-15 02:01:00,1.4244,1.4251,1.4236,1.4251,58091.0,82737.80689
2026-09-15 02:02:00,1.4251,1.4267,1.4249,1.4262,284926.7,406137.1582
2026-09-15 02:03:00,1.4262,1.4264,1.4251,1.426,44163.8,62967.19663
2026-09-15 02:04:00,1.426,1.4263,1.4253,1.4258,60278.7,85935.15781
2026-09-15 02:05:00,1.4258,1.427,1.4256,1.4262,57483.0,81976.59486
2026-09-15 02:06:00,1.4261,1.4261,1.4247,1.4248,49728.4,70877.83984
2026-09-15 02:07:00,1.4249,1.4249,1.4233,1.4235,129340.7,184162.69635
2026-09-15 02:08:00,1.4236,1.4255,1.4232,1.425,58680.9,83567.68262
2026-09-15 02:09:00,1.4249,1.4265,1.4249,1.4263,114566.1,163345.09077
2026-09-15 02:10:00,1.4264,1.4275,1.426,1.4275,53979.3,77009.58274
2026-09-15 02:11:00,1.4274,1.4289,1.4274,1.4288,138477.3,197811.17183
2026-09-15 02:12:00,1.4288,1.4301,1.4288,1.4297,115598.4,165275.04225
2026-09-15 02:13:00,1.4296,1.4303,1.4287,1.4289,190767.2,272694.95033
2026-09-15 02:14:00,1.4289,1.4292,1.4282,1.4288,47470.0,67825.24916
2026-09-15 02:15:00,1.4288,1.4289,1.4275,1.4276,92301.7,131841.33763
2026-09-15 02:16:00,1.4277,1.429,1.4276,1.429,40069.4,57227.81045
2026-09-15 02:17:00,1.4289,1.4293,1.4285,1.4293,134275.3,191855.91356
2026-09-15 02:18:00,1.4292,1.4293,1.4283,1.4287,46745.1,66779.28968
2026-09-15 02:19:00,1.4286,1.4287,1.4278,1.4284,109051.1,155762.00359
2026-09-15 02:20:00,1.4283,1.4283,1.4259,1.426,61251.4,87431.99506
2026-09-15 02:21:00,1.426,1.4271,1.4257,1.4257,58377.6,83271.27284
2026-09-15 02:22:00,1.4256,1.4267,1.4254,1.4267,57182.5,81540.32133
2026-09-15 02:23:00,1.4267,1.4274,1.4266,1.4269,33891.2,48360.07446
2026-09-15 02:24:00,1.4269,1.4276,1.4268,1.4275,29224.5,41708.16207
2026-09-15 02:25:00,1.4276,1.4289,1.4275,1.4288,56653.5,80909.12108
2026-09-15 02:26:00,1.4288,1.429,1.4284,1.4289,50960.5,72803.81246
2026-09-15 02:27:00,1.4289,1.4301,1.4287,1.4293,124650.5,178158.83929
2026-09-15 02:28:00,1.4293,1.4293,1.4278,1.4281,26620.0,38025.32004
2026-09-15 02:29:00,1.4281,1.4286,1.4281,1.4281,34284.8,48972.26781
2026-09-15 02:30:00,1.4281,1.4281,1.4255,1.4264,218428.5,311598.91357
2026-09-15 02:31:00,1.4265,1.427,1.426,1.4263,121355.3,173103.44052
2026-09-15 02:32:00,1.4262,1.4262,1.4249,1.4252,79469.3,113258.8924
2026-09-15 02:33:00,1.4251,1.4278,1.4245,1.4272,717226.2,1023140.10019
2026-09-15 02:34:00,1.4272,1.428,1.4272,1.4273,134192.9,191565.29851
2026-09-15 02:35:00,1.4273,1.4281,1.4267,1.4277,151740.7,216616.8039
2026-09-15 02:36:00,1.4278,1.4278,1.426,1.4266,102032.1,145573.06731
2026-09-15 02:37:00,1.4266,1.4266,1.4263,1.4265,78545.8,112041.0951
2026-09-15 02:38:00,1.4266,1.4266,1.4242,1.4256,330929.9,471707.76463
2026-09-15 02:39:00,1.4256,1.4269,1.4249,1.4268,78958.8,112557.83345
2026-09-15 02:40:00,1.4268,1.4281,1.4268,1.4271,91426.7,130518.88014
2026-09-15 02:41:00,1.4271,1.4277,1.4268,1.4269,85499.5,122020.78151
2026-09-15 02:42:00,1.4269,1.4272,1.4258,1.4269,84150.0,120041.25076
2026-09-15 02:43:00,1.4268,1.428,1.4266,1.4276,54266.6,77446.0924
2026-09-15 02:44:00,1.4276,1.4277,1.427,1.4272,31561.6,45048.21221
2026-09-15 02:45:00,1.4271,1.4278,1.4263,1.4278,51169.9,73013.20753
2026-09-15 02:46:00,1.4278,1.4284,1.4276,1.4279,66408.3,94830.49702
2026-09-15 02:47:00,1.4279,1.4281,1.4267,1.4268,189850.6,270961.54
2026-09-15 02:48:00,1.4268,1.4268,1.4264,1.4266,50094.6,71466.07485
2026-09-15 02:49:00,1.4266,1.4267,1.4241,1.4246,63920.2,91120.06711
2026-09-15 02:50:00,1.4246,1.4272,1.4245,1.4268,421794.5,601639.95344
2026-09-15 02:51:00,1.4267,1.4268,1.4242,1.425,219709.5,313300.98296
2026-09-15 02:52:00,1.4251,1.4257,1.4242,1.4242,46797.5,66699.53487
2026-09-15 02:53:00,1.4242,1.4259,1.4242,1.4247,35008.6,49881.13186
2026-09-15 02:54:00,1.4247,1.4249,1.4243,1.4247,31707.0,45171.1496
2026-09-15 02:55:00,1.4248,1.4263,1.4245,1.4262,63015.0,89793.57384
2026-09-15 02:56:00,1.4262,1.4267,1.4238,1.4243,445891.6,635412.82244
2026-09-15 02:57:00,1.4243,1.4243,1.4234,1.4236,70020.9,99692.92292
2026-09-15 02:58:00,1.4236,1.4238,1.423,1.4233,44747.6,63697.54655
2026-09-15 02:59:00,1.4234,1.4238,1.4232,1.4233,25159.6,35813.62095
2026-09-15 03:00:00,1.4232,1.4233,1.4214,1.4214,41700.1,59325.64337
2026-09-15 03:01:00,1.4215,1.4215,1.4189,1.4189,164393.5,233478.8816
2026-09-15 03:02:00,1.4189,1.4191,1.4166,1.4171,463143.5,656765.01375
2026-09-15 03:03:00,1.4171,1.4204,1.4161,1.4202,411244.6,583461.78916
2026-09-15 03:04:00,1.4201,1.4208,1.4182,1.4192,172115.6,244330.84747
2026-09-15 03:05:00,1.4192,1.4205,1.4192,1.4195,73528.7,104416.40362
2026-09-15 03:06:00,1.4196,1.4196,1.4175,1.4175,84234.8,119509.86405
2026-09-15 03:07:00,1.4176,1.4201,1.4173,1.4193,78121.9,110830.8537
2026-09-15 03:08:00,1.4193,1.4201,1.4184,1.4187,72902.5,103475.43789
2026-09-15 03:09:00,1.4187,1.4191,1.4165,1.4168,143932.7,204006.7948
2026-09-15 03:10:00,1.4168,1.4176,1.4146,1.4156,325268.4,460453.94456
2026-09-15 03:11:00,1.4157,1.416,1.4134,1.4144,123154.7,174207.50284
2026-09-15 03:12:00,1.4144,1.4156,1.4136,1.4149,153928.7,217729.20627
2026-09-15 03:13:00,1.4149,1.4153,1.4133,1.414,78640.5,111193.61849
2026-09-15 03:14:00,1.414,1.414,1.4128,1.4129,95969.6,135652.9169
2026-09-15 03:15:00,1.4129,1.4132,1.4117,1.4118,139192.3,196587.44843
2026-09-15 03:16:00,1.4119,1.4133,1.4117,1.4121,111636.0,157662.19389
2026-09-15 03:17:00,1.4122,1.414,1.4122,1.4133,138577.0,195857.38503
2026-09-15 03:18:00,1.4134,1.4141,1.4128,1.4141,77934.7,110140.1096
2026-09-15 03:19:00,1.4141,1.4148,1.4139,1.4144,73670.8,104196.60534
2026-09-15 03:20:00,1.4143,1.4157,1.4137,1.4157,51690.3,73119.18706
2026-09-15 03:21:00,1.4158,1.4162,1.4155,1.4155,79275.9,112245.55889
2026-09-15 03:22:00,1.4154,1.4158,1.414,1.415,99737.8,141107.97012
2026-09-15 03:23:00,1.415,1.4155,1.4146,1.4146,101655.5,143853.04383
2026-09-15 03:24:00,1.4147,1.4149,1.414,1.414,51410.7,72714.06689
2026-09-15 03:25:00,1.4141,1.4147,1.4134,1.414,97402.7,137752.55343
2026-09-15 03:26:00,1.414,1.4148,1.4139,1.4148,25130.6,35540.43119
2026-09-15 03:27:00,1.4148,1.4156,1.4148,1.4153,52525.5,74335.83801
2026-09-15 03:28:00,1.4153,1.4155,1.4147,1.4152,115050.8,162805.55248
2026-09-15 03:29:00,1.4153,1.4156,1.4153,1.4155,8775.6,12420.99127
2026-09-15 03:30:00,1.4155,1.4162,1.4151,1.4154,74903.7,106036.46995
2026-09-15 03:31:00,1.4154,1.4165,1.4154,1.4165,44589.5,63141.17684
2026-09-15 03:32:00,1.4164,1.4198,1.4164,1.4194,64282.9,91187.77155
2026-09-15 03:33:00,1.4194,1.4207,1.4194,1.4203,57303.7,81388.27508
2026-09-15 03:34:00,1.4202,1.4202,1.4197,1.42,35179.4,49953.42461
2026-09-15 03:35:00,1.4199,1.4206,1.4199,1.4202,62579.2,88893.36247
2026-09-15 03:36:00,1.4201,1.4208,1.4201,1.4204,36664.9,52085.02599
2026-09-15 03:37:00,1.4205,1.4205,1.4195,1.42,98505.0,139878.33268
2026-09-15 03:38:00,1.4199,1.4208,1.4199,1.4202,94989.8,134924.31404
2026-09-15 03:39:00,1.4202,1.4203,1.4192,1.4192,51721.5,73441.40816
2026-09-15 03:40:00,1.4193,1.4193,1.4192,1.4192,1636.6,2322.7102
2026-09-15 03:41:00,1.4193,1.4195,1.4188,1.4195,34362.0,48763.49676
2026-09-15 03:42:00,1.4194,1.4195,1.4183,1.4187,54445.7,77257.35203
2026-09-15 03:43:00,1.4188,1.4191,1.418,1.418,68798.6,97590.47362
2026-09-15 03:44:00,1.418,1.4181,1.4176,1.4181,36388.3,51590.61345
2026-09-15 03:45:00,1.4181,1.4185,1.4179,1.4181,106983.7,151715.01506
2026-09-15 03:46:00,1.4181,1.4189,1.4178,1.4185,63621.0,90230.58349
2026-09-15 03:47:00,1.4185,1.4185,1.4175,1.4176,22064.8,31288.55016
2026-09-15 03:48:00,1.4176,1.4176,1.4162,1.4162,47008.1,66593.2969
2026-09-15 03:49:00,1.4162,1.4165,1.4151,1.4155,76811.3,108730.63032
2026-09-15 03:50:00,1.4155,1.4155,1.4147,1.4148,22891.6,32389.30451
2026-09-15 03:51:00,1.4148,1.4179,1.4147,1.4167,409877.6,580650.38919
2026-09-15 03:52:00,1.4167,1.4167,1.4162,1.4164,37649.3,53330.93502
2026-09-15 03:53:00,1.4165,1.4169,1.4163,1.4165,41121.5,58249.85672
2026-09-15 03:54:00,1.4165,1.4168,1.4154,1.4154,59932.0,84874.43047
2026-09-15 03:55:00,1.4155,1.4166,1.4154,1.4163,136629.2,193438.47666
2026-09-15 03:56:00,1.4163,1.4169,1.4158,1.4158,306658.4,434255.67822
2026-09-15 03:57:00,1.4158,1.4158,1.4146,1.4151,98908.0,139955.218
2026-09-15 03:58:00,1.4151,1.4158,1.4151,1.4152,35101.7,49682.95407
2026-09-15 03:59:00,1.4153,1.416,1.4152,1.4159,47978.9,67918.53232
2026-09-15 04:00:00,1.4158,1.4168,1.4152,1.4154,281491.2,398571.03571
2026-09-15 04:01:00,1.4155,1.4165,1.4155,1.4164,37954.8,53746.96007
2026-09-15 04:02:00,1.4165,1.4167,1.4162,1.4163,54616.4,77362.40792
2026-09-15 04:03:00,1.4162,1.4163,1.4153,1.4159,74905.2,106045.50816
2026-09-15 04:04:00,1.4159,1.4181,1.4159,1.4176,119219.4,168964.31847
2026-09-15 04:05:00,1.4176,1.4184,1.4172,1.4183,123778.8,175487.68584
2026-09-15 04:06:00,1.4183,1.4184,1.4179,1.4183,68574.9,97251.95143
2026-09-15 04:07:00,1.4183,1.4183,1.4137,1.4137,287025.7,406360.11137
2026-09-15 04:08:00,1.4137,1.4156,1.4134,1.4139,171416.3,242432.14088
2026-09-15 04:09:00,1.4138,1.4142,1.4131,1.4141,74946.9,105947.77381
2026-09-15 04:10:00,1.4141,1.4156,1.414,1.4147,133344.8,188616.47884
2026-09-15 04:11:00,1.4146,1.4146,1.4142,1.4143,19802.2,28008.80919
2026-09-15 04:12:00,1.4142,1.4142,1.4122,1.4134,157058.8,221935.70398
2026-09-15 04:13:00,1.4135,1.4158,1.4135,1.4154,227192.9,321525.57182
2026-09-15 04:14:00,1.4154,1.4155,1.4136,1.4142,88852.9,125697.95264
2026-09-15 04:15:00,1.4143,1.4147,1.4143,1.4146,42271.8,59789.66196
2026-09-15 04:16:00,1.4146,1.4155,1.4142,1.4151,179653.2,254186.3078
2026-09-15 04:17:00,1.4151,1.4151,1.4138,1.4145,128681.9,182008.19379
2026-09-15 04:18:00,1.4145,1.4159,1.4144,1.4151,79199.1,112093.51967
2026-09-15 04:19:00,1.4151,1.4154,1.4146,1.4153,48977.0,69299.86265
2026-09-15 04:20:00,1.4153,1.4165,1.4149,1.4164,101291.2,143356.26129
2026-09-15 04:21:00,1.4164,1.4167,1.416,1.4161,50883.2,72070.75851
2026-09-15 04:22:00,1.416,1.4164,1.4154,1.4159,80718.7,114288.69166
2026-09-15 04:23:00,1.4158,1.4158,1.4144,1.4149,67533.0,95569.61107
2026-09-15 04:24:00,1.4149,1.4149,1.4136,1.4136,66237.5,93673.56835
2026-09-15 04:25:00,1.4135,1.4135,1.4119,1.412,86397.1,122061.82816
2026-09-15 04:26:00,1.4119,1.4123,1.4113,1.4119,106964.8,151007.3777
2026-09-15 04:27:00,1.4119,1.4119,1.4107,1.4115,142435.8,201008.60353
2026-09-15 04:28:00,1.4115,1.4129,1.4113,1.4129,76348.8,107798.27877
2026-09-15 04:29:00,1.4128,1.4129,1.4105,1.412,262500.6,370546.58743
2026-09-15 04:30:00,1.4121,1.4133,1.4121,1.4131,139096.6,196526.35266
2026-09-15 04:31:00,1.4132,1.4132,1.4127,1.413,29233.1,41306.53919
2026-09-15 04:32:00,1.4129,1.413,1.4113,1.4114,87619.3,123721.4859
2026-09-15 04:33:00,1.4113,1.4113,1.4088,1.4096,413000.1,582229.17509
2026-09-15 04:34:00,1.4096,1.4131,1.4095,1.4126,323640.2,456841.06119
2026-09-15 04:35:00,1.4126,1.4132,1.4119,1.4124,134205.5,189568.2643
2026-09-15 04:36:00,1.4123,1.4128,1.4123,1.4127,43195.0,61014.12422
2026-09-15 04:37:00,1.4126,1.4134,1.4126,1.4133,135528.9,191511.23297
2026-09-15 04:38:00,1.4134,1.4143,1.4132,1.4143,58603.6,82830.3141
2026-09-15 04:39:00,1.4143,1.4156,1.412,1.4132,498201.8,704236.06699
2026-09-15 04:40:00,1.4131,1.414,1.4131,1.4138,50455.5,71324.46179
2026-09-15 04:41:00,1.4139,1.415,1.4138,1.4146,77347.9,109406.36024
2026-09-15 04:42:00,1.4147,1.4153,1.4146,1.4151,64401.7,91134.60819
2026-09-15 04:43:00,1.4152,1.4152,1.414,1.4141,37573.9,53158.14982
2026-09-15 04:44:00,1.4141,1.4142,1.4138,1.4142,89177.0,126104.71075
2026-09-15 04:45:00,1.4142,1.4142,1.4135,1.4136,61310.6,86688.48629
2026-09-15 04:46:00,1.4136,1.4169,1.4136,1.4161,498021.2,705221.872
2026-09-15 04:47:00,1.4161,1.4162,1.4155,1.4158,109808.2,155458.96922
2026-09-15 04:48:00,1.4157,1.416,1.4152,1.4155,45049.7,63774.54179
2026-09-15 04:49:00,1.4155,1.4158,1.4151,1.4151,23846.8,33753.01247
2026-09-15 04:50:00,1.4151,1.4155,1.4146,1.4147,44339.2,62737.53795
2026-09-15 04:51:00,1.4148,1.415,1.4143,1.4148,23644.4,33449.93525
2026-09-15 04:52:00,1.4147,1.4148,1.4144,1.4145,46389.4,65623.74549
2026-09-15 04:53:00,1.4146,1.415,1.4142,1.415,40056.2,56659.95706
2026-09-15 04:54:00,1.4149,1.415,1.4147,1.415,40985.7,57990.31098
2026-09-15 04:55:00,1.415,1.415,1.4144,1.4145,12237.3,17311.30775
2026-09-15 04:56:00,1.4145,1.4145,1.4139,1.414,10263.4,14514.42531
2026-09-15 04:57:00,1.414,1.414,1.413,1.4134,60424.1,85412.27533
2026-09-15 04:58:00,1.4134,1.4148,1.4134,1.4147,141856.7,200632.78321
2026-09-15 04:59:00,1.4148,1.4148,1.4135,1.4135,27232.6,38514.47201
2026-09-15 05:00:00,1.4135,1.4136,1.4126,1.4126,99909.2,141181.54403
2026-09-15 05:01:00,1.4126,1.4132,1.4126,1.413,58563.6,82742.17341
2026-09-15 05:02:00,1.4129,1.4138,1.4129,1.4135,73512.1,103894.18122
2026-09-15 05:03:00,1.4136,1.4136,1.4106,1.4111,209906.5,296330.39449
2026-09-15 05:04:00,1.4111,1.4115,1.4103,1.4107,220884.9,311618.51724
2026-09-15 05:05:00,1.4108,1.4114,1.41,1.4102,148028.0,208806.99166
2026-09-15 05:06:00,1.4101,1.4102,1.4095,1.4102,74529.4,105074.05534
2026-09-15 05:07:00,1.4101,1.4102,1.4095,1.4096,81126.2,114376.08605
2026-09-15 05:08:00,1.4096,1.4113,1.4092,1.41,194438.9,274219.76612
2026-09-15 05:09:00,1.4101,1.4101,1.4084,1.4084,102212.4,144012.51662
2026-09-15 05:10:00,1.4084,1.4084,1.4043,1.406,522091.1,734224.67454
2026-09-15 05:11:00,1.406,1.4083,1.406,1.4066,175801.9,247353.20048
2026-09-15 05:12:00,1.4067,1.4067,1.4043,1.4044,155315.2,218192.172
2026-09-15 05:13:00,1.4045,1.4045,1.4025,1.4025,312477.4,438573.78309
2026-09-15 05:14:00,1.4026,1.4044,1.4009,1.4044,368567.4,516914.47428
2026-09-15 05:15:00,1.4045,1.4058,1.404,1.4053,76417.3,107363.93737
2026-09-15 05:16:00,1.4053,1.4053,1.4038,1.4045,142617.3,200292.62158
2026-09-15 05:17:00,1.4045,1.4045,1.4014,1.4014,115028.4,161397.75998
2026-09-15 05:18:00,1.4014,1.4026,1.4001,1.4017,492322.1,689833.98636
2026-09-15 05:19:00,1.4018,1.4024,1.4005,1.4007,168489.6,236109.09523
2026-09-15 05:20:00,1.4008,1.4027,1.4008,1.4027,93076.4,130459.20939
2026-09-15 05:21:00,1.4027,1.4038,1.4027,1.4034,61716.3,86615.70938
2026-09-15 05:22:00,1.4034,1.4034,1.402,1.4028,63757.6,89430.8939
2026-09-15 05:23:00,1.4029,1.4029,1.4015,1.4021,81583.8,114392.95516
2026-09-15 05:24:00,1.4021,1.4031,1.4021,1.4021,89778.0,125917.5836
2026-09-15 05:25:00,1.4022,1.4029,1.4022,1.4029,58687.1,82304.14399
2026-09-15 05:26:00,1.4029,1.4049,1.4028,1.4049,37979.2,53307.60315
2026-09-15 05:27:00,1.4049,1.4054,1.4047,1.4052,81478.0,114483.12794
2026-09-15 05:28:00,1.4052,1.4066,1.4052,1.406,83124.4,116864.73693
2026-09-15 05:29:00,1.4061,1.4066,1.4054,1.4054,37760.4,53094.35159
2026-09-15 05:30:00,1.4053,1.4064,1.4047,1.4058,103476.3,145423.16816
2026-09-15 05:31:00,1.4057,1.4057,1.4046,1.4055,64211.5,90229.43436
2026-09-15 05:32:00,1.4054,1.4054,1.4042,1.4049,69716.8,97921.14613
2026-09-15 05:33:00,1.4048,1.4062,1.4046,1.4061,50608.6,71122.40713
2026-09-15 05:34:00,1.4061,1.4063,1.4053,1.4063,43941.1,61772.14854
2026-09-15 05:35:00,1.4063,1.4063,1.4049,1.4056,55193.5,77578.1886
2026-09-15 05:36:00,1.4057,1.4057,1.4048,1.4052,30717.4,43165.80947
2026-09-15 05:37:00,1.4053,1.4053,1.4042,1.4043,35754.1,50228.26744
2026-09-15 05:38:00,1.4043,1.4047,1.4032,1.4032,47720.6,67002.25884
2026-09-15 05:39:00,1.4032,1.4043,1.4031,1.4043,33198.2,46597.70056
2026-09-15 05:40:00,1.4043,1.4056,1.4043,1.4052,68742.1,96583.12589
2026-09-15 05:41:00,1.4052,1.4061,1.4049,1.4058,96344.8,135408.07997
2026-09-15 05:42:00,1.4058,1.4063,1.4056,1.4057,65238.1,91716.64761
2026-09-15 05:43:00,1.4057,1.4058,1.4047,1.405,30213.4,42459.56233
2026-09-15 05:44:00,1.405,1.4059,1.405,1.4057,42909.6,60310.28271
2026-09-15 05:45:00,1.4058,1.4061,1.4056,1.4059,38099.8,53562.63776
2026-09-15 05:46:00,1.406,1.4075,1.4057,1.406,101160.7,142265.39332
2026-09-15 05:47:00,1.406,1.406,1.4057,1.4058,37470.1,52677.4785
2026-09-15 05:48:00,1.4059,1.4067,1.4058,1.4067,63977.2,89977.77581
2026-09-15 05:49:00,1.4067,1.4072,1.406,1.406,47443.8,66740.31452
2026-09-15 05:50:00,1.4061,1.4063,1.4051,1.4063,52541.2,73861.68498
2026-09-15 05:51:00,1.4062,1.4073,1.4062,1.4064,56151.3,78991.83116
2026-09-15 05:52:00,1.4064,1.408,1.4062,1.4077,80497.7,113280.14133
2026-09-15 05:53:00,1.4077,1.4088,1.4076,1.4088,68730.1,96779.10756
2026-09-15 05:54:00,1.4088,1.4092,1.4088,1.4091,51453.4,72501.23549
2026-09-15 05:55:00,1.4092,1.4092,1.4085,1.4087,50618.3,71311.16444
2026-09-15 05:56:00,1.4086,1.4089,1.4083,1.4088,55445.1,78102.21056
2026-09-15 05:57:00,1.4089,1.4093,1.4088,1.4092,36700.9,51717.02201
2026-09-15 05:58:00,1.4091,1.4091,1.4084,1.4084,35775.4,50396.63108
2026-09-15 05:59:00,1.4085,1.4088,1.4082,1.4083,27227.8,38351.69478
2026-09-15 06:00:00,1.4083,1.4091,1.4081,1.4082,44810.3,63117.72065
2026-09-15 06:01:00,1.4081,1.4089,1.4079,1.4083,151256.3,212990.28909
2026-09-15 06:02:00,1.4083,1.4099,1.4082,1.4099,367906.0,518408.44936
2026-09-15 06:03:00,1.4098,1.4099,1.4089,1.4093,115443.2,162699.66778
2026-09-15 06:04:00,1.4093,1.4103,1.409,1.4101,142131.1,200303.66211
2026-09-15 06:05:00,1.4101,1.4104,1.41,1.4101,163763.6,230953.44558
2026-09-15 06:06:00,1.4101,1.4102,1.4092,1.4095,149140.0,210237.50847
2026-09-15 06:07:00,1.4095,1.4097,1.4089,1.4093,79926.6,112643.91101
2026-09-15 06:08:00,1.4094,1.4094,1.4088,1.4092,46515.3,65543.96149
2026-09-15 06:09:00,1.4092,1.4092,1.4085,1.4086,49547.5,69804.34597
2026-09-15 06:10:00,1.4086,1.4086,1.408,1.4084,62075.8,87412.51391
2026-09-15 06:11:00,1.4083,1.4084,1.4074,1.4075,90119.1,126889.34259
2026-09-15 06:12:00,1.4075,1.4082,1.4074,1.4075,90568.1,127518.4737
2026-09-15 06:13:00,1.4075,1.4083,1.4074,1.408,41529.2,58466.45659
2026-09-15 06:14:00,1.408,1.408,1.4073,1.4073,20726.2,29174.37495
2026-09-15 06:15:00,1.4073,1.4077,1.4069,1.4077,72988.0,102700.83921
2026-09-15 06:16:00,1.4076,1.4082,1.4075,1.4081,30832.5,43402.9668
2026-09-15 06:17:00,1.4082,1.4086,1.4079,1.408,28292.7,39840.84701
2026-09-15 06:18:00,1.4079,1.408,1.4074,1.4078,33336.5,46927.98714
2026-09-15 06:19:00,1.4078,1.4078,1.407,1.4072,50871.6,71590.40073
2026-09-15 06:20:00,1.4072,1.4072,1.406,1.4064,53293.0,74961.13157
2026-09-15 06:21:00,1.4064,1.4064,1.4052,1.4053,23727.5,33358.0008
2026-09-15 06:22:00,1.4053,1.406,1.4052,1.4058,29484.3,41442.26182
2026-09-15 06:23:00,1.4058,1.4059,1.4058,1.4059,10613.1,14920.40846
2026-09-15 06:24:00,1.4059,1.4059,1.4046,1.4047,130400.3,183275.81578
2026-09-15 06:25:00,1.4047,1.4048,1.4044,1.4045,26879.8,37754.65515
2026-09-15 06:26:00,1.4044,1.4045,1.4033,1.4034,98389.8,138152.25812
2026-09-15 06:27:00,1.4034,1.4035,1.403,1.403,82030.2,115115.59351
2026-09-15 06:28:00,1.4031,1.4033,1.403,1.4032,18057.3,25336.59824
2026-09-15 06:29:00,1.4032,1.4038,1.4032,1.4033,46887.6,65807.28875
2026-09-15 06:30:00,1.4033,1.4039,1.4029,1.4029,34016.6,47738.86335
2026-09-15 06:31:00,1.4029,1.4036,1.4029,1.4036,48135.9,67542.94566
2026-09-15 06:32:00,1.4035,1.405,1.403,1.4041,168012.3,235931.28737
2026-09-15 06:33:00,1.4041,1.4042,1.4036,1.4037,51675.6,72553.30689
2026-09-15 06:34:00,1.4037,1.4045,1.4036,1.4044,111603.5,156668.04244
2026-09-15 06:35:00,1.4044,1.4046,1.4037,1.4038,78545.0,110285.48722
2026-09-15 06:36:00,1.4037,1.404,1.4029,1.404,46723.9,65567.58574
2026-09-15 06:37:00,1.4039,1.404,1.4036,1.4038,29813.2,41852.26965
2026-09-15 06:38:00,1.4038,1.4042,1.4038,1.4042,17048.4,23937.01209
2026-09-15 06:39:00,1.4042,1.4042,1.4019,1.4024,229132.1,321414.83879
2026-09-15 06:40:00,1.4024,1.4024,1.4015,1.4022,42733.0,59904.97502
2026-09-15 06:41:00,1.4023,1.4026,1.401,1.4014,183261.6,256880.74297
2026-09-15 06:42:00,1.4014,1.4019,1.4011,1.4013,74333.8,104173.29713
2026-09-15 06:43:00,1.4014,1.4014,1.4006,1.4007,38007.3,53244.51228
2026-09-15 06:44:00,1.4007,1.4027,1.4007,1.4021,270101.0,378506.6944
2026-09-15 06:45:00,1.402,1.4025,1.4013,1.4013,91887.9,128800.40059
2026-09-15 06:46:00,1.4014,1.4014,1.4008,1.4008,33142.3,46437.38293
2026-09-15 06:47:00,1.4007,1.401,1.4002,1.4002,64509.8,90349.57769
2026-09-15 06:48:00,1.4002,1.4002,1.3993,1.3997,208061.5,291271.45243
2026-09-15 06:49:00,1.3997,1.4005,1.3997,1.4002,60095.1,84141.07911
2026-09-15 06:50:00,1.4002,1.4008,1.3985,1.3985,336151.3,470501.81575
2026-09-15 06:51:00,1.3984,1.3991,1.3979,1.3988,134299.1,187760.33256
2026-09-15 06:52:00,1.3988,1.3988,1.3978,1.3984,39786.9,55629.16996
2026-09-15 06:53:00,1.3983,1.3984,1.3962,1.397,60498.5,84526.0793
2026-09-15 06:54:00,1.3969,1.3975,1.3969,1.3974,43062.9,60162.00042
2026-09-15 06:55:00,1.3974,1.3974,1.3965,1.3967,126276.5,176409.51142
2026-09-15 06:56:00,1.3967,1.3991,1.3961,1.3991,217652.5,304187.63
2026-09-15 06:57:00,1.399,1.3999,1.3989,1.3997,169748.4,237536.90585
2026-09-15 06:58:00,1.3997,1.3998,1.3989,1.3992,103028.1,144188.05053
2026-09-15 06:59:00,1.3992,1.3997,1.3991,1.3997,4247.5,5944.38727
2026-09-15 07:00:00,1.3997,1.4004,1.3995,1.4004,46182.2,64651.8228
2026-09-15 07:01:00,1.4003,1.4012,1.4,1.4012,118033.7,165306.95457
2026-09-15 07:02:00,1.4012,1.4018,1.3986,1.3993,411025.0,575390.60165
2026-09-15 07:03:00,1.3993,1.4003,1.399,1.4002,59494.0,83268.82467
2026-09-15 07:04:00,1.4003,1.4011,1.4002,1.4005,99490.2,139367.50526
2026-09-15 07:05:00,1.4005,1.4005,1.3991,1.3991,63995.4,89570.34804
2026-09-15 07:06:00,1.399,1.3995,1.3985,1.3985,55013.6,76967.96432
2026-09-15 07:07:00,1.3986,1.3986,1.3974,1.3978,31958.0,44679.12267
2026-09-15 07:08:00,1.3978,1.398,1.3976,1.398,10642.2,14875.82436
2026-09-15 07:09:00,1.3979,1.3997,1.3978,1.3997,18828.1,26330.88367
2026-09-15 07:10:00,1.3998,1.3998,1.3988,1.3988,17267.4,24160.91639
2026-09-15 07:11:00,1.3988,1.399,1.3983,1.3983,40756.7,57009.07394
2026-09-15 07:12:00,1.3984,1.3985,1.3982,1.3982,9250.6,12935.09274
2026-09-15 07:13:00,1.3982,1.4009,1.3982,1.4,414430.4,580228.10549
2026-09-15 07:14:00,1.4,1.4001,1.3996,1.4001,83096.9,116320.8249
2026-09-15 07:15:00,1.4001,1.4005,1.4001,1.4004,61343.0,85894.46642
2026-09-15 07:16:00,1.4004,1.401,1.3996,1.3998,178211.9,249528.73933
2026-09-15 07:17:00,1.3997,1.4008,1.3989,1.4007,78622.9,110079.40114
2026-09-15 07:18:00,1.4007,1.4015,1.4007,1.4014,53730.9,75282.0544
2026-09-15 07:19:00,1.4015,1.4022,1.4013,1.4021,67568.4,94704.33613
2026-09-15 07:20:00,1.4022,1.4033,1.4021,1.4033,59645.1,83660.70836
2026-09-15 07:21:00,1.4033,1.404,1.4008,1.4015,232066.1,325459.08587
2026-09-15 07:22:00,1.4014,1.402,1.4004,1.4008,69815.7,97838.55789
2026-09-15 07:23:00,1.4008,1.402,1.4004,1.4018,129638.9,181677.96798
2026-09-15 07:24:00,1.4018,1.4019,1.4016,1.4019,41378.8,58000.75204
2026-09-15 07:25:00,1.4019,1.4023,1.4019,1.4022,20720.9,29051.94497
2026-09-15 07:26:00,1.4023,1.4023,1.4018,1.4019,85649.2,120092.7623
2026-09-15 07:27:00,1.4019,1.4019,1.4016,1.4018,52389.0,73438.37202
2026-09-15 07:28:00,1.4018,1.4022,1.4016,1.4022,39561.3,55459.0756
2026-09-15 07:29:00,1.4021,1.4023,1.4019,1.4023,74826.9,104913.40921
2026-09-15 07:30:00,1.4023,1.4023,1.4016,1.4016,46142.5,64690.88773
2026-09-15 07:31:00,1.4015,1.4015,1.4009,1.4011,45847.3,64240.88256
2026-09-15 07:32:00,1.4012,1.4012,1.3993,1.4,92549.2,129627.45601
2026-09-15 07:33:00,1.3999,1.4,1.3999,1.4,12564.5,17590.04311
2026-09-15 07:34:00,1.3999,1.4,1.3962,1.3981,351107.2,490839.19581
2026-09-15 07:35:00,1.398,1.4011,1.3969,1.4011,514851.8,720307.05116
2026-09-15 07:36:00,1.4011,1.4015,1.4,1.4015,148860.4,208494.51718
2026-09-15 07:37:00,1.4014,1.4016,1.4008,1.401,88251.6,123667.80415
2026-09-15 07:38:00,1.4011,1.4011,1.3995,1.4001,63143.4,88415.7778
2026-09-15 07:39:00,1.4002,1.4007,1.3999,1.4,65621.2,91897.38686
2026-09-15 07:40:00,1.3999,1.4004,1.3999,1.4004,48930.1,68502.70655
2026-09-15 07:41:00,1.4004,1.4004,1.3988,1.3989,69724.8,97592.65056
2026-09-15 07:42:00,1.3989,1.3992,1.3984,1.3985,72714.6,101718.80056
2026-09-15 07:43:00,1.3985,1.3993,1.3984,1.399,24037.3,33622.8689
2026-09-15 07:44:00,1.399,1.399,1.3981,1.3983,11830.1,16543.90843
2026-09-15 07:45:00,1.3983,1.3999,1.3977,1.3999,109228.3,152781.16415
2026-09-15 07:46:00,1.3998,1.4,1.3984,1.3984,33727.2,47198.8829
2026-09-15 07:47:00,1.3984,1.3992,1.3981,1.3985,79847.3,111678.83369
2026-09-15 07:48:00,1.3985,1.399,1.3979,1.399,41377.4,57857.91915
2026-09-15 07:49:00,1.3991,1.3991,1.3976,1.3976,19678.5,27516.83061
2026-09-15 07:50:00,1.3977,1.3977,1.3953,1.3966,409912.6,572429.6559
2026-09-15 07:51:00,1.3965,1.3965,1.3954,1.3955,39598.1,55282.90591
2026-09-15 07:52:00,1.3954,1.3954,1.3937,1.3944,221187.8,308453.8997
2026-09-15 07:53:00,1.3944,1.3944,1.3933,1.3933,104455.0,145593.62236
2026-09-15 07:54:00,1.3932,1.3934,1.3923,1.3926,90487.0,126024.55396
2026-09-15 07:55:00,1.3927,1.3928,1.3921,1.3926,123263.5,171631.09705
2026-09-15 07:56:00,1.3927,1.3936,1.3916,1.3929,301372.1,419635.27292
2026-09-15 07:57:00,1.393,1.3934,1.393,1.3932,39951.5,55662.13893
2026-09-15 07:58:00,1.3933,1.3938,1.3932,1.3937,42785.8,59620.05592
2026-09-15 07:59:00,1.3937,1.3942,1.3932,1.394,116285.7,162055.49892
2026-09-15 08:00:00,1.3939,1.394,1.3914,1.3914,167868.9,233754.23591
2026-09-15 08:01:00,1.3915,1.3917,1.3903,1.3906,163443.1,227342.83974
2026-09-15 08:02:00,1.3906,1.3906,1.3895,1.3896,160278.1,222781.83886
2026-09-15 08:03:00,1.3895,1.3925,1.3892,1.3909,350599.6,487742.60619
2026-09-15 08:04:00,1.3909,1.3909,1.39,1.39,138726.9,192906.99427
2026-09-15 08:05:00,1.3901,1.3907,1.39,1.3906,56122.1,78021.90942
2026-09-15 08:06:00,1.3907,1.3907,1.3897,1.3898,74315.8,103317.77782
2026-09-15 08:07:00,1.3898,1.3898,1.3891,1.3891,65192.4,90591.86497
2026-09-15 08:08:00,1.3892,1.3892,1.3875,1.3877,200271.5,278038.09463
2026-09-15 08:09:00,1.3877,1.3887,1.3877,1.3883,63019.9,87483.74444
2026-09-15 08:10:00,1.3884,1.3884,1.3873,1.3876,201997.0,280309.88038
2026-09-15 08:11:00,1.3876,1.3889,1.3874,1.3879,233792.9,324495.82406
2026-09-15 08:12:00,1.3879,1.3884,1.3877,1.3884,102348.5,142064.4206
2026-09-15 08:13:00,1.3883,1.3894,1.3883,1.3891,74598.8,103599.83633
2026-09-15 08:14:00,1.3891,1.3902,1.3891,1.3902,77426.0,107585.06928
2026-09-15 08:15:00,1.3902,1.3915,1.3901,1.3902,120732.0,167912.99967
2026-09-15 08:16:00,1.3902,1.3902,1.388,1.3881,53957.6,74938.82582
2026-09-15 08:17:00,1.388,1.3899,1.388,1.3893,103559.2,143863.15077
2026-09-15 08:18:00,1.3892,1.3904,1.3889,1.3904,99864.4,138786.62782
2026-09-15 08:19:00,1.3904,1.3908,1.39,1.3901,85086.6,118305.42428
2026-09-15 08:20:00,1.3901,1.3909,1.39,1.39,141633.5,196931.2754
2026-09-15 08:21:00,1.39,1.39,1.388,1.3886,205437.5,285354.48718
2026-09-15 08:22:00,1.3886,1.3902,1.3881,1.3891,62763.8,87158.09219
2026-09-15 08:23:00,1.389,1.3893,1.3877,1.388,71864.2,99795.82767
2026-09-15 08:24:00,1.3881,1.3888,1.3878,1.3886,93407.3,129676.66967
2026-09-15 08:25:00,1.3887,1.3887,1.3869,1.3876,49570.1,68785.39051
2026-09-15 08:26:00,1.3876,1.3885,1.387,1.3877,138552.6,192285.45744
2026-09-15 08:27:00,1.3876,1.388,1.3868,1.3869,47975.0,66564.07542
2026-09-15 08:28:00,1.3868,1.388,1.3864,1.387,195858.5,271620.82906
2026-09-15 08:29:00,1.387,1.387,1.3865,1.3866,37202.3,51591.74389
2026-09-15 08:30:00,1.3866,1.3886,1.386,1.3875,284586.0,394869.41043
2026-09-15 08:31:00,1.3874,1.3882,1.3871,1.3879,29271.9,40619.74952
2026-09-15 08:32:00,1.3879,1.3882,1.3877,1.3881,47257.6,65586.02161
2026-09-15 08:33:00,1.3881,1.3886,1.3873,1.3881,43039.2,59738.385
2026-09-15 08:34:00,1.3881,1.3887,1.388,1.3887,24189.9,33581.27748
2026-09-15 08:35:00,1.3886,1.3895,1.3882,1.3895,48067.1,66759.10251
2026-09-15 08:36:00,1.3894,1.3899,1.3893,1.3896,55473.5,77088.20369
2026-09-15 08:37:00,1.3897,1.3898,1.3892,1.3893,22328.7,31026.58621
2026-09-15 08:38:00,1.3892,1.3903,1.3892,1.3898,50902.0,70743.82179
2026-09-15 08:39:00,1.3898,1.3907,1.3898,1.3907,41640.6,57895.21754
2026-09-15 08:40:00,1.3906,1.3907,1.39,1.3903,79207.4,110116.40178
2026-09-15 08:41:00,1.3903,1.3908,1.3902,1.3905,43004.8,59801.71422
2026-09-15 08:42:00,1.3905,1.3926,1.3904,1.3926,142102.5,197771.30258
2026-09-15 08:43:00,1.3927,1.3927,1.3921,1.3926,68010.7,94705.54304
2026-09-15 08:44:00,1.3926,1.3926,1.3905,1.3906,109688.3,152594.62395
2026-09-15 08:45:00,1.3905,1.3923,1.3905,1.3919,153833.3,214031.91838
2026-09-15 08:46:00,1.3919,1.3926,1.3918,1.3926,55636.4,77460.11924
2026-09-15 08:47:00,1.3926,1.3935,1.3926,1.3934,75263.3,104844.13656
2026-09-15 08:48:00,1.3934,1.3939,1.3933,1.3937,63806.9,88924.82236
2026-09-15 08:49:00,1.3938,1.3952,1.391,1.3917,478963.0,667177.23106
2026-09-15 08:50:00,1.3918,1.3924,1.3908,1.392,242861.8,337991.84192
2026-09-15 08:51:00,1.3919,1.3919,1.3914,1.3917,35525.4,49439.03604
2026-09-15 08:52:00,1.3917,1.3923,1.3914,1.3923,14509.1,20194.96905
2026-09-15 08:53:00,1.3923,1.3933,1.3922,1.3932,40018.6,55743.69342
2026-09-15 08:54:00,1.3932,1.3944,1.3929,1.3944,86668.8,120758.65195
2026-09-15 08:55:00,1.3944,1.3955,1.394,1.3954,44932.3,62683.32784
2026-09-15 08:56:00,1.3954,1.3965,1.395,1.3952,204760.3,285793.46212
2026-09-15 08:57:00,1.3952,1.3955,1.395,1.3951,55150.7,76948.50592
2026-09-15 08:58:00,1.3951,1.3971,1.3951,1.3966,205903.1,287526.59594
2026-09-15 08:59:00,1.3966,1.398,1.3964,1.398,60349.1,84327.84294
2026-09-15 09:00:00,1.3979,1.3984,1.3962,1.3966,137343.2,191862.42256
2026-09-15 09:01:00,1.3966,1.3967,1.3962,1.3964,58369.9,81516.77138
2026-09-15 09:02:00,1.3963,1.3966,1.396,1.3964,38212.1,53355.86732
2026-09-15 09:03:00,1.3963,1.397,1.3961,1.3961,27214.7,38003.40284
2026-09-15 09:04:00,1.396,1.3973,1.396,1.3965,90169.4,125942.82271
2026-09-15 09:05:00,1.3964,1.3966,1.396,1.396,30660.7,42814.39155
2026-09-15 09:06:00,1.3961,1.3971,1.3961,1.3967,93307.3,130297.07291
2026-09-15 09:07:00,1.3967,1.3967,1.3961,1.3961,123285.5,172154.72418
2026-09-15 09:08:00,1.3961,1.3966,1.3956,1.3959,49325.9,68859.12443
2026-09-15 09:09:00,1.3958,1.3978,1.3958,1.3974,117493.4,164133.83331
2026-09-15 09:10:00,1.3974,1.3975,1.3963,1.3963,11380.5,15899.71481
2026-09-15 09:11:00,1.3963,1.3972,1.3963,1.3969,24418.3,34101.88734
2026-09-15 09:12:00,1.3969,1.3977,1.3967,1.3976,75771.7,105855.90561
2026-09-15 09:13:00,1.3975,1.3976,1.3963,1.3972,100363.4,140212.03612
2026-09-15 09:14:00,1.3971,1.3973,1.3966,1.3972,28986.9,40491.36068
2026-09-15 09:15:00,1.3972,1.3977,1.3964,1.3976,48474.0,67713.66014
2026-09-15 09:16:00,1.3977,1.3981,1.3971,1.3975,39812.9,55643.26843
2026-09-15 09:17:00,1.3976,1.398,1.3972,1.3973,32071.3,44822.60397
2026-09-15 09:18:00,1.3972,1.3973,1.3964,1.3965,17812.1,24881.51902
2026-09-15 09:19:00,1.3964,1.3969,1.3963,1.3968,35470.9,49543.49611
2026-09-15 09:20:00,1.3968,1.3972,1.3966,1.3969,20462.5,28582.32864
2026-09-15 09:21:00,1.397,1.3978,1.3969,1.3976,71113.2,99379.70402
2026-09-15 09:22:00,1.3976,1.3981,1.3973,1.3979,57967.2,81020.62361
2026-09-15 09:23:00,1.3979,1.3979,1.3964,1.3968,305319.1,426547.80934
2026-09-15 09:24:00,1.3968,1.3972,1.3965,1.397,49951.1,69767.61113
2026-09-15 09:25:00,1.397,1.3974,1.397,1.397,82707.5,115562.11514
2026-09-15 09:26:00,1.397,1.398,1.397,1.3975,43698.0,61065.68689
2026-09-15 09:27:00,1.3976,1.3979,1.3974,1.3976,80443.7,112426.9724
2026-09-15 09:28:00,1.3977,1.3991,1.3976,1.3991,101148.2,141436.21619
2026-09-15 09:29:00,1.3991,1.4014,1.3991,1.4002,306086.1,428600.05928
2026-09-15 09:30:00,1.4001,1.4002,1.3997,1.3997,24343.9,34080.17831
2026-09-15 09:31:00,1.3997,1.3998,1.399,1.3995,72256.4,101120.95841
2026-09-15 09:32:00,1.3994,1.3995,1.3988,1.399,26846.0,37558.33054
2026-09-15 09:33:00,1.3991,1.3993,1.3986,1.3991,36460.5,51005.49041
2026-09-15 09:34:00,1.3992,1.4025,1.3991,1.4024,114540.7,160419.83326
2026-09-15 09:35:00,1.4023,1.4029,1.4021,1.4028,82627.4,115883.23739
2026-09-15 09:36:00,1.4028,1.403,1.4003,1.4011,452255.4,633858.75495
2026-09-15 09:37:00,1.4011,1.4014,1.4009,1.401,25918.8,36316.94265
2026-09-15 09:38:00,1.4011,1.4013,1.4008,1.4012,44188.8,61911.7878
2026-09-15 09:39:00,1.4013,1.4017,1.4012,1.4012,22436.3,31441.68985
2026-09-15 09:40:00,1.4013,1.4013,1.4002,1.4003,27266.6,38192.65184
2026-09-15 09:41:00,1.4003,1.4008,1.4003,1.4008,82408.9,115421.10637
2026-09-15 09:42:00,1.4007,1.4008,1.4005,1.4007,33274.4,46607.15832
2026-09-15 09:43:00,1.4007,1.4011,1.4006,1.4009,113391.5,158833.62508
2026-09-15 09:44:00,1.4009,1.4033,1.4008,1.4022,257072.3,360477.27571
2026-09-15 09:45:00,1.4022,1.4037,1.4022,1.4036,48908.4,68609.98786
2026-09-15 09:46:00,1.4036,1.4037,1.4012,1.4012,290257.4,406982.53515
2026-09-15 09:47:00,1.4013,1.403,1.401,1.402,180761.6,253459.6272
2026-09-15 09:48:00,1.402,1.4052,1.4019,1.4051,140300.8,196860.92775
2026-09-15 09:49:00,1.4051,1.4062,1.4049,1.4057,191826.4,269638.47798
2026-09-15 09:50:00,1.4057,1.406,1.4044,1.406,193516.6,271917.65757
2026-09-15 09:51:00,1.4061,1.4064,1.4051,1.4051,102840.6,144605.05029
2026-09-15 09:52:00,1.4051,1.406,1.4051,1.4056,56397.8,79278.0573
2026-09-15 09:53:00,1.4055,1.4065,1.4055,1.4064,60649.1,85281.71321
2026-09-15 09:54:00,1.4065,1.407,1.4064,1.4066,109759.0,154410.38644
2026-09-15 09:55:00,1.4066,1.4066,1.4038,1.4043,437039.9,614032.70238
2026-09-15 09:56:00,1.4043,1.4043,1.4036,1.4037,64428.1,90444.49234
2026-09-15 09:57:00,1.4037,1.4039,1.4028,1.4028,63513.2,89133.18675
2026-09-15 09:58:00,1.4028,1.4028,1.402,1.4021,65048.1,91224.3348
2026-09-15 09:59:00,1.4021,1.4026,1.4017,1.4023,91078.2,127697.54695
2026-09-15 10:00:00,1.4023,1.4025,1.402,1.4022,48739.4,68346.70151
2026-09-15 10:01:00,1.4022,1.4022,1.4,1.4001,80983.3,113479.75803
2026-09-15 10:02:00,1.4001,1.4006,1.3994,1.3996,128867.1,180423.73785
2026-09-15 10:03:00,1.3997,1.4042,1.3996,1.4042,528233.0,740491.48034
2026-09-15 10:04:00,1.4041,1.4045,1.4031,1.4031,64268.3,90227.55163
2026-09-15 10:05:00,1.403,1.4032,1.4026,1.403,70397.9,98762.47771
2026-09-15 10:06:00,1.403,1.4032,1.4028,1.4031,61341.5,86061.13952
2026-09-15 10:07:00,1.4032,1.4032,1.4022,1.4023,32708.8,45882.70379
2026-09-15 10:08:00,1.4023,1.4039,1.4022,1.4038,79103.6,110982.66853
2026-09-15 10:09:00,1.4038,1.4038,1.4032,1.4033,34553.5,48493.92088
2026-09-15 10:10:00,1.4032,1.4033,1.4017,1.402,106016.7,148633.57655
2026-09-15 10:11:00,1.402,1.4036,1.402,1.403,231540.0,324731.98708
2026-09-15 10:12:00,1.403,1.4031,1.4021,1.4022,91822.6,128793.75983
2026-09-15 10:13:00,1.4022,1.4025,1.4015,1.4016,86434.4,121199.11963
2026-09-15 10:14:00,1.4015,1.4023,1.4015,1.4023,36067.1,50558.78278
2026-09-15 10:15:00,1.4022,1.4025,1.4018,1.4025,42207.5,59171.51282
2026-09-15 10:16:00,1.4025,1.4029,1.4013,1.4013,51604.8,72370.10073
2026-09-15 10:17:00,1.4014,1.4028,1.4013,1.4028,76702.9,107542.8688
2026-09-15 10:18:00,1.4028,1.4033,1.4027,1.4027,37647.3,52822.51049
2026-09-15 10:19:00,1.4027,1.4027,1.4005,1.401,25774.9,36120.92713
2026-09-15 10:20:00,1.401,1.4015,1.4008,1.4014,43103.5,60396.94178
2026-09-15 10:21:00,1.4014,1.4015,1.4006,1.4007,88214.9,123578.99381
2026-09-15 10:22:00,1.4008,1.4009,1.4005,1.4005,13267.4,18584.67818
2026-09-15 10:23:00,1.4006,1.4015,1.4006,1.4015,25369.9,35544.81621
2026-09-15 10:24:00,1.4014,1.4017,1.4012,1.4013,89377.5,125247.72386
2026-09-15 10:25:00,1.4013,1.4013,1.4005,1.4005,23823.2,33374.73239
2026-09-15 10:26:00,1.4006,1.4006,1.4001,1.4001,26539.5,37165.27177
2026-09-15 10:27:00,1.4001,1.4005,1.3988,1.3988,269091.5,376647.34111
2026-09-15 10:28:00,1.3988,1.3992,1.3985,1.3989,67314.6,94159.02845
2026-09-15 10:29:00,1.3989,1.3991,1.3981,1.3984,185485.5,259423.0345
2026-09-15 10:30:00,1.3985,1.3985,1.3976,1.3976,33875.7,47356.91524
2026-09-15 10:31:00,1.3976,1.3983,1.3976,1.3982,10899.1,15235.46017
2026-09-15 10:32:00,1.3982,1.3992,1.3981,1.3991,48484.2,67811.58258
2026-09-15 10:33:00,1.3992,1.4008,1.3987,1.3999,177525.2,248500.33409
2026-09-15 10:34:00,1.3999,1.4009,1.3998,1.4008,84040.4,117668.95024
2026-09-15 10:35:00,1.4008,1.4009,1.4003,1.4008,81196.7,113727.95477
2026-09-15 10:36:00,1.4007,1.4014,1.4007,1.4011,14057.5,19695.67905
2026-09-15 10:37:00,1.4012,1.4014,1.4009,1.4012,31115.0,43596.06362
2026-09-15 10:38:00,1.4012,1.4016,1.3988,1.3994,302792.8,423895.3066
2026-09-15 10:39:00,1.3993,1.3998,1.3988,1.3994,71391.4,99889.94997
2026-09-15 10:40:00,1.3994,1.4002,1.3993,1.4002,12981.0,18168.51653
2026-09-15 10:41:00,1.4002,1.4006,1.3998,1.3998,44199.6,61888.68371
2026-09-15 10:42:00,1.3997,1.4009,1.3996,1.4004,112251.2,157195.58125
2026-09-15 10:43:00,1.4004,1.4004,1.3997,1.3999,29351.2,41090.65762
2026-09-15 10:44:00,1.3998,1.4009,1.3998,1.4009,54303.6,76060.18748
2026-09-15 10:45:00,1.401,1.4014,1.4009,1.4014,62640.2,87776.56104
2026-09-15 10:46:00,1.4013,1.4017,1.4013,1.4017,14921.4,20912.14368
2026-09-15 10:47:00,1.4017,1.403,1.4016,1.4026,76900.9,107853.03709
2026-09-15 10:48:00,1.4026,1.4027,1.4014,1.4016,91717.5,128584.70246
2026-09-15 10:49:00,1.4017,1.4033,1.4013,1.4032,67207.7,94245.37857
2026-09-15 10:50:00,1.4033,1.4035,1.403,1.4033,62984.3,88380.99144
2026-09-15 10:51:00,1.4034,1.4041,1.4033,1.4038,76873.3,107912.50293
2026-09-15 10:52:00,1.4039,1.4041,1.402,1.4027,182296.3,255769.35779
2026-09-15 10:53:00,1.4026,1.4026,1.4016,1.4021,14705.2,20617.10059
2026-09-15 10:54:00,1.4021,1.4026,1.402,1.4022,45317.3,63544.92375
2026-09-15 10:55:00,1.4022,1.4035,1.4019,1.4032,68283.2,95801.67566
2026-09-15 10:56:00,1.4032,1.4032,1.4028,1.4029,38435.8,53924.46392
2026-09-15 10:57:00,1.4028,1.4042,1.4028,1.4034,92047.6,129209.37196
2026-09-15 10:58:00,1.4033,1.4034,1.4024,1.4025,41925.6,58822.44206
2026-09-15 10:59:00,1.4024,1.4029,1.4023,1.4025,50662.3,71054.83057
2026-09-15 11:00:00,1.4024,1.4026,1.402,1.4023,68436.8,95970.31462
2026-09-15 11:01:00,1.4024,1.4028,1.4023,1.4024,62385.6,87493.21564
2026-09-15 11:02:00,1.4025,1.4035,1.4024,1.4034,41313.9,57970.10303
2026-09-15 11:03:00,1.4034,1.4035,1.4022,1.4024,48367.2,67855.56262
2026-09-15 11:04:00,1.4023,1.4027,1.4023,1.4025,29094.7,40803.31383
2026-09-15 11:05:00,1.4026,1.4026,1.4016,1.4025,93560.5,131171.49219
2026-09-15 11:06:00,1.4026,1.4026,1.4021,1.4021,49365.8,69228.01577
2026-09-15 11:07:00,1.4021,1.4021,1.4017,1.4021,47930.7,67190.70595
2026-09-15 11:08:00,1.402,1.4022,1.4016,1.4022,27440.1,38467.68089
2026-09-15 11:09:00,1.4022,1.4034,1.4021,1.4034,35449.0,49731.78079
2026-09-15 11:10:00,1.4035,1.4036,1.4027,1.4027,49981.5,70128.14323
2026-09-15 11:11:00,1.4027,1.4029,1.4024,1.4025,39914.7,55984.32382
2026-09-15 11:12:00,1.4025,1.4026,1.4012,1.4014,64289.6,90131.12761
2026-09-15 11:13:00,1.4013,1.4015,1.4008,1.4009,103600.7,145167.91977
2026-09-15 11:14:00,1.401,1.401,1.4003,1.4006,30143.1,42221.50552
2026-09-15 11:15:00,1.4006,1.4011,1.4002,1.4003,97408.0,136443.24218
2026-09-15 11:16:00,1.4002,1.4008,1.4002,1.4004,73274.8,102613.76467
2026-09-15 11:17:00,1.4005,1.4017,1.4004,1.4017,47495.2,66543.55373
2026-09-15 11:18:00,1.4016,1.4018,1.3995,1.4,444341.6,622314.45111
2026-09-15 11:19:00,1.4,1.401,1.3995,1.3995,86324.0,120888.55226
2026-09-15 11:20:00,1.3996,1.4002,1.399,1.4002,48344.5,67660.90265
2026-09-15 11:21:00,1.4002,1.4002,1.3992,1.3992,25276.3,35380.18547
2026-09-15 11:22:00,1.3992,1.3994,1.3982,1.3991,56715.3,79329.94613
2026-09-15 11:23:00,1.3991,1.3993,1.3985,1.3986,14979.5,20956.98451
2026-09-15 11:24:00,1.3986,1.3986,1.3975,1.3978,81784.3,114323.68015
2026-09-15 11:25:00,1.3979,1.3983,1.3978,1.3981,58561.2,81866.38267
2026-09-15 11:26:00,1.3981,1.3985,1.3981,1.3985,11539.7,16134.74591
2026-09-15 11:27:00,1.3985,1.3985,1.3979,1.3981,61550.5,86058.35835
2026-09-15 11:28:00,1.3982,1.3984,1.3981,1.3984,24164.8,33790.4272
2026-09-15 11:29:00,1.3985,1.3987,1.3984,1.3987,31924.6,44646.48859
2026-09-15 11:30:00,1.3986,1.399,1.398,1.3981,133281.7,186385.08032
2026-09-15 11:31:00,1.3981,1.3982,1.3965,1.3967,71743.1,100248.889
2026-09-15 11:32:00,1.3968,1.3968,1.3951,1.3958,176770.5,246740.92789
2026-09-15 11:33:00,1.3957,1.3957,1.3948,1.3949,25016.6,34902.94189
2026-09-15 11:34:00,1.3948,1.3949,1.3935,1.3948,118195.2,164812.94776
2026-09-15 11:35:00,1.3948,1.3955,1.3947,1.3951,79262.5,110590.70777
2026-09-15 11:36:00,1.395,1.395,1.3945,1.3948,35412.8,49394.57285
2026-09-15 11:37:00,1.3948,1.3952,1.3945,1.3947,33867.3,47237.48033
2026-09-15 11:38:00,1.3946,1.3947,1.3936,1.3937,51780.9,72197.0803
2026-09-15 11:39:00,1.3936,1.3973,1.3936,1.397,478179.4,667387.59793
2026-09-15 11:40:00,1.397,1.3975,1.3955,1.3958,105458.3,147306.42238
2026-09-15 11:41:00,1.3959,1.3963,1.3947,1.3957,124681.5,174000.9678
2026-09-15 11:42:00,1.3957,1.3958,1.3952,1.3957,53676.8,74907.07657
2026-09-15 11:43:00,1.3958,1.3965,1.3957,1.3961,85499.0,119371.47611
2026-09-15 11:44:00,1.3961,1.3963,1.3954,1.3962,75490.7,105377.92738
2026-09-15 11:45:00,1.3961,1.3962,1.3958,1.3959,30525.9,42612.1315
2026-09-15 11:46:00,1.396,1.396,1.3956,1.3956,27517.7,38408.39367
2026-09-15 11:47:00,1.3956,1.3956,1.3948,1.3955,92214.6,128664.1858
2026-09-15 11:48:00,1.3955,1.3957,1.3951,1.3957,83062.1,115909.94266
2026-09-15 11:49:00,1.3957,1.3957,1.3952,1.3956,34837.4,48614.51917
2026-09-15 11:50:00,1.3957,1.3962,1.3957,1.3958,44325.6,61872.67555
2026-09-15 11:51:00,1.3957,1.3975,1.3957,1.3974,45185.8,63092.64054
2026-09-15 11:52:00,1.3974,1.3981,1.3972,1.3979,67013.0,93664.90499
2026-09-15 11:53:00,1.3979,1.3986,1.3975,1.3979,82411.9,115214.02356
2026-09-15 11:54:00,1.3979,1.398,1.3975,1.3977,62794.5,87774.71576
2026-09-15 11:55:00,1.3978,1.3992,1.3977,1.3992,60763.2,84964.35549
2026-09-15 11:56:00,1.3992,1.3997,1.3991,1.3997,46605.5,65219.91341
2026-09-15 11:57:00,1.3997,1.4008,1.3997,1.4007,45678.5,63965.78239
2026-09-15 11:58:00,1.4008,1.4017,1.4007,1.4014,45066.9,63155.93956
2026-09-15 11:59:00,1.4015,1.4016,1.4011,1.4012,43296.5,60675.59983
2026-09-15 12:00:00,1.4011,1.4016,1.4008,1.4016,19080.5,26733.05416
2026-09-15 12:01:00,1.4017,1.4017,1.3998,1.4003,49818.2,69794.24156
2026-09-15 12:02:00,1.4003,1.4003,1.3998,1.4,21109.7,29554.33944
2026-09-15 12:03:00,1.4,1.4,1.3992,1.4,69288.9,96978.57215
2026-09-15 12:04:00,1.4,1.4028,1.4,1.4027,64991.7,91136.35203
2026-09-15 12:05:00,1.4026,1.4031,1.4004,1.4007,213774.6,299611.71243
2026-09-15 12:06:00,1.4007,1.401,1.3998,1.4008,38884.4,54465.46924
2026-09-15 12:07:00,1.4009,1.4009,1.4002,1.4009,37588.3,52646.91581
2026-09-15 12:08:00,1.4008,1.4014,1.4008,1.401,44629.5,62523.46591
2026-09-15 12:09:00,1.4009,1.4009,1.4,1.4003,94634.5,132518.51189
2026-09-15 12:10:00,1.4003,1.4029,1.4002,1.4027,275578.6,386432.05777
2026-09-15 12:11:00,1.4026,1.4042,1.4026,1.4039,125898.6,176709.78014
2026-09-15 12:12:00,1.404,1.4067,1.404,1.4055,267942.5,376496.21261
2026-09-15 12:13:00,1.4054,1.4063,1.4054,1.4059,163590.6,229998.47846
2026-09-15 12:14:00,1.4059,1.4062,1.4055,1.406,105839.3,148797.11749
2026-09-15 12:15:00,1.4059,1.406,1.4036,1.4045,274458.8,385474.29132
2026-09-15 12:16:00,1.4044,1.4055,1.4044,1.4052,68249.9,95878.82168
2026-09-15 12:17:00,1.4053,1.4054,1.4049,1.4054,63301.1,88951.29336
2026-09-15 12:18:00,1.4054,1.4055,1.404,1.404,76119.8,106929.35342
2026-09-15 12:19:00,1.404,1.404,1.403,1.4031,47892.7,67206.23898
2026-09-15 12:20:00,1.4031,1.4031,1.4017,1.4018,26268.4,36835.51555
2026-09-15 12:21:00,1.4018,1.4047,1.4018,1.4038,369259.6,518279.15965
2026-09-15 12:22:00,1.4039,1.4053,1.4039,1.405,31517.2,44277.00267
2026-09-15 12:23:00,1.4049,1.4078,1.4049,1.4069,238538.9,335602.26034
2026-09-15 12:24:00,1.4069,1.4069,1.406,1.4061,52437.0,73745.29387
2026-09-15 12:25:00,1.4061,1.4078,1.4061,1.4078,58879.5,82842.47502
2026-09-15 12:26:00,1.4077,1.4084,1.4073,1.4082,231965.4,326568.06486
2026-09-15 12:27:00,1.4082,1.4091,1.406,1.406,461930.1,650122.15955
2026-09-15 12:28:00,1.4061,1.4074,1.4056,1.4059,252335.5,354864.8179
2026-09-15 12:29:00,1.4058,1.4074,1.4057,1.4073,54146.7,76150.28969
2026-09-15 12:30:00,1.4074,1.4074,1.4055,1.4056,54135.5,76132.56952
2026-09-15 12:31:00,1.4055,1.4056,1.4038,1.4038,112121.6,157522.29339
2026-09-15 12:32:00,1.4038,1.4041,1.4028,1.4036,153648.9,215653.19304
2026-09-15 12:33:00,1.4036,1.4064,1.4025,1.4058,446630.0,627219.94758
2026-09-15 12:34:00,1.4058,1.4073,1.4057,1.4072,112929.3,158843.51031
2026-09-15 12:35:00,1.4072,1.4073,1.4035,1.4041,279031.3,391935.38093
2026-09-15 12:36:00,1.4041,1.4068,1.404,1.4058,248704.5,349615.68733
2026-09-15 12:37:00,1.4057,1.406,1.4054,1.4056,49762.9,69954.05756
2026-09-15 12:38:00,1.4056,1.4068,1.4056,1.4063,66278.5,93205.46854
2026-09-15 12:39:00,1.4063,1.4068,1.4062,1.4064,20411.9,28707.93686
2026-09-15 12:40:00,1.4064,1.4066,1.406,1.406,22845.3,32125.56999
2026-09-15 12:41:00,1.4059,1.4068,1.4042,1.4044,240489.9,337918.81385
2026-09-15 12:42:00,1.4043,1.4065,1.4043,1.4058,195935.4,275360.18829
2026-09-15 12:43:00,1.4058,1.4059,1.4055,1.4056,28512.2,40081.87139
2026-09-15 12:44:00,1.4056,1.4064,1.4054,1.406,48569.5,68286.14253
2026-09-15 12:45:00,1.4059,1.4062,1.405,1.4057,47964.8,67416.24142
2026-09-15 12:46:00,1.4057,1.407,1.4052,1.4068,154152.7,216732.29688
2026-09-15 12:47:00,1.4069,1.4072,1.4062,1.4071,44554.6,62682.90491
2026-09-15 12:48:00,1.407,1.4104,1.4067,1.4095,209457.1,295101.14656
2026-09-15 12:49:00,1.4094,1.4125,1.4094,1.4113,283198.4,399671.72754
2026-09-15 12:50:00,1.4113,1.4142,1.4112,1.4138,243320.7,343685.0558
2026-09-15 12:51:00,1.4137,1.4178,1.4136,1.4174,302340.4,428200.9281
2026-09-15 12:52:00,1.4173,1.4186,1.4145,1.4186,399752.5,566142.5342
2026-09-15 12:53:00,1.4185,1.4188,1.4171,1.4181,396755.9,562578.80905
2026-09-15 12:54:00,1.4181,1.4214,1.4179,1.4212,324902.4,461246.25098
2026-09-15 12:55:00,1.4212,1.4219,1.4197,1.4198,602946.2,856527.72111
2026-09-15 12:56:00,1.4197,1.4223,1.4196,1.4211,276285.1,392673.7221
2026-09-15 12:57:00,1.4211,1.4211,1.4174,1.4174,190071.9,269681.41368
2026-09-15 12:58:00,1.4174,1.4181,1.4156,1.4156,221560.3,313836.8621
2026-09-15 12:59:00,1.4156,1.4185,1.4156,1.4169,163616.5,231825.47058
2026-09-15 13:00:00,1.4169,1.422,1.4169,1.42,155488.7,220814.35087
2026-09-15 13:01:00,1.4199,1.4249,1.4199,1.4236,501579.1,713542.5594
2026-09-15 13:02:00,1.4236,1.4284,1.4233,1.4283,622244.4,887726.16244
2026-09-15 13:03:00,1.4283,1.4303,1.4261,1.4296,618326.9,883208.57938
2026-09-15 13:04:00,1.4296,1.4371,1.4296,1.437,742246.6,1065125.93112
2026-09-15 13:05:00,1.437,1.4525,1.4365,1.4525,1385829.9,2003609.41557
2026-09-15 13:06:00,1.4524,1.4565,1.4497,1.4537,1324797.8,1925319.01536
2026-09-15 13:07:00,1.4537,1.4598,1.4363,1.4365,1936586.7,2799936.31093
2026-09-15 13:08:00,1.4364,1.4456,1.4362,1.4415,1467026.8,2114952.89783
2026-09-15 13:09:00,1.4414,1.4456,1.4406,1.4417,577393.0,833225.68386
2026-09-15 13:10:00,1.4417,1.4426,1.437,1.437,733854.7,1057003.9269
2026-09-15 13:11:00,1.437,1.4395,1.4348,1.4371,605815.5,870533.68356
2026-09-15 13:12:00,1.4371,1.4395,1.4354,1.4356,514504.1,739433.58924
2026-09-15 13:13:00,1.4356,1.4356,1.429,1.432,1009188.8,1444633.29448
2026-09-15 13:14:00,1.4319,1.4326,1.4269,1.4286,669574.1,956426.18946
2026-09-15 13:15:00,1.4285,1.4309,1.4257,1.4266,518828.0,740989.99022
2026-09-15 13:16:00,1.4266,1.4302,1.4265,1.4269,169181.3,241585.11709
2026-09-15 13:17:00,1.427,1.4281,1.426,1.4273,85263.3,121670.23054
2026-09-15 13:18:00,1.4272,1.4278,1.4239,1.4247,364542.4,519642.43406
2026-09-15 13:19:00,1.4248,1.4273,1.4247,1.4273,188789.9,269208.40614
2026-09-15 13:20:00,1.4274,1.4289,1.4257,1.4258,158181.5,225850.88617
2026-09-15 13:21:00,1.4258,1.4279,1.4257,1.426,228401.5,325852.61433
2026-09-15 13:22:00,1.4261,1.4276,1.4248,1.427,230383.3,328586.42559
2026-09-15 13:23:00,1.427,1.4277,1.4258,1.4267,194679.3,277777.1977
2026-09-15 13:24:00,1.4267,1.4309,1.4266,1.4301,170038.2,243075.98708
2026-09-15 13:25:00,1.4302,1.4341,1.4279,1.4331,215887.9,309050.30195
2026-09-15 13:26:00,1.433,1.4358,1.4314,1.432,409003.0,586361.40095
2026-09-15 13:27:00,1.432,1.432,1.4295,1.4299,245068.7,350568.85133
2026-09-15 13:28:00,1.4299,1.436,1.4299,1.4354,300633.0,430622.07786
2026-09-15 13:29:00,1.4354,1.4354,1.4328,1.4337,141627.1,203064.22141
2026-09-15 13:30:00,1.4336,1.4349,1.4301,1.4303,281227.0,402875.61365
2026-09-15 13:31:00,1.4303,1.4339,1.428,1.4288,295553.3,422823.67841
2026-09-15 13:32:00,1.4289,1.4328,1.4275,1.4285,447112.3,639008.48701
2026-09-15 13:33:00,1.4286,1.4295,1.4254,1.4272,324340.7,462923.74556
2026-09-15 13:34:00,1.4273,1.4285,1.425,1.4257,169433.0,241663.59277
2026-09-15 13:35:00,1.4257,1.4269,1.4189,1.4227,966476.6,1375054.29704
2026-09-15 13:36:00,1.4226,1.4232,1.4159,1.4168,387020.2,549247.21499
2026-09-15 13:37:00,1.4168,1.4182,1.4129,1.4152,1124096.9,1590587.45556
2026-09-15 13:38:00,1.4152,1.4156,1.3991,1.4034,1594214.5,2243057.29552
2026-09-15 13:39:00,1.4035,1.4079,1.3955,1.4068,1309854.9,1834561.43676
2026-09-15 13:40:00,1.4069,1.4182,1.4048,1.4132,784411.1,1108281.18308
2026-09-15 13:41:00,1.4132,1.415,1.4082,1.4105,530486.1,748823.54534
2026-09-15 13:42:00,1.4104,1.4119,1.4077,1.4092,337713.7,476019.15216
2026-09-15 13:43:00,1.4092,1.4103,1.4058,1.4091,1611334.3,2267387.13331
2026-09-15 13:44:00,1.4091,1.413,1.4083,1.4099,357875.3,505005.4371
2026-09-15 13:45:00,1.41,1.4117,1.4015,1.4034,435225.9,611781.38693
2026-09-15 13:46:00,1.4035,1.4084,1.4034,1.4076,285577.7,401488.60862
2026-09-15 13:47:00,1.4077,1.4083,1.4045,1.4048,645532.3,908453.7159
2026-09-15 13:48:00,1.4048,1.407,1.4029,1.4063,221518.6,311238.2606
2026-09-15 13:49:00,1.4062,1.4077,1.405,1.4054,225035.7,316411.16805
2026-09-15 13:50:00,1.4053,1.4053,1.4004,1.4005,339136.7,475560.43914
2026-09-15 13:51:00,1.4005,1.4031,1.3996,1.4012,300746.0,421274.87683
2026-09-15 13:52:00,1.4011,1.4045,1.4,1.4026,153881.9,215713.02479
2026-09-15 13:53:00,1.4025,1.4054,1.4019,1.4051,184002.3,258279.82361
2026-09-15 13:54:00,1.4051,1.4057,1.4027,1.405,128183.1,179953.44464
2026-09-15 13:55:00,1.4049,1.4084,1.4049,1.4068,89906.1,126508.22065
2026-09-15 13:56:00,1.4069,1.4098,1.4064,1.4098,67867.5,95564.63529
2026-09-15 13:57:00,1.4096,1.4127,1.4093,1.4114,321241.8,453390.42616
2026-09-15 13:58:00,1.4115,1.4157,1.4115,1.4125,170038.1,240372.50104
2026-09-15 13:59:00,1.4125,1.415,1.4124,1.415,309537.5,437648.01175
2026-09-15 14:00:00,1.4149,1.4171,1.4129,1.4141,357494.0,505973.3707
2026-09-15 14:01:00,1.4141,1.4147,1.4115,1.4137,115819.6,163650.87263
2026-09-15 14:02:00,1.4137,1.4153,1.41,1.4104,293551.5,415074.06319
2026-09-15 14:03:00,1.4104,1.4143,1.4104,1.4138,115796.7,163537.84023
2026-09-15 14:04:00,1.4137,1.4161,1.4098,1.4099,263511.8,372507.50725
2026-09-15 14:05:00,1.4098,1.4105,1.405,1.4074,616987.4,867944.39389
2026-09-15 14:06:00,1.4074,1.4115,1.4071,1.4088,130165.1,183490.2941
2026-09-15 14:07:00,1.4088,1.4091,1.4075,1.4076,40022.1,56358.09414
2026-09-15 14:08:00,1.4077,1.4114,1.407,1.4114,153823.7,216845.00156
2026-09-15 14:09:00,1.4113,1.415,1.4112,1.4143,152453.0,215492.41582
2026-09-15 14:10:00,1.4142,1.4167,1.4137,1.4142,144485.0,204488.5072
2026-09-15 14:11:00,1.4142,1.4147,1.4117,1.4126,122208.9,172691.30425
2026-09-15 14:12:00,1.4126,1.4126,1.4106,1.4109,60832.5,85892.32641
2026-09-15 14:13:00,1.411,1.4119,1.4105,1.4119,73130.4,103182.49898
2026-09-15 14:14:00,1.4119,1.4119,1.41,1.4105,96888.8,136721.48403
2026-09-15 14:15:00,1.4105,1.4121,1.41,1.412,66284.2,93503.33422
2026-09-15 14:16:00,1.412,1.4121,1.4072,1.4082,154345.3,217475.43474
2026-09-15 14:17:00,1.4082,1.4097,1.4069,1.4092,194370.8,273659.69846
2026-09-15 14:18:00,1.4091,1.4097,1.4076,1.4082,108200.5,152421.56373
2026-09-15 14:19:00,1.4082,1.4111,1.4082,1.4107,211125.3,297702.16354
2026-09-15 14:20:00,1.4107,1.4112,1.4089,1.4106,91340.2,128795.07197
2026-09-15 14:21:00,1.4106,1.411,1.4095,1.4106,97656.8,137738.01241
2026-09-15 14:22:00,1.4105,1.4111,1.4077,1.4078,87914.7,123887.07314
2026-09-15 14:23:00,1.4077,1.4077,1.4037,1.4066,335645.8,471691.8645
2026-09-15 14:24:00,1.4066,1.4099,1.4064,1.4089,73493.5,103533.3429
2026-09-15 14:25:00,1.409,1.4091,1.4068,1.4076,73956.1,104120.27383
2026-09-15 14:26:00,1.4076,1.4081,1.406,1.406,79683.4,112122.0991
2026-09-15 14:27:00,1.406,1.4079,1.4056,1.4078,105143.0,147900.8362
2026-09-15 14:28:00,1.4077,1.4082,1.4057,1.4058,106249.0,149441.28092
2026-09-15 14:29:00,1.4059,1.4059,1.401,1.401,373092.7,523380.30051
2026-09-15 14:30:00,1.4011,1.4033,1.4,1.4004,280307.0,392779.6293
2026-09-15 14:31:00,1.4003,1.4023,1.3981,1.4,336890.9,471396.91714
2026-09-15 14:32:00,1.4,1.4,1.3975,1.3986,164820.9,230540.92912
2026-09-15 14:33:00,1.3985,1.3999,1.3973,1.3982,163054.5,228042.38875
2026-09-15 14:34:00,1.3983,1.3991,1.3974,1.3977,68940.6,96387.52281
2026-09-15 14:35:00,1.3976,1.3984,1.3925,1.3969,748201.6,1044304.85671
2026-09-15 14:36:00,1.3968,1.397,1.3929,1.3953,202313.6,282310.63028
2026-09-15 14:37:00,1.3953,1.3975,1.3937,1.3957,228377.3,318792.87305
2026-09-15 14:38:00,1.3957,1.3959,1.3901,1.3913,687954.1,957516.63964
2026-09-15 14:39:00,1.3913,1.3921,1.3873,1.3881,1177386.6,1636404.07583
2026-09-15 14:40:00,1.3879,1.3886,1.3822,1.3845,726114.5,1005494.12316
2026-09-15 14:41:00,1.3844,1.3851,1.3824,1.3842,319986.9,442750.54748
2026-09-15 14:42:00,1.3843,1.3883,1.3839,1.3866,403932.9,560051.07107
2026-09-15 14:43:00,1.3867,1.3869,1.3832,1.3865,347802.4,481749.28584
2026-09-15 14:44:00,1.3864,1.3892,1.3852,1.3869,293515.9,407026.75852
2026-09-15 14:45:00,1.3869,1.3885,1.3832,1.3838,650026.1,901058.83141
2026-09-15 14:46:00,1.3837,1.3845,1.3816,1.3818,458750.1,634313.53574
2026-09-15 14:47:00,1.3818,1.3832,1.3808,1.3832,296687.4,410077.43592
2026-09-15 14:48:00,1.3831,1.3832,1.3784,1.3804,713492.6,984417.72091
2026-09-15 14:49:00,1.3804,1.3825,1.3787,1.3821,563947.3,778579.5545
2026-09-15 14:50:00,1.3822,1.3831,1.3763,1.3781,446584.7,615829.32384
2026-09-15 14:51:00,1.378,1.3799,1.3722,1.3731,925633.9,1273546.73082
2026-09-15 14:52:00,1.3732,1.378,1.3729,1.3776,449141.1,617624.04275
2026-09-15 14:53:00,1.3775,1.3795,1.3745,1.3779,315176.1,434078.61924
2026-09-15 14:54:00,1.3779,1.3814,1.3775,1.379,601134.8,829208.14137
2026-09-15 14:55:00,1.3789,1.3809,1.3773,1.3784,248844.9,343096.15589
2026-09-15 14:56:00,1.3785,1.3786,1.376,1.3781,211310.8,291026.20014
2026-09-15 14:57:00,1.3781,1.3819,1.3778,1.3817,258964.5,357300.32588
2026-09-15 14:58:00,1.3818,1.3836,1.3796,1.3835,246232.2,340178.23724
2026-09-15 14:59:00,1.3835,1.3849,1.3823,1.3849,293399.5,405956.91583
2026-09-15 15:00:00,1.3848,1.3882,1.3803,1.3808,299594.4,414915.09652
2026-09-15 15:01:00,1.3808,1.3857,1.3804,1.3853,99810.5,138030.81564
2026-09-15 15:02:00,1.3852,1.3855,1.3821,1.3836,135693.7,187719.11214
2026-09-15 15:03:00,1.3837,1.3868,1.3837,1.3867,58123.5,80523.80733
2026-09-15 15:04:00,1.3866,1.39,1.3865,1.3899,200149.9,277936.89651
2026-09-15 15:05:00,1.3898,1.3913,1.3876,1.3879,271486.7,377362.44081
2026-09-15 15:06:00,1.3879,1.3912,1.3879,1.3904,172714.9,239956.98724
2026-09-15 15:07:00,1.3904,1.3911,1.3898,1.3907,113936.8,158447.29742
2026-09-15 15:08:00,1.3908,1.391,1.3883,1.3902,417517.2,580272.08577
2026-09-15 15:09:00,1.3901,1.3911,1.3891,1.3906,140062.6,194698.60474
2026-09-15 15:10:00,1.3906,1.3906,1.3886,1.389,136023.1,188989.19151
2026-09-15 15:11:00,1.389,1.3894,1.3874,1.3884,236718.3,328625.09733
2026-09-15 15:12:00,1.3884,1.3891,1.3863,1.3889,241235.3,334680.17941
2026-09-15 15:13:00,1.3889,1.3894,1.3878,1.3881,75609.8,105010.58363
2026-09-15 15:14:00,1.3882,1.3892,1.3854,1.3866,245593.4,340529.98017
2026-09-15 15:15:00,1.3866,1.3873,1.3855,1.3859,92742.7,128580.53356
2026-09-15 15:16:00,1.3859,1.3883,1.3853,1.3861,104542.0,144927.56237
2026-09-15 15:17:00,1.3862,1.3902,1.3862,1.3898,132257.4,183641.22515
2026-09-15 15:18:00,1.3899,1.3899,1.3883,1.3896,102439.6,142312.15835
2026-09-15 15:19:00,1.3897,1.3907,1.3883,1.3886,81271.2,112907.18053
2026-09-15 15:20:00,1.3885,1.3899,1.3884,1.3894,48967.5,68022.30339
2026-09-15 15:21:00,1.3895,1.3898,1.3875,1.3876,138397.2,192162.16021
2026-09-15 15:22:00,1.3877,1.3902,1.3873,1.3885,361644.8,502433.07551
2026-09-15 15:23:00,1.3886,1.3906,1.3885,1.3902,83398.6,115933.52446
2026-09-15 15:24:00,1.3902,1.3953,1.3891,1.3944,283673.4,395081.80646
2026-09-15 15:25:00,1.3944,1.3977,1.3933,1.3972,238670.3,333162.38538
2026-09-15 15:26:00,1.3971,1.3975,1.3935,1.3938,412598.7,575940.17807
2026-09-15 15:27:00,1.3938,1.3965,1.3938,1.3953,320367.3,446898.59067
2026-09-15 15:28:00,1.3952,1.3962,1.395,1.395,110888.2,154765.25737
2026-09-15 15:29:00,1.3951,1.3961,1.3933,1.3934,231911.8,323573.80902
2026-09-15 15:30:00,1.3934,1.3938,1.3926,1.3929,93658.3,130483.60016
2026-09-15 15:31:00,1.3928,1.3946,1.3911,1.3928,282429.6,393351.19758
2026-09-15 15:32:00,1.3929,1.3936,1.3909,1.3931,111857.5,155756.61825
2026-09-15 15:33:00,1.393,1.3946,1.393,1.3934,79655.0,111038.60328
2026-09-15 15:34:00,1.3934,1.3943,1.392,1.3943,81292.1,113226.8209
2026-09-15 15:35:00,1.3944,1.3944,1.3929,1.3934,114691.5,159828.68311
2026-09-15 15:36:00,1.3933,1.3959,1.3933,1.3955,107977.5,150625.41224
2026-09-15 15:37:00,1.3955,1.3956,1.3891,1.3892,458443.9,638335.86379
2026-09-15 15:38:00,1.3893,1.3923,1.3893,1.3921,103159.8,143521.28161
2026-09-15 15:39:00,1.3921,1.393,1.3919,1.3923,85598.2,119171.824
2026-09-15 15:40:00,1.3923,1.3923,1.3909,1.3912,61216.7,85171.93966
2026-09-15 15:41:00,1.3913,1.3916,1.3889,1.3901,147796.7,205416.5535
2026-09-15 15:42:00,1.3901,1.3925,1.3896,1.3922,335537.1,466857.02209
2026-09-15 15:43:00,1.3922,1.3937,1.3916,1.3929,99898.7,139129.43566
2026-09-15 15:44:00,1.3928,1.3929,1.3921,1.3922,104406.6,145376.8493
2026-09-15 15:45:00,1.3923,1.3927,1.392,1.3924,88683.8,123465.60556
2026-09-15 15:46:00,1.3924,1.3924,1.3914,1.392,96309.7,134061.12303
2026-09-15 15:47:00,1.3919,1.3924,1.3903,1.3904,189838.5,264145.53598
2026-09-15 15:48:00,1.3904,1.3922,1.3904,1.392,108748.9,151319.8816
2026-09-15 15:49:00,1.392,1.3926,1.387,1.3878,765108.4,1063013.6375
2026-09-15 15:50:00,1.3878,1.3936,1.3876,1.3936,305698.2,424872.13699
2026-09-15 15:51:00,1.3935,1.3936,1.3901,1.3906,89159.8,124060.30063
2026-09-15 15:52:00,1.3907,1.3928,1.3904,1.3907,67719.4,94225.40439
2026-09-15 15:53:00,1.3907,1.3919,1.3906,1.3908,79046.3,109977.67039
2026-09-15 15:54:00,1.3908,1.3909,1.3869,1.3872,130004.5,180448.66716
2026-09-15 15:55:00,1.3873,1.3925,1.3872,1.3925,610892.4,849144.83457
2026-09-15 15:56:00,1.3924,1.3925,1.3895,1.3898,96611.4,134342.86147
2026-09-15 15:57:00,1.3899,1.3919,1.3899,1.3906,57874.6,80510.177
2026-09-15 15:58:00,1.3906,1.3913,1.3893,1.3897,122385.6,170138.00045
2026-09-15 15:59:00,1.3897,1.3904,1.3896,1.3896,63360.7,88078.58834
2026-09-15 16:00:00,1.3897,1.3904,1.3886,1.3886,93464.5,129871.6771
2026-09-15 16:01:00,1.3886,1.3915,1.3886,1.3909,88818.7,123464.97833
2026-09-15 16:02:00,1.3909,1.3917,1.3909,1.3914,73779.2,102635.95438
2026-09-15 16:03:00,1.3914,1.3916,1.3887,1.3891,71112.4,98885.82611
2026-09-15 16:04:00,1.3891,1.3893,1.3873,1.3879,140597.5,195153.77004
2026-09-15 16:05:00,1.3878,1.3883,1.3859,1.3864,106719.3,147994.19792
2026-09-15 16:06:00,1.3864,1.3875,1.3855,1.387,108527.5,150447.07419
2026-09-15 16:07:00,1.3869,1.3873,1.3857,1.3857,73251.6,101584.76228
2026-09-15 16:08:00,1.3857,1.3861,1.3844,1.3849,160737.9,222626.13896
2026-09-15 16:09:00,1.3848,1.385,1.3834,1.3839,112165.8,155241.67139
2026-09-15 16:10:00,1.3839,1.386,1.3836,1.3839,105775.0,146500.23592
2026-09-15 16:11:00,1.3839,1.3849,1.3839,1.3847,80536.5,111507.51692
2026-09-15 16:12:00,1.3846,1.3846,1.3821,1.3825,86382.1,119524.05093
2026-09-15 16:13:00,1.3824,1.3839,1.3822,1.3836,133789.1,185018.82953
2026-09-15 16:14:00,1.3836,1.3836,1.382,1.3824,51589.7,71327.81335
2026-09-15 16:15:00,1.3824,1.3844,1.3824,1.384,82590.0,114269.75284
2026-09-15 16:16:00,1.3841,1.3857,1.3839,1.385,137585.2,190493.23387
2026-09-15 16:17:00,1.3851,1.3887,1.385,1.3886,95484.6,132397.23075
2026-09-15 16:18:00,1.3886,1.3906,1.3879,1.3906,77758.8,107979.56267
2026-09-15 16:19:00,1.3907,1.3907,1.3871,1.3878,81318.0,112926.78242
2026-09-15 16:20:00,1.3878,1.3896,1.3877,1.3884,91133.9,126546.99073
2026-09-15 16:21:00,1.3884,1.3904,1.3884,1.3896,59790.7,83078.33498
2026-09-15 16:22:00,1.3896,1.3909,1.3895,1.3905,78789.9,109531.27492
2026-09-15 16:23:00,1.3905,1.3925,1.3904,1.3913,117826.0,163955.55093
2026-09-15 16:24:00,1.3913,1.3926,1.391,1.3911,69049.1,96111.85048
2026-09-15 16:25:00,1.3911,1.3914,1.3898,1.3898,85910.1,119469.52991
2026-09-15 16:26:00,1.3899,1.3921,1.3895,1.3915,225396.7,313520.11228
2026-09-15 16:27:00,1.3914,1.3924,1.3906,1.3906,59205.8,82402.04117
2026-09-15 16:28:00,1.3907,1.3926,1.3906,1.3922,40341.3,56131.09314
2026-09-15 16:29:00,1.3922,1.3929,1.3917,1.3924,89316.6,124364.24079
2026-09-15 16:30:00,1.3925,1.393,1.3886,1.3887,554741.0,771703.1979
2026-09-15 16:31:00,1.3887,1.3896,1.3872,1.3873,265896.6,369203.37242
2026-09-15 16:32:00,1.3872,1.3891,1.3865,1.389,131031.9,181824.72561
2026-09-15 16:33:00,1.389,1.3891,1.3871,1.3871,104452.8,144993.91043
2026-09-15 16:34:00,1.387,1.3871,1.385,1.3853,82322.3,114082.34903
2026-09-15 16:35:00,1.3853,1.3871,1.385,1.3868,85829.6,118935.62238
2026-09-15 16:36:00,1.3867,1.3883,1.3867,1.3878,64796.9,89910.54175
2026-09-15 16:37:00,1.3878,1.3878,1.3864,1.3869,109621.9,152074.18944
2026-09-15 16:38:00,1.387,1.3873,1.3854,1.3854,84825.8,117597.07062
2026-09-15 16:39:00,1.3855,1.3855,1.384,1.3845,115042.8,159268.98138
2026-09-15 16:40:00,1.3844,1.3844,1.3831,1.3836,121146.9,167624.59073
2026-09-15 16:41:00,1.3836,1.3845,1.3828,1.3836,121086.1,167528.27078
2026-09-15 16:42:00,1.3835,1.3841,1.3833,1.3837,87833.8,121529.80055
2026-09-15 16:43:00,1.3837,1.3844,1.3835,1.3841,64213.4,88873.91462
2026-09-15 16:44:00,1.3841,1.3846,1.3838,1.3845,70478.4,97553.18144
2026-09-15 16:45:00,1.3845,1.3848,1.3839,1.3844,65738.8,91013.22357
2026-09-15 16:46:00,1.3844,1.3861,1.3844,1.386,59164.2,81963.35499
2026-09-15 16:47:00,1.386,1.3875,1.386,1.3861,57968.5,80405.39632
2026-09-15 16:48:00,1.3861,1.3871,1.3852,1.3857,52754.6,73119.64991
2026-09-15 16:49:00,1.3857,1.3872,1.3854,1.3871,34012.6,47144.79808
2026-09-15 16:50:00,1.3871,1.3884,1.3868,1.3883,59961.2,83209.24328
2026-09-15 16:51:00,1.3884,1.3888,1.388,1.3887,88022.6,122207.41351
2026-09-15 16:52:00,1.3887,1.3899,1.3884,1.3896,65562.4,91077.10382
2026-09-15 16:53:00,1.3896,1.3907,1.3881,1.3882,69255.4,96249.23729
2026-09-15 16:54:00,1.3881,1.3915,1.3881,1.3911,258792.6,359749.61501
2026-09-15 16:55:00,1.3911,1.3911,1.3905,1.3906,57627.2,80149.67727
2026-09-15 16:56:00,1.3906,1.3922,1.3899,1.39,118329.7,164581.31232
2026-09-15 16:57:00,1.39,1.3913,1.389,1.3911,129082.9,179431.81853
2026-09-15 16:58:00,1.391,1.3911,1.3903,1.3908,61549.2,85597.35304
2026-09-15 16:59:00,1.3908,1.3909,1.3876,1.3877,317920.4,441565.38954
2026-09-15 17:00:00,1.3877,1.3877,1.3861,1.3865,136334.9,189058.47747
2026-09-15 17:01:00,1.3866,1.3876,1.3864,1.3872,63421.4,87954.468
2026-09-15 17:02:00,1.3871,1.3873,1.3846,1.3848,139197.4,192871.83601
2026-09-15 17:03:00,1.3848,1.3856,1.3839,1.3855,92682.6,128333.34798
2026-09-15 17:04:00,1.3854,1.3854,1.3828,1.3829,142335.1,196953.78187
2026-09-15 17:05:00,1.3829,1.3858,1.3823,1.3849,364415.6,504528.15492
2026-09-15 17:06:00,1.3848,1.3849,1.3834,1.3836,76185.3,105432.14809
2026-09-15 17:07:00,1.3836,1.3843,1.3829,1.3829,50552.0,69943.22386
2026-09-15 17:08:00,1.3829,1.3833,1.3807,1.3813,110923.1,153267.79217
2026-09-15 17:09:00,1.3814,1.3816,1.3796,1.3805,172373.0,237939.91783
2026-09-15 17:10:00,1.3806,1.383,1.3806,1.383,57612.0,79599.34462
2026-09-15 17:11:00,1.383,1.3836,1.3824,1.3827,74657.8,103255.18038
2026-09-15 17:12:00,1.3827,1.3844,1.3827,1.3843,54567.2,75494.36959
2026-09-15 17:13:00,1.3844,1.3859,1.3843,1.385,60916.4,84374.27103
2026-09-15 17:14:00,1.385,1.3853,1.3836,1.3843,233614.8,323430.5679
2026-09-15 17:15:00,1.3843,1.3843,1.3832,1.3837,46309.1,64076.06655
2026-09-15 17:16:00,1.3836,1.3854,1.3835,1.3854,86919.0,120326.1064
2026-09-15 17:17:00,1.3854,1.3858,1.3848,1.3857,131927.1,182756.49568
2026-09-15 17:18:00,1.3857,1.3866,1.3853,1.386,125670.2,174154.10777
2026-09-15 17:19:00,1.3861,1.3866,1.3848,1.386,159992.2,221709.55676
2026-09-15 17:20:00,1.386,1.3868,1.386,1.3863,70442.2,97657.55467
2026-09-15 17:21:00,1.3862,1.3872,1.3862,1.3864,60113.7,83370.2336
2026-09-15 17:22:00,1.3863,1.3867,1.3859,1.3866,39331.9,54527.93502
2026-09-15 17:23:00,1.3867,1.3881,1.3862,1.3881,79460.7,110220.4029
2026-09-15 17:24:00,1.388,1.3884,1.3874,1.3875,74258.6,103062.62771
2026-09-15 17:25:00,1.3875,1.3878,1.3865,1.387,31695.7,43967.86719
2026-09-15 17:26:00,1.3869,1.3892,1.3869,1.3883,130146.7,180696.73159
2026-09-15 17:27:00,1.3883,1.3892,1.3883,1.3888,17255.5,23965.157
2026-09-15 17:28:00,1.3889,1.3898,1.3889,1.3897,27408.0,38084.54914
2026-09-15 17:29:00,1.3898,1.39,1.3895,1.3897,101003.0,140375.02398
2026-09-15 17:30:00,1.3896,1.3906,1.3889,1.3892,57971.3,80575.30328
2026-09-15 17:31:00,1.3891,1.3923,1.3891,1.3922,136572.3,189987.84986
2026-09-15 17:32:00,1.3922,1.3993,1.3922,1.3949,817985.5,1141985.87724
2026-09-15 17:33:00,1.3948,1.4006,1.3948,1.4004,174428.4,243927.45892
2026-09-15 17:34:00,1.4005,1.4042,1.4003,1.4038,462751.8,649172.83339
2026-09-15 17:35:00,1.4037,1.4117,1.4032,1.4116,631797.2,890219.85645
2026-09-15 17:36:00,1.4116,1.4135,1.4055,1.407,770096.5,1086339.90803
2026-09-15 17:37:00,1.407,1.4126,1.4067,1.4099,235875.8,332363.40427
2026-09-15 17:38:00,1.41,1.4107,1.405,1.4055,286246.3,402643.18164
2026-09-15 17:39:00,1.4054,1.4054,1.4016,1.402,567693.0,796657.0042
2026-09-15 17:40:00,1.402,1.4051,1.4007,1.4049,229097.5,321276.56613
2026-09-15 17:41:00,1.4048,1.4064,1.4042,1.4062,135955.5,191075.08739
2026-09-15 17:42:00,1.4062,1.4063,1.4033,1.4033,162304.8,228037.54046
2026-09-15 17:43:00,1.4033,1.4038,1.4018,1.4021,148939.8,208905.65454
2026-09-15 17:44:00,1.4021,1.4024,1.4007,1.4014,216823.1,303867.81771
2026-09-15 17:45:00,1.4014,1.4051,1.4014,1.4049,110542.7,155170.81039
2026-09-15 17:46:00,1.405,1.4051,1.4037,1.4048,417318.3,586091.91717
2026-09-15 17:47:00,1.4047,1.4093,1.4042,1.4093,356201.3,501273.81415
2026-09-15 17:48:00,1.4094,1.4097,1.4083,1.4088,168039.9,236782.06405
2026-09-15 17:49:00,1.4087,1.4109,1.4084,1.409,389306.5,548800.10318
2026-09-15 17:50:00,1.4089,1.4121,1.4081,1.4121,264928.2,373667.50945
2026-09-15 17:51:00,1.4121,1.4129,1.4107,1.4117,187095.8,264161.57031
2026-09-15 17:52:00,1.4116,1.4116,1.4097,1.4109,81615.3,115115.13337
2026-09-15 17:53:00,1.4108,1.4121,1.41,1.4103,214738.8,302942.43691
2026-09-15 17:54:00,1.4104,1.4121,1.4092,1.4121,848274.4,1196268.39532
2026-09-15 17:55:00,1.412,1.412,1.4051,1.4051,459451.2,646602.33149
2026-09-15 17:56:00,1.4051,1.406,1.4048,1.4057,109896.8,154425.43784
2026-09-15 17:57:00,1.4058,1.4063,1.4052,1.4055,90975.3,127894.56323
2026-09-15 17:58:00,1.4054,1.4059,1.405,1.4051,193404.3,271806.9358
2026-09-15 17:59:00,1.4051,1.406,1.4048,1.4052,168097.7,236247.5331
2026-09-15 18:00:00,1.4052,1.4056,1.4015,1.4022,123443.2,173202.46811
2026-09-15 18:01:00,1.4022,1.4059,1.4022,1.4059,349141.1,490265.65476
2026-09-15 18:02:00,1.4058,1.4068,1.4051,1.4067,142466.9,200325.40898
2026-09-15 18:03:00,1.4068,1.4076,1.4035,1.4045,296627.9,416950.81944
2026-09-15 18:04:00,1.4045,1.4045,1.3962,1.3982,707579.4,990024.80338
2026-09-15 18:05:00,1.3983,1.3989,1.3958,1.3971,216642.0,302687.51651
2026-09-15 18:06:00,1.3971,1.4009,1.397,1.4008,115980.0,162230.90133
2026-09-15 18:07:00,1.4008,1.4008,1.392,1.3939,758420.9,1059149.85277
2026-09-15 18:08:00,1.3939,1.397,1.3935,1.3959,172289.3,240334.28758
2026-09-15 18:09:00,1.3958,1.3965,1.3943,1.3965,80679.5,112562.34138
2026-09-15 18:10:00,1.3966,1.3976,1.3959,1.3965,63499.5,88713.00825
2026-09-15 18:11:00,1.3965,1.3972,1.3955,1.3959,192442.8,268710.13614
2026-09-15 18:12:00,1.3959,1.3972,1.3955,1.3972,70821.2,98879.65063
2026-09-15 18:13:00,1.3972,1.3995,1.3961,1.3995,329014.2,459911.24232
2026-09-15 18:14:00,1.3994,1.4002,1.3986,1.3987,292056.6,408613.22934
2026-09-15 18:15:00,1.3987,1.4014,1.398,1.3982,205586.5,287844.54381
2026-09-15 18:16:00,1.3982,1.3985,1.3896,1.3905,635938.7,886079.7002
2026-09-15 18:17:00,1.3906,1.3923,1.3858,1.3863,521256.6,724082.89388
2026-09-15 18:18:00,1.3862,1.3901,1.3829,1.3887,655303.6,908853.7323
2026-09-15 18:19:00,1.3887,1.3949,1.3884,1.3901,742000.1,1032313.19194
2026-09-15 18:20:00,1.3902,1.3913,1.3877,1.3878,223506.0,310741.19555
2026-09-15 18:21:00,1.3878,1.3901,1.3878,1.39,108977.8,151372.26166
2026-09-15 18:22:00,1.3901,1.392,1.3891,1.3915,58386.7,81204.81763
2026-09-15 18:23:00,1.3914,1.3914,1.3892,1.3892,78506.5,109150.87148
2026-09-15 18:24:00,1.3892,1.3912,1.3892,1.3905,70763.7,98357.66072
2026-09-15 18:25:00,1.3904,1.3906,1.3888,1.3892,149829.1,208241.15608
2026-09-15 18:26:00,1.3892,1.3916,1.3879,1.3896,201274.7,279660.34773
2026-09-15 18:27:00,1.3896,1.39,1.3886,1.3892,124705.0,173271.56601
2026-09-15 18:28:00,1.3891,1.3941,1.3882,1.3941,597201.7,831041.83589
2026-09-15 18:29:00,1.3941,1.4048,1.3941,1.3981,1536961.5,2152443.16612
2026-09-15 18:30:00,1.3981,1.3986,1.3917,1.3945,362712.0,505820.1618
2026-09-15 18:31:00,1.3944,1.3957,1.3925,1.3957,92804.8,129363.23855
2026-09-15 18:32:00,1.3957,1.3968,1.3937,1.3966,303701.2,423747.80034
2026-09-15 18:33:00,1.3965,1.3965,1.3865,1.3876,480403.6,668573.5041
2026-09-15 18:34:00,1.3876,1.3961,1.3876,1.3946,493400.8,687385.81762
2026-09-15 18:35:00,1.3946,1.3958,1.3927,1.3935,185687.3,258880.01217
2026-09-15 18:36:00,1.3935,1.3935,1.3765,1.3767,1567908.8,2170191.3975
2026-09-15 18:37:00,1.3767,1.3767,1.341,1.3605,7520563.7,10220391.09227
2026-09-15 18:38:00,1.3604,1.3648,1.3541,1.3617,1358987.5,1847902.22284
2026-09-15 18:39:00,1.3617,1.3627,1.3537,1.3538,1372860.3,1865124.32899
2026-09-15 18:40:00,1.3538,1.3544,1.3351,1.3396,3527027.4,4739329.8595
2026-09-15 18:41:00,1.3395,1.3423,1.3245,1.3323,4903097.9,6528332.07763
2026-09-15 18:42:00,1.3322,1.3343,1.3193,1.3235,3056607.7,4052936.74037
2026-09-15 18:43:00,1.3235,1.3344,1.3173,1.3332,2723835.0,3611366.88753
2026-09-15 18:44:00,1.3333,1.3354,1.3229,1.3236,1539701.1,2045799.24964
2026-09-15 18:45:00,1.3235,1.3268,1.305,1.3116,3828166.4,5029839.73049
2026-09-15 18:46:00,1.3117,1.3157,1.3025,1.3094,2338029.6,3064392.98434
2026-09-15 18:47:00,1.3095,1.3187,1.3043,1.3129,2694280.6,3534383.00781
2026-09-15 18:48:00,1.3129,1.313,1.2926,1.2973,4055067.2,5272605.29602
2026-09-15 18:49:00,1.2972,1.2996,1.2894,1.2914,2353029.2,3043025.63731
2026-09-15 18:50:00,1.2913,1.3016,1.2889,1.2978,1372834.6,1778574.27714
2026-09-15 18:51:00,1.2978,1.3063,1.2927,1.3032,2157239.4,2805230.07478
2026-09-15 18:52:00,1.3032,1.3083,1.3007,1.308,2020239.1,2637071.47446
2026-09-15 18:53:00,1.308,1.326,1.308,1.3236,1917705.2,2529263.88711
2026-09-15 18:54:00,1.3236,1.3335,1.3204,1.3322,1414501.5,1874274.80802
2026-09-15 18:55:00,1.3321,1.3399,1.3283,1.3395,1724012.1,2301232.43869
2026-09-15 18:56:00,1.3394,1.3421,1.3272,1.3276,1217397.8,1623788.80618
2026-09-15 18:57:00,1.3277,1.333,1.326,1.3279,1030348.7,1370286.21484
2026-09-15 18:58:00,1.3278,1.3319,1.3262,1.3289,692554.4,920317.01094
2026-09-15 18:59:00,1.3289,1.3289,1.3218,1.3252,683412.1,904955.70037
2026-09-15 19:00:00,1.3252,1.3262,1.3148,1.3233,1024441.3,1351101.11215
2026-09-15 19:01:00,1.3234,1.3268,1.3142,1.3149,772134.9,1017830.88908
2026-09-15 19:02:00,1.3148,1.3208,1.3138,1.3205,495541.0,652393.03784
2026-09-15 19:03:00,1.3204,1.3299,1.3197,1.3246,798943.0,1059175.03178
2026-09-15 19:04:00,1.3246,1.3288,1.3222,1.3231,1049738.1,1390975.08245
2026-09-15 19:05:00,1.3231,1.3269,1.318,1.3182,615725.7,813791.14046
2026-09-15 19:06:00,1.3182,1.322,1.3179,1.3201,473767.4,625615.64691
2026-09-15 19:07:00,1.3201,1.3215,1.3141,1.315,530762.2,699424.79761
2026-09-15 19:08:00,1.3151,1.3165,1.3088,1.3128,714011.6,936908.8314
2026-09-15 19:09:00,1.3128,1.3224,1.3121,1.3179,519998.8,684707.85248
2026-09-15 19:10:00,1.3179,1.3237,1.3161,1.3184,850849.7,1122761.96397
2026-09-15 19:11:00,1.3184,1.3184,1.3124,1.3124,481338.4,632534.30326
2026-09-15 19:12:00,1.3125,1.3142,1.3099,1.3122,1329296.3,1743766.54273
2026-09-15 19:13:00,1.3122,1.313,1.3074,1.3093,585801.8,766939.90482
2026-09-15 19:14:00,1.3093,1.3093,1.3039,1.308,681814.8,890533.35998
2026-09-15 19:15:00,1.308,1.3115,1.305,1.3052,992251.4,1297573.11919
2026-09-15 19:16:00,1.3052,1.3128,1.3043,1.3112,457569.1,598411.80853
2026-09-15 19:17:00,1.3112,1.3185,1.3106,1.3154,634513.4,834022.21955
2026-09-15 19:18:00,1.3155,1.3197,1.3118,1.3135,1007834.9,1326031.40839
2026-09-15 19:19:00,1.3135,1.3175,1.3116,1.3131,361130.4,475085.27369
2026-09-15 19:20:00,1.3132,1.3142,1.3062,1.3071,392422.2,513869.4899
2026-09-15 19:21:00,1.3072,1.3111,1.3052,1.3057,1198914.4,1568324.72835
2026-09-15 19:22:00,1.3056,1.3087,1.3008,1.3075,904407.4,1180087.37499
2026-09-15 19:23:00,1.3074,1.3115,1.3059,1.3062,965476.8,1263951.62153
2026-09-15 19:24:00,1.3062,1.3065,1.3033,1.3058,548850.6,716152.68817
2026-09-15 19:25:00,1.3059,1.3079,1.3007,1.3064,617457.0,804804.0228
2026-09-15 19:26:00,1.3064,1.3064,1.3002,1.3005,827663.0,1078593.29393
2026-09-15 19:27:00,1.3006,1.3038,1.2996,1.3003,554981.1,722056.35457
2026-09-15 19:28:00,1.3003,1.3023,1.2975,1.298,668073.9,868929.23762
2026-09-15 19:29:00,1.2981,1.2997,1.2953,1.2981,692426.3,898251.67066
2026-09-15 19:30:00,1.298,1.3,1.2956,1.2958,651488.3,845605.78092
2026-09-15 19:31:00,1.2957,1.3018,1.2945,1.3003,664069.8,862501.53094
2026-09-15 19:32:00,1.3003,1.3023,1.2953,1.2963,273258.5,354797.13036
2026-09-15 19:33:00,1.2964,1.3024,1.2942,1.2999,802234.0,1041470.03572
2026-09-15 19:34:00,1.3,1.3015,1.296,1.2967,496280.1,644061.94346
2026-09-15 19:35:00,1.2967,1.2985,1.2945,1.2977,452160.1,586227.52767
2026-09-15 19:36:00,1.2977,1.3001,1.295,1.2992,547812.2,710699.67095
2026-09-15 19:37:00,1.2991,1.2992,1.2955,1.2964,304350.7,394740.86003
2026-09-15 19:38:00,1.2964,1.3035,1.2964,1.3035,360842.6,469271.92663
2026-09-15 19:39:00,1.3036,1.3039,1.3013,1.3023,388953.6,506599.22339
2026-09-15 19:40:00,1.3023,1.3059,1.3016,1.3045,496192.6,647337.10504
2026-09-15 19:41:00,1.3045,1.305,1.2978,1.2984,651594.4,848156.99246
2026-09-15 19:42:00,1.2985,1.2989,1.2962,1.2968,256041.8,332192.53553
2026-09-15 19:43:00,1.2967,1.2972,1.2957,1.2962,276729.3,358694.16343
2026-09-15 19:44:00,1.2961,1.2975,1.2955,1.2957,389841.3,505378.11041
2026-09-15 19:45:00,1.2957,1.3009,1.2947,1.2988,473447.0,614161.01243
2026-09-15 19:46:00,1.2987,1.2987,1.2966,1.2975,214691.2,278568.66381
2026-09-15 19:47:00,1.2974,1.2992,1.2974,1.2987,259942.5,337539.1632
2026-09-15 19:48:00,1.2987,1.3005,1.2984,1.2996,217494.6,282603.5826
2026-09-15 19:49:00,1.2995,1.3013,1.2985,1.3012,287026.3,373021.03917
2026-09-15 19:50:00,1.3012,1.3027,1.3,1.3018,490590.6,638581.5545
2026-09-15 19:51:00,1.3017,1.3028,1.3002,1.3014,325912.9,424129.37506
2026-09-15 19:52:00,1.3014,1.3033,1.2997,1.2997,319734.9,415988.36437
2026-09-15 19:53:00,1.2998,1.3047,1.2997,1.3042,290109.7,378054.36034
2026-09-15 19:54:00,1.3041,1.3052,1.303,1.3037,281193.2,366735.40947
2026-09-15 19:55:00,1.3036,1.3048,1.2999,1.3006,396443.3,516503.27573
2026-09-15 19:56:00,1.3006,1.3025,1.3001,1.3021,153464.6,199685.05526
2026-09-15 19:57:00,1.3021,1.3028,1.2996,1.3014,280710.9,365229.51635
2026-09-15 19:58:00,1.3013,1.3031,1.2985,1.2985,430527.0,559932.63845
2026-09-15 19:59:00,1.2985,1.2985,1.2948,1.2961,1111294.2,1440830.70917
2026-09-15 20:00:00,1.2962,1.3027,1.2956,1.3019,314948.5,408932.4021
2026-09-15 20:01:00,1.3019,1.3019,1.2984,1.2998,325159.7,422570.96684
2026-09-15 20:02:00,1.2997,1.3004,1.2977,1.2988,235976.8,306528.16513
2026-09-15 20:03:00,1.2987,1.2987,1.2937,1.2973,434535.4,563121.93089
2026-09-15 20:04:00,1.2973,1.2973,1.2932,1.2943,338457.5,438232.79825
2026-09-15 20:05:00,1.2943,1.295,1.2901,1.2908,527854.1,682348.50393
2026-09-15 20:06:00,1.2908,1.2913,1.2869,1.2901,1057218.9,1362718.11764
2026-09-15 20:07:00,1.2902,1.2907,1.2851,1.2882,636080.4,818898.79655
2026-09-15 20:08:00,1.2881,1.2909,1.2867,1.2872,275863.9,355403.42508
2026-09-15 20:09:00,1.2871,1.288,1.2844,1.286,374982.5,482049.86615
2026-09-15 20:10:00,1.2859,1.29,1.2837,1.2873,666163.2,856275.38755
2026-09-15 20:11:00,1.2872,1.2889,1.2854,1.287,254991.7,328192.73832
2026-09-15 20:12:00,1.287,1.2899,1.2846,1.285,355322.6,457438.71052
2026-09-15 20:13:00,1.2851,1.2859,1.2828,1.2831,335304.9,430576.26245
2026-09-15 20:14:00,1.283,1.2867,1.283,1.2862,236308.5,303776.3358
2026-09-15 20:15:00,1.2862,1.2875,1.282,1.2866,395510.6,508040.45553
2026-09-15 20:16:00,1.2867,1.2896,1.2864,1.2893,301238.4,387945.67309
2026-09-15 20:17:00,1.2893,1.2893,1.2847,1.2861,270764.8,348434.41697
2026-09-15 20:18:00,1.2861,1.2861,1.2813,1.2814,245741.3,315257.82894
2026-09-15 20:19:00,1.2815,1.283,1.2777,1.2778,1619866.9,2073674.98932
2026-09-15 20:20:00,1.2778,1.2822,1.2758,1.2765,678047.4,866985.03111
2026-09-15 20:21:00,1.2765,1.2768,1.2651,1.2656,2122794.9,2695971.29676
2026-09-15 20:22:00,1.2657,1.2768,1.2657,1.2755,756061.1,960069.1118
2026-09-15 20:23:00,1.2754,1.2772,1.2734,1.2771,412716.0,526343.20374
2026-09-15 20:24:00,1.2771,1.2781,1.2759,1.2768,343500.6,438577.29406
2026-09-15 20:25:00,1.2768,1.279,1.2714,1.2735,530563.3,676663.32687
2026-09-15 20:26:00,1.2735,1.2735,1.2684,1.2693,345209.2,438398.04027
2026-09-15 20:27:00,1.2693,1.2698,1.2682,1.2692,255339.1,324075.79322
2026-09-15 20:28:00,1.2693,1.2704,1.2663,1.2697,255112.8,323642.92414
2026-09-15 20:29:00,1.2698,1.2704,1.2654,1.2657,310596.0,393693.98289
2026-09-15 20:30:00,1.2657,1.2721,1.2654,1.2712,466133.0,591690.68848
2026-09-15 20:31:00,1.2712,1.277,1.2712,1.2753,707747.6,901884.84112
2026-09-15 20:32:00,1.2753,1.277,1.2704,1.271,250390.5,319083.14148
2026-09-15 20:33:00,1.2709,1.2719,1.27,1.2714,156873.6,199368.44397
2026-09-15 20:34:00,1.2713,1.2727,1.2706,1.2718,168605.9,214364.91695
2026-09-15 20:35:00,1.2719,1.2757,1.271,1.2757,183776.7,233925.39172
2026-09-15 20:36:00,1.2756,1.2788,1.274,1.2786,142491.6,181795.88008
2026-09-15 20:37:00,1.2785,1.2824,1.278,1.2813,427237.6,546819.40401
2026-09-15 20:38:00,1.2813,1.2846,1.2797,1.28,645963.6,828134.04042
2026-09-15 20:39:00,1.2801,1.2803,1.2765,1.2778,557034.7,712162.08505
2026-09-15 20:40:00,1.2777,1.2808,1.2775,1.28,198069.8,253473.26129
2026-09-15 20:41:00,1.28,1.28,1.2778,1.2785,124310.7,158937.13869
2026-09-15 20:42:00,1.2785,1.2793,1.2766,1.277,161392.6,206281.07541
2026-09-15 20:43:00,1.277,1.2783,1.277,1.2773,78306.9,100036.83738
2026-09-15 20:44:00,1.2773,1.2806,1.2758,1.2801,228830.7,292514.74341
2026-09-15 20:45:00,1.2802,1.2824,1.2801,1.2818,272124.1,348636.52858
2026-09-15 20:46:00,1.2818,1.2835,1.2806,1.2827,438716.3,562400.01787
2026-09-15 20:47:00,1.2827,1.286,1.2823,1.2834,396156.7,508588.67082
2026-09-15 20:48:00,1.2833,1.286,1.2833,1.2856,146205.5,187935.092
2026-09-15 20:49:00,1.2855,1.2924,1.2853,1.2923,335842.8,433336.48411
2026-09-15 20:50:00,1.2923,1.2926,1.2896,1.2901,260460.0,336278.71334
2026-09-15 20:51:00,1.2901,1.2902,1.2874,1.289,245584.2,316575.1323
2026-09-15 20:52:00,1.2889,1.289,1.2874,1.2879,97086.3,125042.51994
2026-09-15 20:53:00,1.2879,1.291,1.2879,1.2904,148696.1,191736.75566
2026-09-15 20:54:00,1.2904,1.2947,1.2903,1.2944,263394.8,340522.83412
2026-09-15 20:55:00,1.2944,1.2953,1.293,1.295,439022.4,568184.4504
2026-09-15 20:56:00,1.295,1.2953,1.2926,1.2933,269908.5,349302.99826
2026-09-15 20:57:00,1.2933,1.2942,1.2914,1.292,315994.0,408543.7183
2026-09-15 20:58:00,1.292,1.2938,1.291,1.2932,237406.3,306831.97916
2026-09-15 20:59:00,1.2933,1.2951,1.2932,1.2939,290948.4,376545.70084
2026-09-15 21:00:00,1.2938,1.2941,1.2912,1.292,202994.8,262357.97611
2026-09-15 21:01:00,1.2919,1.2936,1.2886,1.2893,298035.7,384726.71546
2026-09-15 21:02:00,1.2893,1.2903,1.2885,1.2894,207351.4,267341.28155
2026-09-15 21:03:00,1.2894,1.2919,1.289,1.2909,118750.9,153222.38828
2026-09-15 21:04:00,1.291,1.2913,1.2893,1.2901,64129.4,82750.99831
2026-09-15 21:05:00,1.2901,1.2938,1.2901,1.2933,187466.7,242332.37251
2026-09-15 21:06:00,1.2933,1.294,1.2927,1.2935,85466.6,110548.02762
2026-09-15 21:07:00,1.2936,1.2939,1.2919,1.2925,115009.0,148650.76415
2026-09-15 21:08:00,1.2925,1.2938,1.292,1.2936,94603.0,122320.12412
2026-09-15 21:09:00,1.2936,1.2937,1.2927,1.293,72096.5,93233.26748
2026-09-15 21:10:00,1.293,1.2938,1.2925,1.2936,55293.9,71499.41638
2026-09-15 21:11:00,1.2936,1.2938,1.2927,1.2927,102057.7,131991.18329
2026-09-15 21:12:00,1.2928,1.2939,1.2927,1.2928,80427.2,104007.9989
2026-09-15 21:13:00,1.2928,1.2982,1.2928,1.2975,294103.2,381334.84448
2026-09-15 21:14:00,1.2975,1.2975,1.2929,1.2935,442074.2,572646.95467
2026-09-15 21:15:00,1.2935,1.2941,1.2911,1.2913,312173.2,403371.00981
2026-09-15 21:16:00,1.2913,1.2949,1.291,1.2935,431096.9,557416.50737
2026-09-15 21:17:00,1.2935,1.298,1.2931,1.2949,367403.5,475965.28969
2026-09-15 21:18:00,1.2949,1.295,1.2931,1.2931,70531.5,91269.87953
2026-09-15 21:19:00,1.2931,1.2967,1.2931,1.296,78571.4,101792.05594
2026-09-15 21:20:00,1.296,1.296,1.2933,1.2937,99521.2,128810.60936
2026-09-15 21:21:00,1.2937,1.2937,1.2881,1.2883,549362.5,708903.47023
2026-09-15 21:22:00,1.2883,1.2889,1.2853,1.286,300700.9,387045.18218
2026-09-15 21:23:00,1.286,1.2874,1.2858,1.2863,199293.5,256405.48384
2026-09-15 21:24:00,1.2864,1.2874,1.2862,1.2862,52260.4,67264.2365
2026-09-15 21:25:00,1.2862,1.287,1.2853,1.2855,106470.3,136920.97353
2026-09-15 21:26:00,1.2855,1.2881,1.2848,1.2867,271357.2,349085.3316
2026-09-15 21:27:00,1.2868,1.2877,1.2857,1.2862,80334.2,103352.38024
2026-09-15 21:28:00,1.2862,1.2862,1.2827,1.2828,99409.9,127683.9014
2026-09-15 21:29:00,1.2828,1.2849,1.2828,1.2849,180278.2,231445.86076
2026-09-15 21:30:00,1.2848,1.2849,1.2814,1.2835,247659.4,317754.89242
2026-09-15 21:31:00,1.2835,1.2843,1.2832,1.2839,107696.3,138244.98288
2026-09-15 21:32:00,1.284,1.2854,1.2837,1.2851,84205.5,108185.30137
2026-09-15 21:33:00,1.2852,1.2855,1.2852,1.2855,72705.0,93455.47679
2026-09-15 21:34:00,1.2855,1.2855,1.2788,1.2814,764096.9,979327.59675
2026-09-15 21:35:00,1.2815,1.2822,1.2786,1.2809,278075.4,355941.95319
2026-09-15 21:36:00,1.2808,1.2809,1.2789,1.2805,135402.0,173344.13666
2026-09-15 21:37:00,1.2805,1.2842,1.2805,1.2842,54673.4,70136.33558
2026-09-15 21:38:00,1.2842,1.2851,1.2827,1.2835,141729.2,181969.63144
2026-09-15 21:39:00,1.2836,1.2846,1.2835,1.2839,75567.6,97024.25538
2026-09-15 21:40:00,1.284,1.2863,1.2836,1.286,168697.9,216824.56037
2026-09-15 21:41:00,1.286,1.2872,1.2855,1.2872,62961.2,80974.11752
2026-09-15 21:42:00,1.2871,1.2873,1.2868,1.2872,35552.6,45758.81488
2026-09-15 21:43:00,1.2872,1.2873,1.2863,1.2869,126510.2,162813.0011
2026-09-15 21:44:00,1.2868,1.2869,1.2864,1.2864,84738.6,109032.85519
2026-09-15 21:45:00,1.2864,1.2867,1.2859,1.2867,102256.8,131529.25
2026-09-15 21:46:00,1.2867,1.2867,1.2849,1.2858,140829.3,181079.84464
2026-09-15 21:47:00,1.2859,1.2862,1.2856,1.2862,45227.2,58156.50669
2026-09-15 21:48:00,1.2861,1.2862,1.2858,1.2861,13634.0,17533.41516
2026-09-15 21:49:00,1.2861,1.2863,1.2846,1.2847,57958.5,74506.90935
2026-09-15 21:50:00,1.2847,1.2856,1.284,1.2841,56686.8,72831.65251
2026-09-15 21:51:00,1.284,1.284,1.281,1.2821,222250.6,285157.30739
2026-09-15 21:52:00,1.2822,1.283,1.282,1.2829,66313.2,85039.72761
2026-09-15 21:53:00,1.2828,1.2829,1.2824,1.2829,53839.0,69060.56271
2026-09-15 21:54:00,1.2829,1.2831,1.2828,1.2831,74603.6,95710.79692
2026-09-15 21:55:00,1.2831,1.2832,1.281,1.281,109872.1,140854.35762
2026-09-15 21:56:00,1.2811,1.2811,1.278,1.2781,182674.4,233763.00856
2026-09-15 21:57:00,1.278,1.2796,1.2775,1.2796,222543.9,284478.36042
2026-09-15 21:58:00,1.2795,1.2797,1.278,1.2781,94144.6,120404.98797
2026-09-15 21:59:00,1.2782,1.2798,1.277,1.2781,302870.0,387209.6319
2026-09-15 22:00:00,1.278,1.2832,1.2757,1.2811,234298.1,299826.81466
2026-09-15 22:01:00,1.2812,1.2818,1.28,1.2814,216112.2,276795.15808
2026-09-15 22:02:00,1.2814,1.2864,1.2813,1.2854,322467.6,414156.61162
2026-09-15 22:03:00,1.2854,1.2868,1.2831,1.2836,191219.2,245649.24378
2026-09-15 22:04:00,1.2837,1.2841,1.2823,1.283,70243.8,90159.07964
2026-09-15 22:05:00,1.283,1.283,1.2799,1.28,125925.0,161375.24045
2026-09-15 22:06:00,1.28,1.2809,1.2789,1.2801,130534.4,167124.21556
2026-09-15 22:07:00,1.2801,1.2826,1.2801,1.2826,128448.0,164552.96876
2026-09-15 22:08:00,1.2825,1.2842,1.2824,1.2825,77088.5,98932.00836
2026-09-15 22:09:00,1.2825,1.2825,1.2809,1.2817,109193.1,139948.72639
2026-09-15 22:10:00,1.2817,1.2831,1.28,1.283,121758.5,156006.22259
2026-09-15 22:11:00,1.2829,1.2837,1.2813,1.2818,78141.8,100210.43195
2026-09-15 22:12:00,1.2818,1.2818,1.2791,1.2801,86608.2,110849.75405
2026-09-15 22:13:00,1.2801,1.2809,1.2798,1.2805,80104.4,102550.23405
2026-09-15 22:14:00,1.2804,1.2819,1.2796,1.281,241313.1,309084.89039
2026-09-15 22:15:00,1.281,1.2818,1.2791,1.2791,70749.1,90620.14338
2026-09-15 22:16:00,1.2791,1.2791,1.2773,1.2787,140393.8,179444.71959
2026-09-15 22:17:00,1.2787,1.2789,1.2771,1.2782,184529.4,235796.2335
2026-09-15 22:18:00,1.2783,1.2787,1.2768,1.2777,113898.0,145516.47808
2026-09-15 22:19:00,1.2778,1.2802,1.2778,1.2788,89300.3,114244.2775
2026-09-15 22:20:00,1.2788,1.2799,1.2784,1.2788,87692.9,112184.47383
2026-09-15 22:21:00,1.2788,1.2795,1.2761,1.279,237716.7,303845.59302
2026-09-15 22:22:00,1.279,1.2795,1.2784,1.279,65537.2,83817.73796
2026-09-15 22:23:00,1.279,1.279,1.2769,1.2779,35524.7,45393.71901
2026-09-15 22:24:00,1.278,1.279,1.2776,1.2777,97977.4,125271.29753
2026-09-15 22:25:00,1.2777,1.2803,1.2774,1.2803,217817.2,278567.14277
2026-09-15 22:26:00,1.2802,1.2835,1.2799,1.2835,130172.0,166841.23432
2026-09-15 22:27:00,1.2834,1.2844,1.283,1.2839,61271.7,78646.38314
2026-09-15 22:28:00,1.2839,1.2839,1.2823,1.2835,101113.9,129715.37282
2026-09-15 22:29:00,1.2835,1.2835,1.2813,1.2813,46838.6,60085.18832
2026-09-15 22:30:00,1.2813,1.2828,1.2811,1.2828,51146.8,65577.02139
2026-09-15 22:31:00,1.2829,1.2831,1.2821,1.2828,40429.4,51851.17514
2026-09-15 22:32:00,1.2829,1.2829,1.2821,1.2822,57760.9,74079.15173
2026-09-15 22:33:00,1.2821,1.2832,1.2803,1.2832,252934.6,324163.78226
2026-09-15 22:34:00,1.2832,1.2841,1.2825,1.2835,91443.8,117327.91068
2026-09-15 22:35:00,1.2834,1.2834,1.2818,1.2818,23014.2,29516.90505
2026-09-15 22:36:00,1.2819,1.2824,1.2811,1.2823,40595.9,52031.94477
2026-09-15 22:37:00,1.2823,1.2841,1.2821,1.2836,30277.3,38839.38322
2026-09-15 22:38:00,1.2838,1.2858,1.2837,1.2849,85840.5,110312.72784
2026-09-15 22:39:00,1.2849,1.2858,1.2835,1.284,153270.4,196921.4344
2026-09-15 22:40:00,1.284,1.284,1.2831,1.2831,71195.3,91384.76273
2026-09-15 22:41:00,1.2832,1.284,1.2832,1.2835,75246.4,96579.53093
2026-09-15 22:42:00,1.2834,1.2836,1.283,1.2832,90262.7,115830.76844
2026-09-15 22:43:00,1.2833,1.2839,1.2829,1.2833,47033.0,60357.14057
2026-09-15 22:44:00,1.2834,1.2844,1.2834,1.2843,94296.7,121097.65764
2026-09-15 22:45:00,1.2842,1.2852,1.2836,1.2849,42477.0,54554.83809
2026-09-15 22:46:00,1.285,1.2864,1.2849,1.2861,73259.4,94199.5563
2026-09-15 22:47:00,1.2861,1.2863,1.2851,1.2859,35453.8,45590.72391
2026-09-15 22:48:00,1.2858,1.2871,1.2856,1.287,59367.5,76371.42764
2026-09-15 22:49:00,1.287,1.2876,1.2869,1.2875,23353.0,30061.20771
2026-09-15 22:50:00,1.2875,1.2875,1.2871,1.2875,57273.5,73735.00916
2026-09-15 22:51:00,1.2875,1.2884,1.2874,1.2883,70604.4,90940.48368
2026-09-15 22:52:00,1.2884,1.2893,1.2883,1.2892,132235.7,170452.49721
2026-09-15 22:53:00,1.2893,1.2896,1.289,1.2894,149228.3,192399.92343
2026-09-15 22:54:00,1.2895,1.2896,1.2889,1.2894,149268.1,192469.81289
2026-09-15 22:55:00,1.2894,1.2895,1.2887,1.2889,95282.9,122834.4221
2026-09-15 22:56:00,1.2889,1.2893,1.2879,1.2892,194699.0,250874.82878
2026-09-15 22:57:00,1.2893,1.2909,1.2892,1.2908,144222.4,186031.20513
2026-09-15 22:58:00,1.2908,1.2909,1.2896,1.2899,91456.4,118005.24077
2026-09-15 22:59:00,1.2898,1.2898,1.2885,1.289,80177.7,103363.15054
2026-09-15 23:00:00,1.289,1.2908,1.2887,1.2908,125114.5,161349.33702
2026-09-15 23:01:00,1.2907,1.291,1.2902,1.2908,74053.0,95589.3687
2026-09-15 23:02:00,1.2907,1.2908,1.2897,1.2901,49575.4,63957.66529
2026-09-15 23:03:00,1.2901,1.2923,1.2901,1.2922,139610.4,180245.16198
2026-09-15 23:04:00,1.2923,1.2944,1.292,1.2938,187272.8,242178.3975
2026-09-15 23:05:00,1.2937,1.2941,1.2931,1.2934,318533.9,412094.08453
2026-09-15 23:06:00,1.2934,1.2937,1.2924,1.2926,286808.8,370888.89408
2026-09-15 23:07:00,1.2927,1.2937,1.2926,1.2931,172965.4,223666.87656
2026-09-15 23:08:00,1.2932,1.2936,1.2931,1.2934,30720.6,39732.83195
2026-09-15 23:09:00,1.2935,1.2946,1.2935,1.2942,204421.6,264550.79127
2026-09-15 23:10:00,1.2941,1.2951,1.2941,1.2947,112125.0,145176.63776
2026-09-15 23:11:00,1.2948,1.2968,1.2948,1.2966,163665.1,212092.82136
2026-09-15 23:12:00,1.2965,1.2973,1.2958,1.2961,457800.6,593497.48625
2026-09-15 23:13:00,1.2961,1.2969,1.2956,1.2966,245667.2,318455.79574
2026-09-15 23:14:00,1.2965,1.2978,1.2965,1.2977,123731.8,160497.97848
2026-09-15 23:15:00,1.2977,1.2979,1.2972,1.2977,175902.6,228251.62661
2026-09-15 23:16:00,1.2976,1.2983,1.2964,1.2971,318835.3,413613.64146
2026-09-15 23:17:00,1.2971,1.2979,1.2966,1.2977,175997.4,228300.38366
2026-09-15 23:18:00,1.2978,1.2978,1.296,1.2963,294906.1,382485.57281
2026-09-15 23:19:00,1.2964,1.2975,1.2963,1.297,121214.9,157220.97682
2026-09-15 23:20:00,1.297,1.2972,1.2965,1.2972,184808.9,239667.19175
2026-09-15 23:21:00,1.2971,1.2973,1.2948,1.2954,419077.9,543171.49133
2026-09-15 23:22:00,1.2955,1.2962,1.2944,1.2945,166969.5,216303.47428
2026-09-15 23:23:00,1.2946,1.295,1.2942,1.2949,78268.8,101328.93885
2026-09-15 23:24:00,1.295,1.2954,1.2942,1.2952,67055.5,86828.54357
2026-09-15 23:25:00,1.2952,1.2953,1.2942,1.2947,48974.6,63414.71661
2026-09-15 23:26:00,1.2947,1.2947,1.2941,1.2942,34289.9,44385.89704
2026-09-15 23:27:00,1.2943,1.2943,1.2933,1.2934,101942.2,131862.34444
2026-09-15 23:28:00,1.2934,1.295,1.2934,1.2948,140017.6,181166.25054
2026-09-15 23:29:00,1.2947,1.2947,1.2926,1.2932,170635.1,220681.54723
2026-09-15 23:30:00,1.2931,1.2931,1.2882,1.2892,495115.1,638851.28493
2026-09-15 23:31:00,1.2891,1.2892,1.2872,1.2879,206131.6,265475.98385
2026-09-15 23:32:00,1.2879,1.2881,1.2848,1.2868,244096.6,313942.68106
2026-09-15 23:33:00,1.2868,1.2883,1.2863,1.2882,85435.1,109984.34445
2026-09-15 23:34:00,1.2883,1.2895,1.2874,1.2874,152939.5,197081.7357
2026-09-15 23:35:00,1.2875,1.2879,1.2865,1.2875,226419.6,291484.66834
2026-09-15 23:36:00,1.2876,1.2878,1.2852,1.2859,293869.2,378045.32791
2026-09-15 23:37:00,1.286,1.286,1.2848,1.2852,70597.0,90747.905
2026-09-15 23:38:00,1.2851,1.2851,1.2835,1.2837,102972.8,132228.31652
2026-09-15 23:39:00,1.2837,1.2841,1.2836,1.2839,17167.5,22038.19422
2026-09-15 23:40:00,1.284,1.2859,1.2833,1.2858,232585.4,298792.60728
2026-09-15 23:41:00,1.2858,1.2865,1.2857,1.2863,52869.9,67996.66364
2026-09-15 23:42:00,1.2863,1.2866,1.2856,1.286,96488.2,124098.67121
2026-09-15 23:43:00,1.2861,1.2874,1.2861,1.2873,42623.2,54858.12291
2026-09-15 23:44:00,1.2874,1.2883,1.2873,1.2882,128605.4,165610.36279
2026-09-15 23:45:00,1.2883,1.2887,1.2878,1.2887,87775.5,113065.23856
2026-09-15 23:46:00,1.2887,1.289,1.2882,1.2886,118663.9,152911.10493
2026-09-15 23:47:00,1.2886,1.2887,1.2865,1.2865,298480.5,384240.40317
2026-09-15 23:48:00,1.2865,1.2869,1.2863,1.2864,32691.7,42060.44858
2026-09-15 23:49:00,1.2865,1.2865,1.2861,1.2862,14367.2,18481.6018
2026-09-15 23:50:00,1.2862,1.2873,1.2861,1.2872,41650.9,53599.29115
2026-09-15 23:51:00,1.2873,1.2873,1.2853,1.2857,128521.3,165330.90504
2026-09-15 23:52:00,1.2856,1.2857,1.2853,1.2854,137448.9,176695.22701
2026-09-15 23:53:00,1.2855,1.287,1.2854,1.2866,85592.9,110121.31545
2026-09-15 23:54:00,1.2866,1.2868,1.2852,1.2867,123319.2,158570.87188
2026-09-15 23:55:00,1.2868,1.2868,1.2859,1.2864,64044.6,82382.30764
2026-09-15 23:56:00,1.2864,1.2864,1.2847,1.2847,117909.0,151575.14367
2026-09-15 23:57:00,1.2848,1.2855,1.2847,1.2847,78392.4,100741.75336
2026-09-15 23:58:00,1.2848,1.2859,1.2847,1.285,124422.7,159908.64328
2026-09-15 23:59:00,1.2849,1.2849,1.2822,1.2833,261325.8,335370.42517
2026-09-16 00:00:00,1.2833,1.2838,1.2826,1.2837,115330.8,148008.21572
2026-09-16 00:01:00,1.2838,1.2841,1.2819,1.2824,77877.1,99900.78473
2026-09-16 00:02:00,1.2825,1.2836,1.2811,1.2836,169439.8,217218.64725
2026-09-16 00:03:00,1.2835,1.2861,1.2835,1.2845,268395.1,344880.87446
2026-09-16 00:04:00,1.2844,1.2851,1.2841,1.2849,191593.1,246134.51971
2026-09-16 00:05:00,1.285,1.2858,1.284,1.2851,248940.8,319802.57558
2026-09-16 00:06:00,1.2851,1.2855,1.2832,1.2842,155800.3,200072.71187
2026-09-16 00:07:00,1.2842,1.2844,1.2821,1.283,207231.8,265925.82832
2026-09-16 00:08:00,1.283,1.2864,1.283,1.2858,140925.0,181037.34215
2026-09-16 00:09:00,1.2858,1.2863,1.2839,1.2846,123592.2,158818.78873
2026-09-16 00:10:00,1.2846,1.2852,1.2838,1.2838,96642.5,124146.72443
2026-09-16 00:11:00,1.2839,1.2854,1.2838,1.285,74535.4,95771.41149
2026-09-16 00:12:00,1.2851,1.2856,1.2842,1.2853,83979.3,107893.9548
2026-09-16 00:13:00,1.2853,1.2853,1.2826,1.283,141105.0,181178.4864
2026-09-16 00:14:00,1.283,1.2841,1.2827,1.2829,128447.0,164824.54829
2026-09-16 00:15:00,1.2829,1.2839,1.2818,1.2839,139702.2,179221.80033
2026-09-16 00:16:00,1.2839,1.2849,1.2827,1.2845,74587.9,95763.9609
2026-09-16 00:17:00,1.2846,1.2866,1.2846,1.2859,81086.4,104247.48576
2026-09-16 00:18:00,1.2859,1.2865,1.2854,1.2865,108973.2,140156.73027
2026-09-16 00:19:00,1.2864,1.2874,1.2862,1.2873,191458.4,246331.42046
2026-09-16 00:20:00,1.2872,1.288,1.2867,1.2867,71168.9,91610.02718
2026-09-16 00:21:00,1.2868,1.2879,1.2859,1.2867,208253.5,268022.42017
2026-09-16 00:22:00,1.2867,1.2873,1.2855,1.2866,328758.9,422897.03078
2026-09-16 00:23:00,1.2865,1.2889,1.2865,1.2889,44390.3,57166.61031
2026-09-16 00:24:00,1.2889,1.2889,1.2877,1.2878,82786.5,106652.49378
2026-09-16 00:25:00,1.2878,1.2883,1.2872,1.288,178953.0,230491.00167
2026-09-16 00:26:00,1.288,1.2888,1.288,1.2882,92818.9,119604.10248
2026-09-16 00:27:00,1.2883,1.2886,1.2873,1.2874,289257.4,372538.72277
2026-09-16 00:28:00,1.2875,1.288,1.2858,1.2872,299352.4,385252.46093
2026-09-16 00:29:00,1.2871,1.2886,1.2871,1.2884,87241.1,112342.12229
2026-09-16 00:30:00,1.2884,1.2887,1.2876,1.2881,116453.4,150012.03487
2026-09-16 00:31:00,1.2881,1.2882,1.2869,1.2871,60818.0,78311.70868
2026-09-16 00:32:00,1.2871,1.2887,1.2871,1.2882,100426.6,129318.82481
2026-09-16 00:33:00,1.2881,1.2898,1.288,1.2881,123858.5,159629.18337
2026-09-16 00:34:00,1.2881,1.2891,1.2876,1.2881,140790.5,181383.1689
2026-09-16 00:35:00,1.288,1.2882,1.2874,1.2879,92857.1,119585.87483
2026-09-16 00:36:00,1.2879,1.289,1.2865,1.2867,259253.2,333881.06302
2026-09-16 00:37:00,1.2867,1.2884,1.2867,1.288,118073.5,152044.6275
2026-09-16 00:38:00,1.288,1.2887,1.2876,1.2884,88447.7,113937.28664
2026-09-16 00:39:00,1.2884,1.2901,1.2879,1.2901,147322.3,189913.18597
2026-09-16 00:40:00,1.29,1.29,1.2885,1.2885,107515.3,138597.24746
2026-09-16 00:41:00,1.2884,1.2889,1.2879,1.2879,165137.8,212761.75778
2026-09-16 00:42:00,1.288,1.288,1.2867,1.2868,94633.4,121818.32707
2026-09-16 00:43:00,1.2869,1.2871,1.2866,1.2867,31328.0,40315.14541
2026-09-16 00:44:00,1.2868,1.2883,1.2868,1.2882,45188.2,58190.29506
2026-09-16 00:45:00,1.2882,1.2895,1.287,1.2873,127379.8,164134.42125
2026-09-16 00:46:00,1.2872,1.2875,1.2851,1.2851,225024.1,289433.18235
2026-09-16 00:47:00,1.2851,1.2883,1.2839,1.2874,610894.7,785411.19202
2026-09-16 00:48:00,1.2873,1.2897,1.2863,1.2896,173604.3,223586.01562
2026-09-16 00:49:00,1.2895,1.2895,1.2873,1.2885,71044.9,91527.7418
2026-09-16 00:50:00,1.2884,1.2893,1.2881,1.2885,69402.5,89428.86743
2026-09-16 00:51:00,1.2886,1.2898,1.2886,1.2887,49551.7,63881.21564
2026-09-16 00:52:00,1.2886,1.2907,1.2874,1.2884,305137.8,393296.17087
2026-09-16 00:53:00,1.2885,1.2892,1.2877,1.2878,81483.7,105003.86315
2026-09-16 00:54:00,1.2877,1.2877,1.2862,1.2863,77594.9,99877.21063
2026-09-16 00:55:00,1.2863,1.2872,1.2861,1.2862,54095.5,69618.99452
2026-09-16 00:56:00,1.2863,1.2869,1.2855,1.2857,99567.0,128041.65847
2026-09-16 00:57:00,1.2857,1.2857,1.2851,1.2852,48061.9,61778.67484
2026-09-16 00:58:00,1.2852,1.2882,1.2843,1.2879,493131.3,634382.21404
2026-09-16 00:59:00,1.2878,1.2887,1.2868,1.2869,227858.7,293426.78063
2026-09-16 01:00:00,1.2868,1.2884,1.2868,1.2877,50087.7,64485.54984
2026-09-16 01:01:00,1.2878,1.2896,1.2877,1.2881,116348.8,149973.77828
2026-09-16 01:02:00,1.288,1.289,1.2873,1.2878,168222.8,216700.69459
2026-09-16 01:03:00,1.2878,1.2891,1.2874,1.2876,247614.7,318967.68236
2026-09-16 01:04:00,1.2876,1.2876,1.2851,1.2859,321789.4,413870.71557
2026-09-16 01:05:00,1.2858,1.2862,1.2853,1.2858,85553.7,110000.63535
2026-09-16 01:06:00,1.2858,1.2878,1.2858,1.2876,54568.7,70232.56998
2026-09-16 01:07:00,1.2876,1.2881,1.2862,1.2863,48368.0,62264.3128
2026-09-16 01:08:00,1.2862,1.2865,1.2856,1.2861,78800.7,101342.27063
2026-09-16 01:09:00,1.2862,1.2868,1.2858,1.2866,54640.1,70281.31428
2026-09-16 01:10:00,1.2865,1.2886,1.286,1.2883,46234.7,59509.66163
2026-09-16 01:11:00,1.2883,1.2895,1.2883,1.2883,57224.2,73759.3226
2026-09-16 01:12:00,1.2884,1.2887,1.286,1.2869,66721.6,85908.07779
2026-09-16 01:13:00,1.287,1.2878,1.2861,1.2872,166107.5,213792.4688
2026-09-16 01:14:00,1.2873,1.2889,1.2872,1.2882,121350.4,156351.91788
2026-09-16 01:15:00,1.2883,1.2883,1.2869,1.2875,121757.7,156772.58904
2026-09-16 01:16:00,1.2875,1.2889,1.2875,1.2884,96189.1,123928.96487
2026-09-16 01:17:00,1.2883,1.2883,1.2874,1.2881,20864.0,26867.45367
2026-09-16 01:18:00,1.2881,1.2886,1.2876,1.2886,22567.4,29066.07564
2026-09-16 01:19:00,1.2887,1.2891,1.2885,1.2885,23567.1,30375.281
2026-09-16 01:20:00,1.2884,1.2895,1.2881,1.2895,12179.1,15698.37801
2026-09-16 01:21:00,1.2895,1.2905,1.2895,1.2896,129224.3,166698.04618
2026-09-16 01:22:00,1.2895,1.2901,1.2887,1.2887,88035.8,113522.76114
2026-09-16 01:23:00,1.2887,1.2904,1.2883,1.2891,243594.9,314057.86446
2026-09-16 01:24:00,1.2892,1.2902,1.2891,1.2902,46566.0,60048.73419
2026-09-16 01:25:00,1.2903,1.2905,1.2897,1.29,64490.1,83201.02649
2026-09-16 01:26:00,1.29,1.2903,1.2895,1.2896,23957.7,30902.42477
2026-09-16 01:27:00,1.2895,1.2895,1.289,1.289,18746.2,24167.65888
2026-09-16 01:28:00,1.2891,1.2895,1.289,1.2895,29226.9,37679.68515
2026-09-16 01:29:00,1.2895,1.2898,1.2876,1.2879,1875530.0,2417520.5916
2026-09-16 01:30:00,1.288,1.288,1.2864,1.2867,125297.4,161273.31887
2026-09-16 01:31:00,1.2866,1.2872,1.286,1.2861,107815.9,138702.7076
2026-09-16 01:32:00,1.286,1.2864,1.2855,1.2857,76460.3,98323.68098
2026-09-16 01:33:00,1.2857,1.2857,1.2813,1.2819,329856.9,423402.52234
2026-09-16 01:34:00,1.2819,1.2819,1.2797,1.2801,273849.4,350689.46718
2026-09-16 01:35:00,1.2802,1.2828,1.2791,1.2826,398419.2,510523.19155
2026-09-16 01:36:00,1.2825,1.2825,1.2787,1.2787,173618.7,222426.27719
2026-09-16 01:37:00,1.2788,1.2805,1.2777,1.2777,332643.9,425478.58388
2026-09-16 01:38:00,1.2776,1.2792,1.277,1.2788,116546.5,148914.64834
2026-09-16 01:39:00,1.2788,1.279,1.2767,1.2774,104786.0,133854.07004
2026-09-16 01:40:00,1.2774,1.279,1.2774,1.279,114414.4,146224.36875
2026-09-16 01:41:00,1.279,1.2805,1.2788,1.2798,74415.7,95233.00003
2026-09-16 01:42:00,1.2797,1.2803,1.2794,1.2794,65103.8,83323.59759
2026-09-16 01:43:00,1.2794,1.2797,1.2787,1.2791,72200.2,92353.64056
2026-09-16 01:44:00,1.2791,1.2792,1.2788,1.2789,21934.1,28054.0376
2026-09-16 01:45:00,1.2789,1.2805,1.2787,1.28,66564.8,85182.79993
2026-09-16 01:46:00,1.2801,1.2803,1.2778,1.2783,109273.0,139763.14641
2026-09-16 01:47:00,1.2783,1.279,1.2758,1.2772,452804.0,578293.10957
2026-09-16 01:48:00,1.2772,1.2778,1.2756,1.2762,137024.2,174958.53157
2026-09-16 01:49:00,1.2763,1.2772,1.276,1.2771,15392.1,19650.49966
2026-09-16 01:50:00,1.277,1.277,1.2747,1.2754,96840.2,123488.73407
2026-09-16 01:51:00,1.2754,1.2762,1.2754,1.276,52172.1,66571.17203
2026-09-16 01:52:00,1.2761,1.2763,1.2751,1.2757,109420.9,139609.48102
2026-09-16 01:53:00,1.2757,1.276,1.2749,1.2751,34926.1,44541.22216
2026-09-16 01:54:00,1.2752,1.2762,1.2749,1.2758,57507.0,73348.50407
2026-09-16 01:55:00,1.2759,1.2765,1.2754,1.2755,34366.7,43844.05249
2026-09-16 01:56:00,1.2756,1.2761,1.275,1.2754,61759.7,78791.64858
2026-09-16 01:57:00,1.2754,1.2764,1.2754,1.2764,27468.5,35044.03374
2026-09-16 01:58:00,1.2765,1.277,1.2759,1.2764,139811.9,178467.45167
2026-09-16 01:59:00,1.2765,1.2765,1.2755,1.2757,153968.9,196467.56274
2026-09-16 02:00:00,1.2758,1.2779,1.2751,1.2769,237060.0,302679.25346
2026-09-16 02:01:00,1.2769,1.2794,1.2768,1.2794,50018.8,63925.37291
2026-09-16 02:02:00,1.2794,1.2837,1.2793,1.2837,82113.0,105198.32083
2026-09-16 02:03:00,1.2837,1.2848,1.2828,1.2828,97028.9,124590.37767
2026-09-16 02:04:00,1.2828,1.2829,1.2817,1.2826,45123.7,57861.76373
2026-09-16 02:05:00,1.2825,1.2831,1.2815,1.2829,35017.6,44902.72242
2026-09-16 02:06:00,1.2829,1.2833,1.2806,1.2814,300357.9,385038.99222
2026-09-16 02:07:00,1.2814,1.2814,1.28,1.2807,32286.6,41344.37749
2026-09-16 02:08:00,1.2806,1.2814,1.2802,1.2814,47444.8,60770.10081
2026-09-16 02:09:00,1.2813,1.2813,1.2802,1.2808,26343.4,33736.40271
2026-09-16 02:10:00,1.2807,1.2815,1.2798,1.281,57120.2,73151.62396
2026-09-16 02:11:00,1.2809,1.2809,1.2787,1.2787,55811.7,71409.39619
2026-09-16 02:12:00,1.2786,1.28,1.2766,1.2794,369359.4,472306.2877
2026-09-16 02:13:00,1.2793,1.283,1.2793,1.2829,78191.3,100165.384
2026-09-16 02:14:00,1.2828,1.2828,1.2816,1.282,75647.4,96985.05968
2026-09-16 02:15:00,1.2819,1.284,1.2817,1.2837,77768.4,99811.32555
2026-09-16 02:16:00,1.2837,1.2856,1.2833,1.2852,56600.6,72707.05647
2026-09-16 02:17:00,1.2853,1.2882,1.2847,1.2865,361615.6,465295.00256
2026-09-16 02:18:00,1.2865,1.287,1.2853,1.2857,31267.3,40206.33019
2026-09-16 02:19:00,1.2858,1.288,1.2858,1.2876,42974.9,55317.56622
2026-09-16 02:20:00,1.2876,1.2883,1.2868,1.2882,41280.9,53146.23168
2026-09-16 02:21:00,1.2881,1.2884,1.2877,1.2881,85012.7,109497.22031
2026-09-16 02:22:00,1.2882,1.2884,1.2876,1.2876,36947.4,47593.89723
2026-09-16 02:23:00,1.2877,1.2878,1.287,1.2876,39924.4,51398.41495
2026-09-16 02:24:00,1.2876,1.2884,1.2876,1.2883,74884.6,96464.89768
2026-09-16 02:25:00,1.2882,1.289,1.2882,1.2889,67793.3,87360.39282
2026-09-16 02:26:00,1.2887,1.2892,1.2885,1.2891,49627.5,63960.08878
2026-09-16 02:27:00,1.2892,1.2902,1.2892,1.2898,134769.1,173792.18655
2026-09-16 02:28:00,1.2897,1.2911,1.2895,1.2904,90896.5,117278.86841
2026-09-16 02:29:00,1.2904,1.2915,1.2902,1.2914,45042.8,58134.53948
2026-09-16 02:30:00,1.2913,1.2943,1.2911,1.2932,284725.8,368048.78803
2026-09-16 02:31:00,1.2932,1.2954,1.2932,1.2951,231671.7,299898.16599
2026-09-16 02:32:00,1.2951,1.2958,1.2944,1.2945,88803.8,115036.29771
2026-09-16 02:33:00,1.2944,1.2951,1.294,1.2946,65889.3,85303.41544
2026-09-16 02:34:00,1.2946,1.2959,1.2944,1.2959,41370.5,53577.9093
2026-09-16 02:35:00,1.2957,1.2968,1.2957,1.2965,71777.6,93048.13803
2026-09-16 02:36:00,1.2966,1.2994,1.2966,1.2976,357917.7,464683.66436
2026-09-16 02:37:00,1.2975,1.2977,1.2969,1.2971,135662.0,175997.65966
2026-09-16 02:38:00,1.297,1.2974,1.2968,1.2971,94057.4,122008.92409
2026-09-16 02:39:00,1.2972,1.2982,1.2958,1.2959,100341.2,130160.49266
2026-09-16 02:40:00,1.2958,1.2967,1.295,1.295,50783.2,65812.12239
2026-09-16 02:41:00,1.2949,1.2963,1.2949,1.296,70892.9,91852.02311
2026-09-16 02:42:00,1.296,1.2962,1.2949,1.295,57800.9,74871.50682
2026-09-16 02:43:00,1.2949,1.2963,1.293,1.295,264062.3,341896.71407
2026-09-16 02:44:00,1.295,1.2955,1.294,1.2944,99111.6,128319.16492
2026-09-16 02:45:00,1.2944,1.2945,1.2938,1.2938,39505.8,51120.85344
2026-09-16 02:46:00,1.2938,1.2956,1.2938,1.2956,89343.8,115696.19991
2026-09-16 02:47:00,1.2955,1.2956,1.2944,1.2944,68162.4,88266.71305
2026-09-16 02:48:00,1.2943,1.2943,1.2932,1.2934,29355.9,37977.67356
2026-09-16 02:49:00,1.2933,1.2944,1.2932,1.2935,53059.7,68656.93339
2026-09-16 02:50:00,1.2934,1.2936,1.2921,1.2923,58121.2,75151.71521
2026-09-16 02:51:00,1.2923,1.2925,1.2913,1.2913,52415.4,67716.2065
2026-09-16 02:52:00,1.2913,1.2915,1.2902,1.2902,86321.7,111428.67897
2026-09-16 02:53:00,1.2901,1.2912,1.29,1.2908,49039.3,63291.5135
2026-09-16 02:54:00,1.2908,1.2908,1.288,1.2881,230693.0,297408.35789
2026-09-16 02:55:00,1.2881,1.2889,1.288,1.2887,85657.8,110351.22059
2026-09-16 02:56:00,1.2886,1.2897,1.2871,1.2875,107338.2,138268.1674
2026-09-16 02:57:00,1.2876,1.2893,1.287,1.289,288639.0,371752.2135
2026-09-16 02:58:00,1.2889,1.2897,1.2889,1.2897,57481.1,74112.08865
2026-09-16 02:59:00,1.2896,1.2899,1.2892,1.2894,74841.8,96501.78857
2026-09-16 03:00:00,1.2894,1.2914,1.2888,1.2914,219962.5,283695.52101
2026-09-16 03:01:00,1.2914,1.2929,1.2914,1.2928,170128.5,219822.44968
2026-09-16 03:02:00,1.2928,1.2935,1.2921,1.2932,105410.1,136279.89474
2026-09-16 03:03:00,1.2931,1.2932,1.2899,1.2915,576739.3,744655.66382
2026-09-16 03:04:00,1.2914,1.2929,1.2907,1.2917,117558.0,151839.65073
2026-09-16 03:05:00,1.2918,1.292,1.2912,1.2915,47976.4,61966.16308
2026-09-16 03:06:00,1.2916,1.292,1.2911,1.2911,39065.2,50457.27882
2026-09-16 03:07:00,1.291,1.2912,1.2897,1.2897,60197.2,77665.40929
2026-09-16 03:08:00,1.2897,1.2903,1.2896,1.2899,81086.4,104600.87034
2026-09-16 03:09:00,1.29,1.2928,1.2896,1.2914,330930.4,427234.8816
2026-09-16 03:10:00,1.2914,1.2921,1.2907,1.2915,100806.4,130179.65856
2026-09-16 03:11:00,1.2916,1.2938,1.2916,1.2937,40438.3,52278.86834
2026-09-16 03:12:00,1.2938,1.2944,1.2932,1.2937,23430.1,30314.28601
2026-09-16 03:13:00,1.2937,1.2953,1.2937,1.2953,23754.5,30752.5166
2026-09-16 03:14:00,1.2952,1.2957,1.2952,1.2957,28535.5,36968.09416
2026-09-16 03:15:00,1.2956,1.2967,1.2956,1.2963,145206.4,188193.99419
2026-09-16 03:16:00,1.2963,1.2983,1.2963,1.2982,111177.7,144272.63205
2026-09-16 03:17:00,1.2982,1.2991,1.298,1.2991,46796.0,60753.83229
2026-09-16 03:18:00,1.2991,1.2999,1.2988,1.2994,125838.9,163520.61739
2026-09-16 03:19:00,1.2994,1.3003,1.2967,1.2976,766380.7,995360.68991
2026-09-16 03:20:00,1.2975,1.2981,1.2973,1.2976,54594.4,70852.9096
2026-09-16 03:21:00,1.2976,1.298,1.2965,1.2978,108023.7,140161.11469
2026-09-16 03:22:00,1.2977,1.2978,1.2967,1.2977,67439.1,87477.83354
2026-09-16 03:23:00,1.2977,1.2978,1.2969,1.2969,112822.8,146385.498
2026-09-16 03:24:00,1.2969,1.2969,1.2948,1.2956,84545.2,109526.84765
2026-09-16 03:25:00,1.2957,1.2957,1.2946,1.2946,106492.4,137930.46294
2026-09-16 03:26:00,1.2947,1.2954,1.2947,1.2951,189205.3,245039.87542
2026-09-16 03:27:00,1.295,1.2958,1.2932,1.2933,357880.6,463307.86263
2026-09-16 03:28:00,1.2934,1.2954,1.2934,1.2948,205834.6,266511.29788
2026-09-16 03:29:00,1.2949,1.2951,1.2937,1.294,75313.7,97469.59716
2026-09-16 03:30:00,1.2941,1.2943,1.2931,1.2931,26733.0,34589.99108
2026-09-16 03:31:00,1.293,1.296,1.2927,1.296,509795.6,659747.2961
2026-09-16 03:32:00,1.296,1.2983,1.2957,1.2982,117705.7,152687.43497
2026-09-16 03:33:00,1.2982,1.2982,1.2963,1.2964,112304.2,145687.82024
2026-09-16 03:34:00,1.2964,1.2966,1.2952,1.2952,69280.2,89799.68452
2026-09-16 03:35:00,1.2952,1.2953,1.2949,1.2952,43072.4,55783.30262
2026-09-16 03:36:00,1.2953,1.2957,1.2944,1.2947,140324.2,181732.71877
2026-09-16 03:37:00,1.2946,1.2946,1.2935,1.2936,42163.6,54565.23403
2026-09-16 03:38:00,1.2937,1.2939,1.293,1.2939,60476.2,78216.24218
2026-09-16 03:39:00,1.2939,1.2953,1.2939,1.2945,78948.2,102200.60435
2026-09-16 03:40:00,1.2946,1.2961,1.2946,1.2958,56400.5,73074.97324
2026-09-16 03:41:00,1.2958,1.2961,1.2946,1.296,103679.6,134292.6556
2026-09-16 03:42:00,1.296,1.296,1.2944,1.2949,163370.2,211568.6795
2026-09-16 03:43:00,1.2948,1.2968,1.2948,1.2968,68038.2,88163.58972
2026-09-16 03:44:00,1.2968,1.297,1.2961,1.2964,105829.7,137230.15052
2026-09-16 03:45:00,1.2964,1.2976,1.2961,1.2972,123228.3,159814.94546
2026-09-16 03:46:00,1.2971,1.2972,1.2952,1.2959,247005.6,320129.45562
2026-09-16 03:47:00,1.296,1.296,1.2953,1.2956,103831.9,134519.34274
2026-09-16 03:48:00,1.2956,1.2965,1.2955,1.2964,62936.0,81566.64463
2026-09-16 03:49:00,1.2965,1.2967,1.2962,1.2967,68931.4,89371.40509
2026-09-16 03:50:00,1.2967,1.2967,1.2959,1.2965,47795.5,61957.24803
2026-09-16 03:51:00,1.2964,1.2967,1.2964,1.2966,29991.8,38884.84374
2026-09-16 03:52:00,1.2966,1.2968,1.2964,1.2964,31979.7,41464.95516
2026-09-16 03:53:00,1.2964,1.2977,1.2964,1.2969,67853.0,88003.16706
2026-09-16 03:54:00,1.2968,1.2969,1.2963,1.2965,40901.5,53029.71985
2026-09-16 03:55:00,1.2965,1.2973,1.2965,1.2971,29259.8,37945.31076
2026-09-16 03:56:00,1.2971,1.2979,1.297,1.2975,45442.0,58959.74992
2026-09-16 03:57:00,1.2975,1.2978,1.2973,1.2978,32623.6,42330.59618
2026-09-16 03:58:00,1.2977,1.2982,1.2977,1.298,37415.9,48562.65582
2026-09-16 03:59:00,1.298,1.2981,1.2971,1.2974,70961.3,92093.57484
2026-09-16 04:00:00,1.2974,1.2981,1.2971,1.2981,39914.1,51789.44327
2026-09-16 04:01:00,1.2981,1.2985,1.2968,1.2968,186532.1,242042.82585
2026-09-16 04:02:00,1.2968,1.2978,1.2962,1.2974,112139.7,145406.95921
2026-09-16 04:03:00,1.2974,1.2992,1.2974,1.2989,66966.0,86960.87441
2026-09-16 04:04:00,1.299,1.3018,1.299,1.3001,179368.0,233244.55465
2026-09-16 04:05:00,1.3,1.3012,1.2989,1.2994,178053.4,231385.16768
2026-09-16 04:06:00,1.2995,1.3015,1.2991,1.3015,187894.0,244405.20559
2026-09-16 04:07:00,1.3014,1.3017,1.3009,1.3011,106443.0,138506.74553
2026-09-16 04:08:00,1.3011,1.3017,1.3007,1.3008,134545.4,175079.19547
2026-09-16 04:09:00,1.3007,1.301,1.3,1.3004,88258.6,114781.11696
2026-09-16 04:10:00,1.3004,1.3046,1.3004,1.3044,201559.1,262570.58157
2026-09-16 04:11:00,1.3043,1.3059,1.3037,1.3059,122160.2,159407.09529
2026-09-16 04:12:00,1.3058,1.3058,1.3023,1.3026,321089.2,418670.77575
2026-09-16 04:13:00,1.3026,1.3041,1.3026,1.3041,75556.9,98449.30684
2026-09-16 04:14:00,1.304,1.3041,1.3032,1.3032,70932.1,92472.94665
2026-09-16 04:15:00,1.3032,1.3032,1.3025,1.3026,56929.6,74171.3209
2026-09-16 04:16:00,1.3026,1.3033,1.3025,1.3028,53984.8,70331.87036
2026-09-16 04:17:00,1.3028,1.3029,1.3022,1.3022,55195.1,71893.31423
2026-09-16 04:18:00,1.3023,1.3023,1.3019,1.3023,50870.7,66240.12548
2026-09-16 04:19:00,1.3022,1.3022,1.3013,1.3013,58036.9,75554.81387
2026-09-16 04:20:00,1.3014,1.3054,1.3013,1.3053,180494.0,235190.11315
2026-09-16 04:21:00,1.3053,1.3115,1.305,1.3095,396617.4,519166.69586
2026-09-16 04:22:00,1.3094,1.3114,1.3083,1.3107,117696.8,154185.17531
2026-09-16 04:23:00,1.3107,1.3128,1.3106,1.3109,242607.1,318257.67516
2026-09-16 04:24:00,1.3108,1.311,1.3085,1.3089,174698.4,228833.64394
2026-09-16 04:25:00,1.3088,1.3089,1.3076,1.3083,98824.0,129266.33306
2026-09-16 04:26:00,1.3083,1.3088,1.3079,1.3084,96458.3,126197.42759
2026-09-16 04:27:00,1.3084,1.3092,1.306,1.3064,410298.6,536411.018
2026-09-16 04:28:00,1.3065,1.3065,1.3055,1.3063,98189.0,128236.13937
2026-09-16 04:29:00,1.3063,1.3081,1.3057,1.3063,150982.0,197297.63653
2026-09-16 04:30:00,1.3062,1.3063,1.3053,1.3063,186078.1,242966.69492
2026-09-16 04:31:00,1.3063,1.3069,1.3063,1.3065,44575.0,58241.53985
2026-09-16 04:32:00,1.3065,1.3069,1.3051,1.3052,94963.1,124026.79019
2026-09-16 04:33:00,1.3052,1.3053,1.3045,1.3046,100387.3,130999.91951
2026-09-16 04:34:00,1.3046,1.3101,1.3045,1.3099,500483.4,654108.57805
2026-09-16 04:35:00,1.3099,1.3099,1.3085,1.3092,69967.9,91590.26071
2026-09-16 04:36:00,1.3092,1.3094,1.3081,1.3093,85258.0,111589.96145
2026-09-16 04:37:00,1.3093,1.3104,1.3082,1.3098,124413.0,162879.75973
2026-09-16 04:38:00,1.3097,1.31,1.3091,1.3092,70371.5,92157.39984
2026-09-16 04:39:00,1.3092,1.3104,1.3092,1.3103,37400.8,48990.14432
2026-09-16 04:40:00,1.3103,1.3104,1.309,1.3093,53125.7,69583.85359
2026-09-16 04:41:00,1.3092,1.3095,1.309,1.3092,52856.0,69201.668
2026-09-16 04:42:00,1.3092,1.3094,1.3089,1.309,45549.3,59628.11888
2026-09-16 04:43:00,1.309,1.309,1.3044,1.3044,481599.0,629099.73592
2026-09-16 04:44:00,1.3045,1.3048,1.304,1.3047,92717.0,120939.35044
2026-09-16 04:45:00,1.3048,1.3067,1.3046,1.3067,50953.9,66520.44476
2026-09-16 04:46:00,1.3067,1.3072,1.306,1.3067,78882.8,103063.56624
2026-09-16 04:47:00,1.3067,1.3067,1.3052,1.3053,109251.2,142692.18137
2026-09-16 04:48:00,1.3053,1.3054,1.3047,1.3048,36366.1,47461.42693
2026-09-16 04:49:00,1.3047,1.3047,1.3039,1.3041,88297.5,115179.5716
2026-09-16 04:50:00,1.3041,1.3041,1.3031,1.3031,58412.1,76142.9334
2026-09-16 04:51:00,1.3031,1.3031,1.3023,1.3023,56020.3,72971.04855
2026-09-16 04:52:00,1.3023,1.3024,1.3014,1.3014,49143.3,63976.60313
2026-09-16 04:53:00,1.3015,1.3018,1.3015,1.3017,50787.2,66106.64626
2026-09-16 04:54:00,1.3018,1.3019,1.3,1.3003,164739.7,214294.84417
2026-09-16 04:55:00,1.3002,1.3002,1.2995,1.2997,78270.7,101733.9805
2026-09-16 04:56:00,1.2998,1.2998,1.299,1.2991,59576.6,77417.64421
2026-09-16 04:57:00,1.2991,1.3032,1.2991,1.3022,601256.7,782468.2103
2026-09-16 04:58:00,1.3023,1.3035,1.3023,1.3034,58403.5,76092.77131
2026-09-16 04:59:00,1.3035,1.3035,1.301,1.301,60835.1,79231.42627
2026-09-16 05:00:00,1.3009,1.3016,1.3005,1.3006,42236.9,54951.97025
2026-09-16 05:01:00,1.3005,1.3005,1.299,1.2991,36422.0,47350.26228
2026-09-16 05:02:00,1.299,1.299,1.2943,1.2951,254442.8,329882.86063
2026-09-16 05:03:00,1.2952,1.2964,1.2948,1.2957,137087.1,177584.20666
2026-09-16 05:04:00,1.2957,1.2965,1.2941,1.2964,128464.3,166398.56179
2026-09-16 05:05:00,1.2965,1.2969,1.2944,1.2949,166375.5,215525.11809
2026-09-16 05:06:00,1.2949,1.2963,1.2944,1.2948,181222.1,234748.90343
2026-09-16 05:07:00,1.2949,1.2968,1.2947,1.2964,80800.3,104702.98539
2026-09-16 05:08:00,1.2964,1.2974,1.2963,1.2969,43572.4,56499.78817
2026-09-16 05:09:00,1.2969,1.2982,1.2969,1.298,90299.1,117163.55812
2026-09-16 05:10:00,1.298,1.2993,1.2979,1.2979,52675.4,68403.98695
2026-09-16 05:11:00,1.298,1.2982,1.2969,1.2976,64980.6,84316.19977
2026-09-16 05:12:00,1.2975,1.2978,1.2966,1.2967,85910.7,111438.25315
2026-09-16 05:13:00,1.2966,1.2967,1.2961,1.2967,25038.9,32459.12719
2026-09-16 05:14:00,1.2968,1.2972,1.2967,1.2967,45224.2,58658.4224
2026-09-16 05:15:00,1.2967,1.2972,1.2959,1.2971,54576.6,70755.16757
2026-09-16 05:16:00,1.2971,1.2974,1.2965,1.2973,44748.6,58028.33674
2026-09-16 05:17:00,1.2972,1.2982,1.2972,1.2976,20773.2,26958.87896
2026-09-16 05:18:00,1.2975,1.2986,1.2968,1.2974,142335.3,184686.99651
2026-09-16 05:19:00,1.2974,1.2978,1.2973,1.2975,24433.9,31703.64483
2026-09-16 05:20:00,1.2975,1.298,1.2966,1.297,77748.3,100856.54901
2026-09-16 05:21:00,1.297,1.3002,1.2969,1.2997,62289.2,80882.65922
2026-09-16 05:22:00,1.2997,1.3,1.2968,1.2977,42131.0,54710.07756
2026-09-16 05:23:00,1.2976,1.2991,1.2974,1.2989,46368.3,60187.36305
2026-09-16 05:24:00,1.2989,1.2998,1.2989,1.2996,34572.3,44922.07558
2026-09-16 05:25:00,1.2996,1.3005,1.2996,1.3002,34406.4,44728.22825
2026-09-16 05:26:00,1.3001,1.3007,1.2989,1.2997,85546.0,111215.72077
2026-09-16 05:27:00,1.2996,1.2996,1.2984,1.2986,39810.7,51715.07769
2026-09-16 05:28:00,1.2985,1.2986,1.2976,1.298,28371.7,36823.61696
2026-09-16 05:29:00,1.298,1.2992,1.2979,1.2992,91189.5,118416.42551
2026-09-16 05:30:00,1.2992,1.3,1.2979,1.2983,39974.1,51926.01991
2026-09-16 05:31:00,1.2984,1.2986,1.2977,1.2983,35975.6,46696.47624
2026-09-16 05:32:00,1.2982,1.2983,1.2972,1.2978,36690.2,47614.60008
2026-09-16 05:33:00,1.2978,1.2988,1.2978,1.2985,34844.3,45237.7031
2026-09-16 05:34:00,1.2986,1.2989,1.2977,1.2977,36014.4,46755.20943
2026-09-16 05:35:00,1.2977,1.2988,1.2977,1.2988,29996.8,38939.27688
2026-09-16 05:36:00,1.2987,1.2997,1.2979,1.298,189222.1,245755.72985
2026-09-16 05:37:00,1.298,1.2987,1.2974,1.2976,74471.2,96663.48992
2026-09-16 05:38:00,1.2977,1.2985,1.2976,1.2984,17425.6,22618.41848
2026-09-16 05:39:00,1.2983,1.2987,1.298,1.298,36825.7,47813.28742
2026-09-16 05:40:00,1.298,1.2983,1.2979,1.2982,55692.8,72294.93347
2026-09-16 05:41:00,1.2982,1.2987,1.2977,1.2977,59101.5,76713.48941
2026-09-16 05:42:00,1.2977,1.2977,1.297,1.297,32972.2,42772.78181
2026-09-16 05:43:00,1.297,1.3,1.2966,1.2982,239839.3,311465.79532
2026-09-16 05:44:00,1.2983,1.2987,1.2979,1.2981,58277.2,75662.43913
2026-09-16 05:45:00,1.2982,1.2982,1.2972,1.2976,47892.9,62150.43674
2026-09-16 05:46:00,1.2976,1.298,1.2975,1.298,64235.0,83358.61916
2026-09-16 05:47:00,1.298,1.298,1.2968,1.2969,30727.5,39865.84656
2026-09-16 05:48:00,1.2968,1.297,1.2951,1.2956,135058.4,175037.93858
2026-09-16 05:49:00,1.2957,1.2959,1.2941,1.2947,243214.2,314965.49442
2026-09-16 05:50:00,1.2947,1.2948,1.2941,1.2942,82439.5,106711.80525
2026-09-16 05:51:00,1.2941,1.2941,1.2934,1.2936,101129.1,130838.13967
2026-09-16 05:52:00,1.2937,1.2937,1.2926,1.2931,55265.1,71464.62433
2026-09-16 05:53:00,1.2932,1.2935,1.2931,1.2935,27937.4,36131.78408
2026-09-16 05:54:00,1.2934,1.2935,1.2923,1.2928,89144.5,115245.47557
2026-09-16 05:55:00,1.2928,1.2939,1.2924,1.2925,125442.9,162213.34501
2026-09-16 05:56:00,1.2925,1.2962,1.2925,1.2955,254727.7,329731.10233
2026-09-16 05:57:00,1.2956,1.2973,1.2956,1.2965,146718.4,190240.93455
2026-09-16 05:58:00,1.2965,1.2981,1.2964,1.2969,75069.4,97386.98623
2026-09-16 05:59:00,1.2969,1.2974,1.296,1.2967,41921.0,54362.00725
2026-09-16 06:00:00,1.2967,1.299,1.2967,1.299,91194.6,118334.13919
2026-09-16 06:01:00,1.299,1.2997,1.2987,1.2993,87981.3,114295.8393
2026-09-16 06:02:00,1.2994,1.2996,1.2982,1.2988,71555.8,92942.47479
2026-09-16 06:03:00,1.2988,1.299,1.2974,1.2974,28265.4,36701.06673
2026-09-16 06:04:00,1.2975,1.2982,1.2952,1.2956,311064.7,403372.14509
2026-09-16 06:05:00,1.2956,1.2961,1.2952,1.2959,74339.7,96311.48534
2026-09-16 06:06:00,1.2959,1.296,1.2953,1.296,29972.3,38831.24571
2026-09-16 06:07:00,1.296,1.296,1.2953,1.2954,36131.1,46811.88492
2026-09-16 06:08:00,1.2954,1.2964,1.295,1.2952,40119.2,51981.18311
2026-09-16 06:09:00,1.2952,1.2953,1.2947,1.2952,43129.8,55852.51801
2026-09-16 06:10:00,1.2951,1.2952,1.2947,1.295,16213.8,20994.88144
2026-09-16 06:11:00,1.295,1.2951,1.2942,1.2951,49247.8,63759.85209
2026-09-16 06:12:00,1.2951,1.2963,1.2951,1.2963,47432.1,61452.39542
2026-09-16 06:13:00,1.2963,1.2973,1.2963,1.2969,81853.2,106156.51549
2026-09-16 06:14:00,1.2969,1.2971,1.2961,1.2962,48630.7,63059.35535
2026-09-16 06:15:00,1.2963,1.2963,1.2953,1.2954,24982.5,32372.13676
2026-09-16 06:16:00,1.2953,1.2968,1.2953,1.2967,47430.7,61466.34294
2026-09-16 06:17:00,1.2968,1.2978,1.2967,1.297,40229.9,52188.53831
2026-09-16 06:18:00,1.2969,1.2979,1.2966,1.2977,82756.0,107356.44523
2026-09-16 06:19:00,1.2976,1.2983,1.2974,1.2981,71710.5,93064.45238
2026-09-16 06:20:00,1.2981,1.2987,1.2981,1.2986,67826.7,88063.25222
2026-09-16 06:21:00,1.2987,1.2987,1.2974,1.2975,33209.7,43107.91342
2026-09-16 06:22:00,1.2974,1.2975,1.2966,1.2969,37309.1,48396.19699
2026-09-16 06:23:00,1.297,1.297,1.2967,1.297,14445.9,18733.5813
2026-09-16 06:24:00,1.297,1.297,1.2963,1.2963,27226.4,35302.10794
2026-09-16 06:25:00,1.2963,1.2965,1.2962,1.2965,19725.0,25569.797
2026-09-16 06:26:00,1.2965,1.2969,1.2964,1.2969,26943.9,34937.37773
2026-09-16 06:27:00,1.2969,1.2969,1.2952,1.2953,40240.8,52166.71578
2026-09-16 06:28:00,1.2953,1.2959,1.2953,1.2959,20919.5,27102.60141
2026-09-16 06:29:00,1.2958,1.2959,1.2953,1.2956,48540.2,62888.47945
2026-09-16 06:30:00,1.2955,1.2956,1.2946,1.2946,73863.3,95665.64956
2026-09-16 06:31:00,1.2945,1.2947,1.2936,1.2936,235580.1,304927.95872
2026-09-16 06:32:00,1.2936,1.2942,1.2935,1.2937,40277.1,52112.11845
2026-09-16 06:33:00,1.2938,1.2945,1.2933,1.2945,41657.6,53898.24598
2026-09-16 06:34:00,1.2944,1.2944,1.2931,1.2934,76725.5,99257.44278
2026-09-16 06:35:00,1.2934,1.2934,1.2929,1.2931,85826.5,110980.02543
2026-09-16 06:36:00,1.293,1.2933,1.2926,1.2926,98256.9,127048.71246
2026-09-16 06:37:00,1.2925,1.2926,1.2867,1.2902,739986.7,954676.69734
2026-09-16 06:38:00,1.2903,1.2907,1.2902,1.2906,44004.7,56782.90296
2026-09-16 06:39:00,1.2905,1.2917,1.2903,1.2915,58182.7,75119.88619
2026-09-16 06:40:00,1.2915,1.2921,1.2912,1.2916,48622.1,62797.58373
2026-09-16 06:41:00,1.2917,1.2922,1.2917,1.2921,37301.9,48194.65068
2026-09-16 06:42:00,1.292,1.2929,1.2918,1.2929,77854.1,100618.66276
2026-09-16 06:43:00,1.2928,1.2935,1.2928,1.2935,81481.2,105376.88086
2026-09-16 06:44:00,1.2935,1.2943,1.2934,1.2939,76301.3,98720.40738
2026-09-16 06:45:00,1.2938,1.2942,1.2938,1.2939,47719.6,61747.53984
2026-09-16 06:46:00,1.2938,1.2939,1.2937,1.2938,20928.6,27077.45971
2026-09-16 06:47:00,1.2938,1.2954,1.2937,1.2954,102005.4,132045.45456
2026-09-16 06:48:00,1.2953,1.2954,1.2939,1.2947,82745.9,107116.82776
2026-09-16 06:49:00,1.2947,1.295,1.2944,1.2944,29665.5,38411.70869
2026-09-16 06:50:00,1.2944,1.2949,1.294,1.2941,47315.9,61252.29771
2026-09-16 06:51:00,1.2941,1.2949,1.2938,1.2941,40313.1,52178.23151
2026-09-16 06:52:00,1.2942,1.2945,1.2937,1.2937,34119.1,44157.26849
2026-09-16 06:53:00,1.2938,1.2943,1.2937,1.2942,14706.8,19029.63076
2026-09-16 06:54:00,1.2943,1.2948,1.2942,1.2948,16109.3,20853.90409
2026-09-16 06:55:00,1.2948,1.2955,1.2947,1.2954,43699.8,56591.50129
2026-09-16 06:56:00,1.2955,1.2955,1.2947,1.2947,35289.5,45706.55001
2026-09-16 06:57:00,1.2947,1.295,1.2947,1.2949,24325.4,31497.02151
2026-09-16 06:58:00,1.295,1.297,1.2949,1.2963,262858.6,340699.97279
2026-09-16 06:59:00,1.2964,1.2981,1.2963,1.2977,155086.9,201167.23242
2026-09-16 07:00:00,1.2978,1.2985,1.2972,1.2983,89926.5,116713.77947
2026-09-16 07:01:00,1.2983,1.2999,1.2983,1.2996,52678.3,68439.39479
2026-09-16 07:02:00,1.2996,1.3,1.2995,1.3,34368.1,44667.97793
2026-09-16 07:03:00,1.3,1.3016,1.2989,1.2997,321595.6,418139.34319
2026-09-16 07:04:00,1.2996,1.3012,1.2975,1.2986,327703.6,425811.58369
2026-09-16 07:05:00,1.2987,1.2999,1.298,1.2997,64025.9,83150.37839
2026-09-16 07:06:00,1.2996,1.2996,1.2966,1.2971,36677.2,47582.03829
2026-09-16 07:07:00,1.2971,1.2981,1.2963,1.2974,189360.6,245693.18719
2026-09-16 07:08:00,1.2974,1.2975,1.2951,1.2955,181150.1,234783.75213
2026-09-16 07:09:00,1.2956,1.2958,1.2939,1.2941,101288.0,131170.44319
2026-09-16 07:10:00,1.294,1.2941,1.2917,1.293,366189.7,473524.92073
2026-09-16 07:11:00,1.293,1.2933,1.292,1.2929,201420.9,260353.71877
2026-09-16 07:12:00,1.2929,1.2931,1.2922,1.2928,32986.3,42638.23335
2026-09-16 07:13:00,1.2927,1.2933,1.2923,1.2926,88087.8,113871.07273
2026-09-16 07:14:00,1.2926,1.2946,1.2922,1.2945,121930.4,157621.01008
2026-09-16 07:15:00,1.2946,1.296,1.2945,1.2956,72493.7,93921.01733
2026-09-16 07:16:00,1.2955,1.296,1.2929,1.2936,303153.7,392444.31449
2026-09-16 07:17:00,1.2936,1.2941,1.2928,1.293,184852.6,239080.85368
2026-09-16 07:18:00,1.293,1.2931,1.2923,1.293,50187.7,64881.09611
2026-09-16 07:19:00,1.2929,1.2929,1.2923,1.2926,42344.7,54733.06107
2026-09-16 07:20:00,1.2927,1.2929,1.2922,1.2927,38747.9,50080.63887
2026-09-16 07:21:00,1.2927,1.2931,1.2923,1.2923,30237.8,39090.43995
2026-09-16 07:22:00,1.2923,1.2924,1.2914,1.2922,62148.3,80288.81347
2026-09-16 07:23:00,1.2921,1.2921,1.2909,1.2909,28518.5,36834.9711
2026-09-16 07:24:00,1.2909,1.2939,1.2907,1.2925,414963.3,536337.00736
2026-09-16 07:25:00,1.2925,1.2936,1.2921,1.2927,46708.0,60389.61576
2026-09-16 07:26:00,1.2927,1.293,1.2925,1.2927,30981.2,40051.53332
2026-09-16 07:27:00,1.2928,1.2928,1.2916,1.2918,138370.4,178810.8162
2026-09-16 07:28:00,1.2918,1.2919,1.2906,1.2909,57885.5,74733.08113
2026-09-16 07:29:00,1.2909,1.291,1.2902,1.2906,78280.9,101024.19484
2026-09-16 07:30:00,1.2907,1.291,1.2901,1.2905,82782.9,106832.49224
2026-09-16 07:31:00,1.2905,1.2914,1.2894,1.2898,122780.6,158427.05436
2026-09-16 07:32:00,1.2899,1.2914,1.2899,1.2907,62946.9,81263.24755
2026-09-16 07:33:00,1.2906,1.2907,1.2898,1.2905,56646.6,73090.68834
2026-09-16 07:34:00,1.2904,1.291,1.2904,1.2905,47870.0,61784.49966
2026-09-16 07:35:00,1.2905,1.2908,1.2902,1.2903,24546.1,31673.36987
2026-09-16 07:36:00,1.2902,1.2903,1.2899,1.2902,31923.8,41186.51483
2026-09-16 07:37:00,1.2903,1.2904,1.2889,1.2891,85234.8,109917.35732
2026-09-16 07:38:00,1.2892,1.2899,1.2892,1.2895,89900.8,115919.26726
2026-09-16 07:39:00,1.2895,1.2902,1.2891,1.2902,123710.8,159548.18762
2026-09-16 07:40:00,1.2902,1.2908,1.29,1.2908,98270.1,126798.8509
2026-09-16 07:41:00,1.2907,1.2908,1.29,1.2901,71379.1,92103.94751
2026-09-16 07:42:00,1.2901,1.2902,1.2896,1.2897,49549.9,63916.83484
2026-09-16 07:43:00,1.2897,1.2897,1.288,1.2884,88841.4,114466.17998
2026-09-16 07:44:00,1.2883,1.2886,1.2882,1.2885,79410.0,102313.42882
2026-09-16 07:45:00,1.2884,1.2892,1.2881,1.2891,110089.9,141870.4289
2026-09-16 07:46:00,1.289,1.2893,1.2888,1.2892,42922.8,55330.51752
2026-09-16 07:47:00,1.2892,1.2899,1.2891,1.2895,60766.3,78363.29128
2026-09-16 07:48:00,1.2896,1.2896,1.2881,1.2881,31385.5,40448.65146
2026-09-16 07:49:00,1.288,1.288,1.2861,1.2877,210259.3,270581.85332
2026-09-16 07:50:00,1.2876,1.2877,1.2866,1.2866,61795.0,79531.10008
2026-09-16 07:51:00,1.2865,1.2871,1.2865,1.2871,24794.6,31906.13897
2026-09-16 07:52:00,1.287,1.2871,1.2861,1.2862,50693.7,65216.52866
2026-09-16 07:53:00,1.2862,1.2865,1.286,1.2861,15935.9,20496.26114
2026-09-16 07:54:00,1.2862,1.2863,1.2858,1.2861,25204.9,32414.73846
2026-09-16 07:55:00,1.2861,1.2869,1.2861,1.2865,54077.9,69574.00454
2026-09-16 07:56:00,1.2865,1.2869,1.2855,1.2857,56724.9,72957.1082
2026-09-16 07:57:00,1.2857,1.2858,1.2844,1.2854,123760.2,159040.05698
2026-09-16 07:58:00,1.2855,1.2857,1.2852,1.2855,46765.4,60117.8523
2026-09-16 07:59:00,1.2854,1.2856,1.2851,1.2853,51487.2,66180.7165
2026-09-16 08:00:00,1.2852,1.2855,1.2848,1.2849,84508.2,108596.73472
2026-09-16 08:01:00,1.2848,1.2852,1.2846,1.2852,156313.0,200850.41569
2026-09-16 08:02:00,1.2853,1.2855,1.2848,1.2848,68029.4,87431.80991
2026-09-16 08:03:00,1.2849,1.2849,1.282,1.2834,298737.2,383380.8481
2026-09-16 08:04:00,1.2834,1.2834,1.2822,1.2827,103195.7,132353.9081
2026-09-16 08:05:00,1.2827,1.2834,1.2821,1.2833,121462.8,155825.71293
2026-09-16 08:06:00,1.2833,1.2834,1.282,1.2833,67973.0,87181.77716
2026-09-16 08:07:00,1.2833,1.2833,1.2815,1.2817,118317.2,151728.89581
2026-09-16 08:08:00,1.2816,1.2819,1.2812,1.2819,81029.1,103840.35047
2026-09-16 08:09:00,1.2818,1.284,1.2802,1.2832,341252.2,437836.13591
2026-09-16 08:10:00,1.2833,1.2837,1.2827,1.2827,90044.5,115554.36205
2026-09-16 08:11:00,1.2828,1.2833,1.2827,1.2832,89784.0,115189.05367
2026-09-16 08:12:00,1.2832,1.2836,1.2832,1.2835,79606.0,102163.52039
2026-09-16 08:13:00,1.2835,1.2836,1.2801,1.2821,240257.4,308019.48105
2026-09-16 08:14:00,1.282,1.2826,1.2816,1.2825,96731.9,124031.68094
2026-09-16 08:15:00,1.2825,1.2837,1.2823,1.2836,94583.4,121376.90818
2026-09-16 08:16:00,1.2835,1.2845,1.2835,1.2844,112077.4,143907.64784
2026-09-16 08:17:00,1.2844,1.2849,1.282,1.2841,454984.2,584036.17146
2026-09-16 08:18:00,1.2841,1.2841,1.2818,1.2819,63312.1,81210.05802
2026-09-16 08:19:00,1.2818,1.2834,1.2802,1.2815,415402.1,532460.72128
2026-09-16 08:20:00,1.2815,1.2819,1.2803,1.2803,88229.5,113021.9231
2026-09-16 08:21:00,1.2803,1.282,1.28,1.2808,429073.9,549329.39877
2026-09-16 08:22:00,1.2808,1.2816,1.2804,1.2813,63043.2,80750.33922
2026-09-16 08:23:00,1.2813,1.2813,1.2791,1.2792,265453.9,339790.94414
2026-09-16 08:24:00,1.2792,1.2794,1.2778,1.2784,124073.4,158615.26182
2026-09-16 08:25:00,1.2784,1.2808,1.276,1.2801,673055.7,860856.85787
2026-09-16 08:26:00,1.2802,1.2802,1.2779,1.2782,97850.0,125138.20036
2026-09-16 08:27:00,1.2783,1.2794,1.2783,1.2784,32742.7,41866.20912
2026-09-16 08:28:00,1.2785,1.2789,1.2781,1.2787,30643.8,39177.80602
2026-09-16 08:29:00,1.2787,1.2788,1.2773,1.2777,129152.9,165051.11503
2026-09-16 08:30:00,1.2776,1.2784,1.2772,1.2783,66759.2,85289.52442
2026-09-16 08:31:00,1.2783,1.2786,1.2774,1.2783,89991.6,115016.74859
2026-09-16 08:32:00,1.2784,1.2786,1.2776,1.2784,45112.0,57659.79559
2026-09-16 08:33:00,1.2784,1.2789,1.2779,1.278,35396.7,45248.67434
2026-09-16 08:34:00,1.2781,1.2788,1.2778,1.2783,32224.2,41192.17615
2026-09-16 08:35:00,1.2784,1.2788,1.278,1.2786,84823.5,108444.21424
2026-09-16 08:36:00,1.2785,1.2796,1.2782,1.2796,117839.2,150730.15523
2026-09-16 08:37:00,1.2796,1.2821,1.2795,1.2817,284816.8,364869.72865
2026-09-16 08:38:00,1.2817,1.2825,1.2817,1.282,99119.7,127075.01432
2026-09-16 08:39:00,1.2819,1.282,1.2799,1.2799,78516.5,100603.44568
2026-09-16 08:40:00,1.2799,1.2802,1.2795,1.2796,43029.7,55072.36738
2026-09-16 08:41:00,1.2796,1.2799,1.279,1.2797,45915.5,58749.73407
2026-09-16 08:42:00,1.2796,1.2797,1.279,1.2795,33765.6,43196.40229
2026-09-16 08:43:00,1.2795,1.2813,1.2795,1.2805,65328.5,83658.92045
2026-09-16 08:44:00,1.2805,1.2812,1.2805,1.2809,37263.8,47731.89089
2026-09-16 08:45:00,1.2808,1.2809,1.2805,1.2806,31569.0,40428.43162
2026-09-16 08:46:00,1.2807,1.2812,1.2806,1.281,10743.0,13760.96636
2026-09-16 08:47:00,1.281,1.2812,1.2805,1.2807,30220.5,38706.69541
2026-09-16 08:48:00,1.2807,1.2807,1.2803,1.2805,58820.6,75322.33086
2026-09-16 08:49:00,1.2805,1.2814,1.2805,1.2807,39001.9,49961.07357
2026-09-16 08:50:00,1.2806,1.2809,1.28,1.2803,79283.7,101516.38177
2026-09-16 08:51:00,1.2804,1.2804,1.28,1.28,19180.6,24554.90917
2026-09-16 08:52:00,1.2801,1.2804,1.28,1.2804,37432.9,47920.89721
2026-09-16 08:53:00,1.2805,1.2813,1.2804,1.2812,12145.7,15557.47846
2026-09-16 08:54:00,1.2812,1.282,1.2809,1.2819,30601.5,39208.26098
2026-09-16 08:55:00,1.282,1.2826,1.2818,1.2825,46444.4,59548.15665
2026-09-16 08:56:00,1.2825,1.2848,1.2825,1.2834,34633.3,44464.13786
2026-09-16 08:57:00,1.2834,1.2845,1.2833,1.2843,34882.3,44792.59756
2026-09-16 08:58:00,1.2843,1.2844,1.2839,1.2843,18868.3,24227.8305
2026-09-16 08:59:00,1.2843,1.285,1.2843,1.2849,38900.4,49970.5163
2026-09-16 09:00:00,1.2849,1.286,1.2847,1.286,35528.8,45662.09155
2026-09-16 09:01:00,1.286,1.2862,1.2857,1.2858,57608.2,74086.7237
2026-09-16 09:02:00,1.2859,1.2866,1.2858,1.2865,22427.5,28843.83723
2026-09-16 09:03:00,1.2866,1.2879,1.2866,1.2878,69225.6,89100.37642
2026-09-16 09:04:00,1.2878,1.2891,1.287,1.289,110420.7,142197.70757
2026-09-16 09:05:00,1.2891,1.2892,1.2882,1.2883,93373.2,120333.13506
2026-09-16 09:06:00,1.2883,1.2884,1.2859,1.287,228812.2,294512.39654
2026-09-16 09:07:00,1.2869,1.287,1.2857,1.2861,52708.9,67798.12425
2026-09-16 09:08:00,1.286,1.2861,1.2853,1.2854,12632.5,16239.90928
2026-09-16 09:09:00,1.2853,1.287,1.2853,1.2869,23982.3,30834.10763
2026-09-16 09:10:00,1.2868,1.2871,1.2857,1.2862,91369.7,117516.91711
2026-09-16 09:11:00,1.2862,1.2866,1.2861,1.2865,22274.5,28653.06358
2026-09-16 09:12:00,1.2866,1.2871,1.2842,1.2857,451411.5,580373.73059
2026-09-16 09:13:00,1.2857,1.2857,1.2846,1.2847,101639.8,130623.1274
2026-09-16 09:14:00,1.2846,1.2853,1.2846,1.2846,63164.0,81163.75324
2026-09-16 09:15:00,1.2846,1.2861,1.2845,1.2856,135598.2,174287.5806
2026-09-16 09:16:00,1.2857,1.2863,1.2846,1.2846,20737.5,26662.82908
2026-09-16 09:17:00,1.2846,1.2853,1.2831,1.2851,199436.1,256126.83513
2026-09-16 09:18:00,1.2852,1.2859,1.2852,1.2856,42104.9,54131.78748
2026-09-16 09:19:00,1.2856,1.2859,1.2851,1.2858,19188.5,24667.64043
2026-09-16 09:20:00,1.2857,1.2871,1.2857,1.2871,40594.2,52229.22354
2026-09-16 09:21:00,1.287,1.2872,1.2866,1.287,56940.5,73282.50528
2026-09-16 09:22:00,1.2869,1.288,1.2869,1.2877,69055.1,88927.4587
2026-09-16 09:23:00,1.2877,1.2887,1.2876,1.2887,30275.6,38996.6854
2026-09-16 09:24:00,1.2887,1.2892,1.2887,1.2892,29345.0,37826.56868
2026-09-16 09:25:00,1.2892,1.2896,1.2861,1.2875,460365.0,592767.73316
2026-09-16 09:26:00,1.2874,1.2883,1.287,1.287,45393.7,58454.05844
2026-09-16 09:27:00,1.2869,1.2874,1.286,1.287,47613.4,61263.40252
2026-09-16 09:28:00,1.287,1.287,1.2865,1.287,10111.0,13010.48442
2026-09-16 09:29:00,1.2871,1.2871,1.2864,1.2866,39139.1,50359.25783
2026-09-16 09:30:00,1.2866,1.2869,1.2866,1.2867,10068.2,12954.88431
2026-09-16 09:31:00,1.2867,1.2875,1.2864,1.2869,187780.3,241678.05126
2026-09-16 09:32:00,1.287,1.2887,1.2869,1.2885,25444.4,32777.83946
2026-09-16 09:33:00,1.2886,1.2886,1.288,1.2884,10641.9,13710.20994
2026-09-16 09:34:00,1.2885,1.2886,1.2876,1.2877,37542.1,48353.00051
2026-09-16 09:35:00,1.2877,1.2881,1.2875,1.2879,13832.1,17811.98958
2026-09-16 09:36:00,1.2878,1.2895,1.2878,1.2894,46518.2,59949.44946
2026-09-16 09:37:00,1.2894,1.2902,1.2892,1.2896,24371.2,31432.41666
2026-09-16 09:38:00,1.2896,1.2897,1.2889,1.2889,28199.3,36361.56827
2026-09-16 09:39:00,1.2888,1.2894,1.2887,1.2893,24260.7,31278.0411
2026-09-16 09:40:00,1.2893,1.29,1.2893,1.2896,49522.6,63864.56055
2026-09-16 09:41:00,1.2896,1.29,1.2894,1.2894,48127.6,62070.34803
2026-09-16 09:42:00,1.2894,1.2895,1.289,1.2891,10956.9,14126.0446
2026-09-16 09:43:00,1.2892,1.2893,1.2891,1.2893,3154.5,4066.70145
2026-09-16 09:44:00,1.2893,1.2896,1.2892,1.2894,50321.9,64884.54248
2026-09-16 09:45:00,1.2894,1.2894,1.2882,1.2886,21553.1,27780.69807
2026-09-16 09:46:00,1.2885,1.2886,1.2879,1.2882,22614.3,29133.04173
2026-09-16 09:47:00,1.2882,1.2888,1.2882,1.2885,17305.9,22299.61098
2026-09-16 09:48:00,1.2886,1.2908,1.2885,1.2903,77676.8,100214.61299
2026-09-16 09:49:00,1.2903,1.2907,1.29,1.29,33886.1,43725.97312
2026-09-16 09:50:00,1.29,1.2907,1.29,1.2904,39174.3,50550.41971
2026-09-16 09:51:00,1.2905,1.291,1.2902,1.291,64866.1,83714.6593
2026-09-16 09:52:00,1.2909,1.2918,1.2909,1.2915,24151.2,31190.81704
2026-09-16 09:53:00,1.2916,1.2917,1.2908,1.2908,37562.8,48512.94364
2026-09-16 09:54:00,1.2908,1.2915,1.2908,1.2914,8240.6,10641.51314
2026-09-16 09:55:00,1.2915,1.2937,1.2914,1.2917,174913.5,226101.9672
2026-09-16 09:56:00,1.2917,1.2928,1.2913,1.292,94182.7,121667.95064
2026-09-16 09:57:00,1.292,1.2921,1.2912,1.2916,49206.7,63557.86495
2026-09-16 09:58:00,1.2917,1.2922,1.2917,1.292,24450.3,31590.06624
2026-09-16 09:59:00,1.292,1.292,1.2912,1.2916,63063.5,81456.39956
2026-09-16 10:00:00,1.2916,1.2922,1.2915,1.292,46719.0,60347.79769
2026-09-16 10:01:00,1.2921,1.2928,1.2912,1.2915,134236.0,173398.32929
2026-09-16 10:02:00,1.2915,1.2917,1.291,1.2911,14932.2,19281.52156
2026-09-16 10:03:00,1.291,1.2917,1.291,1.2913,10177.3,13142.29121
2026-09-16 10:04:00,1.2914,1.2914,1.2898,1.2898,67761.0,87439.12241
2026-09-16 10:05:00,1.2899,1.2899,1.2882,1.2882,42216.3,54401.16448
2026-09-16 10:06:00,1.2882,1.2908,1.2882,1.2888,264157.7,340661.07685
2026-09-16 10:07:00,1.2888,1.2894,1.2888,1.2893,35600.5,45889.90659
2026-09-16 10:08:00,1.2894,1.2894,1.2884,1.2884,36011.1,46415.81189
2026-09-16 10:09:00,1.2885,1.2896,1.2885,1.289,89810.0,115764.9983
2026-09-16 10:10:00,1.289,1.2899,1.289,1.2893,43761.2,56425.91256
2026-09-16 10:11:00,1.2894,1.2894,1.287,1.2882,434936.4,560133.69079
2026-09-16 10:12:00,1.2883,1.2886,1.2874,1.2875,16903.1,21768.66781
2026-09-16 10:13:00,1.2876,1.2879,1.2866,1.2867,155094.6,199691.26368
2026-09-16 10:14:00,1.2866,1.2867,1.2862,1.2866,34880.1,44868.97004
2026-09-16 10:15:00,1.2866,1.2867,1.2861,1.2862,34825.4,44801.21623
2026-09-16 10:16:00,1.2861,1.2863,1.2859,1.2863,18051.7,23214.36701
2026-09-16 10:17:00,1.2863,1.2886,1.286,1.2886,326802.8,420797.10292
2026-09-16 10:18:00,1.2885,1.2889,1.2885,1.2886,79058.4,101877.55987
2026-09-16 10:19:00,1.2886,1.2896,1.2885,1.2896,19419.9,25027.82338
2026-09-16 10:20:00,1.2897,1.2902,1.2893,1.2895,47801.6,61653.87429
2026-09-16 10:21:00,1.2896,1.2899,1.2893,1.2898,17865.0,23038.23677
2026-09-16 10:22:00,1.2899,1.2899,1.2878,1.2882,148953.3,191902.63188
2026-09-16 10:23:00,1.2882,1.2882,1.2871,1.2875,38456.2,49517.45505
2026-09-16 10:24:00,1.2876,1.2876,1.287,1.2876,20816.0,26795.92962
2026-09-16 10:25:00,1.2875,1.2875,1.2873,1.2875,10175.2,13099.78674
2026-09-16 10:26:00,1.2874,1.289,1.2873,1.2884,139800.9,180121.81563
2026-09-16 10:27:00,1.2884,1.2886,1.2879,1.2881,12938.5,16668.27664
2026-09-16 10:28:00,1.2882,1.2882,1.2879,1.2881,11821.4,15226.97491
2026-09-16 10:29:00,1.2881,1.289,1.2879,1.2889,34501.9,44449.70547
2026-09-16 10:30:00,1.289,1.2897,1.2889,1.2895,24515.5,31610.95218
2026-09-16 10:31:00,1.2895,1.2895,1.2889,1.2894,11337.2,14614.57843
2026-09-16 10:32:00,1.2894,1.2894,1.2886,1.2886,4326.8,5576.31962
2026-09-16 10:33:00,1.2887,1.289,1.2886,1.2889,14806.7,19083.59448
2026-09-16 10:34:00,1.2889,1.2904,1.2889,1.2894,143879.8,185578.94241
2026-09-16 10:35:00,1.2894,1.2895,1.2887,1.2891,34507.4,44478.52755
2026-09-16 10:36:00,1.2891,1.2897,1.2889,1.2894,7162.8,9234.97847
2026-09-16 10:37:00,1.2895,1.2899,1.2892,1.2893,20403.2,26309.65485
2026-09-16 10:38:00,1.2894,1.2898,1.2892,1.2896,76090.7,98125.46883
2026-09-16 10:39:00,1.2896,1.29,1.2891,1.29,10288.9,13268.5219
2026-09-16 10:40:00,1.2899,1.2903,1.2899,1.2902,9719.2,12539.13226
2026-09-16 10:41:00,1.2901,1.2905,1.2901,1.2904,21937.9,28306.98558
2026-09-16 10:42:00,1.2904,1.2911,1.2903,1.2911,82599.5,106607.90434
2026-09-16 10:43:00,1.291,1.2913,1.291,1.2912,21134.4,27289.67833
2026-09-16 10:44:00,1.2912,1.2915,1.2905,1.291,125997.9,162681.51048
2026-09-16 10:45:00,1.291,1.2912,1.2906,1.2911,8189.1,10570.86393
2026-09-16 10:46:00,1.2911,1.2912,1.2905,1.2905,54183.0,69946.77621
2026-09-16 10:47:00,1.2905,1.2909,1.2902,1.2902,8779.0,11329.59744
2026-09-16 10:48:00,1.2902,1.2905,1.2902,1.2905,11671.1,15060.71803
2026-09-16 10:49:00,1.2905,1.2907,1.2901,1.2901,36457.8,47045.20168
2026-09-16 10:50:00,1.2902,1.2902,1.2901,1.2902,4905.2,6328.48337
2026-09-16 10:51:00,1.2901,1.2902,1.2891,1.2892,43886.1,56592.55978
2026-09-16 10:52:00,1.2892,1.2892,1.2888,1.289,16123.8,20781.60663
2026-09-16 10:53:00,1.289,1.2891,1.2888,1.2888,30854.4,39769.26712
2026-09-16 10:54:00,1.2887,1.2888,1.2884,1.2884,23901.5,30801.73109
2026-09-16 10:55:00,1.2885,1.2885,1.2884,1.2884,11161.6,14380.88019
2026-09-16 10:56:00,1.2884,1.2885,1.288,1.2881,7376.2,9502.3208
2026-09-16 10:57:00,1.2881,1.2882,1.288,1.2882,11981.0,15432.99913
2026-09-16 10:58:00,1.2881,1.2884,1.288,1.2884,49048.2,63184.52858
2026-09-16 10:59:00,1.2883,1.2896,1.2882,1.2895,74023.5,95408.48908
2026-09-16 11:00:00,1.2895,1.2919,1.2889,1.2916,95983.5,123846.64435
2026-09-16 11:01:00,1.2917,1.2917,1.2878,1.2878,65364.9,84286.43438
2026-09-16 11:02:00,1.2878,1.2895,1.2877,1.2891,119625.3,154179.3676
2026-09-16 11:03:00,1.2891,1.2908,1.289,1.2908,22336.0,28814.49193
2026-09-16 11:04:00,1.2909,1.2909,1.2901,1.2901,19713.1,25438.64587
2026-09-16 11:05:00,1.2901,1.2902,1.2898,1.2901,7607.3,9813.74378
2026-09-16 11:06:00,1.29,1.2901,1.2897,1.29,16072.8,20732.14137
2026-09-16 11:07:00,1.2899,1.2899,1.2884,1.2886,28982.3,37351.51967
2026-09-16 11:08:00,1.2885,1.2886,1.2877,1.2877,24285.3,31281.38042
2026-09-16 11:09:00,1.2876,1.2885,1.2875,1.2881,30252.2,38959.76393
2026-09-16 11:10:00,1.288,1.2886,1.2879,1.2886,21366.0,27521.63498
2026-09-16 11:11:00,1.2885,1.2885,1.2882,1.2882,8029.9,10344.44734
2026-09-16 11:12:00,1.2883,1.2883,1.2875,1.2875,75448.5,97176.39578
2026-09-16 11:13:00,1.2874,1.2877,1.2872,1.2873,41848.1,53878.79452
2026-09-16 11:14:00,1.2872,1.2876,1.2868,1.2871,59538.6,76640.80128
2026-09-16 11:15:00,1.2871,1.2871,1.2863,1.2867,39233.5,50479.33341
2026-09-16 11:16:00,1.2867,1.2887,1.2866,1.288,201725.7,259834.90153
2026-09-16 11:17:00,1.288,1.2884,1.2875,1.2875,36199.5,46628.9295
2026-09-16 11:18:00,1.2875,1.2883,1.2875,1.2881,11283.2,14532.17182
2026-09-16 11:19:00,1.2881,1.289,1.288,1.2885,13844.1,17837.18918
2026-09-16 11:20:00,1.2884,1.2892,1.2884,1.289,30069.7,38752.56605
2026-09-16 11:21:00,1.289,1.2899,1.2882,1.2887,136227.6,175597.25162
2026-09-16 11:22:00,1.2886,1.2887,1.2867,1.288,248219.7,319625.77766
2026-09-16 11:23:00,1.288,1.288,1.2872,1.2875,15669.8,20179.51854
2026-09-16 11:24:00,1.2875,1.2879,1.2873,1.2874,35963.5,46301.36029
2026-09-16 11:25:00,1.2873,1.2888,1.2873,1.2885,39426.9,50795.06982
2026-09-16 11:26:00,1.2886,1.29,1.2884,1.2899,164657.4,212340.86326
2026-09-16 11:27:00,1.29,1.2904,1.2899,1.2903,27818.1,35887.12759
2026-09-16 11:28:00,1.2903,1.2904,1.2892,1.2894,51128.3,65937.50285
2026-09-16 11:29:00,1.2895,1.2897,1.2893,1.2894,42697.7,55060.23826
2026-09-16 11:30:00,1.2893,1.2895,1.2887,1.2892,20211.6,26051.34761
2026-09-16 11:31:00,1.2892,1.291,1.289,1.2907,52189.8,67334.26622
2026-09-16 11:32:00,1.2908,1.2919,1.2888,1.2898,88948.1,114767.40386
2026-09-16 11:33:00,1.2899,1.2904,1.2897,1.2903,23741.3,30631.02879
2026-09-16 11:34:00,1.2904,1.2908,1.2899,1.2907,12910.6,16658.80245
2026-09-16 11:35:00,1.2907,1.2913,1.2905,1.2913,18586.0,23992.00948
2026-09-16 11:36:00,1.2912,1.292,1.2912,1.292,84942.8,109724.9706
2026-09-16 11:37:00,1.292,1.293,1.291,1.291,169848.3,219476.06342
2026-09-16 11:38:00,1.2909,1.291,1.29,1.2905,161702.1,208703.60359
2026-09-16 11:39:00,1.2905,1.2911,1.2904,1.291,19480.2,25146.02281
2026-09-16 11:40:00,1.291,1.2928,1.2897,1.2913,284165.6,366993.20238
2026-09-16 11:41:00,1.2914,1.293,1.2914,1.2921,43102.3,55707.36035
2026-09-16 11:42:00,1.2921,1.2936,1.2918,1.2929,214926.0,277827.115
2026-09-16 11:43:00,1.293,1.2956,1.2924,1.2953,297462.5,384720.91298
2026-09-16 11:44:00,1.2953,1.2958,1.2946,1.2953,117427.4,152077.64863
2026-09-16 11:45:00,1.2953,1.2958,1.2937,1.2939,185134.8,239662.2822
2026-09-16 11:46:00,1.2939,1.2947,1.2933,1.2945,132630.4,171623.09024
2026-09-16 11:47:00,1.2946,1.2953,1.2945,1.2953,60180.2,77941.01145
2026-09-16 11:48:00,1.2953,1.2963,1.2947,1.2959,121148.8,156960.29623
2026-09-16 11:49:00,1.296,1.2969,1.2958,1.2969,176875.2,229285.99903
2026-09-16 11:50:00,1.2969,1.2985,1.2969,1.2978,202876.8,263317.99948
2026-09-16 11:51:00,1.2978,1.2982,1.2968,1.2975,112282.7,145662.39959
2026-09-16 11:52:00,1.2975,1.2976,1.2967,1.2971,132387.0,171738.34754
2026-09-16 11:53:00,1.2971,1.2981,1.2968,1.2975,114379.0,148381.53672
2026-09-16 11:54:00,1.2974,1.2974,1.2958,1.2963,91683.3,118842.89981
2026-09-16 11:55:00,1.2964,1.2972,1.2961,1.2966,37403.7,48507.26927
2026-09-16 11:56:00,1.2967,1.2968,1.2961,1.2963,120234.3,155887.54201
2026-09-16 11:57:00,1.2962,1.2966,1.2962,1.2963,33031.6,42818.2081
2026-09-16 11:58:00,1.2962,1.2963,1.2957,1.2961,82452.9,106866.86158
2026-09-16 11:59:00,1.2961,1.2972,1.2959,1.2961,45067.2,58433.41787
2026-09-16 12:00:00,1.2961,1.2964,1.2942,1.2945,76294.4,98833.15995
2026-09-16 12:01:00,1.2944,1.297,1.2943,1.2955,129041.1,167214.01829
2026-09-16 12:02:00,1.2954,1.2955,1.2941,1.2942,9217.6,11934.34257
2026-09-16 12:03:00,1.2941,1.2955,1.2941,1.2946,57575.9,74545.37753
2026-09-16 12:04:00,1.2947,1.2962,1.2946,1.2958,24511.8,31757.95572
2026-09-16 12:05:00,1.2959,1.2959,1.292,1.2929,417231.8,539588.98117
2026-09-16 12:06:00,1.2929,1.2935,1.2929,1.2931,78743.5,101834.94866
2026-09-16 12:07:00,1.293,1.2934,1.2925,1.2926,58645.8,75838.68642
2026-09-16 12:08:00,1.2926,1.2926,1.2918,1.2924,60440.9,78100.6638
2026-09-16 12:09:00,1.2923,1.2924,1.292,1.2922,67948.7,87803.8785
2026-09-16 12:10:00,1.2923,1.2924,1.291,1.2916,83443.1,107807.70815
2026-09-16 12:11:00,1.2915,1.2919,1.2906,1.2909,100155.5,129313.55024
2026-09-16 12:12:00,1.2908,1.291,1.2905,1.2907,33725.6,43529.7143
2026-09-16 12:13:00,1.2907,1.2907,1.2883,1.2892,264390.1,340859.70609
2026-09-16 12:14:00,1.2891,1.2891,1.2887,1.2888,20423.5,26324.02379
2026-09-16 12:15:00,1.2887,1.2898,1.2886,1.2897,101980.3,131444.17745
2026-09-16 12:16:00,1.2897,1.2903,1.2895,1.2901,48986.0,63189.57521
2026-09-16 12:17:00,1.2901,1.2918,1.29,1.2906,166121.6,214476.67727
2026-09-16 12:18:00,1.2906,1.2906,1.2891,1.2892,67704.7,87324.00438
2026-09-16 12:19:00,1.2892,1.2916,1.2892,1.2897,202470.4,261270.21687
2026-09-16 12:20:00,1.2896,1.2896,1.2886,1.2895,40515.8,52223.78843
2026-09-16 12:21:00,1.2896,1.2896,1.2888,1.2893,31039.8,40011.83266
2026-09-16 12:22:00,1.2892,1.2896,1.2892,1.2894,23693.7,30550.48302
2026-09-16 12:23:00,1.2895,1.2895,1.2883,1.2885,73083.5,94180.82821
2026-09-16 12:24:00,1.2884,1.2885,1.2869,1.2874,105980.9,136461.55188
2026-09-16 12:25:00,1.2873,1.288,1.2857,1.2858,110441.8,142101.54857
2026-09-16 12:26:00,1.2858,1.2859,1.2842,1.2843,61215.7,78664.96206
2026-09-16 12:27:00,1.2843,1.285,1.2835,1.2835,117800.2,151299.51414
2026-09-16 12:28:00,1.2834,1.2834,1.2817,1.2823,219818.8,281933.42687
2026-09-16 12:29:00,1.2823,1.2834,1.2819,1.2834,190663.5,244481.82295
2026-09-16 12:30:00,1.2834,1.2834,1.2803,1.2818,269123.2,344932.53846
2026-09-16 12:31:00,1.2819,1.2825,1.2805,1.281,82626.6,105891.62017
2026-09-16 12:32:00,1.2811,1.2811,1.2792,1.2804,171201.2,219127.92795
2026-09-16 12:33:00,1.2804,1.2839,1.2804,1.2839,128768.6,165174.97815
2026-09-16 12:34:00,1.2839,1.2842,1.2831,1.2841,82046.5,105319.65001
2026-09-16 12:35:00,1.2842,1.285,1.2839,1.2847,28761.4,36946.01408
2026-09-16 12:36:00,1.2847,1.2847,1.2825,1.2828,43250.4,55516.64204
2026-09-16 12:37:00,1.2829,1.2834,1.2828,1.2828,15283.6,19611.39241
2026-09-16 12:38:00,1.2829,1.2829,1.2816,1.2822,43863.0,56231.65958
2026-09-16 12:39:00,1.2823,1.2829,1.2813,1.2825,49839.2,63906.39709
2026-09-16 12:40:00,1.2826,1.2827,1.2818,1.2821,56235.1,72101.96576
2026-09-16 12:41:00,1.2821,1.2831,1.282,1.2831,13312.0,17077.24251
2026-09-16 12:42:00,1.283,1.2831,1.2825,1.2826,18669.3,23945.81257
2026-09-16 12:43:00,1.2825,1.2828,1.2824,1.2826,33333.1,42754.68487
2026-09-16 12:44:00,1.2826,1.2827,1.2816,1.2821,96133.1,123257.02214
2026-09-16 12:45:00,1.282,1.2828,1.2815,1.2828,31722.0,40666.35243
2026-09-16 12:46:00,1.2829,1.2844,1.2829,1.2843,17833.8,22892.59987
2026-09-16 12:47:00,1.2843,1.2844,1.2835,1.2836,79134.5,101591.48471
2026-09-16 12:48:00,1.2836,1.284,1.2833,1.284,21759.0,27928.60998
2026-09-16 12:49:00,1.284,1.2852,1.2839,1.2852,15637.8,20084.13121
2026-09-16 12:50:00,1.2851,1.2859,1.2846,1.2851,90061.1,115753.03432
2026-09-16 12:51:00,1.2851,1.2852,1.284,1.2845,72493.0,93139.43249
2026-09-16 12:52:00,1.2845,1.2845,1.2835,1.2836,23171.6,29749.32722
2026-09-16 12:53:00,1.2836,1.2845,1.2827,1.2828,52518.1,67434.70858
2026-09-16 12:54:00,1.2828,1.2831,1.2822,1.2822,17822.0,22862.49994
2026-09-16 12:55:00,1.2822,1.2822,1.2806,1.2818,58838.1,75384.3503
2026-09-16 12:56:00,1.2819,1.2839,1.2818,1.2838,21332.3,27370.45873
2026-09-16 12:57:00,1.2838,1.284,1.2833,1.2833,41803.8,53657.9815
2026-09-16 12:58:00,1.2834,1.2835,1.2826,1.2833,149636.6,191986.90435
2026-09-16 12:59:00,1.2833,1.2835,1.2817,1.283,284195.6,364462.27921
2026-09-16 13:00:00,1.2829,1.2834,1.282,1.2823,35959.7,46123.41895
2026-09-16 13:01:00,1.2823,1.2823,1.2805,1.2805,54566.0,69906.74268
2026-09-16 13:02:00,1.2805,1.2806,1.2784,1.2801,300998.0,385106.03784
2026-09-16 13:03:00,1.28,1.2801,1.2766,1.2778,351929.4,449888.22103
2026-09-16 13:04:00,1.2778,1.2788,1.2769,1.2788,79508.4,101564.81616
2026-09-16 13:05:00,1.2787,1.2804,1.2787,1.2795,42165.5,53958.75686
2026-09-16 13:06:00,1.2794,1.2794,1.2784,1.2784,23915.7,30587.60236
2026-09-16 13:07:00,1.2785,1.2785,1.2777,1.2779,44872.4,57350.93112
2026-09-16 13:08:00,1.2778,1.2778,1.277,1.2773,14981.6,19136.94435
2026-09-16 13:09:00,1.2773,1.2777,1.2765,1.2776,232809.3,297267.15457
2026-09-16 13:10:00,1.2776,1.2776,1.2721,1.2731,613969.3,782000.89638
2026-09-16 13:11:00,1.2731,1.2731,1.2721,1.2724,137718.0,175259.21759
2026-09-16 13:12:00,1.2723,1.2726,1.2708,1.2721,181201.6,230430.08602
2026-09-16 13:13:00,1.2722,1.2764,1.2722,1.2758,164241.4,209378.88117
2026-09-16 13:14:00,1.2758,1.2769,1.2756,1.2769,85113.2,108620.4135
2026-09-16 13:15:00,1.2768,1.2791,1.2757,1.2791,50780.0,64863.99028
2026-09-16 13:16:00,1.279,1.28,1.2778,1.2782,78602.6,100538.66963
2026-09-16 13:17:00,1.2782,1.2783,1.2773,1.2783,29999.7,38332.73278
2026-09-16 13:18:00,1.2783,1.2802,1.2777,1.2799,67193.0,85919.97229
2026-09-16 13:19:00,1.28,1.28,1.2765,1.2776,410513.6,524557.83394
2026-09-16 13:20:00,1.2776,1.2776,1.2759,1.2764,71346.1,91065.53801
2026-09-16 13:21:00,1.2765,1.2772,1.2757,1.2764,36186.3,46187.8933
2026-09-16 13:22:00,1.2764,1.2768,1.2759,1.276,29238.8,37315.38302
2026-09-16 13:23:00,1.2759,1.2759,1.2745,1.2748,117610.3,149957.9698
2026-09-16 13:24:00,1.2747,1.2752,1.2746,1.2748,59844.5,76292.50407
2026-09-16 13:25:00,1.2747,1.277,1.2739,1.2766,244610.4,312018.32011
2026-09-16 13:26:00,1.2766,1.2788,1.2765,1.2778,114887.4,146852.29339
2026-09-16 13:27:00,1.2777,1.2793,1.2777,1.2792,23012.8,29423.87596
2026-09-16 13:28:00,1.2792,1.2792,1.2776,1.2777,23385.3,29895.31686
2026-09-16 13:29:00,1.2776,1.2776,1.2768,1.2773,65919.9,84203.20594
2026-09-16 13:30:00,1.2774,1.2791,1.2765,1.2774,211957.4,270868.33431
2026-09-16 13:31:00,1.2774,1.279,1.2763,1.2786,160509.7,205068.0808
2026-09-16 13:32:00,1.2785,1.2798,1.2766,1.2784,455939.9,582786.96982
2026-09-16 13:33:00,1.2784,1.2802,1.2779,1.2784,109463.4,140058.7448
2026-09-16 13:34:00,1.2785,1.2804,1.2773,1.2773,371794.0,475431.32151
2026-09-16 13:35:00,1.2773,1.2782,1.2754,1.2755,233657.5,298325.40002
2026-09-16 13:36:00,1.2754,1.2754,1.2737,1.2739,129727.8,165329.86098
2026-09-16 13:37:00,1.2739,1.2743,1.273,1.2734,143803.6,183167.88222
2026-09-16 13:38:00,1.2733,1.2745,1.2726,1.2743,88114.0,112188.80938
2026-09-16 13:39:00,1.2743,1.2762,1.273,1.273,63959.6,81493.84247
2026-09-16 13:40:00,1.2729,1.2737,1.2726,1.2736,75363.2,95936.24282
2026-09-16 13:41:00,1.2736,1.2768,1.2734,1.2763,68238.7,87054.194
2026-09-16 13:42:00,1.2764,1.2765,1.2747,1.2757,38799.8,49485.55449
2026-09-16 13:43:00,1.2758,1.2768,1.2752,1.2768,61316.1,78231.14975
2026-09-16 13:44:00,1.2768,1.2788,1.2767,1.2778,83748.0,107015.81158
2026-09-16 13:45:00,1.2777,1.2785,1.2766,1.2776,184694.8,235961.37575
2026-09-16 13:46:00,1.2777,1.2779,1.2758,1.2772,130556.9,166697.30797
2026-09-16 13:47:00,1.2772,1.2827,1.2772,1.2826,117987.4,151097.52802
2026-09-16 13:48:00,1.2826,1.2827,1.2798,1.2798,54702.2,70075.37345
2026-09-16 13:49:00,1.2797,1.2804,1.2779,1.2804,67883.0,86808.59259
2026-09-16 13:50:00,1.2803,1.2821,1.2786,1.2789,101716.8,130234.36313
2026-09-16 13:51:00,1.2789,1.2793,1.277,1.2773,155307.5,198531.16656
2026-09-16 13:52:00,1.2774,1.2782,1.2766,1.2766,115770.3,147898.4728
2026-09-16 13:53:00,1.2766,1.2781,1.2753,1.2781,95576.7,122019.58006
2026-09-16 13:54:00,1.278,1.2783,1.2768,1.2779,38078.7,48647.01825
2026-09-16 13:55:00,1.2779,1.2785,1.2771,1.278,66684.7,85217.28038
2026-09-16 13:56:00,1.278,1.278,1.2766,1.2772,57071.8,72888.01168
2026-09-16 13:57:00,1.2773,1.2778,1.2767,1.2774,33079.8,42254.64044
2026-09-16 13:58:00,1.2775,1.278,1.2757,1.2758,31296.0,39969.54758
2026-09-16 13:59:00,1.2758,1.2761,1.2742,1.2754,73509.5,93726.36383
2026-09-16 14:00:00,1.2754,1.2757,1.2736,1.2737,77281.8,98480.14421
2026-09-16 14:01:00,1.2737,1.2753,1.2729,1.2739,121737.0,155082.93722
2026-09-16 14:02:00,1.2738,1.2738,1.2709,1.2711,150127.0,190916.14149
2026-09-16 14:03:00,1.2711,1.2717,1.2702,1.2713,177357.2,225392.10227
2026-09-16 14:04:00,1.2712,1.2727,1.269,1.2724,759871.2,965137.32375
2026-09-16 14:05:00,1.2723,1.2738,1.2715,1.2737,21354.4,27185.63844
