timestamp,open,high,low,close,volume,quote_volume
2025-05-04 16:00:00,2.197,2.1995,2.1642,2.1758,11973485.6,26048853.06038
2025-05-04 20:00:00,2.1758,2.1858,2.151,2.156,11533083.2,24998199.19292
2025-05-05 00:00:00,2.1561,2.1704,2.1318,2.1473,22034675.8,47393993.95228
2025-05-05 04:00:00,2.1472,2.1858,2.1464,2.1769,13818972.8,29977774.38891
2025-05-05 08:00:00,2.177,2.2,2.1385,2.1427,28360882.0,61501591.49113
2025-05-05 12:00:00,2.1427,2.154,2.1067,2.1151,36421827.0,77748262.92524
2025-05-05 16:00:00,2.115,2.162,2.114,2.1414,15114209.9,32385075.43509
2025-05-05 20:00:00,2.1414,2.1505,2.1153,2.1306,13599828.8,29049228.41188
2025-05-06 00:00:00,2.1306,2.1406,2.0939,2.1185,20920527.0,44240533.34772
2025-05-06 04:00:00,2.1186,2.1247,2.0929,2.099,16572978.0,34953394.49424
2025-05-06 08:00:00,2.0989,2.1087,2.0803,2.0903,18497686.8,38726694.86399
2025-05-06 12:00:00,2.0903,2.1229,2.0777,2.1109,21949892.5,46128264.22729
2025-05-06 16:00:00,2.111,2.1468,2.1035,2.1367,14410133.2,30660919.02408
2025-05-06 20:00:00,2.1366,2.1595,2.1112,2.155,17669996.5,37793733.12482
2025-05-07 00:00:00,2.155,2.1716,2.1377,2.148,15911996.8,34292588.05034
2025-05-07 04:00:00,2.1479,2.1545,2.1284,2.1412,15822177.2,33829834.39348
2025-05-07 08:00:00,2.1411,2.1514,2.1359,2.1428,10878604.7,23307082.07886
2025-05-07 12:00:00,2.1429,2.145,2.1216,2.1268,16293400.8,34748006.65621
2025-05-07 16:00:00,2.1268,2.1346,2.1039,2.1124,23581752.9,49940253.75056
2025-05-07 20:00:00,2.1125,2.1368,2.107,2.1265,9271586.2,19705710.72095
2025-05-08 00:00:00,2.1264,2.1857,2.1176,2.1857,29780803.0,64189474.13738
2025-05-08 04:00:00,2.1856,2.2068,2.1684,2.1889,30967295.7,67708838.90782
2025-05-08 08:00:00,2.189,2.2188,2.1882,2.2082,22791117.7,50331067.90759
2025-05-08 12:00:00,2.2082,2.275,2.2025,2.2437,47929107.9,107018243.81526
2025-05-08 16:00:00,2.2437,2.275,2.2272,2.274,33375083.2,75009842.78847
2025-05-08 20:00:00,2.274,2.3297,2.2583,2.3272,55610911.3,127888776.73207
2025-05-09 00:00:00,2.3272,2.333,2.2917,2.2945,41270379.4,95492386.66132
2025-05-09 04:00:00,2.2945,2.3567,2.2845,2.3384,38393611.3,89005744.01646
2025-05-09 08:00:00,2.3384,2.4291,2.3344,2.395,101557382.7,242008647.9034
2025-05-09 12:00:00,2.3949,2.4064,2.3311,2.3495,51891503.8,122969110.5363
2025-05-09 16:00:00,2.3496,2.3679,2.3224,2.358,26526851.7,62247739.3049
2025-05-09 20:00:00,2.358,2.3629,2.3315,2.3439,10845694.6,25477657.99299
2025-05-10 00:00:00,2.3438,2.3799,2.3359,2.3672,20599860.5,48650158.45193
2025-05-10 04:00:00,2.3672,2.3964,2.35,2.3897,23062769.4,54813199.04
2025-05-10 08:00:00,2.3898,2.44,2.368,2.3799,44097023.1,105816394.36083
2025-05-10 12:00:00,2.3798,2.4208,2.3798,2.3973,23275506.6,55959259.27186
2025-05-10 16:00:00,2.3974,2.4496,2.3946,2.4196,34869712.5,84619969.19482
2025-05-10 20:00:00,2.4197,2.477,2.4042,2.4711,27679674.0,67679821.9525
2025-05-11 00:00:00,2.4711,2.4844,2.3829,2.4022,48995579.6,118681180.43742
2025-05-11 04:00:00,2.4023,2.418,2.3416,2.3549,31159102.7,74227024.98701
2025-05-11 08:00:00,2.3549,2.3873,2.3487,2.3863,21469199.2,50874074.94302
2025-05-11 12:00:00,2.3864,2.3892,2.3315,2.3473,25837998.7,61055086.91679
2025-05-11 16:00:00,2.3473,2.3841,2.3283,2.3715,22806531.9,53740193.50833
2025-05-11 20:00:00,2.3716,2.3802,2.356,2.367,12314067.4,29160474.37791
2025-05-12 00:00:00,2.3671,2.4082,2.3515,2.3961,36882797.6,88035173.62381
2025-05-12 04:00:00,2.3961,2.455,2.3745,2.4136,63422304.9,153089493.13267
2025-05-12 08:00:00,2.4136,2.4849,2.3911,2.449,64628743.7,157664273.61412
2025-05-12 12:00:00,2.4489,2.6549,2.4479,2.5929,216330145.7,555620788.18269
2025-05-12 16:00:00,2.5929,2.6144,2.43,2.5329,94954834.1,240543244.49057
2025-05-12 20:00:00,2.5329,2.5563,2.5022,2.5439,31731996.4,80358893.26775
2025-05-13 00:00:00,2.544,2.5459,2.4267,2.43,49349413.3,121805377.67744
2025-05-13 04:00:00,2.4299,2.5156,2.4215,2.4987,36567671.7,90763253.91211
2025-05-13 08:00:00,2.4988,2.5676,2.4864,2.5344,40495269.2,102727968.80748
2025-05-13 12:00:00,2.5345,2.563,2.5047,2.5433,39905791.2,101173977.64538
2025-05-13 16:00:00,2.5433,2.6053,2.535,2.5811,38433652.5,98695454.48092
2025-05-13 20:00:00,2.581,2.602,2.5586,2.5829,26099241.0,67342586.88048
2025-05-14 00:00:00,2.5828,2.5971,2.5406,2.5571,30947416.4,79387503.10024
2025-05-14 04:00:00,2.557,2.6358,2.5472,2.6191,34588751.7,89525695.35983
2025-05-14 08:00:00,2.6192,2.6516,2.5618,2.6142,69589168.7,181790491.86821
2025-05-14 12:00:00,2.6143,2.6262,2.5462,2.5616,41275922.7,106349350.56389
2025-05-14 16:00:00,2.5615,2.5709,2.5194,2.5669,24606301.6,62697874.97033
2025-05-14 20:00:00,2.5669,2.5721,2.5365,2.5503,12592166.3,32182298.207
2025-05-15 00:00:00,2.5504,2.5719,2.5117,2.5225,23584255.7,59924508.96712
2025-05-15 04:00:00,2.5224,2.5344,2.4483,2.4606,30045976.4,74878690.1693
2025-05-15 08:00:00,2.4605,2.5015,2.4479,2.4778,28936912.2,71534893.98491
2025-05-15 12:00:00,2.4777,2.4894,2.4041,2.4664,47307710.7,115868882.444
2025-05-15 16:00:00,2.4663,2.5056,2.4201,2.4487,33856227.9,83489704.26867
2025-05-15 20:00:00,2.4488,2.4595,2.3525,2.3856,45588995.4,109446494.31576
2025-05-16 00:00:00,2.3856,2.4178,2.3471,2.4126,41973844.8,100122137.69673
2025-05-16 04:00:00,2.4126,2.4294,2.4004,2.4072,19868098.5,48000346.60242
2025-05-16 08:00:00,2.4073,2.4399,2.3718,2.4254,23707906.7,57152520.12331
2025-05-16 12:00:00,2.4254,2.4392,2.4049,2.4229,21504870.8,52122549.70336
2025-05-16 16:00:00,2.4228,2.4309,2.394,2.4181,13532383.3,32597140.4597
2025-05-16 20:00:00,2.4181,2.4229,2.3616,2.3798,16356117.1,39044715.94803
2025-05-17 00:00:00,2.3797,2.3829,2.3126,2.3705,30582822.6,71661678.77028
2025-05-17 04:00:00,2.3704,2.3892,2.363,2.3806,10983177.6,26083542.5462
2025-05-17 08:00:00,2.3805,2.3826,2.3409,2.3532,13019800.7,30754781.79082
2025-05-17 12:00:00,2.3532,2.3562,2.3164,2.333,17073685.0,39903393.36037
2025-05-17 16:00:00,2.333,2.3499,2.2984,2.3347,22492215.7,52247265.64528
2025-05-17 20:00:00,2.3346,2.3629,2.3263,2.3531,11582864.2,27189214.43063
2025-05-18 00:00:00,2.3531,2.3689,2.3492,2.3586,8873723.0,20944288.65502
2025-05-18 04:00:00,2.3586,2.3984,2.3586,2.3968,9468046.4,22539641.73493
2025-05-18 08:00:00,2.3968,2.4062,2.3839,2.3878,11118832.4,26636038.74392
2025-05-18 12:00:00,2.3878,2.4449,2.38,2.4378,20264941.6,48959038.82093
2025-05-18 16:00:00,2.4379,2.4497,2.3653,2.3694,31840201.9,76528494.72939
2025-05-18 20:00:00,2.3694,2.437,2.332,2.428,28468799.2,67662556.69292
2025-05-19 00:00:00,2.428,2.441,2.3486,2.3489,32508457.1,77794947.20421
2025-05-19 04:00:00,2.3489,2.3628,2.2827,2.3055,45801910.5,106267515.06675
2025-05-19 08:00:00,2.3056,2.3265,2.2868,2.3243,23193088.0,53527370.90835
2025-05-19 12:00:00,2.3243,2.3586,2.2906,2.3494,24957104.7,58003582.265
2025-05-19 16:00:00,2.3493,2.401,2.3366,2.3986,23348106.2,55265907.96567
2025-05-19 20:00:00,2.3986,2.3988,2.366,2.3803,13072279.9,31119943.23328
2025-05-20 00:00:00,2.3803,2.409,2.3741,2.3824,31508805.2,75323558.52852
2025-05-20 04:00:00,2.3823,2.3927,2.3458,2.3464,21003730.6,49749691.17474
2025-05-20 08:00:00,2.3463,2.3591,2.3346,2.3465,16634378.5,39059868.98854
2025-05-20 12:00:00,2.3465,2.3469,2.3203,2.3425,20933081.7,48843851.56396
2025-05-20 16:00:00,2.3425,2.371,2.3141,2.3557,26500244.7,62011099.46904
2025-05-20 20:00:00,2.3557,2.3648,2.3377,2.3565,19713436.1,46353524.97255
2025-05-21 00:00:00,2.3565,2.3674,2.3311,2.3585,17985082.8,42312868.97712
2025-05-21 04:00:00,2.3585,2.3944,2.3414,2.349,29894392.7,70901034.38579
2025-05-21 08:00:00,2.3491,2.3607,2.3308,2.3524,17185576.3,40327782.27165
2025-05-21 12:00:00,2.3523,2.4068,2.3454,2.3993,36738068.0,87496954.64049
2025-05-21 16:00:00,2.3994,2.4288,2.3349,2.3899,50209078.4,119343689.39678
2025-05-21 20:00:00,2.3898,2.4164,2.3699,2.3952,23058468.5,55156813.76263
2025-05-22 00:00:00,2.3953,2.4233,2.3881,2.4173,32918868.8,79118191.49639
2025-05-22 04:00:00,2.4173,2.4205,2.3881,2.4055,25907761.3,62315186.66524
2025-05-22 08:00:00,2.4055,2.4555,2.4039,2.4319,37729049.6,91733609.32578
2025-05-22 12:00:00,2.4319,2.442,2.4089,2.4328,23290176.2,56526571.94709
2025-05-22 16:00:00,2.4329,2.4389,2.4153,2.4229,13235274.4,32126927.53206
2025-05-22 20:00:00,2.423,2.433,2.4053,2.4311,11959064.2,28938170.6811
2025-05-23 00:00:00,2.4311,2.4799,2.4212,2.4734,36693898.8,90016282.06051
2025-05-23 04:00:00,2.4735,2.478,2.41,2.4269,29059384.0,70885700.58731
2025-05-23 08:00:00,2.4268,2.4541,2.352,2.3636,33634569.0,81181565.7336
2025-05-23 12:00:00,2.3637,2.3829,2.3,2.3617,54528871.0,128123251.16428
2025-05-23 16:00:00,2.3617,2.375,2.339,2.3403,18429187.6,43434970.39669
2025-05-23 20:00:00,2.3403,2.3454,2.2838,2.2966,24989545.0,57897634.45653
2025-05-24 00:00:00,2.2965,2.3364,2.2859,2.3341,15132321.8,35014501.85788
2025-05-24 04:00:00,2.3342,2.3481,2.3284,2.336,8096606.8,18939740.19023
2025-05-24 08:00:00,2.336,2.36,2.3314,2.3517,8685430.8,20403160.11937
2025-05-24 12:00:00,2.3518,2.3568,2.343,2.3523,7461778.6,17534502.12017
2025-05-24 16:00:00,2.3524,2.3548,2.3403,2.3487,4004564.1,9403064.39602
2025-05-24 20:00:00,2.3487,2.3508,2.3217,2.3303,7400386.1,17280613.16559
2025-05-25 00:00:00,2.3304,2.3365,2.2927,2.3228,15037452.3,34771554.29759
2025-05-25 04:00:00,2.3228,2.3257,2.3013,2.308,7517219.9,17404660.01973
2025-05-25 08:00:00,2.3081,2.3081,2.2781,2.2926,17341697.9,39712140.65932
2025-05-25 12:00:00,2.2925,2.3109,2.266,2.2877,17411185.7,39841750.26517
2025-05-25 16:00:00,2.2878,2.3124,2.2718,2.3055,9316381.5,21368247.65118
2025-05-25 20:00:00,2.3056,2.345,2.2994,2.3417,14854336.1,34527833.34712
2025-05-26 00:00:00,2.3416,2.354,2.3308,2.3425,11804454.2,27652677.31302
2025-05-26 04:00:00,2.3426,2.3593,2.3359,2.3488,13520349.2,31735539.55843
2025-05-26 08:00:00,2.3489,2.3556,2.3292,2.3349,11995391.7,28086389.5371
2025-05-26 12:00:00,2.3349,2.3452,2.3123,2.3328,16077294.2,37443700.24818
2025-05-26 16:00:00,2.3329,2.3365,2.2958,2.3119,13907866.2,32140139.09358
2025-05-26 20:00:00,2.3119,2.3248,2.3001,2.3103,7863414.5,18173456.46899
2025-05-27 00:00:00,2.3103,2.317,2.2671,2.2958,19164297.9,43849612.89286
2025-05-27 04:00:00,2.2958,2.3104,2.2841,2.3012,16804243.0,38599875.73165
2025-05-27 08:00:00,2.3013,2.3233,2.3013,2.3197,12250003.8,28348920.49194
2025-05-27 12:00:00,2.3196,2.3543,2.307,2.3378,23175904.6,54089574.30532
2025-05-27 16:00:00,2.3378,2.3493,2.3319,2.3355,11917222.1,27889961.46845
2025-05-27 20:00:00,2.3356,2.3372,2.3055,2.3168,10734846.1,24923936.50626
2025-05-28 00:00:00,2.3167,2.3232,2.3028,2.3126,8238644.2,19049545.54186
2025-05-28 04:00:00,2.3125,2.3163,2.2842,2.2957,15016828.7,34479974.68788
2025-05-28 08:00:00,2.2957,2.3103,2.2881,2.308,12012180.3,27627672.59351
2025-05-28 12:00:00,2.308,2.3151,2.2522,2.2528,28386884.4,64721719.02857
2025-05-28 16:00:00,2.2528,2.2682,2.2265,2.2275,24062736.1,54129514.57169
2025-05-28 20:00:00,2.2275,2.281,2.2266,2.2742,12073926.7,27251292.64011
2025-05-29 00:00:00,2.2742,2.3125,2.2674,2.2911,17739678.3,40655573.38911
2025-05-29 04:00:00,2.2911,2.2948,2.2715,2.2796,17375232.7,39654740.69587
2025-05-29 08:00:00,2.2796,2.304,2.277,2.3019,13822778.7,31705362.39768
2025-05-29 12:00:00,2.3019,2.3095,2.266,2.2764,20775530.8,47543896.21347
2025-05-29 16:00:00,2.2765,2.2914,2.2532,2.2643,16793641.0,38185008.28722
2025-05-29 20:00:00,2.2643,2.2835,2.238,2.2442,12593653.2,28483003.73411
2025-05-30 00:00:00,2.2441,2.2523,2.1316,2.2175,67912532.2,149015232.60946
2025-05-30 04:00:00,2.2175,2.2253,2.174,2.1904,29063184.1,64004518.17681
2025-05-30 08:00:00,2.1904,2.2145,2.1702,2.2066,20875114.1,45763800.39532
2025-05-30 12:00:00,2.2067,2.2099,2.1624,2.1836,27732187.1,60580006.1421
2025-05-30 16:00:00,2.1836,2.2058,2.135,2.186,27724734.1,60105145.54568
2025-05-30 20:00:00,2.1861,2.1969,2.1297,2.1398,19250078.0,41558561.44298
2025-05-31 00:00:00,2.1397,2.1487,2.0794,2.1103,41757803.8,88265208.31074
2025-05-31 04:00:00,2.1103,2.143,2.0996,2.1289,13298977.9,28294618.39934
2025-05-31 08:00:00,2.1289,2.1533,2.1278,2.1394,13948026.2,29822112.87673
2025-05-31 12:00:00,2.1395,2.1815,2.1394,2.173,15227506.0,32938962.21897
2025-05-31 16:00:00,2.173,2.2065,2.1705,2.1919,14939093.6,32741857.62222
2025-05-31 20:00:00,2.1919,2.2003,2.1719,2.1738,10178480.5,22264664.18436
2025-06-01 00:00:00,2.1739,2.1786,2.1495,2.1637,8979874.6,19417722.46264
2025-06-01 04:00:00,2.1636,2.1768,2.1548,2.1594,5223203.8,11315757.83759
2025-06-01 08:00:00,2.1593,2.1604,2.1231,2.1411,14132547.4,30217995.32842
2025-06-01 12:00:00,2.1411,2.1561,2.1263,2.1522,10342329.0,22156647.29903
2025-06-01 16:00:00,2.1522,2.1767,2.1454,2.1675,14629188.1,31649881.705
2025-06-01 20:00:00,2.1675,2.1879,2.1534,2.1792,9657704.8,20974302.47075
2025-06-02 00:00:00,2.1792,2.1834,2.1509,2.1574,13479500.6,29200342.17569
2025-06-02 04:00:00,2.1575,2.1794,2.1572,2.1633,17246122.1,37398338.06322
2025-06-02 08:00:00,2.1633,2.1793,2.1357,2.143,22409211.0,48260368.89787
2025-06-02 12:00:00,2.143,2.1636,2.1375,2.1594,16570147.4,35602771.45443
2025-06-02 16:00:00,2.1594,2.1786,2.1494,2.1653,9852198.9,21338331.47698
2025-06-02 20:00:00,2.1653,2.2045,2.1653,2.1965,16921398.8,37041536.79021
2025-06-03 00:00:00,2.1965,2.2219,2.1845,2.1958,19802657.9,43675114.67483
2025-06-03 04:00:00,2.1957,2.207,2.1876,2.19,10719150.6,23536765.33527
2025-06-03 08:00:00,2.19,2.2202,2.1838,2.2149,13269549.8,29216873.78826
2025-06-03 12:00:00,2.2148,2.2759,2.2058,2.2631,26974889.3,60328679.37929
2025-06-03 16:00:00,2.2632,2.2819,2.24,2.2814,19883797.3,44933027.24385
2025-06-03 20:00:00,2.2815,2.2821,2.2346,2.2446,19384186.2,43679776.63482
2025-06-04 00:00:00,2.2445,2.2658,2.2297,2.2528,13895863.8,31287931.66423
2025-06-04 04:00:00,2.2528,2.253,2.2276,2.234,12122598.0,27142093.99676
2025-06-04 08:00:00,2.2339,2.2642,2.2332,2.253,12928440.6,29123215.49074
2025-06-04 12:00:00,2.253,2.2614,2.2195,2.2492,18497607.2,41460947.81819
2025-06-04 16:00:00,2.2492,2.2522,2.206,2.206,12408564.2,27670272.22755
2025-06-04 20:00:00,2.206,2.2163,2.1951,2.2009,13071015.9,28813533.86093
2025-06-05 00:00:00,2.2009,2.2147,2.1977,2.2054,9248890.9,20402351.97173
2025-06-05 04:00:00,2.2053,2.214,2.1837,2.1863,14866552.1,32660531.28423
2025-06-05 08:00:00,2.1864,2.2101,2.186,2.2051,9805940.6,21559452.26522
2025-06-05 12:00:00,2.2051,2.2265,2.1777,2.1928,17858872.6,39338654.68722
2025-06-05 16:00:00,2.1928,2.1932,2.1121,2.1301,33625721.7,72257565.49242
2025-06-05 20:00:00,2.1301,2.1327,2.0591,2.0936,66821821.8,139586613.93058
2025-06-06 00:00:00,2.0936,2.1297,2.0812,2.1295,22007362.1,46248891.95754
2025-06-06 04:00:00,2.1295,2.1427,2.1205,2.1303,14288433.8,30445396.55587
2025-06-06 08:00:00,2.1303,2.156,2.1303,2.1502,9648046.9,20696099.41189
2025-06-06 12:00:00,2.1502,2.1903,2.1482,2.1845,23527397.7,51047108.15188
2025-06-06 16:00:00,2.1846,2.1854,2.1622,2.1736,14116228.2,30665885.16196
2025-06-06 20:00:00,2.1737,2.1825,2.159,2.1598,8952300.4,19442491.58182
2025-06-07 00:00:00,2.1598,2.1796,2.1475,2.1795,7798454.5,16877109.70747
2025-06-07 04:00:00,2.1795,2.1903,2.1699,2.1834,6806616.0,14837263.93491
2025-06-07 08:00:00,2.1834,2.1912,2.173,2.1829,7521290.9,16410452.50982
2025-06-07 12:00:00,2.1829,2.1907,2.1787,2.1829,6319793.0,13811510.09896
2025-06-07 16:00:00,2.183,2.1866,2.1723,2.1759,6830557.7,14881247.82825
2025-06-07 20:00:00,2.1758,2.1868,2.1754,2.1769,5249984.9,11450153.79805
2025-06-08 00:00:00,2.1768,2.1771,2.1661,2.1754,3928894.7,8531948.56027
2025-06-08 04:00:00,2.1753,2.2248,2.171,2.2072,21269808.4,46919431.85113
2025-06-08 08:00:00,2.2072,2.2497,2.1972,2.2419,16412799.4,36411460.38558
2025-06-08 12:00:00,2.2418,2.2937,2.2418,2.2774,41167933.1,93402670.63348
2025-06-08 16:00:00,2.2774,2.2988,2.2722,2.2884,16572838.9,37841728.31381
2025-06-08 20:00:00,2.2884,2.2952,2.2548,2.267,16457689.1,37381729.369
2025-06-09 00:00:00,2.2669,2.2682,2.2313,2.2425,16771807.4,37682025.76658
2025-06-09 04:00:00,2.2425,2.2425,2.2223,2.231,15986907.5,35657489.46397
2025-06-09 08:00:00,2.231,2.2704,2.2297,2.2689,23280415.5,52480391.96108
2025-06-09 12:00:00,2.2689,2.2696,2.24,2.2632,18959024.6,42791187.53713
2025-06-09 16:00:00,2.2633,2.3137,2.2618,2.2956,26264356.0,60197348.88334
2025-06-09 20:00:00,2.2956,2.3293,2.2946,2.3211,27357720.2,63336773.96421
2025-06-10 00:00:00,2.321,2.3276,2.2982,2.2985,20048830.7,46324125.86567
2025-06-10 04:00:00,2.2985,2.3017,2.2731,2.2841,15414335.1,35245939.82235
2025-06-10 08:00:00,2.2841,2.3158,2.2703,2.3046,21438752.7,49094746.51335
2025-06-10 12:00:00,2.3045,2.3201,2.2601,2.2762,31348190.7,71794782.43258
2025-06-10 16:00:00,2.2762,2.3128,2.2691,2.2957,14458744.2,33102170.37027
2025-06-10 20:00:00,2.2957,2.313,2.285,2.3074,17178454.4,39514390.02952
2025-06-11 00:00:00,2.3074,2.3128,2.2783,2.2979,16459819.6,37759132.61455
2025-06-11 04:00:00,2.298,2.3015,2.283,2.2931,9819905.1,22509995.45336
2025-06-11 08:00:00,2.293,2.3296,2.293,2.3146,31359845.7,72634800.12679
2025-06-11 12:00:00,2.3147,2.3379,2.3046,2.3258,25675449.6,59646886.63002
2025-06-11 16:00:00,2.3258,2.3308,2.2833,2.286,17359692.7,40052676.68837
2025-06-11 20:00:00,2.2859,2.3001,2.2524,2.2704,18104772.8,41147868.48201
2025-06-12 00:00:00,2.2704,2.2733,2.2376,2.244,16244892.8,36607801.22804
2025-06-12 04:00:00,2.244,2.2576,2.2321,2.2397,14879768.0,33418877.39116
2025-06-12 08:00:00,2.2397,2.2497,2.2237,2.2255,13231070.8,29600295.4445
2025-06-12 12:00:00,2.2255,2.2525,2.2211,2.2284,15587901.7,34920999.80331
2025-06-12 16:00:00,2.2285,2.2553,2.2026,2.2037,15012712.1,33534307.40436
2025-06-12 20:00:00,2.2037,2.2131,2.1706,2.1899,23263851.9,50976258.46163
2025-06-13 00:00:00,2.19,2.1918,2.0828,2.1251,70710520.3,149862291.59088
2025-06-13 04:00:00,2.1252,2.1317,2.0924,2.1295,26380667.4,55743858.23106
2025-06-13 08:00:00,2.1295,2.1599,2.1238,2.1544,22626146.5,48436657.49053
2025-06-13 12:00:00,2.1545,2.1626,2.122,2.1473,24636551.9,52856022.98172
2025-06-13 16:00:00,2.1473,2.1597,2.1163,2.122,18711000.8,39978170.40668
2025-06-13 20:00:00,2.1221,2.1516,2.1207,2.1472,8859386.0,18955601.43259
2025-06-14 00:00:00,2.1473,2.1605,2.1325,2.1589,8790410.6,18862276.90585
2025-06-14 04:00:00,2.1589,2.1695,2.1488,2.1651,12507838.4,27030441.74297
2025-06-14 08:00:00,2.1651,2.1801,2.1578,2.1769,12274102.6,26643378.3972
2025-06-14 12:00:00,2.1768,2.178,2.1448,2.1491,9721543.0,21012611.57933
2025-06-14 16:00:00,2.1491,2.1514,2.1146,2.1245,15886304.0,33852181.7262
2025-06-14 20:00:00,2.1246,2.1464,2.1093,2.1394,8464412.1,18040242.85115
2025-06-15 00:00:00,2.1393,2.1533,2.1375,2.153,5210916.7,11180813.53559
2025-06-15 04:00:00,2.1531,2.1624,2.1479,2.1513,5366568.5,11563759.84063
2025-06-15 08:00:00,2.1513,2.1676,2.1462,2.159,10196856.5,22001575.06679
2025-06-15 12:00:00,2.1591,2.1759,2.1574,2.1645,8302586.7,17998794.56489
2025-06-15 16:00:00,2.1646,2.1719,2.1585,2.1641,5581954.2,12081343.74174
2025-06-15 20:00:00,2.1641,2.1707,2.1407,2.1655,11936736.9,25725728.48902
2025-06-16 00:00:00,2.1655,2.1871,2.1512,2.1721,13715500.6,29768752.36522
2025-06-16 04:00:00,2.1722,2.2054,2.1714,2.2031,19177865.6,41922457.63244
2025-06-16 08:00:00,2.2031,2.2498,2.1936,2.2456,18169932.8,40252204.14843
2025-06-16 12:00:00,2.2455,2.298,2.2447,2.2899,45891738.7,104122542.65385
2025-06-16 16:00:00,2.29,2.336,2.2899,2.3357,39730932.9,92034914.63613
2025-06-16 20:00:00,2.3357,2.337,2.2288,2.238,44089868.4,101052525.58379
2025-06-17 00:00:00,2.2379,2.2572,2.2016,2.2493,32684717.1,73057258.16106
2025-06-17 04:00:00,2.2492,2.2529,2.226,2.2356,18136616.0,40595563.05673
2025-06-17 08:00:00,2.2356,2.2384,2.1881,2.1939,19407391.6,42915736.59001
2025-06-17 12:00:00,2.1938,2.2249,2.1635,2.1795,27857946.1,61138485.9966
2025-06-17 16:00:00,2.1794,2.2037,2.1417,2.1831,29478392.9,63899544.9941
2025-06-17 20:00:00,2.183,2.1909,2.144,2.159,18432966.3,39881834.04768
2025-06-18 00:00:00,2.1591,2.1774,2.1522,2.1674,10249612.3,22179440.39963
2025-06-18 04:00:00,2.1674,2.1755,2.1471,2.1629,14811530.2,32001010.55357
2025-06-18 08:00:00,2.1629,2.1689,2.1244,2.1419,17787477.3,38095727.84642
2025-06-18 12:00:00,2.142,2.1622,2.1181,2.151,22608104.6,48396449.90661
2025-06-18 16:00:00,2.151,2.1624,2.1273,2.1406,15655163.1,33563469.68474
2025-06-18 20:00:00,2.1405,2.1808,2.1361,2.1705,14850280.5,32207847.31869
2025-06-19 00:00:00,2.1704,2.1855,2.1558,2.1664,9959440.2,21586770.21474
2025-06-19 04:00:00,2.1664,2.1758,2.1538,2.1564,10669078.7,23079377.36572
2025-06-19 08:00:00,2.1564,2.1668,2.149,2.1519,10853173.6,23432054.84583
2025-06-19 12:00:00,2.1519,2.1587,2.1441,2.1457,9298760.9,20005001.16408
2025-06-19 16:00:00,2.1457,2.1779,2.1457,2.1718,8887055.1,19252511.83074
2025-06-19 20:00:00,2.1718,2.1742,2.16,2.1648,6481849.6,14040969.44626
2025-06-20 00:00:00,2.1647,2.1732,2.1549,2.155,6864761.6,14858363.82122
2025-06-20 04:00:00,2.155,2.1684,2.1395,2.1667,15387677.2,33092381.13612
2025-06-20 08:00:00,2.1668,2.1765,2.1614,2.1725,10708797.2,23242657.19641
2025-06-20 12:00:00,2.1726,2.1797,2.1304,2.1338,19955344.5,42953288.83346
2025-06-20 16:00:00,2.1339,2.1371,2.0852,2.1286,34463919.0,72826442.70263
2025-06-20 20:00:00,2.1285,2.1482,2.1085,2.1194,10252070.4,21803952.98065
2025-06-21 00:00:00,2.1195,2.1325,2.115,2.1299,5198136.6,11038685.64555
2025-06-21 04:00:00,2.1298,2.1339,2.1184,2.1333,3960510.3,8422331.72333
2025-06-21 08:00:00,2.1334,2.145,2.1328,2.1371,5614604.8,12007609.73139
2025-06-21 12:00:00,2.1371,2.1405,2.1086,2.1168,9069255.9,19236750.70965
2025-06-21 16:00:00,2.1167,2.1194,2.0696,2.0708,19909915.0,41614507.00949
2025-06-21 20:00:00,2.0707,2.0939,2.0,2.0632,44918870.6,91842785.31551
2025-06-22 00:00:00,2.0632,2.0886,2.0392,2.0594,19462186.3,40149603.2674
2025-06-22 04:00:00,2.0594,2.0898,2.0564,2.0683,8933271.1,18545239.29624
2025-06-22 08:00:00,2.0684,2.0781,2.0136,2.0252,20194592.0,41191653.20635
2025-06-22 12:00:00,2.0251,2.0294,1.9246,1.9343,90061904.4,176890268.8924
2025-06-22 16:00:00,1.9343,1.9837,1.9287,1.9644,27406091.5,53716496.73299
2025-06-22 20:00:00,1.9644,2.0232,1.9083,2.0172,40453327.2,79512471.76183
2025-06-23 00:00:00,2.0173,2.0331,2.0036,2.018,13644312.8,27530658.02585
2025-06-23 04:00:00,2.0181,2.0356,2.0107,2.0231,19042917.9,38505453.7158
2025-06-23 08:00:00,2.0232,2.0278,1.9864,2.0013,17468308.8,35016462.20602
2025-06-23 12:00:00,2.0014,2.039,1.986,1.9992,26086472.8,52611180.29103
2025-06-23 16:00:00,1.9991,2.0634,1.9615,2.058,44715167.4,90372183.17121
2025-06-23 20:00:00,2.0579,2.1706,2.0575,2.1584,54119783.9,114833434.15337
2025-06-24 00:00:00,2.1584,2.1664,2.1316,2.1506,19450199.5,41758899.1734
2025-06-24 04:00:00,2.1506,2.2106,2.1466,2.1778,31512561.1,68767754.85172
2025-06-24 08:00:00,2.1778,2.2064,2.1607,2.1838,23779241.7,51873536.55272
2025-06-24 12:00:00,2.1837,2.1938,2.1655,2.1882,20274625.8,44206005.85613
2025-06-24 16:00:00,2.1883,2.2095,2.1839,2.2073,19558045.5,42979739.95702
2025-06-24 20:00:00,2.2072,2.2165,2.1778,2.1898,16672660.1,36666339.12532
2025-06-25 00:00:00,2.1897,2.1985,2.177,2.1781,12809910.0,28028515.83338
2025-06-25 04:00:00,2.1782,2.1881,2.1696,2.1856,14209209.5,30957909.92727
2025-06-25 08:00:00,2.1855,2.1971,2.1738,2.1952,13582423.6,29682965.21505
2025-06-25 12:00:00,2.1952,2.2296,2.1753,2.1815,33454480.8,73668061.27235
2025-06-25 16:00:00,2.1814,2.2077,2.172,2.2057,11019006.7,24114406.09738
2025-06-25 20:00:00,2.2057,2.2058,2.175,2.1859,6503471.4,14235211.94327
2025-06-26 00:00:00,2.1858,2.2127,2.1803,2.1953,20521972.9,45111956.51963
2025-06-26 04:00:00,2.1953,2.1984,2.1819,2.1898,9996266.9,21886441.92239
2025-06-26 08:00:00,2.1898,2.1947,2.17,2.1707,12975370.1,28269552.34321
2025-06-26 12:00:00,2.1706,2.1729,2.1066,2.1199,43379006.0,92706738.20346
2025-06-26 16:00:00,2.1198,2.1351,2.0956,2.1252,19119662.0,40404010.07616
2025-06-26 20:00:00,2.1251,2.1459,2.103,2.1054,14386588.2,30501106.87436
2025-06-27 00:00:00,2.1053,2.1115,2.0782,2.1053,18996408.5,39820082.60247
2025-06-27 04:00:00,2.1053,2.114,2.0821,2.0851,18379704.0,38546977.3047
2025-06-27 08:00:00,2.0851,2.1061,2.0847,2.0909,16533399.8,34604206.10768
2025-06-27 12:00:00,2.0909,2.1016,2.0671,2.0979,24674703.2,51447049.68055
2025-06-27 16:00:00,2.0979,2.1225,2.0712,2.0939,18235291.5,38247996.94069
2025-06-27 20:00:00,2.0939,2.1556,2.093,2.1419,23757493.3,50687806.91814
2025-06-28 00:00:00,2.142,2.1914,2.1336,2.1847,20136145.9,43677302.79924
2025-06-28 04:00:00,2.1848,2.201,2.1755,2.1906,16489740.1,36108416.33772
2025-06-28 08:00:00,2.1905,2.1938,2.1803,2.1927,8841227.0,19336887.16844
2025-06-28 12:00:00,2.1927,2.2066,2.1825,2.2038,9971373.5,21885905.13724
2025-06-28 16:00:00,2.2038,2.2079,2.1846,2.1861,8540468.5,18751374.80633
2025-06-28 20:00:00,2.186,2.1895,2.1772,2.1854,6063824.0,13240391.61112
2025-06-29 00:00:00,2.1855,2.1897,2.1754,2.1839,4591768.7,10022843.93455
2025-06-29 04:00:00,2.1839,2.1894,2.1808,2.1843,3193315.9,6975883.01408
2025-06-29 08:00:00,2.1844,2.198,2.1838,2.1959,8300596.3,18186126.72449
2025-06-29 12:00:00,2.1958,2.197,2.1802,2.1833,6838887.4,14967227.80746
2025-06-29 16:00:00,2.1833,2.195,2.1805,2.1886,4635664.5,10144514.59315
2025-06-29 20:00:00,2.1886,2.2198,2.1786,2.2061,18537664.7,40872304.54316
2025-06-30 00:00:00,2.2062,2.2117,2.195,2.1962,10011718.9,22041490.67833
2025-06-30 04:00:00,2.1962,2.1964,2.1713,2.1868,15041719.0,32869458.88332
2025-06-30 08:00:00,2.1868,2.1891,2.1692,2.1781,9412359.3,20506774.78594
2025-06-30 12:00:00,2.178,2.1998,2.165,2.1928,17717994.5,38651426.91745
2025-06-30 16:00:00,2.1927,2.3271,2.1905,2.3197,55332563.7,124876904.39748
2025-06-30 20:00:00,2.3198,2.3254,2.234,2.2362,44009550.8,100227961.06561
2025-07-01 00:00:00,2.2362,2.2537,2.2239,2.2373,19486211.1,43617100.98162
2025-07-01 04:00:00,2.2373,2.2373,2.2058,2.2242,20536599.3,45567897.449
2025-07-01 08:00:00,2.2241,2.2271,2.1924,2.202,14122903.7,31150421.28051
2025-07-01 12:00:00,2.2021,2.2104,2.1754,2.1885,29948356.4,65627638.01477
2025-07-01 16:00:00,2.1884,2.2046,2.1562,2.1574,22540561.8,49129724.22794
2025-07-01 20:00:00,2.1573,2.1817,2.1475,2.172,16924057.8,36654419.49267
2025-07-02 00:00:00,2.1719,2.1869,2.157,2.1859,12057376.6,26220357.9579
2025-07-02 04:00:00,2.1859,2.1976,2.1816,2.192,14793776.5,32378787.42618
2025-07-02 08:00:00,2.1921,2.2042,2.1734,2.1767,15973319.3,34970031.71388
2025-07-02 12:00:00,2.1767,2.2154,2.1685,2.2122,20569301.5,45062768.4156
2025-07-02 16:00:00,2.2121,2.2917,2.209,2.2649,63739759.9,143759793.13703
2025-07-02 20:00:00,2.2649,2.2667,2.2304,2.2336,22207261.6,49998646.06688
2025-07-03 00:00:00,2.2335,2.2476,2.2243,2.2423,11903284.7,26651783.14834
2025-07-03 04:00:00,2.2423,2.2832,2.24,2.2788,23683642.6,53717822.67778
2025-07-03 08:00:00,2.2788,2.3116,2.2754,2.296,37316877.7,85471134.5637
2025-07-03 12:00:00,2.296,2.3135,2.239,2.2433,48720288.9,111137286.58964
2025-07-03 16:00:00,2.2434,2.2828,2.2429,2.2718,18107892.2,40944205.92143
2025-07-03 20:00:00,2.2718,2.28,2.2534,2.2569,8656608.9,19627978.55042
2025-07-04 00:00:00,2.2569,2.2678,2.2399,2.2484,9439380.4,21264656.55516
2025-07-04 04:00:00,2.2484,2.2515,2.2159,2.2209,16848591.7,37635912.70619
2025-07-04 08:00:00,2.2209,2.2403,2.2077,2.2384,10116217.4,22517942.60804
2025-07-04 12:00:00,2.2385,2.2433,2.2032,2.2146,18131551.8,40308564.59676
2025-07-04 16:00:00,2.2146,2.2252,2.196,2.2104,12752329.8,28203649.69758
2025-07-04 20:00:00,2.2103,2.2288,2.2079,2.2205,5001128.0,11103907.18131
2025-07-05 00:00:00,2.2205,2.2275,2.2097,2.2256,3994534.3,8867527.39746
2025-07-05 04:00:00,2.2257,2.2339,2.2176,2.2248,5586910.6,12437103.06537
2025-07-05 08:00:00,2.2248,2.2266,2.2113,2.2217,4976670.5,11047767.00206
2025-07-05 12:00:00,2.2217,2.2309,2.2147,2.2228,4979729.3,11073030.59874
2025-07-05 16:00:00,2.2228,2.2249,2.2014,2.2146,7614073.6,16828794.49707
2025-07-05 20:00:00,2.2147,2.2196,2.2074,2.2178,6906472.0,15280412.44718
2025-07-06 00:00:00,2.2177,2.2224,2.2086,2.2165,3349853.0,7421943.82889
2025-07-06 04:00:00,2.2164,2.235,2.2162,2.2276,6335299.5,14110899.83068
2025-07-06 08:00:00,2.2276,2.2849,2.2266,2.2617,31788760.0,71910744.6739
2025-07-06 12:00:00,2.2617,2.29,2.2608,2.277,23281262.8,52976365.50491
2025-07-06 16:00:00,2.277,2.2827,2.2462,2.2647,14458428.1,32757734.02148
2025-07-06 20:00:00,2.2646,2.289,2.2632,2.2709,12894524.1,29346568.22516
2025-07-07 00:00:00,2.2709,2.279,2.2571,2.2703,7511697.1,17049385.01023
2025-07-07 04:00:00,2.2704,2.275,2.2552,2.2724,11403752.7,25842754.76268
2025-07-07 08:00:00,2.2723,2.2978,2.2681,2.2829,18956360.8,43274742.24544
2025-07-07 12:00:00,2.2828,2.3497,2.2711,2.3389,68971045.9,160222609.81109
2025-07-07 16:00:00,2.3388,2.3537,2.281,2.2993,49068870.6,113741688.96475
2025-07-07 20:00:00,2.2993,2.2993,2.2591,2.2708,20405723.6,46391362.49007
2025-07-08 00:00:00,2.2707,2.2733,2.2485,2.2629,19717792.4,44552386.10222
2025-07-08 04:00:00,2.2628,2.2764,2.2568,2.2753,16972004.2,38457644.22911
2025-07-08 08:00:00,2.2753,2.3009,2.2729,2.2934,18885230.9,43177304.38423
2025-07-08 12:00:00,2.2935,2.3048,2.278,2.2862,19619186.0,44951999.90759
2025-07-08 16:00:00,2.2863,2.3223,2.283,2.3214,19315069.1,44572032.58579
2025-07-08 20:00:00,2.3214,2.3219,2.2966,2.3108,11946726.0,27563071.70945
2025-07-09 00:00:00,2.3109,2.3188,2.2975,2.3033,12349411.6,28509018.30097
2025-07-09 04:00:00,2.3034,2.3377,2.3018,2.3316,18121815.1,42118296.65763
2025-07-09 08:00:00,2.3315,2.3884,2.3302,2.3815,37034529.9,87379512.68191
2025-07-09 12:00:00,2.3814,2.4039,2.3516,2.3818,52673357.6,125422771.13582
2025-07-09 16:00:00,2.3818,2.4288,2.375,2.421,34139798.3,81856797.1669
2025-07-09 20:00:00,2.4211,2.4222,2.3836,2.4038,27199487.3,65409709.48891
2025-07-10 00:00:00,2.4038,2.4371,2.3931,2.4203,20584557.5,49830531.58035
2025-07-10 04:00:00,2.4202,2.4425,2.4109,2.437,22593576.0,54807339.72299
2025-07-10 08:00:00,2.437,2.4618,2.4266,2.4525,32816704.2,80267601.13654
2025-07-10 12:00:00,2.4526,2.4597,2.4188,2.4542,31692437.9,77337367.15823
2025-07-10 16:00:00,2.4543,2.5122,2.4466,2.5003,46173247.1,114786987.10757
2025-07-10 20:00:00,2.5003,2.5678,2.4921,2.5471,55665962.1,141094689.59176
2025-07-11 00:00:00,2.5471,2.5929,2.5119,2.5764,38899978.5,99425804.50068
2025-07-11 04:00:00,2.5763,2.5985,2.5536,2.5792,43533734.1,112282650.92128
2025-07-11 08:00:00,2.5791,2.6607,2.579,2.6287,59652232.3,156142157.51488
2025-07-11 12:00:00,2.6287,2.975,2.625,2.7724,254738504.5,714523885.01739
2025-07-11 16:00:00,2.7724,2.858,2.6919,2.858,117127013.3,326192561.84734
2025-07-11 20:00:00,2.858,2.858,2.6596,2.7322,101410371.3,277853237.97299
2025-07-12 00:00:00,2.7323,2.8479,2.6882,2.8006,68762309.5,191512903.40965
2025-07-12 04:00:00,2.8006,2.8063,2.7558,2.7675,41669185.0,115950851.88538
2025-07-12 08:00:00,2.7675,2.8476,2.7658,2.8054,52758225.2,148090196.72789
2025-07-12 12:00:00,2.8054,2.8087,2.6629,2.6812,92437257.3,253022178.91653
2025-07-12 16:00:00,2.6813,2.7534,2.6701,2.737,54357529.5,148100258.01138
2025-07-12 20:00:00,2.737,2.7484,2.6837,2.7395,31532645.5,85756757.05393
2025-07-13 00:00:00,2.7395,2.7859,2.7232,2.7684,30176899.2,83215903.81351
2025-07-13 04:00:00,2.7684,2.8144,2.7583,2.7992,28666043.3,79930939.39225
2025-07-13 08:00:00,2.7991,2.8202,2.771,2.7889,32664307.5,91219066.77014
2025-07-13 12:00:00,2.7888,2.8949,2.7825,2.8381,84577000.3,240276219.27412
2025-07-13 16:00:00,2.8381,2.8817,2.8115,2.8456,42745617.7,121819195.93698
2025-07-13 20:00:00,2.8456,2.8648,2.7637,2.8361,41812638.5,117853719.43749
2025-07-14 00:00:00,2.8361,2.9472,2.8207,2.9267,60819625.6,175579845.13999
2025-07-14 04:00:00,2.9267,2.9799,2.8755,2.9569,84095707.5,246938269.45373
2025-07-14 08:00:00,2.957,3.0222,2.9276,2.9772,103849359.3,309524262.73395
2025-07-14 12:00:00,2.9772,3.035,2.9093,2.9469,111003002.8,330764323.16016
2025-07-14 16:00:00,2.9468,3.0022,2.9101,2.93,51496654.5,151858170.51405
2025-07-14 20:00:00,2.93,2.9637,2.8762,2.9582,31273459.5,91442742.19275
2025-07-15 00:00:00,2.9582,2.9582,2.8038,2.8497,72135384.2,207014351.29344
2025-07-15 04:00:00,2.8496,2.8869,2.8215,2.8524,44762462.8,128192856.08658
2025-07-15 08:00:00,2.8523,2.9287,2.8194,2.9049,51095939.6,147062070.90612
2025-07-15 12:00:00,2.9049,2.9342,2.8407,2.8903,67733324.7,195811333.29906
2025-07-15 16:00:00,2.8902,2.9462,2.8575,2.8631,43306104.2,125934504.17974
2025-07-15 20:00:00,2.863,2.9286,2.854,2.919,24932065.2,72120158.18321
2025-07-16 00:00:00,2.9189,2.9365,2.8774,2.9044,24416599.9,71063879.78805
2025-07-16 04:00:00,2.9044,2.9391,2.8912,2.9293,25243801.3,73790947.43633
2025-07-16 08:00:00,2.9293,2.9637,2.9203,2.9513,24764646.6,73040884.53518
2025-07-16 12:00:00,2.9513,3.0071,2.946,2.9764,63438865.9,188775401.87123
2025-07-16 16:00:00,2.9764,3.078,2.9677,3.0592,75011928.6,227369411.5408
2025-07-16 20:00:00,3.0591,3.1,3.0189,3.038,59408775.9,182175067.79421
2025-07-17 00:00:00,3.038,3.0794,2.9873,3.025,36735773.8,111483894.84363
2025-07-17 04:00:00,3.0249,3.1728,3.0149,3.1553,86501239.1,270289004.53234
2025-07-17 08:00:00,3.1553,3.2986,3.1395,3.2623,124259980.8,402821825.04187
2025-07-17 12:00:00,3.2624,3.275,3.1675,3.2534,99642892.0,321971001.55072
2025-07-17 16:00:00,3.2533,3.3993,3.2221,3.3057,127292100.7,422328361.47002
2025-07-17 20:00:00,3.3057,3.5495,3.2842,3.4814,173906858.79,599863911.970014
2025-07-18 00:00:00,3.4813,3.6607,3.4621,3.6054,159583073.41,574581187.504583
2025-07-18 04:00:00,3.6054,3.6384,3.4381,3.4503,110584483.5,393478126.24719
2025-07-18 08:00:00,3.4503,3.5101,3.4005,3.49,115090177.4,397587371.6177
2025-07-18 12:00:00,3.4899,3.545,3.3439,3.3736,119481238.6,413024226.79059
2025-07-18 16:00:00,3.3736,3.4789,3.3634,3.434,54396397.1,186854025.89598
2025-07-18 20:00:00,3.4339,3.4517,3.3576,3.4135,49587520.7,168832983.88338
2025-07-19 00:00:00,3.4136,3.4792,3.3971,3.4494,51028135.4,175808378.33147
2025-07-19 04:00:00,3.4494,3.4855,3.4166,3.4651,43301104.6,149651454.65965
2025-07-19 08:00:00,3.4651,3.4735,3.388,3.3925,32276525.5,110782487.72662
2025-07-19 12:00:00,3.3926,3.4312,3.3547,3.4098,37770995.8,128198570.54579
2025-07-19 16:00:00,3.4098,3.4594,3.4042,3.4317,21420324.9,73495871.34753
2025-07-19 20:00:00,3.4317,3.4445,3.38,3.4244,19103948.3,65215558.40404
2025-07-20 00:00:00,3.4243,3.4513,3.3856,3.4345,38089827.2,130177357.03842
2025-07-20 04:00:00,3.4345,3.4584,3.4022,3.4419,33611520.1,115199059.29447
2025-07-20 08:00:00,3.442,3.5352,3.4419,3.4987,67145174.8,234793265.15021
2025-07-20 12:00:00,3.4988,3.5466,3.4777,3.5183,45203023.4,158951486.03102
2025-07-20 16:00:00,3.5182,3.5579,3.483,3.5234,48211350.1,169800441.35824
2025-07-20 20:00:00,3.5235,3.5258,3.4038,3.454,49613588.7,171964982.76983
2025-07-21 00:00:00,3.4541,3.4897,3.4076,3.4785,37335400.2,129067650.40903
2025-07-21 04:00:00,3.4784,3.5809,3.4716,3.5663,48087961.9,170071467.74816
2025-07-21 08:00:00,3.5664,3.5797,3.5209,3.5329,31708302.3,112583449.88815
2025-07-21 12:00:00,3.5329,3.6495,3.4996,3.604,68232950.4,244889003.31926
2025-07-21 16:00:00,3.604,3.6239,3.527,3.5465,51708550.4,185014451.91981
2025-07-21 20:00:00,3.5465,3.575,3.5117,3.5495,22657416.4,80358384.0279
2025-07-22 00:00:00,3.5494,3.5744,3.4618,3.5007,59831609.0,210545358.55539
2025-07-22 04:00:00,3.5006,3.5034,3.4218,3.4762,51012766.2,176837257.23179
2025-07-22 08:00:00,3.4761,3.5225,3.4261,3.5198,33949588.5,117678829.18659
2025-07-22 12:00:00,3.5198,3.5371,3.4401,3.5076,48935406.9,171297346.83594
2025-07-22 16:00:00,3.5076,3.5787,3.4916,3.5177,38244329.6,135564791.88942
2025-07-22 20:00:00,3.5177,3.5541,3.513,3.5504,16690912.5,59051521.15798
2025-07-23 00:00:00,3.5504,3.5519,3.488,3.4915,28688656.9,100754592.54815
2025-07-23 04:00:00,3.4915,3.5107,3.4607,3.4678,28073567.2,97907909.39607
2025-07-23 08:00:00,3.4677,3.4755,3.4304,3.4504,30818570.5,106330037.72156
2025-07-23 12:00:00,3.4504,3.4504,3.2204,3.3224,139599412.5,462797556.80851
2025-07-23 16:00:00,3.3224,3.3224,3.1597,3.1838,87014381.1,280896582.65229
2025-07-23 20:00:00,3.1838,3.2161,3.02,3.1838,130202073.1,408899450.63724
2025-07-24 00:00:00,3.1839,3.2373,3.15,3.192,49215551.9,157822360.12969
2025-07-24 04:00:00,3.192,3.1965,2.9555,3.075,114510469.6,351684270.60376
2025-07-24 08:00:00,3.075,3.1788,3.055,3.1685,64732542.0,201843187.0554
2025-07-24 12:00:00,3.1684,3.2651,3.1185,3.2261,67528520.1,215735903.55742
2025-07-24 16:00:00,3.2261,3.2603,3.1686,3.2087,38914160.0,125347382.86806
2025-07-24 20:00:00,3.2087,3.2426,3.126,3.1453,31555219.8,100585080.15332
2025-07-25 00:00:00,3.1454,3.1618,3.0447,3.0689,43909091.3,136045847.22733
2025-07-25 04:00:00,3.0689,3.1187,3.0353,3.0745,43736519.3,134603726.77248
2025-07-25 08:00:00,3.0745,3.1534,3.0632,3.1346,35150990.3,109418935.42998
2025-07-25 12:00:00,3.1346,3.1523,2.9981,3.0375,63829593.3,195142715.12331
2025-07-25 16:00:00,3.0375,3.0976,3.0254,3.0707,23338666.8,71432686.3613
2025-07-25 20:00:00,3.0708,3.1507,3.0708,3.1423,24315960.9,76120595.6274
2025-07-26 00:00:00,3.1422,3.1635,3.1088,3.144,17461595.7,54750907.37794
2025-07-26 04:00:00,3.144,3.1766,3.1389,3.1551,14467531.2,45700609.49123
2025-07-26 08:00:00,3.1552,3.2111,3.1541,3.1855,23437924.6,74781479.1214
2025-07-26 12:00:00,3.1856,3.199,3.1761,3.1921,13839535.9,44096232.05878
2025-07-26 16:00:00,3.1921,3.2181,3.1584,3.1911,17914640.5,57108869.29123
2025-07-26 20:00:00,3.1911,3.2098,3.1637,3.1662,9709995.6,30917642.34912
2025-07-27 00:00:00,3.1662,3.2064,3.1564,3.1994,12746125.0,40620586.49335
2025-07-27 04:00:00,3.1994,3.2387,3.1858,3.1897,18284043.8,58730967.36687
2025-07-27 08:00:00,3.1897,3.2148,3.1674,3.1802,17508757.9,55817832.25581
2025-07-27 12:00:00,3.1802,3.2077,3.163,3.1866,22756577.0,72453739.76232
2025-07-27 16:00:00,3.1866,3.2288,3.1768,3.2088,33099413.6,106058367.6817
2025-07-27 20:00:00,3.2089,3.2515,3.1893,3.2389,26054290.8,84049273.67348
2025-07-28 00:00:00,3.239,3.2928,3.2224,3.2693,37208563.1,121316950.85012
2025-07-28 04:00:00,3.2693,3.3308,3.25,3.2737,39286539.8,129181665.1679
2025-07-28 08:00:00,3.2736,3.2777,3.2241,3.2448,29001008.5,94237747.0596
2025-07-28 12:00:00,3.2449,3.2495,3.1405,3.1601,51854841.2,165305774.78382
2025-07-28 16:00:00,3.1601,3.1856,3.1141,3.1607,37559774.6,118342438.3049
2025-07-28 20:00:00,3.1607,3.164,3.1073,3.1235,26912885.1,84404645.20639
2025-07-29 00:00:00,3.1235,3.1482,3.0788,3.1406,25134181.8,78380190.84506
2025-07-29 04:00:00,3.1407,3.1823,3.1222,3.1753,20998166.5,66195091.59835
2025-07-29 08:00:00,3.1754,3.1856,3.1133,3.1376,23064062.5,72684947.21857
2025-07-29 12:00:00,3.1376,3.1749,3.0768,3.0987,41058072.9,128138683.89772
2025-07-29 16:00:00,3.0987,3.1624,3.0533,3.12,32006805.4,99565002.93897
2025-07-29 20:00:00,3.1201,3.1374,3.094,3.128,15169680.8,47262745.60647
2025-07-30 00:00:00,3.1281,3.15,3.0932,3.1382,12526008.7,39167682.04166
2025-07-30 04:00:00,3.1381,3.147,3.1042,3.1202,15228815.0,47644371.383
2025-07-30 08:00:00,3.1201,3.1408,3.0436,3.0518,29496842.1,91231052.99996
2025-07-30 12:00:00,3.0517,3.1537,3.0403,3.1435,39543631.8,122487872.74227
2025-07-30 16:00:00,3.1436,3.1621,3.001,3.0978,59817575.0,184172754.51108
2025-07-30 20:00:00,3.0979,3.1168,3.0625,3.0966,17030462.8,52655634.47015
2025-07-31 00:00:00,3.0967,3.1466,3.0872,3.1398,15613995.3,48807066.81797
2025-07-31 04:00:00,3.1399,3.155,3.1306,3.1549,14879724.0,46776049.90478
2025-07-31 08:00:00,3.1549,3.1784,3.148,3.1515,17459067.3,55238543.63846
2025-07-31 12:00:00,3.1516,3.1525,3.0763,3.1011,28345752.4,88130250.23815
2025-07-31 16:00:00,3.1011,3.1366,3.0525,3.0579,23190089.4,71656101.48334
2025-07-31 20:00:00,3.0578,3.0675,3.0108,3.0224,36023671.9,109494521.60113
2025-08-01 00:00:00,3.0223,3.026,2.9292,2.9983,62338625.5,186081124.06816
2025-08-01 04:00:00,2.9982,2.9982,2.9351,2.9558,29021187.4,85988396.88022
2025-08-01 08:00:00,2.9558,2.9721,2.892,2.9707,41245682.3,120793233.32562
2025-08-01 12:00:00,2.9706,3.059,2.93,3.0436,56678389.3,170112971.5859
2025-08-01 16:00:00,3.0435,3.0526,2.9742,3.0141,32586247.9,98187475.61968
2025-08-01 20:00:00,3.0142,3.029,2.8959,2.9613,39114564.0,115681078.27757
2025-08-02 00:00:00,2.9614,2.986,2.9478,2.9834,11019401.2,32721533.35901
2025-08-02 04:00:00,2.9834,3.0206,2.9456,2.9924,20841420.0,62343946.30359
2025-08-02 08:00:00,2.9924,3.0023,2.93,2.9404,15502063.2,45878562.49286
2025-08-02 12:00:00,2.9404,2.9466,2.822,2.83,37407218.6,107967318.10323
2025-08-02 16:00:00,2.83,2.8658,2.7418,2.7794,66018516.3,184883708.47846
2025-08-02 20:00:00,2.7793,2.8179,2.7387,2.7695,29945037.4,83327327.85519
2025-08-03 00:00:00,2.7695,2.8411,2.728,2.8358,34304020.8,95795208.11246
2025-08-03 04:00:00,2.8357,2.8698,2.8142,2.8652,17526872.5,49832361.67187
2025-08-03 08:00:00,2.8652,2.894,2.8496,2.8694,22192216.6,63718637.09949
2025-08-03 12:00:00,2.8694,2.9032,2.8585,2.8951,21925962.7,63127020.16682
2025-08-03 16:00:00,2.8951,2.93,2.8856,2.9163,25740936.5,74889550.85784
2025-08-03 20:00:00,2.9163,2.9625,2.9015,2.948,27727368.7,81279762.37875
2025-08-04 00:00:00,2.9481,3.0312,2.9312,2.9983,36404553.3,109166983.98925
2025-08-04 04:00:00,2.9984,3.019,2.9661,3.0119,22639401.5,67630057.89854
2025-08-04 08:00:00,3.0119,3.0241,2.9767,2.9925,21781364.5,65358672.6307
2025-08-04 12:00:00,2.9925,3.0813,2.9796,3.0313,44372304.7,134873759.82927
2025-08-04 16:00:00,3.0312,3.0899,3.0312,3.0492,25268322.9,77335749.78726
2025-08-04 20:00:00,3.0492,3.0867,3.0405,3.0716,14185677.5,43526972.96409
2025-08-05 00:00:00,3.0715,3.1072,3.034,3.038,21370030.0,65509683.90579
2025-08-05 04:00:00,3.038,3.0548,2.9958,3.0042,20553316.5,62227197.51455
2025-08-05 08:00:00,3.0041,3.08,2.9992,3.0627,20065089.4,61148889.93416
2025-08-05 12:00:00,3.0628,3.0654,2.9568,2.9713,45296268.8,135872173.53066
2025-08-05 16:00:00,2.9713,2.9935,2.9453,2.9464,17767437.9,52827589.97294
2025-08-05 20:00:00,2.9464,2.9759,2.9164,2.9623,19201155.1,56634466.63119
2025-08-06 00:00:00,2.9622,2.9647,2.9088,2.9142,13986754.2,40992089.9465
2025-08-06 04:00:00,2.9143,2.9683,2.9014,2.9557,24080838.9,70818776.88744
2025-08-06 08:00:00,2.9558,2.9599,2.9185,2.9464,21437902.3,62996499.09793
2025-08-06 12:00:00,2.9465,3.0083,2.9233,3.0042,28142023.0,83341578.88748
2025-08-06 16:00:00,3.0042,3.0187,2.9699,3.0116,17833612.7,53476072.6248
2025-08-06 20:00:00,3.0116,3.0116,2.9753,2.9908,8918444.5,26711015.71869
2025-08-07 00:00:00,2.9908,3.011,2.9676,2.9683,10935240.7,32641223.67792
2025-08-07 04:00:00,2.9682,3.0139,2.9641,2.9999,17060673.0,51089173.97479
2025-08-07 08:00:00,2.9998,3.0882,2.9881,3.0793,30775085.4,93779164.90547
2025-08-07 12:00:00,3.0792,3.086,3.041,3.0625,29208172.7,89509018.58712
2025-08-07 16:00:00,3.0625,3.1024,3.0087,3.1018,22465370.4,68645246.62905
2025-08-07 20:00:00,3.1018,3.3338,3.0994,3.3197,101751090.9,329019245.29559
2025-08-08 00:00:00,3.3196,3.3762,3.2704,3.3762,76765382.5,254682497.67595
2025-08-08 04:00:00,3.3762,3.3825,3.3064,3.3558,38946745.6,130102404.306
2025-08-08 08:00:00,3.3558,3.3606,3.3019,3.3364,28617428.0,95232349.97952
2025-08-08 12:00:00,3.3364,3.3726,3.2051,3.2216,68894548.1,226787000.49067
2025-08-08 16:00:00,3.2216,3.3404,3.22,3.3389,41269041.1,135062542.2623
2025-08-08 20:00:00,3.3389,3.3389,3.2791,3.2859,19433010.7,64221717.39844
2025-08-09 00:00:00,3.2858,3.3141,3.2801,3.2911,10888543.9,35910650.26652
2025-08-09 04:00:00,3.2911,3.3348,3.288,3.3202,30312453.5,100495572.04506
2025-08-09 08:00:00,3.3201,3.3475,3.3044,3.309,19688889.3,65558389.55789
2025-08-09 12:00:00,3.309,3.3272,3.2461,3.273,28274087.4,92941611.59859
2025-08-09 16:00:00,3.2731,3.298,3.259,3.265,14823446.0,48609294.29169
2025-08-09 20:00:00,3.2649,3.2758,3.2083,3.2259,26658370.6,86444964.56536
2025-08-10 00:00:00,3.2259,3.2679,3.2189,3.259,18920278.4,61365513.81519
2025-08-10 04:00:00,3.259,3.2795,3.1618,3.1875,28906460.9,93056206.75397
2025-08-10 08:00:00,3.1874,3.22,3.1521,3.1914,23377277.5,74566990.17777
2025-08-10 12:00:00,3.1914,3.2044,3.1568,3.185,16843031.4,53648260.2682
2025-08-10 16:00:00,3.185,3.2146,3.182,3.207,8736922.6,27949625.70414
2025-08-10 20:00:00,3.207,3.2085,3.1581,3.187,26360750.3,83841279.39768
2025-08-11 00:00:00,3.1869,3.2748,3.172,3.2653,32406637.6,105035520.04903
2025-08-11 04:00:00,3.2654,3.2887,3.2339,3.2451,27293749.6,89212630.43727
2025-08-11 08:00:00,3.2451,3.3342,3.2036,3.215,53777340.8,176077616.20311
2025-08-11 12:00:00,3.215,3.2362,3.1774,3.209,43158749.4,138342627.50403
2025-08-11 16:00:00,3.209,3.229,3.1474,3.1491,38561004.8,122981042.52897
2025-08-11 20:00:00,3.1491,3.1707,3.1176,3.1295,28392294.6,89168513.17156
2025-08-12 00:00:00,3.1295,3.1765,3.1274,3.1484,14423625.4,45474216.05865
2025-08-12 04:00:00,3.1483,3.1661,3.1152,3.1557,15866294.7,49904874.30147
2025-08-12 08:00:00,3.1558,3.1641,3.1041,3.1501,17861591.6,55989474.20871
2025-08-12 12:00:00,3.1501,3.2194,3.1422,3.2127,40369061.3,128747580.4324
2025-08-12 16:00:00,3.2128,3.2905,3.2052,3.2888,28781940.4,93347391.27517
2025-08-12 20:00:00,3.2888,3.3067,3.2573,3.2676,37229665.5,122169409.26338
2025-08-13 00:00:00,3.2675,3.2675,3.2054,3.2419,30838688.0,99847350.86395
2025-08-13 04:00:00,3.2418,3.2578,3.2026,3.2394,25795596.3,83399666.7064
2025-08-13 08:00:00,3.2394,3.2994,3.2389,3.2846,35661830.7,116950321.64912
2025-08-13 12:00:00,3.2845,3.335,3.2266,3.2561,62997075.0,206579126.11705
2025-08-13 16:00:00,3.2562,3.285,3.2441,3.2778,16899260.7,55224141.68252
2025-08-13 20:00:00,3.2778,3.2943,3.2523,3.2744,21108573.0,69097530.9633
2025-08-14 00:00:00,3.2744,3.3512,3.2699,3.3262,49421027.1,163666691.85727
2025-08-14 04:00:00,3.3262,3.3343,3.2348,3.2554,44337562.8,145167889.8321
2025-08-14 08:00:00,3.2554,3.2554,3.1994,3.2181,32816254.1,105783218.04928
2025-08-14 12:00:00,3.2181,3.2353,2.9915,3.0962,123244332.2,383443140.58077
2025-08-14 16:00:00,3.0962,3.0988,3.0426,3.0682,32088564.2,98544890.57073
2025-08-14 20:00:00,3.0681,3.0908,3.0295,3.0792,19764507.2,60545010.03356
2025-08-15 00:00:00,3.0792,3.1228,3.0716,3.1174,21857909.9,67710140.95337
2025-08-15 04:00:00,3.1174,3.1427,3.1057,3.1174,18343998.4,57279417.02982
2025-08-15 08:00:00,3.1173,3.1278,3.0968,3.1111,15863266.0,49371445.24098
2025-08-15 12:00:00,3.1111,3.1407,3.0111,3.0269,39995193.9,122951267.13452
2025-08-15 16:00:00,3.0269,3.0963,3.0024,3.0657,25214958.6,76819102.77524
2025-08-15 20:00:00,3.0657,3.0988,3.0545,3.0779,13652152.7,42041872.26362
2025-08-16 00:00:00,3.0778,3.1146,3.0715,3.1086,8391194.5,25961387.59168
2025-08-16 04:00:00,3.1087,3.1259,3.0885,3.1232,8590107.4,26695822.96408
2025-08-16 08:00:00,3.1233,3.156,3.1029,3.1044,22252177.9,69742795.95783
2025-08-16 12:00:00,3.1045,3.1271,3.0981,3.1036,12480082.5,38825236.37556
2025-08-16 16:00:00,3.1036,3.113,3.0924,3.1002,7526041.0,23353163.55419
2025-08-16 20:00:00,3.1001,3.109,3.0905,3.1055,5285166.9,16388908.04052
2025-08-17 00:00:00,3.1056,3.1238,3.0829,3.1198,8361989.1,25946106.4774
2025-08-17 04:00:00,3.1199,3.1387,3.1117,3.1176,8319797.9,25990040.66155
2025-08-17 08:00:00,3.1177,3.141,3.1115,3.128,9743818.7,30482984.2267
2025-08-17 12:00:00,3.1281,3.1459,3.1142,3.1438,11138653.7,34808898.36966
2025-08-17 16:00:00,3.1437,3.1472,3.0773,3.0888,19765643.2,61461587.5311
2025-08-17 20:00:00,3.0887,3.1134,3.0855,3.0877,9362194.9,29003978.63868
2025-08-18 00:00:00,3.0877,3.0916,2.9669,2.9901,44781106.9,135363004.09196
2025-08-18 04:00:00,2.99,3.0052,2.9555,2.9639,31397265.2,93533672.42602
2025-08-18 08:00:00,2.9638,2.978,2.9404,2.9644,28282346.7,83760135.79275
2025-08-18 12:00:00,2.9643,3.024,2.96,3.0158,22743921.5,67979781.90373
2025-08-18 16:00:00,3.0158,3.0969,3.0005,3.0822,23828593.7,72717297.78884
2025-08-18 20:00:00,3.0822,3.096,3.0515,3.0616,12427680.2,38228821.4555
2025-08-19 00:00:00,3.0616,3.0808,2.984,2.9902,24237041.2,73615692.82659
2025-08-19 04:00:00,2.9902,3.0279,2.9731,3.0036,23082491.2,69329546.73247
2025-08-19 08:00:00,3.0036,3.0246,2.9909,3.0156,14328561.9,43124070.76685
2025-08-19 12:00:00,3.0156,3.038,2.9271,2.9296,30356678.6,90089313.83023
2025-08-19 16:00:00,2.9296,2.9355,2.8709,2.8768,31153962.2,90662001.01882
2025-08-19 20:00:00,2.8767,2.9064,2.8488,2.8608,26026453.6,74993592.7333
2025-08-20 00:00:00,2.8608,2.9,2.8492,2.8872,21653549.3,62363054.48896
2025-08-20 04:00:00,2.8872,2.9013,2.8646,2.8674,17953407.5,51878574.96919
2025-08-20 08:00:00,2.8674,2.9142,2.8597,2.8892,23733724.3,68707713.35518
2025-08-20 12:00:00,2.8893,2.9345,2.8184,2.904,45078998.8,129863920.73348
2025-08-20 16:00:00,2.904,2.989,2.904,2.989,28313259.8,83096730.97682
2025-08-20 20:00:00,2.989,2.9896,2.9491,2.9512,15918522.8,47231089.06776
2025-08-21 00:00:00,2.9512,2.9588,2.9129,2.9299,18241396.9,53586462.70979
2025-08-21 04:00:00,2.9298,2.9408,2.8922,2.9081,15394117.6,44876577.68311
2025-08-21 08:00:00,2.9082,2.9161,2.8858,2.9021,11692724.7,33933844.7407
2025-08-21 12:00:00,2.902,2.9236,2.8725,2.8875,19703535.5,57107578.22107
2025-08-21 16:00:00,2.8874,2.9193,2.8517,2.8682,15407160.9,44519471.67711
2025-08-21 20:00:00,2.8683,2.8885,2.8424,2.8519,10933720.0,31351892.1699
2025-08-22 00:00:00,2.8518,2.885,2.8226,2.8331,19324655.0,55130853.00729
2025-08-22 04:00:00,2.833,2.8747,2.8309,2.8601,14085735.3,40282774.66519
2025-08-22 08:00:00,2.8601,2.8764,2.8041,2.8056,18243387.3,51754742.3178
2025-08-22 12:00:00,2.8056,3.0436,2.7826,3.0169,123971189.6,365456209.54271
2025-08-22 16:00:00,3.0169,3.1,3.0162,3.073,49874349.6,152948688.61596
2025-08-22 20:00:00,3.073,3.1056,3.0641,3.0744,29542847.8,91106873.53074
2025-08-23 00:00:00,3.0745,3.0749,2.9697,2.9939,35661681.3,107652766.26018
2025-08-23 04:00:00,2.994,3.0756,2.9932,3.0619,21759696.9,66202542.25113
2025-08-23 08:00:00,3.0619,3.0718,3.029,3.0434,14666152.1,44656396.70587
2025-08-23 12:00:00,3.0435,3.0474,3.0072,3.0187,14541398.3,43952556.46653
2025-08-23 16:00:00,3.0187,3.0312,3.0097,3.0297,7008640.4,21173455.70026
2025-08-23 20:00:00,3.0297,3.058,3.025,3.0485,9613278.4,29213678.86163
2025-08-24 00:00:00,3.0486,3.0886,3.0443,3.0526,17469958.6,53521292.66901
2025-08-24 04:00:00,3.0526,3.0568,3.0296,3.0357,8050221.0,24488615.31774
2025-08-24 08:00:00,3.0357,3.0478,2.9971,3.0087,14649278.6,44254048.3502
2025-08-24 12:00:00,3.0087,3.041,3.0059,3.0144,13126823.6,39655807.74721
2025-08-24 16:00:00,3.0144,3.128,2.9911,3.0343,67645803.5,206692322.81188
2025-08-24 20:00:00,3.0344,3.0474,2.987,3.0258,36411248.7,110015805.8711
2025-08-25 00:00:00,3.0259,3.0535,2.9736,3.0219,26524879.3,80145371.24474
2025-08-25 04:00:00,3.0219,3.0261,2.9301,2.9384,29408443.9,87540001.03967
2025-08-25 08:00:00,2.9385,2.9579,2.9193,2.9429,22877290.0,67230444.19296
2025-08-25 12:00:00,2.9429,2.9744,2.9276,2.9538,18882104.0,55804897.80281
2025-08-25 16:00:00,2.9538,2.9685,2.8724,2.8768,26457659.6,77498139.84467
2025-08-25 20:00:00,2.8769,2.8944,2.8223,2.8584,51993881.6,148433071.23046
2025-08-26 00:00:00,2.8584,2.898,2.8459,2.885,23454695.3,67435982.25139
2025-08-26 04:00:00,2.885,2.935,2.885,2.9172,22397842.8,65260479.77627
2025-08-26 08:00:00,2.9171,2.9278,2.8904,2.9011,16301347.4,47447276.59166
2025-08-26 12:00:00,2.9012,2.9429,2.8876,2.9331,30045507.4,87696219.10636
2025-08-26 16:00:00,2.933,3.0817,2.9261,3.0607,34879763.5,104627327.35006
2025-08-26 20:00:00,3.0606,3.0624,3.0032,3.0123,33443431.4,101216837.37146
2025-08-27 00:00:00,3.0123,3.014,2.9811,3.0043,19166729.0,57450863.63577
2025-08-27 04:00:00,3.0043,3.0279,2.9846,2.9934,16087697.6,48390762.21712
2025-08-27 08:00:00,2.9934,3.0235,2.9934,2.9984,11028211.7,33138572.69195
2025-08-27 12:00:00,2.9983,3.0321,2.9882,3.0169,21694640.4,65230018.37505
2025-08-27 16:00:00,3.017,3.0454,2.9875,3.0053,21291102.0,64231938.54024
2025-08-27 20:00:00,3.0053,3.0286,2.9621,2.9688,35002426.2,104802359.49207
2025-08-28 00:00:00,2.9688,2.9894,2.953,2.9819,13187763.0,39249390.40755
2025-08-28 04:00:00,2.982,3.0133,2.9771,3.0035,23172949.0,69485160.03681
2025-08-28 08:00:00,3.0035,3.0161,2.9919,3.0075,16586440.6,49827161.0667
2025-08-28 12:00:00,3.0076,3.0263,2.9706,2.9817,30306775.0,91200858.05227
2025-08-28 16:00:00,2.9816,2.9983,2.9432,2.9436,16058214.5,47751047.68232
2025-08-28 20:00:00,2.9436,2.9797,2.9435,2.9665,11283796.2,33417324.67066
2025-08-29 00:00:00,2.9665,2.9768,2.9375,2.9381,14224650.2,41953904.33494
2025-08-29 04:00:00,2.9381,2.9404,2.8601,2.8699,36122786.6,104601906.8077
2025-08-29 08:00:00,2.8698,2.8869,2.8436,2.8763,28725508.8,82365471.34124
2025-08-29 12:00:00,2.8762,2.9227,2.8165,2.8345,46579501.3,132942497.26584
2025-08-29 16:00:00,2.8344,2.846,2.8014,2.8138,20788693.7,58659243.94654
2025-08-29 20:00:00,2.8138,2.8265,2.7734,2.8195,22990326.3,64402758.71198
2025-08-30 00:00:00,2.8195,2.8248,2.7604,2.8127,17246045.6,48216074.20705
2025-08-30 04:00:00,2.8128,2.8349,2.8098,2.832,8958064.8,25299572.57648
2025-08-30 08:00:00,2.832,2.8324,2.7958,2.8102,13712581.0,38570290.05829
2025-08-30 12:00:00,2.8102,2.8108,2.7746,2.8068,14633375.9,40857498.79748
2025-08-30 16:00:00,2.8069,2.8184,2.7989,2.8104,7285546.6,20465629.51306
2025-08-30 20:00:00,2.8104,2.8183,2.7992,2.8181,6377855.7,17904235.32207
2025-08-31 00:00:00,2.818,2.8693,2.818,2.852,11873007.8,33774091.2017
2025-08-31 04:00:00,2.852,2.8565,2.8227,2.8289,7046988.3,19994262.48516
2025-08-31 08:00:00,2.8289,2.8447,2.812,2.8238,10237089.2,28950938.6812
2025-08-31 12:00:00,2.8238,2.8251,2.8014,2.8222,8754899.8,24639973.17762
2025-08-31 16:00:00,2.8222,2.8223,2.7983,2.8002,6972905.8,19601181.53126
2025-08-31 20:00:00,2.8001,2.8173,2.7707,2.7757,11555140.4,32258116.37292
2025-09-01 00:00:00,2.7757,2.7793,2.7256,2.742,39398612.7,108355534.55443
2025-09-01 04:00:00,2.7421,2.7946,2.7014,2.7943,35701492.6,97710582.78263
2025-09-01 08:00:00,2.7943,2.839,2.7672,2.7697,38468382.2,107974775.78731
2025-09-01 12:00:00,2.7697,2.7804,2.7518,2.7625,17701887.7,48978201.76072
2025-09-01 16:00:00,2.7625,2.7746,2.7203,2.7735,17355683.0,47662931.71968
2025-09-01 20:00:00,2.7735,2.7758,2.6975,2.7589,31179341.4,85525268.23568
2025-09-02 00:00:00,2.7589,2.8014,2.7484,2.798,16698724.7,46312033.61156
2025-09-02 04:00:00,2.798,2.8159,2.7856,2.794,21832642.0,61181802.82786
2025-09-02 08:00:00,2.7939,2.8329,2.7935,2.7987,16164221.2,45405799.59808
2025-09-02 12:00:00,2.7986,2.8455,2.762,2.7905,45280872.1,127118014.75185
2025-09-02 16:00:00,2.7904,2.8287,2.7818,2.8282,15883479.5,44530974.21822
2025-09-02 20:00:00,2.8282,2.8641,2.817,2.862,18829101.0,53576823.28944
2025-09-03 00:00:00,2.862,2.8654,2.8257,2.8412,16301729.9,46380934.01932
2025-09-03 04:00:00,2.8412,2.8444,2.811,2.8211,14057868.4,39697520.9191
2025-09-03 08:00:00,2.821,2.8639,2.8202,2.857,20471885.8,58222956.02992
2025-09-03 12:00:00,2.857,2.8867,2.8422,2.8723,22151242.5,63499389.15561
2025-09-03 16:00:00,2.8722,2.8743,2.8433,2.8651,14201807.6,40566708.36041
2025-09-03 20:00:00,2.8651,2.8675,2.8392,2.8443,9589758.9,27337642.80469
2025-09-04 00:00:00,2.8442,2.857,2.8331,2.8444,10860952.2,30871732.42171
2025-09-04 04:00:00,2.8445,2.8629,2.814,2.8247,17421031.0,49302921.9269
2025-09-04 08:00:00,2.8247,2.8557,2.824,2.8413,14620128.1,41561672.9503
2025-09-04 12:00:00,2.8414,2.8482,2.804,2.8104,25820500.8,73013586.96327
2025-09-04 16:00:00,2.8105,2.8234,2.7842,2.785,14876688.8,41730271.79657
2025-09-04 20:00:00,2.785,2.8256,2.785,2.7946,10940329.6,30693117.74977
2025-09-05 00:00:00,2.7947,2.8139,2.778,2.8071,12910173.5,36124743.48046
2025-09-05 04:00:00,2.8071,2.8496,2.8034,2.8443,15601663.8,44031281.71755
2025-09-05 08:00:00,2.8443,2.8543,2.8284,2.8439,14078037.8,39997326.62739
2025-09-05 12:00:00,2.8439,2.8849,2.8,2.8148,50416393.0,143606425.98516
2025-09-05 16:00:00,2.8148,2.865,2.8037,2.8648,14564444.0,41178892.56468
2025-09-05 20:00:00,2.8648,2.8653,2.8141,2.8147,13378783.6,37957029.07073
2025-09-06 00:00:00,2.8146,2.8289,2.8123,2.827,5932783.8,16722303.68856
2025-09-06 04:00:00,2.827,2.827,2.8135,2.8204,2748386.8,7743907.05295
2025-09-06 08:00:00,2.8204,2.8206,2.8011,2.8064,5343020.1,15005698.22051
2025-09-06 12:00:00,2.8064,2.8179,2.8005,2.8021,6536535.5,18368599.69383
2025-09-06 16:00:00,2.8021,2.808,2.7927,2.7944,7178550.8,20105630.33444
2025-09-06 20:00:00,2.7943,2.8127,2.7943,2.8098,3650269.6,10235645.78677
2025-09-07 00:00:00,2.8098,2.8256,2.8092,2.8223,3267308.3,9211112.40393
2025-09-07 04:00:00,2.8223,2.8345,2.8175,2.8308,5574391.4,15742959.51323
2025-09-07 08:00:00,2.8308,2.8374,2.8257,2.8315,4570453.3,12941670.82474
2025-09-07 12:00:00,2.8316,2.9285,2.8289,2.9001,39821986.9,115060796.69941
2025-09-07 16:00:00,2.9002,2.9008,2.8507,2.8627,16467969.8,47305009.49247
2025-09-07 20:00:00,2.8627,2.8921,2.8553,2.877,13074729.4,37584374.13546
2025-09-08 00:00:00,2.877,2.9,2.8627,2.889,15445861.1,44502966.61637
2025-09-08 04:00:00,2.889,2.9111,2.8739,2.9106,18457278.5,53347920.80586
2025-09-08 08:00:00,2.9106,2.955,2.9033,2.9362,25671294.4,75248744.35674
2025-09-08 12:00:00,2.9363,2.9964,2.934,2.9856,32753768.6,97546061.7828
2025-09-08 16:00:00,2.9856,2.9908,2.9614,2.9798,17193124.8,51141917.89088
2025-09-08 20:00:00,2.9799,2.9848,2.9546,2.9697,11884850.8,35313214.4397
2025-09-09 00:00:00,2.9698,2.9782,2.9337,2.9501,17697403.6,52246127.70444
2025-09-09 04:00:00,2.95,3.0277,2.9444,3.02,28609188.5,85548887.19318
2025-09-09 08:00:00,3.02,3.0365,2.9991,3.0043,19480883.5,58744368.92319
2025-09-09 12:00:00,3.0043,3.03,2.9367,2.9471,31848494.9,94980895.40007
2025-09-09 16:00:00,2.9471,2.9729,2.9436,2.9651,9250626.6,27370646.93707
2025-09-09 20:00:00,2.9652,2.9685,2.9404,2.9474,10026833.1,29583690.74833
2025-09-10 00:00:00,2.9474,2.9641,2.9357,2.9625,10496269.0,30983765.727
2025-09-10 04:00:00,2.9624,2.9812,2.9457,2.981,12712878.2,37627718.05341
2025-09-10 08:00:00,2.9811,2.9871,2.9603,2.971,8662963.3,25744887.38022
2025-09-10 12:00:00,2.9711,3.024,2.9704,3.0025,30976394.8,93028320.78224
2025-09-10 16:00:00,3.0026,3.014,2.9672,2.9785,15013957.4,44956699.66355
2025-09-10 20:00:00,2.9785,2.9888,2.9718,2.9834,7466215.3,22253961.03445
2025-09-11 00:00:00,2.9834,3.0118,2.9772,3.0091,8857058.2,26526429.32331
2025-09-11 04:00:00,3.0092,3.0139,2.9914,3.0034,12796073.5,38412411.95706
2025-09-11 08:00:00,3.0033,3.035,2.9984,3.0077,19209056.7,57949587.94761
2025-09-11 12:00:00,3.0077,3.034,2.9507,2.9949,40349505.9,120810818.93601
2025-09-11 16:00:00,2.995,3.0344,2.99,3.0257,16890625.7,50955249.39412
2025-09-11 20:00:00,3.0258,3.049,3.0109,3.0398,17022123.9,51546468.05515
2025-09-12 00:00:00,3.0398,3.0719,3.032,3.0371,21420574.2,65342790.92093
2025-09-12 04:00:00,3.0372,3.0731,3.0282,3.0667,20133052.6,61540403.50828
2025-09-12 08:00:00,3.0668,3.0704,3.0372,3.0389,12029650.9,36684714.7026
2025-09-12 12:00:00,3.0389,3.0647,3.018,3.0277,21529963.8,65406027.53989
2025-09-12 16:00:00,3.0277,3.0934,3.0225,3.09,23977202.4,73452044.07341
2025-09-12 20:00:00,3.0899,3.1376,3.0826,3.1054,31322564.2,97304010.55921
2025-09-13 00:00:00,3.1054,3.1257,3.0901,3.1144,11902693.4,36973339.93589
2025-09-13 04:00:00,3.1143,3.1219,3.0992,3.117,10865214.0,33795094.87351
2025-09-13 08:00:00,3.117,3.1858,3.1104,3.1728,33921266.0,107210018.79441
2025-09-13 12:00:00,3.1729,3.1812,3.1179,3.1333,26850633.2,84535206.11291
2025-09-13 16:00:00,3.1333,3.1421,3.089,3.111,19936554.7,62052098.61442
2025-09-13 20:00:00,3.1109,3.1282,3.1089,3.1193,9315155.6,29067537.61269
2025-09-14 00:00:00,3.1193,3.1267,3.085,3.095,13778274.4,42826177.34351
2025-09-14 04:00:00,3.095,3.1085,3.0753,3.0841,13320011.2,41176008.09117
2025-09-14 08:00:00,3.0842,3.095,3.0542,3.059,12750239.1,39234154.54449
2025-09-14 12:00:00,3.0589,3.0663,3.0099,3.0314,23219491.5,70442625.57
2025-09-14 16:00:00,3.0314,3.0595,3.0281,3.038,12629601.1,38455590.49428
2025-09-14 20:00:00,3.038,3.0575,3.025,3.0279,10747025.5,32679015.02719
2025-09-15 00:00:00,3.028,3.0523,3.012,3.0481,12107574.7,36777469.22986
2025-09-15 04:00:00,3.0481,3.0669,3.0125,3.0232,17163274.6,52248475.39124
2025-09-15 08:00:00,3.0231,3.0241,2.9532,2.9994,34792487.4,103773107.77834
2025-09-15 12:00:00,2.9993,3.043,2.9843,3.0275,33370959.1,100570261.52541
2025-09-15 16:00:00,3.0275,3.0356,2.9838,2.9883,14770929.1,44432394.81032
2025-09-15 20:00:00,2.9883,3.0041,2.9708,2.9969,9330851.1,27914960.86879
2025-09-16 00:00:00,2.9969,2.999,2.9767,2.9791,9408072.8,28094856.57722
2025-09-16 04:00:00,2.9791,3.0138,2.9642,3.0079,15393858.3,46019667.51764
2025-09-16 08:00:00,3.0078,3.0496,3.0035,3.0289,17108584.8,51808520.68501
2025-09-16 12:00:00,3.0289,3.0478,3.0004,3.0393,17783816.7,53801653.02849
2025-09-16 16:00:00,3.0394,3.0586,3.0307,3.0519,10889132.9,33150516.48151
2025-09-16 20:00:00,3.0518,3.0579,3.0353,3.0376,6370297.5,19419826.40579
2025-09-17 00:00:00,3.0376,3.0476,3.0156,3.0162,17991876.9,54572265.25638
2025-09-17 04:00:00,3.0163,3.0389,3.0054,3.0342,14377393.5,43411892.58894
2025-09-17 08:00:00,3.0342,3.0343,3.0029,3.0088,13266191.3,39988036.74588
2025-09-17 12:00:00,3.0088,3.0377,3.0086,3.0227,12315390.1,37212651.73163
2025-09-17 16:00:00,3.0227,3.0685,2.9814,3.0321,44737036.5,135473686.29554
2025-09-17 20:00:00,3.0322,3.1079,3.0059,3.0841,29820770.1,91380073.64838
2025-09-18 00:00:00,3.0841,3.112,3.0707,3.1051,20874925.1,64559103.15755
2025-09-18 04:00:00,3.105,3.1074,3.0558,3.0924,22656636.8,69850228.81734
2025-09-18 08:00:00,3.0925,3.1375,3.0901,3.1368,23559446.1,73337522.66884
2025-09-18 12:00:00,3.1369,3.1397,3.1023,3.1134,23579422.0,73599910.54176
2025-09-18 16:00:00,3.1134,3.123,3.0884,3.1074,16096559.4,50058201.65741
2025-09-18 20:00:00,3.1074,3.1079,3.0601,3.0735,14331951.3,44163604.02004
2025-09-19 00:00:00,3.0735,3.0941,3.0453,3.047,14794231.7,45416661.47399
2025-09-19 04:00:00,3.0469,3.0536,3.0232,3.0382,19081616.2,57947870.47515
2025-09-19 08:00:00,3.0381,3.0475,3.0223,3.0304,13246302.3,40156354.13557
2025-09-19 12:00:00,3.0305,3.0462,2.9887,3.0103,25573778.8,77133000.59711
2025-09-19 16:00:00,3.0103,3.017,2.9836,2.9862,12012602.3,36065734.36579
2025-09-19 20:00:00,2.9862,3.0007,2.9784,2.9901,8006107.3,23934276.15221
2025-09-20 00:00:00,2.99,3.0013,2.98,2.9914,5032113.5,15053737.14795
2025-09-20 04:00:00,2.9915,3.0091,2.9873,3.0089,4863732.9,14589543.62549
2025-09-20 08:00:00,3.0088,3.0091,2.9745,2.9891,9208887.6,27487780.11352
2025-09-20 12:00:00,2.9892,2.9961,2.9652,2.9893,19878854.2,59297221.12985
2025-09-20 16:00:00,2.9893,2.9928,2.971,2.9744,12685064.1,37817918.5282
2025-09-20 20:00:00,2.9745,2.9855,2.97,2.975,11055077.7,32899983.81779
2025-09-21 00:00:00,2.975,2.9987,2.9725,2.9976,9072888.8,27092540.01839
2025-09-21 04:00:00,2.9977,3.0135,2.9931,2.997,9174271.1,27553391.38892
2025-09-21 08:00:00,2.997,3.0005,2.9618,2.9751,7336152.7,21831491.9655
2025-09-21 12:00:00,2.9751,2.9884,2.9696,2.9798,4664708.0,13902291.54451
2025-09-21 16:00:00,2.9799,2.9856,2.9523,2.9818,8942408.9,26528790.44505
2025-09-21 20:00:00,2.9817,2.9927,2.9644,2.9701,6478311.6,19293567.29656
2025-09-22 00:00:00,2.9701,2.9755,2.8769,2.9038,43360321.0,126408529.7766
2025-09-22 04:00:00,2.9038,2.9066,2.6975,2.806,76235792.0,213573150.60562
2025-09-22 08:00:00,2.806,2.8239,2.7895,2.8162,32925635.4,92525567.61962
2025-09-22 12:00:00,2.8163,2.8746,2.8041,2.8602,41513502.8,118295769.39009
2025-09-22 16:00:00,2.8602,2.8703,2.8157,2.8345,25418671.2,72313017.89435
2025-09-22 20:00:00,2.8344,2.8571,2.8146,2.8526,9293270.5,26383061.55878
2025-09-23 00:00:00,2.8525,2.8725,2.7991,2.8596,18355738.2,52098242.71801
2025-09-23 04:00:00,2.8597,2.8843,2.8356,2.8646,20845624.7,59752291.63836
2025-09-23 08:00:00,2.8646,2.8738,2.8494,2.8584,14845259.4,42486468.0233
2025-09-23 12:00:00,2.8583,2.8839,2.8529,2.8766,15544768.2,44557764.9994
2025-09-23 16:00:00,2.8766,2.8964,2.8379,2.8532,20306620.8,58147767.42636
2025-09-23 20:00:00,2.8531,2.8599,2.8175,2.8247,10494291.0,29806658.43059
2025-09-24 00:00:00,2.8247,2.8431,2.8055,2.814,18124173.7,51180781.39074
2025-09-24 04:00:00,2.8139,2.8774,2.7883,2.8736,23391695.1,66390081.76964
2025-09-24 08:00:00,2.8737,2.8842,2.8671,2.8804,10921390.9,31396391.24083
2025-09-24 12:00:00,2.8804,2.9511,2.8718,2.9404,21991539.0,63955913.29304
2025-09-24 16:00:00,2.9403,2.9955,2.9289,2.9773,26746042.6,79040440.88017
2025-09-24 20:00:00,2.9772,2.9796,2.9234,2.9257,24242391.3,71532877.21147
2025-09-25 00:00:00,2.9257,2.9446,2.87,2.873,23877735.5,69324484.60145
2025-09-25 04:00:00,2.873,2.8785,2.8324,2.8424,30225848.2,86163165.40545
2025-09-25 08:00:00,2.8424,2.8549,2.8074,2.8154,22261137.2,62997986.04575
2025-09-25 12:00:00,2.8154,2.8607,2.7852,2.8312,39790295.8,112568038.00344
2025-09-25 16:00:00,2.8312,2.8377,2.7244,2.7606,55912823.9,155035506.92224
2025-09-25 20:00:00,2.7607,2.7721,2.7321,2.7435,24353336.3,66996330.63123
2025-09-26 00:00:00,2.7435,2.7787,2.7387,2.7611,17665121.1,48745929.12411
2025-09-26 04:00:00,2.7611,2.7754,2.7379,2.7551,26363691.3,72630542.16742
2025-09-26 08:00:00,2.7551,2.7687,2.6984,2.7277,34322597.8,93571082.90198
2025-09-26 12:00:00,2.7277,2.7766,2.7004,2.7353,40396597.1,110608525.14205
2025-09-26 16:00:00,2.7353,2.809,2.7319,2.7918,29678525.9,82576792.78904
2025-09-26 20:00:00,2.7918,2.7974,2.7698,2.7835,14374771.5,39987107.01819
2025-09-27 00:00:00,2.7836,2.79,2.7675,2.7836,6957976.8,19329843.77762
2025-09-27 04:00:00,2.7835,2.8016,2.7757,2.781,6751700.9,18816007.2764
2025-09-27 08:00:00,2.7809,2.7939,2.7619,2.777,6578799.7,18274150.90695
2025-09-27 12:00:00,2.777,2.789,2.7727,2.7842,6394921.4,17787241.78649
2025-09-27 16:00:00,2.7842,2.7949,2.7628,2.79,7955912.5,22140876.89115
2025-09-27 20:00:00,2.7899,2.8287,2.7874,2.8047,10064494.9,28262838.45443
2025-09-28 00:00:00,2.8047,2.8146,2.7771,2.7826,17164923.6,48016653.62434
2025-09-28 04:00:00,2.7827,2.7947,2.7747,2.7874,4889263.3,13612912.65412
2025-09-28 08:00:00,2.7874,2.7945,2.7701,2.7764,7756833.9,21572568.59103
2025-09-28 12:00:00,2.7764,2.8138,2.7661,2.8107,8942258.8,24927240.11224
2025-09-28 16:00:00,2.8106,2.8346,2.8048,2.8277,12413042.7,35011204.86337
2025-09-28 20:00:00,2.8276,2.8675,2.8266,2.8674,14687187.7,41860779.11154
2025-09-29 00:00:00,2.8675,2.8848,2.8482,2.8634,20843414.3,59697848.92522
2025-09-29 04:00:00,2.8635,2.9054,2.8454,2.8869,18034398.1,51786605.84813
2025-09-29 08:00:00,2.8868,2.8926,2.8528,2.8551,11177195.4,32111118.19846
2025-09-29 12:00:00,2.8551,2.9289,2.8455,2.894,27662922.4,79916458.42688
2025-09-29 16:00:00,2.8939,2.9033,2.8657,2.8977,21794299.3,62859046.73212
2025-09-29 20:00:00,2.8977,2.915,2.8787,2.8801,16961145.8,49123268.05251
2025-09-30 00:00:00,2.8801,2.8926,2.8681,2.876,11979630.5,34504689.52048
2025-09-30 04:00:00,2.8759,2.9077,2.872,2.874,12241824.8,35384180.81823
2025-09-30 08:00:00,2.874,2.8753,2.8341,2.8468,15210322.1,43343447.84427
2025-09-30 12:00:00,2.8468,2.8629,2.8132,2.8279,18830041.1,53408652.0442
2025-09-30 16:00:00,2.8279,2.8708,2.8174,2.8637,25364851.9,71910220.09695
2025-09-30 20:00:00,2.8638,2.8792,2.8339,2.8468,16765749.3,47929392.58863
2025-10-01 00:00:00,2.8468,2.8597,2.8141,2.819,10899970.7,30943619.8911
2025-10-01 04:00:00,2.8191,2.8574,2.8163,2.854,17429908.3,49538850.64029
2025-10-01 08:00:00,2.8539,2.952,2.8517,2.9439,46922593.2,136932662.95115
2025-10-01 12:00:00,2.9439,2.9582,2.9269,2.9419,30507079.9,89750951.22873
2025-10-01 16:00:00,2.9419,2.9616,2.9195,2.9549,18341504.6,53912033.23985
2025-10-01 20:00:00,2.9549,2.9555,2.9261,2.9485,12161352.1,35731246.20606
2025-10-02 00:00:00,2.9485,2.9877,2.9403,2.9723,18779884.4,55693433.19293
2025-10-02 04:00:00,2.9723,2.9856,2.9538,2.9692,20300602.2,60308263.91585
2025-10-02 08:00:00,2.9691,2.9962,2.9666,2.9715,15361526.0,45832723.17296
2025-10-02 12:00:00,2.9716,2.9939,2.9461,2.9917,24194773.9,71936264.07629
2025-10-02 16:00:00,2.9917,3.0998,2.9871,3.0902,46205046.6,140741466.62652
2025-10-02 20:00:00,3.0903,3.0912,3.026,3.0389,22232718.5,67805392.98506
2025-10-03 00:00:00,3.0388,3.0393,3.0041,3.0202,19768299.4,59718221.14788
2025-10-03 04:00:00,3.0202,3.035,3.0131,3.0339,15202426.6,45970944.5302
2025-10-03 08:00:00,3.0339,3.0582,3.0224,3.0379,17540193.1,53368362.87228
2025-10-03 12:00:00,3.038,3.0731,3.0079,3.0692,22173152.8,67302319.68943
2025-10-03 16:00:00,3.0693,3.0948,3.0124,3.0347,40619698.1,124179651.34532
2025-10-03 20:00:00,3.0347,3.0556,3.0211,3.0401,10435736.7,31741409.24623
2025-10-04 00:00:00,3.0402,3.0522,3.0082,3.0233,11338249.3,34323221.46507
2025-10-04 04:00:00,3.0234,3.0315,3.0145,3.018,5890673.1,17808853.56936
2025-10-04 08:00:00,3.0179,3.022,2.9828,2.9904,14383423.1,43121284.26557
2025-10-04 12:00:00,2.9904,3.0065,2.9409,2.9497,20301961.7,60355108.41828
2025-10-04 16:00:00,2.9497,2.9568,2.939,2.9501,10239703.0,30179667.40791
2025-10-04 20:00:00,2.9502,2.9731,2.9457,2.9685,7275970.6,21533130.97692
2025-10-05 00:00:00,2.9685,3.0263,2.9555,3.0075,13848077.6,41460309.30773
2025-10-05 04:00:00,3.0075,3.0675,3.0049,3.0633,22409369.0,68056207.02561
2025-10-05 08:00:00,3.0633,3.0716,3.0011,3.022,23050771.3,69900452.51064
2025-10-05 12:00:00,3.022,3.0221,2.9856,3.0128,11444808.2,34378883.32311
2025-10-05 16:00:00,3.0127,3.015,2.9483,2.9529,17890841.5,53237325.1867
2025-10-05 20:00:00,2.9528,2.9851,2.9468,2.9697,17254843.8,51212512.96773
2025-10-06 00:00:00,2.9697,2.9924,2.9551,2.978,14162232.2,42123354.47344
2025-10-06 04:00:00,2.978,2.9999,2.9623,2.9737,11844919.4,35296347.5258
2025-10-06 08:00:00,2.9736,3.0088,2.9736,2.9951,12093633.1,36184086.28874
2025-10-06 12:00:00,2.9951,3.039,2.9844,3.0312,35439435.7,106693970.4412
2025-10-06 16:00:00,3.0311,3.0506,3.0212,3.0247,21378200.4,64913815.09474
2025-10-06 20:00:00,3.0247,3.0336,2.9867,2.9883,22268082.2,66892578.55681
2025-10-07 00:00:00,2.9883,3.0009,2.9766,2.986,11679361.4,34876492.97185
2025-10-07 04:00:00,2.986,3.0012,2.9618,2.9716,19304227.8,57508198.24154
2025-10-07 08:00:00,2.9716,2.9804,2.9546,2.9705,17030945.0,50577269.65392
2025-10-07 12:00:00,2.9705,2.9917,2.85,2.8847,57604005.5,168472192.86058
2025-10-07 16:00:00,2.8847,2.904,2.8489,2.8568,30107645.2,86661399.84271
2025-10-07 20:00:00,2.8569,2.8816,2.8497,2.852,15978791.7,45824496.84059
2025-10-08 00:00:00,2.8521,2.8792,2.8374,2.8464,17040623.1,48802947.63189
2025-10-08 04:00:00,2.8465,2.8641,2.8303,2.858,14951258.1,42644626.67847
2025-10-08 08:00:00,2.8579,2.881,2.8561,2.8762,14273164.2,40962804.51041
2025-10-08 12:00:00,2.8761,2.8937,2.8517,2.866,15107329.4,43397749.93611
2025-10-08 16:00:00,2.8661,2.9248,2.8627,2.9093,17097521.6,49619954.53045
2025-10-08 20:00:00,2.9093,2.9119,2.8763,2.8797,7634010.6,22090014.77922
2025-10-09 00:00:00,2.8797,2.8801,2.8244,2.8443,18174749.7,51820435.15307
2025-10-09 04:00:00,2.8444,2.8487,2.8136,2.8172,14812281.9,41921743.84652
2025-10-09 08:00:00,2.8172,2.8282,2.786,2.8263,25371851.3,71195796.45818
2025-10-09 12:00:00,2.8262,2.8407,2.7897,2.8024,22208992.2,62534689.85452
2025-10-09 16:00:00,2.8024,2.8096,2.7714,2.7889,20066527.5,56028101.01012
2025-10-09 20:00:00,2.789,2.8169,2.7836,2.8021,9602510.3,26878997.59166
2025-10-10 00:00:00,2.8021,2.8297,2.7905,2.8129,11713174.6,32896248.02156
2025-10-10 04:00:00,2.813,2.8308,2.7991,2.8033,10839030.8,30502420.86024
2025-10-10 08:00:00,2.8032,2.8308,2.7986,2.8186,7685482.6,21654593.43922
2025-10-10 12:00:00,2.8187,2.8372,2.7131,2.7417,50664900.5,140021951.72279
2025-10-10 16:00:00,2.7417,2.7647,2.6356,2.6768,58532229.6,158260242.0961
2025-10-10 20:00:00,2.6768,2.698,1.2543,2.3704,453398406.6,1032680544.37234
2025-10-11 00:00:00,2.3704,2.459,2.3,2.3974,130571712.9,310165951.3655
2025-10-11 04:00:00,2.3974,2.4516,2.3901,2.4115,66721071.6,161486695.78216
2025-10-11 08:00:00,2.4115,2.5061,2.3993,2.4773,51146170.7,126266797.42866
2025-10-11 12:00:00,2.4772,2.487,2.4152,2.4783,43633974.4,106954497.56933
2025-10-11 16:00:00,2.4783,2.4928,2.383,2.4097,29948459.2,73292571.82674
2025-10-11 20:00:00,2.4096,2.4118,2.3228,2.3819,55495199.2,131604074.83448
2025-10-12 00:00:00,2.3819,2.3871,2.3121,2.3417,40743251.9,95432520.55386
2025-10-12 04:00:00,2.3417,2.4006,2.3399,2.3897,23751403.7,56369425.31121
2025-10-12 08:00:00,2.3897,2.411,2.369,2.3975,22948916.0,54914705.0997
2025-10-12 12:00:00,2.3974,2.5145,2.3615,2.4885,71922020.5,175712811.2662
2025-10-12 16:00:00,2.4884,2.552,2.4879,2.5473,50801190.4,127994171.9042
2025-10-12 20:00:00,2.5472,2.5841,2.5081,2.5282,38098740.6,96814330.08415
2025-10-13 00:00:00,2.5283,2.574,2.5125,2.5508,36720801.6,93333946.96046
2025-10-13 04:00:00,2.5508,2.6372,2.5337,2.6213,32941045.0,85180308.7531
2025-10-13 08:00:00,2.6214,2.6426,2.5352,2.5692,39619034.4,102986092.93382
2025-10-13 12:00:00,2.5691,2.6163,2.5507,2.5873,50796200.0,131063788.70743
2025-10-13 16:00:00,2.5873,2.6397,2.5705,2.6247,34530626.9,89996041.8842
2025-10-13 20:00:00,2.6247,2.646,2.5975,2.6052,21236365.8,55685864.76443
2025-10-14 00:00:00,2.6052,2.6208,2.55,2.5606,31275861.2,80792847.96097
2025-10-14 04:00:00,2.5605,2.5655,2.4178,2.4524,58470679.9,145253315.5073
2025-10-14 08:00:00,2.4524,2.4753,2.412,2.4517,30113606.9,73751163.06292
2025-10-14 12:00:00,2.4518,2.4991,2.3888,2.4974,54666628.2,133234135.09344
2025-10-14 16:00:00,2.4975,2.5362,2.4611,2.4837,48538814.2,121457927.78251
2025-10-14 20:00:00,2.4837,2.5127,2.4751,2.5033,13351869.2,33272670.38562
2025-10-15 00:00:00,2.5033,2.526,2.4795,2.4881,13550093.9,33895983.78283
2025-10-15 04:00:00,2.4881,2.5094,2.4794,2.507,12490666.5,31177114.07252
2025-10-15 08:00:00,2.5069,2.5475,2.4775,2.4928,29387800.4,73829891.37473
2025-10-15 12:00:00,2.4928,2.5118,2.4237,2.4333,44745428.8,110508538.95063
2025-10-15 16:00:00,2.4333,2.4491,2.4022,2.4053,22806660.6,55399619.92236
2025-10-15 20:00:00,2.4054,2.4207,2.3754,2.4109,24612761.0,59093950.99933
2025-10-16 00:00:00,2.411,2.4354,2.3996,2.4182,18020534.5,43572816.26841
2025-10-16 04:00:00,2.4181,2.4333,2.3973,2.4104,18740740.6,45256342.16443
2025-10-16 08:00:00,2.4104,2.4573,2.3533,2.4524,34193136.4,82223584.10418
2025-10-16 12:00:00,2.4524,2.4665,2.3375,2.3554,47131860.5,113362758.78832
2025-10-16 16:00:00,2.3553,2.3989,2.3078,2.3271,45677938.4,107399556.98275
2025-10-16 20:00:00,2.3271,2.3361,2.2833,2.328,32683675.9,75397665.29865
2025-10-17 00:00:00,2.328,2.4,2.3199,2.3584,29156625.1,68796559.30749
2025-10-17 04:00:00,2.3584,2.36,2.2319,2.2391,62781370.4,143367886.16591
2025-10-17 08:00:00,2.2391,2.2967,2.1901,2.2831,67367574.9,150563749.16708
2025-10-17 12:00:00,2.2831,2.3049,2.2403,2.3008,38281445.6,87128378.52611
2025-10-17 16:00:00,2.3009,2.3277,2.2775,2.297,21785561.2,50143951.44659
2025-10-17 20:00:00,2.2971,2.3416,2.2914,2.2936,14265555.8,33049167.97562
2025-10-18 00:00:00,2.2936,2.3436,2.2894,2.3389,11726765.7,27246944.659
2025-10-18 04:00:00,2.3389,2.3758,2.3155,2.3539,15057847.2,35393925.11727
2025-10-18 08:00:00,2.354,2.3795,2.347,2.3789,11873591.8,28002319.74288
2025-10-18 12:00:00,2.3788,2.3915,2.3403,2.3488,15289550.0,36152644.64273
2025-10-18 16:00:00,2.3488,2.3715,2.3332,2.3669,8798898.5,20702919.07901
2025-10-18 20:00:00,2.367,2.3746,2.3506,2.3596,7284612.0,17201108.87031
2025-10-19 00:00:00,2.3596,2.3688,2.336,2.3687,7397081.7,17371731.13214
2025-10-19 04:00:00,2.3686,2.3697,2.3418,2.3484,5953723.9,14011837.42731
2025-10-19 08:00:00,2.3483,2.3984,2.3177,2.3751,29285236.9,69223890.69092
2025-10-19 12:00:00,2.3751,2.415,2.3622,2.4008,19856398.9,47568072.4452
2025-10-19 16:00:00,2.4008,2.4195,2.3882,2.3991,14425899.2,34660682.50221
2025-10-19 20:00:00,2.3992,2.4096,2.3864,2.3908,9132663.4,21910728.58006
2025-10-20 00:00:00,2.3907,2.4412,2.3547,2.4338,17804988.8,42512908.33163
2025-10-20 04:00:00,2.4339,2.4773,2.4311,2.4704,21216109.0,52057438.35777
2025-10-20 08:00:00,2.4703,2.48,2.4517,2.4575,21005019.5,51768828.03334
2025-10-20 12:00:00,2.4575,2.4852,2.4468,2.4628,19498138.6,47989831.03454
2025-10-20 16:00:00,2.4628,2.5529,2.4269,2.5236,34109800.4,84607154.62189
2025-10-20 20:00:00,2.5237,2.535,2.4833,2.4948,18386636.0,46107546.93595
2025-10-21 00:00:00,2.4948,2.4952,2.4486,2.4528,13543967.8,33405103.0156
2025-10-21 04:00:00,2.4527,2.4541,2.4117,2.4267,25892159.0,62878123.73205
2025-10-21 08:00:00,2.4266,2.4328,2.4011,2.4322,17156154.9,41416851.90387
2025-10-21 12:00:00,2.4321,2.5323,2.4077,2.5223,37939002.3,93590205.25516
2025-10-21 16:00:00,2.5223,2.5244,2.4726,2.4931,27390243.3,68430390.59171
2025-10-21 20:00:00,2.4931,2.4974,2.4156,2.4222,20239884.9,49725929.39821
2025-10-22 00:00:00,2.4221,2.4344,2.4042,2.4201,15630244.8,37818933.38255
2025-10-22 04:00:00,2.4201,2.4375,2.3913,2.4098,23735147.3,57155981.20244
2025-10-22 08:00:00,2.4099,2.4099,2.3639,2.3962,23290460.1,55614145.72338
2025-10-22 12:00:00,2.3961,2.4168,2.3671,2.4004,26209130.0,62788012.12933
2025-10-22 16:00:00,2.4004,2.4064,2.355,2.3764,18386013.3,43820309.85256
2025-10-22 20:00:00,2.3763,2.381,2.3255,2.3647,24443107.8,57441832.40128
2025-10-23 00:00:00,2.3647,2.3869,2.3617,2.3793,9923653.4,23552540.3128
2025-10-23 04:00:00,2.3793,2.4193,2.3771,2.4075,16898457.9,40578966.57231
2025-10-23 08:00:00,2.4076,2.4173,2.3899,2.3909,12345827.6,29740655.01295
2025-10-23 12:00:00,2.391,2.4194,2.3747,2.4083,18935970.1,45359515.52648
2025-10-23 16:00:00,2.4083,2.4259,2.392,2.4066,16089132.5,38725199.34047
2025-10-23 20:00:00,2.4066,2.4067,2.378,2.3947,10144159.6,24257428.86302
2025-10-24 00:00:00,2.3948,2.41,2.3863,2.4067,8850679.3,21221095.39903
2025-10-24 04:00:00,2.4067,2.4495,2.4038,2.4406,17428094.7,42433674.01146
2025-10-24 08:00:00,2.4406,2.4641,2.4339,2.4559,12797331.9,31350209.54104
2025-10-24 12:00:00,2.456,2.5146,2.4559,2.4793,40180425.6,99918897.70643
2025-10-24 16:00:00,2.4793,2.5135,2.46,2.5006,19722825.6,49076257.98993
2025-10-24 20:00:00,2.5006,2.516,2.4968,2.5103,13072567.9,32766569.12142
2025-10-25 00:00:00,2.5103,2.5609,2.5021,2.5401,18178339.0,46092296.90257
2025-10-25 04:00:00,2.54,2.5712,2.5369,2.543,13446343.9,34329598.74221
2025-10-25 08:00:00,2.5429,2.5707,2.5283,2.5643,12530187.0,31925605.75921
2025-10-25 12:00:00,2.5643,2.6203,2.56,2.5978,20711903.0,53734144.81179
2025-10-25 16:00:00,2.5977,2.6542,2.5879,2.6046,20278317.2,53069483.26822
2025-10-25 20:00:00,2.6047,2.6181,2.5891,2.5959,10684470.3,27798569.87057
2025-10-26 00:00:00,2.5958,2.6286,2.592,2.6015,11063242.3,28889071.7171
2025-10-26 04:00:00,2.6016,2.6271,2.5995,2.6241,6761461.3,17694823.53366
2025-10-26 08:00:00,2.6241,2.6624,2.6178,2.6469,18951622.1,50040593.03548
2025-10-26 12:00:00,2.6469,2.6568,2.6291,2.641,14274165.1,37718394.55668
2025-10-26 16:00:00,2.641,2.6417,2.6082,2.6143,12731831.8,33387443.51294
2025-10-26 20:00:00,2.6144,2.662,2.5975,2.6461,19898794.1,52418083.07994
2025-10-27 00:00:00,2.646,2.6699,2.6222,2.6354,19596968.1,51937743.60788
2025-10-27 04:00:00,2.6353,2.6749,2.626,2.6301,16910066.7,44760354.3327
2025-10-27 08:00:00,2.6301,2.6389,2.6051,2.6257,16283111.9,42692514.85457
2025-10-27 12:00:00,2.6257,2.665,2.6013,2.6612,20674795.9,54476601.34162
2025-10-27 16:00:00,2.6612,2.6975,2.6545,2.6693,24681645.3,66178083.5008
2025-10-27 20:00:00,2.6692,2.6692,2.6236,2.634,15813744.1,41771353.35704
2025-10-28 00:00:00,2.634,2.652,2.6084,2.6312,12941581.2,34082910.11099
2025-10-28 04:00:00,2.6312,2.6624,2.6123,2.6382,14852478.0,39122748.9902
2025-10-28 08:00:00,2.6383,2.6684,2.6354,2.6414,12078143.4,32053361.85782
2025-10-28 12:00:00,2.6414,2.6887,2.6035,2.636,30542372.9,80851465.43759
2025-10-28 16:00:00,2.6359,2.6798,2.6126,2.6424,21502605.0,56996687.00492
2025-10-28 20:00:00,2.6425,2.6435,2.5675,2.6034,31795106.7,82634460.27579
2025-10-29 00:00:00,2.6034,2.6278,2.5993,2.6086,12659145.9,33074225.73525
2025-10-29 04:00:00,2.6086,2.6359,2.6068,2.6345,7683623.7,20161183.84729
2025-10-29 08:00:00,2.6344,2.6605,2.6212,2.6499,14114102.4,37311891.60197
2025-10-29 12:00:00,2.6499,2.664,2.6143,2.6266,16904321.9,44613435.13476
2025-10-29 16:00:00,2.6267,2.6604,2.5471,2.587,52292612.4,136251400.18167
2025-10-29 20:00:00,2.5871,2.6179,2.537,2.5502,24129284.1,62207549.62516
2025-10-30 00:00:00,2.5502,2.5894,2.5285,2.5793,15157125.1,38847841.04816
2025-10-30 04:00:00,2.5794,2.5944,2.4871,2.5834,30584436.1,77548599.4688
2025-10-30 08:00:00,2.5835,2.5897,2.5418,2.5442,11209517.9,28738402.29736
2025-10-30 12:00:00,2.5442,2.5513,2.4449,2.4539,40415476.8,100481346.36075
2025-10-30 16:00:00,2.4539,2.471,2.378,2.3853,28504107.3,69204483.35691
2025-10-30 20:00:00,2.3853,2.4417,2.3769,2.4393,25762489.7,62336933.75962
2025-10-31 00:00:00,2.4393,2.4821,2.4311,2.4706,20893857.2,51424275.1727
2025-10-31 04:00:00,2.4706,2.4932,2.4682,2.4754,13868010.3,34432505.42909
2025-10-31 08:00:00,2.4755,2.5161,2.4665,2.5145,14116537.5,35178182.36757
2025-10-31 12:00:00,2.5144,2.5505,2.4926,2.5238,34685298.6,87411792.52963
2025-10-31 16:00:00,2.5237,2.5546,2.4841,2.5438,22675164.0,57038657.76533
2025-10-31 20:00:00,2.5437,2.5437,2.5025,2.5097,9370463.1,23595213.93545
2025-11-01 00:00:00,2.5096,2.5196,2.4893,2.5164,7828144.9,19594277.99596
2025-11-01 04:00:00,2.5164,2.5233,2.4981,2.5061,4377732.7,10985426.1415
2025-11-01 08:00:00,2.5061,2.515,2.5001,2.5006,7119686.1,17844333.93693
2025-11-01 12:00:00,2.5006,2.5066,2.476,2.5016,11785798.3,29366886.50304
2025-11-01 16:00:00,2.5016,2.5144,2.4955,2.506,6576465.3,16468451.68461
2025-11-01 20:00:00,2.5061,2.5129,2.4902,2.5053,3864085.5,9671580.03072
2025-11-02 00:00:00,2.5053,2.5129,2.4946,2.5067,6073604.6,15209787.83366
2025-11-02 04:00:00,2.5067,2.5366,2.5058,2.5351,7105444.3,17919644.41305
2025-11-02 08:00:00,2.5351,2.5549,2.5097,2.5416,12418535.9,31425343.50841
2025-11-02 12:00:00,2.5416,2.5517,2.5,2.5004,10494191.9,26492705.57566
2025-11-02 16:00:00,2.5003,2.5053,2.478,2.4888,8114643.5,20215619.74918
2025-11-02 20:00:00,2.4887,2.5318,2.4844,2.5267,7349537.4,18420973.78331
2025-11-03 00:00:00,2.5267,2.5322,2.4259,2.4294,20145286.2,49747454.31372
2025-11-03 04:00:00,2.4295,2.4534,2.3877,2.4139,20400099.8,49327254.39235
2025-11-03 08:00:00,2.4138,2.4285,2.3817,2.4019,21986421.1,52885981.07464
2025-11-03 12:00:00,2.402,2.4301,2.2925,2.3279,46657911.5,110363736.66624
2025-11-03 16:00:00,2.328,2.3951,2.3193,2.3241,30380012.5,71618867.721
2025-11-03 20:00:00,2.3242,2.3298,2.2631,2.3096,34955739.0,80258184.97574
2025-11-04 00:00:00,2.3095,2.3635,2.2998,2.3565,25715517.6,60086811.6114
2025-11-04 04:00:00,2.3565,2.3655,2.2322,2.2434,55376631.4,126269498.16615
2025-11-04 08:00:00,2.2434,2.2845,2.2296,2.281,38224071.9,86474998.0143
2025-11-04 12:00:00,2.281,2.3273,2.2422,2.2829,40861718.7,93295851.749
2025-11-04 16:00:00,2.2829,2.2962,2.1549,2.1696,78940494.9,174729002.27285
2025-11-04 20:00:00,2.1695,2.2293,2.0665,2.2053,107440473.0,230590498.30827
2025-11-05 00:00:00,2.2053,2.2532,2.1015,2.2372,54596020.2,119210605.65898
2025-11-05 04:00:00,2.2371,2.2606,2.2257,2.2463,26976113.5,60520582.3553
2025-11-05 08:00:00,2.2462,2.2462,2.2047,2.2367,20758624.5,46226054.75894
2025-11-05 12:00:00,2.2367,2.2879,2.2306,2.2764,40305793.8,91161575.90882
2025-11-05 16:00:00,2.2764,2.3264,2.2539,2.3225,32661110.1,74720301.12783
2025-11-05 20:00:00,2.3224,2.3766,2.3176,2.3432,32535344.8,76447517.23509
2025-11-06 00:00:00,2.3432,2.416,2.3093,2.3588,32806369.9,77345738.67471
2025-11-06 04:00:00,2.3588,2.3647,2.3117,2.3262,17770098.0,41527740.42728
2025-11-06 08:00:00,2.3261,2.3336,2.2877,2.3005,22585584.0,52093733.1404
2025-11-06 12:00:00,2.3006,2.3104,2.2279,2.2343,34428251.0,78225460.0425
2025-11-06 16:00:00,2.2343,2.2509,2.203,2.2116,37167374.5,82823160.03362
2025-11-06 20:00:00,2.2116,2.2252,2.1796,2.213,27966635.3,61685159.73043
2025-11-07 00:00:00,2.213,2.2371,2.192,2.2291,21760263.4,48256380.08679
2025-11-07 04:00:00,2.2292,2.2397,2.2116,2.2335,13482578.9,30026626.60121
2025-11-07 08:00:00,2.2335,2.2345,2.1635,2.1879,23320798.7,51127834.70632
2025-11-07 12:00:00,2.1879,2.2208,2.1536,2.2129,34421568.4,75328902.58853
2025-11-07 16:00:00,2.2129,2.3556,2.2012,2.3529,55140337.5,126577617.82358
2025-11-07 20:00:00,2.3529,2.3729,2.3113,2.3154,29878390.4,69899876.52127
2025-11-08 00:00:00,2.3155,2.3381,2.2991,2.3186,23073657.9,53465472.41725
2025-11-08 04:00:00,2.3187,2.336,2.2945,2.3224,15610272.7,36165907.104
2025-11-08 08:00:00,2.3224,2.3337,2.2906,2.2957,9451532.6,21872109.10913
2025-11-08 12:00:00,2.2958,2.3026,2.2424,2.2559,16039407.8,36498058.11213
2025-11-08 16:00:00,2.256,2.2792,2.251,2.2732,11357221.9,25730141.64554
2025-11-08 20:00:00,2.2732,2.2896,2.2718,2.2863,8124163.2,18537183.95518
2025-11-09 00:00:00,2.2864,2.2871,2.2392,2.2539,10338774.8,23418442.64576
2025-11-09 04:00:00,2.2539,2.2989,2.2525,2.2958,9414451.5,21413552.64841
2025-11-09 08:00:00,2.2957,2.2961,2.2523,2.2751,10455838.5,23775866.94916
2025-11-09 12:00:00,2.2751,2.3337,2.2671,2.3145,23740411.0,54593159.24676
2025-11-09 16:00:00,2.3146,2.3497,2.3008,2.349,12664365.6,29405907.5639
2025-11-09 20:00:00,2.3491,2.395,2.3236,2.3662,19398556.6,45671672.11582
2025-11-10 00:00:00,2.3662,2.4779,2.3462,2.4613,41448518.3,100366589.35094
2025-11-10 04:00:00,2.4614,2.4928,2.4396,2.4806,24015953.5,59185004.16233
2025-11-10 08:00:00,2.4806,2.5731,2.4696,2.541,38713541.2,97796472.81428
2025-11-10 12:00:00,2.541,2.57,2.4985,2.5296,39610027.6,100266279.59901
2025-11-10 16:00:00,2.5297,2.5639,2.5135,2.5491,26907980.2,68424790.37307
2025-11-10 20:00:00,2.549,2.5808,2.5115,2.526,26782374.5,68146888.99133
2025-11-11 00:00:00,2.526,2.57,2.5138,2.5301,23453322.7,59541085.88447
2025-11-11 04:00:00,2.53,2.5325,2.445,2.4477,32158693.1,79771564.96406
2025-11-11 08:00:00,2.4478,2.4703,2.44,2.4605,13909687.5,34180066.85568
2025-11-11 12:00:00,2.4605,2.4706,2.4261,2.4368,22271898.3,54531873.14261
2025-11-11 16:00:00,2.4367,2.4421,2.4101,2.4161,15780818.0,38306400.01738
2025-11-11 20:00:00,2.4161,2.4227,2.3787,2.3915,18964472.1,45531424.31351
2025-11-12 00:00:00,2.3915,2.4146,2.3813,2.3989,16413513.2,39385681.8815
2025-11-12 04:00:00,2.399,2.4087,2.3645,2.3734,16702919.1,39937134.30683
2025-11-12 08:00:00,2.3734,2.4389,2.3723,2.4383,23621332.9,57158435.31071
2025-11-12 12:00:00,2.4383,2.4491,2.3635,2.3684,30291807.9,73262727.08373
2025-11-12 16:00:00,2.3684,2.3738,2.3166,2.338,32668192.1,76520346.3704
2025-11-12 20:00:00,2.3379,2.3947,2.3335,2.3879,21462030.4,50837151.86061
2025-11-13 00:00:00,2.3878,2.5124,2.3827,2.4838,33582412.8,81830789.49309
2025-11-13 04:00:00,2.4837,2.5202,2.4513,2.4874,40230031.3,100087382.29568
2025-11-13 08:00:00,2.4873,2.5264,2.4726,2.4951,28290808.3,70785172.34993
2025-11-13 12:00:00,2.4952,2.5183,2.4204,2.4348,51970139.6,128242998.16116
2025-11-13 16:00:00,2.4347,2.4439,2.3113,2.3151,62315867.5,147492158.09719
2025-11-13 20:00:00,2.315,2.3463,2.2757,2.3225,51875145.0,119722781.12366
2025-11-14 00:00:00,2.3225,2.338,2.2896,2.3151,26322833.5,60832696.48799
2025-11-14 04:00:00,2.3151,2.3272,2.2454,2.3074,41078022.0,94072870.40896
2025-11-14 08:00:00,2.3074,2.3098,2.256,2.2684,26279699.7,59981020.9324
2025-11-14 12:00:00,2.2683,2.3271,2.2263,2.3127,74722517.1,169861532.05315
2025-11-14 16:00:00,2.3128,2.3416,2.2761,2.3121,29252621.3,67699589.72665
2025-11-14 20:00:00,2.3121,2.3163,2.2256,2.2443,22722125.0,51486129.8471
2025-11-15 00:00:00,2.2443,2.3034,2.2428,2.2946,13427027.0,30581745.99958
2025-11-15 04:00:00,2.2946,2.2963,2.2731,2.2857,15050241.4,34348211.23315
2025-11-15 08:00:00,2.2856,2.2869,2.2423,2.2582,14187684.0,32079331.68776
2025-11-15 12:00:00,2.2582,2.2791,2.2454,2.2549,13980851.7,31601339.31514
2025-11-15 16:00:00,2.2549,2.2713,2.2289,2.2566,13197542.4,29702686.79399
2025-11-15 20:00:00,2.2566,2.2616,2.2111,2.2372,14629907.7,32695675.83815
2025-11-16 00:00:00,2.2372,2.2565,2.1893,2.25,21987991.0,48815753.76641
2025-11-16 04:00:00,2.25,2.2699,2.2388,2.2672,10891741.3,24612150.76396
2025-11-16 08:00:00,2.2672,2.28,2.2304,2.2354,12592648.8,28447616.09755
2025-11-16 12:00:00,2.2355,2.2465,2.1832,2.187,25304347.7,56046200.7892
2025-11-16 16:00:00,2.1869,2.2322,2.1558,2.2164,32734498.3,71660092.39606
2025-11-16 20:00:00,2.2164,2.2305,2.1648,2.2149,22743279.1,50053466.46913
2025-11-17 00:00:00,2.2148,2.264,2.1983,2.2574,21295752.0,47667750.54074
2025-11-17 04:00:00,2.2574,2.2695,2.2399,2.2642,15246380.7,34396745.36262
2025-11-17 08:00:00,2.2643,2.2847,2.259,2.2718,15811191.0,35923669.26986
2025-11-17 12:00:00,2.2719,2.3077,2.1944,2.2094,64035974.9,143641994.47331
2025-11-17 16:00:00,2.2094,2.2221,2.1205,2.127,65544956.3,141904257.21741
2025-11-17 20:00:00,2.1269,2.1731,2.1146,2.1637,31991585.4,68678022.63191
2025-11-18 00:00:00,2.1637,2.1766,2.1064,2.1645,41928821.6,89773273.85254
2025-11-18 04:00:00,2.1645,2.1783,2.1252,2.1614,28645713.3,61665690.12841
2025-11-18 08:00:00,2.1613,2.2031,2.1613,2.1836,29879583.7,65297134.76057
2025-11-18 12:00:00,2.1836,2.2294,2.1505,2.2136,46409991.9,101494255.17597
2025-11-18 16:00:00,2.2137,2.2399,2.2014,2.2282,24093432.1,53616571.68367
2025-11-18 20:00:00,2.2282,2.2413,2.2029,2.2172,17069178.1,37960134.99966
2025-11-19 00:00:00,2.2171,2.2196,2.1811,2.1846,17163340.1,37804234.14299
2025-11-19 04:00:00,2.1846,2.1881,2.127,2.1683,30012406.0,64573813.64559
2025-11-19 08:00:00,2.1682,2.1705,2.1298,2.1315,22422679.2,48084803.7329
2025-11-19 12:00:00,2.1314,2.1494,2.0795,2.0859,42236310.1,89348801.20707
2025-11-19 16:00:00,2.0858,2.1019,2.0293,2.0369,66460575.0,136824213.9757
2025-11-19 20:00:00,2.0369,2.1164,2.0244,2.1098,59365305.3,122488578.47651
2025-11-20 00:00:00,2.1097,2.1397,2.0963,2.1339,24644462.2,52374598.32245
2025-11-20 04:00:00,2.134,2.1498,2.1187,2.1399,22454910.6,47910553.6154
2025-11-20 08:00:00,2.14,2.1414,2.1078,2.1158,22035466.5,46725103.1807
2025-11-20 12:00:00,2.1158,2.1439,2.0823,2.0855,48586567.8,102781606.73735
2025-11-20 16:00:00,2.0854,2.0875,1.9743,2.0074,128317436.0,257779907.57649
2025-11-20 20:00:00,2.0073,2.053,1.9869,1.9999,49193424.8,99141938.29778
2025-11-21 00:00:00,1.9998,2.0308,1.9581,1.9798,35528482.6,70891500.19877
2025-11-21 04:00:00,1.9797,1.996,1.8467,1.9191,63445946.3,123284965.09059
2025-11-21 08:00:00,1.9192,1.9693,1.8741,1.8758,69104709.0,132420784.87418
2025-11-21 12:00:00,1.8758,1.9657,1.8209,1.9111,99217877.1,188946055.36926
2025-11-21 16:00:00,1.9111,1.9984,1.8859,1.9484,48937788.8,95322371.44232
2025-11-21 20:00:00,1.9484,1.9657,1.9,1.9509,32817387.8,63616317.08816
2025-11-22 00:00:00,1.9509,1.9637,1.9313,1.9488,15707944.9,30626142.82042
2025-11-22 04:00:00,1.9489,1.9577,1.9136,1.9531,15205173.3,29435638.91528
2025-11-22 08:00:00,1.9532,1.9532,1.8947,1.9172,22166624.2,42427537.18999
2025-11-22 12:00:00,1.9173,1.9393,1.889,1.9291,16662563.3,31884535.6433
2025-11-22 16:00:00,1.9291,1.9517,1.9217,1.9278,12831220.4,24869315.83994
2025-11-22 20:00:00,1.9277,1.9671,1.9203,1.9509,9934129.5,19311105.64335
2025-11-23 00:00:00,1.9508,2.0505,1.9497,2.0307,31741802.3,63802587.89873
2025-11-23 04:00:00,2.0307,2.076,2.0165,2.0262,31161678.2,63837876.231
2025-11-23 08:00:00,2.0263,2.0523,2.0225,2.0312,12230434.2,24917902.13133
2025-11-23 12:00:00,2.0312,2.0663,2.0297,2.0625,24427883.7,50090136.44509
2025-11-23 16:00:00,2.0624,2.0803,2.0404,2.0749,18884861.3,38979390.08767
2025-11-23 20:00:00,2.0749,2.0846,2.0425,2.0491,17577940.3,36291647.91271
2025-11-24 00:00:00,2.0491,2.1077,2.0238,2.0865,26455218.5,54656759.00601
2025-11-24 04:00:00,2.0865,2.1032,2.0455,2.0635,18879987.6,39201997.86278
2025-11-24 08:00:00,2.0635,2.0786,2.0387,2.0587,18073109.9,37130530.40889
2025-11-24 12:00:00,2.0587,2.1027,2.0484,2.0908,36193264.5,75294664.23748
2025-11-24 16:00:00,2.0907,2.2389,2.0872,2.235,63987198.9,139444316.28644
2025-11-24 20:00:00,2.235,2.2868,2.2213,2.2276,45918740.7,103307975.27818
2025-11-25 00:00:00,2.2276,2.2652,2.2257,2.2435,23416653.8,52614918.42364
2025-11-25 04:00:00,2.2434,2.2587,2.216,2.2164,15949917.0,35733455.21939
2025-11-25 08:00:00,2.2165,2.2209,2.1855,2.196,31245894.7,68735607.34757
2025-11-25 12:00:00,2.1961,2.2357,2.1589,2.1884,37702561.3,82787842.16205
2025-11-25 16:00:00,2.1883,2.2099,2.1482,2.1722,23551036.1,51444395.69672
2025-11-25 20:00:00,2.1723,2.2175,2.1655,2.2024,23050868.4,50653747.53131
2025-11-26 00:00:00,2.2023,2.2139,2.1735,2.1768,11891686.9,26101917.20059
2025-11-26 04:00:00,2.1768,2.2066,2.1711,2.2054,9531005.7,20861955.12087
2025-11-26 08:00:00,2.2055,2.207,2.1691,2.1714,13529380.0,29496069.07363
2025-11-26 12:00:00,2.1714,2.1805,2.1447,2.172,28662785.0,61958298.07347
2025-11-26 16:00:00,2.1721,2.2547,2.1712,2.2324,34054634.8,75583858.38766
2025-11-26 20:00:00,2.2323,2.2358,2.212,2.2233,12567709.9,27955674.61556
2025-11-27 00:00:00,2.2232,2.2347,2.207,2.2102,15307125.8,34000262.48924
2025-11-27 04:00:00,2.2101,2.2213,2.1952,2.2047,13992417.0,30911167.43835
2025-11-27 08:00:00,2.2047,2.2095,2.1845,2.1896,13472443.0,29561359.17643
2025-11-27 12:00:00,2.1895,2.2034,2.1727,2.2028,16137538.2,35250955.64225
2025-11-27 16:00:00,2.2028,2.231,2.1984,2.2239,13643864.8,30226469.44593
2025-11-27 20:00:00,2.2238,2.2337,2.196,2.1999,10137831.8,22465116.49477
2025-11-28 00:00:00,2.2,2.2044,2.1664,2.1856,14627631.4,31940487.91014
2025-11-28 04:00:00,2.1856,2.2222,2.1812,2.1968,13467892.5,29651798.78105
2025-11-28 08:00:00,2.1969,2.2496,2.185,2.1972,29199848.8,64925428.34474
2025-11-28 12:00:00,2.1971,2.2752,2.1893,2.2453,37505399.7,83680051.25071
2025-11-28 16:00:00,2.2454,2.2517,2.1565,2.1882,33741259.6,73885005.50612
2025-11-28 20:00:00,2.1881,2.192,2.172,2.1795,12350836.9,26954817.27192
2025-11-29 00:00:00,2.1795,2.1881,2.1726,2.1859,5447982.5,11878475.97065
2025-11-29 04:00:00,2.1859,2.1898,2.1666,2.1797,7569292.0,16496458.42912
2025-11-29 08:00:00,2.1796,2.2147,2.1741,2.2112,8062639.5,17683526.91773
2025-11-29 12:00:00,2.2113,2.2231,2.1922,2.2186,17259956.0,38123434.49328
2025-11-29 16:00:00,2.2187,2.2217,2.1898,2.194,13152282.8,29010123.71095
2025-11-29 20:00:00,2.194,2.2149,2.1872,2.2009,5534631.3,12192157.78221
2025-11-30 00:00:00,2.201,2.2126,2.1882,2.2064,6292855.2,13851771.92877
2025-11-30 04:00:00,2.2065,2.2093,2.1914,2.1994,3618005.1,7951931.36908
2025-11-30 08:00:00,2.1993,2.2099,2.1824,2.1881,8756219.6,19195245.95945
2025-11-30 12:00:00,2.1881,2.2079,2.1846,2.1966,10469984.0,22988924.59735
2025-11-30 16:00:00,2.1966,2.215,2.1955,2.1995,5713403.6,12585956.11677
2025-11-30 20:00:00,2.1995,2.2035,2.1524,2.155,17632421.4,38403752.60171
2025-12-01 00:00:00,2.1549,2.1609,2.0417,2.0499,51193429.9,106844223.90852
2025-12-01 04:00:00,2.0499,2.0589,2.0168,2.0568,26829949.0,54675044.23487
2025-12-01 08:00:00,2.0567,2.0606,2.0316,2.034,13604221.3,27859118.2923
2025-12-01 12:00:00,2.034,2.0492,1.9835,2.0073,33421318.7,67397303.22157
2025-12-01 16:00:00,2.0073,2.0127,1.9866,1.9949,16625531.6,33202324.71094
2025-12-01 20:00:00,1.9948,2.0447,1.9939,2.0297,32245102.6,65387680.30561
2025-12-02 00:00:00,2.0297,2.0437,2.0021,2.0207,16258173.1,32842628.16467
2025-12-02 04:00:00,2.0207,2.0279,2.0094,2.0171,10156596.6,20517326.41147
2025-12-02 08:00:00,2.0172,2.0418,1.995,2.0369,13119330.7,26460943.95383
2025-12-02 12:00:00,2.0368,2.1653,2.0266,2.1554,40802957.4,85451364.333
2025-12-02 16:00:00,2.1554,2.1831,2.1344,2.1743,29351299.1,63470050.2853
2025-12-02 20:00:00,2.1742,2.1777,2.1473,2.1532,22775952.0,49290937.80457
2025-12-03 00:00:00,2.1531,2.1912,2.1414,2.1762,17602983.3,38103734.6435
2025-12-03 04:00:00,2.1763,2.219,2.1731,2.1914,25355763.5,55781320.64403
2025-12-03 08:00:00,2.1914,2.1955,2.1668,2.1764,12051963.9,26293083.59121
2025-12-03 12:00:00,2.1764,2.1993,2.1425,2.1689,23490686.8,50946773.2004
2025-12-03 16:00:00,2.1689,2.193,2.1582,2.1863,13975813.0,30415889.9723
2025-12-03 20:00:00,2.1863,2.2143,2.1823,2.1976,19030663.9,41886529.77402
2025-12-04 00:00:00,2.1976,2.2146,2.1869,2.195,10970746.8,24128527.32102
2025-12-04 04:00:00,2.195,2.2,2.1657,2.1725,14198020.0,30946409.92088
2025-12-04 08:00:00,2.1725,2.1789,2.1426,2.151,13456419.8,29072617.96873
2025-12-04 12:00:00,2.1511,2.1576,2.1143,2.1529,26108951.6,55797873.63859
2025-12-04 16:00:00,2.153,2.1581,2.0691,2.0975,26013435.5,54964709.7178
2025-12-04 20:00:00,2.0975,2.1108,2.0864,2.096,10344943.9,21707112.88022
2025-12-05 00:00:00,2.096,2.113,2.0876,2.0909,9335302.1,19640224.0295
2025-12-05 04:00:00,2.0909,2.0986,2.0764,2.0933,8856339.5,18485133.59086
2025-12-05 08:00:00,2.0933,2.0936,2.0541,2.069,17333073.5,35798841.50121
2025-12-05 12:00:00,2.069,2.0999,2.0567,2.076,19690753.1,40878890.99262
2025-12-05 16:00:00,2.076,2.0777,2.0125,2.0374,31743317.9,64610462.93466
2025-12-05 20:00:00,2.0373,2.0379,2.0197,2.0344,8379296.8,17004230.89032
2025-12-06 00:00:00,2.0344,2.0424,2.0178,2.0388,7363938.9,14950749.42549
2025-12-06 04:00:00,2.0389,2.0504,2.0281,2.0303,6383351.6,13009233.75998
2025-12-06 08:00:00,2.0304,2.0332,2.0154,2.0321,8042146.1,16283528.84251
2025-12-06 12:00:00,2.0321,2.0474,2.0221,2.0299,10967908.3,22320595.98471
2025-12-06 16:00:00,2.0298,2.0392,2.0204,2.0255,6058813.1,12303159.23402
2025-12-06 20:00:00,2.0255,2.0372,2.0229,2.0309,4752866.8,9649594.79289
2025-12-07 00:00:00,2.031,2.0723,2.0295,2.0685,6384909.3,13080357.5418
2025-12-07 04:00:00,2.0685,2.0738,2.0283,2.0309,6326818.1,12959568.41116
2025-12-07 08:00:00,2.0309,2.0362,2.0244,2.0338,5229749.9,10619420.52353
2025-12-07 12:00:00,2.0338,2.0557,1.9894,2.0527,24973021.2,50326632.87796
2025-12-07 16:00:00,2.0527,2.1109,2.0381,2.0871,23471728.7,48826430.65538
2025-12-07 20:00:00,2.0872,2.0937,2.0123,2.0442,17400632.6,35630231.88842
2025-12-08 00:00:00,2.0442,2.0912,2.0319,2.0719,12410926.2,25615075.67233
2025-12-08 04:00:00,2.072,2.0946,2.0697,2.0866,7678432.2,15979712.42538
2025-12-08 08:00:00,2.0865,2.1239,2.0811,2.0904,16102388.1,33824370.27782
2025-12-08 12:00:00,2.0904,2.1119,2.0674,2.0756,31677547.4,66219713.92892
2025-12-08 16:00:00,2.0756,2.0875,2.0628,2.0779,10972595.8,22777159.0328
2025-12-08 20:00:00,2.0779,2.0941,2.0695,2.0724,9207901.2,19175463.96465
2025-12-09 00:00:00,2.0723,2.0827,2.0568,2.0698,7425728.7,15346096.2212
2025-12-09 04:00:00,2.0698,2.0707,2.0419,2.0615,9424145.0,19356022.51839
2025-12-09 08:00:00,2.0615,2.0706,2.0459,2.0689,6651242.8,13696358.10154
2025-12-09 12:00:00,2.069,2.12,2.049,2.1156,23080176.5,48037017.82683
2025-12-09 16:00:00,2.1155,2.178,2.1154,2.1328,48235267.1,103712686.56025
2025-12-09 20:00:00,2.1328,2.1344,2.0854,2.1062,19043094.9,40168486.62033
2025-12-10 00:00:00,2.1061,2.1099,2.0817,2.0835,9756696.9,20396970.08444
2025-12-10 04:00:00,2.0834,2.0966,2.0763,2.0843,12968872.9,27056461.54348
2025-12-10 08:00:00,2.0844,2.0983,2.0637,2.0717,19699323.1,40933481.07755
2025-12-10 12:00:00,2.0717,2.0735,2.0559,2.0618,18462408.8,38106681.94461
2025-12-10 16:00:00,2.0619,2.0878,2.0376,2.0681,33901127.6,70042953.2538
2025-12-10 20:00:00,2.0682,2.1108,2.0346,2.0418,30344271.1,62805487.86841
2025-12-11 00:00:00,2.0418,2.0468,1.9927,1.9995,26076870.9,52503855.7852
2025-12-11 04:00:00,1.9995,2.0195,1.9952,2.0069,15484741.4,31126391.85238
2025-12-11 08:00:00,2.0069,2.0189,2.0003,2.0083,11224240.1,22572573.26223
2025-12-11 12:00:00,2.0083,2.0149,1.9767,1.9968,28651020.6,57292728.91178
2025-12-11 16:00:00,1.9967,2.0259,1.9838,2.0114,24495860.0,49058641.9798
2025-12-11 20:00:00,2.0113,2.057,2.0078,2.034,19124272.0,38945893.01256
2025-12-12 00:00:00,2.034,2.0434,2.0157,2.0315,8042859.2,16332635.3246
2025-12-12 04:00:00,2.0314,2.0433,2.0235,2.0373,5800053.1,11799091.11838
2025-12-12 08:00:00,2.0373,2.0463,2.0251,2.0422,5889433.6,11983410.47215
2025-12-12 12:00:00,2.0422,2.0478,1.9692,1.9785,28158985.2,56646199.98517
2025-12-12 16:00:00,1.9785,2.0256,1.9734,2.0036,23548157.5,46956661.82704
2025-12-12 20:00:00,2.0036,2.019,1.9971,2.0074,6547636.1,13133460.97874
2025-12-13 00:00:00,2.0075,2.025,2.0068,2.0226,5102809.7,10284832.40744
2025-12-13 04:00:00,2.0227,2.0482,2.0227,2.0285,9922854.3,20185753.65072
2025-12-13 08:00:00,2.0285,2.043,2.0285,2.0333,5892539.5,12002894.88911
2025-12-13 12:00:00,2.0333,2.0434,2.028,2.0299,10790850.2,21961077.06579
2025-12-13 16:00:00,2.03,2.0336,2.0152,2.0195,8228908.8,16627907.65264
2025-12-13 20:00:00,2.0196,2.025,2.0082,2.0227,4255304.6,8587890.39442
2025-12-14 00:00:00,2.0226,2.0306,2.017,2.0244,3175100.6,6430269.75458
2025-12-14 04:00:00,2.0245,2.0253,2.0103,2.0192,3588955.1,7236948.32064
2025-12-14 08:00:00,2.0193,2.0232,1.99,2.0012,7552374.1,15151623.23617
2025-12-14 12:00:00,2.0011,2.008,1.9875,1.9913,10432768.2,20844335.94433
2025-12-14 16:00:00,1.9913,2.0046,1.9823,1.9886,6336735.3,12610320.63204
2025-12-14 20:00:00,1.9886,1.9974,1.9527,1.9784,14062654.6,27797679.16774
2025-12-15 00:00:00,1.9784,2.0143,1.9747,1.9951,10330849.4,20595194.75314
2025-12-15 04:00:00,1.9952,2.0055,1.9928,1.9952,5504209.1,11001810.2545
2025-12-15 08:00:00,1.9952,2.0024,1.9838,1.9875,9909917.9,19767686.20398
2025-12-15 12:00:00,1.9876,1.9877,1.9127,1.9256,39408635.3,76694445.88815
2025-12-15 16:00:00,1.9256,1.9309,1.8695,1.8961,32976180.4,62670051.58415
2025-12-15 20:00:00,1.8962,1.8998,1.8795,1.8981,17616566.5,33277513.67537
2025-12-16 00:00:00,1.8981,1.8986,1.8552,1.8726,22653582.1,42494878.29112
2025-12-16 04:00:00,1.8726,1.8978,1.852,1.8754,13428163.5,25211762.3802
2025-12-16 08:00:00,1.8754,1.9253,1.8743,1.9208,13644569.0,25959014.08836
2025-12-16 12:00:00,1.9207,1.9491,1.899,1.9411,31788102.4,61245445.44862
2025-12-16 16:00:00,1.9411,1.943,1.9141,1.927,13273828.5,25586694.04051
2025-12-16 20:00:00,1.9269,1.9335,1.9187,1.9297,6495149.3,12516942.28451
2025-12-17 00:00:00,1.9297,1.9401,1.9126,1.9253,9626347.3,18548792.20617
2025-12-17 04:00:00,1.9253,1.932,1.9061,1.9233,10836144.7,20816460.42867
2025-12-17 08:00:00,1.9234,1.9236,1.8965,1.9133,10080998.1,19227190.36716
2025-12-17 12:00:00,1.9134,1.9874,1.9049,1.9114,38554277.3,74878972.08341
2025-12-17 16:00:00,1.9113,1.9229,1.8474,1.865,31062782.7,58285281.11403
2025-12-17 20:00:00,1.8651,1.8843,1.8553,1.8627,11554342.7,21582310.86032
2025-12-18 00:00:00,1.8627,1.8725,1.852,1.8559,9051775.3,16846265.08817
2025-12-18 04:00:00,1.856,1.8621,1.8268,1.8415,13268301.4,24415219.01995
2025-12-18 08:00:00,1.8415,1.881,1.838,1.8785,11998120.7,22360308.30852
2025-12-18 12:00:00,1.8786,1.9341,1.872,1.9197,34208485.1,65219701.39289
2025-12-18 16:00:00,1.9198,1.9208,1.8008,1.8062,36061167.4,66736698.69167
2025-12-18 20:00:00,1.8062,1.8249,1.8,1.8076,22393189.1,40622049.30515
2025-12-19 00:00:00,1.8076,1.8538,1.7711,1.8403,40545875.1,73271808.36614
2025-12-19 04:00:00,1.8402,1.8765,1.8257,1.8676,21297727.9,39369488.34601
2025-12-19 08:00:00,1.8675,1.8722,1.8593,1.8705,11180747.8,20867981.06187
2025-12-19 12:00:00,1.8705,1.905,1.8635,1.8755,34042420.2,63930791.55316
2025-12-19 16:00:00,1.8754,1.9185,1.8736,1.9079,28491381.2,53968425.55095
2025-12-19 20:00:00,1.9079,1.9213,1.9007,1.9092,9043358.1,17258756.48003
2025-12-20 00:00:00,1.9092,1.9102,1.8936,1.9043,6671320.0,12693945.69297
2025-12-20 04:00:00,1.9044,1.9189,1.8993,1.9141,5197517.5,9929900.53721
2025-12-20 08:00:00,1.9141,1.9588,1.9141,1.9437,17911051.9,34750889.77612
2025-12-20 12:00:00,1.9437,1.948,1.9164,1.9214,13315107.0,25661015.10833
2025-12-20 16:00:00,1.9214,1.9316,1.9194,1.925,6826142.3,13139447.37342
2025-12-20 20:00:00,1.925,1.9378,1.9238,1.9335,3313884.8,6394821.21099
2025-12-21 00:00:00,1.9335,1.942,1.9172,1.9296,8188885.0,15809014.79812
2025-12-21 04:00:00,1.9297,1.9305,1.9192,1.9254,3156722.8,6073898.66629
2025-12-21 08:00:00,1.9255,1.9498,1.9223,1.9336,8511691.5,16499352.68221
2025-12-21 12:00:00,1.9336,1.9386,1.8948,1.9049,18100027.8,34559526.89988
2025-12-21 16:00:00,1.9048,1.9195,1.8993,1.9181,9895809.4,18896702.02757
2025-12-21 20:00:00,1.9181,1.9271,1.9056,1.9223,5176136.4,9925854.79329
2025-12-22 00:00:00,1.9224,1.9493,1.9031,1.9201,15875487.4,30570369.66032
2025-12-22 04:00:00,1.9202,1.9292,1.9136,1.9273,9889892.4,19003495.45355
2025-12-22 08:00:00,1.9272,1.938,1.9145,1.9346,15301290.4,29457336.37717
2025-12-22 12:00:00,1.9347,1.9473,1.918,1.9341,16550151.5,32011728.88514
2025-12-22 16:00:00,1.9342,1.9427,1.9022,1.9023,14930254.4,28749874.65184
2025-12-22 20:00:00,1.9022,1.9092,1.8917,1.9043,16184538.1,30748343.39466
2025-12-23 00:00:00,1.9044,1.91,1.8843,1.8923,17218867.2,32685397.6303
2025-12-23 04:00:00,1.8924,1.8976,1.8736,1.8812,15410500.8,29024522.00177
2025-12-23 08:00:00,1.8813,1.9062,1.8757,1.9054,6119564.8,11574972.41564
2025-12-23 12:00:00,1.9053,1.9054,1.863,1.8815,19576291.0,36848036.73234
2025-12-23 16:00:00,1.8816,1.894,1.8672,1.8827,14071151.7,26457686.48049
2025-12-23 20:00:00,1.8827,1.895,1.8718,1.8734,5419318.3,10193803.56848
2025-12-24 00:00:00,1.8734,1.8783,1.8447,1.8616,10700282.0,19925704.08669
2025-12-24 04:00:00,1.8616,1.8676,1.8372,1.8548,11524316.3,21334195.20781
2025-12-24 08:00:00,1.8548,1.8756,1.8521,1.8689,7395466.0,13777774.40646
2025-12-24 12:00:00,1.869,1.878,1.852,1.8634,11439448.9,21332622.91228
2025-12-24 16:00:00,1.8634,1.8716,1.8492,1.8619,12912091.1,24011845.85761
2025-12-24 20:00:00,1.8618,1.87,1.8596,1.8628,5924375.5,11050605.77331
2025-12-25 00:00:00,1.8627,1.8743,1.8564,1.8701,5598782.6,10452877.02218
2025-12-25 04:00:00,1.8701,1.877,1.8663,1.8745,4908788.1,9190002.98685
2025-12-25 08:00:00,1.8745,1.8812,1.8534,1.8591,8385291.3,15655083.35637
2025-12-25 12:00:00,1.8591,1.8892,1.8554,1.8829,9235791.3,17291183.54307
2025-12-25 16:00:00,1.883,1.8839,1.8651,1.8734,6469207.4,12121369.16523
2025-12-25 20:00:00,1.8734,1.8737,1.8291,1.8326,11546947.7,21338575.58996
2025-12-26 00:00:00,1.8325,1.8807,1.8246,1.8646,17215171.8,31928966.63549
2025-12-26 04:00:00,1.8646,1.8833,1.8546,1.8643,12720969.7,23812866.96739
2025-12-26 08:00:00,1.8643,1.8807,1.8627,1.8713,9982220.0,18701360.30186
2025-12-26 12:00:00,1.8713,1.8795,1.8267,1.8382,21884785.0,40484562.47538
2025-12-26 16:00:00,1.8382,1.8506,1.8336,1.8458,9494663.3,17500946.17697
2025-12-26 20:00:00,1.8459,1.8603,1.8425,1.8437,5527721.0,10221398.9251
2025-12-27 00:00:00,1.8437,1.8535,1.8417,1.8515,7275354.0,13437982.51695
2025-12-27 04:00:00,1.8514,1.8532,1.8464,1.8477,3123589.2,5775365.08198
2025-12-27 08:00:00,1.8478,1.856,1.845,1.8512,4292162.7,7942694.40164
2025-12-27 12:00:00,1.8513,1.8533,1.8434,1.8495,3467041.2,6409729.67404
2025-12-27 16:00:00,1.8496,1.8573,1.8435,1.8559,6551834.7,12113818.59857
2025-12-27 20:00:00,1.8558,1.8788,1.8532,1.8735,6534489.5,12192881.36356
2025-12-28 00:00:00,1.8734,1.8782,1.8687,1.8745,3522500.5,6596898.71996
2025-12-28 04:00:00,1.8745,1.8796,1.8721,1.8736,4075771.4,7645454.05605
2025-12-28 08:00:00,1.8737,1.8769,1.8627,1.8722,4048008.5,7569676.08256
2025-12-28 12:00:00,1.8721,1.8766,1.8653,1.8701,4145369.4,7755138.19132
2025-12-28 16:00:00,1.8701,1.8729,1.8539,1.8573,6611652.5,12305641.91374
2025-12-28 20:00:00,1.8573,1.871,1.8541,1.8654,4193936.0,7810319.13085
2025-12-29 00:00:00,1.8655,1.9175,1.8629,1.915,16095113.1,30420849.17136
2025-12-29 04:00:00,1.9151,1.918,1.8921,1.901,14487571.6,27623979.75022
2025-12-29 08:00:00,1.901,1.9053,1.866,1.8717,12008585.7,22606165.9741
2025-12-29 12:00:00,1.8718,1.879,1.8555,1.8655,13306514.1,24834837.97621
2025-12-29 16:00:00,1.8654,1.8689,1.85,1.8534,7682073.2,14288742.59977
2025-12-29 20:00:00,1.8534,1.8576,1.845,1.8508,6685850.8,12374531.31081
2025-12-30 00:00:00,1.8508,1.8634,1.8439,1.8611,6019914.3,11142776.86192
2025-12-30 04:00:00,1.8612,1.8676,1.8552,1.8604,5856474.6,10901333.25402
2025-12-30 08:00:00,1.8604,1.872,1.8598,1.8623,8174150.7,15257828.65699
2025-12-30 12:00:00,1.8624,1.8795,1.8542,1.8776,9778713.5,18256421.10726
2025-12-30 16:00:00,1.8777,1.8864,1.8699,1.8765,10946957.7,20565006.08611
2025-12-30 20:00:00,1.8764,1.8787,1.8661,1.8776,7561524.8,14164421.56133
2025-12-31 00:00:00,1.8776,1.8839,1.8697,1.872,6646237.7,12473540.27012
2025-12-31 04:00:00,1.8721,1.8757,1.8672,1.8727,4109791.7,7690134.76787
2025-12-31 08:00:00,1.8727,1.883,1.8655,1.879,6781543.9,12709989.01798
2025-12-31 12:00:00,1.8789,1.883,1.8534,1.8594,10560541.1,19732906.74728
2025-12-31 16:00:00,1.8594,1.86,1.8264,1.8287,17603771.3,32400145.30243
2025-12-31 20:00:00,1.8287,1.8481,1.8123,1.8423,12633008.1,23111973.00812
2026-01-01 00:00:00,1.8424,1.8499,1.8342,1.8345,7715925.9,14217328.45202
2026-01-01 04:00:00,1.8345,1.8558,1.8261,1.8423,7945822.8,14628986.55465
2026-01-01 08:00:00,1.8423,1.8564,1.8419,1.8554,4493545.0,8321408.91759
2026-01-01 12:00:00,1.8554,1.8678,1.8514,1.8628,7597847.3,14110430.44517
2026-01-01 16:00:00,1.8628,1.8754,1.8563,1.8742,7088536.5,13238308.72795
2026-01-01 20:00:00,1.8742,1.8811,1.8674,1.8799,6240911.6,11697501.75082
2026-01-02 00:00:00,1.8799,1.8925,1.8689,1.8886,9812206.0,18452648.05613
2026-01-02 04:00:00,1.8887,1.8905,1.8708,1.8718,8444911.0,15854124.07909
2026-01-02 08:00:00,1.8719,1.9091,1.8715,1.8911,15041776.4,28480168.60279
2026-01-02 12:00:00,1.8912,1.9253,1.8874,1.9184,22767115.1,43420041.19773
2026-01-02 16:00:00,1.9185,1.998,1.9158,1.9916,43992081.0,86791876.63964
2026-01-02 20:00:00,1.9915,2.0315,1.9774,2.0069,27289817.7,54735614.09497
2026-01-03 00:00:00,2.0068,2.0427,2.0068,2.0402,16088258.9,32608553.09043
2026-01-03 04:00:00,2.0402,2.0561,1.9844,1.9941,26384582.1,53401721.05047
2026-01-03 08:00:00,1.9941,2.0217,1.9924,1.9994,11392569.2,22871939.29953
2026-01-03 12:00:00,1.9995,2.0188,1.9941,2.0064,8661094.6,17379080.42365
2026-01-03 16:00:00,2.0065,2.0112,1.9964,2.0073,6148794.7,12329351.53334
2026-01-03 20:00:00,2.0073,2.0188,1.999,2.0182,5711222.6,11486996.4493
2026-01-04 00:00:00,2.0182,2.062,2.0163,2.0581,25539058.7,52110271.01213
2026-01-04 04:00:00,2.0581,2.0812,2.0525,2.0721,24926522.4,51472830.78462
2026-01-04 08:00:00,2.0721,2.0974,2.0601,2.0952,16344811.3,34011846.5597
2026-01-04 12:00:00,2.0951,2.1204,2.0814,2.0905,24350553.7,51147613.61596
2026-01-04 16:00:00,2.0906,2.1035,2.0722,2.0847,15361420.7,32044474.94417
2026-01-04 20:00:00,2.0848,2.1032,2.0795,2.0909,7234719.5,15136364.86436
2026-01-05 00:00:00,2.0908,2.1665,2.0877,2.1429,30453380.0,64957466.78138
2026-01-05 04:00:00,2.1429,2.1463,2.11,2.134,12434457.0,26465602.07657
2026-01-05 08:00:00,2.134,2.153,2.1254,2.1336,16239744.7,34746084.47055
2026-01-05 12:00:00,2.1337,2.1695,2.1121,2.1652,25040715.4,53577543.07383
2026-01-05 16:00:00,2.1653,2.282,2.1645,2.2782,59046249.0,131635589.5522
2026-01-05 20:00:00,2.2782,2.3695,2.2761,2.3478,67103479.2,156325711.20432
2026-01-06 00:00:00,2.3479,2.4172,2.3164,2.3861,54309672.6,128853542.70319
2026-01-06 04:00:00,2.386,2.4084,2.3215,2.3303,36556542.9,86724827.96008
2026-01-06 08:00:00,2.3304,2.3777,2.3254,2.3776,23147344.2,54402836.33339
2026-01-06 12:00:00,2.3776,2.3996,2.3349,2.3491,38583351.4,91672390.83077
2026-01-06 16:00:00,2.349,2.3551,2.2046,2.2278,86154868.0,195469432.38596
2026-01-06 20:00:00,2.2277,2.3122,2.2276,2.3042,31620329.0,72031139.89298
2026-01-07 00:00:00,2.3042,2.3205,2.2565,2.2665,20447854.3,46722273.73547
2026-01-07 04:00:00,2.2665,2.2867,2.2451,2.2803,11278890.0,25534641.77433
2026-01-07 08:00:00,2.2803,2.2913,2.2327,2.2503,15429736.3,34802178.07801
2026-01-07 12:00:00,2.2504,2.2557,2.1834,2.1955,29700162.6,65873648.39576
2026-01-07 16:00:00,2.1954,2.2233,2.171,2.1938,19983354.0,43881396.60672
2026-01-07 20:00:00,2.1938,2.199,2.1517,2.1657,18763280.5,40812748.02811
2026-01-08 00:00:00,2.1658,2.1925,2.1456,2.1502,20330509.6,44104193.48936
2026-01-08 04:00:00,2.1502,2.1724,2.0976,2.1197,23533547.5,50040896.29322
2026-01-08 08:00:00,2.1196,2.1344,2.081,2.0922,21717230.1,45694934.48354
2026-01-08 12:00:00,2.0923,2.1284,2.0649,2.1271,45993241.6,95979899.93598
2026-01-08 16:00:00,2.127,2.1689,2.112,2.1357,32591999.8,69743752.74517
2026-01-08 20:00:00,2.1356,2.1481,2.1132,2.1232,12369551.9,26345202.54076
2026-01-09 00:00:00,2.1232,2.1429,2.1085,2.1355,14582549.7,31003712.421
2026-01-09 04:00:00,2.1356,2.1474,2.1196,2.1202,14120083.3,30139124.47951
2026-01-09 08:00:00,2.1203,2.1236,2.0727,2.1028,21841620.4,45805957.57021
2026-01-09 12:00:00,2.1029,2.1622,2.0794,2.1176,38799101.7,82001717.15888
2026-01-09 16:00:00,2.1177,2.1453,2.0759,2.083,20234836.0,42713930.5741
2026-01-09 20:00:00,2.0829,2.1013,2.0762,2.0958,8198900.9,17131232.45329
2026-01-10 00:00:00,2.0958,2.1016,2.0873,2.0911,4668770.3,9774866.07126
2026-01-10 04:00:00,2.0911,2.1008,2.0806,2.1006,4953464.9,10356885.45893
2026-01-10 08:00:00,2.1006,2.1053,2.0904,2.1028,5353947.3,11237531.29288
2026-01-10 12:00:00,2.1028,2.1106,2.0874,2.093,7070186.1,14819777.55523
2026-01-10 16:00:00,2.093,2.101,2.0878,2.0946,4887013.2,10236401.39532
2026-01-10 20:00:00,2.0946,2.0958,2.0825,2.0907,4656599.5,9734493.06918
2026-01-11 00:00:00,2.0907,2.0966,2.0864,2.0953,5126977.3,10723555.37597
2026-01-11 04:00:00,2.0953,2.099,2.0863,2.0926,3632174.0,7600106.50249
2026-01-11 08:00:00,2.0927,2.0984,2.0881,2.0961,4256699.6,8911122.29349
2026-01-11 12:00:00,2.0961,2.11,2.0839,2.0893,10707866.3,22464650.60389
2026-01-11 16:00:00,2.0893,2.1035,2.0853,2.0869,7328114.3,15338799.59023
2026-01-11 20:00:00,2.0869,2.0869,2.045,2.0745,19493746.7,40230346.79555
2026-01-12 00:00:00,2.0745,2.1069,2.0364,2.0827,30298680.8,62802732.76963
2026-01-12 04:00:00,2.0827,2.0956,2.052,2.0536,19133175.0,39761146.37273
2026-01-12 08:00:00,2.0536,2.0605,2.035,2.0485,15800677.2,32326426.44586
2026-01-12 12:00:00,2.0486,2.0945,2.0406,2.0941,16174882.0,33441881.89829
2026-01-12 16:00:00,2.094,2.1086,2.0535,2.0701,18027237.8,37542905.41673
2026-01-12 20:00:00,2.0701,2.0759,2.04,2.054,10705385.5,22019691.75035
2026-01-13 00:00:00,2.0541,2.0644,2.0474,2.0501,6330524.0,13008610.15041
2026-01-13 04:00:00,2.0501,2.0808,2.0497,2.0533,11135065.7,22950965.183
2026-01-13 08:00:00,2.0533,2.0745,2.0532,2.0606,10627007.6,21927386.41507
2026-01-13 12:00:00,2.0605,2.1016,2.056,2.0987,20949839.4,43521487.24293
2026-01-13 16:00:00,2.0986,2.1397,2.0844,2.1397,25681577.8,54060228.36393
2026-01-13 20:00:00,2.1397,2.185,2.1193,2.1655,38649991.8,83324454.3938
2026-01-14 00:00:00,2.1656,2.1924,2.1567,2.1838,21047557.7,45731984.39804
2026-01-14 04:00:00,2.1839,2.1861,2.1333,2.1484,26052365.4,56082123.75164
2026-01-14 08:00:00,2.1484,2.1537,2.1116,2.1156,15279289.5,32681650.75905
2026-01-14 12:00:00,2.1156,2.1741,2.1116,2.1563,31229752.1,67054881.26744
2026-01-14 16:00:00,2.1563,2.1765,2.1246,2.1462,27028898.1,58190371.33499
2026-01-14 20:00:00,2.1461,2.1613,2.1314,2.1394,14363740.7,30800636.8474
2026-01-15 00:00:00,2.1393,2.1434,2.0819,2.0884,19548513.8,41282490.7478
2026-01-15 04:00:00,2.0884,2.1065,2.0861,2.1012,12774401.3,26803301.08676
2026-01-15 08:00:00,2.1012,2.1229,2.0959,2.112,11625944.5,24520219.2863
2026-01-15 12:00:00,2.112,2.1325,2.0683,2.0956,20440121.2,42932016.08314
2026-01-15 16:00:00,2.0956,2.1007,2.0532,2.0658,16268717.2,33810163.92622
2026-01-15 20:00:00,2.0658,2.0804,2.058,2.0789,8981985.7,18596849.55479
2026-01-16 00:00:00,2.0789,2.0866,2.0645,2.0646,6018918.5,12496429.43791
2026-01-16 04:00:00,2.0647,2.0779,2.0577,2.0737,8395631.7,17374935.70593
2026-01-16 08:00:00,2.0737,2.0817,2.0586,2.0652,6437848.2,13312023.74105
2026-01-16 12:00:00,2.0652,2.0682,2.0263,2.0325,22287253.6,45695328.45707
2026-01-16 16:00:00,2.0325,2.0568,2.0299,2.055,9334658.4,19092403.0908
2026-01-16 20:00:00,2.055,2.0798,2.0476,2.0678,8420309.1,17441235.09002
2026-01-17 00:00:00,2.0678,2.07,2.0536,2.0557,4328427.5,8926085.00104
2026-01-17 04:00:00,2.0557,2.0664,2.055,2.0581,4086233.1,8422883.36938
2026-01-17 08:00:00,2.0581,2.0673,2.0562,2.0619,3437033.5,7089075.8079
2026-01-17 12:00:00,2.0618,2.083,2.0582,2.0817,8886019.0,18408069.82174
2026-01-17 16:00:00,2.0816,2.0834,2.0679,2.0735,5995978.7,12444287.33377
2026-01-17 20:00:00,2.0735,2.0754,2.0591,2.0631,4404763.1,9104283.89201
2026-01-18 00:00:00,2.0632,2.0679,2.0482,2.0585,6254276.7,12857855.92502
2026-01-18 04:00:00,2.0585,2.06,2.047,2.0524,3817877.0,7842658.59926
2026-01-18 08:00:00,2.0523,2.0618,2.0504,2.0548,3444434.2,7082077.78181
2026-01-18 12:00:00,2.0549,2.0605,2.045,2.0507,5715027.7,11727911.76916
2026-01-18 16:00:00,2.0507,2.0661,2.0463,2.0538,5919200.8,12166693.24159
2026-01-18 20:00:00,2.0538,2.0644,1.9861,1.9914,21355881.3,43121546.37541
2026-01-19 00:00:00,1.9914,1.9914,1.847,1.9674,69032133.0,133552448.30836
2026-01-19 04:00:00,1.9674,1.9746,1.9517,1.9632,28946560.4,56789856.76811
2026-01-19 08:00:00,1.9632,1.984,1.9591,1.9729,17738044.9,35048289.71881
2026-01-19 12:00:00,1.9729,1.9853,1.9647,1.9816,13081247.1,25832468.93721
2026-01-19 16:00:00,1.9815,2.0299,1.9805,2.0137,15609694.7,31412336.8969
2026-01-19 20:00:00,2.0137,2.0173,1.9794,1.986,14942220.6,29792580.40367
2026-01-20 00:00:00,1.9861,1.9909,1.9554,1.9625,18195497.0,35897227.07295
2026-01-20 04:00:00,1.9624,1.9738,1.9419,1.9493,14495221.8,28368925.83849
2026-01-20 08:00:00,1.9493,1.9539,1.9191,1.9291,33635465.1,64836296.83869
2026-01-20 12:00:00,1.9291,1.9396,1.9091,1.9174,25305325.6,48666614.57859
2026-01-20 16:00:00,1.9174,1.9276,1.8941,1.9024,16524123.1,31497982.01454
2026-01-20 20:00:00,1.9023,1.9117,1.87,1.89,19220489.4,36358401.44593
2026-01-21 00:00:00,1.89,1.9179,1.8889,1.9029,15527767.5,29582967.53396
2026-01-21 04:00:00,1.903,1.9268,1.9009,1.91,13859331.5,26511260.72592
2026-01-21 08:00:00,1.9101,1.9156,1.8873,1.8897,20066093.3,38238588.52293
2026-01-21 12:00:00,1.8897,1.9609,1.8798,1.9579,40818527.9,78217328.23376
2026-01-21 16:00:00,1.958,1.9844,1.8712,1.9734,38302164.6,73653532.60747
2026-01-21 20:00:00,1.9734,1.9907,1.9393,1.9476,19268250.7,37907821.47338
2026-01-22 00:00:00,1.9475,1.9679,1.942,1.9475,8517066.2,16649207.55646
2026-01-22 04:00:00,1.9475,1.9598,1.9463,1.9477,7859459.5,15336871.75024
2026-01-22 08:00:00,1.9477,1.9647,1.9425,1.9439,10209297.5,19960938.84387
2026-01-22 12:00:00,1.944,1.9497,1.9016,1.9146,17334743.9,33402586.27576
2026-01-22 16:00:00,1.9145,1.9358,1.905,1.9327,11294951.1,21700659.39978
2026-01-22 20:00:00,1.9326,1.9338,1.9161,1.9236,6411926.7,12343795.24659
2026-01-23 00:00:00,1.9237,1.9265,1.9091,1.916,7600396.3,14586623.76863
2026-01-23 04:00:00,1.9159,1.9257,1.9033,1.915,11336199.1,21707830.91732
2026-01-23 08:00:00,1.915,1.9157,1.9017,1.9142,8601200.5,16425057.83613
2026-01-23 12:00:00,1.9142,1.9229,1.8873,1.9215,13178189.8,25075115.33109
2026-01-23 16:00:00,1.9216,1.9656,1.9204,1.9232,23380154.7,45410115.62887
2026-01-23 20:00:00,1.9233,1.932,1.9077,1.9196,11980566.5,23008271.66167
2026-01-24 00:00:00,1.9197,1.9272,1.9161,1.9234,4065109.0,7813831.28108
2026-01-24 04:00:00,1.9235,1.9276,1.917,1.919,5195698.2,9983409.3585
2026-01-24 08:00:00,1.919,1.9214,1.9147,1.917,3827632.3,7341604.57992
2026-01-24 12:00:00,1.9171,1.9242,1.9124,1.9128,7305077.3,14019934.93195
2026-01-24 16:00:00,1.9128,1.921,1.91,1.9168,3361314.4,6439300.45131
2026-01-24 20:00:00,1.9167,1.9233,1.9141,1.9143,3405168.7,6529748.02526
2026-01-25 00:00:00,1.9143,1.9168,1.8983,1.9006,5835830.3,11135172.06865
2026-01-25 04:00:00,1.9007,1.9039,1.894,1.8948,3850349.0,7311830.95513
2026-01-25 08:00:00,1.8948,1.9125,1.8869,1.9022,8873461.9,16850713.35237
2026-01-25 12:00:00,1.9022,1.9032,1.8842,1.8878,7169584.0,13573710.45978
2026-01-25 16:00:00,1.8879,1.8879,1.8111,1.8182,45207595.3,83346075.0215
2026-01-25 20:00:00,1.8182,1.841,1.813,1.8356,20596289.8,37665945.98548
2026-01-26 00:00:00,1.8356,1.8887,1.8331,1.8695,18571200.9,34717025.27654
2026-01-26 04:00:00,1.8696,1.8948,1.8696,1.8818,11949769.7,22478475.53391
2026-01-26 08:00:00,1.8817,1.8971,1.8765,1.8915,13210908.2,24932935.66385
2026-01-26 12:00:00,1.8916,1.946,1.8915,1.9255,28368369.2,54375175.55883
2026-01-26 16:00:00,1.9255,1.9385,1.8986,1.9077,19628475.1,37630020.23367
2026-01-26 20:00:00,1.9076,1.913,1.889,1.9041,12752430.5,24225600.22438
2026-01-27 00:00:00,1.9042,1.9169,1.8976,1.9097,7643117.5,14584358.6496
2026-01-27 04:00:00,1.9097,1.9179,1.8947,1.8996,6134958.6,11684206.47848
2026-01-27 08:00:00,1.8995,1.9028,1.8818,1.8889,7939337.9,14995615.30175
2026-01-27 12:00:00,1.8889,1.8967,1.8741,1.8932,11444681.0,21579702.62134
2026-01-27 16:00:00,1.8933,1.9162,1.8768,1.9069,17451186.4,33154241.49843
2026-01-27 20:00:00,1.9069,1.9295,1.9058,1.9158,14006545.7,26894912.53278
2026-01-28 00:00:00,1.9157,1.9193,1.8944,1.902,7839079.5,14936234.45047
2026-01-28 04:00:00,1.902,1.9249,1.8967,1.916,8502859.2,16259593.8496
2026-01-28 08:00:00,1.9159,1.9427,1.9061,1.9415,11833923.1,22760806.44739
2026-01-28 12:00:00,1.9414,1.9422,1.9016,1.9077,16757558.8,32229888.43504
2026-01-28 16:00:00,1.9077,1.928,1.9005,1.9194,11902749.7,22782824.67224
2026-01-28 20:00:00,1.9195,1.9325,1.9073,1.9111,10589688.2,20298634.02748
2026-01-29 00:00:00,1.9112,1.9134,1.8702,1.8761,13810768.3,26060956.83941
2026-01-29 04:00:00,1.876,1.8897,1.8654,1.8857,8181245.1,15377148.78421
2026-01-29 08:00:00,1.8856,1.89,1.8673,1.871,14246645.5,26721336.77156
2026-01-29 12:00:00,1.8711,1.8779,1.7865,1.8017,52421260.8,95691762.20066
2026-01-29 16:00:00,1.8018,1.8432,1.778,1.7895,44134238.7,79632018.82416
2026-01-29 20:00:00,1.7895,1.8136,1.786,1.8076,16615752.6,29932823.11278
2026-01-30 00:00:00,1.8077,1.8131,1.7107,1.7477,58361162.1,102374647.5163
2026-01-30 04:00:00,1.7477,1.7727,1.7304,1.7588,22637655.2,39741423.26668
2026-01-30 08:00:00,1.7589,1.7747,1.7336,1.7698,19119387.7,33461662.30023
2026-01-30 12:00:00,1.7698,1.7818,1.7401,1.7583,57365350.0,101161944.36902
2026-01-30 16:00:00,1.7583,1.7847,1.7113,1.7712,44740490.7,78556977.05192
2026-01-30 20:00:00,1.7713,1.7716,1.7179,1.7352,27496261.0,47782243.32364
2026-01-31 00:00:00,1.7353,1.7547,1.7331,1.7448,12176894.5,21218685.94418
2026-01-31 04:00:00,1.7448,1.7484,1.7126,1.7195,16799326.5,29057716.61502
2026-01-31 08:00:00,1.7195,1.7224,1.6802,1.7021,32078182.7,54479694.54699
2026-01-31 12:00:00,1.7022,1.7022,1.6129,1.6352,64298769.7,106139236.03779
2026-01-31 16:00:00,1.6352,1.6497,1.5028,1.5827,167995074.0,264948618.12688
2026-01-31 20:00:00,1.5827,1.6544,1.5715,1.6472,39021220.5,62942695.09068
2026-02-01 00:00:00,1.6472,1.6805,1.6436,1.667,32965828.0,54780077.90979
2026-02-01 04:00:00,1.6669,1.674,1.6474,1.6591,20084238.7,33366226.68119
2026-02-01 08:00:00,1.6591,1.6782,1.6322,1.6499,19947544.7,32990801.04942
2026-02-01 12:00:00,1.6499,1.6525,1.576,1.5949,37748365.4,60751449.23558
2026-02-01 16:00:00,1.595,1.6267,1.5821,1.6,24514777.8,39285796.25233
2026-02-01 20:00:00,1.5999,1.6144,1.5526,1.5908,47126903.4,74828966.15393
2026-02-02 00:00:00,1.5908,1.6188,1.5307,1.5809,50447402.0,79458620.93151
2026-02-02 04:00:00,1.5809,1.6001,1.5311,1.5796,63208203.5,99140570.59628
2026-02-02 08:00:00,1.5795,1.6274,1.5794,1.6216,26869759.0,43140207.9418
2026-02-02 12:00:00,1.6215,1.6554,1.6213,1.6424,43607340.0,71490166.04673
2026-02-02 16:00:00,1.6424,1.6571,1.6252,1.6256,18724838.7,30774822.43903
2026-02-02 20:00:00,1.6256,1.6338,1.6126,1.6198,15249761.5,24746590.99618
2026-02-03 00:00:00,1.6199,1.6223,1.5879,1.6134,20522204.6,32951210.10748
2026-02-03 04:00:00,1.6134,1.6248,1.599,1.6174,18063757.9,29130713.63518
2026-02-03 08:00:00,1.6175,1.6257,1.5955,1.6031,20938551.7,33650418.11284
2026-02-03 12:00:00,1.6031,1.6216,1.5792,1.6184,29957653.4,48011202.23363
2026-02-03 16:00:00,1.6184,1.6184,1.5274,1.5814,64483709.9,100719003.50328
2026-02-03 20:00:00,1.5813,1.6339,1.5665,1.5791,36587164.9,58693454.71877
2026-02-04 00:00:00,1.579,1.6052,1.5662,1.5992,19795941.8,31474995.19803
2026-02-04 04:00:00,1.5993,1.609,1.5826,1.6053,19395208.2,30985998.06511
2026-02-04 08:00:00,1.6053,1.6122,1.5789,1.5924,18779662.4,29965646.63661
2026-02-04 12:00:00,1.5924,1.598,1.53,1.5439,41310712.3,64447378.2521
2026-02-04 16:00:00,1.544,1.557,1.5044,1.5547,61306892.4,93793090.12718
2026-02-04 20:00:00,1.5547,1.5565,1.4948,1.512,33798285.8,51370783.68834
2026-02-05 00:00:00,1.512,1.5154,1.4392,1.4432,55088656.1,81079555.67089
2026-02-05 04:00:00,1.4432,1.4582,1.4179,1.4323,55254132.4,79476891.34044
2026-02-05 08:00:00,1.4324,1.4449,1.3422,1.3653,79997125.8,110907198.69422
2026-02-05 12:00:00,1.3653,1.3868,1.2686,1.2967,147534675.2,195570795.10105
2026-02-05 16:00:00,1.2967,1.3121,1.2054,1.2135,165858805.6,207994696.99136
2026-02-05 20:00:00,1.2134,1.267,1.1371,1.2146,240376275.9,286855031.78215
2026-02-06 00:00:00,1.2145,1.2941,1.1172,1.2698,199929604.5,241261055.95104
2026-02-06 04:00:00,1.2698,1.3354,1.263,1.2924,81128685.0,105835049.08056
2026-02-06 08:00:00,1.2924,1.3881,1.2851,1.3684,90987165.2,121965882.81848
2026-02-06 12:00:00,1.3683,1.5442,1.3574,1.5131,172332338.2,249786270.44158
2026-02-06 16:00:00,1.5131,1.5347,1.4377,1.4565,112355266.1,167185542.18866
2026-02-06 20:00:00,1.4566,1.4984,1.4387,1.4698,51389741.8,75287699.43745
2026-02-07 00:00:00,1.4697,1.4879,1.433,1.4736,49344857.3,72052796.85015
2026-02-07 04:00:00,1.4736,1.4853,1.4067,1.4133,53675301.9,77308217.36578
2026-02-07 08:00:00,1.4133,1.429,1.3858,1.3924,41312552.5,58018800.21977
2026-02-07 12:00:00,1.3923,1.4408,1.3905,1.4108,40669773.0,57434935.50295
2026-02-07 16:00:00,1.4107,1.4488,1.4052,1.4309,75918543.6,108029840.93626
2026-02-07 20:00:00,1.4309,1.4415,1.4128,1.4231,13389312.0,19119386.44384
2026-02-08 00:00:00,1.4231,1.4419,1.4138,1.417,11705912.1,16705627.24497
2026-02-08 04:00:00,1.417,1.426,1.4099,1.4211,8456713.5,11988366.9833
2026-02-08 08:00:00,1.421,1.4632,1.4195,1.4528,30794381.1,44433030.32286
2026-02-08 12:00:00,1.4529,1.4703,1.4304,1.4404,30252829.5,43991534.82426
2026-02-08 16:00:00,1.4404,1.4529,1.4103,1.4503,23945988.1,34300083.47258
2026-02-08 20:00:00,1.4503,1.4631,1.4221,1.4308,20856794.1,29982321.21417
2026-02-09 00:00:00,1.4308,1.4547,1.4191,1.4522,21634191.8,31096875.65479
2026-02-09 04:00:00,1.4521,1.4553,1.4214,1.4257,16283965.9,23431457.32938
2026-02-09 08:00:00,1.4257,1.4299,1.3728,1.3934,39716497.3,55482987.62057
2026-02-09 12:00:00,1.3935,1.4499,1.3932,1.4462,39161217.1,55616463.4555
2026-02-09 16:00:00,1.4461,1.4642,1.4336,1.4528,35071912.7,50781317.87162
2026-02-09 20:00:00,1.4527,1.4587,1.4351,1.437,16678497.0,24158380.78579
2026-02-10 00:00:00,1.437,1.4532,1.4282,1.4354,14701504.9,21195868.11059
2026-02-10 04:00:00,1.4354,1.452,1.4142,1.4221,20612530.6,29582996.81623
2026-02-10 08:00:00,1.4222,1.436,1.4065,1.4081,17360581.4,24651204.67331
2026-02-10 12:00:00,1.4081,1.4259,1.3931,1.407,30154784.9,42468059.11191
2026-02-10 16:00:00,1.407,1.4291,1.3942,1.401,20238415.9,28590025.90628
2026-02-10 20:00:00,1.4009,1.4049,1.3916,1.3999,10331556.0,14446111.35692
2026-02-11 00:00:00,1.3998,1.4205,1.3943,1.4041,14357474.9,20231187.27854
2026-02-11 04:00:00,1.4041,1.4088,1.358,1.3667,34625482.9,47655192.08599
2026-02-11 08:00:00,1.3667,1.3806,1.3553,1.3791,21351063.0,29171230.11299
2026-02-11 12:00:00,1.379,1.4097,1.3463,1.3541,55838611.0,76668091.92371
2026-02-11 16:00:00,1.3541,1.3871,1.3421,1.3788,27843289.6,38067036.57082
2026-02-11 20:00:00,1.3788,1.3973,1.3596,1.3697,18680342.3,25757078.74171
2026-02-12 00:00:00,1.3697,1.3865,1.3684,1.3752,13651730.7,18822267.54724
2026-02-12 04:00:00,1.3752,1.3889,1.3723,1.3819,13846838.2,19106160.15659
2026-02-12 08:00:00,1.382,1.4082,1.3771,1.4015,19364507.3,27005782.40672
2026-02-12 12:00:00,1.4016,1.403,1.375,1.3759,20423564.8,28384676.86478
2026-02-12 16:00:00,1.3758,1.3797,1.3461,1.3647,33561576.0,45684407.67564
2026-02-12 20:00:00,1.3647,1.3703,1.3488,1.3635,16008047.1,21715632.40389
2026-02-13 00:00:00,1.3635,1.3719,1.3492,1.3655,14095916.9,19184649.83483
2026-02-13 04:00:00,1.3655,1.3683,1.3485,1.3539,15014932.0,20381704.09301
2026-02-13 08:00:00,1.3539,1.373,1.3521,1.368,13915987.0,19008858.40476
2026-02-13 12:00:00,1.3679,1.422,1.3598,1.4046,43374180.5,60270316.7453
2026-02-13 16:00:00,1.4046,1.4285,1.3996,1.4112,25698822.7,36370496.88839
2026-02-13 20:00:00,1.4112,1.4165,1.398,1.4071,12927900.3,18194344.71267
2026-02-14 00:00:00,1.407,1.4184,1.4051,1.4164,7423123.9,10485806.691
2026-02-14 04:00:00,1.4163,1.4256,1.4078,1.4224,6451113.0,9127702.34688
2026-02-14 08:00:00,1.4224,1.4734,1.4217,1.4717,30604081.6,44401422.52469
2026-02-14 12:00:00,1.4717,1.4769,1.4516,1.469,24147660.1,35392038.49265
2026-02-14 16:00:00,1.469,1.5003,1.4571,1.498,22048024.3,32643671.72861
2026-02-14 20:00:00,1.4981,1.5138,1.4879,1.5094,22466535.5,33719680.03768
2026-02-15 00:00:00,1.5094,1.5448,1.5048,1.5269,34783098.2,52999236.48621
2026-02-15 04:00:00,1.5269,1.6505,1.5251,1.6497,48473555.8,76731828.20742
2026-02-15 08:00:00,1.6498,1.6714,1.5579,1.5624,79402409.5,128497380.63047
2026-02-15 12:00:00,1.5624,1.5662,1.5115,1.5237,58827916.9,90224162.54387
2026-02-15 16:00:00,1.5237,1.5245,1.4477,1.4537,45522516.2,67572975.27683
2026-02-15 20:00:00,1.4537,1.4905,1.445,1.4753,32296975.8,47497374.46993
2026-02-16 00:00:00,1.4753,1.4872,1.4538,1.4616,20528758.3,30203317.47211
2026-02-16 04:00:00,1.4617,1.4759,1.4485,1.4611,21698860.2,31718094.61095
2026-02-16 08:00:00,1.4611,1.5141,1.4611,1.4838,32707037.9,48734641.55257
2026-02-16 12:00:00,1.4838,1.5171,1.4616,1.4743,43389120.4,64714345.85388
2026-02-16 16:00:00,1.4744,1.4947,1.4713,1.4753,18009856.3,26725133.12922
2026-02-16 20:00:00,1.4753,1.4941,1.4687,1.4876,9069489.9,13453215.7841
2026-02-17 00:00:00,1.4876,1.4934,1.4732,1.4829,11732029.0,17433491.37575
2026-02-17 04:00:00,1.483,1.4889,1.4694,1.4731,10804280.7,15958800.34999
2026-02-17 08:00:00,1.473,1.4771,1.4499,1.4525,15637946.1,22803016.31136
2026-02-17 12:00:00,1.4525,1.4634,1.4268,1.4571,25893518.8,37502216.36872
2026-02-17 16:00:00,1.4572,1.495,1.4571,1.4855,26206580.1,38740362.2894
2026-02-17 20:00:00,1.4856,1.4935,1.4708,1.4743,8564035.3,12686188.612
2026-02-18 00:00:00,1.4742,1.4834,1.4635,1.4791,11500871.7,16928653.60089
2026-02-18 04:00:00,1.4792,1.4888,1.4755,1.4869,7382680.4,10939531.19678
2026-02-18 08:00:00,1.4868,1.4943,1.4638,1.4665,13137168.3,19467841.71821
2026-02-18 12:00:00,1.4664,1.4891,1.4521,1.4765,16762478.1,24617976.10435
2026-02-18 16:00:00,1.4765,1.4773,1.4195,1.423,22616664.6,32655063.75238
2026-02-18 20:00:00,1.4231,1.4333,1.4102,1.4219,14431990.8,20519474.95109
2026-02-19 00:00:00,1.422,1.4301,1.4148,1.4288,8709279.3,12392205.46855
2026-02-19 04:00:00,1.4288,1.4381,1.4051,1.4326,25328495.6,35928137.48434
2026-02-19 08:00:00,1.4325,1.4341,1.4062,1.4093,16124231.6,22848084.9459
2026-02-19 12:00:00,1.4092,1.4146,1.3863,1.3975,29230231.0,40875475.3508
2026-02-19 16:00:00,1.3975,1.4186,1.382,1.4123,19070932.7,26707987.80919
2026-02-19 20:00:00,1.4122,1.4148,1.3953,1.4068,9796506.9,13777319.2034
2026-02-20 00:00:00,1.4068,1.4293,1.4054,1.4128,13671175.8,19407412.53038
2026-02-20 04:00:00,1.4129,1.4244,1.4004,1.4195,14063190.5,19905234.12673
2026-02-20 08:00:00,1.4195,1.4289,1.403,1.4057,14797975.2,21011682.26251
2026-02-20 12:00:00,1.4057,1.4305,1.3775,1.429,37717187.1,52978214.81473
2026-02-20 16:00:00,1.4289,1.4389,1.4079,1.4238,31802588.5,45403256.73206
2026-02-20 20:00:00,1.4238,1.4317,1.4147,1.4292,11657587.3,16593617.53628
2026-02-21 00:00:00,1.4292,1.4337,1.4198,1.4259,8269961.9,11806975.43142
2026-02-21 04:00:00,1.4259,1.4354,1.4245,1.4309,5097361.3,7290456.16494
2026-02-21 08:00:00,1.4309,1.4463,1.4275,1.4441,9353443.3,13459809.06026
2026-02-21 12:00:00,1.444,1.4642,1.4358,1.4502,14877725.1,21569684.8259
2026-02-21 16:00:00,1.4503,1.452,1.4365,1.4435,8777390.6,12675793.71976
2026-02-21 20:00:00,1.4436,1.4436,1.43,1.4304,7622038.1,10952587.88797
2026-02-22 00:00:00,1.4303,1.4338,1.4181,1.4238,8154155.4,11640426.3156
2026-02-22 04:00:00,1.4238,1.4259,1.4171,1.4212,5349099.9,7605395.16541
2026-02-22 08:00:00,1.4213,1.4261,1.4171,1.4236,4037928.7,5740356.48913
2026-02-22 12:00:00,1.4236,1.4238,1.3859,1.3934,19529841.8,27387154.72269
2026-02-22 16:00:00,1.3934,1.395,1.3832,1.3867,8947894.6,12429628.04451
2026-02-22 20:00:00,1.3868,1.4018,1.38,1.3932,15147415.6,21076488.846
2026-02-23 00:00:00,1.3932,1.3948,1.3301,1.3414,49015034.7,66138221.19513
2026-02-23 04:00:00,1.3414,1.3781,1.336,1.3714,26189852.4,35464798.46735
2026-02-23 08:00:00,1.3714,1.406,1.3619,1.3965,33071921.4,45884763.12612
2026-02-23 12:00:00,1.3965,1.4248,1.3672,1.3709,44077880.6,61457852.28303
2026-02-23 16:00:00,1.3708,1.3785,1.3483,1.3574,23951213.8,32664290.34722
2026-02-23 20:00:00,1.3573,1.3677,1.35,1.3518,12589797.5,17085024.84642
2026-02-24 00:00:00,1.3519,1.3626,1.3271,1.3323,25721873.0,34585895.66209
2026-02-24 04:00:00,1.3323,1.3428,1.3219,1.3266,26691159.8,35501805.50739
2026-02-24 08:00:00,1.3267,1.3363,1.3215,1.3334,12322859.5,16387714.65379
2026-02-24 12:00:00,1.3334,1.353,1.3124,1.3516,34004487.8,45358212.55216
2026-02-24 16:00:00,1.3517,1.3676,1.3449,1.3559,24439952.1,33182439.5494
2026-02-24 20:00:00,1.3559,1.3639,1.3414,1.3482,16059239.6,21741028.44462
2026-02-25 00:00:00,1.3483,1.3997,1.3404,1.3701,46486219.0,64127413.71925
2026-02-25 04:00:00,1.3702,1.3752,1.353,1.3658,17620854.6,24042921.43076
2026-02-25 08:00:00,1.3658,1.3853,1.363,1.3839,17381879.2,23907241.24878
2026-02-25 12:00:00,1.3838,1.446,1.3812,1.441,49090254.2,69684003.00831
2026-02-25 16:00:00,1.4411,1.4769,1.4378,1.4665,52247153.0,76226953.55913
2026-02-25 20:00:00,1.4665,1.4935,1.4192,1.4339,62262145.2,90971836.32455
2026-02-26 00:00:00,1.4338,1.4475,1.4183,1.442,25149855.9,36070697.7281
2026-02-26 04:00:00,1.442,1.4691,1.4305,1.4341,18397494.8,26634812.80552
2026-02-26 08:00:00,1.4341,1.4567,1.434,1.4368,21885006.4,31620636.90877
2026-02-26 12:00:00,1.4369,1.446,1.4078,1.4212,35185073.1,50304820.58207
2026-02-26 16:00:00,1.4212,1.4235,1.3827,1.4072,47456839.7,66316707.77418
2026-02-26 20:00:00,1.4072,1.4132,1.3884,1.4027,12754871.9,17846649.42057
2026-02-27 00:00:00,1.4027,1.4132,1.3932,1.4079,16792854.3,23577544.51642
2026-02-27 04:00:00,1.4079,1.4216,1.4038,1.417,16726539.9,23622837.85557
2026-02-27 08:00:00,1.417,1.4262,1.3804,1.3826,21842300.4,30583594.89411
2026-02-27 12:00:00,1.3826,1.3853,1.3523,1.3573,59938320.7,81837715.69392
2026-02-27 16:00:00,1.3573,1.3643,1.3386,1.351,29706095.2,40154311.03041
2026-02-27 20:00:00,1.351,1.3585,1.3386,1.3562,20102058.1,27177190.08064
2026-02-28 00:00:00,1.3562,1.3653,1.3528,1.355,10434763.9,14186952.73526
2026-02-28 04:00:00,1.3551,1.3581,1.2902,1.3027,57697128.3,76027733.86317
2026-02-28 08:00:00,1.3026,1.3071,1.27,1.2933,52332439.9,67422292.95458
2026-02-28 12:00:00,1.2932,1.3504,1.292,1.3239,51294168.9,67835747.54444
2026-02-28 16:00:00,1.3239,1.3591,1.3146,1.3544,25242552.1,33719172.41028
2026-02-28 20:00:00,1.3544,1.3931,1.3505,1.3762,32988626.6,45387384.92103
2026-03-01 00:00:00,1.3761,1.4333,1.3653,1.4185,50234625.7,70826648.84834
2026-03-01 04:00:00,1.4186,1.4217,1.3886,1.3979,30195217.1,42370273.93969
2026-03-01 08:00:00,1.3979,1.4,1.3671,1.3762,20874768.6,28810586.11859
2026-03-01 12:00:00,1.3763,1.4035,1.3616,1.3788,27622560.2,38190751.26293
2026-03-01 16:00:00,1.3788,1.3863,1.3538,1.3566,20832102.0,28506198.88237
2026-03-01 20:00:00,1.3565,1.3725,1.3369,1.3524,28182053.3,38070699.07236
2026-03-02 00:00:00,1.3525,1.3807,1.3511,1.374,20714967.3,28276454.28231
2026-03-02 04:00:00,1.374,1.3752,1.3379,1.3471,17174818.3,23291850.01765
2026-03-02 08:00:00,1.3471,1.3626,1.3384,1.3516,17439519.0,23536256.05667
2026-03-02 12:00:00,1.3516,1.4154,1.3341,1.4006,53148488.9,73230342.72069
2026-03-02 16:00:00,1.4006,1.423,1.3833,1.4007,39250091.7,55119258.1065
2026-03-02 20:00:00,1.4007,1.4067,1.386,1.39,19074192.6,26639076.89288
2026-03-03 00:00:00,1.3901,1.3953,1.3678,1.3733,19930176.3,27549386.53824
2026-03-03 04:00:00,1.3733,1.3777,1.3578,1.364,16235871.0,22179024.25974
2026-03-03 08:00:00,1.3639,1.3692,1.3422,1.3531,23887941.8,32277464.92594
2026-03-03 12:00:00,1.3531,1.3708,1.3366,1.3646,33809291.5,45658254.42806
2026-03-03 16:00:00,1.3646,1.3877,1.3533,1.3626,30586629.9,41898333.13811
2026-03-03 20:00:00,1.3627,1.3696,1.3486,1.3607,11152986.9,15165223.5632
2026-03-04 00:00:00,1.3607,1.3698,1.3453,1.353,19301910.4,26251817.36965
2026-03-04 04:00:00,1.353,1.3771,1.3452,1.375,16916078.5,23012185.28176
2026-03-04 08:00:00,1.375,1.4257,1.3693,1.399,59687434.3,83830156.74851
2026-03-04 12:00:00,1.399,1.4642,1.3829,1.4629,57306507.3,81495994.63918
2026-03-04 16:00:00,1.4629,1.4732,1.4354,1.4565,52117589.1,75675309.74461
2026-03-04 20:00:00,1.4565,1.4655,1.4164,1.4309,32696259.6,47261375.17144
2026-03-05 00:00:00,1.4309,1.4362,1.4157,1.4196,16700501.1,23779883.64729
2026-03-05 04:00:00,1.4195,1.4314,1.4085,1.413,15070215.4,21403962.64637
2026-03-05 08:00:00,1.413,1.4525,1.4094,1.4363,23850857.1,34225856.48335
2026-03-05 12:00:00,1.4363,1.4427,1.4098,1.4167,30781869.6,43917081.54479
2026-03-05 16:00:00,1.4167,1.4232,1.396,1.4112,21158525.6,29783743.44762
2026-03-05 20:00:00,1.4113,1.4206,1.4021,1.4037,10607023.4,14959767.87528
2026-03-06 00:00:00,1.4038,1.4148,1.398,1.4055,8419971.8,11848924.82286
2026-03-06 04:00:00,1.4054,1.4084,1.3916,1.4077,10682950.4,14952004.6307
2026-03-06 08:00:00,1.4077,1.4085,1.3921,1.395,15684259.8,22001704.06123
2026-03-06 12:00:00,1.395,1.3972,1.351,1.3562,45117661.7,61846526.60025
2026-03-06 16:00:00,1.3562,1.3662,1.346,1.3634,20941079.4,28392639.52137
2026-03-06 20:00:00,1.3634,1.3722,1.3543,1.3633,13002055.8,17720992.04419
2026-03-07 00:00:00,1.3632,1.3749,1.3627,1.366,7717575.0,10555986.72567
2026-03-07 04:00:00,1.366,1.3685,1.3606,1.367,7316478.8,9981781.67033
2026-03-07 08:00:00,1.367,1.3733,1.3632,1.37,5932464.3,8117405.1561
2026-03-07 12:00:00,1.37,1.3701,1.3548,1.3573,9607165.0,13090596.26707
2026-03-07 16:00:00,1.3573,1.3649,1.3468,1.3504,11381867.3,15413101.65274
2026-03-07 20:00:00,1.3504,1.3592,1.3502,1.3567,5821086.9,7888950.08666
2026-03-08 00:00:00,1.3568,1.3603,1.3446,1.3485,9170329.5,12395191.16977
2026-03-08 04:00:00,1.3485,1.3627,1.3415,1.3602,9690406.5,13108696.91387
2026-03-08 08:00:00,1.3603,1.3712,1.3545,1.3576,13527266.3,18439273.64951
2026-03-08 12:00:00,1.3577,1.3592,1.3414,1.3456,12806951.2,17266004.8187
2026-03-08 16:00:00,1.3456,1.3599,1.3381,1.3563,12606815.3,16965143.08334
2026-03-08 20:00:00,1.3562,1.362,1.3218,1.34,22023874.9,29507669.70605
2026-03-09 00:00:00,1.3401,1.3653,1.3376,1.3505,24533460.4,33140781.77962
2026-03-09 04:00:00,1.3505,1.3587,1.333,1.3409,27018281.0,36356218.45986
2026-03-09 08:00:00,1.3409,1.3636,1.3394,1.3502,14946523.2,20184099.89341
2026-03-09 12:00:00,1.3502,1.3731,1.3496,1.3602,23351096.3,31854386.91827
2026-03-09 16:00:00,1.3602,1.3841,1.3561,1.3729,24030001.8,32876062.94243
2026-03-09 20:00:00,1.3729,1.3791,1.3604,1.3631,16221438.5,22220059.94591
2026-03-10 00:00:00,1.3631,1.3923,1.3605,1.375,17676386.3,24368398.48617
2026-03-10 04:00:00,1.375,1.3897,1.3731,1.3875,21358356.4,29520479.51892
2026-03-10 08:00:00,1.3876,1.4195,1.3876,1.3909,36553075.5,51353373.45443
2026-03-10 12:00:00,1.391,1.4427,1.3813,1.4308,50485815.2,71317568.29064
2026-03-10 16:00:00,1.4309,1.4372,1.3797,1.3849,37415117.9,52686633.28192
2026-03-10 20:00:00,1.3849,1.395,1.3785,1.3863,12825155.3,17783953.60242
2026-03-11 00:00:00,1.3864,1.3926,1.3782,1.3792,10305960.6,14270794.54914
2026-03-11 04:00:00,1.3791,1.391,1.3735,1.3784,12248410.2,16915147.2377
2026-03-11 08:00:00,1.3785,1.3815,1.3722,1.3736,9691834.1,13340869.57563
2026-03-11 12:00:00,1.3735,1.4112,1.3706,1.3824,35071024.6,48764704.18443
2026-03-11 16:00:00,1.3825,1.4075,1.3802,1.3901,36259383.9,50650038.20871
2026-03-11 20:00:00,1.3901,1.3973,1.3822,1.3847,7458257.6,10367305.10107
2026-03-12 00:00:00,1.3847,1.386,1.37,1.3738,13249730.4,18246929.90026
2026-03-12 04:00:00,1.3738,1.3784,1.366,1.3765,14621009.0,20050829.2422
2026-03-12 08:00:00,1.3764,1.3936,1.3742,1.3878,15982550.9,22118464.98604
2026-03-12 12:00:00,1.3878,1.3926,1.365,1.3791,23107701.4,31879546.97072
2026-03-12 16:00:00,1.3791,1.3859,1.3697,1.3786,10668172.7,14702552.59495
2026-03-12 20:00:00,1.3785,1.3896,1.3713,1.3846,12060442.9,16641400.13959
2026-03-13 00:00:00,1.3846,1.4243,1.3831,1.4124,47047151.3,66279389.60816
2026-03-13 04:00:00,1.4123,1.427,1.4074,1.4153,27457124.1,38893941.61682
2026-03-13 08:00:00,1.4153,1.4385,1.413,1.4202,32800101.3,46839034.03588
2026-03-13 12:00:00,1.4202,1.4528,1.4067,1.409,54773776.8,78541865.3666
2026-03-13 16:00:00,1.409,1.415,1.39,1.4014,23529560.4,32994092.83423
2026-03-13 20:00:00,1.4014,1.4061,1.3901,1.3989,17467011.6,24416283.79938
2026-03-14 00:00:00,1.3988,1.4035,1.3923,1.4009,10474127.3,14648923.62925
2026-03-14 04:00:00,1.4008,1.4042,1.3834,1.394,14130734.9,19708994.64291
2026-03-14 08:00:00,1.394,1.3974,1.3874,1.3925,8654346.1,12047364.46543
2026-03-14 12:00:00,1.3924,1.3946,1.3875,1.3903,8530902.8,11864407.8858
2026-03-14 16:00:00,1.3903,1.3936,1.3871,1.3903,4273506.9,5941535.03592
2026-03-14 20:00:00,1.3903,1.4084,1.389,1.4063,12147488.5,16995935.16657
2026-03-15 00:00:00,1.4063,1.4203,1.4021,1.4121,12182293.0,17186858.70808
2026-03-15 04:00:00,1.4122,1.4211,1.4055,1.4076,8857313.5,12515583.40389
2026-03-15 08:00:00,1.4077,1.4206,1.4077,1.4195,8627007.0,12203474.91172
2026-03-15 12:00:00,1.4196,1.43,1.4128,1.4156,20290668.1,28836711.22533
2026-03-15 16:00:00,1.4156,1.4242,1.4092,1.4128,11578834.2,16379037.01696
2026-03-15 20:00:00,1.4129,1.4649,1.4106,1.4487,35868283.9,51806733.90804
2026-03-16 00:00:00,1.4488,1.48,1.4357,1.4674,35821073.2,52159717.61052
2026-03-16 04:00:00,1.4675,1.4887,1.4675,1.483,37135188.0,54915364.07669
2026-03-16 08:00:00,1.483,1.4892,1.4646,1.4698,24439852.3,36002939.67146
2026-03-16 12:00:00,1.4698,1.5169,1.4696,1.4932,51519691.4,76821624.44341
2026-03-16 16:00:00,1.4933,1.5443,1.4918,1.5298,43833084.3,66820571.82799
2026-03-16 20:00:00,1.5297,1.5522,1.5235,1.543,25830274.4,39721668.68623
2026-03-17 00:00:00,1.5429,1.607,1.5342,1.5443,78276191.5,122554981.00044
2026-03-17 04:00:00,1.5443,1.5526,1.5041,1.53,39180082.4,59908249.45789
2026-03-17 08:00:00,1.53,1.5327,1.5024,1.5097,24243828.3,36773241.55651
2026-03-17 12:00:00,1.5098,1.5221,1.4941,1.5135,44581022.1,67201160.71806
2026-03-17 16:00:00,1.5136,1.5408,1.5015,1.5335,32904635.2,50159548.11123
2026-03-17 20:00:00,1.5334,1.5365,1.5177,1.5182,13658970.6,20876715.30248
2026-03-18 00:00:00,1.5182,1.5398,1.5089,1.5389,15406278.7,23484017.24108
2026-03-18 04:00:00,1.5389,1.5414,1.515,1.5201,14398586.3,22002244.52787
2026-03-18 08:00:00,1.5201,1.5275,1.4839,1.4895,21836038.4,32874556.72943
2026-03-18 12:00:00,1.4896,1.4908,1.4385,1.4408,43981378.3,64263402.66948
2026-03-18 16:00:00,1.4407,1.4669,1.4359,1.4493,27242488.5,39560739.63811
2026-03-18 20:00:00,1.4493,1.472,1.4421,1.4647,16672915.4,24383184.70683
2026-03-19 00:00:00,1.4648,1.4788,1.4555,1.4743,11975636.6,17548052.06195
2026-03-19 04:00:00,1.4742,1.4817,1.4507,1.4614,21931974.7,32150744.15018
2026-03-19 08:00:00,1.4613,1.4709,1.4522,1.4585,17817849.5,26043693.35582
2026-03-19 12:00:00,1.4586,1.4586,1.4246,1.4319,38200220.9,55055055.67717
2026-03-19 16:00:00,1.4319,1.4529,1.4219,1.4449,20077341.8,28825331.82938
2026-03-19 20:00:00,1.4448,1.4565,1.4427,1.4475,8904329.1,12912787.6462
2026-03-20 00:00:00,1.4475,1.4607,1.445,1.453,15051147.7,21851483.48464
2026-03-20 04:00:00,1.453,1.4636,1.4434,1.4546,11834619.6,17204402.80337
2026-03-20 08:00:00,1.4546,1.4665,1.4434,1.4491,18517789.1,26890871.3327
2026-03-20 12:00:00,1.4492,1.4525,1.4284,1.4375,23386572.5,33676922.84531
2026-03-20 16:00:00,1.4374,1.443,1.4248,1.436,11161235.8,16015890.66615
2026-03-20 20:00:00,1.436,1.4521,1.4291,1.4452,8004318.9,11546624.87638
2026-03-21 00:00:00,1.4452,1.4496,1.4425,1.4458,6447104.1,9320597.14474
2026-03-21 04:00:00,1.4459,1.453,1.444,1.444,10439491.5,15118803.38093
2026-03-21 08:00:00,1.4441,1.4456,1.4368,1.4425,7989108.9,11507639.61011
2026-03-21 12:00:00,1.4426,1.4467,1.4342,1.4381,10289193.6,14814175.93668
2026-03-21 16:00:00,1.4381,1.4417,1.4341,1.4373,3837868.3,5518761.98696
2026-03-21 20:00:00,1.4372,1.4427,1.4003,1.4086,18144744.5,25771722.51817
2026-03-22 00:00:00,1.4087,1.4263,1.3938,1.4171,20412883.0,28758329.97028
2026-03-22 04:00:00,1.417,1.4204,1.4031,1.4034,11026512.5,15571054.91616
2026-03-22 08:00:00,1.4034,1.4038,1.3855,1.3909,14524751.7,20256237.32201
2026-03-22 12:00:00,1.3909,1.4071,1.3907,1.3926,8078791.8,11300472.24002
2026-03-22 16:00:00,1.3927,1.3957,1.381,1.3847,8692628.7,12068766.35132
2026-03-22 20:00:00,1.3848,1.3931,1.3712,1.3848,14446638.7,19972108.08565
2026-03-23 00:00:00,1.3849,1.393,1.3742,1.3814,12974816.3,17961956.73695
2026-03-23 04:00:00,1.3814,1.3981,1.3626,1.3728,23245007.5,32091959.66014
2026-03-23 08:00:00,1.3729,1.4449,1.3618,1.4115,57140903.5,80655049.91074
2026-03-23 12:00:00,1.4115,1.4661,1.4019,1.4314,48558867.8,69926945.01979
2026-03-23 16:00:00,1.4313,1.4465,1.4268,1.4346,20228395.7,29053636.86145
2026-03-23 20:00:00,1.4346,1.4401,1.4233,1.4323,7917268.5,11337368.82133
2026-03-24 00:00:00,1.4323,1.435,1.4086,1.4144,14991955.7,21239237.04258
2026-03-24 04:00:00,1.4144,1.4324,1.4052,1.4313,15115886.3,21395568.65625
2026-03-24 08:00:00,1.4312,1.4333,1.4133,1.4233,17878221.4,25399746.46127
2026-03-24 12:00:00,1.4233,1.4236,1.3954,1.4009,22600862.1,31801399.50036
2026-03-24 16:00:00,1.4009,1.404,1.3835,1.3882,15422687.9,21458922.05355
2026-03-24 20:00:00,1.3881,1.4183,1.3864,1.416,17370886.9,24452705.76471
2026-03-25 00:00:00,1.416,1.4251,1.4071,1.4132,14406060.5,20402647.07589
2026-03-25 04:00:00,1.4132,1.4268,1.4113,1.42,18232234.4,25882967.60324
2026-03-25 08:00:00,1.42,1.4379,1.4127,1.429,24148221.3,34404348.5105
2026-03-25 12:00:00,1.4291,1.4322,1.4019,1.4075,21776568.2,30882347.40236
2026-03-25 16:00:00,1.4074,1.4212,1.405,1.4121,11844866.7,16748333.35204
2026-03-25 20:00:00,1.4122,1.4225,1.4101,1.4145,6632861.6,9391884.24257
2026-03-26 00:00:00,1.4145,1.4165,1.3963,1.4017,11225467.4,15786410.44352
2026-03-26 04:00:00,1.4016,1.4056,1.3798,1.3856,19026423.6,26453651.65837
2026-03-26 08:00:00,1.3856,1.3865,1.3683,1.3715,20200362.1,27796273.19615
2026-03-26 12:00:00,1.3715,1.3828,1.3527,1.3604,26125352.3,35752694.61226
2026-03-26 16:00:00,1.3605,1.3677,1.336,1.3444,29929935.3,40420622.46167
2026-03-26 20:00:00,1.3444,1.3704,1.3443,1.3609,24334484.7,33147512.53156
2026-03-27 00:00:00,1.3608,1.3726,1.3582,1.3639,16626091.8,22706625.29195
2026-03-27 04:00:00,1.3639,1.3685,1.356,1.359,12411128.6,16899085.38017
2026-03-27 08:00:00,1.359,1.3613,1.3262,1.335,26331746.7,35308901.94538
2026-03-27 12:00:00,1.3351,1.3459,1.3262,1.336,39122125.3,52257521.55432
2026-03-27 16:00:00,1.336,1.3374,1.3184,1.3253,15085416.7,20038701.37792
2026-03-27 20:00:00,1.3253,1.3327,1.3204,1.3257,9680887.9,12831175.94095
2026-03-28 00:00:00,1.3256,1.3294,1.3191,1.3271,8970473.2,11892838.45794
2026-03-28 04:00:00,1.3271,1.3421,1.3258,1.3411,10739329.8,14333226.37015
2026-03-28 08:00:00,1.3411,1.3433,1.3348,1.3403,7053085.1,9446604.17031
2026-03-28 12:00:00,1.3403,1.3582,1.3361,1.3533,14468214.3,19509658.50897
2026-03-28 16:00:00,1.3534,1.3545,1.3418,1.3449,5259177.5,7092151.8145
2026-03-28 20:00:00,1.3449,1.348,1.331,1.3333,7226846.4,9689064.39525
2026-03-29 00:00:00,1.3333,1.3418,1.33,1.3384,5809361.0,7756074.91616
2026-03-29 04:00:00,1.3383,1.3433,1.3285,1.3341,8511378.7,11364545.6289
2026-03-29 08:00:00,1.3341,1.3407,1.331,1.3382,5158796.7,6895292.43594
2026-03-29 12:00:00,1.3382,1.3382,1.3213,1.3257,9051316.5,12017408.99362
2026-03-29 16:00:00,1.3257,1.3297,1.3162,1.3182,7746397.2,10238694.56136
2026-03-29 20:00:00,1.3181,1.3325,1.2954,1.3278,25061768.5,32963892.87181
2026-03-30 00:00:00,1.3279,1.3553,1.3247,1.352,15826294.9,21237022.27586
2026-03-30 04:00:00,1.3521,1.3609,1.347,1.3584,19286841.8,26114217.4652
2026-03-30 08:00:00,1.3583,1.3669,1.345,1.3499,20208339.3,27369918.16576
2026-03-30 12:00:00,1.35,1.3564,1.3351,1.3454,19653085.8,26472350.84121
2026-03-30 16:00:00,1.3454,1.3456,1.3166,1.323,14578078.3,19387392.06251
2026-03-30 20:00:00,1.323,1.3345,1.32,1.3242,10649979.9,14127959.31164
2026-03-31 00:00:00,1.3242,1.3482,1.3192,1.3259,12962439.5,17293420.4298
2026-03-31 04:00:00,1.3258,1.3296,1.3143,1.3196,21456230.9,28365883.18836
2026-03-31 08:00:00,1.3196,1.3237,1.3038,1.315,19747065.0,25921865.72439
2026-03-31 12:00:00,1.3149,1.3387,1.3113,1.3151,20244220.5,26787123.49672
2026-03-31 16:00:00,1.3151,1.3469,1.3144,1.345,18129321.7,24194080.7033
2026-03-31 20:00:00,1.345,1.3503,1.3327,1.3411,8779136.2,11777407.558
2026-04-01 00:00:00,1.341,1.3517,1.3314,1.3481,13698626.8,18376869.84859
2026-04-01 04:00:00,1.3482,1.3675,1.3361,1.3566,22474878.2,30380133.99329
2026-04-01 08:00:00,1.3566,1.3586,1.349,1.3544,14873961.2,20121800.02391
2026-04-01 12:00:00,1.3544,1.3606,1.3448,1.3575,18179392.4,24602946.27015
2026-04-01 16:00:00,1.3575,1.3683,1.3463,1.3505,10816762.0,14658534.85821
2026-04-01 20:00:00,1.3505,1.3567,1.3422,1.3478,6855190.4,9256436.33942
2026-04-02 00:00:00,1.3477,1.3569,1.3067,1.3129,29427263.1,39041849.85148
2026-04-02 04:00:00,1.3129,1.3209,1.305,1.3176,21713290.3,28514688.06401
2026-04-02 08:00:00,1.3175,1.3176,1.2989,1.3002,19873066.4,26001415.73081
2026-04-02 12:00:00,1.3002,1.3037,1.2802,1.3001,36430128.5,47060106.45441
2026-04-02 16:00:00,1.3002,1.3113,1.295,1.308,16009151.5,20851459.25144
2026-04-02 20:00:00,1.3081,1.3229,1.3051,1.32,9418659.9,12398031.77306
2026-04-03 00:00:00,1.32,1.324,1.3033,1.3217,18678482.0,24563260.3525
2026-04-03 04:00:00,1.3216,1.3261,1.3143,1.3188,9640158.1,12720234.10895
2026-04-03 08:00:00,1.3188,1.3243,1.3093,1.3204,10833198.9,14257605.43268
2026-04-03 12:00:00,1.3204,1.3356,1.3144,1.3187,15436365.8,20406534.87886
2026-04-03 16:00:00,1.3187,1.3254,1.3135,1.3178,4732493.7,6250582.83063
2026-04-03 20:00:00,1.3177,1.3223,1.3124,1.3184,5463354.8,7196339.47485
2026-04-04 00:00:00,1.3183,1.3191,1.3133,1.3159,3727329.1,4905543.04662
2026-04-04 04:00:00,1.3158,1.3208,1.3153,1.3161,3741053.5,4929475.9324
2026-04-04 08:00:00,1.3161,1.3165,1.307,1.3118,6714869.8,8814202.43728
2026-04-04 12:00:00,1.3119,1.3169,1.3067,1.3126,6168528.7,8087809.94358
2026-04-04 16:00:00,1.3126,1.3226,1.3107,1.3178,6800731.5,8947799.88777
2026-04-04 20:00:00,1.3178,1.3189,1.3136,1.3153,2822498.3,3716506.57084
2026-04-05 00:00:00,1.3154,1.32,1.3102,1.3133,3505295.2,4608960.53871
2026-04-05 04:00:00,1.3134,1.3154,1.2957,1.2979,19414585.5,25312877.79349
2026-04-05 08:00:00,1.2978,1.304,1.2969,1.2987,6333221.3,8230338.77448
2026-04-05 12:00:00,1.2987,1.306,1.2787,1.2967,22715734.7,29274345.06895
2026-04-05 16:00:00,1.2967,1.3075,1.2967,1.3006,6189565.4,8052762.96803
2026-04-05 20:00:00,1.3006,1.332,1.2972,1.3263,16155864.7,21243617.06905
2026-04-06 00:00:00,1.3264,1.349,1.326,1.3381,27789945.9,37143697.72828
2026-04-06 04:00:00,1.3382,1.3474,1.3362,1.3443,20057095.1,26897000.74359
2026-04-06 08:00:00,1.3444,1.3577,1.3377,1.3499,19750225.4,26663355.31181
2026-04-06 12:00:00,1.3498,1.3534,1.3407,1.3504,14837364.9,19983152.13794
2026-04-06 16:00:00,1.3505,1.3538,1.335,1.3415,12012169.6,16114058.57887
2026-04-06 20:00:00,1.3416,1.3436,1.3122,1.3212,9898989.8,13131981.20326
2026-04-07 00:00:00,1.3211,1.326,1.3125,1.317,7563866.2,9974743.80621
2026-04-07 04:00:00,1.3169,1.3205,1.3056,1.3127,10927019.9,14343914.36532
2026-04-07 08:00:00,1.3127,1.3247,1.3034,1.3063,16744551.1,22014068.50767
2026-04-07 12:00:00,1.3063,1.3135,1.2949,1.2976,16704681.1,21768450.94148
2026-04-07 16:00:00,1.2976,1.3164,1.2954,1.3142,17996896.1,23502337.22601
2026-04-07 20:00:00,1.3142,1.3962,1.3139,1.3787,60765981.0,82552423.11356
2026-04-08 00:00:00,1.3786,1.3841,1.3601,1.37,29615413.4,40596575.81954
2026-04-08 04:00:00,1.3701,1.3883,1.3692,1.3797,21807469.2,30095450.39424
2026-04-08 08:00:00,1.3797,1.3882,1.3717,1.3781,17203749.0,23758642.36208
2026-04-08 12:00:00,1.3782,1.3898,1.3454,1.3549,32545406.4,44481764.49077
2026-04-08 16:00:00,1.3548,1.3637,1.3445,1.3519,12625753.8,17109502.40531
2026-04-08 20:00:00,1.3518,1.3573,1.3389,1.3428,11057941.5,14901471.6917
2026-04-09 00:00:00,1.3428,1.3431,1.3266,1.3311,19169546.6,25558440.75574
2026-04-09 04:00:00,1.3311,1.3357,1.3256,1.332,21035705.0,28010041.88215
2026-04-09 08:00:00,1.332,1.339,1.3255,1.3297,17871266.7,23824295.82766
2026-04-09 12:00:00,1.3297,1.3553,1.3218,1.3523,22368422.7,29877950.0156
2026-04-09 16:00:00,1.3523,1.3607,1.3462,1.3559,17278827.1,23415560.19515
2026-04-09 20:00:00,1.3558,1.3696,1.3418,1.3438,14541846.0,19716789.90722
2026-04-10 00:00:00,1.3438,1.3505,1.3403,1.3412,10668161.1,14345301.0998
2026-04-10 04:00:00,1.3412,1.3488,1.3356,1.337,9418392.0,12642541.33343
2026-04-10 08:00:00,1.337,1.3467,1.3348,1.3415,20690443.7,27715574.85532
2026-04-10 12:00:00,1.3415,1.362,1.3379,1.3478,20215228.0,27273573.61373
2026-04-10 16:00:00,1.3479,1.3633,1.3475,1.3631,10222879.3,13858504.851
2026-04-10 20:00:00,1.363,1.366,1.3543,1.3559,8570892.6,11658670.5335
2026-04-11 00:00:00,1.3559,1.357,1.3488,1.3506,8567163.7,11590636.92507
2026-04-11 04:00:00,1.3506,1.352,1.344,1.3464,5022094.0,6769611.17602
2026-04-11 08:00:00,1.3465,1.3499,1.3422,1.3457,6807881.4,9165856.42001
2026-04-11 12:00:00,1.3456,1.349,1.3394,1.346,11004736.3,14786310.3014
2026-04-11 16:00:00,1.3461,1.3752,1.3456,1.3712,14061850.5,19153293.13059
2026-04-11 20:00:00,1.3712,1.3728,1.3513,1.3546,11631630.4,15853433.06635
2026-04-12 00:00:00,1.3547,1.3559,1.3254,1.3302,21388640.9,28570669.33126
2026-04-12 04:00:00,1.3302,1.3321,1.3268,1.3298,9612541.6,12778675.77698
2026-04-12 08:00:00,1.3297,1.3339,1.3266,1.333,7107578.0,9457743.47527
2026-04-12 12:00:00,1.333,1.3346,1.3193,1.3239,17688010.6,23466139.04433
2026-04-12 16:00:00,1.3239,1.3341,1.3234,1.3311,4957229.7,6591230.29699
2026-04-12 20:00:00,1.331,1.3395,1.3225,1.3247,9491770.3,12637011.44595
2026-04-13 00:00:00,1.3246,1.3335,1.3234,1.3254,9422268.3,12515937.95815
2026-04-13 04:00:00,1.3254,1.3374,1.3193,1.3254,11728272.4,15598220.93007
2026-04-13 08:00:00,1.3255,1.3304,1.3226,1.3255,15890823.1,21075812.80054
2026-04-13 12:00:00,1.3256,1.3468,1.3234,1.3345,19250807.8,25713057.52847
2026-04-13 16:00:00,1.3345,1.3557,1.3294,1.3533,17222861.0,23115314.01932
2026-04-13 20:00:00,1.3533,1.3839,1.3437,1.3756,31935668.6,43707758.28454
2026-04-14 00:00:00,1.3757,1.3775,1.3594,1.3672,16948647.3,23157697.23286
2026-04-14 04:00:00,1.3672,1.3773,1.3602,1.3682,14898371.0,20377535.55337
2026-04-14 08:00:00,1.3683,1.3762,1.3667,1.3692,12820297.1,17584980.4512
2026-04-14 12:00:00,1.3692,1.3955,1.365,1.3745,34549979.7,47672357.11198
2026-04-14 16:00:00,1.3745,1.3809,1.3521,1.3607,11649206.0,15909272.01329
2026-04-14 20:00:00,1.3608,1.366,1.3552,1.3617,12176098.4,16565142.49364
2026-04-15 00:00:00,1.3617,1.3668,1.3553,1.3578,16183660.8,22021894.57565
2026-04-15 04:00:00,1.3577,1.3614,1.3503,1.352,9554405.0,12950029.23783
2026-04-15 08:00:00,1.352,1.3647,1.3507,1.3636,10801463.1,14651154.77246
2026-04-15 12:00:00,1.3635,1.3835,1.3612,1.3733,26561883.3,36437128.15865
2026-04-15 16:00:00,1.3733,1.4086,1.3718,1.4,28713242.1,39890278.29768
2026-04-15 20:00:00,1.4,1.4025,1.3799,1.3922,17679300.1,24597251.50087
2026-04-16 00:00:00,1.3922,1.4156,1.3865,1.4063,22295619.6,31267848.89731
2026-04-16 04:00:00,1.4063,1.4128,1.4006,1.4058,12725307.2,17904409.07384
2026-04-16 08:00:00,1.4058,1.4231,1.4016,1.4095,25978003.7,36656569.7103
2026-04-16 12:00:00,1.4095,1.4342,1.3928,1.4291,44456185.4,62908643.14718
2026-04-16 16:00:00,1.4291,1.4664,1.4144,1.4645,33643204.8,48402867.87658
2026-04-16 20:00:00,1.4645,1.4663,1.444,1.453,16328921.4,23730253.50951
2026-04-17 00:00:00,1.453,1.4555,1.4225,1.4308,18903240.4,27142381.12905
2026-04-17 04:00:00,1.4307,1.44,1.4243,1.4373,12647542.5,18109298.96989
2026-04-17 08:00:00,1.4373,1.4592,1.4326,1.4475,20028208.7,28925413.14747
2026-04-17 12:00:00,1.4475,1.51,1.4442,1.4861,64181954.2,95012237.26486
2026-04-17 16:00:00,1.4861,1.5006,1.4728,1.4871,27184202.4,40439867.00381
2026-04-17 20:00:00,1.4872,1.4896,1.4721,1.4757,12921188.9,19138683.07678
2026-04-18 00:00:00,1.4757,1.4823,1.4669,1.4686,8650246.7,12754635.45904
2026-04-18 04:00:00,1.4687,1.4771,1.4627,1.4741,9629926.7,14150154.96199
2026-04-18 08:00:00,1.4742,1.4754,1.4246,1.4314,31621719.6,45694745.00416
2026-04-18 12:00:00,1.4314,1.4399,1.4296,1.4362,13006551.3,18670381.6831
2026-04-18 16:00:00,1.4361,1.4392,1.4235,1.4271,12423768.4,17766760.68679
2026-04-18 20:00:00,1.4272,1.4384,1.4239,1.4323,7338270.3,10509766.39211
2026-04-19 00:00:00,1.4324,1.4386,1.4236,1.4294,8463198.0,12110861.93384
2026-04-19 04:00:00,1.4295,1.4431,1.4148,1.42,15550618.7,22178201.42587
2026-04-19 08:00:00,1.4199,1.4309,1.4131,1.4297,15043504.3,21397552.05243
2026-04-19 12:00:00,1.4298,1.447,1.4206,1.4315,17630104.4,25314524.37239
2026-04-19 16:00:00,1.4315,1.4323,1.4113,1.4175,13083801.4,18575024.91978
2026-04-19 20:00:00,1.4175,1.4175,1.3909,1.3942,20642713.1,28971104.15941
2026-04-20 00:00:00,1.3943,1.4132,1.3933,1.4111,17554171.6,24708451.17767
2026-04-20 04:00:00,1.411,1.4326,1.3954,1.4154,16634336.4,23510780.57126
2026-04-20 08:00:00,1.4154,1.4272,1.4075,1.4155,16817558.5,23830136.48727
2026-04-20 12:00:00,1.4155,1.435,1.4089,1.4327,28586215.3,40665489.18672
2026-04-20 16:00:00,1.4328,1.4369,1.4224,1.4303,12859323.8,18381614.85665
2026-04-20 20:00:00,1.4302,1.4335,1.4213,1.4243,7124205.9,10172925.57132
2026-04-21 00:00:00,1.4244,1.4319,1.4195,1.4241,11059762.6,15758031.41051
2026-04-21 04:00:00,1.424,1.4425,1.424,1.4393,14094469.9,20207302.92403
2026-04-21 08:00:00,1.4392,1.45,1.4366,1.4397,15468449.3,22298022.84331
2026-04-21 12:00:00,1.4397,1.445,1.4255,1.4324,16263077.1,23306813.17624
2026-04-21 16:00:00,1.4325,1.4359,1.4116,1.4136,18898627.6,26904818.84401
2026-04-21 20:00:00,1.4135,1.4341,1.4122,1.4334,9493794.1,13511063.11104
2026-04-22 00:00:00,1.4335,1.4506,1.4268,1.4432,13549847.4,19525265.58462
2026-04-22 04:00:00,1.4432,1.4606,1.4415,1.4544,14552939.5,21157955.54899
2026-04-22 08:00:00,1.4545,1.4557,1.4482,1.4543,10070207.3,14618697.14807
2026-04-22 12:00:00,1.4543,1.4626,1.4473,1.4564,20643670.6,30032635.56143
2026-04-22 16:00:00,1.4564,1.4589,1.4374,1.4413,13834041.9,20023356.26963
2026-04-22 20:00:00,1.4414,1.4428,1.4287,1.4294,10778474.7,15483888.03305
2026-04-23 00:00:00,1.4293,1.4316,1.4114,1.4162,13796873.3,19616306.80966
2026-04-23 04:00:00,1.4162,1.4251,1.415,1.4208,8656692.0,12294853.96953
2026-04-23 08:00:00,1.4208,1.4214,1.409,1.4165,10937968.1,15467768.76894
2026-04-23 12:00:00,1.4164,1.4368,1.414,1.4315,16089627.0,22901545.95204
2026-04-23 16:00:00,1.4316,1.441,1.4208,1.4295,35299120.9,50508851.46677
2026-04-23 20:00:00,1.4295,1.44,1.4278,1.4386,7403696.1,10624828.36875
2026-04-24 00:00:00,1.4386,1.4457,1.4282,1.4307,10617867.0,15267641.90693
2026-04-24 04:00:00,1.4306,1.4339,1.4258,1.4326,6435527.9,9202391.22298
2026-04-24 08:00:00,1.4327,1.4401,1.4239,1.4383,9886601.8,14163259.0246
2026-04-24 12:00:00,1.4383,1.4482,1.4284,1.4479,25277258.3,36305898.5881
2026-04-24 16:00:00,1.448,1.4503,1.4336,1.4391,7724459.6,11132488.16187
2026-04-24 20:00:00,1.4392,1.443,1.4297,1.4334,6287413.9,9034312.17291
2026-04-25 00:00:00,1.4333,1.4377,1.4316,1.4366,3846428.4,5517308.05223
2026-04-25 04:00:00,1.4367,1.437,1.4311,1.4335,2714845.9,3891298.50427
2026-04-25 08:00:00,1.4334,1.4371,1.4295,1.4308,3871087.0,5549713.02008
2026-04-25 12:00:00,1.4307,1.4324,1.4246,1.4255,5003896.9,7151722.67534
2026-04-25 16:00:00,1.4255,1.428,1.4192,1.4204,6942873.0,9873601.22398
2026-04-25 20:00:00,1.4205,1.4256,1.4187,1.4238,3967427.4,5643160.49881
2026-04-26 00:00:00,1.4238,1.4241,1.418,1.4186,3626825.4,5153471.63978
2026-04-26 04:00:00,1.4187,1.4294,1.4185,1.4291,5170669.1,7370204.7289
2026-04-26 08:00:00,1.4291,1.4318,1.4257,1.4305,3033104.2,4332591.82623
2026-04-26 12:00:00,1.4306,1.4315,1.4231,1.4292,5479079.8,7817270.59336
2026-04-26 16:00:00,1.4292,1.4366,1.4227,1.4304,5259885.9,7515921.835
2026-04-26 20:00:00,1.4304,1.4357,1.42,1.4307,7454803.3,10647618.52615
2026-04-27 00:00:00,1.4308,1.4466,1.4253,1.4425,9891881.6,14249126.95992
2026-04-27 04:00:00,1.4424,1.4425,1.4129,1.4145,15288701.6,21771811.14439
2026-04-27 08:00:00,1.4144,1.4191,1.4126,1.4137,6630403.8,9384786.94732
2026-04-27 12:00:00,1.4137,1.415,1.3836,1.3882,25883919.1,36248923.55762
2026-04-27 16:00:00,1.3882,1.3971,1.3848,1.393,9035412.1,12570949.73628
2026-04-27 20:00:00,1.3929,1.4022,1.3894,1.4007,6424979.9,8961634.79706
2026-04-28 00:00:00,1.4008,1.4009,1.3885,1.393,6482531.2,9048892.72808
2026-04-28 04:00:00,1.393,1.3973,1.3849,1.3929,6862856.3,9549257.1098
2026-04-28 08:00:00,1.393,1.3959,1.3794,1.3815,10112622.4,14023378.74984
2026-04-28 12:00:00,1.3815,1.3849,1.3677,1.3753,14970729.9,20603508.81102
2026-04-28 16:00:00,1.3754,1.3864,1.3705,1.3826,9535528.4,13152570.08639
2026-04-28 20:00:00,1.3826,1.3851,1.3785,1.3805,5269977.2,7279967.47645
2026-04-29 00:00:00,1.3806,1.3902,1.377,1.3892,7235769.0,10003006.03098
2026-04-29 04:00:00,1.3893,1.3973,1.3876,1.3919,9418592.7,13130336.36489
2026-04-29 08:00:00,1.392,1.4067,1.3891,1.3946,10906140.4,15243675.34289
2026-04-29 12:00:00,1.3945,1.3947,1.3589,1.3618,17723152.6,24345098.9692
2026-04-29 16:00:00,1.3618,1.3702,1.3458,1.3534,19140234.3,25979414.85316
2026-04-29 20:00:00,1.3535,1.3725,1.3533,1.3691,9770990.8,13331308.21445
2026-04-30 00:00:00,1.3692,1.3847,1.3677,1.3733,10339650.4,14222762.50449
2026-04-30 04:00:00,1.3733,1.3754,1.3591,1.3749,8954518.5,12233970.98555
2026-04-30 08:00:00,1.3749,1.3799,1.3666,1.3697,8704125.9,11948856.57008
2026-04-30 12:00:00,1.3696,1.3761,1.3623,1.3695,10215894.1,13993468.03404
2026-04-30 16:00:00,1.3695,1.3744,1.3628,1.3707,7805023.3,10681348.04961
2026-04-30 20:00:00,1.3706,1.3724,1.3644,1.3679,5091176.9,6965929.57684
2026-05-01 00:00:00,1.368,1.3804,1.3649,1.3764,15782867.0,21644165.20165
2026-05-01 04:00:00,1.3764,1.3788,1.3718,1.3749,8553701.1,11767400.91352
2026-05-01 08:00:00,1.3748,1.3807,1.3716,1.3779,5199158.9,7158849.2312
2026-05-01 12:00:00,1.378,1.3999,1.3774,1.396,16235721.3,22584403.63641
2026-05-01 16:00:00,1.396,1.3985,1.3888,1.3937,7422938.0,10343454.51759
2026-05-01 20:00:00,1.3938,1.3947,1.3809,1.3858,6993792.7,9692076.98309
2026-05-02 00:00:00,1.3858,1.3904,1.3812,1.386,6132093.1,8498805.4587
2026-05-02 04:00:00,1.3859,1.3885,1.3826,1.3853,3256682.8,4510439.90509
2026-05-02 08:00:00,1.3853,1.3911,1.3838,1.3859,5420009.6,7516678.21386
2026-05-02 12:00:00,1.3859,1.3943,1.3847,1.3934,5299726.4,7364932.72568
2026-05-02 16:00:00,1.3934,1.3951,1.3896,1.3946,3203043.3,4461383.92299
2026-05-02 20:00:00,1.3947,1.4003,1.3904,1.3937,9718708.9,13554247.96088
2026-05-03 00:00:00,1.3936,1.3945,1.3814,1.384,3858306.9,5347208.84352
2026-05-03 04:00:00,1.3839,1.3885,1.382,1.3861,4532370.9,6274455.43879
2026-05-03 08:00:00,1.3861,1.3985,1.3857,1.3952,4828732.9,6714771.38281
2026-05-03 12:00:00,1.3952,1.399,1.3931,1.3958,4563517.2,6371225.31467
2026-05-03 16:00:00,1.3959,1.3982,1.3922,1.3952,2676976.2,3733933.41819
2026-05-03 20:00:00,1.3952,1.4042,1.3868,1.388,8786932.7,12262892.1795
2026-05-04 00:00:00,1.3879,1.415,1.3829,1.4129,20918404.6,29327937.37712
2026-05-04 04:00:00,1.413,1.4209,1.402,1.4106,12042997.9,17010837.14406
2026-05-04 08:00:00,1.4105,1.4196,1.3856,1.3941,17114470.2,23964573.10693
2026-05-04 12:00:00,1.394,1.4134,1.3886,1.399,15903695.3,22262578.63133
2026-05-04 16:00:00,1.3991,1.4123,1.3938,1.398,9913268.8,13913448.20192
2026-05-04 20:00:00,1.3979,1.4016,1.3901,1.3918,7307827.9,10198101.23674
2026-05-05 00:00:00,1.3919,1.4099,1.3904,1.4057,6557397.9,9180862.02239
2026-05-05 04:00:00,1.4056,1.41,1.3998,1.4067,10507331.1,14750263.45844
2026-05-05 08:00:00,1.4066,1.4093,1.4018,1.4079,8933823.0,12558362.06407
2026-05-05 12:00:00,1.4079,1.4206,1.4047,1.4116,19036992.3,26896740.92934
2026-05-05 16:00:00,1.4117,1.4151,1.4047,1.413,8897549.2,12542738.70139
2026-05-05 20:00:00,1.413,1.4222,1.4095,1.4126,13642724.7,19318563.26146
2026-05-06 00:00:00,1.4126,1.4244,1.4073,1.4222,9410851.9,13331592.15187
2026-05-06 04:00:00,1.4222,1.4355,1.4142,1.4311,18896068.2,26915429.88378
2026-05-06 08:00:00,1.4311,1.4573,1.4298,1.451,23113307.9,33428168.30457
2026-05-06 12:00:00,1.4509,1.4524,1.4133,1.4301,29558867.0,42293389.85191
2026-05-06 16:00:00,1.43,1.4347,1.4214,1.4279,9891162.6,14119041.56649
2026-05-06 20:00:00,1.428,1.429,1.4166,1.4249,6325007.3,9004486.92653
2026-05-07 00:00:00,1.4249,1.4258,1.4035,1.4052,13816388.6,19525195.94686
2026-05-07 04:00:00,1.4052,1.4215,1.4042,1.4199,16488582.1,23271909.51617
2026-05-07 08:00:00,1.4198,1.421,1.4068,1.4096,10581153.3,14948575.77473
2026-05-07 12:00:00,1.4096,1.415,1.3831,1.3907,21214378.4,29673579.58751
2026-05-07 16:00:00,1.3906,1.3963,1.3843,1.3861,12304361.6,17101517.47109
2026-05-07 20:00:00,1.3862,1.3932,1.3802,1.3869,8425522.5,11670414.84964
2026-05-08 00:00:00,1.3869,1.3898,1.3795,1.3853,6696746.9,9270109.47128
2026-05-08 04:00:00,1.3853,1.3877,1.3778,1.384,8439413.1,11664684.69171
2026-05-08 08:00:00,1.384,1.3925,1.382,1.3913,9126874.7,12668815.25274
2026-05-08 12:00:00,1.3913,1.3983,1.3836,1.3973,12911877.7,17956243.4966
2026-05-08 16:00:00,1.3973,1.427,1.3927,1.4188,18316090.5,25850797.9046
2026-05-08 20:00:00,1.4188,1.4238,1.4111,1.4182,11030200.5,15637087.05151
2026-05-09 00:00:00,1.4182,1.435,1.418,1.4289,15543263.1,22200940.05142
2026-05-09 04:00:00,1.4288,1.4345,1.4223,1.4238,14476186.7,20658151.64285
2026-05-09 08:00:00,1.4238,1.4256,1.4173,1.422,6718938.2,9554601.20713
2026-05-09 12:00:00,1.422,1.4228,1.4118,1.4144,9839096.4,13948806.32862
2026-05-09 16:00:00,1.4145,1.425,1.4113,1.424,7602371.6,10790834.14616
2026-05-09 20:00:00,1.4241,1.4252,1.4192,1.4205,3612705.3,5136912.37014
2026-05-10 00:00:00,1.4205,1.4225,1.4119,1.4172,11103700.9,15743272.37915
2026-05-10 04:00:00,1.4172,1.4217,1.4155,1.4202,3852693.6,5464441.13546
2026-05-10 08:00:00,1.4201,1.4309,1.4184,1.4232,13967056.2,19909561.49461
2026-05-10 12:00:00,1.4232,1.445,1.4211,1.4442,14564984.9,20893357.87782
2026-05-10 16:00:00,1.4443,1.5082,1.4429,1.4867,71637587.2,106217733.08049
2026-05-10 20:00:00,1.4868,1.4897,1.4371,1.4734,40969289.4,59963692.56738
2026-05-11 00:00:00,1.4735,1.478,1.4399,1.4487,29429424.2,42838901.98231
2026-05-11 04:00:00,1.4486,1.4591,1.4424,1.4494,18542632.8,26896094.45751
2026-05-11 08:00:00,1.4494,1.4581,1.4418,1.4579,13539595.8,19636068.54397
2026-05-11 12:00:00,1.4578,1.4886,1.4525,1.4848,24778137.4,36384311.59858
2026-05-11 16:00:00,1.4849,1.4875,1.4662,1.4796,19188197.3,28341077.25687
2026-05-11 20:00:00,1.4795,1.4828,1.4685,1.4776,12945289.0,19086582.71183
2026-05-12 00:00:00,1.4777,1.4848,1.4566,1.4597,15896952.5,23353579.62775
2026-05-12 04:00:00,1.4598,1.4693,1.4544,1.4628,15784544.4,23079134.62213
2026-05-12 08:00:00,1.4629,1.4714,1.444,1.449,19971035.4,29095269.17182
2026-05-12 12:00:00,1.4491,1.4557,1.4183,1.424,27863981.6,40008682.46108
2026-05-12 16:00:00,1.424,1.4429,1.4195,1.4411,14839576.1,21254584.35288
2026-05-12 20:00:00,1.441,1.4444,1.4333,1.437,11197923.5,16125834.51649
2026-05-13 00:00:00,1.437,1.4536,1.4349,1.4522,14813015.7,21408389.16336
2026-05-13 04:00:00,1.4521,1.4649,1.45,1.4622,21805960.6,31783646.07289
2026-05-13 08:00:00,1.4623,1.4693,1.4471,1.4484,18815601.4,27461086.41221
2026-05-13 12:00:00,1.4483,1.4496,1.4112,1.4131,34807825.1,49732085.74803
2026-05-13 16:00:00,1.4132,1.434,1.4122,1.419,19994662.6,28466186.71416
2026-05-13 20:00:00,1.4191,1.4278,1.4155,1.4273,15480301.7,22011151.50763
2026-05-14 00:00:00,1.4272,1.4352,1.4208,1.4222,16317621.5,23326726.03736
2026-05-14 04:00:00,1.4222,1.4397,1.4209,1.4324,13402637.2,19196258.23788
2026-05-14 08:00:00,1.4325,1.4392,1.4273,1.4325,9076610.0,13007591.02918
2026-05-14 12:00:00,1.4325,1.4745,1.4317,1.4727,40079966.7,58460058.70618
2026-05-14 16:00:00,1.4726,1.5496,1.4645,1.517,90420527.2,136601367.8628
2026-05-14 20:00:00,1.5171,1.5178,1.4828,1.4852,33981549.3,51053364.18979
2026-05-15 00:00:00,1.4851,1.5002,1.476,1.489,18592688.1,27699250.05024
2026-05-15 04:00:00,1.489,1.4902,1.4534,1.4696,27627999.6,40538188.47766
2026-05-15 08:00:00,1.4696,1.4769,1.4613,1.4681,16985939.3,24938834.87759
2026-05-15 12:00:00,1.4681,1.4692,1.4275,1.4352,38803677.2,56015933.45363
2026-05-15 16:00:00,1.4351,1.4509,1.4321,1.4345,15812054.7,22798833.14277
2026-05-15 20:00:00,1.4346,1.4375,1.4301,1.434,5728847.2,8214691.61503
2026-05-16 00:00:00,1.434,1.4396,1.4311,1.4356,6091526.1,8747039.71509
2026-05-16 04:00:00,1.4355,1.4366,1.4046,1.4168,22361325.5,31750953.90193
2026-05-16 08:00:00,1.4167,1.4181,1.394,1.4109,19697601.5,27686134.55556
2026-05-16 12:00:00,1.4108,1.4155,1.406,1.4147,12421856.9,17523104.50227
2026-05-16 16:00:00,1.4147,1.4227,1.4135,1.4162,7493583.5,10619429.71727
2026-05-16 20:00:00,1.4163,1.4191,1.412,1.4136,3477384.4,4921329.8007
2026-05-17 00:00:00,1.4136,1.4176,1.4021,1.4121,11640049.5,16408941.52883
2026-05-17 04:00:00,1.4121,1.4219,1.4118,1.4183,5992826.2,8495508.70618
2026-05-17 08:00:00,1.4183,1.4291,1.4129,1.4226,10237986.7,14551834.60629
2026-05-17 12:00:00,1.4227,1.4267,1.41,1.4132,7209143.8,10217294.90285
2026-05-17 16:00:00,1.4132,1.4233,1.4066,1.4225,8101960.4,11455767.68519
2026-05-17 20:00:00,1.4224,1.4263,1.3715,1.4016,24793619.6,34671309.63267
2026-05-18 00:00:00,1.4017,1.4027,1.3848,1.3932,22966538.5,32012322.32928
2026-05-18 04:00:00,1.3932,1.3996,1.3764,1.3867,17327123.9,24047175.61877
2026-05-18 08:00:00,1.3867,1.3966,1.3761,1.3904,12530835.3,17346725.78908
2026-05-18 12:00:00,1.3904,1.4024,1.369,1.3766,24563819.7,33984414.45112
2026-05-18 16:00:00,1.3767,1.3912,1.3638,1.388,16510264.5,22742582.38453
2026-05-18 20:00:00,1.3881,1.3964,1.3823,1.39,9398669.9,13072103.52333
2026-05-19 00:00:00,1.3901,1.3977,1.378,1.3834,10244245.4,14196817.5445
2026-05-19 04:00:00,1.3834,1.391,1.3786,1.3887,12243738.3,16960692.91675
2026-05-19 08:00:00,1.3887,1.3888,1.3685,1.3722,15238408.2,20977857.72419
2026-05-19 12:00:00,1.3722,1.382,1.3607,1.3672,17686292.5,24252387.82426
2026-05-19 16:00:00,1.3672,1.374,1.3561,1.3573,28862706.1,39398333.90341
2026-05-19 20:00:00,1.3572,1.3653,1.3531,1.3616,14317533.0,19457448.10441
2026-05-20 00:00:00,1.3616,1.3639,1.3477,1.3562,12218068.0,16539019.57105
2026-05-20 04:00:00,1.3562,1.3736,1.3535,1.3682,8646033.1,11816787.0632
2026-05-20 08:00:00,1.3683,1.3754,1.3641,1.3655,9324065.8,12774678.42968
2026-05-20 12:00:00,1.3654,1.3807,1.3585,1.3747,16968625.0,23256101.66773
2026-05-20 16:00:00,1.3748,1.3803,1.365,1.3726,15270284.8,20959424.20053
2026-05-20 20:00:00,1.3726,1.3728,1.3604,1.3672,6482338.0,8861104.51568
2026-05-21 00:00:00,1.3672,1.386,1.3665,1.3842,9347608.1,12884029.34516
2026-05-21 04:00:00,1.3843,1.3856,1.3693,1.376,12041622.5,16579514.40389
2026-05-21 08:00:00,1.376,1.3858,1.3635,1.3636,16352082.1,22464821.32748
2026-05-21 12:00:00,1.3637,1.3687,1.3512,1.3615,16500273.6,22453589.47297
2026-05-21 16:00:00,1.3615,1.3862,1.3571,1.3796,18521143.1,25471490.65223
2026-05-21 20:00:00,1.3797,1.3811,1.3693,1.3739,5158018.1,7093699.35489
2026-05-22 00:00:00,1.3739,1.3755,1.3651,1.3721,9564208.2,13113244.50715
2026-05-22 04:00:00,1.3722,1.376,1.3567,1.3652,16662880.5,22773974.28707
2026-05-22 08:00:00,1.3652,1.3685,1.3551,1.3616,12062862.9,16415863.21357
2026-05-22 12:00:00,1.3616,1.3705,1.3477,1.3534,20157809.7,27380970.97517
2026-05-22 16:00:00,1.3534,1.3595,1.3344,1.3386,21752076.3,29271762.65088
2026-05-22 20:00:00,1.3387,1.3442,1.33,1.3345,11647464.6,15585113.81022
2026-05-23 00:00:00,1.3346,1.3424,1.3272,1.3411,9342205.8,12468496.17569
2026-05-23 04:00:00,1.3411,1.3412,1.3019,1.3122,22811286.2,30146874.58072
2026-05-23 08:00:00,1.3123,1.3264,1.3071,1.3247,21729626.4,28570385.66554
2026-05-23 12:00:00,1.3246,1.3421,1.3241,1.3359,17870518.2,23851718.39866
2026-05-23 16:00:00,1.3359,1.3506,1.3342,1.347,10887812.8,14598728.08266
2026-05-23 20:00:00,1.347,1.3762,1.3451,1.3583,20318841.1,27650406.61448
2026-05-24 00:00:00,1.3584,1.3639,1.3571,1.3607,6346965.4,8639632.85156
2026-05-24 04:00:00,1.3608,1.3648,1.355,1.3595,5327909.4,7245390.55259
2026-05-24 08:00:00,1.3596,1.371,1.3575,1.3651,14580237.9,19904656.85648
2026-05-24 12:00:00,1.3652,1.3655,1.339,1.3484,11313412.9,15320425.15295
2026-05-24 16:00:00,1.3484,1.3546,1.3461,1.3493,4797051.6,6477888.78222
2026-05-24 20:00:00,1.3493,1.3541,1.3326,1.351,10269538.8,13811338.25845
2026-05-25 00:00:00,1.351,1.3567,1.3435,1.3468,8999441.2,12154536.81671
2026-05-25 04:00:00,1.3468,1.3611,1.345,1.3589,14245478.0,19312515.2456
2026-05-25 08:00:00,1.3589,1.3656,1.3567,1.3577,15044482.4,20466669.71692
2026-05-25 12:00:00,1.3577,1.3657,1.3556,1.3588,8626371.9,11726041.24883
2026-05-25 16:00:00,1.3589,1.364,1.3545,1.3571,4261044.8,5793888.0158
2026-05-25 20:00:00,1.357,1.3596,1.3466,1.3503,6466748.5,8744178.57001
2026-05-26 00:00:00,1.3503,1.3512,1.3342,1.3402,12721006.5,17043216.83348
2026-05-26 04:00:00,1.3402,1.3507,1.3393,1.3405,8043963.5,10818495.64052
2026-05-26 08:00:00,1.3405,1.3595,1.3395,1.3521,11768969.5,15881278.27019
2026-05-26 12:00:00,1.352,1.3656,1.3396,1.3451,14086692.3,19048362.93783
2026-05-26 16:00:00,1.3452,1.3458,1.3273,1.3325,14613809.6,19501617.71665
2026-05-26 20:00:00,1.3325,1.3347,1.3286,1.3292,6118516.5,8146446.65286
2026-05-27 00:00:00,1.3293,1.3331,1.3264,1.3276,8467009.8,11262708.23323
2026-05-27 04:00:00,1.3276,1.3371,1.3216,1.3319,8392989.6,11161267.46418
2026-05-27 08:00:00,1.3319,1.3379,1.3282,1.3297,15489054.2,20643839.67075
2026-05-27 12:00:00,1.3298,1.3437,1.3187,1.3363,16390866.1,21779605.43302
2026-05-27 16:00:00,1.3364,1.3389,1.3175,1.3307,12584027.4,16703381.32502
2026-05-27 20:00:00,1.3307,1.3348,1.3033,1.3076,16420422.0,21607210.13747
2026-05-28 00:00:00,1.3076,1.3114,1.2752,1.279,25897464.0,33533253.33608
2026-05-28 04:00:00,1.279,1.2936,1.2677,1.2934,25594165.3,32795299.8949
2026-05-28 08:00:00,1.2934,1.2963,1.2861,1.2877,8993117.4,11604014.68266
2026-05-28 12:00:00,1.2876,1.3148,1.2838,1.3124,25963377.3,33677806.5505
2026-05-28 16:00:00,1.3124,1.3385,1.307,1.3161,19775688.4,26201168.95307
2026-05-28 20:00:00,1.316,1.3249,1.3104,1.3156,8813009.8,11615906.80066
2026-05-29 00:00:00,1.3156,1.3205,1.3038,1.3124,11317476.0,14841567.64954
2026-05-29 04:00:00,1.3124,1.321,1.3039,1.3169,12208615.2,16039840.52557
2026-05-29 08:00:00,1.3168,1.3275,1.3069,1.3113,16227842.5,21410154.0728
2026-05-29 12:00:00,1.3114,1.3339,1.2947,1.3227,31264532.3,40921552.17623
2026-05-29 16:00:00,1.3228,1.333,1.3109,1.321,19493318.4,25812406.34268
2026-05-29 20:00:00,1.321,1.3312,1.3144,1.33,9683957.5,12806218.68106
2026-05-30 00:00:00,1.33,1.3661,1.3281,1.3504,28939263.2,39167516.56343
2026-05-30 04:00:00,1.3504,1.3529,1.337,1.3428,15603472.8,20986047.85723
2026-05-30 08:00:00,1.3429,1.3463,1.3371,1.3404,8903183.5,11947680.47776
2026-05-30 12:00:00,1.3405,1.347,1.3374,1.3424,10285400.9,13798089.04558
2026-05-30 16:00:00,1.3425,1.354,1.3413,1.3478,10611333.3,14303370.88737
2026-05-30 20:00:00,1.3478,1.3519,1.3377,1.3408,6555259.4,8818412.42189
2026-05-31 00:00:00,1.3409,1.3462,1.3363,1.3448,6200846.9,8315588.46187
2026-05-31 04:00:00,1.3449,1.3468,1.333,1.3356,5050477.3,6770220.19371
2026-05-31 08:00:00,1.3356,1.3432,1.3342,1.3419,6593057.1,8826946.97644
2026-05-31 12:00:00,1.3418,1.3484,1.328,1.3307,10061139.0,13448219.75399
2026-05-31 16:00:00,1.3307,1.3326,1.321,1.3266,8954766.7,11883624.68286
2026-05-31 20:00:00,1.3266,1.3425,1.3266,1.333,7216213.3,9622331.87033
2026-06-01 00:00:00,1.333,1.3412,1.3193,1.3308,12774170.5,17011963.44275
2026-06-01 04:00:00,1.3309,1.3333,1.3032,1.3036,14926073.0,19637716.62248
2026-06-01 08:00:00,1.3036,1.3098,1.2987,1.3036,12461271.9,16251409.60555
2026-06-01 12:00:00,1.3035,1.3065,1.2797,1.2822,28037952.1,36183063.02447
2026-06-01 16:00:00,1.2822,1.3053,1.2794,1.3,12527200.4,16218586.58851
2026-06-01 20:00:00,1.2999,1.3013,1.2868,1.2972,10171668.9,13175980.91236
2026-06-02 00:00:00,1.2972,1.2972,1.2682,1.2881,17700854.1,22712225.04715
2026-06-02 04:00:00,1.288,1.2898,1.2587,1.268,19535287.5,24831766.03961
2026-06-02 08:00:00,1.2681,1.2694,1.2572,1.261,13884862.5,17534746.11846
2026-06-02 12:00:00,1.2611,1.2686,1.2171,1.222,48182954.9,59704038.97795
2026-06-02 16:00:00,1.222,1.2438,1.207,1.2217,27372707.5,33588127.61894
2026-06-02 20:00:00,1.2217,1.2324,1.1948,1.2117,35657983.0,43204757.03068
2026-06-03 00:00:00,1.2118,1.2319,1.1898,1.1979,26469587.7,32132360.47148
2026-06-03 04:00:00,1.198,1.2491,1.1977,1.2433,26032254.5,32004284.40123
2026-06-03 08:00:00,1.2432,1.2457,1.2337,1.2369,15016316.1,18626880.08539
2026-06-03 12:00:00,1.2369,1.2378,1.2207,1.2251,16977446.8,20877965.5105
2026-06-03 16:00:00,1.2252,1.2287,1.202,1.2043,19216754.8,23360649.57471
2026-06-03 20:00:00,1.2042,1.2205,1.1868,1.2012,20431561.9,24605327.73503
2026-06-04 00:00:00,1.2012,1.2112,1.1407,1.209,64093941.7,75372981.73599
2026-06-04 04:00:00,1.2091,1.212,1.1676,1.1678,24765837.5,29524609.44066
2026-06-04 08:00:00,1.1677,1.1722,1.1418,1.1558,36730911.1,42432791.3955
2026-06-04 12:00:00,1.1559,1.1836,1.1504,1.1689,29989546.3,35166044.71229
2026-06-04 16:00:00,1.1689,1.185,1.1592,1.1752,15146018.7,17743813.23259
2026-06-04 20:00:00,1.1751,1.1789,1.1548,1.1688,15365125.0,17898717.99359
2026-06-05 00:00:00,1.1687,1.1751,1.133,1.1347,24993111.8,28706178.29056
2026-06-05 04:00:00,1.1348,1.1492,1.09,1.1364,62582817.6,70149524.73373
2026-06-05 08:00:00,1.1363,1.1461,1.1168,1.1189,30343206.1,34294199.40624
2026-06-05 12:00:00,1.1189,1.1379,1.0917,1.0998,65245953.9,72471228.64582
2026-06-05 16:00:00,1.0998,1.1234,1.0692,1.0988,62876871.1,68867756.69555
2026-06-05 20:00:00,1.0987,1.1204,1.0856,1.0978,35727619.2,39536908.03558
2026-06-06 00:00:00,1.0978,1.1144,1.0835,1.086,18155581.3,19947505.40042
2026-06-06 04:00:00,1.0859,1.1009,1.0501,1.0921,49248023.5,53017687.38463
2026-06-06 08:00:00,1.0922,1.1044,1.0727,1.0876,22937549.9,24972207.41818
2026-06-06 12:00:00,1.0877,1.1099,1.0807,1.0962,26492196.2,29054699.80747
2026-06-06 16:00:00,1.0963,1.1019,1.0791,1.0808,15795599.3,17211613.88892
2026-06-06 20:00:00,1.0807,1.095,1.0776,1.0934,8730768.9,9490566.10544
2026-06-07 00:00:00,1.0935,1.1246,1.0886,1.1185,17659120.9,19629561.65987
2026-06-07 04:00:00,1.1184,1.1373,1.1104,1.1371,17320552.9,19484723.83737
2026-06-07 08:00:00,1.1371,1.1702,1.1304,1.1403,27901945.9,32052015.33458
2026-06-07 12:00:00,1.1403,1.1406,1.1185,1.1339,16269640.0,18343036.39057
2026-06-07 16:00:00,1.1339,1.1512,1.1197,1.1247,14210801.8,16124677.00772
2026-06-07 20:00:00,1.1246,1.1719,1.1217,1.1556,19025555.6,21869693.93023
2026-06-08 00:00:00,1.1556,1.1677,1.1425,1.1517,18492397.8,21367495.87559
2026-06-08 04:00:00,1.1518,1.1528,1.1319,1.1479,15424865.5,17609873.0426
2026-06-08 08:00:00,1.1478,1.1653,1.1362,1.1578,18560331.6,21350872.44082
2026-06-08 12:00:00,1.1578,1.1851,1.1465,1.1711,29963949.1,34933384.39289
2026-06-08 16:00:00,1.171,1.1866,1.1581,1.1798,17767731.8,20840062.95395
2026-06-08 20:00:00,1.1799,1.1865,1.1664,1.1683,14435516.4,16992446.11037
2026-06-09 00:00:00,1.1683,1.1714,1.1433,1.1548,18808634.8,21711795.29252
2026-06-09 04:00:00,1.1548,1.1769,1.1509,1.1714,17662850.4,20639517.67287
2026-06-09 08:00:00,1.1714,1.1724,1.1528,1.1554,12080620.6,14030303.9115
2026-06-09 12:00:00,1.1554,1.1666,1.127,1.1277,27990324.7,32075091.25302
2026-06-09 16:00:00,1.1276,1.1474,1.1187,1.1402,20786489.4,23604162.67464
2026-06-09 20:00:00,1.1403,1.1457,1.1338,1.1375,9617813.4,10953678.08123
2026-06-10 00:00:00,1.1376,1.1412,1.1155,1.1191,17875493.3,20134653.0698
2026-06-10 04:00:00,1.1192,1.1225,1.1066,1.1166,15941437.4,17763467.95015
2026-06-10 08:00:00,1.1167,1.1169,1.0994,1.1043,16259044.9,18002291.3964
2026-06-10 12:00:00,1.1043,1.1376,1.1022,1.1287,29934017.0,33597969.17277
2026-06-10 16:00:00,1.1287,1.13,1.0958,1.0981,21238465.7,23545788.32214
2026-06-10 20:00:00,1.0981,1.1038,1.0884,1.097,15431186.3,16903219.86815
2026-06-11 00:00:00,1.0971,1.1236,1.0965,1.12,17074955.1,18964955.85533
2026-06-11 04:00:00,1.1201,1.1217,1.1118,1.1151,12227202.0,13654705.62341
2026-06-11 08:00:00,1.1151,1.1257,1.1148,1.1223,11948061.1,13384316.67047
2026-06-11 12:00:00,1.1224,1.1224,1.1073,1.1128,16391989.1,18253986.23898
2026-06-11 16:00:00,1.1129,1.15,1.1042,1.1434,25869377.8,29229636.67588
2026-06-11 20:00:00,1.1435,1.1467,1.1321,1.1428,10712697.1,12208177.57091
2026-06-12 00:00:00,1.1427,1.15,1.1359,1.1442,8691239.5,9933609.77588
2026-06-12 04:00:00,1.1442,1.1509,1.1275,1.1336,9176575.0,10448328.24454
2026-06-12 08:00:00,1.1337,1.1519,1.1337,1.1413,11526886.9,13192783.30603
2026-06-12 12:00:00,1.1414,1.1577,1.1261,1.1288,24186450.7,27583186.11219
2026-06-12 16:00:00,1.1287,1.139,1.1261,1.1314,13097814.1,14829302.9413
2026-06-12 20:00:00,1.1314,1.1351,1.1283,1.1325,5903947.7,6680433.88603
2026-06-13 00:00:00,1.1325,1.1409,1.1308,1.1337,5368100.8,6097569.74291
2026-06-13 04:00:00,1.1337,1.1448,1.1299,1.1415,7292070.5,8299402.30013
2026-06-13 08:00:00,1.1415,1.1496,1.1405,1.1485,7254041.8,8304719.17337
2026-06-13 12:00:00,1.1486,1.161,1.147,1.1567,10163791.0,11729909.5277
2026-06-13 16:00:00,1.1567,1.157,1.1428,1.1476,9412950.2,10805690.74053
2026-06-13 20:00:00,1.1476,1.1568,1.1451,1.1507,5519052.9,6348067.06019
2026-06-14 00:00:00,1.1507,1.1565,1.1483,1.1536,4125879.1,4754523.25718
2026-06-14 04:00:00,1.1537,1.1544,1.1427,1.1463,6558579.7,7527966.55432
2026-06-14 08:00:00,1.1464,1.1491,1.1412,1.1439,4932771.8,5649808.03657
2026-06-14 12:00:00,1.144,1.1445,1.1268,1.135,9455532.1,10733901.92288
2026-06-14 16:00:00,1.135,1.1393,1.1307,1.1331,3962243.5,4498493.08556
2026-06-14 20:00:00,1.1332,1.1878,1.1317,1.1861,27383981.4,31977740.93797
2026-06-15 00:00:00,1.186,1.1936,1.1778,1.187,19052530.6,22582241.98425
2026-06-15 04:00:00,1.1869,1.1887,1.1801,1.1815,11216557.7,13282023.94505
2026-06-15 08:00:00,1.1814,1.2333,1.1791,1.2324,33350227.0,40229596.29411
2026-06-15 12:00:00,1.2325,1.2706,1.2263,1.2688,52168951.8,64992074.12528
2026-06-15 16:00:00,1.2687,1.2935,1.19,1.2757,52750697.8,67330025.56042
2026-06-15 20:00:00,1.2757,1.2785,1.2333,1.2382,27307051.3,34228795.37138
2026-06-16 00:00:00,1.2382,1.243,1.2141,1.2273,17085718.3,20976424.4346
2026-06-16 04:00:00,1.2273,1.239,1.2205,1.2353,14418789.4,17736022.21088
2026-06-16 08:00:00,1.2353,1.2522,1.2331,1.238,17624733.4,21871479.82761
2026-06-16 12:00:00,1.2381,1.256,1.2053,1.2098,24989212.0,30647017.51181
2026-06-16 16:00:00,1.2098,1.2311,1.2086,1.2205,12192141.1,14871466.38445
2026-06-16 20:00:00,1.2205,1.2259,1.2156,1.2173,8018615.5,9782251.71243
2026-06-17 00:00:00,1.2174,1.2283,1.2083,1.2161,13506525.4,16439188.31706
2026-06-17 04:00:00,1.2162,1.2227,1.2054,1.2095,16118808.6,19568649.84505
2026-06-17 08:00:00,1.2095,1.2107,1.1883,1.1928,15485972.3,18535893.80998
2026-06-17 12:00:00,1.1929,1.2137,1.1889,1.2136,17660310.1,21173601.40815
2026-06-17 16:00:00,1.2136,1.2251,1.1774,1.1808,30451982.4,36567508.1957
2026-06-17 20:00:00,1.1807,1.1911,1.1715,1.1868,14298516.5,16917670.97325
2026-06-18 00:00:00,1.1868,1.1923,1.1782,1.1788,10061318.7,11939959.69294
2026-06-18 04:00:00,1.1788,1.1815,1.1628,1.1787,16779766.7,19646148.82147
2026-06-18 08:00:00,1.1788,1.1825,1.1615,1.1645,16585793.7,19459604.88896
2026-06-18 12:00:00,1.1645,1.1726,1.1329,1.1379,32656335.3,37686400.13953
2026-06-18 16:00:00,1.1379,1.149,1.1352,1.1436,19999072.6,22840376.86658
2026-06-18 20:00:00,1.1437,1.1548,1.1419,1.1465,18096028.8,20761949.76742
2026-06-19 00:00:00,1.1466,1.153,1.1366,1.1391,15187354.3,17392726.09273
2026-06-19 04:00:00,1.139,1.1404,1.1214,1.1254,17839058.1,20158676.92412
2026-06-19 08:00:00,1.1255,1.1311,1.1211,1.1274,10722769.2,12073132.13575
2026-06-19 12:00:00,1.1274,1.144,1.1187,1.137,15082966.4,17098486.5644
2026-06-19 16:00:00,1.1371,1.1391,1.1284,1.1315,8148825.3,9237656.41378
2026-06-19 20:00:00,1.1316,1.1387,1.1275,1.1359,5683442.6,6439904.11081
2026-06-20 00:00:00,1.1358,1.1428,1.1354,1.14,6905415.9,7867101.64478
2026-06-20 04:00:00,1.1399,1.1551,1.1389,1.1473,9609253.2,11021784.4065
2026-06-20 08:00:00,1.1474,1.153,1.1446,1.1472,5387461.8,6187928.78398
2026-06-20 12:00:00,1.1473,1.156,1.1342,1.1508,11634127.7,13323258.22927
2026-06-20 16:00:00,1.1509,1.151,1.139,1.1441,5607235.7,6419032.293
2026-06-20 20:00:00,1.1441,1.1555,1.1436,1.1499,6142173.7,7065537.72922
2026-06-21 00:00:00,1.15,1.1516,1.1463,1.1495,3356043.4,3855368.75129
2026-06-21 04:00:00,1.1495,1.1524,1.1431,1.1474,4014984.2,4603393.31052
2026-06-21 08:00:00,1.1473,1.1535,1.1413,1.1427,7039721.4,8081172.80769
2026-06-21 12:00:00,1.1428,1.1516,1.14,1.1497,6278054.2,7189750.02254
2026-06-21 16:00:00,1.1497,1.1497,1.1389,1.1456,7165393.1,8200994.97528
2026-06-21 20:00:00,1.1455,1.1473,1.1225,1.1248,19739858.0,22322638.7157
2026-06-22 00:00:00,1.1249,1.1522,1.1249,1.1301,16093649.7,18341470.00274
2026-06-22 04:00:00,1.1301,1.14,1.1292,1.1374,13457850.2,15268886.95298
2026-06-22 08:00:00,1.1374,1.1502,1.1322,1.1479,11289051.2,12858225.09826
2026-06-22 12:00:00,1.148,1.1639,1.1379,1.1401,19623287.0,22584432.14225
2026-06-22 16:00:00,1.1401,1.1438,1.13,1.1344,11665210.3,13253563.44772
2026-06-22 20:00:00,1.1344,1.1375,1.1216,1.1295,11192443.9,12628557.89787
2026-06-23 00:00:00,1.1296,1.1339,1.1224,1.1274,9696845.2,10942941.03987
2026-06-23 04:00:00,1.1274,1.1281,1.1076,1.1129,17246009.4,19244340.79908
2026-06-23 08:00:00,1.1129,1.1155,1.0946,1.1093,17800010.4,19658083.03896
2026-06-23 12:00:00,1.1094,1.1098,1.092,1.0993,16141820.3,17774800.4618
2026-06-23 16:00:00,1.0993,1.1051,1.0959,1.102,8252195.8,9079386.75829
2026-06-23 20:00:00,1.102,1.1127,1.1019,1.1103,6455145.7,7143923.03125
2026-06-24 00:00:00,1.1102,1.1139,1.0991,1.104,11850769.8,13133082.38269
2026-06-24 04:00:00,1.104,1.107,1.0945,1.0987,8213727.5,9046850.29212
2026-06-24 08:00:00,1.0987,1.1036,1.0823,1.0958,18748462.5,20454514.51905
2026-06-24 12:00:00,1.0958,1.0959,1.0566,1.0585,31239729.7,33610633.88895
2026-06-24 16:00:00,1.0584,1.0708,1.0462,1.0575,34071153.9,36047680.21632
2026-06-24 20:00:00,1.0575,1.081,1.0545,1.0736,14245528.7,15261476.0521
2026-06-25 00:00:00,1.0736,1.0781,1.0689,1.0719,14620248.9,15696286.50285
2026-06-25 04:00:00,1.072,1.0899,1.07,1.087,13142849.3,14237171.24547
2026-06-25 08:00:00,1.0869,1.087,1.068,1.0721,9495270.0,10230657.38926
2026-06-25 12:00:00,1.0721,1.0799,1.0122,1.0351,64752203.4,67200704.44209
2026-06-25 16:00:00,1.0352,1.048,1.0266,1.0344,22250333.8,23062479.81025
2026-06-25 20:00:00,1.0344,1.0486,1.0315,1.0435,11936794.5,12420181.9746
2026-06-26 00:00:00,1.0436,1.0463,1.0092,1.0345,32153634.7,32925786.22724
2026-06-26 04:00:00,1.0345,1.0529,1.0269,1.0499,19201237.8,19948073.24835
2026-06-26 08:00:00,1.0498,1.0508,1.0199,1.0227,15103242.1,15615610.10031
2026-06-26 12:00:00,1.0227,1.0496,1.0113,1.0451,48378987.7,50082772.82962
2026-06-26 16:00:00,1.0452,1.0537,1.0393,1.0478,19233137.6,20130115.22981
2026-06-26 20:00:00,1.0479,1.0558,1.0382,1.049,11086340.5,11608881.55307
2026-06-27 00:00:00,1.049,1.0671,1.0441,1.0591,12918591.2,13666777.11405
2026-06-27 04:00:00,1.0591,1.0641,1.053,1.0602,9582480.7,10148996.53936
2026-06-27 08:00:00,1.0603,1.0605,1.0543,1.0594,5550630.3,5869012.50889
2026-06-27 12:00:00,1.0593,1.0763,1.0576,1.0752,12269783.9,13102110.71229
2026-06-27 16:00:00,1.0753,1.0777,1.0525,1.0544,12420783.8,13209839.24724
2026-06-27 20:00:00,1.0545,1.0579,1.0455,1.0475,8360446.5,8798874.73002
2026-06-28 00:00:00,1.0474,1.0535,1.0455,1.0499,5665865.4,5945877.55546
2026-06-28 04:00:00,1.05,1.0515,1.0419,1.0512,5139545.2,5379731.79696
2026-06-28 08:00:00,1.0512,1.0591,1.046,1.0527,7063463.4,7433105.37205
2026-06-28 12:00:00,1.0528,1.0576,1.0462,1.0526,7265414.8,7646729.84945
2026-06-28 16:00:00,1.0526,1.0535,1.0391,1.0446,7093936.9,7415900.23698
2026-06-28 20:00:00,1.0445,1.0524,1.0333,1.0485,13315610.0,13904026.13092
2026-06-29 00:00:00,1.0485,1.056,1.0322,1.0508,18851830.3,19699480.08215
2026-06-29 04:00:00,1.0509,1.0549,1.0361,1.0493,11956290.1,12521155.5618
2026-06-29 08:00:00,1.0492,1.0612,1.0421,1.0536,12634002.2,13282336.19538
2026-06-29 12:00:00,1.0535,1.0663,1.0402,1.0494,24900019.0,26193359.88639
2026-06-29 16:00:00,1.0495,1.0768,1.0431,1.0753,17709687.8,18844877.01616
2026-06-29 20:00:00,1.0753,1.0755,1.0556,1.059,8707586.2,9257009.76771
2026-06-30 00:00:00,1.0589,1.0595,1.0441,1.0455,11340586.5,11906895.19795
2026-06-30 04:00:00,1.0455,1.0514,1.0428,1.0474,6408160.7,6712767.22824
2026-06-30 08:00:00,1.0474,1.0483,1.0371,1.0389,10393871.2,10838935.8139
2026-06-30 12:00:00,1.0389,1.0453,1.0274,1.034,20808461.0,21534032.35807
2026-06-30 16:00:00,1.034,1.05,1.0318,1.0449,10554038.6,10985993.10513
2026-06-30 20:00:00,1.0448,1.0468,1.0382,1.0401,6847667.9,7130950.66316
2026-07-01 00:00:00,1.0401,1.0531,1.022,1.0509,21007761.6,21822939.98913
2026-07-01 04:00:00,1.051,1.0544,1.0392,1.0441,11256072.5,11782662.10078
2026-07-01 08:00:00,1.044,1.0492,1.0367,1.0386,10652125.9,11103755.12166
2026-07-01 12:00:00,1.0386,1.0654,1.0345,1.0606,21223760.2,22288347.30011
2026-07-01 16:00:00,1.0606,1.0656,1.0547,1.0614,9737950.8,10329539.563
2026-07-01 20:00:00,1.0614,1.0738,1.0521,1.053,14091004.1,14972617.58327
2026-07-02 00:00:00,1.0531,1.0703,1.0451,1.0678,10786242.0,11404385.03478
2026-07-02 04:00:00,1.0679,1.0682,1.0557,1.0587,7363879.6,7814815.74457
2026-07-02 08:00:00,1.0587,1.0862,1.0585,1.0841,24020073.7,25855095.29111
2026-07-02 12:00:00,1.084,1.1125,1.0834,1.0938,30781001.0,33758899.11126
2026-07-02 16:00:00,1.0939,1.0965,1.0837,1.0854,9375593.1,10216024.84783
2026-07-02 20:00:00,1.0854,1.0883,1.0789,1.0881,7569520.3,8196435.80052
2026-07-03 00:00:00,1.0882,1.0959,1.0828,1.0907,6920487.7,7540315.60237
2026-07-03 04:00:00,1.0907,1.1068,1.0887,1.1025,9874902.8,10854923.85315
2026-07-03 08:00:00,1.1026,1.1129,1.0981,1.11,12557106.7,13880134.3304
2026-07-03 12:00:00,1.1101,1.1238,1.1037,1.1201,18516477.1,20618688.48131
2026-07-03 16:00:00,1.1201,1.1453,1.114,1.1319,22005026.4,24795041.52741
2026-07-03 20:00:00,1.1319,1.1441,1.1274,1.1348,14233374.5,16153719.27111
2026-07-04 00:00:00,1.1348,1.1434,1.1315,1.138,9988188.7,11357116.53155
2026-07-04 04:00:00,1.138,1.1496,1.1332,1.1396,13428380.2,15328356.16603
2026-07-04 08:00:00,1.1395,1.149,1.135,1.1401,11733377.3,13395256.95315
2026-07-04 12:00:00,1.1401,1.1804,1.1401,1.1724,28462128.0,33099176.27059
2026-07-04 16:00:00,1.1724,1.1843,1.1637,1.1684,16667524.3,19557108.74046
2026-07-04 20:00:00,1.1684,1.1698,1.1541,1.1574,10442490.1,12133410.86186
2026-07-05 00:00:00,1.1573,1.1574,1.1335,1.1384,13564113.7,15516241.34795
2026-07-05 04:00:00,1.1385,1.1424,1.1329,1.1404,6248532.5,7110998.75796
2026-07-05 08:00:00,1.1403,1.1417,1.1248,1.132,9117879.5,10322081.48656
2026-07-05 12:00:00,1.132,1.1414,1.1288,1.137,6051069.6,6870801.88131
2026-07-05 16:00:00,1.1371,1.1403,1.1319,1.1352,5428261.7,6166087.42292
2026-07-05 20:00:00,1.1352,1.1696,1.1346,1.1572,15646246.3,18045013.25648
2026-07-06 00:00:00,1.1572,1.1614,1.1416,1.1475,8540127.1,9835158.66282
2026-07-06 04:00:00,1.1474,1.149,1.1366,1.146,6141053.1,7011605.18206
2026-07-06 08:00:00,1.1461,1.1514,1.1342,1.1352,6810623.5,7772250.60226
2026-07-06 12:00:00,1.1352,1.1454,1.1095,1.1446,26750971.1,30058021.47221
2026-07-06 16:00:00,1.1447,1.1593,1.1397,1.149,21205712.5,24370341.57185
2026-07-06 20:00:00,1.1489,1.165,1.1422,1.145,14281947.2,16442312.40422
2026-07-07 00:00:00,1.145,1.1514,1.1274,1.1294,12097952.0,13772160.8225
2026-07-07 04:00:00,1.1293,1.1353,1.1212,1.1267,9930898.8,11199307.26451
2026-07-07 08:00:00,1.1268,1.1303,1.12,1.1251,7567931.9,8512732.80071
2026-07-07 12:00:00,1.1252,1.133,1.1084,1.1305,16361899.1,18382256.39784
2026-07-07 16:00:00,1.1304,1.1354,1.1134,1.1228,12561603.0,14142128.51615
2026-07-07 20:00:00,1.1229,1.1232,1.1065,1.112,10695086.0,11935135.58056
2026-07-08 00:00:00,1.112,1.1165,1.0887,1.0955,19600790.6,21583815.27849
2026-07-08 04:00:00,1.0955,1.0975,1.0866,1.094,10226953.9,11167423.96138
2026-07-08 08:00:00,1.094,1.0953,1.0751,1.0867,18452190.2,19960005.29119
2026-07-08 12:00:00,1.0867,1.0887,1.0694,1.0736,19445892.7,20992568.26477
2026-07-08 16:00:00,1.0736,1.096,1.0732,1.0912,15040274.7,16337349.32195
2026-07-08 20:00:00,1.0913,1.0931,1.0842,1.0908,5775648.3,6292268.5736
2026-07-09 00:00:00,1.0907,1.0988,1.0826,1.0876,7494262.9,8157409.80488
2026-07-09 04:00:00,1.0877,1.1029,1.0848,1.0982,9047727.0,9915987.58645
2026-07-09 08:00:00,1.0981,1.0993,1.0902,1.0936,6633649.5,7257504.83942
2026-07-09 12:00:00,1.0935,1.1018,1.0893,1.0899,12913593.4,14135989.27203
2026-07-09 16:00:00,1.09,1.1005,1.0864,1.0976,6643518.6,7264997.50984
2026-07-09 20:00:00,1.0976,1.0998,1.0924,1.0932,2669814.1,2925656.26379
2026-07-10 00:00:00,1.0933,1.1097,1.0891,1.107,8156459.3,8994078.94134
2026-07-10 04:00:00,1.107,1.1123,1.1035,1.1055,6033619.0,6683331.14965
2026-07-10 08:00:00,1.1056,1.1183,1.1046,1.1125,11399063.5,12693882.87709
2026-07-10 12:00:00,1.1125,1.1146,1.0964,1.1037,18407507.1,20351141.36904
2026-07-10 16:00:00,1.1037,1.1067,1.0972,1.1051,10327166.6,11386870.67864
2026-07-10 20:00:00,1.1052,1.1067,1.1026,1.1046,3702237.1,4090072.03724
2026-07-11 00:00:00,1.1047,1.1097,1.1016,1.1077,3435810.5,3799444.38773
2026-07-11 04:00:00,1.1076,1.1093,1.1037,1.1077,3355998.8,3715625.48158
2026-07-11 08:00:00,1.1076,1.111,1.1058,1.1086,3903614.5,4326569.71647
2026-07-11 12:00:00,1.1085,1.1184,1.1077,1.1133,8601752.3,9573436.98207
2026-07-11 16:00:00,1.1133,1.1193,1.111,1.1155,4802247.0,5354166.27597
2026-07-11 20:00:00,1.1155,1.1168,1.0961,1.0967,8607900.3,9519116.3737
2026-07-12 00:00:00,1.0967,1.0998,1.0894,1.0998,10348943.8,11334861.43379
2026-07-12 04:00:00,1.0998,1.1001,1.0868,1.0913,6521868.3,7126001.81139
2026-07-12 08:00:00,1.0914,1.0985,1.0906,1.0964,3959385.7,4332968.64861
2026-07-12 12:00:00,1.0963,1.1043,1.0958,1.102,4731131.3,5203970.50598
2026-07-12 16:00:00,1.1021,1.104,1.0973,1.1004,3300576.5,3631591.60957
2026-07-12 20:00:00,1.1004,1.1012,1.0811,1.0858,9516586.4,10366747.23724
2026-07-13 00:00:00,1.0859,1.103,1.0674,1.0723,20465124.5,22148370.60728
2026-07-13 04:00:00,1.0724,1.0817,1.0702,1.0796,7893685.4,8494568.15376
2026-07-13 08:00:00,1.0797,1.0832,1.076,1.0774,6096758.1,6580484.26664
2026-07-13 12:00:00,1.0774,1.0803,1.0656,1.0725,14752629.2,15823508.5292
2026-07-13 16:00:00,1.0725,1.0745,1.0567,1.0674,13598833.7,14461518.84718
2026-07-13 20:00:00,1.0674,1.0683,1.0535,1.0675,8434814.3,8952482.20672
2026-07-14 00:00:00,1.0675,1.071,1.061,1.0662,6573253.1,7006740.96945
2026-07-14 04:00:00,1.0661,1.0732,1.0643,1.0689,7273870.6,7777924.2264
2026-07-14 08:00:00,1.0689,1.073,1.0674,1.0725,6393488.7,6841180.41377
2026-07-14 12:00:00,1.0726,1.1108,1.0705,1.1047,32458162.6,35526933.29762
2026-07-14 16:00:00,1.1047,1.121,1.0981,1.1153,16748407.6,18588617.1111
2026-07-14 20:00:00,1.1152,1.1158,1.105,1.1117,8877729.0,9858678.55989
2026-07-15 00:00:00,1.1118,1.1123,1.099,1.1042,8528747.6,9423871.42398
2026-07-15 04:00:00,1.1042,1.1139,1.0997,1.1038,7758523.1,8588056.65762
2026-07-15 08:00:00,1.1039,1.1125,1.1032,1.1083,6195878.5,6867672.01331
2026-07-15 12:00:00,1.1084,1.1302,1.1055,1.1263,24002098.8,26931294.36955
2026-07-15 16:00:00,1.1263,1.1272,1.1079,1.1099,12440285.7,13876271.09549
2026-07-15 20:00:00,1.1099,1.1192,1.1082,1.1133,6553550.9,7302772.38134
2026-07-16 00:00:00,1.1132,1.1178,1.1058,1.1129,7284036.4,8106881.03158
2026-07-16 04:00:00,1.1129,1.1182,1.1036,1.1062,9188496.6,10211914.0345
2026-07-16 08:00:00,1.1063,1.1101,1.0996,1.1085,10466662.7,11571864.41955
2026-07-16 12:00:00,1.1085,1.1182,1.1,1.1148,14527072.2,16119052.21081
2026-07-16 16:00:00,1.1148,1.1151,1.0882,1.0973,14052419.7,15448759.40946
2026-07-16 20:00:00,1.0972,1.0991,1.0853,1.0871,7429100.7,8116821.89272
2026-07-17 00:00:00,1.087,1.0956,1.0829,1.0925,9602926.1,10458203.79698
2026-07-17 04:00:00,1.0924,1.0927,1.0793,1.0837,7181540.7,7793155.32314
2026-07-17 08:00:00,1.0838,1.0885,1.0793,1.0847,8620866.5,9356737.81617
2026-07-17 12:00:00,1.0846,1.0867,1.0698,1.0831,17561750.7,18941591.07526
2026-07-17 16:00:00,1.0832,1.0958,1.0811,1.0913,8865644.1,9653363.31465
2026-07-17 20:00:00,1.0913,1.0914,1.0867,1.089,3518415.1,3830698.57846
2026-07-18 00:00:00,1.0891,1.0915,1.0872,1.0901,2369569.2,2582054.94506
2026-07-18 04:00:00,1.0902,1.0907,1.0869,1.0889,2372352.0,2583271.70528
2026-07-18 08:00:00,1.0889,1.0918,1.0838,1.0888,3689913.5,4012840.13916
2026-07-18 12:00:00,1.0888,1.0911,1.0836,1.0864,3859745.5,4196977.31704
2026-07-18 16:00:00,1.0865,1.0961,1.0865,1.0935,5526258.5,6034556.87593
2026-07-18 20:00:00,1.0936,1.0984,1.0914,1.0929,4116077.1,4503420.28437
2026-07-19 00:00:00,1.0929,1.0999,1.0919,1.095,3873724.0,4241178.12217
2026-07-19 04:00:00,1.095,1.0984,1.0933,1.0954,4701729.2,5154721.90515
2026-07-19 08:00:00,1.0955,1.0997,1.094,1.097,3665617.5,4020728.35675
2026-07-19 12:00:00,1.0971,1.1018,1.0909,1.0978,5017620.7,5501945.81722
2026-07-19 16:00:00,1.0979,1.0983,1.0893,1.0949,4922863.4,5383686.80209
2026-07-19 20:00:00,1.0949,1.1017,1.0918,1.0978,4668639.1,5121401.24244
2026-07-20 00:00:00,1.0978,1.1083,1.0933,1.0999,9418511.5,10362603.27826
2026-07-20 04:00:00,1.1,1.1004,1.0831,1.0902,6668061.0,7264986.60686
2026-07-20 08:00:00,1.0903,1.107,1.0862,1.1059,8469416.0,9287324.35514
2026-07-20 12:00:00,1.1058,1.1141,1.0864,1.1126,15834260.6,17432731.08966
2026-07-20 16:00:00,1.1126,1.1207,1.1101,1.1167,17005869.3,18954539.3125
2026-07-20 20:00:00,1.1168,1.1186,1.1083,1.1124,7152700.8,7964501.63524
2026-07-21 00:00:00,1.1124,1.1258,1.1111,1.1244,6768675.9,7571383.34953
2026-07-21 04:00:00,1.1244,1.1385,1.1216,1.1362,16456741.1,18621866.86961
2026-07-21 08:00:00,1.1362,1.1379,1.1296,1.1363,10474419.9,11871597.40634
2026-07-21 12:00:00,1.1364,1.1569,1.1345,1.1548,19739643.7,22599852.73269
2026-07-21 16:00:00,1.1548,1.1646,1.1482,1.157,20302817.9,23459169.41466
2026-07-21 20:00:00,1.1571,1.1577,1.1383,1.1436,10689589.5,12240408.21201
2026-07-22 00:00:00,1.1437,1.1478,1.1384,1.1391,7439059.8,8508256.60409
2026-07-22 04:00:00,1.139,1.1423,1.1288,1.1309,6667155.5,7564624.6506
2026-07-22 08:00:00,1.1309,1.1405,1.1308,1.1387,8293815.9,9423905.70349
2026-07-22 12:00:00,1.1387,1.156,1.1334,1.1513,15054309.0,17210628.88266
2026-07-22 16:00:00,1.1514,1.1574,1.1361,1.1373,8774291.2,10063864.81986
2026-07-22 20:00:00,1.1373,1.143,1.1342,1.1421,4852769.8,5528347.12148
2026-07-23 00:00:00,1.1422,1.1452,1.1334,1.1338,4870516.4,5544007.02653
2026-07-23 04:00:00,1.1337,1.1379,1.1296,1.1338,4694672.5,5325142.02004
2026-07-23 08:00:00,1.1337,1.1373,1.1315,1.1324,4319662.4,4901608.91571
2026-07-23 12:00:00,1.1324,1.1338,1.1038,1.1128,22332037.6,24912456.00935
2026-07-23 16:00:00,1.1128,1.1128,1.1006,1.1046,9673970.6,10701300.44789
2026-07-23 20:00:00,1.1045,1.1145,1.1045,1.1077,6386296.5,7090709.84924
2026-07-24 00:00:00,1.1078,1.1124,1.1038,1.1113,5075957.4,5625983.26379
2026-07-24 04:00:00,1.1113,1.1215,1.1061,1.1139,5587534.0,6223069.08126
2026-07-24 08:00:00,1.114,1.1148,1.1017,1.104,8905464.2,9858062.62579
2026-07-24 12:00:00,1.1039,1.1053,1.0868,1.0911,18258091.0,19988373.40649
2026-07-24 16:00:00,1.0912,1.0921,1.085,1.0894,9025776.9,9821919.47077
2026-07-24 20:00:00,1.0894,1.0935,1.0885,1.0919,3696535.0,4032768.68775
2026-07-25 00:00:00,1.0919,1.0965,1.0909,1.0916,5569881.0,6088840.94861
2026-07-25 04:00:00,1.0915,1.0944,1.0858,1.088,4486209.4,4889095.45712
2026-07-25 08:00:00,1.088,1.0917,1.0855,1.09,3731305.8,4061324.40589
2026-07-25 12:00:00,1.09,1.1006,1.0892,1.0985,5656166.2,6186522.19678
2026-07-25 16:00:00,1.0986,1.108,1.0973,1.1007,4863426.9,5360070.59287
2026-07-25 20:00:00,1.1006,1.1012,1.0973,1.0977,3270573.4,3595885.57297
2026-07-26 00:00:00,1.0977,1.1023,1.0971,1.1016,2634908.9,2898161.89843
2026-07-26 04:00:00,1.1016,1.1045,1.0955,1.0989,3643019.7,4007487.64624
2026-07-26 08:00:00,1.0988,1.1016,1.0985,1.1005,2541692.4,2795772.82303
2026-07-26 12:00:00,1.1004,1.1053,1.0961,1.1047,5262614.8,5787737.39346
2026-07-26 16:00:00,1.1047,1.1069,1.1008,1.1023,2942053.8,3244302.68512
2026-07-26 20:00:00,1.1024,1.1167,1.1001,1.1131,7312959.9,8119437.69018
2026-07-27 00:00:00,1.1131,1.1134,1.1025,1.1074,5125707.9,5677822.77741
2026-07-27 04:00:00,1.1074,1.1153,1.1057,1.1077,5787931.2,6423886.08156
2026-07-27 08:00:00,1.1077,1.11,1.1039,1.1053,6104214.2,6758763.64848
2026-07-27 12:00:00,1.1052,1.1141,1.0856,1.0865,15640099.7,17164794.71569
2026-07-27 16:00:00,1.0865,1.096,1.0858,1.0924,10800136.5,11785647.68203
2026-07-27 20:00:00,1.0924,1.0939,1.0628,1.0661,16752293.9,17997362.75373
2026-07-28 00:00:00,1.0661,1.0664,1.0548,1.0585,10166828.0,10769400.11737
2026-07-28 04:00:00,1.0585,1.061,1.0545,1.0562,7277959.2,7700637.16029
2026-07-28 08:00:00,1.0561,1.0602,1.0486,1.0494,11139384.6,11738884.75983
2026-07-28 12:00:00,1.0493,1.0679,1.045,1.0652,15587926.7,16433343.35709
2026-07-28 16:00:00,1.0653,1.0666,1.0554,1.0612,6204615.8,6576455.92839
2026-07-28 20:00:00,1.0613,1.0706,1.0592,1.069,7986796.2,8506118.62868
2026-07-29 00:00:00,1.0691,1.0825,1.0691,1.0714,19304730.3,20767922.30936
2026-07-29 04:00:00,1.0714,1.0911,1.068,1.0903,14613504.0,15812391.32979
2026-07-29 08:00:00,1.0903,1.0937,1.084,1.0841,10089119.4,10975823.1417
2026-07-29 12:00:00,1.0841,1.0843,1.0669,1.0683,11767630.0,12647899.86956
2026-07-29 16:00:00,1.0683,1.0912,1.0662,1.0696,17622311.3,19011088.09455
2026-07-29 20:00:00,1.0696,1.0795,1.0622,1.0737,10523221.8,11274097.5353
2026-07-30 00:00:00,1.0737,1.0811,1.0685,1.0753,9077674.3,9762049.85411
2026-07-30 04:00:00,1.0753,1.08,1.0722,1.0769,6027904.0,6487212.25584
2026-07-30 08:00:00,1.0769,1.085,1.0751,1.0838,6825921.2,7375930.34681
2026-07-30 12:00:00,1.0839,1.095,1.0795,1.0922,15402916.9,16731685.19724
2026-07-30 16:00:00,1.0923,1.094,1.0848,1.0898,8199958.7,8934151.38164
2026-07-30 20:00:00,1.0898,1.0922,1.0824,1.0829,5631260.2,6120492.13892
2026-07-31 00:00:00,1.083,1.09,1.0782,1.0817,7094686.4,7683341.00832
2026-07-31 04:00:00,1.0817,1.0843,1.074,1.0797,5965386.2,6440834.99441
2026-07-31 08:00:00,1.0796,1.0803,1.0709,1.0724,7225345.2,7760118.07191
2026-07-31 12:00:00,1.0725,1.0742,1.0571,1.0606,19260854.2,20518511.1494
2026-07-31 16:00:00,1.0606,1.0712,1.0601,1.0618,9625241.1,10247189.25068
2026-07-31 20:00:00,1.0618,1.0653,1.0594,1.0619,4977173.1,5288772.59908
2026-08-01 00:00:00,1.0619,1.0668,1.0619,1.066,2858487.2,3042926.79561
2026-08-01 04:00:00,1.0661,1.0674,1.0615,1.062,4038551.6,4296871.99495
2026-08-01 08:00:00,1.062,1.0639,1.06,1.0638,2843356.6,3020119.93448
2026-08-01 12:00:00,1.0638,1.0663,1.0629,1.0629,2672756.2,2844925.08161
2026-08-01 16:00:00,1.0628,1.0646,1.0473,1.0525,7588735.8,8012136.94882
2026-08-01 20:00:00,1.0525,1.0622,1.0517,1.0604,4919727.8,5204374.88701
2026-08-02 00:00:00,1.0605,1.0804,1.0605,1.0774,6350130.6,6795201.08039
2026-08-02 04:00:00,1.0775,1.0859,1.077,1.0836,6660990.1,7212272.96002
2026-08-02 08:00:00,1.0837,1.0846,1.0765,1.0794,7224203.9,7809063.29903
2026-08-02 12:00:00,1.0795,1.0832,1.0773,1.0801,4336174.5,4683765.6761
2026-08-02 16:00:00,1.0802,1.087,1.0776,1.082,3673802.4,3974829.63023
2026-08-02 20:00:00,1.082,1.0933,1.0802,1.0869,5297854.3,5755772.77216
2026-08-03 00:00:00,1.0869,1.0878,1.0684,1.0713,6394972.7,6887188.04746
2026-08-03 04:00:00,1.0712,1.0736,1.0663,1.0682,6831450.8,7310202.48325
2026-08-03 08:00:00,1.0682,1.0724,1.0628,1.0644,10384597.1,11082100.06078
2026-08-03 12:00:00,1.0645,1.0873,1.0642,1.0839,12032644.1,12943882.95425
2026-08-03 16:00:00,1.0839,1.0852,1.0791,1.0801,5904638.2,6388446.61793
2026-08-03 20:00:00,1.0802,1.0842,1.0732,1.0758,5313590.9,5726577.12896
2026-08-04 00:00:00,1.0758,1.0809,1.07,1.0774,7003431.4,7532256.42217
2026-08-04 04:00:00,1.0774,1.082,1.0718,1.0788,5470891.5,5892609.34878
2026-08-04 08:00:00,1.0788,1.0797,1.0703,1.0793,5890049.1,6329124.23418
2026-08-04 12:00:00,1.0792,1.0805,1.071,1.0775,9574463.3,10301103.4533
2026-08-04 16:00:00,1.0774,1.0828,1.0727,1.0802,6803147.2,7331131.81347
2026-08-04 20:00:00,1.0801,1.0803,1.0735,1.0739,5000799.5,5383466.54161
2026-08-05 00:00:00,1.0738,1.077,1.066,1.0677,9488516.1,10165339.13475
2026-08-05 04:00:00,1.0677,1.073,1.0641,1.0673,5097159.9,5442350.0243
2026-08-05 08:00:00,1.0673,1.068,1.0603,1.061,8189064.2,8708363.2251
2026-08-05 12:00:00,1.061,1.0688,1.055,1.0607,15053270.5,15992521.33198
2026-08-05 16:00:00,1.0608,1.0733,1.0607,1.07,9166010.7,9797767.88834
2026-08-05 20:00:00,1.07,1.0727,1.0607,1.0623,6325968.3,6740285.84785
2026-08-06 00:00:00,1.0623,1.0638,1.0415,1.0435,18240126.5,19154808.57226
2026-08-06 04:00:00,1.0434,1.0524,1.04,1.0493,12563666.4,13174077.38664
2026-08-06 08:00:00,1.0492,1.0584,1.0418,1.0504,12568079.3,13191716.66975
2026-08-06 12:00:00,1.0504,1.0543,1.0425,1.0492,10998452.9,11516700.60311
2026-08-06 16:00:00,1.0493,1.0509,1.0327,1.0352,15545089.9,16173915.65693
2026-08-06 20:00:00,1.0352,1.0376,1.03,1.0351,8665147.1,8965355.83416
2026-08-07 00:00:00,1.035,1.0394,1.0194,1.021,15539065.9,16001267.63641
2026-08-07 04:00:00,1.021,1.0297,1.015,1.0287,17193439.6,17567627.76905
2026-08-07 08:00:00,1.0286,1.0376,1.0272,1.0338,11575295.4,11969962.47034
2026-08-07 12:00:00,1.0339,1.0432,1.0257,1.0279,16751878.9,17323857.07371
2026-08-07 16:00:00,1.0279,1.0306,1.0128,1.0237,15730796.8,16049390.90106
2026-08-07 20:00:00,1.0236,1.0278,1.0188,1.021,5211509.9,5334018.03272
2026-08-08 00:00:00,1.021,1.0388,1.0202,1.0373,5705438.1,5880566.56227
2026-08-08 04:00:00,1.0373,1.0395,1.0317,1.0347,6140941.6,6354705.80803
2026-08-08 08:00:00,1.0347,1.0403,1.0334,1.0378,5775436.4,5988260.29274
2026-08-08 12:00:00,1.0379,1.0468,1.0371,1.0453,7547288.3,7869492.66711
2026-08-08 16:00:00,1.0453,1.0488,1.0402,1.0426,5901676.9,6166478.60934
2026-08-08 20:00:00,1.0425,1.0439,1.0372,1.0397,3181932.3,3313118.05048
2026-08-09 00:00:00,1.0396,1.0408,1.0342,1.037,3621701.3,3756563.67589
2026-08-09 04:00:00,1.037,1.0416,1.0345,1.0372,5223724.3,5424480.85679
2026-08-09 08:00:00,1.0371,1.0391,1.031,1.0369,4601999.5,4763266.6348
2026-08-09 12:00:00,1.0368,1.044,1.0352,1.0432,3872135.4,4028340.47149
2026-08-09 16:00:00,1.0432,1.0458,1.0392,1.0419,4337187.2,4519728.60137
2026-08-09 20:00:00,1.0419,1.0478,1.0279,1.0299,8127734.8,8434986.83894
2026-08-10 00:00:00,1.0299,1.041,1.0279,1.0314,9104236.9,9408893.60611
2026-08-10 04:00:00,1.0314,1.0403,1.0293,1.0374,4516973.8,4677503.12548
2026-08-10 08:00:00,1.0374,1.0387,1.03,1.0345,10144587.9,10477436.31834
2026-08-10 12:00:00,1.0345,1.0357,1.0211,1.0232,13768412.2,14143393.5359
2026-08-10 16:00:00,1.0232,1.0254,1.016,1.0205,11703952.0,11939987.75029
2026-08-10 20:00:00,1.0206,1.0219,1.0051,1.0123,12798986.7,12962180.7511
2026-08-11 00:00:00,1.0123,1.0168,1.0101,1.0147,7660793.6,7762883.52736
2026-08-11 04:00:00,1.0147,1.0155,1.0021,1.0048,10662958.9,10743180.68837
2026-08-11 08:00:00,1.0049,1.0101,1.0017,1.0081,8915749.0,8969021.31152
2026-08-11 12:00:00,1.0082,1.0112,0.9915,1.0039,25607061.9,25635304.24411
2026-08-11 16:00:00,1.0039,1.0193,1.0023,1.0154,15038492.1,15211635.45092
2026-08-11 20:00:00,1.0154,1.0267,1.0154,1.0229,12000458.6,12252243.30076
2026-08-12 00:00:00,1.0228,1.0253,1.0194,1.0202,8175653.0,8357233.99155
2026-08-12 04:00:00,1.0201,1.0232,1.0178,1.0208,7914040.5,8077956.44118
2026-08-12 08:00:00,1.0207,1.0257,1.017,1.0227,9483924.5,9692429.82682
2026-08-12 12:00:00,1.0227,1.0262,1.0081,1.0127,15669006.6,15930796.0775
2026-08-12 16:00:00,1.0127,1.0131,1.0066,1.0073,7850944.8,7928006.77196
2026-08-12 20:00:00,1.0073,1.0107,1.0009,1.0055,7030149.8,7068607.71601
2026-08-13 00:00:00,1.0055,1.0128,1.0019,1.0108,8517529.1,8573870.3402
2026-08-13 04:00:00,1.0109,1.0154,1.0094,1.0131,5264948.0,5333050.00929
2026-08-13 08:00:00,1.0132,1.0135,1.0031,1.0042,7536014.2,7600757.1103
2026-08-13 12:00:00,1.0042,1.0117,1.003,1.0031,9793991.6,9864311.39116
2026-08-13 16:00:00,1.0031,1.0106,0.9982,1.0104,9407417.5,9451797.40416
2026-08-13 20:00:00,1.0103,1.0121,1.0077,1.0094,3421347.4,3454047.60163
2026-08-14 00:00:00,1.0095,1.0142,1.0091,1.0098,3852225.4,3896700.52101
2026-08-14 04:00:00,1.0098,1.0128,1.0035,1.0045,5535200.0,5576761.62835
2026-08-14 08:00:00,1.0045,1.0071,1.0011,1.0024,10653331.2,10693860.40634
2026-08-14 12:00:00,1.0025,1.0093,1.0,1.0066,14251093.7,14291593.67631
2026-08-14 16:00:00,1.0066,1.0074,0.9985,0.9989,14210952.4,14234583.91369
2026-08-14 20:00:00,0.999,1.0,0.9862,0.9996,17423952.9,17331415.01204
2026-08-15 00:00:00,0.9996,1.0079,0.9982,1.0046,6276280.2,6293455.3139
2026-08-15 04:00:00,1.0047,1.0067,1.0024,1.0028,3580489.6,3597473.0679
2026-08-15 08:00:00,1.0028,1.0041,1.0008,1.0024,2851695.4,2859130.54198
2026-08-15 12:00:00,1.0025,1.003,0.9999,1.0022,2862666.8,2867877.88672
2026-08-15 16:00:00,1.0022,1.0041,1.0004,1.004,2288730.4,2293942.44298
2026-08-15 20:00:00,1.004,1.0068,1.0012,1.0028,3009949.6,3021613.82341
2026-08-16 00:00:00,1.0028,1.0035,1.0,1.0021,2019976.5,2023953.38492
2026-08-16 04:00:00,1.0021,1.0027,0.9995,1.0024,2427439.9,2429347.77997
2026-08-16 08:00:00,1.0024,1.0027,0.9972,0.9999,3836262.1,3836994.38107
2026-08-16 12:00:00,0.9999,1.0025,0.9993,1.0019,2598722.9,2600748.57886
2026-08-16 16:00:00,1.002,1.0037,0.9979,1.001,6926876.8,6930639.29996
2026-08-16 20:00:00,1.001,1.0018,0.9902,0.9936,7442092.2,7407487.85482
2026-08-17 00:00:00,0.9935,1.0049,0.9882,1.0026,10154910.3,10128609.07886
2026-08-17 04:00:00,1.0026,1.0074,1.0009,1.0031,8980351.5,9014964.25644
2026-08-17 08:00:00,1.0031,1.0034,0.9965,1.0004,6795829.9,6792384.29539
2026-08-17 12:00:00,1.0004,1.0086,0.9969,1.0068,11551655.9,11582516.18831
2026-08-17 16:00:00,1.0068,1.007,0.9994,1.0015,6764396.6,6780755.32359
2026-08-17 20:00:00,1.0014,1.005,0.9997,1.003,3990324.2,4000312.06529
2026-08-18 00:00:00,1.0031,1.0048,0.9888,0.9911,12263056.9,12203233.01992
2026-08-18 04:00:00,0.9911,1.0006,0.99,0.9965,8218215.8,8184355.87746
2026-08-18 08:00:00,0.9964,1.0022,0.9923,0.9987,5796820.1,5779164.2976
2026-08-18 12:00:00,0.9987,1.0067,0.9959,1.0039,8743965.8,8752758.18183
2026-08-18 16:00:00,1.004,1.0044,1.0003,1.0028,3773146.7,3780179.20945
2026-08-18 20:00:00,1.0027,1.0036,0.9988,1.0019,6445780.7,6454267.39699
2026-08-19 00:00:00,1.0019,1.0021,0.9959,1.0002,9184046.9,9170015.28577
2026-08-19 04:00:00,1.0001,1.0063,0.9991,1.0035,7192180.1,7207096.58214
2026-08-19 08:00:00,1.0036,1.0095,1.0032,1.0057,8046741.0,8093280.42236
2026-08-19 12:00:00,1.0058,1.0745,1.0057,1.0678,53305963.5,55709007.9664
2026-08-19 16:00:00,1.0678,1.071,1.052,1.0676,33089213.3,35215079.4486
2026-08-19 20:00:00,1.0677,1.1363,1.0675,1.106,74198696.0,82141310.42831
2026-08-20 00:00:00,1.1059,1.1158,1.0879,1.0938,20535844.5,22669828.6323
2026-08-20 04:00:00,1.0939,1.1135,1.0932,1.1122,12704128.7,14039092.8365
2026-08-20 08:00:00,1.1121,1.1962,1.1113,1.1907,58967775.3,68324258.40082
2026-08-20 12:00:00,1.1908,1.2647,1.1776,1.2613,104856627.8,128386983.77117
2026-08-20 16:00:00,1.2612,1.3441,1.2202,1.2324,135285718.6,173227932.89358
2026-08-20 20:00:00,1.2324,1.2753,1.2303,1.2681,48201621.6,60555162.70705
2026-08-21 00:00:00,1.2681,1.3194,1.2588,1.3088,54590168.4,70358096.557
2026-08-21 04:00:00,1.3088,1.3219,1.2965,1.3143,41946140.1,54969281.2383
2026-08-21 08:00:00,1.3143,1.43,1.3128,1.3573,126110077.0,173634029.8976
2026-08-21 12:00:00,1.3573,1.4245,1.3471,1.4036,78385952.3,109248878.94501
2026-08-21 16:00:00,1.4037,1.4138,1.3622,1.3725,60273268.8,83625113.45351
2026-08-21 20:00:00,1.3726,1.4756,1.3666,1.4544,80907991.6,115659820.95166
2026-08-22 00:00:00,1.4543,1.5985,1.4229,1.5637,116147905.2,175413570.68879
2026-08-22 04:00:00,1.5638,1.6999,1.378,1.5638,235928747.0,368019180.21045
2026-08-22 08:00:00,1.5638,1.5675,1.4224,1.4884,93036051.0,139274022.10606
2026-08-22 12:00:00,1.4884,1.5297,1.42,1.4391,67922958.4,99976247.18491
2026-08-22 16:00:00,1.4392,1.5061,1.4343,1.5011,42014450.2,62188001.75479
2026-08-22 20:00:00,1.5012,1.516,1.4463,1.4619,33253394.7,49165645.69245
2026-08-23 00:00:00,1.4619,1.5196,1.4618,1.4749,44138785.1,65641062.76565
2026-08-23 04:00:00,1.4749,1.4897,1.4342,1.4618,47405251.5,69180919.62591
2026-08-23 08:00:00,1.4617,1.5035,1.4575,1.4945,36237902.9,53716837.47684
2026-08-23 12:00:00,1.4944,1.5507,1.4573,1.4968,63031641.1,95242773.71488
2026-08-23 16:00:00,1.4969,1.5244,1.4885,1.4979,27850806.3,41957498.92564
2026-08-23 20:00:00,1.498,1.5466,1.4911,1.5204,35888481.0,54524453.49106
2026-08-24 00:00:00,1.5205,1.5238,1.4624,1.4652,42194632.8,62595983.12868
2026-08-24 04:00:00,1.4651,1.5033,1.4642,1.4758,41323817.6,61167448.14095
2026-08-24 08:00:00,1.4759,1.509,1.4532,1.4974,45162703.4,66668145.31365
2026-08-24 12:00:00,1.4973,1.5304,1.4781,1.5013,62104040.1,93546772.86909
2026-08-24 16:00:00,1.5013,1.5238,1.4629,1.4831,49998621.6,74254006.22031
2026-08-24 20:00:00,1.483,1.4892,1.4669,1.4817,23265016.3,34393735.65086
2026-08-25 00:00:00,1.4818,1.5505,1.4749,1.5135,57747472.6,87607881.19428
2026-08-25 04:00:00,1.5134,1.5275,1.474,1.4861,35290392.1,53149688.25987
2026-08-25 08:00:00,1.486,1.4976,1.47,1.4808,25140365.7,37324894.18945
2026-08-25 12:00:00,1.4808,1.4834,1.4438,1.4788,50660514.6,74239584.90391
2026-08-25 16:00:00,1.4787,1.4836,1.4615,1.4719,15492149.3,22816168.4253
2026-08-25 20:00:00,1.472,1.4737,1.4043,1.4343,42146898.8,60620779.26913
2026-08-26 00:00:00,1.4344,1.4509,1.4235,1.4395,17888439.7,25710566.31052
2026-08-26 04:00:00,1.4395,1.4513,1.425,1.4328,20925604.3,30104792.45074
2026-08-26 08:00:00,1.4329,1.4408,1.4039,1.4119,28237454.6,40084416.40632
2026-08-26 12:00:00,1.4119,1.4243,1.3574,1.3729,53920539.4,74769232.05793
2026-08-26 16:00:00,1.3729,1.3967,1.3674,1.3781,23375272.4,32301198.45885
2026-08-26 20:00:00,1.3781,1.4273,1.3645,1.4229,25448300.5,35625829.7362
2026-08-27 00:00:00,1.4228,1.4228,1.3972,1.407,16539503.2,23300289.93382
2026-08-27 04:00:00,1.407,1.4139,1.3926,1.412,12117890.8,17011219.94732
2026-08-27 08:00:00,1.4121,1.4541,1.4103,1.4255,43642556.8,62579971.17916
2026-08-27 12:00:00,1.4255,1.4707,1.4195,1.4659,38917849.1,56467626.99478
2026-08-27 16:00:00,1.4659,1.474,1.4355,1.4571,29505804.7,42993933.42892
2026-08-27 20:00:00,1.4571,1.4616,1.4453,1.4534,16269206.3,23639168.3392
2026-08-28 00:00:00,1.4534,1.4726,1.4247,1.4309,27527463.6,39697065.41165
2026-08-28 04:00:00,1.4309,1.4338,1.4169,1.4204,14151061.3,20142163.7142
2026-08-28 08:00:00,1.4204,1.4316,1.4017,1.4195,16992441.8,24079473.07579
2026-08-28 12:00:00,1.4196,1.442,1.3866,1.4034,51252968.6,72505352.78482
2026-08-28 16:00:00,1.4034,1.4125,1.3633,1.3785,34075946.7,47182180.87917
2026-08-28 20:00:00,1.3786,1.3868,1.3698,1.3838,11916773.1,16438849.88839
2026-08-29 00:00:00,1.3838,1.3894,1.3768,1.3795,9062357.1,12536791.72537
2026-08-29 04:00:00,1.3795,1.3928,1.377,1.3828,7843970.9,10854523.10779
2026-08-29 08:00:00,1.3827,1.3893,1.3785,1.3833,5717755.0,7911742.32811
2026-08-29 12:00:00,1.3833,1.4032,1.381,1.3932,8564682.7,11923258.74826
2026-08-29 16:00:00,1.3932,1.4002,1.3853,1.3978,11890008.0,16574193.67789
2026-08-29 20:00:00,1.3978,1.402,1.3907,1.3964,7300409.4,10188744.93744
2026-08-30 00:00:00,1.3964,1.3994,1.3891,1.3925,8670329.7,12083858.34494
2026-08-30 04:00:00,1.3926,1.4039,1.3873,1.3917,8127148.4,11339886.77771
2026-08-30 08:00:00,1.3917,1.3944,1.3817,1.3924,9065568.0,12590916.74263
2026-08-30 12:00:00,1.3923,1.4109,1.3916,1.3983,14127678.9,19801164.22861
2026-08-30 16:00:00,1.3983,1.4335,1.3964,1.4112,20886746.1,29600101.84011
2026-08-30 20:00:00,1.4113,1.4143,1.3352,1.3575,34120547.5,46932358.10695
2026-08-31 00:00:00,1.3575,1.3707,1.3394,1.3546,22185390.3,30023078.32247
2026-08-31 04:00:00,1.3546,1.3734,1.3453,1.373,17987046.8,24496577.67243
2026-08-31 08:00:00,1.3729,1.3838,1.3655,1.3713,14486602.8,19908744.16628
2026-08-31 12:00:00,1.3713,1.3814,1.3574,1.3727,19143421.3,26213033.78372
2026-08-31 16:00:00,1.3728,1.3963,1.3681,1.3875,12695087.3,17555461.4508
2026-08-31 20:00:00,1.3876,1.3949,1.3754,1.3798,9254646.3,12814418.96971
2026-09-01 00:00:00,1.3798,1.3918,1.3694,1.3868,13409826.3,18514598.08241
2026-09-01 04:00:00,1.3867,1.3967,1.3777,1.3799,15096285.1,20932785.02455
2026-09-01 08:00:00,1.38,1.3875,1.3616,1.3821,19085866.8,26186727.59082
2026-09-01 12:00:00,1.3821,1.3839,1.3571,1.3782,20905583.7,28687589.55796
2026-09-01 16:00:00,1.3783,1.379,1.3387,1.3547,24856632.8,33753285.34543
2026-09-01 20:00:00,1.3548,1.3568,1.3382,1.3518,16409687.4,22125059.12174
2026-09-02 00:00:00,1.3519,1.3578,1.3272,1.3517,21333966.0,28651892.33258
2026-09-02 04:00:00,1.3518,1.3538,1.3418,1.3452,14928499.0,20122561.19372
2026-09-02 08:00:00,1.3452,1.3484,1.3098,1.3253,29565559.5,39226237.5683
2026-09-02 12:00:00,1.3252,1.3465,1.3178,1.3368,21888511.4,29187828.93337
2026-09-02 16:00:00,1.3369,1.3487,1.327,1.3441,14466182.3,19372196.72757
2026-09-02 20:00:00,1.3442,1.3558,1.342,1.3511,14331968.0,19331349.72728
2026-09-03 00:00:00,1.3512,1.3745,1.3401,1.3668,25804952.1,35092926.5407
2026-09-03 04:00:00,1.3669,1.3763,1.3515,1.3658,22489776.3,30735000.6326
2026-09-03 08:00:00,1.3659,1.3795,1.3589,1.3733,18631096.3,25497012.16763
2026-09-03 12:00:00,1.3733,1.4678,1.3691,1.4646,72129160.2,102704934.64821
2026-09-03 16:00:00,1.4647,1.4757,1.4419,1.4714,40131256.9,58556228.62114
2026-09-03 20:00:00,1.4714,1.4835,1.4415,1.4512,33611104.4,49174222.39759
2026-09-04 00:00:00,1.4512,1.459,1.4342,1.4467,19151822.0,27689359.45246
2026-09-04 04:00:00,1.4468,1.4569,1.4391,1.4439,20421031.5,29563150.87562
2026-09-04 08:00:00,1.4439,1.4625,1.4384,1.4507,25994035.6,37709447.63162
2026-09-04 12:00:00,1.4508,1.4564,1.3836,1.3989,70308706.6,99248575.08761
2026-09-04 16:00:00,1.3989,1.4086,1.3907,1.3991,15053348.0,21083871.26668
2026-09-04 20:00:00,1.3992,1.4026,1.3932,1.3985,10044912.7,14047157.34146
2026-09-05 00:00:00,1.3986,1.4024,1.394,1.3975,8829040.6,12342448.81501
2026-09-05 04:00:00,1.3974,1.406,1.3954,1.4047,9239039.4,12935629.54849
2026-09-05 08:00:00,1.4047,1.4119,1.4002,1.4042,11486137.8,16144504.63127
2026-09-05 12:00:00,1.4042,1.4205,1.4038,1.4124,16281497.8,23021597.0621
2026-09-05 16:00:00,1.4125,1.4279,1.4115,1.4162,15501269.0,21990565.61035
2026-09-05 20:00:00,1.4161,1.4227,1.4012,1.4124,12783263.3,18083496.89371
2026-09-06 00:00:00,1.4123,1.4327,1.4112,1.4243,12140341.1,17227963.57031
2026-09-06 04:00:00,1.4243,1.4291,1.4083,1.4167,12032596.5,17082063.3147
2026-09-06 08:00:00,1.4166,1.425,1.4138,1.4208,10314440.1,14638552.42225
2026-09-06 12:00:00,1.4207,1.4269,1.398,1.4113,16340889.3,23094080.91604
2026-09-06 16:00:00,1.4112,1.4156,1.4023,1.41,7011349.6,9892506.51688
2026-09-06 20:00:00,1.41,1.4271,1.4091,1.4235,12934064.4,18372970.5354
2026-09-07 00:00:00,1.4235,1.4316,1.4007,1.4065,26218006.9,37062812.55778
2026-09-07 04:00:00,1.4065,1.4171,1.388,1.399,20876272.8,29336175.40844
2026-09-07 08:00:00,1.399,1.4083,1.3948,1.3991,17239756.2,24153771.34592
2026-09-07 12:00:00,1.399,1.4138,1.3781,1.3837,28741477.4,40167248.67762
2026-09-07 16:00:00,1.3838,1.4032,1.3832,1.4021,9991705.6,13943192.07219
2026-09-07 20:00:00,1.4021,1.403,1.3828,1.3967,13468156.0,18787364.97778
2026-09-08 00:00:00,1.3967,1.4068,1.3889,1.3949,15355640.9,21477822.33194
2026-09-08 04:00:00,1.3949,1.3971,1.3812,1.3881,16300227.7,22651081.03055
2026-09-08 08:00:00,1.388,1.4034,1.3838,1.3946,15078768.1,21037807.64084
2026-09-08 12:00:00,1.3946,1.4349,1.3835,1.4347,32917203.3,46327016.1007
2026-09-08 16:00:00,1.4348,1.4507,1.4168,1.4235,35696506.2,51136575.03585
2026-09-08 20:00:00,1.4234,1.4274,1.4136,1.4171,16842108.0,23903779.29232
2026-09-09 00:00:00,1.4172,1.4252,1.4105,1.4168,18212198.0,25810492.33374
2026-09-09 04:00:00,1.4169,1.4428,1.4168,1.4412,22362443.4,32028749.38662
2026-09-09 08:00:00,1.4412,1.4458,1.4168,1.4272,22182306.3,31668380.61141
2026-09-09 12:00:00,1.4273,1.4397,1.4056,1.4173,33182062.8,47296261.17003
2026-09-09 16:00:00,1.4174,1.4247,1.3994,1.4019,19788040.3,28022954.6002
2026-09-09 20:00:00,1.4019,1.4073,1.3781,1.395,25773413.5,35938089.76842
2026-09-10 00:00:00,1.3951,1.3966,1.377,1.3907,21739483.3,30173700.19543
2026-09-10 04:00:00,1.3907,1.3937,1.377,1.3827,16945372.5,23502358.75352
2026-09-10 08:00:00,1.3826,1.3846,1.3709,1.3765,23976542.1,33066084.23435
2026-09-10 12:00:00,1.3765,1.382,1.3421,1.3569,41969331.0,57149617.47313
2026-09-10 16:00:00,1.3569,1.3649,1.3425,1.3508,25119638.5,34006833.72533
2026-09-10 20:00:00,1.3508,1.3576,1.3294,1.3346,12724013.0,17102684.82403
2026-09-11 00:00:00,1.3346,1.3466,1.3337,1.3429,15024842.9,20150890.67334
2026-09-11 04:00:00,1.343,1.3599,1.3417,1.3515,15144767.6,20452681.06446
2026-09-11 08:00:00,1.3514,1.357,1.3206,1.3289,23535934.1,31446137.13565
2026-09-11 12:00:00,1.3289,1.4336,1.315,1.3745,82434205.8,113573290.82013
2026-09-11 16:00:00,1.3746,1.3845,1.3467,1.3615,24682966.3,33662445.66173
2026-09-11 20:00:00,1.3615,1.3683,1.3463,1.3564,13363988.0,18143937.13165
2026-09-12 00:00:00,1.3563,1.3661,1.3544,1.3641,8358878.5,11377810.99678
2026-09-12 04:00:00,1.3641,1.3701,1.3614,1.3692,9400281.4,12825902.68917
2026-09-12 08:00:00,1.3692,1.3747,1.3649,1.3723,9676819.3,13261511.87785
2026-09-12 12:00:00,1.3723,1.3745,1.366,1.3726,9021890.2,12359938.3791
2026-09-12 16:00:00,1.3726,1.3731,1.3611,1.3628,7428741.8,10151404.03344
2026-09-12 20:00:00,1.3628,1.3673,1.3616,1.3663,4659054.8,6357659.85955
2026-09-13 00:00:00,1.3664,1.3701,1.3624,1.3635,6767364.0,9246972.53357
2026-09-13 04:00:00,1.3635,1.3685,1.3573,1.3577,5578416.2,7601438.3844
2026-09-13 08:00:00,1.3576,1.3595,1.3379,1.3434,13623851.4,18324330.49443
2026-09-13 12:00:00,1.3435,1.3544,1.3325,1.3435,10648627.3,14308568.38081
2026-09-13 16:00:00,1.3436,1.3604,1.3434,1.3549,6895926.0,9337436.33784
2026-09-13 20:00:00,1.355,1.3654,1.334,1.3412,16064683.8,21639295.56103
2026-09-14 00:00:00,1.3413,1.3809,1.335,1.3727,22938968.4,31173260.834
2026-09-14 04:00:00,1.3726,1.3909,1.3712,1.3908,25629953.5,35410441.21334
2026-09-14 08:00:00,1.3908,1.4096,1.3808,1.3987,36418875.6,50816840.39902
2026-09-14 12:00:00,1.3987,1.4075,1.3826,1.4033,35232520.6,49268356.55968
2026-09-14 16:00:00,1.4033,1.4805,1.4015,1.464,66369514.9,96101340.87739
2026-09-14 20:00:00,1.464,1.4961,1.4185,1.4231,48771201.4,71046280.77011
2026-09-15 00:00:00,1.4231,1.4303,1.4117,1.4159,22640537.6,32183384.4729
2026-09-15 04:00:00,1.4158,1.4184,1.3916,1.394,24550580.7,34514905.44086
2026-09-15 08:00:00,1.3939,1.407,1.386,1.4012,21611431.1,30198101.89184
2026-09-15 12:00:00,1.4011,1.4598,1.3722,1.3896,69176083.0,97469242.98174
2026-09-15 16:00:00,1.3897,1.4135,1.2889,1.2961,121645942.3,162876311.64865
2026-09-15 20:00:00,1.2962,1.3027,1.2651,1.2833,49522123.9,63633487.47253
2026-09-16 00:00:00,1.2833,1.3003,1.2747,1.2974,30817376.1,39702884.33815
2026-09-16 04:00:00,1.2974,1.3128,1.2844,1.2853,23021695.5,29882489.18986
2026-09-16 08:00:00,1.2852,1.2985,1.276,1.2961,19177382.5,24678507.92571
2026-09-16 12:00:00,1.2961,1.297,1.269,1.2697,14561018.0,18633358.27576
